rank,delta_rank,ticker,name,sector,industry,cap_band,close,rs_ratio,rs_5,rs_21,rs_63,rs_trend,ret_6m,ret_12m,ret_24m,max_dd,persist_frac,vol_63,rel_vol,vol_label,acc_watch,sma20,sma50,sma200,pass_trend,mqs,regime_label,score_final
1,0,FOLD,AMICUS THERAPEUTICS INC,Health Care,,mid,14.49,1.7888,0.9927,0.9628,0.9322,STRONG_UP,67.13,132.96,53.01,-10.04,47.62,1.72,0.0,LOW,-,14.4595,14.403,10.8803,1,3681.087,TREND+LEAD,668.9137
2,0,TERN,TERNS PHARMACEUTICALS INC,Health Care,,mid,52.95,13.463,0.991,0.9646,1.2888,FLAT,191.09,1653.31,,-27.56,56.07,30.88,0.0,LOW,-,52.83,49.9152,28.4599,1,3001.9807,TREND+LEAD,556.0543
3,0,SNDK,Sandisk,Information Technology,"Technology Hardware, Storage & Peripherals",large,1478.6899,30.4567,1.0989,1.4303,2.129,STRONG_DOWN,654.59,3866.44,4007.47,-31.34,59.6,97.64,0.5575,LOW,-,1338.083,1005.0656,456.5402,1,2360.0984,TREND+LEAD,451.4557
4,0,PKST,PEAKSTONE REALTY TRUST CLASS E,Real Estate,,small,20.99,1.3886,0.9911,0.9602,0.9313,STRONG_UP,59.16,80.84,82.22,-16.14,51.05,2.22,1.8604,HIGH,-,20.9515,20.8946,15.9174,1,1858.9365,TREND+LEAD,416.7341
5,0,KW,KENNEDY WILSON HOLDINGS INC,Real Estate,,small,10.99,1.4692,0.987,0.9654,0.9389,STRONG_UP,17.8,91.33,22.38,-17.27,48.8,3.77,0.5006,LOW,-,10.967,10.891,9.4985,1,1182.2454,TREND+LEAD,219.3808
6,0,CELC,CELCUITY INC,Health Care,,mid,138.23,10.1668,1.036,1.0936,1.2012,STRONG_DOWN,47.05,1224.04,771.56,-27.68,55.6,65.52,0.7351,LOW,-,131.553,121.9542,92.8259,1,1038.7171,TREND+LEAD,200.2496
7,696,VRE,VERIS RESIDENTIAL INC,Real Estate,,small,19.0,1.0211,0.9917,0.961,0.9315,STRONG_UP,27.88,32.98,31.38,-12.16,51.2,1.59,0.1595,LOW,-,18.9665,18.9101,16.1719,1,1062.0332,TREND+LEAD,196.6343
8,0,WBD,Warner Bros. Discovery,Communication Services,Broadcasting,large,27.03,2.3061,0.9881,0.9561,0.8525,STRONG_UP,18.14,200.33,251.04,-21.31,48.4,11.23,0.8423,LOW,-,27.099,27.2444,23.796,1,863.4135,TREND+LEAD,166.9428
9,1,WDC,Western Digital,Information Technology,"Technology Hardware, Storage & Peripherals",large,484.28,7.4425,1.0459,1.1478,1.6462,STRONG_DOWN,245.79,869.25,767.68,-20.59,62.4,68.2,0.469,LOW,-,460.9935,379.3714,221.316,1,795.3268,TREND+LEAD,155.1621
10,1,PRAX,PRAXIS PRECISION MEDICINES INC,Health Care,,mid,343.56,7.0255,1.0618,0.954,0.9216,STRONG_UP,109.37,814.94,704.4,-36.33,53.2,58.81,0.6141,LOW,-,333.6115,322.2572,223.838,1,737.2014,TREND+LEAD,148.6179
11,-4,BE,BLOOM ENERGY CLASS A CORP,Industrials,,large,302.49,11.9235,1.1583,1.2529,1.6732,STRONG_DOWN,223.93,1452.82,1823.01,-45.94,55.6,116.15,0.8874,LOW,-,277.9195,212.7388,133.1163,1,695.454,TREND+LEAD,148.3507
12,0,HOLX,Hologic,Health Care,Health Care Equipment,large,76.01,1.0753,0.9961,0.9627,0.9328,STRONG_UP,12.87,40.03,2.73,-8.19,51.15,2.62,0.0,LOW,-,75.4925,75.3052,71.338,1,781.5636,TREND+LEAD,146.9343
13,-4,GTLS,CHART INDUSTRIES INC,Industrials,,mid,207.96,1.0116,0.9943,0.958,0.921,STRONG_UP,2.24,31.74,36.66,-12.06,52.8,2.16,0.754,LOW,-,207.6095,207.5108,204.2473,1,775.793,TREND+LEAD,146.1884
14,-1,SLAB,SILICON LABORATORIES INC,Information Technology,,mid,217.5,1.3754,0.9947,0.9664,0.9785,FLAT,87.37,79.12,75.09,-24.37,53.6,5.74,0.8872,LOW,-,217.007,212.4064,163.1423,1,738.7793,TREND+LEAD,142.1274
15,1,SATS,ECHOSTAR CORP CLASS A,Communication,,large,124.2,4.8263,0.9017,1.0121,1.0693,STRONG_DOWN,84.74,528.54,582.79,-21.0,54.8,56.28,1.6779,HIGH,-,127.8065,123.181,95.2029,1,514.6434,TREND+LEAD,126.4899
16,-2,DBRG,DIGITALBRIDGE GROUP INC CLASS A,Financials,,mid,15.71,1.0824,0.9932,0.9642,0.939,STRONG_UP,70.98,40.96,20.44,-33.69,41.6,2.73,0.1843,LOW,-,15.6295,15.5366,13.5914,1,624.1334,TREND+LEAD,124.6622
17,-2,COGT,COGENT BIOSCIENCES INC,Health Care,,mid,32.67,5.2046,1.032,0.8498,0.7666,STRONG_UP,-5.85,577.8,336.18,-25.79,47.2,44.16,0.9285,LOW,-,34.546,35.402,29.16,1,617.5769,TREND+LEAD,123.332
18,0,VSAT,VIASAT INC,Information Technology,,mid,74.56,6.257,1.0327,1.1516,1.4304,STRONG_DOWN,144.78,714.86,407.56,-23.78,54.0,73.59,1.3449,MED,-,68.078,59.3664,42.2904,1,524.5634,TREND+LEAD,116.4461
19,0,PL,PLANET LABS CLASS A,Industrials,,large,44.35,9.254,1.0559,1.1982,1.65,STRONG_DOWN,294.92,1105.16,2284.41,-29.01,52.0,104.84,0.6908,LOW,-,39.434,35.6572,21.0069,1,548.1541,TREND+LEAD,114.4579
20,0,MU,Micron Technology,Information Technology,Semiconductors,large,751.0,6.1909,1.0916,1.4476,1.6523,STRONG_DOWN,273.25,706.25,498.93,-30.28,58.0,78.59,0.7763,LOW,-,668.747,518.9714,322.4095,1,521.2193,TREND+LEAD,108.6848
21,-4,STX,Seagate Technology,Information Technology,"Technology Hardware, Storage & Peripherals",large,812.73,5.6068,1.0868,1.3274,1.89,STRONG_DOWN,239.41,630.18,806.63,-21.0,58.0,67.69,0.637,LOW,-,748.6325,579.0468,352.5778,1,539.9681,TREND+LEAD,108.4449
22,0,CSGS,CSG SYSTEMS INTERNATIONAL INC,Industrials,,mid,80.69,0.9938,0.9948,0.9625,0.9348,STRONG_UP,3.67,29.42,100.19,-7.98,53.47,2.91,0.0,LOW,-,80.417,80.1318,74.0592,1,540.5687,TREND_ONLY,101.8441
23,-2,TNGX,TANGO THERAPEUTICS INC,Health Care,,mid,20.24,8.4465,0.9719,0.752,1.4446,FLAT,127.42,1000.0,185.47,-27.12,52.4,107.19,0.4682,LOW,-,22.7475,22.0764,12.6184,1,488.8516,TREND+LEAD,101.1873
24,-2,CIEN,Ciena,Information Technology,Communications Equipment,large,583.74,5.5875,1.1024,1.0732,1.5659,FLAT,230.82,627.67,1094.23,-16.84,62.0,78.61,0.5217,LOW,-,546.997,484.0752,272.5181,1,495.0487,TREND+LEAD,99.7888
25,0,SEMR,SEMRUSH HOLDINGS INC CLASS A,Information Technology,,small,12.0,0.9568,0.9915,0.9631,0.9255,STRONG_UP,56.25,24.61,-24.19,-34.72,45.45,2.84,1.8761,HIGH,-,11.9625,11.917,9.9915,1,393.8561,TREND_ONLY,97.095
26,10,TTMI,TTM TECHNOLOGIES INC,Information Technology,,large,189.92,5.1008,1.1843,1.2204,1.6363,STRONG_DOWN,224.93,564.29,,-23.26,56.8,87.16,1.4735,MED,-,160.8865,129.361,84.9907,1,367.7326,TREND+LEAD,86.6757
27,-4,URGN,UROGEN PHARMA LTD,Health Care,,small,28.89,5.2944,1.0014,1.1473,1.28,STRONG_DOWN,16.3,589.5,124.82,-42.22,49.2,69.47,0.3823,LOW,-,27.189,22.8866,21.2211,1,417.4945,TREND+LEAD,86.2136
28,0,ARWR,ARROWHEAD PHARMACEUTICALS INC,Health Care,,mid,74.95,3.8038,1.004,0.971,1.0822,FLAT,96.77,395.37,203.81,-24.64,56.0,53.24,0.5485,LOW,-,75.4715,68.1092,53.1052,1,415.8698,TREND+LEAD,85.2367
29,-2,ERAS,ERASCA INC,Health Care,,mid,11.24,7.0744,1.0842,0.5008,0.7592,FLAT,304.32,821.31,333.98,-59.46,54.4,129.38,0.3749,LOW,-,10.8412,14.5227,7.4979,1,345.3342,TREND+LEAD,83.4607
30,0,AEHR,AEHR TEST SYSTEMS,Information Technology,,small,95.02,8.2443,1.1264,0.9486,2.2267,FLAT,389.79,973.67,732.05,-42.31,53.6,134.66,0.6238,LOW,-,92.1055,71.12,37.6689,1,387.56,TREND+LEAD,83.1642
31,-7,SKYT,SKYWATER TECHNOLOGY INC,Information Technology,,small,37.21,3.1747,1.075,1.061,1.2165,FLAT,174.41,313.44,365.12,-42.64,48.8,43.6,1.1699,MED,-,33.8985,31.2768,22.9323,1,350.8277,TREND+LEAD,82.4353
32,-3,INBX,INHIBRX BIOSCIENCES INC,Health Care,,small,101.32,6.0497,0.9487,0.7517,1.1716,FLAT,26.9,687.87,710.12,-37.56,56.4,114.5,1.3779,MED,-,120.8952,93.7305,68.6999,1,338.8282,TREND+LEAD,80.5931
33,4,BELFB,BEL FUSE INC CLASS B,Information Technology,,mid,270.01,2.8657,1.0356,0.9345,1.0593,FLAT,101.09,273.21,301.95,-19.54,64.8,56.22,1.6071,HIGH,-,273.207,244.2293,187.594,1,314.9058,TREND+LEAD,79.8424
34,-1,GLUE,MONTE ROSA THERAPEUTICS INC,Health Care,,small,18.81,3.6381,1.0346,0.9101,0.9002,STRONG_UP,39.13,373.8,371.43,-41.84,48.4,50.72,0.8645,LOW,-,19.0285,17.9854,14.6298,1,356.7052,TREND+LEAD,76.2194
35,-3,FET,FORUM ENERGY TECHNOLOGIES INC,Energy,,small,57.1,3.0427,0.9746,0.8828,0.846,STRONG_UP,93.23,296.25,225.54,-16.88,59.6,46.9,0.513,LOW,-,58.214,58.5604,41.0874,1,376.4745,TREND+LEAD,75.1067
36,-10,TE,T1 ENERGY INC,Industrials,,small,8.08,5.9089,1.1435,1.4625,1.0477,FLAT,197.06,669.52,267.27,-58.59,49.2,129.51,2.9141,HIGH,-,6.0175,5.7692,4.9835,1,254.3477,TREND+LEAD,74.5334
37,-6,EA,Electronic Arts,Communication Services,Interactive Home Entertainment,large,200.97,1.0551,0.9902,0.9495,0.92,STRONG_UP,0.11,37.4,50.97,-7.46,53.6,5.28,0.9237,LOW,-,201.3385,201.971,196.3437,1,379.7006,TREND+LEAD,74.3488
38,1,NESR,NATIONAL ENERGY SERVICES REUNITED,Energy,,mid,25.76,3.3812,0.9819,1.0092,0.8984,FLAT,92.38,340.34,186.22,-27.39,56.0,54.96,0.5918,LOW,-,25.1745,23.4588,16.7719,1,346.7821,TREND+LEAD,73.3453
39,0,POWL,POWELL INDUSTRIES INC,Industrials,,mid,279.22,3.6918,1.0371,1.0581,1.3777,STRONG_DOWN,184.81,380.79,357.08,-30.88,57.6,65.84,0.5866,LOW,-,284.5362,236.2551,150.6681,1,333.1315,TREND+LEAD,71.0905
40,6,GSAT,GLOBALSTAR VOTING INC,Communication,,mid,83.0,3.4903,1.0063,0.9714,1.2146,FLAT,46.49,354.55,412.35,-26.53,56.0,61.98,0.5316,LOW,-,82.032,75.0446,56.8753,1,320.3379,TREND+LEAD,68.4043
41,3,VISN,VISTANCE NETWORKS INC,Information Technology,,mid,12.3,3.3956,1.0918,1.2441,1.291,STRONG_DOWN,52.12,342.22,1916.53,-16.25,54.4,54.66,0.679,LOW,-,11.5673,10.0375,8.8232,1,340.5934,TREND+LEAD,68.3159
42,0,KOD,KODIAK SCIENCES INC,Health Care,,mid,36.23,8.0871,1.0249,0.7736,1.1904,FLAT,84.94,953.2,1064.95,-32.4,52.4,167.07,0.4736,LOW,-,40.506,37.9296,24.1457,1,298.9619,TREND+LEAD,68.2643
43,11,NVRI,ENVIRI CORP,Industrials,,small,19.6,1.996,1.0045,0.9719,1.0049,FLAT,44.44,159.95,130.86,-13.04,53.2,27.37,1.3512,MED,-,19.4145,19.198,16.1634,1,310.8943,TREND+LEAD,67.9586
44,1,VICR,VICOR CORP,Industrials,,mid,267.99,4.9383,1.0661,0.9381,1.2946,FLAT,221.79,543.12,670.97,-32.01,58.4,105.03,0.5121,LOW,-,269.936,221.8912,131.3525,1,301.9944,TREND+LEAD,67.2825
45,-4,NBR,NABORS INDUSTRIES LTD,Energy,,small,105.41,3.0905,0.9439,1.1228,1.246,STRONG_DOWN,127.96,302.48,43.26,-21.38,54.8,49.19,0.5023,LOW,-,102.1135,90.6064,62.1162,1,336.9792,TREND+LEAD,66.9868
46,3,WULF,TERAWULF INC,Information Technology,,mid,22.82,4.4587,1.0694,1.0919,1.1947,STRONG_DOWN,97.4,480.66,1046.73,-31.74,53.6,84.36,0.641,LOW,-,22.4925,19.388,14.4432,1,305.399,TREND+LEAD,66.6544
47,-13,APLD,APPLIED DIGITAL CORP,Information Technology,,mid,45.87,4.7856,1.161,1.2556,1.3754,STRONG_DOWN,114.65,523.23,979.29,-50.31,48.4,107.91,1.0097,MED,-,40.0618,32.7355,28.5722,1,234.6818,TREND+LEAD,65.6063
48,4,INTC,Intel,Information Technology,Semiconductors,large,119.84,4.5895,1.0975,1.3902,2.3888,STRONG_DOWN,256.45,497.71,300.93,-24.17,52.8,88.1,0.6936,LOW,-,109.0575,76.445,47.1736,1,298.2845,TREND+LEAD,65.5594
49,-9,CIFR,CIPHER DIGITAL INC,Information Technology,,mid,21.97,4.8616,1.1383,1.1558,1.1798,STRONG_DOWN,50.89,533.14,463.33,-51.38,50.0,100.24,0.7445,LOW,-,19.7672,17.3463,15.5312,1,265.9324,TREND+LEAD,65.0097
50,44,NVTS,NAVITAS SEMICONDUCTOR CORP,Information Technology,,mid,29.25,5.0929,1.4731,1.6207,3.2554,STRONG_DOWN,287.42,563.27,710.25,-58.25,49.6,148.59,1.6762,HIGH,-,19.471,14.1867,10.0541,1,188.0205,TREND+LEAD,64.711
51,16,CENX,CENTURY ALUMINUM,Materials,,mid,65.05,3.1855,1.1733,1.0254,1.1176,FLAT,148.38,314.86,268.97,-23.56,54.0,63.22,1.0066,MED,-,60.311,59.3902,41.3226,1,268.9406,TREND+LEAD,64.6556
52,-17,RLAY,RELAY THERAPEUTICS INC,Health Care,,mid,13.53,3.5701,1.1077,0.8562,1.3549,FLAT,112.07,364.95,93.84,-28.15,52.8,73.86,1.3432,MED,-,12.9435,12.7866,8.3168,1,260.8892,TREND+LEAD,64.6106
53,-6,FIX,Comfort Systems USA,Industrials,Construction & Engineering,large,1828.25,2.9841,0.9766,1.0145,1.1455,STRONG_DOWN,108.85,288.62,456.41,-13.77,59.2,53.99,0.5279,LOW,-,1899.8629,1665.7078,1147.2071,1,316.4733,TREND+LEAD,64.3942
54,7,ORKA,ORUKA THERAPEUTICS INC,Health Care,,mid,60.61,4.2502,1.0292,0.8407,1.5669,FLAT,124.56,453.52,188.08,-24.73,55.2,86.24,0.6542,LOW,-,64.924,58.601,34.335,1,290.2839,TREND+LEAD,62.8577
55,-2,INDV,INDIVIOR PHARMACEUTICALS INC,Health Care,,mid,37.53,2.5593,1.0175,1.0814,1.0436,FLAT,18.13,233.3,124.46,-21.37,54.0,42.26,0.3835,LOW,-,37.589,33.6934,30.8033,1,298.1164,TREND+LEAD,62.5567
56,-1,AAOI,APPLIED OPTOELECTRONICS INC,Information Technology,,mid,181.49,7.7941,1.0377,1.0716,2.9651,STRONG_DOWN,831.2,915.04,1425.13,-47.64,51.6,188.8,0.8095,LOW,-,174.034,141.6728,62.9625,1,250.0864,TREND+LEAD,62.5369
57,1,HUT,HUT CORP,Information Technology,,mid,105.9,4.8839,1.0905,1.3191,1.6448,STRONG_DOWN,213.68,536.04,1095.26,-38.62,57.2,113.28,0.6762,LOW,-,93.2795,73.0456,51.0202,1,270.6679,TREND+LEAD,62.4922
58,10,VSH,VISHAY INTERTECHNOLOGY INC,Information Technology,,mid,47.25,2.6769,1.2668,1.6049,2.2278,STRONG_DOWN,304.93,248.62,110.4,-33.46,57.2,65.08,2.7369,HIGH,-,34.484,26.2704,18.5791,1,218.5204,TREND+LEAD,61.9394
59,20,SMTC,SEMTECH CORP,Information Technology,,mid,156.78,3.2292,1.1731,1.3673,1.5984,STRONG_DOWN,150.57,320.55,298.12,-26.68,53.6,75.81,2.4377,HIGH,-,124.4455,101.9646,79.1607,1,226.6367,TREND+LEAD,61.7645
60,-12,TER,Teradyne,Information Technology,Semiconductor Materials & Equipment,large,358.44,3.5845,1.1064,0.8212,1.0017,FLAT,130.27,366.82,157.42,-26.73,59.6,81.35,0.7592,LOW,-,352.3774,341.7765,228.2541,1,268.7454,TREND+LEAD,61.6539
61,2,LRCX,Lam Research,Information Technology,Semiconductor Materials & Equipment,large,305.35,2.9137,1.0882,1.0918,1.1507,STRONG_DOWN,119.37,279.46,224.57,-20.01,60.8,59.68,0.7921,LOW,-,280.088,255.8068,188.2608,1,284.7008,TREND+LEAD,60.903
62,-12,DNTH,DIANTHUS THERAPEUTICS INC,Health Care,,mid,86.48,3.6031,1.0248,0.9475,1.504,FLAT,114.11,369.23,297.24,-19.03,51.2,65.45,0.493,LOW,-,86.817,86.0144,51.927,1,288.8438,TREND+LEAD,60.72
63,-20,ENS,ENERSYS,Industrials,,mid,232.24,2.2415,1.0252,1.0624,1.2389,STRONG_DOWN,75.28,191.92,119.09,-18.32,59.6,43.32,1.3876,MED,-,223.134,198.6328,152.5447,1,264.0427,TREND+LEAD,60.6682
64,-26,AMPX,AMPRIUS TECHNOLOGIES INC,Industrials,,mid,16.03,4.542,1.0006,0.7429,1.3645,FLAT,55.63,491.51,1045.0,-46.41,53.2,107.03,0.6211,LOW,-,18.333,18.2538,12.6516,1,244.3099,TREND+LEAD,60.5547
65,-5,VIAV,VIAVI SOLUTIONS INC,Information Technology,,mid,49.51,4.1823,0.9858,0.9928,1.5625,STRONG_DOWN,210.99,444.66,570.87,-21.13,55.2,85.23,0.6938,LOW,-,50.7595,43.0634,24.0323,1,287.991,TREND+LEAD,60.5411
66,-7,SYRE,SPYRE THERAPEUTICS INC,Health Care,,mid,74.05,3.7881,1.0467,1.0177,1.5667,FLAT,215.51,393.34,126.59,-20.91,54.0,74.82,0.5156,LOW,-,72.6457,61.5209,35.4477,1,283.8845,TREND+LEAD,60.4469
67,-10,ALMS,ALUMIS INC,Health Care,,mid,22.02,3.4684,1.0314,0.8457,0.7209,STRONG_UP,218.21,351.69,65.56,-42.56,49.2,71.9,0.3949,LOW,-,23.7133,23.9411,15.0955,1,240.6573,TREND+LEAD,59.2184
68,-6,TTI,TETRA TECHNOLOGIES INC,Energy,,small,10.41,2.9173,0.984,1.0286,0.8545,FLAT,45.19,279.93,182.11,-37.66,56.0,57.46,0.4531,LOW,-,10.0455,9.1326,8.1722,1,272.8143,TREND+LEAD,59.1971
69,9,MXL,MAXLINEAR INC,Information Technology,,small,99.16,6.5809,1.1231,1.574,4.995,STRONG_DOWN,659.85,757.04,447.24,-26.81,57.6,181.72,1.1681,MED,-,84.1655,46.905,24.3299,1,239.9612,TREND+LEAD,57.9584
70,0,TYRA,TYRA BIOSCIENCES INC,Health Care,,mid,32.47,2.6838,0.902,0.8271,0.8811,FLAT,54.62,249.52,91.0,-18.03,54.8,50.1,0.2871,LOW,-,34.5797,35.915,24.5983,1,272.9233,TREND+LEAD,57.1858
71,1,AMD,Advanced Micro Devices,Information Technology,Semiconductors,large,467.51,3.2543,1.1001,1.287,2.0099,STRONG_DOWN,126.92,323.81,191.41,-27.76,56.0,73.65,0.8899,LOW,-,405.896,303.1888,230.8763,1,246.2135,TREND+LEAD,56.8818
72,24,ICHR,ICHOR HOLDINGS LTD,Information Technology,,small,68.96,3.2268,1.0257,0.9309,1.1832,FLAT,383.93,320.23,79.54,-40.8,56.8,81.31,1.2734,MED,-,69.5267,60.1485,33.1003,1,223.7013,TREND+LEAD,56.7492
73,-17,GH,GUARDANT HEALTH INC,Health Care,,large,118.95,2.4036,1.2318,1.281,1.1463,FLAT,18.59,213.03,428.43,-32.98,56.0,59.84,1.3264,MED,-,96.253,91.1654,87.6954,1,199.3562,TREND+LEAD,56.4753
74,-9,AXGN,AXOGEN INC,Health Care,,small,40.9,2.837,0.9658,0.9977,1.1569,STRONG_DOWN,59.33,269.47,569.39,-19.3,56.0,54.1,0.4562,LOW,-,41.922,37.0168,28.0038,1,278.9308,TREND+LEAD,56.0556
75,-6,LASR,NLIGHT INC,Information Technology,,mid,78.545,4.1623,1.0985,0.9923,1.2527,FLAT,174.11,442.06,502.34,-24.74,56.4,99.78,0.5019,LOW,-,73.1043,69.0661,45.5751,1,249.8735,TREND+LEAD,55.5561
76,-10,HL,HECLA MINING,Materials,,large,16.98,2.5591,0.9746,0.8648,0.6604,STRONG_UP,28.6,233.28,196.44,-48.56,52.8,64.62,0.6648,LOW,EARLY,18.1965,18.5386,16.9849,0,190.609,WEAK,54.9062
77,-26,BORR,BORR DRILLING LTD,Energy,,small,5.52,2.5845,0.8273,0.9289,0.8346,FLAT,84.62,236.59,-9.17,-23.33,52.0,52.84,1.3754,MED,-,6.0415,5.7384,4.2424,1,232.8244,TREND+LEAD,54.6972
78,-3,FORM,FORMFACTOR INC,Information Technology,,mid,128.99,3.2613,1.0882,0.7964,1.179,FLAT,164.76,324.73,119.89,-24.43,54.8,72.37,0.6043,LOW,-,134.5945,122.2178,72.5351,1,245.8908,TREND+LEAD,54.3187
79,-3,GLW,Corning Inc.,Information Technology,Electronic Components,large,194.05,3.1276,1.0766,1.0563,1.179,FLAT,149.15,307.31,459.71,-23.01,59.6,77.5,0.6203,LOW,-,180.0835,162.3878,109.6626,1,236.3311,TREND+LEAD,54.2659
80,0,KLIC,KULICKE AND SOFFA INDUSTRIES INC,Information Technology,,mid,104.4,2.56,1.0409,1.1397,1.3522,STRONG_DOWN,169.53,233.4,134.0,-17.99,57.6,51.68,,LOW,-,95.759,81.633,56.1308,1,260.1344,TREND+LEAD,53.9401
81,-8,LQDA,LIQUIDIA CORP,Health Care,,mid,60.98,3.0504,1.0604,1.5649,1.6699,STRONG_DOWN,113.52,297.26,374.92,-35.66,56.4,73.4,0.6603,LOW,-,49.052,42.084,33.4416,1,228.4153,TREND+LEAD,53.2207
82,-18,GPRE,GREEN PLAINS INC,Energy,,small,15.47,2.8216,0.9041,0.9304,1.0232,STRONG_DOWN,56.1,267.46,-16.65,-21.17,55.2,56.94,0.8573,LOW,-,16.875,16.3266,12.1883,1,259.2853,TREND+LEAD,52.8416
83,15,ACMR,ACM RESEARCH CLASS A INC,Information Technology,,mid,73.35,2.5133,1.1488,1.2519,0.9952,FLAT,147.22,227.31,229.22,-46.34,58.8,75.57,1.3389,MED,-,59.961,51.8295,43.8879,1,176.8663,TREND+LEAD,52.7725
84,6,OMER,OMEROS CORP,Health Care,,small,11.46,2.7847,0.9703,0.811,0.9122,FLAT,39.25,262.66,248.33,-42.9,48.0,62.3,1.302,MED,-,13.7705,12.4454,9.5704,1,202.3691,TREND+LEAD,52.5845
85,34,CRDO,CREDO TECHNOLOGY GROUP HOLDING LTD,Information Technology,,large,218.41,2.7146,1.3845,1.0722,1.6617,FLAT,62.11,253.53,1043.51,-53.59,54.0,104.73,1.169,MED,-,185.2098,149.8365,143.1435,1,130.7223,TREND+LEAD,51.1346
86,-6,AAMI,ACADIAN ASSET MANAGEMENT INC,Financials,,small,71.58,1.8855,1.0226,1.0112,1.2127,FLAT,66.68,145.55,224.71,-18.2,58.8,38.86,1.3121,MED,-,68.892,62.4912,52.0772,1,220.2373,TREND+LEAD,50.8577
87,-5,STOK,STOKE THERAPEUTICS INC,Health Care,,small,29.34,2.4069,1.0012,0.8255,0.7598,STRONG_UP,5.05,213.46,99.46,-37.16,52.4,48.97,0.7249,LOW,-,31.8963,33.1511,29.6255,0,228.413,WEAK,50.8432
88,-7,SPHR,SPHERE ENTERTAINMENT CLASS A,Communication,,mid,129.37,2.6575,0.9326,0.9428,1.0505,STRONG_DOWN,72.82,246.09,268.37,-17.66,52.0,52.6,0.6117,LOW,-,135.54,126.9468,90.2898,1,243.287,TREND+LEAD,50.8138
89,31,FLNC,FLUENCE ENERGY INC CLASS A,Industrials,,mid,21.49,3.3814,1.0895,1.5378,1.1981,FLAT,38.56,340.37,,-63.3,50.0,124.02,1.4667,MED,-,17.6005,15.6751,16.6299,1,137.2234,TREND+LEAD,50.2962
90,3,NUE,Nucor,Materials,Steel,large,232.0,1.6669,1.0148,1.0366,1.2219,STRONG_DOWN,58.69,117.09,39.57,-18.43,56.4,28.62,0.7612,LOW,-,227.3245,198.2353,166.4612,1,230.739,TREND+LEAD,49.9969
91,-14,PUMP,PROPETRO HOLDING CORP,Energy,,small,16.95,2.3325,0.9313,0.9547,1.341,STRONG_DOWN,84.84,203.76,77.67,-32.74,49.6,55.72,1.9664,HIGH,-,16.906,15.4696,10.2768,1,181.3831,TREND+LEAD,49.6492
92,-4,ANAB,ANAPTYSBIO INC,Health Care,,small,59.71,3.3646,1.007,0.971,1.486,FLAT,137.83,338.18,258.83,-28.15,52.4,77.64,0.4915,LOW,-,64.5238,52.4383,32.3519,1,228.2443,TREND+LEAD,49.64
93,6,RAPP,RAPPORT THERAPEUTICS INC,Health Care,,small,37.72,2.6769,1.0621,0.9879,1.1962,FLAT,40.48,248.61,81.35,-28.82,52.4,57.52,0.4964,LOW,-,36.1885,33.8518,27.9117,1,226.484,TREND+LEAD,49.1213
94,-7,KYMR,KYMERA THERAPEUTICS INC,Health Care,,mid,78.89,2.0541,0.9809,0.8896,0.7969,STRONG_UP,22.06,167.51,130.4,-27.74,50.0,39.95,0.8816,LOW,-,82.75,83.2041,70.058,1,209.6551,TREND+LEAD,48.9808
95,-21,PLUG,PLUG POWER INC,Industrials,,mid,3.78,3.7212,1.0854,1.1526,1.8194,STRONG_DOWN,100.0,384.62,22.73,-56.66,44.0,99.22,0.852,LOW,-,3.4005,2.9094,2.4129,1,170.5612,TREND+LEAD,48.6798
96,-4,BKD,BROOKDALE SENIOR LIVING INC,Health Care,,mid,13.3,1.5932,0.9921,0.9175,0.796,STRONG_UP,26.91,107.49,99.1,-23.61,56.8,28.42,0.4693,LOW,-,13.554,13.7238,11.4031,1,214.8253,TREND+LEAD,48.6414
97,5,DOCN,DIGITALOCEAN HOLDINGS INC,Information Technology,,mid,158.46,4.3471,1.0647,1.5936,2.3219,STRONG_DOWN,266.98,466.13,335.81,-24.11,52.4,113.56,0.332,LOW,-,139.583,106.578,61.0348,1,215.0868,TREND+LEAD,48.275
98,-3,HP,HELMERICH & PAYNE INC,Energy,,mid,39.88,2.055,0.9513,1.0018,1.0621,STRONG_DOWN,54.95,167.62,16.33,-19.7,54.4,40.23,0.7675,LOW,-,39.5268,37.0803,29.2631,1,226.6666,TREND+LEAD,48.112
99,8,SCHL,SCHOLASTIC CORP,Communication,,small,40.71,1.8749,0.9972,0.9711,1.1446,FLAT,47.95,144.17,16.52,-12.02,56.0,33.82,0.2966,LOW,-,39.8807,38.8497,31.6868,1,238.7141,TREND+LEAD,47.9551
100,0,CBL,CBL ASSOCIATES PROPERTIES INC,Real Estate,,small,47.23,1.583,1.0136,1.0197,1.1716,STRONG_DOWN,51.32,106.15,155.11,-12.31,56.4,27.8,1.0814,MED,-,45.656,42.4538,35.1541,1,215.3581,TREND+LEAD,47.5222
101,16,UCTT,ULTRA CLEAN HOLDINGS INC,Information Technology,,mid,84.01,3.2367,1.0718,0.969,1.0733,FLAT,288.04,321.53,90.07,-29.74,54.8,88.62,0.3025,LOW,-,80.8025,72.9172,43.21,1,198.8218,TREND+LEAD,47.2684
102,3,CAT,Caterpillar Inc.,Industrials,Construction Machinery & Heavy Transportation Equipment,large,879.89,1.9888,1.0089,1.0141,1.0549,STRONG_DOWN,61.8,159.01,157.73,-13.88,57.2,40.8,0.7848,LOW,-,881.4095,798.0809,623.9428,1,222.9251,TREND+LEAD,47.1106
103,-32,DFTX,DEFINIUM THERAPEUTICS INC,Health Care,,mid,22.5,2.3667,1.0883,0.9583,1.1854,FLAT,106.8,208.22,183.02,-24.79,51.6,52.4,0.6961,LOW,-,21.6285,20.8578,15.0234,1,205.0403,TREND+LEAD,46.6145
104,-18,WTTR,SELECT WATER SOLUTIONS INC CLASS A,Energy,,mid,19.28,1.8627,0.9764,1.1073,1.3039,STRONG_DOWN,107.15,142.59,94.47,-20.45,52.8,34.69,0.8717,LOW,-,17.8952,16.1949,12.1334,1,217.0282,TREND+LEAD,46.4751
105,11,AMAT,Applied Materials,Information Technology,Semiconductor Materials & Equipment,large,432.16,2.1222,1.0364,0.9934,1.0525,FLAT,96.72,176.38,101.63,-21.37,58.4,51.99,0.7062,LOW,-,415.7611,388.5228,286.523,1,198.1294,TREND+LEAD,46.3171
106,-9,PACS,PACS GROUP INC,Health Care,,mid,37.75,2.9518,1.0159,1.0202,0.875,FLAT,44.41,284.42,29.19,-42.03,47.6,77.8,0.8966,LOW,-,35.5955,34.579,26.8977,1,174.0151,TREND+LEAD,45.9231
107,-3,TCMD,TACTILE SYSTEMS TECHNOLOGY INC,Health Care,,small,24.9,2.0297,1.043,0.951,0.799,STRONG_UP,4.05,164.33,94.84,-32.13,49.6,40.35,0.5347,LOW,-,23.972,24.9553,22.8322,1,202.0032,TREND+LEAD,45.882
108,-5,KRYS,KRYSTAL BIOTECH INC,Health Care,,mid,299.45,1.8387,1.0168,1.0521,1.0314,FLAT,46.63,139.46,83.02,-15.94,57.6,37.56,0.5756,LOW,-,292.1165,272.9568,229.1653,1,213.8748,TREND+LEAD,45.6217
109,-3,GOOGL,Alphabet Inc. (Class A),Communication Services,Interactive Media & Services,large,382.97,1.7516,0.9558,1.0647,1.1332,STRONG_DOWN,32.49,128.11,122.49,-20.37,54.0,34.26,0.6704,LOW,-,385.483,341.1402,295.9576,1,201.9257,TREND+LEAD,45.527
110,-1,OUT,OUTFRONT MEDIA INC,Real Estate,,mid,33.6,1.7417,1.0415,1.0717,1.1849,STRONG_DOWN,56.9,126.82,169.19,-11.25,55.6,31.26,0.5622,LOW,-,31.939,29.587,23.4956,1,225.5643,TREND+LEAD,45.496
111,-20,LBRT,LIBERTY ENERGY INC CLASS A,Energy,,mid,31.84,2.1351,0.9538,0.9312,1.0399,FLAT,98.23,178.06,43.19,-26.19,51.6,46.87,0.4717,LOW,-,33.055,30.6624,20.8884,1,196.0308,TREND+LEAD,45.2623
112,24,PENG,PENGUIN SOLUTIONS INC,Information Technology,,small,53.21,2.3162,1.1532,1.6601,2.418,STRONG_DOWN,201.64,201.64,163.68,-44.57,53.6,72.57,1.5213,HIGH,-,40.6105,29.1906,23.5858,1,148.9337,TREND+LEAD,45.1476
113,-24,PVLA,PALVELLA THERAPEUTICS INC,Health Care,,small,113.99,3.6901,1.0749,0.8831,0.8703,STRONG_UP,24.52,380.56,986.65,-29.93,53.6,104.84,0.4931,LOW,-,120.766,121.813,92.045,1,194.5658,TREND+LEAD,44.9617
114,-29,KGS,KODIAK GAS SERVICES INC,Energy,,mid,73.71,1.709,0.9636,1.0768,1.3345,STRONG_DOWN,123.82,122.57,200.07,-15.95,58.4,33.23,0.6174,LOW,-,71.2235,64.0823,44.4729,1,215.4038,TREND+LEAD,44.946
115,-7,GOOG,Alphabet Inc. (Class C),Communication Services,Interactive Media & Services,large,379.38,1.7237,0.956,1.0611,1.1225,STRONG_DOWN,31.01,124.48,118.49,-20.75,53.2,33.45,0.6883,LOW,-,382.2885,338.8414,295.7942,1,197.9733,TREND+LEAD,44.9321
116,26,BKSY,BLACKSKY TECHNOLOGY INC CLASS A,Industrials,,small,47.87,3.394,1.1028,1.3549,2.2328,STRONG_DOWN,219.35,342.01,429.54,-58.46,53.6,121.3,1.0019,MED,-,39.1065,34.0268,24.1125,1,151.1285,TREND+LEAD,44.8218
117,13,OUST,OUSTER INC,Information Technology,,small,37.03,2.7632,1.1933,1.2564,1.8253,STRONG_DOWN,87.78,259.86,228.86,-55.15,52.8,102.91,1.7724,HIGH,-,29.4547,24.8417,25.6791,1,133.3283,TREND+LEAD,44.2894
118,7,ALB,Albemarle Corporation,Materials,Specialty Chemicals,large,171.58,2.3271,0.9672,0.8723,0.8464,STRONG_UP,48.19,203.06,44.56,-21.62,56.4,63.49,0.7789,LOW,-,189.612,183.425,138.0917,1,180.3827,TREND+LEAD,44.1907
119,5,KLAC,KLA Corporation,Information Technology,Semiconductor Materials & Equipment,large,1888.38,1.9274,1.065,0.9356,1.1537,FLAT,71.73,151.01,150.72,-22.41,61.2,50.21,0.7335,LOW,-,1806.1382,1690.3457,1325.0145,1,184.0597,TREND+LEAD,44.0928
120,13,MRVL,Marvell Technology,Technology,Semiconductors,large,196.33,2.4907,1.1513,1.1441,2.3036,FLAT,156.35,224.37,163.28,-26.36,54.4,70.18,0.7817,LOW,-,171.2295,137.481,95.8286,1,173.9211,TREND+LEAD,43.8927
121,0,AEIS,ADVANCED ENERGY INDUSTRIES INC,Information Technology,,large,324.86,2.1938,1.0413,0.8032,0.8895,FLAT,72.13,185.71,202.05,-22.16,58.0,59.29,0.8367,LOW,-,348.35,347.7728,249.5123,1,181.6664,TREND+LEAD,43.6681
122,6,KALU,KAISER ALUMINIUM CORP,Materials,,mid,175.47,1.983,1.0446,0.9446,1.2615,FLAT,97.87,158.25,97.28,-26.03,56.4,47.8,0.7733,LOW,-,173.658,148.5732,112.3656,1,186.7241,TREND+LEAD,43.5157
123,53,CMPR,CIMPRESS PLC,Industrials,,small,102.39,1.8617,0.9859,1.196,1.3146,STRONG_DOWN,55.02,142.46,24.91,-17.5,52.8,44.31,1.5897,HIGH,-,92.1665,82.279,71.7007,1,169.7536,TREND+LEAD,43.5034
124,-41,UUUU,ENERGY FUELS INC,Energy,,mid,18.04,2.5652,1.0271,0.8501,0.7283,STRONG_UP,36.56,234.07,172.92,-51.28,51.6,84.88,0.8057,LOW,-,20.152,19.4502,17.7628,1,142.2976,TREND+LEAD,43.4662
125,115,HPE,Hewlett Packard Enterprise,Information Technology,"Technology Hardware, Storage & Peripherals",large,37.58,1.6984,1.1281,1.2778,1.7171,STRONG_DOWN,90.06,121.19,117.12,-23.73,56.4,49.33,1.6092,HIGH,-,31.1865,27.2104,23.8085,1,138.5551,TREND+LEAD,43.1769
126,-25,MTRN,MATERION CORP,Materials,,mid,215.04,2.1643,1.0531,1.1076,1.2748,STRONG_DOWN,89.5,181.86,94.63,-20.73,56.0,52.24,0.7172,LOW,-,196.9175,172.0098,139.0957,1,194.9451,TREND+LEAD,42.7459
127,-17,NE,NOBLE CORPORATION PLC,Energy,,mid,52.0,1.8096,0.9474,1.005,1.0473,STRONG_DOWN,81.47,135.67,28.74,-16.56,52.0,34.93,0.5134,LOW,-,51.544,49.6908,36.1584,1,201.9672,TREND+LEAD,42.6817
128,-44,CRVS,CORVUS PHARMACEUTICALS INC,Health Care,,small,12.61,2.7744,1.0231,0.7509,0.6505,STRONG_UP,48.18,261.32,509.18,-54.94,49.2,80.92,0.8181,LOW,-,14.4548,14.7617,11.2379,1,158.8834,TREND+LEAD,42.5718
129,-11,HAL,Halliburton,Energy,Oil & Gas Equipment & Services,large,41.47,1.6432,0.9603,0.9838,1.0704,STRONG_DOWN,63.68,114.0,21.2,-13.1,55.2,31.59,0.4817,LOW,-,41.364,39.2172,30.4483,1,199.1982,TREND+LEAD,42.3789
130,-7,BTSG,BRIGHTSPRING HEALTH SERVICES INC,Health Care,,mid,58.5,1.9337,1.0315,1.1631,1.3345,STRONG_DOWN,78.57,151.83,411.81,-19.7,56.8,44.32,0.4487,LOW,-,54.08,48.1306,37.068,1,194.583,TREND+LEAD,42.3017
131,0,REX,REX AMERICAN RESOURCES CORP,Energy,,small,48.77,1.8013,0.9611,0.9991,1.3052,STRONG_DOWN,53.9,134.58,75.24,-9.83,58.8,37.02,0.5431,LOW,-,49.1245,45.7562,35.8259,1,213.7638,TREND+LEAD,42.1606
132,-21,RIG,TRANSOCEAN LTD,Energy,,mid,6.81,2.1,0.89,1.0672,0.9573,FLAT,77.34,173.49,17.21,-23.19,55.2,52.51,0.7189,LOW,-,6.776,6.5622,4.7718,1,182.3818,TREND+LEAD,42.0114
133,-18,GTX,GARRETT MOTION INC,Consumer Discretionary,,mid,33.29,2.3773,1.0855,1.5171,1.5158,FLAT,114.73,209.6,284.57,-19.87,50.4,64.7,1.103,MED,-,27.8815,22.3606,17.6479,1,163.2714,TREND+LEAD,41.9577
134,-34,DHC,DIVERSIFIED HEALTHCARE TRUST,Real Estate,,small,8.75,2.1577,1.0103,1.1231,1.3205,STRONG_DOWN,97.24,181.0,291.2,-15.7,52.4,46.14,0.5403,LOW,-,8.2695,7.5316,5.5648,1,205.5528,TREND+LEAD,41.8487
135,3,GHM,GRAHAM CORP,Industrials,,small,94.96,1.9819,0.9966,0.9335,1.0646,FLAT,77.3,158.11,234.25,-18.21,54.4,49.21,1.1009,MED,-,95.9455,90.2114,70.0402,1,174.7893,TREND+LEAD,41.7763
136,-14,VAL,VALARIS LTD,Energy,,mid,101.17,2.1412,0.8836,1.0623,0.9696,FLAT,88.61,178.86,37.09,-18.85,55.2,52.69,,LOW,-,101.066,97.639,68.4194,1,187.3792,TREND+LEAD,41.7584
137,3,FTRE,FORTREA HOLDINGS INC,Health Care,,small,13.22,2.5003,0.9637,1.2916,1.1776,FLAT,31.67,225.62,-48.56,-51.79,49.6,68.62,0.5877,LOW,-,13.4175,11.1408,11.7705,1,163.0799,TREND+LEAD,41.7352
138,-24,SDRL,SEADRILL LTD,Energy,,mid,50.98,1.6968,0.9216,1.0148,1.0371,STRONG_DOWN,69.54,120.98,0.18,-16.54,53.2,32.75,,LOW,-,50.4805,47.7638,37.3867,1,196.5226,TREND+LEAD,41.6542
139,45,MOD,MODINE MANUFACTURING,Industrials,,large,260.52,2.2274,1.0443,0.991,1.0118,FLAT,87.41,190.08,169.35,-27.55,51.6,71.76,1.2052,MED,-,262.418,240.4306,178.6008,1,136.6789,TREND+LEAD,41.6321
140,-5,JNJ,Johnson & Johnson,Health Care,Pharmaceuticals,large,234.34,1.2093,1.0141,0.9863,0.8747,STRONG_UP,16.75,57.49,64.73,-10.96,55.2,16.8,0.7022,LOW,-,227.1825,233.3624,209.4943,1,188.9042,TREND+LEAD,41.3521
141,3,SANM,SANMINA CORP,Information Technology,,mid,246.44,2.2474,1.0843,1.228,1.4324,STRONG_DOWN,70.61,192.68,269.14,-32.69,56.8,64.81,0.9109,LOW,-,228.741,178.0284,150.4483,1,168.8699,TREND+LEAD,41.3277
142,121,DELL,Dell Technologies,Information Technology,"Technology Hardware, Storage & Peripherals",large,295.19,2.0525,1.2285,1.308,2.2726,STRONG_DOWN,153.32,167.31,98.57,-32.34,52.0,78.32,1.8668,HIGH,-,234.4055,200.8197,149.4325,1,111.0826,TREND+LEAD,41.0759
143,77,LGND,LIGAND PHARMACEUTICALS INC,Health Care,,mid,229.33,1.7332,1.0928,0.9495,1.1155,FLAT,15.22,125.72,170.09,-14.07,54.0,45.47,1.5908,HIGH,-,223.081,216.0752,193.4294,1,149.3028,TREND+LEAD,40.8369
144,21,TALK,TALKSPACE INC,Health Care,,small,5.2,1.4159,0.9906,0.9612,1.06,FLAT,67.2,84.4,87.73,-33.43,46.8,22.07,0.2533,LOW,-,5.191,5.1734,3.8203,1,178.9663,TREND+LEAD,40.7564
145,-4,CMRE,COSTAMARE INC,Industrials,,mid,16.42,1.5477,0.9468,0.9528,0.905,FLAT,15.67,101.56,15.82,-14.61,56.4,34.91,1.1056,MED,-,16.9445,16.8987,14.794,1,164.0733,TREND+LEAD,40.1679
146,58,GNRC,Generac,Industrials,Electrical Components & Equipment,large,270.14,1.6789,1.0575,1.1708,1.056,FLAT,92.65,118.65,87.42,-32.77,55.2,55.12,1.191,MED,-,257.0895,225.2394,188.7183,1,118.8205,TREND+LEAD,39.8987
147,4,COHU,COHU INC,Information Technology,,small,46.53,2.1066,1.0428,0.9493,1.3979,FLAT,117.63,174.35,49.9,-20.23,56.4,53.23,0.6896,LOW,-,46.988,39.74,28.1891,1,184.7346,TREND+LEAD,39.8289
148,-19,CMI,Cummins,Industrials,Construction Machinery & Heavy Transportation Equipment,large,639.55,1.5679,0.9346,0.9268,0.9791,FLAT,38.54,104.19,133.08,-15.23,57.6,39.2,1.2594,MED,-,674.7865,616.6464,516.4871,1,153.098,TREND+LEAD,39.7044
149,7,KN,KNOWLES CORP,Information Technology,,mid,36.66,1.7366,1.0511,1.1467,1.2006,STRONG_DOWN,77.36,126.16,109.97,-15.32,56.4,38.09,0.7858,LOW,-,33.8945,29.873,24.9468,1,186.8007,TREND+LEAD,39.6223
150,16,ON,ON Semiconductor,Information Technology,Semiconductors,large,116.2,2.162,1.0519,1.1307,1.5254,STRONG_DOWN,158.8,181.56,62.18,-28.1,51.6,61.62,0.8535,LOW,-,105.917,83.8432,62.065,1,152.037,TREND+LEAD,39.5007
151,73,STLD,Steel Dynamics,Materials,Steel,large,240.03,1.4906,1.0402,1.0134,1.1597,FLAT,57.72,94.13,,-20.33,55.2,36.57,1.0014,MED,-,231.672,204.5318,170.7535,1,142.0766,TREND+LEAD,39.4758
152,-18,HLIO,HELIOS TECHNOLOGIES INC,Industrials,,mid,79.12,2.0657,1.0157,1.1114,0.9785,FLAT,58.3,169.02,57.75,-17.07,50.4,48.43,0.6715,LOW,-,72.291,69.088,60.716,1,175.8934,TREND+LEAD,39.1318
153,-8,TRGP,Targa Resources,Energy,Oil & Gas Storage & Transportation,large,276.75,1.3546,0.998,1.1065,1.1035,FLAT,64.23,76.41,153.51,-16.3,57.6,25.86,0.4149,LOW,-,259.9452,248.3526,196.2611,1,170.2049,TREND+LEAD,39.0984
154,-5,USAR,USA RARE EARTH INC CLASS A,Materials,,mid,25.3,2.0889,1.178,1.1082,1.1407,FLAT,107.38,172.04,140.04,-69.23,46.4,105.5,1.1643,MED,-,24.772,20.6905,19.047,1,75.6663,TREND+LEAD,39.0544
155,0,MSGE,MADISON SQUARE GARDEN ENTERTAINMEN,Communication,,mid,69.64,1.463,0.9992,1.0507,1.0447,FLAT,47.6,90.53,95.4,-13.43,55.6,27.65,0.3837,LOW,-,66.8665,62.3838,53.1821,1,182.0493,TREND+LEAD,39.0213
156,23,TXG,10X GENOMICS INC CLASS A,Health Care,,mid,23.68,2.2256,1.0936,1.0269,1.1398,FLAT,43.86,189.84,3.18,-28.03,50.0,69.42,1.4592,MED,-,22.002,21.6972,17.6048,1,136.7336,TREND+LEAD,39.0151
157,-25,SITM,SITIME CORP,Information Technology,,mid,728.56,2.8313,0.9947,1.2233,1.6546,STRONG_DOWN,188.24,268.72,507.49,-29.39,56.0,94.62,0.7932,LOW,-,693.076,519.1424,367.8327,1,159.0414,TREND+LEAD,38.9342
158,-15,PRM,PERIMETER SOLUTIONS INC,Materials,,mid,31.1,2.0358,0.9213,0.9652,1.0838,STRONG_DOWN,22.59,165.13,305.48,-30.2,58.0,60.2,0.8347,LOW,-,31.5495,27.544,25.2927,1,159.0974,TREND+LEAD,38.808
159,-33,INSW,INTERNATIONAL SEAWAYS INC,Energy,,mid,83.52,1.8595,0.9702,1.0053,1.1344,STRONG_DOWN,65.19,142.16,58.45,-13.84,54.8,42.35,0.8476,LOW,-,85.4865,77.8257,57.2912,1,183.9533,TREND+LEAD,38.7534
160,-12,TRST,TRUSTCO BANK CORP,Financials,,small,50.26,1.3054,1.0097,1.0428,1.0488,STRONG_DOWN,27.57,70.01,95.09,-14.11,56.0,20.43,0.7713,LOW,-,48.5775,46.2588,41.6147,1,191.8939,TREND+LEAD,38.7367
161,0,CALY,CALLAWAY GOLF COMPANY,Consumer Discretionary,,mid,15.38,1.8895,1.0225,0.9619,1.0313,FLAT,58.07,146.08,3.5,-20.37,50.8,57.13,2.3895,HIGH,-,15.316,14.5744,12.208,1,129.8943,TREND+LEAD,38.7004
162,11,CSTM,CONSTELLIUM SE CLASS A,Materials,,mid,33.24,2.1852,1.021,1.0142,1.2347,FLAT,119.55,184.59,56.64,-15.96,52.0,54.99,0.868,LOW,-,32.5025,29.3054,21.0838,1,174.5523,TREND+LEAD,38.6611
163,-11,VTRS,Viatris,Health Care,Pharmaceuticals,large,16.65,1.5913,0.9996,1.0927,0.9606,FLAT,66.7,107.24,70.86,-18.97,56.0,37.11,0.4536,LOW,-,16.169,14.7144,12.3348,1,161.8253,TREND+LEAD,38.6478
164,-51,SLS,SELLAS LIFE SCIENCES GROUP INC,Health Care,,small,7.78,3.1608,1.0572,1.6702,1.5089,FLAT,432.88,311.64,476.3,-36.53,49.2,112.15,1.4215,MED,-,5.999,5.2926,3.3191,1,136.716,TREND+LEAD,38.3878
165,52,RGTI,RIGETTI COMPUTING INC,Information Technology,,mid,26.42,1.447,1.5747,1.523,1.4738,STRONG_UP,15.88,88.45,2392.45,-77.1,48.4,108.16,6.0626,HIGH,-,18.5353,16.9169,23.1146,1,39.5779,TREND+LEAD,38.3717
166,-3,IVZ,Invesco,Financials,Asset Management & Custody Banks,large,27.05,1.495,0.9783,1.0232,0.9595,FLAT,21.06,94.7,90.12,-22.03,57.6,35.39,0.3761,LOW,-,26.7493,25.0093,24.3197,1,154.1262,TREND+LEAD,38.3328
167,-13,BK,BNY Mellon,Financials,Asset Management & Custody Banks,large,138.98,1.2204,1.0197,0.9866,1.1102,FLAT,30.36,58.93,148.97,-10.15,59.84,19.79,0.8369,LOW,-,134.099,127.5112,115.1446,1,178.1926,TREND+LEAD,38.2794
168,-18,CGON,CG ONCOLOGY INC,Health Care,,mid,64.25,1.9393,1.0114,0.8957,1.0124,FLAT,57.82,152.56,114.24,-17.89,51.2,46.68,0.5202,LOW,-,67.175,67.3028,48.9588,1,167.3268,TREND+LEAD,37.7591
169,-42,ATRO,ASTRONICS CORP,Industrials,,mid,80.86,2.0566,0.9969,1.0572,0.9363,FLAT,71.57,167.84,293.86,-23.39,54.4,57.59,0.7425,LOW,-,76.6295,73.0404,59.3625,1,158.5403,TREND+LEAD,37.7464
170,32,HASI,HA SUSTAINABLE INFRASTRUCTURE CAPI,Financials,,mid,40.61,1.3015,0.9867,0.9313,1.0206,FLAT,28.89,69.49,41.06,-15.38,51.2,23.57,1.1418,MED,-,41.336,39.2822,33.1961,1,150.9564,TREND+LEAD,37.5953
171,-12,MYRG,MYR GROUP INC,Industrials,,mid,446.9,2.18,0.9838,1.2612,1.4726,STRONG_DOWN,118.59,183.91,188.94,-13.65,56.4,59.05,0.5958,LOW,-,432.1345,350.8286,254.0933,1,175.655,TREND+LEAD,37.3731
172,-35,IRMD,IRADIMED CORP,Health Care,,small,92.1,1.4035,1.0309,0.9967,0.8564,STRONG_UP,6.24,82.78,123.93,-20.62,54.8,30.9,1.3451,MED,-,86.7177,92.0775,87.5384,1,146.813,TREND+LEAD,37.3657
173,-34,LPG,DORIAN LPG LTD,Energy,,small,46.46,1.8135,1.0987,1.2121,1.2459,STRONG_DOWN,97.08,136.18,23.75,-24.99,54.0,48.69,1.3964,MED,-,40.2077,36.149,29.7187,1,151.0335,TREND+LEAD,37.2894
174,-27,STRL,STERLING INFRASTRUCTURE INC,Industrials,,large,732.94,3.052,0.942,1.4115,1.4657,STRONG_DOWN,133.0,297.47,484.34,-31.02,55.2,125.88,0.9119,LOW,-,720.135,549.522,397.8255,1,130.4457,TREND+LEAD,37.1151
175,-7,CAPR,CAPRICOR THERAPEUTICS INC,Health Care,,small,28.87,2.1627,1.0207,0.7837,0.9509,FLAT,407.38,181.66,375.62,-67.67,47.6,70.7,0.4535,LOW,-,31.297,31.6562,19.5773,1,122.3048,TREND+LEAD,37.0778
176,-1,LUMN,LUMEN TECHNOLOGIES INC,Communication,,mid,9.41,1.9424,0.964,1.0192,1.1612,STRONG_DOWN,25.8,152.96,629.46,-47.34,51.2,64.15,0.6046,LOW,-,9.182,8.1234,7.5058,1,122.0795,TREND+LEAD,36.6676
177,96,LUNR,INTUITIVE MACHINES INC CLASS A,Industrials,,mid,38.26,2.5907,1.1284,1.4349,1.861,STRONG_DOWN,375.28,237.39,671.37,-41.88,54.0,119.24,1.047,MED,-,29.946,25.248,16.2036,1,107.5063,TREND+LEAD,36.5548
178,143,ROST,Ross Stores,Consumer Discretionary,Apparel Retail,large,234.81,1.3267,1.102,0.9932,1.0786,FLAT,46.94,72.78,81.76,-11.84,56.4,32.14,1.6296,HIGH,-,221.4795,219.5618,183.0214,1,127.7092,TREND+LEAD,36.4462
179,0,MPWR,Monolithic Power Systems,Information Technology,Semiconductors,large,1589.8101,1.8575,1.0596,0.9327,1.2066,FLAT,86.15,141.91,116.27,-22.45,54.4,54.54,0.7872,LOW,-,1577.034,1375.7451,1075.7835,1,141.5474,TREND+LEAD,36.361
180,-9,ECPG,ENCORE CAPITAL GROUP INC,Financials,,small,80.2,1.6134,0.984,0.9171,1.2708,FLAT,68.06,110.11,83.78,-12.63,53.6,33.85,0.5077,LOW,-,82.2145,77.3492,57.1206,1,174.3586,TREND+LEAD,36.3368
181,72,LINC,LINCOLN EDUCATIONAL SERVICES CORP,Consumer Discretionary,,small,48.4,1.6878,0.9696,1.1849,1.2551,STRONG_DOWN,144.2,119.8,311.91,-27.35,56.0,46.56,1.0934,MED,-,45.6675,42.3984,28.4994,1,144.0896,TREND+LEAD,36.3271
182,-29,JBIO,JADE BIOSCIENCES INC,Health Care,,small,22.21,2.4259,0.9996,0.8513,1.471,FLAT,93.47,215.93,-96.2,-39.23,51.2,76.1,0.6455,LOW,-,24.2367,20.1081,13.7522,1,145.2786,TREND+LEAD,36.2497
183,2,RIOT,RIOT PLATFORMS INC,Information Technology,,mid,24.49,2.1994,1.0466,1.26,1.3645,STRONG_DOWN,91.63,186.43,145.64,-48.57,52.8,84.02,0.6021,LOW,-,21.9413,17.994,16.5225,1,117.1584,TREND+LEAD,36.2488
184,8,NWPX,NWPX INFRASTRUCTURE INC,Industrials,,small,112.26,2.1637,1.0007,1.2678,1.4108,STRONG_DOWN,108.47,181.78,222.31,-15.7,53.2,55.48,,LOW,-,106.287,89.9766,67.941,1,174.3068,TREND+LEAD,36.2344
185,89,DGII,DIGI INTERNATIONAL INC,Information Technology,,small,66.16,1.5797,1.0483,1.118,1.2541,STRONG_DOWN,73.15,105.72,166.45,-13.49,56.0,37.63,1.2007,MED,-,60.6835,55.3652,44.3685,1,157.3319,TREND+LEAD,36.1473
186,-5,FCFS,FIRSTCASH HOLDINGS INC,Financials,,mid,227.59,1.3842,1.0022,0.9969,1.1312,FLAT,54.36,80.26,100.3,-12.75,57.6,27.67,0.6451,LOW,-,223.888,208.0073,172.1551,1,167.0806,TREND+LEAD,36.1244
187,-10,GOLD,GOLD INC,Consumer Discretionary,,small,43.4,1.6968,1.0895,0.8884,0.704,STRONG_UP,69.25,120.98,19.05,-40.58,54.8,47.5,0.9306,LOW,-,42.5738,43.471,36.502,1,139.5778,TREND+LEAD,36.0571
188,-10,FN,FABRINET,Information Technology,,large,703.86,2.347,0.9957,0.9358,1.1045,FLAT,81.77,205.65,190.38,-20.55,56.4,81.66,0.6392,LOW,-,677.8255,630.0832,482.6946,1,142.0388,TREND+LEAD,36.0129
189,-9,CLMT,CALUMET INC,Energy,,mid,34.22,1.857,1.0479,1.0711,1.0755,STRONG_DOWN,87.82,141.84,121.2,-22.81,55.2,50.51,0.6921,LOW,-,32.686,32.2044,23.2882,1,155.0075,TREND+LEAD,35.9675
190,-78,IMNM,IMMUNOME INC,Health Care,,mid,21.66,1.959,1.0782,0.8803,0.9002,FLAT,23.7,155.12,51.05,-28.44,50.0,54.99,0.8759,LOW,-,22.333,22.0082,18.4717,1,141.0472,TREND+LEAD,35.8757
191,-24,CECO,CECO ENVIRONMENTAL CORP,Industrials,,mid,81.71,2.2974,1.0189,1.2057,1.252,STRONG_DOWN,64.51,199.19,228.55,-35.08,54.8,80.92,0.7382,LOW,-,79.447,68.6302,59.1043,1,134.8969,TREND+LEAD,35.8633
192,-10,ANDE,ANDERSONS INC,Consumer Staples,,mid,70.85,1.6267,0.9906,0.8934,1.0114,FLAT,46.68,111.85,42.36,-14.09,58.0,39.85,0.8541,LOW,-,73.3435,72.7183,56.1535,1,162.7904,TREND+LEAD,35.8312
193,79,NATL,NCR ATLEOS CORP,Financials,,mid,44.69,1.342,0.9884,0.9607,1.0147,FLAT,28.64,74.78,60.76,-15.31,53.6,28.4,1.102,MED,-,44.5015,44.2364,40.2493,1,141.1249,TREND+LEAD,35.6531
194,-33,LGN,LEGENCE CORP CLASS A,Industrials,,mid,81.58,2.0538,0.9701,0.9715,1.3671,STRONG_DOWN,99.17,167.48,,-21.4,57.47,60.32,0.4072,LOW,-,89.4487,72.4319,,0,159.5625,WEAK,35.6194
195,-8,ADI,Analog Devices,Information Technology,Semiconductors,large,397.07,1.4707,0.9397,0.9515,1.0283,STRONG_DOWN,77.5,91.54,74.72,-15.73,55.2,36.91,1.277,MED,-,406.942,365.0098,293.7109,1,136.8964,TREND+LEAD,35.5894
196,7,VECO,VEECO INSTRUMENTS INC,Information Technology,,mid,59.55,2.3816,1.06,1.1022,1.8646,STRONG_DOWN,125.65,210.16,48.28,-20.27,54.4,73.95,0.4284,LOW,-,55.524,45.0022,33.2186,1,154.5977,TREND+LEAD,35.4466
197,8,IONQ,IONQ INC,Information Technology,,large,63.64,1.0695,1.2785,1.4274,1.8503,STRONG_DOWN,55.22,39.29,664.9,-67.61,47.2,105.54,1.7633,HIGH,-,50.689,40.9576,47.3359,1,17.5699,TREND+LEAD,35.4058
198,-10,STT,State Street Corporation,Financials,Asset Management & Custody Banks,large,153.95,1.2646,0.992,0.9779,1.1198,FLAT,37.68,64.69,118.93,-11.79,62.4,25.44,0.3989,LOW,-,151.6725,140.573,124.7822,1,158.6636,TREND+LEAD,35.3983
199,0,ASML,ASML Holding,Technology,Industrial Machinery,large,1632.9,1.7252,1.0986,1.0749,1.0044,STRONG_UP,67.03,124.67,77.81,-17.85,57.2,50.91,0.9492,LOW,-,1501.0545,1434.1979,1173.9398,1,140.0748,TREND+LEAD,35.3031
200,-3,JBL,Jabil,Information Technology,Electronic Manufacturing Services,large,364.35,1.6939,1.0656,1.0213,1.2583,FLAT,89.38,120.6,207.84,-17.86,58.4,48.76,0.527,LOW,-,347.1326,310.8734,246.4158,1,144.4411,TREND+LEAD,35.1888
201,-31,MCY,MERCURY GENERAL CORP,Financials,,mid,101.03,1.319,0.9946,1.0027,1.0868,STRONG_DOWN,14.73,71.78,85.26,-12.87,55.6,23.93,0.5368,LOW,-,98.884,94.1984,87.1887,1,166.7776,TREND+LEAD,35.1537
202,-42,NEM,Newmont,Materials,Gold,large,107.64,1.5606,0.9707,0.8539,0.7991,STRONG_UP,31.92,103.24,170.54,-27.25,58.8,50.27,0.5415,LOW,-,111.9375,110.8498,99.1657,1,120.7601,TREND+LEAD,35.1477
203,15,STEL,STELLAR BANCORP INC,Financials,,small,37.47,1.0961,1.0021,0.9624,0.9123,STRONG_UP,25.47,42.75,72.18,-11.68,50.8,13.15,0.4576,LOW,-,37.228,36.93,33.2667,1,165.1619,TREND+LEAD,35.1427
204,-40,SEI,SOLARIS OILFIELD INFRASTRUCTURE IN,Energy,,mid,74.27,2.1352,1.02,0.9821,1.2803,FLAT,80.97,178.07,772.59,-26.43,52.8,67.54,0.5774,LOW,-,74.2365,66.696,50.5888,1,139.2072,TREND+LEAD,35.1096
205,-5,RMBS,RAMBUS INC,Information Technology,,large,142.98,2.0529,1.1445,0.8643,1.3335,FLAT,63.82,167.35,159.26,-36.69,54.8,87.68,0.6962,LOW,-,126.4235,113.7892,100.3103,1,104.5952,TREND+LEAD,34.9312
206,-32,APA,APA Corporation,Energy,Oil & Gas Exploration & Production,large,38.8,1.8418,0.9573,0.9846,1.2547,STRONG_DOWN,68.65,139.86,43.17,-19.49,52.8,51.42,0.4494,LOW,-,38.8115,38.8573,28.0543,1,143.6099,TREND+LEAD,34.7449
207,23,CFG,Citizens Financial Group,Financials,Regional Banks,large,62.89,1.2599,1.0186,0.9508,0.9382,STRONG_UP,25.81,64.07,92.36,-18.32,56.4,26.51,0.4397,LOW,-,63.0657,61.6887,56.6391,1,136.3173,TREND+LEAD,34.5706
208,-39,NDSN,Nordson Corporation,Industrials,Industrial Machinery & Supplies & Components,large,289.9,1.1672,1.0377,0.9831,0.9068,STRONG_UP,27.94,52.01,24.87,-14.15,56.8,23.61,1.4441,MED,-,281.6645,275.5589,251.9404,1,125.1122,TREND+LEAD,34.4585
209,-13,PARR,PAR PACIFIC HOLDINGS INC,Energy,,mid,58.83,2.0627,0.9913,0.8775,1.3181,FLAT,38.78,168.63,112.84,-26.21,53.2,66.34,0.4546,LOW,-,62.717,61.8042,44.2437,1,135.2295,TREND+LEAD,34.3039
210,0,BHE,BENCHMARK ELECTRONICS INC,Information Technology,,mid,85.12,1.8534,1.0185,1.1723,1.3174,STRONG_DOWN,103.38,141.37,104.26,-12.85,56.0,49.29,0.5943,LOW,-,82.174,68.6268,51.1148,1,160.6195,TREND+LEAD,34.294
211,-53,CORZ,CORE SCIENTIFIC INC,Information Technology,,mid,25.26,1.8161,1.0617,1.1583,1.2995,STRONG_DOWN,66.62,136.52,505.76,-40.74,56.0,64.38,0.8322,LOW,-,22.6425,19.5894,17.5058,1,118.7472,TREND+LEAD,34.2698
212,-40,STNG,SCORPIO TANKERS INC,Energy,,mid,80.21,1.5763,0.9705,0.98,1.0108,STRONG_DOWN,34.09,105.28,4.55,-23.26,54.8,39.7,0.5602,LOW,-,82.4115,77.1234,63.1211,1,145.3277,TREND+LEAD,34.2114
213,-51,RCUS,ARCUS BIOSCIENCES INC,Health Care,,mid,23.43,1.9946,0.9919,0.8798,1.0668,FLAT,10.36,159.76,43.92,-27.78,55.6,67.13,0.3193,LOW,-,24.6995,23.4594,19.7043,1,132.317,TREND+LEAD,34.1932
214,-19,EME,Emcor,Industrials,Construction & Engineering,large,848.91,1.4096,0.9587,0.9344,0.9678,FLAT,45.75,83.57,118.55,-25.15,57.6,38.48,0.515,LOW,-,895.804,823.4388,705.4894,1,125.1009,TREND+LEAD,34.1914
215,-25,DAN,DANA INCORPORATED INC,Consumer Discretionary,,mid,34.16,1.6253,1.0165,0.8431,0.8848,FLAT,76.67,111.67,164.82,-17.13,51.2,38.49,0.3635,LOW,-,34.7138,34.5453,26.4462,1,148.5464,TREND+LEAD,34.0263
216,11,PLPC,PREFORMED LINE PRODUCTS,Industrials,,small,357.82,1.9953,1.0567,0.9756,1.2695,FLAT,92.45,159.85,182.9,-22.33,59.2,62.89,0.6506,LOW,-,344.502,313.2458,242.9078,1,150.4709,TREND+LEAD,34.0124
217,-8,AXSM,AXSOME THERAPEUTICS INC,Health Care,,mid,235.97,1.7245,1.028,1.215,1.2764,STRONG_DOWN,64.66,124.58,218.1,-18.5,53.2,43.91,0.9506,LOW,-,218.3865,189.9996,156.7084,1,150.9417,TREND+LEAD,33.9918
218,-17,ELVN,ENLIVEN THERAPEUTICS INC,Health Care,,mid,41.54,1.9449,1.0384,0.8988,1.3485,FLAT,95.3,153.29,80.77,-36.84,50.4,65.81,0.5673,LOW,-,41.698,39.9632,26.4488,1,117.3978,TREND+LEAD,33.8839
219,-28,RHLD,RESOLUTE HOLDINGS MANAGEMENT INC,Industrials,,small,112.73,2.4466,1.0218,0.7796,0.5732,STRONG_UP,-31.67,218.63,214.1,-54.59,52.8,99.1,0.5119,LOW,-,120.128,138.5548,139.9556,0,116.4831,WEAK,33.8554
220,45,DY,DYCOM INDUSTRIES INC,Industrials,,large,411.2,1.4021,0.9707,0.9586,0.882,STRONG_UP,27.16,82.59,,-24.43,55.6,45.77,1.0295,MED,-,426.073,392.5456,341.526,1,100.3318,TREND+LEAD,33.7247
221,70,DIOD,DIODES INC,Information Technology,,mid,99.65,1.6985,1.0409,0.9139,1.3221,FLAT,135.25,121.2,37.58,-27.44,52.4,56.54,1.291,MED,-,103.9185,88.7658,63.4078,1,112.3242,TREND+LEAD,33.7056
222,-36,PTGX,PROTAGONIST THERAPEUTICS INC,Health Care,,mid,99.19,1.6681,0.9754,0.9497,1.0434,FLAT,17.8,117.24,224.79,-16.38,55.2,43.93,0.5006,LOW,-,100.637,101.2485,83.243,1,147.3124,TREND+LEAD,33.6577
223,31,AAPL,Apple Inc.,Information Technology,"Technology Hardware, Storage & Peripherals",large,308.82,1.2192,1.0271,1.0919,1.0442,FLAT,16.2,58.78,66.68,-13.8,54.8,22.17,0.9962,LOW,-,289.2176,270.3579,261.0886,1,145.2871,TREND+LEAD,33.6245
224,86,AMRC,AMERESCO INC CLASS A,Industrials,,small,31.77,1.7872,1.0146,1.0895,0.8787,FLAT,4.1,132.75,-1.43,-44.48,52.8,64.76,1.1446,MED,-,30.1945,27.77,30.5748,1,108.2312,TREND+LEAD,33.6012
225,-12,MRCY,MERCURY SYSTEMS INC,Industrials,,mid,98.55,1.6032,1.0454,1.2099,1.0207,FLAT,49.05,108.79,213.06,-32.19,54.8,48.34,0.6185,LOW,-,87.8305,82.4532,79.1249,1,123.331,TREND+LEAD,33.5757
226,-37,CDE,COEUR MINING INC,Materials,,large,17.63,1.7333,0.998,0.8742,0.6541,STRONG_UP,27.2,125.74,228.31,-40.44,52.4,73.33,0.4471,LOW,EARLY,18.1985,18.7238,18.4029,0,89.8483,WEAK,33.4553
227,-34,BKR,Baker Hughes,Energy,Oil & Gas Equipment & Services,large,66.06,1.4045,0.9884,0.9206,0.9415,FLAT,38.4,82.91,116.13,-16.86,58.0,35.01,0.8245,LOW,-,66.3732,63.0853,53.042,1,137.3507,TREND+LEAD,33.4132
228,15,VSCO,VICTORIA S SECRET,Consumer Discretionary,,mid,52.45,1.8085,1.159,0.9515,0.7737,STRONG_UP,55.22,135.52,155.48,-35.55,51.2,62.05,0.8507,LOW,-,48.938,48.6278,43.5676,1,111.822,TREND+LEAD,33.3751
229,-46,INVX,INNOVEX INTERNATIONAL INC,Energy,,small,30.05,1.6376,0.9825,1.0313,0.9559,FLAT,37.34,113.27,64.93,-17.91,55.2,41.02,0.5786,LOW,-,28.25,26.5394,22.5898,1,152.4282,TREND+LEAD,33.3655
230,-4,MDGL,MADRIGAL PHARMACEUTICALS INC,Health Care,,large,517.26,1.4845,0.9812,0.9666,1.0807,FLAT,-4.59,93.32,120.25,-29.36,49.6,41.35,0.4879,LOW,-,518.017,507.335,484.5097,1,111.9447,TREND+LEAD,33.302
231,3,FDX,FedEx,Industrials,Air Freight & Logistics,large,394.2,1.4285,1.0562,0.9728,0.9413,STRONG_UP,51.21,86.03,65.03,-11.67,56.0,34.03,0.6185,LOW,-,380.567,371.9184,302.0404,1,141.5728,TREND+LEAD,33.198
232,62,MRK,Merck & Co.,Health Care,Pharmaceuticals,large,122.41,1.2556,1.0773,1.0474,0.9148,STRONG_UP,30.96,63.52,-0.36,-11.37,52.8,27.04,1.2791,MED,-,112.8015,115.6814,101.3238,1,124.0279,TREND+LEAD,33.1356
233,-27,OLMA,OLEMA PHARMACEUTICALS INC,Health Care,,small,13.68,2.0842,1.0505,0.8434,0.5094,STRONG_UP,-37.85,171.43,56.7,-64.0,47.2,77.97,0.7033,LOW,-,14.238,14.886,16.565,0,103.7762,WEAK,33.0417
234,-35,AMLX,AMYLYX PHARMACEUTICALS INC,Health Care,,small,13.58,1.9638,1.0461,0.7631,0.8487,FLAT,0.07,155.74,662.92,-30.61,50.8,57.91,0.7043,LOW,-,14.8732,15.2421,13.555,1,136.6222,TREND+LEAD,32.9197
235,-16,ZYME,ZYMEWORKS INC,Health Care,,small,25.61,1.7041,1.0385,0.8726,0.9963,FLAT,7.51,121.92,194.03,-20.28,53.6,44.37,0.6605,LOW,-,25.741,25.7203,21.9191,1,147.2867,TREND+LEAD,32.8833
236,-21,IESC,IES INC,Industrials,,mid,659.65,2.0711,0.9988,1.053,1.1812,STRONG_DOWN,84.29,169.72,315.74,-21.8,54.8,67.02,0.6655,LOW,-,652.928,562.3032,447.2658,1,138.7729,TREND+LEAD,32.8693
237,25,ACLS,AXCELIS TECHNOLOGIES INC,Information Technology,,mid,156.94,2.0663,1.0631,1.0499,1.7644,FLAT,111.74,169.1,43.64,-26.2,52.4,69.78,0.6358,LOW,-,150.631,123.151,95.0192,1,126.9837,TREND+LEAD,32.8114
238,-40,CYTK,CYTOKINETICS INC,Health Care,,mid,76.94,1.9345,1.0138,1.1278,1.009,FLAT,21.17,151.93,57.08,-15.01,51.6,54.53,,LOW,-,72.2425,67.4324,60.5416,1,143.7683,TREND+LEAD,32.7423
239,49,QBTS,D WAVE QUANTUM INC,Information Technology,,mid,29.4,1.2008,1.528,1.5224,1.4484,STRONG_UP,43.34,56.38,2412.82,-71.01,49.2,118.19,4.4451,HIGH,-,21.4395,18.5854,22.9781,1,23.471,TREND+LEAD,32.6862
240,-19,AGX,ARGAN INC,Industrials,,mid,656.35,2.4938,0.9781,0.9624,1.3492,FLAT,86.16,224.78,874.86,-24.96,53.6,95.23,0.5952,LOW,-,679.616,601.5576,389.6511,1,126.5164,TREND+LEAD,32.6038
241,8,GS,Goldman Sachs,Financials,Investment Banking & Brokerage,large,996.73,1.3052,1.0434,1.0296,1.0209,STRONG_UP,30.15,69.98,126.96,-19.42,58.0,33.01,0.8819,LOW,-,942.2515,896.0686,843.5846,1,122.9523,TREND+LEAD,32.5965
242,-20,ESPR,ESPERION THERAPEUTICS INC,Health Care,,small,3.13,3.0423,0.9906,1.5691,0.872,FLAT,6.1,296.2,39.11,-53.19,48.0,130.08,0.6023,LOW,-,2.889,2.5852,2.9219,1,109.2998,TREND+LEAD,32.5465
243,106,SYNA,SYNAPTICS INC,Information Technology,,mid,143.69,1.8745,1.1946,1.4658,1.6296,STRONG_DOWN,145.54,144.12,62.11,-29.31,52.0,69.23,1.1735,MED,-,114.199,91.276,78.5146,1,108.2526,TREND+LEAD,32.54
244,82,ECVT,ECOVYST INC,Materials,,small,13.81,1.4526,0.9487,0.9568,1.0954,STRONG_DOWN,69.66,89.18,49.62,-16.33,53.2,34.79,1.3509,MED,-,14.2555,13.5486,10.5257,1,136.3689,TREND+LEAD,32.4285
245,-38,DCO,DUCOMMUN INC,Industrials,,small,144.37,1.6365,0.9839,0.9916,1.055,STRONG_DOWN,66.34,113.12,149.56,-16.03,58.8,43.22,0.7538,LOW,-,142.867,135.961,109.7436,1,153.9027,TREND+LEAD,32.4243
246,-15,NXT,NEXTPOWER INC CLASS A,Industrials,,large,130.5,1.7878,0.9613,1.0292,0.9949,FLAT,52.06,132.83,154.29,-23.27,52.4,69.77,1.3537,MED,-,125.9575,120.0468,97.6982,1,99.7589,TREND+LEAD,32.3151
247,14,PLXS,PLEXUS CORP,Information Technology,,mid,265.72,1.5747,1.0168,1.0014,1.1975,FLAT,100.18,105.08,138.49,-15.51,55.2,41.09,0.6645,LOW,-,259.4685,232.8656,176.1263,1,141.1614,TREND+LEAD,32.2718
248,4,CSCO,Cisco,Information Technology,Communications Equipment,large,120.41,1.4987,1.0034,1.2953,1.4243,STRONG_DOWN,61.33,95.19,172.28,-13.57,56.8,38.03,0.9438,LOW,-,101.809,89.7747,77.2804,1,142.165,TREND+LEAD,32.2288
249,-20,AVGO,Broadcom,Information Technology,Semiconductors,large,414.14,1.4016,0.9752,0.938,1.1722,FLAT,19.89,82.54,203.31,-28.67,54.4,41.87,0.5873,LOW,-,419.09,376.9606,348.894,1,107.2353,TREND+LEAD,32.2103
250,-38,TDAY,USA TODAY INC,Communication,,small,7.56,1.6974,0.9841,0.9929,1.188,STRONG_DOWN,71.43,121.05,119.13,-20.32,49.6,40.42,0.4903,LOW,-,7.359,7.0958,5.5093,1,148.5455,TREND+LEAD,32.178
251,99,LION,LIONSGATE STUDIOS CORP,Communication,,mid,14.95,1.7393,1.1791,1.2524,1.672,STRONG_DOWN,119.53,126.52,56.54,-24.05,48.0,60.61,3.1431,HIGH,-,12.597,11.2158,8.5293,1,100.1935,TREND+LEAD,32.1637
252,-8,C,Citigroup,Financials,Diversified Banks,large,125.09,1.3439,1.0123,0.9403,1.0546,FLAT,29.4,75.03,109.86,-14.76,56.8,31.63,0.3597,LOW,-,125.7852,121.3178,108.7826,1,134.7276,TREND+LEAD,32.1459
253,-45,SSRM,SSR MINING INC,Materials,,mid,29.72,1.981,0.9584,0.9315,0.8911,STRONG_UP,48.6,157.99,457.6,-30.88,56.0,79.68,0.4684,LOW,-,31.209,30.0862,24.8067,1,111.0344,TREND+LEAD,32.0965
254,-43,GEV,GE Vernova,Industrials,Heavy Electrical Equipment,large,1038.74,1.7213,1.0165,0.8655,1.0861,FLAT,86.39,124.17,544.89,-17.51,52.0,50.4,0.5904,LOW,-,1063.555,986.3199,740.4121,1,128.1112,TREND+LEAD,32.0786
255,2,MS,Morgan Stanley,Financials,Investment Banking & Brokerage,large,201.03,1.254,1.0335,1.029,1.1008,FLAT,28.06,63.31,114.78,-18.83,59.6,29.9,0.4665,LOW,-,192.2323,179.6716,167.9707,1,126.1922,TREND+LEAD,32.0577
256,-31,KTOS,KRATOS DEFENSE AND SECURITY SOLUTI,Industrials,,large,56.18,1.198,1.0264,0.8781,0.5696,STRONG_UP,-16.54,56.01,165.0,-60.15,54.8,70.08,0.6438,LOW,EARLY,57.762,68.3606,80.6957,0,43.7995,WEAK,32.0328
257,9,OII,OCEANEERING INTERNATIONAL INC,Energy,,mid,38.77,1.5677,0.9965,0.9939,0.9181,STRONG_UP,65.83,104.16,70.34,-15.27,51.2,39.68,0.586,LOW,-,37.7495,36.757,29.0208,1,134.4001,TREND+LEAD,31.8507
258,58,THR,THERMON GROUP HOLDINGS INC,Industrials,,small,65.71,1.9054,1.0163,1.1612,1.1967,STRONG_DOWN,100.58,148.15,89.37,-17.24,54.4,54.09,0.4141,LOW,-,64.0865,56.564,40.5952,1,148.9986,TREND+LEAD,31.8459
259,-8,UAMY,UNITED STATES ANTIMONY CORP,Materials,,small,8.42,2.5555,1.0374,0.8277,0.9248,FLAT,43.2,232.81,3138.46,-74.3,48.0,130.84,0.7508,LOW,-,10.1525,9.6668,7.9304,1,85.4074,TREND+LEAD,31.8174
260,-44,ORA,ORMAT TECH INC,Utilities,,mid,133.46,1.439,1.0239,1.1283,1.0612,FLAT,25.48,87.4,85.96,-20.05,57.6,38.28,0.6443,LOW,-,123.1132,115.9532,109.4751,1,131.5169,TREND+LEAD,31.7196
261,-29,TDW,TIDEWATER INC,Energy,,mid,79.29,1.5429,0.9208,0.8576,0.9177,FLAT,51.32,100.94,-22.32,-25.16,52.8,43.08,0.8635,LOW,-,83.919,82.8278,64.7024,1,123.7119,TREND+LEAD,31.6999
262,-26,PTEN,PATTERSON UTI ENERGY INC,Energy,,mid,12.31,1.7445,0.949,1.0403,1.3764,STRONG_DOWN,133.46,127.18,25.34,-20.42,55.2,51.96,0.5489,LOW,-,12.0895,11.189,7.5767,1,135.1153,TREND+LEAD,31.6888
263,-30,PWR,Quanta Services,Industrials,Construction & Engineering,large,723.44,1.658,0.9912,1.1086,1.1707,STRONG_DOWN,68.4,115.93,162.2,-11.66,56.8,46.25,0.6763,LOW,-,731.757,639.4013,494.0365,1,142.3724,TREND+LEAD,31.6532
264,6,ARCB,ARCBEST CORP,Industrials,,mid,124.57,1.5828,1.0046,0.9746,1.1459,FLAT,109.38,106.14,19.08,-30.6,52.0,47.96,0.5483,LOW,-,121.6092,110.0295,86.7925,1,115.0784,TREND+LEAD,31.6262
265,3,EYPT,EYEPOINT INC,Health Care,,small,12.93,1.748,1.0948,0.8991,0.6972,STRONG_UP,-5.21,127.64,16.38,-37.93,53.2,55.42,0.7274,LOW,-,13.142,13.4554,13.9686,0,122.5279,WEAK,31.6207
266,40,ROG,ROGERS CORP,Information Technology,,small,135.13,1.5863,1.0005,0.9842,1.1479,FLAT,78.84,106.59,15.4,-14.4,51.6,38.12,0.6097,LOW,-,135.9435,121.4366,97.334,1,144.2813,TREND+LEAD,31.2108
267,68,CLSK,CLEANSPARK INC,Information Technology,,mid,15.97,1.3101,1.1771,1.1984,1.4185,STRONG_DOWN,63.29,70.62,-6.55,-64.74,51.6,73.15,1.0272,MED,-,13.622,11.5744,12.39,1,49.8151,TREND+LEAD,31.1835
268,-18,CHRW,C.H. Robinson,Industrials,Air Freight & Logistics,large,174.23,1.4237,1.0169,0.9115,0.9062,STRONG_UP,18.14,85.41,115.22,-20.07,54.0,40.72,0.7882,LOW,-,173.06,172.195,157.5216,1,113.2695,TREND+LEAD,31.1072
269,188,KURA,KURA ONCOLOGY INC,Health Care,,small,11.25,1.5316,1.2114,1.1633,1.2342,FLAT,2.46,99.47,-47.5,-39.04,49.2,56.06,1.5516,HIGH,-,9.48,9.019,9.1671,1,87.2963,TREND+LEAD,30.9728
270,-60,TWST,TWIST BIOSCIENCE CORP,Health Care,,mid,60.57,1.6458,1.2051,0.9517,1.1472,FLAT,132.34,114.33,46.45,-38.24,51.6,72.05,1.2733,MED,-,56.227,53.0406,39.0769,1,81.8805,TREND+LEAD,30.8214
271,24,PRLB,PROTO LABS INC,Industrials,,small,71.36,1.4882,0.9786,1.0574,1.0367,FLAT,52.45,93.81,131.31,-19.51,51.6,35.56,0.9684,LOW,-,68.557,63.201,55.5452,1,136.1214,TREND+LEAD,30.6158
272,246,EL,Estée Lauder Companies (The),Consumer Staples,Personal Care Products,large,88.32,1.0818,1.0935,1.0867,0.7065,STRONG_UP,2.68,40.88,-27.26,-43.62,52.4,55.88,1.7975,HIGH,SHIFT,81.046,78.1126,93.1574,0,38.3353,WEAK,30.5828
273,-45,BBIO,BRIDGEBIO PHARMA INC,Health Care,,large,69.12,1.5919,1.0483,0.9031,0.9302,FLAT,6.96,107.32,148.99,-20.25,51.2,48.02,0.7441,LOW,-,68.4755,71.2266,65.9758,1,114.4254,TREND+LEAD,30.5337
274,3,TPR,"Tapestry, Inc.",Consumer Discretionary,"Apparel, Accessories & Luxury Goods",large,138.49,1.4034,1.0459,0.9089,0.8262,STRONG_UP,36.37,82.77,248.78,-19.21,57.2,42.51,0.4565,LOW,-,137.3585,142.3078,125.9035,1,111.3722,TREND+LEAD,30.4754
275,-16,INCY,Incyte,Health Care,Biotechnology,large,97.16,1.1612,1.0111,0.9829,0.8839,STRONG_UP,-4.52,51.22,69.12,-18.33,54.4,24.54,0.5727,LOW,-,97.459,95.528,95.347,1,113.5479,TREND+LEAD,30.4114
276,0,APH,Amphenol,Information Technology,Electronic Components,large,132.06,1.1937,1.0748,0.8446,0.8029,STRONG_UP,1.7,55.46,96.77,-28.19,57.6,47.4,1.8314,HIGH,EARLY,133.0605,134.9674,132.5988,0,67.3928,WEAK,30.3076
277,25,PDFS,PDF SOLUTIONS INC,Information Technology,,small,46.09,1.9286,1.0462,0.9492,1.277,FLAT,92.2,151.17,32.29,-24.65,54.0,63.9,0.8879,LOW,-,45.8515,40.6246,30.7911,1,127.7507,TREND+LEAD,30.2623
278,-37,WELL,Welltower,Real Estate,Health Care REITs,large,216.17,1.1299,1.0072,0.9949,0.9561,STRONG_UP,10.17,47.14,123.96,-12.61,59.6,22.82,0.5049,LOW,-,215.1329,208.1206,189.7198,1,123.1273,TREND+LEAD,30.1086
279,11,PHIN,PHINIA INC,Consumer Discretionary,,mid,74.8,1.3687,0.9875,0.9719,0.8729,STRONG_UP,46.5,78.25,76.48,-20.37,55.6,37.11,0.3759,LOW,-,75.6425,71.6144,63.1908,1,117.2369,TREND+LEAD,30.0846
280,-34,MIRM,MIRUM PHARMACEUTICALS INC,Health Care,,mid,98.62,1.7211,1.0231,1.0321,0.8435,FLAT,42.6,124.14,287.2,-20.55,56.0,57.49,0.4373,LOW,-,101.4727,96.5689,83.5336,1,120.9191,TREND+LEAD,30.0648
281,-34,IBRX,IMMUNITYBIO INC,Health Care,,mid,7.22,2.1913,0.894,0.9292,0.5747,FLAT,257.43,185.38,8.08,-42.44,50.0,106.58,0.8177,LOW,-,7.7175,7.7347,4.6983,1,86.9654,TREND+LEAD,30.0299
282,-15,JBHT,J.B. Hunt,Industrials,Cargo Ground Transportation,large,258.77,1.4599,0.9804,0.9986,1.0692,STRONG_DOWN,63.46,90.12,67.26,-15.87,51.2,36.71,0.8767,LOW,-,249.5,231.6238,190.6549,1,125.6967,TREND+LEAD,30.0239
283,-25,HG,HAMILTON INSURANCE GROUP LTD CLASS,Financials,,mid,31.55,1.2578,0.9721,0.9247,1.0159,FLAT,31.16,63.81,102.77,-8.48,54.4,24.82,0.5338,LOW,-,31.4015,30.7928,26.1961,1,139.8542,TREND+LEAD,29.9827
284,-24,XMTR,XOMETRY INC CLASS A,Industrials,,mid,89.21,2.0454,1.0047,1.7903,1.8455,STRONG_DOWN,61.06,166.38,472.59,-49.93,56.4,116.75,0.396,LOW,-,71.8783,54.2777,54.688,1,80.3745,TREND+LEAD,29.9551
285,-7,BG,Bunge Global,Consumer Staples,Agricultural Products & Services,large,120.71,1.2129,0.9594,0.9254,0.9058,STRONG_UP,30.82,57.96,24.54,-15.39,48.4,27.99,1.0414,MED,-,124.6565,124.6136,102.9886,1,100.2244,TREND+LEAD,29.9167
286,-51,FSBC,FIVE STAR BANCORP,Financials,,small,41.96,1.1968,1.0099,0.9981,0.9818,STRONG_UP,29.25,55.86,93.31,-13.07,49.2,20.43,,LOW,-,40.9367,39.4882,36.0597,1,134.5273,TREND+LEAD,29.9114
287,46,QCOM,Qualcomm,Information Technology,Semiconductors,large,238.16,1.2874,1.1586,1.532,1.522,FLAT,50.96,67.66,23.23,-33.13,54.4,66.18,1.6509,HIGH,-,194.895,156.5634,159.3766,1,55.6144,TREND+LEAD,29.9085
288,-4,FIGS,FIGS INC CLASS A,Consumer Discretionary,,mid,12.54,2.1884,1.0802,0.7272,1.0518,FLAT,37.65,185.0,143.5,-32.94,51.2,94.43,0.408,LOW,-,13.278,14.281,10.8261,1,100.3071,TREND+LEAD,29.8759
289,-13,WT,WISDOMTREE INC,Financials,,mid,19.08,1.5765,0.9753,1.1178,1.0526,FLAT,78.43,105.3,98.71,-26.67,52.8,50.21,0.6202,LOW,-,18.3859,16.5987,14.3602,1,110.7367,TREND+LEAD,29.7878
290,11,VLO,Valero Energy,Energy,Oil & Gas Refining & Marketing,large,246.96,1.5129,0.9508,1.0074,1.1444,STRONG_DOWN,46.15,97.03,61.79,-14.19,55.6,42.4,0.6656,LOW,-,246.2594,241.2444,189.1853,1,127.234,TREND+LEAD,29.7602
291,-52,CC,CHEMOURS,Materials,,mid,21.37,1.6281,0.9228,0.7717,1.0764,FLAT,105.68,112.03,-14.85,-39.78,54.8,67.89,0.5388,LOW,-,24.4542,22.6739,16.602,1,90.426,TREND+LEAD,29.7138
292,0,NTRS,Northern Trust,Financials,Asset Management & Custody Banks,large,167.77,1.2485,1.0056,0.9794,1.0968,FLAT,35.01,62.6,114.36,-12.39,56.0,27.88,0.6354,LOW,-,164.121,154.08,139.1332,1,125.7357,TREND+LEAD,29.6222
293,-14,ENVA,ENOVA INTERNATIONAL INC,Financials,,mid,157.51,1.3336,0.9439,0.905,1.0493,FLAT,30.82,73.68,167.06,-24.75,56.4,36.94,0.7086,LOW,-,167.3535,154.1106,138.9551,1,112.494,TREND+LEAD,29.5043
294,-1,DDOG,Datadog,Information Technology,Application Software,large,222.32,1.4914,1.0547,1.644,1.9571,STRONG_DOWN,39.32,94.23,82.05,-48.62,48.0,78.94,0.6487,LOW,-,179.5445,144.9616,141.9114,1,57.2995,TREND+LEAD,29.4884
295,5,MBX,MBX BIOSCIENCES INC,Health Care,,small,31.85,2.0129,1.0184,0.9542,0.7972,STRONG_UP,17.83,162.14,34.67,-37.6,50.4,77.86,0.7518,LOW,-,32.7633,31.6181,26.7704,1,104.9557,TREND+LEAD,29.3973
296,-102,INSM,Insmed Incorporated,Health Care,Biotechnology,large,106.24,1.208,0.9822,0.7526,0.6157,STRONG_UP,-46.78,57.32,350.17,-52.06,54.4,68.94,0.859,LOW,EARLY,119.9655,137.315,155.9924,0,45.2329,WEAK,29.3795
297,63,JOBY,JOBY AVIATION INC CLASS A,Industrials,,mid,10.92,1.2647,1.0452,1.2301,1.0328,FLAT,-16.26,64.71,127.03,-61.06,48.8,68.15,1.3426,MED,SHIFT,9.954,9.3046,12.9587,0,46.3338,WEAK,29.3316
298,-29,SFL,SFL LTD,Energy,,small,12.28,1.1688,0.9724,1.0757,1.0615,FLAT,54.72,52.21,0.83,-27.85,53.6,26.98,1.1396,MED,-,12.054,11.2436,8.9906,1,103.7319,TREND+LEAD,29.0612
299,-61,FSLR,First Solar,Information Technology,Semiconductors,large,257.85,1.2501,1.0933,1.2742,0.9747,FLAT,4.89,62.8,3.22,-35.1,51.2,52.51,1.0092,MED,-,222.085,205.6488,225.5634,1,61.2378,TREND+LEAD,29.0508
300,-4,OIS,OIL STATES INTERNATIONAL INC,Energy,,small,8.85,1.5586,0.955,0.7648,0.5654,STRONG_UP,51.02,102.98,95.36,-39.82,53.6,54.42,0.4681,LOW,-,9.717,10.7534,8.1613,1,101.4299,TREND+LEAD,28.9781
301,-9,MIAX,MIAMI INTERNATIONAL HOLDINGS INC,Financials,,mid,51.42,1.2844,0.9345,1.0733,1.1949,STRONG_DOWN,20.85,67.27,67.27,-26.79,56.19,32.49,0.6663,LOW,-,50.7665,45.073,,0,116.3472,WEAK,28.9237
302,-15,EBAY,eBay Inc.,Consumer Discretionary,Broadline Retail,large,115.75,1.2532,1.0021,1.1316,1.2517,STRONG_DOWN,45.59,63.21,126.4,-20.67,56.4,32.48,0.6995,LOW,-,109.513,101.1296,91.9653,1,109.7597,TREND+LEAD,28.8331
303,9,DD,DuPont,Materials,Specialty Chemicals,large,48.12,1.3375,0.98,0.9984,0.8731,FLAT,31.34,74.19,52.12,-17.31,52.4,34.9,0.6034,LOW,-,47.9312,46.5556,40.4734,1,111.3844,TREND+LEAD,28.8195
304,-18,AMRX,AMNEAL PHARMACEUTICALS INC CLASS A,Health Care,,mid,12.42,1.332,1.0322,0.9498,0.7788,STRONG_UP,7.86,73.46,92.86,-22.25,52.8,36.07,0.4665,LOW,-,12.6797,12.5815,11.9276,1,107.5376,TREND+LEAD,28.8039
305,-50,TRVI,TREVI THERAPEUTICS INC,Health Care,,small,14.13,1.7249,1.0423,0.9389,1.1516,FLAT,32.68,124.64,456.3,-29.5,51.6,55.74,0.8607,LOW,-,14.222,13.2542,11.2048,1,115.3847,TREND+LEAD,28.7924
306,-64,NAT,NORDIC AMERICAN TANKERS LTD,Energy,,small,5.4,1.6432,0.9726,0.9333,1.0238,FLAT,49.28,113.99,50.76,-14.01,54.0,47.1,0.5394,LOW,-,5.6565,5.6768,4.1418,1,130.6907,TREND+LEAD,28.7425
307,0,NTCT,NETSCOUT SYSTEMS INC,Information Technology,,mid,41.01,1.3787,1.0433,1.1806,1.3173,STRONG_DOWN,61.01,79.55,98.02,-17.38,52.0,33.31,0.9557,LOW,-,37.171,34.1372,28.6382,1,124.1902,TREND+LEAD,28.7012
308,68,ATEN,A10 NETWORKS INC,Information Technology,,small,29.16,1.3306,1.0273,1.0152,1.4147,FLAT,76.24,73.29,99.09,-17.26,56.4,32.49,0.6627,LOW,-,27.6385,25.5006,19.8384,1,127.2313,TREND+LEAD,28.5799
309,-45,KEYS,Keysight Technologies,Information Technology,Electronic Equipment & Instruments,large,346.56,1.6629,1.0083,0.9564,1.0568,FLAT,104.26,116.56,140.93,-14.0,58.4,59.01,0.7457,LOW,-,350.529,324.1238,230.3452,1,115.3545,TREND+LEAD,28.549
310,-7,EWTX,EDGEWISE THERAPEUTICS INC,Health Care,,mid,32.7,1.767,1.0212,0.9914,0.9726,STRONG_UP,46.97,130.12,88.91,-19.94,48.4,58.1,0.4868,LOW,-,33.0895,32.3588,24.0883,1,108.3957,TREND+LEAD,28.4991
311,11,PLD,Prologis,Real Estate,Industrial REITs,large,145.9,1.1142,1.0156,0.9831,0.9637,STRONG_UP,20.39,45.11,47.78,-9.59,53.6,20.07,,LOW,-,142.2545,138.0714,126.5335,1,120.4635,TREND+LEAD,28.4806
312,68,IBKR,Interactive Brokers,Financials,Investment Banking & Brokerage,large,81.35,1.2155,0.9358,1.0166,1.041,STRONG_DOWN,32.45,58.3,164.58,-18.7,54.4,38.28,1.7705,HIGH,-,83.0665,76.032,69.8976,1,82.8529,TREND+LEAD,28.4106
313,52,WSR,WHITESTONE REIT,Real Estate,,small,18.99,1.2508,0.9906,0.9595,1.1734,FLAT,45.63,62.89,61.89,-12.73,53.2,29.02,1.3079,MED,-,18.9645,18.0047,14.4411,1,115.2895,TREND+LEAD,28.3875
314,-7,ADM,Archer Daniels Midland,Consumer Staples,Agricultural Products & Services,large,77.52,1.2808,0.9554,1.0792,1.0546,FLAT,35.85,66.8,36.96,-12.79,51.6,29.21,0.588,LOW,-,77.2433,72.868,64.1142,1,117.9959,TREND+LEAD,28.3485
315,-40,HCC,WARRIOR MET COAL INC,Materials,,mid,83.93,1.4289,0.9713,0.9281,0.8528,STRONG_UP,15.07,86.09,29.98,-24.41,52.4,44.53,0.5376,LOW,-,86.5421,88.5422,79.0997,1,101.304,TREND+LEAD,28.3069
316,-27,MAZE,MAZE THERAPEUTICS INC,Health Care,,small,25.78,1.9256,1.0424,0.9564,0.5232,STRONG_UP,-27.52,150.78,61.63,-52.81,50.4,85.72,0.4602,LOW,-,25.954,30.6612,32.8006,0,88.6517,WEAK,28.2595
317,-20,NG,NOVAGOLD RESOURCES INC,Materials,,mid,7.73,1.658,0.956,0.8576,0.6089,STRONG_UP,-6.53,115.92,118.98,-45.56,51.6,81.29,0.5549,LOW,EARLY,8.3295,8.8142,9.0366,0,73.583,WEAK,28.2279
318,16,ADEA,ADEIA INC,Information Technology,,mid,26.86,1.6526,0.9711,0.8485,1.2543,FLAT,130.25,115.22,135.01,-34.81,51.6,66.34,0.7838,LOW,-,29.651,27.4426,19.1333,1,89.6233,TREND+LEAD,28.2101
319,4,VLY,VALLEY NATIONAL,Financials,,mid,13.55,1.2463,1.027,0.9704,0.9769,FLAT,31.72,62.31,102.68,-13.64,53.2,27.12,0.7173,LOW,-,13.343,12.9052,11.6278,1,122.2211,TREND+LEAD,28.1857
320,-64,ODC,OIL DRI CORPORATION OF AMERICA,Consumer Staples,,small,74.85,1.2201,0.9735,0.9662,1.0623,FLAT,39.54,58.9,90.1,-32.73,56.0,30.06,0.8384,LOW,-,75.0354,70.2682,61.2717,1,109.7272,TREND+LEAD,28.1583
321,49,EGBN,EAGLE BANCORP INC,Financials,,small,26.19,1.1645,1.0341,0.9538,0.949,STRONG_UP,53.45,51.65,44.49,-26.57,54.8,25.56,0.5799,LOW,-,25.7625,25.7415,22.2946,1,110.7455,TREND+LEAD,28.0959
322,2,MCHP,Microchip Technology,Information Technology,Semiconductors,large,93.43,1.3048,0.9978,1.0002,1.1312,STRONG_DOWN,93.45,69.93,0.01,-34.41,50.0,44.83,0.8934,LOW,-,94.648,80.0312,69.4264,1,77.9974,TREND+LEAD,28.0289
323,61,SNDX,SYNDAX PHARMACEUTICALS INC,Health Care,,mid,19.94,1.5544,1.0177,0.8926,0.8929,FLAT,16.95,102.44,-0.85,-24.02,50.0,48.89,0.6776,LOW,-,20.4045,22.4394,19.1808,1,104.7623,TREND+LEAD,27.9614
324,23,SHOO,STEVEN MADDEN LTD,Consumer Discretionary,,mid,41.93,1.346,1.0728,1.0406,1.0381,STRONG_UP,11.91,75.29,6.09,-31.73,48.8,41.41,0.6951,LOW,-,38.8315,36.8752,36.6136,1,88.7297,TREND+LEAD,27.9487
325,-27,BNL,BROADSTONE NET LEASE INC,Real Estate,,mid,20.4,1.0835,0.999,0.9757,0.9883,FLAT,17.54,41.1,53.77,-8.34,54.8,17.49,0.3133,LOW,-,19.9685,19.5228,18.1501,1,128.787,TREND+LEAD,27.8746
326,-27,SNEX,STONEX GROUP INC,Financials,,mid,112.12,1.5099,1.0024,1.0114,1.2148,STRONG_DOWN,99.41,96.63,239.07,-20.91,57.6,49.18,0.46,LOW,-,111.351,96.7372,74.8669,1,113.177,TREND+LEAD,27.7838
327,12,MYE,MYERS INDUSTRIES INC,Materials,,small,22.28,1.4639,1.011,0.9927,0.9093,STRONG_UP,35.03,90.64,55.39,-12.47,55.6,41.22,0.6065,LOW,-,21.656,21.4032,19.0536,1,122.2624,TREND+LEAD,27.7785
328,-46,GRDN,GUARDIAN PHARMACY SERVICES INC CLA,Health Care,,mid,38.48,1.3467,1.0642,0.9807,1.0908,FLAT,39.22,75.39,140.5,-22.74,54.4,38.9,0.5005,LOW,-,36.8035,36.8312,30.8718,1,105.4261,TREND+LEAD,27.6775
329,-92,NHC,NATIONAL HEALTHCARE CORP,Health Care,,mid,196.0,1.5001,0.9891,1.0857,1.1489,STRONG_DOWN,55.22,95.36,106.08,-13.13,52.8,40.45,0.9896,LOW,-,184.545,172.2666,141.5609,1,124.474,TREND+LEAD,27.6689
330,-19,XOM,ExxonMobil,Energy,Integrated Oil & Gas,large,154.92,1.1914,0.9562,1.0029,0.9607,FLAT,34.17,55.16,45.74,-15.69,58.0,29.66,0.6134,LOW,-,152.3385,154.733,129.3774,1,107.8593,TREND+LEAD,27.5836
331,-3,GRC,GORMAN-RUPP,Industrials,,small,72.66,1.5637,1.0025,0.9084,1.026,FLAT,67.35,103.64,126.86,-14.39,54.4,45.48,0.4772,LOW,-,74.8439,68.8651,54.1249,1,123.9701,TREND+LEAD,27.5675
332,16,GM,General Motors,Consumer Discretionary,Automobile Manufacturers,large,78.79,1.2552,1.0677,0.9666,0.8932,STRONG_UP,16.31,63.47,83.82,-16.0,52.8,32.91,0.7394,LOW,-,76.5985,76.1696,71.8387,1,101.8232,TREND+LEAD,27.4919
333,-14,SLB,Schlumberger,Energy,Oil & Gas Equipment & Services,large,57.28,1.3466,0.9929,0.9768,1.0156,FLAT,65.03,75.37,30.82,-14.3,51.6,35.37,0.4226,LOW,-,55.8125,52.7716,42.7318,1,109.9605,TREND+LEAD,27.4766
334,19,TXN,Texas Instruments,Information Technology,Semiconductors,large,309.21,1.3845,1.019,1.0737,1.3391,STRONG_DOWN,104.01,80.31,65.85,-29.57,52.4,50.14,0.9684,LOW,-,290.3713,241.2371,198.6286,1,83.9277,TREND+LEAD,27.4129
335,-15,MLYS,MINERALYS THERAPEUTICS INC,Health Care,,mid,29.85,1.4361,1.1205,1.0389,0.9159,STRONG_UP,-28.71,87.03,144.07,-51.66,46.0,66.24,0.6119,LOW,SHIFT,28.186,27.2448,32.1011,0,60.4376,WEAK,27.3543
336,5,HUM,Humana,Health Care,Managed Health Care,large,307.95,1.0679,0.9969,1.37,1.6293,STRONG_DOWN,39.09,39.07,-10.12,-47.18,56.8,45.41,0.3761,LOW,-,271.282,220.5329,242.202,1,48.8709,TREND+LEAD,27.3334
337,7,PPTA,PERPETUA RESOURCES CORP,Materials,,mid,25.32,1.4058,0.9415,0.832,0.7368,STRONG_UP,14.83,83.08,331.35,-33.8,53.6,75.3,1.7185,HIGH,EARLY,28.2195,28.7579,25.9451,0,59.1381,WEAK,27.3195
338,41,KEY,KeyCorp,Financials,Regional Banks,large,21.56,1.1062,1.0137,0.9544,0.9532,STRONG_UP,27.41,44.07,63.82,-17.76,52.8,23.82,0.2505,LOW,-,21.524,20.966,19.6448,1,97.6846,TREND+LEAD,27.3107
339,-8,AUPH,AURINIA PHARMACEUTICALS INC,Health Care,,mid,15.22,1.4464,0.9665,0.9119,0.959,FLAT,0.53,88.37,190.46,-15.91,50.0,39.04,0.8131,LOW,-,15.6715,15.4,14.2387,1,113.1741,TREND+LEAD,27.2352
340,3,MRNA,Moderna,Health Care,Biotechnology,large,46.88,1.3708,0.9653,0.8848,0.8531,STRONG_UP,109.66,78.52,-71.42,-35.51,49.2,63.22,0.5546,LOW,-,48.5145,50.6238,37.0506,1,61.1089,TREND+LEAD,27.2087
341,-5,MATX,MATSON INC,Industrials,,mid,181.84,1.2924,0.9777,1.0124,1.003,FLAT,78.93,68.31,56.0,-24.05,53.6,36.45,0.5458,LOW,-,179.8883,171.0504,133.7338,1,100.4566,TREND+LEAD,27.104
342,0,CWAN,CLEARWATER ANALYTICS HOLDINGS INC,Information Technology,,mid,24.32,0.8473,0.9874,0.9642,0.9645,FLAT,17.2,10.34,27.46,-35.8,50.4,5.87,0.2406,LOW,-,24.286,23.9682,21.7967,1,88.821,TREND_ONLY,27.0446
343,-60,NTST,NETSTREIT CORP,Real Estate,,mid,20.43,1.0513,0.9744,0.9514,0.9294,STRONG_UP,17.02,36.92,29.83,-11.24,54.4,17.49,0.8224,LOW,-,20.5095,20.071,18.6815,1,114.8246,TREND+LEAD,27.0257
344,18,ANET,Arista Networks,Information Technology,Communications Equipment,large,154.03,1.2969,1.0767,0.8337,1.0997,FLAT,28.8,68.89,104.41,-28.33,56.4,60.51,1.0709,MED,-,153.0555,147.0664,139.801,1,64.2132,TREND+LEAD,27.0142
345,9,DRH,DIAMONDROCK HOSPITALITY,Real Estate,,small,10.71,1.1571,1.0,1.0034,0.9921,FLAT,27.7,50.69,39.25,-11.92,50.4,26.33,2.0153,HIGH,-,10.51,10.0447,8.9583,1,97.0264,TREND+LEAD,26.9456
346,29,AMSC,AMERICAN SUPERCONDUCTOR CORP,Industrials,,small,51.84,1.5746,1.024,1.0032,1.4137,FLAT,74.08,105.06,243.08,-61.08,56.4,81.19,0.6516,LOW,-,52.406,42.2866,42.2727,1,72.984,TREND+LEAD,26.8173
347,-76,AHR,AMERICAN HEALTHCARE REIT INC,Real Estate,,mid,50.19,1.1493,0.9926,0.9592,0.8836,STRONG_UP,3.04,49.68,287.67,-11.77,56.8,29.07,1.1585,MED,-,50.4885,49.621,46.7771,1,97.074,TREND+LEAD,26.7125
348,-40,TPC,TUTOR PERINI CORP,Industrials,,mid,72.76,1.5636,0.9563,0.8036,0.7802,STRONG_UP,22.08,103.63,250.01,-25.17,54.4,63.06,0.4772,LOW,-,84.0632,80.7875,71.2311,1,89.4009,TREND+LEAD,26.4507
349,-17,VERA,VERA THERAPEUTICS INC CLASS A,Health Care,,mid,34.04,1.3309,0.9817,0.8648,0.7386,STRONG_UP,22.14,73.32,-8.2,-40.27,48.8,49.8,0.3594,LOW,EARLY,35.9843,38.7902,36.1032,0,71.8475,WEAK,26.3086
350,-37,XPRO,EXPRO GROUP HOLDINGS NV,Energy,,small,15.93,1.5582,0.9547,0.8588,0.826,STRONG_UP,20.96,102.93,-27.23,-16.82,49.2,46.29,0.8955,LOW,-,16.7265,16.8348,14.6633,1,109.4006,TREND+LEAD,26.2331
351,-46,UFCS,UNITED FIRE GROUP INC,Financials,,small,47.17,1.323,0.9498,1.1249,1.1496,STRONG_DOWN,31.07,72.3,117.42,-9.43,52.8,34.05,1.4128,MED,-,45.141,40.9648,35.8309,1,112.1179,TREND+LEAD,26.1268
352,-7,HST,Host Hotels & Resorts,Real Estate,Hotel & Resort REITs,large,22.38,1.2342,1.0137,1.0253,1.0454,STRONG_DOWN,37.18,60.73,37.32,-9.48,49.6,25.65,0.8038,LOW,-,21.585,20.4234,18.0883,1,117.436,TREND+LEAD,26.1163
353,142,IOVA,IOVANCE BIOTHERAPEUTICS INC,Health Care,,small,4.11,1.773,1.201,1.144,0.9996,STRONG_UP,88.53,130.9,-59.94,-54.41,46.4,108.08,1.2768,MED,-,3.603,3.63,2.8216,1,56.1964,TREND+LEAD,26.1089
354,-37,NPKI,NPK INTERNATIONAL INC,Industrials,,small,15.52,1.464,1.0175,0.9841,0.986,FLAT,38.45,90.66,103.14,-17.94,51.6,41.51,0.9075,LOW,-,15.495,14.8758,12.9186,1,112.7013,TREND+LEAD,26.1062
355,-4,HII,Huntington Ingalls Industries,Industrials,Aerospace & Defense,large,320.63,1.1159,0.9644,0.8545,0.6604,STRONG_UP,7.03,45.33,32.34,-30.64,56.4,36.73,0.4144,LOW,EARLY,335.48,371.8672,342.1261,0,69.6049,WEAK,26.0301
356,-76,LEU,CENTRUS ENERGY CORP CLASS A,Energy,,mid,179.36,1.2157,1.0273,0.8352,0.7959,STRONG_UP,-25.67,58.32,290.51,-61.35,52.0,78.24,0.801,LOW,EARLY,197.281,195.7184,249.591,0,38.7603,WEAK,26.0193
357,312,LNTH,LANTHEUS HOLDINGS INC,Health Care,,mid,103.0,1.0708,1.0956,1.1695,1.2864,STRONG_DOWN,92.2,39.45,30.38,-40.22,53.2,42.43,1.978,HIGH,-,90.984,83.9526,66.7735,1,49.4674,TREND+LEAD,26.0142
358,123,ADTN,ADTRAN HOLDINGS INC,Information Technology,,small,15.67,1.5426,1.0376,0.8862,1.3616,FLAT,111.76,100.9,200.19,-31.67,54.0,65.46,1.2313,MED,-,15.7925,14.6132,10.527,1,83.2334,TREND+LEAD,25.9243
359,70,SMCI,Supermicro,Information Technology,"Technology Hardware, Storage & Peripherals",large,35.58,0.6815,1.1425,1.1715,1.0507,FLAT,12.74,-11.25,-58.01,-66.18,48.0,106.33,1.0137,MED,SHIFT,31.08,27.9046,36.0834,0,-5.0784,WEAK,25.8913
360,-33,CSX,CSX Corporation,Industrials,Rail Transportation,large,45.52,1.1514,0.976,0.9598,0.9886,FLAT,36.1,49.95,39.97,-11.89,55.2,26.0,0.7075,LOW,-,45.271,42.9162,37.8657,1,106.0375,TREND+LEAD,25.8438
361,185,SONO,SONOS INC,Consumer Discretionary,,small,15.51,1.2291,1.041,1.0068,0.9634,STRONG_UP,-2.76,60.06,-3.24,-33.72,51.6,38.1,1.165,MED,-,14.795,14.087,15.5381,0,81.3437,WEAK,25.769
362,-20,UNFI,UNITED NATURAL FOODS INC,Consumer Staples,,mid,49.31,1.2905,0.9621,0.9806,1.1768,STRONG_DOWN,41.53,68.06,310.23,-32.49,50.8,40.5,0.3881,LOW,-,50.529,47.045,38.0275,1,85.3742,TREND+LEAD,25.7419
363,-23,TNK,TEEKAY TANKERS LTD CLASS A,Energy,,mid,77.21,1.3432,0.9941,0.9735,0.9646,STRONG_UP,27.99,74.92,14.49,-18.88,54.4,42.79,0.7024,LOW,-,78.9805,75.0182,61.9656,1,95.253,TREND+LEAD,25.7025
364,-50,PSMT,PRICESMART INC,Consumer Staples,,mid,164.65,1.2238,1.0013,0.9786,0.9752,STRONG_UP,40.75,59.38,102.77,-10.62,56.0,30.85,0.541,LOW,-,158.708,155.148,133.8925,1,107.7838,TREND+LEAD,25.6862
365,334,NTAP,NetApp,Information Technology,"Technology Hardware, Storage & Peripherals",large,139.36,1.1131,1.1447,1.2274,1.2894,STRONG_DOWN,36.34,44.96,26.97,-24.83,50.8,39.08,2.8281,HIGH,-,116.5955,108.0279,109.1348,1,58.437,TREND+LEAD,25.6379
366,-143,UEC,URANIUM ENERGY CORP,Energy,,mid,13.02,1.55,0.9771,0.8873,0.7402,STRONG_UP,17.83,101.86,84.94,-40.86,50.0,76.65,0.8423,LOW,EARLY,14.4365,14.0218,13.7386,0,66.4452,WEAK,25.609
367,-15,PSX,Phillips 66,Energy,Oil & Gas Refining & Marketing,large,177.69,1.2474,0.979,1.0523,1.0659,STRONG_DOWN,36.72,62.45,33.94,-17.28,55.2,34.95,0.4891,LOW,-,173.6615,171.0787,144.6717,1,98.6356,TREND+LEAD,25.5968
368,20,KRG,KITE REALTY GROUP TRUST REIT,Real Estate,,mid,27.03,1.024,1.0287,0.9966,0.9665,STRONG_UP,25.47,33.36,42.35,-9.27,53.2,16.2,0.4714,LOW,-,26.3965,25.5843,23.3084,1,109.5638,TREND+LEAD,25.5233
369,-88,BTU,PEABODY ENERGY CORP,Energy,,mid,24.55,1.3715,1.0242,0.8865,0.6669,STRONG_UP,-5.07,78.62,8.4,-40.67,49.6,58.54,0.6362,LOW,EARLY,24.9434,29.1518,28.5246,0,66.6104,WEAK,25.5002
370,-33,NUVB,NUVATION BIO INC CLASS A,Health Care,,small,4.72,1.5758,1.1106,0.9242,0.7694,STRONG_UP,-32.67,105.22,53.25,-57.55,49.6,75.09,0.8872,LOW,-,4.6085,4.5894,5.1229,0,69.5004,WEAK,25.4943
371,-8,EVRG,Evergy,Utilities,Electric Utilities,large,83.94,1.0062,1.0146,0.9894,0.9432,STRONG_UP,12.83,31.04,68.33,-7.3,59.6,17.07,0.8169,LOW,-,82.379,81.9748,76.5885,1,108.3845,TREND+LEAD,25.4854
372,24,FFIV,"F5, Inc.",Information Technology,Communications Equipment,large,393.63,1.0714,1.0269,1.2432,1.3303,STRONG_DOWN,74.3,39.54,131.62,-34.73,53.6,33.31,0.6018,LOW,-,350.375,318.0832,292.4299,1,63.6178,TREND+LEAD,25.4787
373,-43,CVX,Chevron Corporation,Energy,Integrated Oil & Gas,large,191.43,1.1216,0.9758,0.9987,0.9582,FLAT,29.78,46.07,32.86,-13.99,56.4,26.07,0.441,LOW,-,187.8857,191.685,166.0832,1,99.6739,TREND+LEAD,25.4512
374,-89,NVDA,Nvidia,Information Technology,Semiconductors,large,215.33,1.2597,0.9595,0.9899,1.0265,STRONG_DOWN,19.22,64.05,107.57,-20.21,54.8,38.31,0.9748,LOW,-,214.7455,196.8078,187.0196,1,91.6189,TREND+LEAD,25.3908
375,-50,TK,TEEKAY CORPORATION CORP LTD,Energy,,small,13.34,1.3986,0.9796,0.9856,0.9922,STRONG_DOWN,33.8,82.14,83.11,-16.68,51.6,41.97,1.0348,MED,-,13.5205,12.741,10.2808,1,100.9893,TREND+LEAD,25.3784
376,-131,GNK,GENCO SHIPPING AND TRADING LTD,Industrials,,small,23.39,1.4299,0.9488,0.9659,0.9396,FLAT,39.43,86.22,23.13,-19.16,55.6,44.7,0.5505,LOW,-,24.4839,23.4193,19.3152,1,107.2399,TREND+LEAD,25.3628
377,-22,SGHC,SUPER GROUP LTD,Consumer Discretionary,,mid,13.51,1.2444,0.9733,1.0324,1.1783,STRONG_DOWN,17.11,62.06,282.16,-39.53,51.2,43.65,0.6356,LOW,-,13.123,11.8292,11.4932,1,72.7988,TREND+LEAD,25.3611
378,36,CMC,COMMERCIAL METALS,Materials,,mid,71.9,1.2115,1.0165,0.9951,0.8942,STRONG_UP,26.08,57.77,32.22,-29.96,50.4,37.71,0.5739,LOW,-,70.075,66.1045,65.2277,1,77.2153,TREND+LEAD,25.3495
379,23,NTB,BANK OF NT BUTTERFIELD & SON LTD,Financials,,mid,56.01,1.0565,0.9912,0.9686,1.0188,FLAT,25.89,37.59,77.24,-11.44,52.4,17.87,0.8326,LOW,-,55.3088,54.0392,48.4515,1,110.2362,TREND+LEAD,25.3383
380,176,PRIM,PRIMORIS SERVICES CORP,Industrials,,mid,117.55,1.2735,1.072,0.6559,0.7118,FLAT,0.83,65.85,122.49,-50.11,55.2,117.71,1.7431,HIGH,EARLY,134.452,145.2036,136.1549,0,30.8785,WEAK,25.3265
381,-8,PBF,PBF ENERGY INC CLASS A,Energy,,mid,40.21,1.5743,0.9453,0.9514,1.069,STRONG_DOWN,17.42,105.02,-11.48,-34.86,55.6,74.41,0.5686,LOW,-,41.8645,43.1512,34.1192,1,78.4756,TREND+LEAD,25.3163
382,66,POWI,POWER INTEGRATIONS INC,Information Technology,,mid,70.85,1.1125,1.0379,0.9225,1.3896,FLAT,131.6,44.88,-4.06,-47.83,51.6,56.13,1.0886,MED,-,71.665,61.163,46.4741,1,41.2579,TREND+LEAD,25.2961
383,-54,CVS,CVS Health,Health Care,Health Care Services,large,93.26,1.2203,0.9625,1.1457,1.1659,STRONG_DOWN,24.74,58.92,81.74,-16.44,57.6,34.6,0.5863,LOW,-,89.232,80.3093,76.7459,1,98.0863,TREND+LEAD,25.2044
384,123,CTLP,CANTALOUPE INC,Financials,,small,11.2,1.0154,0.9906,0.9847,0.975,STRONG_UP,6.16,32.23,68.67,-10.26,44.81,13.04,0.0,LOW,-,10.9465,10.7356,10.6922,1,110.7584,TREND+LEAD,25.0026
385,-24,VTR,Ventas,Real Estate,Health Care REITs,large,88.18,1.085,0.9911,1.0097,0.9439,FLAT,11.92,41.3,97.96,-8.39,52.0,19.78,0.7166,LOW,-,87.7885,85.3246,77.2757,1,108.5853,TREND+LEAD,24.9824
386,-4,BEN,Franklin Resources,Financials,Asset Management & Custody Banks,large,31.02,1.1707,0.9612,1.0952,1.0669,FLAT,50.64,52.46,50.74,-19.21,55.6,33.73,0.3946,LOW,-,30.7235,27.1357,24.6599,1,86.4815,TREND+LEAD,24.9715
387,-30,GRAL,GRAIL INC,Health Care,,mid,67.19,1.284,1.0964,1.1822,1.2268,STRONG_DOWN,-21.55,67.22,391.87,-62.92,49.6,82.67,0.4655,LOW,SHIFT,59.538,53.6566,68.72,0,40.3319,WEAK,24.9365
388,-50,MPC,Marathon Petroleum,Energy,Oil & Gas Refining & Marketing,large,254.65,1.253,0.9757,1.092,1.2033,STRONG_DOWN,36.75,63.18,50.32,-18.33,57.2,39.06,0.7343,LOW,-,248.3684,237.9976,197.5823,1,92.5199,TREND+LEAD,24.8946
389,-8,ORCL,Oracle Corporation,Information Technology,Application Software,large,192.08,0.9551,1.0197,1.0614,1.2125,STRONG_DOWN,-8.27,24.39,58.09,-58.25,51.2,53.55,0.349,LOW,SHIFT,184.1625,167.025,206.9089,0,23.3172,WEAK,24.8157
390,21,NGVT,INGEVITY CORP,Materials,,mid,66.67,1.252,0.9932,0.8354,0.8618,FLAT,40.42,63.05,38.61,-23.94,51.6,36.93,0.3768,LOW,-,72.02,71.6708,62.4233,1,88.0919,TREND+LEAD,24.8117
391,-14,LMND,LEMONADE INC,Financials,,mid,56.52,1.4036,1.0277,0.8236,0.995,FLAT,-16.85,82.79,251.49,-47.7,50.0,72.66,0.4699,LOW,PROGRESS,56.145,60.2886,63.8875,0,56.9738,WEAK,24.7823
392,-26,RUN,SUNRUN INC,Industrials,,mid,14.62,1.6317,1.0736,1.0988,0.6687,FLAT,-17.91,112.5,21.93,-47.08,50.0,98.38,0.5814,LOW,SHIFT,13.6107,13.1223,16.6185,0,57.1763,WEAK,24.7583
393,6,PFG,Principal Financial Group,Financials,Life & Health Insurance,large,103.85,1.0755,1.0047,1.001,1.0156,FLAT,28.43,40.07,37.22,-11.96,53.6,21.47,0.4377,LOW,-,101.0355,95.0906,87.2694,1,100.0315,TREND+LEAD,24.7379
394,21,RF,Regions Financial Corporation,Financials,Regional Banks,large,27.83,1.0487,1.0222,0.9599,0.9082,STRONG_UP,17.81,36.58,60.06,-18.45,56.0,24.98,0.6636,LOW,-,27.589,27.0402,26.5259,1,81.9969,TREND+LEAD,24.7371
395,-9,AEO,AMERICAN EAGLE OUTFITTERS INC,Consumer Discretionary,,mid,16.53,1.2248,1.102,0.8837,0.6439,STRONG_UP,-4.69,59.51,-23.19,-46.69,48.4,53.84,0.5447,LOW,PROGRESS,16.3575,17.1236,19.1638,0,53.4957,WEAK,24.6854
396,4,NEOG,NEOGEN CORP,Health Care,,mid,8.9,1.1277,1.03,0.8933,0.7292,STRONG_UP,64.51,46.86,-33.08,-27.71,53.6,48.32,1.5996,HIGH,-,8.932,9.1542,7.7745,1,51.9857,TREND+LEAD,24.677
397,23,NPO,ENPRO INC,Industrials,,mid,308.25,1.3557,0.9957,1.0022,1.0206,STRONG_DOWN,48.31,76.55,113.05,-13.45,54.8,39.13,0.5541,LOW,-,302.2785,279.0478,242.4991,1,107.2109,TREND+LEAD,24.5983
398,-3,KSS,KOHLS CORP,Consumer Discretionary,,small,13.06,1.3901,1.1039,0.8512,0.6847,STRONG_UP,-11.6,81.03,-43.01,-51.84,49.6,56.92,0.9974,LOW,-,13.3805,13.4097,16.3647,0,70.6123,WEAK,24.5795
399,-12,TALO,TALOS ENERGY INC,Energy,,mid,16.04,1.5512,0.9784,1.0307,1.1231,STRONG_DOWN,49.63,102.02,40.09,-18.53,55.6,57.45,0.4199,LOW,-,15.6995,15.2826,11.8476,1,98.73,TREND+LEAD,24.5422
400,-82,OKLO,OKLO INC CLASS A,Utilities,,mid,65.88,1.0351,1.1145,0.8884,0.9309,FLAT,-25.14,34.81,767.98,-73.83,49.2,98.89,0.9081,LOW,-,68.6355,61.5524,85.9698,0,17.3171,WEAK,24.5193
401,-7,FSLY,FASTLY INC CLASS A,Information Technology,,mid,16.32,1.7429,0.9675,0.6577,0.8491,FLAT,54.84,126.98,89.33,-51.28,47.2,135.9,0.4728,LOW,-,21.8042,24.8361,14.1032,1,44.1026,TREND+LEAD,24.466
402,220,LQDT,LIQUIDITY SERVICES INC,Industrials,,small,34.43,1.1127,1.0067,0.9449,1.0317,FLAT,33.92,44.91,80.07,-21.53,55.6,28.66,1.23,MED,-,34.933,32.7762,29.4299,1,87.1197,TREND+LEAD,24.4656
403,10,ALNT,ALLIENT INC,Industrials,,small,63.37,1.6324,1.0309,0.8131,0.8644,FLAT,31.1,112.59,139.16,-21.88,53.2,60.44,0.6122,LOW,-,68.2539,66.8527,57.1425,1,99.1062,TREND+LEAD,24.4617
404,128,AMBA,AMBARELLA INC,Information Technology,,mid,87.55,1.0824,1.0995,1.2536,1.1303,FLAT,5.08,40.96,78.42,-49.06,50.0,58.06,1.1524,MED,-,75.9005,63.2108,71.7789,1,35.2735,TREND+LEAD,24.4365
405,-12,SPG,Simon Property Group,Real Estate,Retail REITs,large,204.41,1.051,1.0103,0.973,0.9534,STRONG_UP,16.24,36.88,55.86,-11.54,53.2,20.85,0.7558,LOW,-,202.393,196.7058,184.6214,1,94.1018,TREND+LEAD,24.4043
406,12,LLY,Lilly (Eli),Health Care,Pharmaceuticals,large,1065.0,1.1539,1.0677,1.1556,0.9411,FLAT,2.43,50.28,33.57,-23.64,54.8,36.97,0.9004,LOW,-,972.75,941.9211,925.2752,1,74.523,TREND+LEAD,24.3987
407,-48,AROC,ARCHROCK INC,Energy,,mid,37.25,1.1898,0.9555,0.9612,1.0223,STRONG_DOWN,63.76,54.95,103.12,-15.92,53.6,28.84,0.5803,LOW,-,37.7489,36.4399,28.8643,1,102.1226,TREND+LEAD,24.2607
408,13,DLX,DELUXE CORP,Industrials,,small,23.73,1.4102,0.9978,0.7587,0.8225,FLAT,28.88,83.65,19.31,-28.09,50.0,45.23,0.606,LOW,-,26.4236,27.2498,22.7086,1,92.4727,TREND+LEAD,24.2524
409,-8,SD,SANDRIDGE ENERGY INC,Energy,,small,15.3,1.2779,1.0117,0.9908,0.846,STRONG_UP,11.52,66.42,23.61,-19.9,56.0,39.05,0.4796,LOW,-,14.9931,15.2883,13.7366,1,95.2488,TREND+LEAD,24.1699
410,30,PII,POLARIS INC,Consumer Discretionary,,mid,67.83,1.4406,1.0502,1.0817,0.9857,FLAT,15.82,87.61,-9.66,-34.21,51.2,65.38,0.3896,LOW,-,65.26,59.2172,61.4922,1,68.6062,TREND+LEAD,24.162
411,-1,WST,West Pharmaceutical Services,Health Care,Health Care Supplies,large,316.42,1.1857,1.0297,0.9903,1.1864,FLAT,22.96,54.42,-3.1,-24.7,49.2,37.64,0.4579,LOW,-,307.2191,277.5345,264.2282,1,71.128,TREND+LEAD,24.1337
412,-38,NRIX,NURIX THERAPEUTICS INC,Health Care,,small,17.5,1.3825,1.1177,1.0046,1.0042,STRONG_UP,14.16,80.04,15.36,-37.48,45.2,46.58,0.9441,LOW,-,16.4688,16.0489,14.4702,1,77.6698,TREND+LEAD,24.1219
413,168,EXTR,EXTREME NETWORKS INC,Information Technology,,mid,25.6,1.2773,1.0518,1.3935,1.7128,STRONG_DOWN,51.3,66.34,131.46,-39.87,53.6,68.79,1.2168,MED,-,22.913,18.8852,18.2051,1,51.6924,TREND+LEAD,24.1008
414,10,UNIT,UNITI GROUP INC,Communication,,mid,11.04,1.2151,1.0126,0.8824,1.3113,FLAT,88.4,58.24,114.2,-44.37,49.2,53.42,0.4835,LOW,-,11.278,10.3336,7.719,1,53.6392,TREND+LEAD,24.0874
415,168,F,Ford Motor Company,Consumer Discretionary,Automobile Manufacturers,large,14.93,1.1611,1.1351,1.1693,0.9788,FLAT,23.14,51.22,39.52,-22.31,50.4,50.68,1.9093,HIGH,-,12.6347,12.1692,12.385,1,50.9357,TREND+LEAD,24.002
416,11,WSFS,WSFS FINANCIAL CORP,Financials,,mid,71.69,1.0556,1.0101,0.9642,1.0088,FLAT,33.35,37.48,67.49,-14.91,51.6,19.81,0.712,LOW,-,71.2133,68.4315,60.0689,1,97.6205,TREND+LEAD,23.9967
417,22,PFS,PROVIDENT FINANCIAL SERVICES INC,Financials,,mid,22.05,1.0754,1.0052,0.9546,0.9358,STRONG_UP,24.74,40.05,60.6,-14.49,50.0,21.47,0.6183,LOW,-,22.0687,21.5804,20.0617,1,93.2684,TREND+LEAD,23.9948
418,-10,RXO,RXO INC,Industrials,,mid,24.37,1.2409,1.264,1.204,1.5097,FLAT,132.54,61.6,,-43.07,54.4,81.08,1.0783,MED,-,20.3765,17.4894,15.7131,1,41.3333,TREND+LEAD,23.9781
419,53,FRT,Federal Realty Investment Trust,Real Estate,Retail REITs,mid,119.75,1.039,1.0322,1.0326,1.0332,STRONG_DOWN,27.17,35.31,32.35,-6.96,51.2,17.9,1.3147,MED,-,114.727,109.974,101.2138,1,100.9927,TREND+LEAD,23.9398
420,-30,APP,AppLovin,Information Technology,Application Software,large,481.68,1.044,0.9691,1.0288,1.1261,STRONG_DOWN,-7.52,35.96,507.72,-49.99,54.0,65.98,0.8025,LOW,SHIFT,473.8195,448.2922,534.0252,0,29.4278,WEAK,23.9088
421,28,FITB,Fifth Third Bancorp,Financials,Regional Banks,large,49.48,1.058,1.0224,0.954,0.9143,STRONG_UP,21.97,37.78,44.41,-21.21,52.4,27.52,0.4399,LOW,-,49.185,48.0258,46.1084,1,71.9407,TREND+LEAD,23.8925
422,-33,MUR,MURPHY OIL CORP,Energy,,mid,38.0,1.4597,0.9309,0.941,1.1186,STRONG_DOWN,28.68,90.11,-0.92,-17.26,52.4,48.63,0.4294,LOW,-,39.3238,38.9633,31.4674,1,97.0905,TREND+LEAD,23.8325
423,-65,AES,AES Corporation,Utilities,Independent Power Producers & Energy Traders,large,14.68,1.1864,1.0009,0.982,0.8397,STRONG_UP,11.3,54.5,-20.78,-18.98,53.2,38.41,0.4147,LOW,-,14.4193,14.2323,13.9021,1,75.4878,TREND+LEAD,23.7956
424,-46,INOD,INNODATA INC,Industrials,,small,95.48,2.0097,0.9986,2.1592,1.9859,FLAT,82.67,161.73,640.73,-63.03,47.6,191.58,1.0239,MED,-,71.103,53.5796,56.5698,1,40.1841,TREND+LEAD,23.7657
425,10,YOU,CLEAR SECURE INC CLASS A,Information Technology,,mid,60.06,1.9607,1.0054,1.0492,1.6622,STRONG_DOWN,78.73,155.35,275.82,-22.91,52.4,93.66,0.6805,LOW,-,57.4895,53.5752,39.7056,1,86.9141,TREND+LEAD,23.7611
426,25,BFH,BREAD FINANCIAL HOLDINGS INC,Financials,,mid,86.6,1.3281,0.9983,0.9624,1.1158,FLAT,40.83,72.96,115.87,-19.26,56.0,46.24,0.7322,LOW,-,85.901,81.5888,70.7491,1,88.3609,TREND+LEAD,23.6718
427,-59,FCX,Freeport-McMoRan,Materials,Copper,large,61.99,1.2341,1.015,0.9722,0.8414,STRONG_UP,57.16,60.71,24.24,-24.9,56.8,55.11,0.4634,LOW,-,60.876,61.2017,51.9544,1,62.5765,TREND+LEAD,23.6575
428,-124,NBN,NORTHEAST BANK,Financials,,small,123.5,1.1583,1.0348,0.9874,1.0075,FLAT,50.97,50.85,109.43,-27.57,51.6,29.09,0.9137,LOW,-,122.8489,118.6561,107.1015,1,90.1981,TREND+LEAD,23.6457
429,-25,OBK,ORIGIN BANCORP INC,Financials,,small,47.32,1.1051,1.0131,0.9769,1.0372,FLAT,39.23,43.91,55.9,-17.09,54.0,23.55,0.4399,LOW,-,46.5352,44.1971,39.273,1,100.6963,TREND+LEAD,23.6456
430,-33,DXPE,DXP ENTERPRISES INC,Industrials,,mid,144.2,1.3178,0.9792,0.8145,0.8318,FLAT,65.84,71.63,180.49,-32.99,53.6,56.71,0.9811,LOW,-,157.119,150.2698,127.1892,1,67.6978,TREND+LEAD,23.6332
431,-5,DAL,Delta Air Lines,Industrials,Passenger Airlines,large,76.14,1.2347,1.0738,1.0679,1.0165,STRONG_UP,36.77,60.8,52.28,-22.9,49.2,44.82,0.5145,LOW,-,70.702,68.3214,64.3863,1,66.7377,TREND+LEAD,23.6185
432,-25,DAWN,DAY ONE BIOPHARMACEUTICALS INC,Health Care,,mid,21.53,2.6367,0.9929,0.9633,1.6453,FLAT,192.53,243.38,55.23,-23.55,47.83,148.35,0.0,LOW,-,21.4675,18.4178,10.7963,1,78.4693,TREND+LEAD,23.5896
433,17,IRON,DISC MEDICINE INC,Health Care,,mid,66.82,1.0831,0.9902,0.9293,0.9279,STRONG_UP,-26.04,41.06,100.36,-40.55,52.8,38.36,0.4264,LOW,-,67.543,65.9313,72.285,0,56.516,WEAK,23.5444
434,55,CFFN,CAPITOL FEDERAL FINANCIAL INC,Financials,,small,7.75,1.1241,1.0062,0.9758,0.9869,FLAT,29.21,46.4,69.73,-10.59,50.0,21.76,0.6844,LOW,-,7.7024,7.4295,6.7067,1,106.6111,TREND+LEAD,23.5132
435,-50,WMB,Williams Companies,Energy,Oil & Gas Storage & Transportation,large,78.47,1.0549,1.0006,1.0409,0.9885,FLAT,35.27,37.38,110.23,-12.36,52.4,21.18,0.9737,LOW,-,75.5505,73.7402,64.6774,1,92.4779,TREND+LEAD,23.5018
436,8,DBD,DIEBOLD NIXDORF INC,Information Technology,,mid,74.3,1.2049,1.065,0.8307,0.8464,FLAT,23.81,56.92,67.38,-22.53,55.2,37.93,0.366,LOW,-,75.7615,77.9844,68.4986,1,82.8314,TREND+LEAD,23.4945
437,-31,CAH,Cardinal Health,Health Care,Health Care Distributors,large,200.68,1.0202,0.9951,0.9615,0.8184,STRONG_UP,-3.0,32.86,115.07,-20.42,55.6,25.69,0.4641,LOW,-,194.751,204.2814,191.2627,1,71.1181,TREND+LEAD,23.4712
438,27,USB,U.S. Bancorp,Financials,Diversified Banks,large,54.83,1.0221,1.0162,0.9446,0.9254,STRONG_UP,20.31,33.11,49.51,-16.21,54.0,22.55,0.3893,LOW,-,54.902,54.089,51.0985,1,79.2813,TREND+LEAD,23.4114
439,-1,DCOM,DIME COMMUNITY BANCSHARES INC,Financials,,small,36.9,1.1578,1.0095,1.0012,1.0472,FLAT,43.63,50.78,109.62,-18.15,52.0,26.87,0.3913,LOW,-,36.359,35.1371,31.2588,1,98.2677,TREND+LEAD,23.406
440,-68,OSCR,OSCAR HEALTH INC CLASS A,Financials,,mid,22.64,1.2268,0.8865,1.2896,1.6921,STRONG_DOWN,73.75,59.77,8.02,-51.71,47.2,64.58,0.7109,LOW,-,21.1235,16.7362,16.5313,1,43.6875,TREND+LEAD,23.3654
441,-85,IMKTA,INGLES MARKETS INC CLASS A,Consumer Staples,,small,88.42,1.1434,1.0187,0.9335,0.9165,STRONG_UP,20.54,48.91,22.87,-11.7,53.6,26.37,0.8885,LOW,-,87.691,88.6469,77.0985,1,99.4166,TREND+LEAD,23.3595
442,-44,NJR,NEW JERSEY RESOURCES CORP,Utilities,,mid,57.27,1.0001,0.9846,0.9824,0.99,FLAT,21.52,30.24,45.74,-8.68,56.0,16.39,0.8928,LOW,-,56.5245,55.7896,49.3224,1,103.3309,TREND+LEAD,23.356
443,-13,AKAM,Akamai Technologies,Information Technology,Internet Services & Infrastructure,large,147.23,1.4907,0.9674,1.48,1.3517,FLAT,68.49,94.13,56.69,-25.44,54.8,80.37,0.6694,LOW,-,130.3755,115.82,93.069,1,64.1838,TREND+LEAD,23.3436
444,-3,PANW,Palo Alto Networks,Information Technology,Systems Software,large,260.58,1.0714,1.0428,1.3975,1.6909,STRONG_DOWN,40.8,39.53,67.34,-36.01,54.8,44.13,0.797,LOW,-,212.4195,183.9776,187.5794,1,49.0929,TREND+LEAD,23.3358
445,43,PNC,PNC Financial Services,Financials,Diversified Banks,large,219.23,1.0127,1.0162,0.9547,0.932,STRONG_UP,21.29,31.88,53.84,-17.21,52.8,21.89,0.349,LOW,-,217.512,214.2151,204.1073,1,76.9081,TREND+LEAD,23.329
446,-13,HLF,HERBALIFE LTD,Consumer Staples,,small,12.43,1.4331,0.978,0.7178,0.583,STRONG_UP,28.94,86.64,14.46,-39.08,48.8,55.46,0.4815,LOW,-,14.3855,14.972,12.9125,0,76.2327,WEAK,23.3074
447,-19,MAC,MACERICH REIT,Real Estate,,mid,22.17,1.1876,1.0042,1.0013,1.0197,FLAT,39.38,54.67,59.16,-12.8,54.4,30.87,0.555,LOW,-,21.871,20.7552,18.5474,1,96.3389,TREND+LEAD,23.2834
448,-31,VCYT,VERACYTE INC,Health Care,,mid,45.03,1.2731,1.0749,1.2559,1.1599,FLAT,10.23,65.8,116.07,-39.23,47.6,71.59,1.1666,MED,-,38.3675,34.97,36.73,1,43.7471,TREND+LEAD,23.2576
449,-24,HTBK,HERITAGE COMMERCE CORP,Financials,,small,13.45,1.1965,1.0102,1.047,0.9374,FLAT,41.04,55.82,82.23,-13.47,50.66,27.79,0.0,LOW,-,12.915,12.7046,11.0759,1,101.7557,TREND+LEAD,23.1975
450,-67,COCO,THE VITA COCO COMPANY INC,Consumer Staples,,mid,76.04,1.6129,0.9507,1.4449,1.2655,FLAT,64.52,110.06,188.69,-23.23,54.4,75.73,0.6925,LOW,-,70.5782,58.7422,49.9057,1,79.0572,TREND+LEAD,23.1882
451,-14,ESE,ESCO TECHNOLOGIES INC,Industrials,,mid,295.62,1.2743,1.004,0.8848,0.952,FLAT,40.75,65.95,171.79,-14.58,55.2,39.45,0.3222,LOW,-,309.7805,299.2843,239.7085,1,92.2816,TREND+LEAD,23.0815
452,-88,BIIB,Biogen,Health Care,Biotechnology,large,193.76,1.1826,1.0002,1.0062,0.9129,FLAT,15.21,54.01,-11.14,-14.34,53.6,33.89,0.6927,LOW,-,191.314,185.7206,169.216,1,85.4216,TREND+LEAD,23.0151
453,261,HLIT,HARMONIC INC,Information Technology,,small,15.2,1.3055,1.2065,1.3782,1.3385,FLAT,71.75,70.02,32.29,-19.1,58.0,57.1,7.6121,HIGH,-,12.2585,10.7082,10.1529,1,71.1261,TREND+LEAD,22.9958
454,-18,MBIN,MERCHANTS BANCORP,Financials,,mid,45.99,1.1355,1.0093,0.8994,0.9958,FLAT,52.0,47.88,15.79,-18.94,54.8,30.68,0.4111,LOW,-,46.1985,45.55,37.5811,1,85.5234,TREND+LEAD,22.9736
455,8,SXI,STANDEX INTERNATIONAL CORP,Industrials,,mid,255.82,1.3544,1.0089,0.8973,0.9695,FLAT,15.44,76.39,54.46,-12.72,52.8,42.79,0.3707,LOW,-,257.7445,260.7599,237.6226,1,94.2611,TREND+LEAD,22.9516
456,-9,EQIX,Equinix,Real Estate,Data Center REITs,large,1079.79,0.9821,1.0116,0.9371,1.0537,FLAT,44.93,27.9,46.85,-19.63,52.0,18.13,0.7402,LOW,-,1071.9558,1036.9221,858.8389,1,80.0164,TREND_ONLY,22.9382
457,-25,EIX,Edison International,Utilities,Electric Utilities,large,71.18,1.0223,1.0303,0.9897,0.8802,STRONG_UP,25.86,33.14,6.32,-15.38,52.8,22.38,0.4277,LOW,-,69.5365,70.6924,61.3069,1,78.1827,TREND+LEAD,22.9042
458,-36,CBOE,Cboe Global Markets,Financials,Financial Exchanges & Data,large,357.35,1.1911,0.9665,1.1262,1.1242,FLAT,40.31,55.12,101.55,-10.32,54.4,32.33,,LOW,-,342.248,312.0364,269.4409,1,92.7486,TREND+LEAD,22.898
459,43,FISI,FINANCIAL INSTITUTIONS INC,Financials,,small,35.36,1.1175,1.0177,1.0044,1.026,FLAT,26.59,45.53,115.09,-13.72,49.2,22.39,0.782,LOW,-,34.678,33.4176,30.2818,1,100.0536,TREND+LEAD,22.886
460,0,BANC,BANC OF CALIFORNIA INC,Financials,,mid,18.81,1.0769,0.9997,0.9606,0.9071,STRONG_UP,12.01,40.25,44.15,-20.47,54.0,27.92,0.4628,LOW,-,18.7325,18.1948,17.9405,1,77.8424,TREND+LEAD,22.8694
461,15,FBNC,FIRST BANCORP,Financials,,mid,58.65,1.1188,0.9903,0.9627,0.9192,STRONG_UP,20.73,45.71,94.59,-16.25,48.8,26.51,0.5611,LOW,-,58.4285,57.2054,54.1922,1,84.1365,TREND+LEAD,22.8358
462,-28,AIR,AAR CORP,Industrials,,mid,108.41,1.393,1.0347,0.939,0.8427,STRONG_UP,40.16,81.41,54.67,-19.92,51.2,53.84,0.2723,LOW,-,110.001,111.9316,94.8689,1,77.4172,TREND+LEAD,22.7674
463,-148,IMVT,IMMUNOVANT INC,Health Care,,mid,34.15,1.8134,1.2752,1.1441,1.1462,FLAT,49.85,136.17,20.29,-20.98,50.0,85.45,0.9497,LOW,-,28.8708,26.9277,23.1378,1,79.6774,TREND+LEAD,22.7467
464,19,LIVN,LIVANOVA PLC,Health Care,,mid,73.83,1.3537,1.0126,1.1011,0.983,FLAT,38.21,76.29,24.33,-18.89,51.2,46.6,0.4779,LOW,-,67.6353,65.2162,60.578,1,83.8201,TREND+LEAD,22.7234
465,-20,PI,IMPINJ INC,Information Technology,,mid,149.76,1.0267,1.065,1.1572,1.1211,FLAT,1.23,33.71,-11.12,-62.24,50.0,70.39,0.7042,LOW,SHIFT,141.894,119.7901,155.2448,0,23.9482,WEAK,22.5868
466,189,ATKR,ATKORE INC,Industrials,,mid,84.75,1.0165,1.1318,1.0807,1.1829,FLAT,48.41,32.38,-42.5,-32.38,53.2,42.33,2.0564,HIGH,-,75.4862,68.0513,64.6122,1,40.6906,TREND+LEAD,22.565
467,6,FIBK,FIRST INTERSTATE BANCSYSTEM INC,Financials,,mid,35.49,1.083,1.0226,0.9878,0.9295,STRONG_UP,18.93,41.04,47.56,-16.87,50.4,25.35,0.9095,LOW,-,34.9281,33.8967,33.0104,1,81.5888,TREND+LEAD,22.5422
468,-4,RTX,RTX Corporation,Industrials,Aerospace & Defense,large,177.01,1.039,0.9966,0.9726,0.82,STRONG_UP,3.22,35.31,73.46,-19.32,55.6,26.93,0.7146,LOW,PROGRESS,175.402,187.5926,179.6249,0,72.905,WEAK,22.5056
469,-102,FLNG,FLEX LNG LTD,Energy,,small,31.96,1.2392,0.9775,0.9878,1.0928,STRONG_DOWN,28.07,61.38,45.55,-11.05,52.8,30.84,0.693,LOW,-,32.284,31.075,26.4514,1,105.0832,TREND+LEAD,22.5001
470,-3,CNC,Centene Corporation,Health Care,Managed Health Care,large,59.14,0.805,1.0061,1.354,1.2832,FLAT,69.8,4.84,-23.52,-56.27,54.0,58.6,0.324,LOW,-,55.5455,43.83,39.0037,1,4.4597,TREND_ONLY,22.4634
471,14,PEB,PEBBLEBROOK HOTEL TRUST REIT,Real Estate,,small,14.78,1.284,1.014,1.0137,1.1155,FLAT,40.86,67.22,4.57,-16.39,48.0,34.09,0.2245,LOW,-,14.366,13.557,11.9301,1,94.6472,TREND+LEAD,22.4607
472,-56,PRSU,PURSUIT ATTRACTIONS AND HOSPITALIT,Consumer Discretionary,,small,44.32,1.2493,1.0246,1.0305,1.1135,STRONG_DOWN,37.3,62.7,29.44,-13.94,54.8,33.74,,LOW,-,42.1505,39.976,36.5928,1,101.8395,TREND+LEAD,22.4592
473,-12,CUBI,CUSTOMERS BANCORP INC,Financials,,mid,75.15,1.137,1.0243,0.9674,0.986,FLAT,17.53,48.08,65.13,-20.31,50.4,30.06,0.4721,LOW,-,75.525,73.1,70.8109,1,80.6112,TREND+LEAD,22.4204
474,-8,SRRK,SCHOLAR ROCK HOLDING CORP,Health Care,,mid,48.13,1.2319,1.0063,0.9915,0.941,STRONG_UP,26.59,60.43,346.06,-34.86,49.2,55.66,0.5498,LOW,-,47.7687,46.9895,40.888,1,53.4193,TREND+LEAD,22.388
475,97,OPLN,OPENLANE INC,Industrials,,mid,35.4,1.23,1.0008,1.0639,1.2445,STRONG_DOWN,44.55,60.18,112.61,-17.32,51.6,34.74,0.3717,LOW,-,34.57,31.3438,28.968,1,89.388,TREND+LEAD,22.3473
476,-45,CTRE,CARETRUST REIT INC,Real Estate,,mid,41.14,1.1503,0.9816,1.0377,0.9413,FLAT,15.89,49.81,77.12,-12.25,56.8,30.78,0.427,LOW,-,40.502,39.1487,36.4642,1,91.9183,TREND+LEAD,22.3433
477,-108,UE,URBAN EDGE PROPERTIES,Real Estate,,mid,22.28,1.0085,1.0195,0.9831,1.0006,FLAT,22.33,31.34,40.72,-11.99,51.2,17.28,0.5042,LOW,-,21.808,21.1998,19.9247,1,92.8681,TREND+LEAD,22.3272
478,18,MD,PEDIATRIX MEDICAL GROUP INC,Health Care,,small,21.26,1.2039,0.9302,0.8835,0.9743,FLAT,-6.51,56.78,180.11,-23.65,54.8,36.0,0.7648,LOW,-,22.687,21.8826,20.1587,1,86.4389,TREND+LEAD,22.3136
479,56,CCNE,CNB FINANCIAL CORP,Financials,,small,30.65,1.1137,1.0097,0.9727,0.9722,STRONG_UP,28.36,45.04,65.45,-13.55,49.6,24.29,0.5369,LOW,-,30.542,29.8546,26.8989,1,91.9627,TREND+LEAD,22.3008
480,33,TCBI,TEXAS CAPITAL BANCSHARES INC,Financials,,mid,99.39,1.0683,1.0103,0.96,0.9444,STRONG_UP,17.18,39.12,69.32,-14.21,56.4,26.3,0.7712,LOW,-,99.043,98.1984,92.555,1,83.9003,TREND+LEAD,22.2872
481,17,KMT,KENNAMETAL INC,Industrials,,mid,36.08,1.354,1.0235,0.8861,0.8316,STRONG_UP,42.79,76.33,51.17,-22.3,52.8,56.72,0.4033,LOW,-,37.1013,37.1157,29.9731,1,71.0535,TREND+LEAD,22.2606
482,75,ROK,Rockwell Automation,Industrials,Electrical Components & Equipment,large,452.29,1.1527,1.0268,1.0828,1.0291,FLAT,23.48,50.12,78.25,-18.73,53.2,36.82,0.7946,LOW,-,433.1118,399.8044,380.4209,1,72.4222,TREND+LEAD,22.238
483,-29,BTDR,BITDEER TECHNOLOGIES GROUP CLASS A,Information Technology,,mid,14.65,0.7779,1.1036,1.1631,1.6072,STRONG_DOWN,44.33,1.31,160.21,-71.89,50.4,92.7,1.0377,MED,-,12.9985,11.2315,13.375,1,0.7144,TREND_ONLY,22.2191
484,31,EBC,EASTERN BANKSHARES INC,Financials,,mid,19.85,1.0629,1.0183,0.9551,0.8992,STRONG_UP,15.39,38.42,54.9,-15.04,50.8,23.64,0.4677,LOW,-,19.8055,19.8292,18.7369,1,82.5665,TREND+LEAD,22.2183
485,-43,LIND,LINDBLAD EXPEDITIONS HOLDINGS INC,Consumer Discretionary,,small,20.57,1.55,1.0635,1.0716,0.9202,FLAT,78.71,101.86,154.26,-23.67,52.8,63.28,0.6144,LOW,-,19.2925,18.662,15.5645,1,84.9945,TREND+LEAD,22.2015
486,-74,HWM,Howmet Aerospace,Industrials,Aerospace & Defense,large,256.55,1.196,0.9889,1.0137,0.9042,FLAT,29.75,55.75,212.91,-15.89,51.6,37.12,,LOW,-,255.9533,247.4812,215.6618,1,77.4991,TREND+LEAD,22.1353
487,-35,GL,Globe Life,Financials,Life & Health Insurance,large,156.28,1.0135,0.9839,0.9808,1.0121,FLAT,20.39,31.99,97.52,-10.87,55.2,20.11,,LOW,-,153.742,147.6157,140.6904,1,87.817,TREND+LEAD,22.1322
488,-65,DVN,Devon Energy,Energy,Oil & Gas Exploration & Production,large,47.22,1.1938,0.9416,0.9431,1.0082,STRONG_DOWN,35.87,55.47,3.74,-15.06,54.4,36.08,0.5802,LOW,-,48.4875,48.2576,39.4269,1,83.628,TREND+LEAD,22.0639
489,-15,SVRA,SAVARA INC,Health Care,,small,5.02,1.3573,1.0128,0.9388,0.8183,STRONG_UP,7.49,76.76,20.38,-31.99,48.4,51.97,0.4343,LOW,-,5.108,5.2922,4.8837,1,71.4876,TREND+LEAD,22.0379
490,70,LHX,L3Harris,Industrials,Aerospace & Defense,large,311.98,1.026,0.9932,0.9408,0.8124,STRONG_UP,10.15,33.62,45.15,-20.55,52.8,28.21,0.5779,LOW,-,309.474,334.648,311.3295,1,62.918,TREND+LEAD,22.0195
491,-99,TGT,Target Corporation,Consumer Staples,Consumer Staples Merchandise Retail,large,125.6,1.0676,1.0083,0.9392,1.009,FLAT,53.05,39.04,-6.0,-20.27,54.4,31.11,0.7238,LOW,-,124.9045,121.9611,103.0999,1,68.2596,TREND+LEAD,22.0141
492,98,ZS,Zscaler,Technology,EDP Services,large,182.37,0.5511,1.0342,1.2887,1.1225,FLAT,-34.8,-28.23,6.08,-64.89,50.4,65.17,1.2665,MED,SHIFT,152.135,144.354,224.079,0,-21.8313,WEAK,21.9808
493,68,ANIP,ANI PHARMACEUTICALS INC,Health Care,,small,82.72,1.0991,1.0328,1.0072,0.9915,STRONG_UP,5.35,43.14,37.04,-28.66,50.0,31.81,1.4446,MED,-,80.826,78.2184,83.8338,0,67.8072,WEAK,21.966
494,5,AMAL,AMALGAMATED FINANCIAL CORP,Financials,,small,41.29,1.0921,1.0124,0.9805,0.9868,FLAT,49.73,42.23,70.51,-24.41,51.2,25.68,0.5416,LOW,-,40.912,40.2648,33.6647,1,84.1977,TREND+LEAD,21.9622
495,-24,LUV,Southwest Airlines,Industrials,Passenger Airlines,large,40.86,1.0342,1.0552,0.9917,0.745,STRONG_UP,32.27,34.69,60.14,-33.49,50.8,48.03,0.6306,LOW,-,39.3065,39.498,38.0935,1,36.6865,TREND+LEAD,21.942
496,-14,AEP,American Electric Power,Utilities,Electric Utilities,large,131.59,1.0132,1.021,0.942,0.9204,STRONG_UP,10.5,31.96,57.77,-8.14,52.8,19.35,0.8853,LOW,-,131.3774,131.3749,119.7917,1,87.2001,TREND+LEAD,21.9167
497,72,BEAM,BEAM THERAPEUTICS INC,Health Care,,mid,28.64,1.3067,1.0582,1.0115,0.8154,STRONG_UP,39.03,70.17,19.28,-38.15,47.6,73.11,0.6076,LOW,-,29.7222,27.8069,25.7353,1,45.6873,TREND+LEAD,21.9052
498,-7,AZZ,AZZ INC,Industrials,,mid,137.9,1.1983,0.9773,0.9212,0.9414,FLAT,39.03,56.06,67.09,-18.16,51.6,35.83,0.5507,LOW,-,142.5655,134.9166,118.6944,1,80.731,TREND+LEAD,21.901
499,-108,SUPN,SUPERNUS PHARMACEUTICALS INC,Health Care,,mid,48.21,1.1532,0.9882,0.9277,0.8315,STRONG_UP,7.64,50.19,73.6,-22.6,52.4,35.6,0.6838,LOW,EARLY,49.4875,49.9052,48.8264,0,73.8706,WEAK,21.851
500,-44,SWBI,SMITH WESSON BRANDS INC,Consumer Discretionary,,small,15.47,1.3289,0.9868,0.9875,1.2084,STRONG_DOWN,93.04,73.07,5.4,-27.81,50.4,43.55,0.7486,LOW,-,15.0935,14.7936,11.0754,1,84.5627,TREND+LEAD,21.8437
501,8,JCI,Johnson Controls,Industrials,Building Products,large,138.36,1.0915,0.9982,0.9335,0.8817,STRONG_UP,22.83,42.15,93.86,-12.71,56.0,30.57,0.6985,LOW,-,141.38,138.1704,122.1145,1,77.2088,TREND+LEAD,21.8289
502,-25,AMZN,Amazon,Consumer Discretionary,Broadline Retail,large,266.32,1.0174,0.9961,0.9659,1.1739,FLAT,22.65,32.5,47.1,-21.74,56.0,28.33,0.5851,LOW,-,267.0955,241.9236,230.5546,1,64.251,TREND+LEAD,21.8126
503,-35,BKU,BANKUNITED INC,Financials,,mid,46.22,1.0586,1.005,0.9686,0.8953,STRONG_UP,16.86,37.86,74.98,-16.4,52.4,25.38,0.3147,LOW,-,46.4225,45.7521,42.8949,1,78.1654,TREND+LEAD,21.8057
504,-17,NSC,Norfolk Southern,Industrials,Rail Transportation,large,314.53,1.0249,0.9734,0.946,0.9187,STRONG_UP,13.23,33.48,44.77,-12.47,53.6,23.09,0.8624,LOW,-,313.9418,300.5226,291.2413,1,77.7083,TREND+LEAD,21.7796
505,-47,AIZ,Assurant,Financials,Multi-line Insurance,large,254.82,1.0113,0.9778,1.0617,1.0512,FLAT,13.62,31.7,57.62,-12.57,57.2,22.09,0.5286,LOW,-,243.193,229.5712,223.6892,1,82.0885,TREND+LEAD,21.7301
506,90,RDW,REDWIRE CORP,Industrials,,small,17.49,1.0331,1.2411,1.73,1.9096,STRONG_DOWN,245.65,34.54,265.9,-75.4,49.6,113.14,1.9709,HIGH,-,11.5725,10.397,9.0129,1,15.1415,TREND+LEAD,21.7167
507,45,HSY,Hershey Company (The),Consumer Staples,Packaged Foods & Meats,large,194.78,0.9916,1.0064,0.9815,0.7838,STRONG_UP,8.16,29.14,3.03,-22.97,52.0,24.68,,LOW,-,187.6301,197.1345,190.8397,1,61.3889,TREND_ONLY,21.6921
508,37,TMP,TOMPKINS FINANCIAL CORP,Financials,,small,85.8,1.1268,1.0097,1.0057,1.0075,FLAT,32.5,46.74,99.23,-13.03,51.6,25.78,0.7983,LOW,-,84.0879,81.249,73.0152,1,93.5607,TREND+LEAD,21.619
509,-34,CRC,CALIFORNIA RESOURCES CORP,Energy,,mid,62.04,1.1686,0.9833,0.9176,0.985,FLAT,36.56,52.2,41.24,-24.04,54.4,40.42,0.436,LOW,-,63.4075,64.6322,53.6724,1,70.2485,TREND+LEAD,21.613
510,20,UNH,UnitedHealth Group,Health Care,Managed Health Care,large,388.47,1.0377,0.9839,1.048,1.3138,STRONG_DOWN,26.51,35.14,-21.48,-28.96,51.6,33.67,0.6431,LOW,-,379.6315,330.6454,321.0413,1,53.8481,TREND+LEAD,21.6092
511,-17,IRM,Iron Mountain,Real Estate,Other Specialized REITs,large,126.46,1.0447,1.0106,1.0436,1.035,FLAT,55.21,36.05,69.97,-25.15,54.4,34.83,0.4215,LOW,-,125.1445,114.7487,99.2626,1,56.3032,TREND+LEAD,21.608
512,-66,WHD,CACTUS INC CLASS A,Energy,,mid,62.26,1.1672,1.0221,1.0499,0.9846,FLAT,57.43,52.0,25.77,-30.07,53.2,45.31,0.5614,LOW,-,57.2675,53.0378,47.1368,1,61.0593,TREND+LEAD,21.5756
513,-8,RUSHA,RUSH ENTERPRISES INC CLASS A,Industrials,,mid,68.89,1.0949,0.9929,0.8827,0.8653,STRONG_UP,42.76,42.6,61.46,-20.81,51.6,31.38,0.6512,LOW,-,71.2651,69.2952,60.3677,1,70.0458,TREND+LEAD,21.5447
514,106,SOUN,SOUNDHOUND AI INC CLASS A,Information Technology,,mid,8.17,0.6548,0.9693,0.9551,0.8984,STRONG_UP,-27.64,-14.72,63.73,-72.43,42.4,80.5,1.1496,MED,-,8.577,7.6815,11.4738,0,-7.7522,WEAK,21.5437
515,33,ABCB,AMERIS BANCORP,Financials,,mid,84.69,1.074,1.0035,0.9552,0.9838,FLAT,18.64,39.88,81.31,-13.85,49.6,23.15,0.401,LOW,-,84.815,81.6819,77.0305,1,85.4349,TREND+LEAD,21.5077
516,-10,COP,ConocoPhillips,Energy,Oil & Gas Exploration & Production,large,120.46,1.1218,0.9582,0.9543,1.0088,FLAT,39.82,46.09,9.08,-14.9,53.2,32.23,0.4254,LOW,-,120.7663,122.9123,101.8324,1,76.0751,TREND+LEAD,21.5022
517,-33,TEAM,Atlassian,Technology,Computer Software,large,85.42,0.3171,0.9462,1.1431,1.1032,FLAT,-40.7,-58.7,-50.96,-74.13,46.0,89.55,0.5904,LOW,SHIFT,83.8153,74.6137,126.4188,0,-30.1522,WEAK,21.4621
518,-26,FANG,Diamondback Energy,Energy,Oil & Gas Exploration & Production,large,200.71,1.1637,0.967,0.992,1.0818,STRONG_DOWN,38.82,51.55,10.62,-12.53,53.2,32.19,0.4635,LOW,-,200.6777,194.2629,160.3086,1,85.1884,TREND+LEAD,21.4091
519,-29,EXPE,Expedia Group,Consumer Discretionary,"Hotels, Resorts & Cruise Lines",large,214.65,1.0452,0.9891,0.8174,0.9982,FLAT,-8.37,36.12,96.26,-37.44,51.2,51.72,0.7562,LOW,EARLY,231.9245,237.233,238.1475,0,35.7533,WEAK,21.4048
520,-41,MO,Altria,Consumer Staples,Tobacco,large,73.9,1.0167,0.993,1.058,0.9975,FLAT,31.51,32.41,87.41,-16.4,55.6,24.8,0.4805,LOW,-,71.3465,67.8407,62.7045,1,72.6504,TREND+LEAD,21.3981
521,72,TRS,TRIMAS CORP,Materials,,small,40.12,1.2172,1.0401,1.0415,1.0153,FLAT,26.54,58.52,51.18,-22.24,55.2,39.06,0.8439,LOW,-,39.3517,37.6282,36.406,1,82.7037,TREND+LEAD,21.3973
522,-103,THFF,FIRST FINANCIAL CORPORATION CORP,Financials,,small,68.58,1.078,1.0169,0.9901,0.9825,STRONG_UP,25.91,40.38,100.18,-13.18,51.2,23.69,0.7047,LOW,-,66.8105,65.0835,60.2182,1,87.2809,TREND+LEAD,21.3891
523,-7,MAR,Marriott International,Consumer Discretionary,"Hotels, Resorts & Cruise Lines",large,369.15,1.1075,1.0181,0.9627,0.9909,FLAT,30.98,44.23,61.76,-12.65,50.0,27.9,0.5538,LOW,-,357.1685,348.354,307.5861,1,79.2663,TREND+LEAD,21.2312
524,99,TROX,TRONOX HOLDINGS PLC,Materials,,small,7.55,1.2778,0.9408,0.7184,0.9749,FLAT,165.59,66.41,-54.38,-51.47,50.4,82.12,1.086,MED,-,8.9728,8.8495,5.7579,1,40.7599,TREND+LEAD,21.2156
525,17,NWE,NORTHWESTERN ENERGY GROUP INC,Utilities,,mid,71.93,1.0498,0.9969,0.9674,0.9621,STRONG_UP,11.82,36.71,54.33,-10.09,57.2,24.98,0.5615,LOW,-,71.646,69.85,64.0658,1,84.0706,TREND+LEAD,21.204
526,-26,XHR,XENIA HOTELS RESORTS REIT INC,Real Estate,,small,16.82,1.1611,1.0179,1.0015,0.9944,STRONG_UP,27.88,51.22,28.08,-16.23,51.6,31.87,0.501,LOW,-,16.4825,15.7017,14.3994,1,82.9218,TREND+LEAD,21.1961
527,-84,KOS,KOSMOS ENERGY LTD,Energy,,small,3.03,1.4274,0.9351,1.0324,1.2491,STRONG_DOWN,131.3,85.89,-47.4,-63.6,46.8,89.15,0.2859,LOW,-,3.0415,2.8418,1.8605,1,45.0884,TREND+LEAD,21.1943
528,0,CATY,CATHAY GENERAL BANCORP,Financials,,mid,57.27,1.0564,1.0027,1.0084,1.036,STRONG_DOWN,25.83,37.58,68.41,-12.33,53.6,22.21,0.528,LOW,-,56.47,53.2472,49.7899,1,90.6968,TREND+LEAD,21.1722
529,-21,MSTR,MicroStrategy,Technology,Computer Software,large,159.89,0.3323,0.9506,0.8952,1.1796,FLAT,-9.73,-56.73,3.55,-76.53,44.4,68.86,0.6832,LOW,-,175.263,154.8438,212.5326,0,-36.5782,WEAK,21.1621
530,70,VVX,V2X INC,Industrials,,mid,73.97,1.2505,1.0204,1.1191,0.9715,FLAT,41.81,62.86,66.71,-15.61,53.6,42.4,0.5321,LOW,-,70.365,68.9296,62.1792,1,79.4617,TREND+LEAD,21.0265
531,-69,LAUR,LAUREATE EDUCATION INC,Consumer Discretionary,,mid,33.12,1.1644,0.9939,1.0233,0.9092,FLAT,11.55,51.65,106.61,-16.33,56.4,37.34,0.4262,LOW,-,32.2607,33.1907,31.719,1,78.012,TREND+LEAD,20.9448
532,-11,JOE,ST JOE,Real Estate,,mid,63.81,1.1453,0.9826,0.8604,0.8403,STRONG_UP,14.81,49.16,17.07,-16.94,50.4,34.3,0.3573,LOW,-,65.2635,65.9912,60.0313,1,72.2285,TREND+LEAD,20.9055
533,47,TFC,Truist Financial,Financials,Diversified Banks,large,48.38,0.9886,1.0186,0.9228,0.9051,STRONG_UP,11.23,28.75,38.78,-20.67,54.0,25.24,0.4362,LOW,-,48.7129,47.6544,46.5792,1,61.4991,TREND_ONLY,20.9005
534,-24,CRGY,CRESCENT ENERGY CLASS A,Energy,,mid,13.2,1.2417,0.9708,1.0021,1.1978,STRONG_DOWN,53.99,61.71,17.73,-22.34,56.8,47.8,0.7383,LOW,-,13.0311,12.7861,9.9268,1,73.3344,TREND+LEAD,20.8654
535,-24,COIN,Coinbase,Financials,Financial Exchanges & Data,large,184.99,0.5398,0.9674,0.8866,1.0496,FLAT,-22.33,-29.7,-15.48,-66.39,46.0,73.07,0.6975,LOW,EARLY,196.528,191.0784,251.1236,0,-18.6999,WEAK,20.8415
536,155,CTS,CTS CORP,Information Technology,,small,62.32,1.2107,1.0842,1.0511,1.0831,FLAT,54.95,57.67,19.99,-20.31,54.0,38.16,0.9129,LOW,-,58.4935,53.872,46.9288,1,81.61,TREND+LEAD,20.8392
537,-51,VSTS,VESTIS CORP,Industrials,,small,11.74,1.5075,0.9556,1.1482,1.4468,STRONG_DOWN,112.3,96.32,-2.08,-37.54,52.8,74.14,0.8591,LOW,-,10.5115,9.2448,6.7554,1,68.5966,TREND+LEAD,20.8265
538,-18,CTRI,CENTURI HOLDINGS INC,Industrials,,mid,30.2,1.2441,0.9989,0.8324,0.8967,FLAT,55.91,62.02,19.46,-30.72,52.4,58.47,0.4574,LOW,-,34.16,32.4996,26.2597,1,55.5789,TREND+LEAD,20.7935
539,430,IMAX,IMAX CORP,Communication,,mid,39.12,1.1138,1.1315,1.0276,0.9765,STRONG_UP,10.51,45.05,136.52,-22.74,50.0,53.74,3.0838,HIGH,-,35.362,36.669,34.7629,1,41.9148,TREND+LEAD,20.7737
540,24,KIM,Kimco Realty,Real Estate,Retail REITs,large,24.11,0.9475,1.0176,0.9745,0.9619,STRONG_UP,24.28,23.4,42.28,-12.7,51.6,15.7,0.3515,LOW,-,23.558,23.237,21.5557,1,76.9073,TREND_ONLY,20.764
541,0,ADPT,ADAPTIVE BIOTECHNOLOGIES CORP,Health Care,,mid,13.88,1.1935,1.0818,0.9399,0.795,STRONG_UP,-14.95,55.43,302.32,-39.35,51.2,67.09,0.6292,LOW,SHIFT,13.7525,13.817,15.1256,0,42.3025,WEAK,20.6993
542,-9,CGEM,CULLINAN THERAPEUTICS INC,Health Care,,small,13.84,1.3607,0.922,1.0024,0.8916,FLAT,58.72,77.21,-38.9,-36.67,49.6,59.7,0.5325,LOW,-,14.5107,14.1955,10.8047,1,64.1466,TREND+LEAD,20.6713
543,-18,TPH,TRI POINTE HOMES INC,Consumer Discretionary,,mid,46.95,1.2077,0.9906,0.9614,1.1803,FLAT,45.85,57.29,23.62,-17.47,50.62,53.66,3.3933,HIGH,-,46.8875,46.7082,37.5656,1,54.041,TREND+LEAD,20.663
544,-15,KALV,KALVISTA PHARMACEUTICALS INC,Health Care,,small,26.79,1.7935,0.9917,1.3067,1.5617,STRONG_DOWN,105.76,133.57,137.29,-32.79,50.0,93.26,0.4931,LOW,-,25.9775,21.674,15.9967,1,71.6094,TREND+LEAD,20.6227
545,25,GILD,Gilead Sciences,Health Care,Biotechnology,large,134.36,0.9864,1.0265,0.9866,0.8414,STRONG_UP,8.82,28.46,116.28,-17.54,52.4,22.51,0.9709,LOW,-,131.7535,135.8586,127.3325,1,66.2616,TREND_ONLY,20.6156
546,-2,NI,NiSource,Utilities,Multi-Utilities,large,47.85,0.9668,1.0183,0.9607,0.9536,STRONG_UP,14.34,25.91,80.4,-9.14,56.8,17.78,0.367,LOW,-,47.4709,47.0386,43.6189,1,82.7583,TREND_ONLY,20.5914
547,-69,SWX,SOUTHWEST GAS HOLDINGS INC,Utilities,,mid,89.91,1.0045,1.0014,0.9586,0.9461,STRONG_UP,13.48,30.81,25.37,-6.72,52.4,18.8,0.5066,LOW,-,90.0837,88.8606,82.0824,1,85.8828,TREND+LEAD,20.5558
548,54,SMBC,SOUTHERN MISSOURI BANCORP INC,Financials,,small,68.99,1.0252,1.0083,0.9856,1.0111,FLAT,28.37,33.52,69.75,-17.68,51.6,20.78,0.6202,LOW,-,68.2057,65.9427,59.387,1,83.2309,TREND+LEAD,20.549
549,79,WS,WORTHINGTON STEEL INC,Materials,,small,40.09,1.2225,1.031,1.0171,0.8609,STRONG_UP,31.81,59.2,28.1,-42.0,53.6,59.56,0.6719,LOW,-,39.2175,35.3712,35.0468,1,53.28,TREND+LEAD,20.5459
550,42,AMR,ALPHA METALLURGICAL RESOURCE INC,Materials,,mid,175.3,1.1608,0.9526,0.8965,0.8922,STRONG_UP,13.44,51.17,-42.13,-34.85,50.8,54.33,0.5102,LOW,EARLY,184.739,193.8616,180.9184,0,47.848,WEAK,20.4636
551,-23,HAS,Hasbro,Consumer Discretionary,Leisure Products,large,88.1,1.0535,0.9312,0.8872,0.8115,STRONG_UP,15.56,37.2,56.27,-16.27,50.4,36.46,1.1933,MED,-,94.451,93.1912,85.124,1,51.4285,TREND+LEAD,20.4465
552,0,ETR,Entergy,Utilities,Electric Utilities,large,112.4,1.0688,1.0161,0.9522,0.9876,FLAT,21.86,39.19,117.65,-7.1,54.0,24.65,0.3968,LOW,-,113.0179,111.1264,97.9767,1,85.8513,TREND+LEAD,20.4363
553,-27,APEI,AMERICAN PUBLIC EDUCATION INC,Consumer Discretionary,,small,51.5,1.3492,0.9375,0.8861,1.0415,FLAT,46.43,75.71,193.61,-22.3,55.2,54.42,0.3823,LOW,-,55.244,56.498,42.138,1,76.7931,TREND+LEAD,20.4061
554,-3,GDOT,GREEN DOT CORP CLASS A,Financials,,small,12.78,1.0843,1.0024,1.003,1.012,STRONG_DOWN,16.71,41.22,28.31,-30.95,48.8,27.13,0.5752,LOW,-,12.575,11.9152,12.4275,1,74.1362,TREND+LEAD,20.4031
555,27,QCRH,QCR HOLDINGS INC,Financials,,small,90.88,1.035,1.0142,0.9845,0.9447,STRONG_UP,19.12,34.79,58.34,-16.9,51.6,22.98,0.5951,LOW,-,90.271,88.2311,82.9152,1,78.1168,TREND+LEAD,20.3927
556,-59,PTCT,PTC THERAPEUTICS INC,Health Care,,mid,68.81,1.1504,0.9717,0.9656,0.917,STRONG_UP,-10.01,49.81,85.32,-27.17,53.2,49.29,0.5842,LOW,-,69.456,68.9861,68.1213,1,53.7666,TREND+LEAD,20.372
557,-33,BKH,BLACK HILLS CORP,Utilities,,mid,74.29,1.0224,0.9948,0.9682,0.9353,STRONG_UP,8.18,33.15,47.57,-10.45,57.6,24.19,0.4278,LOW,-,73.8732,72.3907,67.3639,1,78.9234,TREND+LEAD,20.3654
558,187,MITK,MITEK SYSTEMS INC,Information Technology,,small,16.03,1.3025,1.1238,1.0741,1.1441,FLAT,84.25,69.63,28.76,-18.01,48.4,55.63,1.5829,HIGH,-,14.648,14.3412,11.3785,1,60.5802,TREND+LEAD,20.3286
559,-56,IDYA,IDEAYA BIOSCIENCES INC,Health Care,,mid,29.1,1.1873,1.0179,0.9067,0.8342,STRONG_UP,-12.24,54.62,-24.32,-25.91,49.6,45.0,0.3678,LOW,PROGRESS,28.6995,30.7782,30.764,0,60.2064,WEAK,20.2759
560,13,SM,SM ENERGY,Energy,,mid,33.77,1.16,1.0085,1.1235,1.3941,STRONG_DOWN,86.77,51.07,-25.5,-38.16,52.0,56.86,0.5199,LOW,-,31.363,29.9952,23.8125,1,46.709,TREND+LEAD,20.2627
561,-3,BMY,Bristol Myers Squibb,Health Care,Pharmaceuticals,large,59.46,1.0232,1.0278,0.9697,0.8965,STRONG_UP,32.31,33.26,57.68,-13.68,49.2,24.5,0.5604,LOW,-,57.561,58.235,51.9586,1,66.7863,TREND+LEAD,20.2089
562,87,PECO,PHILLIPS EDISON AND COMPANY INC,Real Estate,,mid,40.3,0.9448,0.9981,0.9805,0.9597,STRONG_UP,18.19,23.05,37.03,-8.29,48.4,14.75,1.0207,MED,-,39.8358,38.6085,35.7907,1,75.6309,TREND_ONLY,20.1894
563,61,CPF,CENTRAL PACIFIC FINANCIAL CORP,Financials,,small,34.73,1.0443,1.0054,0.9778,0.9807,FLAT,22.73,36.0,82.19,-12.3,52.0,21.68,0.6317,LOW,-,34.2615,33.2734,31.1628,1,86.3378,TREND+LEAD,20.1524
564,-105,LVS,Las Vegas Sands,Consumer Discretionary,Casinos & Gaming,large,49.43,0.9728,0.9756,0.9014,0.8303,STRONG_UP,-21.27,26.69,15.0,-28.08,52.8,29.61,0.6752,LOW,EARLY,51.9362,53.2256,56.5788,0,47.5849,WEAK,20.1453
565,24,CVI,CVR ENERGY INC,Energy,,mid,32.45,1.0635,0.9307,0.9887,1.3782,STRONG_DOWN,-5.22,38.5,11.69,-48.21,49.6,61.14,0.266,LOW,-,33.4857,32.4364,30.5134,1,31.2316,TREND+LEAD,20.1234
566,12,AMGN,Amgen,Health Care,Biotechnology,large,339.3,0.9879,1.0362,0.95,0.8209,STRONG_UP,3.16,28.65,17.71,-16.57,52.8,23.17,0.5558,LOW,-,331.621,341.5848,322.5379,1,65.2946,TREND_ONLY,20.0966
567,21,WLDN,WILLDAN GROUP INC,Industrials,,small,93.55,1.3962,1.0401,1.1491,0.7701,FLAT,0.57,81.83,198.69,-50.41,52.8,83.21,0.5524,LOW,-,83.288,80.484,98.8243,0,51.9224,WEAK,20.0896
568,8,DOW,Dow Inc.,Materials,Commodity Chemicals,large,36.01,1.0424,0.9251,0.8919,1.0788,FLAT,76.51,35.76,-28.31,-32.02,48.4,50.28,0.642,LOW,-,38.478,38.676,28.3306,1,34.422,TREND+LEAD,20.0875
569,-15,LYB,LyondellBasell,Materials,Specialty Chemicals,large,69.72,1.0421,0.9317,0.9554,1.1124,STRONG_DOWN,70.61,35.71,-16.89,-35.45,49.6,54.52,0.3136,LOW,-,73.2055,73.98,55.236,1,32.492,TREND+LEAD,20.0855
570,106,POR,PORTLAND GENERAL ELECTRIC,Utilities,,mid,49.82,0.954,1.022,0.9357,0.8656,STRONG_UP,3.45,24.25,24.81,-12.8,52.8,18.81,1.0617,MED,-,49.348,51.1056,47.5826,1,68.0628,TREND_ONLY,20.0775
571,-116,IE,IVANHOE ELECTRIC INC,Materials,,small,11.8,1.3056,0.9566,0.8283,0.6631,STRONG_UP,-2.88,70.03,4.89,-45.93,54.8,74.57,0.6401,LOW,-,13.134,12.9106,13.6538,0,51.4628,WEAK,20.076
572,7,UNF,UNIFIRST CORP,Industrials,,mid,265.47,1.1193,0.9895,0.9768,1.0489,FLAT,66.64,45.76,65.25,-21.06,50.4,34.69,0.4055,LOW,-,257.6925,259.2988,204.685,1,66.4886,TREND+LEAD,20.0725
573,2,PH,Parker Hannifin,Industrials,Industrial Machinery & Supplies & Components,large,866.96,1.0252,1.0005,0.8538,0.7808,STRONG_UP,6.24,33.52,67.79,-16.47,54.8,30.58,0.6653,LOW,-,887.4682,914.2548,860.4138,1,60.0663,TREND+LEAD,20.055
574,-27,COMP,COMPASS INC CLASS A,Real Estate,,mid,8.4,1.0804,1.052,1.0246,0.8189,STRONG_UP,-8.5,40.7,107.92,-50.81,46.4,85.71,0.4484,LOW,SHIFT,8.0575,7.7888,9.2386,0,22.0353,WEAK,20.0492
575,83,TRMK,TRUSTMARK CORP,Financials,,mid,44.4,1.0097,1.0017,0.9566,0.9522,STRONG_UP,19.39,31.49,58.11,-10.67,48.8,19.88,0.6262,LOW,-,44.3435,43.6032,40.7828,1,77.3049,TREND+LEAD,20.0484
576,-10,TTD,Trade Desk (The),Communication Services,Advertising,large,22.38,0.2326,0.9955,0.894,0.825,STRONG_UP,-41.64,-69.71,-75.81,-77.62,47.6,66.49,0.7798,LOW,EARLY,22.534,22.6492,36.8619,0,-49.9064,WEAK,20.0375
577,-38,EXPD,Expeditors International,Industrials,Air Freight & Logistics,large,158.48,1.0953,1.0014,1.0283,1.0494,STRONG_DOWN,15.2,42.64,39.14,-15.88,54.0,32.44,0.4565,LOW,-,152.763,148.0808,140.3688,1,70.9758,TREND+LEAD,20.0319
578,40,GRMN,Garmin,Consumer Discretionary,Consumer Electronics,large,240.71,0.9366,1.051,0.8885,0.8833,STRONG_UP,29.7,21.98,52.76,-27.97,57.2,29.93,0.4458,LOW,-,239.746,244.3046,227.3511,1,41.9987,TREND_ONLY,20.0229
579,-126,TRNO,TERRENO REALTY REIT CORP,Real Estate,,mid,66.05,0.9521,0.9945,0.9688,0.9368,STRONG_UP,11.78,24.0,24.56,-10.85,57.2,16.82,0.8744,LOW,-,65.679,64.2887,60.5785,1,81.6065,TREND_ONLY,20.0199
580,-58,VTOL,BRISTOW GROUP INC,Energy,,small,42.73,1.1392,0.996,0.8457,0.8434,STRONG_UP,17.21,48.36,18.7,-16.41,54.0,34.31,0.5658,LOW,-,44.7594,45.9257,41.0044,1,76.1173,TREND+LEAD,20.015
581,-4,DYN,DYNE THERAPEUTICS INC,Health Care,,mid,17.37,1.141,1.0403,0.9108,1.0276,FLAT,-13.67,48.59,-44.42,-44.65,47.6,75.09,0.7034,LOW,-,17.666,18.2466,17.1517,1,30.8006,TREND+LEAD,20.0029
582,4,KWR,QUAKER HOUGHTON CORP,Materials,,mid,141.84,1.0384,1.0311,0.9643,0.8269,STRONG_UP,14.6,35.24,-20.41,-36.46,47.6,43.86,0.5577,LOW,-,139.935,131.9111,138.7779,1,38.241,TREND+LEAD,19.9828
583,168,BUSE,FIRST BUSEY CORP,Financials,,mid,27.08,1.0026,1.0239,0.9904,0.9867,STRONG_UP,23.23,30.58,28.95,-11.82,49.6,20.17,0.7957,LOW,-,26.388,25.8254,24.2365,1,75.1922,TREND+LEAD,19.9825
584,-43,DHT,DHT HOLDINGS INC,Energy,,mid,17.38,1.2127,0.9961,0.9548,0.8854,STRONG_UP,38.51,57.94,64.04,-15.22,50.8,42.4,0.5136,LOW,-,17.752,17.4312,13.8085,1,69.4164,TREND+LEAD,19.9701
585,-32,NXPI,NXP Semiconductors,Information Technology,Semiconductors,large,316.47,1.2888,1.0748,1.2417,1.2464,STRONG_DOWN,73.48,67.84,20.34,-24.58,50.0,64.16,0.8836,LOW,-,290.6615,238.5829,224.7557,1,52.8671,TREND+LEAD,19.9591
586,-52,ARQT,ARCUTIS BIOTHERAPEUTICS INC,Health Care,,mid,20.86,1.1457,1.0317,0.8587,0.7108,STRONG_UP,-23.67,49.21,129.74,-37.5,49.2,59.1,0.6823,LOW,EARLY,21.847,22.7235,23.3381,0,40.9693,WEAK,19.9194
587,52,AMTB,AMERANT BANCORP INC CLASS A,Financials,,small,22.46,1.0287,0.9884,0.9461,0.9624,FLAT,31.02,33.97,5.06,-22.86,51.6,23.55,0.3842,LOW,-,22.7266,22.5685,20.5256,1,74.4406,TREND+LEAD,19.9008
588,97,ZETA,ZETA GLOBAL HOLDINGS CORP CLASS A,Information Technology,,mid,18.79,1.1022,0.97,1.0263,1.0173,FLAT,15.28,43.54,9.56,-40.37,54.0,64.73,0.6081,LOW,-,17.6945,17.0528,18.5317,1,36.3265,TREND+LEAD,19.8814
589,362,DECK,Deckers Brands,Consumer Discretionary,Footwear,large,106.67,0.8106,1.1169,0.9411,0.8108,STRONG_UP,30.92,5.56,-29.25,-35.81,46.0,40.51,2.507,HIGH,-,99.5515,102.2142,102.9469,1,6.3153,TREND_ONLY,19.8762
590,0,NTLA,INTELLIA THERAPEUTICS INC,Health Care,,small,12.6,1.0562,0.9836,0.8851,0.853,STRONG_UP,56.72,37.55,-49.36,-71.27,52.4,77.21,0.5694,LOW,-,13.2782,13.5553,13.2263,0,25.4871,WEAK,19.8231
591,-20,SOC,SABLE OFFSHORE CORP CLASS A,Energy,,mid,14.74,0.3526,0.9588,1.0393,1.4493,STRONG_DOWN,246.01,-54.08,10.33,-87.49,46.8,112.42,0.3137,LOW,-,14.046,14.7448,13.904,1,-22.5137,TREND_ONLY,19.7963
592,-88,TXNM,TXNM ENERGY INC,Utilities,,mid,59.47,0.8285,0.9913,0.9718,0.9317,STRONG_UP,4.4,7.9,72.0,-2.3,51.6,4.36,0.5771,LOW,-,59.2285,58.6854,57.4297,1,93.5243,TREND_ONLY,19.7482
593,-28,GNW,GENWORTH FINANCIAL INC,Financials,,mid,9.07,1.0257,0.9682,0.9802,0.9752,FLAT,7.59,33.58,43.97,-14.07,48.8,21.75,0.6026,LOW,-,9.0635,8.6684,8.6579,1,75.34,TREND+LEAD,19.7202
594,-58,WERN,WERNER ENTERPRISES INC,Industrials,,small,39.79,1.2087,1.0411,1.1262,1.1072,FLAT,73.42,57.41,11.25,-28.28,51.2,43.59,0.713,LOW,-,36.4875,32.7532,30.1415,1,67.4271,TREND+LEAD,19.6947
595,-46,SEZL,SEZZLE INC,Financials,,mid,102.8,0.7496,0.9941,1.2507,1.5582,STRONG_DOWN,96.18,-2.38,803.93,-72.02,50.8,108.31,0.5511,LOW,-,94.1835,79.5564,75.3709,1,-1.1179,TREND_ONLY,19.6928
596,-29,STAA,STAAR SURGICAL,Health Care,,small,32.47,1.3347,0.9955,1.2111,1.5114,STRONG_DOWN,18.72,73.82,-23.0,-43.65,50.4,65.63,0.5433,LOW,-,29.079,24.5148,24.2269,1,56.6912,TREND+LEAD,19.6808
597,-117,PBI,PITNEY BOWES INC,Industrials,,small,15.25,1.206,0.9178,0.9432,1.3384,STRONG_DOWN,64.81,57.06,223.98,-28.28,51.6,40.83,0.5201,LOW,-,15.5084,13.1408,11.1854,1,72.1129,TREND+LEAD,19.6405
598,28,SYF,Synchrony Financial,Financials,Consumer Finance,large,71.83,0.9883,1.0015,0.905,0.9369,FLAT,0.23,28.71,73.71,-27.61,53.6,30.48,0.5499,LOW,-,72.9222,71.3147,73.723,0,50.4842,WEAK,19.6125
599,0,REAL,THE REALREAL INC,Consumer Discretionary,,small,9.2,1.3559,0.9634,0.7173,0.7285,FLAT,-29.61,76.58,134.1,-51.95,48.4,77.95,0.5499,LOW,-,10.679,10.2834,11.6625,0,47.5515,WEAK,19.5216
600,31,CTBI,COMMUNITY TRUST BANCORP INC,Financials,,small,66.7,1.045,1.0108,0.9803,1.0023,FLAT,26.9,36.1,69.39,-12.48,52.0,22.72,0.837,LOW,-,65.5295,63.6128,58.3592,1,82.6145,TREND+LEAD,19.515
601,-100,GNL,GLOBAL NET LEASE INC,Real Estate,,mid,9.33,1.0153,0.9906,0.9394,0.9057,STRONG_UP,24.82,32.23,57.21,-10.5,47.6,20.69,0.8296,LOW,-,9.2925,9.316,8.4007,1,74.1463,TREND+LEAD,19.4258
602,91,SHOP,Shopify,Technology,Computer Software,large,103.0,0.7791,0.9965,0.7838,0.8098,FLAT,-28.75,1.47,78.7,-46.71,49.6,61.17,1.0079,MED,EARLY,109.543,116.5348,140.3849,0,1.1902,WEAK,19.4239
603,32,NN,NEXTNAV INC,Information Technology,,mid,21.74,1.3419,0.9975,1.1754,1.2098,STRONG_DOWN,91.2,74.76,189.87,-36.62,54.8,94.5,0.6764,LOW,-,20.0542,18.6394,16.0294,1,43.3522,TREND+LEAD,19.3531
604,1,URI,United Rentals,Industrials,Trading Companies & Distributors,large,938.62,1.0381,0.9844,0.9242,0.9641,FLAT,22.43,35.2,43.25,-30.04,54.4,56.41,0.4396,LOW,-,945.3814,837.8291,869.8714,1,33.9413,TREND+LEAD,19.3401
605,39,VC,VISTEON CORP,Consumer Discretionary,,mid,113.47,1.0591,1.036,0.9556,1.0707,FLAT,16.53,37.92,5.23,-33.97,46.4,40.54,0.5117,LOW,-,111.591,100.3994,105.1212,1,43.4045,TREND+LEAD,19.3388
606,13,MCB,METROPOLITAN BANK HOLDING CORP,Financials,,small,91.21,1.1092,1.0247,0.9951,0.9263,STRONG_UP,31.06,44.45,111.66,-18.71,48.8,30.83,0.3391,LOW,-,89.2008,86.5095,80.4467,1,70.3546,TREND+LEAD,19.3308
607,-64,OXY,Occidental Petroleum,Energy,Oil & Gas Exploration & Production,large,58.81,1.1174,0.9759,0.9858,1.0457,STRONG_DOWN,44.22,45.52,-1.31,-19.94,52.0,40.16,0.3837,LOW,-,57.9295,58.8912,47.8724,1,58.9355,TREND+LEAD,19.3186
608,38,VIR,VIR BIOTECHNOLOGY INC,Health Care,,small,9.19,1.5681,1.0381,0.8485,0.8903,FLAT,65.29,104.22,-13.71,-27.82,48.8,78.29,0.3533,LOW,-,9.5193,9.543,7.0656,1,64.9642,TREND+LEAD,19.3156
609,-12,TILE,INTERFACE INC,Industrials,,small,28.81,1.1311,1.0007,0.9817,0.8318,STRONG_UP,12.93,47.3,86.47,-29.88,48.4,38.78,,LOW,-,28.086,27.089,28.1571,1,59.0393,TREND+LEAD,19.3114
610,44,TDY,Teledyne Technologies,Information Technology,Electronic Equipment & Instruments,large,620.45,0.9798,0.9952,0.9158,0.8349,STRONG_UP,28.07,27.61,54.73,-18.39,53.6,25.86,0.7413,LOW,-,630.077,632.1564,581.485,1,57.2207,TREND_ONLY,19.3019
611,-73,NEE,NextEra Energy,Utilities,Multi-Utilities,large,88.55,1.0333,0.9852,0.8899,0.8566,STRONG_UP,6.47,34.57,24.47,-9.82,54.4,27.19,0.8708,LOW,-,93.6435,92.846,84.1128,1,69.162,TREND+LEAD,19.2984
612,-50,CURB,CURBLINE PROPERTIES,Real Estate,,mid,28.32,1.0036,1.0117,0.965,0.9483,STRONG_UP,23.8,30.71,49.46,-9.54,52.4,21.55,0.7815,LOW,-,27.864,27.165,24.4126,1,74.6611,TREND+LEAD,19.2969
613,17,GCT,GIGACLOUD TECHNOLOGY INC CLASS A,Consumer Discretionary,,small,38.19,1.6401,1.0143,0.7823,1.0179,FLAT,20.72,113.59,18.05,-30.83,50.4,93.16,0.593,LOW,-,40.5695,43.076,36.4996,1,61.4531,TREND+LEAD,19.2735
614,18,LC,LENDINGCLUB CORP,Financials,,small,15.63,1.2172,0.9906,0.8566,0.9567,FLAT,-0.51,58.52,74.05,-38.28,50.8,49.54,0.4598,LOW,-,16.3305,15.6454,16.8636,0,60.0077,WEAK,19.2597
615,-122,LNT,Alliant Energy,Utilities,Electric Utilities,large,73.95,0.9489,1.0162,0.9865,0.9562,STRONG_UP,11.32,23.57,57.71,-7.01,55.6,16.44,0.7156,LOW,-,72.5399,71.7878,67.3496,1,79.723,TREND_ONLY,19.259
616,-76,SEM,SELECT MEDICAL HOLDINGS CORP,Health Care,,mid,16.52,0.8974,0.993,0.9653,1.0331,FLAT,28.1,16.87,-4.1,-24.02,52.4,16.9,1.0848,MED,-,16.4236,16.333,14.6299,1,52.3027,TREND_ONLY,19.258
617,28,LXP,LXP INDUSTRIAL TRUST,Real Estate,,mid,52.24,1.0355,1.0049,0.9862,1.006,FLAT,16.45,34.85,38.26,-11.01,52.0,23.49,0.2718,LOW,-,51.506,49.456,46.9901,1,77.1537,TREND+LEAD,19.2538
618,42,NUVL,NUVALENT INC CLASS A,Health Care,,mid,102.12,1.067,1.0126,0.9357,0.8945,STRONG_UP,-5.45,38.96,53.15,-15.79,50.4,30.24,0.939,LOW,-,102.3015,102.1451,96.6202,1,64.9295,TREND+LEAD,19.2445
619,-21,AAP,ADVANCE AUTO PARTS INC,Consumer Discretionary,,mid,57.95,0.9323,1.1345,0.9537,0.995,FLAT,21.05,21.42,-12.8,-41.44,46.8,57.64,1.7764,HIGH,-,54.6465,54.0944,52.4684,1,17.3882,TREND_ONLY,19.2096
620,9,AUB,ATLANTIC UNION BANKSHARES CORP,Financials,,mid,37.56,1.0331,1.0114,0.9616,0.8978,STRONG_UP,19.7,34.55,24.56,-18.33,47.6,27.01,0.7254,LOW,-,37.4055,36.7678,35.6932,1,60.8798,TREND+LEAD,19.1602
621,-37,FFBC,FIRST FINANCIAL BANCORP,Financials,,mid,30.73,1.0222,1.0185,0.9622,0.9887,FLAT,32.27,33.12,46.81,-14.19,47.6,21.88,0.7103,LOW,-,30.2745,29.0978,26.5919,1,72.0631,TREND+LEAD,19.1503
622,-8,NMRK,NEWMARK GROUP INC CLASS A,Real Estate,,mid,14.6,1.08,1.0114,0.8748,0.9173,FLAT,-4.13,40.64,43.7,-29.08,50.4,37.77,0.6532,LOW,EARLY,15.582,15.3033,16.6566,0,54.2361,WEAK,19.114
623,-11,REZI,RESIDEO TECHNOLOGIES INC,Industrials,,mid,28.76,1.1103,1.0085,0.671,0.7402,FLAT,-0.24,44.6,34.9,-39.8,53.6,63.68,0.5583,LOW,EARLY,35.404,35.9976,36.3144,0,37.5362,WEAK,19.0455
624,28,ULTA,Ulta Beauty,Consumer Discretionary,Other Specialty Retail,large,515.04,0.9716,1.0632,0.8829,0.6898,STRONG_UP,3.75,26.53,,-32.11,50.4,39.88,0.6356,LOW,PROGRESS,514.337,526.504,567.1496,0,33.5322,WEAK,19.0445
625,-88,ENSG,ENSIGN GROUP INC,Health Care,,large,171.94,0.9147,0.9642,0.8703,0.7445,STRONG_UP,-4.06,19.12,45.58,-21.48,49.6,21.37,1.0017,MED,EARLY,178.476,191.3715,183.6432,0,44.3858,WEAK,19.0417
626,35,HTB,HOMETRUST BANCSHARES INC,Financials,,small,46.83,1.0309,1.0185,1.008,1.0135,FLAT,19.33,34.25,70.99,-9.67,52.4,21.68,0.5988,LOW,-,45.8137,44.4116,42.212,1,82.7915,TREND+LEAD,19.038
627,-68,RL,Ralph Lauren Corporation,Consumer Discretionary,"Apparel, Accessories & Luxury Goods",large,377.78,1.0708,1.1484,0.9744,0.9308,STRONG_UP,16.15,39.45,129.05,-17.67,50.0,47.51,1.1602,MED,-,350.8605,354.3767,340.3166,1,41.5158,TREND+LEAD,19.029
628,12,EOG,EOG Resources,Energy,Oil & Gas Exploration & Production,large,141.22,1.0193,0.9784,1.0157,1.0577,STRONG_DOWN,35.45,32.74,21.55,-18.51,54.4,29.57,0.4302,LOW,-,137.721,137.4927,117.639,1,60.2319,TREND+LEAD,19.0128
629,-66,OMCL,OMNICELL INC,Health Care,,small,44.41,1.208,1.0179,1.1379,1.0169,FLAT,29.4,57.31,40.09,-37.05,54.0,56.65,0.473,LOW,-,43.2695,38.3782,37.9164,1,54.6338,TREND+LEAD,18.9954
630,-99,SBRA,SABRA HEALTH CARE REIT INC,Real Estate,,mid,20.72,0.9704,0.9807,1.0017,0.9421,FLAT,15.01,26.38,,-12.18,54.0,18.1,0.8697,LOW,-,20.4902,20.0742,18.7618,1,78.7019,TREND_ONLY,18.9359
631,77,ODFL,Old Dominion,Industrials,Cargo Ground Transportation,large,210.47,1.0073,1.0214,0.9161,0.985,FLAT,67.22,31.18,24.23,-26.06,53.2,41.69,0.6045,LOW,-,203.4545,201.5596,168.7589,1,39.7937,TREND+LEAD,18.9355
632,-33,PAHC,PHIBRO ANIMAL HEALTH CORP CLASS A,Health Care,,mid,33.26,1.1136,0.964,0.5773,0.5955,FLAT,-18.09,45.02,86.85,-44.18,48.8,71.86,0.7298,LOW,EARLY,43.5435,50.3908,43.3376,0,30.5741,WEAK,18.9332
633,-24,RYTM,RHYTHM PHARMACEUTICALS INC,Health Care,,mid,87.84,1.0816,1.002,0.9814,0.8186,STRONG_UP,-12.74,40.86,135.05,-35.54,50.4,53.6,0.3966,LOW,-,88.943,87.0661,98.6625,0,38.4201,WEAK,18.9121
634,2,CRSP,CRISPR THERAPEUTICS AG,Health Care,,mid,50.36,1.0491,1.0273,0.9884,0.8155,STRONG_UP,2.17,36.63,-9.64,-42.25,48.8,62.89,0.797,LOW,EARLY,51.4715,51.0165,55.7419,0,28.4195,WEAK,18.8941
635,15,CNO,CNO FINANCIAL GROUP INC,Financials,,mid,47.29,0.9947,0.9792,1.0359,1.0489,STRONG_DOWN,19.91,29.54,74.61,-11.03,57.2,19.92,0.4525,LOW,-,45.9965,43.4176,41.2059,1,84.8128,TREND_ONLY,18.8655
636,-19,PSKY,Paramount Skydance Corporation,Communication Services,Movies & Entertainment,large,10.46,0.6817,1.0552,0.913,0.9303,FLAT,-32.69,-11.22,-8.19,-55.05,46.0,68.39,0.3699,LOW,-,10.499,10.2974,13.2293,0,-7.5453,WEAK,18.8335
637,-30,MNST,Monster Beverage,Consumer Staples,Soft Drinks & Non-alcoholic Beverages,large,86.79,1.0518,0.971,1.0623,0.9327,FLAT,20.17,36.98,64.87,-17.7,55.6,36.94,0.5751,LOW,-,82.0795,77.658,73.7315,1,55.659,TREND+LEAD,18.8241
638,-43,TARS,TARSUS PHARMACEUTICALS INC,Health Care,,mid,62.26,1.1123,0.9818,0.9701,0.7631,STRONG_UP,-19.12,44.86,72.18,-27.71,50.4,45.7,0.4118,LOW,EARLY,62.845,65.8715,67.7319,0,49.4715,WEAK,18.8017
639,9,TSHA,TAYSHA GENE THERAPIES INC,Health Care,,small,5.49,1.5329,0.9988,0.8213,1.0321,FLAT,37.59,99.64,85.47,-31.13,50.0,84.75,0.5727,LOW,-,6.277,5.48,4.6258,1,58.7825,TREND+LEAD,18.7929
640,26,CCBG,CAPITAL CITY BANK INC,Financials,,small,46.41,0.9811,1.0003,0.9629,1.0187,FLAT,17.49,27.77,80.89,-12.94,54.4,18.2,0.7075,LOW,-,46.3035,45.2298,42.6872,1,83.0138,TREND_ONLY,18.7613
641,23,MARA,MARA HOLDINGS INC,Information Technology,,mid,13.81,0.7199,1.1232,1.136,1.5771,STRONG_DOWN,34.86,-6.25,-31.23,-70.53,47.6,75.74,0.845,LOW,-,12.4375,10.7404,12.7027,1,-3.9252,TREND_ONLY,18.7425
642,-1,WMT,Walmart,Consumer Staples,Consumer Staples Merchandise Retail,large,120.27,0.9666,0.8935,0.8881,0.8758,STRONG_UP,12.96,25.88,88.96,-10.92,52.4,27.08,1.578,HIGH,-,129.4822,126.774,114.3002,1,50.0836,TREND_ONLY,18.7135
643,76,BY,BYLINE BANCORP INC,Financials,,small,33.17,0.9994,1.0157,0.9652,0.9604,STRONG_UP,24.09,30.16,46.91,-12.64,50.8,19.61,0.5442,LOW,-,32.6479,32.1962,29.792,1,78.1291,TREND_ONLY,18.7042
644,35,BAC,Bank of America,Financials,Diversified Banks,large,51.8,0.9414,1.0123,0.9529,0.95,STRONG_UP,2.67,22.6,38.56,-17.93,56.4,23.3,0.5242,LOW,-,51.727,50.8366,51.3874,1,54.7162,TREND_ONLY,18.6927
645,30,WTS,WATTS WATER TECHNOLOGIES INC CLASS,Industrials,,mid,302.44,0.986,0.9923,0.9614,0.8419,STRONG_UP,13.94,28.41,46.2,-15.45,51.2,21.62,0.72,LOW,-,297.708,297.2714,288.6263,1,67.2775,TREND_ONLY,18.6445
646,5,NOC,Northrop Grumman,Industrials,Aerospace & Defense,large,555.58,0.9194,1.0007,0.925,0.7018,STRONG_UP,-1.36,19.74,22.9,-29.6,51.6,27.98,0.7895,LOW,EARLY,558.672,630.5478,617.1985,0,36.3969,WEAK,18.6429
647,-133,GLNG,GOLAR LNG LTD,Energy,,mid,52.36,1.091,0.9135,0.9526,1.0785,STRONG_DOWN,44.77,42.08,109.01,-21.95,52.4,35.53,0.7171,LOW,-,55.343,53.5928,43.4179,1,62.061,TREND+LEAD,18.6206
648,-277,BLX,BANCO LATINOAMERICANO DE COMERCIO,Financials,,small,55.1,1.0693,1.0166,0.9461,1.0483,FLAT,28.91,39.26,100.96,-12.42,53.2,26.92,0.8377,LOW,-,53.6194,52.5909,46.77,1,77.578,TREND+LEAD,18.6198
649,-45,SHEN,SHENANDOAH TELECOMMUNICATIONS,Communication,,small,15.88,1.0936,0.9741,0.9485,1.0878,FLAT,57.7,42.42,-8.86,-36.32,53.2,42.15,0.6737,LOW,-,16.0085,15.5476,13.1689,1,53.5427,TREND+LEAD,18.6068
650,-13,ZGN,ERMENEGILDO ZEGNA NV,Consumer Discretionary,,mid,13.3,1.2333,1.0382,1.0648,1.1015,STRONG_DOWN,35.16,60.62,8.42,-21.88,47.2,46.26,0.3596,LOW,-,12.548,11.4882,10.2944,1,61.852,TREND+LEAD,18.584
651,-48,FER,Ferrovial,Industrials,"Military, Government, Technical",large,67.48,1.0129,0.9949,0.9443,0.8584,STRONG_UP,8.98,31.91,75.65,-17.13,50.4,31.72,0.8941,LOW,-,67.8951,67.0062,63.7541,1,50.7098,TREND+LEAD,18.5631
652,50,PCVX,VAXCYTE INC,Health Care,,mid,47.3,1.1162,0.9673,0.7613,0.7088,STRONG_UP,-0.78,45.36,-31.72,-25.17,48.8,42.69,0.934,LOW,EARLY,53.6465,56.4446,47.462,0,51.8516,WEAK,18.5317
653,-37,RES,RPC INC,Energy,,small,7.06,1.2346,0.9906,0.85,1.0863,FLAT,41.34,60.79,10.58,-20.83,51.6,45.91,0.3613,LOW,-,7.3051,7.0842,5.7007,1,68.3253,TREND+LEAD,18.5312
654,-44,BFLY,BUTTERFLY NETWORK INC CLASS A,Health Care,,small,4.47,1.5817,1.1531,0.803,1.393,FLAT,92.67,105.99,333.98,-49.43,48.4,131.61,0.5472,LOW,-,4.493,4.4468,3.2056,1,38.9784,TREND+LEAD,18.5307
655,-22,RLJ,RLJ LODGING TRUST REIT,Real Estate,,small,9.58,1.1199,1.0372,1.1509,1.1219,FLAT,38.65,45.85,9.52,-14.61,52.0,31.87,0.3435,LOW,-,8.8105,8.1197,7.4525,1,74.8045,TREND+LEAD,18.5277
656,0,VCTR,VICTORY CAPITAL HOLDINGS CLASS A I,Financials,,mid,85.91,1.1123,0.9774,1.1063,1.0432,FLAT,41.27,44.85,72.06,-18.13,52.8,38.22,0.7257,LOW,-,82.645,74.3698,68.4284,1,61.963,TREND+LEAD,18.4851
657,-42,INTU,Intuit,Information Technology,Application Software,large,319.94,0.3439,0.7861,0.7737,0.8225,FLAT,-49.56,-55.21,-50.98,-61.71,47.2,63.79,3.0576,HIGH,EARLY,385.3855,402.0313,556.5886,0,-40.8517,WEAK,18.4413
658,-67,GLDD,GREAT LAKES DREDGE AND DOCK CORP,Industrials,,small,17.0,1.1943,0.9924,0.9603,1.1912,FLAT,42.74,55.54,85.59,-14.74,49.07,36.8,0.0,LOW,-,16.9545,16.4526,13.1936,1,74.052,TREND+LEAD,18.4241
659,9,ADAM,ADAMAS INC TRUST,Financials,,small,8.9,1.2074,1.003,1.0719,1.0537,FLAT,36.46,57.24,99.52,-17.07,53.2,42.62,0.5395,LOW,-,8.6895,8.0033,7.2448,1,71.449,TREND+LEAD,18.4183
660,-13,IQV,IQVIA,Health Care,Life Sciences Tools & Services,large,167.9,0.941,0.9625,0.9906,0.9362,FLAT,-22.67,22.55,-26.06,-35.87,49.6,40.46,0.8751,LOW,EARLY,169.05,169.35,196.0942,0,27.6499,WEAK,18.4178
661,-138,CDP,COPT DEFENSE PROPERTIES,Real Estate,,mid,32.13,0.9555,1.0009,0.9581,0.9249,STRONG_UP,10.73,24.43,45.5,-10.71,49.2,16.4,0.4266,LOW,-,31.6415,31.5871,29.6855,1,73.2991,TREND_ONLY,18.4163
662,-112,NPK,NATIONAL PRESTO INDUSTRIES INC,Industrials,,small,131.62,1.1984,0.9065,0.8803,0.9458,FLAT,41.95,56.07,78.7,-23.32,54.8,47.19,0.8316,LOW,-,139.4125,138.7948,118.5355,1,65.1162,TREND+LEAD,18.4136
663,-258,LILAK,LIBERTY LATIN AMERICA LTD CLASS C,Communication,,small,8.03,1.2043,1.0592,0.894,0.9036,FLAT,-0.25,56.84,-6.84,-22.55,52.4,42.01,0.9352,LOW,-,7.9845,8.238,8.0809,0,70.8927,WEAK,18.3959
664,-39,GVA,GRANITE CONSTRUCTION INC,Industrials,,mid,129.95,1.1389,0.9377,1.0086,0.8782,FLAT,27.18,48.32,113.21,-14.69,49.6,36.0,0.5761,LOW,-,135.829,127.6787,117.0621,1,66.5702,TREND+LEAD,18.3693
665,-44,XYZ,"Block, Inc.",Financials,Transaction & Payment Processing Services,large,68.08,0.89,0.9549,0.91,1.2272,FLAT,9.9,15.9,2.19,-39.48,50.8,53.39,0.6712,LOW,-,70.7975,66.2174,67.7448,1,15.1292,TREND_ONLY,18.3505
666,21,AVAV,AEROVIRONMENT INC,Industrials,,mid,174.23,0.7913,1.0686,0.8499,0.6108,STRONG_UP,-36.41,3.05,-11.65,-61.45,49.2,69.18,0.726,LOW,PROGRESS,172.5935,186.8948,263.4552,0,2.1705,WEAK,18.336
667,49,CMP,COMPASS MINERALS INTERNATIONAL INC,Materials,,small,30.59,1.224,1.046,1.1572,1.1511,FLAT,79.73,59.41,145.51,-26.29,50.4,48.4,0.601,LOW,-,28.054,25.6164,21.6322,1,61.8607,TREND+LEAD,18.3346
668,-1,UMBF,UMB FINANCIAL CORP,Financials,,mid,131.21,1.0072,1.0249,1.0279,1.0123,FLAT,26.67,31.17,64.63,-18.57,50.0,25.64,0.9681,LOW,-,128.433,120.9956,118.1073,1,60.793,TREND+LEAD,18.3189
669,-114,SENEA,SENECA FOODS CORP CLASS A,Consumer Staples,,small,139.04,1.1671,0.9658,0.9985,0.9451,FLAT,15.75,51.99,136.1,-21.04,58.4,45.54,0.9459,LOW,-,139.5915,144.8432,123.1125,1,66.6708,TREND+LEAD,18.3007
670,1,APLE,APPLE HOSPITALITY REIT INC,Real Estate,,mid,14.47,1.049,1.0173,1.0567,1.1162,STRONG_DOWN,32.87,36.61,17.17,-13.49,50.0,25.07,0.4833,LOW,-,13.8206,12.7549,11.904,1,73.0212,TREND+LEAD,18.2679
671,15,RYAM,RAYONIER ADVANCED MATERIALS INC,Materials,,small,8.73,1.7232,0.962,0.8689,1.1193,FLAT,53.97,124.42,62.57,-28.4,50.8,108.99,0.4456,LOW,-,9.203,9.871,7.6943,1,57.9926,TREND+LEAD,18.2558
672,-64,KMI,Kinder Morgan,Energy,Oil & Gas Storage & Transportation,large,33.79,0.9699,0.9909,1.0288,0.959,FLAT,28.87,26.31,93.19,-11.11,53.6,19.94,0.5272,LOW,-,32.5647,32.5401,28.8349,1,70.7329,TREND_ONLY,18.2087
673,22,TSLA,"Tesla, Inc.",Consumer Discretionary,Automobile Manufacturers,large,426.01,0.964,1.0293,1.084,0.9567,FLAT,7.79,25.54,145.2,-29.93,52.8,40.7,0.7308,LOW,-,409.2585,388.3344,410.0277,1,33.134,TREND_ONLY,18.2061
674,-40,GE,GE Aerospace,Industrials,Aerospace & Defense,large,302.84,1.0042,1.049,1.0189,0.8067,STRONG_UP,4.48,30.78,85.45,-20.85,54.8,41.48,0.4624,LOW,-,292.431,293.9586,299.627,1,40.6641,TREND+LEAD,18.1295
675,0,LCII,LCI INDUSTRIES,Consumer Discretionary,,mid,111.67,1.0239,1.0055,0.8909,0.7324,STRONG_UP,7.02,33.35,13.92,-31.4,46.0,37.75,0.6816,LOW,EARLY,113.5505,118.9046,115.4866,0,40.6353,WEAK,18.1264
676,-34,NEXT,NEXTDECADE CORP,Energy,,mid,8.46,0.8627,0.9556,1.1425,1.4674,STRONG_DOWN,45.86,12.35,16.69,-60.0,47.6,74.18,0.3924,LOW,-,8.179,7.6954,6.8075,1,7.9252,TREND_ONLY,18.0994
677,11,HAFC,HANMI FINANCIAL CORP,Financials,,small,30.17,1.0587,1.01,0.9677,1.0718,FLAT,16.25,37.88,110.75,-16.23,51.2,27.34,0.6106,LOW,-,29.8596,28.0064,26.343,1,70.9371,TREND+LEAD,18.0872
678,20,PLOW,DOUGLAS DYNAMICS INC,Industrials,,small,44.2,1.3035,0.9895,0.9111,0.922,FLAT,49.2,69.76,89.49,-15.37,49.6,48.59,0.5643,LOW,-,45.106,44.1731,36.6009,1,71.2101,TREND+LEAD,18.082
679,4,UVE,UNIVERSAL INSURANCE HOLDINGS INC,Financials,,small,38.98,1.1661,0.9763,0.9491,1.1326,FLAT,21.73,51.87,110.81,-18.95,53.2,40.71,0.5029,LOW,-,39.5554,36.3703,31.3274,1,67.7785,TREND+LEAD,18.0766
680,0,IVT,INVENTRUST PROPERTIES CORP,Real Estate,,mid,32.89,0.9562,1.0255,0.9687,0.9904,FLAT,20.02,24.53,44.01,-8.63,50.8,15.69,0.4596,LOW,-,31.942,31.5885,29.2658,1,79.4324,TREND_ONLY,18.0735
681,-162,SMR,NUSCALE POWER CORP CLASS A,Industrials,,mid,11.4,0.2895,1.0776,0.9127,0.7804,STRONG_UP,-39.04,-62.3,70.91,-82.86,44.8,93.33,0.9723,LOW,EARLY,11.8645,11.4516,22.9825,0,-29.9058,WEAK,18.0681
682,-20,MGY,MAGNOLIA OIL GAS CORP CLASS A,Energy,,mid,29.24,1.0625,0.9691,0.9631,0.9944,FLAT,32.4,38.38,24.29,-15.34,54.0,32.53,0.4779,LOW,-,29.3007,29.6753,25.171,1,63.7031,TREND+LEAD,18.0325
683,75,TRN,TRINITY INDUSTRIES INC,Industrials,,mid,32.72,1.0331,0.9458,0.9867,0.863,FLAT,30.94,34.54,19.14,-18.86,49.2,41.96,1.6228,HIGH,-,34.4805,32.825,29.1875,1,40.4988,TREND+LEAD,18.0267
684,-110,CWK,CUSHMAN AND WAKEFIELD LTD,Real Estate,,mid,12.89,1.0278,1.0102,0.8601,0.8732,FLAT,-12.55,33.85,23.94,-31.4,50.0,38.07,0.6056,LOW,EARLY,13.5545,13.2372,14.9387,0,44.4609,WEAK,17.9528
685,-47,IBP,INSTALLED BUILDING PRODUCTS INC,Consumer Discretionary,,mid,214.22,1.0645,0.9854,0.6779,0.6204,STRONG_UP,-11.19,38.64,5.64,-40.64,49.2,74.7,0.6323,LOW,EARLY,243.0145,265.867,271.0688,0,25.4472,WEAK,17.9352
686,309,UTI,UNIVERSAL TECHNICAL INSTITUTE INC,Consumer Discretionary,,mid,40.06,0.8791,1.016,1.0808,1.0616,FLAT,70.76,14.49,167.42,-39.36,54.0,54.15,4.2031,HIGH,-,37.5105,37.0616,30.7985,1,14.4497,TREND_ONLY,17.9255
687,-10,GTY,GETTY REALTY REIT CORP,Real Estate,,small,33.23,0.9552,0.9993,0.9512,0.9511,STRONG_UP,22.26,24.4,38.4,-10.16,50.0,16.04,0.5095,LOW,-,33.0115,32.9735,29.1931,1,76.0543,TREND_ONLY,17.8564
688,40,MTB,M&T Bank,Financials,Regional Banks,large,213.18,0.9398,1.0238,0.9497,0.9031,STRONG_UP,18.4,22.39,51.37,-16.98,52.4,22.52,0.4826,LOW,-,211.92,210.778,202.1039,1,52.0954,TREND_ONLY,17.8422
689,-46,L,Loews Corporation,Financials,Multi-line Insurance,large,108.87,0.9537,0.9985,0.9427,0.9159,STRONG_UP,3.87,24.2,47.64,-7.89,55.2,19.09,0.6359,LOW,-,107.5245,108.0956,104.0703,1,69.9701,TREND_ONLY,17.8189
690,-18,AESI,ATLAS ENERGY SOLUTIONS INC,Energy,,small,19.07,1.2049,0.9713,1.1195,1.6906,STRONG_DOWN,122.52,56.92,-13.95,-43.54,52.0,63.5,0.408,LOW,-,18.436,15.2842,11.8946,1,46.6111,TREND+LEAD,17.8001
691,-13,DX,DYNEX CAPITAL REIT INC,Financials,,mid,12.72,0.9637,0.983,0.897,0.8721,STRONG_UP,3.69,25.51,42.56,-15.27,52.4,21.34,0.8337,LOW,-,13.0943,12.8438,12.4808,1,62.641,TREND_ONLY,17.7617
692,76,LMT,Lockheed Martin,Industrials,Aerospace & Defense,large,533.24,0.8971,0.9999,0.9944,0.7417,STRONG_UP,15.35,16.83,20.36,-25.15,53.6,25.63,0.6739,LOW,-,517.481,572.9438,527.2957,1,35.2035,TREND_ONLY,17.7336
693,0,SRE,Sempra,Utilities,Multi-Utilities,large,92.8,0.9452,1.0188,0.9534,0.9142,STRONG_UP,3.77,23.09,30.11,-9.54,54.8,19.18,0.4363,LOW,-,92.5935,94.4279,89.3873,1,65.978,TREND_ONLY,17.6868
694,13,LOB,LIVE OAK BANCSHARES INC,Financials,,small,37.28,1.066,1.0143,0.9536,0.8877,STRONG_UP,26.98,38.83,11.08,-23.99,48.0,33.23,0.5847,LOW,-,37.0825,35.4694,35.5313,1,56.0921,TREND+LEAD,17.6866
695,-82,HE,HAWAIIAN ELECTRIC INDUSTRIES INC,Utilities,,mid,13.67,0.9893,1.0121,0.8577,0.8015,STRONG_UP,20.23,28.84,28.0,-22.54,52.8,29.79,0.4319,LOW,-,14.3705,14.7932,13.3123,1,51.1175,TREND_ONLY,17.666
696,5,HLX,HELIX ENERGY SOLUTIONS GROUP INC,Energy,,small,10.08,1.2606,0.9537,0.9759,0.8784,FLAT,61.02,64.17,-10.32,-20.83,50.4,51.02,,LOW,-,10.0925,9.7942,7.7334,1,63.3896,TREND+LEAD,17.6441
697,-17,HIMS,HIMS HERS HEALTH INC CLASS A,Health Care,,mid,23.75,0.3326,1.0555,0.7441,1.4123,FLAT,-29.36,-56.68,50.03,-78.06,44.0,123.66,0.3699,LOW,EARLY,25.787,24.252,34.9359,0,-20.1691,WEAK,17.6377
698,-24,CTRA,Coterra,Energy,Oil & Gas Exploration & Production,large,32.56,1.0453,0.9117,0.9312,0.9834,STRONG_DOWN,28.45,36.13,27.57,-15.51,56.07,34.82,0.0,LOW,-,33.3905,33.1493,27.214,1,58.1786,TREND+LEAD,17.5904
699,-105,BFC,BANK FIRST CORP,Financials,,small,141.87,0.9659,0.9783,0.9421,0.9391,STRONG_UP,20.0,25.79,,-14.17,50.8,21.59,1.0324,MED,-,144.2805,140.2135,131.8889,1,60.6755,TREND_ONLY,17.5802
700,11,ASTH,ASTRANA HEALTH INC,Health Care,,small,37.85,1.1965,0.9619,1.0748,1.8104,STRONG_DOWN,86.09,55.83,0.42,-46.41,55.6,73.32,0.7503,LOW,-,37.009,31.1316,27.4979,1,42.3335,TREND+LEAD,17.5752
701,0,UAL,United Airlines Holdings,Industrials,Passenger Airlines,large,99.96,1.0282,1.0699,1.0291,0.8162,STRONG_UP,11.0,33.9,93.12,-27.5,49.6,57.11,0.5184,LOW,SHIFT,94.6415,93.8362,101.2193,0,29.4464,WEAK,17.5688
702,142,DNLI,DENALI THERAPEUTICS INC,Health Care,,mid,18.64,1.0665,1.0035,0.8982,0.7996,STRONG_UP,8.62,38.9,-3.22,-20.49,47.6,60.25,1.9463,HIGH,-,19.1585,19.6949,17.8309,1,30.7304,TREND+LEAD,17.5171
703,-97,IVR,INVESCO MORTGAGE CAPITAL REIT INC,Financials,,small,7.87,0.9923,0.9697,0.9145,0.8896,STRONG_UP,14.46,29.23,29.06,-16.54,50.0,25.25,1.4856,MED,-,8.086,8.0254,7.524,1,57.8729,TREND_ONLY,17.4995
704,38,FTNT,Fortinet,Information Technology,Systems Software,large,133.93,0.9969,1.0488,1.5205,1.6366,STRONG_DOWN,71.62,29.83,119.81,-30.9,55.2,51.56,0.9172,LOW,-,107.921,92.247,84.0933,1,31.9332,TREND_ONLY,17.4762
705,48,SPXC,SPX TECHNOLOGIES INC,Industrials,,mid,207.8,1.0654,1.0268,0.8929,0.786,STRONG_UP,4.26,38.75,45.85,-23.15,52.4,46.3,0.7517,LOW,-,206.625,207.2404,205.5402,1,43.8508,TREND+LEAD,17.4547
706,59,ZWS,ZURN ELKAY WATER SOLUTIONS CORP,Industrials,,mid,48.0,1.0467,0.9926,0.878,0.874,STRONG_UP,6.18,36.31,54.09,-17.02,50.4,34.47,0.8323,LOW,-,49.8276,47.8866,47.1891,1,53.0931,TREND+LEAD,17.4365
707,31,CVNA,Carvana,Consumer Discretionary,Automotive Retail,large,68.28,0.862,1.0245,0.7991,0.9652,FLAT,8.99,12.26,210.62,-41.21,52.8,56.56,0.692,LOW,EARLY,73.4038,69.5874,73.7708,0,11.4469,WEAK,17.4154
708,1,LFST,LIFESTANCE HEALTH GROUP INC,Health Care,,mid,7.39,1.0336,0.9386,1.0037,0.9515,FLAT,19.58,34.61,27.41,-37.46,48.4,61.29,0.7055,LOW,-,7.6645,6.9966,6.3867,1,27.3298,TREND+LEAD,17.3938
709,9,SBH,SALLY BEAUTY HOLDINGS INC,Consumer Discretionary,,small,12.61,1.1041,1.0568,0.818,0.7174,STRONG_UP,-10.88,43.79,,-30.47,52.0,43.3,0.4886,LOW,-,13.1465,13.6896,14.7049,0,52.5832,WEAK,17.3752
710,101,SNPS,Synopsys,Information Technology,Application Software,large,524.74,0.8077,1.0429,1.0032,1.0946,FLAT,36.08,5.19,-10.5,-41.04,52.8,41.54,0.9691,LOW,-,501.622,454.4388,471.359,1,6.5967,TREND_ONLY,17.3557
711,6,FIHL,FIDELIS INSURANCE HOLDINGS LTD,Financials,,small,23.06,1.1109,0.9863,1.0371,1.0643,STRONG_DOWN,24.99,44.67,49.33,-15.99,55.02,39.61,1.2342,MED,-,21.609,20.3696,18.7412,1,62.0538,TREND+LEAD,17.3377
712,101,FULT,FULTON FINANCIAL CORP,Financials,,mid,21.44,0.9973,1.0143,0.9579,0.9398,STRONG_UP,26.54,29.89,39.16,-15.52,51.6,25.77,0.4887,LOW,-,21.3185,20.9224,19.4709,1,59.8425,TREND_ONLY,17.334
713,-8,TJX,TJX Companies,Consumer Discretionary,Apparel Retail,large,158.27,0.9786,1.0435,0.9682,0.9259,STRONG_UP,7.54,27.45,62.01,-10.89,50.4,22.56,0.7341,LOW,-,153.3765,156.1184,149.136,1,61.3247,TREND_ONLY,17.3113
714,10,SNCY,SUN COUNTRY AIRLINES HOLDINGS INC,Industrials,,small,16.17,1.1257,0.9755,0.8447,0.685,STRONG_UP,28.23,46.6,63.5,-30.08,48.16,47.1,0.0,LOW,-,16.3715,16.5948,14.8561,1,47.6489,TREND+LEAD,17.2924
715,21,PIPR,PIPER SANDLER COMPANIES,Financials,,mid,80.68,1.0195,1.0089,0.8901,0.975,FLAT,4.45,32.77,60.64,-24.56,54.0,34.89,0.4099,LOW,EARLY,81.3835,80.6951,82.3079,0,50.713,WEAK,17.2635
716,-3,CNOB,CONNECTONE BANCORP INC,Financials,,small,29.76,1.0312,1.0079,1.0057,1.0261,FLAT,29.09,34.3,55.52,-12.41,52.0,25.44,0.5709,LOW,-,29.4368,28.0247,26.0317,1,70.1023,TREND+LEAD,17.2437
717,-33,ALNY,Alnylam Pharmaceuticals,Health Care,Biotechnology,large,297.45,0.7877,1.0293,0.9321,0.8215,STRONG_UP,-33.28,2.58,99.12,-42.01,53.6,34.27,0.576,LOW,PROGRESS,296.81,310.317,388.3452,0,4.0401,WEAK,17.2425
718,7,ACA,ARCOSA INC,Industrials,,mid,120.75,1.0971,0.9795,0.968,0.889,STRONG_UP,21.57,42.88,41.7,-21.45,50.8,48.29,0.7918,LOW,-,124.4695,115.1719,107.1685,1,45.1071,TREND+LEAD,17.2223
719,-54,O,Realty Income,Real Estate,Retail REITs,large,62.02,0.9058,0.9956,0.9417,0.8682,STRONG_UP,13.14,17.97,32.41,-11.1,54.4,16.23,0.7348,LOW,-,62.5674,62.4625,59.3095,1,60.2172,TREND_ONLY,17.1894
720,114,BBAI,BIGBEAR.AI HOLDINGS INC,Information Technology,,small,4.18,0.8818,1.0563,1.0817,0.9853,FLAT,-24.14,14.84,175.0,-65.88,46.4,71.43,1.771,HIGH,-,4.111,3.807,5.337,0,9.6367,WEAK,17.1893
721,-9,CAKE,CHEESECAKE FACTORY INC,Consumer Discretionary,,mid,61.14,0.9107,1.0145,0.9532,0.8821,STRONG_UP,43.1,18.6,73.4,-36.39,53.2,35.52,0.6449,LOW,-,60.3592,58.9322,56.0572,1,27.8629,TREND_ONLY,17.1864
722,-22,TR,TOOTSIE ROLL INDUSTRIES INC,Consumer Staples,,mid,40.06,0.9444,0.9537,0.9168,0.8915,STRONG_UP,5.68,22.99,43.34,-20.03,54.8,24.22,0.8933,LOW,-,41.454,42.1106,39.1719,1,52.0208,TREND_ONLY,17.1478
723,-70,FOXA,Fox Corporation (Class A),Communication Services,Broadcasting,large,63.98,0.9011,0.9622,0.9747,1.0558,STRONG_DOWN,-1.3,17.35,98.15,-28.89,56.0,28.33,0.4304,LOW,-,64.1265,61.9966,63.101,1,34.2981,TREND_ONLY,17.1405
724,5,OSBC,OLD SECOND BANCORP INC,Financials,,small,21.08,1.0004,1.003,1.0126,0.9826,FLAT,18.25,30.29,51.46,-12.91,52.4,23.06,,LOW,-,20.808,20.5745,19.2597,1,68.8277,TREND+LEAD,17.0934
725,5,SBUX,Starbucks,Consumer Discretionary,Restaurants,large,103.11,0.9628,0.9582,1.0064,0.9879,FLAT,26.34,25.39,38.51,-18.53,49.2,30.99,1.1669,MED,-,104.3565,98.5512,90.0006,1,40.3129,TREND_ONLY,17.0681
726,-99,DLTR,Dollar Tree,Consumer Staples,Consumer Staples Merchandise Retail,large,94.98,0.8272,1.0313,0.8765,0.6629,STRONG_UP,-3.63,7.72,-17.12,-38.53,49.6,38.88,0.7108,LOW,PROGRESS,93.519,100.883,109.6598,0,9.8533,WEAK,17.0186
727,-7,BKV,BKV CORP,Energy,,mid,28.29,1.0029,0.9741,0.9315,0.8754,STRONG_UP,11.29,30.61,57.17,-19.71,53.2,34.92,0.3007,LOW,-,29.4905,28.7842,26.3724,1,46.6329,TREND+LEAD,17.0046
728,78,HWC,HANCOCK WHITNEY CORP,Financials,,mid,67.5,0.9846,1.011,0.9671,0.924,STRONG_UP,20.47,28.23,56.38,-17.45,50.8,26.01,0.7264,LOW,-,66.8465,65.7354,63.478,1,55.1399,TREND_ONLY,16.9955
729,5,GOLF,ACUSHNET HOLDINGS CORP,Consumer Discretionary,,mid,88.43,1.0053,1.0183,0.8631,0.8144,STRONG_UP,14.65,30.92,45.11,-17.93,52.0,32.61,0.5493,LOW,-,90.2095,93.2286,86.5309,1,49.3053,TREND+LEAD,16.9954
730,-3,GBTG,GLOBAL BUSINESS TRAVEL GROUP INC C,Consumer Discretionary,,mid,9.44,1.2101,0.9906,1.5774,1.7016,STRONG_DOWN,38.21,57.6,62.48,-40.41,51.2,118.76,0.8213,LOW,-,8.517,6.7912,7.2439,1,24.8309,TREND+LEAD,16.9484
731,-120,ALGT,ALLEGIANT TRAVEL,Industrials,,small,80.31,1.1782,1.0656,0.9726,0.712,STRONG_UP,30.01,53.44,68.08,-39.13,46.4,67.69,0.7333,LOW,-,77.303,80.4286,77.336,1,36.6313,TREND+LEAD,16.947
732,5,HTH,HILLTOP HOLDINGS INC,Financials,,mid,37.22,0.9858,1.0025,0.9775,0.9085,STRONG_UP,13.59,28.38,25.57,-13.52,47.2,22.09,0.5971,LOW,-,37.2517,36.5797,34.8845,1,60.6455,TREND_ONLY,16.8936
733,121,PLUS,EPLUS,Information Technology,,mid,85.37,0.9881,1.0257,0.9637,1.0095,FLAT,-2.03,28.68,8.77,-20.65,48.4,30.51,1.2555,MED,-,84.7135,81.4864,80.3183,1,45.494,TREND_ONLY,16.8925
734,66,MTX,MINERALS TECHNOLOGIES INC,Materials,,mid,76.79,1.0218,1.0013,1.0233,1.0049,FLAT,35.22,33.07,-6.52,-15.83,53.2,31.12,0.4619,LOW,-,76.838,72.9292,65.4667,1,56.5371,TREND+LEAD,16.8486
735,-150,EOSE,EOS ENERGY ENTERPRISES INC CLASS A,Industrials,,small,8.06,0.9701,1.0746,1.0062,0.6454,STRONG_UP,-37.42,26.33,1061.38,-77.1,47.6,147.32,0.8508,LOW,-,7.2808,6.3696,10.5948,0,8.5081,WEAK,16.8327
736,-54,JXN,JACKSON FINANCIAL INC CLASS A,Financials,,mid,106.95,1.0505,0.9553,0.9052,0.9066,FLAT,18.44,36.8,47.69,-16.31,56.0,37.13,0.6753,LOW,-,111.394,108.145,103.6194,1,55.5092,TREND+LEAD,16.8319
737,0,SRCE,1ST SOURCE CORP,Financials,,small,73.95,0.9681,1.0146,0.9742,1.0029,FLAT,24.07,26.08,54.69,-11.84,52.4,18.59,0.6509,LOW,-,72.9512,71.4075,65.09,1,73.5145,TREND_ONLY,16.8293
738,0,TROW,T. Rowe Price,Financials,Asset Management & Custody Banks,large,103.39,0.8995,1.0004,0.9993,1.0175,FLAT,9.15,17.15,-2.33,-19.76,53.2,19.85,0.8265,LOW,-,102.8715,96.2924,99.224,1,45.9597,TREND_ONLY,16.8269
739,-152,WSM,"Williams-Sonoma, Inc.",Consumer Discretionary,Homefurnishing Retail,large,192.5,0.9501,1.1273,0.9673,0.8502,STRONG_UP,12.36,23.74,39.43,-23.27,50.0,35.18,0.7925,LOW,-,180.0615,183.622,191.7657,1,33.7363,TREND_ONLY,16.7852
740,-59,CHTR,Charter Communications,Communication Services,Cable & Satellite,large,145.15,0.2743,1.0183,0.7715,0.5755,STRONG_UP,-25.45,-64.28,-45.92,-66.45,48.0,67.3,0.8184,LOW,EARLY,154.397,194.7368,223.105,0,-45.8464,WEAK,16.7702
741,-19,DHI,D. R. Horton,Consumer Discretionary,Homebuilding,large,143.73,0.941,1.0356,0.8633,0.8084,STRONG_UP,5.28,22.55,2.85,-27.56,48.4,36.25,0.5753,LOW,EARLY,145.2949,143.8861,153.0727,0,30.1024,WEAK,16.7568
742,93,TEX,TEREX CORP,Industrials,,mid,57.76,1.0077,0.9874,0.8836,0.7732,STRONG_UP,38.61,31.24,-1.98,-28.29,49.2,47.25,0.5858,LOW,-,61.0325,60.5122,55.9508,1,32.5295,TREND+LEAD,16.7489
743,172,SPB,SPECTRUM BRANDS HOLDINGS INC,Consumer Staples,,small,78.35,1.0677,1.0068,0.8893,0.9211,FLAT,46.33,39.05,-10.96,-15.76,52.4,37.5,1.0736,MED,-,79.7885,78.2924,64.5359,1,54.5666,TREND+LEAD,16.7455
744,4,TMO,Thermo Fisher Scientific,Health Care,Life Sciences Tools & Services,large,448.28,0.8776,1.0047,0.9138,0.8001,STRONG_UP,-21.59,14.29,-22.87,-31.38,50.8,32.43,0.6583,LOW,EARLY,458.9095,479.359,525.999,0,22.3908,WEAK,16.7358
745,29,FMBH,FIRST MID BANCSHARES INC,Financials,,small,43.6,0.9815,1.0146,0.975,0.9616,STRONG_UP,21.59,27.82,43.47,-13.93,49.6,20.94,0.9167,LOW,-,42.8897,42.049,39.7475,1,65.8994,TREND_ONLY,16.7158
746,84,ES,Eversource Energy,Utilities,Electric Utilities,large,70.0,0.8858,1.0186,0.988,0.8759,STRONG_UP,13.9,15.36,33.42,-15.13,57.6,22.07,1.061,MED,-,68.0953,68.2787,67.4663,1,40.0792,TREND_ONLY,16.7053
747,-55,CF,CF Industries,Materials,Fertilizers & Agricultural Chemicals,large,121.7,1.0738,0.9628,0.9675,1.1688,STRONG_DOWN,57.92,39.85,62.71,-24.87,54.4,62.8,0.3407,LOW,-,123.4157,124.2342,95.7179,1,34.518,TREND+LEAD,16.6995
748,25,CTVA,Corteva,Materials,Fertilizers & Agricultural Chemicals,large,79.56,0.8933,0.9721,0.9546,0.9402,STRONG_UP,24.19,16.33,46.22,-20.71,55.2,23.6,0.3521,LOW,-,80.945,81.2518,72.1749,1,38.2034,TREND_ONLY,16.6878
749,50,HUBG,HUB GROUP INC CLASS A,Industrials,,mid,41.46,0.9688,1.076,0.9253,0.9312,FLAT,18.28,26.17,0.48,-35.62,53.6,45.27,0.959,LOW,-,41.0025,39.1928,39.2629,1,30.9849,TREND_ONLY,16.6713
750,2,VAC,MARRIOTT VACATIONS WORLDWIDE CORP,Consumer Discretionary,,mid,75.19,0.9099,1.0233,0.993,1.2446,FLAT,64.78,18.49,-9.89,-45.84,50.8,59.03,0.5122,LOW,-,73.1665,70.8692,64.3433,1,15.9161,TREND_ONLY,16.6655
751,-92,MATW,MATTHEWS INTERNATIONAL CORP CLASS,Consumer Discretionary,,small,26.76,1.0254,0.9873,0.9185,0.9281,FLAT,11.75,33.54,2.35,-15.87,51.2,27.06,0.6896,LOW,-,27.5056,26.4662,25.0832,1,63.4517,TREND+LEAD,16.6594
752,-58,CAC,CAMDEN NATIONAL CORP,Financials,,small,49.32,1.0008,1.0113,0.9505,0.9758,FLAT,31.3,30.34,65.67,-16.82,52.0,25.23,0.7382,LOW,-,48.6475,48.2789,43.2355,1,62.5225,TREND+LEAD,16.6589
753,-12,LXU,LSB INDUSTRIES INC,Materials,,small,13.04,1.3679,0.9307,0.8677,1.1916,FLAT,53.77,78.14,34.43,-23.16,52.4,74.22,0.3642,LOW,-,14.322,14.5838,10.4785,1,55.169,TREND+LEAD,16.6521
754,-21,HLT,Hilton Worldwide,Consumer Discretionary,"Hotels, Resorts & Cruise Lines",large,321.08,1.0088,0.9998,0.916,0.9442,FLAT,21.6,31.38,61.17,-10.29,49.6,26.48,0.6021,LOW,-,318.5085,315.4892,290.2635,1,58.7857,TREND+LEAD,16.6452
755,34,GD,General Dynamics,Industrials,Aerospace & Defense,large,342.89,0.9759,0.99,1.0482,0.9018,FLAT,1.9,27.09,20.22,-14.53,51.2,25.2,0.3889,LOW,-,340.3225,340.9683,338.7954,1,55.0493,TREND_ONLY,16.598
756,-7,SKT,TANGER INC,Real Estate,,mid,35.5,0.981,0.9865,0.9349,0.9256,STRONG_UP,9.91,27.76,41.17,-10.34,49.6,21.67,0.9587,LOW,-,36.056,35.5025,33.6553,1,63.5457,TREND_ONLY,16.5764
757,100,VST,Vistra Corp.,Utilities,Electric Utilities,large,156.27,0.7626,1.132,0.9104,0.8382,STRONG_UP,-9.83,-0.69,64.76,-38.01,49.6,49.66,1.2373,MED,SHIFT,150.986,154.5586,173.7525,0,-0.6891,WEAK,16.5594
758,-2,WAB,Wabtec,Industrials,Construction Machinery & Heavy Transportation Equipment,large,256.41,0.9927,0.9763,0.9193,0.8913,STRONG_UP,30.89,29.28,52.77,-13.29,52.0,29.17,0.4366,LOW,-,263.7735,257.427,224.4694,1,52.1989,TREND_ONLY,16.5536
759,25,HBNC,HORIZON BANCORP INC,Financials,,small,18.34,0.9961,1.015,0.9849,0.9903,FLAT,18.91,29.73,63.1,-16.65,50.8,22.48,0.682,LOW,-,18.1655,17.3591,16.6629,1,67.1764,TREND_ONLY,16.553
760,104,DCH,DAUCH CORPORATION,Consumer Discretionary,,small,6.39,1.1464,1.021,1.03,0.8416,FLAT,9.61,49.3,-12.7,-42.44,50.8,69.79,0.6285,LOW,-,6.034,5.882,6.3387,1,35.8847,TREND+LEAD,16.5331
761,-40,PLTR,Palantir Technologies,Information Technology,Application Software,large,136.88,0.8524,1.0034,0.9159,0.9767,FLAT,-12.11,11.0,560.62,-38.19,55.2,49.18,0.5832,LOW,EARLY,137.4257,142.6439,162.6332,0,12.3519,WEAK,16.5082
762,143,ASO,ACADEMY SPORTS AND OUTDOORS INC,Consumer Discretionary,,mid,52.52,1.0029,1.041,0.8793,0.7914,STRONG_UP,26.52,30.61,0.94,-26.42,52.0,41.28,0.7135,LOW,PROGRESS,52.3245,54.4151,52.77,0,38.5566,WEAK,16.4518
763,53,ADNT,ADIENT PLC,Consumer Discretionary,,small,21.58,1.1249,1.0357,0.9333,0.7971,STRONG_UP,21.24,46.5,-19.84,-31.19,46.8,46.46,0.3478,LOW,-,21.3575,20.9426,22.0208,0,46.8441,WEAK,16.4348
764,45,TXT,Textron,Industrials,Aerospace & Defense,large,91.83,0.9679,1.0042,0.9996,0.853,STRONG_UP,15.52,26.05,4.85,-14.69,54.4,29.2,0.6054,LOW,-,90.9935,90.3316,87.4271,1,48.5354,TREND_ONLY,16.4082
765,-76,ARDX,ARDELYX INC,Health Care,,small,6.11,1.1818,0.9906,0.9832,0.8563,STRONG_UP,10.09,53.9,-17.88,-33.54,46.0,56.06,0.6294,LOW,-,6.4845,6.1354,6.1299,0,44.2311,WEAK,16.4069
766,20,FCF,FIRST COMMONWEALTH FINANCIAL CORP,Financials,,small,18.6,0.9548,1.0047,0.9637,0.9696,FLAT,21.16,24.35,45.68,-15.15,50.8,18.2,0.5177,LOW,-,18.4007,18.0216,17.0855,1,67.9638,TREND_ONLY,16.4053
767,18,SWK,Stanley Black & Decker,Industrials,Industrial Machinery & Supplies & Components,large,76.46,0.9391,1.0039,0.9552,0.7963,STRONG_UP,25.27,22.29,-3.38,-26.14,49.2,42.29,0.3767,LOW,-,77.492,73.6656,74.1613,1,25.9374,TREND_ONLY,16.4022
768,-18,EHAB,ENHABIT INC,Health Care,,small,13.8,1.0368,0.9913,0.9624,1.1368,FLAT,71.43,35.03,50.33,-39.63,50.0,46.17,0.8456,LOW,-,13.7535,13.7624,10.2648,1,37.9352,TREND+LEAD,16.3378
769,104,UBSI,UNITED BANKSHARES INC,Financials,,mid,43.26,0.9595,1.0074,0.9524,0.9427,STRONG_UP,23.34,24.96,43.69,-13.73,48.0,21.0,0.6472,LOW,-,43.0855,42.4172,39.2381,1,57.0484,TREND_ONLY,16.2977
770,25,ASB,ASSOCIATED BANCORP,Financials,,mid,28.01,0.9702,1.0094,0.9806,0.954,STRONG_UP,15.87,26.35,43.94,-16.37,51.2,25.53,0.4297,LOW,-,27.9805,26.9568,26.0916,1,52.8501,TREND_ONLY,16.2886
771,141,ZBRA,Zebra Technologies,Information Technology,Electronic Equipment & Instruments,large,255.55,0.6904,0.9734,1.0745,0.9962,FLAT,11.89,-10.08,-21.14,-41.62,49.6,43.23,1.622,HIGH,SHIFT,235.855,223.9412,259.6143,0,-11.57,WEAK,16.2686
772,-62,ACT,ENACT HOLDINGS INC,Financials,,mid,42.73,0.9481,0.9612,0.9332,0.9522,FLAT,13.19,23.47,45.67,-10.96,55.6,19.88,0.7962,LOW,-,43.1625,42.2208,39.4611,1,65.6393,TREND_ONLY,16.2592
773,79,FE,FirstEnergy,Utilities,Electric Utilities,large,46.31,0.8788,1.0351,0.9067,0.8494,STRONG_UP,1.43,14.44,28.33,-14.71,56.0,16.94,0.7142,LOW,-,45.7307,48.1717,45.8126,1,47.7408,TREND_ONLY,16.2449
774,106,JPM,JPMorgan Chase,Financials,Diversified Banks,large,306.38,0.9199,1.0092,0.9516,0.9522,FLAT,3.67,19.8,62.29,-15.47,54.8,21.21,0.4682,LOW,-,305.4495,301.2154,303.2587,1,51.1648,TREND_ONLY,16.2434
775,0,LIN,Linde plc,Materials,Industrial Gases,large,517.58,0.8777,1.0037,0.9711,0.9473,STRONG_UP,27.59,14.31,22.87,-19.18,52.8,19.53,0.5686,LOW,-,505.6235,499.9506,462.6761,1,38.6833,TREND_ONLY,16.1945
776,-72,STBA,S AND T BANCORP INC,Financials,,small,44.86,0.9775,1.0038,1.0023,0.9644,STRONG_UP,20.14,27.3,47.95,-13.37,48.8,20.95,0.9059,LOW,-,44.0068,42.7564,39.865,1,63.5926,TREND_ONLY,16.1907
777,4,SMP,STANDARD MOTOR PRODUCTS INC,Consumer Discretionary,,small,37.9,1.0431,1.0161,0.9482,0.7953,STRONG_UP,6.89,35.84,35.25,-22.56,50.4,33.48,0.358,LOW,-,37.7824,36.81,38.114,0,53.9573,WEAK,16.1557
778,-7,RCAT,RED CAT HOLDINGS INC,Industrials,,small,9.41,1.0595,1.0439,0.7636,0.6716,STRONG_UP,53.26,37.98,755.45,-60.08,46.8,107.64,0.6219,LOW,-,10.28,12.2688,11.1734,0,16.5115,WEAK,16.1444
779,-22,CRNX,CRINETICS PHARMACEUTICALS INC,Health Care,,mid,36.8,0.9495,1.0506,0.9193,0.7599,STRONG_UP,-12.32,23.66,-24.33,-40.33,46.4,51.32,0.5649,LOW,EARLY,38.1755,37.8366,41.2883,0,21.388,WEAK,16.1417
780,-2,TEL,TE Connectivity,Information Technology,Electronic Manufacturing Services,large,202.78,0.9948,1.0018,0.9045,0.7721,STRONG_UP,-5.17,29.55,38.44,-21.11,57.6,43.8,0.8557,LOW,EARLY,206.272,212.169,220.4187,0,38.8653,WEAK,16.1201
781,-14,ACLX,ARCELLX INC,Health Care,,mid,115.07,1.3823,0.9908,0.9596,1.5497,FLAT,31.52,80.02,127.28,-33.06,50.21,156.03,0.0,LOW,-,114.932,111.7098,83.9435,1,25.7508,TREND+LEAD,16.1013
782,0,RCL,Royal Caribbean Group,Consumer Discretionary,"Hotels, Resorts & Cruise Lines",large,256.1,0.831,1.0044,0.9224,0.7478,STRONG_UP,2.22,8.22,79.06,-32.36,48.8,49.78,1.1479,MED,EARLY,262.314,269.2178,292.348,0,8.0614,WEAK,16.0772
783,-28,BATRK,ATLANTA BRAVES HOLDINGS INC SERIES,Communication,,mid,49.5,0.9413,0.9592,0.9532,1.0551,FLAT,28.81,22.59,30.95,-18.72,52.4,22.29,0.8882,LOW,-,50.133,46.6696,42.3922,1,53.0945,TREND_ONLY,16.0643
784,44,EQBK,EQUITY BANCSHARES INC CLASS A,Financials,,small,45.97,0.9255,1.0104,0.9708,0.9298,STRONG_UP,11.57,20.53,42.18,-17.02,48.4,16.74,0.3418,LOW,-,45.4595,45.0053,43.4541,1,59.3647,TREND_ONLY,16.0588
785,173,AVNS,AVANOS MEDICAL INC,Health Care,,small,24.61,1.5351,0.9854,0.9555,1.6587,FLAT,125.99,99.92,23.98,-23.39,50.0,142.35,2.5686,HIGH,-,24.7025,20.1062,14.1394,1,35.0962,TREND+LEAD,16.0566
786,70,INVA,INNOVIVA INC,Health Care,,small,22.46,0.9091,1.0206,0.9124,0.8816,STRONG_UP,6.14,18.4,42.24,-23.53,48.4,24.32,1.5982,HIGH,-,22.6855,22.9172,20.8582,1,36.6134,TREND_ONLY,16.0449
787,104,PEP,PepsiCo,Consumer Staples,Soft Drinks & Non-alcoholic Beverages,large,150.57,0.9297,1.0007,0.9275,0.8237,STRONG_UP,5.0,21.08,-9.74,-12.02,46.8,18.87,0.9945,LOW,-,152.727,154.0886,148.9631,1,52.2744,TREND_ONLY,16.0337
788,-12,AEE,Ameren,Utilities,Multi-Utilities,large,111.29,0.913,1.0267,0.959,0.9257,STRONG_UP,9.08,18.91,65.34,-7.9,56.0,17.66,0.7498,LOW,-,110.24,110.5292,104.1784,1,59.9537,TREND_ONLY,16.0077
789,101,FCBC,FIRST COMMUNITY BANKSHARES INC,Financials,,small,42.38,0.9196,1.0017,0.9617,0.9872,FLAT,39.45,19.76,42.48,-23.43,52.4,21.37,1.0067,MED,-,42.3391,41.8356,36.1017,1,48.4571,TREND_ONLY,15.9805
790,14,AME,Ametek,Industrials,Electrical Components & Equipment,large,224.52,0.9768,0.9856,0.9228,0.8729,STRONG_UP,18.53,27.21,31.69,-13.57,49.2,27.54,0.6813,LOW,-,230.1705,225.5202,207.5512,1,48.619,TREND_ONLY,15.9774
791,-68,MCRI,MONARCH CASINO AND RESORT INC,Consumer Discretionary,,small,116.81,1.1089,0.9599,0.9727,1.1257,STRONG_DOWN,23.44,44.41,84.57,-17.47,52.4,37.09,0.7664,LOW,-,117.647,106.7906,99.2542,1,62.7399,TREND+LEAD,15.9693
792,-13,MC,MOELIS CLASS A,Financials,,mid,65.76,0.9291,1.0201,0.9342,0.9784,FLAT,10.28,20.99,25.61,-33.26,54.0,37.01,0.4039,LOW,-,64.5542,61.2566,65.6195,1,30.6327,TREND_ONLY,15.9557
793,15,IDXX,Idexx Laboratories,Health Care,Health Care Equipment,large,559.37,0.8563,1.0153,0.9464,0.7921,STRONG_UP,-18.86,11.52,8.38,-31.04,50.8,31.27,,LOW,PROGRESS,553.8675,566.3022,640.1175,0,18.7211,WEAK,15.9429
794,-2,UNP,Union Pacific Corporation,Industrials,Rail Transportation,large,265.88,0.9409,0.9573,0.9474,0.9214,STRONG_UP,21.53,22.53,19.58,-12.28,55.2,24.51,0.7485,LOW,-,266.9865,254.5646,236.6381,1,50.7402,TREND_ONLY,15.9319
795,-1,BULL,WEBULL CORP CLASS A,Financials,,mid,6.18,0.3858,0.8671,0.8576,0.9863,FLAT,-25.09,-49.76,-44.22,-73.9,44.8,55.99,2.0436,HIGH,-,7.0145,6.144,9.1039,0,-39.812,WEAK,15.9022
796,-5,CLDX,CELLDEX THERAPEUTICS INC,Health Care,,mid,30.73,1.1595,1.0073,0.8839,1.1373,FLAT,22.58,51.01,-15.39,-24.23,47.2,62.71,0.4537,LOW,-,32.2845,32.0722,27.2848,1,38.3918,TREND+LEAD,15.8611
797,-43,PCT,PURECYCLE TECHNOLOGIES INC,Materials,,small,11.32,0.9296,0.874,1.4909,1.2143,FLAT,40.62,21.07,121.09,-70.09,47.2,97.65,0.7773,LOW,-,9.6345,7.434,9.9652,1,10.1841,TREND_ONLY,15.85
798,-1,ATMU,ATMUS FILTRATION TECHNOLOGIES INC,Industrials,,mid,48.83,1.0309,0.9611,0.7512,0.6895,STRONG_UP,4.77,34.25,64.87,-26.26,53.6,52.01,0.2385,LOW,EARLY,54.303,57.5918,52.6096,0,35.2983,WEAK,15.8496
799,34,TRI,Thomson Reuters,Technology,Computer Software,large,85.86,0.351,0.9522,0.9372,0.8964,STRONG_UP,-32.79,-54.28,-47.66,-61.95,43.6,56.21,0.3348,LOW,EARLY,88.3782,88.6242,122.6215,0,-42.1046,WEAK,15.8202
800,-273,GKOS,GLAUKOS CORP,Health Care,,mid,120.23,0.9615,0.8377,0.9476,0.9275,FLAT,26.29,25.21,11.9,-29.92,48.8,64.6,3.4851,HIGH,-,134.755,121.5054,105.2896,1,19.0467,TREND_ONLY,15.8116
801,151,SWKS,Skyworks Solutions,Information Technology,Semiconductors,mid,82.42,0.9518,1.1606,1.2398,1.2649,STRONG_DOWN,37.87,23.96,-3.32,-35.24,50.4,52.16,1.376,MED,-,68.7355,61.3382,65.3432,1,23.1493,TREND_ONLY,15.8017
802,-39,D,Dominion Energy,Utilities,Multi-Utilities,large,67.67,0.9659,0.9922,1.0354,0.9864,FLAT,13.7,25.79,41.35,-9.77,51.2,25.73,1.0986,MED,-,63.9845,62.8546,60.5014,1,51.31,TREND_ONLY,15.7851
803,-107,CSTL,CASTLE BIOSCIENCES INC,Health Care,,small,20.15,0.961,1.0332,0.7888,0.6187,STRONG_UP,-43.59,25.16,-15.12,-57.83,53.2,61.87,0.7111,LOW,-,21.511,23.4569,28.7054,0,21.6302,WEAK,15.7722
804,15,CINF,Cincinnati Financial,Financials,Property & Casualty Insurance,large,168.1,0.9054,0.9933,0.9786,0.9671,STRONG_UP,3.86,17.92,50.51,-10.46,55.6,18.6,0.4138,LOW,-,164.299,162.5226,159.7087,1,53.5565,TREND_ONLY,15.7707
805,-73,DAVE,DAVE INC CLASS A,Financials,,mid,228.46,0.889,0.9408,0.7967,1.2405,FLAT,25.18,15.78,423.99,-44.67,52.0,65.05,0.7838,LOW,-,252.4865,226.6911,211.5203,1,12.6155,TREND_ONLY,15.7565
806,183,RRR,RED ROCK RESORTS ORS CLASS A INC,Consumer Discretionary,,mid,55.38,0.9355,1.0526,0.9805,0.8278,STRONG_UP,4.41,21.83,22.83,-22.06,54.4,31.71,1.2774,MED,SHIFT,53.1525,55.1282,57.9918,0,37.4457,WEAK,15.7384
807,-37,VZ,Verizon,Communication Services,Integrated Telecommunication Services,large,48.35,0.9148,1.0243,0.9982,0.9049,STRONG_UP,22.49,19.13,39.71,-13.32,49.2,19.65,0.5881,LOW,-,47.4245,47.7949,43.1011,1,47.9039,TREND_ONLY,15.7296
808,-18,PNW,Pinnacle West Capital,Utilities,Multi-Utilities,large,102.94,0.9055,1.0222,0.972,0.9543,STRONG_UP,17.39,17.93,45.74,-8.43,51.6,16.09,0.5528,LOW,-,100.8379,100.7305,92.317,1,57.4923,TREND_ONLY,15.7124
809,-49,SLNO,SOLENO THERAPEUTICS INC,Health Care,,mid,53.01,0.5294,0.9921,0.9637,1.2622,FLAT,7.26,-31.06,28.76,-66.04,47.97,80.13,0.0,LOW,-,52.873,45.7885,52.3953,1,-18.5926,TREND_ONLY,15.7041
810,43,SAH,SONIC AUTOMOTIVE INC CLASS A,Consumer Discretionary,,mid,78.16,0.9133,1.0455,1.0417,1.1505,FLAT,32.34,18.94,45.96,-33.64,56.0,37.15,0.6149,LOW,-,76.4585,70.148,68.2229,1,28.5465,TREND_ONLY,15.6933
811,21,SBCF,SEACOAST BANKING OF FLORIDA,Financials,,mid,30.49,0.977,1.0005,0.9342,0.8714,STRONG_UP,4.98,27.24,38.83,-16.26,49.6,24.69,0.7539,LOW,EARLY,30.7635,30.881,31.0848,0,54.7197,WEAK,15.6842
812,-69,AFL,Aflac,Financials,Life & Health Insurance,large,117.86,0.9015,0.989,0.9896,0.9684,FLAT,7.73,17.4,41.57,-9.11,52.4,15.0,0.7038,LOW,-,115.0909,112.0804,109.4232,1,60.7977,TREND_ONLY,15.6574
813,-30,GPGI,GPGI INC CLASS A,Information Technology,,mid,12.42,0.7217,1.0219,0.7407,0.5033,STRONG_UP,-31.81,-6.02,129.44,-55.48,49.6,81.24,0.4227,LOW,EARLY,13.8018,15.6374,19.4413,0,-3.6734,WEAK,15.6431
814,17,MTCH,Match Group,Communication Services,Interactive Media & Services,mid,35.8,0.9634,0.9884,0.9327,1.0584,FLAT,15.96,25.47,25.81,-24.61,51.6,31.4,0.5228,LOW,-,36.5307,34.0483,33.3262,1,41.8569,TREND_ONLY,15.635
815,-1,GFF,GRIFFON CORP,Industrials,,mid,84.88,0.98,1.0151,0.8736,0.8943,FLAT,25.51,27.63,31.48,-27.85,52.4,39.31,0.5184,LOW,-,87.2735,81.3554,78.3788,1,36.8359,TREND_ONLY,15.621
816,-101,XEL,Xcel Energy,Utilities,Multi-Utilities,large,81.08,0.9211,1.0284,0.9808,0.8949,STRONG_UP,3.55,19.96,60.32,-11.5,53.6,21.11,0.7612,LOW,-,80.178,79.9452,77.1765,1,50.6675,TREND_ONLY,15.6144
817,46,ALGN,Align Technology,Health Care,Health Care Supplies,large,163.61,0.7355,1.0208,0.8262,0.8107,STRONG_UP,23.19,-4.21,-35.18,-39.73,52.0,40.2,0.7345,LOW,-,168.045,174.223,157.4874,1,-5.4453,TREND_ONLY,15.5755
818,-36,OKE,Oneok,Energy,Oil & Gas Storage & Transportation,large,94.03,0.9389,0.9935,1.0413,1.0554,STRONG_DOWN,38.35,22.27,29.47,-21.02,55.6,30.09,0.3821,LOW,-,89.8898,87.9542,76.364,1,41.1522,TREND_ONLY,15.5552
819,-39,ARVN,ARVINAS INC,Health Care,,small,9.09,1.0722,1.0256,0.8337,0.6756,STRONG_UP,-17.51,39.63,-74.2,-38.18,47.2,53.45,0.7884,LOW,-,9.7455,10.462,10.6048,0,34.9972,WEAK,15.5394
820,-74,VRSN,Verisign,Information Technology,Internet Services & Infrastructure,large,310.0,0.8614,1.0085,1.1055,1.3387,STRONG_DOWN,25.59,12.18,82.97,-30.21,54.4,28.94,0.9629,LOW,-,285.8601,269.0595,255.5971,1,22.9036,TREND_ONLY,15.5317
821,62,SIG,SIGNET JEWELERS LTD,Consumer Discretionary,,mid,81.61,1.0013,1.0934,0.8813,0.7762,STRONG_UP,-10.63,30.4,-17.49,-29.97,50.8,54.81,0.4756,LOW,EARLY,82.302,86.0258,90.7124,0,28.1742,WEAK,15.5299
822,-17,IBM,IBM,Information Technology,IT Consulting & Other Services,large,253.84,0.7729,1.1289,1.0554,1.0251,STRONG_UP,-11.44,0.66,57.15,-30.96,54.8,40.86,2.6901,HIGH,SHIFT,227.6779,236.5586,266.5688,0,0.8828,WEAK,15.5223
823,95,HUBB,Hubbell Incorporated,Industrials,Industrial Machinery & Supplies & Components,large,475.01,0.9454,0.9993,0.8223,0.8313,FLAT,17.31,23.12,21.57,-17.36,52.4,34.86,1.2967,MED,-,496.398,504.5014,465.6936,1,34.7561,TREND_ONLY,15.5117
824,13,WRBY,WARBY PARKER INC CLASS A,Consumer Discretionary,,mid,25.09,0.9725,0.8675,1.0532,1.0371,FLAT,47.5,26.65,49.35,-42.26,49.2,89.99,0.4028,LOW,-,25.247,23.6992,24.0212,1,14.572,TREND_ONLY,15.4719
825,371,HPQ,HP Inc.,Information Technology,"Technology Hardware, Storage & Peripherals",large,25.24,0.7277,1.1952,1.2212,1.2956,STRONG_DOWN,14.79,-5.23,-15.95,-36.62,48.0,47.95,2.4583,HIGH,-,21.202,19.9782,22.6448,1,-5.2389,TREND_ONLY,15.4652
826,-153,ABUS,ARBUTUS BIOPHARMA CORP,Health Care,,small,4.35,1.0373,1.0334,0.9917,0.8966,STRONG_UP,3.57,35.09,32.62,-25.86,49.6,41.59,0.3869,LOW,-,4.3055,4.3602,4.3337,1,41.8519,TREND+LEAD,15.4609
827,-15,HGV,HILTON GRAND VACATIONS INC,Consumer Discretionary,,mid,48.41,0.9798,1.0291,1.0048,0.9312,STRONG_UP,30.87,27.6,19.65,-28.48,51.2,47.34,0.494,LOW,-,46.5405,44.5428,44.3572,1,29.8463,TREND_ONLY,15.4221
828,39,EMR,Emerson Electric,Industrials,Electrical Components & Equipment,large,136.42,0.9003,1.0221,0.9278,0.8346,STRONG_UP,11.14,17.25,25.46,-23.45,55.2,37.13,0.9923,LOW,-,137.1584,136.1227,136.0991,1,25.6484,TREND_ONLY,15.4176
829,59,WABC,WESTAMERICA BANCORPORATION,Financials,,small,55.36,0.9199,1.0037,0.9718,0.9975,FLAT,21.3,19.79,23.62,-11.82,52.0,15.64,0.7111,LOW,-,54.5696,52.9561,49.3907,1,65.8142,TREND_ONLY,15.4134
830,100,NOVT,NOVANTA INC,Information Technology,,mid,159.7,1.0208,1.0458,1.1403,1.0682,FLAT,60.96,32.94,-1.64,-26.97,50.8,52.63,,LOW,-,142.1115,130.1886,123.1017,1,31.794,TREND+LEAD,15.3806
831,80,WDAY,"Workday, Inc.",Information Technology,Application Software,large,128.14,0.4134,0.9849,1.0245,0.9046,FLAT,-40.9,-46.16,-50.89,-55.52,50.0,54.0,1.9298,HIGH,SHIFT,124.2015,125.6762,187.6269,0,-42.7425,WEAK,15.3723
832,-162,ATO,Atmos Energy,Utilities,Gas Utilities,large,177.81,0.8874,0.9867,0.918,0.8981,STRONG_UP,2.89,15.57,63.48,-8.47,58.0,16.35,0.9342,LOW,-,182.419,184.5508,173.7961,1,55.2251,TREND_ONLY,15.3678
833,56,CDNS,Cadence Design Systems,Information Technology,Application Software,large,373.59,0.9092,1.0696,1.0746,1.1817,STRONG_DOWN,23.65,18.41,26.77,-28.85,52.8,39.42,0.9121,LOW,-,349.1945,315.1496,322.6094,1,24.6565,TREND_ONLY,15.3656
834,-16,NOW,ServiceNow,Information Technology,Systems Software,large,102.13,0.3904,0.9783,1.0845,0.9161,FLAT,-36.21,-49.16,-32.65,-60.28,48.8,65.41,0.9209,LOW,SHIFT,93.529,98.114,142.7539,0,-36.6744,WEAK,15.3616
835,-25,FICO,Fair Isaac,Information Technology,Application Software,large,1239.91,0.5619,1.0393,1.1816,0.9285,FLAT,-27.94,-26.82,-8.37,-52.12,51.6,65.99,0.7797,LOW,SHIFT,1103.0215,1078.3504,1445.8893,0,-20.9726,WEAK,15.356
836,-29,DG,Dollar General,Consumer Staples,Consumer Staples Merchandise Retail,large,105.65,0.8164,0.9852,0.838,0.6338,STRONG_UP,6.3,6.32,-20.49,-34.57,49.2,36.69,0.6088,LOW,EARLY,109.855,117.2865,120.3371,0,8.4716,WEAK,15.3356
837,-98,GHC,GRAHAM HOLDINGS COMPANY CLASS B,Consumer Discretionary,,mid,1104.6899,0.9272,0.978,0.9378,0.9526,FLAT,5.53,20.75,51.46,-19.78,50.8,22.2,0.6084,LOW,-,1121.8285,1101.3509,1092.344,1,47.4895,TREND_ONLY,15.3206
838,-94,FOX,Fox Corporation (Class B),Communication Services,Broadcasting,large,57.24,0.8807,0.9612,0.9757,1.0281,STRONG_DOWN,-1.88,14.69,91.04,-26.77,54.0,27.82,0.5853,LOW,-,57.5745,55.7407,56.8047,1,28.5164,TREND_ONLY,15.309
839,-73,MGM,MGM Resorts,Consumer Discretionary,Casinos & Gaming,large,38.4,0.9405,1.0256,0.9299,1.0072,FLAT,24.84,22.49,-1.36,-22.76,48.4,34.42,0.9799,LOW,-,37.9665,37.625,35.6366,1,31.6218,TREND_ONLY,15.3021
840,-143,HWKN,HAWKINS INC,Materials,,mid,153.14,0.9199,0.9745,0.859,0.9593,FLAT,27.6,19.8,76.61,-34.79,54.4,36.36,0.5125,LOW,EARLY,162.839,155.1216,153.7516,0,29.6306,WEAK,15.2877
841,-80,PFE,Pfizer,Health Care,Pharmaceuticals,large,25.9,0.9124,1.0129,0.9336,0.8918,STRONG_UP,9.71,18.82,3.04,-11.47,50.8,19.56,0.4688,LOW,-,25.874,26.4624,25.0361,1,48.8904,TREND_ONLY,15.2544
842,37,FBK,FB FINANCIAL CORP,Financials,,mid,52.68,0.9411,1.0005,0.9452,0.8609,STRONG_UP,1.03,22.56,43.67,-17.08,54.0,23.9,0.5255,LOW,EARLY,52.9808,52.9172,54.5516,0,50.9627,WEAK,15.2521
843,-5,XNCR,XENCOR INC,Health Care,,small,11.31,1.1472,1.013,0.8343,0.8804,FLAT,-27.38,49.41,-52.38,-42.61,46.0,67.23,0.5175,LOW,-,12.098,12.2126,12.4952,0,33.8042,WEAK,15.2464
844,-18,HOPE,HOPE BANCORP INC,Financials,,small,12.38,0.9973,1.0119,0.9644,0.9897,FLAT,26.99,29.89,32.52,-15.54,49.6,24.29,0.5056,LOW,-,12.2778,11.8333,11.0529,1,61.0253,TREND_ONLY,15.2357
845,117,RYZ,RYERSON HOLDING CORP,Materials,,small,26.69,1.0091,1.0739,0.9687,0.9011,STRONG_UP,31.1,31.42,15.54,-34.71,53.6,53.3,0.4782,LOW,-,26.279,24.282,24.1812,1,31.5992,TREND+LEAD,15.2312
846,-111,AKR,ACADIA REALTY TRUST REIT,Real Estate,,mid,21.96,0.9242,1.0339,1.0056,0.9963,STRONG_UP,14.05,20.36,,-12.41,54.0,20.8,0.8887,LOW,-,21.538,20.6615,19.9406,1,52.8453,TREND_ONLY,15.2221
847,0,BKE,BUCKLE INC,Consumer Discretionary,,mid,49.33,0.9997,1.0164,0.8412,0.8517,FLAT,-3.94,30.2,59.86,-17.92,51.6,28.64,0.5157,LOW,EARLY,51.657,51.779,52.0972,0,54.4024,WEAK,15.2039
848,-24,CEG,Constellation Energy,Utilities,Electric Utilities,large,294.07,0.763,1.1119,0.8995,0.8672,STRONG_UP,-14.71,-0.63,34.77,-38.77,48.8,52.23,0.8558,LOW,-,295.2855,293.4689,323.1447,0,-0.5886,WEAK,15.1882
849,-47,CB,Chubb Limited,Financials,Property & Casualty Insurance,large,327.89,0.8856,0.9833,0.9627,0.8975,STRONG_UP,10.98,15.33,27.08,-11.02,52.0,16.14,0.6555,LOW,-,324.698,326.3444,303.5681,1,49.3962,TREND_ONLY,15.1817
850,282,CVCO,CAVCO INDUSTRIES INC,Consumer Discretionary,,mid,509.17,0.8269,1.101,0.9035,0.7934,STRONG_UP,-6.43,7.69,43.64,-34.68,53.6,45.75,2.2593,HIGH,SHIFT,489.526,495.4232,547.254,0,9.0151,WEAK,15.1512
851,58,AAT,AMERICAN ASSETS TRUST REIT INC,Real Estate,,small,22.78,0.983,1.0715,1.0431,1.1068,FLAT,27.09,28.02,22.29,-13.97,53.2,24.08,0.6826,LOW,-,21.147,20.0456,19.1298,1,61.9038,TREND_ONLY,15.137
852,-65,XERS,XERIS BIOPHARMA HOLDINGS INC,Health Care,,small,6.19,0.9841,1.0203,0.9796,0.8519,STRONG_UP,-9.5,28.16,217.44,-46.57,49.6,47.72,0.5738,LOW,-,6.246,5.9838,7.1375,0,29.2667,WEAK,15.0984
853,63,PFBC,PREFERRED BANK,Financials,,small,94.77,0.9058,1.0225,0.9705,0.9867,FLAT,6.29,17.96,34.51,-18.58,52.4,19.28,1.2063,MED,-,93.8955,92.3514,91.268,1,48.8131,TREND_ONLY,15.0745
854,54,PEBO,PEOPLES BANCORP INC,Financials,,small,34.54,0.9566,1.0147,0.9809,0.989,FLAT,24.2,24.58,31.09,-12.53,48.8,18.96,0.6162,LOW,-,33.9414,33.2218,30.6684,1,63.2631,TREND_ONLY,15.0704
855,-62,ARR,ARMOUR RESIDENTIAL REIT INC,Financials,,mid,16.57,0.946,0.9991,0.913,0.8735,STRONG_UP,10.27,23.2,23.23,-16.79,54.8,28.16,0.7226,LOW,-,17.0597,16.7593,15.6751,1,45.1381,TREND_ONLY,15.0349
856,189,CBT,CABOT CORP,Materials,,mid,83.41,0.8871,1.0085,1.0392,1.0183,FLAT,43.93,15.53,-13.74,-28.82,49.2,31.62,1.0048,MED,-,80.196,76.0506,72.3347,1,24.1707,TREND_ONLY,15.0343
857,36,STGW,STAGWELL INC CLASS A,Communication,,small,6.51,1.0613,1.0045,0.91,1.327,FLAT,26.16,38.22,-7.26,-36.78,49.6,56.65,0.8048,LOW,-,6.3655,6.4114,5.6168,1,33.4606,TREND+LEAD,15.0273
858,-33,KNTK,KINETIK HOLDINGS INC CLASS A,Energy,,mid,50.53,0.9325,0.9895,1.0192,1.0695,STRONG_DOWN,65.52,21.44,45.9,-30.3,52.4,32.21,0.6971,LOW,-,49.6345,47.482,40.2271,1,34.8804,TREND_ONLY,15.0083
859,9,WAFD,WAFD INC,Financials,,mid,35.24,0.9753,0.9954,0.9586,1.0236,FLAT,13.42,27.01,35.47,-12.9,51.2,24.85,0.5221,LOW,-,35.2475,33.5628,31.6756,1,55.6548,TREND_ONLY,14.9589
860,35,DASH,DoorDash,Consumer Discretionary,Specialized Consumer Services,large,160.25,0.5969,0.9759,0.868,0.8962,FLAT,-14.64,-22.27,45.17,-47.97,49.6,47.56,1.1197,MED,EARLY,163.6935,163.5683,210.6597,0,-23.2204,WEAK,14.9509
861,-97,MRTN,MARTEN TRANSPORT LTD,Industrials,,small,16.69,1.0064,1.0385,1.0798,1.1622,STRONG_DOWN,78.99,31.07,-1.88,-32.0,47.6,34.35,0.829,LOW,-,15.3885,14.2168,12.183,1,43.0515,TREND+LEAD,14.9495
862,-39,LYV,Live Nation Entertainment,Communication Services,Movies & Entertainment,large,165.55,0.8766,0.9792,1.0119,0.9634,FLAT,28.32,14.16,77.1,-27.84,49.2,36.25,0.3417,LOW,-,162.7355,158.6198,153.1095,1,19.2247,TREND_ONLY,14.8766
863,-34,ARI,APOLLO COMMERCIAL REAL ESTATE FINA,Financials,,small,10.94,0.9642,0.9943,0.942,0.9682,FLAT,17.9,25.57,33.79,-10.04,49.6,19.64,0.8819,LOW,-,10.942,10.7377,10.0112,1,64.5865,TREND_ONLY,14.8712
864,-76,DLR,Digital Realty,Real Estate,Data Center REITs,large,192.03,0.9026,1.0092,0.9193,0.9972,FLAT,23.67,17.55,43.27,-16.83,51.2,21.9,0.8419,LOW,-,194.4995,189.5548,171.023,1,41.0384,TREND_ONLY,14.8697
865,-43,MPB,MID PENN BANCORP INC,Financials,,small,32.35,0.96,1.0065,0.9386,0.9189,STRONG_UP,15.85,25.02,60.55,-15.49,50.8,23.51,0.6778,LOW,-,32.4557,32.4425,30.6338,1,54.0618,TREND_ONLY,14.8666
866,51,ANF,ABERCROMBIE AND FITCH CLASS A,Consumer Discretionary,,mid,77.26,0.8108,1.0637,0.8493,0.7477,STRONG_UP,13.94,5.59,-47.04,-45.65,50.4,44.82,0.9308,LOW,EARLY,77.5965,86.0118,91.177,0,6.2856,WEAK,14.8306
867,4,CMPX,COMPASS THERAPEUTICS,Health Care,,small,2.07,0.7605,1.1205,0.394,0.3172,STRONG_UP,-57.32,-0.96,38.46,-75.04,52.4,145.29,0.822,LOW,-,1.8735,3.9821,4.5179,0,-0.3451,WEAK,14.8132
868,86,GBCI,GLACIER BANCORP INC,Financials,,mid,47.66,0.9262,1.009,0.9367,0.9232,STRONG_UP,19.71,20.63,34.03,-19.56,52.4,27.09,0.9228,LOW,-,47.9125,46.7104,45.9387,1,39.8989,TREND_ONLY,14.8089
869,-66,DEA,EASTERLY GOVERNMENT PROPERTIES INC,Real Estate,,small,23.75,0.9324,0.994,0.9859,0.9703,STRONG_UP,20.13,21.43,-3.45,-11.2,52.0,19.28,0.4392,LOW,-,23.1651,22.4356,21.6337,1,57.8096,TREND_ONLY,14.7669
870,-25,WVE,WAVE LIFE SCIENCES LTD,Health Care,,small,6.38,0.8234,0.9875,0.8508,0.4183,STRONG_UP,-5.62,7.23,4.76,-71.19,50.4,114.51,0.4944,LOW,-,6.915,7.9508,10.0935,0,3.1808,WEAK,14.7664
871,-22,ABBV,AbbVie,Health Care,Biotechnology,large,215.7,0.9332,1.0204,1.0394,0.8752,FLAT,-4.45,21.54,45.85,-17.32,51.2,24.89,0.5943,LOW,SHIFT,207.3205,207.5514,216.3158,0,44.3009,WEAK,14.7477
872,-95,MRX,MAREX GROUP PLC,Financials,,mid,53.2,0.9281,0.9362,0.9675,1.2166,STRONG_DOWN,68.39,20.87,167.76,-38.5,48.8,48.13,0.4275,LOW,-,54.1823,48.4792,38.8969,1,21.1592,TREND_ONLY,14.718
873,-126,CCL,Carnival,Consumer Discretionary,"Hotels, Resorts & Cruise Lines",large,25.98,0.9062,1.0332,0.9212,0.7602,STRONG_UP,3.71,18.02,77.67,-29.3,50.4,59.68,0.5671,LOW,SHIFT,25.697,25.9657,28.3036,0,15.2199,WEAK,14.7061
874,-26,ZTS,Zoetis,Health Care,Pharmaceuticals,large,81.32,0.39,1.0365,0.6662,0.5836,STRONG_UP,-29.22,-49.2,-51.14,-55.74,48.4,53.58,1.1653,MED,EARLY,92.9725,107.7228,126.4162,0,-44.4475,WEAK,14.6937
875,-212,CPRX,CATALYST PHARMACEUTICALS INC,Health Care,,mid,31.26,0.9801,0.9916,1.0936,1.188,STRONG_DOWN,37.29,27.64,96.36,-27.29,52.0,38.42,0.9289,LOW,-,30.425,27.0046,23.4352,1,37.415,TREND_ONLY,14.6705
876,-145,SPNT,SIRIUSPOINT LTD,Financials,,mid,23.32,0.9336,0.9682,0.9398,1.0136,FLAT,18.08,21.58,75.34,-16.28,50.4,22.23,0.7902,LOW,-,23.2705,22.5282,20.467,1,48.9376,TREND_ONLY,14.6357
877,-37,LIF,LIFE360 INC,Information Technology,,mid,40.22,0.5033,1.0094,0.8412,0.7668,STRONG_UP,-41.99,-34.45,48.96,-65.64,51.2,73.43,0.4319,LOW,EARLY,42.022,41.9716,67.905,0,-24.0224,WEAK,14.6355
878,-37,VSEC,VSE CORP,Industrials,,mid,171.88,1.0442,1.0139,0.9203,0.7052,STRONG_UP,4.98,35.99,123.62,-30.31,48.0,76.87,0.4909,LOW,EARLY,177.485,187.3555,182.9195,0,22.4729,WEAK,14.5904
879,44,CBU,COMMUNITY FINANCIAL SYSTEM INC,Financials,,mid,63.41,0.9032,1.0057,0.9742,0.9355,STRONG_UP,17.43,17.63,45.89,-16.03,50.0,20.12,0.7529,LOW,-,62.9505,61.0522,59.2095,1,43.807,TREND_ONLY,14.5268
880,-18,CON,CONCENTRA GROUP HOLDINGS PARENT IN,Health Care,,mid,25.32,0.9299,0.9641,1.065,0.9995,FLAT,31.2,21.1,14.9,-21.39,49.2,25.53,0.8385,LOW,-,24.2107,22.9039,21.5892,1,40.6649,TREND_ONLY,14.5137
881,-16,EE,EXCELERATE ENERGY INC CLASS A,Energy,,mid,36.04,0.9669,0.9947,1.0244,0.7842,FLAT,36.14,25.93,113.52,-27.46,51.6,42.74,0.3351,LOW,-,34.9675,34.244,30.4235,1,31.3008,TREND_ONLY,14.5061
882,-24,GEN,Gen Digital,Information Technology,Systems Software,large,24.82,0.7043,1.0102,1.2548,1.0441,FLAT,-3.74,-8.28,4.44,-43.59,45.6,43.31,0.7147,LOW,SHIFT,21.6933,20.3348,24.893,0,-8.7211,WEAK,14.5032
883,27,ORRF,ORRSTOWN FINANCIAL SERVICES INC,Financials,,small,36.61,0.9803,1.0116,0.9681,0.9387,STRONG_UP,10.38,27.66,47.29,-13.19,50.0,25.56,0.3919,LOW,-,36.417,36.2827,35.0691,1,54.1139,TREND_ONLY,14.4643
884,-10,HRI,HERC HOLDINGS INC,Industrials,,mid,129.0,0.8045,0.9547,1.0087,0.7981,FLAT,8.5,4.78,-10.28,-49.5,47.6,62.68,0.9033,LOW,-,132.5275,115.56,132.6414,0,3.6268,WEAK,14.4634
885,13,UCB,UNITED COMMUNITY BANKS INC,Financials,,mid,33.22,0.9294,1.0101,0.9615,0.9304,STRONG_UP,13.47,21.04,38.13,-17.95,51.2,26.64,0.4397,LOW,-,33.111,32.5294,31.8021,1,40.4409,TREND_ONLY,14.4624
886,-5,BCO,BRINKS,Industrials,,mid,104.75,0.9859,0.9885,0.9135,0.7471,STRONG_UP,-3.57,28.39,7.21,-27.95,48.4,45.24,0.5408,LOW,EARLY,105.7759,105.4574,113.936,0,30.3733,WEAK,14.4515
887,-9,RNST,RENASANT CORP,Financials,,mid,41.0,0.9319,1.0208,0.9976,0.973,STRONG_UP,23.61,21.36,43.89,-17.19,49.2,25.31,0.6353,LOW,-,39.9915,38.5046,37.0397,1,41.5207,TREND_ONLY,14.4347
888,-29,BX,Blackstone Inc.,Financials,Asset Management & Custody Banks,large,118.51,0.6928,1.0031,0.9414,0.9446,FLAT,-12.59,-9.77,2.43,-44.76,46.0,39.31,0.3899,LOW,-,120.6978,117.6727,141.0977,0,-11.4384,WEAK,14.4335
889,-12,PHM,PulteGroup,Consumer Discretionary,Homebuilding,large,116.43,0.9176,1.0318,0.8739,0.7613,STRONG_UP,2.25,19.5,4.85,-22.6,48.0,34.42,0.5175,LOW,EARLY,117.0925,119.1707,125.0533,0,27.1947,WEAK,14.4332
890,23,GEF,GREIF INC CLASS A,Materials,,mid,64.29,0.9325,1.013,0.9257,0.8083,STRONG_UP,6.61,21.44,7.36,-19.51,49.2,24.66,0.5478,LOW,EARLY,65.478,66.4918,65.31,0,42.7736,WEAK,14.3869
891,-36,EFC,ELLINGTON FINANCIAL INC,Financials,,small,13.49,0.9265,1.0025,0.9928,1.0271,FLAT,4.86,20.66,45.25,-17.71,52.4,20.02,0.5574,LOW,-,13.3574,12.5741,12.6132,1,54.0842,TREND_ONLY,14.3689
892,0,ACHR,ARCHER AVIATION INC CLASS A,Industrials,,mid,6.36,0.4612,1.0643,1.0684,0.8132,FLAT,-7.42,-39.94,93.9,-63.78,47.6,59.48,2.3475,HIGH,SHIFT,6.0865,5.8448,8.0425,0,-31.9654,WEAK,14.3629
893,40,BGC,BGC GROUP INC CLASS A,Financials,,mid,11.19,0.9289,0.9732,0.9507,1.1108,FLAT,35.26,20.98,34.4,-23.25,50.0,28.4,0.8217,LOW,-,11.227,10.752,9.6383,1,36.9284,TREND_ONLY,14.3501
894,148,HAE,HAEMONETICS CORP,Health Care,,mid,65.49,0.7612,1.1326,1.0463,0.9761,STRONG_UP,-12.82,-0.86,-26.12,-40.06,52.4,39.09,1.3076,MED,-,57.4785,58.1998,62.1864,1,-1.1566,TREND_ONLY,14.3072
895,-35,UPST,UPSTART HOLDINGS INC,Financials,,mid,28.56,0.4845,1.0126,0.8165,0.933,FLAT,-19.73,-36.9,23.32,-71.21,52.4,65.98,,LOW,EARLY,29.7845,29.0164,43.378,0,-29.3036,WEAK,14.2908
896,-100,BHRB,BURKE HERBERT FINANCIAL SERVICES C,Financials,,small,62.77,0.9013,1.0,0.948,0.8933,STRONG_UP,5.14,17.38,40.0,-13.49,51.6,19.96,1.1751,MED,-,62.7523,62.7525,62.2452,1,44.9334,TREND_ONLY,14.2702
897,-31,ARES,Ares Management,Financials,Asset Management & Custody Banks,large,124.41,0.616,0.9963,1.0338,0.9895,FLAT,-12.05,-19.78,-8.81,-49.3,51.2,46.64,0.4662,LOW,SHIFT,121.368,113.7733,143.7817,0,-21.7155,WEAK,14.2288
898,-11,MHO,M I HOMES INC,Consumer Discretionary,,mid,129.82,0.9373,1.038,0.9301,0.8413,STRONG_UP,4.27,22.07,5.85,-25.14,50.8,33.66,0.6019,LOW,SHIFT,128.7235,126.2052,134.6099,0,33.3062,WEAK,14.2196
899,83,TDS,TELEPHONE AND DATA SYSTEMS INC,Communication,,mid,39.3,0.9027,0.9399,0.8323,0.8126,STRONG_UP,4.59,17.56,110.73,-17.34,52.4,30.02,2.1082,HIGH,EARLY,43.3755,43.7626,41.3775,0,30.6519,WEAK,14.2193
900,4,A,Agilent Technologies,Health Care,Life Sciences Tools & Services,large,114.96,0.82,1.0158,0.9526,0.8515,STRONG_UP,-20.43,6.79,-22.44,-29.75,51.2,29.51,0.7462,LOW,SHIFT,114.09,114.7133,128.9882,0,11.7877,WEAK,14.217
901,-51,HCSG,HEALTHCARE SERVICES GROUP INC,Industrials,,small,20.43,1.1047,0.9396,0.8725,0.8776,FLAT,17.96,43.87,87.43,-19.88,52.0,50.28,0.7089,LOW,-,21.5105,20.271,18.5663,1,45.3741,TREND+LEAD,14.1717
902,-27,NEO,NEOGENOMICS INC,Health Care,,small,9.23,0.9565,1.0924,1.0661,0.8793,STRONG_UP,-12.92,24.56,-33.55,-45.61,51.6,50.78,0.3755,LOW,-,8.817,8.3194,9.6292,0,24.958,WEAK,14.1551
903,25,REG,Regency Centers,Real Estate,Retail REITs,large,78.84,0.8878,1.01,0.9414,0.9471,FLAT,15.99,15.61,44.05,-8.17,49.6,14.21,0.6515,LOW,-,78.144,77.7156,72.3672,1,54.5009,TREND_ONLY,14.154
904,-62,RHP,RYMAN HOSPITALITY PROPERTIES REIT,Real Estate,,mid,111.96,0.9574,1.0222,1.0488,1.0144,FLAT,27.1,24.69,19.46,-16.72,49.2,26.69,0.4265,LOW,-,107.6285,100.2829,94.5505,1,45.5066,TREND_ONLY,14.1373
905,31,CPRI,CAPRI HOLDINGS LTD,Consumer Discretionary,,mid,18.48,0.8446,1.0437,0.8577,0.8357,STRONG_UP,-17.54,10.0,-46.9,-39.3,48.0,40.13,0.7018,LOW,PROGRESS,18.4315,18.806,21.3309,0,11.9611,WEAK,14.132
906,-10,OSW,ONESPAWORLD HOLDINGS LTD,Consumer Discretionary,,mid,23.99,1.0046,0.9961,0.9536,1.013,FLAT,24.28,30.83,61.23,-16.73,51.6,39.56,0.417,LOW,-,24.0517,23.4872,21.7194,1,40.2117,TREND+LEAD,14.1306
907,104,DAKT,DAKTRONICS INC,Information Technology,,small,20.29,1.013,1.0518,0.9728,0.6823,STRONG_UP,17.49,31.92,83.79,-31.34,48.4,45.38,0.4417,LOW,-,19.73,19.8066,20.3293,0,34.0491,WEAK,14.1206
908,27,BOH,BANK OF HAWAII CORP,Financials,,mid,77.79,0.9296,1.0016,0.9663,0.9392,STRONG_UP,24.53,21.07,49.66,-15.03,46.4,22.7,0.4465,LOW,-,78.281,76.7002,70.1531,1,43.068,TREND_ONLY,14.1038
909,28,ETN,Eaton Corporation,Industrials,Electrical Components & Equipment,large,391.35,0.9468,1.0152,0.8864,0.9662,FLAT,19.95,23.31,18.55,-19.13,53.2,38.82,0.8865,LOW,-,404.2744,389.2749,362.1014,1,31.9415,TREND_ONLY,14.099
910,36,NDAQ,"Nasdaq, Inc.",Financials,Financial Exchanges & Data,large,91.01,0.8649,0.9736,0.9693,1.0348,FLAT,5.27,12.64,51.79,-21.76,56.0,26.47,,LOW,-,90.4915,87.8538,89.8942,1,26.7408,TREND_ONLY,14.0964
911,-17,TPL,Texas Pacific Land Corporation,Energy,Oil & Gas Exploration & Production,large,402.03,0.7323,1.0301,0.877,0.6956,STRONG_UP,36.91,-4.63,103.3,-35.18,51.6,51.59,0.4758,LOW,-,410.367,444.9906,363.3407,1,-4.6282,TREND_ONLY,14.0795
912,101,MET,MetLife,Financials,Life & Health Insurance,large,84.06,0.8611,1.0229,1.0438,1.0336,FLAT,15.41,12.14,24.37,-17.46,53.2,23.51,1.0222,MED,-,79.5775,75.002,76.566,1,27.4748,TREND_ONLY,14.0595
913,28,DOV,Dover Corporation,Industrials,Industrial Machinery & Supplies & Components,large,209.9,0.9159,0.9863,0.8941,0.836,STRONG_UP,18.5,19.28,16.39,-15.34,49.2,27.46,0.3972,LOW,-,218.026,215.3282,196.4454,1,34.5416,TREND_ONLY,14.0521
914,35,SOLV,Solventum,Health Care,Health Care Technology,large,76.83,0.8331,0.9997,1.0736,0.962,FLAT,-3.37,8.5,28.2,-27.46,51.2,28.28,0.7541,LOW,-,72.1575,68.7538,73.9044,1,15.3919,TREND_ONLY,14.0475
915,-43,APD,Air Products,Materials,Industrial Gases,large,289.47,0.8458,0.9777,0.9185,0.9582,FLAT,16.85,10.15,15.88,-22.39,49.6,19.74,0.6581,LOW,-,298.286,294.1987,272.1964,1,25.5102,TREND_ONLY,14.0352
916,29,ONB,OLD NATIONAL BANCORP,Financials,,mid,23.94,0.9147,1.0105,0.9813,0.9235,STRONG_UP,19.7,19.13,50.94,-17.73,50.8,25.33,0.5508,LOW,-,23.854,23.0768,22.4209,1,38.3647,TREND_ONLY,14.0188
917,-47,MCK,McKesson Corporation,Health Care,Health Care Distributors,large,766.08,0.8247,0.978,0.8858,0.7362,STRONG_UP,-9.66,7.4,38.46,-27.17,54.0,25.75,0.696,LOW,EARLY,774.4255,834.142,815.6737,0,15.5263,WEAK,13.9886
918,81,KOP,KOPPERS HOLDINGS INC,Materials,,small,40.36,1.0348,0.9899,0.9594,1.0805,FLAT,48.64,34.77,-5.05,-23.96,50.8,43.6,0.4274,LOW,-,41.18,39.0476,31.9035,1,40.5088,TREND+LEAD,13.9867
919,178,ENVX,ENOVIX CORP,Industrials,,small,6.68,0.6601,1.1159,0.9676,1.0051,FLAT,-6.05,-14.03,-30.49,-69.62,48.8,82.61,1.7132,HIGH,-,6.536,6.0128,8.0644,0,-8.2869,WEAK,13.9684
920,53,EFSC,ENTERPRISE FINANCIAL SERVICES CORP,Financials,,mid,60.83,0.9087,1.0128,0.99,0.9774,STRONG_UP,17.02,18.35,65.76,-15.28,49.6,21.8,0.7016,LOW,-,59.2455,57.1562,56.3731,1,41.7392,TREND_ONLY,13.9511
921,-36,TRV,Travelers Companies (The),Financials,Property & Casualty Insurance,large,306.46,0.882,0.9921,0.9693,0.9258,STRONG_UP,7.28,14.86,49.28,-8.93,51.2,16.32,0.6634,LOW,-,302.397,299.6826,285.6407,1,46.6215,TREND_ONLY,13.921
922,-19,CRL,Charles River Laboratories,Health Care,Life Sciences Tools & Services,mid,160.3,0.9002,1.0591,0.9039,0.8874,STRONG_UP,-1.1,17.24,-26.32,-33.88,52.8,50.16,0.4776,LOW,EARLY,166.0435,167.7638,175.8718,0,18.1456,WEAK,13.8511
923,-84,PCAR,Paccar,Industrials,Construction Machinery & Heavy Transportation Equipment,large,109.35,0.9233,0.97,0.827,0.7987,STRONG_UP,14.11,20.25,7.25,-15.29,46.0,27.68,0.816,LOW,-,114.012,117.3673,109.2886,1,33.646,TREND_ONLY,13.8476
924,10,ELV,Elevance Health,Health Care,Managed Health Care,large,394.69,0.8315,0.9922,1.0962,1.116,STRONG_DOWN,27.13,8.29,-24.82,-30.6,51.2,33.24,0.3008,LOW,-,382.6205,336.9956,330.3138,1,12.7634,TREND_ONLY,13.804
925,-18,CNP,CenterPoint Energy,Utilities,Multi-Utilities,large,42.83,0.8951,1.0225,0.9709,0.925,STRONG_UP,9.38,16.57,53.29,-6.67,53.6,17.65,,LOW,-,42.3599,42.589,39.7829,1,50.3103,TREND_ONLY,13.7991
926,147,IBOC,INTERNATIONAL BANCSHARES CORP,Financials,,mid,72.78,0.9102,0.9986,0.9772,0.9716,STRONG_UP,13.93,18.53,32.61,-12.74,48.4,20.08,0.5896,LOW,-,72.0395,70.3496,68.8788,1,44.6709,TREND_ONLY,13.7829
927,-30,WYNN,Wynn Resorts,Consumer Discretionary,Casinos & Gaming,large,97.24,0.8329,1.0086,0.8834,0.819,STRONG_UP,-16.59,8.47,5.48,-28.44,46.0,32.04,0.7111,LOW,EARLY,100.9669,102.1663,114.269,0,12.1639,WEAK,13.7724
928,-22,XPEL,XPEL INC,Consumer Discretionary,,small,44.71,0.9954,1.0583,0.9181,0.8144,STRONG_UP,7.06,29.63,33.82,-31.79,51.6,48.53,0.693,LOW,-,44.461,43.7026,43.0659,1,31.5063,TREND_ONLY,13.7644
929,15,BLK,BlackRock,Financials,Asset Management & Custody Banks,large,1073.0,0.873,0.9789,0.9832,0.9175,FLAT,9.24,13.7,42.81,-22.45,52.0,30.08,0.4226,LOW,-,1068.2465,1022.5916,1071.8079,1,23.6795,TREND_ONLY,13.7616
930,-109,PATK,PATRICK INDUSTRIES INC,Consumer Discretionary,,mid,90.87,0.8234,0.9967,0.8963,0.6464,STRONG_UP,-7.72,7.23,27.1,-41.39,43.6,44.83,0.6472,LOW,EARLY,92.4285,102.8046,110.0706,0,7.0334,WEAK,13.7597
931,0,BFST,BUSINESS FIRST BANCSHARES INC,Financials,,small,27.84,0.9268,1.0128,0.9485,0.9274,STRONG_UP,12.56,20.7,38.82,-13.49,48.4,23.7,1.0027,MED,-,27.2479,27.3213,25.9635,1,42.2643,TREND_ONLY,13.7176
932,-226,CLB,CORE LABORATORIES INC,Energy,,small,14.22,1.0093,1.0388,0.7808,0.7446,STRONG_UP,2.51,31.44,-21.15,-33.47,50.4,53.59,0.8988,LOW,-,14.2064,15.5954,15.2529,0,29.5679,WEAK,13.7136
933,87,TBBK,BANCORP INC,Financials,,mid,55.32,0.8313,1.0098,0.9147,0.9036,STRONG_UP,-6.99,8.26,68.92,-35.92,56.8,33.31,0.4355,LOW,EARLY,56.866,56.4332,64.9594,0,14.082,WEAK,13.6741
934,53,BALL,Ball Corporation,Materials,"Metal, Glass & Plastic Containers",large,56.51,0.8506,1.0032,0.8824,0.7833,STRONG_UP,18.78,10.78,-15.27,-21.96,50.4,28.16,0.5081,LOW,-,58.1655,59.966,54.9637,1,19.2938,TREND_ONLY,13.6709
935,-99,TKO,TKO Group Holdings,Communication Services,Movies & Entertainment,large,191.5,0.9453,0.9775,0.9832,0.8442,FLAT,9.35,23.11,84.13,-18.28,52.4,33.36,0.3922,LOW,SHIFT,188.1445,191.4394,195.1173,0,36.3012,WEAK,13.6698
936,28,COF,Capital One,Financials,Consumer Finance,large,187.79,0.7906,0.9982,0.9435,0.8821,STRONG_UP,-6.38,2.96,40.53,-31.47,55.6,31.99,0.5052,LOW,PROGRESS,187.7711,188.0863,210.6554,0,5.1414,WEAK,13.6657
937,57,PDM,PIEDMONT REALTY TRUST INC CLASS A,Real Estate,,small,8.2,0.9657,1.0218,0.9645,1.0051,FLAT,2.37,25.77,21.93,-29.47,50.4,33.86,0.4063,LOW,-,8.2035,7.504,8.0877,1,38.3535,TREND_ONLY,13.6546
938,-17,DGX,Quest Diagnostics,Health Care,Health Care Services,large,195.21,0.8912,1.0186,0.9523,0.8602,STRONG_UP,4.98,16.06,44.79,-11.55,51.6,20.83,0.7793,LOW,-,191.2985,194.3145,186.6657,1,39.7848,TREND_ONLY,13.6415
939,97,TWO,TWO HARBORS INVESTMENT CORP,Financials,,small,12.5,1.011,0.9962,1.0881,1.1093,STRONG_DOWN,40.9,31.67,33.6,-36.81,48.0,49.13,0.3823,LOW,-,12.24,11.3136,10.1927,1,30.9371,TREND+LEAD,13.6405
940,3,BRSP,BRIGHTSPIRE CAPITAL INC CLASS A,Financials,,small,5.67,0.9733,0.9751,0.8959,0.948,FLAT,11.38,26.75,17.08,-12.12,48.8,23.51,0.5687,LOW,-,5.824,5.7332,5.4514,1,55.5344,TREND_ONLY,13.6133
941,-19,FBP,FIRST BANCORP,Financials,,mid,24.11,0.9392,1.0095,0.9861,1.0212,FLAT,23.24,22.32,44.77,-13.83,52.8,25.19,0.3977,LOW,-,23.885,22.7352,21.4864,1,46.7749,TREND_ONLY,13.6091
942,35,AXP,American Express,Financials,Consumer Finance,large,311.78,0.8482,0.9892,0.9505,0.8972,STRONG_UP,-8.82,10.46,35.31,-23.9,52.0,27.27,0.5064,LOW,EARLY,315.012,311.8115,335.294,0,19.9417,WEAK,13.5992
943,-23,DUK,Duke Energy,Utilities,Electric Utilities,large,125.67,0.8573,1.0134,0.9536,0.9071,STRONG_UP,4.32,11.65,32.6,-10.88,54.0,15.44,0.4611,LOW,-,124.7344,127.0949,121.9812,1,40.7458,TREND_ONLY,13.579
944,-75,MBWM,MERCANTILE BANK CORP,Financials,,small,52.2,0.9472,1.01,0.9874,0.9231,STRONG_UP,20.28,23.35,47.18,-12.91,50.0,23.7,0.8114,LOW,-,51.4755,51.3128,48.5547,1,49.261,TREND_ONLY,13.5248
945,81,GWW,W. W. Grainger,Industrials,Industrial Machinery & Supplies & Components,large,1247.79,0.9016,0.9771,1.0428,1.0202,FLAT,35.4,17.42,32.89,-15.7,50.0,24.33,0.7349,LOW,-,1208.922,1148.1565,1045.9182,1,35.8073,TREND_ONLY,13.51
946,19,BDX,Becton Dickinson,Health Care,Health Care Equipment,large,147.63,0.8611,1.0274,0.9291,0.7485,STRONG_UP,0.23,12.15,-15.1,-22.73,46.0,25.48,0.3504,LOW,PROGRESS,146.712,152.4878,153.4495,0,21.9304,WEAK,13.488
947,-130,MIR,MIRION TECHNOLOGIES INC CLASS A,Information Technology,,mid,18.35,0.7479,1.0082,0.8914,0.8014,STRONG_UP,-18.7,-2.6,71.5,-41.78,50.8,47.65,1.1114,MED,EARLY,18.948,19.0452,22.5618,0,-2.7728,WEAK,13.477
948,22,APTV,Aptiv,Consumer Discretionary,Automotive Parts & Equipment,large,57.36,0.6667,1.0719,0.9138,0.6787,STRONG_UP,-18.38,-13.17,,-40.71,47.2,45.46,0.956,LOW,PROGRESS,56.7155,61.237,75.0736,0,-13.6739,WEAK,13.4717
949,-98,VRDN,VIRIDIAN THERAPEUTICS ORS INC,Health Care,,small,17.24,0.9755,1.0608,1.2023,0.5391,FLAT,-41.5,27.04,41.78,-60.63,48.8,117.51,0.9964,LOW,-,16.062,18.4582,24.3089,0,11.2313,WEAK,13.4716
950,9,XENE,XENON PHARMACEUTICALS INC,Health Care,,mid,54.17,1.3981,0.9991,0.9389,1.1118,FLAT,34.52,82.08,40.85,-14.95,48.8,104.76,0.6566,LOW,-,55.5315,56.1258,45.0578,1,38.2369,TREND+LEAD,13.4538
951,136,FELE,FRANKLIN ELECTRIC INC,Industrials,,mid,98.28,0.9007,0.9996,0.9257,0.9159,STRONG_UP,8.5,17.3,2.94,-18.18,49.6,24.79,0.5749,LOW,-,98.9205,97.0073,96.5549,1,34.6046,TREND_ONLY,13.4461
952,32,IEX,IDEX Corporation,Industrials,Industrial Machinery & Supplies & Components,large,208.78,0.9032,0.9913,0.9764,0.9208,STRONG_UP,28.55,17.62,-0.65,-15.17,46.0,25.64,0.6171,LOW,-,211.9235,201.9348,183.5556,1,31.6176,TREND_ONLY,13.4298
953,-53,AGIO,AGIOS PHARMACEUTICALS INC,Health Care,,mid,28.14,0.7251,0.9882,1.0641,0.8513,FLAT,14.53,-5.57,-13.92,-50.89,52.8,67.49,0.7241,LOW,PROGRESS,27.698,29.467,32.4437,0,-4.358,WEAK,13.411
954,74,UPS,United Parcel Service,Industrials,Air Freight & Logistics,large,101.02,0.8693,1.0476,0.919,0.8185,STRONG_UP,14.62,13.21,-17.96,-20.28,54.0,34.12,0.6222,LOW,-,99.4888,99.0001,94.7467,1,20.9049,TREND_ONLY,13.3972
955,31,NSSC,NAPCO SECURITY TECHNOLOGIES INC,Information Technology,,small,37.41,1.0378,1.0271,0.7802,0.7508,STRONG_UP,-0.88,35.15,-20.83,-23.89,50.8,48.05,0.3517,LOW,-,40.4155,41.6574,40.9591,0,37.1626,WEAK,13.3732
956,-31,TENB,TENABLE HOLDINGS INC,Information Technology,,mid,25.45,0.6126,1.0905,1.2172,1.2792,STRONG_DOWN,-0.78,-20.22,-40.99,-54.77,46.8,54.77,1.0944,MED,-,22.0105,20.026,24.6341,1,-17.2771,TREND_ONLY,13.3627
957,45,HON,Honeywell,Industrials,Industrial Conglomerates,large,227.92,0.8546,1.0394,1.0294,0.8691,STRONG_UP,22.41,11.29,26.53,-16.03,48.0,24.68,1.29,MED,-,215.0236,221.7387,209.4372,1,21.9626,TREND_ONLY,13.3297
958,-19,FLYW,FLYWIRE CORP,Financials,,small,16.12,1.1222,0.9968,1.1391,1.3184,STRONG_DOWN,23.05,46.15,-9.21,-28.16,50.0,61.68,0.5897,LOW,-,15.557,13.6542,13.2992,1,37.4083,TREND+LEAD,13.3184
959,-33,CBRE,CBRE Group,Real Estate,Real Estate Services,large,131.07,0.8309,0.9954,0.8463,0.8243,STRONG_UP,-13.53,8.21,49.54,-25.32,51.6,27.58,0.6662,LOW,EARLY,139.3025,139.875,153.4789,0,15.3529,WEAK,13.2727
960,-201,HCA,HCA Healthcare,Health Care,Health Care Facilities,large,394.07,0.8089,0.9233,0.8725,0.6891,STRONG_UP,-17.01,5.35,26.82,-27.88,55.6,29.55,0.7457,LOW,EARLY,423.986,462.1992,461.374,0,10.0575,WEAK,13.2668
961,35,PKG,Packaging Corporation of America,Materials,Paper & Plastic Packaging Products & Materials,large,215.91,0.8907,1.0152,0.9712,0.8723,STRONG_UP,14.0,16.0,25.81,-17.21,51.6,31.32,0.3562,LOW,-,217.3455,212.933,210.7875,1,26.365,TREND_ONLY,13.2633
962,-38,KO,Coca-Cola Company (The),Consumer Staples,Soft Drinks & Non-alcoholic Beverages,large,81.48,0.897,0.994,1.0181,0.9344,FLAT,16.02,16.82,39.07,-7.89,48.8,16.39,0.5288,LOW,-,79.5145,77.4436,72.1424,1,50.0815,TREND_ONLY,13.2548
963,49,SXT,SENSIENT TECHNOLOGIES CORP,Materials,,mid,114.44,0.9504,0.9952,0.8929,1.109,FLAT,23.62,23.77,59.24,-30.7,48.4,58.76,0.477,LOW,-,116.2968,101.607,98.5813,1,19.5819,TREND_ONLY,13.2349
964,-78,ORIC,ORIC PHARMACEUTICALS INC,Health Care,,small,8.32,1.0061,1.0393,0.778,0.5699,STRONG_UP,-27.53,31.02,-5.45,-48.13,46.0,115.12,0.4025,LOW,-,8.9545,10.0101,10.8468,0,12.3965,WEAK,13.2205
965,-38,CSGP,CoStar Group,Real Estate,Real Estate Services,large,33.95,0.3523,1.013,0.8921,0.635,STRONG_UP,-48.18,-54.12,-60.38,-67.11,50.4,40.57,0.6382,LOW,EARLY,33.9565,37.7136,62.0,0,-67.2274,WEAK,13.2175
966,-168,DXCM,Dexcom,Health Care,Health Care Equipment,large,72.1,0.6551,1.0973,1.1212,0.9069,FLAT,23.42,-14.68,,-38.75,50.0,39.27,1.3345,MED,-,62.328,63.4578,67.9539,1,-18.697,TREND_ONLY,13.2019
967,4,HFWA,HERITAGE FINANCIAL CORP,Financials,,small,27.18,0.9397,1.0111,0.9918,0.9298,STRONG_UP,23.99,22.38,61.55,-14.76,49.2,24.25,0.5735,LOW,-,26.9789,26.4208,24.6476,1,45.4102,TREND_ONLY,13.154
968,29,OTTR,OTTER TAIL CORP,Utilities,,mid,87.35,0.904,0.9826,0.9549,0.938,STRONG_UP,9.32,17.73,1.92,-12.7,52.0,22.47,0.6284,LOW,-,88.154,87.5571,83.4136,1,41.0208,TREND_ONLY,13.1446
969,-229,WGS,GENEDX HOLDINGS CORP CLASS A,Health Care,,small,47.31,0.5074,1.0978,0.661,0.5389,STRONG_UP,-64.72,-33.92,139.91,-79.4,48.8,125.49,0.918,LOW,-,48.183,59.5236,105.439,0,-13.1924,WEAK,13.1344
970,-69,OGS,ONE GAS INC,Utilities,,mid,82.5,0.8796,0.9818,0.9042,0.8956,STRONG_UP,2.46,14.56,46.58,-9.12,54.0,17.01,0.7277,LOW,-,84.847,85.9792,80.2126,1,46.2143,TREND_ONLY,13.1194
971,-11,DOC,Healthpeak Properties,Real Estate,Health Care REITs,large,19.73,0.9646,1.0028,1.1559,1.0697,FLAT,17.49,25.62,17.33,-17.09,50.0,41.89,0.5679,LOW,-,18.3418,17.3439,17.0229,1,30.585,TREND_ONLY,13.0999
972,-145,SHO,SUNSTONE HOTEL INVESTORS REIT INC,Real Estate,,small,10.62,0.9785,1.0116,1.0548,1.065,STRONG_DOWN,20.52,27.44,11.03,-10.58,47.6,25.13,1.2695,MED,-,10.181,9.6144,9.2018,1,51.9717,TREND_ONLY,13.0961
973,-23,AVBP,ARRIVENT BIOPHARMA INC,Health Care,,small,26.73,1.0061,0.9793,0.8413,1.0546,FLAT,33.25,31.03,41.58,-33.32,48.0,56.46,0.866,LOW,-,28.8515,26.9228,22.385,1,26.3799,TREND+LEAD,13.0897
974,-90,REGN,Regeneron Pharmaceuticals,Health Care,Biotechnology,large,638.88,0.8384,1.0066,0.8151,0.7617,STRONG_UP,-13.08,9.19,-34.31,-22.39,48.8,34.54,1.307,MED,EARLY,693.4066,728.4549,691.4884,0,12.9775,WEAK,13.0762
975,1,NKE,"Nike, Inc.",Consumer Discretionary,"Apparel, Accessories & Luxury Goods",large,44.67,0.5858,1.0395,0.9571,0.645,STRONG_UP,-26.33,-23.71,-48.97,-46.18,45.2,40.3,0.6763,LOW,PROGRESS,43.556,46.3712,61.0944,0,-26.5895,WEAK,13.0601
976,-47,APO,Apollo Global Management,Financials,Asset Management & Custody Banks,large,128.51,0.7661,0.9535,0.9944,1.0395,STRONG_DOWN,2.22,-0.23,17.23,-34.97,52.0,39.94,0.4145,LOW,-,129.5703,119.4054,128.2433,1,-0.3036,TREND_ONLY,13.0017
977,-3,CDNA,CAREDX INC,Health Care,,small,21.63,0.9799,1.0407,0.9755,1.033,FLAT,37.25,27.61,36.64,-43.92,52.0,71.43,0.7346,LOW,-,21.1115,19.3988,17.3961,1,20.1001,TREND_ONLY,12.991
978,-25,LULU,Lululemon Athletica,Consumer Discretionary,"Apparel, Accessories & Luxury Goods",large,127.18,0.3142,1.0476,0.8468,0.6514,STRONG_UP,-22.78,-59.07,-57.57,-64.46,47.2,44.3,0.7553,LOW,EARLY,129.313,146.987,174.2837,0,-62.9417,WEAK,12.9882
979,-18,LEN,Lennar,Consumer Discretionary,Homebuilding,large,88.86,0.6607,1.0502,0.9046,0.7055,STRONG_UP,-22.81,-13.95,-38.61,-41.39,48.4,37.97,0.6098,LOW,PROGRESS,87.377,89.3122,111.921,0,-17.7856,WEAK,12.9844
980,87,PJT,PJT PARTNERS INC CLASS A,Financials,,mid,156.56,0.828,0.9886,0.9817,0.9607,STRONG_UP,-3.76,7.83,51.31,-32.47,53.6,27.29,0.6118,LOW,SHIFT,154.455,148.469,165.185,0,15.3853,WEAK,12.9469
981,67,WEC,WEC Energy Group,Utilities,Electric Utilities,large,113.41,0.843,1.0255,0.9557,0.9073,STRONG_UP,4.24,9.78,50.53,-11.22,52.0,17.26,1.0856,MED,-,112.6884,113.8224,109.8003,1,29.4756,TREND_ONLY,12.9423
982,-80,FAST,Fastenal,Industrials,Trading Companies & Distributors,large,43.94,0.8474,0.9893,0.9464,0.8933,STRONG_UP,13.46,10.36,39.38,-21.9,53.6,27.49,0.7488,LOW,EARLY,44.1035,44.8785,44.2849,0,20.195,WEAK,12.9388
983,-214,HROW,HARROW INC,Health Care,,small,33.0,0.9784,1.0579,0.7959,0.5748,STRONG_UP,-12.37,27.41,88.57,-47.03,51.2,84.93,0.7721,LOW,-,35.959,36.2728,41.323,0,16.526,WEAK,12.8996
984,46,RELY,REMITLY GLOBAL INC,Financials,,mid,21.58,0.7421,0.9971,0.9802,1.2254,FLAT,74.03,-3.36,58.33,-45.36,48.0,43.44,0.4689,LOW,-,22.617,19.3569,16.4732,1,-3.7113,TREND_ONLY,12.8991
985,-170,CARR,Carrier Global,Industrials,Building Products,large,63.14,0.6931,0.9696,0.9951,0.9169,FLAT,26.36,-9.74,0.78,-37.38,49.2,46.06,0.5859,LOW,-,64.7296,60.9801,59.1119,1,-10.3995,TREND_ONLY,12.8926
986,-5,CPAY,Corpay,Financials,Transaction & Payment Processing Services,large,347.9,0.8237,0.9889,1.0646,0.9441,FLAT,25.46,7.27,28.88,-27.27,51.2,40.67,0.5109,LOW,-,326.037,313.6828,308.9943,1,9.1572,TREND_ONLY,12.8525
987,0,JBTM,JBT MAREL CORP,Industrials,,mid,132.03,0.8973,1.0316,0.9712,0.7412,STRONG_UP,-0.05,16.85,43.61,-31.46,46.4,47.63,0.5359,LOW,SHIFT,127.777,128.6356,141.4569,0,16.4168,WEAK,12.8275
988,83,FLG,FLAGSTAR BANK NATIONAL ASSOCIATION,Financials,,mid,13.85,0.9026,1.0285,0.9452,0.9376,STRONG_UP,26.91,17.55,44.23,-17.47,49.6,27.03,0.5772,LOW,-,13.8365,13.632,12.7126,1,32.2042,TREND_ONLY,12.8232
989,4,SBSI,SOUTHSIDE BANCSHARES INC,Financials,,small,32.74,0.9414,1.0104,0.966,0.9664,FLAT,18.39,22.6,34.99,-15.77,50.0,23.82,0.398,LOW,-,32.5615,31.8188,30.12,1,47.4489,TREND_ONLY,12.8108
990,2,BBT,BEACON FINANCIAL CORP,Financials,,mid,28.78,0.9276,1.015,0.8911,0.87,STRONG_UP,21.63,20.8,38.05,-13.9,51.2,28.69,0.6685,LOW,-,28.7605,29.5871,26.8426,1,37.1165,TREND_ONLY,12.7696
991,-11,STKL,SUNOPTA INC,Consumer Staples,,small,6.5,0.8665,0.9906,0.9604,0.9337,STRONG_UP,23.57,12.85,25.0,-50.22,42.26,65.13,0.0,LOW,-,6.4895,6.4751,5.5372,1,8.336,TREND_ONLY,12.7667
992,33,SFNC,SIMMONS FIRST NATIONAL CORP CLASS,Financials,,mid,21.34,0.9109,1.01,0.9721,0.9723,FLAT,25.06,18.63,32.81,-17.57,51.2,26.18,0.5323,LOW,-,21.144,20.4078,19.4243,1,36.4282,TREND_ONLY,12.7288
993,-38,IT,Gartner,Information Technology,IT Consulting & Other Services,large,160.01,0.2803,1.0198,1.0177,0.9984,STRONG_UP,-28.61,-63.5,-64.1,-68.38,50.0,43.92,0.4787,LOW,SHIFT,151.603,153.7818,208.1576,0,-72.2883,WEAK,12.7263
994,102,CENTA,CENTRAL GARDEN AND PET CLASS A,Consumer Staples,,small,34.57,0.8424,0.9895,0.9525,0.908,STRONG_UP,24.44,9.71,-11.56,-29.51,50.0,22.74,1.0146,MED,-,33.9925,33.3558,31.3283,1,21.3527,TREND_ONLY,12.7114
995,-39,SO,Southern Company,Utilities,Electric Utilities,large,94.55,0.8364,0.9995,0.9764,0.9147,STRONG_UP,8.48,8.92,30.81,-14.99,52.4,16.84,0.4147,LOW,-,93.4673,94.2959,91.1258,1,27.7708,TREND_ONLY,12.6989
996,-114,NCLH,Norwegian Cruise Line Holdings,Consumer Discretionary,"Hotels, Resorts & Cruise Lines",mid,16.3,0.7226,1.0581,0.8432,0.6254,STRONG_UP,-6.86,-5.89,4.69,-45.1,45.6,59.69,0.8093,LOW,EARLY,16.7935,18.4692,21.5223,0,-4.499,WEAK,12.6564
997,27,MTD,Mettler Toledo,Health Care,Life Sciences Tools & Services,large,1103.09,0.7602,1.0167,0.8236,0.735,STRONG_UP,-21.17,-0.99,-25.43,-31.9,48.8,44.29,0.5994,LOW,EARLY,1165.332,1228.9332,1328.19,0,-1.0928,WEAK,12.6229
998,114,EXC,Exelon,Utilities,Electric Utilities,large,46.23,0.8344,1.0415,0.9434,0.8822,STRONG_UP,2.68,8.66,33.16,-13.74,51.2,19.47,1.0894,MED,-,45.2765,47.0248,45.359,1,22.7729,TREND_ONLY,12.5972
999,-152,TPB,TURNING POINT BRANDS INC,Consumer Staples,,small,89.99,0.945,1.0001,1.1009,0.6048,FLAT,-7.96,23.07,177.93,-50.58,55.6,79.61,0.4157,LOW,-,86.6315,83.8366,99.28,0,16.1094,WEAK,12.5875
1000,-86,TSN,Tyson Foods,Consumer Staples,Packaged Foods & Meats,large,65.05,0.931,0.9664,0.9727,0.9506,FLAT,25.51,21.25,15.32,-11.29,50.0,27.01,0.6965,LOW,-,66.2705,64.4376,58.6657,1,39.3286,TREND_ONLY,12.57
1001,-22,NWBI,NORTHWEST BANCSHARES INC,Financials,,small,13.97,0.9392,1.0131,1.0217,1.0315,STRONG_DOWN,27.3,22.31,42.89,-13.97,50.4,21.26,0.4897,LOW,-,13.7131,13.1149,12.2478,1,52.8897,TREND_ONLY,12.5687
1002,6,GEO,GEO GROUP INC,Industrials,,mid,23.52,0.6731,1.0201,1.196,1.5657,STRONG_DOWN,58.17,-12.34,69.33,-51.78,48.0,58.03,0.5105,LOW,-,21.1555,18.9154,17.8692,1,-10.2046,TREND_ONLY,12.5314
1003,-72,IART,INTEGRA LIFESCIENCES HOLDINGS CORP,Health Care,,small,15.1,0.9427,1.0601,1.3678,1.204,FLAT,36.65,22.76,-47.04,-44.79,51.6,70.05,0.8176,LOW,-,13.1845,11.1628,12.5413,1,16.7685,TREND_ONLY,12.5269
1004,-29,CNR,CORE NATURAL RESOURCES INC,Energy,,mid,84.07,0.9272,0.993,0.9382,0.8711,STRONG_UP,10.08,20.75,-11.05,-27.22,49.2,49.03,0.6758,LOW,EARLY,86.1755,93.1506,86.8581,0,20.8261,WEAK,12.5156
1005,17,TECH,Bio-Techne,Health Care,Life Sciences Tools & Services,mid,48.21,0.7961,1.0749,0.8534,0.7709,STRONG_UP,-17.65,3.68,-39.38,-39.26,49.2,58.33,0.9665,LOW,EARLY,49.3781,52.2255,57.4154,0,3.1046,WEAK,12.5151
1006,-5,BRZE,BRAZE INC CLASS A,Information Technology,,mid,24.35,0.5384,1.1178,1.0019,1.2928,FLAT,-9.81,-29.89,-40.78,-57.09,48.4,79.94,0.9927,LOW,SHIFT,22.139,21.7731,25.6165,0,-18.0956,WEAK,12.4851
1007,20,WLY,JOHN WILEY AND SONS INC CLASS A,Communication,,mid,42.34,0.8289,1.0068,0.9871,1.3385,FLAT,27.41,7.95,21.68,-34.42,47.2,37.94,0.4789,LOW,-,40.8295,39.4506,35.7268,1,9.8948,TREND_ONLY,12.4279
1008,29,NSIT,INSIGHT ENTERPRISES INC,Information Technology,,mid,97.73,0.5682,1.0687,1.2778,1.0822,FLAT,18.95,-26.01,-53.02,-56.07,50.8,59.7,0.7216,LOW,-,81.7545,76.0112,92.9702,1,-22.1299,TREND_ONLY,12.4191
1009,-19,SYY,Sysco,Consumer Staples,Food Distributors,large,76.29,0.8432,1.0279,0.9541,0.7863,STRONG_UP,2.59,9.81,10.71,-23.98,50.4,37.27,0.3653,LOW,SHIFT,73.863,75.68,77.7604,0,13.2705,WEAK,12.4104
1010,30,GABC,GERMAN AMERICAN BANCORP INC,Financials,,small,43.27,0.9025,1.0079,0.9585,0.9511,STRONG_UP,15.12,17.54,40.34,-11.3,47.6,18.59,0.6418,LOW,-,42.9001,42.3637,40.3838,1,44.9023,TREND_ONLY,12.4079
1011,-2,WAT,Waters Corporation,Health Care,Life Sciences Tools & Services,large,342.37,0.759,1.021,1.0579,0.9646,FLAT,-9.57,-1.15,1.66,-31.32,49.2,44.24,0.3509,LOW,-,329.8275,317.5484,338.4183,1,-1.2843,TREND_ONLY,12.3827
1012,-46,GATX,GATX CORP,Industrials,,mid,169.67,0.9163,0.9813,0.8198,0.8004,STRONG_UP,10.98,19.33,29.6,-16.74,54.0,29.36,0.579,LOW,EARLY,184.626,182.3166,173.1171,0,35.5616,WEAK,12.3765
1013,-71,BA,Boeing,Industrials,Aerospace & Defense,large,219.02,0.8311,0.9835,0.9022,0.8627,STRONG_UP,22.1,8.23,27.18,-24.96,50.0,37.06,0.5605,LOW,-,227.42,217.9994,219.5689,0,11.1075,WEAK,12.3646
1014,100,BBY,Best Buy,Consumer Discretionary,Computer & Electronics Retail,large,61.63,0.715,1.0548,0.9762,0.9169,STRONG_UP,-14.08,-6.89,-2.4,-32.01,46.8,33.86,1.1539,MED,SHIFT,58.671,61.3858,68.3273,0,-9.519,WEAK,12.3407
1015,73,NBHC,NATIONAL BANK HOLDINGS CORP CLASS,Financials,,small,42.03,0.9119,1.0045,0.9451,0.969,FLAT,19.78,18.76,22.46,-14.41,49.6,20.15,0.3402,LOW,-,42.167,40.9442,39.0115,1,46.1716,TREND_ONLY,12.3186
1016,7,MAS,Masco,Industrials,Building Products,large,67.26,0.8474,1.0168,0.8682,0.8369,STRONG_UP,12.39,10.36,0.85,-24.38,46.8,40.21,0.6554,LOW,-,69.489,65.6232,67.3873,0,12.0583,WEAK,12.3058
1017,-77,WSBC,WESBANCO INC,Financials,,mid,34.56,0.914,1.0244,0.9727,0.9095,STRONG_UP,15.73,19.03,37.55,-12.9,50.0,26.46,0.9309,LOW,-,33.989,34.3452,32.9767,1,35.9678,TREND_ONLY,12.2757
1018,-30,NNE,NANO NUCLEAR ENERGY INC,Industrials,,small,26.73,0.5724,1.0965,1.0449,0.9667,STRONG_UP,-8.86,-25.46,571.61,-66.45,46.8,99.75,1.0129,MED,-,25.2752,23.5234,31.7794,0,-11.9452,WEAK,12.2671
1019,-36,BIPC,BROOKFIELD INFRASTRUCTURE CORP CLA,Utilities,,mid,42.15,0.853,1.0217,0.9875,0.7977,STRONG_UP,-3.18,11.09,30.71,-29.77,53.6,38.17,0.8305,LOW,SHIFT,39.5585,40.4332,43.0923,0,15.5692,WEAK,12.2627
1020,-2,NIC,NICOLET BANKSHARES INC,Financials,,mid,141.69,0.8993,0.9966,0.9323,0.8316,STRONG_UP,18.42,17.12,79.44,-17.88,50.0,30.12,0.8256,LOW,-,144.0025,147.2974,137.1329,1,28.4242,TREND_ONLY,12.2556
1021,-5,STNE,STONECO LTD CLASS A,Financials,,mid,11.0,0.7699,1.0673,0.8619,0.7167,STRONG_UP,-9.3,0.27,-6.82,-40.22,49.2,59.65,0.8682,LOW,PROGRESS,10.756,11.3892,13.051,0,0.2193,WEAK,12.2426
1022,81,THRM,GENTHERM INC,Consumer Discretionary,,small,32.74,0.9363,1.069,1.0292,0.879,STRONG_UP,0.15,21.94,-31.79,-30.32,48.4,35.7,0.6527,LOW,-,30.615,29.393,33.721,0,29.7405,WEAK,12.2255
1023,-60,ESQ,ESQUIRE FINANCIAL HOLDINGS INC,Financials,,small,110.8,0.9664,1.0109,1.0122,0.98,FLAT,16.08,25.85,140.71,-15.42,52.4,36.18,1.2254,MED,-,107.0537,108.7657,103.7478,1,37.4461,TREND_ONLY,12.2006
1024,8,CLOV,CLOVER HEALTH INVESTMENTS CORP CLA,Health Care,,small,3.55,0.8545,1.0374,1.3988,1.6237,STRONG_DOWN,64.35,11.29,258.95,-55.5,46.0,53.98,0.7499,LOW,-,3.085,2.4246,2.5547,1,9.6169,TREND_ONLY,12.1757
1025,0,IP,International Paper,Materials,Paper & Plastic Packaging Products & Materials,large,31.29,0.5204,1.0196,0.9176,0.6535,STRONG_UP,-11.23,-32.23,-24.15,-45.52,44.8,48.1,0.8809,LOW,EARLY,31.8875,34.184,40.5419,0,-30.0181,WEAK,12.1711
1026,39,SNA,Snap-on,Industrials,Industrial Machinery & Supplies & Components,large,366.65,0.9061,1.0059,0.934,0.8768,STRONG_UP,12.99,18.0,43.01,-8.47,49.6,23.61,0.493,LOW,-,369.5625,368.8104,349.5312,1,37.8106,TREND_ONLY,12.1663
1027,-89,GDDY,GoDaddy,Information Technology,Internet Services & Infrastructure,large,90.46,0.3799,0.9805,1.0067,0.901,FLAT,-27.18,-50.53,-34.71,-56.75,48.4,51.63,0.4571,LOW,SHIFT,87.9725,85.0248,113.703,0,-47.3642,WEAK,12.1582
1028,-22,PRDO,PERDOCEO EDUCATION CORP,Consumer Discretionary,,mid,33.98,0.8565,0.9709,1.0057,0.9637,FLAT,17.65,11.54,54.28,-27.22,51.6,31.52,0.9663,LOW,-,34.33,35.2798,32.8913,1,18.8987,TREND_ONLY,12.1571
1029,-44,KKR,KKR & Co.,Financials,Asset Management & Custody Banks,large,94.04,0.6203,0.9707,0.886,0.905,FLAT,-17.49,-19.21,-8.44,-44.62,48.4,39.02,0.4256,LOW,EARLY,99.029,96.1495,116.5309,0,-23.8331,WEAK,12.1397
1030,-154,LTC,LTC PROPERTIES REIT INC,Real Estate,,small,38.48,0.8916,0.9968,0.9682,0.9196,STRONG_UP,11.0,16.11,27.83,-9.46,54.0,19.37,0.8766,LOW,-,38.3068,38.1118,35.8132,1,44.9234,TREND_ONLY,12.133
1031,-28,OCUL,OCULAR THERAPEUTIX INC,Health Care,,small,8.23,0.8657,0.9729,0.8304,0.8449,FLAT,-29.78,12.74,41.9,-57.29,46.8,79.42,0.4931,LOW,-,9.128,8.8424,10.8361,0,7.5072,WEAK,12.1306
1032,-65,DE,Deere & Company,Industrials,Agricultural & Farm Machinery,large,529.15,0.807,0.9286,0.9005,0.7569,STRONG_UP,11.8,5.1,43.46,-19.89,49.2,31.28,1.3967,MED,-,569.9235,575.8861,518.3426,1,8.0254,TREND_ONLY,12.0735
1033,35,GPN,Global Payments,Financials,Transaction & Payment Processing Services,large,73.26,0.7687,1.0568,1.0352,0.8625,STRONG_UP,3.16,0.12,-27.44,-29.7,46.8,36.52,0.5066,LOW,SHIFT,69.7135,68.9464,77.0076,0,0.1482,WEAK,12.0403
1034,-24,ADMA,ADMA BIOLOGICS INC,Health Care,,mid,8.24,0.3099,0.9741,0.7007,0.4881,STRONG_UP,-49.63,-59.65,-12.99,-63.97,47.2,79.8,0.4123,LOW,EARLY,9.2155,10.4088,15.1311,0,-35.2802,WEAK,12.0315
1035,-136,CCEP,Coca-Cola Europacific Partners,Consumer Staples,Soft Drinks,large,94.12,0.8295,1.009,0.9288,0.8116,STRONG_UP,6.65,8.03,36.17,-18.22,54.8,25.17,0.7919,LOW,-,92.7404,93.7472,91.3948,1,17.4837,TREND_ONLY,12.0284
1036,34,HBAN,Huntington Bancshares,Financials,Regional Banks,large,15.92,0.8286,1.0129,0.9295,0.8686,STRONG_UP,5.9,7.91,27.08,-21.26,51.6,24.84,0.5751,LOW,EARLY,16.0495,15.9892,16.5278,0,16.4397,WEAK,12.0056
1037,27,ZD,ZIFF DAVIS INC,Communication,,small,43.7,1.0859,1.0518,0.8991,1.5154,FLAT,47.94,41.42,-19.83,-33.79,49.2,104.71,0.6446,LOW,-,43.439,43.7684,37.6439,1,19.4638,TREND+LEAD,11.9776
1038,19,PGNY,PROGYNY INC,Health Care,,small,24.88,0.931,1.0248,1.3111,1.1007,FLAT,0.2,21.25,-8.36,-42.65,53.2,71.68,0.7331,LOW,-,21.5675,19.1312,21.8206,1,15.7697,TREND_ONLY,11.9708
1039,35,FSS,FEDERAL SIGNAL CORP,Industrials,,mid,112.61,0.9441,0.9897,0.9306,0.8873,STRONG_UP,6.36,22.96,31.99,-19.04,49.6,38.05,0.4343,LOW,EARLY,116.3039,112.9471,115.8541,0,29.9275,WEAK,11.9568
1040,21,FTV,Fortive,Industrials,Industrial Machinery & Supplies & Components,large,59.13,0.8687,0.9926,0.9268,0.9435,FLAT,16.56,13.14,4.73,-15.62,48.0,22.97,0.4758,LOW,-,59.944,58.3744,53.8165,1,27.4566,TREND_ONLY,11.9447
1041,-12,TMDX,TRANSMEDICS GROUP INC,Health Care,,mid,68.935,0.426,0.9993,0.595,0.46,STRONG_UP,-44.33,-44.52,-49.88,-58.76,46.8,73.47,0.893,LOW,EARLY,78.6163,97.678,119.4762,0,-28.3584,WEAK,11.9216
1042,-4,PRA,PROASSURANCE CORP,Financials,,small,24.62,0.8166,0.9906,0.9548,0.925,STRONG_UP,2.54,6.35,68.98,-2.22,45.2,5.57,0.6207,LOW,-,24.6455,24.6034,24.2196,1,51.5288,TREND_ONLY,11.9044
1043,-45,META,Meta Platforms,Communication Services,Interactive Media & Services,large,610.26,0.7496,0.9891,0.8656,0.8783,FLAT,3.76,-2.38,31.91,-33.3,50.8,39.09,0.723,LOW,EARLY,619.105,617.8035,668.6479,0,-3.0872,WEAK,11.881
1044,-112,BLFS,BIOLIFE SOLUTIONS INC,Health Care,,small,23.95,0.8444,1.0639,1.0726,0.9721,FLAT,-1.03,9.96,13.56,-36.96,50.4,54.47,2.0213,HIGH,-,21.9065,20.7762,23.8287,1,9.2188,TREND_ONLY,11.8576
1045,-98,CRH,CRH plc,Materials,Construction Materials,large,100.37,0.825,0.9617,0.8174,0.7577,STRONG_UP,-6.72,7.44,27.65,-24.46,45.6,35.94,0.5126,LOW,EARLY,109.2806,109.0714,115.2381,0,9.4392,WEAK,11.8418
1046,-13,TSCO,Tractor Supply,Consumer Discretionary,Other Specialty Retail,large,31.62,0.497,0.9875,0.8241,0.5457,STRONG_UP,-39.4,-35.28,-42.31,-51.93,47.2,37.22,0.8266,LOW,EARLY,32.223,39.619,50.7769,0,-44.7382,WEAK,11.8397
1047,36,NX,QUANEX BUILDING PRODUCTS CORP,Industrials,,small,17.71,0.7974,1.0406,0.8292,0.7371,STRONG_UP,58.92,3.85,-43.41,-49.67,50.0,54.88,0.4176,LOW,-,18.927,18.6854,17.1518,1,3.5093,TREND_ONLY,11.8361
1048,31,COR,Cencora,Health Care,Health Care Distributors,large,274.91,0.7275,1.04,0.8561,0.6952,STRONG_UP,-23.77,-5.26,27.09,-32.44,53.2,41.65,0.879,LOW,EARLY,277.1898,303.716,325.1883,0,-6.7129,WEAK,11.83
1049,-92,BLDR,Builders FirstSource,Industrials,Building Products,mid,74.15,0.5256,1.0467,0.7885,0.6215,STRONG_UP,-21.82,-31.55,-55.43,-55.51,38.8,51.29,0.7547,LOW,EARLY,76.056,81.5286,109.0401,0,-23.8683,WEAK,11.827
1050,-43,TGTX,TG THERAPEUTICS INC,Health Care,,mid,38.87,0.8634,0.9753,1.0163,1.1712,STRONG_DOWN,27.65,12.44,128.92,-34.12,50.8,54.31,0.6452,LOW,-,38.8115,35.4064,32.2629,1,11.6346,TREND_ONLY,11.8086
1051,58,DRI,Darden Restaurants,Consumer Discretionary,Restaurants,large,203.51,0.7894,1.0405,0.9692,0.8813,STRONG_UP,22.1,2.8,46.91,-23.92,50.0,26.95,0.9897,LOW,-,196.2035,196.9429,193.6625,1,5.2,TREND_ONLY,11.8073
1052,143,AMN,AMN HEALTHCARE INC,Health Care,,small,27.66,1.0226,0.9494,1.3014,1.2465,FLAT,80.31,33.17,-51.2,-32.44,46.0,76.8,0.8254,LOW,-,25.226,21.5126,19.3351,1,19.8692,TREND+LEAD,11.7491
1053,-36,MCW,MISTER CAR WASH INC,Consumer Discretionary,,mid,7.1,0.7689,0.9906,0.9698,0.9338,STRONG_UP,40.32,0.14,4.26,-34.64,42.17,5.6,0.0,LOW,-,7.07,7.017,6.0032,1,1.0621,TREND_ONLY,11.724
1054,1,PRU,Prudential Financial,Financials,Life & Health Insurance,large,104.12,0.8159,1.0016,1.0582,0.9535,FLAT,1.36,6.26,-3.76,-21.46,54.8,24.0,0.4128,LOW,-,100.5455,97.9226,102.8698,1,14.2891,TREND_ONLY,11.7134
1055,79,ALKS,ALKERMES,Health Care,,mid,36.8,0.9628,0.9802,1.0578,1.0132,FLAT,30.54,25.38,53.33,-22.2,48.8,52.19,0.3452,LOW,-,35.9115,33.4716,30.9004,1,23.7345,TREND_ONLY,11.6968
1056,13,MDT,Medtronic,Health Care,Health Care Equipment,large,78.6,0.7718,1.007,0.9032,0.753,STRONG_UP,-19.65,0.52,3.02,-28.14,49.6,21.51,0.617,LOW,PROGRESS,78.2225,83.0365,92.0633,0,1.195,WEAK,11.6938
1057,-10,FTDR,FRONTDOOR INC,Consumer Discretionary,,mid,61.3,0.8793,0.9572,0.9547,1.0143,FLAT,23.79,14.52,75.95,-29.23,52.8,58.24,0.4893,LOW,-,63.697,60.5842,60.2977,1,13.1594,TREND_ONLY,11.6882
1058,20,AX,AXOS FINANCIAL INC,Financials,,mid,86.07,0.9498,1.0094,0.8629,0.8668,FLAT,12.11,23.7,49.14,-19.04,52.4,37.44,,LOW,EARLY,87.9315,88.7056,87.7732,0,33.1689,WEAK,11.6681
1059,-20,SILA,SILA RLTY TR INC TRUST,Real Estate,,small,30.21,1.0118,0.9929,0.9641,1.121,FLAT,34.32,31.76,51.04,-14.11,48.8,41.28,,LOW,-,30.1254,27.0134,24.2888,1,37.5495,TREND+LEAD,11.6523
1060,-8,ALHC,ALIGNMENT HEALTHCARE INC,Health Care,,mid,16.35,0.867,0.9949,0.7409,0.7669,FLAT,1.74,12.91,131.59,-33.94,52.0,61.27,0.609,LOW,EARLY,18.3685,18.9086,18.5168,0,10.9605,WEAK,11.6512
1061,-42,EAT,BRINKER INTERNATIONAL INC,Consumer Discretionary,,mid,137.41,0.6828,1.0288,0.9488,0.8949,STRONG_UP,8.09,-11.08,,-44.41,49.6,59.98,0.6134,LOW,EARLY,138.3865,143.7806,143.5771,0,-9.1615,WEAK,11.6481
1062,-41,PM,Philip Morris International,Consumer Staples,Tobacco,large,188.99,0.8433,0.9776,1.102,0.9374,FLAT,23.62,9.82,105.19,-20.64,54.4,34.65,0.4775,LOW,-,177.99,168.6978,163.3357,1,15.4158,TREND_ONLY,11.6302
1063,21,PPG,PPG Industries,Materials,Specialty Chemicals,large,107.78,0.7718,1.03,0.946,0.7943,STRONG_UP,14.61,0.52,-13.57,-25.68,50.0,38.84,0.5079,LOW,-,106.238,106.0182,106.1347,1,0.6684,TREND_ONLY,11.617
1064,-2,BRSL,BRIGHTSTAR LOTTERY PLC,Consumer Discretionary,,mid,11.2,0.7139,1.0179,0.83,0.7637,STRONG_UP,-26.28,-7.03,-24.46,-40.22,48.4,35.64,1.2601,MED,EARLY,11.9745,12.4284,14.5128,0,-9.5437,WEAK,11.6131
1065,-2,J,Jacobs Solutions,Industrials,Construction & Engineering,large,114.69,0.7048,1.0,0.8674,0.7837,STRONG_UP,-10.77,-8.21,1.73,-34.44,50.4,35.01,0.8323,LOW,EARLY,120.102,124.7046,138.8144,0,-11.8213,WEAK,11.5946
1066,34,WWW,WOLVERINE WORLD WIDE INC,Consumer Discretionary,,small,16.41,0.7864,1.0618,0.8857,0.8634,STRONG_UP,13.33,2.42,34.95,-54.62,48.0,50.59,0.7541,LOW,-,16.3045,16.6122,20.3882,0,2.2969,WEAK,11.5858
1067,-23,DTE,DTE Energy,Utilities,Multi-Utilities,large,145.3,0.8458,1.0183,0.9472,0.9215,STRONG_UP,8.88,10.16,38.69,-10.13,57.6,18.87,0.5753,LOW,-,144.2385,145.6275,137.9726,1,30.9989,TREND_ONLY,11.5816
1068,22,FRME,FIRST MERCHANTS CORP,Financials,,mid,40.14,0.857,1.0046,0.9708,0.922,STRONG_UP,15.89,11.61,30.23,-15.73,50.4,20.95,0.7463,LOW,-,40.0745,39.502,38.3323,1,27.9311,TREND_ONLY,11.5701
1069,-20,CTSH,Cognizant,Information Technology,IT Consulting & Other Services,large,52.75,0.5228,1.0166,0.9229,0.7998,STRONG_UP,-26.2,-31.92,-20.13,-46.71,50.4,37.87,1.3305,MED,PROGRESS,50.8943,56.3001,68.4096,0,-42.4822,WEAK,11.5639
1070,-27,PFSI,PENNYMAC FINANCIAL SERVICES INC,Financials,,mid,85.88,0.7047,0.9839,0.9029,0.8687,STRONG_UP,-30.24,-8.22,-2.35,-47.06,50.0,29.63,0.5735,LOW,EARLY,88.0882,88.4463,111.1877,0,-13.8729,WEAK,11.5295
1071,0,KAI,KADANT INC,Industrials,,mid,319.42,0.8075,1.0071,0.9779,0.8757,STRONG_UP,27.68,5.16,19.64,-30.91,48.0,48.18,0.4158,LOW,-,313.817,311.2851,307.9071,1,5.143,TREND_ONLY,11.522
1072,-153,CHEF,CHEFS WAREHOUSE INC,Consumer Staples,,mid,76.46,0.945,0.9498,1.1182,0.9705,FLAT,33.51,23.06,98.75,-20.49,54.4,50.15,0.7324,LOW,-,77.693,68.3808,63.9023,1,25.0192,TREND_ONLY,11.5084
1073,-23,FUL,HB FULLER,Materials,,mid,57.78,0.8313,0.9833,0.8841,0.8118,STRONG_UP,5.08,8.26,-25.14,-26.97,48.8,42.57,1.146,MED,EARLY,59.5597,59.2072,59.7668,0,9.4643,WEAK,11.5049
1074,3,AVA,AVISTA CORP,Utilities,,mid,41.47,0.8693,1.0094,0.9773,0.9153,STRONG_UP,5.25,13.21,24.69,-9.89,53.2,19.51,0.6056,LOW,-,40.5079,40.2493,38.4529,1,36.0256,TREND_ONLY,11.4813
1075,32,RVTY,Revvity,Health Care,Health Care Equipment,mid,96.95,0.8358,1.0059,1.0698,0.9137,FLAT,3.26,8.84,-12.88,-30.09,51.6,41.97,0.6646,LOW,-,93.369,90.5861,94.4436,1,10.8705,TREND_ONLY,11.4772
1076,-98,GEHC,GE HealthCare,Health Care,Health Care Equipment,large,64.23,0.7144,1.0344,0.8935,0.7029,STRONG_UP,-14.0,-6.96,-18.76,-32.47,52.8,41.9,0.6985,LOW,PROGRESS,62.707,68.0685,75.4921,0,-8.7728,WEAK,11.4602
1077,68,UHS,Universal Health Services,Health Care,Health Care Facilities,large,157.8,0.6533,0.9235,0.8666,0.6314,STRONG_UP,-29.86,-14.92,-10.09,-35.26,52.0,37.5,1.1328,MED,EARLY,167.712,177.202,200.6048,0,-20.6918,WEAK,11.426
1078,14,CMS,CMS Energy,Utilities,Multi-Utilities,large,74.53,0.8467,1.0236,0.9429,0.8993,STRONG_UP,2.95,10.27,30.11,-9.69,53.2,17.59,0.5316,LOW,-,73.8127,75.5502,72.5264,1,31.0594,TREND_ONLY,11.3949
1079,6,SFBS,SERVISFIRST BANCSHARES INC,Financials,,mid,77.41,0.8299,1.0069,0.9357,0.8549,STRONG_UP,15.45,8.08,28.07,-23.75,50.0,27.11,0.2576,LOW,-,77.899,76.3147,77.3511,1,14.901,TREND_ONLY,11.3738
1080,-22,BWIN,BALDWIN INSURANCE GROUP INC CLASS,Financials,,mid,19.66,0.3973,0.9327,0.7491,1.0888,FLAT,-26.81,-48.26,-41.14,-62.95,47.6,69.95,0.7902,LOW,EARLY,21.1115,22.0028,24.8247,0,-32.8424,WEAK,11.3395
1081,17,CRI,CARTERS INC,Consumer Discretionary,,small,37.23,0.9412,1.0386,0.9583,0.8133,STRONG_UP,28.62,22.58,-38.39,-30.3,53.2,61.86,0.4649,LOW,-,35.338,35.6406,32.7867,1,19.4182,TREND_ONLY,11.3094
1082,-67,OCFC,OCEANFIRST FINANCIAL CORP,Financials,,small,18.72,0.9043,1.0057,0.9494,0.9295,STRONG_UP,10.02,17.78,,-15.39,48.0,24.64,0.8407,LOW,-,18.6995,18.3706,18.1004,1,34.6274,TREND_ONLY,11.2991
1083,39,CSR,CENTERSPACE,Real Estate,,small,68.24,0.9013,1.0002,0.9827,1.0292,FLAT,4.99,17.37,12.38,-17.43,51.6,23.98,0.318,LOW,-,67.614,63.563,61.1971,1,37.3832,TREND_ONLY,11.2933
1084,57,EW,Edwards Lifesciences,Health Care,Health Care Equipment,large,85.78,0.8783,1.0314,0.976,0.957,STRONG_UP,2.01,14.39,-1.92,-12.73,49.6,29.13,0.848,LOW,-,82.2055,81.458,81.3293,1,24.4996,TREND_ONLY,11.2909
1085,1,CVSA,COVISTA INC,Consumer Discretionary,,mid,125.15,0.7478,0.9697,1.1133,1.1553,STRONG_DOWN,33.45,-2.61,92.39,-42.14,55.2,43.17,0.5501,LOW,-,121.6395,116.4784,116.8801,1,-3.3335,TREND_ONLY,11.2652
1086,5,DHR,Danaher Corporation,Health Care,Life Sciences Tools & Services,large,172.0,0.7206,1.0398,0.9291,0.7575,STRONG_UP,-22.31,-6.15,-33.43,-32.97,49.6,27.73,0.6731,LOW,PROGRESS,171.774,182.8302,206.0012,0,-11.0057,WEAK,11.2124
1087,17,LOW,Lowe's,Consumer Discretionary,Home Improvement Retail,large,215.03,0.7616,0.977,0.8423,0.713,STRONG_UP,-4.99,-0.82,2.72,-24.82,50.0,31.22,1.0083,MED,EARLY,226.6915,233.8345,246.9787,0,-1.3116,WEAK,11.1624
1088,28,FMNB,FARMERS NATIONAL BANC CORP,Financials,,small,14.14,0.8745,1.0092,0.9629,0.9893,FLAT,12.31,13.89,26.67,-16.69,54.4,20.28,,LOW,-,14.0415,13.6292,13.5279,1,37.2564,TREND_ONLY,11.15
1089,74,OSIS,OSI SYSTEMS INC,Information Technology,,mid,222.1,0.7498,1.0589,0.7268,0.6855,STRONG_UP,-5.07,-2.35,59.51,-33.67,52.0,52.83,1.4669,MED,EARLY,240.8455,266.936,260.8961,0,-2.311,WEAK,11.1494
1090,-118,FLR,FLUOR CORP,Industrials,,mid,44.87,0.8395,1.0022,0.8908,0.7768,STRONG_UP,10.65,9.33,11.48,-30.19,50.0,52.05,0.5935,LOW,EARLY,47.873,47.4386,45.2231,0,8.9648,WEAK,11.1486
1091,-50,CIM,CHIMERA INVESTMENT CORP,Financials,,small,13.26,0.8844,0.9997,0.9356,0.9511,FLAT,18.98,15.18,42.69,-18.18,51.2,21.74,0.5543,LOW,-,13.463,13.1369,12.5349,1,35.7581,TREND_ONLY,11.1243
1092,55,CMG,Chipotle Mexican Grill,Consumer Discretionary,Restaurants,large,32.89,0.4988,0.9654,0.9205,0.8286,STRONG_UP,8.37,-35.04,-47.6,-48.82,45.6,32.87,1.1682,MED,PROGRESS,32.807,33.3232,36.8799,0,-48.6083,WEAK,11.1222
1093,30,RAMP,LIVERAMP HOLDINGS INC,Information Technology,,small,37.7,0.9362,0.9888,1.2341,1.3413,STRONG_DOWN,34.26,21.93,9.98,-34.44,53.2,64.56,1.3502,MED,-,31.649,29.0274,27.8567,1,18.0692,TREND_ONLY,11.1216
1094,23,NVAX,NOVAVAX INC,Health Care,,small,9.21,0.9754,1.0217,1.0728,0.895,FLAT,48.07,27.03,-39.21,-35.94,47.2,71.58,0.9307,LOW,-,8.8405,8.8098,8.3469,1,17.8266,TREND_ONLY,11.1001
1095,79,PPL,PPL Corporation,Utilities,Electric Utilities,large,36.32,0.83,1.03,0.8974,0.8825,STRONG_UP,3.8,8.09,34.58,-12.38,54.4,18.36,0.6332,LOW,-,36.6625,37.715,36.3171,1,23.9792,TREND_ONLY,11.0918
1096,-250,STEP,STEPSTONE GROUP INC CLASS A,Financials,,mid,53.74,0.7215,0.9925,0.993,1.0863,STRONG_DOWN,-8.53,-6.04,48.68,-43.1,51.2,46.2,1.1147,MED,SHIFT,53.6393,50.9571,58.9503,0,-6.6918,WEAK,11.0795
1097,8,HTO,H2O AMERICA,Utilities,,mid,58.13,0.88,1.019,0.9391,0.9819,FLAT,32.86,14.6,9.62,-16.72,50.8,25.95,0.573,LOW,-,57.0404,57.6313,51.3331,1,28.5887,TREND_ONLY,11.0701
1098,8,ASTE,ASTEC INDUSTRIES INC,Industrials,,small,48.58,0.9731,1.0131,0.7875,0.7671,STRONG_UP,20.09,26.72,48.69,-27.65,50.4,52.85,0.5381,LOW,-,54.0725,55.1346,49.8925,0,25.4848,WEAK,11.0141
1099,-18,NFLX,Netflix,Communication Services,Movies & Entertainment,large,88.6,0.5739,0.979,0.9177,1.0437,FLAT,-16.15,-25.26,39.38,-43.35,47.2,43.5,0.5426,LOW,EARLY,89.1975,93.682,101.8814,0,-27.4049,WEAK,11.007
1100,-46,VRNS,VARONIS SYSTEMS INC,Information Technology,,mid,31.0,0.5084,1.067,1.21,1.3127,STRONG_DOWN,-1.24,-33.79,-30.42,-68.11,54.0,47.81,0.6167,LOW,SHIFT,27.989,25.0247,37.3793,0,-38.1637,WEAK,10.9846
1101,-19,NRG,NRG Energy,Utilities,Independent Power Producers & Energy Traders,large,137.65,0.6774,1.0865,0.8272,0.6897,STRONG_UP,-13.68,-11.78,74.86,-32.57,50.8,52.33,,LOW,EARLY,141.9949,149.914,157.317,0,-11.4383,WEAK,10.9811
1102,-30,COLL,COLLEGIUM PHARMACEUTICAL INC,Health Care,,small,34.07,0.9065,1.003,1.0037,0.6934,FLAT,-22.48,18.05,0.74,-35.81,52.4,42.73,0.3021,LOW,-,34.795,34.2907,39.6972,0,22.1381,WEAK,10.9672
1103,37,GIII,G III APPAREL GROUP LTD,Consumer Discretionary,,small,30.82,0.8739,1.0517,0.941,0.9159,STRONG_UP,14.52,13.81,10.8,-29.39,52.0,38.54,0.5973,LOW,-,30.475,29.2502,28.5503,1,18.6279,TREND_ONLY,10.9609
1104,16,SW,Smurfit Westrock,Materials,Paper & Plastic Packaging Products & Materials,large,38.05,0.6884,1.0092,0.9221,0.7708,STRONG_UP,18.41,-10.35,-17.27,-32.21,46.8,44.48,0.5967,LOW,EARLY,38.9803,39.4502,40.5288,0,-10.8931,WEAK,10.9188
1105,-137,DRVN,DRIVEN BRANDS HOLDINGS INC,Consumer Discretionary,,mid,13.77,0.614,0.9579,1.0414,0.7621,FLAT,1.77,-20.03,29.05,-46.38,42.8,78.87,0.5299,LOW,SHIFT,13.2845,12.635,14.7785,0,-10.8722,WEAK,10.8787
1106,77,ESS,Essex Property Trust,Real Estate,Multi-Family Residential REITs,large,276.7,0.8201,1.0069,1.0375,0.995,FLAT,10.45,6.8,15.47,-16.49,56.0,19.55,0.5005,LOW,-,268.0535,255.5388,254.0382,1,19.4898,TREND_ONLY,10.8731
1107,26,CVBF,CVB FINANCIAL CORP,Financials,,mid,20.35,0.8595,1.014,0.9713,0.9635,STRONG_UP,10.15,11.93,36.04,-13.91,49.2,22.02,0.8203,LOW,-,20.1795,19.8524,19.3104,1,26.6599,TREND_ONLY,10.8402
1108,19,TT,Trane Technologies,Industrials,Building Products,large,451.02,0.8238,0.9704,0.8878,0.8963,FLAT,13.01,7.29,37.76,-20.16,52.0,31.38,0.7124,LOW,-,471.769,454.6594,426.5953,1,12.0732,TREND_ONLY,10.825
1109,-50,ARRY,ARRAY TECHNOLOGIES INC,Industrials,,small,8.48,0.9464,0.9941,1.0012,0.7265,FLAT,26.95,23.26,-33.7,-44.31,50.0,91.05,0.7562,LOW,-,8.2215,7.6688,8.547,0,12.7709,WEAK,10.8083
1110,36,RJF,Raymond James Financial,Financials,Investment Banking & Brokerage,large,151.46,0.811,0.9714,0.9453,0.8989,STRONG_UP,0.8,5.62,26.16,-19.64,56.0,24.52,0.5445,LOW,-,154.5295,149.9354,159.3324,0,12.8297,WEAK,10.804
1111,-12,VRTX,Vertex Pharmaceuticals,Health Care,Biotechnology,large,434.52,0.7653,0.986,0.9669,0.8195,STRONG_UP,2.89,-0.34,-3.61,-23.56,48.0,30.05,1.3181,MED,PROGRESS,433.032,440.2872,434.7456,0,-0.5422,WEAK,10.7942
1112,-81,CCI,Crown Castle,Real Estate,Telecom Tower REITs,large,91.46,0.7342,1.0076,1.0143,0.9604,FLAT,3.97,-4.38,2.88,-30.0,52.0,30.06,0.8147,LOW,-,89.442,86.4182,89.0934,1,-7.5789,TREND_ONLY,10.788
1113,-5,RDNT,RADNET INC,Health Care,,mid,54.4,0.7379,0.9948,0.9038,0.7377,STRONG_UP,-31.37,-3.9,-5.64,-37.99,51.2,44.05,0.4657,LOW,EARLY,55.8905,57.4062,69.4043,0,-4.5376,WEAK,10.7873
1114,-21,GRBK,GREEN BRICK PARTNERS INC,Consumer Discretionary,,mid,66.33,0.8619,1.0354,0.8968,0.7794,STRONG_UP,7.02,12.25,22.33,-23.99,48.0,36.22,0.7005,LOW,SHIFT,65.7775,65.9842,68.3204,0,16.2374,WEAK,10.7761
1115,74,ED,Consolidated Edison,Utilities,Multi-Utilities,large,108.54,0.8272,1.0095,0.9609,0.9064,STRONG_UP,9.27,7.73,23.63,-8.54,52.0,16.75,1.0025,MED,-,107.2752,109.5324,102.3002,1,23.998,TREND_ONLY,10.7665
1116,36,CRK,COMSTOCK RESOURCES INC,Energy,,mid,13.94,0.4505,0.9413,0.7879,0.7007,STRONG_UP,-41.58,-41.33,28.36,-54.65,47.2,56.2,1.2893,MED,EARLY,15.579,17.8186,19.7463,0,-34.7113,WEAK,10.7594
1117,64,MEG,MONTROSE ENVIRONMENTAL GRP INC,Industrials,,small,15.76,0.6286,1.0197,0.722,0.6503,STRONG_UP,-37.21,-18.13,-66.57,-53.32,47.79,75.49,2.2807,HIGH,-,18.2235,20.6042,24.8865,0,-11.4774,WEAK,10.7513
1118,-114,PRCH,PORCH GROUP INC,Information Technology,,small,9.56,0.7247,0.9499,1.1601,1.1941,STRONG_DOWN,4.94,-5.63,311.18,-66.39,47.2,67.96,0.6801,LOW,-,10.09,8.4866,11.158,0,-3.908,WEAK,10.7513
1119,-276,TTWO,Take-Two Interactive,Communication Services,Interactive Home Entertainment,large,227.55,0.7766,0.9309,1.0338,1.0245,FLAT,-3.32,1.14,49.38,-27.68,50.4,31.66,,LOW,SHIFT,226.4,212.562,231.8857,0,1.8113,WEAK,10.7485
1120,-64,LII,Lennox International,Industrials,Building Products,large,484.64,0.663,0.9575,0.9451,0.8003,STRONG_UP,9.7,-13.66,0.37,-33.77,46.4,42.26,0.5665,LOW,EARLY,509.8685,490.3188,514.2678,0,-14.9979,WEAK,10.726
1121,0,NBBK,NB BANCORP INC,Financials,,small,19.78,0.9185,1.0064,0.9589,0.839,STRONG_UP,6.19,19.61,32.66,-15.37,50.0,31.38,0.583,LOW,-,19.8294,20.6647,19.708,1,31.253,TREND_ONLY,10.7128
1122,-12,WK,WORKIVA INC CLASS A,Information Technology,,mid,50.31,0.5752,1.0006,0.9063,0.8016,STRONG_UP,-42.71,-25.09,-37.67,-52.51,48.4,46.12,,LOW,EARLY,50.805,55.2044,74.4647,0,-26.3297,WEAK,10.6836
1123,5,EQT,EQT Corporation,Energy,Oil & Gas Exploration & Production,large,57.92,0.8091,0.9987,0.944,0.9142,STRONG_UP,3.37,5.37,49.09,-18.39,50.8,27.51,0.55,LOW,-,57.6874,59.8862,56.1196,1,9.9242,TREND_ONLY,10.6833
1124,-44,CNX,CNX RESOURCES CORP,Energy,,mid,35.31,0.8569,0.9568,0.8793,0.8642,STRONG_UP,-3.94,11.6,43.48,-20.14,52.8,28.84,0.3496,LOW,EARLY,36.972,38.564,36.0049,0,21.2358,WEAK,10.6772
1125,-353,MCHB,MECHANICS BANCORP CLASS A,Financials,,mid,14.15,0.9311,0.9542,0.8803,0.9114,FLAT,11.12,21.26,56.04,-10.16,50.8,29.93,0.9341,LOW,-,14.764,14.8076,13.92,1,36.0877,TREND_ONLY,10.6727
1126,16,IR,Ingersoll Rand,Industrials,Industrial Machinery & Supplies & Components,large,70.91,0.6781,1.0039,0.8103,0.6891,STRONG_UP,-4.82,-11.69,-25.29,-30.56,46.8,36.44,1.123,MED,EARLY,74.7525,79.6462,81.9118,0,-15.0173,WEAK,10.6418
1127,-16,ACN,Accenture,Information Technology,IT Consulting & Other Services,large,179.24,0.4506,1.0001,0.9622,0.8447,STRONG_UP,-24.93,-41.32,-39.56,-49.58,47.2,41.74,0.4166,LOW,PROGRESS,175.654,186.1091,231.4059,0,-46.7241,WEAK,10.6145
1128,-27,PNTG,PENNANT GROUP INC,Health Care,,small,33.92,0.9379,0.9508,1.0822,0.9751,FLAT,30.91,22.15,49.69,-26.06,51.6,46.13,0.6488,LOW,-,33.6735,31.9862,28.618,1,24.7722,TREND_ONLY,10.5939
1129,-69,HMN,HORACE MANN EDUCATORS CORP,Financials,,small,46.84,0.8651,1.0149,0.9848,1.0209,FLAT,3.62,12.66,49.08,-10.73,57.2,18.14,0.8836,LOW,-,45.594,44.4072,44.2058,1,39.9269,TREND_ONLY,10.5786
1130,-28,SBAC,SBA Communications,Real Estate,Telecom Tower REITs,large,205.57,0.6997,1.0015,0.8968,0.9438,FLAT,6.0,-8.87,12.9,-29.8,44.8,50.04,0.5163,LOW,-,212.5225,203.3686,196.1664,1,-7.9441,TREND_ONLY,10.5693
1131,-55,IFF,International Flavors & Fragrances,Materials,Specialty Chemicals,large,75.28,0.7894,1.0119,1.0132,0.8478,FLAT,18.02,2.81,-16.92,-24.03,50.8,49.86,0.5388,LOW,-,74.465,72.4762,68.4419,1,2.8631,TREND_ONLY,10.5335
1132,-66,BOOT,BOOT BARN HOLDINGS INC,Consumer Discretionary,,mid,154.65,0.7566,1.0858,0.8778,0.727,STRONG_UP,-10.64,-1.47,39.04,-35.01,48.4,49.51,0.6086,LOW,EARLY,157.4205,156.7216,177.1842,0,-1.4387,WEAK,10.524
1133,21,PTC,PTC Inc.,Information Technology,Application Software,large,148.23,0.6744,1.0193,1.0347,0.8873,FLAT,-13.03,-12.17,-18.82,-38.37,50.8,29.99,0.7294,LOW,SHIFT,141.7325,142.3768,173.2111,0,-20.6154,WEAK,10.5158
1134,-45,EG,Everest Group,Financials,Reinsurance,large,352.71,0.816,0.982,0.9835,0.9606,FLAT,16.37,6.27,-5.87,-16.43,52.8,18.64,0.4169,LOW,-,351.3895,339.3668,333.0177,1,17.7484,TREND_ONLY,10.5073
1135,29,MSCI,MSCI Inc.,Financials,Financial Exchanges & Data,large,588.55,0.8202,0.9981,0.9542,0.9896,FLAT,5.88,6.82,23.13,-18.07,52.4,24.77,0.5035,LOW,-,581.826,564.3956,560.9301,1,14.4269,TREND_ONLY,10.4982
1136,-17,PSA,Public Storage,Real Estate,Self-Storage REITs,large,305.25,0.8234,1.0211,0.948,0.9322,STRONG_UP,17.45,7.24,20.54,-16.2,48.0,25.98,0.4449,LOW,-,302.65,293.434,283.0829,1,13.3703,TREND_ONLY,10.4967
1137,-102,ABNB,Airbnb,Consumer Discretionary,"Hotels, Resorts & Cruise Lines",large,132.35,0.802,0.9762,0.8873,0.9683,FLAT,18.66,4.44,-6.16,-21.54,54.0,32.68,0.7928,LOW,-,137.1225,134.0952,128.3296,1,7.3413,TREND_ONLY,10.4778
1138,6,MSFT,Microsoft,Information Technology,Systems Software,large,418.57,0.7196,0.9811,0.9459,0.9913,FLAT,-12.12,-6.28,-0.43,-33.91,51.2,26.64,0.6459,LOW,SHIFT,415.8036,399.6118,458.2743,0,-12.0677,WEAK,10.4736
1139,-125,COST,Costco,Consumer Staples,Consumer Staples Merchandise Retail,large,1028.24,0.7873,0.9462,0.9751,0.9481,FLAT,15.43,2.53,30.52,-19.35,48.0,19.63,1.0733,MED,-,1026.2518,1007.0096,954.8884,1,6.1896,TREND_ONLY,10.468
1140,18,LH,Labcorp,Health Care,Health Care Services,large,259.93,0.8318,1.0075,0.9434,0.8343,STRONG_UP,-0.07,8.32,34.99,-15.22,52.0,21.99,0.5426,LOW,PROGRESS,256.2835,263.184,267.6719,0,19.6861,WEAK,10.4207
1141,-2,BSX,Boston Scientific,Health Care,Health Care Equipment,large,57.78,0.4246,1.0236,0.8913,0.7068,STRONG_UP,-40.19,-44.71,-22.32,-51.29,47.2,41.19,0.7081,LOW,PROGRESS,56.004,61.6128,86.2519,0,-51.2315,WEAK,10.4066
1142,-7,ATEC,ALPHATEC HOLDNGS INC,Health Care,,small,8.27,0.5101,1.0127,0.7265,0.5458,STRONG_UP,-57.83,-33.57,-18.12,-69.18,49.2,90.62,0.5049,LOW,-,8.529,10.2694,15.1143,0,-18.2284,WEAK,10.3932
1143,42,ITW,Illinois Tool Works,Industrials,Industrial Machinery & Supplies & Components,large,252.2,0.821,1.0015,0.8967,0.7921,STRONG_UP,5.95,6.92,9.66,-16.91,50.8,21.93,0.5121,LOW,EARLY,254.8075,260.8323,258.4006,0,16.0356,WEAK,10.3561
1144,23,OMC,Omnicom Group,Communication Services,Advertising,large,74.93,0.8177,1.0149,0.9472,0.8437,STRONG_UP,6.88,6.49,-14.77,-17.85,51.2,23.79,0.3977,LOW,EARLY,75.0455,75.8424,75.7785,0,13.9713,WEAK,10.325
1145,4,MNKD,MANNKIND CORP,Health Care,,small,3.38,0.6299,1.1198,1.1986,0.5609,FLAT,-31.99,-17.96,-29.88,-63.29,46.0,104.31,0.6724,LOW,-,3.1095,2.7978,4.5675,0,-7.9207,WEAK,10.3158
1146,-155,LMAT,LEMAITRE VASCULAR INC,Health Care,,mid,97.75,0.9306,0.9627,0.827,0.995,FLAT,16.32,21.19,25.0,-19.91,52.8,58.32,0.7576,LOW,-,104.7795,108.4478,93.9978,1,19.1847,TREND_ONLY,10.2804
1147,-11,PAGS,PAGSEGURO DIGITAL LTD CLASS A,Financials,,mid,9.14,0.8436,0.9863,0.8546,0.7872,STRONG_UP,1.51,9.86,-21.4,-26.36,48.8,50.88,0.6703,LOW,EARLY,9.6155,9.9223,9.7021,0,9.4583,WEAK,10.1944
1148,-22,BCRX,BIOCRYST PHARMACEUTICALS INC,Health Care,,mid,8.29,0.6011,0.9155,0.8879,1.0015,FLAT,17.92,-21.72,30.96,-44.24,41.6,55.07,0.7358,LOW,-,8.9195,9.1844,7.912,1,-16.4063,TREND_ONLY,10.1879
1149,-31,FISV,Fiserv,Financials,Transaction & Payment Processing Services,large,57.13,0.2753,0.9988,0.8991,0.8882,STRONG_UP,-4.42,-64.15,-61.96,-70.17,50.6,36.05,0.9928,LOW,EARLY,57.5325,57.9144,82.3773,0,-90.0355,WEAK,10.1793
1150,-20,NBTB,NBT BANCORP INC,Financials,,mid,45.93,0.8781,1.0156,1.0168,0.9696,FLAT,16.99,14.35,32.23,-12.17,48.0,22.55,0.9409,LOW,-,44.7295,43.9224,42.5542,1,30.5474,TREND_ONLY,10.1681
1151,-36,RDN,RADIAN GROUP INC,Financials,,mid,36.33,0.8634,0.9508,0.9771,0.9726,FLAT,5.54,12.45,,-14.34,51.2,23.48,0.6045,LOW,-,36.7115,35.0224,34.4373,1,27.1431,TREND_ONLY,10.1632
1152,56,LTH,LIFE TIME GROUP HOLDINGS INC,Consumer Discretionary,,mid,32.07,0.8509,0.956,1.1264,1.0586,FLAT,27.92,10.82,100.44,-19.24,46.4,51.21,1.5484,HIGH,-,30.8435,28.5806,27.5536,1,9.7996,TREND_ONLY,10.1631
1153,-107,INTA,INTAPP INC,Information Technology,,mid,20.4,0.287,0.9683,0.8779,0.8796,FLAT,-49.09,-62.62,-44.26,-66.6,43.6,61.52,0.8732,LOW,EARLY,22.327,23.2496,34.7329,0,-44.3822,WEAK,10.1602
1154,-103,ORC,ORCHID ISLAND CAPITAL INC,Financials,,small,6.76,0.9142,0.9848,0.9313,0.8588,STRONG_UP,5.06,19.06,17.27,-15.79,47.6,27.66,0.6227,LOW,-,6.9278,6.9197,6.7756,0,32.794,WEAK,10.1421
1155,-31,BDC,BELDEN INC,Information Technology,,mid,106.03,0.7682,1.0075,0.7555,0.6589,STRONG_UP,-0.21,0.04,10.26,-32.41,51.6,44.2,0.8199,LOW,EARLY,112.2585,117.8108,121.853,0,0.0487,WEAK,10.124
1156,-19,NHI,NATIONAL HEALTH INVESTORS REIT INC,Real Estate,,mid,76.42,0.8493,0.9975,0.9503,0.7986,STRONG_UP,0.06,10.6,30.39,-18.79,51.6,27.15,0.6365,LOW,PROGRESS,75.618,80.0519,77.9685,0,20.1541,WEAK,10.1036
1157,138,DJCO,DAILY JOURNAL CORP,Information Technology,,small,473.28,0.8709,0.9841,0.8504,0.8447,STRONG_UP,23.34,13.42,21.62,-30.41,57.2,43.84,0.4782,LOW,-,491.641,502.4088,489.1885,0,17.5135,WEAK,10.0894
1158,2,ARE,Alexandria Real Estate Equities,Real Estate,Office REITs,mid,48.37,0.5839,1.0265,0.9771,0.8408,STRONG_UP,2.05,-23.96,-54.3,-51.61,55.2,46.08,0.5751,LOW,SHIFT,44.951,45.7337,57.2804,0,-28.6986,WEAK,10.0795
1159,-16,GBX,GREENBRIER INC,Industrials,,small,47.94,0.853,0.9898,0.9313,0.7537,STRONG_UP,15.18,11.09,0.55,-26.98,50.4,34.44,0.7674,LOW,-,49.0725,50.0384,47.8799,1,16.2351,TREND_ONLY,10.0723
1160,-5,CASH,PATHWARD FINANCIAL INC,Financials,,mid,82.74,0.8242,1.0173,0.8998,0.8197,STRONG_UP,22.49,7.34,51.27,-20.68,52.4,31.83,0.7437,LOW,-,84.321,89.2072,80.4088,1,12.0823,TREND_ONLY,10.0564
1161,-86,ROAD,CONSTRUCTION PARTNERS INC CLASS A,Industrials,,mid,112.86,0.8451,0.9726,0.8992,0.7471,STRONG_UP,12.38,10.06,92.89,-26.55,49.6,61.51,0.953,LOW,EARLY,123.0575,117.9398,117.8315,0,8.1156,WEAK,10.0119
1162,-12,VRSK,Verisk Analytics,Industrials,Research & Consulting Services,large,171.11,0.422,0.9883,0.9225,0.8249,STRONG_UP,-22.53,-45.04,-30.41,-50.81,45.6,39.2,0.8196,LOW,EARLY,172.6665,180.1348,215.3109,0,-52.3957,WEAK,10.0086
1163,14,CDW,CDW Corporation,Information Technology,Technology Distributors,large,110.82,0.4734,1.0552,0.7841,0.8157,FLAT,-18.12,-38.35,-50.87,-45.82,50.4,50.94,0.8212,LOW,EARLY,115.4695,121.6354,138.8331,0,-37.9466,WEAK,9.9803
1164,-51,YUM,Yum! Brands,Consumer Discretionary,Restaurants,large,155.15,0.8348,1.0091,0.9268,0.8595,STRONG_UP,4.95,8.72,17.68,-10.94,50.8,21.27,0.7552,LOW,-,154.1595,157.0932,151.8769,1,20.8297,TREND_ONLY,9.9763
1165,-12,PCG,PG&E Corporation,Utilities,Multi-Utilities,large,16.49,0.7497,1.0306,0.9506,0.8147,STRONG_UP,4.73,-2.37,-9.09,-23.71,49.2,25.76,0.4315,LOW,-,16.3575,17.1054,16.2279,1,-4.5232,TREND_ONLY,9.9557
1166,-5,QLYS,QUALYS INC,Information Technology,,mid,102.37,0.5844,1.035,1.1622,1.0838,FLAT,-25.77,-23.89,-30.0,-50.46,48.8,52.05,0.6685,LOW,SHIFT,92.369,89.8932,119.5402,0,-22.4022,WEAK,9.945
1167,2,CALX,CALIX NETWORKS INC,Information Technology,,mid,39.23,0.6445,0.9662,0.8659,0.6746,STRONG_UP,-26.45,-16.07,20.15,-43.92,50.0,44.95,0.5255,LOW,EARLY,41.7395,46.2354,54.2877,0,-17.8728,WEAK,9.9335
1168,81,EVLV,EVOLV TECHNOLOGIES HOLDINGS INC CL,Information Technology,,small,6.24,0.8391,1.0999,0.9012,1.1359,FLAT,10.25,9.28,132.84,-44.06,50.4,55.68,0.6896,LOW,-,6.5695,6.2343,6.775,0,8.4018,WEAK,9.9301
1169,-12,DORM,DORMAN PRODUCTS INC,Consumer Discretionary,,mid,118.08,0.725,1.0164,1.0168,0.8588,FLAT,-6.33,-5.58,30.37,-39.58,46.8,39.54,0.9273,LOW,SHIFT,116.672,110.1824,130.1022,0,-6.6061,WEAK,9.8986
1170,22,LW,Lamb Weston,Consumer Staples,Packaged Foods & Meats,mid,43.76,0.6846,0.9931,0.9538,0.8463,STRONG_UP,-19.92,-10.85,-47.38,-41.37,51.2,38.11,0.4656,LOW,SHIFT,42.5371,41.9721,50.0844,0,-14.5703,WEAK,9.869
1171,92,LDOS,Leidos,Industrials,Diversified Support Services,large,126.01,0.6406,0.9999,0.826,0.6669,STRONG_UP,-31.81,-16.57,-14.13,-38.05,51.2,29.6,0.6632,LOW,EARLY,133.537,148.431,175.8683,0,-28.6569,WEAK,9.8409
1172,-16,ALLE,Allegion,Industrials,Building Products,large,130.43,0.714,1.0057,0.8548,0.7576,STRONG_UP,-17.89,-7.01,9.73,-29.84,50.4,28.3,0.4951,LOW,EARLY,133.199,139.9298,159.7007,0,-12.4807,WEAK,9.8242
1173,-5,PRG,PROG HOLDINGS INC,Financials,,small,33.46,0.9231,0.9862,1.0236,0.8369,FLAT,27.24,20.21,-2.9,-31.21,48.0,62.74,,LOW,-,34.1621,31.283,31.6106,1,15.4644,TREND_ONLY,9.8062
1174,-3,TFIN,TRIUMPH FINANCIAL INC,Financials,,small,66.77,0.8814,1.0456,0.9463,1.0822,FLAT,31.96,14.78,-9.42,-28.76,49.2,40.55,0.365,LOW,-,65.7955,62.6742,59.826,1,17.938,TREND_ONLY,9.8017
1175,-44,KTB,KONTOOR BRANDS INC,Consumer Discretionary,,mid,69.91,0.7933,1.0779,0.9206,0.9601,FLAT,3.06,3.31,2.87,-32.91,48.4,64.65,0.506,LOW,PROGRESS,69.316,70.388,70.7936,0,2.4816,WEAK,9.7799
1176,-38,MSI,Motorola Solutions,Information Technology,Communications Equipment,large,404.08,0.7488,0.9757,0.8828,0.791,STRONG_UP,10.75,-2.49,13.53,-25.45,52.0,31.13,0.7147,LOW,EARLY,414.012,433.6061,426.8266,0,-4.1565,WEAK,9.7729
1177,-177,BL,BLACKLINE INC,Information Technology,,mid,28.9,0.4097,0.9604,0.9031,0.817,STRONG_UP,-45.97,-46.64,-42.91,-57.11,50.8,62.31,0.7348,LOW,EARLY,29.865,32.7978,46.5782,0,-38.0243,WEAK,9.7646
1178,0,FG,F&G ANNUITIES AND LIFE INC,Financials,,mid,27.79,0.7053,0.9839,0.9506,1.1358,FLAT,-7.84,-8.15,-25.98,-40.92,51.2,43.45,0.8507,LOW,-,28.2055,26.3597,29.0715,0,-9.5986,WEAK,9.7521
1179,5,ALL,Allstate,Financials,Property & Casualty Insurance,large,216.6,0.8344,0.97,0.9742,0.9538,FLAT,3.3,8.67,37.38,-11.48,53.2,19.76,0.8424,LOW,-,216.867,212.7568,205.6609,1,23.3454,TREND_ONLY,9.745
1180,-18,NVR,"NVR, Inc.",Consumer Discretionary,Homebuilding,large,6036.9902,0.656,1.0461,0.8887,0.7395,STRONG_UP,-15.72,-14.57,-18.33,-34.88,47.6,30.15,0.6313,LOW,PROGRESS,5992.888,6383.2142,7335.8112,0,-22.9989,WEAK,9.693
1181,89,PRK,PARK NATIONAL CORP,Financials,,mid,169.58,0.8314,1.0018,0.951,0.9421,STRONG_UP,14.71,8.28,32.8,-15.31,50.4,23.88,0.6383,LOW,-,169.7308,166.3671,161.1499,1,17.4703,TREND_ONLY,9.5618
1182,-31,BJRI,BJS RESTAURANTS INC,Consumer Discretionary,,small,44.56,0.806,1.0352,1.1178,1.0145,FLAT,31.68,4.97,27.86,-38.67,50.4,38.71,0.4578,LOW,-,40.6545,38.2496,37.0689,1,6.4716,TREND_ONLY,9.497
1183,5,MELI,Mercado Libre,Consumer Discretionary,Catalog/Specialty Distribution,large,1664.42,0.5096,1.0397,0.8684,0.7959,STRONG_UP,-12.39,-33.63,-2.52,-40.82,49.2,46.35,0.6597,LOW,EARLY,1702.1015,1726.883,2039.3981,0,-35.699,WEAK,9.4911
1184,43,ICUI,ICU MEDICAL INC,Health Care,,mid,133.31,0.7936,1.073,1.0226,0.8038,STRONG_UP,-0.76,3.35,27.83,-27.18,48.0,36.02,0.9645,LOW,SHIFT,122.723,125.076,133.4293,0,4.463,WEAK,9.486
1185,-37,FIVN,FIVE9 INC,Information Technology,,small,22.76,0.6573,1.067,1.3168,1.1735,FLAT,28.01,-14.4,-54.94,-53.96,46.4,79.99,0.7122,LOW,-,21.0,17.5775,20.4184,1,-8.3553,TREND_ONLY,9.4746
1186,13,IBCP,INDEPENDENT BANK CORP,Financials,,small,33.9,0.856,1.0028,0.9791,0.8878,STRONG_UP,12.55,11.48,43.94,-13.5,49.6,21.58,0.4237,LOW,-,33.5015,33.3675,32.5974,1,26.3857,TREND_ONLY,9.4672
1187,-11,OPCH,OPTION CARE HEALTH INC,Health Care,,mid,20.93,0.5117,1.053,0.7056,0.5689,STRONG_UP,-25.75,-33.37,-26.82,-46.65,44.0,61.31,0.7533,LOW,EARLY,21.549,25.6428,29.2281,0,-23.945,WEAK,9.4613
1188,-15,BUR,BURFORD CAPITAL LTD,Financials,,small,4.53,0.2667,1.0269,0.8888,0.4464,STRONG_UP,-46.83,-65.26,-67.08,-72.84,47.6,117.55,0.6859,LOW,-,4.8225,5.3286,9.1705,0,-26.4263,WEAK,9.4479
1189,-30,TNC,TENNANT,Industrials,,small,83.87,0.9015,1.0194,0.9851,1.2296,FLAT,22.25,17.41,-15.5,-27.71,53.6,55.92,0.4257,LOW,-,83.131,76.368,76.5594,1,16.6848,TREND_ONLY,9.4361
1190,-25,TOWN,TOWNEBANK,Financials,,mid,34.63,0.825,1.0022,0.9608,0.9494,STRONG_UP,11.03,7.44,39.55,-14.28,48.8,19.88,0.8936,LOW,-,34.5667,33.9529,33.6584,1,18.2652,TREND_ONLY,9.4093
1191,0,MTH,MERITAGE CORP,Consumer Discretionary,,mid,64.23,0.7882,1.0395,0.8904,0.7678,STRONG_UP,-0.86,2.65,-22.2,-27.68,47.6,37.99,0.5514,LOW,SHIFT,64.206,64.096,69.5915,0,3.317,WEAK,9.4086
1192,-98,EXR,Extra Space Storage,Real Estate,Self-Storage REITs,large,143.3,0.7903,1.0193,0.9656,0.8903,STRONG_UP,13.91,2.92,9.56,-16.7,51.6,24.31,0.4453,LOW,-,141.7945,138.8326,137.3191,1,6.1993,TREND_ONLY,9.4028
1193,-13,MFA,MFA FINANCIAL INC,Financials,,small,9.45,0.905,0.9927,0.8862,0.9097,FLAT,14.06,17.86,18.61,-10.87,50.4,26.95,0.5469,LOW,-,9.7685,9.7495,9.1561,1,33.4063,TREND_ONLY,9.3876
1194,6,KBH,KB HOME,Consumer Discretionary,,mid,48.6,0.7411,1.0549,0.8462,0.6924,STRONG_UP,-15.25,-3.48,-27.45,-32.85,48.0,37.19,0.514,LOW,EARLY,48.8581,50.9639,58.5515,0,-4.4895,WEAK,9.3809
1195,16,KDP,Keurig Dr Pepper,Consumer Staples,Soft Drinks & Non-alcoholic Beverages,large,29.12,0.702,0.9802,0.9542,0.8703,STRONG_UP,8.86,-8.58,-9.05,-27.48,50.4,28.09,0.5357,LOW,-,28.9075,27.4481,27.7864,1,-15.3867,TREND_ONLY,9.3459
1196,-26,MDLZ,Mondelez International,Consumer Staples,Packaged Foods & Meats,large,61.76,0.7409,0.9926,1.0265,0.9368,FLAT,12.77,-3.51,-4.71,-25.93,49.2,23.52,0.7738,LOW,-,61.0675,58.7301,58.1613,1,-7.348,TREND_ONLY,9.3423
1197,-11,CHD,Church & Dwight,Consumer Staples,Household Products,large,96.25,0.7804,0.9852,0.973,0.8448,STRONG_UP,16.23,1.64,-7.32,-17.63,51.6,21.6,0.366,LOW,-,94.7355,94.5564,91.0604,1,3.9112,TREND_ONLY,9.3211
1198,0,NOG,NORTHERN OIL AND GAS INC,Energy,,mid,23.75,0.7241,0.9506,0.8514,0.8152,STRONG_UP,15.47,-5.7,-32.5,-34.26,51.2,41.41,0.5663,LOW,EARLY,25.064,26.5436,24.069,0,-7.0526,WEAK,9.321
1199,32,AZTA,AZENTA INC,Health Care,,small,20.18,0.5739,1.231,0.7457,0.6583,STRONG_UP,-32.73,-25.26,-59.86,-60.94,49.6,76.9,0.9,LOW,-,20.231,21.6984,29.3268,0,-16.2921,WEAK,9.2921
1200,-7,HIG,Hartford (The),Financials,Property & Casualty Insurance,large,136.02,0.8237,0.9867,0.9687,0.8936,STRONG_UP,1.81,7.27,39.79,-9.16,52.0,18.44,0.4667,LOW,-,134.862,135.6662,133.3929,1,20.5131,TREND_ONLY,9.2841
1201,5,LEG,LEGGETT & PLATT INC,Consumer Discretionary,,small,9.99,0.8982,1.0607,0.8435,0.7991,STRONG_UP,13.29,16.97,-3.02,-28.51,45.6,50.38,0.5879,LOW,-,10.186,10.3356,10.2861,0,15.3626,WEAK,9.2686
1202,-73,KR,Kroger,Consumer Staples,Food Retail,large,67.25,0.7686,0.9751,0.9628,0.8909,STRONG_UP,3.1,0.09,31.55,-19.44,46.4,29.25,0.8596,LOW,-,66.6906,68.9991,66.4673,1,0.1452,TREND_ONLY,9.2425
1203,137,UDR,"UDR, Inc.",Real Estate,Multi-Family Residential REITs,large,38.01,0.7749,1.0052,1.0467,0.9425,FLAT,12.29,0.91,6.93,-18.18,50.0,19.67,1.062,MED,-,36.9185,35.4088,35.7794,1,2.3155,TREND_ONLY,9.2387
1204,-6,JBLU,JETBLUE AIRWAYS CORP,Industrials,,small,5.05,0.7865,1.0923,0.9175,0.8102,STRONG_UP,23.77,2.43,-9.82,-37.62,44.8,76.94,0.8523,LOW,-,4.8405,4.783,4.8897,1,1.4173,TREND_ONLY,9.2387
1205,-4,GPC,Genuine Parts Company,Consumer Discretionary,Distributors,large,97.87,0.6152,1.0406,0.8618,0.7642,STRONG_UP,-20.38,-19.89,-28.43,-37.48,46.4,30.09,0.5099,LOW,EARLY,100.8965,104.2072,123.3688,0,-30.6673,WEAK,9.2187
1206,67,RVLV,REVOLVE GROUP CLASS A INC,Consumer Discretionary,,small,19.23,0.7631,1.0325,0.6863,0.6826,STRONG_UP,-12.51,-0.62,-0.88,-44.32,47.6,61.84,0.7532,LOW,-,21.139,22.8982,24.2289,0,-0.4774,WEAK,9.2178
1207,-17,QDEL,QUIDELORTHO CORP,Health Care,,small,11.86,0.3062,1.0838,0.9798,0.4972,STRONG_UP,-44.35,-60.12,-71.66,-71.85,46.0,101.86,0.5425,LOW,-,11.4785,13.7408,23.7568,0,-27.1507,WEAK,9.1434
1208,26,BMI,BADGER METER INC,Information Technology,,mid,125.84,0.3997,1.0479,0.989,0.7325,STRONG_UP,-24.8,-47.94,-36.12,-55.06,47.6,59.47,0.8997,LOW,PROGRESS,119.4945,135.419,163.7847,0,-38.373,WEAK,9.1149
1209,-15,STC,STEWART INFO SERVICES CORP,Financials,,small,67.69,0.8822,0.9752,0.9043,0.9296,FLAT,-3.49,14.88,13.23,-24.48,48.4,30.95,0.3803,LOW,-,68.6445,65.5319,68.8483,0,23.2767,WEAK,9.0854
1210,-38,GENI,GENIUS SPORTS LTD,Consumer Discretionary,,small,5.35,0.4067,1.0231,1.146,0.8422,FLAT,-38.51,-47.03,4.7,-71.07,45.6,79.11,1.3854,MED,-,4.5515,4.5526,8.9217,0,-27.1085,WEAK,9.0602
1211,-4,TRMB,Trimble Inc.,Information Technology,Electronic Equipment & Instruments,large,56.34,0.6132,1.0144,0.801,0.7761,STRONG_UP,-24.7,-20.14,-0.93,-35.99,53.6,31.79,1.077,MED,EARLY,60.8495,64.097,73.9359,0,-33.9603,WEAK,9.0594
1212,12,WAY,WAYSTAR HOLDING CORP,Health Care,,mid,19.57,0.3891,1.0451,0.7371,0.7131,STRONG_UP,-43.75,-49.33,-5.46,-56.44,47.6,57.55,0.8303,LOW,EARLY,20.641,22.743,30.655,0,-40.7985,WEAK,9.0459
1213,4,SLG,SL GREEN REALTY REIT CORP,Real Estate,,mid,43.27,0.6295,0.9985,0.9827,1.1041,FLAT,3.05,-18.02,-4.81,-45.4,48.4,43.62,0.5362,LOW,SHIFT,43.1615,40.4794,46.3926,0,-19.9951,WEAK,9.0296
1214,7,TYL,Tyler Technologies,Information Technology,Application Software,large,313.25,0.425,0.9673,0.8769,0.8894,FLAT,-32.78,-44.66,-36.22,-53.08,46.4,35.97,0.453,LOW,EARLY,322.8165,332.2184,431.9104,0,-57.6065,WEAK,8.9965
1215,11,PRAA,PRA GROUP INC,Financials,,small,14.64,0.8248,0.976,0.6628,1.2439,FLAT,-3.94,7.41,-32.57,-42.34,50.4,77.0,0.7613,LOW,-,18.3015,18.5834,16.2769,0,4.8503,WEAK,8.9745
1216,3,ASGN,ASGN INC,Information Technology,,small,19.12,0.2742,1.0546,0.9374,0.4293,STRONG_UP,-52.72,-64.3,-79.94,-68.82,46.18,118.76,0.9615,LOW,-,19.8045,30.358,43.3011,0,-25.0012,WEAK,8.9715
1217,-5,ACGL,Arch Capital Group,Financials,Property & Casualty Insurance,large,96.3,0.8031,0.9951,0.9586,0.8926,STRONG_UP,4.81,4.59,-0.64,-12.0,54.0,19.06,0.9058,LOW,-,94.7825,95.3294,93.4169,1,13.0165,TREND_ONLY,8.9655
1218,10,MOH,Molina Healthcare,Health Care,Managed Health Care,mid,184.14,0.4632,0.9867,1.0021,1.1414,STRONG_DOWN,36.9,-39.67,-46.0,-60.15,52.0,48.72,0.2258,LOW,-,188.4425,162.7726,166.0802,1,-42.3426,TREND_ONLY,8.944
1219,49,AZO,AutoZone,Consumer Discretionary,Automotive Retail,large,3406.5,0.6836,1.0026,0.9116,0.8275,STRONG_UP,-11.52,-10.98,22.64,-25.48,49.2,30.66,2.5234,HIGH,EARLY,3472.2585,3462.2392,3740.0181,0,-17.6118,WEAK,8.9295
1220,46,RXRX,RECURSION PHARMACEUTICALS INC CLAS,Health Care,,small,3.01,0.5665,1.0318,0.8211,0.7839,STRONG_UP,-21.82,-26.23,-66.67,-58.17,41.6,54.08,1.0163,MED,-,3.21,3.2902,4.316,0,-20.1735,WEAK,8.9104
1221,2,MLM,Martin Marietta Materials,Materials,Construction Materials,large,536.48,0.7373,0.9562,0.8348,0.7086,STRONG_UP,-9.91,-3.98,-5.41,-24.69,51.6,27.3,0.8843,LOW,EARLY,583.43,592.8566,619.9742,0,-7.5243,WEAK,8.8841
1222,43,KNF,KNIFE RIVER CORP,Materials,,mid,72.2,0.5768,0.9599,0.7754,0.7463,STRONG_UP,4.47,-24.88,2.89,-39.62,46.4,52.83,1.1561,MED,EARLY,83.429,83.524,78.1321,0,-21.8498,WEAK,8.8805
1223,-7,LGIH,LGI HOMES INC,Consumer Discretionary,,small,46.11,0.6875,1.1076,0.9705,0.8136,STRONG_UP,4.02,-10.47,-51.27,-49.25,41.6,62.79,0.5261,LOW,-,45.5375,42.27,49.4377,0,-6.934,WEAK,8.8536
1224,-19,NVCR,NOVOCURE LTD,Health Care,,small,17.96,0.7438,1.019,1.379,1.4064,STRONG_DOWN,56.72,-3.13,-19.5,-48.3,46.0,97.16,0.4781,LOW,-,16.5302,13.5895,12.8817,1,-1.4811,TREND_ONLY,8.8301
1225,-59,BXP,"BXP, Inc.",Real Estate,Office REITs,mid,60.29,0.7514,0.9967,0.9999,0.9443,FLAT,-10.08,-2.15,11.91,-33.56,52.4,28.51,0.3122,LOW,SHIFT,59.059,55.791,64.0952,0,-3.9501,WEAK,8.814
1226,-29,MMM,3M,Industrials,Industrial Conglomerates,large,152.44,0.8036,0.99,0.9998,0.8419,FLAT,-6.98,4.66,58.47,-18.77,50.8,27.04,0.816,LOW,SHIFT,146.1675,146.9018,156.894,0,8.7464,WEAK,8.8055
1227,56,ALH,ALLIANCE LAUNDRY HOLDINGS INC,Industrials,,mid,24.77,0.7663,1.0271,0.9853,0.9853,UP,8.26,-0.2,-0.2,-29.22,52.9,44.34,0.2797,LOW,-,24.8965,23.2666,,0,-0.2403,WEAK,8.7715
1228,-24,OFG,OFG BANCORP,Financials,,small,45.05,0.8518,0.9991,0.9474,1.0117,FLAT,15.62,10.94,29.26,-17.74,49.2,23.1,0.5163,LOW,-,45.153,42.9157,41.6136,1,23.2902,TREND_ONLY,8.7676
1229,-54,SIGI,SELECTIVE INSURANCE GROUP INC,Financials,,mid,90.7,0.8237,1.0029,1.0582,1.0142,FLAT,19.06,7.27,-2.31,-18.18,54.8,29.49,0.9108,LOW,-,85.4851,80.7975,80.1406,1,13.5106,TREND_ONLY,8.7599
1230,30,FA,FIRST ADVANTAGE CORP,Industrials,,small,15.42,0.7014,0.999,1.1849,1.5629,STRONG_DOWN,20.94,-8.65,-6.72,-51.86,48.4,76.78,,LOW,-,14.354,12.6529,13.7301,1,-5.4523,TREND_ONLY,8.7578
1231,-17,STZ,Constellation Brands,Consumer Staples,Distillers & Vintners,large,149.5,0.6394,1.0035,0.9237,0.8643,STRONG_UP,16.12,-16.74,-36.1,-30.4,45.2,31.17,0.5574,LOW,-,148.5441,152.106,146.2985,1,-24.2681,TREND_ONLY,8.7223
1232,-29,IRTC,IRHYTHM HOLDINGS INC,Health Care,,mid,116.56,0.6272,1.0408,0.9122,0.7816,STRONG_UP,-31.31,-18.31,32.39,-41.38,48.4,42.37,0.8308,LOW,EARLY,118.8405,119.0916,155.4131,0,-20.9186,WEAK,8.6769
1233,45,XYL,Xylem Inc.,Industrials,Industrial Machinery & Supplies & Components,large,110.28,0.691,1.0087,0.8694,0.7912,STRONG_UP,-19.61,-10.01,-21.46,-30.04,50.8,26.46,0.4764,LOW,EARLY,113.0745,118.6528,134.3661,0,-19.222,WEAK,8.6756
1234,10,DIS,Walt Disney Company (The),Communication Services,Movies & Entertainment,large,103.0,0.7288,0.982,0.9612,0.8929,STRONG_UP,0.97,-5.09,4.39,-24.97,45.2,25.82,0.3941,LOW,-,103.963,101.3166,108.1507,0,-8.9043,WEAK,8.6749
1235,-13,CVLT,COMMVAULT SYSTEMS INC,Information Technology,,mid,107.25,0.4721,1.0029,1.0934,1.1142,STRONG_DOWN,-8.87,-38.51,-3.06,-61.53,52.0,48.92,,LOW,SHIFT,101.9,91.2362,126.6627,0,-40.9389,WEAK,8.6734
1236,-111,URBN,URBAN OUTFITTERS INC,Consumer Discretionary,,mid,73.01,0.7756,1.039,0.9493,1.0344,FLAT,19.38,1.01,81.08,-26.32,46.4,38.02,0.7465,LOW,-,69.9215,68.005,70.3801,1,1.2326,TREND_ONLY,8.6495
1237,64,PDD,PDD Holdings,Technology,EDP Services,large,94.52,0.6087,0.9859,0.9232,0.813,STRONG_UP,-16.3,-20.73,-38.48,-31.57,50.0,33.5,1.7748,HIGH,EARLY,97.924,99.6332,113.7684,0,-30.9422,WEAK,8.6423
1238,19,MCO,Moody's Corporation,Financials,Financial Exchanges & Data,large,449.12,0.7404,1.0034,0.9452,0.9165,STRONG_UP,-4.73,-3.57,12.09,-23.61,51.6,27.35,0.3202,LOW,SHIFT,447.9632,443.2374,476.5838,0,-6.7381,WEAK,8.6383
1239,-24,ZBH,Zimmer Biomet,Health Care,Health Care Equipment,large,85.5,0.7161,0.9948,0.8971,0.7892,STRONG_UP,-3.49,-6.74,-24.76,-25.54,52.0,33.11,0.634,LOW,PROGRESS,83.7215,88.3972,93.7235,0,-10.5889,WEAK,8.6321
1240,5,CRM,Salesforce,Information Technology,Application Software,large,180.07,0.51,0.9939,0.9678,0.895,STRONG_UP,-19.77,-33.58,-34.5,-40.04,50.0,43.07,0.7393,LOW,PROGRESS,178.8,181.7775,221.6533,0,-38.9827,WEAK,8.6266
1241,-32,NNI,NELNET INC CLASS A,Financials,,mid,128.95,0.8738,0.9952,0.8749,0.9236,FLAT,3.9,13.8,23.95,-15.27,52.0,32.47,0.8163,LOW,EARLY,133.057,132.5186,130.4007,0,22.1022,WEAK,8.619
1242,-60,SERV,SERVE ROBOTICS INC,Consumer Discretionary,,small,8.7,0.5891,1.0472,0.9035,0.8271,STRONG_UP,0.23,-23.28,267.09,-56.28,45.2,68.65,0.9657,LOW,-,8.9255,8.9624,10.8917,0,-15.3281,WEAK,8.5943
1243,21,WOR,WORTHINGTON ENTERPRISES INC,Industrials,,mid,55.14,0.7449,1.0058,0.9566,0.9034,STRONG_UP,5.78,-2.99,0.85,-29.83,50.4,33.45,0.4269,LOW,SHIFT,54.612,53.1044,55.7326,0,-4.5054,WEAK,8.586
1244,87,CHCO,CITY HOLDING,Financials,,small,124.635,0.8324,1.0031,0.9559,0.9512,STRONG_UP,6.32,8.4,29.71,-11.76,47.2,17.0,0.6796,LOW,-,123.0053,122.3207,121.4987,1,23.3299,TREND_ONLY,8.5712
1245,1,SKYW,SKYWEST INC,Industrials,,mid,84.82,0.6651,1.0273,0.9434,0.7304,STRONG_UP,-8.33,-13.38,15.24,-36.63,46.0,42.7,0.6629,LOW,PROGRESS,83.7475,89.086,99.7519,0,-14.4122,WEAK,8.5617
1246,12,IIPR,INNOVATIVE INDUSTRIAL PROPERTIES I,Real Estate,,small,57.06,0.9131,1.0356,0.9772,1.0665,FLAT,38.24,18.91,-33.05,-21.29,48.4,49.89,0.5128,LOW,-,55.6605,52.9272,49.4139,1,18.3462,TREND_ONLY,8.5382
1247,40,ADSK,Autodesk,Information Technology,Application Software,large,240.99,0.6265,0.9805,0.9718,1.0029,FLAT,-16.02,-18.41,12.01,-33.15,51.6,36.73,1.071,MED,SHIFT,240.38,239.8692,275.9809,0,-25.8566,WEAK,8.5311
1248,2,VMC,Vulcan Materials Company,Materials,Construction Materials,large,260.65,0.7502,0.9695,0.8545,0.7552,STRONG_UP,-8.68,-2.3,2.65,-22.05,54.8,28.06,0.6574,LOW,EARLY,280.8395,279.5564,291.4802,0,-4.4899,WEAK,8.5147
1249,164,CSW,CSW INDUSTRIALS INC,Industrials,,mid,278.0,0.7123,1.0584,0.8987,0.8432,STRONG_UP,15.13,-7.24,9.44,-26.01,53.6,42.03,1.0672,MED,-,273.676,273.9779,274.3735,1,-9.2319,TREND_ONLY,8.4637
1250,4,TDOC,TELADOC HEALTH INC,Health Care,,small,6.57,0.7408,1.0249,1.094,1.3304,STRONG_DOWN,-2.81,-3.52,-42.62,-52.75,44.8,54.45,0.3411,LOW,-,6.5325,5.8964,6.7971,0,-2.8996,WEAK,8.4636
1251,-11,FIS,Fidelity National Information Services,Financials,Transaction & Payment Processing Services,large,43.56,0.4386,0.995,0.9121,0.8395,STRONG_UP,-29.14,-42.88,-40.33,-48.19,46.4,35.64,0.4901,LOW,EARLY,44.5055,46.362,58.283,0,-55.8233,WEAK,8.4634
1252,3,AHCO,ADAPTHEALTH CORP,Health Care,,small,10.45,0.9139,0.9657,0.7817,1.0849,FLAT,14.71,19.02,8.63,-22.65,48.8,56.33,0.4398,LOW,-,11.6145,11.6753,10.1434,1,16.4779,TREND_ONLY,8.4507
1253,88,SCSC,SCANSOURCE INC,Information Technology,,small,44.09,0.8621,1.0164,1.0442,1.12,STRONG_DOWN,16.89,12.27,-11.14,-24.52,51.6,32.38,0.6493,LOW,-,42.3565,39.3694,40.692,1,19.5596,TREND_ONLY,8.4429
1254,-3,TMHC,TAYLOR MORRISON HOME CORP,Consumer Discretionary,,mid,57.99,0.7891,1.0269,0.878,0.797,STRONG_UP,0.21,2.76,1.9,-23.8,46.4,33.82,0.4694,LOW,EARLY,58.7945,59.2024,62.4808,0,3.7928,WEAK,8.4363
1255,-76,SCHW,Charles Schwab Corporation,Financials,Investment Banking & Brokerage,large,90.15,0.8021,0.9666,0.9788,0.8932,FLAT,0.32,4.45,27.97,-17.51,54.8,27.28,0.5176,LOW,EARLY,90.5751,92.3927,94.7732,0,8.9489,WEAK,8.4236
1256,30,CXW,CORECIVIC REIT INC,Industrials,,mid,21.5,0.7467,1.0132,1.0037,1.2001,FLAT,28.67,-2.76,39.97,-28.41,48.4,41.88,0.5764,LOW,-,20.67,20.2162,19.3198,1,-3.1885,TREND_ONLY,8.4224
1257,0,CI,Cigna,Health Care,Health Care Services,large,286.24,0.7103,0.9891,0.9943,0.9416,FLAT,7.36,-7.5,-11.99,-26.54,49.6,26.96,0.5937,LOW,-,287.0095,277.2076,280.2381,1,-13.7948,TREND_ONLY,8.3907
1258,-19,AMT,American Tower,Real Estate,Telecom Tower REITs,large,183.85,0.6909,1.0273,0.9878,0.8975,STRONG_UP,4.67,-10.02,5.54,-26.67,52.0,27.23,0.6561,LOW,-,178.7445,176.8767,181.2877,1,-19.1315,TREND_ONLY,8.3895
1259,-41,PAX,PATRIA INVESTMENTS LTD CLASS A,Financials,,mid,11.02,0.6886,0.9791,0.8178,0.7716,STRONG_UP,-21.63,-10.32,-4.55,-36.28,51.2,34.76,0.5774,LOW,EARLY,11.8306,11.9722,13.6778,0,-15.197,WEAK,8.3838
1260,2,MGNI,MAGNITE INC,Communication,,small,13.2,0.6599,0.9766,0.9737,1.0372,FLAT,0.53,-14.06,19.24,-57.77,52.4,53.15,0.5852,LOW,-,13.2865,12.7648,16.3181,0,-13.8641,WEAK,8.324
1261,-51,PNR,Pentair,Industrials,Industrial Machinery & Supplies & Components,large,74.82,0.5996,1.0097,0.7808,0.6703,STRONG_UP,-25.86,-21.91,-7.43,-35.56,48.4,33.13,0.435,LOW,EARLY,77.3755,83.9223,99.4781,0,-32.0082,WEAK,8.2968
1262,12,AVNT,AVIENT CORP,Materials,,mid,34.31,0.7581,1.0131,0.8746,0.7517,STRONG_UP,26.97,-1.27,-18.29,-26.89,48.8,37.01,0.6719,LOW,EARLY,35.5305,35.7762,34.3239,0,-1.6767,WEAK,8.2931
1263,-11,CME,CME Group,Financials,Financial Exchanges & Data,large,291.23,0.8173,0.9455,0.9782,0.8593,FLAT,8.85,6.44,49.18,-11.79,55.2,24.4,0.5572,LOW,-,290.24,295.6494,277.2435,1,14.5801,TREND_ONLY,8.2888
1264,26,AIN,ALBANY INTERNATIONAL CORP CLASS A,Industrials,,small,62.13,0.7444,1.0062,1.0754,1.0474,FLAT,41.73,-3.06,-27.55,-42.65,52.4,38.5,0.3662,LOW,-,60.0725,56.5685,55.4797,1,-4.1657,TREND_ONLY,8.2878
1265,56,KFY,KORN FERRY,Industrials,,mid,68.03,0.7968,1.0261,0.9899,1.0595,FLAT,10.43,3.77,8.96,-21.05,48.0,25.87,0.489,LOW,-,66.1935,64.4157,66.3889,1,6.9881,TREND_ONLY,8.2869
1266,9,BOX,BOX INC CLASS A,Information Technology,,mid,25.9,0.6397,0.9956,1.021,1.0434,STRONG_DOWN,-10.63,-16.69,0.08,-44.57,47.2,44.14,0.7971,LOW,SHIFT,24.901,24.2014,28.3105,0,-17.8507,WEAK,8.2855
1267,-42,USLM,UNITED STATES LIME AND MINERALS IN,Materials,,mid,106.04,0.7946,1.007,0.7722,0.8729,FLAT,-9.0,3.49,51.27,-26.55,52.4,52.27,0.7866,LOW,EARLY,110.31,121.917,122.078,0,3.4966,WEAK,8.282
1268,-39,ORLY,O’Reilly Automotive,Consumer Discretionary,Automotive Retail,large,91.74,0.7688,0.9906,0.9432,0.8941,STRONG_UP,-7.34,0.13,41.01,-19.03,52.0,28.03,0.7583,LOW,EARLY,92.681,92.091,96.8477,0,0.2335,WEAK,8.2613
1269,65,LADR,LADDER CAPITAL CORP CLASS A,Financials,,small,10.13,0.8231,1.0045,0.938,0.9258,STRONG_UP,1.32,7.2,8.36,-14.68,50.0,19.14,1.1679,MED,-,10.1545,10.0198,10.3628,0,18.8063,WEAK,8.2261
1270,2,HD,Home Depot (The),Consumer Discretionary,Home Improvement Retail,large,313.07,0.6795,1.0344,0.8924,0.7536,STRONG_UP,-4.57,-11.5,0.63,-28.81,46.8,28.29,0.6821,LOW,EARLY,314.689,326.4596,362.9144,0,-19.0312,WEAK,8.2258
1271,23,SKY,CHAMPION HOMES INC,Consumer Discretionary,,mid,71.0,0.647,1.0715,0.829,0.6853,STRONG_UP,-9.98,-15.74,-0.36,-33.07,45.6,46.01,1.0544,MED,EARLY,71.938,74.9754,79.444,0,-15.5968,WEAK,8.1947
1272,-52,CL,Colgate-Palmolive,Consumer Staples,Household Products,large,90.61,0.7704,0.9982,1.0249,0.8543,FLAT,16.32,0.34,1.25,-18.64,49.2,22.72,0.443,LOW,-,87.604,85.8384,83.1662,1,0.7255,TREND_ONLY,8.185
1273,72,APAM,ARTISAN PARTNERS ASSET MANAGEMENT,Financials,,mid,37.78,0.7878,1.0203,0.9777,0.8853,STRONG_UP,-1.04,2.6,1.3,-21.92,49.6,25.71,0.6718,LOW,SHIFT,36.6994,36.2126,39.5695,0,5.0155,WEAK,8.1769
1274,2,HSIC,Henry Schein,Health Care,Health Care Distributors,mid,74.21,0.7953,1.0113,0.9164,0.8185,STRONG_UP,4.26,3.57,3.76,-17.23,50.0,25.52,0.6928,LOW,-,72.773,74.2846,72.7625,1,7.0002,TREND_ONLY,8.175
1275,6,SJM,J.M. Smucker Company (The),Consumer Staples,Packaged Foods & Meats,large,103.36,0.734,0.9879,1.0416,0.8786,FLAT,1.74,-4.4,1.4,-22.82,49.2,28.49,0.3281,LOW,-,98.6398,96.5973,101.6379,1,-7.6053,TREND_ONLY,8.1732
1276,1,WY,Weyerhaeuser,Real Estate,Timber REITs,large,23.66,0.7452,1.0248,0.9051,0.8815,STRONG_UP,12.74,-2.95,-16.49,-21.96,48.0,24.05,0.5092,LOW,EARLY,23.664,23.9924,24.1005,0,-5.8832,WEAK,8.168
1277,7,MMI,MARCUS & MILLICHAP INC,Real Estate,,small,28.83,0.8013,0.9818,0.9768,1.0269,FLAT,1.71,4.36,-10.85,-24.06,49.2,23.32,1.1069,MED,-,28.782,27.4448,28.1779,1,9.1962,TREND_ONLY,8.1607
1278,-37,WKC,WORLD KINECT CORP,Energy,,small,29.5,0.8555,1.0032,1.0818,1.0872,STRONG_DOWN,30.16,11.41,26.44,-22.53,52.8,30.25,0.9127,LOW,-,27.6805,25.0314,25.069,1,19.9127,TREND_ONLY,8.156
1279,69,SAFE,SAFEHOLD INC,Real Estate,,small,14.66,0.8151,1.0071,0.8778,0.8588,STRONG_UP,17.92,6.16,-17.37,-22.9,51.2,32.48,0.4854,LOW,-,14.985,14.6896,14.5495,1,9.7036,TREND_ONLY,8.1516
1280,-78,ADBE,Adobe Inc.,Information Technology,Application Software,large,244.76,0.461,0.9485,0.9548,0.8818,FLAT,-21.65,-39.96,-49.36,-45.95,48.4,40.07,0.6861,LOW,EARLY,247.6355,244.8916,305.7892,0,-48.2722,WEAK,8.1447
1281,-34,PWP,PERELLA WEINBERG PARTNERS CLASS A,Financials,,small,18.68,0.8266,1.0298,0.8489,0.8907,FLAT,10.76,7.65,24.08,-33.93,49.6,45.68,0.559,LOW,-,19.2525,19.0656,19.7173,0,8.3029,WEAK,8.0758
1282,20,BANR,BANNER CORP,Financials,,mid,64.65,0.829,0.9999,0.9412,0.9956,FLAT,8.53,7.96,51.5,-14.3,48.0,24.74,0.527,LOW,-,64.9125,62.8164,62.6176,1,15.4472,TREND_ONLY,8.0022
1283,-46,TNDM,TANDEM DIABETES CARE INC,Health Care,,small,14.965,0.5546,1.0957,0.7038,0.5114,STRONG_UP,-23.26,-27.78,-69.88,-54.92,46.0,73.86,0.8699,LOW,-,16.526,19.3381,18.0202,0,-17.2983,WEAK,7.9859
1284,-17,WTW,Willis Towers Watson,Financials,Insurance Brokers,large,257.4,0.6472,0.9927,0.8566,0.8151,STRONG_UP,-17.76,-15.72,4.38,-30.39,50.8,33.75,0.6508,LOW,EARLY,259.462,277.5577,310.8755,0,-23.6552,WEAK,7.9831
1285,3,MLKN,MILLERKNOLL INC,Industrials,,small,15.45,0.7586,1.0433,0.8405,0.6764,STRONG_UP,11.18,-1.2,-37.35,-37.8,48.4,61.37,0.5434,LOW,-,15.6055,16.1976,17.7923,0,-0.9499,WEAK,7.9643
1286,32,ARLO,ARLO TECHNOLOGIES INC,Information Technology,,small,13.16,0.7598,1.0067,0.863,1.042,FLAT,2.02,-1.05,8.67,-42.23,51.2,72.21,0.4938,LOW,-,13.6985,14.0006,15.0003,0,-0.7464,WEAK,7.9241
1287,-26,FRSH,FRESHWORKS INC CLASS A,Information Technology,,mid,9.08,0.4835,0.9939,1.0277,1.1658,STRONG_DOWN,-22.06,-37.03,-31.68,-56.87,46.4,45.35,0.9629,LOW,SHIFT,8.746,8.3965,10.6346,0,-37.8893,WEAK,7.9191
1288,-3,AMCR,Amcor,Materials,Paper & Plastic Packaging Products & Materials,large,38.38,0.6665,1.0141,0.9435,0.7124,STRONG_UP,-6.98,-13.21,-17.24,-26.51,48.4,39.5,0.3961,LOW,EARLY,38.4145,39.469,41.7208,0,-16.1816,WEAK,7.919
1289,-47,ACAD,ACADIA PHARMACEUTICALS INC,Health Care,,mid,21.1,0.7371,1.0103,0.92,0.7888,STRONG_UP,-7.86,-4.0,35.78,-27.58,46.8,39.81,0.6525,LOW,EARLY,21.814,21.7026,23.64,0,-4.7066,WEAK,7.9062
1290,0,TGLS,TECNOGLASS INC,Industrials,,mid,41.16,0.3777,1.033,0.8738,0.76,STRONG_UP,-10.03,-50.81,-24.84,-56.77,44.8,47.86,0.5646,LOW,PROGRESS,41.123,42.676,53.605,0,-47.5617,WEAK,7.8871
1291,5,MMS,MAXIMUS INC,Industrials,,mid,61.17,0.6601,1.0159,0.8996,0.7717,STRONG_UP,-24.71,-14.04,-26.6,-39.65,45.6,28.25,,LOW,EARLY,62.518,65.0763,79.7461,0,-22.6576,WEAK,7.887
1292,7,RWT,REDWOOD TRUST REIT INC,Financials,,small,5.28,0.8478,0.9963,0.8854,0.8392,STRONG_UP,12.5,10.41,7.34,-19.91,47.2,30.58,0.4716,LOW,-,5.448,5.5905,5.4504,0,16.0701,WEAK,7.8387
1293,-57,EYE,NATIONAL VISION HOLDINGS INC,Consumer Discretionary,,small,17.13,0.6978,0.9798,0.6889,0.6008,STRONG_UP,-30.34,-9.12,14.2,-42.84,48.8,67.15,0.7695,LOW,-,20.5405,23.7024,25.7178,0,-6.6312,WEAK,7.8239
1294,-15,ERIE,Erie Indemnity,Financials,Insurance Brokers,large,224.23,0.5032,1.0028,0.919,0.8067,STRONG_UP,-22.64,-34.46,-39.55,-42.22,49.6,35.76,0.7652,LOW,PROGRESS,219.159,235.5605,282.7136,0,-47.8016,WEAK,7.8172
1295,0,HLMN,HILLMAN SOLUTIONS CORP,Industrials,,small,7.36,0.7795,1.0155,0.7999,0.7914,STRONG_UP,-8.68,1.52,-19.74,-34.45,42.4,36.82,0.6022,LOW,-,7.6865,8.1063,8.9858,0,1.7472,WEAK,7.8026
1296,4,ECL,Ecolab,Materials,Specialty Chemicals,large,253.32,0.7527,1.007,0.9,0.7577,STRONG_UP,-2.69,-1.97,10.87,-20.09,52.0,23.27,0.8014,LOW,EARLY,254.7495,262.8043,270.8951,0,-4.4081,WEAK,7.7998
1297,-49,CPK,CHESAPEAKE UTILITIES CORP,Utilities,,mid,126.52,0.8148,0.9882,0.9491,0.8658,STRONG_UP,-6.59,6.11,22.65,-12.54,52.4,19.21,0.6601,LOW,PROGRESS,126.5005,127.1067,128.0646,0,16.6758,WEAK,7.7811
1298,-1,SCL,STEPAN,Materials,,small,52.07,0.7578,1.0358,0.9577,0.9187,STRONG_UP,24.12,-1.31,-36.35,-32.78,54.4,31.21,0.5186,LOW,-,51.0065,50.2028,49.3057,1,-2.2765,TREND_ONLY,7.7755
1299,13,CDRE,CADRE HOLDINGS INC,Industrials,,small,30.31,0.7198,1.0258,0.9884,0.6633,STRONG_UP,-22.83,-6.26,-4.17,-40.57,51.6,64.35,0.3148,LOW,-,29.7429,30.7585,37.0251,0,-5.0173,WEAK,7.7414
1300,-67,EQR,Equity Residential,Real Estate,Multi-Family Residential REITs,large,66.2,0.7856,1.0023,1.0181,0.9691,FLAT,14.51,2.31,9.86,-14.7,50.8,20.07,0.6056,LOW,-,65.4355,62.2328,61.4422,1,5.8358,TREND_ONLY,7.7079
1301,-66,NWSA,News Corp (Class A),Communication Services,Publishing,large,25.89,0.718,0.9763,0.9462,1.0311,FLAT,4.83,-6.5,1.56,-27.81,50.0,21.36,0.8504,LOW,-,26.284,25.4266,26.2925,0,-15.2123,WEAK,7.7
1302,13,LKFN,LAKELAND FINANCIAL CORP,Financials,,small,59.9,0.811,1.0254,0.9609,0.9574,STRONG_UP,7.07,5.62,6.27,-18.57,48.0,23.1,0.5635,LOW,-,60.1725,58.8507,59.4825,1,11.6681,TREND_ONLY,7.6951
1303,-71,AVB,AvalonBay Communities,Real Estate,Multi-Family Residential REITs,large,185.65,0.7479,0.9928,1.0312,0.9718,FLAT,7.04,-2.59,2.67,-20.87,52.4,20.73,0.9048,LOW,-,184.227,173.9312,177.9432,1,-6.559,TREND_ONLY,7.6948
1304,13,MGRC,MCGRATH RENT,Industrials,,mid,110.08,0.7582,0.9671,0.91,0.8878,STRONG_UP,15.8,-1.25,3.32,-24.87,49.2,29.74,,LOW,EARLY,113.241,111.4385,111.7565,0,-2.0703,WEAK,7.6805
1305,0,RMD,ResMed,Health Care,Health Care Equipment,large,208.05,0.6643,1.0096,0.9088,0.7624,STRONG_UP,-14.25,-13.49,0.19,-32.01,50.4,23.7,0.7853,LOW,PROGRESS,207.5275,218.2688,249.3155,0,-28.6824,WEAK,7.6658
1306,-13,HNI,HNI CORP,Industrials,,mid,30.7,0.5304,1.0084,0.7797,0.5855,STRONG_UP,-21.37,-30.92,-27.37,-43.91,45.2,46.69,0.4038,LOW,EARLY,33.3845,34.7496,41.5461,0,-29.9366,WEAK,7.6626
1307,0,UBER,Uber,Industrials,Passenger Ground Transportation,large,71.82,0.6285,0.9476,0.9213,0.925,FLAT,-13.84,-18.15,12.92,-30.89,48.8,34.45,1.153,MED,EARLY,74.95,74.214,84.098,0,-25.7158,WEAK,7.6282
1308,-49,CCS,CENTURY COMMUNITIES INC,Consumer Discretionary,,small,51.95,0.7667,1.0473,0.8317,0.6888,STRONG_UP,-7.5,-0.15,-35.19,-35.02,48.4,41.35,0.6913,LOW,-,53.2865,56.4948,61.5894,0,-0.1813,WEAK,7.606
1309,50,CPT,Camden Property Trust,Real Estate,Multi-Family Residential REITs,large,107.47,0.7599,1.0177,1.0113,0.9184,STRONG_UP,5.76,-1.03,11.4,-16.05,52.8,19.89,0.8424,LOW,-,104.788,101.8699,103.6829,1,-2.7362,TREND_ONLY,7.557
1310,-7,BR,Broadridge Financial Solutions,Industrials,Data Processing & Outsourced Services,large,150.49,0.4961,0.9898,0.9292,0.7825,STRONG_UP,-33.09,-35.39,,-45.55,46.8,29.67,0.5662,LOW,EARLY,151.386,158.6929,206.0506,0,-55.8195,WEAK,7.5443
1311,-98,TDG,TransDigm Group,Industrials,Aerospace & Defense,large,1213.51,0.6957,1.0167,1.012,0.8622,STRONG_UP,-8.61,-9.4,2.9,-25.3,52.8,30.68,0.8807,LOW,SHIFT,1185.1235,1193.1062,1287.9977,0,-16.1757,WEAK,7.5377
1312,-21,EPAM,EPAM Systems,Information Technology,IT Consulting & Other Services,mid,102.69,0.4481,1.0128,0.8264,0.7328,STRONG_UP,-42.51,-41.64,-45.06,-59.49,51.2,39.4,0.6325,LOW,EARLY,103.844,120.6414,161.2252,0,-54.1067,WEAK,7.534
1313,90,NTGR,NETGEAR INC,Information Technology,,small,25.79,0.6876,1.0199,0.9635,1.1674,FLAT,6.09,-10.45,99.46,-44.82,47.6,49.07,,LOW,-,25.453,24.3112,25.6529,1,-10.1383,TREND_ONLY,7.5335
1314,61,CARG,CARGURUS INC CLASS A,Communication,,mid,28.24,0.6961,0.9761,0.7188,0.8958,FLAT,-16.72,-9.34,19.61,-30.92,50.8,42.43,1.0569,MED,EARLY,33.2402,34.2815,34.4766,0,-11.1847,WEAK,7.5097
1315,-5,MWA,MUELLER WATER PRODUCTS INC SERIES,Industrials,,mid,25.31,0.7994,0.9748,0.8626,0.7797,STRONG_UP,9.22,4.11,36.85,-17.46,49.6,27.22,0.8743,LOW,EARLY,26.425,27.4375,26.2695,0,7.4814,WEAK,7.422
1316,4,AGM,FEDERAL AGRICULTURAL MORTGAGE NON,Financials,,small,177.61,0.7752,1.007,0.9815,1.0426,FLAT,10.38,0.95,8.49,-31.94,51.6,29.22,0.4787,LOW,-,175.3435,163.0184,169.2055,1,1.6778,TREND_ONLY,7.419
1317,-8,NSP,INSPERITY INC,Industrials,,small,32.09,0.4042,1.0108,0.9376,1.3706,FLAT,3.43,-47.36,-65.94,-67.43,47.2,80.83,0.3324,LOW,-,31.6095,28.9048,36.9842,0,-27.6546,WEAK,7.4139
1318,-26,KHC,Kraft Heinz,Consumer Staples,Packaged Foods & Meats,large,23.79,0.7389,1.0093,1.0382,0.8974,FLAT,-1.63,-3.77,-25.79,-23.19,52.0,25.05,0.6804,LOW,SHIFT,23.056,22.5972,23.9817,0,-7.8235,WEAK,7.3946
1319,18,MOS,Mosaic Company (The),Materials,Fertilizers & Agricultural Chemicals,mid,22.51,0.5128,1.0521,0.9072,0.7399,STRONG_UP,-3.3,-33.22,-22.03,-42.01,45.6,52.83,0.7921,LOW,PROGRESS,22.3588,24.0739,27.0929,0,-28.6759,WEAK,7.3718
1320,7,FFIN,FIRST FINANCIAL BANKSHARES INC,Financials,,mid,32.24,0.7406,1.0059,0.9659,0.9258,STRONG_UP,7.63,-3.55,13.79,-23.37,48.4,26.54,,LOW,-,31.996,31.0704,32.0682,1,-6.4825,TREND_ONLY,7.3659
1321,-15,PHR,PHREESIA INC,Health Care,,small,8.92,0.2847,0.9732,0.8953,0.7033,STRONG_UP,-53.18,-62.93,-60.28,-75.24,48.0,74.38,0.8383,LOW,-,9.3425,9.651,17.4726,0,-40.6083,WEAK,7.3392
1322,32,ISRG,Intuitive Surgical,Health Care,Health Care Equipment,large,438.1,0.6235,0.9865,0.8699,0.8153,STRONG_UP,-20.67,-18.8,9.97,-29.15,48.0,31.52,1.006,MED,EARLY,445.3835,458.1972,495.973,0,-28.6313,WEAK,7.3385
1323,13,MKC,McCormick & Company,Consumer Staples,Packaged Foods & Meats,large,47.8,0.5312,1.014,0.8882,0.6334,STRONG_UP,-28.03,-30.82,-30.23,-39.5,48.8,33.36,0.5001,LOW,EARLY,48.1075,50.7221,62.112,0,-45.0811,WEAK,7.3337
1324,-53,TIC,TIC SOLUTIONS INC,Industrials,,small,8.52,0.6248,0.9378,0.9464,0.8306,FLAT,-5.02,-18.62,-29.0,-54.66,48.4,56.28,0.4502,LOW,-,9.1625,8.2186,10.181,0,-16.0169,WEAK,7.3243
1325,-36,T,AT&T,Communication Services,Integrated Telecommunication Services,large,25.26,0.7382,1.0243,0.9231,0.8277,STRONG_UP,1.19,-3.86,58.77,-20.59,50.0,24.32,0.5417,LOW,EARLY,25.3015,26.4713,26.0759,0,-7.9294,WEAK,7.3212
1326,-73,EFX,Equifax,Industrials,Research & Consulting Services,large,164.04,0.4838,0.9895,0.9107,0.7782,STRONG_UP,-20.22,-36.99,-29.9,-41.59,49.6,37.09,0.5119,LOW,EARLY,167.8605,176.3264,209.9476,0,-49.4671,WEAK,7.2816
1327,-45,WGO,WINNEBAGO INDUSTRIES INC,Consumer Discretionary,,small,29.78,0.7074,1.0159,0.8675,0.6291,STRONG_UP,-5.67,-7.87,-46.75,-42.83,50.4,39.07,0.9995,LOW,-,30.584,31.694,36.1746,0,-10.1513,WEAK,7.2074
1328,-4,PRCT,PROCEPT BIOROBOTICS CORP,Health Care,,small,29.0,0.3881,1.1045,1.1399,0.978,FLAT,3.98,-49.46,-56.54,-66.63,44.4,78.75,,LOW,-,25.7225,25.3598,31.2485,0,-27.8859,WEAK,7.1955
1329,0,HURN,HURON CONSULTING GROUP INC,Industrials,,mid,105.46,0.5436,0.9662,0.7982,0.7673,STRONG_UP,-35.28,-29.2,23.23,-44.54,53.6,45.87,0.5037,LOW,EARLY,117.4185,123.2006,147.2275,0,-34.1237,WEAK,7.1608
1330,-74,AORT,ARTIVION INC,Health Care,,small,22.46,0.6028,0.9364,0.5695,0.5841,FLAT,-49.05,-21.5,-5.03,-53.33,52.0,71.05,0.9272,LOW,-,28.8135,33.4052,40.2773,0,-15.7325,WEAK,7.1582
1331,-12,AI,C3 AI INC CLASS A,Information Technology,,small,9.29,0.314,1.0518,1.0295,0.8439,STRONG_UP,-27.7,-59.11,-61.19,-73.39,46.8,69.32,0.7971,LOW,-,9.1185,8.8512,13.3478,0,-39.9075,WEAK,7.1353
1332,11,ADP,Automatic Data Processing,Industrials,Human Resource & Employment Services,large,225.31,0.5524,1.0012,1.0977,1.0154,FLAT,-8.2,-28.07,-6.18,-40.78,48.8,31.25,0.6433,LOW,SHIFT,213.012,206.7086,247.4396,0,-43.8263,WEAK,7.1302
1333,0,AVPT,AVEPOINT INC CLASS A,Information Technology,,mid,10.29,0.4334,1.0063,1.0003,0.9338,STRONG_UP,-18.27,-43.55,9.7,-54.04,52.4,47.27,0.4793,LOW,SHIFT,10.197,10.0037,12.6641,0,-48.2814,WEAK,7.115
1334,-65,ITGR,INTEGER HOLDINGS CORP,Health Care,,mid,89.28,0.5794,0.983,0.9938,0.9423,FLAT,31.04,-24.54,-26.72,-48.51,52.4,31.76,0.4036,LOW,-,87.3355,86.6984,87.5953,1,-40.4833,TREND_ONLY,7.094
1335,-97,ESNT,ESSENT GROUP LTD,Financials,,mid,60.78,0.8196,0.97,0.9147,0.9436,FLAT,-0.75,6.73,12.6,-13.93,52.0,22.21,0.5263,LOW,-,61.5005,60.5306,61.5503,0,15.7638,WEAK,7.0908
1336,-4,CNS,COHEN & STEERS INC,Financials,,mid,71.84,0.7558,0.9849,1.0253,1.0059,FLAT,23.19,-1.57,7.48,-23.32,50.0,23.07,0.5113,LOW,-,70.5413,66.3507,65.6999,1,-3.3942,TREND_ONLY,7.0298
1337,23,HQY,HEALTHEQUITY INC,Health Care,,mid,88.11,0.6833,1.0511,1.0232,1.0673,FLAT,-12.53,-11.01,10.36,-35.25,51.6,34.75,0.8775,LOW,SHIFT,83.303,82.5436,88.5069,0,-16.3472,WEAK,6.9998
1338,14,MBC,MASTERBRAND INC,Industrials,,small,7.71,0.6041,1.0834,0.7887,0.6545,STRONG_UP,-19.44,-21.33,-52.26,-50.94,44.4,50.18,0.5003,LOW,-,7.8785,8.2358,11.0281,0,-18.87,WEAK,6.9954
1339,0,BKNG,Booking Holdings,Consumer Discretionary,"Hotels, Resorts & Cruise Lines",large,161.06,0.5842,1.0289,0.8555,0.9119,FLAT,-11.78,-23.92,9.02,-33.35,50.4,40.25,0.8222,LOW,EARLY,163.5455,170.9371,195.1091,0,-29.9481,WEAK,6.9828
1340,-1,CALM,CAL MAINE FOODS INC,Consumer Staples,,mid,77.01,0.6543,0.983,0.9716,0.8379,STRONG_UP,-8.85,-14.79,45.87,-37.0,50.8,31.36,0.7868,LOW,PROGRESS,76.9764,77.8183,86.6119,0,-23.9528,WEAK,6.9825
1341,-8,CLX,Clorox,Consumer Staples,Household Products,large,95.11,0.5832,1.0151,0.9228,0.6991,STRONG_UP,-2.69,-24.05,-21.79,-31.75,48.0,36.3,0.6115,LOW,PROGRESS,92.001,98.564,108.17,0,-31.8082,WEAK,6.9499
1342,2,BAX,Baxter International,Health Care,Health Care Equipment,mid,19.18,0.4956,1.068,1.0113,0.8551,STRONG_UP,10.22,-35.45,-41.29,-49.79,50.0,41.33,0.7198,LOW,SHIFT,17.743,17.457,20.0667,0,-42.8886,WEAK,6.9457
1343,12,APPN,APPIAN CORP CLASS A,Information Technology,,small,21.37,0.5343,1.0033,0.924,0.7877,STRONG_UP,-46.68,-30.41,-32.16,-58.98,49.2,54.46,0.6716,LOW,-,21.407,22.5429,29.5099,0,-27.4761,WEAK,6.904
1344,-9,BHVN,BIOHAVEN LTD,Health Care,,small,9.45,0.464,1.1026,0.9158,0.7325,STRONG_UP,-1.87,-39.58,-74.12,-56.99,44.0,69.49,0.6746,LOW,-,9.343,9.439,11.8976,0,-25.0602,WEAK,6.9009
1345,13,PRVA,PRIVIA HEALTH GROUP INC,Health Care,,mid,22.79,0.7655,0.953,0.9153,0.9731,FLAT,1.06,-0.31,41.46,-24.17,46.4,37.13,0.6429,LOW,-,23.6695,22.7524,23.2154,0,-0.3827,WEAK,6.8735
1346,7,WD,WALKER & DUNLOP INC,Financials,,small,50.37,0.6103,1.0044,0.9511,0.7586,STRONG_UP,-14.47,-20.52,-42.18,-49.57,48.4,53.55,0.5363,LOW,-,51.1582,47.9122,63.1917,0,-18.5451,WEAK,6.8462
1347,-43,ALG,ALAMO GROUP INC,Industrials,,mid,150.02,0.5886,0.9828,0.8357,0.6423,STRONG_UP,-4.58,-23.34,-20.33,-36.3,45.2,45.29,0.6499,LOW,EARLY,159.9815,165.7669,183.2898,0,-23.2971,WEAK,6.8303
1348,-34,INVH,Invitation Homes,Real Estate,Single-Family Residential REITs,large,29.29,0.7105,1.0092,1.0337,1.0618,STRONG_DOWN,7.25,-7.47,-8.52,-26.13,47.2,21.27,0.4545,LOW,-,28.5765,26.7819,27.2703,1,-16.5667,TREND_ONLY,6.8227
1349,-24,EPRT,ESSENTIAL PROPERTIES REALTY TRUST,Real Estate,,mid,31.33,0.7855,1.0041,0.9547,0.8745,STRONG_UP,3.59,2.3,25.98,-12.17,52.0,17.39,,LOW,-,31.148,31.52,30.5625,1,6.8651,TREND_ONLY,6.7979
1350,-4,COUR,COURSERA INC,Consumer Discretionary,,small,5.32,0.4823,0.9197,0.9647,0.7763,FLAT,-32.66,-37.19,-32.23,-59.92,53.2,70.81,1.0886,MED,-,5.7185,5.8396,7.9561,0,-27.9411,WEAK,6.779
1351,-23,SPSC,SPS COMMERCE INC,Information Technology,,mid,53.72,0.2887,1.0033,0.9412,0.9117,STRONG_UP,-31.55,-62.4,-72.22,-65.78,48.0,44.46,0.7535,LOW,EARLY,54.4555,55.6066,82.6315,0,-67.3734,WEAK,6.7407
1352,-22,STE,Steris,Health Care,Health Care Equipment,large,216.57,0.6895,1.0078,0.9349,0.8069,STRONG_UP,-15.51,-10.21,-2.84,-24.67,49.2,26.07,0.5594,LOW,PROGRESS,213.9045,218.3266,241.6408,0,-19.2615,WEAK,6.7202
1353,8,GERN,GERON CORP,Health Care,,small,1.28,0.6778,1.0309,0.8171,0.6034,STRONG_UP,16.36,-11.72,-63.32,-37.44,44.4,72.67,0.3691,LOW,-,1.423,1.529,1.4071,0,-7.1632,WEAK,6.7072
1354,-7,BRO,Brown & Brown,Financials,Insurance Brokers,large,57.82,0.4042,0.9759,0.8426,0.7633,STRONG_UP,-27.0,-47.36,-34.17,-51.62,47.2,30.82,0.4722,LOW,EARLY,58.0631,63.1528,77.714,0,-72.529,WEAK,6.6823
1355,-32,DOLE,DOLE PLC,Consumer Staples,,small,14.43,0.8016,1.0038,0.9138,0.8345,STRONG_UP,6.02,4.39,21.25,-15.18,52.0,24.96,0.5383,LOW,-,14.707,14.7516,14.418,1,9.1448,TREND_ONLY,6.6623
1356,-7,CCOI,COGENT COMMUNICATIONS HOLDINGS INC,Communication,,small,18.16,0.3067,1.0447,0.7114,0.8833,FLAT,9.23,-60.06,-65.93,-69.3,52.0,92.7,0.4723,LOW,-,18.5943,19.7092,26.7914,0,-33.6919,WEAK,6.6612
1357,-35,AMPL,AMPLITUDE INC CLASS A,Information Technology,,small,6.7,0.4273,1.0452,0.9087,0.9018,STRONG_UP,-32.53,-44.35,-28.95,-57.79,45.6,74.09,0.9542,LOW,-,6.7555,6.7644,9.2871,0,-27.2973,WEAK,6.6394
1358,-16,KVUE,Kenvue,Consumer Staples,Personal Care Products,large,17.53,0.5936,1.0108,0.9712,0.858,STRONG_UP,11.11,-22.69,-2.08,-40.47,49.2,19.91,0.3846,LOW,-,17.2523,17.2273,17.1838,1,-56.0739,TREND_ONLY,6.637
1359,3,VICI,Vici Properties,Real Estate,Hotel & Resort REITs,large,28.5,0.7381,0.9906,0.9602,0.8794,STRONG_UP,2.19,-3.88,11.78,-17.88,49.6,18.99,1.4099,MED,SHIFT,28.493,28.106,29.0623,0,-10.135,WEAK,6.6055
1360,-44,PAYX,Paychex,Industrials,Human Resource & Employment Services,large,97.0,0.4968,1.0169,1.0473,1.0208,FLAT,-8.47,-35.3,-17.33,-44.95,46.4,29.86,0.6777,LOW,SHIFT,92.2202,91.0692,107.8078,0,-54.8545,WEAK,6.5987
1361,56,PAYC,Paycom,Industrials,Human Resource & Employment Services,mid,137.8,0.4136,0.9808,1.0665,1.0644,FLAT,-13.39,-46.13,-19.74,-56.97,48.8,44.71,0.2703,LOW,SHIFT,133.611,127.3026,162.9636,0,-50.3544,WEAK,6.5912
1362,35,JBI,JANUS INTERNATIONAL GROUP INC,Industrials,,small,5.2,0.4954,1.0556,0.9152,0.6859,STRONG_UP,-9.57,-35.48,-63.25,-55.62,45.6,55.29,1.1077,MED,-,5.1055,5.229,7.367,0,-29.2651,WEAK,6.585
1363,-133,NWS,News Corp (Class B),Communication Services,Publishing,large,29.68,0.7066,0.9726,0.9398,1.0517,FLAT,6.47,-7.97,12.73,-26.84,52.4,21.32,0.6827,LOW,-,30.265,29.1834,29.9441,0,-19.5932,WEAK,6.5785
1364,-51,AGYS,AGILYSYS INC,Information Technology,,small,79.84,0.6033,1.1267,1.1451,1.0198,FLAT,-33.75,-21.43,-21.42,-55.93,52.4,51.94,0.8536,LOW,-,70.4565,69.2604,98.1469,0,-21.6148,WEAK,6.5712
1365,-85,AMPH,AMPHASTAR PHARMACEUTICALS INC,Health Care,,small,18.41,0.5777,1.0603,0.8233,0.6117,STRONG_UP,-27.41,-24.77,-57.53,-45.25,50.4,77.2,0.7439,LOW,-,20.0055,20.2154,24.9196,0,-16.1678,WEAK,6.4992
1366,-16,DPZ,Domino's,Consumer Discretionary,Restaurants,large,316.52,0.5145,1.018,0.8239,0.7061,STRONG_UP,-19.59,-33.0,-35.0,-36.93,44.8,33.22,0.4836,LOW,EARLY,321.7975,350.9628,399.6387,0,-44.505,WEAK,6.4683
1367,2,FDS,FactSet,Financials,Financial Exchanges & Data,mid,232.0,0.3905,1.0244,0.9912,1.064,FLAT,-14.26,-49.14,-45.55,-58.8,50.0,45.68,0.3948,LOW,SHIFT,221.1,219.2304,267.7849,0,-53.7898,WEAK,6.4669
1368,-3,JBGS,JBG SMITH PROPERTIES,Real Estate,,small,14.51,0.7045,0.9845,0.9055,0.8622,STRONG_UP,-15.59,-8.26,12.6,-40.48,46.0,31.96,0.3593,LOW,-,14.7628,14.7706,17.443,0,-11.8845,WEAK,6.4315
1369,27,ENR,ENERGIZER HOLDINGS INC,Consumer Staples,,small,18.18,0.6465,1.1094,0.8872,0.7511,STRONG_UP,7.95,-15.81,-30.71,-43.62,48.0,50.55,0.6802,LOW,-,17.7728,17.6859,21.0945,0,-15.0099,WEAK,6.4249
1370,-2,UFPT,UFP TECHNOLOGIES INC,Health Care,,small,228.97,0.75,1.0442,1.0958,0.875,FLAT,9.11,-2.32,-7.31,-30.69,49.2,45.46,0.7075,LOW,-,212.4845,202.8124,216.7931,1,-2.5162,TREND_ONLY,6.4057
1371,-5,ITRI,ITRON INC,Information Technology,,mid,83.02,0.566,1.0178,0.8977,0.7801,STRONG_UP,-11.88,-26.29,-22.48,-43.64,52.4,36.94,0.5985,LOW,PROGRESS,82.5715,88.255,103.6964,0,-37.2923,WEAK,6.3471
1372,0,TRNS,TRANSCAT INC,Industrials,,small,73.02,0.614,0.9308,0.8976,0.8423,STRONG_UP,35.83,-20.04,-45.7,-43.44,47.2,46.66,0.5568,LOW,-,74.4975,75.5778,70.6423,1,-20.2713,TREND_ONLY,6.323
1373,21,AVY,Avery Dennison,Materials,Paper & Plastic Packaging Products & Materials,large,159.66,0.7053,1.0084,0.9237,0.7471,STRONG_UP,-2.82,-8.15,-26.93,-21.49,46.8,25.23,0.5265,LOW,EARLY,161.185,165.9598,172.9585,0,-15.1114,WEAK,6.3082
1374,-2,VYX,NCR VOYIX CORP,Information Technology,,small,6.59,0.4677,1.0043,0.8937,0.6739,STRONG_UP,-32.27,-39.09,-50.08,-57.96,48.0,63.22,0.7264,LOW,-,7.0615,6.7828,9.8845,0,-29.6825,WEAK,6.2812
1375,2,ROL,"Rollins, Inc.",Industrials,Environmental & Facilities Services,large,53.46,0.7308,0.9698,0.9075,0.8174,STRONG_UP,-9.77,-4.83,20.78,-19.79,51.2,20.21,,LOW,EARLY,53.9988,54.1036,57.4931,0,-12.2242,WEAK,6.2675
1376,-20,FDP,FRESH DEL MONTE PRODUCE INC,Consumer Staples,,small,33.29,0.7669,1.0172,0.7687,0.7321,STRONG_UP,-1.98,-0.12,53.03,-23.98,50.0,30.67,1.059,MED,-,36.5705,39.2979,36.9897,0,-0.2025,WEAK,6.255
1377,-6,ACIW,ACI WORLDWIDE INC,Information Technology,,mid,42.72,0.7086,0.9888,0.9471,1.0049,FLAT,-6.44,-7.71,20.44,-28.25,51.2,38.03,0.5774,LOW,-,43.181,42.0316,45.5956,0,-10.383,WEAK,6.1916
1378,-5,CMCSA,Comcast,Communication Services,Cable & Satellite,large,25.205,0.6244,1.0016,0.8757,0.7416,STRONG_UP,3.36,-18.68,-24.99,-25.72,49.2,38.07,0.8182,LOW,EARLY,25.8722,27.5662,28.0372,0,-24.1379,WEAK,6.1899
1379,25,DNOW,DNOW INC,Industrials,,mid,13.07,0.6893,0.9937,0.9846,1.0123,FLAT,5.23,-10.23,-7.24,-34.08,56.4,29.83,0.5471,LOW,-,13.181,12.4532,13.8883,0,-19.3487,WEAK,6.1896
1380,19,UPWK,UPWORK INC,Industrials,,small,8.8,0.429,0.9963,0.7927,0.6213,STRONG_UP,-48.72,-44.13,-20.72,-63.46,48.0,59.46,0.5999,LOW,-,9.373,10.4614,15.6201,0,-35.6222,WEAK,6.1839
1381,-73,QTWO,Q2 HOLDINGS INC,Information Technology,,mid,46.12,0.4091,0.9746,0.8928,0.8964,FLAT,-33.84,-46.73,-25.0,-53.08,44.0,44.17,0.377,LOW,EARLY,48.6045,48.59,62.9677,0,-46.5454,WEAK,6.1812
1382,-15,FUN,SIX FLAGS ENTERTAINMENT CORP,Consumer Discretionary,,small,19.83,0.4452,0.9783,1.0387,1.0942,STRONG_DOWN,54.56,-42.02,-54.15,-63.41,50.0,68.27,0.5974,LOW,-,19.569,18.6672,19.0296,1,-30.7731,TREND_ONLY,6.1734
1383,4,BCPC,BALCHEM CORP,Materials,,mid,161.75,0.753,1.0048,0.8912,0.8328,STRONG_UP,6.56,-1.94,6.4,-16.99,44.8,22.15,0.618,LOW,-,162.8245,167.6788,161.3471,1,-3.918,TREND_ONLY,6.0783
1384,-73,ACVA,ACV AUCTIONS INC CLASS A,Industrials,,small,5.95,0.2766,0.9791,1.1105,1.1516,STRONG_DOWN,-10.39,-63.98,-68.15,-75.43,47.6,80.62,0.5104,LOW,-,5.6865,5.0732,7.6729,0,-37.7771,WEAK,6.0756
1385,16,VRTS,VIRTUS INVESTMENT PARTNERS INC,Financials,,small,143.62,0.6997,1.0149,0.977,0.9533,STRONG_UP,-4.59,-8.88,-30.8,-38.95,52.0,36.57,0.9015,LOW,-,141.0413,135.5939,156.9957,0,-12.6254,WEAK,6.0745
1386,-23,V,Visa Inc.,Financials,Transaction & Payment Processing Services,large,328.88,0.7199,0.9794,1.0198,0.9862,FLAT,2.0,-6.24,21.75,-20.38,49.6,24.13,1.0176,MED,SHIFT,324.213,313.1261,329.6207,0,-12.8273,WEAK,6.0576
1387,4,GPI,GROUP AUTOMOTIVE INC,Consumer Discretionary,,mid,326.18,0.5911,1.0187,0.9148,0.8964,STRONG_UP,-15.66,-23.02,8.33,-38.91,46.8,33.99,0.7473,LOW,EARLY,335.5945,331.3668,386.0099,0,-31.6989,WEAK,6.0382
1388,0,UFPI,UFP INDUSTRIES INC,Industrials,,mid,80.54,0.6511,0.9833,0.8126,0.6832,STRONG_UP,-9.17,-15.2,-30.25,-31.29,43.2,31.96,0.9252,LOW,EARLY,84.324,89.189,95.092,0,-20.5519,WEAK,5.983
1389,-15,LMB,LIMBACH HOLDINGS INC,Industrials,,small,71.36,0.4282,0.9299,0.7103,0.7182,FLAT,8.25,-44.23,27.66,-55.92,49.2,89.48,0.9283,LOW,-,82.537,83.2442,88.4265,0,-24.3186,WEAK,5.9718
1390,0,VRRM,VERRA MOBILITY CORP CLASS A,Industrials,,mid,13.49,0.4415,0.9995,0.86,0.6628,STRONG_UP,-35.33,-42.5,-49.94,-48.93,41.2,37.46,0.9294,LOW,EARLY,14.068,14.4554,20.229,0,-46.7408,WEAK,5.9156
1391,47,ROCK,GIBRALTAR INDUSTRIES INC,Industrials,,small,37.18,0.4832,1.036,0.8997,0.673,STRONG_UP,-15.88,-37.07,-48.25,-54.65,46.0,53.85,1.0152,MED,-,37.6645,39.1196,51.9355,0,-31.6647,WEAK,5.9088
1392,-9,VERX,VERTEX INC CLASS A,Information Technology,,small,13.44,0.272,1.0041,1.0278,0.9318,FLAT,-31.18,-64.58,-59.49,-74.21,44.8,68.19,0.4827,LOW,-,13.211,12.5946,18.7953,0,-42.4254,WEAK,5.892
1393,84,CNXN,PC CONNECTION INC,Information Technology,,small,66.44,0.7855,1.009,0.9911,1.019,FLAT,19.42,2.29,0.11,-17.13,49.6,23.87,1.1247,MED,-,64.4674,62.1609,60.7597,1,4.7683,TREND_ONLY,5.8848
1394,-14,CBRL,CRACKER BARREL OLD COUNTRY STORE I,Consumer Discretionary,,small,32.39,0.45,1.0944,1.0563,0.9659,STRONG_UP,26.64,-41.4,-25.68,-64.96,44.8,47.78,0.933,LOW,-,30.478,29.2679,34.6777,0,-38.8185,WEAK,5.8596
1395,-9,PD,PAGERDUTY INC,Information Technology,,small,7.2,0.3473,1.0263,0.9669,1.0358,FLAT,-51.02,-54.77,-63.25,-66.63,42.8,66.11,0.3859,LOW,-,6.968,6.6686,11.6161,0,-35.4609,WEAK,5.7985
1396,10,IRT,INDEPENDENCE REALTY INC TRUST,Real Estate,,mid,16.86,0.7498,1.0272,1.0224,0.9376,STRONG_UP,2.86,-2.36,9.36,-17.28,48.8,18.73,0.8628,LOW,-,16.387,15.773,16.2984,1,-6.142,TREND_ONLY,5.7908
1397,-13,CRVL,CORVEL CORP,Health Care,,mid,62.74,0.4365,1.0515,1.0478,1.149,FLAT,-12.48,-43.15,-31.73,-59.14,46.0,34.21,0.7674,LOW,SHIFT,58.47,56.0956,67.5618,0,-58.0206,WEAK,5.7828
1398,2,FOXF,FOX FACTORY HOLDING CORP,Consumer Discretionary,,small,16.28,0.5202,0.9727,0.8807,0.7848,STRONG_UP,23.43,-32.25,-62.81,-56.63,50.4,51.42,0.587,LOW,-,17.0435,16.9098,20.07,0,-31.6116,WEAK,5.7408
1399,9,PZZA,PAPA JOHNS INTERNATIONAL INC,Consumer Discretionary,,small,33.4,0.6366,1.0029,0.8757,0.9009,FLAT,-11.02,-17.09,-22.64,-43.11,49.6,63.42,0.4576,LOW,-,33.6667,34.2783,39.0849,0,-13.3643,WEAK,5.7391
1400,-74,BXMT,BLACKSTONE MORTGAGE TRUST REIT CLA,Financials,,mid,17.95,0.8119,0.9749,0.8559,0.8741,FLAT,2.88,5.73,29.56,-12.02,50.0,25.8,0.5145,LOW,EARLY,18.719,18.9408,18.4501,0,11.106,WEAK,5.7151
1401,-44,CWST,CASELLA WASTE SYSTEMS INC CLASS A,Industrials,,mid,87.41,0.5804,0.9829,1.0437,0.8747,FLAT,-6.03,-24.42,-10.68,-36.69,48.4,45.85,0.51,LOW,SHIFT,84.4015,83.1506,92.5136,0,-25.7766,WEAK,5.6142
1402,39,PBH,PRESTIGE CONSUMER HEALTHCARE INC,Health Care,,mid,48.0,0.4298,1.0204,0.7798,0.6415,STRONG_UP,-18.88,-44.02,-24.8,-46.99,47.2,40.38,1.5631,HIGH,EARLY,51.9495,55.8978,61.7391,0,-51.4587,WEAK,5.6113
1403,-39,FWRG,FIRST WATCH RESTAURANT GROUP INC,Consumer Discretionary,,small,11.49,0.5595,1.0338,0.8284,0.8574,FLAT,-24.61,-27.14,-40.31,-47.26,44.8,67.7,0.5902,LOW,-,11.8625,11.8024,15.3173,0,-17.9598,WEAK,5.5795
1404,8,AOS,A. O. Smith,Industrials,Building Products,mid,57.28,0.6701,1.0008,0.8567,0.686,STRONG_UP,-8.47,-12.73,-29.14,-30.08,47.6,28.4,0.875,LOW,EARLY,59.1177,62.5739,68.1317,0,-21.3437,WEAK,5.5623
1405,22,APOG,APOGEE ENTERPRISES INC,Industrials,,small,35.88,0.7328,1.0329,0.9041,0.8262,STRONG_UP,6.95,-4.57,-42.88,-29.12,47.2,38.08,0.5617,LOW,-,35.4907,34.5677,37.6598,0,-5.6669,WEAK,5.5299
1406,-1,FCPT,FOUR CORNERS PROPERTY INC TRUST,Real Estate,,mid,25.06,0.7538,0.9978,0.9436,0.9208,STRONG_UP,9.64,-1.83,16.36,-15.49,47.2,17.44,0.9189,LOW,-,25.089,24.7507,24.0615,1,-4.9611,TREND_ONLY,5.5075
1407,-18,AJG,Arthur J. Gallagher & Co.,Financials,Insurance Brokers,large,204.75,0.4697,0.9791,0.9102,0.8742,STRONG_UP,-16.73,-38.83,-16.92,-44.4,49.2,29.34,0.4793,LOW,PROGRESS,203.866,211.4982,249.9887,0,-65.1143,WEAK,5.4664
1408,40,IPAR,INTERPARFUMS INC,Consumer Staples,,mid,92.63,0.5647,1.0504,0.9726,0.8343,STRONG_UP,16.46,-26.46,-16.91,-43.01,50.8,30.26,1.2625,MED,SHIFT,90.621,91.4608,93.8369,0,-44.4275,WEAK,5.4196
1409,-27,EXE,Expand Energy,Energy,Oil & Gas Exploration & Production,large,97.94,0.6694,0.9855,0.9783,0.8827,STRONG_UP,-13.48,-12.83,16.3,-22.9,48.0,26.91,0.4151,LOW,PROGRESS,97.7779,100.6303,103.5728,0,-22.8815,WEAK,5.4111
1410,-59,HRTG,HERITAGE INSURANCE HOLDINGS INC,Financials,,small,22.88,0.7502,0.9448,0.7485,0.7604,FLAT,-12.77,-2.31,179.37,-29.29,51.6,65.79,0.6503,LOW,-,25.7095,26.4164,26.018,0,-1.8084,WEAK,5.4028
1411,44,GSHD,GOOSEHEAD INSURANCE INC CLASS A,Financials,,small,41.68,0.2942,0.9798,0.8269,0.7654,STRONG_UP,-39.46,-61.69,-26.44,-67.57,47.6,62.87,1.2015,MED,-,42.1253,42.9673,63.5312,0,-46.7075,WEAK,5.4017
1412,-14,UTL,UNITIL CORP,Utilities,,small,51.81,0.7655,1.0111,0.9489,0.9274,STRONG_UP,7.71,-0.3,7.41,-17.5,54.0,21.43,0.2857,LOW,-,50.9845,51.8349,48.8826,1,-0.7642,TREND_ONLY,5.2974
1413,-4,OI,O I GLASS INC,Materials,,small,8.83,0.5196,1.0476,0.7901,0.5474,STRONG_UP,-30.53,-32.34,,-49.79,50.4,59.82,0.4981,LOW,-,9.052,9.9498,12.7187,0,-27.245,WEAK,5.2953
1414,-35,PRKS,UNITED PARKS AND RESORTS INC,Consumer Discretionary,,small,36.78,0.6172,1.0076,1.0419,0.9781,FLAT,21.11,-19.62,-26.53,-46.15,48.4,50.55,0.3488,LOW,-,35.485,34.4588,40.3398,0,-18.7895,WEAK,5.2898
1415,18,ABG,ASBURY AUTOMOTIVE GROUP INC,Consumer Discretionary,,mid,187.72,0.6401,1.0549,0.8852,0.7862,STRONG_UP,-11.01,-16.64,-17.7,-33.72,50.0,29.32,0.3238,LOW,EARLY,193.253,196.1684,226.3246,0,-28.3753,WEAK,5.2869
1416,6,BCC,BOISE CASCADE,Industrials,,mid,67.16,0.6021,0.9842,0.7642,0.7125,STRONG_UP,-1.92,-21.59,-48.03,-29.6,41.6,41.15,0.5106,LOW,EARLY,72.056,74.855,77.5143,0,-21.8275,WEAK,5.2597
1417,12,AMP,Ameriprise Financial,Financials,Asset Management & Custody Banks,large,452.31,0.6977,0.951,0.9365,0.8951,STRONG_UP,3.1,-9.14,6.92,-20.87,54.8,24.75,0.7571,LOW,EARLY,467.2692,454.5514,476.3433,0,-20.2383,WEAK,5.2306
1418,1,SYBT,STOCK YARDS BANCORP INC,Financials,,small,71.22,0.7586,0.9993,0.9674,0.998,FLAT,14.59,-1.2,59.32,-24.16,45.6,22.67,0.8944,LOW,-,71.239,69.0238,68.9836,1,-2.4189,TREND_ONLY,5.2195
1419,21,IOSP,INNOSPEC INC,Materials,,small,79.58,0.7312,1.009,0.9993,0.9334,STRONG_UP,14.01,-4.77,-35.19,-25.48,48.0,25.89,,LOW,-,77.4992,74.0972,76.6293,1,-8.8417,TREND_ONLY,5.2097
1420,-28,HCI,HCI GROUP INC,Financials,,small,157.79,0.7406,0.9858,0.9658,0.9287,STRONG_UP,-6.7,-3.55,64.0,-27.46,49.6,29.31,0.7762,LOW,-,154.4761,154.5962,170.1835,0,-6.0007,WEAK,5.1963
1421,-28,USPH,US PHYSICAL THERAPY INC,Health Care,,small,61.96,0.6553,0.9437,0.8068,0.6914,STRONG_UP,-8.89,-14.66,-35.87,-35.89,50.0,50.46,0.6119,LOW,-,65.845,71.7106,79.2746,0,-14.5261,WEAK,5.1427
1422,2,SHW,Sherwin-Williams,Materials,Specialty Chemicals,large,309.08,0.6778,1.0112,0.8763,0.7808,STRONG_UP,-5.56,-11.73,3.51,-19.94,46.8,29.8,0.6796,LOW,EARLY,313.4645,320.516,338.8868,0,-18.422,WEAK,5.1414
1423,-9,TMUS,T-Mobile US,Communication Services,Wireless Telecommunication Services,large,191.47,0.6157,0.9949,0.9659,0.7968,STRONG_UP,-8.15,-19.82,19.71,-28.51,49.6,27.64,0.5739,LOW,EARLY,191.668,198.1598,211.8987,0,-35.5668,WEAK,5.1366
1424,-126,AIG,American International Group,Financials,Multi-line Insurance,large,77.05,0.7412,0.9741,0.9818,0.8924,FLAT,2.93,-3.48,3.73,-16.98,51.6,22.36,0.3593,LOW,SHIFT,76.5905,76.2746,77.6269,0,-8.0248,WEAK,5.1202
1425,-7,UPBD,UPBOUND GROUP INC,Consumer Discretionary,,small,17.84,0.6455,1.0257,0.864,0.7752,STRONG_UP,14.47,-15.94,-33.25,-40.17,46.0,39.12,0.6011,LOW,-,18.25,18.2754,19.6142,0,-18.7377,WEAK,5.1144
1426,-5,CBZ,CBIZ INC,Industrials,,small,32.23,0.3441,1.0343,1.0062,1.0666,FLAT,-35.54,-55.19,-58.92,-67.69,47.2,63.95,0.4026,LOW,-,30.9145,29.0942,44.4426,0,-40.7363,WEAK,5.0778
1427,0,WM,Waste Management,Industrials,Environmental & Facilities Services,large,217.9,0.7172,0.9691,0.909,0.876,STRONG_UP,1.3,-6.59,7.12,-18.14,50.0,21.18,0.8971,LOW,EARLY,222.1005,226.6694,221.2726,0,-15.5596,WEAK,5.0559
1428,-52,WMK,WEIS MARKETS INC,Consumer Staples,,small,72.3,0.7689,0.9945,1.0122,0.9179,FLAT,11.29,0.14,14.23,-20.22,51.6,30.35,0.6647,LOW,-,70.3552,69.3307,68.2413,1,0.2391,TREND_ONLY,5.0475
1429,-1,SPGI,S&P Global,Financials,Financial Exchanges & Data,large,417.6,0.6337,0.9911,0.9154,0.92,FLAT,-14.57,-17.47,-2.8,-30.48,52.8,26.17,0.4752,LOW,EARLY,420.955,425.265,479.6891,0,-35.2521,WEAK,5.0397
1430,5,LRN,STRIDE INC,Consumer Discretionary,,mid,88.63,0.4448,0.9775,0.8649,0.9836,FLAT,34.78,-42.07,24.04,-64.07,52.8,31.73,0.5186,LOW,EARLY,90.9655,90.7876,100.4422,0,-70.0093,WEAK,5.021
1431,45,MAA,Mid-America Apartment Communities,Real Estate,Multi-Family Residential REITs,large,131.14,0.6895,1.0129,0.9992,0.9101,STRONG_UP,2.59,-10.21,7.38,-20.47,48.0,19.29,0.6629,LOW,-,129.088,125.7501,130.7642,1,-25.4,TREND_ONLY,4.9925
1432,5,HRL,Hormel Foods,Consumer Staples,Packaged Foods & Meats,large,21.24,0.5817,1.0324,0.9437,0.7676,STRONG_UP,-2.25,-24.25,-33.36,-34.28,47.6,24.15,0.7775,LOW,PROGRESS,20.6885,21.3013,23.14,0,-47.7916,WEAK,4.9794
1433,26,BANF,BANCFIRST CORP,Financials,,mid,111.31,0.7073,1.0231,0.9388,0.9214,STRONG_UP,5.47,-7.88,33.01,-23.63,47.6,24.54,0.5176,LOW,SHIFT,111.298,110.5698,114.733,0,-15.2887,WEAK,4.9282
1434,-24,WRB,W. R. Berkley Corporation,Financials,Property & Casualty Insurance,large,67.54,0.7286,0.973,0.972,0.8668,STRONG_UP,-11.12,-5.11,35.17,-16.39,52.4,20.68,,LOW,SHIFT,66.8015,66.5892,70.0915,0,-12.9503,WEAK,4.9225
1435,-33,LZB,LA-Z-BOY INC,Consumer Discretionary,,small,36.65,0.687,1.0508,0.9913,0.9615,STRONG_UP,2.1,-10.53,8.87,-31.32,46.0,30.15,0.608,LOW,-,35.209,34.1326,35.1538,1,-16.0718,TREND_ONLY,4.9208
1436,-25,COO,Cooper Companies (The),Health Care,Health Care Supplies,large,62.55,0.6093,1.0168,0.9297,0.6882,STRONG_UP,-12.04,-20.65,-33.77,-30.05,47.2,24.42,0.6953,LOW,PROGRESS,61.348,66.563,73.3291,0,-39.9171,WEAK,4.8834
1437,-52,SMPL,THE SIMPLY GOOD FOODS COMPANY,Consumer Staples,,small,11.86,0.2647,0.9957,0.85,0.6299,STRONG_UP,-41.02,-65.53,-68.05,-70.09,45.2,60.41,0.5083,LOW,-,12.262,12.9559,19.5001,0,-49.0333,WEAK,4.8611
1438,-23,JKHY,Jack Henry & Associates,Financials,Transaction & Payment Processing Services,large,140.19,0.5996,0.9983,0.8881,0.8282,STRONG_UP,-15.86,-21.91,-14.47,-30.16,50.4,27.27,0.9924,LOW,EARLY,145.092,152.4752,162.654,0,-40.4875,WEAK,4.8446
1439,-19,TRIP,TRIPADVISOR INC,Communication,,small,10.08,0.5654,1.0478,0.8625,0.9211,FLAT,-24.55,-26.37,-43.28,-51.72,46.0,45.59,0.7527,LOW,-,10.3965,10.466,13.7442,0,-26.6068,WEAK,4.8394
1440,-24,NMIH,NMI HOLDINGS INC,Financials,,mid,37.4,0.7565,0.9608,0.8711,0.878,FLAT,0.29,-1.48,14.83,-18.08,52.8,24.84,0.8219,LOW,EARLY,38.369,38.3566,38.5489,0,-3.1358,WEAK,4.787
1441,-16,ATRC,ATRICURE INC,Health Care,,small,28.29,0.6641,0.984,0.9251,0.8352,STRONG_UP,-14.92,-13.51,25.96,-38.03,48.8,35.33,0.6171,LOW,-,28.0745,28.6064,34.2312,0,-18.6646,WEAK,4.7763
1442,-12,PAYO,PAYONEER GLOBAL INC,Financials,,small,4.94,0.557,1.0195,0.9256,0.9029,STRONG_UP,-8.18,-27.46,-16.27,-42.45,47.2,56.9,0.906,LOW,-,4.974,4.9012,5.6433,0,-22.7785,WEAK,4.7668
1443,-36,UVV,UNIVERSAL CORP,Consumer Staples,,small,54.52,0.7498,0.9917,0.9727,0.9519,STRONG_UP,7.09,-2.35,32.81,-20.74,46.4,16.52,0.4469,LOW,-,53.925,52.6909,52.3852,1,-6.5939,TREND_ONLY,4.7554
1444,-10,AON,Aon plc,Financials,Insurance Brokers,large,324.78,0.7028,0.9852,0.9709,0.9375,STRONG_UP,-5.86,-8.48,17.75,-17.66,50.8,26.42,0.4573,LOW,SHIFT,317.2097,321.0093,341.0473,0,-16.2972,WEAK,4.7508
1445,-50,ABR,ARBOR REALTY TRUST REIT INC,Financials,,small,5.57,0.4961,0.9135,0.6692,0.7281,FLAT,-30.6,-35.39,-47.58,-52.08,48.8,57.43,1.3673,MED,-,6.9205,7.381,8.7223,0,-30.0702,WEAK,4.7484
1446,-3,PMT,PENNYMAC MORTGAGE INVESTMENT TRUST,Financials,,small,10.5,0.7508,0.9982,0.8295,0.8232,STRONG_UP,-9.41,-2.23,0.35,-22.99,52.0,27.15,0.4323,LOW,-,11.1445,11.3574,11.5865,0,-4.2668,WEAK,4.7302
1447,9,ICFI,ICF INTERNATIONAL INC,Industrials,,small,68.93,0.6247,1.0582,0.9782,0.845,STRONG_UP,-9.54,-18.65,-51.13,-40.22,49.6,43.5,0.5681,LOW,-,68.1515,68.0327,82.7799,0,-21.2611,WEAK,4.6919
1448,-67,UMH,UMH PROPERTIES INC,Real Estate,,small,15.3,0.7559,0.9978,0.9459,0.8818,STRONG_UP,5.71,-1.56,13.12,-17.43,47.2,19.59,0.8696,LOW,-,15.3195,14.94,14.8623,1,-3.76,TREND_ONLY,4.6798
1449,-10,ICE,Intercontinental Exchange,Financials,Financial Exchanges & Data,large,152.97,0.6748,0.9714,0.9244,0.9081,STRONG_UP,1.49,-12.12,15.66,-22.53,49.2,22.65,0.6267,LOW,EARLY,155.2045,158.1167,161.8554,0,-26.3359,WEAK,4.6695
1450,-27,GPOR,GULFPORT ENERGY CORP,Energy,,mid,178.22,0.7029,0.9565,0.9096,0.8343,STRONG_UP,-12.41,-8.45,14.91,-21.77,53.2,31.65,0.4514,LOW,EARLY,184.9925,194.7468,192.2602,0,-14.2117,WEAK,4.6682
1451,27,MQ,MARQETA INC CLASS A,Financials,,small,3.97,0.6013,0.9982,0.882,0.8773,STRONG_UP,-14.07,-21.7,-23.51,-44.22,47.6,40.33,0.5075,LOW,-,4.135,4.1194,4.7288,0,-25.6073,WEAK,4.6006
1452,1,VLTO,Veralto,Industrials,Environmental & Facilities Services,large,86.8,0.6667,0.9917,0.9378,0.8534,STRONG_UP,-10.53,-13.17,-12.3,-22.41,43.2,21.71,0.5893,LOW,EARLY,86.9125,88.2463,97.7853,0,-26.207,WEAK,4.5917
1453,12,MZTI,MARZETTI,Consumer Staples,,mid,115.0,0.551,1.0083,0.8638,0.6417,STRONG_UP,-32.22,-28.24,-35.38,-39.76,48.4,31.38,1.0206,MED,EARLY,117.846,130.833,158.3508,0,-43.5622,WEAK,4.5866
1454,-10,AWR,AMERICAN STATES WATER,Utilities,,mid,76.64,0.7702,1.0,0.9303,0.9594,FLAT,8.1,0.31,7.74,-11.55,50.0,24.02,0.7151,LOW,-,76.3717,75.8887,73.3092,1,0.6413,TREND_ONLY,4.585
1455,-24,ABT,Abbott Laboratories,Health Care,Health Care Equipment,large,87.41,0.5216,0.985,0.9184,0.7057,STRONG_UP,-28.69,-32.07,-12.71,-38.99,47.2,25.5,0.652,LOW,EARLY,87.549,95.7785,116.3608,0,-59.3559,WEAK,4.5617
1456,-10,DEI,DOUGLAS EMMETT REIT INC,Real Estate,,small,11.46,0.6696,0.9753,1.0255,1.0669,STRONG_DOWN,3.56,-12.8,-4.54,-44.09,43.2,34.38,0.5017,LOW,-,11.505,10.4189,11.7744,0,-16.0873,WEAK,4.4832
1457,-10,WINA,WINMARK CORP,Consumer Discretionary,,small,364.86,0.6942,1.0237,0.8779,0.7508,STRONG_UP,-9.82,-9.6,10.79,-30.1,54.8,40.77,0.5274,LOW,-,365.271,396.3529,425.9932,0,-12.8973,WEAK,4.4551
1458,-7,HOMB,HOME BANCSHARES INC,Financials,,mid,26.61,0.7496,1.0104,0.9707,0.872,STRONG_UP,0.34,-2.38,19.61,-14.78,50.4,20.83,0.5435,LOW,SHIFT,26.3535,26.5933,27.5398,0,-5.7614,WEAK,4.2986
1459,-17,ALRM,ALARM.COM HOLDINGS INC,Information Technology,,mid,43.8,0.5953,0.9901,0.9376,0.8856,STRONG_UP,-8.06,-22.48,-35.02,-29.38,46.0,37.99,0.53,LOW,EARLY,44.5848,44.5664,49.7388,0,-27.2172,WEAK,4.2666
1460,0,POOL,Pool Corporation,Consumer Discretionary,Distributors,mid,184.64,0.4795,1.0084,0.7659,0.7918,FLAT,-18.71,-37.55,-47.55,-46.86,43.2,33.76,0.6808,LOW,EARLY,190.5618,202.7355,249.6599,0,-48.0558,WEAK,4.2558
1461,2,BBSI,BARRETT BUSINESS SERVICES INC,Industrials,,small,31.52,0.5932,0.9957,0.9905,0.9357,STRONG_UP,-7.4,-22.75,2.9,-45.31,52.4,40.87,0.9214,LOW,-,30.46,29.66,36.6607,0,-29.1654,WEAK,4.1957
1462,-36,MCD,McDonald's,Consumer Discretionary,Restaurants,large,282.27,0.705,0.9899,0.9028,0.7835,STRONG_UP,-6.12,-8.19,14.69,-19.04,48.4,17.98,0.612,LOW,EARLY,282.611,298.4456,305.8812,0,-22.0523,WEAK,4.1911
1463,9,QNST,QUINSTREET INC,Communication,,small,12.29,0.6325,1.0698,0.9031,1.0243,FLAT,-5.82,-17.63,-33.35,-38.32,49.2,44.11,1.2276,MED,-,12.45,12.3434,13.7722,0,-19.6614,WEAK,4.1532
1464,-3,IIIN,INSTEEL INDUSTRIES INC,Industrials,,small,26.58,0.5931,1.0298,1.0083,0.6548,STRONG_UP,-8.58,-22.76,-9.8,-36.11,52.4,58.9,0.6519,LOW,-,26.1595,29.597,32.9367,0,-20.2471,WEAK,4.145
1465,5,CWT,CALIFORNIA WATER SERVICE GROUP,Utilities,,mid,43.95,0.7382,1.0168,0.9144,0.8781,STRONG_UP,0.56,-3.86,-9.34,-14.59,51.2,29.85,0.7726,LOW,PROGRESS,43.3773,44.3653,44.6782,0,-6.6154,WEAK,4.0954
1466,-4,SMA,SMARTSTOP SELF STORAGE REIT INC,Real Estate,,mid,30.98,0.6816,1.0257,0.9177,0.8642,STRONG_UP,3.42,-11.23,-0.41,-21.77,51.6,32.98,0.4567,LOW,EARLY,31.247,31.2989,32.7711,0,-17.5672,WEAK,4.0398
1467,7,WDFC,WD-40,Consumer Staples,,mid,207.3,0.6729,1.0058,0.8823,0.7824,STRONG_UP,6.02,-12.36,-7.17,-23.03,51.2,28.93,1.0093,MED,EARLY,208.071,210.9846,209.0332,0,-21.8765,WEAK,3.9963
1468,0,CRAI,CRA INTERNATIONAL INC,Industrials,,small,148.23,0.6209,1.0133,0.9423,0.8711,STRONG_UP,-14.11,-19.13,-11.01,-38.12,49.6,41.02,0.5702,LOW,-,148.659,154.8144,180.5197,0,-23.1342,WEAK,3.975
1469,-24,SDGR,SCHRODINGER INC,Health Care,,small,13.3,0.4772,1.0934,1.0801,1.082,FLAT,-18.55,-37.85,-39.05,-58.52,49.2,48.46,0.9511,LOW,-,12.5435,12.1252,16.2187,0,-38.4285,WEAK,3.923
1470,-12,CCB,COASTAL FINANCIAL CORP,Financials,,small,69.66,0.6219,0.9899,0.8107,0.8117,FLAT,-29.96,-19.01,60.54,-42.65,51.2,40.76,0.728,LOW,-,73.2605,76.7599,97.6616,0,-23.8784,WEAK,3.7713
1471,-7,MRSH,Marsh McLennan,Financials,Insurance Brokers,large,164.11,0.56,0.9795,0.9238,0.8499,STRONG_UP,-7.35,-27.07,-18.41,-30.94,48.0,27.03,0.629,LOW,EARLY,165.1925,170.0145,183.0854,0,-48.0683,WEAK,3.7207
1472,-6,MA,Mastercard,Financials,Transaction & Payment Processing Services,large,498.54,0.6833,0.9764,0.9468,0.9219,STRONG_UP,-5.25,-11.02,11.8,-18.92,51.2,22.89,0.5508,LOW,EARLY,500.094,501.5339,541.9926,0,-24.6449,WEAK,3.6963
1473,10,PCRX,PACIRA BIOSCIENCES INC,Health Care,,small,23.35,0.6963,1.0308,0.9122,0.917,FLAT,2.41,-9.32,-22.99,-29.61,52.0,35.38,1.1944,MED,-,23.768,23.5322,23.7202,0,-13.6987,WEAK,3.665
1474,10,EXPO,EXPONENT INC,Industrials,,mid,57.77,0.5917,0.9979,0.8396,0.7598,STRONG_UP,-15.05,-22.94,-37.69,-32.45,46.4,30.24,0.7054,LOW,EARLY,60.9095,64.1748,68.9598,0,-35.2064,WEAK,3.6593
1475,-4,VEEV,VEEVA SYSTEMS INC,Health Care,Health Care Technology,,160.17,0.5278,0.9684,0.9518,0.8376,STRONG_UP,-40.79,-31.26,-21.71,-50.55,49.2,41.47,0.6161,LOW,-,162.4115,168.097,228.3172,0,-37.0839,WEAK,3.6542
1476,-22,HRMY,HARMONY BIOSCIENCES HLDG INC,Health Care,,small,30.15,0.6775,1.0013,0.9373,0.9832,FLAT,-9.7,-11.76,2.73,-34.49,48.4,34.38,0.4826,LOW,-,31.0385,29.6042,32.6294,0,-16.5623,WEAK,3.6202
1477,-41,ENOV,ENOVIS CORP,Health Care,,small,24.19,0.5885,0.949,0.9611,0.972,STRONG_DOWN,-9.84,-23.35,-51.65,-40.29,48.0,64.43,0.7528,LOW,-,24.835,24.0314,27.0414,0,-17.3974,WEAK,3.5686
1478,-11,KMB,Kimberly-Clark,Consumer Staples,Household Products,large,99.14,0.5617,1.0173,0.9701,0.8304,STRONG_UP,-2.1,-26.85,-18.66,-32.43,46.8,24.07,0.4778,LOW,SHIFT,97.497,97.6822,107.0273,0,-52.1978,WEAK,3.5037
1479,-27,PRGS,PROGRESS SOFTWARE CORP,Information Technology,,small,29.78,0.3744,1.0106,1.0472,0.6682,FLAT,-24.87,-51.24,-40.74,-61.2,50.4,59.57,0.3875,LOW,-,28.3825,28.925,39.1874,0,-43.3491,WEAK,3.4823
1480,-11,FIZZ,NATIONAL BEVERAGE CORP,Consumer Staples,,mid,35.28,0.6164,0.9915,0.9877,0.8596,STRONG_UP,5.19,-19.73,-16.84,-33.61,45.2,23.5,0.9702,LOW,SHIFT,34.751,34.3466,35.8009,0,-37.9429,WEAK,3.4808
1481,-31,LZ,LEGALZOOM COM INC,Industrials,,small,6.36,0.5262,0.9575,0.9651,0.915,FLAT,-29.49,-31.47,-25.09,-50.98,50.4,47.17,0.6149,LOW,-,6.3445,6.1788,8.6724,0,-33.6201,WEAK,3.4651
1482,-9,CTAS,Cintas,Industrials,Diversified Support Services,large,172.93,0.603,0.9817,0.9439,0.8029,STRONG_UP,-5.13,-21.47,1.08,-27.68,48.0,23.75,0.587,LOW,PROGRESS,169.6939,173.8921,189.418,0,-43.3858,WEAK,3.4101
1483,4,MSEX,MIDDLESEX WATER,Utilities,,small,52.11,0.7185,1.0108,0.9391,0.8855,STRONG_UP,8.7,-6.42,-0.47,-21.04,51.2,27.83,1.0929,MED,-,51.3428,51.7321,52.3332,0,-11.8201,WEAK,3.3303
1484,-27,CPRT,Copart,Industrials,Diversified Support Services,large,33.79,0.4834,1.001,0.9783,0.8805,STRONG_UP,-17.63,-37.04,-36.86,-39.82,47.2,24.55,1.7226,HIGH,SHIFT,33.314,33.266,39.8679,0,-71.2156,WEAK,3.3096
1485,-10,PG,Procter & Gamble,Consumer Staples,Personal Care Products,large,144.44,0.6879,1.0049,0.9333,0.8094,STRONG_UP,-1.1,-10.41,-8.01,-17.62,48.8,20.95,0.4862,LOW,-,144.742,144.2364,147.953,0,-24.2471,WEAK,3.2804
1486,7,PGR,Progressive Corporation,Financials,Property & Casualty Insurance,large,199.51,0.5883,0.9688,0.9509,0.8905,STRONG_UP,-6.07,-23.38,6.71,-29.4,47.6,21.76,1.8778,HIGH,PROGRESS,199.282,200.4161,211.6026,0,-51.1491,WEAK,3.2039
1487,12,DFIN,DONNELLEY FINANCIAL SOLUTIONS INC,Financials,,small,39.0,0.5563,0.9841,0.7396,0.7316,STRONG_UP,-13.14,-27.55,-36.26,-41.51,53.6,47.8,0.692,LOW,-,43.575,46.6354,49.3596,0,-30.8925,WEAK,3.1944
1488,-9,GT,GOODYEAR TIRE & RUBBER,Consumer Discretionary,,small,5.89,0.413,1.0401,0.7988,0.616,STRONG_UP,-22.91,-46.21,-51.8,-53.27,41.2,44.87,0.6129,LOW,-,6.3835,6.5974,7.9204,0,-42.4304,WEAK,3.0556
1489,-3,MMSI,MERIT MEDICAL SYSTEMS INC,Health Care,,mid,64.17,0.5166,0.9989,0.8959,0.7157,STRONG_UP,-24.4,-32.72,-20.68,-37.5,48.0,33.87,0.5308,LOW,PROGRESS,63.229,66.6274,79.6933,0,-46.3727,WEAK,2.9921
1490,0,OTIS,Otis Worldwide,Industrials,Industrial Machinery & Supplies & Components,large,72.77,0.5891,1.0135,0.8993,0.7486,STRONG_UP,-15.33,-23.28,-22.3,-28.39,51.2,24.98,0.7221,LOW,EARLY,74.1829,77.0954,85.3708,0,-47.7225,WEAK,2.9073
1491,13,CPB,Campbell's Company (The),Consumer Staples,Packaged Foods & Meats,mid,20.58,0.4994,1.0023,0.9556,0.7058,STRONG_UP,-30.97,-34.96,-50.55,-38.59,44.4,31.07,0.7746,LOW,PROGRESS,20.51,20.7859,26.7784,0,-49.9555,WEAK,2.6011
1492,0,RSG,Republic Services,Industrials,Environmental & Facilities Services,large,208.93,0.6414,0.9648,0.9536,0.8726,STRONG_UP,-3.79,-16.47,14.61,-22.54,49.2,21.02,0.8684,LOW,PROGRESS,206.4765,212.1833,217.5335,0,-38.5414,WEAK,2.4605
1493,8,IDT,IDT CORP CLASS B,Communication,,small,52.9,0.6693,0.9948,0.978,0.9903,FLAT,10.59,-12.84,30.98,-33.19,49.2,23.23,0.5317,LOW,-,52.3175,50.6039,52.633,1,-27.1842,TREND_ONLY,2.3776
1494,0,AWK,American Water Works,Utilities,Water Utilities,large,125.2,0.6871,0.9936,0.9118,0.8646,STRONG_UP,-0.92,-10.52,2.27,-15.36,50.0,21.1,,LOW,EARLY,126.1979,131.2045,132.1339,0,-24.938,WEAK,2.3529
1495,1,CAG,Conagra Brands,Consumer Staples,Packaged Foods & Meats,mid,13.56,0.5051,0.9741,0.9394,0.6691,STRONG_UP,-18.43,-34.22,-49.03,-36.51,44.8,31.77,0.6769,LOW,EARLY,13.8966,14.4785,16.6322,0,-48.2616,WEAK,2.3506
1496,-47,TRUP,TRUPANION INC,Financials,,small,21.98,0.3789,0.9699,0.7664,0.7817,FLAT,-37.33,-50.65,-21.95,-61.29,45.6,46.63,0.9143,LOW,-,23.907,25.2762,35.0277,0,-49.5323,WEAK,2.3444
1497,-12,SKWD,SKYWARD SPECIALTY INSURANCE GROUP,Financials,,small,47.45,0.5976,0.9823,0.989,0.9679,FLAT,1.82,-22.17,32.69,-36.52,47.2,33.57,0.6858,LOW,-,45.692,45.0008,46.8512,1,-31.1782,TREND_ONLY,2.2065
1498,4,GIS,General Mills,Consumer Staples,Packaged Foods & Meats,large,33.69,0.5121,0.9977,0.9224,0.6934,STRONG_UP,-27.33,-33.31,-46.46,-36.38,46.0,22.81,0.7079,LOW,EARLY,34.2035,35.3441,43.2382,0,-67.1664,WEAK,2.2009
1499,-4,LNN,LINDSAY CORP,Industrials,,small,109.19,0.6151,1.0004,0.9635,0.7421,STRONG_UP,0.26,-19.9,-2.07,-29.99,46.0,36.69,0.955,LOW,-,109.1545,111.2332,123.0386,0,-24.9443,WEAK,2.1506
1500,-9,ESRT,EMPIRE STATE REALTY REIT INC TRUST,Real Estate,,small,5.58,0.6005,0.9996,0.9609,0.8694,STRONG_UP,-14.07,-21.79,-35.95,-41.89,50.4,29.55,0.762,LOW,-,5.5605,5.3636,6.5074,0,-37.1632,WEAK,2.126
1501,-1,BLKB,BLACKBAUD INC,Information Technology,,small,29.57,0.3715,0.9154,0.7552,0.5758,STRONG_UP,-47.35,-51.62,-62.67,-58.71,50.0,48.35,0.9604,LOW,-,34.3675,37.3474,54.1474,0,-53.3813,WEAK,2.1233
1502,1,CXM,SPRINKLR INC CLASS A,Information Technology,,small,5.27,0.5039,0.9963,1.0052,0.9158,FLAT,-23.95,-34.37,-56.05,-48.24,48.4,43.45,0.4618,LOW,-,5.1825,5.4806,6.8483,0,-38.2868,WEAK,2.1034
1503,-21,EIG,EMPLOYERS HOLDINGS INC,Financials,,small,43.9,0.7145,1.0032,1.0125,1.0201,STRONG_DOWN,15.11,-6.95,12.96,-26.13,51.6,21.13,0.7031,LOW,-,42.1337,41.3158,41.1086,1,-16.9609,TREND_ONLY,2.0898
1504,0,STRA,STRATEGIC EDUCATION INC,Consumer Discretionary,,small,78.5,0.7046,0.9602,1.0222,0.9637,FLAT,3.6,-8.24,-28.79,-19.99,54.4,40.49,0.495,LOW,-,78.7065,80.3572,79.9297,0,-11.0757,WEAK,2.0645
1505,0,EPC,EDGEWELL PERSONAL CARE,Consumer Staples,,small,17.66,0.5088,1.0839,0.7223,0.7245,FLAT,5.4,-33.74,-53.58,-42.12,48.0,49.31,0.5553,LOW,-,19.8155,20.7886,19.9583,0,-32.8438,WEAK,1.9803
1506,-9,MGEE,MGE ENERGY INC,Utilities,,mid,76.06,0.6635,1.0046,0.9083,0.8518,STRONG_UP,-5.08,-13.59,1.27,-19.07,50.0,26.2,1.255,MED,EARLY,77.212,77.4098,80.2701,0,-25.9427,WEAK,1.9781
1507,-9,PLMR,PALOMAR HOLDINGS INC,Financials,,mid,113.87,0.5379,0.9851,0.8648,0.8656,FLAT,-6.4,-29.95,39.43,-38.43,51.2,31.35,0.6758,LOW,EARLY,115.16,120.5882,122.3633,0,-48.9168,WEAK,1.924
1508,1,CNMD,CONMED CORP,Health Care,,small,37.23,0.5199,1.0074,0.9298,0.7431,STRONG_UP,-8.37,-32.3,-48.08,-43.17,49.2,40.3,0.5433,LOW,-,36.5705,36.7882,43.0873,0,-39.4289,WEAK,1.8999
1509,-21,BV,BRIGHTVIEW HOLDINGS INC,Industrials,,small,12.59,0.605,0.9759,0.9761,0.8405,FLAT,7.24,-21.21,-8.44,-32.82,45.6,40.03,0.3675,LOW,-,12.44,12.1318,12.97,0,-24.1659,WEAK,1.8918
1510,-30,ALKT,ALKAMI TECHNOLOGY INC,Information Technology,,small,16.8,0.4445,0.9795,0.9911,0.99,FLAT,-19.42,-42.11,-37.62,-50.5,46.8,47.49,,LOW,-,16.7325,16.695,20.4058,0,-41.4971,WEAK,1.8901
1511,-5,JANX,JANUX THERAPEUTICS INC,Health Care,,small,14.52,0.4421,1.0252,0.9262,0.9779,FLAT,-49.21,-42.43,-66.25,-64.94,47.6,35.77,0.4016,LOW,-,14.3667,14.4449,18.9426,0,-56.4582,WEAK,1.8024
1512,-4,EVTC,EVERTEC INC,Financials,,small,24.76,0.526,1.0106,0.805,0.9071,FLAT,-14.14,-31.5,-28.58,-38.64,48.4,49.8,0.7321,LOW,-,26.0677,27.7375,29.8243,0,-30.6185,WEAK,1.7661
1513,-3,TAP,Molson Coors Beverage Company,Consumer Staples,Brewers,mid,42.55,0.6291,1.0113,0.96,0.7921,STRONG_UP,-4.47,-18.07,-15.0,-24.33,49.6,26.51,0.5266,LOW,PROGRESS,42.049,42.7576,45.9092,0,-33.81,WEAK,1.7646
1514,-33,TNET,TRINET GROUP INCINARY,Industrials,,small,42.78,0.413,0.9885,1.0212,1.1524,STRONG_DOWN,-21.03,-46.21,-58.86,-58.94,46.0,45.11,1.0763,MED,-,42.1525,39.4607,53.3763,0,-47.1203,WEAK,1.6391
1515,-4,SGRY,SURGERY PARTNERS INC,Health Care,,small,13.4,0.4513,0.9536,0.8947,0.801,STRONG_UP,-12.42,-41.23,-45.17,-51.8,50.4,41.99,0.5655,LOW,-,14.0567,13.2993,17.0611,0,-49.4855,WEAK,1.6218
1516,-11,ADUS,ADDUS HOMECARE CORP,Health Care,,small,92.65,0.6343,0.9907,0.9269,0.8096,STRONG_UP,-15.83,-17.39,-15.03,-25.88,46.4,33.19,0.5227,LOW,-,96.0765,95.8852,108.2244,0,-24.3181,WEAK,1.5361
1517,-4,SLVM,SYLVAMO CORP,Materials,,small,38.1,0.5614,1.0108,0.8859,0.7653,STRONG_UP,-13.08,-26.89,-41.85,-33.87,45.2,37.68,0.4775,LOW,-,40.7045,40.9727,44.1762,0,-32.2548,WEAK,1.5007
1518,-6,SAFT,SAFETY INSURANCE GROUP INC,Financials,,small,72.72,0.7175,0.9934,0.9157,0.8736,STRONG_UP,-1.88,-6.56,3.81,-17.17,48.8,18.73,0.8714,LOW,-,73.2645,73.7408,73.3433,0,-17.0877,WEAK,1.3304
1519,-4,YELP,YELP INC,Communication,,small,22.39,0.4597,1.0179,0.7459,1.0406,FLAT,-22.39,-40.13,-38.49,-48.97,49.2,44.51,0.6807,LOW,-,25.409,25.6104,28.4003,0,-44.3626,WEAK,1.1277
1520,-31,FBRT,FRANKLIN BSP REALTY TRUST INC,Financials,,small,8.47,0.6774,0.918,0.8873,0.903,FLAT,-7.72,-11.78,-15.45,-23.51,48.8,27.43,0.5817,LOW,-,8.9955,8.8162,9.5927,0,-20.9626,WEAK,0.8553
1521,-4,EPAC,ENERPAC TOOL GROUP CORP CLASS A,Industrials,,small,34.52,0.6237,1.0096,0.9387,0.7601,STRONG_UP,-7.15,-18.77,-8.84,-24.87,47.6,31.42,,LOW,-,34.7195,35.4238,39.2162,0,-28.4399,WEAK,0.6182
1522,-8,AMSF,AMERISAFE INC,Financials,,small,31.05,0.549,0.9786,0.9799,0.776,FLAT,-19.67,-28.5,-18.8,-33.66,45.6,37.06,0.4839,LOW,-,30.604,32.0074,37.2707,0,-35.0697,WEAK,0.054
1523,-4,JJSF,J AND J SNACK FOODS CORP,Consumer Staples,,small,74.55,0.5308,1.0075,0.8482,0.7963,STRONG_UP,-16.75,-30.88,-51.78,-39.93,52.0,33.34,0.6268,LOW,-,77.8185,79.0006,89.2456,0,-48.1608,WEAK,-0.2247
1524,-6,ROP,Roper Technologies,Information Technology,Electronic Equipment & Instruments,large,326.94,0.4462,0.9784,0.8858,0.8923,FLAT,-25.5,-41.9,-39.16,-44.73,51.6,23.29,0.798,LOW,EARLY,338.764,348.0445,421.9953,0,-92.821,WEAK,-0.2914
1525,-9,NAVI,NAVIENT CORP,Financials,,small,8.44,0.517,1.0013,0.9029,0.9067,FLAT,-24.3,-32.68,-37.65,-47.14,51.2,31.92,0.6307,LOW,-,8.6115,8.4674,10.8456,0,-52.4128,WEAK,-0.6059
