rank,delta_rank,ticker,name,sector,industry,cap_band,close,rs_ratio,rs_5,rs_21,rs_63,rs_trend,ret_6m,ret_12m,ret_24m,max_dd,persist_frac,vol_63,rel_vol,vol_label,acc_watch,sma20,sma50,sma200,pass_trend,mqs,regime_label,score_final
1,0,FOLD,AMICUS THERAPEUTICS INC,Health Care,,mid,14.49,1.7959,0.9901,0.9505,0.9121,STRONG_UP,67.13,131.47,44.47,-10.04,47.11,1.72,0.0,LOW,-,14.4595,14.403,10.8803,1,3600.8922,TREND+LEAD,654.4687
2,0,SNDK,Sandisk,Information Technology,"Technology Hardware, Storage & Peripherals",large,1716.36,34.4639,1.0666,1.2919,2.5773,STRONG_DOWN,716.65,4341.93,4667.67,-31.34,60.0,95.04,0.4215,LOW,-,1503.9715,1118.5254,505.1651,1,2741.1146,TREND+LEAD,521.754
3,0,TERN,TERNS PHARMACEUTICALS INC,Health Care,,mid,52.95,11.7547,0.9884,0.9523,1.2611,FLAT,191.09,1415.02,781.03,-27.56,55.36,30.88,0.0,LOW,-,52.83,49.9152,28.4599,1,2536.7744,TREND+LEAD,471.4529
4,0,PKST,PEAKSTONE REALTY TRUST CLASS E,Real Estate,,small,20.99,1.3153,0.9885,0.948,0.9113,STRONG_UP,59.16,69.52,88.08,-16.14,50.65,2.22,1.8604,HIGH,-,20.9515,20.8946,15.9174,1,1586.098,TREND+LEAD,356.6554
5,0,KW,KENNEDY WILSON HOLDINGS INC,Real Estate,,small,11.0,1.4203,0.9871,0.9557,0.9178,STRONG_UP,15.25,83.06,19.73,-17.27,48.4,3.49,0.5392,LOW,-,11.003,10.9229,9.6038,1,1151.934,TREND+LEAD,213.8913
6,-1,VRE,VERIS RESIDENTIAL INC,Real Estate,,small,18.99,0.9911,0.9885,0.9488,0.9096,STRONG_UP,26.47,27.74,28.07,-12.16,50.61,1.59,3.4401,HIGH,-,18.97,18.914,16.1968,1,883.0283,TREND_ONLY,199.8202
7,0,WDC,Western Digital,Information Technology,"Technology Hardware, Storage & Peripherals",large,563.1,8.1604,1.0485,1.2033,1.9394,STRONG_DOWN,244.76,951.76,897.86,-20.59,62.8,64.68,0.6345,LOW,-,496.6965,408.1654,235.1949,1,924.0946,TREND+LEAD,178.641
8,1,WBD,Warner Bros. Discovery,Communication Services,Broadcasting,large,27.18,2.1216,0.9895,0.953,0.8748,STRONG_UP,13.87,173.44,226.29,-21.31,47.6,9.89,0.8802,LOW,-,27.14,27.203,24.2661,1,834.7599,TREND+LEAD,161.6812
9,1,BE,BLOOM ENERGY CLASS A CORP,Industrials,,large,302.85,11.5127,1.0184,0.9918,1.6533,FLAT,206.13,1383.83,1822.86,-45.94,55.2,114.67,0.8973,LOW,-,284.721,228.8576,140.6457,1,666.1507,TREND+LEAD,143.7241
10,-2,GTLS,CHART INDUSTRIES INC,Industrials,,mid,208.28,1.0001,0.9907,0.9475,0.9039,STRONG_UP,2.08,28.89,,-11.76,52.8,2.14,0.7415,LOW,-,207.632,207.615,204.5209,1,712.9016,TREND+LEAD,134.7767
11,2,MU,Micron Technology,Information Technology,Semiconductors,large,1064.1,8.0938,1.1324,1.745,2.3894,STRONG_DOWN,342.89,943.18,736.05,-30.28,58.4,84.8,0.9603,LOW,-,800.511,582.1915,347.8479,1,649.5455,TREND+LEAD,132.64
12,3,DBRG,DIGITALBRIDGE GROUP INC CLASS A,Financials,,mid,15.67,1.1087,0.9867,0.9532,0.9141,STRONG_UP,64.47,42.9,17.71,-33.69,41.6,2.67,0.9027,LOW,-,15.6635,15.575,13.7372,1,668.4135,TREND+LEAD,132.6396
13,-2,SLAB,SILICON LABORATORIES INC,Information Technology,,mid,218.75,1.3565,0.9911,0.9529,0.9666,FLAT,72.73,74.83,76.92,-24.37,53.6,5.86,0.5841,LOW,-,217.4525,213.9654,165.8249,1,684.4716,TREND+LEAD,132.3366
14,5,SATS,ECHOSTAR CORP CLASS A,Communication,,large,123.55,5.9356,0.9968,0.9705,0.9746,FLAT,69.25,665.02,543.82,-19.91,54.0,56.72,0.6747,LOW,-,129.0585,125.0844,98.1535,1,633.1248,TREND+LEAD,125.8101
15,1,COGT,COGENT BIOSCIENCES INC,Health Care,,mid,32.76,4.3899,0.9379,0.8431,0.796,STRONG_UP,-17.61,465.8,290.93,-25.79,46.8,44.23,1.9789,HIGH,-,33.9657,35.38,29.8519,1,492.8687,TREND+LEAD,122.8061
16,1,STX,Seagate Technology,Information Technology,"Technology Hardware, Storage & Peripherals",large,926.61,5.9093,1.0515,1.186,2.2265,STRONG_DOWN,244.56,661.63,957.77,-21.0,58.0,62.61,0.6468,LOW,-,817.008,636.5049,374.6438,1,612.911,TREND+LEAD,121.6878
17,-3,PL,PLANET LABS CLASS A,Industrials,,large,48.09,9.7167,0.9412,1.1795,1.6638,STRONG_DOWN,311.03,1152.34,2417.8,-29.01,52.4,105.42,0.7028,LOW,-,43.38,38.3336,22.2899,1,572.7833,TREND+LEAD,119.0646
18,-12,CELC,CELCUITY INC,Health Care,,mid,91.42,5.9406,0.6742,0.5961,0.7331,FLAT,-7.17,665.66,510.69,-36.94,54.4,84.98,5.5452,HIGH,EARLY,131.0365,123.3868,95.1024,0,426.1237,WEAK,110.5647
19,-1,VSAT,VIASAT INC,Information Technology,,mid,72.61,6.3371,0.8384,1.0755,1.3653,STRONG_DOWN,122.39,716.76,346.01,-23.78,54.0,78.74,1.2853,MED,-,73.523,63.1424,43.8992,1,491.5553,TREND+LEAD,109.8521
20,11,CSGS,CSG SYSTEMS INTERNATIONAL INC,Industrials,,mid,80.69,1.0055,0.9922,0.9502,0.9147,STRONG_UP,3.67,29.59,99.1,-7.98,53.56,2.91,0.0,LOW,-,80.417,80.1318,74.0592,1,544.6717,TREND+LEAD,103.4841
21,0,AES,AES Corporation,Utilities,Independent Power Producers & Energy Traders,large,14.68,1.1661,0.988,0.9718,0.9355,STRONG_UP,7.48,50.29,-21.54,-18.98,52.4,5.22,0.7123,LOW,-,14.5375,14.3144,13.9682,1,504.8202,TREND+LEAD,101.0531
22,0,CIEN,Ciena,Information Technology,Communications Equipment,large,627.0,5.8429,1.0643,1.1006,1.6417,STRONG_DOWN,212.06,653.06,1208.43,-16.84,61.6,79.84,0.9836,LOW,-,570.7315,509.6442,287.345,1,503.866,TREND+LEAD,100.5637
23,-11,PRAX,PRAXIS PRECISION MEDICINES INC,Health Care,,mid,258.08,4.8602,0.714,0.7226,0.7141,FLAT,39.84,526.41,448.52,-36.33,52.0,74.9,3.725,HIGH,-,335.953,326.59,232.439,1,365.4633,TREND+LEAD,97.479
24,6,SKYT,SKYWATER TECHNOLOGY INC,Information Technology,,small,39.91,3.4832,1.041,1.172,1.2249,STRONG_DOWN,161.36,348.93,430.72,-42.64,50.4,41.12,1.1052,MED,-,35.9955,32.5954,23.7038,1,427.6785,TREND+LEAD,96.9634
25,-2,AAOI,APPLIED OPTOELECTRONICS INC,Information Technology,,mid,202.37,9.3684,1.1118,1.1059,1.8257,FLAT,662.8,1107.46,1786.02,-47.64,51.6,151.3,1.004,MED,-,179.844,151.9452,67.6691,1,377.6923,TREND+LEAD,96.7763
26,6,TE,T1 ENERGY INC,Industrials,,small,12.04,8.1944,1.0854,2.2316,1.5254,FLAT,169.35,956.14,430.4,-58.59,49.2,137.25,1.5289,HIGH,-,7.772,6.1786,5.2715,1,342.7476,TREND+LEAD,95.2425
27,10,CIFR,CIPHER DIGITAL INC,Information Technology,,mid,26.29,5.9382,1.0324,1.3891,1.4744,STRONG_DOWN,33.52,665.36,622.25,-51.38,50.4,99.06,1.1317,MED,-,21.8528,18.5281,16.1182,1,338.5219,TREND+LEAD,87.2838
28,-3,HUT,HUT CORP,Information Technology,,mid,133.02,6.4264,1.1172,1.6104,2.2073,STRONG_DOWN,205.3,728.27,1384.6,-38.62,58.8,109.25,0.7619,LOW,-,108.029,81.9734,54.1045,1,391.9654,TREND+LEAD,85.0321
29,0,WULF,TERAWULF INC,Information Technology,,mid,26.49,5.4373,0.9788,1.1234,1.5503,STRONG_DOWN,73.14,600.79,1192.2,-31.74,54.0,80.2,0.8025,LOW,-,23.915,20.6434,15.0495,1,404.5244,TREND+LEAD,84.933
30,-10,ERAS,ERASCA INC,Health Care,,mid,13.48,7.238,1.068,1.2567,0.802,FLAT,349.33,832.87,422.48,-59.46,54.4,130.86,0.9783,LOW,-,11.2077,14.3719,7.834,1,346.2344,TREND+LEAD,83.6643
31,10,AEHR,AEHR TEST SYSTEMS,Information Technology,,small,113.0,8.5619,1.0754,1.2477,2.3827,STRONG_DOWN,401.55,1003.52,911.64,-42.31,53.2,136.98,0.8688,LOW,-,96.6415,78.997,40.1675,1,389.7433,TREND+LEAD,82.7611
32,-6,ALMS,ALUMIS INC,Health Care,,mid,20.04,4.5068,0.9283,0.7502,0.6244,STRONG_UP,172.65,480.87,50.68,-33.16,50.0,71.75,1.1638,MED,-,22.7258,23.4201,15.5995,1,335.1008,TREND+LEAD,82.3916
33,3,AMPX,AMPRIUS TECHNOLOGIES INC,Industrials,,mid,22.91,6.7077,1.3191,1.0626,1.6421,FLAT,115.93,764.53,1560.14,-46.41,53.6,115.52,,LOW,-,18.184,18.4248,13.0238,1,354.7326,TREND+LEAD,81.4173
34,0,EA,Electronic Arts,Communication Services,Interactive Home Entertainment,large,202.01,1.076,0.9946,0.9471,0.9016,STRONG_UP,-0.02,38.68,53.29,-7.46,53.6,5.06,0.6773,LOW,-,200.9341,201.9451,197.012,1,409.7313,TREND+LEAD,79.7589
35,5,POWL,POWELL INDUSTRIES INC,Industrials,,mid,299.07,4.0208,0.9985,1.0476,1.5741,STRONG_DOWN,180.97,418.23,427.83,-30.88,58.0,65.26,0.7366,LOW,-,292.3786,250.6953,156.8713,1,371.7034,TREND+LEAD,78.1718
36,-9,HOLX,Hologic,Health Care,Health Care Equipment,large,76.01,0.9355,0.9935,0.9504,0.9127,STRONG_UP,12.87,20.57,1.99,-8.19,51.18,2.62,0.0,LOW,-,75.4925,75.3052,71.338,1,401.9044,TREND_ONLY,77.6259
37,7,VSH,VISHAY INTERTECHNOLOGY INC,Information Technology,,mid,62.49,3.3668,1.2626,1.9323,3.1797,STRONG_DOWN,360.36,333.93,174.41,-33.46,57.6,67.58,2.7053,HIGH,-,42.0145,30.628,19.7558,1,284.6157,TREND+LEAD,76.8601
38,13,VIAV,VIAVI SOLUTIONS INC,Information Technology,,mid,52.88,4.4117,0.9847,0.9523,1.4596,FLAT,200.28,468.6,594.88,-21.13,55.2,80.84,1.0242,MED,-,51.281,45.338,25.2299,1,319.9757,TREND+LEAD,74.7605
39,4,VICR,VICOR CORP,Industrials,,mid,332.95,5.8858,0.9512,1.2538,1.474,STRONG_DOWN,271.06,658.6,849.66,-32.01,58.0,112.86,0.7377,LOW,-,292.679,240.225,140.0186,1,338.4624,TREND+LEAD,73.3589
40,28,RLAY,RELAY THERAPEUTICS INC,Health Care,,mid,15.7,3.7025,1.075,1.1338,1.3914,STRONG_DOWN,112.16,377.2,131.22,-28.15,53.2,72.84,2.986,HIGH,-,13.303,13.305,8.6487,1,275.4974,TREND+LEAD,73.2438
41,1,TTMI,TTM TECHNOLOGIES INC,Information Technology,,large,179.62,4.3027,0.9307,1.0783,1.5368,STRONG_DOWN,164.54,454.55,861.56,-23.26,56.4,86.18,1.0642,MED,-,171.249,140.0124,89.1593,1,297.4801,TREND+LEAD,72.1822
42,4,TTI,TETRA TECHNOLOGIES INC,Energy,,small,10.89,2.8353,1.0356,1.1057,1.1391,STRONG_DOWN,41.25,265.44,206.76,-37.66,56.0,42.83,0.47,LOW,-,10.325,9.4328,8.3696,1,347.0565,TREND+LEAD,71.6085
43,-10,BELFB,BEL FUSE INC CLASS B,Information Technology,,mid,269.22,2.8576,0.9495,0.8877,1.133,FLAT,74.06,268.31,297.59,-19.54,64.0,55.4,1.0341,MED,-,275.2955,252.4342,191.8593,1,309.9573,TREND+LEAD,71.5667
44,3,GSAT,GLOBALSTAR VOTING INC,Communication,,mid,82.64,3.3836,0.9686,0.959,1.2127,FLAT,37.46,336.09,396.34,-26.53,56.4,56.96,0.9119,LOW,-,82.6015,77.9332,58.5613,1,332.7907,TREND+LEAD,70.583
45,5,FIX,Comfort Systems USA,Industrials,Construction & Engineering,large,1883.26,2.9479,0.9966,0.9413,1.1854,FLAT,96.11,279.94,498.27,-13.77,58.8,54.45,1.1509,MED,-,1913.5021,1719.3118,1181.8269,1,302.3082,TREND+LEAD,69.6774
46,13,NESR,NATIONAL ENERGY SERVICES REUNITED,Energy,,mid,24.72,3.2127,0.9677,0.9692,0.9844,STRONG_DOWN,77.08,314.07,174.67,-27.39,56.4,54.16,0.5265,LOW,-,25.2245,23.9818,17.3112,1,327.06,TREND+LEAD,68.8044
47,-9,ARWR,ARROWHEAD PHARMACEUTICALS INC,Health Care,,mid,70.82,3.3081,0.8858,0.8764,0.9786,FLAT,25.9,326.37,187.65,-24.64,55.2,55.27,0.9785,LOW,-,76.557,70.5224,54.8771,1,325.9563,TREND+LEAD,68.7967
48,-13,URGN,UROGEN PHARMA LTD,Health Care,,small,26.54,4.1184,0.894,1.0772,1.1842,STRONG_DOWN,-6.75,430.8,102.13,-42.22,48.0,65.34,0.8743,LOW,-,28.5805,24.0612,21.4972,1,316.4738,TREND+LEAD,67.4478
49,3,VISN,VISTANCE NETWORKS INC,Information Technology,,mid,12.44,3.2966,0.9841,0.9514,1.3059,FLAT,29.41,324.89,1588.31,-16.25,54.4,54.71,0.7548,LOW,-,11.954,10.4947,8.9739,1,323.051,TREND+LEAD,65.9959
50,-26,SEMR,SEMRUSH HOLDINGS INC CLASS A,Information Technology,,small,12.0,0.9292,0.9888,0.9508,0.9056,STRONG_UP,56.25,19.76,-20.58,-34.72,45.33,2.84,,LOW,-,11.9625,11.917,9.9915,1,315.4022,TREND_ONLY,65.3011
51,9,LRCX,Lam Research,Information Technology,Semiconductor Materials & Equipment,large,334.41,3.1241,1.036,1.2225,1.349,STRONG_DOWN,116.66,302.65,264.01,-20.01,60.0,58.84,0.8238,LOW,-,299.924,267.4906,194.8108,1,308.6205,TREND+LEAD,65.2848
52,26,UCTT,ULTRA CLEAN HOLDINGS INC,Information Technology,,mid,90.21,3.3993,0.9732,1.1664,1.3761,STRONG_DOWN,255.72,338.13,95.26,-29.74,54.8,78.13,2.0584,HIGH,-,84.282,76.4744,45.1464,1,237.1594,TREND+LEAD,65.1798
53,10,ICHR,ICHOR HOLDINGS LTD,Information Technology,,small,74.95,3.3421,1.0042,1.0162,1.4452,STRONG_DOWN,353.14,330.75,100.62,-40.8,57.2,78.71,3.1366,HIGH,-,71.1287,63.2825,34.7315,1,240.36,TREND+LEAD,65.0397
54,-5,FET,FORUM ENERGY TECHNOLOGIES INC,Energy,,small,52.72,2.6752,0.9711,0.8371,0.8053,STRONG_UP,62.52,244.8,202.64,-22.19,58.8,46.54,0.5793,LOW,-,55.3055,58.0842,42.005,1,309.2882,TREND+LEAD,63.7766
55,0,DNTH,DIANTHUS THERAPEUTICS INC,Health Care,,mid,81.57,3.598,0.9299,0.8631,1.1829,FLAT,88.82,363.73,272.64,-19.03,51.2,68.86,1.1313,MED,-,87.2915,87.1544,53.9799,1,270.4465,TREND+LEAD,63.7652
56,-8,INBX,INHIBRX BIOSCIENCES INC,Health Care,,small,93.63,5.3692,0.8981,0.6917,1.1286,FLAT,15.92,592.02,419.59,-37.56,56.4,114.86,0.7876,LOW,-,112.789,97.9019,71.0876,1,290.7,TREND+LEAD,63.5257
57,5,TER,Teradyne,Information Technology,Semiconductor Materials & Equipment,large,392.62,3.7496,1.0321,1.1003,1.1576,STRONG_DOWN,118.75,383.27,180.43,-26.73,59.2,81.92,0.6398,LOW,-,360.8788,351.9225,236.4023,1,276.974,TREND+LEAD,62.2907
58,22,MRVL,Marvell Technology,Technology,Semiconductors,large,290.79,3.6278,1.4459,1.6796,3.3514,STRONG_DOWN,219.59,367.57,328.88,-26.36,54.8,93.98,3.523,HIGH,-,189.4915,153.3207,100.1348,1,214.3306,TREND+LEAD,62.0712
59,10,ACMR,ACM RESEARCH CLASS A INC,Information Technology,,mid,91.92,3.0543,1.0246,1.6961,1.5956,FLAT,175.95,293.66,331.95,-46.34,58.8,78.22,1.0802,MED,-,71.0615,56.8515,45.7904,1,220.7531,TREND+LEAD,61.8153
60,-32,TNGX,TANGO THERAPEUTICS INC,Health Care,,mid,21.5,5.1486,1.081,0.8949,1.566,FLAT,106.33,563.58,207.14,-29.24,52.0,107.7,0.8761,LOW,-,22.119,22.3762,13.0488,1,272.1093,TREND+LEAD,61.1714
61,-3,FLNC,FLUENCE ENERGY INC CLASS A,Industrials,,mid,27.91,4.5398,1.2995,2.1397,1.589,FLAT,43.94,485.12,14.39,-63.3,50.4,152.53,2.766,HIGH,-,20.781,16.4959,17.0697,1,160.2951,TREND+LEAD,61.0428
62,0,AMD,Advanced Micro Devices,Information Technology,Semiconductors,large,521.54,3.4494,1.0398,1.4435,2.3217,STRONG_DOWN,137.32,344.58,218.89,-27.76,55.6,71.91,0.6082,LOW,-,456.5845,340.6478,240.914,1,266.4275,TREND+LEAD,60.5914
63,0,KLIC,KULICKE AND SOFFA INDUSTRIES INC,Information Technology,,mid,108.36,2.5978,1.0137,1.166,1.4432,STRONG_DOWN,143.83,234.81,150.28,-17.99,57.2,51.17,1.2112,MED,-,101.744,86.4346,58.2183,1,262.4851,TREND+LEAD,60.4053
64,1,HL,HECLA MINING,Materials,,large,17.8,2.3965,1.0382,0.9573,0.7362,STRONG_UP,4.14,208.88,207.1,-48.56,52.8,60.67,1.1821,MED,-,18.0752,18.3901,17.28,1,181.7819,TREND+LEAD,60.1439
65,25,AMAT,Applied Materials,Information Technology,Semiconductor Materials & Equipment,large,490.05,2.3681,1.0801,1.1851,1.2337,STRONG_DOWN,92.84,205.21,132.63,-21.37,59.2,51.51,1.3713,MED,-,436.2861,401.5188,294.7236,1,235.8448,TREND+LEAD,58.1298
66,-21,GLUE,MONTE ROSA THERAPEUTICS INC,Health Care,,small,17.74,2.9664,0.9143,0.8569,0.8575,FLAT,12.42,282.33,345.73,-41.84,47.6,51.53,0.9846,LOW,-,19.0455,18.366,15.074,1,260.7955,TREND+LEAD,57.7192
67,-14,PVLA,PALVELLA THERAPEUTICS INC,Health Care,,small,104.67,3.3229,0.8895,0.7754,0.6949,STRONG_UP,10.73,328.27,926.18,-29.93,53.2,66.01,0.8382,LOW,-,117.047,121.3306,94.1941,1,264.5681,TREND+LEAD,57.3702
68,-12,INTC,Intel,Information Technology,Semiconductors,large,107.93,4.1272,0.8757,1.0652,2.13,STRONG_DOWN,169.76,431.94,258.58,-24.17,52.0,88.58,0.8553,LOW,-,116.2565,84.994,50.0229,1,253.5642,TREND+LEAD,57.2657
69,-2,GPRE,GREEN PLAINS INC,Energy,,small,16.14,2.9604,1.0176,0.8443,0.9564,FLAT,57.77,281.56,-8.19,-21.17,55.2,56.01,0.7475,LOW,-,16.4515,16.3116,12.4134,1,277.4884,TREND+LEAD,57.0689
70,41,GLW,Corning Inc.,Information Technology,Electronic Components,large,200.4,3.0954,1.0388,1.1861,1.2465,STRONG_DOWN,142.56,298.96,455.45,-23.01,58.8,78.8,1.1988,MED,-,188.4809,169.1399,113.1893,1,223.08,TREND+LEAD,56.6038
71,-14,SPHR,SPHERE ENTERTAINMENT CLASS A,Communication,,mid,141.95,2.9029,1.0664,0.9833,1.101,FLAT,70.74,274.14,276.03,-17.66,52.0,53.65,0.7388,LOW,-,135.34,130.2872,93.2261,1,265.7121,TREND+LEAD,55.8513
72,-2,AXGN,AXOGEN INC,Health Care,,small,39.46,2.6951,0.9778,0.875,1.2148,FLAT,38.31,247.36,478.59,-19.3,56.0,50.81,0.5315,LOW,-,41.279,37.9886,28.7718,1,272.6257,TREND+LEAD,55.7411
73,8,HPE,Hewlett Packard Enterprise,Information Technology,"Technology Hardware, Storage & Peripherals",large,56.15,2.525,1.4913,1.8488,2.3589,STRONG_DOWN,159.12,225.44,229.65,-23.73,57.2,67.25,6.6013,HIGH,-,35.6235,29.8115,24.4878,1,191.7504,TREND+LEAD,55.3474
74,-20,KOD,KODIAK SCIENCES INC,Health Care,,mid,33.215,6.5408,0.9352,0.743,1.1132,FLAT,51.39,743.02,925.15,-32.4,52.0,167.93,0.7915,LOW,-,38.0627,39.4635,24.9594,1,230.0783,TREND+LEAD,55.105
75,23,COHU,COHU INC,Information Technology,,small,57.59,2.4741,1.0357,1.166,1.7396,STRONG_DOWN,139.96,218.88,76.06,-20.23,56.8,57.34,3.9494,HIGH,-,49.442,42.7144,29.204,1,216.8202,TREND+LEAD,54.8389
76,24,PLUG,PLUG POWER INC,Industrials,,mid,4.09,3.4872,0.9761,1.2352,1.4835,STRONG_DOWN,113.02,349.45,18.55,-56.66,44.0,89.19,1.0297,MED,-,3.66,3.1176,2.486,1,172.394,TREND+LEAD,54.3146
77,-16,DELL,Dell Technologies,Information Technology,"Technology Hardware, Storage & Peripherals",large,435.31,3.0642,1.4087,1.9443,2.6702,STRONG_DOWN,232.02,294.93,240.59,-32.34,53.2,93.54,1.7947,HIGH,-,283.971,227.3731,156.5786,1,167.7399,TREND+LEAD,54.1153
78,29,LQDA,LIQUIDIA CORP,Health Care,,mid,55.11,2.5867,0.8778,1.3538,1.4419,STRONG_DOWN,71.95,233.39,280.07,-35.66,55.6,72.2,1.6569,HIGH,-,55.5975,44.8892,34.5597,1,179.7326,TREND+LEAD,54.0475
79,18,MXL,MAXLINEAR INC,Information Technology,,small,88.76,5.7151,0.8674,1.074,4.5834,STRONG_DOWN,451.99,636.6,411.0,-26.81,56.8,183.07,1.9582,HIGH,-,92.449,56.1402,26.6795,1,197.5132,TREND+LEAD,53.8769
80,4,CAT,Caterpillar Inc.,Industrials,Construction Machinery & Heavy Transportation Equipment,large,909.81,2.0422,0.9879,0.9831,1.1202,FLAT,60.84,163.21,182.05,-13.88,57.2,41.57,1.108,MED,-,893.7055,822.2044,638.3863,1,224.576,TREND+LEAD,53.692
81,36,PENG,PENGUIN SOLUTIONS INC,Information Technology,,small,70.65,2.8491,1.2822,2.0612,3.31,STRONG_DOWN,250.45,267.2,241.97,-44.57,54.0,78.14,2.1711,HIGH,-,49.1065,34.0668,24.6239,1,184.6558,TREND+LEAD,53.2994
82,4,CRDO,CREDO TECHNOLOGY GROUP HOLDING LTD,Information Technology,,large,229.0,2.4705,1.0227,1.2022,2.0089,STRONG_DOWN,33.82,218.41,809.09,-53.59,54.0,98.63,2.2017,HIGH,-,199.9953,163.9467,146.3122,1,119.5793,TREND+LEAD,52.542
83,35,GOOGL,Alphabet Inc. (Class A),Communication Services,Interactive Media & Services,large,361.85,1.6953,0.9195,0.8925,1.0745,FLAT,15.07,118.5,110.68,-20.37,54.4,35.28,1.662,HIGH,-,389.613,350.1766,301.3673,1,182.7224,TREND+LEAD,52.4815
84,-18,UUUU,ENERGY FUELS INC,Energy,,mid,19.54,2.717,1.0521,0.8543,0.8059,STRONG_UP,38.88,250.18,186.51,-51.28,52.0,80.34,1.4244,MED,-,19.36,19.4494,18.0274,1,161.9283,TREND+LEAD,52.2904
85,-6,ORKA,ORUKA THERAPEUTICS INC,Health Care,,mid,55.23,3.5889,0.941,0.7856,1.4199,FLAT,99.6,362.56,129.43,-27.99,54.0,86.22,0.7669,LOW,-,61.3175,60.6452,35.6336,1,227.0748,TREND+LEAD,52.022
86,34,CENX,CENTURY ALUMINUM,Materials,,mid,68.77,2.7475,1.0339,1.0873,1.1578,STRONG_DOWN,132.72,254.12,288.31,-23.56,54.0,65.22,1.2446,MED,-,62.3435,60.9492,42.6216,1,210.4025,TREND+LEAD,51.705
87,37,GOOG,Alphabet Inc. (Class C),Communication Services,Interactive Media & Services,large,358.39,1.6638,0.9201,0.8924,1.0632,FLAT,13.89,114.44,107.16,-20.75,53.6,34.44,1.7374,HIGH,-,386.0415,347.583,301.0637,1,178.0986,TREND+LEAD,51.6048
88,8,LASR,NLIGHT INC,Information Technology,,mid,76.36,3.6214,0.9269,1.0399,1.0249,FLAT,131.04,366.75,503.64,-24.74,55.6,89.6,0.494,LOW,-,75.7113,70.1811,47.1195,1,227.5803,TREND+LEAD,51.2649
89,44,KLAC,KLA Corporation,Information Technology,Semiconductor Materials & Equipment,large,2045.2,2.0586,1.0324,1.1298,1.2481,STRONG_DOWN,77.2,165.33,175.48,-22.41,61.2,51.1,1.0741,MED,-,1861.2237,1750.0185,1356.3216,1,198.0043,TREND+LEAD,50.8382
90,32,OMER,OMEROS CORP,Health Care,,small,10.26,2.5352,0.9157,0.6505,0.7963,FLAT,5.99,226.75,152.71,-42.9,47.6,63.04,1.8772,HIGH,-,12.638,12.4298,9.7771,1,171.2147,TREND+LEAD,50.8265
91,-16,FORM,FORMFACTOR INC,Information Technology,,mid,125.11,3.0953,0.9292,0.8801,1.2154,FLAT,128.14,298.95,133.76,-25.8,54.4,73.48,0.7726,LOW,-,131.754,126.3382,75.4805,1,221.3222,TREND+LEAD,50.1698
92,-7,SMTC,SEMTECH CORP,Information Technology,,mid,166.63,3.3924,1.0473,1.4707,1.6701,STRONG_DOWN,131.4,337.23,336.43,-26.68,53.2,80.08,0.9481,LOW,-,141.5855,111.5318,82.4075,1,224.0368,TREND+LEAD,50.1231
93,-21,ENS,ENERSYS,Industrials,,mid,237.51,2.1802,0.9956,1.0632,1.2802,STRONG_DOWN,67.22,181.0,125.44,-18.32,59.2,44.79,0.9312,LOW,-,230.2325,206.94,156.6497,1,239.2289,TREND+LEAD,50.092
94,-30,DOCN,DIGITALOCEAN HOLDINGS INC,Information Technology,,mid,173.07,4.4656,1.1368,1.5035,2.979,STRONG_DOWN,290.06,475.56,372.48,-24.11,52.4,112.31,0.4726,LOW,-,157.946,116.5142,64.916,1,221.8786,TREND+LEAD,49.5315
95,8,NUE,Nucor,Materials,Steel,large,258.46,1.6643,1.0361,1.082,1.325,STRONG_DOWN,61.93,114.5,59.89,-18.43,56.8,28.92,0.8378,LOW,-,235.143,208.8216,169.7564,1,224.8879,TREND+LEAD,48.938
96,766,SEM,SELECT MEDICAL HOLDINGS CORP,Health Care,,mid,16.49,0.8507,0.9868,0.9518,0.9163,STRONG_UP,8.44,9.65,-7.71,-24.02,51.6,2.24,0.3137,LOW,-,16.4615,16.371,14.7625,1,222.21,TREND_ONLY,48.7823
97,-23,SYRE,SPYRE THERAPEUTICS INC,Health Care,,mid,69.16,3.2384,0.9424,0.9457,1.5174,STRONG_DOWN,141.31,317.38,87.99,-20.91,52.8,74.3,0.7276,LOW,-,72.9483,65.0597,37.1261,1,225.5412,TREND+LEAD,48.7609
98,16,CLMT,CALUMET INC,Energy,,mid,36.11,2.1225,1.0469,0.9995,1.1079,FLAT,86.81,173.56,119.38,-22.81,56.4,45.61,0.6472,LOW,-,33.5165,32.996,23.9193,1,214.62,TREND+LEAD,47.7227
99,2,DFTX,DEFINIUM THERAPEUTICS INC,Health Care,,mid,22.86,2.3064,0.9603,0.9935,1.1579,STRONG_DOWN,86.46,197.27,163.97,-24.79,51.2,53.25,1.1785,MED,-,22.2745,21.4942,15.43,1,189.6748,TREND+LEAD,47.673
100,15,SANM,SANMINA CORP,Information Technology,,mid,278.36,2.4498,1.0504,1.2152,1.7943,STRONG_DOWN,83.18,215.74,316.21,-32.69,57.2,60.85,0.6316,LOW,-,244.6485,194.7458,154.7862,1,202.803,TREND+LEAD,47.5223
101,-8,SLS,SELLAS LIFE SCIENCES GROUP INC,Health Care,,small,8.33,3.9409,0.9592,1.5686,1.3526,FLAT,455.33,407.93,486.62,-36.53,50.0,113.08,1.2953,MED,-,7.162,5.7308,3.5349,1,180.3709,TREND+LEAD,47.5119
102,4,MTRN,MATERION CORP,Materials,,mid,230.0,2.3089,1.0241,1.1487,1.293,STRONG_DOWN,89.1,197.58,104.71,-20.73,56.4,50.65,0.9791,LOW,-,209.1856,182.0405,142.4338,1,220.0152,TREND+LEAD,47.3187
103,-21,NBR,NABORS INDUSTRIES LTD,Energy,,small,94.38,2.4515,0.955,0.8602,1.0672,FLAT,83.48,215.97,36.58,-21.38,53.6,51.61,0.4726,LOW,-,100.956,92.6356,63.9427,1,224.2966,TREND+LEAD,47.2817
104,28,TXG,10X GENOMICS INC CLASS A,Health Care,,mid,30.71,2.6155,1.1894,1.3409,1.2349,FLAT,69.86,237.1,38.4,-28.03,50.8,68.28,1.1889,MED,-,23.8393,22.8779,18.0533,1,176.4028,TREND+LEAD,47.146
105,-29,ALB,Albemarle Corporation,Materials,Specialty Chemicals,large,171.77,2.3787,0.9563,0.8515,0.9201,FLAT,34.59,206.59,47.18,-21.62,57.2,58.96,0.986,LOW,-,184.073,184.9256,141.0192,1,200.4203,TREND+LEAD,46.9174
106,-1,KRYS,KRYSTAL BIOTECH INC,Health Care,,mid,293.21,1.7378,0.9448,0.9659,0.9953,STRONG_DOWN,36.31,123.98,78.5,-15.94,57.2,35.55,1.1977,MED,-,302.253,279.0706,233.9871,1,199.4812,TREND+LEAD,46.7462
107,-34,TYRA,TYRA BIOSCIENCES INC,Health Care,,mid,28.66,2.3043,0.8537,0.771,0.731,STRONG_UP,37.72,196.99,77.57,-27.64,54.0,54.15,0.6799,LOW,-,33.69,35.2624,25.2411,1,196.4491,TREND+LEAD,46.7188
108,-6,ARM,Arm Holdings,Technology,Semiconductors,large,402.71,2.4263,1.3144,1.8729,2.9188,STRONG_DOWN,198.28,212.71,216.8,-41.47,53.6,98.11,1.5448,HIGH,-,268.7975,209.4249,153.4889,1,116.2098,TREND+LEAD,46.4385
109,42,DHC,DIVERSIFIED HEALTHCARE TRUST,Real Estate,,small,8.5,2.0653,0.9522,1.0354,1.0141,FLAT,76.53,166.19,245.34,-15.7,51.6,43.05,1.424,MED,-,8.5365,7.703,5.7174,1,199.1916,TREND+LEAD,46.1591
110,2,APLD,APPLIED DIGITAL CORP,Information Technology,,mid,47.86,3.6228,0.9654,1.2698,1.5027,STRONG_DOWN,69.66,366.93,1108.59,-50.31,48.4,107.17,0.7571,LOW,-,44.3095,35.2415,29.5725,1,165.7111,TREND+LEAD,46.0682
111,-19,INDV,INDIVIOR PHARMACEUTICALS INC,Health Care,,mid,33.71,2.0635,0.8975,0.8175,0.9429,FLAT,0.33,165.96,83.61,-21.37,52.4,42.38,0.8865,LOW,-,37.5805,34.3414,31.2074,1,205.1941,TREND+LEAD,45.5739
112,-3,CECO,CECO ENVIRONMENTAL CORP,Industrials,,mid,78.47,2.1916,0.8916,0.9489,1.2716,STRONG_DOWN,51.14,182.47,219.89,-35.08,54.4,69.38,1.6101,HIGH,-,82.151,71.6846,60.2161,1,143.072,TREND+LEAD,45.5535
113,15,AAMI,ACADIAN ASSET MANAGEMENT INC,Financials,,small,72.7,1.9089,0.9641,1.0174,1.1984,STRONG_DOWN,66.16,146.03,221.94,-18.2,58.4,38.29,0.6111,LOW,-,70.864,65.184,52.8947,1,222.7203,TREND+LEAD,45.317
114,-20,GH,GUARDANT HEALTH INC,Health Care,,large,130.17,2.2056,1.0086,1.3497,1.2588,FLAT,23.71,184.28,374.9,-32.98,55.6,60.77,0.8611,LOW,-,108.6895,96.098,89.876,1,168.5988,TREND+LEAD,45.1844
115,15,VSCO,VICTORIA S SECRET,Consumer Discretionary,,mid,54.3,2.0785,0.9594,0.9803,0.7863,FLAT,31.38,167.88,132.65,-35.55,51.81,64.06,1.6891,HIGH,-,50.071,49.6284,44.4329,1,135.7797,TREND+LEAD,45.1116
116,3,PACS,PACS GROUP INC,Health Care,,mid,36.91,2.8076,0.9303,1.0729,0.9134,FLAT,10.11,261.86,21.14,-42.03,47.6,73.46,0.9584,LOW,-,36.81,34.913,27.6846,1,169.6796,TREND+LEAD,45.0615
117,10,HLIO,HELIOS TECHNOLOGIES INC,Industrials,,mid,83.48,2.0546,0.9997,1.205,1.0746,FLAT,57.93,164.81,77.41,-17.07,51.2,46.83,1.1919,MED,-,76.923,71.3477,61.6933,1,180.1859,TREND+LEAD,44.3294
118,32,GNRC,Generac,Industrials,Electrical Components & Equipment,large,284.58,1.7354,1.0023,1.0464,1.1589,STRONG_DOWN,90.71,123.67,101.3,-32.77,55.6,54.95,1.7146,HIGH,-,267.118,234.398,191.1162,1,125.1366,TREND+LEAD,44.2046
119,49,PDFS,PDF SOLUTIONS INC,Information Technology,,small,55.48,2.3218,1.1516,1.1812,1.5077,STRONG_DOWN,106.17,199.24,59.65,-24.65,54.0,65.71,1.8173,HIGH,-,48.243,42.682,31.6947,1,163.738,TREND+LEAD,44.016
120,-12,CBL,CBL ASSOCIATES PROPERTIES INC,Real Estate,,small,48.49,1.6026,1.0021,1.0583,1.16,STRONG_DOWN,46.65,106.56,149.4,-12.31,56.8,27.58,0.8551,LOW,-,46.7155,43.7547,35.7577,1,219.4512,TREND+LEAD,43.5118
121,20,KN,KNOWLES CORP,Information Technology,,mid,39.21,1.8294,1.0298,1.1608,1.325,STRONG_DOWN,74.81,135.78,123.42,-15.32,56.8,37.13,0.9318,LOW,-,35.9755,31.4822,25.4806,1,207.7089,TREND+LEAD,43.424
122,16,AEIS,ADVANCED ENERGY INDUSTRIES INC,Information Technology,,large,312.28,2.0433,0.9397,0.763,0.8501,FLAT,50.39,163.35,190.09,-24.24,57.2,61.74,1.2961,MED,-,329.1846,347.7451,254.2542,1,151.3377,TREND+LEAD,43.1889
123,-28,NWPX,NWPX INFRASTRUCTURE INC,Industrials,,small,119.72,2.3309,0.9712,1.0612,1.3154,STRONG_DOWN,106.77,200.43,242.35,-15.7,53.6,50.9,,LOW,-,113.615,95.6698,70.0275,1,211.0583,TREND+LEAD,42.9204
124,58,GS,Goldman Sachs,Financials,Investment Banking & Brokerage,large,1064.58,1.3954,1.0602,1.119,1.1091,FLAT,33.22,79.85,143.7,-19.42,59.2,29.48,1.0077,MED,-,969.3137,918.7169,848.9413,1,160.3575,TREND+LEAD,42.7509
125,23,GTX,GARRETT MOTION INC,Consumer Discretionary,,mid,31.58,2.455,0.9292,1.197,1.4589,STRONG_DOWN,92.62,216.42,251.85,-19.87,50.8,64.25,1.338,MED,-,30.727,24.1476,18.2117,1,171.1147,TREND+LEAD,42.5576
126,-13,HP,HELMERICH & PAYNE INC,Energy,,mid,39.36,1.8792,1.0103,0.9211,1.0382,FLAT,40.64,142.2,17.93,-19.7,54.8,40.75,0.7635,LOW,-,39.2574,37.4882,29.9263,1,191.2317,TREND+LEAD,42.5458
127,-38,BKD,BROOKDALE SENIOR LIVING INC,Health Care,,mid,12.05,1.4166,0.8819,0.8125,0.7193,STRONG_UP,8.75,82.58,79.32,-28.15,56.4,30.84,1.4565,MED,-,13.166,13.5688,11.5712,1,151.014,TREND+LEAD,42.5421
128,-3,ECPG,ENCORE CAPITAL GROUP INC,Financials,,small,78.09,1.5791,0.9426,0.8873,0.9525,FLAT,47.48,103.52,78.25,-12.63,53.2,26.54,0.6413,LOW,-,81.2505,78.8216,58.3088,1,207.5048,TREND+LEAD,42.2757
129,14,GHM,GRAHAM CORP,Industrials,,small,106.11,2.0129,1.0486,1.0707,1.109,STRONG_DOWN,91.95,159.44,296.97,-18.21,54.4,47.78,1.328,MED,-,98.1595,92.6254,71.5784,1,181.528,TREND+LEAD,42.1294
130,-47,BK,BNY Mellon,Financials,Asset Management & Custody Banks,large,142.59,1.2619,0.9988,1.0075,1.0918,STRONG_DOWN,28.27,62.64,150.12,-10.15,59.84,18.34,0.8842,LOW,-,136.1275,130.5295,116.3161,1,204.3805,TREND+LEAD,42.1066
131,11,CSTM,CONSTELLIUM SE CLASS A,Materials,,mid,36.07,2.2071,1.0494,1.1056,1.2184,STRONG_DOWN,113.56,184.46,64.1,-15.96,52.0,54.72,1.3686,MED,-,33.5015,30.5604,21.7163,1,175.2945,TREND+LEAD,42.1048
132,7,BTSG,BRIGHTSPRING HEALTH SERVICES INC,Health Care,,mid,59.34,1.9467,0.9683,1.0477,1.2721,STRONG_DOWN,65.29,150.91,415.1,-19.7,56.8,44.35,0.664,LOW,-,57.3,50.43,38.2385,1,193.2725,TREND+LEAD,42.0625
133,16,MS,Morgan Stanley,Financials,Investment Banking & Brokerage,large,214.98,1.3275,1.0535,1.0809,1.1602,STRONG_DOWN,29.0,71.1,133.25,-18.83,60.0,26.47,1.2259,MED,-,197.622,185.6489,169.8919,1,161.159,TREND+LEAD,41.6482
134,12,STRL,STERLING INFRASTRUCTURE INC,Industrials,,large,875.52,3.4974,1.106,1.563,1.8742,STRONG_DOWN,173.16,350.76,645.38,-31.02,55.2,125.81,0.9934,LOW,-,818.4115,599.409,413.9013,1,153.9004,TREND+LEAD,41.5288
135,-36,MOD,MODINE MANUFACTURING,Industrials,,large,306.89,2.5664,1.0832,1.1168,1.315,STRONG_DOWN,93.43,230.77,207.38,-27.55,52.0,73.69,0.9406,LOW,-,273.6285,251.2388,183.0612,1,162.8461,TREND+LEAD,41.4291
136,1,USAR,USA RARE EARTH INC CLASS A,Materials,,mid,30.7,2.6233,1.136,1.1345,1.4604,FLAT,143.84,238.11,191.0,-69.23,47.2,103.31,0.9883,LOW,-,26.0005,21.8841,19.3981,1,108.7851,TREND+LEAD,41.3554
137,-2,CORZ,CORE SCIENTIFIC INC,Information Technology,,mid,29.05,1.9101,1.0552,1.3014,1.6497,STRONG_DOWN,75.11,146.19,496.51,-40.74,56.8,61.72,1.4108,MED,-,24.825,20.9346,17.9042,1,134.5332,TREND+LEAD,41.2814
138,14,KALU,KAISER ALUMINIUM CORP,Materials,,mid,190.34,1.9755,1.0055,1.062,1.3156,STRONG_DOWN,99.24,154.62,112.72,-26.03,56.0,48.56,0.8032,LOW,-,177.583,157.0761,115.7339,1,178.3103,TREND+LEAD,41.0846
139,27,ON,ON Semiconductor,Information Technology,Semiconductors,large,128.64,2.107,1.0177,1.1917,1.8506,STRONG_DOWN,155.09,171.56,75.76,-28.1,51.2,63.66,1.0387,MED,-,113.405,91.5916,64.3149,1,137.9845,TREND+LEAD,41.0352
140,18,RGTI,RIGETTI COMPUTING INC,Information Technology,,mid,26.88,1.7322,1.0787,1.4356,1.3615,FLAT,14.63,123.26,2509.71,-77.1,48.8,108.82,1.9664,HIGH,-,21.172,18.1224,23.396,1,55.2737,TREND+LEAD,40.8823
141,92,RMBS,RAMBUS INC,Information Technology,,large,166.78,2.2984,1.1084,1.4139,1.63,STRONG_DOWN,77.07,196.23,200.07,-36.69,54.4,89.97,1.3842,MED,-,136.941,120.8632,102.6444,1,118.6524,TREND+LEAD,40.7354
142,-51,STOK,STOKE THERAPEUTICS INC,Health Care,,small,28.68,2.0415,0.901,0.7932,0.7495,STRONG_UP,-4.69,163.12,85.27,-37.16,52.0,49.21,0.8636,LOW,-,31.1318,32.8793,30.1106,0,172.3675,WEAK,40.5702
143,-66,FTRE,FORTREA HOLDINGS INC,Health Care,,small,15.36,2.574,1.1308,1.1853,1.3311,STRONG_DOWN,23.47,231.75,-38.19,-51.79,49.6,71.31,0.8324,LOW,-,14.4325,11.7606,11.995,1,161.1944,TREND+LEAD,40.5179
144,-18,MSGE,MADISON SQUARE GARDEN ENTERTAINMEN,Communication,,mid,72.08,1.5058,1.0175,1.0324,1.0886,STRONG_DOWN,42.09,94.08,104.95,-13.43,55.2,26.6,0.7109,LOW,-,68.4045,64.0588,54.1662,1,195.2264,TREND+LEAD,40.5023
145,-22,IVZ,Invesco,Financials,Asset Management & Custody Banks,large,27.58,1.5327,0.9869,1.009,0.9898,FLAT,13.62,97.55,91.49,-22.03,57.6,34.16,0.9216,LOW,-,27.4044,25.5774,24.5468,1,164.4868,TREND+LEAD,40.208
146,95,MPWR,Monolithic Power Systems,Information Technology,Semiconductors,large,1624.99,1.8525,0.9909,0.9763,1.3327,FLAT,75.69,138.76,125.47,-22.45,54.0,54.21,1.1375,MED,-,1590.0455,1440.3304,1099.413,1,138.225,TREND+LEAD,39.7201
147,-13,NATL,NCR ATLEOS CORP,Financials,,mid,44.32,1.2541,0.9709,0.9513,0.8439,STRONG_UP,19.98,61.63,59.71,-15.31,53.2,18.36,0.4107,LOW,-,44.663,44.4198,40.4731,1,178.5904,TREND+LEAD,39.6807
148,-32,BORR,BORR DRILLING LTD,Energy,,small,5.35,2.1733,1.0488,0.8304,0.8213,STRONG_UP,55.07,180.1,-15.73,-24.21,51.2,52.72,0.9361,LOW,-,5.782,5.7688,4.3271,1,174.912,TREND+LEAD,39.6511
149,0,FSBC,FIVE STAR BANCORP,Financials,,small,42.82,1.2301,1.0025,1.0007,0.9912,STRONG_UP,24.02,58.54,99.98,-13.07,49.2,19.47,1.854,HIGH,-,41.52,40.214,36.4324,1,147.9264,TREND+LEAD,39.518
150,3,LBRT,LIBERTY ENERGY INC CLASS A,Energy,,mid,31.25,1.9726,1.0264,0.8706,1.0233,FLAT,73.07,154.24,38.2,-26.19,51.6,48.76,0.7903,LOW,-,32.0975,30.5578,21.4641,1,163.2207,TREND+LEAD,39.2707
151,56,HCC,WARRIOR MET COAL INC,Materials,,mid,110.28,1.8654,1.1236,1.2407,1.1806,FLAT,42.59,140.42,52.65,-24.41,53.6,59.77,1.8795,HIGH,-,90.4875,90.2089,80.2838,1,125.9286,TREND+LEAD,39.1671
152,37,RHLD,RESOLUTE HOLDINGS MANAGEMENT INC,Industrials,,small,113.46,2.508,0.9761,0.7827,0.5681,STRONG_UP,-36.46,223.25,216.13,-54.59,53.2,96.17,1.0018,MED,-,113.8965,135.1994,141.8288,0,123.4978,WEAK,39.0426
153,57,OLMA,OLEMA PHARMACEUTICALS INC,Health Care,,small,10.69,2.0479,0.8181,0.6907,0.3951,STRONG_UP,-61.75,163.95,-9.1,-70.16,46.8,84.23,1.8099,HIGH,-,13.6595,14.6028,16.7952,0,91.0945,WEAK,38.9122
154,-44,RIOT,RIOT PLATFORMS INC,Information Technology,,mid,27.32,2.3474,1.0019,1.3825,1.4867,STRONG_DOWN,76.49,202.55,183.11,-48.57,53.2,82.99,0.9837,LOW,-,24.8508,19.568,16.9944,1,129.841,TREND+LEAD,38.5932
155,7,LGN,LEGENCE CORP CLASS A,Industrials,,mid,85.54,2.176,0.9604,0.8846,1.3894,FLAT,90.85,180.46,180.46,-21.4,57.78,61.11,0.426,LOW,-,89.5905,76.5667,,0,170.6255,WEAK,38.5603
156,1,NVTS,NAVITAS SEMICONDUCTOR CORP,Information Technology,,mid,25.86,3.3778,0.8847,1.5355,2.523,STRONG_DOWN,211.57,335.35,529.2,-58.25,49.2,146.57,0.8237,LOW,-,22.8575,16.3689,10.6785,1,112.5701,TREND+LEAD,38.5402
157,-3,TCMD,TACTILE SYSTEMS TECHNOLOGY INC,Health Care,,small,24.41,1.8423,0.962,1.0287,0.7278,FLAT,-1.89,137.45,90.41,-32.13,49.2,40.56,0.5212,LOW,-,24.4735,24.6921,23.2016,1,166.7309,TREND+LEAD,38.5326
158,-37,KEYS,Keysight Technologies,Information Technology,Electronic Equipment & Instruments,large,346.57,1.6723,0.9849,0.9324,1.036,FLAT,75.44,115.54,152.95,-14.0,57.6,39.17,0.9853,LOW,-,350.2965,331.173,235.6848,1,169.9061,TREND+LEAD,38.3574
159,17,ATRO,ASTRONICS CORP,Industrials,,mid,85.61,2.0686,0.995,1.1224,0.9712,FLAT,61.07,166.61,324.02,-23.39,54.8,56.47,0.5473,LOW,-,81.062,75.2612,60.9794,1,161.6874,TREND+LEAD,38.312
160,10,HAL,Halliburton,Energy,Oil & Gas Equipment & Services,large,40.13,1.5658,1.0012,0.9036,1.0485,FLAT,52.39,101.81,21.47,-13.1,54.4,32.38,0.426,LOW,-,40.8465,39.7206,31.0227,1,171.0493,TREND+LEAD,38.161
161,14,AMLX,AMYLYX PHARMACEUTICALS INC,Health Care,,small,13.29,2.014,0.9332,0.7632,0.7943,FLAT,-6.67,159.57,681.76,-30.61,50.8,54.51,1.3352,MED,-,14.1942,15.2295,13.7323,0,148.7098,WEAK,38.0102
162,5,STEL,STELLAR BANCORP INC,Financials,,small,37.37,1.092,0.9893,0.9514,0.9021,STRONG_UP,18.38,40.74,71.57,-11.68,50.8,13.01,1.4986,MED,-,37.195,37.1514,33.5253,1,159.0805,TREND+LEAD,37.8231
163,14,MRCY,MERCURY SYSTEMS INC,Industrials,,mid,112.87,1.7225,1.1484,1.3586,1.1385,FLAT,68.97,122.01,259.92,-32.19,54.4,53.15,1.213,MED,-,96.6335,85.7758,80.5155,1,124.8797,TREND+LEAD,37.665
164,60,DAN,DANA INCORPORATED INC,Consumer Discretionary,,mid,36.56,1.7524,1.0023,1.0006,0.9647,STRONG_UP,63.76,125.85,174.73,-17.13,52.0,40.05,0.7582,LOW,-,34.5048,35.0066,26.975,1,163.4069,TREND+LEAD,37.6594
165,-9,OUT,OUTFRONT MEDIA INC,Real Estate,,mid,31.46,1.5408,0.9532,0.959,0.9887,STRONG_DOWN,38.2,98.59,150.46,-11.25,54.4,29.44,0.6382,LOW,-,32.382,30.2432,23.9557,1,182.1692,TREND+LEAD,37.5725
166,3,OUST,OUSTER INC,Information Technology,,small,46.03,2.6692,1.0282,1.5457,1.8501,STRONG_DOWN,111.53,244.02,,-55.15,52.4,106.45,1.1389,MED,-,34.7608,27.6469,26.1423,1,120.1193,TREND+LEAD,37.5539
167,31,CSCO,Cisco,Information Technology,Communications Equipment,large,128.0,1.5786,1.0568,1.3062,1.4315,STRONG_DOWN,70.15,103.46,189.13,-13.57,57.2,39.28,1.1182,MED,-,111.095,94.948,78.8303,1,150.6583,TREND+LEAD,37.5455
168,43,FN,FABRINET,Information Technology,,large,701.11,2.2678,1.0084,0.9233,1.1185,FLAT,55.94,192.29,193.12,-20.55,55.6,82.24,1.2402,MED,-,674.8,649.0996,492.6647,1,129.9998,TREND+LEAD,37.5451
169,16,ROG,ROGERS CORP,Information Technology,,small,154.22,1.7756,1.0447,1.0799,1.2637,STRONG_DOWN,82.53,128.85,34.24,-14.4,52.0,41.08,1.3607,MED,-,140.1,126.8472,99.5142,1,163.0975,TREND+LEAD,37.5349
170,-23,PRM,PERIMETER SOLUTIONS INC,Materials,,mid,30.75,1.9241,0.9599,0.9774,1.1454,STRONG_DOWN,11.9,147.98,316.1,-30.2,57.2,55.81,0.6079,LOW,-,31.876,28.7292,25.7048,1,151.6696,TREND+LEAD,37.4021
171,80,ATEN,A10 NETWORKS INC,Information Technology,,small,32.64,1.4407,1.1063,1.1435,1.4228,STRONG_DOWN,90.96,85.69,127.7,-17.26,56.4,33.82,1.5683,HIGH,-,28.6184,26.5929,20.2276,1,142.8973,TREND+LEAD,37.332
172,-28,REX,REX AMERICAN RESOURCES CORP,Energy,,small,48.33,1.736,0.9709,0.893,1.1581,FLAT,44.83,123.75,96.82,-9.83,58.0,39.6,0.602,LOW,-,49.0105,46.7264,36.4741,1,181.25,TREND+LEAD,37.1619
173,6,DGII,DIGI INTERNATIONAL INC,Information Technology,,small,69.82,1.6292,1.0314,1.1595,1.2432,STRONG_DOWN,67.88,109.98,192.75,-13.49,55.6,37.78,1.3841,MED,-,64.2995,57.6118,45.4198,1,161.8625,TREND+LEAD,37.0664
174,7,MYRG,MYR GROUP INC,Industrials,,mid,450.31,2.1559,0.9426,0.9329,1.475,FLAT,107.37,177.87,193.3,-13.65,56.8,59.87,0.7214,LOW,-,455.6745,374.5592,262.4175,1,168.7456,TREND+LEAD,37.0112
175,-16,CRVS,CORVUS PHARMACEUTICALS INC,Health Care,,small,11.69,2.2015,0.8933,0.6898,0.5894,STRONG_UP,37.37,183.74,428.96,-54.94,48.0,80.9,1.2815,MED,-,13.5452,14.4907,11.4743,1,109.0163,TREND+LEAD,37.0062
176,14,AVGO,Broadcom,Information Technology,Semiconductors,large,481.57,1.4665,1.1278,1.093,1.3671,FLAT,25.23,89.01,271.74,-28.67,54.0,42.62,1.4446,MED,-,428.0935,391.9226,353.0116,1,112.7765,TREND+LEAD,36.9193
177,72,JBL,Jabil,Information Technology,Electronic Manufacturing Services,large,373.16,1.6758,0.9927,1.0353,1.3157,STRONG_DOWN,77.8,115.99,219.48,-17.86,58.0,48.6,1.0144,MED,-,356.4914,324.1676,250.8179,1,138.4284,TREND+LEAD,36.8737
178,22,STLD,Steel Dynamics,Materials,Steel,large,271.41,1.5597,1.0385,1.1164,1.263,STRONG_DOWN,62.9,101.03,110.66,-20.33,56.0,36.76,0.9058,LOW,-,241.5965,215.4914,174.8533,1,153.9015,TREND+LEAD,36.7888
179,-1,INSW,INTERNATIONAL SEAWAYS INC,Energy,,mid,78.53,1.7747,0.9648,0.8745,0.9654,FLAT,59.91,128.73,50.02,-16.16,53.6,41.89,0.7143,LOW,-,84.389,79.3086,58.4738,1,164.7204,TREND+LEAD,36.7587
180,14,CFG,Citizens Financial Group,Financials,Regional Banks,large,62.31,1.2224,0.9759,0.9267,0.9378,FLAT,15.79,57.54,92.78,-18.32,55.6,24.09,1.2428,MED,-,62.4995,62.4313,57.1106,1,132.8127,TREND+LEAD,36.6767
181,-110,RAPP,RAPPORT THERAPEUTICS INC,Health Care,,small,34.9,2.2123,0.8727,0.9285,1.07,STRONG_DOWN,22.24,185.13,67.79,-28.82,52.4,59.33,0.8912,LOW,-,37.465,35.172,28.6112,1,163.5067,TREND+LEAD,36.6569
182,-22,SITM,SITIME CORP,Information Technology,,mid,701.08,2.6471,0.9538,1.1736,1.6446,STRONG_DOWN,144.19,241.17,480.85,-29.39,56.0,92.12,0.9021,LOW,-,743.017,563.858,382.893,1,146.6108,TREND+LEAD,36.5975
183,31,DIOD,DIODES INC,Information Technology,,mid,114.13,1.9002,1.0333,0.9925,1.552,FLAT,147.2,144.91,52.48,-27.44,52.8,60.64,1.4816,MED,-,105.2,93.8396,65.0957,1,126.1786,TREND+LEAD,36.5754
184,12,RIG,TRANSOCEAN LTD,Energy,,mid,6.25,1.7828,0.9992,0.8587,0.8826,FLAT,43.68,129.78,9.46,-23.19,54.4,53.19,1.0541,MED,-,6.614,6.5522,4.8701,1,132.7317,TREND+LEAD,36.5665
185,-56,LUMN,LUMEN TECHNOLOGIES INC,Communication,,mid,10.56,1.9935,0.9598,1.0699,1.3648,STRONG_DOWN,27.38,156.93,718.6,-47.34,51.2,66.2,0.8273,LOW,-,9.6845,8.6022,7.7062,1,121.3752,TREND+LEAD,36.5551
186,13,CMI,Cummins,Industrials,Construction Machinery & Heavy Transportation Equipment,large,672.67,1.6343,0.9951,0.9713,1.0574,FLAT,36.46,110.63,153.68,-15.23,57.6,40.59,0.8725,LOW,-,675.4247,629.4987,523.0542,1,156.9964,TREND+LEAD,36.4588
187,17,UAMY,UNITED STATES ANTIMONY CORP,Materials,,small,10.19,2.9723,1.0896,0.8198,0.9469,FLAT,85.95,283.08,2897.06,-74.3,48.0,123.46,0.871,LOW,-,9.5375,9.6362,8.0937,1,110.0597,TREND+LEAD,36.4358
188,-84,RCUS,ARCUS BIOSCIENCES INC,Health Care,,mid,24.47,1.8929,1.0086,0.888,0.9705,FLAT,-6.25,143.97,54.48,-27.78,55.2,54.81,0.8445,LOW,-,24.547,23.7548,20.1589,1,144.9925,TREND+LEAD,36.4143
189,-17,FSLR,First Solar,Information Technology,Semiconductors,large,311.01,1.5141,1.1228,1.3908,1.4182,STRONG_DOWN,18.01,95.15,14.04,-35.1,52.0,48.59,1.2245,MED,-,250.028,217.2798,228.8924,1,101.8272,TREND+LEAD,36.306
190,25,XMTR,XOMETRY INC CLASS A,Industrials,,mid,85.0,1.9211,0.8881,1.5163,1.7098,STRONG_DOWN,54.04,147.6,453.03,-49.93,56.4,105.51,3.2976,HIGH,-,84.9178,60.7986,56.1268,1,78.8974,TREND+LEAD,36.2042
191,-46,DDOG,Datadog,Information Technology,Application Software,large,269.13,1.7598,1.1988,1.7343,2.0459,STRONG_DOWN,70.44,126.81,146.14,-48.62,48.0,82.54,1.4596,MED,-,211.898,158.9302,145.3432,1,73.7433,TREND+LEAD,36.1839
192,35,ASML,ASML Holding,Technology,Industrial Machinery,large,1705.37,1.7846,1.0545,1.1629,1.0986,FLAT,57.29,130.01,79.7,-17.85,57.2,49.91,0.869,LOW,-,1567.008,1467.2161,1200.921,1,148.9973,TREND+LEAD,36.0283
193,-53,PUMP,PROPETRO HOLDING CORP,Energy,,small,16.38,2.1504,1.0236,0.9189,1.1797,FLAT,68.0,177.16,78.04,-32.74,49.2,57.59,0.9282,LOW,-,16.4755,15.6204,10.6073,1,151.3482,TREND+LEAD,36.0164
194,22,PLPC,PREFORMED LINE PRODUCTS,Industrials,,small,387.72,2.1476,1.0079,1.1832,1.3656,STRONG_DOWN,90.12,176.8,194.51,-22.33,59.2,63.19,0.4063,LOW,-,356.738,327.6836,249.2237,1,165.635,TREND+LEAD,35.903
195,-30,BKSY,BLACKSKY TECHNOLOGY INC CLASS A,Industrials,,small,43.91,3.0149,0.8507,1.1425,1.6255,STRONG_DOWN,165.0,288.58,408.22,-58.46,53.6,121.75,0.7478,LOW,-,43.242,36.7274,25.015,1,127.0481,TREND+LEAD,35.8128
196,-35,VTRS,Viatris,Health Care,Pharmaceuticals,large,15.69,1.4527,0.9516,0.9829,0.9748,FLAT,48.97,87.24,61.42,-18.97,55.6,33.23,0.8131,LOW,-,16.4219,14.9246,12.4382,1,145.9644,TREND+LEAD,35.7172
197,23,ANDE,ANDERSONS INC,Consumer Staples,,mid,72.79,1.6265,0.9976,0.8664,1.0123,FLAT,41.26,109.64,46.63,-14.09,58.4,40.01,0.646,LOW,-,71.5265,73.0541,57.1584,1,160.0283,TREND+LEAD,35.3297
198,36,ADI,Analog Devices,Information Technology,Semiconductors,large,423.2,1.5262,1.003,1.0076,1.1147,STRONG_DOWN,59.85,96.7,88.1,-15.73,54.8,39.25,1.2259,MED,-,413.614,377.739,299.3762,1,135.0136,TREND+LEAD,35.2295
199,41,NEM,Newmont,Materials,Gold,large,109.5,1.5515,1.0089,0.9577,0.8271,STRONG_UP,19.76,99.97,171.51,-27.25,59.2,48.86,0.7038,LOW,-,111.3878,111.0602,100.1635,1,121.128,TREND+LEAD,35.2057
200,-37,ALNT,ALLIENT INC,Industrials,,small,85.42,2.1044,1.1183,1.068,1.2105,FLAT,60.96,171.23,229.41,-21.88,53.6,66.88,1.3475,MED,-,69.1931,68.7845,58.1719,1,137.2269,TREND+LEAD,35.0423
201,21,PARR,PAR PACIFIC HOLDINGS INC,Energy,,mid,57.2,2.0311,1.0011,0.8027,1.0357,FLAT,21.19,161.78,121.36,-26.21,53.6,62.55,0.3943,LOW,-,60.1165,61.8938,45.1084,1,138.6358,TREND+LEAD,34.896
202,26,VAL,VALARIS LTD,Energy,,mid,92.73,1.7774,0.9963,0.855,0.8833,FLAT,61.02,129.08,26.54,-18.92,54.0,53.41,1.1184,MED,-,98.553,97.5684,69.8146,1,130.502,TREND+LEAD,34.8327
203,18,JNJ,Johnson & Johnson,Health Care,Pharmaceuticals,large,222.89,1.1479,0.9521,0.9452,0.8221,STRONG_UP,9.75,47.95,59.67,-10.96,54.0,16.94,0.481,LOW,-,226.3868,230.8105,210.0402,1,152.8404,TREND+LEAD,34.8155
204,-16,ARCB,ARCBEST CORP,Industrials,,mid,141.85,1.7207,1.0508,1.1599,1.2169,STRONG_DOWN,116.59,121.78,,-30.6,52.8,46.88,0.7106,LOW,-,124.9117,115.9818,88.7193,1,137.155,TREND+LEAD,34.7635
205,8,PRLB,PROTO LABS INC,Industrials,,small,78.25,1.6164,1.0393,1.1497,1.115,FLAT,56.41,108.33,157.66,-19.51,53.2,36.31,0.8809,LOW,-,72.0,65.56,56.3905,1,158.7258,TREND+LEAD,34.7512
206,6,CC,CHEMOURS,Materials,,mid,23.25,1.8565,1.0209,0.8103,1.1973,FLAT,82.65,139.27,2.47,-39.78,55.2,65.43,0.5108,LOW,-,23.2141,23.1855,16.8947,1,117.4984,TREND+LEAD,34.6885
207,-52,ANAB,ANAPTYSBIO INC,Health Care,,small,51.26,2.5364,0.8779,0.6944,1.1423,FLAT,86.13,226.91,227.61,-28.15,51.2,78.81,,LOW,-,61.2858,53.9068,33.6073,1,147.4173,TREND+LEAD,34.6798
208,-77,TDAY,USA TODAY INC,Communication,,small,7.79,1.7318,0.9842,1.0829,1.1176,STRONG_DOWN,56.74,123.21,101.29,-20.32,49.6,37.82,0.8368,LOW,-,7.5435,7.266,5.6221,1,161.5858,TREND+LEAD,34.533
209,16,C,Citigroup,Financials,Diversified Banks,large,131.26,1.3609,1.0343,0.9876,1.0657,FLAT,29.11,75.4,124.12,-14.76,56.8,28.97,0.8671,LOW,-,125.7785,123.6667,109.8322,1,147.8386,TREND+LEAD,34.5072
210,-46,CLSK,CLEANSPARK INC,Information Technology,,mid,17.58,1.481,0.9628,1.2963,1.4835,STRONG_DOWN,24.86,90.88,12.3,-64.74,52.8,72.83,1.2302,MED,-,15.375,12.5542,12.6274,1,65.8854,TREND+LEAD,34.4906
211,36,BHE,BENCHMARK ELECTRONICS INC,Information Technology,,mid,88.14,1.8499,1.0124,1.0042,1.3871,FLAT,97.35,138.43,116.39,-12.85,56.0,49.46,0.6501,LOW,-,85.035,72.4663,52.5405,1,156.7293,TREND+LEAD,34.4831
212,32,KGS,KODIAK GAS SERVICES INC,Energy,,mid,67.19,1.4877,0.9418,0.9389,1.0462,FLAT,94.11,91.75,175.57,-15.95,57.2,34.36,0.8059,LOW,-,71.7692,65.6906,45.5534,1,152.733,TREND+LEAD,34.4435
213,-4,DK,DELEK US HOLDINGS INC,Energy,,mid,46.4,1.9237,1.0651,0.913,0.9719,FLAT,18.07,147.93,102.17,-36.02,51.6,62.69,0.652,LOW,-,44.9215,43.6133,35.9503,1,121.7649,TREND+LEAD,34.44
214,75,UEC,URANIUM ENERGY CORP,Energy,,mid,15.44,1.8836,1.135,0.9848,0.9235,STRONG_UP,31.29,142.77,122.48,-40.86,50.8,80.15,1.4229,MED,-,14.205,14.0918,13.8524,1,90.4876,TREND+LEAD,34.4346
215,-35,LUNR,INTUITIVE MACHINES INC CLASS A,Industrials,,mid,39.57,2.7835,0.9691,1.4755,1.9116,STRONG_DOWN,327.32,258.75,701.01,-41.88,54.4,121.91,0.6706,LOW,-,34.477,27.9174,17.1164,1,115.4617,TREND+LEAD,34.4118
216,-15,IMNM,IMMUNOME INC,Health Care,,mid,19.34,1.6205,0.8642,0.7836,0.7725,STRONG_UP,5.57,108.86,32.56,-28.44,49.2,57.57,2.2863,HIGH,-,21.801,22.1206,18.8189,1,93.029,TREND+LEAD,34.1717
217,15,PLXS,PLEXUS CORP,Information Technology,,mid,280.12,1.6338,1.0317,1.0085,1.2728,FLAT,96.67,110.57,156.24,-15.51,55.6,40.61,0.4968,LOW,-,264.7255,241.9918,180.3336,1,151.3824,TREND+LEAD,34.135
218,19,VECO,VEECO INSTRUMENTS INC,Information Technology,,mid,61.01,2.3434,1.0006,1.1324,1.6954,STRONG_DOWN,110.02,202.03,49.75,-20.27,53.6,73.7,0.5922,LOW,-,58.5895,48.4352,34.2881,1,146.9307,TREND+LEAD,34.0301
219,23,CDE,COEUR MINING INC,Materials,,large,19.19,1.6938,1.0628,1.0342,0.7273,STRONG_UP,13.28,118.31,239.43,-40.44,52.0,70.03,0.8069,LOW,-,18.4546,18.6108,18.5968,1,87.852,TREND+LEAD,33.9657
220,-1,NTCT,NETSCOUT SYSTEMS INC,Information Technology,,mid,43.43,1.4394,1.0433,1.1693,1.2898,STRONG_DOWN,62.17,85.52,128.1,-17.38,53.2,34.12,1.3061,MED,-,39.708,35.548,29.2367,1,133.3415,TREND+LEAD,33.7564
221,17,LGND,LIGAND PHARMACEUTICALS INC,Health Care,,mid,232.76,1.7645,0.9749,0.9635,1.002,FLAT,18.17,127.42,164.77,-14.07,53.6,45.21,,LOW,-,223.889,219.1524,195.9019,1,151.0613,TREND+LEAD,33.731
222,-20,JBHT,J.B. Hunt,Industrials,Cargo Ground Transportation,large,275.59,1.5352,1.0052,1.0951,1.0572,FLAT,53.93,97.86,75.05,-15.87,52.0,36.27,0.9436,LOW,-,257.4451,240.501,194.6436,1,140.3007,TREND+LEAD,33.5876
223,-6,TALK,TALKSPACE INC,Health Care,,small,5.22,1.1877,0.9918,0.9489,0.9525,FLAT,66.77,53.08,98.48,-33.43,45.6,17.35,0.3302,LOW,-,5.196,5.1818,3.9013,1,139.5049,TREND+LEAD,33.5298
224,97,BG,Bunge Global,Consumer Staples,Agricultural Products & Services,large,129.13,1.3506,1.0528,0.9622,1.0161,FLAT,35.5,74.07,26.68,-15.39,48.4,29.2,1.0874,MED,-,123.7419,124.1485,103.7026,1,122.7795,TREND+LEAD,33.4922
225,43,SVRA,SAVARA INC,Health Care,,small,5.25,1.6972,0.9956,0.9364,0.8403,STRONG_UP,-10.1,118.75,29.63,-31.99,48.4,50.1,1.2616,MED,-,5.1255,5.2972,4.9576,1,114.7206,TREND+LEAD,33.3011
226,3,ZETA,ZETA GLOBAL HOLDINGS CORP CLASS A,Information Technology,,mid,25.25,1.4875,1.282,1.293,1.2107,FLAT,40.75,91.72,58.21,-40.37,54.8,66.07,1.5166,HIGH,-,18.8695,17.6022,18.6394,1,76.0777,TREND+LEAD,33.2656
227,30,IONQ,IONQ INC,Information Technology,,large,71.4,1.3916,1.0786,1.4753,1.7298,STRONG_DOWN,51.53,79.35,817.74,-67.61,48.0,96.48,0.9275,LOW,-,57.9795,45.2946,48.1328,1,39.4786,TREND+LEAD,33.0634
228,-41,DCO,DUCOMMUN INC,Industrials,,small,150.26,1.6315,0.9986,1.0367,0.9693,FLAT,67.72,110.27,155.85,-16.03,58.0,41.96,0.7726,LOW,-,145.8125,139.0348,111.5201,1,152.4248,TREND+LEAD,33.0408
229,-56,HASI,HA SUSTAINABLE INFRASTRUCTURE CAPI,Financials,,mid,40.65,1.3076,0.9631,0.9099,0.9977,FLAT,22.2,68.53,36.41,-15.38,51.2,23.99,0.7013,LOW,-,41.1505,39.9234,33.6776,1,146.2502,TREND+LEAD,32.9851
230,132,NTB,BANK OF NT BUTTERFIELD & SON LTD,Financials,,mid,57.82,1.0726,1.0145,1.0072,1.0283,FLAT,24.65,38.25,86.41,-11.44,52.0,16.69,2.2161,HIGH,-,55.8584,54.8108,48.8324,1,119.1689,TREND+LEAD,32.9327
231,-36,SDRL,SEADRILL LTD,Energy,,mid,47.41,1.4761,0.9843,0.9079,1.0058,FLAT,53.33,90.25,-5.39,-16.54,52.4,32.92,0.7558,LOW,-,50.021,48.2406,37.9619,1,143.6524,TREND+LEAD,32.9197
232,-27,CMPR,CIMPRESS PLC,Industrials,,small,97.24,1.6935,0.9195,0.9708,1.246,STRONG_DOWN,43.53,118.27,16.82,-17.5,52.4,45.24,1.0897,MED,-,96.122,85.85,72.9895,1,136.9901,TREND+LEAD,32.8951
233,274,FDX,FedEx,Industrials,Air Freight & Logistics,large,329.0,1.4734,0.9796,1.0787,0.9601,FLAT,50.74,89.9,71.39,-11.67,56.4,35.03,0.8366,LOW,-,312.3753,305.1703,247.8774,1,144.7442,TREND+LEAD,32.8864
234,-37,BTU,PEABODY ENERGY CORP,Energy,,mid,29.62,1.7714,1.111,1.0591,0.7489,STRONG_UP,11.33,128.31,19.83,-40.67,50.8,64.45,0.7464,LOW,-,25.2663,28.1842,28.8343,1,101.1317,TREND+LEAD,32.8037
235,45,SEI,SOLARIS OILFIELD INFRASTRUCTURE IN,Energy,,mid,71.92,2.0096,0.9939,0.9128,1.2963,FLAT,48.03,159.01,763.37,-26.43,52.4,65.87,0.9292,LOW,-,73.6755,67.8414,51.8399,1,126.4907,TREND+LEAD,32.7484
236,150,OKLO,OKLO INC CLASS A,Utilities,,mid,73.47,1.1453,1.0703,1.0124,1.0067,STRONG_UP,-15.9,47.62,690.85,-73.83,50.0,98.72,1.8708,HIGH,SHIFT,68.153,62.9104,85.7488,0,24.1182,WEAK,32.6294
237,-11,THR,THERMON GROUP HOLDINGS INC,Industrials,,small,61.14,1.7834,0.9193,0.9554,1.1224,STRONG_DOWN,74.34,129.85,89.88,-17.24,54.03,58.29,4.7943,HIGH,-,65.7855,58.095,41.4397,1,120.3598,TREND+LEAD,32.5376
238,-55,KTOS,KRATOS DEFENSE AND SECURITY SOLUTI,Industrials,,large,63.27,1.2558,1.0909,0.9657,0.6385,STRONG_UP,-13.58,61.86,190.63,-60.15,54.4,72.95,0.8205,LOW,PROGRESS,57.7005,64.908,80.5696,0,46.128,WEAK,32.4693
239,31,TVTX,TRAVERE THERAPEUTICS INC,Health Care,,mid,42.96,2.1644,0.8887,0.9042,1.3713,STRONG_DOWN,22.08,178.96,456.48,-33.49,50.8,90.03,1.0494,MED,-,44.2605,38.8962,31.7023,1,100.9799,TREND+LEAD,32.4668
240,15,TRGP,Targa Resources,Energy,Oil & Gas Storage & Transportation,large,263.3,1.2669,0.9867,0.9611,0.9794,FLAT,50.52,63.29,135.64,-16.3,57.2,27.24,0.4888,LOW,-,263.129,251.3388,199.2171,1,132.9045,TREND+LEAD,32.3335
241,33,AUPH,AURINIA PHARMACEUTICALS INC,Health Care,,mid,15.39,1.4926,0.9785,0.9225,0.9205,STRONG_UP,-4.82,92.38,187.13,-15.91,49.2,38.49,1.0999,MED,-,15.5673,15.5442,14.351,1,118.0787,TREND+LEAD,32.2502
242,-71,EME,Emcor,Industrials,Construction & Engineering,large,827.28,1.3293,0.9557,0.8591,1.005,FLAT,36.26,71.33,122.68,-25.15,57.2,35.69,0.9241,LOW,-,883.9125,836.9072,712.2202,1,114.3216,TREND+LEAD,32.2035
243,-13,STNG,SCORPIO TANKERS INC,Energy,,mid,75.04,1.4831,0.96,0.857,0.8517,STRONG_UP,36.66,91.15,-1.13,-23.26,54.4,39.96,0.4094,LOW,-,80.4473,77.7148,63.692,1,124.0838,TREND+LEAD,32.133
244,-53,CAPR,CAPRICOR THERAPEUTICS INC,Health Care,,small,27.34,1.9025,0.927,0.7715,0.9644,FLAT,311.13,145.2,384.75,-67.67,46.8,71.19,0.6184,LOW,-,29.9925,31.4566,20.1991,1,95.455,TREND+LEAD,32.1064
245,-22,JBIO,JADE BIOSCIENCES INC,Health Care,,small,17.75,1.8996,0.8157,0.6843,1.1438,FLAT,46.69,144.83,-97.0,-39.23,50.4,80.02,1.5357,HIGH,-,22.8697,20.8567,14.1408,1,91.2186,TREND+LEAD,32.0903
246,12,PHIN,PHINIA INC,Consumer Discretionary,,mid,78.5,1.4373,0.9956,0.9997,0.9817,FLAT,44.77,85.25,79.69,-20.37,56.0,35.88,0.6645,LOW,-,76.994,73.285,63.9224,1,133.0607,TREND+LEAD,32.0617
247,12,VLO,Valero Energy,Energy,Oil & Gas Refining & Marketing,large,258.26,1.5693,1.0617,0.9748,1.0347,FLAT,44.61,102.27,77.44,-14.19,55.6,42.17,0.64,LOW,-,246.6766,242.6332,192.6497,1,134.8355,TREND+LEAD,32.0473
248,-56,EWTX,EDGEWISE THERAPEUTICS INC,Health Care,,mid,37.25,1.9475,1.0973,1.1196,1.1602,STRONG_DOWN,47.41,151.01,113.96,-19.94,48.0,68.91,2.0906,HIGH,-,34.438,33.0268,24.7503,1,105.1882,TREND+LEAD,32.0141
249,32,ADM,Archer Daniels Midland,Consumer Staples,Agricultural Products & Services,large,82.46,1.3958,1.0241,1.0287,1.1108,STRONG_DOWN,38.18,79.9,42.7,-12.79,52.4,29.31,0.6893,LOW,-,79.3435,74.1617,64.8218,1,142.8471,TREND+LEAD,31.9761
250,-4,ENVA,ENOVA INTERNATIONAL INC,Financials,,mid,163.57,1.3503,1.0022,0.9433,1.0152,FLAT,25.64,74.03,169.43,-24.75,56.8,33.33,0.5207,LOW,-,164.8365,157.203,140.6006,1,126.1583,TREND+LEAD,31.9687
251,72,NUVB,NUVATION BIO INC CLASS A,Health Care,,small,4.9,1.5518,1.0214,1.0503,0.9299,FLAT,-37.82,100.0,80.15,-57.55,50.0,54.22,1.0463,MED,-,4.709,4.6438,5.1942,0,92.2169,WEAK,31.8534
252,17,VLY,VALLEY NATIONAL,Financials,,mid,13.76,1.27,0.9967,0.9664,0.9931,FLAT,22.11,63.69,117.04,-13.64,53.6,23.99,0.6025,LOW,-,13.3985,13.13,11.758,1,142.304,TREND+LEAD,31.8092
253,-47,CMRE,COSTAMARE INC,Industrials,,mid,15.57,1.4378,0.949,0.9125,0.8084,STRONG_UP,0.92,85.32,0.74,-14.61,55.2,34.82,0.7555,LOW,-,16.763,16.8144,14.9443,1,135.2539,TREND+LEAD,31.7943
254,-4,CHRW,C.H. Robinson,Industrials,Air Freight & Logistics,large,178.52,1.4657,0.9994,1.0466,0.8487,FLAT,12.18,88.91,114.16,-20.07,53.6,39.46,0.4889,LOW,-,172.2455,173.014,159.3388,1,120.7746,TREND+LEAD,31.5671
255,-1,FCFS,FIRSTCASH HOLDINGS INC,Financials,,mid,209.25,1.2955,0.8937,0.8946,0.9668,STRONG_DOWN,31.92,66.97,82.11,-12.75,56.4,29.24,1.0283,MED,-,225.1481,211.7825,174.728,1,129.1709,TREND+LEAD,31.491
256,-48,NXT,NEXTPOWER INC CLASS A,Industrials,,large,152.22,2.037,1.1076,1.2306,1.3181,STRONG_DOWN,74.09,162.54,180.43,-23.27,53.6,74.18,0.7105,LOW,-,133.3785,123.0412,100.3397,1,117.4451,TREND+LEAD,31.4849
257,46,GOLD,GOLD INC,Consumer Discretionary,,small,40.02,1.5694,0.9345,0.8917,0.646,STRONG_UP,37.98,102.27,13.72,-40.58,54.8,49.04,0.8319,LOW,-,41.7225,43.0158,37.0842,1,114.2794,TREND+LEAD,31.4361
258,18,ACLS,AXCELIS TECHNOLOGIES INC,Information Technology,,mid,158.78,2.0785,0.9934,1.058,1.6489,STRONG_DOWN,94.8,167.89,42.35,-26.2,52.0,70.75,0.3885,LOW,-,156.195,131.6942,97.271,1,123.3982,TREND+LEAD,31.2581
259,24,IBKR,Interactive Brokers,Financials,Investment Banking & Brokerage,large,88.72,1.3304,1.0839,1.0273,1.1553,FLAT,39.92,71.47,183.33,-18.7,55.6,38.11,1.221,MED,-,84.8655,78.0889,70.4339,1,104.2772,TREND+LEAD,31.1773
260,-17,APA,APA Corporation,Energy,Oil & Gas Exploration & Production,large,37.81,1.6726,1.0201,0.8506,1.1009,FLAT,52.0,115.57,39.9,-19.49,52.0,50.43,0.4351,LOW,-,37.9295,38.966,28.5793,1,119.1677,TREND+LEAD,31.1506
261,-16,CALY,CALLAWAY GOLF COMPANY,Consumer Discretionary,,mid,15.09,1.8976,0.9454,1.001,0.9466,FLAT,21.99,144.57,-3.76,-20.37,50.4,57.34,0.4563,LOW,-,15.437,14.8138,12.3986,1,127.0728,TREND+LEAD,31.1471
262,17,PBF,PBF ENERGY INC CLASS A,Energy,,mid,43.17,1.7734,1.0993,0.9023,0.8727,STRONG_UP,26.24,128.57,2.54,-34.86,56.4,72.49,0.5466,LOW,-,41.2219,42.5425,34.6834,1,100.0292,TREND+LEAD,31.0879
263,61,BFH,BREAD FINANCIAL HOLDINGS INC,Financials,,mid,91.55,1.3819,1.0085,1.0384,1.0994,STRONG_DOWN,35.24,78.11,128.02,-19.26,56.8,38.01,1.3907,MED,-,86.8837,83.4669,71.4765,1,116.7265,TREND+LEAD,31.0037
264,21,NTRS,Northern Trust,Financials,Asset Management & Custody Banks,large,169.79,1.2616,0.9989,0.9954,1.0587,FLAT,31.14,62.6,115.0,-12.39,56.4,26.59,0.7417,LOW,-,165.0315,157.9444,140.4618,1,132.789,TREND+LEAD,30.8954
265,-62,LINC,LINCOLN EDUCATIONAL SERVICES CORP,Consumer Discretionary,,small,49.06,1.64,1.0077,1.1295,1.2276,STRONG_DOWN,132.51,111.37,325.5,-27.35,55.2,45.79,0.7395,LOW,-,47.9895,43.6114,29.3137,1,134.2622,TREND+LEAD,30.8879
266,20,IESC,IES INC,Industrials,,mid,704.89,2.0122,1.0032,1.0637,1.3,STRONG_DOWN,74.37,159.34,379.88,-21.8,54.0,67.34,0.9209,LOW,-,675.156,591.7462,457.7385,1,127.776,TREND+LEAD,30.8453
267,69,LEU,CENTRUS ENERGY CORP CLASS A,Energy,,mid,199.13,1.1754,1.0922,0.9097,0.882,STRONG_UP,-20.78,51.49,322.87,-61.35,52.4,78.21,1.5942,HIGH,SHIFT,191.055,193.3816,248.8333,0,34.496,WEAK,30.8376
268,-37,FIGS,FIGS INC CLASS A,Consumer Discretionary,,mid,11.43,1.9237,0.8878,0.7734,0.6059,STRONG_UP,6.03,147.94,120.23,-33.24,50.4,74.08,0.476,LOW,-,12.414,13.9956,10.9923,1,100.6498,TREND+LEAD,30.7779
269,-30,GRAL,GRAIL INC,Health Care,,mid,59.9,1.2056,0.8286,1.0173,0.9971,FLAT,-39.05,55.38,338.51,-62.92,49.6,75.3,1.9137,HIGH,-,63.9965,56.2642,69.7802,0,36.4805,WEAK,30.6786
270,7,AGX,ARGAN INC,Industrials,,mid,663.14,2.366,0.9728,0.8992,1.2884,FLAT,82.69,204.94,852.28,-24.96,54.0,95.4,0.5645,LOW,-,679.9985,625.1365,402.6958,1,116.0065,TREND+LEAD,30.6442
271,-18,EGBN,EAGLE BANCORP INC,Financials,,small,26.85,1.2153,0.9825,0.9876,0.9354,FLAT,35.98,56.64,,-26.57,55.6,24.27,,LOW,-,26.0485,26.0696,22.5873,1,129.7599,TREND+LEAD,30.6437
272,19,NAT,NORDIC AMERICAN TANKERS LTD,Energy,,small,5.24,1.5991,0.9918,0.8629,0.8409,STRONG_UP,48.03,106.11,49.5,-18.45,53.6,43.26,0.6008,LOW,-,5.525,5.6672,4.2151,1,131.4686,TREND+LEAD,30.5497
273,-21,GM,General Motors,Consumer Discretionary,Automobile Manufacturers,large,81.73,1.3057,0.9599,1.0206,0.9376,FLAT,12.53,68.29,82.3,-16.0,52.4,33.83,1.0127,MED,-,78.2995,77.2976,72.6963,1,105.7707,TREND+LEAD,30.3513
274,89,FSLY,FASTLY INC CLASS A,Information Technology,,mid,20.77,2.0874,1.2237,0.7142,0.9323,FLAT,76.62,169.04,173.65,-51.28,47.6,136.78,1.2895,MED,-,19.3688,24.013,14.4369,1,58.8271,TREND+LEAD,30.3016
275,17,RSI,RUSH STREET INTERACTIVE INC CLASS,Consumer Discretionary,,mid,25.43,1.5672,0.9278,0.8663,1.1224,FLAT,37.76,101.99,191.63,-29.47,51.6,48.41,0.7231,LOW,-,27.1395,24.7172,20.5787,1,108.7061,TREND+LEAD,30.1555
276,117,PANW,Palo Alto Networks,Information Technology,Systems Software,large,297.18,1.1697,1.1817,1.5221,1.686,STRONG_DOWN,58.3,50.76,101.83,-36.01,54.0,49.03,1.8076,HIGH,-,240.017,196.7192,190.6454,1,55.9064,TREND+LEAD,30.0612
277,66,ANET,Arista Networks,Information Technology,Communications Equipment,large,175.33,1.4395,1.1226,0.9601,1.1697,FLAT,36.86,85.53,136.62,-28.33,56.4,61.08,1.008,MED,-,150.4855,150.417,140.5071,1,78.9807,TREND+LEAD,30.0343
278,82,SXI,STANDEX INTERNATIONAL CORP,Industrials,,mid,288.66,1.4945,1.0354,1.0862,0.9812,FLAT,19.61,92.62,76.34,-12.72,53.6,42.79,1.0023,MED,-,263.02,263.5758,240.1041,1,116.014,TREND+LEAD,29.9253
279,-7,SHLS,SHOALS TECHNOLOGIES GROUP INC CLAS,Industrials,,small,12.46,1.9851,1.0157,1.4242,1.8255,STRONG_DOWN,59.13,155.85,74.02,-47.37,53.6,77.58,0.9242,LOW,-,10.0057,8.2629,8.3131,1,107.6782,TREND+LEAD,29.8521
280,40,BKR,Baker Hughes,Energy,Oil & Gas Equipment & Services,large,64.54,1.3569,1.009,0.887,0.9568,FLAT,29.59,74.89,108.92,-16.86,57.6,36.64,0.3725,LOW,-,65.1105,63.9291,53.6996,1,117.7326,TREND+LEAD,29.8495
281,28,NG,NOVAGOLD RESOURCES INC,Materials,,mid,8.38,1.7246,1.0272,0.9964,0.594,STRONG_UP,-17.68,122.28,110.03,-45.56,51.6,76.58,0.4982,LOW,EARLY,8.3915,8.7234,9.1118,0,82.3937,WEAK,29.8367
282,79,APH,Amphenol,Information Technology,Electronic Components,large,148.4,1.2648,1.0455,0.9947,1.0076,FLAT,7.01,63.01,128.86,-28.19,57.6,46.23,1.1648,MED,-,133.0425,136.5974,133.6673,1,78.511,TREND+LEAD,29.8063
283,-48,IBRX,IMMUNITYBIO INC,Health Care,,mid,7.23,2.07,0.9054,0.9198,0.7226,FLAT,214.35,166.79,16.61,-42.44,48.8,95.28,0.737,LOW,-,7.851,7.6319,4.8493,1,85.4254,TREND+LEAD,29.675
284,60,APGE,APOGEE THERAPEUTICS INC,Health Care,,mid,78.71,1.647,1.0002,0.8905,0.9792,FLAT,14.14,112.27,71.37,-26.99,50.0,60.43,1.1728,MED,-,81.486,83.322,66.3987,1,92.8932,TREND+LEAD,29.6247
285,22,SHOO,STEVEN MADDEN LTD,Consumer Discretionary,,mid,44.27,1.4215,1.006,1.149,1.1093,FLAT,4.25,83.21,3.87,-31.73,49.6,40.22,0.8339,LOW,-,40.671,38.1994,37.1504,1,102.6159,TREND+LEAD,29.5839
286,-24,AMRC,AMERESCO INC CLASS A,Industrials,,small,36.07,1.8256,0.9916,1.0831,1.1526,STRONG_DOWN,3.2,135.29,-1.31,-44.48,53.2,65.76,0.7121,LOW,-,32.159,28.9314,31.0459,1,109.4502,TREND+LEAD,29.5733
287,-23,CGON,CG ONCOLOGY INC,Health Care,,mid,55.53,1.6082,0.9024,0.7754,0.8113,FLAT,28.39,107.28,54.16,-24.96,50.0,48.01,0.9348,LOW,-,65.307,66.6278,50.0084,1,111.7255,TREND+LEAD,29.486
288,23,SMCI,Supermicro,Information Technology,"Technology Hardware, Storage & Peripherals",large,50.17,0.9013,1.2979,1.6986,1.3822,FLAT,50.16,16.16,-34.89,-66.18,48.8,108.79,1.3305,MED,-,35.875,29.5834,36.0098,1,7.2494,TREND_ONLY,29.4745
289,-105,ORCL,Oracle Corporation,Information Technology,Application Software,large,244.58,1.1332,1.2654,1.2824,1.449,STRONG_DOWN,22.47,46.05,109.42,-58.25,50.8,60.74,0.9985,LOW,-,198.661,174.7365,206.023,1,38.5164,TREND+LEAD,29.4259
290,41,TRVI,TREVI THERAPEUTICS INC,Health Care,,small,13.5,1.7604,0.9231,0.8874,0.9399,FLAT,1.5,126.89,429.41,-29.5,51.2,54.88,0.6204,LOW,-,14.2685,13.6444,11.4068,1,118.3821,TREND+LEAD,29.3364
291,54,LPG,DORIAN LPG LTD,Energy,,small,40.9,1.5954,0.9296,1.0056,1.0127,STRONG_DOWN,73.92,105.63,-0.43,-24.99,53.2,50.52,1.3172,MED,-,41.4999,37.4649,30.1407,1,111.2306,TREND+LEAD,29.1986
292,8,PTEN,PATTERSON UTI ENERGY INC,Energy,,mid,11.73,1.6586,1.0186,0.9103,1.2003,FLAT,104.03,113.77,23.54,-20.42,54.4,53.39,0.503,LOW,-,11.8553,11.2093,7.6968,1,115.9207,TREND+LEAD,29.0783
293,49,MCY,MERCURY GENERAL CORP,Financials,,mid,98.44,1.1885,0.9791,0.9745,0.9551,STRONG_UP,7.08,53.18,84.02,-12.87,55.2,23.92,0.6843,LOW,-,99.455,95.4154,87.992,1,122.72,TREND+LEAD,28.9527
294,-7,MIRM,MIRUM PHARMACEUTICALS INC,Health Care,,mid,92.17,1.579,0.9356,0.8236,0.8911,FLAT,31.65,103.51,263.59,-20.55,56.0,50.37,0.6594,LOW,-,101.7487,97.2707,84.561,1,115.0804,TREND+LEAD,28.9396
295,130,FCX,Freeport-McMoRan,Materials,Copper,large,71.72,1.3989,1.1136,1.22,0.9807,FLAT,67.3,80.3,41.42,-24.9,56.8,56.82,1.1384,MED,-,63.512,62.5118,52.6999,1,80.2749,TREND+LEAD,28.9042
296,12,WT,WISDOMTREE INC,Financials,,mid,18.95,1.5539,0.9922,1.0383,0.9756,FLAT,73.03,100.27,94.78,-26.67,52.8,50.01,0.8874,LOW,-,19.0534,17.1443,14.5312,1,105.8665,TREND+LEAD,28.8931
297,86,PSMT,PRICESMART INC,Consumer Staples,,mid,169.57,1.2435,0.9861,1.0469,0.9966,FLAT,38.65,60.27,107.04,-10.62,56.4,29.71,1.0588,MED,-,163.0425,158.0448,135.6702,1,114.4131,TREND+LEAD,28.8737
298,-37,QBTS,D WAVE QUANTUM INC,Information Technology,,mid,29.91,1.3126,1.0754,1.3515,1.4228,STRONG_DOWN,39.64,69.17,2165.91,-71.01,49.2,118.16,1.4975,MED,-,24.297,20.0498,23.3143,1,28.8031,TREND+LEAD,28.8323
299,39,SSRM,SSR MINING INC,Materials,,mid,29.81,1.8415,0.9913,0.9943,0.8062,FLAT,32.72,137.34,477.71,-30.88,56.0,78.24,0.5977,LOW,-,31.5655,30.5644,25.2441,1,98.3012,TREND+LEAD,28.8302
300,15,TPR,"Tapestry, Inc.",Consumer Discretionary,"Apparel, Accessories & Luxury Goods",large,138.65,1.3867,0.9867,0.9379,0.797,STRONG_UP,24.45,78.73,226.15,-19.21,56.8,43.77,0.7248,LOW,-,136.775,142.2428,126.9462,1,102.1623,TREND+LEAD,28.7994
301,-2,YOU,CLEAR SECURE INC CLASS A,Information Technology,,mid,56.78,1.7242,0.9922,0.9545,1.0633,FLAT,66.28,122.22,244.81,-22.91,52.0,57.5,0.5822,LOW,-,58.4315,54.7822,40.46,1,110.5319,TREND+LEAD,28.7894
302,20,DD,DuPont,Materials,Specialty Chemicals,large,48.66,1.3627,1.0087,1.017,0.914,FLAT,22.9,75.64,49.89,-17.31,52.8,35.93,0.6326,LOW,-,48.7629,47.0506,41.0361,1,111.1524,TREND+LEAD,28.7865
303,-43,AXSM,AXSOME THERAPEUTICS INC,Health Care,,mid,222.16,1.5654,0.9359,0.9388,1.218,STRONG_DOWN,49.07,101.76,197.24,-18.5,52.4,43.6,0.7777,LOW,-,228.092,198.7854,160.4684,1,122.301,TREND+LEAD,28.7471
304,-56,OII,OCEANEERING INTERNATIONAL INC,Energy,,mid,38.67,1.4802,0.9849,0.9787,0.9899,FLAT,56.43,90.77,77.79,-15.27,50.4,37.38,0.8037,LOW,-,38.0975,37.258,29.5182,1,122.3926,TREND+LEAD,28.734
305,-10,CRWD,CrowdStrike,Information Technology,Systems Software,large,768.95,1.2207,1.1772,1.5491,1.6967,STRONG_DOWN,52.53,57.33,149.1,-37.18,54.4,52.0,1.1025,MED,-,613.5335,496.7918,473.7118,1,59.9726,TREND+LEAD,28.6398
306,-88,ESPR,ESPERION THERAPEUTICS INC,Health Care,,small,3.14,2.3202,0.9912,0.9513,0.9706,FLAT,-15.59,199.05,40.18,-53.19,46.8,127.92,1.1838,MED,-,3.13,2.6508,2.9592,1,72.8223,TREND+LEAD,28.4667
307,71,UNFI,UNITED NATURAL FOODS INC,Consumer Staples,,mid,52.31,1.4092,0.995,0.9831,1.2267,FLAT,52.24,81.63,324.59,-27.0,51.6,40.91,0.4507,LOW,-,51.1955,48.4268,38.7858,1,102.9628,TREND+LEAD,28.3816
308,-18,NE,NOBLE CORPORATION PLC,Energy,,mid,47.13,1.4477,0.9826,0.8748,0.9253,FLAT,54.29,86.59,21.44,-16.56,50.8,37.14,0.4739,LOW,-,50.442,49.7724,36.8122,1,118.4363,TREND+LEAD,28.3587
309,17,TDW,TIDEWATER INC,Energy,,mid,74.91,1.3602,0.9856,0.8132,0.8041,STRONG_UP,36.52,75.31,-22.28,-25.16,52.0,39.13,0.4111,LOW,-,79.975,82.874,65.2765,1,100.0799,TREND+LEAD,28.2467
310,38,MCHP,Microchip Technology,Information Technology,Semiconductors,large,96.96,1.2104,0.9891,0.9666,1.254,FLAT,83.46,56.0,,-34.41,49.2,47.05,1.3287,MED,-,95.8664,83.5337,70.0768,1,58.5584,TREND+LEAD,28.1917
311,46,TWST,TWIST BIOSCIENCE CORP,Health Care,,mid,70.15,1.7626,1.0801,1.1801,1.313,STRONG_DOWN,134.93,127.17,59.4,-38.24,51.6,74.28,0.8149,LOW,-,58.78,55.7616,40.2757,1,88.3408,TREND+LEAD,28.0484
312,20,GNK,GENCO SHIPPING AND TRADING LTD,Industrials,,small,24.16,1.5048,1.0236,0.9661,0.9339,STRONG_UP,32.81,93.95,22.87,-19.16,55.6,44.68,0.4905,LOW,-,24.498,23.7259,19.5677,1,116.9172,TREND+LEAD,28.0325
313,27,BTDR,BITDEER TECHNOLOGIES GROUP CLASS A,Information Technology,,mid,18.76,1.1275,1.1927,1.4584,2.1334,STRONG_DOWN,44.86,45.31,195.9,-71.89,51.2,97.66,1.3314,MED,-,14.7415,12.3005,13.4976,1,23.7565,TREND+LEAD,28.0116
314,25,APP,AppLovin,Information Technology,Application Software,large,605.63,1.1791,1.0538,1.2052,1.1284,FLAT,-2.88,51.97,632.32,-49.99,54.4,68.47,0.5701,LOW,-,512.8335,464.661,538.0689,1,41.2935,TREND+LEAD,27.9059
315,3,AMRX,AMNEAL PHARMACEUTICALS INC CLASS A,Health Care,,mid,12.65,1.3174,0.978,0.9121,0.8556,STRONG_UP,2.76,69.8,91.38,-22.25,52.0,35.36,0.6659,LOW,-,12.696,12.6711,12.0468,1,102.6451,TREND+LEAD,27.9029
316,-23,BBIO,BRIDGEBIO PHARMA INC,Health Care,,large,63.88,1.321,0.9499,0.8753,0.8636,STRONG_UP,-11.01,70.26,120.43,-20.25,50.0,48.75,1.5505,HIGH,EARLY,67.19,70.7868,66.5093,0,72.0573,WEAK,27.8217
317,-29,GRDN,GUARDIAN PHARMACY SERVICES INC CLA,Health Care,,mid,38.92,1.3852,0.983,1.0041,1.0072,STRONG_DOWN,35.28,78.53,143.25,-22.74,54.4,38.48,0.8384,LOW,-,37.2625,37.4282,31.3868,1,111.0225,TREND+LEAD,27.7962
318,33,GRC,GORMAN-RUPP,Industrials,,small,75.58,1.5985,0.9867,0.9464,1.0499,FLAT,65.76,106.02,120.64,-14.39,54.0,46.08,0.3668,LOW,-,74.8403,70.6925,55.1344,1,124.2402,TREND+LEAD,27.6211
319,-126,ZYME,ZYMEWORKS INC,Health Care,,small,24.11,1.5485,0.9609,0.851,0.8596,FLAT,-7.38,99.59,186.0,-20.28,52.0,43.68,0.7784,LOW,-,24.9505,25.8852,22.277,1,118.5549,TREND+LEAD,27.6168
320,69,DXPE,DXP ENTERPRISES INC,Industrials,,mid,153.33,1.4615,1.0118,0.8419,0.9641,FLAT,65.39,88.37,215.95,-32.99,54.4,53.94,0.8759,LOW,-,150.815,152.3294,128.1834,1,89.1197,TREND+LEAD,27.5566
321,-54,CYTK,CYTOKINETICS INC,Health Care,,mid,70.91,1.7193,0.9081,1.0148,1.0244,STRONG_DOWN,7.36,121.59,42.19,-15.01,50.8,51.23,0.6114,LOW,-,76.0605,69.0672,61.7371,1,120.5732,TREND+LEAD,27.5508
322,31,INVX,INNOVEX INTERNATIONAL INC,Energy,,small,28.04,1.4063,1.0019,0.9667,0.9594,STRONG_UP,23.74,81.25,58.15,-17.91,54.8,38.49,0.6366,LOW,-,28.2005,26.9308,22.9374,1,115.6852,TREND+LEAD,27.5329
323,41,SYNA,SYNAPTICS INC,Information Technology,,mid,146.04,1.8258,1.0187,1.3695,1.7054,STRONG_DOWN,117.03,135.32,54.38,-29.31,51.6,71.12,0.6884,LOW,-,128.867,99.5082,80.8103,1,98.1798,TREND+LEAD,27.4376
324,-59,HUM,Humana,Health Care,Managed Health Care,large,320.88,1.0834,1.0351,1.2747,1.5844,STRONG_DOWN,33.6,39.64,-9.42,-47.18,56.0,45.2,0.4153,LOW,-,294.621,237.8015,243.5164,1,49.1108,TREND+LEAD,27.3714
325,81,VAC,MARRIOTT VACATIONS WORLDWIDE CORP,Consumer Discretionary,,mid,89.66,1.1066,1.0531,1.2194,1.1878,FLAT,69.05,42.62,11.69,-45.84,51.2,52.18,1.5037,HIGH,-,76.9798,72.3147,64.1708,1,41.8209,TREND+LEAD,27.2785
326,-53,OIS,OIL STATES INTERNATIONAL INC,Energy,,small,8.6,1.4506,1.0127,0.7258,0.6184,STRONG_UP,35.22,86.96,100.47,-41.97,52.8,51.36,,LOW,-,8.8555,10.3266,8.2656,1,89.3946,TREND+LEAD,27.1339
327,-29,KYMR,KYMERA THERAPEUTICS INC,Health Care,,mid,71.29,1.2692,0.8621,0.8062,0.7447,STRONG_UP,6.63,63.58,125.89,-27.74,49.2,41.69,1.4667,MED,-,81.635,83.1771,71.227,1,75.0382,TREND+LEAD,27.076
328,-50,INSM,Insmed Incorporated,Health Care,Biotechnology,large,103.73,1.1013,0.9632,0.7003,0.6226,STRONG_UP,-50.93,41.94,85.43,-52.06,53.2,68.4,0.8326,LOW,EARLY,111.2035,133.1066,155.6722,0,32.6203,WEAK,27.043
329,41,TXN,Texas Instruments,Information Technology,Semiconductors,large,308.12,1.3067,0.959,1.0422,1.3764,STRONG_DOWN,85.36,68.42,68.31,-29.57,51.2,52.19,1.4578,MED,-,301.7165,255.7464,202.3861,1,67.1211,TREND+LEAD,27.0379
330,46,HST,Host Hotels & Resorts,Real Estate,Hotel & Resort REITs,large,23.65,1.2363,0.9952,1.0717,1.0686,FLAT,38.85,59.34,45.11,-9.48,49.6,25.17,0.9351,LOW,-,22.269,20.985,18.3369,1,116.9302,TREND+LEAD,26.9203
331,-25,NTAP,NetApp,Information Technology,"Technology Hardware, Storage & Peripherals",large,175.64,1.3401,1.2157,1.4966,1.5952,STRONG_DOWN,58.01,72.72,53.41,-24.83,51.2,58.53,1.7057,HIGH,-,131.3235,115.0085,110.7356,1,63.6098,TREND+LEAD,26.9025
332,-3,MDGL,MADRIGAL PHARMACEUTICALS INC,Health Care,,large,452.86,1.2354,0.8479,0.8254,0.9369,FLAT,-21.85,59.23,84.47,-29.36,49.2,43.59,1.3368,MED,EARLY,512.724,513.996,488.7993,0,66.8504,WEAK,26.843
333,52,JOBY,JOBY AVIATION INC CLASS A,Industrials,,mid,11.87,1.1469,1.0216,1.2664,1.0796,FLAT,-11.88,47.82,143.74,-61.06,48.8,69.18,1.0591,MED,SHIFT,10.8075,9.5672,12.7932,0,33.733,WEAK,26.7439
334,22,PSX,Phillips 66,Energy,Oil & Gas Refining & Marketing,large,182.56,1.2633,1.0329,0.974,1.0042,FLAT,32.65,62.82,40.84,-17.28,55.2,34.71,0.4241,LOW,-,175.4035,171.5978,146.5001,1,99.8981,TREND+LEAD,26.7254
335,2,VVX,V2X INC,Industrials,,mid,83.22,1.4406,1.0633,1.1599,1.0126,FLAT,52.5,85.68,76.43,-15.61,54.8,42.45,0.5458,LOW,-,74.696,70.4736,62.9397,1,110.6018,TREND+LEAD,26.7247
336,-35,TPC,TUTOR PERINI CORP,Industrials,,mid,74.29,1.5028,0.9856,0.7577,0.9081,FLAT,12.11,93.69,244.0,-26.48,54.0,54.01,0.6491,LOW,-,79.2182,81.1757,71.7384,1,93.6759,TREND+LEAD,26.6346
337,38,BLBD,BLUE BIRD CORP,Industrials,,small,72.34,1.4492,1.0085,1.0873,1.1177,STRONG_DOWN,43.16,86.78,29.36,-23.45,54.8,47.45,1.3504,MED,-,68.9405,63.9918,56.482,1,100.2225,TREND+LEAD,26.6296
338,-63,OPLN,OPENLANE INC,Industrials,,mid,38.24,1.2572,1.0239,1.1275,1.1986,STRONG_DOWN,48.85,62.03,122.45,-17.32,52.0,32.86,1.3681,MED,-,36.3155,32.5746,29.2416,1,98.1669,TREND+LEAD,26.5975
339,20,MPC,Marathon Petroleum,Energy,Oil & Gas Refining & Marketing,large,263.06,1.2848,1.052,0.9884,1.0759,FLAT,35.31,65.59,56.89,-18.33,56.8,38.46,0.8996,LOW,-,252.0603,240.5833,200.439,1,96.8692,TREND+LEAD,26.5826
340,6,MATX,MATSON INC,Industrials,,mid,187.06,1.2932,1.003,1.0371,1.0073,FLAT,68.06,66.67,51.91,-24.05,53.2,36.44,,LOW,-,183.0662,174.6939,136.0686,1,97.3393,TREND+LEAD,26.5334
341,-25,GEV,GE Vernova,Industrials,Heavy Electrical Equipment,large,969.67,1.5295,0.9284,0.8535,1.0375,FLAT,68.31,97.13,471.27,-17.51,50.8,50.43,0.8912,LOW,-,1038.268,1004.81,751.0668,1,97.844,TREND+LEAD,26.5224
342,-32,AMR,ALPHA METALLURGICAL RESOURCE INC,Materials,,mid,217.9,1.5161,1.0716,1.1142,1.0729,FLAT,41.64,95.41,-33.9,-34.85,51.6,61.18,0.7969,LOW,-,190.0205,195.562,182.4889,1,80.4687,TREND+LEAD,26.5017
343,15,MRK,Merck & Co.,Health Care,Pharmaceuticals,large,115.65,1.2055,0.9503,0.9665,0.8713,FLAT,15.39,55.37,-3.91,-11.37,52.0,26.06,0.8665,LOW,-,114.988,116.0904,102.4982,1,110.4818,TREND+LEAD,26.4473
344,40,KSS,KOHLS CORP,Consumer Discretionary,,small,15.85,1.5234,1.2111,1.0559,0.9418,STRONG_UP,-33.3,96.35,-24.17,-51.84,49.2,71.9,1.2065,MED,-,13.373,13.6314,16.4283,0,65.9276,WEAK,26.4309
345,26,SONO,SONOS INC,Consumer Discretionary,,small,16.47,1.2504,1.0215,1.047,0.9664,FLAT,-11.21,61.15,4.24,-33.72,51.2,37.3,1.389,MED,-,15.2,14.4184,15.6553,1,83.9441,TREND+LEAD,26.2894
346,49,SLB,Schlumberger,Energy,Oil & Gas Equipment & Services,large,56.56,1.3259,0.9891,0.9611,1.0624,FLAT,56.67,70.89,35.77,-14.3,51.2,35.08,0.5769,LOW,-,55.785,53.9692,43.4416,1,103.4583,TREND+LEAD,26.2865
347,104,EOSE,EOS ENERGY ENTERPRISES INC CLASS A,Industrials,,small,9.42,1.8935,1.081,1.3957,1.2554,FLAT,-30.76,144.04,1178.15,-77.1,48.8,119.93,0.9835,LOW,-,7.9463,6.7746,10.6702,0,58.611,WEAK,26.2857
348,-46,PTGX,PROTAGONIST THERAPEUTICS INC,Health Care,,mid,93.23,1.4167,0.9012,0.8855,0.8844,STRONG_UP,8.86,82.59,212.75,-16.38,54.4,44.03,0.9725,LOW,-,100.3975,101.3751,84.5845,1,102.0406,TREND+LEAD,26.2768
349,-8,DBD,DIEBOLD NIXDORF INC,Information Technology,,mid,82.24,1.2956,1.0413,1.0146,0.9247,STRONG_UP,26.54,66.98,89.28,-22.53,55.6,40.29,0.4941,LOW,-,76.0555,79.0192,69.0934,1,92.4386,TREND+LEAD,26.1636
350,-68,INCY,Incyte,Health Care,Biotechnology,large,92.24,1.0664,0.9362,0.8976,0.8393,STRONG_UP,-9.6,37.45,56.87,-18.33,53.6,25.04,1.3208,MED,EARLY,97.1905,95.9436,95.7825,0,80.1559,WEAK,26.049
351,-32,MLYS,MINERALYS THERAPEUTICS INC,Health Care,,mid,28.85,1.3834,0.9498,0.9198,0.902,STRONG_UP,-29.19,78.31,120.57,-51.66,46.0,67.86,0.5418,LOW,-,29.136,27.941,32.6148,0,53.0814,WEAK,25.9988
352,39,ZGN,ERMENEGILDO ZEGNA NV,Consumer Discretionary,,mid,14.6,1.3535,1.001,1.1666,1.1994,STRONG_DOWN,38.39,74.45,20.26,-21.88,48.0,46.74,2.1565,HIGH,-,13.309,12.0684,10.4905,1,76.4601,TREND+LEAD,25.9972
353,-23,RYAM,RAYONIER ADVANCED MATERIALS INC,Materials,,small,8.7,1.7442,0.9446,0.9148,0.7167,STRONG_UP,37.22,124.81,54.26,-28.4,51.2,66.64,0.5643,LOW,-,9.0655,9.6048,7.8236,1,95.8895,TREND+LEAD,25.9822
354,114,IMKTA,INGLES MARKETS INC CLASS A,Consumer Staples,,small,88.61,1.1383,0.9825,0.9555,0.9299,STRONG_UP,18.53,46.71,24.87,-11.7,53.6,25.14,1.1627,MED,-,87.268,89.0097,77.8811,1,99.5853,TREND+LEAD,25.9799
355,52,PLAB,PHOTRONICS INC,Information Technology,,mid,33.14,1.4437,0.6119,0.6331,0.7847,STRONG_DOWN,47.68,86.08,23.15,-42.01,52.0,98.57,2.3619,HIGH,-,47.645,46.1876,33.0667,1,45.4085,TREND+LEAD,25.9039
356,-51,SNEX,STONEX GROUP INC,Financials,,mid,107.57,1.4735,0.9456,0.9604,1.1764,STRONG_DOWN,83.96,89.92,225.14,-20.91,57.2,50.1,0.7706,LOW,-,113.503,101.8338,76.4376,1,102.6618,TREND+LEAD,25.8633
357,46,KEY,KeyCorp,Financials,Regional Banks,large,21.18,1.058,0.9733,0.9243,0.92,STRONG_UP,16.15,36.36,62.47,-17.76,52.4,21.34,0.7301,LOW,-,21.366,21.232,19.7674,1,89.2932,TREND+LEAD,25.7689
358,-23,DY,DYCOM INDUSTRIES INC,Industrials,,large,485.97,1.6025,0.9074,1.0696,1.1294,STRONG_DOWN,38.82,106.54,171.31,-24.43,55.2,69.72,0.9791,LOW,-,450.459,409.823,348.1379,1,84.3525,TREND+LEAD,25.7586
359,43,AMBA,AMBARELLA INC,Information Technology,,mid,78.38,1.1289,0.8549,1.0477,1.2468,STRONG_DOWN,10.52,45.5,41.45,-49.06,50.4,66.24,1.6617,HIGH,-,80.73,66.831,72.296,1,34.6184,TREND+LEAD,25.6604
360,110,FITB,Fifth Third Bancorp,Financials,Regional Banks,large,50.31,1.0397,0.9963,0.9627,0.9218,STRONG_UP,16.96,34.01,46.72,-21.21,52.8,26.61,1.2606,MED,-,49.0535,48.7713,46.3707,1,67.4752,TREND+LEAD,25.6431
361,36,CMP,COMPASS MINERALS INTERNATIONAL INC,Materials,,small,33.32,1.3437,1.0385,1.2376,1.2184,FLAT,74.72,73.18,152.23,-26.29,51.2,49.17,1.5161,HIGH,-,29.952,26.834,22.001,1,76.2022,TREND+LEAD,25.6335
362,-106,RUN,SUNRUN INC,Industrials,,mid,15.25,1.429,0.9913,1.1351,1.1272,FLAT,-17.79,84.18,4.96,-47.08,50.0,67.75,0.8743,LOW,SHIFT,14.4542,13.4621,16.7435,0,62.1245,WEAK,25.5471
363,46,RF,Regions Financial Corporation,Financials,Regional Banks,large,28.03,1.0506,0.9953,0.9671,0.9147,STRONG_UP,12.79,35.4,60.74,-18.45,56.0,22.93,0.9098,LOW,-,27.2818,27.1115,26.3794,1,86.4647,TREND+LEAD,25.5371
364,16,XOM,ExxonMobil,Energy,Integrated Oil & Gas,large,149.56,1.1536,0.9991,0.9261,0.9041,STRONG_UP,29.97,48.68,39.54,-15.69,57.2,30.38,0.5075,LOW,-,151.3807,153.6865,130.7221,1,91.6511,TREND+LEAD,25.5356
365,-71,LIND,LINDBLAD EXPEDITIONS HOLDINGS INC,Consumer Discretionary,,small,22.7,1.6114,0.9937,1.2028,1.1104,FLAT,89.8,107.69,197.51,-23.67,52.8,63.82,1.425,MED,-,20.631,19.307,15.8536,1,89.0909,TREND+LEAD,25.5109
366,-16,PRSU,PURSUIT ATTRACTIONS AND HOSPITALIT,Consumer Discretionary,,small,44.36,1.2421,0.972,1.0465,1.0704,STRONG_DOWN,30.36,60.09,29.33,-13.94,55.2,31.7,1.3221,MED,-,43.2225,41.0438,36.8938,1,104.6303,TREND+LEAD,25.5064
367,-54,IRMD,IRADIMED CORP,Health Care,,small,89.86,1.1823,0.9667,1.0026,0.7708,FLAT,-1.73,52.39,112.93,-20.62,54.8,30.93,1.2284,MED,-,88.6143,91.0321,88.1999,1,92.8179,TREND+LEAD,25.4451
368,24,PEB,PEBBLEBROOK HOTEL TRUST REIT,Real Estate,,small,15.94,1.3549,1.0167,1.0848,1.1056,STRONG_DOWN,41.8,74.63,11.21,-16.39,48.8,31.4,0.6673,LOW,-,14.791,13.977,12.1028,1,115.9913,TREND+LEAD,25.4365
369,12,ECVT,ECOVYST INC,Materials,,small,13.26,1.3537,0.9385,0.8877,1.0372,FLAT,43.66,74.47,44.29,-16.33,53.2,35.8,0.4221,LOW,-,14.06,13.7496,10.6705,1,110.6704,TREND+LEAD,25.407
370,-66,LQDT,LIQUIDITY SERVICES INC,Industrials,,small,36.3,1.214,0.9946,0.958,1.0056,FLAT,21.65,56.47,86.34,-21.53,56.0,29.95,0.7608,LOW,-,35.137,33.7302,29.7705,1,105.5782,TREND+LEAD,25.3868
371,23,VCYT,VERACYTE INC,Health Care,,mid,47.8,1.3995,1.0615,1.3508,1.1855,FLAT,3.04,80.38,126.0,-39.23,47.6,70.83,1.3511,MED,-,42.392,36.6216,37.2624,1,54.0161,TREND+LEAD,25.3697
372,2,PFS,PROVIDENT FINANCIAL SERVICES INC,Financials,,mid,22.25,1.0788,0.9916,0.9557,0.939,STRONG_UP,17.0,39.04,74.88,-14.49,50.0,19.35,0.6723,LOW,-,22.0181,21.8325,20.1943,1,100.8901,TREND+LEAD,25.3631
373,-59,RCAT,RED CAT HOLDINGS INC,Industrials,,small,14.95,1.6738,1.3843,1.2847,0.913,STRONG_UP,114.49,115.73,1431.76,-60.08,48.4,119.72,1.3036,MED,-,10.8215,11.9713,11.2864,1,46.7864,TREND+LEAD,25.3202
374,-103,ODC,OIL DRI CORPORATION OF AMERICA,Consumer Staples,,small,77.19,1.2009,0.9628,1.0153,1.0172,STRONG_DOWN,45.01,54.78,85.27,-32.73,55.6,30.9,0.7446,LOW,-,76.4404,72.262,61.8413,1,98.5687,TREND+LEAD,25.2314
375,-3,MRNA,Moderna,Health Care,Biotechnology,large,45.64,1.2733,0.9471,0.9121,0.7103,STRONG_UP,88.91,64.11,-69.12,-35.51,48.4,61.85,0.7802,LOW,-,48.561,49.9268,37.6689,1,50.1714,TREND+LEAD,25.1809
376,32,PFG,Principal Financial Group,Financials,Life & Health Insurance,large,103.31,1.0745,0.9839,0.9897,1.0109,STRONG_DOWN,25.59,38.49,37.55,-11.96,54.0,19.34,0.5905,LOW,-,101.386,96.4496,87.4448,1,107.4636,TREND+LEAD,25.1736
377,40,AKAM,Akamai Technologies,Information Technology,Internet Services & Infrastructure,large,160.32,1.6136,1.0967,1.4327,1.4004,FLAT,82.78,107.96,76.37,-25.44,55.2,80.86,0.7506,LOW,-,145.168,120.847,95.3793,1,73.7034,TREND+LEAD,25.1105
378,18,BANC,BANC OF CALIFORNIA INC,Financials,,mid,19.1,1.097,0.9927,0.9712,0.9467,STRONG_UP,2.46,41.38,49.85,-20.47,54.0,24.76,0.6998,LOW,-,18.852,18.46,18.0695,1,90.2519,TREND+LEAD,25.1072
379,-95,HOOD,Robinhood Markets,Financials,Investment Banking & Brokerage,large,88.16,0.9537,1.1426,1.0887,0.9646,STRONG_UP,-28.46,22.92,314.29,-57.26,52.4,71.48,0.8928,LOW,SHIFT,79.4005,77.4583,103.7083,0,16.8038,WEAK,25.0924
380,20,ELVN,ENLIVEN THERAPEUTICS INC,Health Care,,mid,35.52,1.2607,0.8475,0.8069,1.0658,FLAT,78.94,62.49,68.66,-36.84,48.8,67.99,1.653,HIGH,-,40.8165,41.3214,27.073,1,44.8513,TREND+LEAD,25.0362
381,178,MSTR,MicroStrategy,Technology,Computer Software,large,136.08,0.2725,0.8719,0.6999,0.8359,FLAT,-20.62,-64.88,-16.38,-76.53,43.6,69.71,1.65,HIGH,EARLY,169.823,156.0196,205.3131,0,-40.5767,WEAK,24.9405
382,-49,NTLA,INTELLIA THERAPEUTICS INC,Health Care,,small,13.13,1.3247,0.9652,0.8949,0.8546,STRONG_UP,55.94,70.74,-44.18,-71.27,52.4,69.7,0.7096,LOW,-,13.3465,13.5921,13.3009,0,53.1828,WEAK,24.9278
383,29,ADTN,ADTRAN HOLDINGS INC,Information Technology,,small,18.26,1.7069,0.9299,0.9412,1.6025,STRONG_DOWN,130.85,120.0,226.07,-31.67,54.0,78.31,1.0162,MED,-,15.8585,15.4004,10.7883,1,82.7481,TREND+LEAD,24.9036
384,-72,F,Ford Motor Company,Consumer Discretionary,Automobile Manufacturers,large,16.15,1.2903,1.0048,1.3442,1.1484,FLAT,25.61,66.3,49.94,-22.31,50.8,51.09,1.042,MED,-,13.9539,12.7427,12.5491,1,65.9281,TREND+LEAD,24.8828
385,5,WSFS,WSFS FINANCIAL CORP,Financials,,mid,71.35,1.0538,0.98,0.9498,0.9871,FLAT,27.75,35.82,67.89,-14.91,51.6,18.05,0.9576,LOW,-,71.25,69.5035,60.5952,1,102.405,TREND+LEAD,24.852
386,41,WSR,WHITESTONE REIT,Real Estate,,small,19.02,1.2376,0.9896,0.9483,1.1348,FLAT,46.48,59.51,55.96,-12.73,53.2,28.49,0.327,LOW,-,18.989,18.33,14.6558,1,111.1216,TREND+LEAD,24.7863
387,28,BEN,Franklin Resources,Financials,Asset Management & Custody Banks,large,31.12,1.194,0.9708,0.9905,1.0686,STRONG_DOWN,42.01,53.89,49.48,-19.21,55.2,33.02,0.4179,LOW,-,31.3055,28.0471,24.8669,1,90.0819,TREND+LEAD,24.7211
388,25,FBNC,FIRST BANCORP,Financials,,mid,59.39,1.1373,0.9988,0.9791,0.9232,STRONG_UP,16.86,46.58,100.04,-16.25,48.8,24.09,0.9077,LOW,-,58.595,57.9298,54.4529,1,94.3573,TREND+LEAD,24.6787
389,53,CMC,COMMERCIAL METALS,Materials,,mid,76.59,1.2306,0.9883,1.0796,0.9705,FLAT,20.2,58.61,42.69,-29.96,50.8,38.08,0.6421,LOW,-,72.3665,67.8931,65.8649,1,78.1873,TREND+LEAD,24.6311
390,14,ARQT,ARCUTIS BIOTHERAPEUTICS INC,Health Care,,mid,20.79,1.2156,0.9712,0.8366,0.7754,STRONG_UP,-31.54,56.67,154.47,-37.5,50.0,53.97,1.4969,MED,EARLY,21.261,22.5601,23.528,0,52.5006,WEAK,24.4768
391,7,MBX,MBX BIOSCIENCES INC,Health Care,,small,30.7,1.7437,0.9514,0.9857,0.882,FLAT,-6.97,124.74,29.81,-37.6,50.0,74.95,0.9853,LOW,-,33.2278,31.9181,27.346,1,83.218,TREND+LEAD,24.4463
392,-43,MGM,MGM Resorts,Consumer Discretionary,Casinos & Gaming,large,48.36,1.174,1.139,1.1954,1.186,FLAT,36.46,51.31,20.27,-22.76,49.6,49.09,1.5696,HIGH,-,39.507,38.578,35.9096,1,51.8473,TREND+LEAD,24.3922
393,12,NGVT,INGEVITY CORP,Materials,,mid,67.17,1.2492,0.9628,0.8605,0.8647,FLAT,30.12,61.0,38.12,-23.94,51.6,36.97,0.5317,LOW,-,69.8975,71.9668,62.8691,1,85.142,TREND+LEAD,24.2734
394,39,POWI,POWER INTEGRATIONS INC,Information Technology,,mid,84.19,1.3057,0.9596,1.0951,1.6163,STRONG_DOWN,151.63,68.29,14.42,-47.83,52.0,65.97,0.7336,LOW,-,75.6562,65.5561,47.5556,1,53.8298,TREND+LEAD,24.2173
395,59,NDSN,Nordson Corporation,Industrials,Industrial Machinery & Supplies & Components,large,287.73,1.0662,0.9846,0.9699,0.9001,STRONG_UP,23.23,37.42,28.53,-14.15,55.6,23.73,0.5467,LOW,-,282.836,277.9506,254.1697,1,87.6662,TREND+LEAD,24.209
396,23,VRRM,VERRA MOBILITY CORP CLASS A,Industrials,,mid,4.16,0.1338,1.0676,0.2668,0.2268,STRONG_UP,-81.07,-82.75,-84.28,-84.99,41.6,148.93,3.4972,HIGH,EARLY,11.315,13.3854,19.6819,0,-23.115,WEAK,24.1549
397,-30,OSCR,OSCAR HEALTH INC CLASS A,Financials,,mid,21.14,1.151,0.9498,1.0761,1.2635,STRONG_DOWN,26.97,48.35,10.05,-51.71,47.6,66.04,1.1439,MED,-,22.3175,17.797,16.7399,1,34.8501,TREND+LEAD,24.1524
398,33,ABCB,AMERIS BANCORP,Financials,,mid,84.63,1.0794,0.9842,0.9403,0.9609,FLAT,11.71,39.12,81.03,-13.85,49.2,19.25,0.4387,LOW,-,84.636,82.8814,77.5177,1,99.9776,TREND+LEAD,24.1191
399,-33,NHC,NATIONAL HEALTHCARE CORP,Health Care,,mid,183.35,1.386,0.9435,1.0159,0.9581,FLAT,34.7,78.63,80.56,-13.13,52.4,41.19,0.995,LOW,-,188.003,175.3562,144.0593,1,100.0307,TREND+LEAD,24.1053
400,21,BKU,BANKUNITED INC,Financials,,mid,46.67,1.0873,0.9886,0.9557,0.8941,STRONG_UP,6.57,40.13,74.64,-16.4,52.0,23.01,0.397,LOW,-,46.429,46.2029,43.2103,1,90.7002,TREND+LEAD,24.0665
401,34,MBIN,MERCHANTS BANCORP,Financials,,mid,46.91,1.1564,0.9922,0.9659,0.9958,FLAT,42.72,49.04,19.61,-18.94,54.8,29.35,0.4023,LOW,-,46.0865,46.179,38.0444,1,91.5611,TREND+LEAD,24.0645
402,64,Q,Qnity Electronics,Information Technology,Semiconductor Materials & Equipment,large,155.74,1.2704,0.9676,1.0442,1.1677,STRONG_DOWN,100.93,63.73,63.73,-27.12,55.7,57.27,1.1417,MED,-,154.6888,139.3393,,0,61.9848,WEAK,24.0569
403,-78,CSX,CSX Corporation,Industrials,Rail Transportation,large,46.14,1.1395,0.97,0.9783,0.9732,FLAT,33.24,46.87,43.16,-11.89,55.2,26.95,0.7705,LOW,-,45.4632,43.6135,38.0761,1,95.9942,TREND+LEAD,24.0249
404,-76,NVDA,Nvidia,Information Technology,Semiconductors,large,222.82,1.2245,1.0355,1.0612,1.0951,STRONG_DOWN,23.86,57.82,93.87,-20.21,54.0,37.11,0.9918,LOW,-,217.9705,201.2672,188.0592,1,84.1349,TREND+LEAD,24.014
405,166,NWE,NORTHWESTERN ENERGY GROUP INC,Utilities,,mid,69.8,1.0498,0.9532,0.9173,0.8849,STRONG_UP,4.74,35.3,47.88,-10.09,56.8,26.58,1.5308,HIGH,-,71.213,70.2956,64.5716,1,75.4331,TREND+LEAD,24.0051
406,-52,ROST,Ross Stores,Consumer Discretionary,Apparel Retail,large,223.82,1.2177,0.9472,0.9361,0.9449,FLAT,26.65,56.95,61.77,-11.84,55.2,32.95,0.8997,LOW,-,222.257,222.0112,185.5148,1,95.4038,TREND+LEAD,23.9369
407,30,FISI,FINANCIAL INSTITUTIONS INC,Financials,,small,36.46,1.1413,1.0026,1.0161,1.0414,STRONG_DOWN,21.41,47.1,128.6,-13.72,48.8,20.74,0.8898,LOW,-,35.1935,34.09,30.6211,1,110.8325,TREND+LEAD,23.9282
408,74,TMP,TOMPKINS FINANCIAL CORP,Financials,,small,86.09,1.1239,0.9776,0.9876,0.99,STRONG_DOWN,25.51,44.85,104.31,-13.03,51.2,23.41,1.0844,MED,-,84.9318,82.8014,73.7192,1,98.0901,TREND+LEAD,23.9154
409,-32,MYE,MYERS INDUSTRIES INC,Materials,,small,23.33,1.3981,1.0009,1.1127,0.9702,FLAT,30.99,80.2,59.81,-12.47,55.2,41.8,0.9351,LOW,-,22.38,21.6954,19.2698,1,105.9115,TREND+LEAD,23.8942
410,26,CATY,CATHAY GENERAL BANCORP,Financials,,mid,57.7,1.0642,0.9994,0.9737,1.0425,FLAT,19.4,37.16,67.57,-12.33,54.0,19.91,0.594,LOW,-,56.6574,54.1158,49.8187,1,100.78,TREND+LEAD,23.8893
411,28,CFFN,CAPITOL FEDERAL FINANCIAL INC,Financials,,small,7.86,1.1239,0.9995,0.9674,0.9889,FLAT,21.76,44.85,72.48,-10.59,50.0,20.65,0.5055,LOW,-,7.7395,7.5359,6.7684,1,108.6046,TREND+LEAD,23.8665
412,40,AMSC,AMERICAN SUPERCONDUCTOR CORP,Industrials,,small,51.17,1.3207,0.9597,0.9616,1.4447,STRONG_DOWN,70.85,70.23,146.36,-61.08,55.2,79.07,1.0486,MED,-,52.866,44.8416,42.2268,1,49.026,TREND+LEAD,23.8541
413,19,UNIT,UNITI GROUP INC,Communication,,mid,11.35,1.1967,0.9777,0.9362,1.3023,FLAT,76.52,54.24,128.63,-44.37,48.8,50.7,0.3594,LOW,-,11.1935,10.7596,7.8587,1,52.2045,TREND+LEAD,23.8112
414,62,LMND,LEMONADE INC,Financials,,mid,58.06,1.2838,1.013,0.997,0.9536,STRONG_UP,-22.86,65.46,259.28,-47.7,50.0,69.97,0.6872,LOW,PROGRESS,55.6995,59.7668,64.0145,0,46.7774,WEAK,23.7846
415,93,SWBI,SMITH WESSON BRANDS INC,Consumer Discretionary,,small,15.31,1.2999,0.9925,0.9668,1.1575,FLAT,80.26,67.54,0.82,-27.81,49.6,43.37,1.0474,MED,-,15.0655,14.9482,11.2975,1,77.2382,TREND+LEAD,23.7758
416,39,ZS,Zscaler,Technology,EDP Services,large,144.15,0.3791,1.1267,0.9582,0.8301,STRONG_UP,-40.75,-51.14,-14.71,-64.89,50.4,91.17,2.0956,HIGH,-,155.287,143.4406,220.2943,0,-28.2712,WEAK,23.7613
417,23,IOVA,IOVANCE BIOTHERAPEUTICS INC,Health Care,,small,4.1,1.7479,0.927,1.0067,0.8658,FLAT,83.86,125.27,-51.02,-54.41,45.6,91.03,0.7842,LOW,-,3.813,3.6642,2.877,1,62.7543,TREND+LEAD,23.751
418,77,EVRG,Evergy,Utilities,Electric Utilities,large,81.35,0.9905,0.9549,0.9447,0.8825,STRONG_UP,9.54,27.66,61.84,-7.3,59.2,18.1,1.3003,MED,-,82.061,81.4877,76.3236,1,90.4536,TREND_ONLY,23.7133
419,26,TCBI,TEXAS CAPITAL BANCSHARES INC,Financials,,mid,99.74,1.0675,1.0061,0.9486,0.9357,STRONG_UP,9.33,37.58,69.88,-14.21,56.4,23.08,0.5961,LOW,-,98.5749,98.8988,92.894,1,91.8427,TREND+LEAD,23.7113
420,168,HG,HAMILTON INSURANCE GROUP LTD CLASS,Financials,,mid,28.63,1.0795,0.9241,0.9018,0.8822,STRONG_UP,12.88,39.13,78.33,-12.69,53.2,25.74,1.0448,MED,-,30.81,30.9238,26.4443,1,80.8736,TREND+LEAD,23.6702
421,226,MAC,MACERICH REIT,Real Estate,,mid,22.24,1.1211,0.9684,0.9778,0.9945,STRONG_DOWN,30.47,44.5,55.89,-12.8,54.4,30.39,1.5709,HIGH,-,22.131,21.2138,18.7236,1,79.659,TREND+LEAD,23.6432
422,99,AMAL,AMALGAMATED FINANCIAL CORP,Financials,,small,42.23,1.1066,1.0081,0.9881,0.9744,STRONG_UP,41.96,42.62,75.23,-24.41,51.2,24.67,0.9133,LOW,-,41.151,40.7647,34.0644,1,88.459,TREND+LEAD,23.6307
423,-127,HII,Huntington Ingalls Industries,Industrials,Aerospace & Defense,large,293.66,1.0164,0.9176,0.7672,0.6071,STRONG_UP,-3.52,31.0,22.31,-35.0,56.0,36.27,0.7518,LOW,EARLY,318.6687,357.3617,342.0422,0,47.8575,WEAK,23.6299
424,0,CWAN,CLEARWATER ANALYTICS HOLDINGS INC,Information Technology,,mid,24.38,0.8271,0.9864,0.9535,0.9316,STRONG_UP,14.51,6.6,28.86,-35.8,50.0,5.12,0.5461,LOW,-,24.35,24.0922,21.9536,1,64.4778,TREND_ONLY,23.5458
425,-57,PBI,PITNEY BOWES INC,Industrials,,small,16.72,1.3125,1.0583,1.0423,1.3963,FLAT,73.32,69.16,,-28.28,52.8,41.46,0.6683,LOW,-,15.6931,13.8616,11.3386,1,88.0793,TREND+LEAD,23.4689
426,-44,CDNS,Cadence Design Systems,Information Technology,Application Software,large,416.39,1.1014,1.0998,1.1262,1.2263,STRONG_DOWN,34.48,41.95,45.51,-28.85,52.8,43.34,1.0794,MED,-,365.359,327.1634,323.7494,1,51.11,TREND+LEAD,23.4578
427,-1,EBAY,eBay Inc.,Consumer Discretionary,Broadline Retail,large,108.88,1.1266,0.9775,0.944,1.0825,FLAT,32.41,45.2,109.3,-20.67,55.2,33.2,0.8113,LOW,-,111.4984,103.2306,92.1856,1,75.1486,TREND+LEAD,23.4275
428,36,EXTR,EXTREME NETWORKS INC,Information Technology,,mid,29.48,1.3947,1.0921,1.2201,1.8365,STRONG_DOWN,73.0,79.76,160.65,-39.87,54.0,70.6,0.8392,LOW,-,24.935,20.3848,18.4195,1,61.0032,TREND+LEAD,23.4186
429,-13,DAL,Delta Air Lines,Industrials,Passenger Airlines,large,80.02,1.2867,0.9665,1.1072,1.1307,STRONG_DOWN,25.41,65.84,61.33,-22.9,49.2,42.97,0.4288,LOW,-,74.7804,70.5601,65.1508,1,75.387,TREND+LEAD,23.3935
430,-75,AEO,AMERICAN EAGLE OUTFITTERS INC,Consumer Discretionary,,mid,16.04,1.2355,0.9025,0.9245,0.6471,FLAT,-23.66,59.24,-23.05,-46.69,49.2,56.89,0.7076,LOW,EARLY,16.23,17.0597,19.2925,0,51.2366,WEAK,23.385
431,135,AZZ,AZZ INC,Industrials,,mid,136.52,1.1441,0.9542,0.9136,0.9276,FLAT,30.73,47.45,68.07,-18.16,50.4,36.57,1.5744,HIGH,-,141.421,136.8459,119.4884,1,65.4003,TREND+LEAD,23.3441
432,-14,GCT,GIGACLOUD TECHNOLOGY INC CLASS A,Consumer Discretionary,,small,34.49,1.472,0.8883,0.745,0.6988,STRONG_UP,-9.48,89.71,5.9,-33.42,49.6,64.7,1.1358,MED,-,38.338,42.447,36.72,0,68.7761,WEAK,23.2941
433,-106,NBN,NORTHEAST BANK,Financials,,small,121.22,1.1539,0.9583,0.9296,0.9812,FLAT,33.7,48.72,112.32,-27.57,51.6,28.48,0.7989,LOW,-,122.592,120.5748,107.8318,1,88.2687,TREND+LEAD,23.2908
434,60,PNC,PNC Financial Services,Financials,Diversified Banks,large,221.0,1.0053,0.9889,0.9581,0.9367,STRONG_UP,16.64,29.56,52.84,-17.21,52.4,20.22,0.7014,LOW,-,217.357,216.5767,205.1204,1,76.6146,TREND+LEAD,23.2643
435,-138,LC,LENDINGCLUB CORP,Financials,,small,17.5,1.2981,1.0366,0.9941,1.0085,FLAT,-2.4,67.3,103.73,-38.28,51.2,44.72,0.9256,LOW,-,16.4425,16.0588,16.9222,1,77.0565,TREND+LEAD,23.2637
436,22,FTNT,Fortinet,Information Technology,Systems Software,large,148.86,1.1226,1.1496,1.5768,1.6174,STRONG_DOWN,81.94,44.69,153.16,-30.9,56.0,54.64,1.113,MED,-,123.332,98.7782,85.9245,1,45.8053,TREND+LEAD,23.2598
437,11,CVX,Chevron Corporation,Energy,Integrated Oil & Gas,large,187.55,1.0864,1.0159,0.9305,0.9152,STRONG_UP,25.29,40.03,29.73,-13.99,56.0,27.13,0.4846,LOW,-,186.6238,190.153,167.164,1,82.6174,TREND+LEAD,23.2556
438,178,TK,TEEKAY CORPORATION CORP LTD,Energy,,small,11.61,1.2984,0.9567,0.8867,0.8793,STRONG_UP,34.23,67.35,68.74,-16.68,50.4,42.22,1.1189,MED,-,12.3283,11.9318,9.6543,1,80.3975,TREND+LEAD,23.1889
439,-10,SGHC,SUPER GROUP LTD,Consumer Discretionary,,mid,12.65,1.1368,0.9704,0.9284,0.9881,FLAT,16.17,46.52,280.95,-39.53,50.4,41.81,0.8865,LOW,-,13.1405,12.0916,11.5489,1,56.0786,TREND+LEAD,23.1883
440,-12,DRH,DIAMONDROCK HOSPITALITY,Real Estate,,small,11.18,1.1869,0.9907,1.0331,1.0144,FLAT,27.37,52.97,42.47,-11.92,50.8,26.12,0.9975,LOW,-,10.755,10.2589,9.0646,1,103.0238,TREND+LEAD,23.1378
441,32,SMBC,SOUTHERN MISSOURI BANCORP INC,Financials,,small,69.57,1.0446,0.9933,0.9727,0.9907,FLAT,22.72,34.64,73.15,-17.68,51.6,18.34,0.9343,LOW,-,68.4817,66.8771,59.8737,1,97.4622,TREND+LEAD,23.1147
442,1,OBK,ORIGIN BANCORP INC,Financials,,small,47.65,1.0937,0.9949,0.979,1.0239,FLAT,30.35,40.96,62.47,-17.09,54.4,22.79,0.5791,LOW,-,46.7684,45.0689,39.6248,1,97.7655,TREND+LEAD,23.111
443,36,NPO,ENPRO INC,Industrials,,mid,316.2,1.3186,0.9873,1.0324,1.0829,STRONG_DOWN,45.22,69.95,112.77,-13.45,54.0,38.13,0.5417,LOW,-,309.7025,286.7742,245.2577,1,99.0617,TREND+LEAD,23.1004
444,72,UVSP,UNIVEST FINANCIAL CORP,Financials,,small,39.88,1.0818,0.9998,0.9938,1.0524,FLAT,24.38,39.43,96.6,-14.01,49.6,19.38,0.5118,LOW,-,38.8215,37.1703,33.064,1,100.9042,TREND+LEAD,23.0729
445,46,BNL,BROADSTONE NET LEASE INC,Real Estate,,mid,20.2,1.0423,0.9774,0.9838,0.9768,FLAT,19.32,34.33,51.17,-8.34,53.6,17.99,0.6306,LOW,-,20.1135,19.6728,18.2803,1,102.2933,TREND+LEAD,23.0706
446,-129,IRON,DISC MEDICINE INC,Health Care,,mid,68.0,1.1131,0.9631,0.9503,1.0011,FLAT,-25.84,43.46,87.53,-40.55,53.6,39.78,0.7284,LOW,-,68.325,67.148,72.6034,0,58.5584,WEAK,23.0279
447,-3,MUR,MURPHY OIL CORP,Energy,,mid,37.96,1.3972,1.052,0.8587,1.0115,FLAT,22.56,80.08,1.9,-17.26,52.0,47.62,0.6695,LOW,-,38.1257,38.9088,31.9038,1,87.4433,TREND+LEAD,22.9563
448,200,JCI,Johnson Controls,Industrials,Building Products,large,141.99,1.0961,1.0151,0.9295,0.9151,STRONG_UP,23.91,41.28,103.39,-12.71,55.2,32.2,1.0479,MED,-,139.515,138.8466,123.0819,1,70.7621,TREND+LEAD,22.9535
449,84,WELL,Welltower,Real Estate,Health Care REITs,large,195.35,1.0112,0.9011,0.8533,0.8524,STRONG_UP,-3.53,30.32,94.42,-12.61,58.4,24.97,1.0474,MED,-,212.9984,208.17,191.0105,1,70.9234,TREND+LEAD,22.934
450,19,CVI,CVR ENERGY INC,Energy,,mid,35.66,1.1684,1.1003,0.9886,1.2164,FLAT,1.96,50.6,34.46,-48.21,50.0,61.27,0.4865,LOW,-,33.5815,32.7602,30.7301,1,41.2896,TREND+LEAD,22.881
451,5,COCO,THE VITA COCO COMPANY INC,Consumer Staples,,mid,74.45,1.6504,0.9355,1.0465,1.2138,STRONG_DOWN,37.44,112.71,159.14,-23.23,54.4,74.54,0.4059,LOW,-,74.9232,61.087,51.2075,1,82.2599,TREND+LEAD,22.8743
452,-105,DLX,DELUXE CORP,Industrials,,small,23.8,1.3565,0.9669,0.7307,0.7708,FLAT,21.28,74.84,15.73,-28.09,50.4,44.54,0.6684,LOW,-,24.5414,27.0154,22.8868,1,84.6815,TREND+LEAD,22.8219
453,18,DCOM,DIME COMMUNITY BANCSHARES INC,Financials,,small,37.21,1.1444,0.9909,0.9903,1.0248,FLAT,30.89,47.5,121.6,-18.15,52.4,26.22,0.795,LOW,-,36.772,35.7674,31.5445,1,94.9186,TREND+LEAD,22.7949
454,-81,MD,PEDIATRIX MEDICAL GROUP INC,Health Care,,small,21.76,1.2234,0.993,0.9179,0.9846,FLAT,-9.63,57.68,193.26,-23.65,55.2,35.77,0.5895,LOW,-,22.3575,22.1156,20.364,1,89.0131,TREND+LEAD,22.7838
455,-33,TALO,TALOS ENERGY INC,Energy,,mid,14.96,1.3785,1.0279,0.8729,1.032,FLAT,31.57,77.67,33.57,-18.53,55.2,50.85,0.5747,LOW,-,15.403,15.3356,12.0486,1,84.3167,TREND+LEAD,22.7565
456,40,TFC,Truist Financial,Financials,Diversified Banks,large,48.12,0.985,0.9811,0.929,0.8907,STRONG_UP,5.47,26.95,42.24,-20.67,54.0,24.59,1.461,MED,-,48.0323,48.1759,46.7513,1,59.1922,TREND_ONLY,22.7543
457,41,CCNE,CNB FINANCIAL CORP,Financials,,small,30.76,1.1277,0.9929,0.9675,0.9766,FLAT,18.72,45.34,69.55,-13.55,49.2,22.47,0.6089,LOW,-,30.404,30.0781,26.9645,1,99.2728,TREND+LEAD,22.7141
458,0,SMR,NUSCALE POWER CORP CLASS A,Industrials,,mid,13.95,0.3405,1.1419,1.0827,1.0007,STRONG_UP,-22.84,-56.12,82.83,-82.86,46.0,94.5,1.9769,HIGH,SHIFT,12.0355,11.538,22.1941,0,-27.3168,WEAK,22.6932
459,-125,TEAM,Atlassian,Technology,Computer Software,large,109.1,0.4014,1.2102,1.107,1.2777,FLAT,-28.02,-48.27,-31.56,-74.13,46.0,93.96,0.9194,LOW,SHIFT,90.8097,77.6507,124.4949,0,-23.63,WEAK,22.6736
460,12,FIBK,FIRST INTERSTATE BANCSYSTEM INC,Financials,,mid,35.22,1.0636,0.9758,0.9639,0.9129,STRONG_UP,9.34,37.08,51.35,-16.87,50.0,22.52,0.5215,LOW,-,35.143,34.2814,33.2236,1,82.3255,TREND+LEAD,22.657
461,-1,TNK,TEEKAY TANKERS LTD CLASS A,Energy,,mid,70.59,1.2695,0.9427,0.851,0.8352,STRONG_UP,29.63,63.62,4.27,-18.88,53.6,43.42,0.3631,LOW,-,76.0925,74.6983,61.8228,1,78.5403,TREND+LEAD,22.6463
462,12,NPKI,NPK INTERNATIONAL INC,Industrials,,small,14.59,1.3705,0.9484,0.9238,0.9328,FLAT,16.35,76.63,74.73,-17.94,51.2,41.91,0.8371,LOW,-,15.2605,15.0192,13.0786,1,93.6216,TREND+LEAD,22.6178
463,-14,EXPD,Expeditors International,Industrials,Air Freight & Logistics,large,157.87,1.1074,0.9707,1.0737,0.972,FLAT,8.35,42.73,33.31,-15.88,54.0,28.87,0.6262,LOW,-,155.9393,149.1519,140.88,1,79.9323,TREND+LEAD,22.5445
464,14,TTD,Trade Desk (The),Communication Services,Advertising,large,21.1,0.22,0.9353,0.8276,0.7541,STRONG_UP,-46.69,-71.64,-77.34,-77.62,47.6,70.21,1.0139,MED,EARLY,21.9755,22.266,35.7488,0,-48.5693,WEAK,22.5236
465,-8,BFLY,BUTTERFLY NETWORK INC CLASS A,Health Care,,small,4.58,1.5057,0.9669,0.8927,1.0223,FLAT,63.57,94.07,372.16,-49.04,48.4,74.23,0.5929,LOW,-,4.341,4.5206,3.3019,1,61.3348,TREND+LEAD,22.4417
466,-78,EBC,EASTERN BANKSHARES INC,Financials,,mid,19.78,1.048,0.9791,0.9386,0.9163,STRONG_UP,5.6,35.07,53.0,-15.04,50.4,21.08,0.9893,LOW,-,19.734,19.955,18.873,1,83.8577,TREND+LEAD,22.4351
467,21,WST,West Pharmaceutical Services,Health Care,Health Care Supplies,large,312.17,1.1536,0.9863,0.983,1.1293,FLAT,14.06,48.69,-4.44,-24.7,48.4,38.25,0.6298,LOW,-,312.9325,286.9643,266.485,1,61.6097,TREND+LEAD,22.3926
468,-5,CVS,CVS Health,Health Care,Health Care Services,large,89.5,1.132,0.9604,1.0316,1.008,FLAT,15.08,45.89,61.21,-16.44,56.8,33.54,0.717,LOW,-,92.044,82.461,77.5681,1,77.72,TREND+LEAD,22.3844
469,62,ROK,Rockwell Automation,Industrials,Electrical Components & Equipment,large,463.41,1.1517,1.0039,1.0977,1.0908,FLAT,19.62,48.43,85.52,-18.73,52.8,34.9,0.5959,LOW,-,449.1497,411.7374,384.0952,1,73.2725,TREND+LEAD,22.3814
470,-118,INDB,INDEPENDENT BANK CORP,Financials,,mid,79.12,1.0292,0.9905,0.9693,0.9052,STRONG_UP,9.79,32.65,70.27,-14.3,47.6,18.33,0.8433,LOW,-,78.0445,77.6793,73.8476,1,84.7935,TREND+LEAD,22.3698
471,71,FFBC,FIRST FINANCIAL BANCORP,Financials,,mid,30.46,1.0267,0.9845,0.9673,0.9852,FLAT,24.04,32.32,51.03,-14.19,47.6,19.99,1.1168,MED,-,30.1458,29.3365,26.5897,1,76.9638,TREND+LEAD,22.255
472,43,QCRH,QCR HOLDINGS INC,Financials,,small,92.39,1.0722,0.9987,0.9749,0.943,STRONG_UP,11.52,38.19,65.58,-16.9,51.6,22.3,0.9319,LOW,-,90.528,89.43,83.4774,1,88.3744,TREND+LEAD,22.2513
473,74,KMT,KENNAMETAL INC,Industrials,,mid,33.56,1.2442,0.9539,0.8677,0.7265,STRONG_UP,23.48,60.35,40.22,-26.25,52.4,59.7,1.1581,MED,-,35.7677,36.8313,30.3851,1,52.9747,TREND+LEAD,22.2354
474,30,CTS,CTS CORP,Information Technology,,small,66.72,1.2459,1.0123,1.1157,1.1567,STRONG_DOWN,57.26,60.59,25.18,-20.31,53.6,39.64,1.093,MED,-,61.227,56.114,47.6675,1,81.9221,TREND+LEAD,22.2248
475,104,NTST,NETSTREIT CORP,Real Estate,,mid,19.96,1.0054,0.9939,0.9467,0.8656,STRONG_UP,13.91,29.58,28.34,-11.24,53.6,17.95,0.6968,LOW,-,20.2134,19.8981,18.5421,1,88.3284,TREND+LEAD,22.2228
476,43,EIX,Edison International,Utilities,Electric Utilities,large,70.92,1.041,0.9778,0.9716,0.8738,STRONG_UP,25.29,34.17,3.11,-13.71,52.8,23.27,0.4344,LOW,-,70.052,70.6196,61.8295,1,77.5289,TREND+LEAD,22.189
477,52,IBM,IBM,Information Technology,IT Consulting & Other Services,large,329.23,0.9878,1.2746,1.3662,1.1931,FLAT,9.12,27.32,110.48,-30.96,55.2,49.83,2.2539,HIGH,-,245.0179,241.2207,268.0936,1,30.2634,TREND_ONLY,22.1078
478,-64,NEOG,NEOGEN CORP,Health Care,,mid,8.75,1.1315,0.9397,0.9099,0.7288,STRONG_UP,47.8,45.83,-36.22,-27.71,53.6,49.05,1.2801,MED,-,8.855,9.172,7.8886,1,50.0849,TREND+LEAD,22.0493
479,39,ESE,ESCO TECHNOLOGIES INC,Industrials,,mid,291.57,1.2507,0.9515,0.8412,0.9351,FLAT,42.35,61.2,171.7,-15.22,55.2,39.47,0.4441,LOW,-,302.5445,303.1124,242.8365,1,85.5927,TREND+LEAD,22.0332
480,-18,LLY,Lilly (Eli),Health Care,Pharmaceuticals,large,1064.15,1.1075,0.9709,1.041,0.9555,FLAT,0.93,42.74,29.8,-23.64,53.6,37.24,0.5756,LOW,-,1026.5425,959.6954,938.6103,1,61.519,TREND+LEAD,22.0201
481,22,CUBI,CUSTOMERS BANCORP INC,Financials,,mid,74.34,1.1156,0.9649,0.9185,0.9518,FLAT,8.75,43.79,68.15,-20.31,50.0,27.98,0.5718,LOW,-,75.036,74.2152,71.1429,1,78.2543,TREND+LEAD,21.9771
482,63,SPG,Simon Property Group,Real Estate,Retail REITs,large,203.53,1.0247,0.9725,0.9548,0.9118,STRONG_UP,12.57,32.07,48.09,-11.54,52.8,21.0,0.6294,LOW,-,203.3845,198.69,185.9035,1,80.6337,TREND+LEAD,21.9591
483,125,NPK,NATIONAL PRESTO INDUSTRIES INC,Industrials,,small,128.35,1.1658,0.9706,0.9153,0.8205,STRONG_UP,41.16,50.25,77.07,-23.32,54.8,47.79,1.5469,HIGH,-,136.0815,138.3428,119.4036,1,57.6214,TREND+LEAD,21.931
484,43,WS,WORTHINGTON STEEL INC,Materials,,small,43.8,1.3183,1.0238,1.0878,1.0131,FLAT,29.3,69.9,37.01,-42.0,54.0,57.56,0.7232,LOW,-,40.565,36.6242,35.4013,1,65.5812,TREND+LEAD,21.9023
485,-10,CNC,Centene Corporation,Health Care,Managed Health Care,large,59.99,0.8406,1.0077,1.0588,1.1995,STRONG_DOWN,58.33,8.34,-15.66,-55.5,54.4,59.16,0.4614,LOW,-,57.99,46.755,40.005,1,7.6725,TREND_ONLY,21.8807
486,-52,PII,POLARIS INC,Consumer Discretionary,,mid,68.25,1.3613,0.9832,1.0405,1.1062,STRONG_DOWN,7.47,75.45,-8.82,-34.21,51.6,63.9,0.4128,LOW,-,65.9119,60.6971,61.3817,1,60.924,TREND+LEAD,21.839
487,0,MNST,Monster Beverage,Consumer Staples,Soft Drinks & Non-alcoholic Beverages,large,88.24,1.0699,0.9769,1.1092,1.0097,FLAT,16.18,37.9,70.05,-17.7,56.0,35.25,1.1645,MED,-,85.5665,79.194,74.4742,1,60.2044,TREND+LEAD,21.8325
488,-3,ODFL,Old Dominion,Industrials,Cargo Ground Transportation,large,229.08,1.0978,1.0314,1.1268,0.9532,FLAT,64.57,41.5,37.0,-26.06,54.8,40.94,0.8166,LOW,-,207.335,206.4238,171.0475,1,55.5445,TREND+LEAD,21.8222
489,0,RXO,RXO INC,Industrials,,mid,26.95,1.3159,1.0629,1.4393,1.4666,STRONG_DOWN,103.4,69.6,32.56,-43.07,55.2,81.1,0.5228,LOW,-,22.3795,19.0502,16.0432,1,47.375,TREND+LEAD,21.8038
490,-40,CGEM,CULLINAN THERAPEUTICS INC,Health Care,,small,15.34,1.3283,0.9765,0.9453,0.8466,STRONG_UP,42.7,71.21,-31.94,-36.67,48.8,65.0,1.4544,MED,-,15.1907,14.4839,11.0568,1,53.4588,TREND+LEAD,21.7986
491,168,APTV,Aptiv,Consumer Discretionary,Automotive Parts & Equipment,large,73.85,0.8566,1.1787,1.1727,0.9052,STRONG_UP,-4.02,10.41,-12.76,-40.71,48.4,50.88,1.7279,HIGH,SHIFT,58.5615,60.7016,74.9463,0,9.898,WEAK,21.7681
492,-15,HTBK,HERITAGE COMMERCE CORP,Financials,,small,13.45,1.1752,1.0075,1.0337,0.9173,FLAT,41.04,51.46,84.49,-13.47,50.68,27.79,0.0,LOW,-,12.915,12.7046,11.0759,1,93.8514,TREND+LEAD,21.7592
493,134,NXPI,NXP Semiconductors,Information Technology,Semiconductors,large,323.62,1.2861,0.9711,1.0521,1.3524,STRONG_DOWN,63.79,65.76,24.32,-24.58,50.0,64.78,1.0871,MED,-,306.2835,254.6092,228.0885,1,50.7536,TREND+LEAD,21.7457
494,-35,CPF,CENTRAL PACIFIC FINANCIAL CORP,Financials,,small,34.59,1.0464,0.9895,0.9773,0.9757,STRONG_UP,15.43,34.86,86.56,-12.3,51.2,19.79,0.485,LOW,-,34.1839,33.4877,31.1346,1,90.1956,TREND+LEAD,21.7355
495,-34,MIAX,MIAMI INTERNATIONAL HOLDINGS INC,Financials,,mid,42.51,1.073,0.8365,0.8494,0.893,STRONG_DOWN,-4.47,38.29,,-26.79,55.0,38.24,2.9247,HIGH,EARLY,50.787,46.0248,42.8804,0,55.0703,WEAK,21.7296
496,4,NOW,ServiceNow,Information Technology,Systems Software,large,127.65,0.4899,1.235,1.312,1.0085,FLAT,-22.36,-36.86,-3.31,-60.28,49.6,74.99,1.5547,HIGH,SHIFT,101.398,98.4354,141.0765,0,-24.3813,WEAK,21.5427
497,4,EXPE,Expedia Group,Consumer Discretionary,"Hotels, Resorts & Cruise Lines",large,226.37,1.0498,0.9893,0.8699,0.9223,FLAT,-12.21,35.31,100.93,-37.44,50.8,49.23,0.6953,LOW,PROGRESS,225.1898,235.6093,238.495,0,36.4316,WEAK,21.5204
498,52,THFF,FIRST FINANCIAL CORPORATION CORP,Financials,,small,69.51,1.0873,0.9939,1.0035,0.9788,FLAT,19.03,40.13,105.77,-13.18,51.6,22.28,0.8219,LOW,-,67.731,66.132,60.6977,1,92.9436,TREND+LEAD,21.5111
499,-15,SNDX,SYNDAX PHARMACEUTICALS INC,Health Care,,mid,18.39,1.2745,0.9265,0.8709,0.7652,STRONG_UP,-3.82,64.27,-4.72,-26.88,48.4,47.61,0.8637,LOW,EARLY,20.047,21.8974,19.367,0,65.3362,WEAK,21.4851
500,-70,SOC,SABLE OFFSHORE CORP CLASS A,Energy,,mid,13.57,0.438,1.0211,0.8847,1.2098,FLAT,183.3,-43.55,-6.22,-87.0,46.4,113.38,0.7813,LOW,-,14.012,14.3916,13.4477,1,-17.8235,TREND_ONLY,21.4426
501,25,USB,U.S. Bancorp,Financials,Diversified Banks,large,54.6,0.995,0.9864,0.9343,0.9132,STRONG_UP,12.72,28.25,49.97,-16.21,53.6,20.62,0.7509,LOW,-,54.4425,54.5469,51.4127,1,73.4285,TREND_ONLY,21.4368
502,4,XHR,XENIA HOTELS RESORTS REIT INC,Real Estate,,small,17.76,1.1778,1.0067,1.0526,1.03,FLAT,31.88,51.8,31.8,-16.23,51.6,29.96,0.8728,LOW,-,16.871,16.0846,14.5462,1,89.2165,TREND+LEAD,21.4313
503,14,TGT,Target Corporation,Consumer Staples,Consumer Staples Merchandise Retail,large,123.18,1.0415,0.9484,0.92,0.9315,FLAT,37.49,34.24,-13.0,-20.27,54.4,28.62,0.4493,LOW,-,124.5273,123.3398,103.8483,1,65.0744,TREND+LEAD,21.4234
504,37,CTLP,CANTALOUPE INC,Financials,,small,11.2,0.9931,0.988,0.9722,0.9541,STRONG_UP,6.16,28.0,58.87,-10.26,44.68,13.04,0.0,LOW,-,10.9465,10.7356,10.6922,1,95.9386,TREND_ONLY,21.4187
505,-59,IE,IVANHOE ELECTRIC INC,Materials,,small,14.26,1.4094,1.0804,1.088,0.8191,FLAT,11.06,81.66,31.91,-45.93,54.8,76.36,0.8887,LOW,-,13.312,13.0948,13.7606,1,58.6007,TREND+LEAD,21.4027
506,-16,WERN,WERNER ENTERPRISES INC,Industrials,,small,42.99,1.2669,1.038,1.1817,1.1251,FLAT,68.06,63.28,19.45,-28.28,51.6,42.53,0.7057,LOW,-,38.3935,34.4979,30.5848,1,76.7774,TREND+LEAD,21.4025
507,163,MCW,MISTER CAR WASH INC,Consumer Discretionary,,mid,7.1,0.8359,0.988,0.9574,0.9137,STRONG_UP,40.32,7.74,1.14,-31.38,42.8,5.6,0.0,LOW,-,7.07,7.017,6.0032,1,59.148,TREND_ONLY,21.3323
508,38,DAWN,DAY ONE BIOPHARMACEUTICALS INC,Health Care,,mid,21.53,2.3932,0.9903,0.951,1.6099,FLAT,192.53,208.45,63.35,-23.55,47.32,148.35,0.0,LOW,-,21.4675,18.4178,10.7963,1,66.4913,TREND+LEAD,21.3032
509,2,VSTS,VESTIS CORP,Industrials,,small,12.8,1.5542,1.0565,1.3565,1.5031,STRONG_DOWN,90.48,100.31,3.93,-37.54,52.8,74.51,0.7734,LOW,-,11.411,9.8568,6.9909,1,71.0848,TREND+LEAD,21.2888
510,-123,LILAK,LIBERTY LATIN AMERICA LTD CLASS C,Communication,,small,8.02,1.2106,0.9892,0.9418,0.8745,STRONG_UP,-8.34,56.03,-11.28,-22.55,52.0,41.71,1.1148,MED,-,7.927,8.257,8.0902,0,69.8542,WEAK,21.225
511,-9,COIN,Coinbase,Financials,Financial Exchanges & Data,large,173.99,0.5214,0.9892,0.8102,0.7491,STRONG_UP,-33.04,-32.8,-24.81,-66.39,45.6,69.42,0.7829,LOW,EARLY,192.8855,188.4762,246.9546,0,-21.5447,WEAK,21.2147
512,-29,ASTH,ASTRANA HEALTH INC,Health Care,,small,36.91,1.1369,0.9467,0.9974,1.2975,STRONG_DOWN,59.23,46.53,-12.62,-46.41,55.2,41.08,0.9021,LOW,-,37.9965,32.754,27.8038,1,62.5184,TREND+LEAD,21.1714
513,122,THRM,GENTHERM INC,Consumer Discretionary,,small,37.32,1.0681,1.0623,1.1858,1.0921,FLAT,3.18,37.66,-31.95,-30.32,49.2,35.23,1.8604,HIGH,-,32.194,30.2626,33.7554,1,52.5955,TREND+LEAD,21.1483
514,-145,INOD,INNODATA INC,Industrials,,small,114.22,2.0014,1.268,2.3616,2.3125,FLAT,107.56,157.95,692.64,-63.03,47.6,193.26,0.9334,LOW,-,89.2605,60.6652,58.3978,1,38.903,TREND+LEAD,21.145
515,34,BY,BYLINE BANCORP INC,Financials,,small,33.41,1.0098,0.9949,0.9894,0.9451,STRONG_UP,18.68,30.15,50.56,-12.64,50.8,17.74,0.6076,LOW,-,32.872,32.5499,29.9997,1,86.3245,TREND+LEAD,21.0793
516,61,APEI,AMERICAN PUBLIC EDUCATION INC,Consumer Discretionary,,small,52.28,1.392,0.9931,0.8589,1.0237,FLAT,48.27,79.41,195.87,-22.3,55.6,55.05,0.4524,LOW,-,53.388,56.0384,42.8124,1,80.2031,TREND+LEAD,21.0368
517,7,WLDN,WILLDAN GROUP INC,Industrials,,small,95.72,1.3305,1.0164,1.2443,1.0266,FLAT,-1.92,71.48,199.13,-50.41,52.0,64.89,0.7549,LOW,-,89.49,82.4182,98.2563,0,57.2807,WEAK,21.0097
518,76,SUPN,SUPERNUS PHARMACEUTICALS INC,Health Care,,mid,44.07,1.0609,0.9336,0.8566,0.7133,STRONG_UP,-1.41,36.74,59.62,-22.68,51.2,32.62,1.0418,MED,EARLY,48.742,49.494,48.9612,0,57.6604,WEAK,20.995
519,93,GNL,GLOBAL NET LEASE INC,Real Estate,,mid,9.35,1.0362,0.9745,0.9638,0.9069,STRONG_UP,18.26,33.55,55.06,-9.46,48.0,19.13,0.5976,LOW,-,9.2785,9.3225,8.4709,1,84.1789,TREND+LEAD,20.9592
520,35,PRIM,PRIMORIS SERVICES CORP,Industrials,,mid,124.31,1.3156,0.9402,0.6333,0.7737,FLAT,0.81,69.56,132.41,-50.11,54.8,118.62,0.8063,LOW,PROGRESS,119.6055,143.6656,136.5885,0,32.1367,WEAK,20.9579
521,69,VC,VISTEON CORP,Consumer Discretionary,,mid,123.9,1.1576,1.0421,1.0863,1.2103,STRONG_DOWN,22.36,49.19,12.64,-33.97,47.2,40.71,0.7917,LOW,-,113.8424,103.9349,104.8667,1,57.0345,TREND+LEAD,20.94
522,12,SOUN,SOUNDHOUND AI INC CLASS A,Information Technology,,mid,8.82,0.6891,1.0785,0.8804,0.9723,FLAT,-23.44,-11.18,84.52,-72.43,43.2,80.34,1.0535,MED,SHIFT,8.623,7.8488,11.287,0,-6.0107,WEAK,20.9141
523,-10,AIR,AAR CORP,Industrials,,mid,110.61,1.3305,0.9687,0.9543,0.8389,STRONG_UP,35.55,71.49,57.54,-19.92,51.2,54.38,0.5549,LOW,-,110.937,112.6926,95.9572,1,67.3079,TREND+LEAD,20.912
524,60,TXNM,TXNM ENERGY INC,Utilities,,mid,59.23,0.8359,0.9839,0.9459,0.9096,STRONG_UP,2.89,7.73,65.68,-2.3,51.2,3.96,0.6066,LOW,-,59.312,58.8436,57.5375,1,99.981,TREND_ONLY,20.9062
525,-16,MITK,MITEK SYSTEMS INC,Information Technology,,small,17.57,1.441,1.0098,1.0884,1.0405,FLAT,95.88,85.73,43.78,-18.01,48.4,49.47,,LOW,-,15.539,14.7084,11.6018,1,83.8751,TREND+LEAD,20.8835
526,-103,RUSHA,RUSH ENTERPRISES INC CLASS A,Industrials,,mid,67.08,1.0446,0.919,0.8951,0.8484,STRONG_UP,27.93,34.64,57.83,-20.81,51.2,32.31,1.1984,MED,-,70.084,70.1298,60.7747,1,54.8924,TREND+LEAD,20.872
527,-116,BEAM,BEAM THERAPEUTICS INC,Health Care,,mid,28.96,1.3311,0.8972,0.9101,0.9494,STRONG_DOWN,20.42,71.56,18.79,-38.15,48.0,68.88,0.834,LOW,-,30.087,28.5251,26.1495,1,49.8704,TREND+LEAD,20.8668
528,-23,MAR,Marriott International,Consumer Discretionary,"Hotels, Resorts & Cruise Lines",large,373.76,1.1065,0.957,1.0195,1.0028,FLAT,23.66,42.61,66.75,-12.65,50.0,27.6,0.8157,LOW,-,363.4567,354.5913,310.5131,1,77.196,TREND+LEAD,20.8527
529,0,LION,LIONSGATE STUDIOS CORP,Communication,,mid,13.81,1.4718,0.9746,1.0344,1.3174,STRONG_DOWN,88.15,89.7,67.39,-23.21,47.2,58.93,0.5272,LOW,-,13.129,11.7664,8.7657,1,71.8435,TREND+LEAD,20.8462
530,13,PLD,Prologis,Real Estate,Industrial REITs,large,140.41,1.034,0.9468,0.9565,0.9132,FLAT,10.64,33.27,39.89,-9.59,52.4,20.96,0.8868,LOW,-,143.2265,139.5672,127.756,1,83.1682,TREND+LEAD,20.814
531,82,UNH,UnitedHealth Group,Health Care,Managed Health Care,large,377.92,1.0009,0.9723,0.9636,1.1734,FLAT,18.63,29.0,-20.64,-28.96,50.4,32.78,0.3834,LOW,-,383.5955,342.365,324.8441,1,44.5896,TREND+LEAD,20.8097
532,43,IRM,Iron Mountain,Real Estate,Other Specialized REITs,large,128.46,1.032,0.9993,0.9471,1.0803,FLAT,57.99,33.02,69.56,-25.15,53.6,34.11,0.9742,LOW,-,127.3465,117.4204,100.4163,1,51.8803,TREND+LEAD,20.7937
533,47,SFL,SFL LTD,Energy,,small,11.17,1.0764,0.9597,0.9255,0.951,FLAT,41.43,38.74,-8.74,-27.85,53.2,27.8,0.9507,LOW,-,11.8638,11.1972,8.9021,1,74.127,TREND+LEAD,20.7741
534,-93,RDW,REDWIRE CORP,Industrials,,small,20.58,1.076,0.8472,2.2516,1.9949,FLAT,301.95,38.68,308.33,-75.4,50.0,127.36,1.1241,MED,-,15.754,11.9996,9.4245,1,15.185,TREND+LEAD,20.7717
535,-125,LVS,Las Vegas Sands,Consumer Discretionary,Casinos & Gaming,large,51.21,0.962,0.9909,0.9389,0.8264,STRONG_UP,-25.49,23.99,18.98,-28.08,53.2,32.57,1.0165,MED,EARLY,51.2425,52.9536,56.5327,0,39.1834,WEAK,20.6966
536,8,TPH,TRI POINTE HOMES INC,Consumer Discretionary,,mid,46.95,1.2208,0.988,0.9491,1.1549,FLAT,45.85,57.34,20.85,-17.47,50.63,53.66,3.3933,HIGH,-,46.8875,46.7082,37.5656,1,54.1014,TREND+LEAD,20.6766
537,25,REZI,RESIDEO TECHNOLOGIES INC,Industrials,,mid,31.06,1.1519,1.0025,0.7439,0.7499,FLAT,-8.35,48.47,45.75,-39.8,54.0,56.47,0.4589,LOW,EARLY,32.5385,35.6572,36.3502,0,46.3503,WEAK,20.6495
538,0,IMVT,IMMUNOVANT INC,Health Care,,mid,30.92,1.5538,0.9144,1.0495,1.0271,FLAT,35.91,100.26,22.7,-20.98,49.2,86.15,1.0414,MED,-,30.528,27.9893,23.6656,1,57.2576,TREND+LEAD,20.6386
539,-9,FANG,Diamondback Energy,Energy,Oil & Gas Exploration & Production,large,202.4,1.1322,1.037,0.9003,1.0422,FLAT,31.1,45.93,12.28,-12.53,52.8,31.91,0.5818,LOW,-,198.3262,195.3973,162.0882,1,75.9913,TREND+LEAD,20.6298
540,-161,GVA,GRANITE CONSTRUCTION INC,Industrials,,mid,136.75,1.1878,1.0034,0.9399,0.9298,STRONG_UP,28.69,53.09,125.76,-14.69,50.4,36.38,0.7361,LOW,-,137.2525,129.5424,117.9247,1,73.546,TREND+LEAD,20.5493
541,64,FRT,Federal Realty Investment Trust,Real Estate,Retail REITs,mid,119.32,1.0177,0.9738,0.9853,0.9845,FLAT,24.05,31.17,28.44,-6.96,51.6,17.79,0.7127,LOW,-,116.9815,111.8546,102.1232,1,90.3973,TREND+LEAD,20.5273
542,27,LUV,Southwest Airlines,Industrials,Passenger Airlines,large,42.34,1.028,0.9577,1.0436,0.8113,FLAT,22.83,32.5,59.71,-33.49,50.4,48.34,0.41,LOW,-,40.7495,39.833,38.4897,1,33.8857,TREND+LEAD,20.5264
543,-3,LIVN,LIVANOVA PLC,Health Care,,mid,73.33,1.2901,0.9804,1.1735,1.0108,FLAT,16.19,66.28,21.83,-18.89,50.4,46.57,0.9982,LOW,-,71.6108,66.665,61.2708,1,71.7323,TREND+LEAD,20.5043
544,-24,DVN,Devon Energy,Energy,Oil & Gas Exploration & Production,large,46.22,1.1493,1.0315,0.8523,0.961,FLAT,23.51,48.13,4.03,-15.29,53.6,37.14,0.5914,LOW,-,46.917,47.9498,39.8013,1,69.4634,TREND+LEAD,20.4635
545,64,SENEA,SENECA FOODS CORP CLASS A,Consumer Staples,,small,140.23,1.1603,0.9373,0.935,0.9022,STRONG_UP,15.7,49.55,132.67,-21.04,58.0,46.1,1.3239,MED,-,141.6125,144.9318,124.3283,1,62.3365,TREND+LEAD,20.4535
546,-54,HUBG,HUB GROUP INC CLASS A,Industrials,,mid,43.85,1.0117,1.0029,1.01,0.9196,FLAT,11.96,30.39,4.25,-35.62,54.0,46.24,1.0562,MED,-,40.9475,40.2312,39.501,1,35.4904,TREND+LEAD,20.4456
547,99,TRMK,TRUSTMARK CORP,Financials,,mid,43.95,1.0051,0.9887,0.9423,0.9195,STRONG_UP,14.5,29.55,60.66,-10.67,48.8,18.18,0.7887,LOW,-,43.9158,43.7409,40.7603,1,79.318,TREND+LEAD,20.4037
548,22,KRG,KITE REALTY GROUP TRUST REIT,Real Estate,,mid,26.99,0.9978,0.9686,0.9727,0.9483,FLAT,21.19,28.6,34.63,-9.27,53.2,16.71,0.4911,LOW,-,26.7345,25.8659,23.5147,1,91.0447,TREND_ONLY,20.3727
549,4,SEZL,SEZZLE INC,Financials,,mid,118.43,0.8056,1.0083,1.3024,1.421,STRONG_DOWN,95.4,3.83,814.75,-72.02,50.8,78.32,0.4675,LOW,-,104.9545,85.6568,75.937,1,2.4851,TREND_ONLY,20.3637
550,6,TRS,TRIMAS CORP,Materials,,small,40.11,1.1853,0.9628,0.9704,0.9138,FLAT,19.12,52.77,51.76,-22.24,55.6,38.28,0.5732,LOW,-,40.344,38.3684,36.5552,1,76.6503,TREND+LEAD,20.2906
551,0,SD,SANDRIDGE ENERGY INC,Energy,,small,15.23,1.1925,1.0627,0.9253,0.7793,STRONG_UP,7.88,53.7,22.05,-19.9,55.6,40.63,0.4909,LOW,-,14.854,15.0986,13.8659,1,73.4851,TREND+LEAD,20.203
552,-114,MAZE,MAZE THERAPEUTICS INC,Health Care,,small,24.29,1.3797,0.9213,0.8526,0.4701,STRONG_UP,-35.4,77.82,52.29,-53.14,49.6,85.76,0.3296,LOW,-,25.7655,27.8056,33.1725,0,45.0069,WEAK,20.193
553,38,CWK,CUSHMAN AND WAKEFIELD LTD,Real Estate,,mid,13.12,1.0119,1.0056,0.8955,0.8794,STRONG_UP,-21.11,30.42,21.93,-31.4,50.0,37.58,1.1579,MED,EARLY,13.14,13.3014,14.898,0,40.4703,WEAK,20.1357
554,120,AMTB,AMERANT BANCORP INC CLASS A,Financials,,small,22.53,1.0259,0.9858,0.9449,0.9342,STRONG_UP,19.03,32.22,5.25,-22.86,51.6,23.5,0.3507,LOW,-,22.6664,22.7972,20.625,1,70.7508,TREND+LEAD,20.1303
555,38,VTR,Ventas,Real Estate,Health Care REITs,large,80.13,1.01,0.8991,0.8628,0.8362,STRONG_UP,0.93,30.17,69.68,-11.31,51.6,21.95,0.9616,LOW,-,87.0465,85.2054,77.8083,1,70.9251,TREND+LEAD,20.1111
556,-70,EL,Estée Lauder Companies (The),Consumer Staples,Personal Care Products,large,83.41,0.9526,0.9071,0.9732,0.7592,FLAT,-11.31,22.78,-30.35,-43.62,51.6,54.9,0.9375,LOW,-,83.7301,77.9017,92.7285,0,21.4118,WEAK,20.1037
557,17,LYB,LyondellBasell,Materials,Specialty Chemicals,large,67.31,1.01,0.993,0.8455,0.9881,FLAT,43.66,30.18,-18.41,-35.45,49.6,54.33,0.4298,LOW,-,70.771,72.6177,55.2694,1,27.5532,TREND+LEAD,20.0766
558,108,NOC,Northrop Grumman,Industrials,Aerospace & Defense,large,536.59,0.8661,0.9658,0.8985,0.6431,STRONG_UP,-0.89,11.63,23.42,-29.83,50.8,24.8,1.5384,HIGH,EARLY,549.8284,607.3152,613.7728,0,23.824,WEAK,20.0765
559,65,SPXC,SPX TECHNOLOGIES INC,Industrials,,mid,230.08,1.1297,1.0556,1.0814,0.932,FLAT,10.33,45.6,68.73,-23.15,52.4,45.85,1.0473,MED,-,208.5035,209.5768,206.2397,1,52.1164,TREND+LEAD,20.0747
560,51,RLJ,RLJ LODGING TRUST REIT,Real Estate,,small,10.09,1.1561,1.0019,1.1423,1.1377,FLAT,40.0,49.01,15.46,-14.61,52.8,31.07,0.5337,LOW,-,9.3195,8.4211,7.5466,1,83.2814,TREND+LEAD,20.0721
561,-33,XPRO,EXPRO GROUP HOLDINGS NV,Energy,,small,15.38,1.356,1.0077,0.805,0.8415,FLAT,8.01,74.77,-25.59,-19.68,48.4,46.46,0.5151,LOW,-,15.872,16.6672,14.8079,1,77.895,TREND+LEAD,20.0683
562,-23,LHX,L3Harris,Industrials,Aerospace & Defense,large,308.12,0.9949,0.985,0.9438,0.7543,STRONG_UP,13.54,28.23,41.11,-20.55,52.8,24.04,0.3967,LOW,PROGRESS,307.5195,328.4726,312.651,0,62.0108,WEAK,20.0368
563,-40,URI,United Rentals,Industrials,Trading Companies & Distributors,large,994.82,1.1073,0.9946,1.0185,1.0526,STRONG_DOWN,24.08,42.72,58.79,-30.04,55.2,55.37,0.468,LOW,-,956.9153,868.9457,872.9463,1,42.5903,TREND+LEAD,20.0313
564,17,KOS,KOSMOS ENERGY LTD,Energy,,small,2.97,1.2661,1.099,0.8586,1.0518,FLAT,167.57,63.19,-49.32,-63.6,46.8,86.97,0.3152,LOW,-,2.9635,2.87,1.8927,1,34.0019,TREND+LEAD,20.017
565,11,MCB,METROPOLITAN BANK HOLDING CORP,Financials,,small,90.08,1.0837,0.9919,0.9686,0.9704,FLAT,20.4,39.68,120.97,-18.71,48.8,24.43,0.6209,LOW,-,89.434,87.7546,81.0137,1,79.2577,TREND+LEAD,20.0162
566,65,EQIX,Equinix,Real Estate,Data Center REITs,large,1071.8,0.9504,0.9895,0.94,0.9999,FLAT,47.69,22.5,48.88,-19.63,50.0,17.66,0.8112,LOW,-,1068.6329,1048.8804,868.0037,1,63.7025,TREND_ONLY,19.9642
567,-528,NVRI,ENVIRI CORP,Industrials,,small,19.2,6.5479,3.4126,3.4184,3.4321,STRONG_DOWN,276.56,743.93,656.41,-13.04,52.8,522.29,0.461,LOW,-,6.8964,5.9705,4.7165,1,75.2067,TREND+LEAD,19.9378
568,38,RTX,RTX Corporation,Industrials,Aerospace & Defense,large,174.26,0.999,0.975,0.9567,0.7538,STRONG_UP,4.49,28.75,68.35,-19.32,54.8,24.71,0.541,LOW,EARLY,175.8298,183.8399,179.6123,0,63.7693,WEAK,19.9304
569,17,CAH,Cardinal Health,Health Care,Health Care Distributors,large,194.88,0.9835,0.9635,0.9348,0.7874,STRONG_UP,-5.85,26.75,101.59,-20.42,54.0,25.53,0.5202,LOW,-,194.298,202.4481,192.6688,1,56.5908,TREND_ONLY,19.9199
570,146,MCRI,MONARCH CASINO AND RESORT INC,Consumer Discretionary,,small,119.47,1.1043,0.9837,0.9669,1.0929,FLAT,24.79,42.33,82.15,-17.47,52.4,37.29,1.6336,HIGH,-,117.9621,109.2014,99.6728,1,59.4764,TREND+LEAD,19.8908
571,-91,IQV,IQVIA,Health Care,Life Sciences Tools & Services,large,180.64,0.9816,1.0776,1.061,0.9135,STRONG_UP,-20.93,26.52,-16.55,-35.87,50.0,43.27,0.7297,LOW,SHIFT,174.141,170.5656,195.8639,0,30.6405,WEAK,19.8739
572,-62,ADPT,ADAPTIVE BIOTECHNOLOGIES CORP,Health Care,,mid,15.14,1.1818,1.0808,0.987,0.8284,STRONG_UP,-19.64,52.31,357.4,-39.35,50.0,69.31,0.8276,LOW,SHIFT,13.954,13.9858,15.1916,0,37.7391,WEAK,19.8559
573,-59,BIIB,Biogen,Health Care,Biotechnology,large,188.83,1.1113,0.9472,0.9535,0.8943,FLAT,6.22,43.23,-17.83,-14.34,52.4,33.33,0.5217,LOW,-,193.39,187.045,171.1061,1,67.9591,TREND+LEAD,19.8223
574,-109,SHOP,Shopify,Technology,Computer Software,large,117.01,0.8637,1.0845,0.8672,0.8118,STRONG_UP,-21.62,11.32,96.0,-46.71,50.4,63.79,0.8878,LOW,SHIFT,106.667,115.4574,139.3576,0,8.945,WEAK,19.8201
575,-38,KWR,QUAKER HOUGHTON CORP,Materials,,mid,144.24,1.0537,0.9677,0.9923,0.9211,FLAT,6.81,35.8,-16.93,-36.46,48.0,40.71,0.4179,LOW,-,142.022,135.13,139.2396,1,42.2142,TREND+LEAD,19.8036
576,-38,CNOB,CONNECTONE BANCORP INC,Financials,,small,30.36,1.071,1.0049,0.981,1.0331,FLAT,19.0,38.03,76.23,-12.41,52.0,23.52,0.9673,LOW,-,29.664,28.5406,26.2439,1,84.0875,TREND+LEAD,19.7745
577,6,INTU,Intuit,Information Technology,Application Software,large,322.14,0.3295,1.0343,0.7482,0.6604,STRONG_UP,-48.75,-57.53,-42.37,-62.05,47.2,66.81,1.7761,HIGH,EARLY,363.0155,386.6656,544.6349,0,-40.6429,WEAK,19.7266
578,50,HTH,HILLTOP HOLDINGS INC,Financials,,mid,38.2,1.0179,1.0024,0.9706,0.9221,STRONG_UP,11.4,31.19,30.56,-13.52,47.2,20.64,0.7436,LOW,-,37.3447,36.9526,35.0946,1,71.3194,TREND+LEAD,19.725
579,22,UE,URBAN EDGE PROPERTIES,Real Estate,,mid,22.31,0.9912,0.9719,0.9737,0.9706,FLAT,18.48,27.75,33.55,-11.99,51.2,17.06,0.4947,LOW,-,22.009,21.4142,20.0311,1,83.2941,TREND_ONLY,19.691
580,46,AXON,Axon Enterprise,Industrials,Aerospace & Defense,large,490.12,0.501,1.2375,1.1766,0.7737,STRONG_UP,-8.08,-35.43,75.97,-60.28,51.6,62.83,1.1716,MED,SHIFT,406.9725,406.844,563.0098,0,-29.0986,WEAK,19.6666
581,-216,STGW,STAGWELL INC CLASS A,Communication,,small,7.2,1.3333,1.0177,1.0769,1.2503,STRONG_DOWN,35.85,71.84,5.57,-36.78,50.4,57.11,0.7546,LOW,-,6.518,6.5222,5.6617,1,63.3973,TREND+LEAD,19.6441
582,10,PSKY,Paramount Skydance Corporation,Communication Services,Movies & Entertainment,large,10.78,0.7076,1.0029,0.9156,0.8089,STRONG_UP,-30.76,-8.81,-12.84,-55.05,45.6,48.93,0.7141,LOW,SHIFT,10.512,10.4706,13.1907,0,-8.2072,WEAK,19.6194
583,49,JOE,ST JOE,Real Estate,,mid,63.58,1.113,0.9835,0.9221,0.7973,STRONG_UP,4.32,43.44,15.46,-16.94,50.0,33.48,0.5058,LOW,-,64.235,65.3672,60.4348,1,64.8804,TREND+LEAD,19.5587
584,-20,TSHA,TAYSHA GENE THERAPIES INC,Health Care,,small,5.69,1.588,0.9777,0.81,1.1031,FLAT,28.44,104.68,57.18,-31.13,50.8,85.01,0.5439,LOW,-,6.097,5.6358,4.7139,1,62.5521,TREND+LEAD,19.4968
585,93,TCBK,TRICO BANCSHARES,Financials,,small,50.67,1.0091,0.9896,0.9566,0.9357,STRONG_UP,6.5,30.06,44.42,-12.37,52.8,20.48,0.6643,LOW,-,50.261,49.648,47.1262,1,77.5012,TREND+LEAD,19.4602
586,-50,UFCS,UNITED FIRE GROUP INC,Financials,,small,43.7,1.2128,0.9586,1.053,1.0067,FLAT,20.49,56.31,104.41,-11.18,52.0,35.2,0.7834,LOW,-,46.515,41.9124,36.2836,1,83.1862,TREND+LEAD,19.4566
587,2,HWM,Howmet Aerospace,Industrials,Aerospace & Defense,large,250.72,1.1295,0.9601,0.9892,0.8675,FLAT,26.28,45.58,197.82,-15.89,51.2,37.24,0.7482,LOW,-,261.1545,249.9035,218.013,1,62.6672,TREND+LEAD,19.4254
588,19,DOW,Dow Inc.,Materials,Commodity Chemicals,large,34.72,1.0201,1.0047,0.817,0.9756,FLAT,48.86,31.47,-29.98,-32.02,48.4,49.91,0.7871,LOW,-,36.6914,38.037,28.4529,1,30.5201,TREND+LEAD,19.3697
589,-4,FER,Ferrovial,Industrials,"Military, Government, Technical",large,66.34,1.0297,0.9428,0.9333,0.8681,STRONG_UP,3.5,32.71,70.97,-17.13,50.8,30.15,0.659,LOW,-,68.055,67.5925,64.223,1,55.1184,TREND+LEAD,19.3631
590,66,PLOW,DOUGLAS DYNAMICS INC,Industrials,,small,45.26,1.3151,0.9863,0.9597,0.8897,STRONG_UP,43.84,69.49,96.6,-15.37,49.6,47.05,0.732,LOW,-,44.963,44.6412,37.0255,1,73.2613,TREND+LEAD,19.3502
591,27,COMP,COMPASS INC CLASS A,Real Estate,,mid,8.63,1.1049,1.0175,1.1555,0.818,FLAT,-18.81,42.41,132.61,-50.81,46.0,84.53,0.6118,LOW,SHIFT,8.294,7.8156,9.2368,0,23.0785,WEAK,19.3395
592,28,FULT,FULTON FINANCIAL CORP,Financials,,mid,21.69,1.006,0.9921,0.9671,0.9334,STRONG_UP,20.22,29.66,42.93,-15.52,51.6,23.2,0.7547,LOW,-,21.3285,21.1947,19.5886,1,65.9748,TREND+LEAD,19.3371
593,-45,REAL,THE REALREAL INC,Consumer Discretionary,,small,9.79,1.342,1.0055,0.7202,0.726,FLAT,-30.71,72.97,141.13,-51.95,48.8,76.62,0.7122,LOW,-,9.996,10.3128,11.7439,0,46.4741,WEAK,19.3182
594,-82,DAVE,DAVE INC CLASS A,Financials,,mid,266.83,0.9843,1.0288,0.9035,1.1393,FLAT,30.99,26.87,603.67,-44.67,52.0,65.23,1.0884,MED,-,250.8505,233.6533,213.8156,1,21.4191,TREND_ONLY,19.3123
595,-142,XYZ,"Block, Inc.",Financials,Transaction & Payment Processing Services,large,74.15,0.9059,1.0258,0.9749,1.0224,FLAT,15.23,16.75,15.32,-39.48,51.2,42.03,0.7848,LOW,-,71.618,67.923,67.6954,1,20.4085,TREND_ONLY,19.3074
596,14,AROC,ARCHROCK INC,Energy,,mid,34.21,1.0576,0.9293,0.837,0.8358,STRONG_UP,43.19,36.31,87.12,-16.85,53.2,30.38,0.8929,LOW,-,36.7684,36.3685,29.2168,1,63.5789,TREND+LEAD,19.3032
597,-39,CRSP,CRISPR THERAPEUTICS AG,Health Care,,mid,52.02,1.061,0.9601,0.9178,0.7799,STRONG_UP,-0.29,36.75,-8.98,-42.25,48.8,58.68,0.7142,LOW,-,52.1005,51.7315,55.6657,0,30.563,WEAK,19.2803
598,44,LAUR,LAUREATE EDUCATION INC,Consumer Discretionary,,mid,33.04,1.1358,0.9812,0.9893,0.9201,FLAT,6.1,46.39,113.16,-16.33,55.2,37.18,0.5826,LOW,-,32.78,33.0885,31.9377,1,68.8723,TREND+LEAD,19.2699
599,35,DHT,DHT HOLDINGS INC,Energy,,mid,16.46,1.1859,0.9617,0.8673,0.824,STRONG_UP,35.55,52.85,57.04,-15.22,50.4,40.65,0.4469,LOW,-,17.4081,17.4284,13.9885,1,65.5219,TREND+LEAD,19.2472
600,92,APLE,APPLE HOSPITALITY REIT INC,Real Estate,,mid,14.94,1.0787,0.9993,1.0789,1.1011,STRONG_DOWN,31.54,39.03,18.78,-13.49,50.0,24.89,,LOW,-,14.2026,13.0755,11.945,1,78.4105,TREND+LEAD,19.2467
601,14,AVAV,AEROVIRONMENT INC,Industrials,,mid,204.35,0.8517,1.1137,1.0716,0.8116,STRONG_UP,-20.73,9.77,0.53,-61.45,48.8,68.39,0.7592,LOW,SHIFT,175.6825,185.4394,261.8906,0,6.9723,WEAK,19.2209
602,58,GRMN,Garmin,Consumer Discretionary,Consumer Electronics,large,241.03,0.9295,1.0007,0.9549,0.8665,STRONG_UP,23.42,19.8,52.53,-27.97,56.4,29.86,0.6163,LOW,-,236.457,244.7462,227.5816,1,37.4038,TREND_ONLY,19.1808
603,77,SNPS,Synopsys,Information Technology,Application Software,large,508.35,0.8459,0.955,0.9659,1.061,STRONG_DOWN,15.98,9.03,-9.41,-41.04,52.4,43.44,1.2386,MED,-,505.8525,463.8856,467.8629,1,10.8891,TREND_ONLY,19.1539
604,48,TEL,TE Connectivity,Information Technology,Electronic Manufacturing Services,large,214.73,1.0397,1.0163,0.9926,0.9277,STRONG_UP,-4.22,34.0,48.05,-21.11,58.4,39.31,0.6474,LOW,SHIFT,206.9297,212.8445,219.8762,0,50.5146,WEAK,19.1402
605,-124,BUSE,FIRST BUSEY CORP,Financials,,mid,27.43,0.9774,0.9978,0.9885,0.9711,STRONG_UP,18.98,25.97,33.97,-11.82,50.0,20.01,1.3311,MED,-,26.69,26.1766,24.3913,1,64.8908,TREND_ONLY,19.128
606,-11,OXY,Occidental Petroleum,Energy,Oil & Gas Exploration & Production,large,59.09,1.0972,1.0262,0.9268,0.9962,FLAT,41.04,41.41,1.43,-19.94,51.6,40.37,0.5902,LOW,-,57.435,58.7868,48.2984,1,52.9348,TREND+LEAD,19.1202
607,55,FLNG,FLEX LNG LTD,Energy,,small,30.33,1.1371,0.9807,0.9056,0.9489,FLAT,26.88,46.55,41.18,-11.05,51.6,29.59,0.5221,LOW,-,31.2096,30.4659,26.0328,1,81.1822,TREND+LEAD,19.0338
608,111,HOPE,HOPE BANCORP INC,Financials,,small,12.5,1.0105,0.9856,0.966,0.9966,FLAT,18.37,30.23,32.65,-15.54,49.6,22.59,1.0582,MED,-,12.3015,12.0511,11.1318,1,66.3843,TREND+LEAD,19.0018
609,-44,CAC,CAMDEN NATIONAL CORP,Financials,,small,50.36,1.0276,0.9933,0.9903,0.9667,STRONG_UP,25.08,32.44,70.91,-16.82,52.0,24.08,0.989,LOW,-,48.915,48.8496,43.6143,1,70.0615,TREND+LEAD,18.9235
610,-47,HLIT,HARMONIC INC,Information Technology,,small,15.58,1.2778,0.8997,1.2481,1.3713,STRONG_DOWN,65.57,64.69,26.56,-19.1,57.2,64.07,1.9216,HIGH,-,13.8335,11.5398,10.3724,1,57.7566,TREND+LEAD,18.9223
611,-39,PH,Parker Hannifin,Industrials,Industrial Machinery & Supplies & Components,large,836.32,0.9847,0.9645,0.9131,0.7633,STRONG_UP,-1.91,26.91,66.12,-19.34,54.4,30.73,1.3241,MED,EARLY,865.0068,908.4404,863.7981,0,47.6389,WEAK,18.9154
612,43,NN,NEXTNAV INC,Information Technology,,mid,20.05,1.3376,0.9218,1.046,1.1024,STRONG_DOWN,42.7,72.4,155.41,-36.62,54.8,97.04,0.5322,LOW,-,21.0277,19.0822,16.2326,1,40.8848,TREND+LEAD,18.9005
613,-9,COP,ConocoPhillips,Energy,Oil & Gas Exploration & Production,large,116.87,1.0657,1.0029,0.891,0.9158,FLAT,31.46,37.35,9.35,-14.9,52.4,31.78,0.365,LOW,-,118.2918,122.0309,102.558,1,61.5827,TREND+LEAD,18.8549
614,65,REGN,Regeneron Pharmaceuticals,Health Care,Biotechnology,large,602.92,0.9641,0.9489,0.8048,0.6897,STRONG_UP,-19.41,24.26,-38.56,-25.85,48.0,33.67,1.2228,MED,EARLY,664.8247,713.1098,693.3269,0,34.5877,WEAK,18.8346
615,8,WTS,WATTS WATER TECHNOLOGIES INC CLASS,Industrials,,mid,310.27,1.0068,0.9758,1.0137,0.875,FLAT,14.11,29.76,63.99,-15.45,50.8,22.23,0.6838,LOW,-,301.1962,298.3774,289.3317,1,68.0119,TREND+LEAD,18.778
616,22,PI,IMPINJ INC,Information Technology,,mid,143.26,0.9237,0.897,0.9458,1.1431,STRONG_DOWN,-11.85,19.06,-13.77,-62.24,49.2,72.04,0.8425,LOW,-,147.6405,126.2866,154.9769,0,13.0143,WEAK,18.7588
617,-57,GBTG,GLOBAL BUSINESS TRAVEL GROUP INC C,Consumer Discretionary,,mid,9.37,1.1359,0.9807,0.9483,1.4761,FLAT,20.44,46.41,51.62,-40.41,50.4,118.61,1.331,MED,-,9.413,7.2518,7.298,1,19.719,TREND+LEAD,18.7564
618,27,CBOE,Cboe Global Markets,Financials,Financial Exchanges & Data,large,275.59,0.9451,0.7848,0.7703,0.8264,FLAT,8.45,21.81,60.08,-24.69,53.2,41.77,4.9209,HIGH,-,345.7647,315.9455,271.2183,1,27.778,TREND_ONLY,18.7559
619,88,CNR,CORE NATURAL RESOURCES INC,Energy,,mid,94.57,1.115,1.0359,1.0151,0.9082,STRONG_UP,22.59,43.71,-9.43,-27.22,50.8,49.56,0.3995,LOW,-,86.8352,91.8083,87.2505,1,44.8074,TREND+LEAD,18.7293
620,41,AUB,ATLANTIC UNION BANKSHARES CORP,Financials,,mid,37.65,1.0075,0.9883,0.966,0.916,STRONG_UP,11.4,29.85,27.16,-18.33,48.0,24.5,0.65,LOW,-,37.1516,36.8638,35.5167,1,58.4828,TREND+LEAD,18.7155
621,8,SYF,Synchrony Financial,Financials,Consumer Finance,large,70.97,0.9485,0.9727,0.9073,0.9254,FLAT,-8.33,22.25,68.87,-27.61,53.6,26.15,0.7878,LOW,EARLY,71.7325,72.1236,73.766,0,45.6155,WEAK,18.7129
622,35,HTB,HOMETRUST BANCSHARES INC,Financials,,small,46.83,1.0149,0.9931,0.9753,0.9815,FLAT,14.02,30.81,73.9,-9.67,52.4,19.92,0.6064,LOW,-,46.1328,44.9999,42.465,1,81.046,TREND+LEAD,18.7114
623,139,FBK,FB FINANCIAL CORP,Financials,,mid,53.02,0.9559,0.9893,0.94,0.8845,STRONG_UP,-4.68,23.21,50.33,-17.08,54.0,21.02,1.2021,MED,PROGRESS,52.6709,53.1372,54.6929,0,59.6144,WEAK,18.6797
624,-127,MARA,MARA HOLDINGS INC,Information Technology,,mid,14.28,0.7227,0.9846,1.1411,1.3827,STRONG_DOWN,23.96,-6.85,-27.07,-70.53,48.0,72.27,0.797,LOW,-,13.337,11.3764,12.662,1,-4.5492,TREND_ONLY,18.6316
625,43,FCF,FIRST COMMONWEALTH FINANCIAL CORP,Financials,,small,19.0,0.9711,1.0001,0.9808,0.9648,STRONG_UP,17.5,25.16,52.74,-15.15,51.2,17.13,0.5547,LOW,-,18.539,18.2858,17.1657,1,75.1979,TREND_ONLY,18.614
626,86,IVT,INVENTRUST PROPERTIES CORP,Real Estate,,mid,32.9,0.9522,0.9835,0.9836,0.9653,FLAT,17.2,22.73,39.64,-8.63,51.6,16.28,1.0819,MED,-,32.156,31.8021,29.447,1,72.0394,TREND_ONLY,18.6038
627,-60,HWC,HANCOCK WHITNEY CORP,Financials,,mid,68.7,0.9966,1.0016,0.9782,0.9408,STRONG_UP,12.5,28.45,59.33,-17.45,51.2,22.75,0.9533,LOW,-,67.1095,66.5074,63.772,1,64.0322,TREND_ONLY,18.6005
628,37,SM,SM ENERGY,Energy,,mid,32.94,1.0496,1.0625,0.9923,1.2178,FLAT,70.44,35.28,-26.52,-38.16,51.6,55.85,0.7405,LOW,-,31.7335,30.4848,23.9902,1,32.5915,TREND+LEAD,18.5611
629,29,LOB,LIVE OAK BANCSHARES INC,Financials,,small,37.81,1.0613,0.9904,0.9736,0.9321,STRONG_UP,16.47,36.79,12.09,-23.99,48.0,28.96,0.9087,LOW,-,37.1055,36.1378,35.6894,1,60.9834,TREND+LEAD,18.5597
630,114,NSIT,INSIGHT ENTERPRISES INC,Information Technology,,mid,119.7,0.7073,1.1501,1.6054,1.2355,FLAT,38.25,-8.84,-39.29,-56.07,52.4,63.18,1.5203,HIGH,-,92.4055,79.8166,92.4229,1,-7.3331,TREND_ONLY,18.5273
631,396,ZD,ZIFF DAVIS INC,Communication,,small,45.42,1.0914,0.9813,0.9411,0.9506,FLAT,37.55,40.66,-20.84,-33.79,48.8,35.6,0.8777,LOW,-,43.0665,44.1966,37.9241,1,55.7399,TREND+LEAD,18.501
632,45,OSBC,OLD SECOND BANCORP INC,Financials,,small,21.36,1.0083,0.9941,0.9849,0.9616,STRONG_UP,13.08,29.96,55.31,-12.91,52.8,22.11,0.8819,LOW,-,21.026,20.7988,19.3878,1,71.5485,TREND+LEAD,18.4856
633,77,MTB,M&T Bank,Financials,Regional Banks,large,217.29,0.9507,1.005,0.9662,0.8978,STRONG_UP,15.83,22.53,55.24,-16.98,52.4,21.22,0.5881,LOW,-,210.0781,211.43,201.6051,1,55.6287,TREND_ONLY,18.4787
634,16,CTRE,CARETRUST REIT INC,Real Estate,,mid,38.73,1.0863,0.9181,0.9269,0.8963,FLAT,6.14,40.01,63.32,-12.25,56.0,31.74,0.6022,LOW,-,40.9125,39.3717,36.7215,1,70.5852,TREND+LEAD,18.4609
635,-188,PPTA,PERPETUA RESOURCES CORP,Materials,,mid,26.18,1.1735,0.988,0.9196,0.6886,STRONG_UP,3.56,51.24,280.52,-33.8,53.6,71.99,0.7202,LOW,EARLY,27.93,28.4917,26.2196,0,38.1522,WEAK,18.4603
636,-237,EYPT,EYEPOINT INC,Health Care,,small,12.53,1.1973,0.9407,0.8552,0.6262,STRONG_UP,-12.13,54.31,26.82,-37.93,52.0,55.51,0.9659,LOW,-,13.0895,13.4166,14.049,0,50.8762,WEAK,18.4486
637,132,BAC,Bank of America,Financials,Diversified Banks,large,52.48,0.9325,1.0147,0.9505,0.9438,STRONG_UP,-0.36,20.18,37.88,-17.93,56.4,21.42,0.6302,LOW,-,51.357,51.3886,51.5607,1,53.1351,TREND_ONLY,18.3994
638,-81,SRRK,SCHOLAR ROCK HOLDING CORP,Health Care,,mid,44.68,1.1204,0.8717,0.9087,0.8474,FLAT,6.41,44.41,371.31,-34.86,48.0,58.33,0.7019,LOW,-,48.4967,47.8381,41.3983,1,36.544,TREND+LEAD,18.382
639,129,SKT,TANGER INC,Real Estate,,mid,35.96,0.9941,0.988,0.9364,0.8721,STRONG_UP,9.27,28.13,39.54,-10.34,50.4,19.31,0.5453,LOW,-,35.8915,35.6351,33.7951,1,73.4169,TREND_ONLY,18.3617
640,90,HBNC,HORIZON BANCORP INC,Financials,,small,18.64,1.0032,0.9993,0.9756,1.0017,FLAT,10.72,29.3,70.22,-16.65,51.2,20.79,0.8404,LOW,-,18.2805,17.6994,16.7622,1,72.1531,TREND+LEAD,18.3508
641,-22,CLDX,CELLDEX THERAPEUTICS INC,Health Care,,mid,28.9,1.1285,0.9022,0.8337,0.8801,FLAT,11.5,45.45,-13.65,-24.23,47.6,41.37,0.959,LOW,-,31.6685,32.1894,27.5301,1,52.2891,TREND+LEAD,18.3461
642,-45,STAA,STAAR SURGICAL,Health Care,,small,28.49,1.2897,0.8967,0.9869,1.3334,STRONG_DOWN,9.96,66.22,-31.28,-43.65,50.0,67.06,0.5064,LOW,-,30.181,25.9828,24.3072,1,49.3732,TREND+LEAD,18.3326
643,93,ETR,Entergy,Utilities,Electric Utilities,large,107.6,1.0325,0.9534,0.8738,0.9139,FLAT,15.13,33.07,103.92,-10.56,53.6,26.31,0.8562,LOW,-,111.278,111.7703,98.596,1,67.3693,TREND+LEAD,18.3295
644,93,AIZ,Assurant,Financials,Multi-line Insurance,large,248.48,0.9514,0.974,1.0252,0.9636,FLAT,10.67,22.62,48.55,-12.57,56.0,21.77,1.2054,MED,-,248.3865,233.7076,225.0356,1,58.1916,TREND_ONLY,18.3168
645,-1,KALV,KALVISTA PHARMACEUTICALS INC,Health Care,,small,26.94,1.5657,0.9935,0.9552,1.4804,FLAT,93.53,101.8,122.46,-32.79,49.6,92.77,0.4521,LOW,-,26.7815,22.9116,16.4254,1,54.4267,TREND+LEAD,18.3119
646,-10,AHR,AMERICAN HEALTHCARE REIT INC,Real Estate,,mid,46.38,1.0685,0.9081,0.8746,0.8086,STRONG_UP,-7.05,37.72,235.93,-12.34,55.6,30.12,0.4242,LOW,EARLY,50.064,49.3286,47.0525,0,69.6251,WEAK,18.3005
647,22,CRC,CALIFORNIA RESOURCES CORP,Energy,,mid,61.71,1.0798,1.0272,0.849,0.9065,FLAT,32.17,39.18,46.39,-24.04,53.6,40.41,0.4592,LOW,-,61.0021,63.9386,53.7337,1,51.9629,TREND+LEAD,18.2676
648,-159,BBAI,BIGBEAR.AI HOLDINGS INC,Information Technology,,small,5.11,1.0461,1.1553,1.1584,1.2002,STRONG_DOWN,-15.54,34.83,245.27,-65.88,47.2,73.9,1.2664,MED,-,4.362,3.9274,5.2896,0,22.245,WEAK,18.2363
649,47,CURB,CURBLINE PROPERTIES,Real Estate,,mid,29.01,1.0125,0.9904,1.0049,0.9257,FLAT,23.41,30.5,53.1,-9.54,52.0,21.49,0.5678,LOW,-,28.193,27.49,24.622,1,73.7911,TREND+LEAD,18.236
650,0,HAFC,HANMI FINANCIAL CORP,Financials,,small,30.21,1.0568,0.9796,0.9687,1.0366,FLAT,9.14,36.21,112.39,-16.23,50.8,25.65,0.5738,LOW,-,29.942,28.6101,26.5689,1,71.7159,TREND+LEAD,18.2178
651,-129,TMO,Thermo Fisher Scientific,Health Care,Life Sciences Tools & Services,large,482.08,0.9387,1.044,0.9851,0.8467,STRONG_UP,-17.47,20.98,-14.8,-31.38,51.2,35.5,0.7583,LOW,SHIFT,461.157,480.2364,526.2119,0,30.2652,WEAK,18.1809
652,-50,VIR,VIR BIOTECHNOLOGY INC,Health Care,,small,8.74,1.2966,0.9489,0.8116,0.8224,FLAT,43.99,67.11,-17.78,-27.82,47.6,54.04,0.6944,LOW,-,9.2165,9.5255,7.2109,1,59.1149,TREND+LEAD,18.1183
653,-55,FOXA,Fox Corporation (Class A),Communication Services,Broadcasting,large,65.69,0.9309,0.9912,0.9958,1.0115,STRONG_DOWN,-0.57,19.99,92.7,-28.89,55.6,28.03,0.6795,LOW,-,64.8035,62.9234,63.3928,1,39.6445,TREND_ONLY,18.1088
654,44,TROX,TRONOX HOLDINGS PLC,Materials,,small,8.52,1.2224,1.0778,0.81,1.0458,FLAT,121.89,57.55,-53.49,-51.47,50.8,82.61,0.7009,LOW,-,8.4078,8.9505,5.9002,1,35.3876,TREND+LEAD,18.0987
655,102,AEP,American Electric Power,Utilities,Electric Utilities,large,127.11,0.9894,0.9692,0.8988,0.8626,STRONG_UP,7.08,27.53,51.05,-9.09,52.0,20.69,0.9332,LOW,-,129.2718,131.0698,120.3211,1,69.1817,TREND_ONLY,18.0922
656,29,DHI,D. R. Horton,Consumer Discretionary,Homebuilding,large,147.91,0.9809,0.9887,0.9771,0.874,STRONG_UP,-5.46,26.43,2.88,-27.56,48.8,34.76,0.3842,LOW,SHIFT,143.8104,144.9211,152.7614,0,37.1045,WEAK,18.0348
657,94,SPB,SPECTRUM BRANDS HOLDINGS INC,Consumer Staples,,small,79.86,1.1432,1.017,0.9509,0.9379,STRONG_UP,39.5,47.34,-4.71,-15.76,52.8,37.98,0.6228,LOW,-,78.3354,78.547,64.8335,1,65.8127,TREND+LEAD,18.0287
658,-18,MRTN,MARTEN TRANSPORT LTD,Industrials,,small,17.5,1.0517,1.0023,1.1354,1.1507,STRONG_DOWN,69.51,35.55,1.33,-32.0,48.4,34.45,1.0185,MED,-,16.113,14.8808,12.3496,1,49.9459,TREND+LEAD,18.0154
659,44,UNF,UNIFIRST CORP,Industrials,,mid,263.55,1.0991,0.9806,0.9976,1.0266,STRONG_DOWN,49.29,41.66,68.45,-21.06,50.0,34.65,0.8709,LOW,-,260.789,258.8278,207.4323,1,60.1144,TREND+LEAD,18.0068
660,-167,HLF,HERBALIFE LTD,Consumer Staples,,small,11.99,1.1791,0.9639,0.7164,0.6263,STRONG_UP,-5.07,51.96,15.4,-40.38,48.4,54.53,0.9081,LOW,-,13.137,14.609,13.0031,0,46.1229,WEAK,17.9932
661,2,GDOT,GREEN DOT CORP CLASS A,Financials,,small,12.68,1.0184,0.9667,0.9581,0.9666,FLAT,1.36,31.26,30.59,-30.95,47.6,26.6,0.8972,LOW,-,12.717,12.1382,12.4599,1,55.9442,TREND+LEAD,17.9819
662,42,STBA,S AND T BANCORP INC,Financials,,small,45.34,0.9885,0.9966,0.9862,0.9656,STRONG_UP,15.55,27.41,51.68,-13.37,48.8,18.2,0.6766,LOW,-,44.3923,43.3971,40.1352,1,73.4834,TREND_ONLY,17.9715
663,23,MC,MOELIS CLASS A,Financials,,mid,69.25,0.9736,1.0387,1.061,1.0559,FLAT,10.68,25.49,35.04,-33.26,54.8,33.61,0.5243,LOW,-,65.0225,63.0539,65.5389,1,41.5534,TREND_ONLY,17.9448
664,38,HIMS,HIMS HERS HEALTH INC CLASS A,Health Care,,mid,27.51,0.39,1.0786,0.9536,1.5043,FLAT,-26.66,-49.74,34.26,-78.06,45.2,120.36,0.3986,LOW,SHIFT,25.3055,24.4898,34.2332,0,-18.6775,WEAK,17.942
665,-16,GILD,Gilead Sciences,Health Care,Biotechnology,large,127.57,0.9294,0.9428,0.9088,0.7786,STRONG_UP,3.87,19.79,114.22,-17.65,51.6,22.0,1.302,MED,EARLY,132.539,134.7092,127.8369,0,46.407,WEAK,17.9365
666,181,NMRK,NEWMARK GROUP INC CLASS A,Real Estate,,mid,14.42,1.0231,0.9826,0.8749,0.8653,STRONG_UP,-15.91,31.86,45.44,-29.08,50.0,37.3,0.6139,LOW,EARLY,15.0617,15.2863,16.5904,0,42.7139,WEAK,17.9048
667,-30,ACA,ARCOSA INC,Industrials,,mid,122.85,1.0849,0.9577,0.9427,0.9822,FLAT,16.24,39.83,43.12,-21.45,50.0,36.99,0.5621,LOW,-,125.6945,117.7815,108.0753,1,53.8408,TREND+LEAD,17.8762
668,80,CNO,CNO FINANCIAL GROUP INC,Financials,,mid,46.85,0.9681,0.9984,0.9699,0.9939,FLAT,15.85,24.77,69.96,-11.03,56.4,18.77,0.5617,LOW,-,46.5035,44.1666,41.4942,1,74.4286,TREND_ONLY,17.872
669,-66,HLX,HELIX ENERGY SOLUTIONS GROUP INC,Energy,,small,9.72,1.1239,1.0066,0.8964,0.9535,FLAT,42.73,44.86,-8.73,-20.83,50.0,34.69,0.3752,LOW,-,9.924,9.8244,7.8465,1,64.6561,TREND+LEAD,17.799
670,-135,PLTR,Palantir Technologies,Information Technology,Application Software,large,152.17,0.8866,1.1346,0.985,0.8936,STRONG_UP,-9.15,14.27,613.74,-38.19,54.4,54.59,,LOW,SHIFT,138.9432,141.9225,161.5212,0,14.2178,WEAK,17.7486
671,53,TEX,TEREX CORP,Industrials,,mid,61.32,1.0564,1.0256,0.9821,0.8237,STRONG_UP,34.97,36.15,9.94,-28.29,50.0,47.97,0.5222,LOW,-,60.3765,60.5736,56.2353,1,37.6849,TREND+LEAD,17.7017
672,12,UAL,United Airlines Holdings,Industrials,Passenger Airlines,large,108.82,1.0413,0.9547,1.1421,0.9742,FLAT,7.61,34.21,106.41,-27.5,49.2,56.13,0.511,LOW,-,100.9145,96.2822,101.7442,1,29.9891,TREND+LEAD,17.664
673,-112,CTRI,CENTURI HOLDINGS INC,Industrials,,mid,30.67,1.112,0.9769,0.7379,0.9072,FLAT,38.22,43.32,11.69,-30.72,52.0,58.42,0.7563,LOW,-,32.2825,32.607,26.5668,1,38.5574,TREND+LEAD,17.6587
674,104,AME,Ametek,Industrials,Electrical Components & Equipment,large,227.73,1.0007,0.9939,0.9342,0.874,STRONG_UP,16.79,28.98,38.81,-13.57,49.2,26.98,0.415,LOW,-,228.771,227.1272,208.8512,1,52.8522,TREND+LEAD,17.6457
675,56,TSLA,"Tesla, Inc.",Consumer Discretionary,Automobile Manufacturers,large,423.74,0.955,0.9507,1.0205,0.939,FLAT,-1.49,23.08,140.37,-29.93,53.2,41.12,0.597,LOW,-,424.209,393.6222,412.9513,1,29.865,TREND_ONLY,17.6124
676,-103,AMZN,Amazon,Consumer Discretionary,Broadline Retail,large,256.52,0.9675,0.9323,0.8913,1.0642,FLAT,9.68,24.7,43.84,-21.74,55.6,29.8,0.9174,LOW,-,267.612,248.7426,231.8318,1,46.0842,TREND_ONLY,17.6109
677,-78,FCBC,FIRST COMMUNITY BANKSHARES INC,Financials,,small,42.96,0.9477,0.9987,0.9679,0.9646,STRONG_UP,35.8,22.15,44.43,-23.43,52.8,19.13,0.8537,LOW,-,42.3736,42.1917,36.3606,1,61.1243,TREND_ONLY,17.5747
678,111,NEE,NextEra Energy,Utilities,Multi-Utilities,large,85.68,0.9571,0.9658,0.848,0.8323,STRONG_UP,1.91,23.35,15.98,-14.53,52.8,27.13,1.1312,MED,-,90.796,92.204,84.5837,1,45.452,TREND_ONLY,17.5238
679,123,NOVT,NOVANTA INC,Information Technology,,mid,168.59,1.0403,1.0313,1.264,1.0783,FLAT,51.23,34.08,4.36,-26.97,50.8,51.21,1.3324,MED,-,152.5805,135.5478,124.4454,1,33.8054,TREND+LEAD,17.4964
680,34,VCTR,VICTORY CAPITAL HOLDINGS CLASS A I,Financials,,mid,85.06,1.0892,0.9627,1.0287,1.1216,STRONG_DOWN,40.03,40.39,74.41,-18.13,52.8,34.7,0.9713,LOW,-,85.2615,76.5437,68.926,1,61.4522,TREND+LEAD,17.4771
681,13,TROW,T. Rowe Price,Financials,Asset Management & Custody Banks,large,104.31,0.9115,0.9862,0.9566,1.0352,FLAT,5.48,17.48,-1.39,-19.76,53.6,18.92,0.5248,LOW,-,103.504,98.308,99.2648,1,49.5309,TREND_ONLY,17.4745
682,-18,TILE,INTERFACE INC,Industrials,,small,28.78,1.1056,0.9574,1.0197,0.8938,FLAT,3.09,42.5,83.8,-29.88,48.4,38.16,0.6384,LOW,-,28.633,27.4712,28.2686,1,53.9071,TREND+LEAD,17.4703
683,-131,ADAM,ADAMAS INC TRUST,Financials,,small,9.05,1.2159,0.9751,0.9833,1.0167,STRONG_DOWN,26.89,56.72,95.1,-17.07,53.6,42.77,0.6086,LOW,-,8.9015,8.1911,7.3349,1,71.078,TREND+LEAD,17.4532
684,-97,A,Agilent Technologies,Health Care,Life Sciences Tools & Services,large,135.05,0.9369,1.1518,1.138,1.0101,STRONG_UP,-9.66,20.75,4.39,-29.75,52.0,44.17,0.9023,LOW,-,118.531,116.7883,129.3776,1,24.4292,TREND_ONLY,17.45
685,-186,DLTR,Dollar Tree,Consumer Staples,Consumer Staples Merchandise Retail,large,109.39,0.8775,1.1273,1.0995,0.835,STRONG_UP,-0.46,13.1,-9.58,-38.53,49.2,53.49,0.8742,LOW,SHIFT,96.619,100.6254,109.4003,0,12.049,WEAK,17.4296
686,115,WAB,Wabtec,Industrials,Construction Machinery & Heavy Transportation Equipment,large,264.51,1.0131,1.002,0.9547,0.9135,STRONG_UP,27.08,30.57,61.18,-13.29,51.6,30.33,0.5057,LOW,-,262.3816,259.9597,226.3034,1,52.0078,TREND+LEAD,17.4203
687,-162,HPQ,HP Inc.,Information Technology,"Technology Hardware, Storage & Peripherals",large,27.29,0.8764,1.0578,1.2402,1.3007,STRONG_DOWN,15.06,12.96,-15.99,-36.62,48.0,55.63,1.3188,MED,-,23.026,20.9236,22.679,1,11.1826,TREND_ONLY,17.4164
688,23,IMAX,IMAX CORP,Communication,,mid,40.5,1.1251,1.0345,1.0864,0.8851,FLAT,9.93,45.01,150.62,-22.74,50.8,46.64,0.5437,LOW,-,36.2665,36.9106,35.1997,1,49.0196,TREND+LEAD,17.3825
689,32,GOLF,ACUSHNET HOLDINGS CORP,Consumer Discretionary,,mid,88.51,0.9987,0.9671,0.8954,0.802,STRONG_UP,6.51,28.72,37.25,-17.93,51.6,31.84,1.091,MED,-,88.202,92.8034,86.9147,1,46.5472,TREND_ONLY,17.3193
690,-9,DX,DYNEX CAPITAL REIT INC,Financials,,mid,12.87,0.9722,0.9744,0.9298,0.8804,STRONG_UP,0.0,25.3,40.27,-15.27,51.6,21.81,0.6636,LOW,-,12.9746,12.9104,12.5427,1,59.8544,TREND_ONLY,17.2522
691,48,TDY,Teledyne Technologies,Information Technology,Electronic Equipment & Instruments,large,618.81,0.9627,0.9982,0.9175,0.8153,STRONG_UP,25.63,24.08,57.21,-18.39,52.8,27.73,0.5597,LOW,-,623.625,630.3538,583.6861,1,45.8447,TREND_ONLY,17.2343
692,-16,WSM,"Williams-Sonoma, Inc.",Consumer Discretionary,Homefurnishing Retail,large,203.84,0.9934,0.9912,1.0967,0.9376,FLAT,12.53,28.03,41.13,-23.27,50.8,34.75,0.5384,LOW,-,186.021,186.2503,191.8058,1,40.9807,TREND_ONLY,17.2118
693,-63,HAS,Hasbro,Consumer Discretionary,Leisure Products,large,83.88,1.0242,0.9496,0.8507,0.7832,STRONG_UP,2.97,32.0,54.3,-19.62,49.2,36.39,0.9044,LOW,EARLY,91.1809,91.7445,84.7247,0,43.2682,WEAK,17.2095
694,32,LYV,Live Nation Entertainment,Communication Services,Movies & Entertainment,large,167.64,0.9519,0.9944,1.0056,0.9506,FLAT,27.87,22.69,77.68,-27.84,50.4,35.81,0.6581,LOW,-,166.159,160.2248,153.4687,1,31.9308,TREND_ONLY,17.2052
695,112,UCB,UNITED COMMUNITY BANKS INC,Financials,,mid,32.88,0.9134,0.9755,0.9365,0.9165,STRONG_UP,7.92,17.73,37.63,-17.95,50.8,23.51,2.0222,HIGH,-,32.992,32.9018,31.9002,1,38.3021,TREND_ONLY,17.1868
696,10,DVA,DaVita,Health Care,Health Care Services,mid,187.89,1.072,0.9524,1.1527,1.0919,FLAT,57.57,38.16,29.04,-31.36,49.2,53.53,0.6125,LOW,-,194.1775,168.3888,138.4679,1,35.0775,TREND+LEAD,17.1613
697,32,PCT,PURECYCLE TECHNOLOGIES INC,Materials,,small,12.845,1.0108,1.0024,1.652,1.8636,STRONG_DOWN,54.02,30.27,131.44,-70.09,48.0,84.41,0.7869,LOW,-,11.1732,8.2521,9.9531,1,17.2153,TREND+LEAD,17.1559
698,30,WABC,WESTAMERICA BANCORPORATION,Financials,,small,55.81,0.9345,0.9914,0.9725,0.986,FLAT,17.03,20.44,25.61,-11.82,52.0,14.09,0.6438,LOW,-,54.9055,53.65,49.6375,1,75.4435,TREND_ONLY,17.149
699,-11,SMP,STANDARD MOTOR PRODUCTS INC,Consumer Discretionary,,small,38.91,1.0589,0.9587,0.9935,0.9146,FLAT,5.86,36.48,37.4,-22.56,50.4,30.93,0.7952,LOW,-,38.3805,37.2998,38.183,1,59.4416,TREND+LEAD,17.1452
700,47,SRCE,1ST SOURCE CORP,Financials,,small,74.26,0.971,0.9955,0.9665,0.9788,FLAT,18.87,25.15,53.02,-11.84,52.4,17.51,0.5994,LOW,-,73.154,72.271,65.5332,1,75.2705,TREND_ONLY,17.142
701,0,EOG,EOG Resources,Energy,Oil & Gas Exploration & Production,large,138.58,0.987,1.0195,0.9251,0.9828,FLAT,28.51,27.21,23.65,-18.51,54.4,29.76,0.67,LOW,-,136.9415,137.5141,118.2688,1,49.7396,TREND_ONLY,17.1043
702,7,ENVX,ENOVIX CORP,Industrials,,small,8.62,0.8434,1.1355,1.2072,1.5174,STRONG_DOWN,18.24,8.7,-19.06,-69.62,50.0,79.95,1.5957,HIGH,-,6.9415,6.3664,7.978,1,5.4416,TREND_ONLY,17.1018
703,14,TARS,TARSUS PHARMACEUTICALS INC,Health Care,,mid,57.41,1.0144,0.9444,0.8405,0.6777,STRONG_UP,-28.21,30.74,75.94,-30.42,48.8,41.33,0.8386,LOW,EARLY,61.8955,64.8785,67.994,0,36.3015,WEAK,17.0976
704,107,KIM,Kimco Realty,Real Estate,Retail REITs,large,23.71,0.9161,0.9593,0.9578,0.9154,STRONG_UP,18.52,18.07,33.05,-12.7,51.6,16.46,0.4112,LOW,-,23.699,23.376,21.6672,1,56.637,TREND_ONLY,17.0961
705,-18,MTX,MINERALS TECHNOLOGIES INC,Materials,,mid,76.48,1.0383,0.9625,0.9328,0.9602,FLAT,31.29,33.83,-9.13,-15.83,53.6,31.37,0.4784,LOW,-,78.0175,74.058,65.9985,1,57.7951,TREND+LEAD,17.0814
706,-128,MHO,M I HOMES INC,Consumer Discretionary,,mid,138.43,1.0099,1.0235,1.0408,0.8655,FLAT,1.67,30.16,8.73,-25.14,51.2,35.13,0.9099,LOW,-,129.684,127.2448,134.5715,1,43.9631,TREND+LEAD,17.0706
707,97,ULTA,Ulta Beauty,Consumer Discretionary,Other Specialty Retail,large,494.87,0.8116,0.9637,0.9031,0.6731,STRONG_UP,-9.64,4.6,26.92,-32.11,49.6,39.91,2.299,HIGH,EARLY,506.965,524.2596,566.9997,0,5.7161,WEAK,17.0518
708,-112,NEO,NEOGENOMICS INC,Health Care,,small,10.12,1.0497,1.0448,1.0629,1.0004,FLAT,-15.81,35.29,-25.15,-45.61,52.4,51.71,0.5494,LOW,-,9.108,8.5508,9.7503,1,35.7651,TREND+LEAD,17.0462
709,43,NJR,NEW JERSEY RESOURCES CORP,Utilities,,mid,54.06,0.9475,0.941,0.9109,0.8883,STRONG_UP,16.63,22.12,32.7,-8.68,55.2,17.86,0.5398,LOW,-,56.3755,55.9636,49.6072,1,68.351,TREND_ONLY,17.0232
710,-20,HGV,HILTON GRAND VACATIONS INC,Consumer Discretionary,,mid,52.06,1.0386,1.0011,1.0851,1.0491,FLAT,22.87,33.86,28.07,-28.48,52.0,45.78,0.6591,LOW,-,48.381,45.8028,44.572,1,38.4659,TREND+LEAD,17.0034
711,31,TENB,TENABLE HOLDINGS INC,Information Technology,,mid,30.9,0.7323,1.2486,1.4023,1.3632,FLAT,17.62,-5.62,-24.78,-54.77,47.2,59.54,1.3698,MED,-,23.9775,20.8994,24.5755,1,-4.4553,TREND_ONLY,16.9895
712,-40,GL,Globe Life,Financials,Life & Health Insurance,large,151.05,0.9625,0.9666,0.9354,0.9409,FLAT,14.47,24.05,86.44,-10.87,53.6,20.02,0.7313,LOW,-,153.9615,149.4793,141.1362,1,64.3995,TREND_ONLY,16.9741
713,79,CCBG,CAPITAL CITY BANK INC,Financials,,small,44.89,0.9564,0.9589,0.932,0.9434,FLAT,8.77,23.26,73.88,-12.94,54.4,17.3,0.8416,LOW,-,45.8378,45.4003,42.6278,1,73.1555,TREND_ONLY,16.9705
714,-92,WYNN,Wynn Resorts,Consumer Discretionary,Casinos & Gaming,large,104.62,0.9336,1.0212,0.9586,0.9132,STRONG_UP,-20.82,20.32,12.51,-28.44,47.2,32.47,0.5963,LOW,SHIFT,100.0757,102.2752,114.0742,0,29.5417,WEAK,16.9539
715,-61,DYN,DYNE THERAPEUTICS INC,Health Care,,mid,17.24,1.008,0.938,0.9202,1.0183,FLAT,-16.35,29.92,-45.11,-44.65,47.2,74.51,0.9306,LOW,EARLY,17.8565,18.2808,17.3523,0,18.9516,WEAK,16.8993
716,-134,BLX,BANCO LATINOAMERICANO DE COMERCIO,Financials,,small,54.99,1.0575,0.9601,0.988,1.012,STRONG_DOWN,25.57,36.29,101.5,-12.42,53.2,26.43,0.5865,LOW,-,54.4371,53.5234,47.1396,1,73.0562,TREND+LEAD,16.8952
717,-92,WDAY,"Workday, Inc.",Information Technology,Application Software,large,148.88,0.46,1.1815,1.1004,0.9363,STRONG_UP,-30.22,-40.71,-29.38,-55.52,49.2,60.31,1.041,MED,SHIFT,128.8085,126.2224,185.1994,0,-33.2135,WEAK,16.8944
718,-19,SWK,Stanley Black & Decker,Industrials,Industrial Machinery & Supplies & Components,large,79.14,0.9878,0.984,0.9992,0.9022,FLAT,13.4,27.31,-1.13,-26.14,49.6,40.6,0.4534,LOW,-,77.9295,74.7892,74.4611,1,33.3629,TREND_ONLY,16.8604
719,130,ETN,Eaton Corporation,Industrials,Electrical Components & Equipment,large,417.62,1.006,1.0154,0.9371,1.0661,FLAT,23.66,29.65,31.95,-19.13,53.6,37.79,0.7766,LOW,-,400.0283,394.8294,363.5478,1,42.061,TREND+LEAD,16.8469
720,137,HE,HAWAIIAN ELECTRIC INDUSTRIES INC,Utilities,,mid,13.57,0.9794,0.9895,0.8518,0.7572,STRONG_UP,19.88,26.23,26.82,-22.89,51.6,29.38,0.6422,LOW,-,13.862,14.6734,13.3797,1,46.0722,TREND_ONLY,16.8321
721,-167,FMBH,FIRST MID BANCSHARES INC,Financials,,small,44.26,0.9782,0.997,0.9774,0.9651,STRONG_UP,15.86,26.08,48.1,-13.93,50.0,19.6,0.954,LOW,-,43.2154,42.6174,39.9517,1,66.5273,TREND_ONLY,16.8262
722,13,UMBF,UMB FINANCIAL CORP,Financials,,mid,129.19,0.9822,0.9687,0.9437,0.9787,FLAT,15.76,26.6,63.67,-18.57,49.6,22.91,0.7638,LOW,-,129.8085,123.5284,118.6897,1,57.5851,TREND_ONLY,16.8214
723,-109,PAHC,PHIBRO ANIMAL HEALTH CORP CLASS A,Health Care,,mid,28.52,0.922,0.8567,0.493,0.4944,FLAT,-29.87,18.83,64.95,-52.13,47.6,71.78,0.9918,LOW,EARLY,36.6385,47.972,43.4068,0,12.488,WEAK,16.8191
724,-49,CRGY,CRESCENT ENERGY CLASS A,Energy,,mid,11.99,1.0707,1.0039,0.8344,0.9554,FLAT,30.75,38.0,,-22.34,56.0,46.17,0.5765,LOW,-,12.6494,12.767,10.0179,1,46.094,TREND+LEAD,16.7695
725,-125,HLT,Hilton Worldwide,Consumer Discretionary,"Hotels, Resorts & Cruise Lines",large,332.85,1.0306,0.9767,1.0109,0.9824,FLAT,17.71,32.83,68.73,-10.29,50.0,27.65,0.4707,LOW,-,321.7562,319.7103,292.1207,1,59.3643,TREND+LEAD,16.7582
726,-55,CHTR,Charter Communications,Communication Services,Cable & Satellite,large,140.27,0.2785,0.9416,0.802,0.5439,STRONG_UP,-28.78,-64.11,-50.99,-66.46,48.0,66.89,0.8688,LOW,EARLY,147.234,186.204,219.5847,0,-46.0029,WEAK,16.7463
727,-94,TKO,TKO Group Holdings,Communication Services,Movies & Entertainment,large,204.59,0.9868,1.0773,1.0398,0.8545,STRONG_UP,6.29,27.18,92.28,-18.28,52.0,32.66,0.7938,LOW,-,192.2435,191.7162,195.7897,1,43.2746,TREND_ONLY,16.7361
728,-39,PCVX,VAXCYTE INC,Health Care,,mid,47.41,1.0616,0.9181,0.7662,0.7093,STRONG_UP,4.15,36.83,-34.37,-25.17,49.6,43.53,0.7957,LOW,EARLY,51.2205,55.8696,48.0487,0,41.9605,WEAK,16.7278
729,16,JXN,JACKSON FINANCIAL INC CLASS A,Financials,,mid,106.47,1.0127,1.0123,0.8874,0.8413,STRONG_UP,10.69,30.53,51.21,-16.31,55.6,33.95,0.6918,LOW,-,108.325,108.2888,104.0322,1,49.9971,TREND+LEAD,16.7135
730,8,LNTH,LANTHEUS HOLDINGS INC,Health Care,,mid,96.3,0.9617,0.9602,1.037,1.1129,STRONG_DOWN,63.0,23.95,15.95,-40.22,51.6,42.64,0.9839,LOW,-,95.2225,86.3206,68.0796,1,28.9877,TREND_ONLY,16.6278
731,57,BLFS,BIOLIFE SOLUTIONS INC,Health Care,,small,27.49,0.9976,1.1086,1.2321,1.1963,FLAT,8.19,28.58,29.3,-36.96,51.2,48.05,2.6144,HIGH,-,23.2635,21.5458,23.889,1,30.4516,TREND_ONLY,16.6195
732,-41,UBSI,UNITED BANKSHARES INC,Financials,,mid,43.5,0.9674,0.9919,0.9541,0.9549,FLAT,17.67,24.68,46.28,-13.73,48.0,18.56,0.4733,LOW,-,42.982,42.897,39.4709,1,63.8339,TREND_ONLY,16.6181
733,-50,LFST,LIFESTANCE HEALTH GROUP INC,Health Care,,mid,7.76,1.0102,1.0075,1.009,0.9523,FLAT,21.06,30.2,40.83,-36.41,48.8,59.78,0.4672,LOW,-,7.7475,7.152,6.4777,1,24.6542,TREND+LEAD,16.6164
734,201,XERS,XERIS BIOPHARMA HOLDINGS INC,Health Care,,small,6.0,1.0011,0.9515,0.8946,0.8892,STRONG_UP,-13.79,29.03,144.9,-46.57,49.6,44.21,0.8041,LOW,-,6.249,6.0644,7.1101,0,32.5718,WEAK,16.5964
735,20,PEBO,PEOPLES BANCORP INC,Financials,,small,34.96,0.9668,0.9974,0.9774,0.9714,STRONG_UP,20.07,24.6,35.13,-12.53,48.8,18.04,0.4677,LOW,-,34.1595,33.6521,30.8705,1,66.5553,TREND_ONLY,16.5631
736,30,BFC,BANK FIRST CORP,Financials,,small,139.87,0.9464,0.9915,0.9193,0.9077,STRONG_UP,11.46,21.98,84.45,-14.17,50.0,19.78,1.037,MED,-,142.667,140.9715,132.5263,1,55.5571,TREND_ONLY,16.5333
737,-84,GEN,Gen Digital,Information Technology,Systems Software,large,27.53,0.7551,1.1057,1.3328,1.117,FLAT,5.88,-2.68,15.19,-43.59,45.2,46.43,0.9709,LOW,-,23.6886,20.9595,24.7606,1,-2.6073,TREND_ONLY,16.5202
738,65,AESI,ATLAS ENERGY SOLUTIONS INC,Energy,,small,18.04,1.1029,0.9815,0.9607,1.6163,FLAT,107.12,42.14,-15.41,-43.54,52.0,63.24,0.6566,LOW,-,18.5905,15.782,12.0815,1,34.6536,TREND+LEAD,16.4946
739,100,DCH,DAUCH CORPORATION,Consumer Discretionary,,small,6.55,1.155,0.9393,1.1552,0.9691,FLAT,1.71,48.86,-15.37,-42.44,50.4,69.84,0.7883,LOW,-,6.3225,6.0332,6.3734,1,35.2624,TREND+LEAD,16.4159
740,0,TWO,TWO HARBORS INVESTMENT CORP,Financials,,small,12.41,1.047,0.9817,0.9592,1.1614,FLAT,29.73,34.95,25.6,-36.81,48.0,40.66,0.2064,LOW,-,12.469,11.6781,10.2938,1,41.2547,TREND+LEAD,16.4095
741,224,LNT,Alliant Energy,Utilities,Electric Utilities,large,70.96,0.9167,0.9506,0.9104,0.8895,STRONG_UP,6.62,18.16,48.11,-7.01,55.2,18.27,1.0728,MED,-,72.305,71.8817,67.5931,1,54.8532,TREND_ONLY,16.3993
742,70,BKH,BLACK HILLS CORP,Utilities,,mid,72.05,0.9937,0.9555,0.9177,0.8636,STRONG_UP,1.34,28.07,39.16,-10.45,56.8,25.71,0.8577,LOW,-,73.4438,72.7069,67.7948,1,62.0176,TREND_ONLY,16.3969
743,-100,VTOL,BRISTOW GROUP INC,Energy,,small,42.21,1.0765,0.9887,0.8097,0.8512,FLAT,14.1,38.75,25.69,-16.49,53.6,33.98,0.8831,LOW,-,42.7092,45.7715,41.1359,1,61.1248,TREND+LEAD,16.3926
744,14,EMR,Emerson Electric,Industrials,Electrical Components & Equipment,large,142.03,0.9302,1.0043,0.9951,0.8834,STRONG_UP,8.5,19.89,34.76,-23.45,55.6,35.94,0.7608,LOW,-,138.3344,137.4706,136.4137,1,30.7764,TREND_ONLY,16.3538
745,-11,RES,RPC INC,Energy,,small,6.98,1.1786,1.0247,0.8553,1.027,FLAT,31.43,51.91,12.48,-20.83,51.2,47.12,0.3718,LOW,-,7.0199,7.0962,5.7727,1,56.406,TREND+LEAD,16.3502
746,15,CVNA,Carvana,Consumer Discretionary,Automotive Retail,large,65.6,0.7482,0.8879,0.8234,0.9329,FLAT,-12.59,-3.56,231.45,-41.21,52.0,56.77,1.0238,MED,EARLY,71.0689,70.9622,73.8139,0,-3.264,WEAK,16.3369
747,-4,AVNS,AVANOS MEDICAL INC,Health Care,,small,24.99,1.5574,0.996,0.9579,1.6196,FLAT,115.8,100.72,22.86,-23.39,50.4,139.98,2.1906,HIGH,-,24.7675,21.4672,14.5622,1,36.2654,TREND+LEAD,16.3218
748,67,NWN,NORTHWEST NATURAL HOLDING COMPANY,Utilities,,mid,48.61,0.9671,0.9552,0.8694,0.8402,STRONG_UP,1.36,24.65,41.61,-13.46,56.0,24.2,0.6075,LOW,-,49.7165,51.8035,47.1461,1,57.0364,TREND_ONLY,16.2935
749,1,LXU,LSB INDUSTRIES INC,Materials,,small,13.06,1.2958,1.0026,0.8591,0.928,FLAT,42.11,67.01,33.81,-25.71,52.4,69.12,0.2883,LOW,-,13.78,14.3648,10.6432,1,50.7986,TREND+LEAD,16.2844
750,140,DE,Deere & Company,Industrials,Agricultural & Farm Machinery,large,579.25,0.8873,1.0811,0.9467,0.8511,STRONG_UP,24.53,14.36,61.78,-19.9,50.0,33.63,1.5845,HIGH,-,561.1375,572.8618,519.6866,1,21.3509,TREND_ONLY,16.2664
751,132,POR,PORTLAND GENERAL ELECTRIC,Utilities,,mid,49.49,0.956,0.9559,0.9545,0.8304,STRONG_UP,0.26,23.22,22.17,-12.8,52.8,21.15,0.5859,LOW,-,49.099,50.838,47.8485,1,57.9652,TREND_ONLY,16.2485
752,-51,SBH,SALLY BEAUTY HOLDINGS INC,Consumer Discretionary,,small,12.54,1.0727,0.9344,0.8846,0.7311,STRONG_UP,-22.78,38.26,0.4,-30.47,51.6,42.77,0.6397,LOW,-,12.825,13.56,14.7208,0,46.1565,WEAK,16.1949
753,52,CEG,Constellation Energy,Utilities,Electric Utilities,large,272.65,0.6793,0.9331,0.804,0.7619,STRONG_UP,-23.84,-12.44,32.49,-38.77,48.8,53.15,2.1762,HIGH,EARLY,287.5757,290.9645,321.7298,0,-11.4235,WEAK,16.1277
754,-115,ACT,ENACT HOLDINGS INC,Financials,,mid,41.15,0.935,0.9591,0.9226,0.8794,STRONG_UP,6.83,20.5,38.69,-10.96,55.6,19.04,0.6604,LOW,-,42.5606,42.1649,39.397,1,59.8705,TREND_ONLY,16.1101
755,42,MPB,MID PENN BANCORP INC,Financials,,small,32.88,0.9852,0.9937,0.9493,0.9077,STRONG_UP,12.89,26.97,65.59,-15.49,50.8,22.51,0.4946,LOW,-,32.3,32.6488,30.7943,1,60.8708,TREND_ONLY,16.0992
756,0,CTRA,Coterra,Energy,Oil & Gas Exploration & Production,large,32.56,1.018,0.9093,0.9193,0.9622,STRONG_DOWN,28.45,31.21,24.53,-15.51,55.79,34.82,0.0,LOW,-,33.3905,33.1493,27.214,1,50.0004,TREND+LEAD,16.0981
757,-64,FOX,Fox Corporation (Class B),Communication Services,Broadcasting,large,58.65,0.9066,0.9885,0.9888,0.9909,STRONG_DOWN,-0.63,16.84,85.86,-26.77,53.6,27.62,0.6756,LOW,-,58.148,56.5123,57.0427,1,32.6889,TREND_ONLY,16.0642
758,-40,AAP,ADVANCE AUTO PARTS INC,Consumer Discretionary,,mid,57.65,0.8777,0.9777,0.9497,1.0172,FLAT,10.24,13.12,-10.68,-41.44,46.4,57.77,1.3503,MED,-,54.866,55.0982,52.4748,1,10.5357,TREND_ONLY,16.0556
759,-18,GLDD,GREAT LAKES DREDGE AND DOCK CORP,Industrials,,small,17.0,1.1351,0.9898,0.9481,1.1656,FLAT,42.74,46.3,87.02,-14.74,48.56,36.8,0.0,LOW,-,16.9545,16.4526,13.1936,1,61.0952,TREND+LEAD,16.0541
760,-6,NRIX,NURIX THERAPEUTICS INC,Health Care,,small,16.37,1.0514,0.9258,0.914,0.9056,STRONG_UP,-3.19,35.51,1.99,-37.48,44.8,47.41,0.9276,LOW,-,16.6398,16.3237,14.6868,1,33.5582,TREND+LEAD,16.0179
761,65,MO,Altria,Consumer Staples,Tobacco,large,69.24,0.9525,0.9487,0.8916,0.9297,FLAT,21.22,22.76,72.16,-16.4,55.2,26.22,0.8183,LOW,-,71.412,68.5088,62.9684,1,47.9187,TREND_ONLY,16.0081
762,19,KURA,KURA ONCOLOGY INC,Health Care,,small,8.97,1.0841,0.8655,0.9167,0.9437,STRONG_DOWN,-21.59,39.72,-57.67,-39.04,48.4,63.1,1.6172,HIGH,-,9.7463,9.1747,9.2796,0,30.4664,WEAK,15.9986
763,121,ATMU,ATMUS FILTRATION TECHNOLOGIES INC,Industrials,,mid,47.25,1.006,0.9462,0.8823,0.6677,STRONG_UP,-7.33,29.66,60.9,-30.22,53.2,52.52,0.5914,LOW,EARLY,51.0536,56.4864,52.7076,0,30.0452,WEAK,15.9531
764,6,BCO,BRINKS,Industrials,,mid,102.97,0.9723,0.9581,0.9348,0.7508,STRONG_UP,-8.27,25.31,1.92,-27.95,48.0,31.32,0.7117,LOW,EARLY,105.2942,105.7338,113.8663,0,38.7907,WEAK,15.9519
765,-1,ACLX,ARCELLX INC,Health Care,,mid,115.07,1.3706,0.9882,0.9473,1.5164,FLAT,31.52,76.65,114.52,-33.06,50.66,156.03,0.0,LOW,-,114.932,111.7098,83.9435,1,24.8869,TREND+LEAD,15.9377
766,110,NI,NiSource,Utilities,Multi-Utilities,large,45.86,0.9265,0.9545,0.9016,0.8728,STRONG_UP,8.06,19.41,69.7,-9.14,55.6,18.92,0.5152,LOW,-,47.01,47.0489,43.7679,1,57.0538,TREND_ONLY,15.9304
767,-62,DAKT,DAKTRONICS INC,Information Technology,,small,20.19,1.1134,0.9764,0.9909,0.8214,FLAT,9.79,43.5,74.5,-31.34,48.4,43.28,0.4791,LOW,-,20.056,19.832,20.4289,0,48.6425,WEAK,15.889
768,-73,CDW,CDW Corporation,Information Technology,Technology Distributors,large,139.72,0.6161,1.2089,0.982,1.0125,FLAT,-1.24,-20.59,-35.44,-44.97,51.2,59.63,1.237,MED,-,111.8232,121.7307,136.9237,1,-17.6799,TREND_ONLY,15.8817
769,29,FBP,FIRST BANCORP,Financials,,mid,24.0,0.9478,0.988,0.9572,1.0239,FLAT,22.52,22.16,45.89,-13.83,52.8,23.18,1.2391,MED,-,23.7093,22.982,21.4148,1,50.4843,TREND_ONLY,15.8625
770,72,ZWS,ZURN ELKAY WATER SOLUTIONS CORP,Industrials,,mid,47.45,1.0194,0.9607,0.8938,0.8501,STRONG_UP,-0.16,31.38,57.69,-17.02,50.0,35.35,,LOW,-,48.6873,48.2491,47.2821,1,44.3917,TREND+LEAD,15.8489
771,14,HWKN,HAWKINS INC,Materials,,mid,156.95,0.921,0.9786,0.9,0.9357,FLAT,19.53,18.7,79.92,-34.79,54.4,36.78,0.8494,LOW,-,159.8604,157.169,152.9967,1,27.6584,TREND_ONLY,15.8287
772,-240,DG,Dollar General,Consumer Staples,Consumer Staples Merchandise Retail,large,106.27,0.7473,1.0064,0.8775,0.6336,STRONG_UP,-1.93,-3.68,-20.28,-34.57,49.6,38.67,2.1369,HIGH,EARLY,107.483,114.8072,120.151,0,-4.7195,WEAK,15.8019
773,11,GD,General Dynamics,Industrials,Aerospace & Defense,large,337.61,0.9664,0.9734,0.9142,0.8333,STRONG_UP,2.46,24.55,17.68,-14.53,50.4,24.4,0.4202,LOW,EARLY,343.1105,340.1431,339.7722,0,50.7154,WEAK,15.8016
774,20,EHAB,ENHABIT INC,Health Care,,small,13.8,1.0266,0.9887,0.9501,1.1123,FLAT,71.43,32.31,54.71,-39.63,50.0,46.17,0.8456,LOW,-,13.7535,13.7624,10.2648,1,34.9909,TREND+LEAD,15.7981
775,-134,OMCL,OMNICELL INC,Health Care,,small,41.91,1.0483,0.9603,0.912,0.9078,STRONG_UP,16.03,35.11,32.58,-37.05,52.8,57.32,0.9244,LOW,-,43.632,39.5152,38.287,1,32.338,TREND+LEAD,15.7914
776,6,WAFD,WAFD INC,Financials,,mid,35.35,0.9833,0.9824,0.9558,1.0083,FLAT,12.03,26.74,36.99,-12.9,51.6,22.9,0.7046,LOW,-,35.1123,33.8833,31.6234,1,60.251,TREND_ONLY,15.7888
777,-14,ADNT,ADIENT PLC,Consumer Discretionary,,small,22.79,1.1227,0.9374,1.0571,0.9251,FLAT,18.82,44.7,-18.87,-31.19,46.8,48.36,0.852,LOW,-,21.9775,21.3356,22.0277,1,43.2565,TREND+LEAD,15.7825
778,-127,ALGT,ALLEGIANT TRAVEL,Industrials,,small,87.67,1.1838,0.9519,1.1515,0.8564,FLAT,15.49,52.58,65.45,-39.13,46.4,69.37,0.8072,LOW,-,81.4545,81.9126,78.3957,1,35.1667,TREND+LEAD,15.7803
779,45,BATRK,ATLANTA BRAVES HOLDINGS INC SERIES,Communication,,mid,49.34,0.9478,0.9765,0.9432,1.0115,FLAT,24.79,22.16,22.58,-18.72,51.6,22.19,0.4908,LOW,-,50.172,47.4856,42.5544,1,51.5278,TREND_ONLY,15.7736
780,-31,NSC,Norfolk Southern,Industrials,Rail Transportation,large,307.55,0.9801,0.933,0.9369,0.8742,FLAT,7.04,26.32,43.15,-12.47,53.6,25.94,0.4076,LOW,-,313.3661,303.7988,292.3045,1,54.3935,TREND_ONLY,15.7572
781,25,ARDX,ARDELYX INC,Health Care,,small,5.52,1.0898,0.8839,0.7148,0.7467,FLAT,-1.25,40.46,-20.23,-33.54,45.6,50.03,1.1672,MED,-,6.3585,6.1784,6.145,0,36.8756,WEAK,15.701
782,-10,ARR,ARMOUR RESIDENTIAL REIT INC,Financials,,mid,17.26,0.9696,1.0019,0.9569,0.9083,STRONG_UP,8.54,24.96,22.45,-16.79,55.2,28.36,0.7758,LOW,-,17.0098,16.871,15.789,1,48.5872,TREND_ONLY,15.6657
783,-12,CVCO,CAVCO INDUSTRIES INC,Consumer Discretionary,,mid,545.93,0.9874,0.9874,1.0764,0.8471,FLAT,-6.55,27.26,54.22,-34.68,54.4,46.75,0.4837,LOW,SHIFT,497.61,501.513,549.3634,0,31.7165,WEAK,15.6603
784,11,IBP,INSTALLED BUILDING PRODUCTS INC,Consumer Discretionary,,mid,204.3,0.9785,0.9454,0.6971,0.5649,STRONG_UP,-22.49,26.11,-0.58,-40.89,49.2,72.69,0.7867,LOW,EARLY,219.199,257.646,269.5967,0,17.6724,WEAK,15.6581
785,-62,GE,GE Aerospace,Industrials,Aerospace & Defense,large,317.72,0.9958,0.9896,1.0706,0.8423,FLAT,10.43,28.34,99.14,-20.85,54.4,41.78,0.5641,LOW,-,302.6465,296.6278,301.0491,1,36.9014,TREND_ONLY,15.6399
786,14,SLNO,SOLENO THERAPEUTICS INC,Health Care,,mid,53.01,0.5315,0.9895,0.9514,1.235,FLAT,7.26,-31.5,24.38,-66.04,48.33,80.13,0.0,LOW,-,52.873,45.7885,52.3953,1,-19.0007,TREND_ONLY,15.6322
787,-105,LIF,LIFE360 INC,Information Technology,,mid,47.0,0.5787,1.1136,0.96,0.9425,STRONG_UP,-37.75,-25.41,74.07,-65.64,50.8,68.1,0.6853,LOW,SHIFT,41.8363,42.3329,66.8101,0,-18.9539,WEAK,15.5768
788,3,EQBK,EQUITY BANCSHARES INC CLASS A,Financials,,small,46.09,0.921,0.985,0.9575,0.9149,STRONG_UP,5.65,18.7,42.73,-17.02,48.4,16.02,0.3271,LOW,-,45.5875,45.3077,43.703,1,56.5065,TREND_ONLY,15.5377
789,-10,ENSG,ENSIGN GROUP INC,Health Care,,large,165.7,0.8548,0.952,0.8605,0.7031,STRONG_UP,-9.7,10.17,38.81,-23.53,48.4,21.41,1.0052,MED,EARLY,173.306,186.9115,183.8298,0,22.9827,WEAK,15.5332
790,155,L,Loews Corporation,Financials,Multi-line Insurance,large,104.93,0.9106,0.9691,0.9439,0.8471,STRONG_UP,-1.27,17.36,39.05,-7.99,54.8,19.6,1.4143,MED,-,105.9279,107.8533,104.3527,1,48.5481,TREND_ONLY,15.5231
791,227,GRBK,GREEN BRICK PARTNERS INC,Consumer Discretionary,,mid,69.02,0.9152,1.0014,1.0084,0.865,FLAT,2.89,17.96,25.31,-23.99,48.4,32.5,2.316,HIGH,-,65.8075,66.4662,68.3426,1,26.7507,TREND_ONLY,15.5133
792,109,ARI,APOLLO COMMERCIAL REAL ESTATE FINA,Financials,,small,11.0,0.9568,0.9943,0.9461,0.949,FLAT,14.44,23.32,34.13,-10.04,49.2,19.25,1.0478,MED,-,10.941,10.8461,10.0612,1,59.5962,TREND_ONLY,15.5125
793,-28,CAKE,CHEESECAKE FACTORY INC,Consumer Discretionary,,mid,64.49,0.9046,0.981,1.0333,0.9104,FLAT,37.44,16.59,72.67,-36.39,52.8,37.12,0.9144,LOW,-,61.4521,59.8619,56.1633,1,23.5939,TREND_ONLY,15.5071
794,5,TMHC,TAYLOR MORRISON HOME CORP,Consumer Discretionary,,mid,71.5,0.9805,1.1911,1.1538,1.0124,STRONG_UP,13.01,26.37,23.66,-23.8,46.4,55.93,7.423,HIGH,-,59.394,59.7006,62.3877,1,21.8766,TREND_ONLY,15.4933
795,-70,IDXX,Idexx Laboratories,Health Care,Health Care Equipment,large,550.82,0.8128,0.9877,0.9246,0.7638,STRONG_UP,-24.44,4.75,11.86,-31.04,50.0,30.58,1.1195,MED,EARLY,552.3215,563.8216,637.2525,0,7.7706,WEAK,15.4891
796,154,SWKS,Skyworks Solutions,Information Technology,Semiconductors,mid,79.12,0.9006,0.9935,1.0957,1.2756,STRONG_DOWN,22.69,16.07,-6.57,-35.24,50.8,55.79,1.6073,HIGH,-,72.4027,63.8826,65.0928,1,14.6366,TREND_ONLY,15.4788
797,120,SHO,SUNSTONE HOTEL INVESTORS REIT INC,Real Estate,,small,11.08,1.0072,1.0062,1.0787,1.0368,FLAT,22.87,29.81,16.07,-10.58,48.4,23.15,0.828,LOW,-,10.524,9.8527,9.2701,1,62.3318,TREND+LEAD,15.4671
798,-11,SAH,SONIC AUTOMOTIVE INC CLASS A,Consumer Discretionary,,mid,84.8,0.9468,1.0024,1.0605,1.1968,STRONG_DOWN,37.14,22.03,52.37,-33.64,56.0,38.54,0.672,LOW,-,78.921,72.8382,68.4402,1,32.0049,TREND_ONLY,15.427
799,-16,PIPR,PIPER SANDLER COMPANIES,Financials,,mid,77.39,0.9621,0.9695,0.9443,0.9226,STRONG_UP,-3.85,24.01,54.3,-24.56,54.0,31.9,0.5257,LOW,EARLY,79.4908,81.157,82.0524,0,40.6357,WEAK,15.418
800,43,CARR,Carrier Global,Industrials,Building Products,large,66.42,0.7386,1.0173,0.9529,0.9817,FLAT,23.4,-4.81,10.06,-37.38,49.6,44.98,1.1755,MED,-,64.9005,61.914,59.0989,1,-5.2989,TREND_ONLY,15.369
801,76,CDP,COPT DEFENSE PROPERTIES,Real Estate,,mid,31.72,0.932,0.9697,0.9789,0.8839,FLAT,6.27,20.13,41.17,-10.71,49.2,16.13,0.7454,LOW,-,31.86,31.6778,29.8405,1,61.3893,TREND_ONLY,15.357
802,0,NVAX,NOVAVAX INC,Health Care,,small,10.21,1.0911,0.9096,1.2019,0.9286,FLAT,52.62,40.63,-43.96,-35.94,46.8,68.71,1.0017,MED,-,9.6205,8.8744,8.405,1,27.6765,TREND+LEAD,15.3538
803,-23,SNCY,SUN COUNTRY AIRLINES HOLDINGS INC,Industrials,,small,16.17,1.0543,0.973,0.8339,0.6703,STRONG_UP,28.23,35.88,51.12,-30.08,48.54,47.1,0.0,LOW,-,16.3715,16.5948,14.8561,1,36.9794,TREND+LEAD,15.3367
804,47,TXT,Textron,Industrials,Aerospace & Defense,large,91.37,0.9526,0.9778,0.9498,0.8278,STRONG_UP,11.48,22.78,4.93,-14.69,53.6,28.64,0.628,LOW,-,91.0745,90.5052,87.8159,1,42.6278,TREND_ONLY,15.3258
805,11,ATKR,ATKORE INC,Industrials,,mid,84.16,0.9799,1.0111,1.0847,1.2055,STRONG_DOWN,30.53,26.29,-39.92,-32.38,53.2,41.94,0.7411,LOW,-,77.6749,71.3201,65.4434,1,33.3527,TREND_ONLY,15.3195
806,55,ORRF,ORRSTOWN FINANCIAL SERVICES INC,Financials,,small,37.58,0.9992,1.0013,0.981,0.9354,STRONG_UP,5.22,28.78,56.7,-13.19,49.6,24.26,0.7787,LOW,-,36.569,36.6378,35.2208,1,58.8506,TREND_ONLY,15.3173
807,-140,FLYW,FLYWIRE CORP,Financials,,small,15.14,1.1405,0.9461,1.0064,1.0598,STRONG_DOWN,9.87,46.99,-11.41,-28.16,50.4,59.36,1.2612,MED,-,16.1925,14.0962,13.4169,1,39.8974,TREND+LEAD,15.3034
808,-88,QUBT,QUANTUM COMPUTING INC,Information Technology,,small,12.25,0.7665,1.0598,1.2189,1.3521,STRONG_DOWN,11.87,-1.21,1647.5,-74.37,47.6,94.64,1.3307,MED,-,10.9315,9.203,12.1052,1,-0.6084,TREND_ONLY,15.2235
809,-82,SIG,SIGNET JEWELERS LTD,Consumer Discretionary,,mid,88.0,0.9158,1.0455,1.027,0.8304,STRONG_UP,-7.69,18.04,-16.76,-29.97,50.4,55.76,1.9681,HIGH,SHIFT,82.243,86.1862,90.9354,0,16.3037,WEAK,15.2107
810,103,GTY,GETTY REALTY REIT CORP,Real Estate,,small,32.6,0.9341,0.9725,0.9341,0.8901,STRONG_UP,18.67,20.4,35.72,-10.16,49.6,16.5,0.8144,LOW,-,32.9225,32.9787,29.3706,1,61.3108,TREND_ONLY,15.1846
811,18,DECK,Deckers Brands,Consumer Discretionary,Footwear,large,110.79,0.8122,0.9571,1.0725,0.9165,FLAT,20.4,4.69,-38.82,-35.81,45.6,40.65,0.5587,LOW,-,102.5795,103.3842,103.2342,1,5.2575,TREND_ONLY,15.1652
812,-19,SHEN,SHENANDOAH TELECOMMUNICATIONS,Communication,,small,16.24,0.9849,0.9838,0.9766,0.9352,STRONG_UP,51.07,26.94,-11.96,-36.32,53.2,41.26,0.5134,LOW,-,16.0825,15.742,13.2819,1,34.7317,TREND_ONLY,15.1651
813,-140,CRL,Charles River Laboratories,Health Care,Life Sciences Tools & Services,mid,174.79,0.9792,1.0499,0.9588,0.8755,STRONG_UP,-0.74,26.21,-15.94,-33.88,52.8,54.8,0.6929,LOW,SHIFT,167.7035,170.0684,176.5175,0,25.2547,WEAK,15.163
814,-246,PTCT,PTC THERAPEUTICS INC,Health Care,,mid,68.23,1.0444,0.954,0.9848,0.9547,FLAT,-13.85,34.6,82.29,-27.17,52.8,52.1,0.844,LOW,EARLY,70.7315,69.5304,68.8416,0,35.0674,WEAK,15.1478
815,58,FE,FirstEnergy,Utilities,Electric Utilities,large,45.32,0.8873,0.9572,0.9252,0.8108,STRONG_UP,-0.44,14.36,22.37,-14.71,56.4,17.48,0.9109,LOW,PROGRESS,45.2543,47.7072,45.9278,0,46.3259,WEAK,15.0935
816,-41,BRZE,BRAZE INC CLASS A,Information Technology,,mid,25.69,0.55,1.0326,1.0047,1.1937,FLAT,-9.32,-29.11,-30.62,-56.87,48.0,83.68,1.1075,MED,-,22.8825,22.5641,25.6336,1,-16.6987,TREND_ONLY,15.0848
817,-196,IVR,INVESCO MORTGAGE CAPITAL REIT INC,Financials,,small,7.83,0.9954,0.9805,0.9325,0.8836,STRONG_UP,7.32,28.29,23.56,-16.54,48.8,25.47,0.8723,LOW,-,7.9037,7.9246,7.4507,1,54.2044,TREND_ONLY,15.075
818,-51,HCSG,HEALTHCARE SERVICES GROUP INC,Industrials,,small,20.24,1.1122,0.9707,0.9063,0.8544,STRONG_UP,7.43,43.34,90.23,-19.88,52.0,49.65,0.9868,LOW,-,21.211,20.3766,18.7395,1,45.3942,TREND+LEAD,15.0734
819,84,WRBY,WARBY PARKER INC CLASS A,Consumer Discretionary,,mid,25.09,0.9364,0.9653,1.0785,0.8249,FLAT,33.53,20.68,42.31,-42.26,49.2,82.11,0.8018,LOW,-,26.07,23.8836,24.0353,1,12.3932,TREND_ONLY,15.0582
820,-2,TRI,Thomson Reuters,Technology,Computer Software,large,86.33,0.3573,1.038,0.8587,0.758,STRONG_UP,-33.19,-53.95,-46.07,-61.95,44.0,51.18,0.8203,LOW,EARLY,86.8919,87.8529,120.1825,0,-46.3848,WEAK,15.0545
821,45,KOP,KOPPERS HOLDINGS INC,Materials,,small,42.48,1.0653,0.9844,1.0101,0.9958,FLAT,44.07,37.3,-2.46,-23.96,51.6,41.65,0.4641,LOW,-,41.3453,39.4918,32.1827,1,46.2153,TREND+LEAD,15.0302
822,-125,UTI,UNIVERSAL TECHNICAL INSTITUTE INC,Consumer Discretionary,,mid,41.66,0.9131,1.0447,1.0623,1.0462,FLAT,74.31,17.68,171.05,-38.9,53.6,55.57,0.9215,LOW,-,38.489,37.4756,31.205,1,17.0567,TREND_ONLY,15.0193
823,11,FICO,Fair Isaac,Information Technology,Application Software,large,1251.63,0.5576,0.9673,1.1162,0.769,FLAT,-29.23,-28.13,-3.26,-52.12,51.6,63.57,0.7711,LOW,SHIFT,1174.686,1092.041,1444.3081,0,-22.8342,WEAK,15.0162
824,-10,ALGN,Align Technology,Health Care,Health Care Supplies,large,166.69,0.7219,1.0111,0.9167,0.8231,STRONG_UP,13.61,-6.96,-34.51,-39.73,51.2,41.9,0.6405,LOW,-,165.2405,173.812,158.3299,1,-8.5051,TREND_ONLY,15.0076
825,55,WLY,JOHN WILEY AND SONS INC CLASS A,Communication,,mid,44.11,0.9207,1.0416,1.0377,1.3152,FLAT,24.34,18.67,30.55,-34.42,48.8,38.11,0.6459,LOW,-,41.3865,40.225,35.8675,1,23.9041,TREND_ONLY,15.0025
826,-113,RYTM,RHYTHM PHARMACEUTICALS INC,Health Care,,mid,84.35,0.9966,0.9116,0.9317,0.8338,FLAT,-19.7,28.45,122.85,-35.54,50.0,52.77,0.6389,LOW,EARLY,90.6685,87.1775,98.4884,0,26.9521,WEAK,14.9996
827,-74,HRI,HERC HOLDINGS INC,Industrials,,mid,128.26,0.8416,0.9235,0.9835,0.8408,FLAT,-2.14,8.46,-3.0,-49.5,47.2,61.12,0.4766,LOW,-,133.3299,118.2902,132.488,0,6.5368,WEAK,14.9969
828,64,ASB,ASSOCIATED BANCORP,Financials,,mid,27.59,0.9507,0.9792,0.9433,0.9501,FLAT,8.69,22.54,43.33,-16.37,50.4,22.39,0.7075,LOW,-,27.6883,27.125,25.9852,1,50.7315,TREND_ONLY,14.9863
829,-2,ARRY,ARRAY TECHNOLOGIES INC,Industrials,,small,9.22,1.0205,1.0088,1.1378,1.1346,FLAT,23.43,31.53,-33.29,-44.31,50.4,62.32,0.8218,LOW,-,8.582,7.9232,8.6436,1,25.4963,TREND+LEAD,14.9322
830,-40,TJX,TJX Companies,Consumer Discretionary,Apparel Retail,large,153.69,0.9421,0.9671,0.9426,0.8576,STRONG_UP,2.32,21.42,49.44,-10.89,50.0,22.21,0.6727,LOW,-,153.1842,156.2331,149.8613,1,48.2312,TREND_ONLY,14.9291
831,0,VZ,Verizon,Communication Services,Integrated Telecommunication Services,large,47.87,0.9045,0.9804,0.9512,0.8537,STRONG_UP,21.34,16.58,33.09,-13.32,48.4,18.43,0.4133,LOW,-,47.599,47.609,43.3055,1,43.5343,TREND_ONLY,14.9267
832,3,PHM,PulteGroup,Consumer Discretionary,Homebuilding,large,117.77,0.9335,0.977,0.9668,0.8032,STRONG_UP,-7.01,20.31,3.53,-22.6,48.4,33.0,0.4753,LOW,PROGRESS,115.9905,119.097,124.8962,0,29.7919,WEAK,14.9073
833,-23,ALNY,Alnylam Pharmaceuticals,Health Care,Biotechnology,large,286.12,0.7308,0.9562,0.9078,0.7864,STRONG_UP,-37.06,-5.81,90.18,-42.01,52.8,34.93,0.9475,LOW,EARLY,295.039,308.0992,384.1738,0,-8.7828,WEAK,14.897
834,-126,LCII,LCI INDUSTRIES,Consumer Discretionary,,mid,106.82,0.9797,0.944,0.9553,0.7227,FLAT,-4.69,26.27,5.63,-31.4,46.4,37.17,0.5317,LOW,EARLY,110.7292,116.3342,114.726,0,32.7915,WEAK,14.8926
835,-22,WMB,Williams Companies,Energy,Oil & Gas Storage & Transportation,large,71.31,0.935,0.9474,0.8939,0.8527,STRONG_UP,17.87,20.51,86.99,-12.36,51.2,23.33,0.8361,LOW,-,75.118,73.668,65.1672,1,45.0183,TREND_ONLY,14.8875
836,-28,GFF,GRIFFON CORP,Industrials,,mid,84.88,0.9648,0.9585,0.9063,0.9361,FLAT,15.16,24.34,27.67,-27.85,52.8,39.3,0.4231,LOW,-,85.7256,83.0539,78.6553,1,32.7071,TREND_ONLY,14.8696
837,136,VERA,VERA THERAPEUTICS INC CLASS A,Health Care,,mid,31.26,0.7847,0.9012,0.8321,0.7092,STRONG_UP,-5.27,1.13,-22.37,-43.85,48.8,52.84,1.4328,MED,EARLY,35.4163,38.103,36.5088,0,1.0457,WEAK,14.8567
838,-78,PDD,PDD Holdings,Technology,EDP Services,large,88.18,0.6958,1.0059,0.8524,0.7839,STRONG_UP,-25.44,-10.32,-39.98,-39.89,50.8,40.82,1.0251,MED,EARLY,94.69,98.052,112.9526,0,-12.8461,WEAK,14.8535
839,19,GPGI,GPGI INC CLASS A,Information Technology,,mid,11.94,0.6711,0.9614,0.7087,0.4572,STRONG_UP,-38.9,-13.51,132.7,-55.48,49.2,81.29,0.3292,LOW,EARLY,12.8305,15.0415,19.2688,0,-8.1762,WEAK,14.8021
840,139,SRE,Sempra,Utilities,Multi-Utilities,large,89.55,0.9204,0.9695,0.8969,0.8504,STRONG_UP,-0.73,18.63,24.16,-12.65,54.0,20.64,0.8271,LOW,EARLY,91.4175,93.8738,89.6756,0,48.738,WEAK,14.7799
841,24,CPRX,CATALYST PHARMACEUTICALS INC,Health Care,,mid,31.27,0.974,0.9864,1.0214,1.1393,STRONG_DOWN,37.81,25.53,93.26,-27.29,51.2,34.37,0.7398,LOW,-,31.1715,28.003,23.7749,1,38.0342,TREND_ONLY,14.7672
842,13,PCAR,Paccar,Industrials,Construction Machinery & Heavy Transportation Equipment,large,112.89,0.9599,0.9936,0.936,0.8154,STRONG_UP,10.59,23.71,14.27,-15.29,46.0,28.28,0.7057,LOW,-,111.8736,117.0901,109.7532,1,38.5734,TREND_ONLY,14.747
843,-22,RYZ,RYERSON HOLDING CORP,Materials,,small,28.43,1.0237,1.0079,1.0246,0.9651,FLAT,23.14,31.94,30.3,-34.71,54.4,51.41,0.9676,LOW,-,26.625,25.162,24.3861,1,33.7996,TREND+LEAD,14.7363
844,-129,BBY,Best Buy,Consumer Discretionary,Computer & Electronics Retail,large,72.78,0.8541,1.1141,1.1936,0.9863,FLAT,-3.08,10.08,-7.69,-32.01,47.2,46.31,0.8545,LOW,-,62.317,62.5042,68.4537,1,10.2785,TREND_ONLY,14.7348
845,18,VSEC,VSE CORP,Industrials,,mid,180.19,1.0667,1.0258,1.0132,0.7247,STRONG_UP,3.5,37.49,119.11,-30.31,47.2,77.17,0.3668,LOW,PROGRESS,179.6465,186.2473,183.4991,0,22.9275,WEAK,14.6704
846,49,TSCO,Tractor Supply,Consumer Discretionary,Other Specialty Retail,large,30.01,0.4846,0.9667,0.8851,0.5379,STRONG_UP,-43.37,-37.54,-41.79,-52.01,48.0,40.87,1.7069,HIGH,EARLY,30.9294,37.4143,49.5414,0,-44.0905,WEAK,14.6473
847,-114,RL,Ralph Lauren Corporation,Consumer Discretionary,"Apparel, Accessories & Luxury Goods",large,363.51,1.0125,0.9546,0.9699,0.9113,FLAT,-0.12,30.5,101.71,-17.67,50.0,46.46,0.9883,LOW,-,353.3935,358.3202,342.7395,1,32.8193,TREND+LEAD,14.6285
848,51,PFE,Pfizer,Health Care,Pharmaceuticals,large,25.55,0.9083,0.9631,0.9335,0.8776,STRONG_UP,4.5,17.07,-0.5,-11.47,50.4,18.94,0.8107,LOW,-,25.838,26.3796,25.1088,1,45.4195,TREND_ONLY,14.6198
849,79,HUBB,Hubbell Incorporated,Industrials,Industrial Machinery & Supplies & Components,large,480.46,0.9672,0.9832,0.8828,0.8833,FLAT,12.94,24.66,27.69,-17.36,52.8,34.07,0.7485,LOW,-,478.9042,502.9976,465.8571,1,38.2161,TREND_ONLY,14.5925
850,28,PFBC,PREFERRED BANK,Financials,,small,95.81,0.9151,0.9993,0.9553,0.9632,FLAT,1.57,17.95,39.36,-18.58,52.8,17.4,0.5956,LOW,-,93.9455,93.2359,91.4292,1,54.4646,TREND_ONLY,14.5878
851,106,LXP,LXP INDUSTRIAL TRUST,Real Estate,,mid,50.37,0.9632,0.945,0.9406,0.9345,STRONG_UP,5.89,24.14,34.41,-11.01,50.8,23.82,0.5442,LOW,-,51.7435,50.0106,47.3735,1,51.4881,TREND_ONLY,14.5847
852,1,IDCC,INTERDIGITAL INC,Information Technology,,mid,259.0,0.9158,1.0136,0.8969,0.6255,STRONG_UP,-26.02,18.03,130.99,-36.48,52.8,52.05,0.512,LOW,EARLY,266.0815,306.5914,330.2159,0,18.2945,WEAK,14.5827
853,45,NWBI,NORTHWEST BANCSHARES INC,Financials,,small,14.16,0.9556,1.0058,0.9853,1.023,FLAT,21.1,23.16,47.91,-13.97,50.8,19.97,0.7086,LOW,-,13.8425,13.3603,12.3308,1,58.9251,TREND_ONLY,14.5617
854,56,ABBV,AbbVie,Health Care,Biotechnology,large,215.4,0.9216,0.988,0.9782,0.8272,STRONG_UP,-2.74,18.78,43.89,-17.32,50.4,24.68,0.7864,LOW,SHIFT,210.7285,208.0155,216.9192,0,38.3533,WEAK,14.56
855,-82,CSTL,CASTLE BIOSCIENCES INC,Health Care,,small,19.71,0.9152,0.916,0.7301,0.6294,STRONG_UP,-49.62,17.95,-15.77,-57.83,52.4,62.84,0.9908,LOW,-,20.3155,22.8812,28.7458,0,14.9706,WEAK,14.5403
856,12,CBT,CABOT CORP,Materials,,mid,87.3,0.9216,1.007,1.0939,1.0546,FLAT,39.45,18.78,-9.22,-28.82,49.6,31.5,0.8997,LOW,-,82.8213,77.8298,72.2365,1,29.5693,TREND_ONLY,14.5179
857,72,GLNG,GOLAR LNG LTD,Energy,,mid,51.49,0.9808,1.0169,0.8673,1.0032,FLAT,40.84,26.42,109.82,-21.95,51.6,34.55,0.6981,LOW,-,53.9244,53.6826,43.5233,1,39.4521,TREND_ONLY,14.4874
858,-12,ATO,Atmos Energy,Utilities,Gas Utilities,large,168.75,0.8658,0.946,0.8543,0.8173,STRONG_UP,-0.62,11.58,52.89,-12.58,57.6,17.12,1.1591,MED,EARLY,177.0729,181.9982,173.1326,0,38.973,WEAK,14.4489
859,-37,MRX,MAREX GROUP PLC,Financials,,mid,51.0,0.9435,0.9411,0.9251,1.1569,FLAT,46.51,21.61,168.86,-33.43,49.2,47.96,0.5614,LOW,-,54.1935,50.5437,39.4388,1,22.1682,TREND_ONLY,14.437
860,22,FLG,FLAGSTAR BANK NATIONAL ASSOCIATION,Financials,,mid,14.09,0.9528,0.9944,0.961,0.9757,FLAT,13.72,22.81,45.38,-17.47,49.6,24.56,0.4475,LOW,-,13.8635,13.828,12.7828,1,46.0613,TREND_ONLY,14.4364
861,-20,SWX,SOUTHWEST GAS HOLDINGS INC,Utilities,,mid,86.04,0.9334,0.959,0.8802,0.8701,STRONG_UP,5.69,20.31,20.41,-9.51,51.6,19.81,0.687,LOW,-,88.6353,88.9668,82.3827,1,52.8925,TREND_ONLY,14.4259
862,-43,HSY,Hershey Company (The),Consumer Staples,Packaged Foods & Meats,large,184.09,0.9021,0.9194,0.9634,0.7191,FLAT,0.89,16.26,-0.33,-22.97,50.8,26.38,0.5383,LOW,EARLY,189.8969,194.5741,191.3299,0,31.3191,WEAK,14.4224
863,41,CF,CF Industries,Materials,Fertilizers & Agricultural Chemicals,large,113.48,0.9742,0.9637,0.8556,0.9789,FLAT,43.55,25.56,47.43,-24.87,54.4,62.83,0.3615,LOW,-,120.8488,123.0704,96.721,1,22.1283,TREND_ONLY,14.4179
864,221,LII,Lennox International,Industrials,Building Products,large,516.37,0.7219,1.0139,0.9481,0.846,STRONG_UP,6.09,-6.95,5.98,-33.77,46.8,42.05,1.064,MED,-,506.1975,493.45,511.7021,1,-7.7392,TREND_ONLY,14.4003
865,-56,AMGN,Amgen,Health Care,Biotechnology,large,328.26,0.906,0.9651,0.9654,0.7844,FLAT,-1.32,16.77,,-16.57,52.0,22.43,0.5981,LOW,-,331.6257,339.1034,324.1894,1,38.875,TREND_ONLY,14.3911
866,27,BHRB,BURKE HERBERT FINANCIAL SERVICES C,Financials,,small,64.03,0.9004,1.001,0.9687,0.8906,STRONG_UP,-0.51,16.05,39.14,-13.49,52.0,18.35,1.2054,MED,-,62.7209,63.0361,62.4464,1,45.4804,TREND_ONLY,14.3783
867,-15,EFC,ELLINGTON FINANCIAL INC,Financials,,small,13.6,0.9501,0.9975,0.9977,1.034,STRONG_DOWN,7.23,22.45,42.53,-17.71,52.8,20.07,0.5287,LOW,-,13.3729,12.7056,12.5368,1,59.0677,TREND_ONLY,14.376
868,2,PRCH,PORCH GROUP INC,Information Technology,,small,10.9,0.893,1.0589,0.9946,1.1943,FLAT,16.83,15.1,451.9,-66.39,48.0,67.42,0.6689,LOW,-,10.39,8.8532,11.0186,0,10.7507,WEAK,14.3717
869,31,VRSN,Verisign,Information Technology,Internet Services & Infrastructure,large,297.41,0.8472,0.9939,1.0282,1.1232,STRONG_DOWN,19.24,9.19,72.6,-30.21,54.4,30.32,0.7004,LOW,-,293.6698,275.8699,256.5328,1,16.4876,TREND_ONLY,14.366
870,21,LMT,Lockheed Martin,Industrials,Aerospace & Defense,large,513.43,0.852,0.9613,0.9428,0.6996,STRONG_UP,18.29,9.81,15.74,-25.15,52.4,23.7,0.4943,LOW,EARLY,518.2896,555.9765,526.9752,0,21.6911,WEAK,14.3653
871,-38,UPST,UPSTART HOLDINGS INC,Financials,,mid,32.39,0.493,1.0417,0.9544,1.0274,FLAT,-26.82,-36.47,34.29,-71.21,52.4,66.02,0.9894,LOW,SHIFT,29.833,29.6816,42.368,0,-28.9425,WEAK,14.3574
872,265,GKOS,GLAUKOS CORP,Health Care,,mid,110.78,0.9096,0.9961,0.7708,0.8638,FLAT,4.4,17.24,-3.11,-29.92,48.4,67.68,1.9914,HIGH,-,128.266,122.374,105.8733,1,12.3288,TREND_ONLY,14.2942
873,-41,NDAQ,"Nasdaq, Inc.",Financials,Financial Exchanges & Data,large,87.91,0.8237,0.9594,0.9102,0.89,STRONG_UP,-1.02,6.17,53.56,-21.76,55.6,25.48,1.6428,HIGH,EARLY,90.397,88.4542,89.7615,0,13.4586,WEAK,14.274
874,20,CRH,CRH plc,Materials,Construction Materials,large,106.52,0.9135,0.9905,0.9121,0.8521,STRONG_UP,-10.36,17.74,37.93,-24.46,46.4,36.4,0.4622,LOW,EARLY,106.8035,109.6359,115.1421,0,22.6126,WEAK,14.2573
875,-1,NNE,NANO NUCLEAR ENERGY INC,Industrials,,small,30.57,0.8128,1.1039,1.2392,1.0432,FLAT,-3.04,4.76,377.66,-66.45,48.4,100.05,1.4482,MED,-,26.8868,24.4118,31.5726,0,2.3044,WEAK,14.2539
876,-117,IDYA,IDEAYA BIOSCIENCES INC,Health Care,,mid,27.87,0.9992,0.9404,0.9116,0.7229,STRONG_UP,-18.77,28.79,-28.34,-26.39,48.8,44.49,0.6911,LOW,EARLY,28.774,30.247,30.9316,0,31.5783,WEAK,14.2522
877,123,XENE,XENON PHARMACEUTICALS INC,Health Care,,mid,52.3,1.3209,0.9587,0.8613,1.0928,FLAT,20.2,70.25,36.06,-16.67,48.0,104.17,1.2871,MED,-,54.9815,55.9826,45.6094,1,32.369,TREND+LEAD,14.2358
878,62,DOV,Dover Corporation,Industrials,Industrial Machinery & Supplies & Components,large,211.84,0.9332,0.9833,0.9089,0.8611,STRONG_UP,15.12,20.28,19.36,-15.34,48.8,27.88,0.5206,LOW,-,213.8957,215.1067,197.057,1,35.4911,TREND_ONLY,14.223
879,44,AAT,AMERICAN ASSETS TRUST REIT INC,Real Estate,,small,23.34,0.966,1.0235,1.0721,1.0734,STRONG_DOWN,24.32,24.5,21.21,-13.97,52.8,23.99,1.265,MED,-,21.799,20.5494,19.2745,1,53.9237,TREND_ONLY,14.2047
880,0,MCHB,MECHANICS BANCORP CLASS A,Financials,,mid,14.73,0.9604,1.0092,1.013,0.9344,FLAT,6.79,23.78,84.25,-9.46,51.2,25.08,1.0756,MED,-,14.1448,14.241,13.3519,1,48.5394,TREND_ONLY,14.153
881,27,TRNO,TERRENO REALTY REIT CORP,Real Estate,,mid,63.68,0.8979,0.9426,0.9325,0.8892,STRONG_UP,3.07,15.73,21.79,-10.85,56.8,18.22,0.7072,LOW,-,65.7385,64.7493,60.9647,1,49.0329,TREND_ONLY,14.1232
882,-96,INTA,INTAPP INC,Information Technology,,mid,25.08,0.3472,1.2946,1.0016,0.8282,STRONG_UP,-41.24,-55.25,-26.97,-67.17,43.2,65.92,1.3957,MED,SHIFT,22.133,22.8548,34.2468,0,-36.2051,WEAK,14.121
883,-53,UPS,United Parcel Service,Industrials,Air Freight & Logistics,large,108.93,0.921,1.0302,1.0872,0.9017,FLAT,17.95,18.7,-11.1,-20.28,54.8,34.52,0.901,LOW,-,100.3263,100.3152,95.4857,1,29.6864,TREND_ONLY,14.1049
884,42,PKG,Packaging Corporation of America,Materials,Paper & Plastic Packaging Products & Materials,large,224.83,0.9209,1.019,0.9746,0.8748,STRONG_UP,11.96,18.69,,-17.21,52.0,31.45,0.4922,LOW,-,218.3085,214.094,211.5711,1,30.9052,TREND_ONLY,14.0938
885,93,SBSI,SOUTHSIDE BANCSHARES INC,Financials,,small,32.77,0.9504,0.9847,0.9625,0.9375,STRONG_UP,11.7,22.5,36.86,-15.77,50.0,22.7,0.4251,LOW,-,32.5791,32.2032,30.2601,1,49.5554,TREND_ONLY,14.0896
886,127,FAST,Fastenal,Industrials,Trading Companies & Distributors,large,44.73,0.8602,0.986,0.9421,0.8712,STRONG_UP,12.62,10.87,45.17,-21.9,53.6,27.19,0.5697,LOW,-,44.0435,44.8381,44.1943,1,21.4259,TREND_ONLY,14.0622
887,34,BRSP,BRIGHTSPIRE CAPITAL INC CLASS A,Financials,,small,5.58,0.9435,0.9571,0.9063,0.8698,STRONG_UP,4.76,21.6,17.52,-12.12,48.8,23.32,1.0318,MED,-,5.76,5.7663,5.4723,1,45.2,TREND_ONLY,14.0384
888,110,BGC,BGC GROUP INC CLASS A,Financials,,mid,10.34,0.8717,0.9693,0.8751,0.9677,FLAT,20.29,12.36,,-23.25,48.8,28.41,1.7719,HIGH,-,10.9839,10.8424,9.629,1,21.2237,TREND_ONLY,14.0329
889,65,JPM,JPMorgan Chase,Financials,Diversified Banks,large,300.96,0.894,0.9936,0.9247,0.9089,STRONG_UP,-1.64,15.23,55.55,-15.47,54.4,21.25,0.8908,LOW,EARLY,302.1455,303.0072,303.6677,0,38.9793,WEAK,14.0299
890,-50,RCL,Royal Caribbean Group,Consumer Discretionary,"Hotels, Resorts & Cruise Lines",large,290.8,0.8582,1.0441,1.0594,0.9156,FLAT,10.03,10.61,97.05,-32.36,49.2,49.68,0.9863,LOW,SHIFT,268.8685,270.2624,291.6354,0,10.5122,WEAK,14.0228
891,-60,UNP,Union Pacific Corporation,Industrials,Rail Transportation,large,264.68,0.947,0.9409,0.9548,0.8974,FLAT,16.27,22.05,21.27,-12.28,55.2,26.99,0.8303,LOW,-,266.1925,256.8259,236.9427,1,45.1036,TREND_ONLY,14.0156
892,63,AKR,ACADIA REALTY TRUST REIT,Real Estate,,mid,21.91,0.9191,0.9703,0.954,0.9348,STRONG_UP,10.53,18.46,35.3,-12.41,54.0,21.59,0.4028,LOW,-,21.7275,20.9229,20.0564,1,46.1738,TREND_ONLY,14.0144
893,-68,MBWM,MERCANTILE BANK CORP,Financials,,small,52.88,0.9592,0.9961,0.9786,0.9098,STRONG_UP,15.48,23.63,49.73,-12.91,50.4,22.92,0.8522,LOW,-,51.865,51.6686,48.7972,1,51.9538,TREND_ONLY,14.0141
894,3,CRI,CARTERS INC,Consumer Discretionary,,small,39.8,1.0103,0.9991,1.1419,1.0314,FLAT,28.21,30.21,-37.5,-30.3,53.6,47.51,0.5972,LOW,-,36.142,35.9594,33.0015,1,34.0843,TREND+LEAD,13.9803
895,117,EFSC,ENTERPRISE FINANCIAL SERVICES CORP,Financials,,mid,60.76,0.9126,0.9905,0.9882,0.9692,STRONG_UP,11.46,17.63,66.7,-15.28,49.6,20.86,0.8195,LOW,-,59.838,58.066,56.539,1,41.9133,TREND_ONLY,13.9799
896,-10,CBU,COMMUNITY FINANCIAL SYSTEM INC,Financials,,mid,63.17,0.8976,0.9746,0.9499,0.9382,STRONG_UP,10.69,15.69,50.69,-16.03,50.0,19.23,0.7872,LOW,-,63.161,61.9238,59.4606,1,40.7859,TREND_ONLY,13.976
897,22,CTVA,Corteva,Materials,Fertilizers & Agricultural Chemicals,large,77.57,0.8536,0.9615,0.8997,0.8966,STRONG_UP,17.11,10.02,42.89,-20.71,54.4,23.41,0.7207,LOW,-,80.3692,81.0735,72.2432,1,23.2814,TREND_ONLY,13.9719
898,-102,ACHR,ARCHER AVIATION INC CLASS A,Industrials,,mid,6.74,0.538,1.0167,1.1042,0.8969,FLAT,-9.65,-30.66,104.24,-63.78,48.4,53.69,1.2977,MED,SHIFT,6.3635,5.9256,7.9463,0,-27.6377,WEAK,13.9678
899,75,UVE,UNIVERSAL INSURANCE HOLDINGS INC,Financials,,small,36.27,1.0395,0.9391,0.8808,0.9045,FLAT,12.68,33.97,96.26,-17.74,52.0,37.93,0.5006,LOW,-,38.8302,36.8237,31.7411,1,46.5743,TREND+LEAD,13.9669
900,51,PLUS,EPLUS,Information Technology,,mid,84.36,0.9151,0.9345,0.9317,0.9419,FLAT,-3.47,17.94,13.69,-20.65,47.6,34.53,1.958,HIGH,-,85.0365,82.707,80.794,1,24.7372,TREND_ONLY,13.9592
901,31,APO,Apollo Global Management,Financials,Asset Management & Custody Banks,large,128.76,0.7742,0.9766,0.9461,1.0594,FLAT,-1.19,-0.21,13.76,-34.97,52.4,35.28,0.446,LOW,-,130.5209,121.9007,127.92,1,-0.3186,TREND_ONLY,13.9027
902,201,D,Dominion Energy,Utilities,Multi-Utilities,large,66.47,0.9499,0.9871,1.0081,0.9652,FLAT,12.86,22.43,35.56,-9.77,50.8,27.2,1.195,MED,-,64.4681,62.8177,60.121,1,41.8916,TREND_ONLY,13.884
903,36,GHC,GRAHAM HOLDINGS COMPANY CLASS B,Consumer Discretionary,,mid,1106.1899,0.8956,0.981,0.9337,0.9251,STRONG_UP,0.16,15.43,50.48,-19.78,50.4,22.47,0.4421,LOW,-,1111.9805,1107.8979,1095.3375,1,34.6179,TREND_ONLY,13.881
904,-127,WAT,Waters Corporation,Health Care,Life Sciences Tools & Services,large,371.93,0.8259,1.0739,1.1646,1.0487,FLAT,-6.5,6.45,20.02,-31.32,49.2,46.47,0.4888,LOW,-,348.341,325.8276,340.7523,1,6.8302,TREND_ONLY,13.8707
905,38,RNST,RENASANT CORP,Financials,,mid,40.42,0.9112,0.9795,0.9695,0.9463,STRONG_UP,13.87,17.44,44.65,-17.19,49.2,22.34,0.6011,LOW,-,40.2335,39.1776,37.176,1,38.4051,TREND_ONLY,13.8598
906,-83,BULL,WEBULL CORP CLASS A,Financials,,mid,6.21,0.44,0.9864,0.8187,0.9203,FLAT,-32.5,-43.29,-44.13,-73.9,45.6,55.91,0.7091,LOW,EARLY,6.814,6.2708,8.8375,0,-35.3053,WEAK,13.8526
907,11,O,Realty Income,Real Estate,Retail REITs,large,59.91,0.8762,0.956,0.8965,0.8273,STRONG_UP,7.11,12.93,25.44,-11.1,53.6,16.66,0.6876,LOW,-,61.6747,62.0107,59.2295,1,41.6156,TREND_ONLY,13.8158
908,88,ARES,Ares Management,Financials,Asset Management & Custody Banks,large,128.28,0.6104,1.0013,1.0107,1.0065,FLAT,-17.95,-21.33,-1.52,-49.3,50.8,45.15,0.913,LOW,SHIFT,124.9155,116.5398,142.0653,0,-23.9996,WEAK,13.8085
909,-3,CMPX,COMPASS THERAPEUTICS,Health Care,,small,2.08,0.7541,0.9053,1.0135,0.3288,FLAT,-61.9,-2.8,52.94,-75.04,52.4,147.58,0.6908,LOW,-,2.003,3.6151,4.4955,0,-0.9955,WEAK,13.7895
910,54,GWW,W. W. Grainger,Industrials,Industrial Machinery & Supplies & Components,large,1268.36,0.9123,1.0057,1.0519,0.9955,FLAT,34.76,17.59,45.14,-15.7,50.0,23.54,0.5464,LOW,-,1238.2774,1171.5629,1054.8133,1,37.3551,TREND_ONLY,13.7892
911,-47,LIN,Linde plc,Materials,Industrial Gases,large,495.91,0.8265,0.9647,0.9498,0.8966,STRONG_UP,22.66,6.52,17.17,-19.18,51.2,18.78,1.3134,MED,-,504.997,501.2292,463.7059,1,17.785,TREND_ONLY,13.7671
912,21,AX,AXOS FINANCIAL INC,Financials,,mid,87.75,0.9618,0.9954,0.9504,0.8757,STRONG_UP,6.07,23.96,67.27,-19.04,52.4,31.63,0.4794,LOW,PROGRESS,85.92,89.1682,87.7898,0,39.6904,WEAK,13.7429
913,25,SFNC,SIMMONS FIRST NATIONAL CORP CLASS,Financials,,mid,21.39,0.9201,0.9899,0.9574,0.963,FLAT,16.78,18.59,36.95,-17.57,51.2,22.64,0.6746,LOW,-,21.171,20.7304,19.5018,1,42.0394,TREND_ONLY,13.7387
914,177,ASTE,ASTEC INDUSTRIES INC,Industrials,,small,52.02,1.0238,1.0064,0.801,0.7508,STRONG_UP,19.51,31.95,68.9,-27.65,50.4,52.78,0.7059,LOW,-,50.7732,54.9852,50.1016,1,30.5106,TREND+LEAD,13.7375
915,207,SHAK,SHAKE SHACK INC CLASS A,Consumer Discretionary,,mid,57.01,0.3469,0.8749,0.5639,0.5265,STRONG_UP,-33.8,-55.29,-38.41,-59.86,46.0,75.79,3.4952,HIGH,EARLY,66.697,84.2958,90.4512,0,-33.5555,WEAK,13.7343
916,-170,AVBP,ARRIVENT BIOPHARMA INC,Health Care,,small,29.92,1.0041,1.0761,0.931,1.0133,FLAT,32.86,29.41,55.91,-33.32,47.2,62.07,1.484,MED,-,28.42,27.5896,22.7137,1,22.3656,TREND+LEAD,13.7268
917,159,WFC,Wells Fargo,Financials,Diversified Banks,large,79.44,0.8326,1.0312,0.9538,0.8563,STRONG_UP,-5.99,7.31,40.1,-23.02,55.6,27.88,1.1056,MED,SHIFT,76.2364,78.8726,83.2311,0,14.5862,WEAK,13.7105
918,34,SBCF,SEACOAST BANKING OF FLORIDA,Financials,,mid,30.2,0.924,0.9825,0.9233,0.8684,STRONG_UP,-4.11,19.1,37.39,-16.26,49.2,21.41,0.7646,LOW,EARLY,30.4205,30.9596,31.1589,0,43.8841,WEAK,13.7009
919,-4,LULU,Lululemon Athletica,Consumer Discretionary,"Apparel, Accessories & Luxury Goods",large,126.47,0.293,0.9535,0.9269,0.6568,STRONG_UP,-30.67,-62.24,-58.75,-64.46,47.2,44.12,1.237,MED,EARLY,126.8985,143.1614,172.4029,0,-66.5824,WEAK,13.6906
920,-53,CCL,Carnival,Consumer Discretionary,"Hotels, Resorts & Cruise Lines",large,27.64,0.9058,0.976,1.0241,0.8931,FLAT,7.74,16.75,74.5,-29.3,50.0,57.47,0.6034,LOW,SHIFT,26.1624,26.36,28.2596,0,14.5712,WEAK,13.6811
921,-10,MAS,Masco,Industrials,Building Products,large,69.0,0.8715,0.9764,0.9569,0.9112,STRONG_UP,7.5,12.32,4.01,-24.38,47.2,39.8,0.9784,LOW,-,68.5892,66.4274,67.0525,1,14.6123,TREND_ONLY,13.6762
922,70,AGIO,AGIOS PHARMACEUTICALS INC,Health Care,,mid,26.51,0.6164,0.9152,0.9093,0.8459,STRONG_UP,-4.78,-20.56,-39.52,-50.89,51.6,69.93,1.0137,MED,EARLY,28.212,29.5024,32.2172,0,-15.1689,WEAK,13.667
923,46,IEX,IDEX Corporation,Industrials,Industrial Machinery & Supplies & Components,large,212.13,0.9181,0.9898,0.9389,0.9176,STRONG_UP,22.34,18.33,5.94,-15.17,46.4,25.91,0.8055,LOW,-,210.7479,203.9863,184.4089,1,32.8237,TREND_ONLY,13.6531
924,-28,CPAY,Corpay,Financials,Transaction & Payment Processing Services,large,359.82,0.8562,1.0082,1.0943,0.9846,FLAT,21.45,10.36,39.28,-27.27,51.6,39.96,0.8475,LOW,-,340.2615,320.8204,310.4152,1,13.3743,TREND_ONLY,13.6263
925,50,WGS,GENEDX HOLDINGS CORP CLASS A,Health Care,,small,53.13,0.5662,1.0888,0.7393,0.6014,STRONG_UP,-67.53,-27.03,147.69,-79.4,49.6,124.57,0.8756,LOW,-,43.862,56.7636,103.5435,0,-10.7622,WEAK,13.6039
926,-24,DASH,DoorDash,Consumer Discretionary,Specialized Consumer Services,large,156.95,0.5698,0.9841,0.8597,0.7943,STRONG_UP,-23.66,-26.56,41.63,-47.97,49.2,47.82,0.6752,LOW,EARLY,159.5375,162.9575,207.6451,0,-27.3223,WEAK,13.5984
927,20,PEP,PepsiCo,Consumer Staples,Soft Drinks & Non-alcoholic Beverages,large,142.0,0.8691,0.9496,0.8683,0.7862,STRONG_UP,-3.24,12.01,-10.88,-16.25,46.4,19.97,1.1973,MED,EARLY,149.2895,152.8286,149.0289,0,27.9101,WEAK,13.5941
928,-111,MTCH,Match Group,Communication Services,Interactive Media & Services,mid,35.32,0.9215,0.9667,0.8747,1.038,FLAT,5.93,18.77,17.96,-24.61,51.6,31.66,0.6116,LOW,-,36.1035,34.6948,33.3189,1,30.5872,TREND_ONLY,13.5824
929,-40,ANF,ABERCROMBIE AND FITCH CLASS A,Consumer Discretionary,,mid,76.43,0.7716,0.9275,0.9149,0.7188,STRONG_UP,-25.0,-0.55,-56.49,-45.65,50.8,49.39,0.6524,LOW,PROGRESS,75.742,85.046,90.4817,0,-0.5621,WEAK,13.5796
930,54,GNW,GENWORTH FINANCIAL INC,Financials,,mid,8.52,0.935,0.9522,0.908,0.8953,STRONG_UP,-1.16,20.51,35.67,-14.07,47.6,21.02,0.5732,LOW,EARLY,8.9995,8.7508,8.6664,0,46.4433,WEAK,13.5609
931,-95,TPL,Texas Pacific Land Corporation,Energy,Oil & Gas Exploration & Production,large,370.82,0.7711,0.9036,0.8111,0.6232,STRONG_UP,30.65,-0.62,91.42,-31.68,52.0,50.69,0.7507,LOW,-,395.9481,427.7659,365.7989,1,-0.6325,TREND_ONLY,13.5567
932,56,IART,INTEGRA LIFESCIENCES HOLDINGS CORP,Health Care,,small,15.67,0.9324,1.0192,1.3909,1.3567,FLAT,19.98,20.17,-50.82,-44.79,51.6,69.59,1.1633,MED,-,14.713,11.9654,12.6131,1,14.9548,TREND_ONLY,13.5456
933,0,BMY,Bristol Myers Squibb,Health Care,Pharmaceuticals,large,54.46,0.9226,0.9354,0.8972,0.7941,STRONG_UP,13.2,18.9,43.62,-13.68,47.6,25.64,0.8811,LOW,-,57.0225,58.019,52.3056,1,35.096,TREND_ONLY,13.5385
934,-27,WVE,WAVE LIFE SCIENCES LTD,Health Care,,small,5.69,0.6792,0.8867,0.72,0.3733,STRONG_UP,-23.21,-12.46,-8.81,-73.3,49.6,113.39,0.9066,LOW,-,6.633,7.2318,10.0299,0,-5.451,WEAK,13.5144
935,60,AMN,AMN HEALTHCARE INC,Health Care,,small,30.25,1.1483,1.0988,1.3801,1.2494,FLAT,78.47,47.99,-45.46,-32.44,46.4,75.86,0.756,LOW,-,27.5025,22.7252,19.6616,1,29.3558,TREND+LEAD,13.5136
936,-162,MSCI,MSCI Inc.,Financials,Financial Exchanges & Data,large,630.27,0.8754,1.0319,1.0269,0.9941,STRONG_UP,13.47,12.83,31.83,-18.07,52.4,25.8,0.976,LOW,-,591.3406,572.6356,563.1546,1,26.055,TREND_ONLY,13.5129
937,11,TBBK,BANCORP INC,Financials,,mid,54.56,0.8443,0.9704,0.8803,0.8875,FLAT,-15.29,8.82,66.44,-35.92,56.8,27.57,0.8255,LOW,EARLY,55.544,56.6976,64.651,0,18.1614,WEAK,13.5104
938,24,ONB,OLD NATIONAL BANCORP,Financials,,mid,23.85,0.8977,0.9778,0.9481,0.917,STRONG_UP,10.32,15.71,50.1,-17.73,50.8,22.5,,LOW,-,23.8785,23.387,22.5173,1,35.461,TREND_ONLY,13.4838
939,-54,DNLI,DENALI THERAPEUTICS INC,Health Care,,mid,19.35,1.0778,0.946,0.9797,0.8545,FLAT,6.55,38.91,-5.05,-20.49,48.4,60.98,0.922,LOW,-,19.511,19.6851,18.0146,1,30.882,TREND+LEAD,13.4667
940,-20,TRN,TRINITY INDUSTRIES INC,Industrials,,mid,31.88,0.9978,0.98,0.87,0.8449,STRONG_UP,23.32,28.6,10.43,-18.86,48.8,41.73,0.9753,LOW,-,34.2585,33.1234,29.3383,1,33.446,TREND_ONLY,13.4546
941,-82,MGY,MAGNOLIA OIL GAS CORP CLASS A,Energy,,mid,27.75,0.9848,0.9945,0.8479,0.8779,FLAT,19.4,26.93,17.67,-15.34,53.6,33.26,,LOW,-,28.652,29.4152,25.31,1,43.4003,TREND_ONLY,13.4332
942,-26,CSGP,CoStar Group,Real Estate,Real Estate Services,large,33.66,0.345,1.029,0.8993,0.6361,STRONG_UP,-50.51,-55.53,-56.87,-67.11,50.0,37.71,1.3154,MED,PROGRESS,33.247,36.4442,60.2527,0,-73.6265,WEAK,13.3966
943,54,BOH,BANK OF HAWAII CORP,Financials,,mid,75.8,0.9193,0.9707,0.9137,0.8787,STRONG_UP,16.55,18.49,45.49,-15.03,46.4,21.9,0.5518,LOW,-,77.0619,76.6325,69.942,1,39.1721,TREND_ONLY,13.3932
944,-2,RHP,RYMAN HOSPITALITY PROPERTIES REIT,Real Estate,,mid,115.05,0.9592,0.9882,1.0318,1.0546,STRONG_DOWN,25.36,23.63,19.3,-16.72,49.2,25.08,0.7228,LOW,-,110.867,103.2906,95.2796,1,46.3634,TREND_ONLY,13.3877
945,60,GABC,GERMAN AMERICAN BANCORP INC,Financials,,small,43.79,0.92,0.9951,0.9767,0.9543,STRONG_UP,11.93,18.57,44.64,-11.3,48.0,17.77,0.8518,LOW,-,43.0948,42.8356,40.5454,1,50.1704,TREND_ONLY,13.3635
946,-92,IT,Gartner,Information Technology,IT Consulting & Other Services,large,170.62,0.3063,1.0538,1.0919,0.9196,FLAT,-26.07,-60.53,-59.76,-67.46,50.0,48.68,0.6286,LOW,SHIFT,156.589,154.2554,206.1159,0,-62.1669,WEAK,13.3277
947,24,FTV,Fortive,Industrials,Industrial Machinery & Supplies & Components,large,60.16,0.8616,0.9921,0.9465,0.9341,STRONG_UP,14.13,11.04,10.28,-15.62,47.6,23.24,1.4378,MED,-,59.5525,58.9168,54.1772,1,22.6194,TREND_ONLY,13.2921
948,62,VST,Vistra Corp.,Utilities,Electric Utilities,large,157.97,0.7,0.9746,0.9284,0.871,STRONG_UP,-8.77,-9.79,71.69,-38.01,49.2,50.1,0.9668,LOW,SHIFT,151.1105,154.3644,172.4407,0,-9.6097,WEAK,13.2614
949,-112,HFWA,HERITAGE FINANCIAL CORP,Financials,,small,27.42,0.9464,1.0004,0.9684,0.9443,STRONG_UP,16.09,21.98,67.2,-14.76,49.2,23.52,0.6448,LOW,-,27.027,26.7294,24.7939,1,45.9871,TREND_ONLY,13.2564
950,-6,SW,Smurfit Westrock,Materials,Paper & Plastic Packaging Products & Materials,large,42.24,0.7889,1.0465,1.0636,0.8504,FLAT,20.9,1.68,-10.31,-32.21,48.0,45.15,,LOW,-,39.5471,39.7778,40.4718,1,1.7867,TREND_ONLY,13.2553
951,118,FLR,FLUOR CORP,Industrials,,mid,49.34,0.8823,1.0306,0.8886,0.9218,FLAT,16.37,13.71,13.17,-30.19,50.8,53.1,1.371,MED,-,46.3715,47.6954,45.3602,1,13.1189,TREND_ONLY,13.2436
952,20,BBT,BEACON FINANCIAL CORP,Financials,,mid,29.12,0.9407,0.9918,0.9807,0.8809,STRONG_UP,15.03,21.25,44.5,-13.9,51.6,27.61,0.5242,LOW,-,28.5407,29.6611,26.9923,1,39.7115,TREND_ONLY,13.242
953,0,IBOC,INTERNATIONAL BANCSHARES CORP,Financials,,mid,71.99,0.8908,0.9847,0.9568,0.9437,STRONG_UP,8.57,14.81,33.27,-12.74,48.0,17.04,0.6583,LOW,-,72.184,70.9752,68.9919,1,41.7154,TREND_ONLY,13.2339
954,-75,DJCO,DAILY JOURNAL CORP,Information Technology,,small,526.99,0.9465,1.0434,1.014,0.8714,STRONG_UP,13.44,21.99,39.99,-30.41,57.6,42.61,0.558,LOW,-,489.8165,505.9656,491.8571,1,29.72,TREND_ONLY,13.2209
955,-84,HCA,HCA Healthcare,Health Care,Health Care Facilities,large,367.35,0.7491,0.9255,0.8129,0.6079,STRONG_UP,-26.75,-3.46,12.05,-32.51,53.6,28.25,1.3363,MED,EARLY,407.917,446.6746,461.2966,0,-6.5579,WEAK,13.2146
956,-128,J,Jacobs Solutions,Industrials,Construction & Engineering,large,121.94,0.7596,1.0395,0.8845,0.7965,STRONG_UP,-7.45,-2.09,8.93,-34.44,51.2,34.27,0.5658,LOW,PROGRESS,117.2925,123.2471,137.535,0,-3.1261,WEAK,13.189
957,13,WMT,Walmart,Consumer Staples,Consumer Staples Merchandise Retail,large,113.06,0.8847,0.9423,0.8216,0.7989,STRONG_UP,1.98,14.03,74.99,-15.75,51.2,27.0,1.3668,MED,EARLY,125.6748,126.0223,114.7416,0,26.6014,WEAK,13.1884
958,28,TDOC,TELADOC HEALTH INC,Health Care,,small,7.54,0.8286,1.1304,1.075,1.3221,FLAT,1.34,6.8,-31.95,-52.75,45.2,54.08,1.0087,MED,-,6.8725,6.1182,6.8044,1,5.6825,TREND_ONLY,13.1657
959,-183,ASO,ACADEMY SPORTS AND OUTDOORS INC,Consumer Discretionary,,mid,51.38,0.9424,0.9603,0.9382,0.7618,STRONG_UP,4.62,21.47,-8.77,-26.42,51.2,43.48,0.722,LOW,EARLY,52.052,54.4448,52.8197,0,25.2798,WEAK,13.1218
960,65,FELE,FRANKLIN ELECTRIC INC,Industrials,,mid,99.97,0.9045,0.9764,0.9583,0.8886,STRONG_UP,6.71,16.57,4.35,-18.18,49.6,25.05,0.957,LOW,-,98.4921,98.0314,96.7102,1,32.8174,TREND_ONLY,13.1218
961,-5,CLOV,CLOVER HEALTH INVESTMENTS CORP CLA,Health Care,,small,3.73,0.9336,1.0265,1.3305,1.5534,STRONG_DOWN,49.2,20.32,218.8,-55.5,45.6,63.23,0.9136,LOW,-,3.443,2.654,2.597,1,14.6562,TREND_ONLY,13.1117
962,64,SXT,SENSIENT TECHNOLOGIES CORP,Materials,,mid,113.36,0.952,0.9508,0.9394,1.0668,FLAT,19.44,22.7,53.64,-30.7,48.4,58.1,0.7325,LOW,-,115.4668,105.0219,98.5613,1,18.9075,TREND_ONLY,13.1097
963,-143,ELV,Elevance Health,Health Care,Managed Health Care,large,389.03,0.8135,0.9818,0.9888,1.2081,STRONG_DOWN,19.34,4.85,-25.73,-30.6,50.8,27.78,0.4989,LOW,-,389.643,348.994,333.4908,1,8.8674,TREND_ONLY,13.0868
964,-95,RRR,RED ROCK RESORTS ORS CLASS A INC,Consumer Discretionary,,mid,57.36,0.9373,0.9854,1.0492,0.8641,FLAT,0.03,20.81,18.6,-22.06,55.6,31.86,0.964,LOW,SHIFT,54.282,55.0714,58.0171,0,36.3176,WEAK,13.0687
965,20,PODD,Insulet Corporation,Health Care,Health Care Equipment,large,142.43,0.3419,0.9638,0.7856,0.5275,STRONG_UP,-54.18,-55.94,-21.49,-59.63,46.8,49.46,0.8806,LOW,EARLY,152.214,179.9914,267.3803,0,-52.9284,WEAK,13.0595
966,-3,ALKS,ALKERMES,Health Care,,mid,41.32,1.0252,1.0718,1.1431,1.2694,STRONG_DOWN,42.98,32.14,71.74,-22.2,49.2,50.9,0.8928,LOW,-,37.8275,34.9516,31.2854,1,31.066,TREND+LEAD,13.0444
967,37,GEF,GREIF INC CLASS A,Materials,,mid,63.46,0.9135,0.9832,0.9081,0.8034,STRONG_UP,-2.91,17.74,5.28,-19.51,49.2,24.87,0.7003,LOW,EARLY,64.722,66.3144,65.2461,0,35.1005,WEAK,12.9925
968,73,NBHC,NATIONAL BANK HOLDINGS CORP CLASS,Financials,,small,41.87,0.9147,0.9932,0.9402,0.9357,STRONG_UP,13.52,17.89,21.85,-14.41,49.6,19.75,0.8512,LOW,-,41.6091,41.0698,38.8811,1,44.9303,TREND_ONLY,12.9921
969,-47,SBUX,Starbucks,Consumer Discretionary,Restaurants,large,95.51,0.8783,0.9242,0.8651,0.8895,FLAT,13.87,13.2,22.41,-18.53,48.4,31.64,1.2142,MED,-,103.4652,99.0157,90.2718,1,20.1909,TREND_ONLY,12.987
970,-12,CRNX,CRINETICS PHARMACEUTICALS INC,Health Care,,mid,32.61,0.7882,0.8758,0.7473,0.7424,STRONG_UP,-27.93,1.59,-29.54,-42.21,45.2,51.09,0.8109,LOW,EARLY,37.0755,37.6798,41.4977,0,1.4056,WEAK,12.9622
971,57,ALHC,ALIGNMENT HEALTHCARE INC,Health Care,,mid,13.64,0.6899,0.846,0.6695,0.6499,STRONG_UP,-28.51,-11.08,70.71,-44.14,50.8,64.56,1.4903,MED,EARLY,16.5413,18.5881,18.5313,0,-8.7201,WEAK,12.9617
972,-124,CON,CONCENTRA GROUP HOLDINGS PARENT IN,Health Care,,mid,25.09,0.9087,0.9608,1.0487,0.963,FLAT,23.17,17.12,13.86,-21.39,48.8,26.04,0.8364,LOW,-,25.0575,23.2652,21.6962,1,32.0839,TREND_ONLY,12.9512
973,-42,BKV,BKV CORP,Energy,,mid,26.75,0.9245,0.997,0.7877,0.7658,STRONG_UP,-5.21,19.15,48.61,-19.71,53.2,34.91,0.6456,LOW,-,28.2305,28.5228,26.5505,1,29.1886,TREND_ONLY,12.9234
974,-14,MTD,Mettler Toledo,Health Care,Life Sciences Tools & Services,large,1170.0,0.7782,1.0568,0.8774,0.818,STRONG_UP,-20.3,0.3,-16.39,-31.9,48.8,46.04,0.7166,LOW,PROGRESS,1130.8955,1223.476,1324.2541,0,0.3217,WEAK,12.8822
975,72,DEA,EASTERLY GOVERNMENT PROPERTIES INC,Real Estate,,small,23.82,0.9275,0.9761,0.9987,0.9621,FLAT,14.05,19.54,-5.52,-11.2,52.4,19.62,0.7205,LOW,-,23.479,22.7114,21.7335,1,52.1771,TREND_ONLY,12.8498
976,1,BDX,Becton Dickinson,Health Care,Health Care Equipment,large,144.43,0.8549,0.9692,0.9331,0.7624,STRONG_UP,-3.09,10.18,-19.9,-22.73,45.6,25.19,0.7273,LOW,EARLY,146.2405,151.0932,153.3705,0,18.4274,WEAK,12.8468
977,-16,PATK,PATRICK INDUSTRIES INC,Consumer Discretionary,,mid,90.66,0.831,0.9557,1.0119,0.6773,FLAT,-14.4,7.1,23.78,-41.39,44.0,45.43,0.4735,LOW,EARLY,92.0739,99.8551,109.1094,0,6.8793,WEAK,12.8351
978,-12,NX,QUANEX BUILDING PRODUCTS CORP,Industrials,,small,18.39,0.8484,0.9613,0.9371,0.8449,STRONG_UP,41.83,9.35,-40.18,-49.67,50.4,54.29,0.6201,LOW,-,18.5465,18.8798,17.1022,1,8.6795,TREND_ONLY,12.7902
979,4,HON,Honeywell,Industrials,Industrial Conglomerates,large,235.23,0.8726,1.0037,1.0668,0.865,FLAT,24.96,12.46,28.61,-16.03,47.6,24.58,1.1532,MED,-,222.0811,222.3901,210.4515,1,24.1312,TREND_ONLY,12.7641
980,-258,MATW,MATTHEWS INTERNATIONAL CORP CLASS,Consumer Discretionary,,small,26.1,0.9512,0.9487,0.9087,0.9064,STRONG_UP,8.57,22.6,0.07,-15.87,50.0,26.92,0.8359,LOW,-,27.1701,26.772,25.1874,1,41.972,TREND_ONLY,12.7429
981,99,KMI,Kinder Morgan,Energy,Oil & Gas Storage & Transportation,large,31.44,0.8895,0.9641,0.9153,0.8415,STRONG_UP,17.4,14.65,75.89,-11.11,52.8,21.72,0.5115,LOW,-,32.534,32.4067,29.0065,1,35.6092,TREND_ONLY,12.7372
982,0,NKE,"Nike, Inc.",Consumer Discretionary,"Apparel, Accessories & Luxury Goods",large,43.73,0.5589,0.9481,0.9679,0.6768,FLAT,-32.08,-27.96,-51.38,-46.18,45.6,41.64,1.2427,MED,PROGRESS,43.5945,45.0047,59.7203,0,-30.6214,WEAK,12.6919
983,-74,ZBRA,Zebra Technologies,Information Technology,Electronic Equipment & Instruments,large,254.44,0.6761,0.9956,1.075,0.989,FLAT,1.25,-12.86,-17.29,-41.62,49.6,42.56,0.9739,LOW,SHIFT,244.2565,229.2974,257.4199,0,-14.9872,WEAK,12.6856
984,203,BDC,BELDEN INC,Information Technology,,mid,109.43,0.7848,1.0062,0.9238,0.7157,STRONG_UP,-2.98,1.14,15.43,-32.41,51.6,45.46,1.877,HIGH,PROGRESS,107.9675,116.8876,121.3994,0,1.2987,WEAK,12.6536
985,-9,AVA,AVISTA CORP,Utilities,,mid,41.85,0.8906,0.9913,0.9872,0.9445,STRONG_UP,5.39,14.79,26.08,-9.89,53.6,18.67,0.6984,LOW,-,40.8121,40.529,38.6219,1,42.4496,TREND_ONLY,12.6469
986,46,SNA,Snap-on,Industrials,Industrial Machinery & Supplies & Components,large,372.45,0.9248,0.9889,0.9526,0.8796,STRONG_UP,11.5,19.2,,-8.47,50.0,23.87,0.3815,LOW,-,367.9555,369.9991,351.1963,1,40.2106,TREND_ONLY,12.6062
987,35,ZTS,Zoetis,Health Care,Pharmaceuticals,large,76.39,0.3534,0.9496,0.6408,0.5479,STRONG_UP,-39.45,-54.45,-54.49,-55.74,46.4,52.98,,LOW,EARLY,81.9455,103.0871,124.3189,0,-47.6848,WEAK,12.6047
988,82,PECO,PHILLIPS EDISON AND COMPANY INC,Real Estate,,mid,39.33,0.8883,0.9512,0.939,0.9055,STRONG_UP,13.56,14.49,31.77,-8.29,48.0,15.49,0.7296,LOW,-,39.9177,38.9335,36.0171,1,44.8931,TREND_ONLY,12.6032
989,108,PNW,Pinnacle West Capital,Utilities,Multi-Utilities,large,98.82,0.8818,0.9498,0.9174,0.8708,STRONG_UP,12.71,13.65,39.11,-8.43,50.8,17.19,0.493,LOW,-,100.3765,100.7505,92.6274,1,40.3261,TREND_ONLY,12.5998
990,-85,VRNS,VARONIS SYSTEMS INC,Information Technology,,mid,35.88,0.5592,1.1723,1.2374,1.374,STRONG_DOWN,11.22,-27.92,-14.9,-68.11,53.6,51.04,0.7976,LOW,SHIFT,30.0515,26.1032,36.7084,0,-29.3234,WEAK,12.5934
991,258,ARE,Alexandria Real Estate Equities,Real Estate,Office REITs,mid,52.74,0.6207,1.0436,1.2118,0.8994,FLAT,2.38,-20.0,-49.78,-51.61,55.6,49.08,1.8685,HIGH,SHIFT,47.4235,45.9877,56.6588,0,-22.6571,WEAK,12.5703
992,-105,CPRI,CAPRI HOLDINGS LTD,Consumer Discretionary,,mid,18.28,0.8004,0.9885,0.9285,0.8673,STRONG_UP,-27.46,3.16,-46.88,-39.3,47.2,43.33,0.9635,LOW,PROGRESS,18.154,18.8338,21.2749,0,3.4425,WEAK,12.5668
993,-13,BFST,BUSINESS FIRST BANCSHARES INC,Financials,,small,28.15,0.9465,0.9887,0.9899,0.9236,FLAT,8.23,21.99,41.44,-13.49,48.8,22.2,0.984,LOW,-,27.583,27.589,26.113,1,48.3335,TREND_ONLY,12.5466
994,8,GBCI,GLACIER BANCORP INC,Financials,,mid,46.64,0.8903,0.9612,0.9153,0.9344,FLAT,10.04,14.74,34.95,-19.56,52.0,23.62,0.7597,LOW,-,47.49,47.2552,46.0427,1,32.4604,TREND_ONLY,12.5452
995,64,MCK,McKesson Corporation,Health Care,Health Care Distributors,large,736.78,0.8029,0.9634,0.8631,0.6779,STRONG_UP,-13.85,3.48,29.65,-27.17,53.6,25.4,0.8712,LOW,EARLY,751.6193,812.2904,817.2437,0,7.3498,WEAK,12.4991
996,33,SKY,CHAMPION HOMES INC,Consumer Discretionary,,mid,72.78,0.869,0.9701,0.9501,0.7306,STRONG_UP,-14.66,12.0,4.6,-33.07,46.8,46.44,0.5428,LOW,PROGRESS,70.7375,74.5802,79.5426,0,12.0967,WEAK,12.4707
997,-56,NCLH,Norwegian Cruise Line Holdings,Consumer Discretionary,"Hotels, Resorts & Cruise Lines",mid,18.13,0.7695,0.9869,0.9964,0.7726,FLAT,-2.37,-0.82,5.47,-45.1,45.6,56.91,0.5018,LOW,PROGRESS,16.7995,18.283,21.3348,0,-0.6575,WEAK,12.4661
998,-11,AXP,American Express,Financials,Consumer Finance,large,310.97,0.8198,0.983,0.9209,0.9017,STRONG_UP,-13.23,5.66,34.15,-23.9,51.6,21.42,0.5111,LOW,EARLY,313.3635,313.8461,335.7309,0,13.6407,WEAK,12.4441
999,-18,IP,International Paper,Materials,Paper & Plastic Packaging Products & Materials,large,33.83,0.5813,1.031,1.0403,0.7254,FLAT,-11.52,-25.08,-19.31,-45.52,46.4,48.81,0.6326,LOW,SHIFT,31.8371,33.4112,39.5699,0,-23.8463,WEAK,12.4222
1000,50,FMNB,FARMERS NATIONAL BANC CORP,Financials,,small,14.25,0.8764,0.9922,0.9649,0.9808,FLAT,7.2,12.95,,-16.69,54.4,18.87,1.049,MED,-,14.0645,13.8316,13.5495,1,37.3463,TREND_ONLY,12.4031
1001,128,CHEF,CHEFS WAREHOUSE INC,Consumer Staples,,mid,77.68,0.9732,0.9989,0.9415,1.1177,FLAT,30.4,25.43,104.37,-20.49,54.4,46.22,0.4595,LOW,-,78.773,70.2304,64.332,1,29.9329,TREND_ONLY,12.4014
1002,-43,MLM,Martin Marietta Materials,Materials,Construction Materials,large,576.93,0.8249,0.9938,0.9053,0.7867,STRONG_UP,-5.98,6.32,3.55,-24.69,52.8,28.63,0.6132,LOW,PROGRESS,571.021,591.8906,618.0747,0,11.6549,WEAK,12.3842
1003,-115,CRM,Salesforce,Information Technology,Application Software,large,200.84,0.5936,1.1179,1.0236,0.938,STRONG_UP,-13.38,-23.49,-13.99,-39.46,50.0,48.86,1.118,MED,SHIFT,181.0875,181.0981,220.2855,0,-24.0409,WEAK,12.3818
1004,98,GDDY,GoDaddy,Information Technology,Internet Services & Infrastructure,large,88.55,0.3781,1.0014,0.9482,0.8984,STRONG_UP,-30.79,-51.27,-36.88,-56.75,48.0,42.43,1.0009,MED,-,88.5915,85.5958,112.1175,0,-58.0048,WEAK,12.3739
1005,-305,MSFT,Microsoft,Information Technology,Systems Software,large,441.31,0.7455,1.0566,1.0108,0.9818,STRONG_UP,-8.93,-3.92,8.4,-33.91,50.4,29.93,,LOW,SHIFT,420.7448,404.7171,455.7526,0,-6.5961,WEAK,12.3598
1006,68,DGX,Quest Diagnostics,Health Care,Health Care Services,large,193.16,0.8789,0.9838,0.9535,0.8372,STRONG_UP,6.05,13.28,42.18,-11.55,51.2,20.78,0.5218,LOW,-,191.4965,194.0458,187.2242,1,32.7215,TREND_ONLY,12.3565
1007,13,TECH,Bio-Techne,Health Care,Life Sciences Tools & Services,mid,49.77,0.7964,1.0225,0.8611,0.7753,STRONG_UP,-21.69,2.65,-35.4,-39.26,48.4,58.54,0.8613,LOW,PROGRESS,48.0827,52.1276,57.3605,0,2.1887,WEAK,12.3393
1008,-41,META,Meta Platforms,Communication Services,Interactive Media & Services,large,597.63,0.6975,0.9295,0.9255,0.8058,STRONG_UP,-6.59,-10.1,26.01,-33.3,50.0,40.7,1.1009,MED,EARLY,612.2725,618.4868,664.0238,0,-12.4085,WEAK,12.2979
1009,58,OKE,Oneok,Energy,Oil & Gas Storage & Transportation,large,86.72,0.8529,0.9713,0.9045,0.9314,FLAT,20.74,9.92,20.38,-21.02,54.4,29.41,0.3374,LOW,-,89.2045,88.0826,76.8215,1,18.3504,TREND_ONLY,12.2956
1010,44,EE,EXCELERATE ENERGY INC CLASS A,Energy,,mid,32.74,0.862,0.9384,0.9022,0.7688,STRONG_UP,18.0,11.09,88.7,-27.46,50.8,39.37,0.6262,LOW,-,34.876,34.2096,30.7153,1,14.3141,TREND_ONLY,12.2879
1011,112,PFSI,PENNYMAC FINANCIAL SERVICES INC,Financials,,mid,84.04,0.6925,0.9501,0.8869,0.8367,STRONG_UP,-36.9,-10.74,-5.28,-47.92,50.0,30.3,1.1228,MED,EARLY,86.5199,88.3352,110.6959,0,-17.7285,WEAK,12.2873
1012,21,SOLV,Solventum,Health Care,Health Care Technology,large,76.43,0.7986,0.995,1.0713,0.9766,FLAT,-10.67,2.92,33.97,-27.46,50.4,25.83,0.814,LOW,-,74.663,69.8084,73.9966,1,5.7018,TREND_ONLY,12.276
1013,-23,SR,SPIRE INC,Utilities,,mid,82.08,0.8814,0.9468,0.8587,0.8101,STRONG_UP,-3.59,13.6,45.87,-15.2,55.6,20.34,0.7819,LOW,EARLY,85.549,89.1352,84.4983,0,37.181,WEAK,12.2459
1014,58,STKL,SUNOPTA INC,Consumer Staples,,small,6.5,0.8419,0.988,0.9482,0.9136,STRONG_UP,23.57,8.51,7.62,-50.22,42.06,65.13,0.0,LOW,-,6.4895,6.4751,5.5372,1,5.4983,TREND_ONLY,12.2385
1015,72,AFL,Aflac,Financials,Life & Health Insurance,large,113.63,0.8652,0.9775,0.9527,0.9134,STRONG_UP,4.82,11.52,33.22,-9.11,50.8,15.82,0.7104,LOW,-,115.0379,112.8234,109.7781,1,36.9771,TREND_ONLY,12.2341
1016,-91,RELY,REMITLY GLOBAL INC,Financials,,mid,20.07,0.7429,0.9856,0.7978,1.0394,FLAT,51.7,-4.25,54.74,-43.36,48.0,46.09,0.8398,LOW,-,22.0375,19.9346,16.5015,1,-4.4221,TREND_ONLY,12.2279
1017,46,CVBF,CVB FINANCIAL CORP,Financials,,mid,20.44,0.8897,0.9856,0.9579,0.9532,STRONG_UP,5.54,14.67,36.31,-13.91,48.8,21.02,0.4525,LOW,-,20.205,20.0713,19.3618,1,34.051,TREND_ONLY,12.1769
1018,-180,EVLV,EVOLV TECHNOLOGIES HOLDINGS INC CL,Information Technology,,small,6.73,0.9511,1.0538,0.891,1.1466,FLAT,9.43,22.59,152.06,-44.06,50.8,55.78,0.7466,LOW,-,6.4225,6.3766,6.7513,0,20.57,WEAK,12.1719
1019,5,CTSH,Cognizant,Information Technology,IT Consulting & Other Services,large,55.14,0.5439,1.0248,1.0122,0.7671,STRONG_UP,-27.92,-29.9,-13.1,-46.71,50.4,38.02,1.2661,MED,PROGRESS,51.2689,55.556,68.0051,0,-39.635,WEAK,12.1414
1020,146,ES,Eversource Energy,Utilities,Electric Utilities,large,68.51,0.8519,0.9723,0.9437,0.8367,STRONG_UP,6.45,9.8,25.88,-15.13,56.0,22.76,0.8968,LOW,-,68.0685,68.0597,67.6402,1,24.1225,TREND_ONLY,12.1281
1021,15,OSW,ONESPAWORLD HOLDINGS LTD,Consumer Discretionary,,mid,23.84,0.9735,0.9634,0.9618,1.0342,FLAT,19.5,25.47,49.38,-16.73,52.0,38.77,0.4485,LOW,-,24.0013,23.8404,21.7962,1,34.1575,TREND_ONLY,12.1251
1022,-21,VRDN,VIRIDIAN THERAPEUTICS ORS INC,Health Care,,small,15.87,0.8521,0.9084,1.067,0.4698,FLAT,-49.54,9.83,32.25,-60.63,48.4,117.51,0.7175,LOW,-,17.1015,17.1294,24.2942,0,4.0475,WEAK,12.1129
1023,94,DOC,Healthpeak Properties,Real Estate,Health Care REITs,large,19.45,0.9435,0.9671,1.1346,1.0084,FLAT,10.79,21.6,11.39,-17.09,49.6,42.52,0.6701,LOW,-,19.3618,17.6282,17.1275,1,25.1998,TREND_ONLY,12.1125
1024,-97,BRSL,BRIGHTSTAR LOTTERY PLC,Consumer Discretionary,,mid,11.33,0.7729,1.0279,0.8834,0.7804,STRONG_UP,-24.77,-0.38,-24.25,-40.22,49.6,35.33,0.8337,LOW,PROGRESS,11.3071,12.0124,14.1163,0,-0.5393,WEAK,12.1073
1025,33,GEO,GEO GROUP INC,Industrials,,mid,23.38,0.6736,1.0194,1.1895,1.3974,STRONG_DOWN,44.95,-13.18,56.18,-50.82,48.4,57.16,0.7027,LOW,-,22.4335,19.7572,17.9319,1,-11.1621,TREND_ONLY,12.1004
1026,-35,LEN,Lennar,Consumer Discretionary,Homebuilding,large,90.9,0.6735,0.9874,1.0186,0.7716,FLAT,-29.52,-13.19,-39.62,-41.39,48.8,36.21,0.5999,LOW,SHIFT,87.547,88.8486,110.9433,0,-17.777,WEAK,12.0923
1027,28,CNXN,PC CONNECTION INC,Information Technology,,small,72.22,0.8699,1.065,1.0592,1.051,STRONG_UP,24.85,12.12,7.7,-17.13,51.2,24.85,2.2371,HIGH,-,66.0896,63.5148,60.9898,1,24.9628,TREND_ONLY,12.0769
1028,-184,XNCR,XENCOR INC,Health Care,,small,11.21,0.9516,0.945,0.7932,0.7915,STRONG_UP,-32.1,22.65,-53.21,-42.61,45.2,61.2,0.7045,LOW,-,11.866,12.1846,12.6229,0,16.7267,WEAK,12.0689
1029,70,CNP,CenterPoint Energy,Utilities,Multi-Utilities,large,41.73,0.8842,0.9573,0.9156,0.8574,STRONG_UP,7.82,13.97,42.56,-6.67,54.0,18.53,0.5961,LOW,-,42.1475,42.4811,39.9169,1,40.7034,TREND_ONLY,12.0641
1030,-36,BKE,BUCKLE INC,Consumer Discretionary,,mid,44.15,0.8666,0.8766,0.7846,0.7543,STRONG_UP,-17.0,11.69,35.32,-23.5,51.2,34.87,1.084,MED,EARLY,49.181,51.5183,51.9875,0,17.17,WEAK,12.0428
1031,64,KO,Coca-Cola Company (The),Consumer Staples,Soft Drinks & Non-alcoholic Beverages,large,78.41,0.8797,0.9491,0.9479,0.9093,STRONG_UP,9.73,13.38,32.05,-7.89,48.0,16.82,0.8328,LOW,-,80.0325,77.8344,72.4688,1,38.1903,TREND_ONLY,11.9948
1032,-83,CBRE,CBRE Group,Real Estate,Real Estate Services,large,127.86,0.794,0.9706,0.863,0.8115,STRONG_UP,-19.76,2.34,47.66,-27.37,50.8,27.77,0.8527,LOW,EARLY,134.4835,139.0672,152.6104,0,4.2753,WEAK,11.9884
1033,-24,FTDR,FRONTDOOR INC,Consumer Discretionary,,mid,61.93,0.8454,0.9874,0.9171,0.8204,STRONG_UP,16.02,8.95,74.45,-29.23,52.0,46.9,0.8663,LOW,-,63.024,60.6818,60.4373,1,9.9287,TREND_ONLY,11.9795
1034,-52,WSBC,WESBANCO INC,Financials,,mid,34.57,0.9098,0.9871,0.9631,0.8966,STRONG_UP,8.02,17.26,40.49,-12.9,50.0,25.13,0.8535,LOW,-,34.05,34.5158,33.1349,1,34.333,TREND_ONLY,11.9751
1035,42,ADMA,ADMA BIOLOGICS INC,Health Care,,mid,7.6,0.2882,0.9481,0.6968,0.4133,STRONG_UP,-60.78,-62.85,-22.53,-65.25,46.4,77.81,0.3899,LOW,EARLY,8.414,9.5314,14.8656,0,-37.4816,WEAK,11.9621
1036,78,AEE,Ameren,Utilities,Multi-Utilities,large,106.78,0.8759,0.9494,0.8981,0.8533,STRONG_UP,5.13,12.89,53.76,-8.07,54.8,18.98,0.8433,LOW,-,109.036,110.2776,104.447,1,37.2236,TREND_ONLY,11.9451
1037,20,VMC,Vulcan Materials Company,Materials,Construction Materials,large,281.84,0.8314,1.0102,0.9278,0.8599,STRONG_UP,-3.05,7.15,13.43,-22.05,55.6,27.92,0.8362,LOW,SHIFT,275.5843,281.0254,290.6305,0,14.2431,WEAK,11.9279
1038,-163,CDNA,CAREDX INC,Health Care,,small,22.07,0.9819,0.984,0.9953,1.0416,STRONG_DOWN,28.46,26.55,65.19,-43.92,51.6,71.34,0.7684,LOW,-,21.4245,19.9996,17.7054,1,19.2022,TREND_ONLY,11.922
1039,12,BOOT,BOOT BARN HOLDINGS INC,Consumer Discretionary,,mid,171.89,0.8253,1.0271,0.9691,0.839,STRONG_UP,-11.91,6.37,39.58,-35.01,48.8,50.87,0.71,LOW,SHIFT,157.1835,157.7692,177.2249,0,6.1148,WEAK,11.9155
1040,-19,APPN,APPIAN CORP CLASS A,Information Technology,,small,26.69,0.6504,1.2186,1.1173,0.8952,STRONG_UP,-33.31,-16.17,-7.17,-58.98,49.2,66.06,2.1914,HIGH,-,21.9985,22.3449,29.3574,0,-12.0465,WEAK,11.8954
1041,43,DLR,Digital Realty,Real Estate,Data Center REITs,large,187.26,0.8606,0.9651,0.8917,0.9287,FLAT,21.52,10.93,38.94,-16.83,50.4,22.4,0.535,LOW,-,192.1715,190.8694,171.758,1,24.5823,TREND_ONLY,11.8765
1042,101,NIC,NICOLET BANKSHARES INC,Financials,,mid,137.51,0.8957,0.9756,0.8988,0.8029,STRONG_UP,9.5,15.45,77.49,-17.88,50.4,29.58,0.8416,LOW,-,141.6508,146.4148,137.1198,1,26.3232,TREND_ONLY,11.875
1043,-106,DXCM,Dexcom,Health Care,Health Care Equipment,large,73.45,0.6566,1.0329,1.1564,0.9063,FLAT,15.63,-15.37,-36.26,-38.75,49.6,40.22,0.7106,LOW,-,66.2,64.1956,67.7712,1,-18.9551,TREND_ONLY,11.8291
1044,-163,SBRA,SABRA HEALTH CARE REIT INC,Real Estate,,mid,18.57,0.8763,0.8972,0.8703,0.8368,STRONG_UP,-0.83,12.94,45.48,-12.18,52.8,20.79,1.0881,MED,EARLY,20.3974,20.0351,18.8322,0,32.8691,WEAK,11.8076
1045,-189,RVTY,Revvity,Health Care,Health Care Equipment,mid,100.39,0.8581,1.0248,1.0969,0.9176,FLAT,-1.86,10.6,-7.23,-30.09,51.2,43.64,0.9097,LOW,-,97.6815,92.2792,94.8133,1,12.4351,TREND_ONLY,11.7616
1046,-112,GPN,Global Payments,Financials,Transaction & Payment Processing Services,large,74.03,0.7674,0.9957,0.9746,0.8613,STRONG_UP,-2.28,-1.09,-23.6,-29.7,47.2,36.52,0.7465,LOW,SHIFT,70.8325,69.551,76.7596,0,-1.4066,WEAK,11.7597
1047,-7,PD,PAGERDUTY INC,Information Technology,,small,10.14,0.5273,1.3934,1.2918,1.197,STRONG_UP,-14.21,-32.04,-46.32,-66.63,42.4,94.83,1.0584,MED,-,7.5215,6.8866,11.4117,0,-14.3245,WEAK,11.7569
1048,-33,CIM,CHIMERA INVESTMENT CORP,Financials,,small,13.54,0.8873,0.9902,0.939,0.9165,STRONG_UP,12.51,14.36,42.76,-18.18,51.6,21.72,0.8814,LOW,-,13.4105,13.2477,12.5718,1,34.1047,TREND_ONLY,11.7273
1049,-15,PPG,PPG Industries,Materials,Specialty Chemicals,large,113.64,0.8128,0.9947,1.0388,0.8742,FLAT,15.2,4.76,-9.31,-25.68,50.4,38.92,0.7671,LOW,-,108.0066,107.4637,106.3104,1,6.1599,TREND_ONLY,11.7243
1050,46,REG,Regency Centers,Real Estate,Retail REITs,large,76.03,0.8586,0.9515,0.9126,0.8676,STRONG_UP,9.59,10.67,32.93,-8.17,49.2,14.53,0.5087,LOW,-,77.6985,77.8492,72.6073,1,36.1208,TREND_ONLY,11.7241
1051,32,HTO,H2O AMERICA,Utilities,,mid,57.65,0.8785,0.9822,0.958,0.9025,STRONG_UP,25.02,13.23,13.43,-16.72,50.8,24.75,0.7348,LOW,-,57.1009,57.6809,51.5981,1,27.1462,TREND_ONLY,11.7055
1052,-128,PGNY,PROGYNY INC,Health Care,,small,25.12,0.8867,0.974,1.2557,1.2702,STRONG_DOWN,-0.59,14.29,-9.8,-42.65,52.4,57.79,1.1988,MED,-,23.6575,20.0502,21.9109,1,12.9533,TREND_ONLY,11.7018
1053,-18,KNTK,KINETIK HOLDINGS INC CLASS A,Energy,,mid,45.55,0.8258,0.9494,0.8494,0.9139,FLAT,34.06,6.43,30.73,-30.3,51.6,28.14,0.5577,LOW,-,48.8,47.714,40.4544,1,11.7978,TREND_ONLY,11.6922
1054,50,SILA,SILA RLTY TR INC TRUST,Real Estate,,small,30.23,1.018,0.987,0.9515,1.1103,FLAT,32.01,31.21,51.14,-14.11,48.8,40.34,0.755,LOW,-,30.1899,27.7454,24.4879,1,37.7494,TREND+LEAD,11.6862
1055,34,MIR,MIRION TECHNOLOGIES INC CLASS A,Information Technology,,mid,18.04,0.7211,1.0509,0.8459,0.7513,STRONG_UP,-28.3,-7.06,73.96,-42.99,50.4,50.16,0.9273,LOW,EARLY,18.451,18.8874,22.4484,0,-7.092,WEAK,11.6589
1056,34,FISV,Fiserv,Financials,Transaction & Payment Processing Services,large,56.46,0.2702,1.0029,0.8497,0.8113,STRONG_UP,-9.94,-65.17,-61.97,-70.17,50.6,37.33,1.308,MED,PROGRESS,55.8645,57.8236,80.0789,0,-88.3389,WEAK,11.6455
1057,-145,BSX,Boston Scientific,Health Care,Health Care Equipment,large,47.68,0.3588,0.9336,0.7928,0.594,STRONG_UP,-52.8,-53.75,-36.85,-55.91,46.4,46.73,0.8419,LOW,EARLY,53.7375,59.221,84.6671,0,-53.374,WEAK,11.6444
1058,0,FUL,HB FULLER,Materials,,mid,62.61,0.8908,0.9987,1.0143,0.8785,FLAT,7.92,14.81,-17.92,-26.97,49.6,44.77,0.616,LOW,-,60.158,60.4165,59.9259,1,16.4044,TREND_ONLY,11.6344
1059,-56,OCUL,OCULAR THERAPEUTIX INC,Health Care,,small,8.31,0.774,0.9614,0.804,0.6771,STRONG_UP,-29.04,-0.24,50.82,-57.29,46.4,63.97,0.892,LOW,-,8.9085,8.8668,10.7238,0,-0.1741,WEAK,11.5976
1060,11,PJT,PJT PARTNERS INC CLASS A,Financials,,mid,156.78,0.8065,1.0038,0.9768,0.9484,STRONG_UP,-5.51,3.94,46.63,-32.47,54.4,27.45,0.6493,LOW,SHIFT,154.866,151.3664,164.4294,0,7.8157,WEAK,11.5775
1061,-23,TFIN,TRIUMPH FINANCIAL INC,Financials,,small,72.16,0.9593,1.016,1.0385,1.0551,STRONG_DOWN,29.81,23.65,-1.5,-28.76,50.4,36.63,0.5612,LOW,-,66.859,64.4304,60.3352,1,32.5355,TREND_ONLY,11.5719
1062,69,FIHL,FIDELIS INSURANCE HOLDINGS LTD,Financials,,small,21.84,0.9947,0.9527,0.9734,1.0299,STRONG_DOWN,16.57,28.21,41.87,-15.99,53.41,39.05,1.1826,MED,-,21.9255,20.7708,18.9139,1,38.5802,TREND_ONLY,11.561
1063,48,TTWO,Take-Two Interactive,Communication Services,Interactive Home Entertainment,large,222.38,0.7513,1.0057,0.9335,0.9271,STRONG_UP,-10.81,-3.17,35.9,-27.68,49.2,31.28,1.3114,MED,-,228.0715,214.5806,231.6963,0,-4.9793,WEAK,11.5555
1064,41,HROW,HARROW INC,Health Care,,small,32.86,0.869,0.943,0.7727,0.7537,STRONG_UP,-17.4,12.0,92.95,-47.03,50.8,65.17,0.712,LOW,-,34.0795,36.268,41.2903,0,9.3519,WEAK,11.5491
1065,-193,ANIP,ANI PHARMACEUTICALS INC,Health Care,,small,74.65,0.9393,0.9021,0.8572,0.8774,FLAT,-11.63,21.07,17.67,-28.66,48.8,31.78,,LOW,-,80.622,78.8894,83.6923,0,32.3498,WEAK,11.4968
1066,-59,TMDX,TRANSMEDICS GROUP INC,Health Care,,mid,68.45,0.4125,0.9641,0.6665,0.417,STRONG_UP,-54.49,-46.83,-48.78,-58.76,46.8,70.77,0.9717,LOW,EARLY,68.9057,91.6358,117.7807,0,-30.9691,WEAK,11.4434
1067,58,TDS,TELEPHONE AND DATA SYSTEMS INC,Communication,,mid,40.11,0.9017,1.0035,0.8431,0.8006,STRONG_UP,1.69,16.21,79.85,-18.27,52.0,29.97,0.7991,LOW,EARLY,41.771,43.417,41.4011,0,28.1258,WEAK,11.4219
1068,20,TR,TOOTSIE ROLL INDUSTRIES INC,Consumer Staples,,mid,37.42,0.8495,0.9783,0.846,0.8042,STRONG_UP,2.61,9.49,38.14,-20.03,54.0,26.77,1.0818,MED,EARLY,40.0615,41.6142,39.172,0,19.1358,WEAK,11.4141
1069,-39,FRME,FIRST MERCHANTS CORP,Financials,,mid,40.15,0.8568,0.986,0.9484,0.9355,STRONG_UP,10.09,10.43,33.03,-15.73,50.4,19.57,,LOW,-,40.0845,39.9464,38.4222,1,26.8497,TREND_ONLY,11.3712
1070,-17,LDOS,Leidos,Industrials,Diversified Support Services,large,126.82,0.6876,0.9593,0.8056,0.6472,STRONG_UP,-32.37,-11.38,-11.06,-38.05,51.2,28.56,0.9377,LOW,EARLY,127.9925,143.7158,174.4319,0,-20.4044,WEAK,11.345
1071,-54,ORIC,ORIC PHARMACEUTICALS INC,Health Care,,small,7.62,0.7038,0.8775,0.748,0.5074,STRONG_UP,-31.66,-9.29,-13.21,-48.13,45.6,115.62,2.1102,HIGH,-,8.5575,9.6363,10.8132,0,-3.6622,WEAK,11.3437
1072,-212,XPEL,XPEL INC,Consumer Discretionary,,small,44.74,0.9357,0.9294,0.8826,0.9143,FLAT,-4.81,20.59,16.24,-31.79,51.6,45.91,0.609,LOW,-,44.125,44.6402,43.3606,1,23.1453,TREND_ONLY,11.3269
1073,40,HBAN,Huntington Bancshares,Financials,Regional Banks,large,16.23,0.8219,1.0003,0.9494,0.8763,STRONG_UP,-0.0,5.94,28.7,-21.26,52.0,24.46,0.8234,LOW,SHIFT,15.934,16.106,16.5346,0,12.6186,WEAK,11.3143
1074,53,TPB,TURNING POINT BRANDS INC,Consumer Staples,,small,82.45,0.8646,0.9052,0.9544,0.7608,FLAT,-16.65,11.43,156.45,-50.58,54.8,67.91,0.3324,LOW,-,88.5155,83.4908,98.9382,0,9.2262,WEAK,11.2995
1075,26,LGIH,LGI HOMES INC,Consumer Discretionary,,small,49.82,0.7767,0.9932,1.0493,0.9212,FLAT,-4.8,0.1,-49.16,-49.25,42.4,63.55,1.287,MED,-,45.892,43.4348,49.0735,1,0.067,TREND_ONLY,11.2878
1076,31,CMG,Chipotle Mexican Grill,Consumer Discretionary,Restaurants,large,29.26,0.4534,0.8843,0.8649,0.717,STRONG_UP,-14.54,-41.56,-52.45,-49.76,44.8,34.06,1.5335,HIGH,EARLY,32.339,33.1058,36.5492,0,-54.6673,WEAK,11.2775
1077,-13,ESQ,ESQUIRE FINANCIAL HOLDINGS INC,Financials,,small,109.89,0.9509,0.9867,0.9854,0.9639,STRONG_UP,8.01,22.56,142.78,-15.42,52.4,34.67,0.775,LOW,-,108.3772,109.1047,104.1983,1,34.0896,TREND_ONLY,11.2645
1078,-59,BLK,BlackRock,Financials,Asset Management & Custody Banks,large,1018.96,0.8216,0.9406,0.9154,0.8785,STRONG_UP,-0.99,5.89,36.87,-22.45,51.2,30.14,0.9196,LOW,EARLY,1066.01,1033.5236,1069.4978,0,10.0025,WEAK,11.2644
1079,-90,OMC,Omnicom Group,Communication Services,Advertising,large,75.22,0.8488,0.9929,0.9323,0.7965,STRONG_UP,6.54,9.4,-10.78,-17.85,50.8,24.94,0.5932,LOW,PROGRESS,74.4585,75.5496,75.857,0,19.1512,WEAK,11.2643
1080,36,KKR,KKR & Co.,Financials,Asset Management & Custody Banks,large,94.45,0.6123,0.982,0.8657,0.9073,FLAT,-22.41,-21.08,-7.32,-44.62,48.0,35.22,0.503,LOW,EARLY,96.923,96.9147,115.067,0,-28.7351,WEAK,11.247
1081,-88,TNC,TENNANT,Industrials,,small,85.83,0.9091,0.9794,0.9936,1.233,STRONG_DOWN,19.38,17.17,-11.88,-27.71,53.6,29.0,0.575,LOW,-,84.1207,78.7919,76.4566,1,31.726,TREND_ONLY,11.2427
1082,86,NSSC,NAPCO SECURITY TECHNOLOGIES INC,Information Technology,,small,36.2,0.9963,0.9891,0.8639,0.75,STRONG_UP,-3.61,28.4,-24.72,-25.06,50.4,48.97,0.602,LOW,-,37.8665,40.9472,41.145,0,29.2328,WEAK,11.2286
1083,-67,WK,WORKIVA INC CLASS A,Information Technology,,mid,51.94,0.5857,1.0801,0.8678,0.7557,STRONG_UP,-42.75,-24.51,-31.57,-52.51,47.2,49.43,0.8309,LOW,PROGRESS,49.362,53.7928,73.7437,0,-23.4003,WEAK,11.2022
1084,40,ARVN,ARVINAS INC,Health Care,,small,8.0,0.8867,0.8931,0.7015,0.523,STRONG_UP,-32.26,14.29,-71.32,-42.15,46.0,53.02,0.9457,LOW,-,9.278,10.116,10.6652,0,12.3942,WEAK,11.1834
1085,-74,CCI,Crown Castle,Real Estate,Telecom Tower REITs,large,89.92,0.7316,0.9777,0.9426,0.8985,STRONG_UP,4.09,-5.71,-2.88,-30.0,52.4,28.65,0.7999,LOW,-,90.5095,87.014,88.8279,1,-10.4412,TREND_ONLY,11.1716
1086,-11,TRNS,TRANSCAT INC,Industrials,,small,90.56,0.8175,1.114,1.2131,1.0242,FLAT,65.2,5.36,-27.95,-42.92,48.4,50.24,1.0224,MED,-,77.1125,76.8128,70.6921,1,5.1671,TREND_ONLY,11.1229
1087,-119,FIVN,FIVE9 INC,Information Technology,,small,25.03,0.7003,1.107,1.0137,1.2586,FLAT,26.03,-9.74,-46.38,-53.96,47.2,81.37,1.1937,MED,-,22.5225,18.5607,20.3881,1,-5.648,TREND_ONLY,11.0955
1088,86,NBBK,NB BANCORP INC,Financials,,small,20.02,0.9343,0.9855,0.9567,0.837,STRONG_UP,1.17,20.42,35.89,-15.37,50.0,30.61,0.7339,LOW,-,19.91,20.6001,19.7798,1,33.3548,TREND_ONLY,11.094
1089,32,COR,Cencora,Health Care,Health Care Distributors,large,264.84,0.7101,0.98,0.8263,0.6485,STRONG_UP,-26.16,-8.48,16.76,-32.44,52.8,41.61,0.6238,LOW,EARLY,265.1592,295.6089,324.6286,0,-10.7549,WEAK,11.0872
1090,-176,TNDM,TANDEM DIABETES CARE INC,Health Care,,small,18.6,0.6995,1.24,0.8849,0.7147,STRONG_UP,-9.31,-9.84,-64.22,-54.92,46.0,81.44,0.5582,LOW,-,15.8047,18.5439,18.1964,1,-5.558,TREND_ONLY,11.0637
1091,-10,HAE,HAEMONETICS CORP,Health Care,,mid,66.37,0.7392,0.9764,1.1341,0.9232,FLAT,-18.02,-4.72,-21.92,-40.06,52.0,38.9,0.8443,LOW,-,59.9005,59.1152,62.5959,1,-6.3134,TREND_ONLY,11.0308
1092,18,VRSK,Verisk Analytics,Industrials,Research & Consulting Services,large,179.1,0.4411,1.0318,0.9475,0.7492,STRONG_UP,-19.68,-43.15,-28.45,-50.81,46.0,37.5,1.207,MED,SHIFT,171.1635,176.8626,212.6864,0,-52.9346,WEAK,11.0245
1093,-31,COF,Capital One,Financials,Consumer Finance,large,183.84,0.7399,0.9621,0.919,0.8481,STRONG_UP,-15.9,-4.64,37.94,-31.47,55.2,27.35,0.6662,LOW,EARLY,186.4364,188.8443,209.9483,0,-9.3711,WEAK,11.0225
1094,87,CRK,COMSTOCK RESOURCES INC,Energy,,mid,13.45,0.4381,1.0044,0.7155,0.5729,STRONG_UP,-49.23,-43.53,14.66,-57.12,47.6,55.81,1.3568,MED,EARLY,14.386,16.9108,19.6729,0,-37.1306,WEAK,11.0117
1095,-96,BBUC,BROOKFIELD BUSINESS CORP CLASS A,Industrials,,mid,33.18,0.8957,0.9887,0.9245,0.8606,STRONG_UP,-5.09,15.44,67.15,-21.01,54.8,39.34,0.7023,LOW,PROGRESS,33.0743,33.2085,34.2276,0,21.5057,WEAK,10.9925
1096,4,MTH,MERITAGE CORP,Consumer Discretionary,,mid,68.12,0.844,1.0125,1.0213,0.8642,FLAT,-5.35,8.78,-19.64,-27.68,47.6,38.55,1.1259,MED,SHIFT,64.0065,64.6618,69.4025,0,10.8404,WEAK,10.9832
1097,18,RAMP,LIVERAMP HOLDINGS INC,Information Technology,,small,37.58,0.8919,0.9851,1.172,1.1795,STRONG_DOWN,31.08,14.96,20.6,-34.44,52.8,63.26,1.5833,HIGH,-,33.994,30.238,28.1955,1,12.4853,TREND_ONLY,10.9702
1098,-5,NUVL,NUVALENT INC CLASS A,Health Care,,mid,91.35,0.9066,0.8405,0.8415,0.8004,FLAT,-14.16,16.85,32.47,-18.43,50.8,44.32,2.6951,HIGH,EARLY,102.768,102.7584,97.4376,0,19.3087,WEAK,10.9627
1099,-7,OTTR,OTTER TAIL CORP,Utilities,,mid,85.8,0.8809,0.9628,0.9011,0.8702,STRONG_UP,7.18,13.53,0.36,-12.7,51.6,24.09,0.9185,LOW,-,87.4541,87.5949,83.6398,1,28.9893,TREND_ONLY,10.9602
1100,-22,JBTM,JBT MAREL CORP,Industrials,,mid,129.76,0.8635,0.9535,1.0542,0.7545,FLAT,-7.21,11.29,37.86,-31.46,46.4,47.39,0.3731,LOW,-,131.1039,128.9048,141.1885,0,11.057,WEAK,10.9427
1101,-95,WWW,WOLVERINE WORLD WIDE INC,Consumer Discretionary,,small,16.96,0.8003,0.9393,0.9764,0.8653,FLAT,0.82,3.14,29.31,-54.62,48.0,41.16,0.7047,LOW,-,16.425,16.7711,20.0916,0,3.6649,WEAK,10.9346
1102,-41,ORC,ORCHID ISLAND CAPITAL INC,Financials,,small,6.74,0.9212,0.9778,0.9328,0.8582,STRONG_UP,3.07,18.73,15.86,-15.79,47.6,27.87,0.7243,LOW,-,6.7917,6.8167,6.7001,1,31.9848,TREND_ONLY,10.8953
1103,3,ACN,Accenture,Information Technology,IT Consulting & Other Services,large,186.22,0.468,1.0432,0.9773,0.8044,STRONG_UP,-27.05,-39.68,-31.82,-49.58,47.2,41.43,0.6817,LOW,SHIFT,177.054,184.4764,229.7288,0,-45.2073,WEAK,10.8934
1104,-31,LMAT,LEMAITRE VASCULAR INC,Health Care,,mid,91.62,0.8658,0.9457,0.7785,0.7782,STRONG_UP,11.18,11.59,18.7,-21.93,52.4,31.07,0.9613,LOW,EARLY,99.8192,106.6694,94.0343,0,19.545,WEAK,10.8525
1105,-39,DHR,Danaher Corporation,Health Care,Life Sciences Tools & Services,large,176.11,0.7163,1.005,0.9565,0.7754,STRONG_UP,-21.15,-7.67,-31.84,-32.97,50.0,29.38,0.5269,LOW,PROGRESS,171.708,181.2857,205.2401,0,-13.0579,WEAK,10.8412
1106,24,SYY,Sysco,Consumer Staples,Food Distributors,large,74.1,0.8033,0.9733,0.9663,0.7664,STRONG_UP,-0.92,3.53,7.07,-23.98,49.2,37.03,0.7691,LOW,EARLY,74.17,74.7604,77.637,0,4.6928,WEAK,10.833
1107,-51,EW,Edwards Lifesciences,Health Care,Health Care Equipment,large,87.66,0.8751,1.0011,0.9944,0.9253,STRONG_UP,2.8,12.79,-0.23,-12.73,49.2,28.73,0.7517,LOW,-,83.432,81.9598,81.6047,1,21.902,TREND_ONLY,10.814
1108,-85,BA,Boeing,Industrials,Aerospace & Defense,large,217.7,0.7914,0.9589,0.9299,0.8615,STRONG_UP,16.75,2.0,17.95,-24.96,49.6,38.02,0.9725,LOW,EARLY,226.483,220.1726,219.3866,0,2.61,WEAK,10.809
1109,-57,BLDR,Builders FirstSource,Industrials,Building Products,mid,75.37,0.5307,0.9612,0.966,0.7063,FLAT,-33.41,-31.61,-50.45,-55.51,38.4,49.4,0.516,LOW,PROGRESS,74.3515,80.2832,107.2583,0,-24.5684,WEAK,10.7972
1110,-24,DORM,DORMAN PRODUCTS INC,Consumer Discretionary,,mid,125.83,0.7653,1.0055,1.073,0.9744,FLAT,-3.77,-1.36,37.14,-39.58,46.8,35.38,0.7049,LOW,SHIFT,120.3715,112.7506,129.4149,0,-1.8042,WEAK,10.7781
1111,-63,QLYS,QUALYS INC,Information Technology,,mid,113.42,0.6173,1.1397,1.1592,1.0402,FLAT,-20.77,-20.44,-16.4,-50.46,48.0,54.7,0.6879,LOW,SHIFT,97.835,91.0588,118.85,0,-17.9368,WEAK,10.754
1112,106,PRU,Prudential Financial,Financials,Life & Health Insurance,large,102.72,0.8047,1.0,1.0079,0.9481,FLAT,-2.48,3.71,-5.18,-21.46,54.4,22.72,0.5903,LOW,-,100.8492,97.7642,101.5585,1,8.8927,TREND_ONLY,10.7293
1113,-268,FRSH,FRESHWORKS INC CLASS A,Information Technology,,mid,10.16,0.5056,1.1178,1.0695,1.079,FLAT,-14.26,-34.83,-20.25,-56.87,46.0,48.15,1.1032,MED,SHIFT,9.086,8.579,10.5391,0,-33.2748,WEAK,10.7267
1114,22,SERV,SERVE ROBOTICS INC,Consumer Discretionary,,small,9.07,0.6093,1.0137,0.917,0.8291,STRONG_UP,-6.78,-21.47,223.93,-56.28,45.6,67.9,1.5391,HIGH,-,8.858,8.945,10.855,0,-14.42,WEAK,10.7163
1115,34,PTC,PTC Inc.,Information Technology,Application Software,large,142.34,0.6569,0.9886,0.9737,0.7857,STRONG_UP,-18.61,-15.33,-18.25,-38.37,49.6,31.19,0.8841,LOW,-,143.2345,141.0876,171.2925,0,-24.3854,WEAK,10.715
1116,57,TT,Trane Technologies,Industrials,Building Products,large,458.92,0.8285,0.9907,0.8917,0.9298,FLAT,12.16,6.78,45.15,-20.16,51.6,30.74,0.9616,LOW,-,462.695,458.6736,427.363,1,11.3785,TREND_ONLY,10.6945
1117,61,PRK,PARK NATIONAL CORP,Financials,,mid,171.98,0.8535,1.0007,0.9547,0.933,STRONG_UP,12.88,10.0,34.7,-15.31,50.8,21.69,0.9526,LOW,-,169.6377,168.3004,161.4899,1,23.4209,TREND_ONLY,10.6427
1118,0,SCSC,SCANSOURCE INC,Information Technology,,small,48.08,0.9017,1.0461,1.1013,1.1355,STRONG_DOWN,16.81,16.22,0.15,-24.52,52.4,33.11,1.4076,MED,-,44.0305,40.7276,40.8093,1,25.669,TREND_ONLY,10.6267
1119,-269,CLB,CORE LABORATORIES INC,Energy,,small,13.6,0.9226,0.9584,0.9336,0.7402,STRONG_UP,-11.51,18.91,-23.66,-33.47,50.0,53.69,0.9452,LOW,-,13.6989,15.3482,15.3617,0,17.6136,WEAK,10.6131
1120,57,KDP,Keurig Dr Pepper,Consumer Staples,Soft Drinks & Non-alcoholic Beverages,large,30.36,0.7418,0.9965,0.9941,0.9543,STRONG_UP,9.63,-4.39,-6.25,-27.48,51.2,26.36,0.9181,LOW,-,29.26,27.8155,27.6784,1,-8.531,TREND_ONLY,10.6022
1121,-191,ADBE,Adobe Inc.,Information Technology,Application Software,large,262.11,0.493,1.087,0.9756,0.8633,STRONG_UP,-18.81,-36.46,-40.3,-45.95,48.0,44.0,0.9942,LOW,SHIFT,249.569,245.2916,303.1116,0,-39.7709,WEAK,10.584
1122,22,ASGN,ASGN INC,Information Technology,,small,23.2,0.341,1.1901,1.0354,0.4971,STRONG_UP,-48.46,-56.04,-75.34,-68.82,46.99,119.0,1.013,MED,-,19.72,28.5144,42.4212,0,-22.1303,WEAK,10.5837
1123,-15,PDM,PIEDMONT REALTY TRUST INC CLASS A,Real Estate,,small,8.42,0.884,0.988,0.9814,1.0019,FLAT,-3.44,13.94,18.62,-29.47,50.0,32.5,0.7058,LOW,-,8.2275,7.7052,8.1089,1,21.4427,TREND_ONLY,10.5645
1124,36,DTE,DTE Energy,Utilities,Multi-Utilities,large,142.65,0.8438,0.9702,0.919,0.8615,STRONG_UP,8.86,8.75,31.27,-10.13,57.2,19.82,0.9227,LOW,-,142.7035,145.1454,138.1604,1,25.26,TREND_ONLY,10.5399
1125,-79,STNE,STONECO LTD CLASS A,Financials,,mid,11.24,0.7455,0.9784,0.9802,0.8565,FLAT,-18.82,-3.91,0.19,-40.22,48.8,46.07,0.9211,LOW,PROGRESS,10.803,11.3881,13.0274,0,-4.1456,WEAK,10.5383
1126,73,BUR,BURFORD CAPITAL LTD,Financials,,small,4.56,0.2784,0.9924,0.8306,0.4967,STRONG_UP,-50.67,-64.12,-68.26,-72.84,47.2,115.23,1.0865,MED,-,4.6653,4.853,8.7844,0,-26.2626,WEAK,10.531
1127,55,CVSA,COVISTA INC,Consumer Discretionary,,mid,122.26,0.7304,0.9857,1.0194,1.0928,STRONG_DOWN,30.3,-5.86,86.34,-42.14,54.4,42.95,0.4787,LOW,-,124.012,118.3612,116.8016,1,-7.4218,TREND_ONLY,10.5104
1128,-9,STEP,STEPSTONE GROUP INC CLASS A,Financials,,mid,46.07,0.6425,0.8703,0.8065,0.8825,FLAT,-24.93,-17.19,7.72,-43.1,50.0,44.93,1.5791,HIGH,EARLY,52.958,51.3883,58.6691,0,-19.1327,WEAK,10.4882
1129,-20,ROAD,CONSTRUCTION PARTNERS INC CLASS A,Industrials,,mid,111.43,0.8232,0.9467,0.8413,0.737,STRONG_UP,3.01,6.09,94.2,-26.55,49.6,61.0,1.2474,MED,EARLY,121.3335,118.1092,117.9182,0,4.9547,WEAK,10.4763
1130,-81,RXRX,RECURSION PHARMACEUTICALS INC CLAS,Health Care,,small,3.61,0.638,1.1251,0.9695,0.8921,STRONG_UP,-17.2,-17.77,-57.97,-58.17,41.2,58.41,1.4345,MED,-,3.2105,3.2982,4.2548,0,-12.5326,WEAK,10.4684
1131,-63,KBH,KB HOME,Consumer Discretionary,,mid,51.45,0.7844,1.0228,1.0164,0.7788,STRONG_UP,-19.05,1.1,-25.11,-32.85,48.4,37.69,0.8529,LOW,SHIFT,48.1773,50.607,58.247,0,1.4083,WEAK,10.4625
1132,-95,ABNB,Airbnb,Consumer Discretionary,"Hotels, Resorts & Cruise Lines",large,134.35,0.7843,1.0048,0.9146,0.8916,STRONG_UP,13.09,1.09,-8.14,-21.54,53.6,31.11,0.9376,LOW,-,135.3,134.6512,128.7029,1,1.8798,TREND_ONLY,10.3791
1133,28,MSI,Motorola Solutions,Information Technology,Communications Equipment,large,415.42,0.7717,1.0042,0.8974,0.7835,STRONG_UP,11.93,-0.53,15.75,-25.45,52.0,31.37,0.8114,LOW,PROGRESS,406.658,427.1138,425.4325,0,-0.8833,WEAK,10.3691
1134,120,TRV,Travelers Companies (The),Financials,Property & Casualty Insurance,large,291.86,0.8333,0.9614,0.915,0.8445,STRONG_UP,1.23,7.4,43.45,-8.84,50.0,17.2,1.1673,MED,-,299.6155,298.995,286.6102,1,21.4986,TREND_ONLY,10.3653
1135,58,MFA,MFA FINANCIAL INC,Financials,,small,9.47,0.9145,0.9746,0.8811,0.8684,STRONG_UP,7.01,17.86,17.2,-10.87,50.4,26.75,0.8206,LOW,-,9.5495,9.7562,9.1884,1,33.6505,TREND_ONLY,10.3316
1136,-76,KTB,KONTOOR BRANDS INC,Consumer Discretionary,,mid,70.15,0.8183,0.9474,0.9567,0.8144,FLAT,-5.32,5.47,1.02,-32.91,48.8,50.11,0.5254,LOW,PROGRESS,69.483,70.8418,70.9453,0,5.3292,WEAK,10.3039
1137,3,PTON,PELOTON INTERACTIVE CLASS A INC,Consumer Discretionary,,small,6.34,0.7386,1.0475,1.166,1.4813,STRONG_DOWN,-4.8,-4.8,73.7,-58.78,46.4,59.11,0.5536,LOW,-,5.587,5.0982,6.1497,1,-3.7717,TREND_ONLY,10.3018
1138,138,PCG,PG&E Corporation,Utilities,Multi-Utilities,large,16.57,0.7846,0.9904,0.9663,0.7917,STRONG_UP,5.24,1.13,-7.95,-21.26,50.0,26.23,0.7323,LOW,-,16.3575,16.905,16.267,1,2.1548,TREND_ONLY,10.2955
1139,23,KAI,KADANT INC,Industrials,,mid,321.51,0.8005,0.9563,1.0614,0.8336,FLAT,16.11,3.17,15.84,-30.91,48.0,48.46,0.4117,LOW,-,320.998,314.2123,307.555,1,3.1386,TREND_ONLY,10.2541
1140,-6,MNKD,MANNKIND CORP,Health Care,,small,3.43,0.6021,0.9546,1.1539,1.0459,FLAT,-36.83,-22.4,-26.87,-63.29,45.6,72.59,1.1406,MED,-,3.3495,2.9094,4.5674,0,-14.0702,WEAK,10.2104
1141,-3,AZTA,AZENTA INC,Health Care,,small,23.43,0.641,1.0848,0.9103,0.8387,STRONG_UP,-32.79,-17.38,-54.01,-60.94,50.8,77.27,0.8283,LOW,-,19.606,21.84,29.1058,0,-11.4286,WEAK,10.2067
1142,17,EAT,BRINKER INTERNATIONAL INC,Consumer Discretionary,,mid,138.2,0.6185,0.9651,0.9319,0.9012,STRONG_UP,-8.7,-20.28,92.99,-44.41,49.2,58.77,0.4522,LOW,PROGRESS,137.981,143.4694,143.1253,0,-16.9789,WEAK,10.2043
1143,-98,NVR,"NVR, Inc.",Consumer Discretionary,Homebuilding,large,6180.96,0.6784,1.0014,0.9849,0.7668,STRONG_UP,-17.77,-12.56,-18.96,-34.88,47.6,29.4,0.9856,LOW,PROGRESS,5951.0875,6339.1974,7279.6043,0,-20.338,WEAK,10.1791
1144,-65,BL,BLACKLINE INC,Information Technology,,mid,30.48,0.4106,1.122,0.8619,0.7402,STRONG_UP,-45.66,-47.07,-35.14,-57.11,50.4,66.0,0.9637,LOW,PROGRESS,28.963,31.7408,45.959,0,-35.9475,WEAK,10.1333
1145,38,MET,MetLife,Financials,Life & Health Insurance,large,82.82,0.8344,0.9835,0.9992,1.0239,STRONG_DOWN,10.15,7.55,22.93,-17.46,52.4,21.3,0.8982,LOW,-,80.8373,76.7363,76.8084,1,18.5694,TREND_ONLY,10.1269
1146,33,NRG,NRG Energy,Utilities,Independent Power Producers & Energy Traders,large,133.51,0.6506,0.9559,0.8152,0.7366,STRONG_UP,-18.91,-16.15,75.56,-32.57,50.4,50.5,0.9607,LOW,EARLY,136.352,147.7022,156.8058,0,-16.1149,WEAK,10.12
1147,5,COO,Cooper Companies (The),Health Care,Health Care Supplies,large,59.49,0.6898,0.9667,0.9141,0.6528,STRONG_UP,-23.15,-11.09,-37.19,-30.05,47.6,24.59,1.7747,HIGH,EARLY,60.8085,65.3612,72.999,0,-21.4665,WEAK,10.0742
1148,22,ALLE,Allegion,Industrials,Building Products,large,129.85,0.7297,0.9777,0.9264,0.7485,STRONG_UP,-21.09,-5.95,10.2,-29.84,50.8,26.88,0.7368,LOW,EARLY,130.9605,138.255,158.6585,0,-11.246,WEAK,10.0539
1149,166,GATX,GATX CORP,Industrials,,mid,167.64,0.8409,0.9611,0.8199,0.8165,STRONG_UP,5.77,8.38,27.93,-18.05,53.6,29.26,1.0856,MED,EARLY,176.707,182.6764,173.5941,0,15.3432,WEAK,10.0531
1150,-108,CNK,CINEMARK HOLDINGS INC,Communication,,mid,30.6,0.7443,1.116,1.0646,0.9653,STRONG_UP,14.58,-4.07,82.3,-32.4,49.6,38.5,0.9685,LOW,-,27.1706,28.2595,26.4823,1,-5.2406,TREND_ONLY,10.0364
1151,3,SBAC,SBA Communications,Real Estate,Telecom Tower REITs,large,196.21,0.679,0.9683,0.8563,0.9101,FLAT,5.39,-12.48,4.02,-29.8,44.4,49.54,0.5018,LOW,-,206.8859,204.4582,194.6088,1,-11.1865,TREND_ONLY,9.9691
1152,-11,APD,Air Products,Materials,Industrial Gases,large,279.29,0.7854,0.9657,0.8849,0.922,FLAT,8.52,1.23,8.54,-22.39,49.2,19.73,0.605,LOW,-,292.69,294.13,272.1637,1,3.0746,TREND_ONLY,9.9611
1153,5,BIPC,BROOKFIELD INFRASTRUCTURE CORP CLA,Utilities,,mid,41.26,0.8195,0.9918,1.0631,0.77,FLAT,-6.31,5.63,30.85,-29.77,52.8,37.95,0.6296,LOW,SHIFT,40.2907,39.8217,42.7197,0,7.8276,WEAK,9.9423
1154,-34,PAX,PATRIA INVESTMENTS LTD CLASS A,Financials,,mid,11.62,0.7418,1.0001,0.8789,0.8511,STRONG_UP,-20.87,-4.39,-1.78,-36.28,52.0,33.78,,LOW,PROGRESS,11.5337,12.0139,13.6294,0,-6.7647,WEAK,9.9301
1155,-8,RDNT,RADNET INC,Health Care,,mid,54.31,0.7179,0.9966,0.8812,0.6849,STRONG_UP,-32.12,-7.48,-7.75,-37.99,50.8,40.69,0.8214,LOW,EARLY,55.031,56.4074,69.191,0,-9.3369,WEAK,9.9069
1156,-8,BALL,Ball Corporation,Materials,"Metal, Glass & Plastic Containers",large,53.75,0.7915,0.9432,0.837,0.7491,STRONG_UP,10.36,2.01,-20.62,-21.96,49.6,28.32,0.7984,LOW,EARLY,56.2432,59.1451,54.82,0,3.5223,WEAK,9.8933
1157,-143,OCFC,OCEANFIRST FINANCIAL CORP,Financials,,small,18.05,0.8579,0.9476,0.9268,0.886,STRONG_UP,-2.96,10.57,36.49,-15.39,46.8,22.47,2.5068,HIGH,-,18.6095,18.5039,18.1667,0,22.0076,WEAK,9.8888
1158,-222,ABUS,ARBUTUS BIOPHARMA CORP,Health Care,,small,4.26,0.958,0.9071,0.9173,0.8067,FLAT,1.19,23.48,24.56,-25.86,48.8,44.16,0.8307,LOW,-,4.391,4.387,4.3682,0,25.9452,WEAK,9.8487
1159,13,CALX,CALIX NETWORKS INC,Information Technology,,mid,39.49,0.648,0.9521,0.8593,0.6544,STRONG_UP,-27.77,-16.48,10.52,-43.92,50.0,44.63,0.8972,LOW,EARLY,40.9335,44.95,53.7716,0,-18.4588,WEAK,9.8265
1160,26,IBCP,INDEPENDENT BANK CORP,Financials,,small,34.26,0.867,0.9918,0.9802,0.8786,STRONG_UP,4.02,11.74,46.81,-13.5,50.0,20.75,0.7768,LOW,-,33.772,33.5534,32.7113,1,28.2884,TREND_ONLY,9.8142
1161,-26,GIII,G III APPAREL GROUP LTD,Consumer Discretionary,,small,32.58,0.875,0.9969,1.0048,0.9588,FLAT,11.25,12.78,5.73,-29.39,52.0,38.51,0.7462,LOW,-,30.806,29.9898,28.7754,1,17.2545,TREND_ONLY,9.81
1162,1,SCHW,Charles Schwab Corporation,Financials,Investment Banking & Brokerage,large,87.61,0.7822,1.0111,0.9085,0.8235,STRONG_UP,-4.82,0.82,24.31,-19.83,54.8,28.07,1.0341,MED,EARLY,89.5055,91.6632,94.5094,0,1.6003,WEAK,9.8033
1163,12,MOH,Molina Healthcare,Health Care,Managed Health Care,mid,179.86,0.4753,0.9991,0.8695,1.0783,FLAT,24.04,-38.74,-42.06,-59.96,52.0,47.6,0.5266,LOW,-,184.6815,166.7506,166.7048,1,-42.3185,TREND_ONLY,9.8004
1164,-70,MGNI,MAGNITE INC,Communication,,small,14.85,0.6941,1.099,1.0337,0.9659,STRONG_UP,0.47,-10.54,16.84,-57.77,52.4,51.46,0.7659,LOW,-,13.616,12.9976,16.0712,0,-10.7347,WEAK,9.8
1165,-83,TYL,Tyler Technologies,Information Technology,Application Software,large,313.56,0.4238,1.024,0.9057,0.7661,STRONG_UP,-32.65,-45.37,-33.87,-53.08,46.4,36.21,0.9478,LOW,EARLY,314.5455,327.847,423.7919,0,-58.1426,WEAK,9.7974
1166,-1,SFBS,SERVISFIRST BANCSHARES INC,Financials,,mid,77.26,0.8179,0.9832,0.9325,0.8738,STRONG_UP,8.94,5.42,33.18,-23.75,50.0,24.29,0.4584,LOW,-,77.413,76.9349,77.3135,0,11.1466,WEAK,9.7884
1167,-124,CENTA,CENTRAL GARDEN AND PET CLASS A,Consumer Staples,,small,33.91,0.8355,0.9669,0.9933,0.9065,FLAT,11.18,7.68,-7.8,-29.51,50.4,22.62,0.9563,LOW,-,34.2425,33.6662,31.4048,1,17.123,TREND_ONLY,9.7752
1168,30,CVLT,COMMVAULT SYSTEMS INC,Information Technology,,mid,122.12,0.5171,1.1251,1.1336,1.2544,STRONG_DOWN,0.72,-33.36,12.57,-61.53,52.0,49.6,0.5237,LOW,SHIFT,106.9735,95.4448,124.4974,0,-34.9691,WEAK,9.7666
1169,-16,TGTX,TG THERAPEUTICS INC,Health Care,,mid,36.64,0.7808,0.9235,0.97,1.1291,STRONG_DOWN,15.69,0.63,124.37,-34.12,49.6,53.5,0.516,LOW,-,39.9548,36.427,32.5928,1,0.5856,TREND_ONLY,9.7665
1170,111,OGS,ONE GAS INC,Utilities,,mid,77.47,0.8253,0.9409,0.8314,0.8012,STRONG_UP,-4.78,6.37,32.17,-15.43,52.8,18.78,1.4841,MED,EARLY,82.2199,85.1882,80.3839,0,17.9175,WEAK,9.766
1171,75,DUK,Duke Energy,Utilities,Electric Utilities,large,121.09,0.833,0.9544,0.9059,0.8331,STRONG_UP,2.01,7.36,25.76,-10.88,54.0,16.19,0.623,LOW,EARLY,123.6025,126.2483,122.0407,0,24.5486,WEAK,9.748
1172,-27,AMPL,AMPLITUDE INC CLASS A,Information Technology,,small,8.34,0.5051,1.1977,0.9806,0.9718,STRONG_UP,-18.63,-34.89,-3.36,-57.79,46.4,80.08,1.5438,HIGH,-,6.822,6.8142,9.167,0,-20.2187,WEAK,9.7225
1173,125,PRDO,PERDOCEO EDUCATION CORP,Consumer Discretionary,,mid,33.26,0.7789,0.9843,0.934,0.8779,STRONG_UP,20.61,0.39,53.06,-27.22,50.8,31.5,0.6562,LOW,-,34.0171,34.927,32.8039,1,0.6313,TREND_ONLY,9.7216
1174,-5,OSIS,OSI SYSTEMS INC,Information Technology,,mid,212.01,0.7437,0.9632,0.7085,0.6609,STRONG_UP,-21.01,-4.14,50.27,-33.67,51.2,52.88,0.715,LOW,EARLY,220.294,260.0252,260.5208,0,-4.01,WEAK,9.715
1175,13,ATEC,ALPHATEC HOLDNGS INC,Health Care,,small,7.48,0.4584,0.9438,0.6845,0.5176,STRONG_UP,-65.94,-40.92,-21.26,-69.18,48.4,89.81,0.6415,LOW,-,7.877,9.6876,14.8854,0,-22.0504,WEAK,9.6716
1176,55,OFG,OFG BANCORP,Financials,,small,45.57,0.873,0.9876,0.9545,1.0252,FLAT,14.45,12.51,31.33,-17.74,48.8,21.69,0.4496,LOW,-,45.131,43.741,41.7211,1,28.1539,TREND_ONLY,9.6452
1177,-6,IFF,International Flavors & Fragrances,Materials,Specialty Chemicals,large,73.24,0.7593,0.9398,0.9878,0.8476,FLAT,7.01,-2.14,-20.53,-24.03,50.4,49.86,0.705,LOW,-,76.1,73.3252,68.8099,1,-2.165,TREND_ONLY,9.607
1178,-52,WAY,WAYSTAR HOLDING CORP,Health Care,,mid,20.82,0.4061,1.0792,0.9426,0.6954,STRONG_UP,-42.71,-47.66,0.58,-56.44,47.6,60.0,0.6398,LOW,PROGRESS,19.7117,22.219,30.217,0,-37.812,WEAK,9.5895
1179,-67,BCRX,BIOCRYST PHARMACEUTICALS INC,Health Care,,mid,8.34,0.5783,0.9035,0.8569,0.8754,FLAT,16.97,-25.47,22.83,-44.24,41.2,53.27,0.6865,LOW,-,8.83,9.1266,7.9237,1,-19.6983,TREND_ONLY,9.5782
1180,-141,PRG,PROG HOLDINGS INC,Financials,,small,35.98,0.9714,0.9434,0.9516,0.9601,STRONG_DOWN,25.04,25.2,0.4,-31.21,48.0,63.79,0.5607,LOW,-,35.0346,32.3011,31.743,1,18.9631,TREND_ONLY,9.5539
1181,15,MEG,MONTROSE ENVIRONMENTAL GRP INC,Industrials,,small,16.31,0.609,1.0135,0.6964,0.517,STRONG_UP,-36.41,-21.51,-65.03,-53.32,48.19,60.69,1.597,HIGH,-,16.6895,19.6884,24.5974,0,-17.0806,WEAK,9.5081
1182,-25,USLM,UNITED STATES LIME AND MINERALS IN,Materials,,mid,107.295,0.7796,0.9473,0.9531,0.7552,FLAT,-8.68,0.47,57.93,-26.55,52.8,49.13,1.993,HIGH,EARLY,107.9984,120.6374,121.8702,0,0.5097,WEAK,9.4565
1183,73,WEC,WEC Energy Group,Utilities,Electric Utilities,large,110.23,0.8234,0.9626,0.9025,0.8508,STRONG_UP,2.53,6.12,45.39,-11.22,51.2,18.12,0.5351,LOW,-,111.506,113.3701,109.9504,1,17.2898,TREND_ONLY,9.4342
1184,36,BWIN,BALDWIN INSURANCE GROUP INC CLASS,Financials,,mid,19.48,0.3741,0.9926,0.8381,0.7947,STRONG_UP,-30.3,-51.78,-44.02,-62.95,46.8,45.24,1.1033,MED,EARLY,20.073,21.8002,24.4379,0,-53.5678,WEAK,9.4323
1185,-1,KNF,KNIFE RIVER CORP,Materials,,mid,78.43,0.6381,0.9896,0.821,0.8049,STRONG_UP,6.26,-17.75,13.62,-37.15,47.2,54.11,0.8096,LOW,-,79.672,83.1592,77.7546,1,-15.4866,TREND_ONLY,9.4038
1186,14,LTC,LTC PROPERTIES REIT INC,Real Estate,,small,35.94,0.8465,0.9252,0.893,0.85,STRONG_UP,2.84,9.1,17.67,-9.6,53.2,19.71,1.0394,MED,-,38.0889,38.0609,35.9185,1,24.5596,TREND_ONLY,9.4003
1187,15,QDEL,QUIDELORTHO CORP,Health Care,,small,13.29,0.3404,1.0649,1.0115,0.5642,STRONG_UP,-49.81,-56.12,-70.44,-71.85,46.8,101.38,0.6425,LOW,-,11.669,13.226,23.3908,0,-25.9086,WEAK,9.3886
1188,15,FA,FIRST ADVANTAGE CORP,Industrials,,small,16.42,0.7039,1.0569,1.226,1.2087,FLAT,17.54,-9.28,-0.36,-51.86,48.4,63.99,0.4906,LOW,-,15.302,13.2901,13.7089,1,-7.0204,TREND_ONLY,9.3733
1189,16,IR,Ingersoll Rand,Industrials,Industrial Machinery & Supplies & Components,large,71.62,0.6788,0.9972,0.8962,0.7017,STRONG_UP,-9.51,-12.52,-20.31,-30.56,47.2,36.5,0.7318,LOW,EARLY,72.3856,78.3094,81.7169,0,-16.187,WEAK,9.3677
1190,52,NFLX,Netflix,Communication Services,Movies & Entertainment,large,83.33,0.5308,0.9425,0.8654,0.7598,STRONG_UP,-23.64,-31.58,31.48,-43.35,46.0,31.21,1.0638,MED,EARLY,87.4045,92.7512,100.829,0,-46.5471,WEAK,9.3643
1191,-1,PAGS,PAGSEGURO DIGITAL LTD CLASS A,Financials,,mid,9.22,0.8137,0.9827,0.8939,0.8035,STRONG_UP,-9.39,4.88,-20.84,-26.36,49.2,48.7,0.9987,LOW,EARLY,9.4135,9.919,9.7255,0,4.9253,WEAK,9.3641
1192,12,AVNT,AVIENT CORP,Materials,,mid,35.21,0.7711,0.9602,0.9347,0.8002,STRONG_UP,16.98,-0.62,-15.14,-26.89,48.8,38.24,0.4527,LOW,-,35.1945,36.0544,34.3872,1,-0.7921,TREND_ONLY,9.3547
1193,0,NWSA,News Corp (Class A),Communication Services,Publishing,large,26.41,0.739,0.9806,0.9676,0.9928,FLAT,3.92,-4.76,-1.75,-27.81,50.0,21.43,0.9353,LOW,-,26.3575,25.713,26.2218,1,-11.0996,TREND_ONLY,9.3465
1194,-62,TRMB,Trimble Inc.,Information Technology,Electronic Equipment & Instruments,large,57.74,0.6246,1.0395,0.7966,0.7428,STRONG_UP,-29.3,-19.49,5.94,-35.99,53.6,32.11,1.3244,MED,PROGRESS,57.554,62.9042,73.1249,0,-32.538,WEAK,9.3464
1195,-4,COLL,COLLEGIUM PHARMACEUTICAL INC,Health Care,,small,30.48,0.8091,0.8941,0.8332,0.6922,STRONG_UP,-34.96,4.28,-5.55,-38.84,51.6,42.11,0.7917,LOW,-,34.531,33.9771,39.5962,0,5.2402,WEAK,9.3142
1196,-2,IIPR,INNOVATIVE INDUSTRIAL PROPERTIES I,Real Estate,,small,57.95,0.9335,0.9913,1.0355,0.9558,FLAT,25.46,20.31,-32.1,-21.29,48.8,44.05,0.3543,LOW,-,56.633,53.7555,49.7995,1,22.5009,TREND_ONLY,9.2947
1197,14,HRL,Hormel Foods,Consumer Staples,Packaged Foods & Meats,large,23.35,0.6166,1.1007,1.0684,0.8717,STRONG_UP,2.94,-20.53,-17.64,-34.28,47.2,33.49,0.5752,LOW,-,21.102,21.3373,22.9917,1,-28.9318,TREND_ONLY,9.284
1198,60,GPC,Genuine Parts Company,Consumer Discretionary,Distributors,large,99.35,0.6234,0.9975,0.9072,0.7799,STRONG_UP,-22.23,-19.66,-26.57,-37.48,46.0,29.78,0.5351,LOW,PROGRESS,98.848,103.8324,122.3613,0,-30.3624,WEAK,9.2708
1199,17,ITW,Illinois Tool Works,Industrials,Industrial Machinery & Supplies & Components,large,248.58,0.8063,0.9813,0.9338,0.7836,STRONG_UP,1.73,3.92,8.79,-17.44,50.0,21.69,0.7314,LOW,EARLY,250.9575,259.2232,258.2022,0,9.0322,WEAK,9.2683
1200,17,GENI,GENIUS SPORTS LTD,Consumer Discretionary,,small,6.09,0.5005,1.092,1.2793,0.907,FLAT,-40.41,-35.49,17.34,-71.07,46.8,78.18,0.8946,LOW,-,4.9625,4.6506,8.7165,0,-21.2433,WEAK,9.2623
1201,71,EXC,Exelon,Utilities,Electric Utilities,large,45.0,0.8246,0.9626,0.9126,0.8219,STRONG_UP,-0.67,6.28,29.02,-13.74,51.2,19.77,0.7578,LOW,PROGRESS,44.9465,46.6108,45.4014,0,16.2638,WEAK,9.2573
1202,4,CASH,PATHWARD FINANCIAL INC,Financials,,mid,81.41,0.8115,0.9687,0.8978,0.8012,STRONG_UP,12.12,4.59,54.22,-20.68,51.6,30.75,0.5958,LOW,-,82.8665,88.2224,80.6383,1,7.6945,TREND_ONLY,9.2495
1203,4,CB,Chubb Limited,Financials,Property & Casualty Insurance,large,312.27,0.8226,0.9622,0.9079,0.8431,STRONG_UP,6.57,6.02,19.41,-9.96,50.8,16.33,0.5353,LOW,-,321.5505,324.9828,304.912,1,18.7185,TREND_ONLY,9.2338
1204,29,NNI,NELNET INC CLASS A,Financials,,mid,129.22,0.872,0.9921,0.8686,0.857,STRONG_UP,-0.04,12.38,27.97,-15.27,52.4,31.63,0.6305,LOW,PROGRESS,128.9999,132.3974,130.2102,0,20.5148,WEAK,9.2317
1205,19,RJF,Raymond James Financial,Financials,Investment Banking & Brokerage,large,146.75,0.7898,0.9972,0.8846,0.8487,STRONG_UP,-5.16,1.79,24.73,-19.64,56.4,24.91,0.7929,LOW,EARLY,151.46,150.2436,158.8107,0,4.0614,WEAK,9.2155
1206,-141,GEHC,GE HealthCare,Health Care,Health Care Equipment,large,61.99,0.6771,0.9588,0.9606,0.706,FLAT,-21.7,-12.73,-19.37,-32.47,51.6,40.77,0.6812,LOW,EARLY,62.5373,67.1203,75.1872,0,-16.1118,WEAK,9.2076
1207,-18,TSN,Tyson Foods,Consumer Staples,Packaged Foods & Meats,large,59.59,0.8576,0.8993,0.8262,0.8591,FLAT,3.91,10.53,11.73,-12.59,49.6,28.73,0.5315,LOW,-,65.067,64.1362,58.388,1,18.1779,TREND_ONLY,9.1887
1208,-110,ADSK,Autodesk,Information Technology,Application Software,large,236.66,0.613,0.9866,0.9037,0.8255,STRONG_UP,-22.44,-20.99,12.26,-33.15,51.6,39.0,1.1255,MED,EARLY,240.2635,238.5556,274.5321,0,-27.7673,WEAK,9.1386
1209,-58,UBER,Uber,Industrials,Passenger Ground Transportation,large,71.62,0.6733,1.0004,0.9157,0.8405,STRONG_UP,-17.27,-13.22,12.27,-30.89,49.6,35.86,0.8222,LOW,EARLY,73.9025,73.7318,83.5019,0,-18.2845,WEAK,9.128
1210,79,OPCH,OPTION CARE HEALTH INC,Health Care,,mid,20.54,0.5027,0.9378,0.9185,0.6015,STRONG_UP,-33.61,-35.21,-31.24,-46.65,44.0,59.97,0.552,LOW,EARLY,20.6675,24.6638,29.0131,0,-25.8299,WEAK,9.1154
1211,178,LRN,STRIDE INC,Consumer Discretionary,,mid,97.91,0.5329,1.0633,1.0032,1.016,FLAT,56.36,-31.32,42.48,-64.07,54.0,32.13,1.0319,MED,SHIFT,90.525,91.6942,98.6546,0,-52.6308,WEAK,9.1096
1212,9,DRVN,DRIVEN BRANDS HOLDINGS INC,Consumer Discretionary,,mid,13.29,0.5842,0.9234,0.9204,1.0858,FLAT,-5.94,-24.7,17.2,-46.38,42.0,50.17,0.5354,LOW,-,13.4615,13.0258,14.6889,0,-20.6798,WEAK,9.0893
1213,15,CCEP,Coca-Cola Europacific Partners,Consumer Staples,Soft Drinks,large,91.0,0.798,0.9494,0.942,0.7915,STRONG_UP,-0.39,2.85,30.23,-18.22,54.4,25.12,0.7501,LOW,EARLY,92.2206,93.2213,91.4347,0,6.1741,WEAK,9.0704
1214,112,WY,Weyerhaeuser,Real Estate,Timber REITs,large,24.39,0.7512,0.9832,0.9798,0.8916,STRONG_UP,11.22,-3.18,-13.34,-21.96,47.6,25.83,0.8881,LOW,-,23.6325,24.0996,24.074,1,-5.8561,TREND_ONLY,9.0685
1215,-48,UHS,Universal Health Services,Health Care,Health Care Facilities,large,142.55,0.5875,0.9128,0.8114,0.6338,STRONG_UP,-40.4,-24.28,-23.08,-41.52,50.8,30.88,0.771,LOW,EARLY,161.8635,172.2504,199.8647,0,-39.9458,WEAK,9.0267
1216,-66,KFY,KORN FERRY,Industrials,,mid,71.35,0.82,1.0281,1.0148,1.0243,FLAT,10.19,5.68,,-21.05,48.8,25.19,0.819,LOW,-,67.252,65.555,66.3797,1,11.0084,TREND_ONLY,9.0247
1217,2,AIN,ALBANY INTERNATIONAL CORP CLASS A,Industrials,,small,64.92,0.775,1.0063,1.0729,0.9959,FLAT,38.27,-0.11,-22.9,-42.65,53.2,35.49,0.3888,LOW,-,62.206,58.002,55.5583,1,-0.1708,TREND_ONLY,9.0246
1218,-9,AVPT,AVEPOINT INC CLASS A,Information Technology,,mid,11.29,0.462,1.1099,1.0135,0.9141,STRONG_UP,-10.75,-40.45,23.79,-54.04,52.4,49.52,1.0603,MED,SHIFT,10.4015,10.0413,12.5307,0,-42.8063,WEAK,9.0129
1219,15,MMM,3M,Industrials,Industrial Conglomerates,large,152.9,0.8158,0.9736,1.0263,0.8593,FLAT,-9.44,5.15,59.37,-18.77,51.2,27.03,0.4581,LOW,SHIFT,148.3155,147.0531,156.0963,0,9.7569,WEAK,8.9928
1220,85,PSA,Public Storage,Real Estate,Self-Storage REITs,large,299.14,0.7976,0.9634,0.9574,0.8747,STRONG_UP,12.68,2.8,18.12,-16.2,47.2,26.18,0.3959,LOW,-,303.8035,295.9898,283.9902,1,5.0481,TREND_ONLY,8.9755
1221,6,MDT,Medtronic,Health Care,Health Care Equipment,large,73.75,0.6902,0.959,0.8904,0.6996,STRONG_UP,-27.52,-11.04,-4.21,-28.9,47.6,21.72,1.5202,HIGH,EARLY,76.584,81.654,91.6106,0,-24.2007,WEAK,8.9669
1222,31,CHCO,CITY HOLDING,Financials,,small,125.37,0.844,0.9948,0.9682,0.9353,STRONG_UP,4.39,8.78,29.29,-11.76,47.2,16.23,0.7964,LOW,-,123.355,123.2449,121.6668,1,25.5195,TREND_ONLY,8.9667
1223,29,SO,Southern Company,Utilities,Electric Utilities,large,90.51,0.8095,0.954,0.8987,0.8408,STRONG_UP,3.33,4.33,20.21,-14.99,51.6,18.38,0.6898,LOW,EARLY,92.7443,93.7992,91.1375,0,12.1526,WEAK,8.9639
1224,-68,LOW,Lowe's,Consumer Discretionary,Home Improvement Retail,large,206.64,0.7145,0.9415,0.8731,0.7222,STRONG_UP,-15.35,-7.91,-0.95,-27.75,49.2,29.85,,LOW,EARLY,219.858,231.3827,246.091,0,-13.0357,WEAK,8.9579
1225,1,DEC,DIVERSIFIED ENERGY COMPANY,Energy,,small,14.27,0.8506,0.989,0.818,0.8986,FLAT,1.3,9.63,20.33,-24.8,53.2,42.84,1.377,MED,-,15.3107,15.7793,14.0374,1,11.9535,TREND_ONLY,8.9212
1226,47,CNX,CNX RESOURCES CORP,Energy,,mid,33.32,0.8104,0.9757,0.8222,0.7072,STRONG_UP,-15.26,4.45,27.52,-21.8,52.4,25.76,0.8285,LOW,EARLY,35.51,37.6592,36.1518,0,9.0549,WEAK,8.9035
1227,-85,HSIC,Henry Schein,Health Care,Health Care Distributors,mid,76.04,0.836,0.9928,0.998,0.8489,FLAT,4.01,7.75,9.13,-17.23,50.4,24.51,0.7977,LOW,-,73.1355,74.52,73.0254,1,15.9388,TREND_ONLY,8.9026
1228,20,HURN,HURON CONSULTING GROUP INC,Industrials,,mid,106.61,0.5695,1.0056,0.7629,0.6469,STRONG_UP,-34.9,-26.6,18.6,-44.54,53.2,42.06,1.7784,HIGH,EARLY,110.4725,120.7374,146.4383,0,-33.6483,WEAK,8.8637
1229,15,ESS,Essex Property Trust,Real Estate,Multi-Family Residential REITs,large,277.57,0.7976,0.9906,0.9914,0.9856,FLAT,8.88,2.81,14.65,-16.49,55.2,18.8,0.5371,LOW,-,271.8935,259.3431,254.8922,1,8.2385,TREND_ONLY,8.8262
1230,-17,CINF,Cincinnati Financial,Financials,Property & Casualty Insurance,large,158.0,0.8277,0.9581,0.936,0.8511,STRONG_UP,-3.77,6.68,42.39,-10.46,54.4,17.93,0.664,LOW,EARLY,163.4585,162.4482,160.0401,0,20.2568,WEAK,8.8255
1231,-92,MBC,MASTERBRAND INC,Industrials,,small,8.48,0.645,0.8999,0.9812,0.7954,FLAT,-24.29,-16.86,-47.49,-50.94,44.0,58.4,1.5646,HIGH,-,7.7935,8.3326,10.9199,0,-12.7048,WEAK,8.8215
1232,-77,FSS,FEDERAL SIGNAL CORP,Industrials,,mid,106.45,0.8548,0.9039,0.8576,0.822,STRONG_UP,-5.65,10.18,23.28,-19.04,49.2,39.95,0.8469,LOW,EARLY,114.0378,113.5107,115.3715,0,12.5322,WEAK,8.776
1233,-19,NVCR,NOVOCURE LTD,Health Care,,small,15.82,0.7203,0.92,0.8833,1.0604,FLAT,35.45,-7.16,-33.78,-45.67,45.6,79.78,0.8751,LOW,-,17.3617,14.1717,13.0508,1,-4.0922,TREND_ONLY,8.7686
1234,-42,WOR,WORTHINGTON ENTERPRISES INC,Industrials,,mid,57.64,0.758,1.0155,1.0221,0.9689,FLAT,5.67,-2.31,6.35,-29.83,51.2,31.92,0.369,LOW,-,55.22,54.1438,55.5191,1,-3.7002,TREND_ONLY,8.7406
1235,99,HMN,HORACE MANN EDUCATORS CORP,Financials,,small,46.07,0.8477,0.9732,0.9559,0.9588,FLAT,3.54,9.26,45.12,-10.73,56.8,17.74,0.6094,LOW,-,45.7405,44.9408,44.2962,1,29.64,TREND_ONLY,8.7111
1236,-60,INVA,INNOVIVA INC,Health Care,,small,21.35,0.8041,0.9532,0.8779,0.8449,STRONG_UP,0.9,3.64,34.28,-23.53,47.2,22.67,1.3709,MED,-,22.275,22.8984,20.9229,1,7.5803,TREND_ONLY,8.7086
1237,-14,MELI,Mercado Libre,Consumer Discretionary,Catalog/Specialty Distribution,large,1672.83,0.4988,0.9744,0.8719,0.8506,STRONG_UP,-18.97,-35.72,-1.2,-40.82,48.8,43.39,0.9075,LOW,PROGRESS,1666.3365,1727.1986,2020.2017,0,-40.1695,WEAK,8.6753
1238,25,FG,F&G ANNUITIES AND LIFE INC,Financials,,mid,27.48,0.676,0.9714,0.9166,1.0767,FLAT,-14.28,-12.88,-29.7,-40.92,50.8,42.16,0.3487,LOW,-,27.9575,26.9332,28.882,0,-15.5188,WEAK,8.6659
1239,79,AGM,FEDERAL AGRICULTURAL MORTGAGE NON,Financials,,small,181.05,0.7737,1.0058,1.0036,1.0304,FLAT,6.47,-0.28,10.15,-31.94,51.6,28.52,2.1219,HIGH,-,176.9555,167.1422,169.2899,1,-0.5084,TREND_ONLY,8.5813
1240,5,ALH,ALLIANCE LAUNDRY HOLDINGS INC,Industrials,,mid,25.03,0.7824,0.9698,0.9246,1.022,FLAT,8.92,0.85,0.85,-29.22,53.42,43.93,0.3088,LOW,-,24.926,23.916,,0,1.0289,WEAK,8.5584
1241,14,ADP,Automatic Data Processing,Industrials,Human Resource & Employment Services,large,231.18,0.5631,1.0494,1.0341,0.9655,STRONG_UP,-8.3,-27.42,-0.79,-40.78,48.4,32.36,0.8979,LOW,SHIFT,217.6965,208.4612,245.2351,0,-41.0122,WEAK,8.5355
1242,-1,LH,Labcorp,Health Care,Health Care Services,large,257.7,0.8066,0.9886,0.9655,0.8277,STRONG_UP,-3.24,3.96,35.14,-15.22,51.2,21.71,0.609,LOW,PROGRESS,256.1007,261.7051,266.7492,0,9.3305,WEAK,8.5337
1243,-212,FDS,FactSet,Financials,Financial Exchanges & Data,mid,255.82,0.4646,1.0774,1.0827,1.0259,FLAT,-6.76,-40.12,-33.5,-57.5,50.8,49.78,,LOW,SHIFT,225.731,222.8116,262.7034,0,-40.9434,WEAK,8.468
1244,30,NHI,NATIONAL HEALTH INVESTORS REIT INC,Real Estate,,mid,71.11,0.806,0.9376,0.8879,0.7621,STRONG_UP,-7.01,3.88,16.41,-20.99,51.2,25.28,0.8864,LOW,EARLY,74.7675,78.838,78.0139,0,7.8571,WEAK,8.4563
1245,-117,BOX,BOX INC CLASS A,Information Technology,,mid,27.66,0.5592,1.1078,1.0367,0.9443,STRONG_UP,-5.79,-27.93,-0.36,-44.57,46.0,48.03,0.6417,LOW,SHIFT,25.466,24.444,28.1625,0,-26.7507,WEAK,8.4322
1246,37,PM,Philip Morris International,Consumer Staples,Tobacco,large,173.66,0.765,0.9425,0.9703,0.8803,FLAT,13.23,-1.4,82.48,-20.64,54.0,35.27,0.7984,LOW,-,181.775,169.8386,163.7587,1,-2.1463,TREND_ONLY,8.425
1247,-83,VRTX,Vertex Pharmaceuticals,Health Care,Biotechnology,large,425.09,0.7387,0.9606,0.9348,0.8002,STRONG_UP,-0.12,-4.79,-9.59,-23.56,47.6,29.62,0.8817,LOW,EARLY,436.6125,437.6988,436.4532,0,-7.6989,WEAK,8.407
1248,-9,NWS,News Corp (Class B),Communication Services,Publishing,large,30.18,0.729,0.9786,0.9567,1.0209,FLAT,4.52,-6.05,9.11,-26.84,52.8,21.98,0.9351,LOW,-,30.2545,29.5438,29.8526,1,-14.5221,TREND_ONLY,8.4019
1249,72,PPL,PPL Corporation,Utilities,Electric Utilities,large,34.83,0.8082,0.9602,0.871,0.818,STRONG_UP,-1.18,4.17,26.94,-13.29,54.0,18.33,0.4719,LOW,EARLY,35.8025,37.397,36.3014,0,12.2828,WEAK,8.3963
1250,-55,PAYX,Paychex,Industrials,Human Resource & Employment Services,large,100.79,0.5145,1.0546,1.0435,0.9587,STRONG_UP,-6.69,-33.69,-10.16,-44.95,46.0,31.06,0.6798,LOW,SHIFT,94.1639,91.8479,106.7094,0,-49.8957,WEAK,8.3935
1251,-14,PRKS,UNITED PARKS AND RESORTS INC,Consumer Discretionary,,small,40.22,0.7209,1.003,1.1232,1.0591,FLAT,13.81,-7.09,-24.7,-46.15,48.8,50.07,0.5821,LOW,-,37.094,35.386,40.0127,1,-6.9118,TREND_ONLY,8.3765
1252,45,URBN,URBAN OUTFITTERS INC,Consumer Discretionary,,mid,72.26,0.7733,0.95,1.0021,0.9716,FLAT,-7.73,-0.33,68.09,-26.32,46.4,36.97,0.648,LOW,-,71.0975,69.1282,70.2542,1,-0.4155,TREND_ONLY,8.348
1253,-56,RVLV,REVOLVE GROUP CLASS A INC,Consumer Discretionary,,small,19.15,0.6838,0.9357,0.7716,0.6974,STRONG_UP,-23.37,-11.87,,-44.32,47.2,57.04,1.0537,MED,-,19.4365,22.53,24.2083,0,-9.8248,WEAK,8.3235
1254,-25,MDLZ,Mondelez International,Consumer Staples,Packaged Foods & Meats,large,61.07,0.7303,0.9693,0.9405,0.9441,FLAT,10.22,-5.87,-3.68,-25.93,48.8,22.11,0.7862,LOW,-,61.4665,59.3885,58.2002,1,-12.9594,TREND_ONLY,8.3202
1255,11,STC,STEWART INFO SERVICES CORP,Financials,,small,64.05,0.8458,0.9299,0.8878,0.8297,STRONG_UP,-15.44,9.01,7.47,-24.48,48.0,30.7,0.7664,LOW,-,67.379,65.9442,68.7856,0,14.0902,WEAK,8.3071
1256,-34,ZBH,Zimmer Biomet,Health Care,Health Care Equipment,large,83.75,0.7149,1.0022,0.9576,0.7889,STRONG_UP,-11.14,-7.87,-24.53,-25.54,52.0,32.92,0.8556,LOW,PROGRESS,83.489,87.4868,93.2168,0,-12.424,WEAK,8.2978
1257,-56,SPSC,SPS COMMERCE INC,Information Technology,,mid,57.8,0.3155,1.0771,0.9333,0.8363,STRONG_UP,-28.39,-59.33,-68.91,-65.58,48.4,45.39,1.4938,MED,SHIFT,54.223,55.1642,81.0167,0,-63.2676,WEAK,8.2671
1258,66,LTH,LIFE TIME GROUP HOLDINGS INC,Consumer Discretionary,,mid,32.15,0.8551,0.9599,1.1564,1.1013,FLAT,17.9,10.22,86.16,-19.24,46.8,50.56,0.5162,LOW,-,32.736,29.3864,27.7092,1,9.4562,TREND_ONLY,8.2549
1259,68,SAFE,SAFEHOLD INC,Real Estate,,small,15.1,0.825,0.9959,0.9851,0.876,STRONG_UP,15.23,6.34,-14.54,-22.9,51.6,32.33,0.7714,LOW,-,14.8095,14.764,14.5774,1,10.1111,TREND_ONLY,8.2292
1260,121,ALL,Allstate,Financials,Property & Casualty Insurance,large,210.46,0.7923,1.0009,0.9096,0.8886,STRONG_UP,1.26,2.12,33.34,-11.48,52.4,20.24,1.0831,MED,-,213.6545,212.0316,204.7346,1,5.4814,TREND_ONLY,8.2207
1261,-46,CCS,CENTURY COMMUNITIES INC,Consumer Discretionary,,small,54.41,0.8289,0.9926,1.0017,0.7596,FLAT,-14.49,6.83,-33.77,-35.02,49.2,42.0,0.6869,LOW,-,52.2857,55.7651,60.9794,0,8.0065,WEAK,8.2122
1262,38,EFX,Equifax,Industrials,Research & Consulting Services,large,176.11,0.5241,1.063,0.9699,0.7716,STRONG_UP,-15.19,-32.45,-22.51,-41.59,50.0,36.4,0.9817,LOW,SHIFT,166.038,173.9226,207.0167,0,-44.5757,WEAK,8.1819
1263,-51,LEG,LEGGETT & PLATT INC,Consumer Discretionary,,small,9.83,0.8576,0.9429,0.8833,0.7913,STRONG_UP,-16.91,10.53,-15.68,-28.51,44.8,50.29,0.6346,LOW,-,9.9635,10.359,10.3278,0,9.3815,WEAK,8.1616
1264,26,SPNT,SIRIUSPOINT LTD,Financials,,mid,20.75,0.826,0.9091,0.8614,0.8788,FLAT,-1.28,6.46,60.36,-16.28,49.2,24.02,0.5698,LOW,-,22.791,22.6862,20.5668,1,13.2419,TREND_ONLY,8.1452
1265,-29,PRAA,PRA GROUP INC,Financials,,small,14.44,0.777,0.948,0.6381,0.7618,FLAT,-11.36,0.14,-29.04,-42.34,50.0,54.48,0.6905,LOW,-,16.228,18.2992,16.2485,0,0.1273,WEAK,8.0946
1266,-133,EPAM,EPAM Systems,Information Technology,IT Consulting & Other Services,mid,103.23,0.4598,1.0031,0.8823,0.659,STRONG_UP,-45.79,-40.73,-41.41,-59.49,51.2,40.85,0.7404,LOW,PROGRESS,100.7025,116.6318,159.6086,0,-51.0543,WEAK,8.0867
1267,3,BR,Broadridge Financial Solutions,Industrials,Data Processing & Outsourced Services,large,154.83,0.5009,1.0399,0.9513,0.742,STRONG_UP,-30.99,-35.44,-19.8,-45.55,46.8,31.39,0.7547,LOW,PROGRESS,150.049,155.7824,202.8223,0,-52.8422,WEAK,8.08
1268,11,AMT,American Tower,Real Estate,Telecom Tower REITs,large,185.53,0.6995,0.9909,0.9696,0.8834,STRONG_UP,7.34,-9.85,0.9,-26.67,52.8,24.86,0.5603,LOW,-,180.7215,177.5372,180.8696,1,-20.9143,TREND_ONLY,8.0764
1269,35,BMI,BADGER METER INC,Information Technology,,mid,125.63,0.3875,0.9888,0.9927,0.7604,FLAT,-27.07,-50.05,-32.28,-55.06,46.8,59.55,0.5906,LOW,PROGRESS,120.607,132.1733,161.3375,0,-39.3361,WEAK,8.0267
1270,24,PNR,Pentair,Industrials,Industrial Machinery & Supplies & Components,large,71.26,0.5606,0.9718,0.8739,0.6633,STRONG_UP,-31.79,-27.75,-8.93,-36.62,47.6,33.05,1.4382,MED,EARLY,74.2435,81.9651,98.5065,0,-39.9706,WEAK,8.0189
1271,78,EXR,Extra Space Storage,Real Estate,Self-Storage REITs,large,142.29,0.7707,0.9734,0.9654,0.8611,STRONG_UP,10.42,-0.67,7.04,-16.7,51.2,24.12,0.4044,LOW,-,142.5635,139.651,137.6635,1,-1.4171,TREND_ONLY,8.0153
1272,-13,SLG,SL GREEN REALTY REIT CORP,Real Estate,,mid,45.14,0.6108,0.9867,1.0162,1.0085,FLAT,-1.96,-21.27,-6.58,-45.4,48.4,40.17,0.7053,LOW,SHIFT,43.8585,41.4032,46.1822,0,-25.6293,WEAK,8.0037
1273,-65,CL,Colgate-Palmolive,Consumer Staples,Household Products,large,88.27,0.7749,0.9553,0.9774,0.8385,FLAT,11.79,-0.13,-0.02,-18.64,49.2,22.36,0.4802,LOW,-,88.9695,86.1517,83.3633,1,-0.2889,TREND_ONLY,8.0007
1274,10,TRIP,TRIPADVISOR INC,Communication,,small,11.94,0.6598,1.1577,0.9962,1.0468,FLAT,-21.81,-14.96,-34.61,-51.72,46.4,50.3,1.2515,MED,-,10.3515,10.6696,13.5458,0,-13.7976,WEAK,7.9887
1275,-40,MCO,Moody's Corporation,Financials,Financial Exchanges & Data,large,453.6,0.7362,0.9925,0.9561,0.8684,STRONG_UP,-6.48,-5.12,14.73,-23.61,51.6,25.55,0.6876,LOW,SHIFT,447.1971,445.5786,474.8356,0,-10.3376,WEAK,7.9848
1276,-7,DRI,Darden Restaurants,Consumer Discretionary,Restaurants,large,198.27,0.7299,0.9513,0.9757,0.8836,FLAT,15.72,-5.93,39.83,-23.92,49.2,26.91,0.7525,LOW,-,198.174,197.0739,193.7532,1,-10.8348,TREND_ONLY,7.9824
1277,26,BKNG,Booking Holdings,Consumer Discretionary,"Hotels, Resorts & Cruise Lines",large,167.21,0.5969,0.9812,0.9546,0.886,STRONG_UP,-14.19,-23.06,12.86,-33.35,50.0,39.18,0.668,LOW,PROGRESS,162.392,170.2636,193.6551,0,-29.4337,WEAK,7.9749
1278,-48,HLMN,HILLMAN SOLUTIONS CORP,Industrials,,small,7.3,0.7644,0.9604,0.9201,0.7883,STRONG_UP,-16.28,-1.48,-20.04,-34.45,42.4,36.15,1.0019,MED,-,7.4775,8.0386,8.9108,0,-1.7411,WEAK,7.9598
1279,9,PHR,PHREESIA INC,Health Care,,small,10.36,0.3118,1.1211,1.0127,0.7379,STRONG_UP,-48.23,-59.81,-44.12,-75.24,48.0,76.87,0.9251,LOW,-,9.415,9.4596,16.9372,0,-37.3496,WEAK,7.9369
1280,-5,AHCO,ADAPTHEALTH CORP,Health Care,,small,9.65,0.8451,0.9203,0.6995,0.8977,FLAT,-1.03,8.92,0.84,-27.88,48.0,46.5,1.1673,MED,-,10.7105,11.6524,10.1644,0,9.2041,WEAK,7.9325
1281,-56,PYPL,PayPal,Financials,Transaction & Payment Processing Services,large,44.53,0.487,1.0054,0.8354,0.8568,FLAT,-28.63,-37.24,-29.45,-49.92,48.4,31.35,0.7197,LOW,EARLY,44.8755,46.5784,56.3332,0,-57.4904,WEAK,7.9245
1282,-31,MMS,MAXIMUS INC,Industrials,,mid,60.92,0.6703,0.9703,0.8972,0.7075,STRONG_UP,-29.31,-13.61,-26.61,-39.65,45.6,27.54,0.5376,LOW,EARLY,61.6057,64.099,79.1671,0,-22.5393,WEAK,7.9098
1283,58,MMI,MARCUS & MILLICHAP INC,Real Estate,,small,30.05,0.8056,1.0484,1.0344,1.028,STRONG_UP,4.59,3.83,-2.18,-24.06,48.8,25.57,0.8743,LOW,-,28.9755,27.8086,28.1574,1,7.3012,TREND_ONLY,7.898
1284,39,BANR,BANNER CORP,Financials,,mid,64.39,0.8325,0.9765,0.947,0.9532,FLAT,2.54,7.3,47.52,-14.3,48.0,23.56,0.4656,LOW,-,64.5535,63.6031,62.6886,1,14.8766,TREND_ONLY,7.8971
1285,-3,PAYC,Paycom,Industrials,Human Resource & Employment Services,mid,144.23,0.4282,1.0773,1.0339,0.9727,STRONG_UP,-10.38,-44.81,1.02,-56.97,48.4,44.96,0.6511,LOW,SHIFT,136.6903,128.7143,160.0695,0,-48.2402,WEAK,7.8729
1286,30,XYL,Xylem Inc.,Industrials,Industrial Machinery & Supplies & Components,large,110.29,0.6817,0.9936,0.9114,0.7697,STRONG_UP,-20.31,-12.13,-18.45,-30.04,50.4,25.81,0.7263,LOW,EARLY,110.3999,116.936,132.8961,0,-23.6953,WEAK,7.8592
1287,-9,RWT,REDWOOD TRUST REIT INC,Financials,,small,5.37,0.8555,0.9936,0.9065,0.8161,STRONG_UP,2.73,10.27,5.92,-19.91,48.0,30.63,0.6116,LOW,-,5.354,5.5636,5.4512,0,16.0887,WEAK,7.8487
1288,18,GBX,GREENBRIER INC,Industrials,,small,47.01,0.8228,0.9612,0.9038,0.7505,STRONG_UP,6.58,6.04,-9.22,-26.98,50.8,34.41,0.6596,LOW,-,48.6285,49.6327,47.9544,0,8.9243,WEAK,7.8417
1289,-104,AZO,AutoZone,Consumer Discretionary,Automotive Retail,large,3029.3601,0.6271,0.9886,0.8223,0.7331,STRONG_UP,-23.25,-19.17,9.26,-32.59,48.8,32.59,0.747,LOW,EARLY,3306.804,3415.086,3709.8097,0,-28.7109,WEAK,7.8346
1290,41,ED,Consolidated Edison,Utilities,Multi-Utilities,large,103.79,0.8059,0.9494,0.9024,0.8369,STRONG_UP,7.77,3.87,18.46,-9.52,52.0,17.09,0.9144,LOW,-,106.3534,108.7478,102.4484,1,11.7865,TREND_ONLY,7.8307
1291,-27,AORT,ARTIVION INC,Health Care,,small,20.42,0.5569,0.8864,0.5433,0.4771,STRONG_UP,-55.44,-28.22,-13.22,-57.13,51.6,69.86,0.9279,LOW,-,24.644,31.6532,39.7025,0,-20.8475,WEAK,7.7936
1292,0,FIS,Fidelity National Information Services,Financials,Transaction & Payment Processing Services,large,42.52,0.4223,0.9998,0.8501,0.7703,STRONG_UP,-34.82,-45.58,-41.55,-48.19,46.0,35.22,0.7735,LOW,EARLY,43.3605,45.5008,57.4682,0,-59.528,WEAK,7.7833
1293,-53,ICUI,ICU MEDICAL INC,Health Care,,mid,130.48,0.7755,0.9319,1.0394,0.8239,FLAT,-10.76,-0.05,18.01,-27.18,48.0,35.93,0.9934,LOW,SHIFT,127.406,126.057,134.0417,0,-0.0614,WEAK,7.7594
1294,73,TOWN,TOWNEBANK,Financials,,mid,33.83,0.8032,0.9819,0.9256,0.9179,STRONG_UP,3.41,3.52,37.44,-14.28,48.4,18.99,0.7504,LOW,-,34.3155,34.2077,33.6383,1,8.9836,TREND_ONLY,7.7209
1295,1,IRTC,IRHYTHM HOLDINGS INC,Health Care,,mid,105.5,0.5646,0.9358,0.8368,0.7417,STRONG_UP,-42.27,-27.23,25.49,-44.25,47.2,42.2,,LOW,EARLY,115.277,118.5782,153.9064,0,-30.4578,WEAK,7.6919
1296,-3,ENR,ENERGIZER HOLDINGS INC,Consumer Staples,,small,18.31,0.6774,0.971,0.9118,0.8818,STRONG_UP,8.88,-12.69,-30.22,-43.62,47.6,49.11,1.1395,MED,-,17.5823,17.8912,20.8436,0,-12.2998,WEAK,7.6893
1297,49,ECL,Ecolab,Materials,Specialty Chemicals,large,256.26,0.7569,0.9642,0.9478,0.7759,STRONG_UP,-5.57,-2.45,12.26,-20.09,51.6,24.94,0.8573,LOW,PROGRESS,253.3815,261.6914,270.3862,0,-5.0669,WEAK,7.6759
1298,-48,NTGR,NETGEAR INC,Information Technology,,small,27.25,0.7013,1.0435,1.0425,1.1312,FLAT,5.5,-9.62,98.76,-44.82,48.4,49.38,0.9149,LOW,-,25.7575,24.8854,25.6898,1,-9.4277,TREND_ONLY,7.6716
1299,43,AI,C3 AI INC CLASS A,Information Technology,,small,11.18,0.3379,1.1518,1.1462,1.0825,STRONG_UP,-20.65,-56.45,-62.05,-73.39,47.2,59.46,1.9821,HIGH,-,9.582,9.0678,13.0897,0,-44.8084,WEAK,7.6588
1300,-182,QTWO,Q2 HOLDINGS INC,Information Technology,,mid,48.88,0.424,1.0753,0.8632,0.8796,FLAT,-32.29,-45.35,-19.39,-53.08,43.6,51.48,0.7354,LOW,SHIFT,47.481,48.4136,62.1492,0,-38.4125,WEAK,7.6465
1301,-34,CARG,CARGURUS INC CLASS A,Communication,,mid,28.64,0.7075,0.9791,0.7321,0.7684,FLAT,-19.66,-8.82,19.98,-30.92,50.4,42.35,1.08,MED,EARLY,30.9122,33.8491,34.4298,0,-10.4952,WEAK,7.6457
1302,-55,ACAD,ACADIA PHARMACEUTICALS INC,Health Care,,mid,20.89,0.7374,0.974,0.8899,0.8034,STRONG_UP,-15.94,-4.96,36.71,-27.58,46.8,37.68,0.6781,LOW,EARLY,21.5335,21.772,23.5361,0,-6.1593,WEAK,7.6413
1303,-35,VERX,VERTEX INC CLASS A,Information Technology,,small,13.85,0.263,1.0912,0.9814,0.8224,STRONG_UP,-27.94,-66.1,-58.36,-74.21,44.0,69.05,1.0438,MED,-,13.413,12.6316,18.4204,0,-42.1226,WEAK,7.5931
1304,35,CMS,CMS Energy,Utilities,Multi-Utilities,large,71.85,0.81,0.9565,0.9043,0.8338,STRONG_UP,-0.29,4.4,21.89,-11.02,52.4,18.73,0.9436,LOW,EARLY,73.0596,75.0787,72.5625,0,12.3116,WEAK,7.5707
1305,-44,COUR,COURSERA INC,Consumer Discretionary,,small,5.54,0.4734,1.0289,0.8983,0.7632,STRONG_UP,-31.52,-38.99,-25.14,-59.92,52.8,71.11,1.0997,MED,-,5.534,5.7744,7.7607,0,-28.9481,WEAK,7.5664
1306,26,WTW,Willis Towers Watson,Financials,Insurance Brokers,large,256.41,0.6415,0.9972,0.9322,0.76,STRONG_UP,-19.58,-17.31,2.95,-30.39,49.6,33.12,0.9266,LOW,PROGRESS,253.5935,273.4486,308.7049,0,-25.9286,WEAK,7.5573
1307,-21,TIC,TIC SOLUTIONS INC,Industrials,,small,8.3,0.6018,0.9821,0.8455,0.8115,STRONG_UP,-12.45,-22.43,-30.83,-54.66,47.6,54.42,0.4799,LOW,-,8.932,8.3012,10.146,0,-19.619,WEAK,7.555
1308,-28,CXW,CORECIVIC REIT INC,Industrials,,mid,21.35,0.7547,0.9955,1.0016,1.0404,STRONG_DOWN,19.07,-2.73,29.95,-28.41,48.0,41.69,0.8157,LOW,-,20.932,20.4304,19.3462,1,-3.1472,TREND_ONLY,7.5264
1309,2,EQT,EQT Corporation,Energy,Oil & Gas Exploration & Production,large,54.68,0.7577,0.9792,0.8773,0.8045,STRONG_UP,-9.14,-2.35,37.07,-19.28,50.8,27.52,0.6118,LOW,EARLY,56.5677,58.8203,56.245,0,-4.3316,WEAK,7.5099
1310,-23,YUM,Yum! Brands,Consumer Discretionary,Restaurants,large,146.58,0.8051,0.9527,0.9018,0.8334,STRONG_UP,-1.3,3.77,9.33,-12.41,50.0,20.33,0.8214,LOW,EARLY,151.3121,155.2159,151.4112,0,9.2737,WEAK,7.5004
1311,-51,JBLU,JETBLUE AIRWAYS CORP,Industrials,,small,4.93,0.7342,0.902,0.9729,0.8782,FLAT,10.29,-5.37,-12.43,-37.62,45.2,76.87,0.8097,LOW,-,4.9665,4.9194,4.9082,1,-3.1601,TREND_ONLY,7.4902
1312,-166,PNTG,PENNANT GROUP INC,Health Care,,small,30.86,0.8237,0.8968,0.938,0.8277,FLAT,8.66,6.16,33.16,-26.06,50.4,39.65,0.8195,LOW,-,34.3375,32.0584,28.8457,1,7.827,TREND_ONLY,7.4754
1313,52,CME,CME Group,Financials,Financial Exchanges & Data,large,250.53,0.7149,0.8869,0.8158,0.7211,STRONG_UP,-7.63,-7.86,34.9,-21.42,53.6,25.65,3.1562,HIGH,EARLY,285.215,290.7574,277.2525,0,-16.4252,WEAK,7.4663
1314,39,UPWK,UPWORK INC,Industrials,,small,8.98,0.4614,1.0269,0.8069,0.6015,STRONG_UP,-54.83,-40.53,-14.96,-63.46,48.0,59.14,1.0645,MED,-,8.8855,10.0966,15.4769,0,-32.8953,WEAK,7.4308
1315,-14,MWA,MUELLER WATER PRODUCTS INC SERIES,Industrials,,mid,25.08,0.8014,0.9653,0.873,0.7658,STRONG_UP,4.68,3.29,43.5,-18.55,49.6,27.86,0.6536,LOW,EARLY,25.7017,27.1763,26.2453,0,5.8498,WEAK,7.4197
1316,-17,NOG,NORTHERN OIL AND GAS INC,Energy,,mid,22.04,0.6344,1.0199,0.7774,0.7089,STRONG_UP,-1.06,-18.23,-36.44,-34.26,51.2,42.74,1.0559,MED,EARLY,23.5015,25.8786,24.0275,0,-21.8385,WEAK,7.3494
1317,-7,CDRE,CADRE HOLDINGS INC,Industrials,,small,30.2,0.7053,0.9719,0.9717,0.5997,STRONG_UP,-28.1,-9.1,-3.8,-40.57,50.8,64.26,0.4333,LOW,-,30.2775,30.618,37.0659,0,-7.1937,WEAK,7.3322
1318,-1,HD,Home Depot (The),Consumer Discretionary,Home Improvement Retail,large,311.52,0.6642,0.9683,0.9426,0.7643,STRONG_UP,-11.67,-14.39,-0.89,-28.81,46.8,27.91,0.9461,LOW,EARLY,311.673,324.18,360.7538,0,-24.1292,WEAK,7.2977
1319,-48,HNI,HNI CORP,Industrials,,mid,30.75,0.5229,0.9718,0.8192,0.6459,STRONG_UP,-25.08,-32.6,-30.07,-43.91,45.2,46.06,0.5643,LOW,EARLY,31.3841,33.7301,40.7467,0,-31.9922,WEAK,7.2865
1320,-110,ACIW,ACI WORLDWIDE INC,Information Technology,,mid,43.71,0.7248,1.0205,0.9331,0.9265,STRONG_UP,-5.31,-6.58,23.61,-28.25,51.2,36.01,0.8155,LOW,SHIFT,43.0415,42.4726,45.5283,0,-9.3593,WEAK,7.2799
1321,14,CI,Cigna,Health Care,Health Care Services,large,272.72,0.69,0.943,0.9228,0.8663,STRONG_UP,0.8,-11.07,-17.05,-26.54,49.2,27.26,0.7693,LOW,EARLY,285.138,278.8914,280.3444,0,-19.9869,WEAK,7.2597
1322,23,BXMT,BLACKSTONE MORTGAGE TRUST REIT CLA,Financials,,mid,18.31,0.8346,0.9736,0.9148,0.8684,STRONG_UP,-1.21,7.56,28.33,-12.02,50.0,25.98,0.8498,LOW,EARLY,18.3905,18.9362,18.4705,0,14.5575,WEAK,7.243
1323,-85,ARLO,ARLO TECHNOLOGIES INC,Information Technology,,small,13.37,0.7076,1.0,0.8568,0.7997,STRONG_UP,-5.98,-8.8,-6.18,-42.23,50.8,47.19,0.8716,LOW,-,13.4375,13.91,14.8908,0,-9.4726,WEAK,7.2219
1324,-15,DIS,Walt Disney Company (The),Communication Services,Movies & Entertainment,large,101.41,0.7003,0.9617,0.9462,0.8853,STRONG_UP,-4.38,-9.74,0.67,-24.97,44.8,25.82,0.6747,LOW,EARLY,104.164,101.7346,107.8374,0,-16.9056,WEAK,7.2143
1325,12,MOS,Mosaic Company (The),Materials,Fertilizers & Agricultural Chemicals,mid,23.3,0.5094,0.9705,0.9686,0.8209,STRONG_UP,-4.03,-34.34,-18.11,-42.01,45.2,52.55,0.4488,LOW,PROGRESS,22.5336,23.6578,26.8717,0,-29.5367,WEAK,7.2093
1326,-49,APOG,APOGEE ENTERPRISES INC,Industrials,,small,38.57,0.7943,1.0135,1.0563,0.913,FLAT,6.55,2.37,-36.21,-29.12,48.4,38.45,0.8942,LOW,-,36.0741,35.2129,37.5457,1,2.9841,TREND_ONLY,7.1229
1327,-36,NSP,INSPERITY INC,Industrials,,small,35.85,0.4656,1.075,1.1468,1.5487,STRONG_DOWN,6.16,-39.99,-59.03,-66.7,48.0,80.62,0.5557,LOW,-,31.91,30.3066,36.5444,0,-23.8104,WEAK,7.1082
1328,-20,AMCR,Amcor,Materials,Paper & Plastic Packaging Products & Materials,large,38.41,0.6746,0.9726,1.0001,0.7656,FLAT,-7.35,-13.05,-18.51,-26.51,48.4,40.23,0.5152,LOW,PROGRESS,38.1667,38.7574,40.8012,0,-15.7001,WEAK,7.1062
1329,-149,AGYS,AGILYSYS INC,Information Technology,,small,89.74,0.6252,1.1171,1.2178,1.0089,FLAT,-25.3,-19.42,-4.53,-55.93,52.0,54.09,0.8633,LOW,-,76.022,71.229,97.4653,0,-18.6713,WEAK,7.1046
1330,-98,BJRI,BJS RESTAURANTS INC,Consumer Discretionary,,small,44.35,0.7652,0.9472,1.1343,1.1347,STRONG_DOWN,19.16,-1.38,26.21,-38.67,50.4,37.67,0.7234,LOW,-,43.2015,39.621,37.4115,1,-1.8446,TREND_ONLY,7.0772
1331,-19,LW,Lamb Weston,Consumer Staples,Packaged Foods & Meats,mid,41.61,0.5974,0.9612,0.9329,0.8204,STRONG_UP,-28.86,-23.01,-49.74,-41.37,50.0,38.57,0.593,LOW,EARLY,42.4717,42.2619,49.8104,0,-29.8251,WEAK,7.0686
1332,45,ISRG,Intuitive Surgical,Health Care,Health Care Equipment,large,402.3,0.5656,0.9496,0.8407,0.7221,STRONG_UP,-29.09,-27.1,-0.39,-32.14,47.2,32.77,1.6099,HIGH,EARLY,433.3245,451.0774,494.3163,0,-39.0329,WEAK,7.0543
1333,-5,ITGR,INTEGER HOLDINGS CORP,Health Care,,mid,90.31,0.5846,1.0029,1.0169,0.9443,FLAT,25.87,-24.65,-25.56,-48.51,52.8,31.89,0.4183,LOW,-,88.7785,87.3292,87.0841,1,-40.8086,TREND_ONLY,7.0386
1334,-32,TGLS,TECNOGLASS INC,Industrials,,mid,43.75,0.3989,1.0031,1.008,0.8645,FLAT,-12.63,-48.59,-13.38,-56.77,46.0,46.99,0.5431,LOW,SHIFT,41.2565,42.6621,52.5593,0,-47.5652,WEAK,7.0052
1335,-92,SCL,STEPAN,Materials,,small,52.27,0.769,0.97,0.9802,0.9511,FLAT,17.48,-0.89,-35.39,-32.78,54.8,30.09,0.4414,LOW,-,51.4158,50.6835,49.0769,1,-1.6235,TREND_ONLY,6.9982
1336,12,TDG,TransDigm Group,Industrials,Aerospace & Defense,large,1246.98,0.7102,0.9928,1.0253,0.8529,FLAT,-7.96,-8.46,5.07,-25.3,52.4,31.01,0.8217,LOW,SHIFT,1212.942,1197.3346,1285.7147,0,-14.3017,WEAK,6.9748
1337,-17,WKC,WORLD KINECT CORP,Energy,,small,28.81,0.8368,0.989,0.9932,1.0647,STRONG_DOWN,25.7,7.86,14.74,-22.53,52.0,30.59,0.5394,LOW,-,28.276,25.7948,25.1902,1,13.3534,TREND_ONLY,6.9553
1338,33,KVUE,Kenvue,Consumer Staples,Personal Care Products,large,17.32,0.6332,0.9673,0.9662,0.8668,STRONG_UP,2.96,-18.39,-2.25,-37.63,48.8,18.41,0.8676,LOW,-,17.3325,17.2416,17.0894,1,-48.748,TREND_ONLY,6.9452
1339,120,CWT,CALIFORNIA WATER SERVICE GROUP,Utilities,,mid,45.34,0.7763,1.0167,1.0033,0.8747,STRONG_UP,1.83,0.06,-3.53,-14.59,51.2,29.68,1.0626,MED,-,43.4643,44.4001,44.6381,1,0.0972,TREND_ONLY,6.9087
1340,-75,BHVN,BIOHAVEN LTD,Health Care,,small,10.13,0.4981,0.8865,0.9444,0.8588,FLAT,8.69,-35.8,-70.71,-56.99,44.4,78.94,0.9075,LOW,-,9.6635,9.6078,11.7911,0,-20.1385,WEAK,6.904
1341,-16,VYX,NCR VOYIX CORP,Information Technology,,small,7.27,0.5213,1.0949,0.9558,0.7995,STRONG_UP,-27.81,-32.81,-44.97,-57.96,48.4,60.09,0.9031,LOW,-,7.0465,6.8118,9.7196,0,-26.4268,WEAK,6.8935
1342,-47,APAM,ARTISAN PARTNERS ASSET MANAGEMENT,Financials,,mid,37.33,0.7862,0.9708,0.9778,0.8561,FLAT,-4.14,1.33,1.7,-21.92,50.0,24.92,0.6845,LOW,SHIFT,36.9748,36.5051,39.4131,0,2.6637,WEAK,6.8526
1343,-36,SKYW,SKYWEST INC,Industrials,,mid,81.82,0.6134,0.933,0.9505,0.7334,FLAT,-17.59,-20.94,3.03,-36.63,44.8,41.51,1.0759,MED,EARLY,84.502,88.4896,98.8732,0,-22.5988,WEAK,6.8335
1344,-22,EQR,Equity Residential,Real Estate,Multi-Family Residential REITs,large,66.21,0.779,0.9818,0.9593,0.9602,FLAT,10.28,0.41,9.81,-14.7,50.4,19.96,0.8852,LOW,-,65.8255,63.0841,61.5898,1,1.0235,TREND_ONLY,6.8313
1345,-5,PWP,PERELLA WEINBERG PARTNERS CLASS A,Financials,,small,16.16,0.723,0.8722,0.7927,0.7831,STRONG_UP,-9.11,-6.81,9.12,-33.93,48.4,46.64,1.1331,MED,-,18.0279,19.0618,19.4988,0,-7.0699,WEAK,6.8288
1346,32,LKFN,LAKELAND FINANCIAL CORP,Financials,,small,60.11,0.8002,0.9862,0.9359,0.9278,STRONG_UP,4.05,3.14,5.17,-18.57,48.4,22.3,0.6888,LOW,-,59.9535,59.4058,59.4844,1,6.807,TREND_ONLY,6.8148
1347,-3,BRO,Brown & Brown,Financials,Insurance Brokers,large,56.59,0.3934,0.9842,0.9308,0.7106,STRONG_UP,-29.93,-49.29,-35.42,-51.27,46.4,30.57,1.1694,MED,EARLY,56.8236,61.8563,76.6071,0,-74.8187,WEAK,6.8111
1348,-29,CHD,Church & Dwight,Consumer Staples,Household Products,large,96.14,0.7592,0.9692,0.9816,0.8467,FLAT,14.39,-2.15,-8.18,-17.63,50.4,21.89,0.8452,LOW,-,95.0655,94.6159,91.2244,1,-4.9514,TREND_ONLY,6.8014
1349,34,AVB,AvalonBay Communities,Real Estate,Multi-Family Residential REITs,large,183.38,0.7248,0.9729,0.9502,0.9365,STRONG_UP,4.2,-6.58,1.15,-20.87,51.6,20.54,0.4793,LOW,-,184.9205,176.2223,177.9955,1,-16.5381,TREND_ONLY,6.777
1350,46,VRTS,VIRTUS INVESTMENT PARTNERS INC,Financials,,small,147.27,0.7089,1.0104,0.9981,0.9582,STRONG_UP,-5.24,-8.64,-29.14,-38.95,52.4,35.5,1.4498,MED,-,141.9795,137.7932,155.8032,0,-12.749,WEAK,6.7297
1351,-38,LADR,LADDER CAPITAL CORP CLASS A,Financials,,small,10.19,0.8199,0.9832,0.9471,0.9016,STRONG_UP,-2.56,5.68,7.16,-14.68,49.6,18.68,0.5526,LOW,-,10.1175,10.0743,10.3548,0,15.0801,WEAK,6.7237
1352,-23,ACVA,ACV AUCTIONS INC CLASS A,Industrials,,small,6.32,0.3001,1.0407,1.1272,1.0412,FLAT,-18.35,-61.32,-64.51,-75.43,48.0,68.42,1.0004,MED,-,6.0105,5.2516,7.4862,0,-43.0203,WEAK,6.7167
1353,-20,AOS,A. O. Smith,Industrials,Building Products,mid,56.76,0.7026,0.9667,0.9116,0.7,STRONG_UP,-13.11,-9.45,-28.19,-30.29,47.2,28.4,0.6178,LOW,EARLY,57.667,61.65,67.7346,0,-15.6993,WEAK,6.6432
1354,0,INVH,Invitation Homes,Real Estate,Single-Family Residential REITs,large,28.87,0.6984,0.9699,0.9559,0.9797,FLAT,6.32,-9.99,-10.3,-26.13,46.8,20.78,0.4872,LOW,-,28.8825,27.3292,27.2724,1,-22.5041,TREND_ONLY,6.6413
1355,-41,RMD,ResMed,Health Care,Health Care Equipment,large,182.82,0.5798,0.8764,0.8276,0.6367,STRONG_UP,-26.01,-25.27,-10.18,-37.28,49.2,25.71,1.1189,MED,EARLY,202.6161,214.3724,246.7584,0,-48.3663,WEAK,6.6296
1356,-1,ORLY,O’Reilly Automotive,Consumer Discretionary,Automotive Retail,large,86.23,0.7314,0.957,0.8673,0.8228,STRONG_UP,-14.83,-5.73,35.21,-20.02,51.2,27.31,0.757,LOW,EARLY,90.8105,91.962,96.4049,0,-10.7425,WEAK,6.6137
1357,5,CNS,COHEN & STEERS INC,Financials,,mid,71.2,0.7544,0.9925,0.995,0.976,FLAT,17.74,-2.76,6.87,-23.32,50.0,23.26,0.8495,LOW,-,71.2498,67.3104,65.6371,1,-5.9414,TREND_ONLY,6.567
1358,0,CRVL,CORVEL CORP,Health Care,,mid,57.61,0.3998,0.9582,0.9511,0.9763,FLAT,-20.34,-48.48,-27.94,-58.86,45.6,38.84,1.188,MED,-,59.3325,56.9336,66.7405,0,-56.9121,WEAK,6.5377
1359,-9,KR,Kroger,Consumer Staples,Food Retail,large,61.56,0.7269,0.9402,0.866,0.8188,STRONG_UP,-7.93,-6.31,23.78,-19.44,46.8,29.59,0.9664,LOW,EARLY,65.5368,67.7193,66.2251,0,-9.9874,WEAK,6.4991
1360,-3,CCOI,COGENT COMMUNICATIONS HOLDINGS INC,Communication,,small,17.4,0.2932,0.7952,1.006,0.6793,FLAT,-10.44,-62.21,-66.61,-69.3,51.2,91.93,0.619,LOW,-,17.5885,19.6798,26.3864,0,-34.6472,WEAK,6.4744
1361,-25,WGO,WINNEBAGO INDUSTRIES INC,Consumer Discretionary,,small,29.28,0.6927,0.9672,0.9081,0.6827,STRONG_UP,-18.95,-10.72,,-42.83,50.4,38.02,0.723,LOW,-,29.902,31.2837,36.1272,0,-14.2092,WEAK,6.4668
1362,4,EYE,NATIONAL VISION HOLDINGS INC,Consumer Discretionary,,small,16.33,0.5943,0.9725,0.7045,0.5058,STRONG_UP,-41.66,-23.41,5.56,-45.42,47.6,67.82,0.8669,LOW,-,18.5325,22.4128,25.5228,0,-16.4272,WEAK,6.4628
1363,-33,LMB,LIMBACH HOLDINGS INC,Industrials,,small,80.16,0.4608,0.983,0.7408,0.8282,FLAT,15.34,-40.61,44.09,-55.92,48.4,90.67,,LOW,-,77.2445,83.629,87.4224,0,-21.6773,WEAK,6.4531
1364,-8,FUN,SIX FLAGS ENTERTAINMENT CORP,Consumer Discretionary,,small,20.7,0.4851,0.9976,1.108,1.113,STRONG_DOWN,39.21,-37.48,-51.79,-61.43,50.0,68.38,0.741,LOW,-,20.235,19.1138,18.8875,1,-27.4065,TREND_ONLY,6.4393
1365,41,FFIN,FIRST FINANCIAL BANKSHARES INC,Financials,,mid,32.64,0.7235,0.9932,0.9706,0.9695,STRONG_UP,4.62,-6.75,16.34,-23.37,48.4,21.29,1.0306,MED,-,32.0825,31.485,32.0179,1,-15.3379,TREND_ONLY,6.4004
1366,-14,CBRL,CRACKER BARREL OLD COUNTRY STORE I,Consumer Discretionary,,small,34.17,0.4831,0.9766,1.1107,1.0123,FLAT,21.19,-37.74,-29.29,-64.96,45.2,47.49,0.8479,LOW,-,31.5175,30.0427,33.9604,1,-35.9211,TREND_ONLY,6.3979
1367,7,DNOW,DNOW INC,Industrials,,mid,13.3,0.7006,1.0023,0.9368,0.9617,FLAT,-4.18,-9.71,-5.61,-34.08,57.2,30.42,0.7032,LOW,SHIFT,13.1555,12.6502,13.8365,0,-18.2545,WEAK,6.3956
1368,-8,BXP,"BXP, Inc.",Real Estate,Office REITs,mid,61.21,0.7076,0.996,0.9877,0.9903,FLAT,-12.91,-8.8,13.09,-33.56,51.6,26.03,0.4965,LOW,SHIFT,59.6145,56.7984,64.0424,0,-17.4456,WEAK,6.3537
1369,19,CPK,CHESAPEAKE UTILITIES CORP,Utilities,,mid,122.29,0.7909,0.9601,0.914,0.8033,STRONG_UP,-9.67,1.94,14.68,-12.54,52.0,20.17,1.0532,MED,EARLY,125.653,126.6002,128.1173,0,4.9972,WEAK,6.2892
1370,-113,HQY,HEALTHEQUITY INC,Health Care,,mid,88.34,0.6606,1.0083,1.0161,0.9792,FLAT,-13.74,-14.86,8.77,-35.25,50.8,36.29,0.7968,LOW,SHIFT,85.2285,83.6176,88.4282,0,-20.8033,WEAK,6.1766
1371,-8,MKC,McCormick & Company,Consumer Staples,Packaged Foods & Meats,large,46.15,0.5024,0.9589,0.9085,0.6375,STRONG_UP,-29.39,-35.25,-32.41,-39.5,48.0,32.81,0.7556,LOW,EARLY,47.1135,49.6994,61.4652,0,-51.5632,WEAK,6.1437
1372,-29,RDN,RADIAN GROUP INC,Financials,,mid,33.79,0.7939,0.9455,0.9008,0.876,STRONG_UP,-4.51,2.33,12.45,-14.34,50.0,23.21,0.8471,LOW,EARLY,36.297,35.2326,34.4644,0,5.0174,WEAK,6.1333
1373,-12,DPZ,Domino's,Consumer Discretionary,Restaurants,large,307.53,0.5224,0.9747,0.8798,0.6838,STRONG_UP,-26.78,-32.68,-39.36,-36.93,45.6,32.1,0.5524,LOW,EARLY,314.229,341.936,395.8027,0,-46.4184,WEAK,6.1323
1374,-23,MGRC,MCGRATH RENT,Industrials,,mid,106.93,0.7256,0.946,0.9068,0.8695,STRONG_UP,5.77,-6.48,3.06,-24.87,48.4,29.07,0.6833,LOW,EARLY,111.733,112.0507,111.5079,0,-10.7847,WEAK,6.0859
1375,32,IDT,IDT CORP CLASS B,Communication,,small,55.41,0.732,1.0442,1.0096,0.9508,STRONG_UP,11.05,-5.65,39.94,-33.19,50.0,23.79,0.8743,LOW,-,53.157,51.3702,52.4318,1,-11.8754,TREND_ONLY,6.0663
1376,-114,MLKN,MILLERKNOLL INC,Industrials,,small,15.055,0.7119,0.9197,0.9293,0.6849,FLAT,-2.43,-8.25,-41.65,-37.8,48.4,62.59,0.7577,LOW,-,15.3189,15.7375,17.4678,0,-6.3771,WEAK,6.062
1377,41,WMK,WEIS MARKETS INC,Consumer Staples,,small,74.23,0.7858,1.0016,1.0229,1.0219,FLAT,13.98,1.27,16.85,-20.22,51.6,26.6,1.0553,MED,-,71.6642,70.2098,68.3375,1,2.4684,TREND_ONLY,6.0588
1378,69,DEI,DOUGLAS EMMETT REIT INC,Real Estate,,small,11.87,0.6784,1.0189,1.0118,1.053,FLAT,1.61,-12.56,-4.2,-44.09,43.6,31.34,0.8333,LOW,-,11.7105,10.6804,11.708,1,-17.471,TREND_ONLY,6.0386
1379,21,AVY,Avery Dennison,Materials,Paper & Plastic Packaging Products & Materials,large,157.04,0.6928,0.9666,0.9251,0.7546,STRONG_UP,-8.03,-10.71,-28.17,-21.49,47.2,24.8,1.215,MED,EARLY,159.7475,164.9686,172.5843,0,-20.3835,WEAK,5.9485
1380,-8,PRCT,PROCEPT BIOROBOTICS CORP,Health Care,,small,26.76,0.3461,0.9992,1.0188,0.9063,FLAT,-12.0,-55.39,-59.18,-66.63,43.6,69.41,0.612,LOW,-,26.709,25.3986,30.8794,0,-34.7926,WEAK,5.9237
1381,71,PEG,Public Service Enterprise Group,Utilities,Electric Utilities,large,78.32,0.7621,0.9694,0.9203,0.8464,STRONG_UP,-2.44,-1.78,11.82,-13.15,53.2,20.39,1.2548,MED,PROGRESS,78.2325,79.881,80.6619,0,-4.6386,WEAK,5.8572
1382,0,SJM,J.M. Smucker Company (The),Consumer Staples,Packaged Foods & Meats,large,100.47,0.7219,0.9639,0.9909,0.7965,FLAT,-0.47,-6.96,-2.26,-22.82,48.4,21.85,0.5764,LOW,-,100.5478,96.7117,101.4992,0,-15.4199,WEAK,5.8502
1383,-7,CMCSA,Comcast,Communication Services,Cable & Satellite,large,24.85,0.6196,0.9735,0.8678,0.7047,STRONG_UP,2.1,-20.15,-27.73,-25.72,48.8,37.83,0.6693,LOW,EARLY,25.227,27.0701,27.9158,0,-25.9888,WEAK,5.8479
1384,18,UFPI,UFP INDUSTRIES INC,Industrials,,mid,81.32,0.656,0.9761,0.9614,0.746,STRONG_UP,-11.35,-15.45,-28.28,-31.29,43.2,31.34,0.9303,LOW,EARLY,81.3866,87.8565,94.1059,0,-21.2974,WEAK,5.8479
1385,30,AWR,AMERICAN STATES WATER,Utilities,,mid,77.28,0.7854,0.9939,0.9668,0.9071,STRONG_UP,6.66,1.22,11.24,-11.55,50.0,23.93,0.6749,LOW,-,76.3828,76.2923,73.3932,1,2.5555,TREND_ONLY,5.8329
1386,0,CWST,CASELLA WASTE SYSTEMS INC CLASS A,Industrials,,mid,83.0,0.5555,0.9509,0.9081,0.7981,STRONG_UP,-13.67,-28.41,-16.09,-36.69,48.0,46.1,0.6227,LOW,EARLY,85.5385,83.0498,92.072,0,-29.5758,WEAK,5.8124
1387,49,HRTG,HERITAGE INSURANCE HOLDINGS INC,Financials,,small,21.2,0.6684,0.9452,0.7049,0.6765,STRONG_UP,-25.8,-13.86,157.28,-31.92,50.0,54.04,1.5493,HIGH,-,23.454,25.751,26.0268,0,-12.8203,WEAK,5.791
1388,32,UDR,"UDR, Inc.",Real Estate,Multi-Family Residential REITs,large,36.84,0.7289,0.9571,0.9578,0.8889,FLAT,4.58,-6.05,3.5,-18.18,49.2,20.09,1.151,MED,-,37.3325,35.716,35.7975,1,-14.8194,TREND_ONLY,5.7759
1389,36,PRA,PROASSURANCE CORP,Financials,,small,23.98,0.8027,0.9678,0.9196,0.8716,STRONG_UP,0.08,3.45,68.16,-3.76,46.0,7.6,0.8482,LOW,-,24.473,24.5536,24.2248,0,20.8891,WEAK,5.7633
1390,14,DOLE,DOLE PLC,Consumer Staples,,small,14.16,0.7875,0.9662,0.8818,0.8292,STRONG_UP,-2.98,1.49,19.08,-15.18,52.0,24.45,1.8992,HIGH,-,14.4775,14.7424,14.4229,0,3.1756,WEAK,5.7168
1391,3,SIGI,SELECTIVE INSURANCE GROUP INC,Financials,,mid,86.05,0.7621,0.9554,1.0108,0.9471,FLAT,9.96,-1.78,-8.0,-18.18,52.8,29.78,0.8338,LOW,-,86.7093,82.2931,80.4624,1,-3.1572,TREND_ONLY,5.7091
1392,22,HIG,Hartford (The),Financials,Property & Casualty Insurance,large,127.17,0.7723,0.9586,0.9026,0.8084,STRONG_UP,-5.3,-0.46,29.49,-11.05,51.2,19.61,1.131,MED,EARLY,132.2112,134.5952,132.827,0,-1.1999,WEAK,5.6902
1393,-8,STE,Steris,Health Care,Health Care Equipment,large,209.76,0.6739,0.9736,0.9342,0.7763,STRONG_UP,-20.01,-13.15,-6.54,-24.67,48.4,25.52,0.5629,LOW,EARLY,212.9035,217.7302,240.7802,0,-24.9353,WEAK,5.6811
1394,7,T,AT&T,Communication Services,Integrated Telecommunication Services,large,24.64,0.7136,0.9781,0.8924,0.7728,STRONG_UP,-2.33,-8.03,50.23,-20.59,48.8,23.15,0.8247,LOW,EARLY,24.9565,26.1463,25.9977,0,-16.9228,WEAK,5.6766
1395,63,PAYO,PAYONEER GLOBAL INC,Financials,,small,5.35,0.6186,1.0593,1.0094,1.0068,STRONG_UP,-6.47,-20.27,-9.01,-42.45,48.4,41.41,1.8992,HIGH,-,5.007,4.9712,5.5957,0,-23.6895,WEAK,5.6705
1396,-26,KHC,Kraft Heinz,Consumer Staples,Packaged Foods & Meats,large,23.33,0.7082,0.9455,0.9837,0.8876,FLAT,-6.5,-8.73,-25.78,-23.19,51.6,25.8,0.8382,LOW,-,23.5205,22.7988,23.9088,0,-17.4542,WEAK,5.6396
1397,-4,CALM,CAL MAINE FOODS INC,Consumer Staples,,mid,74.53,0.6261,0.9685,0.9425,0.761,STRONG_UP,-9.69,-19.3,37.91,-37.0,50.0,30.6,0.7322,LOW,EARLY,76.738,76.8118,85.7361,0,-31.5429,WEAK,5.5928
1398,-23,ITRI,ITRON INC,Information Technology,,mid,83.935,0.545,0.9722,0.9421,0.8181,STRONG_UP,-13.78,-29.76,-20.44,-43.64,51.6,37.04,0.573,LOW,PROGRESS,82.2967,87.3587,102.4486,0,-41.4604,WEAK,5.5772
1399,-61,SDGR,SCHRODINGER INC,Health Care,,small,14.94,0.5062,1.1149,1.0948,1.0243,STRONG_UP,-12.32,-34.76,-30.71,-58.52,48.8,49.43,0.9243,LOW,-,13.2185,12.381,16.0744,0,-34.3168,WEAK,5.5706
1400,-5,CSW,CSW INDUSTRIALS INC,Industrials,,mid,271.63,0.6888,0.928,0.923,0.8783,STRONG_UP,-0.4,-11.22,7.26,-25.35,53.6,41.29,0.555,LOW,PROGRESS,270.5255,276.4797,274.6782,0,-14.5656,WEAK,5.5647
1401,-54,SPGI,S&P Global,Financials,Financial Exchanges & Data,large,417.46,0.6375,0.9943,0.9312,0.8449,STRONG_UP,-15.32,-17.83,-1.22,-30.48,53.2,25.22,0.9577,LOW,PROGRESS,416.636,423.4734,474.4918,0,-37.6094,WEAK,5.5177
1402,-43,PRGS,PROGRESS SOFTWARE CORP,Information Technology,,small,34.05,0.4191,1.1312,1.0974,0.7915,STRONG_UP,-18.83,-45.98,-31.99,-61.2,50.4,62.08,0.5955,LOW,-,29.553,28.8304,38.8163,0,-37.3276,WEAK,5.4851
1403,0,BAX,Baxter International,Health Care,Health Care Equipment,mid,18.68,0.4858,0.9553,1.063,0.8835,FLAT,-2.0,-37.39,-43.42,-49.79,49.6,40.33,0.5831,LOW,SHIFT,18.189,17.6848,19.9151,0,-45.9814,WEAK,5.4785
1404,13,LZ,LEGALZOOM COM INC,Industrials,,small,6.53,0.5519,1.0097,0.9091,0.8846,STRONG_UP,-28.56,-28.87,-24.33,-50.98,49.6,46.38,1.325,MED,-,6.3005,6.2074,8.5535,0,-30.8712,WEAK,5.4023
1405,-15,USPH,US PHYSICAL THERAPY INC,Health Care,,small,62.5,0.672,0.9623,0.8392,0.6775,STRONG_UP,-13.85,-13.39,-33.34,-35.89,50.4,49.93,0.6227,LOW,-,62.9561,69.7381,78.0573,0,-13.5128,WEAK,5.3333
1406,-37,ERIE,Erie Indemnity,Financials,Insurance Brokers,large,207.54,0.4533,0.9291,0.9313,0.6899,FLAT,-28.57,-41.58,-40.9,-43.08,47.6,33.94,0.5247,LOW,EARLY,217.597,232.2852,278.4965,0,-58.3182,WEAK,5.2902
1407,-15,CLX,Clorox,Consumer Staples,Household Products,large,89.63,0.5587,0.9119,0.9797,0.6952,FLAT,-13.76,-28.0,-26.19,-31.52,48.4,37.63,0.8992,LOW,EARLY,92.012,96.7952,107.4075,0,-36.0088,WEAK,5.2004
1408,5,BCC,BOISE CASCADE,Industrials,,mid,69.22,0.62,0.976,0.8831,0.7975,STRONG_UP,-7.33,-20.09,-45.62,-29.6,42.0,37.89,0.791,LOW,PROGRESS,68.8005,74.4554,76.8484,0,-22.2654,WEAK,5.1899
1409,-22,PRVA,PRIVIA HEALTH GROUP INC,Health Care,,mid,20.8,0.7026,0.9453,0.8111,0.77,STRONG_UP,-13.69,-9.45,20.02,-24.17,44.8,28.81,0.9574,LOW,EARLY,22.733,22.7286,23.2469,0,-14.6904,WEAK,5.1508
1410,16,ROL,"Rollins, Inc.",Industrials,Environmental & Facilities Services,large,45.04,0.6065,0.8833,0.7889,0.7009,STRONG_UP,-25.91,-21.84,0.29,-30.9,49.6,23.83,2.0362,HIGH,EARLY,52.0662,53.4197,57.226,0,-45.4491,WEAK,5.1467
1411,-14,SYBT,STOCK YARDS BANCORP INC,Financials,,small,71.72,0.7647,0.9848,0.9526,0.9797,FLAT,8.72,-1.44,63.07,-24.16,45.6,21.77,0.6839,LOW,-,71.1585,70.0746,68.9246,1,-3.0069,TREND_ONLY,5.1128
1412,0,ALG,ALAMO GROUP INC,Industrials,,mid,152.76,0.5864,0.9811,0.8627,0.7734,STRONG_UP,-5.88,-24.42,-17.2,-36.3,44.8,33.31,0.5643,LOW,EARLY,154.5255,164.0866,181.1265,0,-32.8406,WEAK,5.105
1413,-5,ESNT,ESSENT GROUP LTD,Financials,,mid,56.19,0.7611,0.9395,0.8887,0.8483,STRONG_UP,-9.48,-1.9,0.48,-14.88,50.4,22.28,1.0508,MED,EARLY,59.9556,60.2081,61.1072,0,-4.304,WEAK,5.0996
1414,10,CPT,Camden Property Trust,Real Estate,Multi-Family Residential REITs,large,106.1,0.728,0.9698,0.9609,0.8872,STRONG_UP,2.15,-6.17,10.37,-16.05,52.0,19.43,0.701,LOW,-,105.5825,102.8401,103.82,1,-16.5103,TREND_ONLY,5.0519
1415,23,COST,Costco,Consumer Staples,Consumer Staples Merchandise Retail,large,954.27,0.7054,0.9394,0.8907,0.8539,STRONG_UP,4.93,-9.09,18.3,-19.25,47.6,21.1,1.1011,MED,EARLY,1017.983,1005.6847,954.8421,0,-20.5053,WEAK,5.0386
1416,-48,FOXF,FOX FACTORY HOLDING CORP,Consumer Discretionary,,small,18.04,0.5312,0.9815,1.0126,0.9091,FLAT,17.52,-31.54,-62.01,-56.63,50.4,51.97,0.4977,LOW,-,17.2045,17.1346,19.7368,0,-30.5843,WEAK,5.0283
1417,44,VCEL,VERICEL CORP,Health Care,,small,34.45,0.643,0.9932,0.8924,0.8864,STRONG_UP,-11.26,-17.13,-25.67,-35.8,48.4,46.27,1.4021,MED,-,34.2885,34.0426,35.3527,0,-17.9162,WEAK,4.9922
1418,-45,JBI,JANUS INTERNATIONAL GROUP INC,Industrials,,small,5.12,0.4941,0.9563,0.9817,0.6763,FLAT,-15.51,-36.32,-62.3,-55.62,45.2,55.31,0.7059,LOW,-,5.122,5.2216,7.2229,0,-29.6798,WEAK,4.9453
1419,-9,FWRG,FIRST WATCH RESTAURANT GROUP INC,Consumer Discretionary,,small,10.44,0.5277,0.8969,0.8083,0.7852,STRONG_UP,-42.61,-31.99,-45.31,-47.26,44.8,54.01,0.9965,LOW,-,11.3915,11.7018,15.1231,0,-26.5324,WEAK,4.919
1420,-36,UPBD,UPBOUND GROUP INC,Consumer Discretionary,,small,18.61,0.6409,0.9734,0.9519,0.8304,STRONG_UP,7.58,-17.4,-36.02,-40.17,45.6,39.97,0.8061,LOW,-,18.185,18.4603,19.5477,0,-19.8478,WEAK,4.9058
1421,-41,JKHY,Jack Henry & Associates,Financials,Transaction & Payment Processing Services,large,136.03,0.5945,0.9908,0.8469,0.7324,STRONG_UP,-21.01,-23.37,-14.33,-30.16,50.4,27.38,1.0376,MED,EARLY,139.7524,148.3241,161.2652,0,-43.0225,WEAK,4.87
1422,11,WINA,WINMARK CORP,Consumer Discretionary,,small,374.42,0.7141,0.9637,0.9627,0.7074,STRONG_UP,-9.98,-7.96,10.84,-30.1,54.8,40.86,0.5587,LOW,-,366.9672,391.2556,425.6913,0,-10.6775,WEAK,4.8606
1423,8,ABG,ASBURY AUTOMOTIVE GROUP INC,Consumer Discretionary,,mid,189.96,0.6307,0.9676,0.9287,0.8042,STRONG_UP,-18.16,-18.71,-21.74,-33.72,50.0,30.44,0.4476,LOW,EARLY,190.3025,196.2274,225.0959,0,-30.7258,WEAK,4.8564
1424,3,GSHD,GOOSEHEAD INSURANCE INC CLASS A,Financials,,small,36.1,0.2532,0.9466,0.7829,0.64,STRONG_UP,-52.22,-67.36,-40.17,-69.35,47.2,61.93,1.196,MED,-,39.3123,42.0931,62.0163,0,-51.3406,WEAK,4.8044
1425,19,ENOV,ENOVIS CORP,Health Care,,small,21.94,0.5548,0.938,0.8886,0.7653,STRONG_UP,-25.27,-28.49,-55.37,-40.29,48.0,59.18,1.1679,MED,-,24.631,24.026,26.864,0,-23.1059,WEAK,4.8029
1426,8,SMPL,THE SIMPLY GOOD FOODS COMPANY,Consumer Staples,,small,11.81,0.2657,0.9981,0.8614,0.6486,STRONG_UP,-39.09,-65.76,-68.72,-69.73,45.2,60.49,0.5471,LOW,-,11.742,12.5974,18.9684,0,-49.1366,WEAK,4.7769
1427,-22,ICFI,ICF INTERNATIONAL INC,Industrials,,small,69.65,0.6469,1.0074,0.8967,0.8304,STRONG_UP,-10.22,-16.62,-49.82,-40.22,49.6,39.51,0.5152,LOW,-,67.8725,68.2627,81.9942,0,-20.8693,WEAK,4.7697
1428,-16,IOSP,INNOSPEC INC,Materials,,small,81.65,0.7483,0.9803,1.0211,0.9648,FLAT,11.62,-3.55,-33.88,-25.48,47.6,26.26,0.3991,LOW,-,79.4446,75.9274,76.685,1,-6.4422,TREND_ONLY,4.7424
1429,0,OI,O I GLASS INC,Materials,,small,8.06,0.4829,0.8646,0.8409,0.5838,STRONG_UP,-39.63,-37.76,-34.68,-51.53,50.0,54.47,1.0341,MED,-,8.817,9.7502,12.5789,0,-34.6618,WEAK,4.7226
1430,45,WD,WALKER & DUNLOP INC,Financials,,small,49.81,0.5953,0.9726,0.9386,0.9157,STRONG_UP,-20.42,-23.27,-43.18,-49.57,48.4,33.98,1.0273,MED,-,51.0663,48.5893,62.3491,0,-33.1483,WEAK,4.6753
1431,-9,POOL,Pool Corporation,Consumer Discretionary,Distributors,mid,179.6,0.4666,0.9622,0.8416,0.7432,STRONG_UP,-25.21,-39.87,-48.42,-46.86,43.6,32.54,1.0547,MED,EARLY,181.9707,200.0769,245.8799,0,-53.4186,WEAK,4.6508
1432,22,TMUS,T-Mobile US,Communication Services,Wireless Telecommunication Services,large,188.83,0.6121,0.9831,0.9231,0.7773,STRONG_UP,-7.68,-21.11,12.71,-28.51,48.4,26.58,0.8306,LOW,EARLY,189.8114,194.5014,209.0967,0,-38.446,WEAK,4.6029
1433,-14,V,Visa Inc.,Financials,Transaction & Payment Processing Services,large,317.32,0.6783,0.957,0.9196,0.8925,STRONG_UP,-3.56,-12.58,19.15,-20.38,48.0,24.16,1.3589,MED,-,324.7615,315.5903,329.2709,0,-24.9979,WEAK,4.5821
1434,-70,ROCK,GIBRALTAR INDUSTRIES INC,Industrials,,small,38.03,0.4988,0.9512,0.9737,0.7946,FLAT,-23.08,-35.71,-48.25,-54.65,46.0,52.94,0.9716,LOW,-,37.558,38.8606,51.275,0,-31.0251,WEAK,4.5379
1435,-24,SYK,Stryker Corporation,Health Care,Health Care Equipment,large,293.3,0.603,0.9472,0.9531,0.6927,FLAT,-20.81,-22.28,-11.94,-29.45,46.4,28.9,0.9861,LOW,EARLY,303.2765,318.8378,354.3471,0,-35.7678,WEAK,4.5012
1436,10,PMT,PENNYMAC MORTGAGE INVESTMENT TRUST,Financials,,small,10.43,0.7523,0.9833,0.8141,0.8088,STRONG_UP,-13.71,-3.04,-3.42,-22.99,52.0,27.17,0.5352,LOW,-,10.6295,11.2667,11.5719,0,-5.8148,WEAK,4.4486
1437,-46,MQ,MARQETA INC CLASS A,Financials,,small,4.1,0.5946,1.0604,0.8574,0.9174,FLAT,-13.41,-23.36,-24.63,-44.22,46.8,42.0,1.7923,HIGH,-,4.025,4.1238,4.6552,0,-26.0347,WEAK,4.4128
1438,10,ABT,Abbott Laboratories,Health Care,Health Care Equipment,large,86.97,0.515,1.0029,0.9391,0.6961,STRONG_UP,-31.29,-33.63,-12.0,-38.99,46.4,25.92,0.5691,LOW,PROGRESS,86.21,93.2429,115.0803,0,-60.1974,WEAK,4.3974
1439,-23,GERN,GERON CORP,Health Care,,small,1.17,0.5782,0.9174,0.7044,0.716,FLAT,-1.68,-25.48,-69.45,-40.0,42.8,62.38,0.7646,LOW,-,1.332,1.4892,1.4033,0,-17.4807,WEAK,4.347
1440,23,BANF,BANCFIRST CORP,Financials,,mid,109.97,0.7005,0.9806,0.9326,0.8798,STRONG_UP,-0.0,-9.72,34.91,-23.63,47.2,21.79,1.1672,MED,EARLY,110.617,111.2384,114.402,0,-21.0515,WEAK,4.3118
1441,-43,ABR,ARBOR REALTY TRUST REIT INC,Financials,,small,5.42,0.4899,0.9736,0.6694,0.588,STRONG_UP,-34.34,-36.86,-50.62,-51.99,48.8,51.35,0.8659,LOW,-,6.0789,6.9391,8.323,0,-35.0336,WEAK,4.2586
1442,-2,PBH,PRESTIGE CONSUMER HEALTHCARE INC,Health Care,,mid,45.83,0.419,0.9381,0.7833,0.5969,STRONG_UP,-23.53,-46.0,-28.33,-47.1,47.2,40.57,0.8063,LOW,EARLY,49.1635,54.25,61.1924,0,-53.5171,WEAK,4.2431
1443,22,FDP,FRESH DEL MONTE PRODUCE INC,Consumer Staples,,small,30.11,0.6891,0.9075,0.7119,0.6408,STRONG_UP,-16.06,-11.19,38.47,-28.9,49.6,32.83,1.5124,HIGH,-,33.8435,38.2828,36.8895,0,-16.901,WEAK,4.2362
1444,0,MSEX,MIDDLESEX WATER,Utilities,,small,52.71,0.7318,0.9889,0.9786,0.8611,STRONG_UP,4.24,-5.68,3.37,-21.04,50.8,27.86,0.6585,LOW,-,51.5634,51.9097,52.3418,1,-10.3519,TREND_ONLY,4.1606
1445,-13,PZZA,PAPA JOHNS INTERNATIONAL INC,Consumer Discretionary,,small,31.78,0.5575,0.9446,0.8814,0.9403,FLAT,-21.52,-28.15,-27.84,-43.11,48.4,62.09,0.762,LOW,-,33.0847,34.1379,38.7881,0,-21.9432,WEAK,4.1443
1446,-9,SHW,Sherwin-Williams,Materials,Specialty Chemicals,large,293.0,0.6414,0.9339,0.8943,0.7601,STRONG_UP,-13.79,-17.34,-1.28,-21.36,46.0,29.79,0.7431,LOW,EARLY,307.4301,318.3776,336.4584,0,-26.7703,WEAK,4.1225
1447,-17,VICI,Vici Properties,Real Estate,Hotel & Resort REITs,large,27.54,0.7145,0.9504,0.9268,0.8423,STRONG_UP,-0.52,-7.91,7.38,-17.88,48.8,18.89,0.7082,LOW,EARLY,28.3705,28.1532,28.9662,0,-20.4297,WEAK,4.0702
1448,7,AMPH,AMPHASTAR PHARMACEUTICALS INC,Health Care,,small,18.45,0.5504,0.9544,0.767,0.8315,FLAT,-32.79,-29.07,-56.33,-45.25,50.4,59.36,0.5834,LOW,-,19.068,20.1712,24.6651,0,-24.6785,WEAK,4.0518
1449,-40,ALRM,ALARM.COM HOLDINGS INC,Information Technology,,mid,45.98,0.6065,1.0348,0.9203,0.8252,STRONG_UP,-10.54,-21.83,-29.0,-29.38,47.2,35.61,0.7754,LOW,SHIFT,44.3663,44.4289,49.4255,0,-28.9341,WEAK,3.9707
1450,-22,EXPO,EXPONENT INC,Industrials,,mid,58.39,0.5885,1.0107,0.8497,0.723,STRONG_UP,-19.49,-24.15,-36.49,-32.45,45.6,30.87,1.1163,MED,EARLY,58.594,63.261,68.607,0,-35.6713,WEAK,3.9601
1451,-6,CCB,COASTAL FINANCIAL CORP,Financials,,small,70.67,0.6146,0.9861,0.9072,0.8301,STRONG_UP,-37.91,-20.79,57.15,-42.65,50.8,37.93,0.6316,LOW,-,70.986,76.1046,96.7291,0,-27.846,WEAK,3.9471
1452,4,BCPC,BALCHEM CORP,Materials,,mid,157.31,0.7369,0.9658,0.9174,0.7747,STRONG_UP,1.7,-5.02,2.85,-16.52,43.6,21.96,0.9715,LOW,EARLY,159.927,166.8652,161.3246,0,-9.9631,WEAK,3.9414
1453,18,HOMB,HOME BANCSHARES INC,Financials,,mid,26.75,0.7539,0.9906,0.9604,0.8657,STRONG_UP,-4.05,-2.84,22.06,-14.78,50.4,18.39,0.7513,LOW,SHIFT,26.4036,26.6755,27.5176,0,-7.7736,WEAK,3.9347
1454,15,EXE,Expand Energy,Energy,Oil & Gas Exploration & Production,large,91.54,0.6201,0.9763,0.8639,0.7867,STRONG_UP,-23.84,-20.08,6.46,-24.65,46.8,27.29,0.8988,LOW,EARLY,95.9625,99.0169,103.5213,0,-34.4386,WEAK,3.924
1455,-32,VEEV,VEEVA SYSTEMS INC,Health Care,Health Care Technology,,182.94,0.4985,1.1404,1.0159,0.8731,STRONG_UP,-23.9,-35.75,6.73,-50.55,48.8,46.31,1.2481,MED,-,165.0315,166.553,225.1117,0,-37.6766,WEAK,3.9197
1456,17,FCPT,FOUR CORNERS PROPERTY INC TRUST,Real Estate,,mid,24.43,0.7341,0.9666,0.9208,0.8739,STRONG_UP,6.07,-5.38,9.96,-15.49,47.2,18.48,0.7555,LOW,-,24.9235,24.7377,24.0749,1,-13.7515,TREND_ONLY,3.9124
1457,-78,UFPT,UFP TECHNOLOGIES INC,Health Care,,small,216.38,0.7028,0.9444,1.0623,0.9542,FLAT,-2.33,-9.42,-17.11,-30.69,48.4,40.5,0.754,LOW,-,221.5735,205.5936,217.0045,0,-11.2562,WEAK,3.8998
1458,-23,IIIN,INSTEEL INDUSTRIES INC,Industrials,,small,28.15,0.6296,1.0037,1.0342,0.6996,FLAT,-7.37,-18.86,-5.25,-36.11,52.4,59.13,0.6451,LOW,-,26.7055,29.1276,32.7046,0,-16.71,WEAK,3.8957
1459,3,CRAI,CRA INTERNATIONAL INC,Industrials,,small,143.88,0.6051,0.9786,0.8365,0.713,STRONG_UP,-18.84,-22.02,-18.13,-38.12,48.8,41.82,1.3843,MED,-,144.5292,152.8598,178.6016,0,-25.6908,WEAK,3.8858
1460,-175,CSR,CENTERSPACE,Real Estate,,small,59.63,0.7639,0.8701,0.8197,0.8662,FLAT,-7.48,-1.54,-3.5,-17.43,50.0,32.12,1.878,HIGH,-,67.1115,64.4365,61.6086,0,-2.3993,WEAK,3.85
1461,-62,CXM,SPRINKLR INC CLASS A,Information Technology,,small,5.62,0.51,1.0516,0.9875,0.8511,STRONG_UP,-22.7,-34.27,-48.39,-48.24,48.4,46.21,1.0179,MED,-,5.3075,5.4358,6.7702,0,-35.8931,WEAK,3.8163
1462,-19,VLTO,Veralto,Industrials,Environmental & Facilities Services,large,82.43,0.6404,0.9643,0.883,0.7842,STRONG_UP,-18.13,-17.46,-15.93,-24.79,42.4,20.75,0.7217,LOW,EARLY,85.7105,87.4941,97.0659,0,-35.6764,WEAK,3.7214
1463,4,TNET,TRINET GROUP INCINARY,Industrials,,small,48.1,0.4628,1.0895,1.0589,1.1813,FLAT,-16.22,-40.36,-52.62,-58.94,46.0,46.29,0.695,LOW,-,42.9525,40.5162,52.8408,0,-40.104,WEAK,3.6592
1464,2,HRMY,HARMONY BIOSCIENCES HLDG INC,Health Care,,small,30.91,0.6792,0.9928,0.8966,0.9742,FLAT,-12.95,-12.46,3.1,-34.49,48.8,33.02,1.3729,MED,-,30.924,29.9928,32.5035,0,-18.4161,WEAK,3.6529
1465,-1,CBZ,CBIZ INC,Industrials,,small,33.76,0.3638,1.045,0.9895,1.0592,FLAT,-30.55,-53.11,-55.61,-67.69,47.6,51.89,0.3984,LOW,-,31.22,29.8742,43.5421,0,-48.7202,WEAK,3.6518
1466,8,EPC,EDGEWELL PERSONAL CARE,Consumer Staples,,small,18.66,0.5612,1.0363,0.8181,0.7892,STRONG_UP,8.38,-27.66,-50.03,-40.41,48.8,49.87,0.8724,LOW,-,18.4375,20.5332,19.8292,0,-27.0714,WEAK,3.6406
1467,-16,AMP,Ameriprise Financial,Financials,Asset Management & Custody Banks,large,445.4,0.6823,0.993,0.8985,0.8576,STRONG_UP,-1.44,-12.06,6.05,-20.87,54.8,22.64,0.7189,LOW,EARLY,459.5815,455.7864,474.6299,0,-29.189,WEAK,3.609
1468,-29,LZB,LA-Z-BOY INC,Consumer Discretionary,,small,36.43,0.6937,0.958,1.0264,0.9159,FLAT,-7.67,-10.59,1.87,-28.91,46.0,30.47,0.827,LOW,-,35.8935,34.6774,35.1703,1,-15.9867,TREND_ONLY,3.6021
1469,-19,EG,Everest Group,Financials,Reinsurance,large,320.79,0.7131,0.9231,0.8726,0.8691,STRONG_UP,3.43,-8.09,-14.7,-16.43,51.6,20.59,0.9526,LOW,EARLY,346.6885,341.031,333.1194,0,-20.2837,WEAK,3.599
1470,-2,SMA,SMARTSTOP SELF STORAGE REIT INC,Real Estate,,mid,30.71,0.6819,0.9723,0.9597,0.8531,STRONG_UP,-3.07,-12.12,-0.85,-21.77,51.6,31.06,0.4661,LOW,EARLY,31.0496,31.1066,32.567,0,-20.1314,WEAK,3.575
1471,-1,GPOR,GULFPORT ENERGY CORP,Energy,,mid,167.38,0.6594,0.9708,0.8124,0.7177,STRONG_UP,-24.53,-15.01,4.74,-24.77,52.4,31.18,0.619,LOW,EARLY,178.428,191.065,192.3325,0,-25.2247,WEAK,3.465
1472,-19,FIZZ,NATIONAL BEVERAGE CORP,Consumer Staples,,mid,35.57,0.6013,0.9552,0.9681,0.859,FLAT,1.17,-22.51,-18.14,-33.61,44.4,24.89,1.2623,MED,-,35.432,34.569,35.512,1,-40.1463,TREND_ONLY,3.4077
1473,-24,ALKT,ALKAMI TECHNOLOGY INC,Information Technology,,small,17.79,0.4769,1.0462,0.9794,0.9705,STRONG_UP,-14.43,-38.53,-36.31,-50.5,47.2,47.43,0.8302,LOW,-,17.1585,16.7272,20.2931,0,-38.3412,WEAK,3.3747
1474,6,CTAS,Cintas,Industrials,Diversified Support Services,large,173.31,0.5965,1.0081,0.9843,0.7811,STRONG_UP,-6.07,-23.12,4.53,-27.68,47.6,24.02,1.1654,MED,SHIFT,169.737,172.0534,187.9219,0,-45.8242,WEAK,3.2907
1475,-33,DFIN,DONNELLEY FINANCIAL SOLUTIONS INC,Financials,,small,39.81,0.5664,0.9998,0.7433,0.6761,STRONG_UP,-17.03,-26.99,-33.78,-41.51,54.0,47.14,0.9494,LOW,-,40.229,45.714,48.9207,0,-30.9226,WEAK,3.1946
1476,1,MZTI,MARZETTI,Consumer Staples,,mid,108.83,0.5106,0.9356,0.8852,0.5852,STRONG_UP,-33.69,-34.19,-38.72,-41.47,46.8,31.24,0.9388,LOW,EARLY,113.8445,127.0072,156.4163,0,-51.2222,WEAK,3.175
1477,-5,MCD,McDonald's,Consumer Discretionary,Restaurants,large,276.36,0.6983,0.972,0.9195,0.7494,STRONG_UP,-8.45,-10.0,10.78,-19.04,48.4,17.45,0.9116,LOW,EARLY,279.2515,293.5706,305.2198,0,-27.7296,WEAK,3.1627
1478,25,MAA,Mid-America Apartment Communities,Real Estate,Multi-Family Residential REITs,large,128.96,0.6866,0.9757,0.9446,0.8778,STRONG_UP,-2.47,-11.5,4.98,-19.49,47.6,19.12,0.6333,LOW,-,129.379,126.4372,130.6021,0,-28.638,WEAK,3.1485
1479,10,WRB,W. R. Berkley Corporation,Financials,Property & Casualty Insurance,large,65.18,0.6945,0.9863,0.929,0.833,STRONG_UP,-9.15,-10.48,28.46,-17.62,51.6,21.53,0.7059,LOW,EARLY,66.311,66.2818,69.9619,0,-25.1275,WEAK,3.1469
1480,21,LNN,LINDSAY CORP,Industrials,,small,113.51,0.6402,1.0093,0.9733,0.7594,STRONG_UP,-2.38,-17.49,-0.69,-29.99,46.4,37.41,1.2076,MED,-,109.2361,110.4253,122.2513,0,-21.6881,WEAK,3.0544
1481,7,OTIS,Otis Worldwide,Industrials,Industrial Machinery & Supplies & Components,large,70.33,0.5867,0.9679,0.8815,0.6983,STRONG_UP,-19.36,-24.38,-26.19,-30.0,50.4,24.54,0.5689,LOW,EARLY,72.5201,75.8944,84.9255,0,-50.0691,WEAK,3.0534
1482,-4,ROP,Roper Technologies,Information Technology,Electronic Equipment & Instruments,large,336.5,0.4633,1.05,0.8954,0.84,STRONG_UP,-23.79,-40.28,-36.39,-44.66,51.6,26.24,0.8111,LOW,PROGRESS,330.3715,345.1346,416.0809,0,-79.2186,WEAK,3.0376
1483,1,GT,GOODYEAR TIRE & RUBBER,Consumer Discretionary,,small,5.9,0.4047,0.9572,0.813,0.6634,STRONG_UP,-31.95,-47.83,-52.72,-53.27,41.2,44.52,1.0192,MED,-,6.0815,6.5396,7.8403,0,-44.2667,WEAK,3.0213
1484,11,HCI,HCI GROUP INC,Financials,,small,152.16,0.7225,0.9655,0.9662,0.7871,FLAT,-12.9,-6.88,61.02,-27.46,48.8,25.25,0.6229,LOW,-,154.6622,154.0372,170.3364,0,-13.2976,WEAK,2.9637
1485,21,UVV,UNIVERSAL CORP,Consumer Staples,,small,54.38,0.7196,0.9728,0.9546,0.9245,STRONG_UP,6.24,-7.26,30.09,-16.79,47.2,24.04,1.2774,MED,-,53.9045,52.9398,52.4732,1,-14.2506,TREND_ONLY,2.9508
1486,-3,WM,Waste Management,Industrials,Environmental & Facilities Services,large,211.93,0.695,0.9712,0.8792,0.7846,STRONG_UP,-1.08,-10.43,8.42,-17.48,49.2,19.66,0.5825,LOW,EARLY,217.5175,224.0888,220.7874,0,-26.0983,WEAK,2.9004
1487,-6,MRSH,Marsh McLennan,Financials,Insurance Brokers,large,161.39,0.5434,0.9929,0.9088,0.7895,STRONG_UP,-11.39,-29.97,-19.19,-30.94,46.8,26.59,0.6604,LOW,EARLY,162.8145,168.7154,181.8496,0,-52.742,WEAK,2.8582
1488,-31,QNST,QUINSTREET INC,Communication,,small,12.14,0.6053,0.9767,0.9008,0.9192,FLAT,-12.91,-21.98,-28.8,-38.32,49.2,44.19,0.7665,LOW,-,12.2635,12.3862,13.6893,0,-24.4713,WEAK,2.8564
1489,25,UTL,UNITIL CORP,Utilities,,small,49.46,0.7302,0.9456,0.8994,0.8443,STRONG_UP,0.91,-5.89,-0.09,-17.06,53.6,22.6,0.8893,LOW,-,50.5385,51.6775,48.9534,1,-13.9687,TREND_ONLY,2.8176
1490,0,BLKB,BLACKBAUD INC,Information Technology,,small,30.41,0.3689,1.0002,0.7647,0.5496,STRONG_UP,-47.01,-52.45,-60.77,-58.71,50.4,51.3,1.2242,MED,-,32.264,35.7472,53.1852,0,-51.5344,WEAK,2.7293
1491,11,ICE,Intercontinental Exchange,Financials,Financial Exchanges & Data,large,142.38,0.6232,0.9396,0.8603,0.7727,STRONG_UP,-8.71,-19.68,9.06,-23.76,47.6,22.06,2.3944,HIGH,EARLY,152.4605,156.7022,160.7882,0,-42.4565,WEAK,2.651
1492,4,AIG,American International Group,Financials,Multi-line Insurance,large,73.8,0.6844,0.9687,0.8995,0.8528,STRONG_UP,-2.59,-11.8,-1.59,-16.98,50.8,22.47,0.5709,LOW,EARLY,76.347,76.1998,77.5481,0,-26.6678,WEAK,2.6273
1493,-8,NMIH,NMI HOLDINGS INC,Financials,,mid,35.64,0.6965,0.955,0.9115,0.8172,STRONG_UP,-7.5,-10.23,6.2,-18.08,51.6,24.63,1.1732,MED,EARLY,37.384,38.233,38.4563,0,-21.425,WEAK,2.6141
1494,-4,AON,Aon plc,Financials,Insurance Brokers,large,317.86,0.6617,0.9859,0.9541,0.8403,STRONG_UP,-9.25,-14.72,14.44,-17.64,49.6,26.05,0.587,LOW,PROGRESS,317.5995,320.7233,339.6256,0,-28.0218,WEAK,2.5999
1495,2,ACGL,Arch Capital Group,Financials,Property & Casualty Insurance,large,87.62,0.7095,0.9471,0.8844,0.8008,STRONG_UP,-5.95,-8.56,-9.4,-14.08,52.4,20.96,,LOW,EARLY,93.5365,95.014,93.4488,0,-21.3943,WEAK,2.5586
1496,-4,CPB,Campbell's Company (The),Consumer Staples,Packaged Foods & Meats,mid,20.99,0.5033,1.0116,0.9679,0.7659,STRONG_UP,-29.11,-35.13,-47.94,-38.59,44.4,31.03,0.6704,LOW,SHIFT,20.5625,20.7655,26.4716,0,-50.2715,WEAK,2.5435
1497,8,EIG,EMPLOYERS HOLDINGS INC,Financials,,small,43.63,0.7205,0.9835,1.002,0.9371,FLAT,10.55,-7.14,10.02,-25.02,51.6,19.6,0.6977,LOW,-,42.6057,41.8698,41.2014,1,-18.7876,TREND_ONLY,2.4605
1498,-38,IPAR,INTERPARFUMS INC,Consumer Staples,,mid,91.75,0.5372,0.953,0.9666,0.8848,FLAT,15.61,-30.76,-19.94,-43.01,50.0,29.03,0.7485,LOW,PROGRESS,91.4295,91.9158,93.2509,0,-52.9849,WEAK,2.4147
1499,-23,ATRC,ATRICURE INC,Health Care,,small,25.86,0.5777,0.9308,0.8494,0.7506,STRONG_UP,-26.3,-25.54,15.34,-39.02,48.0,37.67,0.8452,LOW,-,27.754,28.355,33.9797,0,-32.5435,WEAK,2.4058
1500,10,JANX,JANUX THERAPEUTICS INC,Health Care,,small,13.78,0.4204,0.9428,0.9033,0.8638,STRONG_UP,-59.46,-45.81,-74.94,-64.94,47.2,36.84,0.6466,LOW,-,14.3362,14.5003,18.663,0,-58.6951,WEAK,2.284
1501,-10,MMSI,MERIT MEDICAL SYSTEMS INC,Health Care,,mid,60.89,0.4994,0.9622,0.9282,0.7386,STRONG_UP,-29.52,-35.63,-25.91,-37.18,47.2,33.77,0.9033,LOW,EARLY,62.508,65.91,79.0202,0,-49.8056,WEAK,2.2701
1502,2,EPRT,ESSENTIAL PROPERTIES REALTY TRUST,Real Estate,,mid,30.14,0.7387,0.9523,0.9185,0.7922,STRONG_UP,-2.34,-4.79,21.42,-12.65,50.8,17.49,0.6747,LOW,EARLY,30.999,31.3255,30.6044,0,-13.8992,WEAK,2.2536
1503,-16,TRUP,TRUPANION INC,Financials,,small,22.13,0.3477,1.008,0.7936,0.7107,STRONG_UP,-34.97,-55.18,-21.27,-61.58,44.8,44.79,0.9517,LOW,-,22.904,24.835,34.199,0,-55.1966,WEAK,2.2535
1504,0,UMH,UMH PROPERTIES INC,Real Estate,,small,15.0,0.738,0.9488,0.919,0.9192,FLAT,3.49,-4.88,9.59,-17.43,48.0,18.92,0.5674,LOW,-,15.2957,15.0524,14.8579,1,-12.3727,TREND_ONLY,2.2248
1505,-23,BBSI,BARRETT BUSINESS SERVICES INC,Industrials,,small,33.26,0.625,1.0396,1.0294,1.0339,FLAT,-3.56,-19.45,-0.45,-45.31,52.4,28.74,0.5938,LOW,-,30.7666,30.1262,36.14,0,-35.4599,WEAK,2.1746
1506,-6,WDFC,WD-40,Consumer Staples,,mid,199.26,0.644,0.9579,0.9221,0.7373,STRONG_UP,2.05,-16.99,-9.55,-23.03,50.4,28.86,0.7687,LOW,EARLY,204.4945,208.7928,208.5367,0,-29.6753,WEAK,2.169
1507,-8,SLVM,SYLVAMO CORP,Materials,,small,38.75,0.5873,0.9797,0.8692,0.7561,STRONG_UP,-17.29,-24.3,-42.32,-33.87,44.8,37.87,0.6419,LOW,-,39.4685,40.8912,44.0592,0,-28.7469,WEAK,2.1379
1508,-29,STRA,STRATEGIC EDUCATION INC,Consumer Discretionary,,small,79.16,0.6891,1.0119,0.9796,0.8858,STRONG_UP,2.69,-11.18,-26.88,-19.62,53.2,38.87,0.5377,LOW,-,78.3802,79.5299,79.4048,0,-15.3004,WEAK,2.1161
1509,6,CPRT,Copart,Industrials,Diversified Support Services,large,30.86,0.4694,0.9282,0.8763,0.7317,STRONG_UP,-21.17,-39.5,-41.39,-39.5,46.8,24.6,1.2393,MED,EARLY,33.1035,33.1644,39.441,0,-75.1503,WEAK,2.0799
1510,-17,EVTC,EVERTEC INC,Financials,,small,24.38,0.5223,1.0087,0.7847,0.7485,STRONG_UP,-14.99,-32.69,-27.97,-38.64,48.4,46.42,0.9444,LOW,-,24.4977,27.2012,29.4696,0,-34.0792,WEAK,2.0389
1511,-17,MA,Mastercard,Financials,Transaction & Payment Processing Services,large,477.68,0.6406,0.9534,0.8946,0.8231,STRONG_UP,-11.9,-17.44,9.06,-19.89,50.4,23.36,1.108,MED,EARLY,495.4095,500.8307,539.5893,0,-37.6173,WEAK,1.8668
1512,-4,PG,Procter & Gamble,Consumer Staples,Personal Care Products,large,140.82,0.6737,0.9433,0.9281,0.8062,STRONG_UP,-3.09,-13.17,-9.86,-16.12,48.4,21.38,0.6519,LOW,EARLY,143.703,143.7882,147.7257,0,-29.8209,WEAK,1.7236
1513,-2,CAG,Conagra Brands,Consumer Staples,Packaged Foods & Meats,mid,12.86,0.478,0.9532,0.8777,0.6292,STRONG_UP,-23.91,-38.39,-50.51,-38.39,44.8,31.45,0.9015,LOW,EARLY,13.6605,14.2123,16.483,0,-54.6865,WEAK,1.6867
1514,-7,GIS,General Mills,Consumer Staples,Packaged Foods & Meats,large,33.07,0.4992,0.971,0.9079,0.6944,STRONG_UP,-27.55,-35.65,-46.41,-36.38,45.2,22.95,0.7988,LOW,EARLY,33.844,34.8604,42.8178,0,-70.2209,WEAK,1.6355
1515,-6,BV,BRIGHTVIEW HOLDINGS INC,Industrials,,small,12.0,0.5874,0.9212,0.9762,0.8056,FLAT,-5.96,-24.29,-13.85,-32.82,45.2,40.31,1.5798,HIGH,-,12.6065,12.211,12.8931,0,-27.2369,WEAK,1.6186
1516,-18,PCRX,PACIRA BIOSCIENCES INC,Health Care,,small,22.25,0.6539,0.9144,0.8519,0.8755,FLAT,-6.12,-15.72,-27.97,-29.61,50.8,34.78,0.4186,LOW,-,23.2575,23.6506,23.6779,0,-22.9603,WEAK,1.5976
1517,5,MGEE,MGE ENERGY INC,Utilities,,mid,74.4,0.6548,0.9685,0.8835,0.8303,STRONG_UP,-6.02,-15.6,-1.86,-19.07,49.6,27.14,0.9076,LOW,EARLY,75.2198,77.0373,79.5373,0,-28.5144,WEAK,1.3065
1518,5,PGR,Progressive Corporation,Financials,Property & Casualty Insurance,large,196.82,0.5661,0.9876,0.9338,0.8379,STRONG_UP,-8.07,-27.03,2.15,-29.41,46.8,21.48,0.6582,LOW,EARLY,197.5115,199.3602,210.502,0,-58.9002,WEAK,1.2094
1519,-6,IRT,INDEPENDENCE REALTY INC TRUST,Real Estate,,mid,15.84,0.6914,0.9491,0.9097,0.8609,STRONG_UP,-5.24,-10.89,0.62,-17.28,46.8,18.93,0.8583,LOW,EARLY,16.389,15.8651,16.2817,0,-26.9226,WEAK,1.1015
1520,-3,FBRT,FRANKLIN BSP REALTY TRUST INC,Financials,,small,8.39,0.6737,0.9628,0.8754,0.8144,STRONG_UP,-14.4,-13.18,-16.78,-23.51,49.6,26.4,0.7257,LOW,-,8.818,8.7832,9.5487,0,-24.7544,WEAK,1.075
1521,-35,KMB,Kimberly-Clark,Consumer Staples,Household Products,large,97.49,0.5663,0.9615,0.9635,0.8477,FLAT,-7.97,-27.01,-21.82,-30.33,46.8,22.37,0.9257,LOW,EARLY,97.8765,97.6232,106.0791,0,-56.5001,WEAK,1.0728
1522,-2,TAP,Molson Coors Beverage Company,Consumer Staples,Brewers,mid,38.91,0.6021,0.9292,0.9139,0.7561,STRONG_UP,-14.31,-22.4,-20.95,-26.85,49.2,25.92,0.9559,LOW,EARLY,41.0266,42.0275,45.1046,0,-42.52,WEAK,0.8581
1523,-5,YELP,YELP INC,Communication,,small,23.07,0.4773,0.972,0.7606,0.8742,FLAT,-19.39,-38.48,-37.26,-47.25,49.2,41.96,1.2044,MED,-,23.858,25.4886,28.1458,0,-45.1195,WEAK,0.7642
1524,-3,PLMR,PALOMAR HOLDINGS INC,Financials,,mid,104.68,0.4638,0.9449,0.8564,0.7569,STRONG_UP,-14.48,-40.22,23.66,-40.22,50.8,32.44,0.7875,LOW,EARLY,111.082,119.4434,121.9679,0,-62.9786,WEAK,0.7357
1525,-1,RSG,Republic Services,Industrials,Environmental & Facilities Services,large,201.67,0.6168,0.9691,0.923,0.7856,STRONG_UP,-5.25,-20.5,11.23,-22.05,48.4,20.58,0.9509,LOW,EARLY,205.1955,209.8949,216.6564,0,-48.2137,WEAK,0.5213
1526,-7,CNMD,CONMED CORP,Health Care,,small,33.85,0.4649,0.9426,0.8918,0.7083,STRONG_UP,-23.93,-40.08,-55.29,-43.17,48.8,39.98,1.3425,MED,-,36.1355,36.5838,42.5378,0,-48.9176,WEAK,0.1782
1527,0,ABM,ABM INDUSTRIES INC,Industrials,,mid,39.35,0.5939,0.9715,0.9262,0.8096,STRONG_UP,-7.36,-23.45,-13.46,-27.81,48.8,23.83,0.7958,LOW,EARLY,39.751,39.4836,42.8763,0,-48.0211,WEAK,0.1197
1528,-16,ESRT,EMPIRE STATE REALTY REIT INC TRUST,Real Estate,,small,5.7,0.5719,0.976,0.996,0.8946,FLAT,-18.2,-26.28,-38.01,-41.89,48.8,28.94,1.4727,MED,-,5.5905,5.4306,6.4618,0,-44.3212,WEAK,-0.1034
1529,-4,JJSF,J AND J SNACK FOODS CORP,Consumer Staples,,small,76.13,0.5301,0.9719,0.8531,0.8029,STRONG_UP,-17.55,-31.68,-51.06,-39.93,51.2,33.68,0.6986,LOW,-,74.729,78.8482,88.2905,0,-48.1528,WEAK,-0.2333
1530,-4,EPAC,ENERPAC TOOL GROUP CORP CLASS A,Industrials,,small,33.16,0.6033,0.9507,0.9041,0.7435,STRONG_UP,-10.93,-22.25,-13.93,-25.32,47.2,31.31,1.019,MED,-,34.2935,35.133,38.9913,0,-33.5375,WEAK,-0.2605
1531,-15,SGRY,SURGERY PARTNERS INC,Health Care,,small,13.77,0.4589,1.0093,0.9167,0.8797,STRONG_UP,-19.47,-40.85,-48.02,-51.8,51.2,34.93,1.0585,MED,-,13.8402,13.4453,16.7725,0,-59.8782,WEAK,-0.267
1532,-4,ADUS,ADDUS HOMECARE CORP,Health Care,,small,90.45,0.6228,0.9505,0.854,0.7699,STRONG_UP,-25.15,-19.73,-20.29,-27.13,46.4,25.08,0.9894,LOW,-,94.1665,94.8382,107.6135,0,-36.4992,WEAK,-0.4399
1533,-4,AMSF,AMERISAFE INC,Financials,,small,30.81,0.5417,0.9867,0.9695,0.787,STRONG_UP,-19.85,-30.18,-17.87,-33.66,45.2,31.19,0.7619,LOW,-,30.6255,31.754,36.9089,0,-43.741,WEAK,-0.6164
1534,-4,SAFT,SAFETY INSURANCE GROUP INC,Financials,,small,69.31,0.694,0.9737,0.8818,0.8278,STRONG_UP,-5.59,-10.56,-0.21,-16.25,48.0,18.43,1.2491,MED,-,70.7915,72.5567,72.4019,0,-27.5016,WEAK,-0.8126
1535,-8,NAVI,NAVIENT CORP,Financials,,small,8.11,0.4926,0.9868,0.8537,0.8565,FLAT,-32.21,-36.51,-40.21,-47.14,51.2,34.31,1.5015,HIGH,-,8.3705,8.4928,10.7298,0,-54.4777,WEAK,-1.2117
1536,-5,SKWD,SKYWARD SPECIALTY INSURANCE GROUP,Financials,,small,44.1,0.5279,0.9515,0.9552,0.8154,FLAT,-7.35,-31.97,17.54,-36.35,46.4,31.24,0.7497,LOW,-,45.7135,45.205,46.7323,0,-47.4775,WEAK,-1.7004
