rank,delta_rank,ticker,name,sector,industry,cap_band,close,rs_ratio,rs_5,rs_21,rs_63,rs_trend,ret_6m,ret_12m,ret_24m,max_dd,persist_frac,vol_63,rel_vol,vol_label,acc_watch,sma20,sma50,sma200,pass_trend,mqs,regime_label,score_final
1,0,FOLD,AMICUS THERAPEUTICS INC,Health Care,,mid,14.49,1.7768,1.0114,0.9648,0.9405,STRONG_UP,67.13,128.55,46.22,-11.04,47.21,1.72,0.0,LOW,-,14.4595,14.403,10.8803,1,3528.368,TREND+LEAD,641.6747
2,0,TERN,TERNS PHARMACEUTICALS INC,Health Care,,mid,52.95,13.7442,1.0097,0.9666,1.3003,FLAT,191.09,1667.95,765.2,-27.56,56.02,30.88,0.0,LOW,-,52.83,49.9152,28.4599,1,3025.854,TREND+LEAD,560.4037
3,1,PKST,PEAKSTONE REALTY TRUST CLASS E,Real Estate,,small,20.99,1.4094,1.0098,0.9622,0.9396,STRONG_UP,59.16,81.29,70.29,-16.14,51.46,2.22,1.8604,HIGH,-,20.9515,20.8946,15.9174,1,1884.3895,TREND+LEAD,422.3402
4,-1,SNDK,Sandisk,Information Technology,"Technology Hardware, Storage & Peripherals",large,1392.5601,28.0463,1.0165,1.3647,1.9873,STRONG_DOWN,468.55,3507.67,3768.22,-31.34,59.2,95.41,0.5151,LOW,-,1283.153,970.132,441.8557,1,2176.4384,TREND+LEAD,417.1017
5,1,KW,KENNEDY WILSON HOLDINGS INC,Real Estate,,small,11.04,1.4724,1.0121,0.9718,0.9499,STRONG_UP,19.33,89.4,18.54,-17.27,48.8,3.72,4.1121,HIGH,-,10.9575,10.8813,9.4589,1,1172.717,TREND+LEAD,266.0273
6,-1,CELC,CELCUITY INC,Health Care,,mid,140.34,10.2926,1.0514,1.0999,1.2422,STRONG_DOWN,53.21,1223.96,750.03,-27.68,55.6,65.27,0.998,LOW,-,129.2445,120.8696,91.8572,1,1042.6275,TREND+LEAD,200.9532
7,0,WBD,Warner Bros. Discovery,Communication Services,Broadcasting,large,27.42,2.3817,1.0205,0.9626,0.8846,STRONG_UP,15.75,206.37,247.53,-21.31,48.8,11.23,0.7501,LOW,-,27.091,27.2666,23.6529,1,896.7759,TREND+LEAD,172.9734
8,6,DBRG,DIGITALBRIDGE GROUP INC CLASS A,Financials,,mid,15.71,1.1168,1.0126,0.9656,0.9468,STRONG_UP,67.17,43.66,19.8,-33.69,41.6,2.77,1.5069,HIGH,-,15.6195,15.523,13.5383,1,655.6452,TREND+LEAD,159.3093
9,-1,WDC,Western Digital,Information Technology,"Technology Hardware, Storage & Peripherals",large,459.62,7.2511,0.9484,1.1334,1.4939,STRONG_DOWN,201.07,832.72,725.16,-20.59,62.8,67.65,0.6378,LOW,-,452.8125,370.5564,217.2086,1,773.0217,TREND+LEAD,151.0193
10,3,GTLS,CHART INDUSTRIES INC,Industrials,,mid,207.49,1.0158,1.0103,0.9568,0.929,STRONG_UP,1.87,30.67,31.14,-12.06,52.4,2.01,0.4113,LOW,-,207.5865,207.4668,204.1558,1,799.5418,TREND+LEAD,150.4557
11,-1,BE,BLOOM ENERGY CLASS A CORP,Industrials,,large,282.31,12.0522,0.9391,1.179,1.7747,STRONG_DOWN,168.94,1450.3,1765.9,-45.94,56.0,117.11,0.9258,LOW,-,270.838,206.859,130.4468,1,693.5097,TREND+LEAD,147.9952
12,-3,PRAX,PRAXIS PRECISION MEDICINES INC,Health Care,,mid,335.61,6.9243,0.9804,0.9547,0.9285,STRONG_UP,82.27,790.68,649.63,-36.33,53.2,58.18,0.6508,LOW,-,332.6265,320.3816,220.8494,1,723.0049,TREND+LEAD,145.9752
13,-2,HOLX,Hologic,Health Care,Health Care Equipment,large,76.01,1.0779,1.0149,0.9647,0.9412,STRONG_UP,12.87,38.65,1.96,-8.19,50.68,2.62,0.0,LOW,-,75.4925,75.3052,71.338,1,747.6998,TREND+LEAD,140.8296
14,-2,SLAB,SILICON LABORATORIES INC,Information Technology,,mid,216.89,1.3504,1.0074,0.9714,0.9831,FLAT,85.87,73.71,69.13,-24.37,52.8,5.78,0.4998,LOW,-,216.7675,211.7856,162.2208,1,673.3055,TREND+LEAD,130.3154
15,5,VSAT,VIASAT INC,Information Technology,,mid,75.27,5.8457,1.0225,1.1449,1.5014,STRONG_DOWN,113.41,651.95,299.52,-23.78,54.0,72.09,1.9128,HIGH,-,67.0405,58.318,41.8094,1,488.3506,TREND+LEAD,119.8471
16,0,COGT,COGENT BIOSCIENCES INC,Health Care,,mid,32.925,5.1398,0.972,0.8681,0.8179,STRONG_UP,-1.42,561.14,315.72,-25.79,46.8,44.4,0.8943,LOW,-,34.931,35.5252,28.9454,1,591.4767,TREND+LEAD,118.5704
17,-2,SATS,ECHOSTAR CORP CLASS A,Communication,,large,141.8,5.2146,1.0593,1.1119,1.1918,STRONG_DOWN,103.33,570.77,685.6,-24.36,54.8,53.25,0.8832,LOW,-,127.1255,122.526,94.2083,1,587.3802,TREND+LEAD,117.946
18,-1,MU,Micron Technology,Information Technology,Semiconductors,large,731.99,5.9518,0.9521,1.4407,1.5864,STRONG_DOWN,220.61,665.59,478.14,-30.28,57.6,78.44,1.0463,MED,-,642.014,505.1832,315.9316,1,488.7561,TREND+LEAD,114.1016
19,-1,STX,Seagate Technology,Information Technology,"Technology Hardware, Storage & Peripherals",large,751.07,5.6633,0.942,1.2427,1.6975,STRONG_DOWN,197.15,628.48,736.59,-21.0,58.0,66.41,0.5413,LOW,-,726.1665,561.7555,345.9457,1,548.8896,TREND+LEAD,110.0447
20,-1,PL,PLANET LABS CLASS A,Industrials,,large,42.66,8.9392,1.0004,1.037,1.6556,STRONG_DOWN,272.58,1049.87,2121.88,-29.01,51.6,105.32,0.5725,LOW,-,38.779,34.9288,20.6364,1,514.3662,TREND+LEAD,108.1734
21,2,TNGX,TANGO THERAPEUTICS INC,Health Care,,mid,21.08,8.6708,0.8555,0.7508,1.6027,FLAT,163.5,1015.34,182.2,-26.9,52.0,106.41,0.9845,LOW,-,23.2365,21.922,12.4762,1,496.1741,TREND+LEAD,102.4976
22,5,NVTS,NAVITAS SEMICONDUCTOR CORP,Information Technology,,mid,22.99,9.3574,1.0396,1.1943,2.7062,STRONG_DOWN,195.5,1103.66,513.07,-58.25,49.2,144.35,1.2865,MED,-,18.579,13.5305,9.8515,1,376.1712,TREND+LEAD,98.6159
23,-2,CSGS,CSG SYSTEMS INTERNATIONAL INC,Industrials,,mid,80.69,0.9988,1.0136,0.9645,0.9432,STRONG_UP,3.67,28.48,100.24,-7.98,53.04,2.91,0.0,LOW,-,80.417,80.1318,74.0592,1,519.0718,TREND_ONLY,97.9674
24,-2,CIEN,Ciena,Information Technology,Communications Equipment,large,554.76,5.3963,0.9465,1.0668,1.5363,STRONG_DOWN,196.66,594.14,1022.31,-16.84,62.4,78.49,0.725,LOW,-,540.281,474.1914,267.5922,1,472.348,TREND+LEAD,94.6856
25,55,SEMR,SEMRUSH HOLDINGS INC CLASS A,Information Technology,,small,12.0,0.9598,1.0102,0.9651,0.9338,STRONG_UP,56.25,23.46,-25.19,-34.72,45.49,2.84,1.8761,HIGH,-,11.9625,11.917,9.9915,1,375.7216,TREND_ONLY,93.1008
26,61,URGN,UROGEN PHARMA LTD,Health Care,,small,30.22,5.6339,1.0277,1.1126,1.3304,STRONG_DOWN,28.32,624.7,127.73,-42.22,49.6,69.44,0.8855,LOW,-,26.6715,22.4638,21.1309,1,446.2144,TREND+LEAD,91.5135
27,-3,ARWR,ARROWHEAD PHARMACEUTICALS INC,Health Care,,mid,77.14,3.917,0.977,1.0013,1.1252,STRONG_DOWN,90.61,403.85,208.31,-24.64,56.4,53.03,0.7233,LOW,-,75.3625,67.3616,52.5166,1,429.5181,TREND+LEAD,86.8275
28,-3,INBX,INHIBRX BIOSCIENCES INC,Health Care,,small,110.01,6.4987,0.9559,0.9171,1.2976,FLAT,41.78,735.94,779.61,-37.56,56.4,113.48,1.0954,MED,-,122.7502,92.3487,67.85,1,365.7662,TREND+LEAD,86.173
29,-1,ERAS,ERASCA INC,Health Care,,mid,11.12,7.0859,1.0823,0.4928,0.8225,FLAT,288.81,811.48,373.19,-59.46,54.4,129.15,0.9341,LOW,-,11.897,14.6688,7.3983,1,341.8061,TREND+LEAD,82.7902
30,8,TE,T1 ENERGY INC,Industrials,,small,8.7,6.6308,1.5325,1.5487,1.2995,FLAT,184.31,752.94,341.62,-58.59,49.2,128.56,5.3435,HIGH,-,5.7115,5.7508,4.912,1,288.1511,TREND+LEAD,82.3372
31,11,NESR,NATIONAL ENERGY SERVICES REUNITED,Energy,,mid,26.1,3.2465,1.0136,1.0562,0.9922,FLAT,83.16,317.6,190.0,-27.39,55.6,56.42,1.5991,HIGH,-,24.975,23.213,16.5779,1,312.9841,TREND+LEAD,82.1042
32,15,AMPX,AMPRIUS TECHNOLOGIES INC,Industrials,,mid,15.07,4.8411,0.8512,0.6373,1.4683,FLAT,41.24,522.73,1033.08,-46.41,53.2,108.97,1.5696,HIGH,-,18.886,18.3648,12.576,1,255.1995,TREND+LEAD,76.5444
33,-4,TTMI,TTM TECHNOLOGIES INC,Information Technology,,large,169.36,4.5558,0.9946,1.2824,1.4555,STRONG_DOWN,167.38,486.02,802.29,-23.26,56.4,86.72,1.3135,MED,-,156.7625,125.7912,83.6036,1,316.0928,TREND+LEAD,76.0306
34,-2,AEHR,AEHR TEST SYSTEMS,Information Technology,,small,82.34,7.5575,0.7815,0.8115,2.2731,STRONG_DOWN,317.12,872.14,616.62,-42.31,53.6,134.63,0.5668,LOW,-,92.3605,68.9956,36.9206,1,347.2223,TREND+LEAD,74.6379
35,0,NBR,NABORS INDUSTRIES LTD,Energy,,small,106.55,3.3672,1.0374,1.1817,1.264,STRONG_DOWN,127.43,333.13,34.96,-21.38,55.2,49.11,0.5315,LOW,-,100.5365,89.4936,61.4044,1,374.4407,TREND+LEAD,73.8438
36,3,GLUE,MONTE ROSA THERAPEUTICS INC,Health Care,,small,18.65,3.6156,1.0077,0.8529,0.9114,FLAT,35.34,365.09,334.23,-41.84,48.4,51.0,0.8777,LOW,-,19.142,17.8936,14.4873,1,346.475,TREND+LEAD,73.4466
37,-11,ORKA,ORUKA THERAPEUTICS INC,Health Care,,mid,60.67,4.458,0.9583,0.8354,1.7401,FLAT,121.02,473.44,190.14,-24.73,55.2,85.81,1.0288,MED,-,65.7975,57.543,33.887,1,304.5556,TREND+LEAD,72.7759
38,2,SKYT,SKYWATER TECHNOLOGY INC,Information Technology,,small,35.13,3.1212,0.9899,0.983,1.158,FLAT,123.62,301.49,335.32,-42.64,48.4,42.99,0.7647,LOW,-,33.538,30.9028,22.6509,1,339.4257,TREND+LEAD,72.0928
39,13,VIAV,VIAVI SOLUTIONS INC,Information Technology,,mid,48.1,4.1046,0.9141,1.0415,1.6206,STRONG_DOWN,190.11,427.99,526.3,-21.13,54.4,85.56,2.3874,HIGH,-,50.53,42.2906,23.6397,1,272.1216,TREND+LEAD,70.4212
40,-3,FET,FORUM ENERGY TECHNOLOGIES INC,Energy,,small,57.0,3.0518,1.0257,0.9192,0.9138,STRONG_UP,86.95,292.56,213.01,-16.88,59.6,49.85,0.4528,LOW,-,58.5645,58.5048,40.6977,1,349.7832,TREND+LEAD,70.289
41,-5,EA,Electronic Arts,Communication Services,Interactive Home Entertainment,large,201.59,1.0458,1.0134,0.9538,0.9339,STRONG_UP,0.08,34.52,57.96,-7.46,53.6,5.22,0.7365,LOW,-,201.4555,201.8942,195.9446,1,354.4707,TREND+LEAD,69.797
42,7,RLAY,RELAY THERAPEUTICS INC,Health Care,,mid,13.02,3.5391,1.0283,0.7567,1.3881,FLAT,100.0,355.24,72.22,-28.15,52.8,73.59,1.9641,HIGH,-,13.095,12.6698,8.2161,1,254.8842,TREND+LEAD,69.7079
43,2,INTC,Intel,Information Technology,Semiconductors,large,118.96,4.4698,1.0357,1.7487,2.5015,STRONG_DOWN,246.52,474.96,277.17,-24.17,52.4,88.36,1.377,MED,-,104.6065,73.5428,46.1849,1,281.667,TREND+LEAD,69.4253
44,0,POWL,POWELL INDUSTRIES INC,Industrials,,mid,271.05,3.6312,0.9212,1.0712,1.3793,STRONG_DOWN,153.13,367.09,335.95,-30.88,57.6,65.73,0.5745,LOW,-,282.3685,232.1897,148.7403,1,321.6889,TREND+LEAD,68.9815
45,-15,GSAT,GLOBALSTAR VOTING INC,Communication,,mid,82.45,3.5007,1.0139,0.9726,1.2725,FLAT,36.42,350.3,369.8,-26.53,55.6,62.04,0.6667,LOW,-,81.9015,74.0244,56.3023,1,313.9378,TREND+LEAD,67.2334
46,15,KOD,KODIAK SCIENCES INC,Health Care,,mid,36.22,7.9542,0.9447,0.769,1.329,FLAT,88.45,923.16,1028.35,-32.4,52.4,167.52,0.6153,LOW,-,41.3265,37.4234,23.859,1,288.7643,TREND+LEAD,66.3206
47,-6,VISN,VISTANCE NETWORKS INC,Information Technology,,mid,11.63,3.3385,1.027,1.1916,1.1654,FLAT,42.97,329.43,1791.55,-16.25,54.0,55.77,0.8677,LOW,-,11.2961,9.9003,8.7735,1,318.9782,TREND+LEAD,65.2755
48,5,VICR,VICOR CORP,Industrials,,mid,264.2,4.9528,0.9178,0.9566,1.4414,STRONG_DOWN,212.07,537.09,675.23,-32.01,58.8,107.0,0.8538,LOW,-,269.805,218.0984,129.1363,1,295.1469,TREND+LEAD,65.1319
49,10,APLD,APPLIED DIGITAL CORP,Information Technology,,mid,39.52,4.5314,0.854,1.1692,1.2623,STRONG_DOWN,73.03,482.89,794.12,-50.31,48.4,100.54,1.1709,MED,-,38.9337,31.9777,28.2511,1,232.4639,TREND+LEAD,65.0013
50,-17,FIX,Comfort Systems USA,Industrials,Construction & Engineering,large,1835.51,3.0739,0.9075,1.0216,1.1654,STRONG_DOWN,99.48,295.41,464.18,-13.77,59.6,55.81,0.9624,LOW,-,1891.6168,1648.036,1135.7832,1,315.4668,TREND+LEAD,64.2411
51,-5,WULF,TERAWULF INC,Information Technology,,mid,21.63,4.3006,0.9033,1.0099,1.3366,STRONG_DOWN,80.25,453.2,960.29,-31.74,53.6,84.33,0.6044,LOW,-,22.2245,19.071,14.2656,1,288.0512,TREND+LEAD,63.4329
52,-2,INDV,INDIVIOR PHARMACEUTICALS INC,Health Care,,mid,37.59,2.5884,1.0029,1.0802,1.0288,FLAT,16.52,232.95,120.47,-21.37,54.0,42.84,0.9875,LOW,-,37.159,33.4674,30.6473,1,293.6338,TREND+LEAD,61.7486
53,2,NVRI,ENVIRI CORP,Industrials,,small,19.53,2.0004,0.9986,0.9744,0.9455,STRONG_UP,49.08,157.31,133.89,-13.04,53.2,27.15,0.7105,LOW,-,19.38,19.1246,16.0514,1,308.2509,TREND+LEAD,61.5775
54,-23,BORR,BORR DRILLING LTD,Energy,,small,6.18,2.9841,0.9901,1.086,0.9634,FLAT,97.44,283.85,8.94,-23.33,52.8,49.89,,LOW,-,6.0465,5.7272,4.2092,1,300.4075,TREND+LEAD,61.5698
55,1,DNTH,DIANTHUS THERAPEUTICS INC,Health Care,,mid,88.72,3.6785,1.0493,0.9325,1.6605,FLAT,117.34,373.17,261.09,-19.03,51.2,65.77,0.7178,LOW,-,86.872,85.8154,51.2546,1,290.5044,TREND+LEAD,61.0331
56,-5,TYRA,TYRA BIOSCIENCES INC,Health Care,,mid,33.4,2.6604,0.9234,0.858,0.981,FLAT,108.23,242.21,81.03,-16.94,54.8,51.09,1.065,MED,-,35.0192,36.056,24.3833,1,259.8019,TREND+LEAD,60.5592
57,-3,ALMS,ALUMIS INC,Health Care,,mid,22.04,3.5845,0.9032,0.8168,0.7309,STRONG_UP,243.84,361.09,65.71,-42.56,49.6,72.33,0.5648,LOW,-,24.0498,24.0847,14.9174,1,247.6145,TREND+LEAD,60.5081
58,0,AAOI,APPLIED OPTOELECTRONICS INC,Information Technology,,mid,165.26,7.5263,0.8194,1.0612,2.9661,STRONG_DOWN,691.1,868.13,1277.17,-47.64,51.6,189.22,0.7644,LOW,-,171.114,139.1708,61.3942,1,236.738,TREND+LEAD,59.9653
59,-25,BELFB,BEL FUSE INC CLASS B,Information Technology,,mid,254.75,2.7057,0.9568,0.9305,1.0056,FLAT,76.94,248.04,286.32,-19.54,64.0,55.88,0.9539,LOW,-,273.9345,241.54,186.2545,1,284.0783,TREND+LEAD,59.6788
60,0,TTI,TETRA TECHNOLOGIES INC,Energy,,small,10.42,2.9673,0.9774,1.036,0.87,FLAT,35.85,281.68,156.02,-37.66,56.0,57.46,0.4787,LOW,-,9.9705,9.0566,8.1081,1,274.5277,TREND+LEAD,59.5119
61,46,GH,GUARDANT HEALTH INC,Health Care,,large,114.97,2.4098,1.1762,1.2317,1.0343,FLAT,20.3,209.98,387.78,-32.98,55.6,62.57,2.1506,HIGH,-,93.244,89.8672,86.9644,1,186.5854,TREND+LEAD,59.2955
62,-14,HUT,HUT CORP,Information Technology,,mid,96.51,4.586,0.8907,1.1469,1.6633,STRONG_DOWN,149.57,489.91,894.95,-38.62,56.8,112.35,0.8275,LOW,-,90.5035,70.8156,50.1692,1,247.6826,TREND+LEAD,58.1852
63,-20,AXGN,AXOGEN INC,Health Care,,small,42.69,2.9112,1.0522,1.107,1.1217,STRONG_DOWN,77.8,274.47,600.99,-19.3,56.4,53.56,0.8101,LOW,-,41.6445,36.6536,27.7301,1,289.0276,TREND+LEAD,57.8947
64,0,CIFR,CIPHER DIGITAL INC,Information Technology,,mid,19.48,4.3207,0.8821,0.9614,1.2334,STRONG_DOWN,33.61,455.78,384.58,-51.38,49.6,99.73,0.8161,LOW,-,19.4373,17.0329,15.3649,1,226.6776,TREND+LEAD,57.6618
65,4,TER,Teradyne,Information Technology,Semiconductor Materials & Equipment,large,344.34,3.4019,0.9748,0.8577,0.9832,FLAT,110.57,337.6,147.16,-26.73,58.8,81.46,0.9549,LOW,-,357.8565,339.4346,225.8363,1,243.6885,TREND+LEAD,57.0313
66,4,SPHR,SPHERE ENTERTAINMENT CLASS A,Communication,,mid,134.4,2.8752,1.006,0.9977,1.0912,FLAT,74.27,269.84,253.78,-17.66,52.4,52.49,0.5058,LOW,-,135.5225,126.2268,89.4116,1,269.3777,TREND+LEAD,56.4992
67,-3,MXL,MAXLINEAR INC,Information Technology,,small,96.77,6.5021,1.1002,2.7397,4.8598,STRONG_DOWN,638.7,736.39,419.43,-26.81,57.6,182.02,1.03,MED,-,78.9525,43.5964,23.4874,1,233.0288,TREND+LEAD,56.4893
68,3,HL,HECLA MINING,Materials,,large,17.18,2.6391,0.8915,0.8694,0.6636,STRONG_UP,22.25,239.47,180.31,-48.56,52.8,65.58,0.6226,LOW,-,18.344,18.6866,16.8746,1,192.8036,TREND+LEAD,56.2235
69,3,LRCX,Lam Research,Information Technology,Semiconductor Materials & Equipment,large,292.09,2.7629,0.9855,1.0554,1.1075,STRONG_DOWN,104.5,255.39,208.59,-20.01,60.0,59.69,0.8621,LOW,-,276.0255,252.2222,186.1813,1,256.7197,TREND+LEAD,55.7726
70,74,SLS,SELLAS LIFE SCIENCES GROUP INC,Health Care,,small,8.97,4.102,1.2202,1.8005,2.0049,STRONG_DOWN,464.15,427.65,531.69,-36.53,49.6,107.72,2.5272,HIGH,-,5.687,5.196,3.2584,1,196.9114,TREND+LEAD,54.8844
71,10,GLW,Corning Inc.,Information Technology,Electronic Components,large,180.69,2.9595,0.8756,1.0273,1.2036,STRONG_DOWN,125.95,280.68,416.03,-23.01,59.2,78.17,1.0013,MED,-,178.056,159.8996,108.3627,1,212.5688,TREND+LEAD,54.4325
72,1,LQDA,LIQUIDIA CORP,Health Care,,mid,61.77,2.8824,1.0514,1.5992,1.7057,STRONG_DOWN,104.54,270.77,366.19,-35.66,56.0,74.29,1.1888,MED,-,46.643,41.1478,33.0287,1,204.1059,TREND+LEAD,54.1623
73,1,LASR,NLIGHT INC,Information Technology,,mid,71.3,4.1211,0.8849,0.9504,1.1808,STRONG_DOWN,149.3,430.11,438.93,-24.74,56.4,99.01,0.6294,LOW,-,72.855,68.5518,45.0032,1,245.0085,TREND+LEAD,53.7373
74,51,AAMI,ACADIAN ASSET MANAGEMENT INC,Financials,,small,71.12,1.8768,1.0079,1.0084,1.2418,STRONG_DOWN,68.22,141.41,220.31,-18.2,58.4,38.77,1.7668,HIGH,-,68.4205,61.6244,51.807,1,213.0132,TREND+LEAD,53.2315
75,-7,OMER,OMEROS CORP,Health Care,,small,12.38,3.0946,0.9409,0.8884,0.9538,FLAT,45.65,298.07,268.45,-42.9,48.4,62.15,0.9011,LOW,-,13.952,12.444,9.4927,1,232.1259,TREND+LEAD,52.8133
76,2,AMD,Advanced Micro Devices,Information Technology,Semiconductors,large,447.58,3.1051,1.0046,1.4151,2.0742,STRONG_DOWN,94.35,299.41,171.82,-27.76,55.2,73.97,0.9102,LOW,-,392.698,292.8982,227.978,1,223.435,TREND+LEAD,52.6866
77,-1,CENX,CENTURY ALUMINUM,Materials,,mid,58.78,2.8922,0.9656,0.8939,1.0357,FLAT,116.02,272.03,210.02,-23.56,53.6,61.41,0.6536,LOW,-,60.066,59.1956,40.9078,1,237.4297,TREND+LEAD,52.3602
78,-3,GPRE,GREEN PLAINS INC,Energy,,small,15.65,2.7841,0.947,0.924,1.0354,FLAT,50.05,258.12,-18.53,-21.17,55.2,56.59,0.8055,LOW,-,16.96,16.354,12.111,1,251.7834,TREND+LEAD,52.3577
79,0,HP,HELMERICH & PAYNE INC,Energy,,mid,40.88,2.1678,1.0542,1.0841,1.071,FLAT,56.08,178.84,13.85,-19.7,54.4,39.86,0.5324,LOW,-,39.3253,36.8536,29.0155,1,244.0833,TREND+LEAD,52.1874
80,14,VSH,VISHAY INTERTECHNOLOGY INC,Information Technology,,mid,40.16,2.2439,1.067,1.4303,1.9047,STRONG_DOWN,227.54,188.63,78.3,-33.46,56.4,61.39,1.5354,HIGH,-,32.789,25.173,18.278,1,173.3017,TREND+LEAD,51.7186
81,19,STOK,STOKE THERAPEUTICS INC,Health Care,,small,30.295,2.4843,0.9751,0.8097,0.8195,FLAT,4.75,219.57,97.36,-37.16,52.8,50.22,0.9591,LOW,-,32.3938,33.4593,29.4611,1,230.8476,TREND+LEAD,51.307
82,-19,GOOGL,Alphabet Inc. (Class A),Communication Services,Interactive Media & Services,large,388.91,1.7999,0.9787,1.0997,1.1461,STRONG_DOWN,36.99,131.53,120.48,-20.37,54.4,34.98,1.0424,MED,-,381.116,337.9726,294.0539,1,204.5443,TREND+LEAD,51.127
83,0,KGS,KODIAK GAS SERVICES INC,Energy,,mid,73.35,1.7424,1.0041,1.1084,1.3528,STRONG_DOWN,121.67,124.13,181.69,-15.95,58.8,33.04,1.4014,MED,-,70.4149,63.3669,44.0508,1,220.9158,TREND+LEAD,51.0527
84,21,PUMP,PROPETRO HOLDING CORP,Energy,,small,17.03,2.4071,1.0123,1.0603,1.4054,STRONG_DOWN,71.85,209.64,72.02,-32.74,49.6,56.0,2.4712,HIGH,-,16.878,15.3314,10.155,1,185.6779,TREND+LEAD,50.6199
85,-1,RAPP,RAPPORT THERAPEUTICS INC,Health Care,,small,35.72,2.7658,0.95,0.9318,1.1133,FLAT,41.07,255.78,71.73,-28.82,52.0,57.19,0.7426,LOW,-,36.1135,33.5476,27.6848,1,232.5651,TREND+LEAD,50.2381
86,-29,KLIC,KULICKE AND SOFFA INDUSTRIES INC,Information Technology,,mid,101.23,2.4637,0.9816,1.14,1.3294,STRONG_DOWN,186.85,216.92,121.4,-17.99,57.2,51.86,0.8972,LOW,-,94.103,80.0946,55.4216,1,239.2527,TREND+LEAD,50.1185
87,4,FORM,FORMFACTOR INC,Information Technology,,mid,125.31,3.0985,0.9882,0.8225,1.2292,FLAT,157.42,298.57,114.98,-24.43,54.0,72.44,0.8468,LOW,-,136.9175,120.6824,71.5339,1,222.5664,TREND+LEAD,50.0189
88,11,ACMR,ACM RESEARCH CLASS A INC,Information Technology,,mid,71.6,2.417,1.1437,1.2598,0.9973,FLAT,132.69,210.9,208.22,-46.34,58.4,75.67,1.1703,MED,-,58.2185,50.7937,43.437,1,162.7658,TREND+LEAD,49.8828
89,42,DHC,DIVERSIFIED HEALTHCARE TRUST,Real Estate,,small,9.13,2.2794,1.0666,1.2604,1.359,STRONG_DOWN,99.97,193.2,291.11,-15.7,52.8,45.94,1.4856,MED,-,8.115,7.4766,5.5103,1,222.0491,TREND+LEAD,49.8506
90,6,KYMR,KYMERA THERAPEUTICS INC,Health Care,,mid,80.65,2.0809,0.9633,0.8717,0.8559,STRONG_UP,25.41,167.67,128.34,-27.74,50.4,39.89,0.8023,LOW,-,83.379,83.1945,69.6821,1,211.8511,TREND+LEAD,49.3802
91,-9,LBRT,LIBERTY ENERGY INC CLASS A,Energy,,mid,32.72,2.302,0.9903,1.0671,1.134,STRONG_DOWN,100.98,196.11,41.34,-26.19,52.0,46.4,0.3834,LOW,-,33.072,30.5726,20.6786,1,219.7832,TREND+LEAD,48.7063
92,-26,RIG,TRANSOCEAN LTD,Energy,,mid,7.34,2.3196,1.0721,1.1621,1.0442,FLAT,77.72,198.37,19.16,-23.19,55.6,50.81,0.8666,LOW,-,6.703,6.5414,4.7334,1,217.0753,TREND+LEAD,48.3494
93,23,WTTR,SELECT WATER SOLUTIONS INC CLASS A,Energy,,mid,19.9,1.961,1.0799,1.1691,1.456,STRONG_DOWN,105.51,152.25,94.2,-20.45,53.2,40.81,1.1978,MED,-,17.6178,15.9734,12.0263,1,198.4729,TREND+LEAD,47.9706
94,-6,ANAB,ANAPTYSBIO INC,Health Care,,small,60.08,3.3675,0.9751,1.0765,1.5426,STRONG_DOWN,143.5,333.17,276.28,-28.15,52.0,77.81,0.541,LOW,-,64.0253,51.7487,31.9054,1,222.6524,TREND+LEAD,47.7118
95,-2,CRVS,CORVUS PHARMACEUTICALS INC,Health Care,,small,12.19,2.6106,0.901,0.6552,0.6824,FLAT,34.1,235.81,459.17,-54.94,49.2,80.28,1.5486,HIGH,-,14.7753,14.9061,11.1518,1,144.519,TREND+LEAD,47.6598
96,-10,VAL,VALARIS LTD,Energy,,mid,109.59,2.3418,1.0711,1.1624,1.0616,FLAT,93.25,201.24,41.5,-18.85,55.6,51.07,0.6301,LOW,-,100.0095,97.3096,67.8858,1,219.087,TREND+LEAD,47.55
97,27,DFTX,DEFINIUM THERAPEUTICS INC,Health Care,,mid,20.87,2.3378,0.9866,0.8676,1.1301,FLAT,82.91,200.72,150.09,-24.79,52.0,49.89,0.8308,LOW,-,21.658,20.687,14.8953,1,209.2096,TREND+LEAD,47.3416
98,-8,ENS,ENERSYS,Industrials,,mid,214.56,1.7616,0.9037,1.0186,1.1509,STRONG_DOWN,59.33,126.6,125.56,-18.32,59.2,37.88,1.4212,MED,-,220.4315,195.6388,151.0963,1,197.8548,TREND+LEAD,47.1654
99,-32,ICHR,ICHOR HOLDINGS LTD,Information Technology,,small,65.76,3.076,0.8908,0.963,1.2114,STRONG_DOWN,352.27,295.67,66.35,-40.8,56.8,81.21,0.8204,LOW,-,69.7798,59.1923,32.572,1,206.7964,TREND+LEAD,47.043
100,38,OUT,OUTFRONT MEDIA INC,Real Estate,,mid,32.85,1.7174,1.0112,1.0489,1.1769,STRONG_DOWN,51.05,120.91,151.35,-11.25,54.8,31.84,1.4177,MED,-,31.5865,29.3362,23.3338,1,208.1021,TREND+LEAD,47.0271
101,51,CBL,CBL ASSOCIATES PROPERTIES INC,Real Estate,,small,47.72,1.579,1.0414,1.0243,1.1769,FLAT,52.56,103.11,151.33,-12.31,56.0,27.88,1.3136,MED,-,45.365,42.0324,34.9456,1,207.1167,TREND+LEAD,46.8578
102,-25,CAT,Caterpillar Inc.,Industrials,Construction Machinery & Heavy Transportation Equipment,large,872.56,2.0019,0.9571,1.035,1.0673,STRONG_DOWN,60.23,157.51,149.63,-13.88,57.2,40.69,0.944,LOW,-,877.419,791.2762,619.4928,1,221.4222,TREND+LEAD,46.8346
103,-5,NE,NOBLE CORPORATION PLC,Energy,,mid,53.97,1.9195,1.0374,1.0804,1.1119,STRONG_DOWN,80.9,146.91,28.28,-16.56,52.4,34.28,0.8401,LOW,-,51.251,49.4246,35.8969,1,224.5622,TREND+LEAD,46.7929
104,8,DOCN,DIGITALOCEAN HOLDINGS INC,Information Technology,,mid,160.11,4.3249,1.0202,1.6083,2.334,STRONG_DOWN,263.8,456.32,313.08,-24.11,52.4,115.92,0.8025,LOW,-,133.296,102.94,59.8071,1,206.2747,TREND+LEAD,46.6535
105,-20,UUUU,ENERGY FUELS INC,Energy,,mid,16.78,2.9118,0.8685,0.7114,0.729,FLAT,11.5,274.55,148.96,-51.28,51.6,84.0,,LOW,EARLY,20.4685,19.53,17.6813,0,168.6543,WEAK,46.5562
106,-11,SDRL,SEADRILL LTD,Energy,,mid,53.8,1.7997,1.0571,1.0953,1.1288,STRONG_DOWN,71.23,131.5,3.22,-16.54,53.6,31.56,0.9982,LOW,-,50.141,47.4124,37.1708,1,223.3289,TREND+LEAD,46.5208
107,-4,CRDO,CREDO TECHNOLOGY GROUP HOLDING LTD,Information Technology,,large,182.98,2.3532,1.0008,0.9265,1.3681,FLAT,31.11,202.7,850.55,-53.59,54.0,102.17,1.0112,MED,-,183.6487,146.1501,142.2226,1,107.1313,TREND+LEAD,46.213
108,-4,PVLA,PALVELLA THERAPEUTICS INC,Health Care,,small,115.5,3.9039,0.9799,0.8483,1.2507,FLAT,39.26,402.17,933.09,-29.93,53.6,105.02,0.7424,LOW,-,121.8025,122.7406,91.2784,1,205.2611,TREND+LEAD,46.0646
109,32,INSW,INTERNATIONAL SEAWAYS INC,Energy,,mid,86.67,1.9463,1.023,1.0903,1.2284,STRONG_DOWN,66.18,150.36,62.4,-13.84,55.2,41.9,1.0781,MED,-,84.873,77.1139,56.8561,1,198.0821,TREND+LEAD,45.9218
110,35,BKD,BROOKDALE SENIOR LIVING INC,Health Care,,mid,13.34,1.5809,1.0193,0.9538,0.8304,STRONG_UP,26.21,103.35,93.61,-23.61,56.4,29.41,0.7042,LOW,-,13.596,13.758,11.3481,1,198.2029,TREND+LEAD,45.6309
111,3,NUE,Nucor,Materials,Steel,large,225.67,1.5942,0.9782,1.0106,1.1668,STRONG_DOWN,52.99,105.06,35.3,-18.43,55.6,28.41,0.4125,LOW,-,225.7645,195.7931,165.5439,1,205.6075,TREND+LEAD,45.4228
112,-1,MRVL,Marvell Technology,Technology,Semiconductors,large,186.8,2.4224,1.0327,1.1393,2.1811,STRONG_DOWN,137.71,211.6,156.38,-26.36,54.0,70.58,1.1739,MED,-,168.372,133.301,94.6518,1,161.8958,TREND+LEAD,45.3096
113,-48,GOOG,Alphabet Inc. (Class C),Communication Services,Interactive Media & Services,large,384.9,1.7656,0.9782,1.0935,1.1345,STRONG_DOWN,35.25,127.11,116.14,-20.75,53.6,34.1,0.7754,LOW,-,378.1495,335.817,293.9367,1,199.8044,TREND+LEAD,45.2748
114,-25,AEIS,ADVANCED ENERGY INDUSTRIES INC,Information Technology,,large,313.05,2.1029,0.9169,0.7963,0.8769,FLAT,57.27,170.5,192.55,-22.16,57.2,59.27,1.222,MED,-,354.403,347.213,247.664,1,164.5436,TREND+LEAD,45.0267
115,-7,PLUG,PLUG POWER INC,Industrials,,mid,3.31,3.3418,0.8815,0.9956,1.6418,STRONG_DOWN,54.67,329.87,7.47,-56.66,44.0,96.06,0.719,LOW,-,3.3385,2.847,2.3901,1,151.096,TREND+LEAD,44.979
116,56,IMNM,IMMUNOME INC,Health Care,,mid,21.53,2.1133,0.9869,0.8687,0.9289,FLAT,20.55,171.84,57.73,-28.44,50.4,52.5,1.1955,MED,-,22.4295,21.9636,18.3552,1,164.9697,TREND+LEAD,44.7173
117,-2,PACS,PACS GROUP INC,Health Care,,mid,37.0,2.9113,0.9419,1.0143,0.8873,FLAT,156.41,274.49,33.53,-42.03,47.6,78.47,0.8603,LOW,-,35.3435,34.4312,26.6325,1,166.5084,TREND+LEAD,44.5362
118,37,ATRO,ASTRONICS CORP,Industrials,,mid,84.99,2.1599,1.0372,1.1221,1.0075,FLAT,71.39,177.84,290.76,-23.39,54.4,56.48,1.2225,MED,-,75.895,72.6462,58.9148,1,171.2867,TREND+LEAD,44.5297
119,-13,SITM,SITIME CORP,Information Technology,,mid,697.0,2.6942,0.8577,1.275,1.5886,STRONG_DOWN,172.81,246.56,453.09,-29.39,55.6,94.93,3.2606,HIGH,-,677.378,503.8116,362.6731,1,144.4085,TREND+LEAD,44.265
120,0,HAL,Halliburton,Energy,Oil & Gas Equipment & Services,large,42.3,1.6978,1.034,1.0377,1.1229,STRONG_DOWN,59.67,118.39,18.2,-13.1,55.6,31.44,0.7473,LOW,-,41.193,38.964,30.2417,1,209.3673,TREND+LEAD,44.2287
121,-24,SMTC,SEMTECH CORP,Information Technology,,mid,141.85,2.8636,1.0143,1.3152,1.5164,STRONG_DOWN,126.2,268.35,249.21,-26.68,52.8,74.75,0.8166,LOW,-,120.0365,99.283,78.1542,1,189.5473,TREND+LEAD,43.6634
122,-20,PRM,PERIMETER SOLUTIONS INC,Materials,,mid,33.5,2.2259,0.9945,1.0487,1.1664,STRONG_DOWN,30.25,186.32,,-30.2,58.4,58.86,,LOW,-,31.5125,27.2208,25.1391,1,184.8686,TREND+LEAD,43.5267
123,53,TCMD,TACTILE SYSTEMS TECHNOLOGY INC,Health Care,,small,24.84,1.9605,1.0882,0.9549,0.8022,STRONG_UP,7.12,152.18,93.46,-32.13,49.2,39.58,0.6068,LOW,-,23.9215,25.0533,22.7023,1,189.1711,TREND+LEAD,43.5249
124,-2,ALB,Albemarle Corporation,Materials,Specialty Chemicals,large,170.21,2.3856,0.899,0.8409,0.9397,FLAT,40.99,206.87,39.22,-21.62,56.4,64.37,0.842,LOW,-,191.6115,183.2168,137.0547,1,181.2571,TREND+LEAD,43.4618
125,29,KRYS,KRYSTAL BIOTECH INC,Health Care,,mid,302.05,1.8536,0.9639,1.0503,1.0702,STRONG_DOWN,47.53,138.44,81.05,-15.94,57.2,38.57,0.6879,LOW,-,288.9605,271.0094,227.5136,1,205.3022,TREND+LEAD,43.1714
126,-8,SCHL,SCHOLASTIC CORP,Communication,,small,39.24,1.794,1.0042,0.9655,1.1276,FLAT,39.64,130.76,12.59,-12.02,55.2,34.15,0.5203,LOW,-,39.9377,38.5778,31.5271,1,211.3625,TREND+LEAD,42.9764
127,10,UCTT,ULTRA CLEAN HOLDINGS INC,Information Technology,,mid,80.22,3.0706,0.9374,0.9839,1.258,STRONG_DOWN,259.73,294.98,73.75,-29.74,54.0,88.67,0.6445,LOW,-,80.6355,71.895,42.607,1,179.6414,TREND+LEAD,42.8132
128,-27,AMAT,Applied Materials,Information Technology,Semiconductor Materials & Equipment,large,426.85,2.0638,0.9779,1.015,1.0547,STRONG_DOWN,90.22,165.47,97.59,-21.37,57.6,52.05,0.9584,LOW,-,414.296,385.5608,284.3519,1,183.1115,TREND+LEAD,42.6674
129,-37,SEI,SOLARIS OILFIELD INFRASTRUCTURE IN,Energy,,mid,71.45,2.5888,0.9214,1.036,1.3492,STRONG_DOWN,65.89,233.0,710.38,-26.43,52.8,67.69,0.7624,LOW,-,73.946,65.9156,50.1596,1,181.7491,TREND+LEAD,42.065
130,19,FTRE,FORTREA HOLDINGS INC,Health Care,,small,13.7,2.5358,0.9711,1.2519,1.1552,FLAT,34.31,226.19,-47.93,-51.79,49.6,68.13,0.5751,LOW,-,13.071,10.9828,11.7044,1,164.6712,TREND+LEAD,42.0237
131,-18,GHM,GRAHAM CORP,Industrials,,small,95.98,2.0145,0.9805,0.9714,1.099,FLAT,73.41,159.13,223.71,-18.21,54.4,49.34,1.2605,MED,-,96.3165,89.7854,69.5825,1,175.4442,TREND+LEAD,41.9113
132,59,STNG,SCORPIO TANKERS INC,Energy,,mid,81.68,1.5906,0.9966,1.0316,1.0633,STRONG_DOWN,31.9,104.6,3.78,-23.26,55.2,39.64,1.6861,HIGH,-,82.149,76.7206,62.793,1,145.66,TREND+LEAD,41.8884
133,-16,REX,REX AMERICAN RESOURCES CORP,Energy,,small,48.78,1.8058,0.9997,1.0309,1.3238,STRONG_DOWN,52.34,132.29,73.66,-9.83,58.4,37.11,0.6131,LOW,-,48.924,45.3944,35.598,1,208.178,TREND+LEAD,41.1433
134,-13,HLIO,HELIOS TECHNOLOGIES INC,Industrials,,mid,79.16,2.0129,1.0221,1.124,0.9908,FLAT,56.2,158.93,51.19,-17.07,50.0,48.4,1.157,MED,-,71.2605,68.6091,60.4089,1,164.1837,TREND+LEAD,41.0935
135,43,LPG,DORIAN LPG LTD,Energy,,small,47.72,1.7935,1.2084,1.2987,1.2774,FLAT,93.12,130.7,30.51,-24.99,54.0,48.19,2.8566,HIGH,-,39.2144,35.5045,29.5372,1,146.4623,TREND+LEAD,41.0886
136,-3,BTSG,BRIGHTSPRING HEALTH SERVICES INC,Health Care,,mid,58.59,1.9186,1.0126,1.1918,1.3236,STRONG_DOWN,85.71,146.8,425.47,-19.7,56.8,44.67,0.8777,LOW,-,53.0235,47.4002,36.6873,1,186.6614,TREND+LEAD,40.8577
137,-11,PARR,PAR PACIFIC HOLDINGS INC,Energy,,mid,60.8,2.4042,1.0197,0.8962,1.3192,FLAT,31.4,209.26,115.68,-26.21,53.6,66.25,0.6983,LOW,-,63.2845,61.5528,43.9484,1,169.3011,TREND+LEAD,40.5866
138,-28,KLAC,KLA Corporation,Information Technology,Semiconductor Materials & Equipment,large,1829.47,1.8376,0.9767,0.9699,1.1358,FLAT,63.32,136.38,142.88,-22.41,60.4,50.14,0.9131,LOW,-,1806.8927,1673.1527,1315.1634,1,164.2874,TREND+LEAD,40.4739
139,-20,FLNC,FLUENCE ENERGY INC CLASS A,Industrials,,mid,18.94,2.9389,0.9129,1.3461,1.0615,FLAT,11.28,278.04,0.53,-63.3,49.2,123.08,0.9954,LOW,-,16.8615,15.5121,16.5065,1,111.1453,TREND+LEAD,40.3409
140,60,GTX,GARRETT MOTION INC,Consumer Discretionary,,mid,30.7,2.3504,0.9723,1.4482,1.5126,STRONG_DOWN,86.24,202.34,246.08,-19.87,50.0,63.28,1.3925,MED,-,26.6335,21.746,17.4402,1,159.874,TREND+LEAD,40.2451
141,-11,COHU,COHU INC,Information Technology,,small,44.98,2.0461,0.9273,0.9631,1.322,STRONG_DOWN,109.79,163.19,53.36,-20.23,56.0,54.31,1.0311,MED,-,47.004,39.0188,27.9148,1,168.2731,TREND+LEAD,39.9134
142,-7,KALU,KAISER ALUMINIUM CORP,Materials,,mid,168.95,1.9155,0.9589,0.999,1.2203,STRONG_DOWN,90.27,146.4,80.51,-26.03,56.0,47.83,0.7911,LOW,-,173.512,146.624,111.3621,1,171.4052,TREND+LEAD,39.8121
143,-11,MTRN,MATERION CORP,Materials,,mid,206.05,2.0979,0.9852,1.1026,1.2824,STRONG_DOWN,81.17,169.86,80.5,-20.73,55.2,52.42,0.892,LOW,-,194.1165,169.142,138.0547,1,178.8698,TREND+LEAD,39.802
144,-8,JBIO,JADE BIOSCIENCES INC,Health Care,,small,23.34,2.4225,0.9763,0.8824,1.5171,FLAT,84.51,211.62,-96.54,-39.23,50.8,75.44,1.0491,MED,-,24.4627,19.7523,13.6027,1,142.4982,TREND+LEAD,39.7001
145,-36,SANM,SANMINA CORP,Information Technology,,mid,231.18,2.1888,0.964,1.2589,1.4356,STRONG_DOWN,47.77,181.55,245.72,-32.69,56.4,64.32,0.9335,LOW,-,223.31,173.477,149.2171,1,159.1942,TREND+LEAD,39.5424
146,5,CMRE,COSTAMARE INC,Industrials,,mid,17.41,1.6338,1.0024,1.0242,0.9457,FLAT,17.86,110.16,24.65,-14.61,56.4,34.26,0.5675,LOW,-,16.905,16.8831,14.7357,1,181.3559,TREND+LEAD,39.293
147,0,AMLX,AMYLYX PHARMACEUTICALS INC,Health Care,,small,13.61,1.9485,0.9897,0.7453,0.9011,FLAT,-2.44,150.64,656.11,-30.61,50.4,57.52,1.5148,HIGH,-,15.2157,15.2781,13.4993,1,131.9973,TREND+LEAD,39.1908
148,87,TXG,10X GENOMICS INC CLASS A,Health Care,,mid,23.98,2.2407,1.1247,1.0078,1.1781,FLAT,54.11,188.22,0.13,-28.03,50.0,68.77,1.136,MED,-,21.759,21.518,17.4928,1,136.8483,TREND+LEAD,39.0315
149,-29,STRL,STERLING INFRASTRUCTURE INC,Industrials,,large,752.0,3.2106,0.8538,1.4789,1.6017,STRONG_DOWN,125.23,312.98,475.98,-31.02,56.0,125.91,0.9679,LOW,-,696.442,536.6916,393.4719,1,139.2028,TREND+LEAD,38.7544
150,-10,JNJ,Johnson & Johnson,Health Care,Pharmaceuticals,large,229.32,1.1963,1.0029,0.9731,0.8818,STRONG_UP,16.0,53.88,59.56,-10.96,54.8,17.08,0.4268,LOW,-,226.7865,233.7416,208.8386,1,172.8617,TREND+LEAD,38.4479
151,-9,VTRS,Viatris,Health Care,Pharmaceuticals,large,16.59,1.5918,0.9702,1.0963,0.9749,FLAT,58.04,104.76,65.39,-18.97,56.0,37.02,0.9789,LOW,-,15.9805,14.6076,12.2552,1,158.4632,TREND+LEAD,38.0337
152,5,RSI,RUSH STREET INTERACTIVE INC CLASS,Consumer Discretionary,,mid,27.65,1.8515,1.0272,1.148,1.3848,STRONG_DOWN,60.38,138.16,216.72,-29.47,52.8,46.6,0.4822,LOW,-,26.9995,23.8186,20.2894,1,156.5381,TREND+LEAD,38.0063
153,18,MSGE,MADISON SQUARE GARDEN ENTERTAINMEN,Communication,,mid,69.58,1.4779,1.0255,1.0825,1.013,FLAT,46.52,90.11,85.7,-13.43,55.6,28.47,0.9222,LOW,-,66.174,61.8888,52.8675,1,175.9774,TREND+LEAD,37.9268
154,57,CHRW,C.H. Robinson,Industrials,Air Freight & Logistics,large,180.64,1.4725,1.1411,0.9505,0.8846,STRONG_UP,19.97,89.41,128.54,-20.07,54.0,42.95,1.6757,HIGH,-,173.7805,172.1006,156.9158,1,112.4084,TREND+LEAD,37.848
155,-21,INVX,INNOVEX INTERNATIONAL INC,Energy,,small,30.96,1.7022,1.1318,1.0818,1.1275,FLAT,39.59,118.95,61.67,-17.91,55.6,42.61,1.2942,MED,-,27.9655,26.3266,22.449,1,155.2172,TREND+LEAD,37.6573
156,-27,BKSY,BLACKSKY TECHNOLOGY INC CLASS A,Industrials,,small,45.58,3.1137,1.0784,1.0756,2.1267,FLAT,235.89,300.53,391.16,-58.46,53.6,122.16,0.7761,LOW,-,38.094,33.1276,23.8361,1,131.862,TREND+LEAD,37.6223
157,-30,CMPR,CIMPRESS PLC,Industrials,,small,97.69,1.7736,1.0574,1.1293,1.2543,STRONG_DOWN,48.78,128.14,18.35,-17.5,52.8,42.3,1.3216,MED,-,90.466,81.1306,71.2623,1,159.9491,TREND+LEAD,37.5304
158,4,BK,BNY Mellon,Financials,Asset Management & Custody Banks,large,137.16,1.222,1.0181,0.9724,1.0807,FLAT,28.66,57.18,142.59,-10.15,59.6,19.68,0.6028,LOW,-,133.8942,127.0647,114.9464,1,173.1821,TREND+LEAD,37.369
159,5,CMI,Cummins,Industrials,Construction Machinery & Heavy Transportation Equipment,large,669.87,1.6412,0.9437,1.0055,1.0473,STRONG_DOWN,45.19,111.11,143.8,-15.23,57.2,38.05,0.5516,LOW,-,676.754,612.9776,513.8222,1,167.0286,TREND+LEAD,37.3627
160,37,WELL,Welltower,Real Estate,Health Care REITs,large,218.61,1.1636,1.0133,1.0539,0.9808,FLAT,11.02,49.68,123.93,-12.61,59.6,22.7,1.5258,HIGH,-,214.3024,207.6796,189.2265,1,130.4308,TREND+LEAD,37.3174
161,-13,TRGP,Targa Resources,Energy,Oil & Gas Storage & Transportation,large,270.69,1.3422,1.0214,1.1026,1.0907,FLAT,61.23,72.65,138.84,-16.3,57.6,26.16,0.4904,LOW,-,256.5056,246.8589,195.1327,1,159.9607,TREND+LEAD,37.2409
162,-16,APA,APA Corporation,Energy,Oil & Gas Exploration & Production,large,39.32,1.9055,1.0694,0.9912,1.2634,FLAT,60.35,145.11,39.42,-19.49,53.2,51.17,0.7722,LOW,-,38.774,38.6373,27.8469,1,150.8643,TREND+LEAD,36.9732
163,10,TRST,TRUSTCO BANK CORP,Financials,,small,50.28,1.3073,1.0349,1.0706,1.0271,FLAT,30.32,68.16,89.62,-14.11,55.6,21.4,0.9804,LOW,-,48.174,45.9742,41.4338,1,177.0854,TREND+LEAD,36.9609
164,2,FN,FABRINET,Information Technology,,large,662.21,2.2682,0.8954,0.9208,1.1247,STRONG_DOWN,61.81,191.76,185.97,-20.55,56.4,82.33,1.0216,MED,-,677.9515,622.6832,478.9617,1,131.3655,TREND+LEAD,36.8241
165,9,RCUS,ARCUS BIOSCIENCES INC,Health Care,,mid,23.74,2.1435,0.9604,0.8557,1.1596,FLAT,17.58,175.73,37.7,-27.78,56.0,67.27,0.5356,LOW,-,24.866,23.4558,19.563,1,146.2859,TREND+LEAD,36.7687
166,-1,IRMD,IRADIMED CORP,Health Care,,small,90.4,1.3392,1.0525,0.9645,0.8131,STRONG_UP,5.89,72.26,110.38,-20.62,54.4,30.98,1.6455,HIGH,-,86.3078,92.3665,87.3019,1,126.8889,TREND+LEAD,36.6683
167,-20,KN,KNOWLES CORP,Information Technology,,mid,35.24,1.6634,0.9902,1.1075,1.1869,STRONG_DOWN,66.7,113.96,102.76,-15.32,56.0,37.42,0.6978,LOW,-,33.394,29.4434,24.7846,1,170.5513,TREND+LEAD,36.6499
168,-29,CECO,CECO ENVIRONMENTAL CORP,Industrials,,mid,81.29,2.3191,0.9532,1.2219,0.9571,FLAT,67.44,198.31,222.45,-35.08,54.8,80.93,0.7711,LOW,-,77.812,67.566,58.7477,1,134.2826,TREND+LEAD,36.6496
169,12,MPWR,Monolithic Power Systems,Information Technology,Semiconductors,large,1553.27,1.7929,0.9714,0.9792,1.1989,STRONG_DOWN,81.92,130.63,108.41,-22.45,53.6,54.72,1.2697,MED,-,1580.6925,1354.7392,1068.0277,1,127.9522,TREND+LEAD,36.6289
170,-1,CGON,CG ONCOLOGY INC,Health Care,,mid,64.76,1.9201,0.94,0.8892,1.0423,FLAT,52.2,146.99,123.54,-17.89,51.2,46.84,0.6261,LOW,-,67.6615,67.2786,48.5757,1,160.669,TREND+LEAD,36.5407
171,-43,ADI,Analog Devices,Information Technology,Semiconductors,large,398.05,1.4138,0.9414,1.0013,1.0432,STRONG_DOWN,74.12,81.86,89.64,-15.73,54.8,35.98,2.6929,HIGH,-,408.0505,361.914,291.9881,1,124.6741,TREND+LEAD,36.4125
172,69,USAR,USA RARE EARTH INC CLASS A,Materials,,mid,22.57,1.9051,0.9175,0.8522,1.215,FLAT,47.9,145.06,114.34,-69.23,46.0,106.6,1.2264,MED,-,24.54,20.5155,18.937,1,62.5961,TREND+LEAD,36.3285
173,35,LGN,LEGENCE CORP CLASS A,Industrials,,mid,82.46,2.1018,0.9352,0.998,1.3846,STRONG_DOWN,83.53,170.36,170.36,-21.4,58.14,69.44,1.0056,MED,-,89.3483,71.2053,,0,142.6378,WEAK,36.2104
174,5,IVZ,Invesco,Financials,Asset Management & Custody Banks,large,26.98,1.4829,0.9897,1.0207,0.9528,FLAT,20.96,90.74,83.69,-22.03,57.2,36.73,0.581,LOW,-,26.572,24.8584,24.2537,1,141.3166,TREND+LEAD,36.0093
175,-32,MYRG,MYR GROUP INC,Industrials,,mid,445.73,2.1548,0.951,1.2841,1.4713,STRONG_DOWN,101.03,177.18,182.39,-13.65,56.4,59.45,0.8443,LOW,-,421.708,343.6448,251.5298,1,168.0882,TREND+LEAD,35.9868
176,-9,FCFS,FIRSTCASH HOLDINGS INC,Financials,,mid,226.57,1.4147,1.0069,1.0591,1.1477,STRONG_DOWN,46.24,81.98,94.21,-12.75,58.0,27.79,0.5652,LOW,-,222.7217,206.5808,171.2169,1,171.1009,TREND+LEAD,35.9578
177,8,DAN,DANA INCORPORATED INC,Consumer Discretionary,,mid,33.88,1.7026,0.9892,0.8596,0.9234,FLAT,70.58,119.01,156.42,-17.13,51.6,38.6,0.7696,LOW,-,35.1649,34.4581,26.2739,1,159.0852,TREND+LEAD,35.9533
178,69,IBRX,IMMUNITYBIO INC,Health Care,,mid,8.05,2.3616,0.997,0.9571,0.8583,STRONG_UP,283.33,203.77,18.3,-42.44,50.4,108.72,1.0631,MED,-,7.751,7.7573,4.6474,1,94.4646,TREND+LEAD,35.944
179,-29,ECPG,ENCORE CAPITAL GROUP INC,Financials,,small,80.64,1.6343,0.9959,0.9276,1.2806,FLAT,65.52,110.22,82.73,-12.63,53.6,34.34,0.8692,LOW,-,82.5175,76.7972,56.6821,1,172.0366,TREND+LEAD,35.9192
180,-10,NEM,Newmont,Materials,Gold,large,107.39,1.6066,0.9318,0.9212,0.8173,STRONG_UP,24.62,106.66,152.69,-27.25,59.2,50.6,0.6996,LOW,-,112.727,111.1442,98.7561,1,124.7882,TREND+LEAD,35.8887
181,8,MCY,MERCURY GENERAL CORP,Financials,,mid,102.93,1.3435,1.0533,1.0263,1.1085,FLAT,16.4,72.81,80.43,-12.87,55.6,24.61,0.8787,LOW,-,98.421,93.6482,86.8823,1,164.5035,TREND+LEAD,35.6481
182,-24,OUST,OUSTER INC,Information Technology,,small,30.87,2.4266,0.8938,1.067,1.5378,STRONG_DOWN,47.14,212.13,149.35,-55.15,52.4,99.99,1.4962,MED,-,28.5802,24.3455,25.5536,1,111.1691,TREND+LEAD,35.6364
183,12,STT,State Street Corporation,Financials,Asset Management & Custody Banks,large,154.07,1.2889,1.0114,0.97,1.1245,FLAT,37.91,65.8,112.65,-11.79,62.4,25.92,0.5511,LOW,-,151.39,139.3713,124.3258,1,158.4019,TREND+LEAD,35.3552
184,64,ASML,ASML Holding,Technology,Industrial Machinery,large,1550.13,1.6476,0.9874,1.0325,0.9805,FLAT,54.93,111.93,70.44,-17.85,56.8,50.47,1.0082,MED,-,1483.2711,1424.3457,1164.6819,1,125.9674,TREND+LEAD,35.3492
185,69,GS,Goldman Sachs,Financials,Investment Banking & Brokerage,large,982.12,1.3132,1.023,1.008,0.993,STRONG_UP,27.81,68.92,117.81,-19.42,58.0,33.7,1.1203,MED,-,935.917,888.5962,840.777,1,118.6143,TREND+LEAD,35.3465
186,-26,PENG,PENGUIN SOLUTIONS INC,Information Technology,,small,47.63,2.0457,0.9724,1.657,2.3106,STRONG_DOWN,163.0,163.15,130.21,-44.57,52.8,71.04,1.2119,MED,-,38.4245,27.8752,23.3058,1,121.2595,TREND+LEAD,35.3465
187,33,UAMY,UNITED STATES ANTIMONY CORP,Materials,,small,8.33,2.5903,0.8786,0.754,1.0455,FLAT,17.66,233.2,3103.85,-74.3,48.0,131.29,1.1974,MED,-,10.3145,9.7382,7.8815,1,85.2586,TREND+LEAD,35.3245
188,-32,ON,ON Semiconductor,Information Technology,Semiconductors,large,110.21,1.9624,0.9398,1.1883,1.4792,STRONG_DOWN,141.9,152.43,51.35,-28.1,51.2,60.69,0.978,LOW,-,104.4355,81.6656,61.4071,1,128.5929,TREND+LEAD,35.1723
189,-7,LUMN,LUMEN TECHNOLOGIES INC,Communication,,mid,9.31,1.8997,0.9088,0.9647,1.1029,STRONG_DOWN,22.18,144.36,638.89,-47.34,51.2,65.23,0.6849,LOW,-,9.132,8.0082,7.4491,1,113.3079,TREND+LEAD,35.0577
190,12,BKR,Baker Hughes,Energy,Oil & Gas Equipment & Services,large,66.79,1.4412,1.0434,1.0281,0.9992,STRONG_UP,39.96,85.38,110.51,-16.86,58.0,35.17,0.9514,LOW,-,66.4295,62.7379,52.8138,1,140.8081,TREND+LEAD,34.9444
191,3,ANDE,ANDERSONS INC,Consumer Staples,,mid,70.65,1.6232,0.9873,0.8931,1.001,FLAT,42.0,108.79,41.74,-14.09,57.6,40.05,0.8177,LOW,-,73.919,72.6688,55.798,1,156.4684,TREND+LEAD,34.6787
192,-31,CLMT,CALUMET INC,Energy,,mid,31.92,1.7969,1.0283,0.9429,1.0522,FLAT,67.3,131.14,104.09,-22.81,55.2,50.74,0.5533,LOW,-,32.5,32.019,23.1064,1,142.6637,TREND+LEAD,34.6071
193,-30,MOD,MODINE MANUFACTURING,Industrials,,large,257.33,2.1451,0.889,0.9753,1.0545,STRONG_DOWN,97.08,175.93,153.6,-27.55,51.2,71.48,0.761,LOW,-,262.0,238.0692,177.4332,1,126.0141,TREND+LEAD,34.5947
194,64,ROG,ROGERS CORP,Information Technology,,small,133.0,1.5518,0.9399,1.0571,1.1477,STRONG_DOWN,67.84,99.61,12.41,-14.4,51.6,38.75,2.3993,HIGH,-,135.561,120.2486,96.7054,1,132.6417,TREND+LEAD,34.4551
195,3,CSTM,CONSTELLIUM SE CLASS A,Materials,,mid,32.13,2.0643,0.9681,1.0006,1.1715,STRONG_DOWN,117.83,165.54,48.06,-15.96,51.6,54.71,0.8314,LOW,-,32.3215,28.9982,20.8926,1,156.1272,TREND+LEAD,34.3724
196,18,LINC,LINCOLN EDUCATIONAL SERVICES CORP,Consumer Discretionary,,small,47.43,1.7198,0.9389,1.1162,1.467,STRONG_DOWN,128.36,121.22,299.92,-27.35,56.0,50.64,1.0335,MED,-,44.8405,41.9764,28.2589,1,134.0528,TREND+LEAD,34.3254
197,13,CAPR,CAPRICOR THERAPEUTICS INC,Health Care,,small,29.01,2.0281,0.9822,0.7953,0.9438,FLAT,414.36,160.88,361.21,-67.67,47.2,70.73,0.8793,LOW,-,31.831,31.827,19.3621,1,107.3603,TREND+LEAD,34.3094
198,64,BBIO,BRIDGEBIO PHARMA INC,Health Care,,large,68.22,1.6149,0.9885,0.8793,0.9286,FLAT,4.01,107.73,132.99,-20.25,51.6,48.1,1.0281,MED,-,68.753,71.226,65.7489,1,115.5738,TREND+LEAD,34.1617
199,0,PTGX,PROTAGONIST THERAPEUTICS INC,Health Care,,mid,100.88,1.7116,0.9647,0.917,1.1306,FLAT,19.54,120.17,218.13,-16.38,55.2,44.35,0.482,LOW,-,100.708,101.0625,82.7758,1,149.5638,TREND+LEAD,34.0735
200,-32,UEC,URANIUM ENERGY CORP,Energy,,mid,12.75,1.8844,0.8689,0.8075,0.7278,STRONG_UP,11.35,142.4,72.06,-40.86,50.0,76.5,1.2092,MED,EARLY,14.5805,14.0642,13.7042,0,93.0689,WEAK,33.9414
201,-18,RHLD,RESOLUTE HOLDINGS MANAGEMENT INC,Industrials,,small,110.44,2.4793,1.0439,0.7403,0.539,STRONG_UP,-32.88,218.91,207.72,-54.59,52.8,98.93,0.8243,LOW,-,122.858,139.3906,139.2335,0,116.8369,WEAK,33.9201
202,-6,RIOT,RIOT PLATFORMS INC,Information Technology,,mid,23.67,2.0816,0.9704,1.2289,1.4002,STRONG_DOWN,69.8,167.76,123.09,-48.57,52.4,84.28,0.6975,LOW,-,21.3343,17.601,16.3916,1,104.3027,TREND+LEAD,33.8639
203,6,OLMA,OLEMA PHARMACEUTICALS INC,Health Care,,small,13.96,2.1662,1.0196,0.8248,0.5377,STRONG_UP,-30.69,178.64,49.15,-64.0,47.2,78.0,0.5343,LOW,-,14.395,14.9416,16.478,0,108.1017,WEAK,33.8462
204,2,TDW,TIDEWATER INC,Energy,,mid,84.56,1.6546,1.044,0.9474,1.0689,FLAT,47.88,112.84,,-25.16,53.2,44.56,0.7128,LOW,-,84.6015,82.6762,64.5242,1,134.7152,TREND+LEAD,33.7269
205,-13,INSM,Insmed Incorporated,Health Care,Biotechnology,large,107.91,1.2707,0.942,0.7166,0.607,STRONG_UP,-46.48,63.45,339.91,-52.06,54.8,69.16,1.0398,MED,EARLY,123.127,138.578,156.0279,0,50.276,WEAK,33.681
206,12,CDE,COEUR MINING INC,Materials,,large,17.73,1.7671,0.9224,0.8801,0.6677,STRONG_UP,23.3,127.31,201.02,-40.44,52.4,73.51,0.6544,LOW,EARLY,18.334,18.8958,18.3238,0,90.7485,WEAK,33.623
207,-20,EME,Emcor,Industrials,Construction & Engineering,large,853.15,1.4329,0.9259,0.9518,0.9741,STRONG_DOWN,38.97,84.31,120.69,-25.15,58.0,38.56,0.6893,LOW,-,898.049,818.0766,703.2261,1,126.8183,TREND+LEAD,33.6068
208,-49,NWPX,NWPX INFRASTRUCTURE INC,Industrials,,small,109.53,2.0937,0.9738,1.2899,1.359,STRONG_DOWN,97.74,169.31,206.29,-15.7,52.8,55.92,0.8508,LOW,-,103.66,88.5138,67.2549,1,159.8673,TREND+LEAD,33.5868
209,-16,ECVT,ECOVYST INC,Materials,,small,13.98,1.5416,0.9426,0.9755,1.1188,STRONG_DOWN,68.03,98.3,43.09,-16.33,53.2,32.88,0.6515,LOW,-,14.2805,13.456,10.4743,1,159.0464,TREND+LEAD,33.3004
210,65,ARM,Arm Holdings,Technology,Semiconductors,large,256.73,1.53,1.134,1.2531,1.8963,STRONG_DOWN,88.72,96.8,123.69,-41.47,52.8,87.05,2.1337,HIGH,-,216.378,174.6593,145.41,1,58.7159,TREND+LEAD,33.271
211,-27,DK,DELEK US HOLDINGS INC,Energy,,mid,44.59,1.996,1.0301,1.091,1.2181,STRONG_DOWN,8.45,156.75,73.36,-36.02,50.8,66.3,0.4953,LOW,-,44.6604,43.3847,34.9996,1,120.1079,TREND+LEAD,33.2663
212,-9,GNRC,Generac,Industrials,Electrical Components & Equipment,large,245.19,1.5513,0.8951,1.1009,0.9923,FLAT,72.11,99.55,58.98,-32.77,54.8,52.24,0.6118,LOW,-,253.1585,223.2152,188.0846,1,104.4309,TREND+LEAD,33.2464
213,26,CFG,Citizens Financial Group,Financials,Regional Banks,large,62.83,1.2721,1.0366,0.9318,0.899,STRONG_UP,26.37,63.63,84.55,-18.32,56.4,27.97,0.5983,LOW,-,63.1841,61.4678,56.4711,1,128.3024,TREND+LEAD,33.1263
214,10,GOLD,GOLD INC,Consumer Discretionary,,small,41.01,1.6009,1.0205,0.8324,0.6467,STRONG_UP,61.88,105.92,11.12,-40.58,54.4,46.64,0.8102,LOW,-,43.194,43.963,36.4756,1,123.5454,TREND+LEAD,33.1135
215,-14,PWR,Quanta Services,Industrials,Construction & Engineering,large,709.93,1.619,0.9186,1.1098,1.1917,STRONG_DOWN,61.68,108.25,161.56,-11.66,56.4,46.3,1.1388,MED,-,722.6535,633.2822,490.7151,1,131.8648,TREND+LEAD,33.034
216,15,CYTK,CYTOKINETICS INC,Health Care,,mid,78.77,1.9558,1.011,1.1408,1.0754,FLAT,19.06,151.58,30.98,-15.01,52.0,54.38,0.9427,LOW,-,71.0325,66.805,60.1231,1,144.9469,TREND+LEAD,32.9568
217,66,EBAY,eBay Inc.,Consumer Discretionary,Broadline Retail,large,118.96,1.3102,1.0603,1.0806,1.2571,STRONG_DOWN,46.38,68.53,135.53,-20.67,56.8,34.14,1.3978,MED,-,107.936,100.1056,91.7108,1,114.0192,TREND+LEAD,32.914
218,-1,KTOS,KRATOS DEFENSE AND SECURITY SOLUTI,Industrials,,large,55.82,1.2641,1.0272,0.7806,0.5389,STRONG_UP,-20.67,62.6,157.24,-60.15,55.2,71.65,0.8163,LOW,EARLY,58.5585,69.7112,80.7331,0,48.2265,WEAK,32.8569
219,-15,GEV,GE Vernova,Industrials,Heavy Electrical Equipment,large,1024.52,1.762,0.9482,0.8718,1.1452,FLAT,84.87,126.64,527.29,-17.51,52.4,50.31,,LOW,-,1074.363,978.2436,736.5591,1,131.9059,TREND+LEAD,32.7742
220,-32,PTEN,PATTERSON UTI ENERGY INC,Energy,,mid,12.28,1.8028,1.0227,1.0899,1.3705,STRONG_DOWN,117.61,131.9,17.07,-20.42,55.6,52.08,0.5918,LOW,-,11.987,11.092,7.5071,1,140.8164,TREND+LEAD,32.7356
221,-16,SSRM,SSR MINING INC,Materials,,mid,30.74,2.0926,0.9059,0.9639,0.9361,FLAT,44.59,169.18,442.15,-30.88,56.4,80.03,0.5563,LOW,-,31.2305,30.0826,24.648,1,119.225,TREND+LEAD,32.7147
222,-69,VLO,Valero Energy,Energy,Oil & Gas Refining & Marketing,large,253.77,1.5757,1.0464,1.0389,1.1725,FLAT,38.56,102.69,65.64,-14.19,55.6,41.23,0.7845,LOW,-,246.395,241.9204,188.9672,1,138.4749,TREND+LEAD,32.704
223,0,ELVN,ENLIVEN THERAPEUTICS INC,Health Care,,mid,41.86,1.9222,0.9808,0.9038,1.4922,FLAT,85.3,147.25,82.79,-36.84,50.0,66.36,0.5771,LOW,-,41.9155,39.4776,26.2201,1,110.9504,TREND+LEAD,32.698
224,-44,CSCO,Cisco,Information Technology,Communications Equipment,large,114.35,1.439,0.999,1.2218,1.3465,STRONG_DOWN,49.39,85.1,156.7,-13.57,56.4,37.91,1.0367,MED,-,98.7585,88.1025,76.7596,1,126.6034,TREND+LEAD,32.6531
225,241,TALK,TALKSPACE INC,Health Care,,small,5.19,1.3889,1.0093,0.9595,0.9647,FLAT,66.88,78.66,88.73,-33.43,46.8,27.58,0.4211,LOW,-,5.189,5.172,3.7917,1,133.4725,TREND+LEAD,32.5468
226,0,AVGO,Broadcom,Information Technology,Semiconductors,large,417.76,1.4252,0.9588,0.9484,1.1673,FLAT,23.18,83.32,204.67,-28.67,54.8,41.88,0.679,LOW,-,419.7895,373.9089,347.7065,1,109.0265,TREND+LEAD,32.5391
227,-1,BHE,BENCHMARK ELECTRONICS INC,Information Technology,,mid,83.45,1.8113,0.9678,1.2154,1.3301,STRONG_DOWN,97.75,133.0,104.63,-12.85,55.6,49.03,0.6364,LOW,-,80.652,67.4401,50.6613,1,150.8182,TREND+LEAD,32.496
228,-6,AXSM,AXSOME THERAPEUTICS INC,Health Care,,mid,230.62,1.6952,1.0022,1.187,1.1643,FLAT,56.37,118.06,195.21,-18.5,52.8,45.3,0.8985,LOW,-,213.34,186.8798,155.3946,1,137.6061,TREND+LEAD,32.4643
229,-43,KEYS,Keysight Technologies,Information Technology,Electronic Equipment & Instruments,large,342.08,1.6368,0.955,0.9683,1.3029,STRONG_DOWN,95.78,110.55,133.73,-14.0,58.0,58.78,2.0014,HIGH,-,350.998,321.7824,228.535,1,109.0827,TREND+LEAD,32.3826
230,-55,IESC,IES INC,Industrials,,mid,655.88,2.0719,0.9495,1.0809,1.1707,STRONG_DOWN,83.06,166.51,312.06,-21.8,54.8,67.3,0.7849,LOW,-,646.852,553.7062,444.0472,1,135.5828,TREND+LEAD,32.2835
231,-6,NG,NOVAGOLD RESOURCES INC,Materials,,mid,7.97,1.7259,0.9049,0.8249,0.6864,STRONG_UP,-8.71,122.01,123.25,-45.56,52.0,81.62,1.0063,MED,EARLY,8.427,8.9632,9.0167,0,77.7296,WEAK,32.2219
232,88,HASI,HA SUSTAINABLE INFRASTRUCTURE CAPI,Financials,,mid,40.21,1.2247,0.9806,0.9405,1.0119,FLAT,23.05,57.54,38.9,-15.38,50.8,23.52,1.0028,MED,-,41.454,39.077,33.0305,1,124.2725,TREND+LEAD,32.2066
233,-3,MRCY,MERCURY SYSTEMS INC,Industrials,,mid,94.81,1.5716,1.0121,1.1012,1.0036,FLAT,39.55,102.15,197.96,-32.19,54.8,48.57,0.7889,LOW,-,85.93,81.9038,78.6912,1,115.2566,TREND+LEAD,32.0984
234,-57,AGX,ARGAN INC,Industrials,,mid,630.5,2.5526,0.8589,0.9283,1.3375,STRONG_DOWN,83.47,228.35,867.09,-24.96,53.6,95.16,0.7032,LOW,-,680.0555,594.1659,385.4522,1,128.6221,TREND+LEAD,32.0956
235,-23,ODC,OIL DRI CORPORATION OF AMERICA,Consumer Staples,,small,74.0,1.2126,0.9541,0.995,1.0806,STRONG_DOWN,35.03,55.98,84.73,-32.73,55.6,29.97,2.1587,HIGH,-,74.8086,69.866,61.0853,1,103.8599,TREND+LEAD,32.0077
236,-46,VECO,VEECO INSTRUMENTS INC,Information Technology,,mid,56.64,2.2386,0.9607,1.0789,1.7918,STRONG_DOWN,106.79,187.95,39.58,-20.27,53.6,74.12,0.6781,LOW,-,54.7545,43.9184,32.8315,1,135.9172,TREND+LEAD,31.997
237,45,CALY,CALLAWAY GOLF COMPANY,Consumer Discretionary,,mid,15.56,1.9448,1.0319,0.9803,0.9885,FLAT,51.21,150.16,4.36,-20.37,50.8,57.94,0.7715,LOW,-,15.2755,14.4902,12.1406,1,131.6563,TREND+LEAD,31.9958
238,6,RMBS,RAMBUS INC,Information Technology,,large,133.56,1.9006,1.0333,0.9741,1.207,FLAT,52.29,144.48,127.07,-36.69,54.0,88.51,0.9111,LOW,-,127.0285,111.7394,99.613,1,88.148,TREND+LEAD,31.8812
239,18,FDX,FedEx,Industrials,Air Freight & Logistics,large,386.84,1.4179,1.0276,0.9617,0.9274,STRONG_UP,48.4,82.39,60.0,-11.67,55.6,34.12,0.6552,LOW,-,380.445,370.5466,300.3345,1,134.2564,TREND+LEAD,31.8644
240,21,STEL,STELLAR BANCORP INC,Financials,,small,37.42,1.1066,1.0325,0.9523,0.897,STRONG_UP,26.27,42.35,68.3,-11.68,50.8,14.67,0.5801,LOW,-,37.226,36.8597,33.1767,1,146.6519,TREND+LEAD,31.8094
241,93,PPTA,PERPETUA RESOURCES CORP,Materials,,mid,27.51,1.5656,0.8928,0.8653,0.8455,STRONG_UP,18.07,101.39,335.28,-33.8,54.0,74.39,1.8114,HIGH,-,28.548,28.9879,25.8546,1,73.6001,TREND+LEAD,31.6861
242,-13,DCO,DUCOMMUN INC,Industrials,,small,143.2,1.634,0.9535,1.0049,1.0493,STRONG_DOWN,61.48,110.19,146.56,-16.03,58.8,43.33,0.4565,LOW,-,142.631,135.313,109.2198,1,149.526,TREND+LEAD,31.626
243,-3,XMTR,XOMETRY INC CLASS A,Industrials,,mid,91.79,2.1314,1.0296,1.8208,1.5021,FLAT,57.31,174.16,484.65,-49.93,56.4,116.39,0.8621,LOW,-,67.8028,52.3243,54.249,1,84.3958,TREND+LEAD,31.6069
244,-7,PLPC,PREFORMED LINE PRODUCTS,Industrials,,small,337.23,1.9449,0.9613,0.9833,1.192,STRONG_DOWN,75.95,150.18,158.39,-22.33,59.2,62.66,0.3738,LOW,-,343.554,309.8204,240.9608,1,141.8883,TREND+LEAD,31.5327
245,0,JBL,Jabil,Information Technology,Electronic Manufacturing Services,large,345.15,1.6263,0.9834,0.9847,1.1812,STRONG_DOWN,73.64,109.2,194.09,-17.86,58.0,49.36,0.6806,LOW,-,345.0959,306.6079,245.0106,1,128.316,TREND+LEAD,31.3416
246,83,SFL,SFL LTD,Energy,,small,12.72,1.2157,1.0206,1.1269,1.1198,FLAT,56.97,56.38,2.71,-27.85,54.0,26.53,1.1342,MED,-,11.8955,11.1516,8.9584,1,114.7523,TREND+LEAD,31.286
247,-34,CLSK,CLEANSPARK INC,Information Technology,,mid,15.4,1.1842,1.1119,1.2101,1.4802,STRONG_DOWN,42.46,52.32,-16.4,-64.74,50.8,73.29,1.9915,HIGH,-,13.285,11.327,12.3405,1,36.268,TREND+LEAD,31.2322
248,38,MDGL,MADRIGAL PHARMACEUTICALS INC,Health Care,,large,513.47,1.4398,0.9599,0.9311,1.0949,FLAT,-8.14,85.21,111.75,-29.36,48.8,41.37,0.945,LOW,-,518.031,504.1232,482.7406,1,100.511,TREND+LEAD,31.2075
249,36,PDFS,PDF SOLUTIONS INC,Information Technology,,small,44.78,1.8478,0.9815,0.9814,1.2808,FLAT,86.82,137.69,25.79,-24.65,53.6,63.96,1.1777,MED,-,45.8355,40.1194,30.5623,1,115.3839,TREND+LEAD,31.0935
250,93,NUVB,NUVATION BIO INC CLASS A,Health Care,,small,4.51,1.7271,0.9644,0.8452,0.769,STRONG_UP,-6.04,122.17,32.65,-57.55,50.0,73.96,1.0926,MED,-,4.6295,4.5784,5.099,0,82.5903,WEAK,31.0167
251,-2,HPE,Hewlett Packard Enterprise,Information Technology,"Technology Hardware, Storage & Peripherals",large,33.8,1.536,0.9996,1.1375,1.4765,STRONG_DOWN,63.74,97.58,100.33,-23.73,56.0,47.67,0.6622,LOW,-,30.4135,26.6341,23.6472,1,114.6283,TREND+LEAD,30.9312
252,1,OKLO,OKLO INC CLASS A,Utilities,,mid,62.58,1.3217,0.9398,0.8292,0.9094,FLAT,-35.24,70.01,741.13,-73.83,49.2,99.29,1.1715,MED,-,69.46,61.38,86.1509,0,34.6903,WEAK,30.8591
253,-21,CORZ,CORE SCIENTIFIC INC,Information Technology,,mid,23.18,1.6716,0.9389,1.0496,1.2428,STRONG_DOWN,50.23,115.03,473.76,-40.74,55.6,63.9,0.475,LOW,-,22.223,19.2434,17.3963,1,100.0868,TREND+LEAD,30.8299
254,-20,TDAY,USA TODAY INC,Communication,,small,7.45,1.6595,1.0343,0.9621,1.1146,FLAT,61.96,113.47,114.08,-20.32,49.6,41.32,0.8518,LOW,-,7.3305,7.0512,5.4752,1,136.2044,TREND+LEAD,30.8293
255,47,NPKI,NPK INTERNATIONAL INC,Industrials,,small,15.52,1.5292,0.9971,1.0263,0.9874,FLAT,31.19,96.7,94.24,-17.94,52.0,41.36,1.0283,MED,-,15.446,14.7964,12.8541,1,121.5823,TREND+LEAD,30.8113
256,77,TPR,"Tapestry, Inc.",Consumer Discretionary,"Apparel, Accessories & Luxury Goods",large,135.79,1.3434,1.0523,0.8913,0.8039,STRONG_UP,32.29,72.8,233.98,-19.21,56.8,43.0,1.3804,MED,-,138.0955,142.5176,125.6227,1,96.1636,TREND+LEAD,30.7759
257,88,NTST,NETSTREIT CORP,Real Estate,,mid,20.54,1.0743,1.0088,0.9452,0.9446,STRONG_UP,14.38,38.18,27.02,-11.24,54.4,17.53,1.0486,MED,-,20.5225,20.0508,18.6557,1,118.4944,TREND+LEAD,30.7676
258,-8,NAT,NORDIC AMERICAN TANKERS LTD,Energy,,small,5.6,1.7252,1.0258,0.9751,1.0864,FLAT,48.06,121.92,51.3,-14.01,54.4,46.87,0.3031,LOW,-,5.661,5.663,4.1152,1,141.5037,TREND+LEAD,30.721
259,14,NDSN,Nordson Corporation,Industrials,Industrial Machinery & Supplies & Components,large,276.2,1.1082,0.9946,0.9483,0.8856,STRONG_UP,22.64,42.54,16.4,-14.15,56.0,22.34,1.1075,MED,-,281.1405,274.8201,251.161,1,106.6461,TREND+LEAD,30.7194
260,17,C,Citigroup,Financials,Diversified Banks,large,124.82,1.3516,1.0093,0.9275,1.0028,FLAT,28.22,73.86,103.84,-14.76,56.4,33.02,0.6437,LOW,-,126.0338,120.5852,108.4354,1,126.1612,TREND+LEAD,30.5961
261,6,LGND,LIGAND PHARMACEUTICALS INC,Health Care,,mid,217.75,1.6523,1.0037,0.9209,1.0978,FLAT,5.17,112.54,150.29,-14.07,53.6,45.1,0.999,LOW,-,223.493,215.6994,192.5596,1,133.7536,TREND+LEAD,30.5621
262,-11,ESPR,ESPERION THERAPEUTICS INC,Health Care,,small,3.13,2.8627,1.0126,1.5244,0.8343,FLAT,10.6,268.24,29.88,-53.19,48.0,130.37,0.7063,LOW,-,2.767,2.5612,2.9083,1,98.7596,TREND+LEAD,30.5486
263,5,JBHT,J.B. Hunt,Industrials,Cargo Ground Transportation,large,262.88,1.4805,1.0419,1.0229,1.0614,FLAT,62.87,90.44,68.33,-15.87,51.2,37.49,0.9366,LOW,-,248.6683,229.4783,189.4849,1,123.515,TREND+LEAD,30.5323
264,-12,IONQ,IONQ INC,Information Technology,,large,52.47,1.2162,0.9215,1.063,1.5257,STRONG_DOWN,6.82,56.44,518.75,-67.61,46.8,103.27,0.6952,LOW,-,48.8785,39.853,47.1395,1,25.5776,TREND+LEAD,30.468
265,86,GNK,GENCO SHIPPING AND TRADING LTD,Industrials,,small,24.1,1.4816,0.995,0.9889,0.9683,STRONG_UP,41.71,90.58,20.52,-19.16,55.6,44.45,1.1356,MED,-,24.419,23.2733,19.2371,1,113.2968,TREND+LEAD,30.4097
266,-39,STLD,Steel Dynamics,Materials,Steel,large,228.3,1.3606,0.9819,0.963,1.0984,FLAT,48.55,75.02,74.91,-20.33,54.4,36.05,0.8056,LOW,-,230.6705,202.2595,169.6111,1,113.2014,TREND+LEAD,30.2547
267,34,NATL,NCR ATLEOS CORP,Financials,,mid,45.17,1.3516,1.0118,0.9531,0.9938,FLAT,32.35,73.86,60.52,-15.31,53.6,30.26,0.3222,LOW,-,44.5215,44.2214,40.1235,1,130.8373,TREND+LEAD,30.2327
268,51,NVDA,Nvidia,Information Technology,Semiconductors,large,223.47,1.3184,0.9568,1.0588,1.092,STRONG_DOWN,23.23,69.59,134.41,-20.21,55.2,37.89,1.0024,MED,-,213.399,195.4944,186.6335,1,101.3855,TREND+LEAD,30.1915
269,23,MS,Morgan Stanley,Financials,Investment Banking & Brokerage,large,197.77,1.2567,1.0261,0.9986,1.0514,FLAT,25.09,61.65,105.87,-18.83,59.2,31.6,0.8526,LOW,-,190.8906,177.9123,167.3481,1,115.4903,TREND+LEAD,30.1218
270,20,VSCO,VICTORIA S SECRET,Consumer Discretionary,,mid,47.71,1.6677,1.0294,0.8699,0.6875,STRONG_UP,38.05,114.52,131.94,-35.55,50.8,62.04,0.8706,LOW,-,49.036,48.3706,43.2536,1,93.7748,TREND+LEAD,30.0474
271,-5,PLXS,PLEXUS CORP,Information Technology,,mid,258.37,1.542,0.9947,1.0178,1.2076,STRONG_DOWN,88.48,98.35,133.4,-15.51,55.2,40.57,0.6808,LOW,-,258.561,230.1214,174.8082,1,133.8154,TREND+LEAD,30.0253
272,90,FSBC,FIVE STAR BANCORP,Financials,,small,41.61,1.1802,1.0261,0.9903,0.9527,STRONG_UP,26.44,51.81,87.6,-13.07,48.8,21.48,1.3322,MED,-,40.7745,39.2718,35.9335,1,117.7092,TREND+LEAD,29.8511
273,21,ENVA,ENOVA INTERNATIONAL INC,Financials,,mid,164.59,1.3845,0.996,0.9397,1.0505,FLAT,37.74,78.09,169.33,-24.75,56.4,38.58,0.4444,LOW,-,168.236,153.2394,138.4042,1,114.1583,TREND+LEAD,29.8197
274,-19,ORA,ORMAT TECH INC,Utilities,,mid,131.78,1.4129,0.982,1.1817,1.0556,FLAT,22.67,81.75,84.29,-20.05,57.6,38.9,0.4705,LOW,-,121.189,115.0746,109.0863,1,121.0484,TREND+LEAD,29.8149
275,38,DIOD,DIODES INC,Information Technology,,mid,97.15,1.6035,0.946,0.9541,1.3165,STRONG_DOWN,125.35,106.26,33.96,-27.44,52.0,56.29,1.2369,MED,-,104.361,87.3544,62.9148,1,98.1647,TREND+LEAD,29.81
276,70,MLYS,MINERALYS THERAPEUTICS INC,Health Care,,mid,28.43,1.3266,1.0523,0.9429,0.9459,FLAT,-34.48,70.65,120.22,-51.66,45.6,65.42,3.449,HIGH,SHIFT,27.982,27.1424,31.9351,0,49.2443,WEAK,29.794
277,171,TWST,TWIST BIOSCIENCE CORP,Health Care,,mid,53.66,1.4653,1.0229,0.8146,1.0243,FLAT,106.38,88.48,21.84,-38.24,51.2,71.11,1.6861,HIGH,-,56.246,52.45,38.747,1,63.706,TREND+LEAD,29.787
278,58,MCHP,Microchip Technology,Information Technology,Semiconductors,large,94.02,1.2705,0.9779,1.0937,1.1286,STRONG_DOWN,87.59,63.43,3.12,-34.41,49.6,44.14,1.1248,MED,-,94.425,78.9108,69.1558,1,71.2749,TREND+LEAD,29.7687
279,-5,LUNR,INTUITIVE MACHINES INC CLASS A,Industrials,,mid,33.67,2.3308,0.9306,1.079,1.7795,STRONG_DOWN,265.18,199.82,557.62,-41.88,53.6,117.87,0.9182,LOW,-,28.9755,24.5198,15.9509,1,90.8667,TREND+LEAD,29.7654
280,-157,DY,DYCOM INDUSTRIES INC,Industrials,,large,412.78,1.4318,0.9238,0.9706,0.891,FLAT,39.36,84.17,167.34,-24.43,56.0,46.22,0.5948,LOW,-,426.045,390.517,340.0912,1,101.98,TREND+LEAD,29.7582
281,40,XPRO,EXPRO GROUP HOLDINGS NV,Energy,,small,16.97,1.6979,1.0685,0.9489,0.8848,STRONG_UP,22.26,118.4,-26.54,-16.82,49.6,45.72,0.9701,LOW,-,16.85,16.8462,14.6082,1,128.4524,TREND+LEAD,29.7217
282,-22,INCY,Incyte,Health Care,Biotechnology,large,97.08,1.165,1.0036,0.9628,0.8887,STRONG_UP,-6.56,49.86,69.13,-18.33,54.0,24.55,0.6021,LOW,-,97.2365,95.3704,95.151,1,109.6741,TREND+LEAD,29.7056
283,-19,CVX,Chevron Corporation,Energy,Integrated Oil & Gas,large,191.33,1.1432,1.0442,0.9943,0.9737,STRONG_UP,26.92,47.05,30.27,-13.99,56.4,26.1,1.1937,MED,-,187.235,191.7408,165.6386,1,101.6752,TREND+LEAD,29.6832
284,63,PRLB,PROTO LABS INC,Industrials,,small,71.13,1.3974,0.9893,1.0667,1.0093,FLAT,50.83,79.76,122.98,-19.51,51.2,35.73,1.2041,MED,-,67.9285,62.6502,55.2854,1,114.2899,TREND+LEAD,29.591
285,20,ARCB,ARCBEST CORP,Industrials,,mid,125.03,1.5515,1.0614,1.0138,1.1046,FLAT,99.67,99.58,16.07,-30.6,51.6,49.51,0.604,LOW,-,121.2677,108.5922,86.2877,1,103.7788,TREND+LEAD,29.5651
286,3,ZYME,ZYMEWORKS INC,Health Care,,small,24.84,1.6173,1.0464,0.8354,1.0141,FLAT,8.05,108.04,178.79,-20.28,53.2,44.58,0.8119,LOW,-,25.9815,25.6733,21.7903,1,128.9309,TREND+LEAD,29.5257
287,16,PHIN,PHINIA INC,Consumer Discretionary,,mid,74.53,1.3934,0.9456,0.9884,0.9137,FLAT,43.22,79.24,74.26,-20.37,55.6,37.09,0.6763,LOW,-,75.5395,71.2216,62.9474,1,118.7822,TREND+LEAD,29.4664
288,98,AAP,ADVANCE AUTO PARTS INC,Consumer Discretionary,,mid,51.24,1.2974,1.0404,0.8248,0.8545,FLAT,4.05,66.88,-24.32,-41.44,46.8,49.8,1.8022,HIGH,EARLY,54.635,53.8734,52.4642,0,62.8528,WEAK,29.4119
289,-1,AAPL,Apple Inc.,Information Technology,"Technology Hardware, Storage & Peripherals",large,302.25,1.1673,1.023,1.0626,1.0606,FLAT,13.23,50.16,58.5,-13.8,54.0,22.2,0.8542,LOW,-,285.7266,268.4036,260.0922,1,121.9997,TREND+LEAD,29.3945
290,18,ACLS,AXCELIS TECHNOLOGIES INC,Information Technology,,mid,149.56,1.9683,0.9339,1.0255,1.7306,STRONG_DOWN,92.48,153.19,33.31,-26.2,51.6,69.98,0.5108,LOW,-,149.308,120.39,94.2406,1,112.956,TREND+LEAD,29.322
291,50,IMVT,IMMUNOVANT INC,Health Care,,mid,35.56,1.9184,1.2394,1.157,1.24,FLAT,50.11,146.77,17.36,-20.98,50.0,85.02,11.6908,HIGH,-,28.3313,26.5731,22.9587,1,86.3168,TREND+LEAD,29.3089
292,-73,MIRM,MIRUM PHARMACEUTICALS INC,Health Care,,mid,96.95,1.701,0.8785,0.9863,0.8551,FLAT,34.3,118.8,275.92,-20.55,55.6,56.83,0.5367,LOW,-,100.6802,96.2137,83.0633,1,116.2281,TREND+LEAD,29.1976
293,-77,MIAX,MIAMI INTERNATIONAL HOLDINGS INC,Financials,,mid,51.99,1.3148,0.9232,1.1021,1.1898,STRONG_DOWN,11.33,69.13,69.13,-26.79,56.77,33.47,0.739,LOW,-,50.1915,44.5674,,0,117.2515,WEAK,29.0984
294,-24,DELL,Dell Technologies,Information Technology,"Technology Hardware, Storage & Peripherals",large,242.93,1.7129,0.9891,1.0859,1.8486,STRONG_DOWN,99.48,120.34,70.44,-32.34,52.0,72.22,0.4555,LOW,-,228.4175,195.7871,147.9715,1,86.6457,TREND+LEAD,29.0398
295,36,OII,OCEANEERING INTERNATIONAL INC,Energy,,mid,38.4,1.5795,1.001,0.9577,1.0238,FLAT,63.4,103.17,58.15,-15.27,50.8,42.76,0.4541,LOW,-,37.655,36.6276,28.8545,1,122.5741,TREND+LEAD,28.8149
296,0,TRVI,TREVI THERAPEUTICS INC,Health Care,,small,13.88,1.746,0.929,0.8998,1.21,FLAT,22.72,124.6,408.42,-29.5,51.6,56.17,0.8207,LOW,-,14.2375,13.1512,11.1368,1,114.4584,TREND+LEAD,28.6255
297,33,TK,TEEKAY CORPORATION CORP LTD,Energy,,small,14.15,1.4912,1.0828,1.0887,1.0919,STRONG_DOWN,34.89,91.82,94.64,-16.68,52.0,40.82,1.4613,MED,-,13.456,12.663,10.224,1,116.9679,TREND+LEAD,28.6169
298,25,AROC,ARCHROCK INC,Energy,,mid,37.29,1.2157,1.0112,1.0038,1.0586,FLAT,62.46,56.38,88.92,-15.92,53.6,28.7,1.148,MED,-,37.6954,36.369,28.7129,1,105.2886,TREND+LEAD,28.5952
299,18,TALO,TALOS ENERGY INC,Energy,,mid,16.2,1.5861,1.0597,1.0425,1.1122,FLAT,51.83,104.03,35.11,-18.53,55.6,57.68,1.1781,MED,-,15.61,15.1834,11.7666,1,100.2788,TREND+LEAD,28.5869
300,-37,CC,CHEMOURS,Materials,,mid,22.27,1.6786,0.9074,0.892,1.2228,FLAT,105.52,115.92,-13.79,-39.78,55.2,76.26,0.5099,LOW,-,24.8447,22.527,16.5084,1,83.9105,TREND+LEAD,28.5586
301,-58,FIGS,FIGS INC CLASS A,Consumer Discretionary,,mid,12.17,2.1261,1.0262,0.7548,1.0043,FLAT,33.59,173.48,116.55,-32.94,50.8,94.6,0.6924,LOW,-,13.6605,14.3954,10.7641,1,93.1601,TREND+LEAD,28.5444
302,-11,NTRS,Northern Trust,Financials,Asset Management & Custody Banks,large,165.96,1.2556,1.0195,0.9488,1.0694,FLAT,34.56,61.52,107.69,-12.39,55.6,28.66,0.7499,LOW,-,163.847,152.9464,138.6945,1,119.3403,TREND+LEAD,28.4635
303,-65,WT,WISDOMTREE INC,Financials,,mid,19.22,1.5808,0.9793,1.0745,1.0901,STRONG_DOWN,73.75,103.34,101.82,-26.67,52.8,50.35,0.5562,LOW,-,18.1342,16.4487,14.2967,1,108.3674,TREND+LEAD,28.4543
304,-9,TPC,TUTOR PERINI CORP,Industrials,,mid,76.99,1.6851,0.9361,0.8774,0.8225,STRONG_UP,27.52,116.76,276.02,-24.13,54.8,62.95,0.851,LOW,-,85.403,80.676,71.0218,1,101.6395,TREND+LEAD,28.4237
305,-24,NHC,NATIONAL HEALTHCARE CORP,Health Care,,mid,199.51,1.5317,1.0172,1.1025,1.1772,STRONG_DOWN,61.07,97.03,111.61,-13.13,53.2,40.27,0.6336,LOW,-,182.117,170.6464,140.5532,1,128.183,TREND+LEAD,28.3461
306,-8,DGII,DIGI INTERNATIONAL INC,Information Technology,,small,62.25,1.501,0.9784,1.0666,1.1502,STRONG_DOWN,61.56,93.08,136.24,-13.49,55.6,38.53,0.87,LOW,-,59.8195,54.7578,44.035,1,134.3219,TREND+LEAD,28.3416
307,15,PLAB,PHOTRONICS INC,Information Technology,,mid,49.83,1.9359,0.967,0.9549,1.2163,FLAT,141.89,149.03,76.33,-24.72,52.0,74.12,0.8095,LOW,-,50.511,44.9282,32.175,1,104.5511,TREND+LEAD,28.2981
308,-87,XOM,ExxonMobil,Energy,Integrated Oil & Gas,large,156.28,1.2094,1.0395,1.0098,0.9909,STRONG_UP,33.07,55.57,41.61,-15.69,58.4,30.4,0.6827,LOW,-,151.6991,154.5898,128.8621,1,106.7487,TREND+LEAD,28.2888
309,41,TXN,Texas Instruments,Information Technology,Semiconductors,large,304.88,1.3141,0.9986,1.2442,1.2935,STRONG_DOWN,96.05,69.04,62.12,-29.57,52.0,49.48,1.0518,MED,-,287.8184,236.8202,197.4096,1,72.5548,TREND+LEAD,28.1351
310,2,RGTI,RIGETTI COMPUTING INC,Information Technology,,mid,16.88,1.1973,0.8842,0.8812,0.9835,FLAT,-34.34,54.01,1434.55,-77.1,48.4,81.36,0.9435,LOW,-,17.7858,16.6079,23.0346,0,32.1326,WEAK,28.1309
311,60,MATX,MATSON INC,Industrials,,mid,188.62,1.3342,1.0446,1.0618,1.045,FLAT,81.63,71.62,66.21,-24.05,53.6,36.23,0.9843,LOW,-,178.7593,169.8103,133.0262,1,105.9562,TREND+LEAD,28.1058
312,44,SYNA,SYNAPTICS INC,Information Technology,,mid,129.82,1.6223,1.0096,1.4713,1.4288,FLAT,116.91,108.68,41.11,-29.31,51.2,68.0,1.3939,MED,-,109.3385,88.7762,77.7431,1,81.8299,TREND+LEAD,28.1057
313,-98,DDOG,Datadog,Information Technology,Application Software,large,212.24,1.4513,1.0561,1.5411,1.7021,STRONG_DOWN,20.28,86.68,73.5,-48.62,47.6,83.45,0.9482,LOW,-,170.3935,141.2474,141.0591,1,49.4442,TREND+LEAD,28.0436
314,46,VLY,VALLEY NATIONAL,Financials,,mid,13.36,1.2542,1.0333,0.9674,0.9362,STRONG_UP,30.12,61.33,89.76,-13.64,53.2,28.07,0.8766,LOW,-,13.352,12.8374,11.5829,1,116.2314,TREND+LEAD,28.004
315,-108,LEU,CENTRUS ENERGY CORP CLASS A,Energy,,mid,169.31,1.4101,0.8886,0.7483,0.7708,FLAT,-31.2,81.39,250.39,-61.35,51.6,77.78,0.9701,LOW,EARLY,200.716,196.8922,250.0394,0,53.9953,WEAK,27.9411
316,-19,DD,DuPont,Materials,Specialty Chemicals,large,47.25,1.3246,0.9463,0.9899,0.8764,FLAT,23.7,70.38,48.26,-17.31,52.4,34.67,0.7516,LOW,-,47.7844,46.4696,40.2916,1,106.3738,TREND+LEAD,27.9039
317,-38,AUPH,AURINIA PHARMACEUTICALS INC,Health Care,,mid,15.9,1.4821,1.0132,0.9291,1.0242,FLAT,2.58,90.65,184.44,-15.91,50.0,38.87,,LOW,-,15.744,15.3702,14.2019,1,116.6034,TREND+LEAD,27.8606
318,-53,MRK,Merck & Co.,Health Care,Pharmaceuticals,large,113.0,1.1826,1.0057,0.9604,0.8637,STRONG_UP,19.06,52.12,-7.79,-11.37,52.4,24.1,0.5524,LOW,-,112.213,115.5239,100.9131,1,113.3314,TREND+LEAD,27.8521
319,-35,PBF,PBF ENERGY INC CLASS A,Energy,,mid,41.75,1.6681,1.0366,0.9968,1.143,FLAT,7.55,114.57,-10.02,-34.86,55.6,72.98,0.5387,LOW,-,41.9586,43.2524,33.9469,1,87.2846,TREND+LEAD,27.8363
320,5,TVTX,TRAVERE THERAPEUTICS INC,Health Care,,mid,43.49,2.0367,0.9954,1.0408,1.3274,STRONG_DOWN,20.81,161.99,557.94,-33.49,51.2,88.93,0.7384,LOW,-,42.766,36.0356,30.5752,1,93.2619,TREND+LEAD,27.7734
321,40,MRNA,Moderna,Health Care,Biotechnology,large,48.12,1.45,0.9708,0.8304,0.895,FLAT,93.1,86.51,-66.51,-35.51,49.6,63.12,0.6156,LOW,-,48.9865,50.9282,36.8508,1,67.9813,TREND+LEAD,27.5781
322,6,SNEX,STONEX GROUP INC,Financials,,mid,112.92,1.5262,0.9878,1.0421,1.221,STRONG_DOWN,98.99,96.31,242.18,-20.91,58.0,49.9,0.8922,LOW,-,110.676,95.0753,74.3406,1,111.9485,TREND+LEAD,27.5652
323,72,BNL,BROADSTONE NET LEASE INC,Real Estate,,mid,20.43,1.0908,1.0436,0.9875,1.0247,FLAT,15.78,40.31,49.38,-8.34,55.2,17.57,0.636,LOW,-,19.932,19.4589,18.1062,1,126.6518,TREND+LEAD,27.4911
324,31,AMRX,AMNEAL PHARMACEUTICALS INC CLASS A,Health Care,,mid,12.23,1.3078,1.0093,0.9153,0.7823,STRONG_UP,5.7,68.23,82.81,-22.25,52.4,35.91,0.7869,LOW,-,12.6962,12.5812,11.8843,1,99.555,TREND+LEAD,27.3446
325,-66,IBKR,Interactive Brokers,Financials,Investment Banking & Brokerage,large,83.79,1.2758,0.958,1.0292,1.0457,STRONG_DOWN,32.74,64.11,167.82,-18.7,54.4,38.62,1.2116,MED,-,82.4335,75.4346,69.7071,1,90.3109,TREND+LEAD,27.3426
326,-84,THR,THERMON GROUP HOLDINGS INC,Industrials,,small,65.43,1.7468,0.9626,1.1756,1.1895,STRONG_DOWN,94.27,124.69,85.3,-17.24,54.0,54.36,0.7375,LOW,-,62.9615,55.8182,40.2247,1,123.8652,TREND+LEAD,27.2338
327,42,EYPT,EYEPOINT INC,Health Care,,small,12.5,1.6555,0.9529,0.8422,0.7563,STRONG_UP,-10.46,112.95,7.85,-37.93,52.8,60.6,0.8348,LOW,-,13.237,13.5202,13.9474,0,98.4094,WEAK,27.2229
328,-48,ADM,Archer Daniels Midland,Consumer Staples,Agricultural Products & Services,large,77.55,1.2791,0.9615,1.0717,1.0597,FLAT,29.11,64.53,34.89,-12.79,51.2,29.57,0.9088,LOW,-,76.907,73.0916,64.314,1,111.736,TREND+LEAD,27.21
329,-30,PLD,Prologis,Real Estate,Industrial REITs,large,144.68,1.1119,1.0236,0.9816,0.956,STRONG_UP,18.72,43.03,39.98,-9.59,53.6,20.33,0.442,LOW,-,141.95,137.5443,126.1188,1,113.4405,TREND+LEAD,27.209
330,-23,CSX,CSX Corporation,Industrials,Rail Transportation,large,45.94,1.1892,1.0098,1.0208,1.0105,FLAT,36.1,52.97,43.09,-11.89,56.0,26.14,0.8317,LOW,-,45.2795,42.679,37.763,1,113.4709,TREND+LEAD,27.1998
331,22,PSX,Phillips 66,Energy,Oil & Gas Refining & Marketing,large,179.34,1.29,1.0631,1.0789,1.0846,STRONG_DOWN,31.59,65.94,33.36,-17.28,55.6,34.15,0.5669,LOW,-,172.0773,170.8661,144.0825,1,107.3577,TREND+LEAD,27.183
332,-14,ROST,Ross Stores,Consumer Discretionary,Apparel Retail,large,217.79,1.12,1.0307,0.9232,1.0049,FLAT,36.8,44.07,68.03,-16.83,56.0,27.91,1.2277,MED,-,221.544,218.9581,182.1929,1,88.4198,TREND+LEAD,27.1522
333,-97,NXT,NEXTPOWER INC CLASS A,Industrials,,large,125.42,1.6851,0.8868,1.0357,0.9748,FLAT,38.51,116.76,166.57,-23.27,52.0,68.0,0.9672,LOW,-,125.67,119.6682,96.9938,1,89.2906,TREND+LEAD,27.1379
334,39,AEO,AMERICAN EAGLE OUTFITTERS INC,Consumer Discretionary,,mid,16.4,1.2372,1.0659,0.841,0.6063,STRONG_UP,-5.22,59.15,-25.99,-46.69,48.4,55.14,1.0843,MED,EARLY,16.5085,17.1718,19.1202,0,51.9167,WEAK,27.1109
335,-39,SLB,Schlumberger,Energy,Oil & Gas Equipment & Services,large,57.28,1.3549,1.037,1.0112,1.0448,FLAT,61.13,74.29,25.48,-14.3,51.2,35.52,0.6802,LOW,-,55.6305,52.3356,42.4838,1,107.08,TREND+LEAD,26.9506
336,67,EVRG,Evergy,Utilities,Electric Utilities,large,83.16,1.0118,1.0146,1.0019,0.9692,STRONG_UP,10.31,30.14,,-7.3,59.2,17.7,1.3469,MED,-,82.1555,81.8782,76.4626,1,100.8239,TREND+LEAD,26.7974
337,-59,MAZE,MAZE THERAPEUTICS INC,Health Care,,small,25.03,1.8497,0.9559,0.9063,0.525,STRONG_UP,-24.68,137.93,56.93,-52.81,50.0,85.75,0.3956,LOW,-,25.9685,31.6761,32.6867,0,80.4243,WEAK,26.7287
338,41,HST,Host Hotels & Resorts,Real Estate,Hotel & Resort REITs,large,22.3,1.24,1.0449,1.0262,1.0248,STRONG_UP,33.59,59.5,35.41,-9.48,49.6,26.67,0.9123,LOW,-,21.444,20.2774,18.0116,1,110.6653,TREND+LEAD,26.6932
339,-70,ADEA,ADEIA INC,Information Technology,,mid,26.41,1.5996,0.8468,0.8311,1.2915,FLAT,115.21,105.76,130.87,-34.81,51.2,66.79,0.8178,LOW,-,30.0118,27.2997,18.9973,1,81.0763,TREND+LEAD,26.634
340,160,NBN,NORTHEAST BANK,Financials,,small,121.95,1.1372,1.0403,0.9654,0.97,FLAT,46.95,46.28,99.76,-27.57,51.2,29.63,2.353,HIGH,-,122.5474,118.045,106.8096,1,79.9669,TREND+LEAD,26.6249
341,-27,AKAM,Akamai Technologies,Information Technology,Internet Services & Infrastructure,large,143.55,1.4603,0.9308,1.4183,1.4139,FLAT,63.61,87.84,51.9,-25.44,54.4,86.06,3.0923,HIGH,-,125.2735,114.1894,92.3423,1,55.5274,TREND+LEAD,26.5945
342,-26,HII,Huntington Ingalls Industries,Industrials,Aerospace & Defense,large,321.92,1.1413,0.9643,0.8419,0.6845,STRONG_UP,4.91,46.8,32.41,-30.64,56.8,36.62,0.6461,LOW,EARLY,340.0425,375.6688,341.594,0,72.594,WEAK,26.577
343,-43,MPC,Marathon Petroleum,Energy,Oil & Gas Refining & Marketing,large,258.37,1.3019,1.0481,1.1163,1.218,STRONG_DOWN,30.74,67.47,51.91,-18.33,57.6,38.27,,LOW,-,246.279,237.9224,197.4377,1,101.5483,TREND+LEAD,26.5388
344,-40,BG,Bunge Global,Consumer Staples,Agricultural Products & Services,large,119.95,1.2187,0.983,0.9151,0.9123,STRONG_UP,25.48,56.77,22.63,-15.39,48.4,28.1,0.8005,LOW,-,125.164,124.7612,102.582,1,97.7733,TREND+LEAD,26.4795
345,0,CRWD,CrowdStrike,Information Technology,Systems Software,large,650.11,1.1625,1.1314,1.3366,1.5518,STRONG_DOWN,26.56,49.54,86.11,-37.18,54.8,55.55,1.0777,MED,-,515.754,454.265,463.1139,1,48.8711,TREND+LEAD,26.3924
346,77,NTB,BANK OF NT BUTTERFIELD & SON LTD,Financials,,mid,56.43,1.0728,1.0363,0.9823,0.9934,FLAT,28.05,38.0,73.58,-11.44,52.4,19.64,1.0005,MED,-,55.2601,53.8033,48.3325,1,101.3859,TREND+LEAD,26.3852
347,-9,NPK,NATIONAL PRESTO INDUSTRIES INC,Industrials,,small,143.4,1.3397,1.0393,0.9961,1.055,FLAT,54.64,72.33,87.13,-23.32,54.8,42.11,1.3431,MED,-,140.5465,139.0432,118.2217,1,94.1329,TREND+LEAD,26.3279
348,83,FLNG,FLEX LNG LTD,Energy,,small,32.73,1.3152,1.0372,1.0088,1.1354,FLAT,30.41,69.18,43.33,-11.05,53.6,30.66,0.6416,LOW,-,32.169,30.9324,26.3636,1,120.9379,TREND+LEAD,26.2893
349,190,GRDN,GUARDIAN PHARMACY SERVICES INC CLA,Health Care,,mid,37.63,1.3261,1.0472,0.9957,1.0407,FLAT,34.83,70.58,135.19,-22.74,54.0,39.0,0.7412,LOW,-,36.688,36.6298,30.6961,1,97.7265,TREND+LEAD,26.2707
350,-2,UNFI,UNITED NATURAL FOODS INC,Consumer Staples,,mid,50.38,1.3223,0.9843,1.017,1.2063,STRONG_DOWN,41.88,70.09,351.84,-32.49,50.8,40.43,,LOW,-,50.3565,46.6828,37.8013,1,88.0648,TREND+LEAD,26.2335
351,-123,SGHC,SUPER GROUP LTD,Consumer Discretionary,,mid,13.74,1.2921,1.0475,1.0771,1.2934,STRONG_DOWN,14.09,66.21,282.61,-39.53,51.6,44.12,0.862,LOW,-,13.0115,11.722,11.4655,1,77.4307,TREND+LEAD,26.2134
352,-43,TGT,Target Corporation,Consumer Staples,Consumer Staples Merchandise Retail,large,122.33,1.0672,1.0032,0.9072,0.9816,FLAT,40.9,37.28,-15.13,-20.27,54.4,31.15,3.4535,HIGH,-,125.1671,121.5728,102.8366,1,65.1049,TREND+LEAD,26.2043
353,69,HWM,Howmet Aerospace,Industrials,Aerospace & Defense,large,261.21,1.2505,0.968,1.0409,0.9391,FLAT,29.94,60.85,209.69,-15.89,52.4,37.4,1.06,MED,-,254.5505,247.0574,214.8825,1,85.2558,TREND+LEAD,26.1746
354,16,MYE,MYERS INDUSTRIES INC,Materials,,small,21.99,1.4603,0.9481,1.0018,0.9091,FLAT,31.7,87.85,50.25,-12.47,55.6,41.27,0.9171,LOW,-,21.584,21.359,18.9868,1,118.3516,TREND+LEAD,26.1645
355,-3,ATEN,A10 NETWORKS INC,Information Technology,,small,28.68,1.3158,1.035,0.9974,1.3343,FLAT,72.82,69.25,94.65,-17.26,56.0,34.11,0.9553,LOW,-,27.4672,25.1894,19.7313,1,113.6881,TREND+LEAD,26.124
356,158,AES,AES Corporation,Utilities,Independent Power Producers & Energy Traders,large,14.73,1.1885,1.0282,0.9901,0.8378,STRONG_UP,9.97,52.89,-22.32,-18.98,53.6,38.57,1.0115,MED,-,14.3826,14.207,13.8785,1,73.4938,TREND+LEAD,26.0383
357,34,GRC,GORMAN-RUPP,Industrials,,small,72.81,1.5375,0.9685,1.0578,1.0307,FLAT,68.05,97.78,127.4,-14.39,54.0,45.69,0.6036,LOW,-,75.127,68.3559,53.8177,1,115.56,TREND+LEAD,26.029
358,38,LMND,LEMONADE INC,Financials,,mid,57.36,1.5329,1.0765,0.8276,0.9284,FLAT,-16.82,97.18,236.82,-47.7,50.8,77.91,0.7851,LOW,PROGRESS,57.059,60.1566,63.8147,0,63.3655,WEAK,25.9918
359,-1,VTR,Ventas,Real Estate,Health Care REITs,large,88.6,1.1124,0.9941,1.0613,0.9624,FLAT,12.34,43.09,94.05,-8.39,52.4,19.8,0.8029,LOW,-,87.307,85.2193,77.0677,1,114.0442,TREND+LEAD,25.9751
360,109,SM,SM ENERGY,Energy,,mid,34.81,1.2143,1.12,1.1493,1.3763,STRONG_DOWN,85.77,56.2,-25.61,-38.16,52.0,56.62,1.5317,HIGH,-,30.9155,29.677,23.7409,1,51.6133,TREND+LEAD,25.867
361,-90,EWTX,EDGEWISE THERAPEUTICS INC,Health Care,,mid,32.82,1.7488,0.974,0.9789,1.0386,STRONG_DOWN,48.1,124.95,83.45,-19.94,48.4,58.32,0.7502,LOW,-,32.9605,32.2696,23.8976,1,103.6953,TREND+LEAD,25.8344
362,-51,VERA,VERA THERAPEUTICS INC CLASS A,Health Care,,mid,34.62,1.32,0.8833,0.8249,0.769,STRONG_UP,19.75,69.79,-12.93,-40.27,49.2,49.84,0.7129,LOW,EARLY,36.3688,39.0866,35.9607,0,68.8929,WEAK,25.7677
363,-53,MUR,MURPHY OIL CORP,Energy,,mid,38.98,1.5131,1.0189,0.9733,1.0812,FLAT,30.14,94.64,-1.08,-17.26,52.4,48.47,0.6117,LOW,-,39.4295,38.8105,31.3157,1,102.3083,TREND+LEAD,25.688
364,104,FSLR,First Solar,Information Technology,Semiconductors,large,237.86,1.1319,1.0365,1.2094,0.9121,FLAT,-5.68,45.6,12.14,-35.1,50.8,51.74,1.0,MED,-,216.246,203.4704,224.889,1,44.7675,TREND+LEAD,25.6839
365,-72,AMSC,AMERICAN SUPERCONDUCTOR CORP,Industrials,,small,49.22,1.5818,0.9082,0.9808,1.3412,STRONG_DOWN,57.91,103.47,222.97,-61.08,56.4,81.47,0.8276,LOW,-,52.1245,41.4598,42.3189,1,71.6319,TREND+LEAD,25.6682
366,-120,AMRC,AMERESCO INC CLASS A,Industrials,,small,29.51,1.6202,0.895,1.0281,0.8115,FLAT,-5.23,108.4,-0.64,-44.48,52.0,63.92,0.9108,LOW,-,29.879,27.5722,30.4911,0,88.1885,WEAK,25.6386
367,52,SHOO,STEVEN MADDEN LTD,Consumer Discretionary,,mid,40.48,1.3082,1.0346,0.9895,0.947,STRONG_UP,10.1,68.27,0.82,-31.73,48.4,43.46,0.7901,LOW,-,38.4945,36.5426,36.4475,1,76.0317,TREND+LEAD,25.6342
368,-11,APGE,APOGEE THERAPEUTICS INC,Health Care,,mid,81.39,1.5747,0.979,0.8612,1.1039,FLAT,27.35,102.56,65.39,-26.99,49.6,58.4,0.855,LOW,-,83.128,81.7264,64.6525,1,87.1087,TREND+LEAD,25.5825
369,-29,CTLP,CANTALOUPE INC,Financials,,small,11.2,1.0341,1.0093,0.9868,0.9838,STRONG_UP,6.16,33.02,70.73,-10.26,44.86,13.04,0.0,LOW,-,10.9465,10.7356,10.6922,1,113.5833,TREND+LEAD,25.5144
370,-46,HCC,WARRIOR MET COAL INC,Materials,,mid,84.66,1.378,0.9951,0.9162,0.9254,FLAT,8.67,77.26,29.05,-24.41,52.4,44.65,0.798,LOW,-,86.8293,88.5522,78.7956,1,90.6674,TREND+LEAD,25.4606
371,1,UFCS,UNITED FIRE GROUP INC,Financials,,small,48.04,1.3652,0.9881,1.174,1.1565,FLAT,30.45,75.61,116.45,-9.43,52.8,33.92,0.7342,LOW,-,44.3815,40.5294,35.6293,1,117.691,TREND+LEAD,25.4292
372,39,BLBD,BLUE BIRD CORP,Industrials,,small,65.3,1.295,0.9097,1.0049,0.9929,FLAT,29.69,66.58,19.93,-23.45,54.4,46.64,1.6506,HIGH,-,66.7625,61.6022,55.8254,1,77.6595,TREND+LEAD,25.3354
373,-31,TNK,TEEKAY TANKERS LTD CLASS A,Energy,,mid,78.99,1.3739,1.0309,1.0323,1.0085,FLAT,25.72,76.73,15.91,-18.88,54.8,42.84,0.5432,LOW,-,78.722,74.6084,61.6451,1,98.1569,TREND+LEAD,25.3353
374,59,RXO,RXO INC,Industrials,,mid,23.85,1.2158,1.3748,1.1962,1.4037,FLAT,121.24,56.39,18.19,-43.07,53.6,82.56,2.8479,HIGH,-,19.874,17.0108,15.6241,1,36.612,TREND+LEAD,25.3055
375,-1,AHR,AMERICAN HEALTHCARE REIT INC,Real Estate,,mid,51.68,1.2038,1.02,1.0382,0.928,FLAT,6.25,54.85,289.34,-11.77,56.8,28.62,0.7756,LOW,-,50.5065,49.702,46.6675,1,108.8516,TREND+LEAD,25.2798
376,12,NGVT,INGEVITY CORP,Materials,,mid,66.09,1.2513,0.9347,0.8501,0.8492,STRONG_UP,37.72,60.96,30.61,-23.94,51.6,36.76,0.8197,LOW,-,73.0095,71.5978,62.2562,1,85.5689,TREND+LEAD,25.2501
377,32,KEY,KeyCorp,Financials,Regional Banks,large,21.41,1.1151,1.0251,0.932,0.9034,STRONG_UP,27.18,43.43,53.55,-17.76,52.4,26.44,0.3998,LOW,-,21.5535,20.8824,19.6006,1,86.0782,TREND+LEAD,25.2156
378,-24,SNDX,SYNDAX PHARMACEUTICALS INC,Health Care,,mid,20.13,1.4694,0.9887,0.8747,0.9483,FLAT,17.79,89.01,-2.57,-24.02,50.0,49.64,0.6039,LOW,-,20.5385,22.6138,19.1095,1,89.6596,TREND+LEAD,25.1946
379,-146,CVS,CVS Health,Health Care,Health Care Services,large,93.28,1.2103,0.9691,1.1813,1.1381,FLAT,21.73,55.68,76.49,-16.44,57.6,34.66,0.7344,LOW,-,87.743,79.5871,76.432,1,92.5292,TREND+LEAD,25.0925
380,17,GM,General Motors,Consumer Discretionary,Automobile Manufacturers,large,76.14,1.2111,0.9884,0.9247,0.8685,STRONG_UP,12.58,55.79,72.93,-16.0,52.0,32.82,0.8459,LOW,-,76.627,76.0144,71.5803,1,88.3971,TREND+LEAD,25.0403
381,-4,FSLY,FASTLY INC CLASS A,Information Technology,,mid,17.12,1.8232,0.9774,0.6521,0.8783,FLAT,63.2,134.52,99.07,-51.16,47.6,136.17,0.4865,LOW,-,22.6042,25.1471,14.0041,1,47.0234,TREND+LEAD,24.9901
382,-15,ORCL,Oracle Corporation,Information Technology,Application Software,large,188.16,0.94,0.9709,0.9629,1.1827,FLAT,-14.14,20.91,54.19,-58.25,50.8,55.74,0.5918,LOW,SHIFT,182.548,165.8112,207.5401,0,19.0577,WEAK,24.9329
383,282,KURA,KURA ONCOLOGY INC,Health Care,,small,10.34,1.2965,1.0715,1.041,1.1337,FLAT,-6.68,66.77,-53.23,-39.04,48.8,54.37,3.5304,HIGH,-,9.2875,8.9326,9.1171,1,59.9334,TREND+LEAD,24.8048
384,76,EGBN,EAGLE BANCORP INC,Financials,,small,25.8,1.1489,1.0391,0.9213,0.9031,STRONG_UP,54.15,47.79,32.75,-26.57,54.0,27.9,0.7588,LOW,-,25.7705,25.6747,22.1959,1,92.4941,TREND+LEAD,24.7896
385,27,AEP,American Electric Power,Utilities,Electric Utilities,large,128.87,1.0042,1.0115,0.9462,0.9307,STRONG_UP,5.93,29.17,48.94,-8.14,52.4,19.57,1.5817,HIGH,-,131.7107,131.3825,119.5846,1,78.0953,TREND+LEAD,24.7673
386,7,BEN,Franklin Resources,Financials,Asset Management & Custody Banks,large,31.2,1.1866,0.9735,1.089,1.0612,FLAT,49.68,52.64,46.91,-19.21,55.2,34.07,0.5689,LOW,-,30.3265,26.8589,24.5923,1,85.2861,TREND+LEAD,24.7534
387,-11,JOBY,JOBY AVIATION INC CLASS A,Industrials,,mid,10.07,1.1808,0.9553,1.0571,0.9464,FLAT,-27.71,51.89,105.93,-61.06,48.4,67.99,0.8304,LOW,SHIFT,9.7375,9.2776,13.0442,0,36.9356,WEAK,24.657
388,75,LION,LIONSGATE STUDIOS CORP,Communication,,mid,12.6,1.4555,1.0046,1.0765,1.375,STRONG_DOWN,82.61,87.22,30.57,-24.05,47.2,52.81,1.2945,MED,-,12.3425,11.0512,8.4482,1,77.9559,TREND+LEAD,24.6271
389,-113,CBOE,Cboe Global Markets,Financials,Financial Exchanges & Data,large,360.92,1.2358,1.0157,1.1642,1.1625,FLAT,39.64,58.97,99.87,-10.32,54.8,31.75,0.8891,LOW,-,336.98,309.3356,268.3728,1,101.7812,TREND+LEAD,24.5413
390,92,BLX,BANCO LATINOAMERICANO DE COMERCIO,Financials,,small,55.25,1.1065,1.0316,0.9551,1.0553,FLAT,29.44,42.33,94.26,-12.42,53.6,26.56,1.538,HIGH,-,53.6419,52.2591,46.6124,1,85.4279,TREND+LEAD,24.5024
391,-1,CMC,COMMERCIAL METALS,Materials,,mid,71.08,1.1985,0.9862,0.9807,0.8613,STRONG_UP,23.54,54.17,29.42,-29.96,50.4,37.7,0.4373,LOW,-,69.8055,65.8104,65.0299,1,72.4176,TREND+LEAD,24.473
392,-43,PBI,PITNEY BOWES INC,Industrials,,small,15.3,1.3489,0.9824,0.9707,1.3703,FLAT,69.13,73.51,211.91,-28.28,52.0,40.88,0.5689,LOW,-,15.5085,12.9354,11.1411,1,93.5022,TREND+LEAD,24.4534
393,-67,WSR,WHITESTONE REIT,Real Estate,,small,18.98,1.245,1.0088,0.9615,1.167,FLAT,46.55,60.15,,-12.73,52.8,29.13,0.511,LOW,-,18.9615,17.8966,14.3702,1,109.0212,TREND+LEAD,24.4069
394,63,OBK,ORIGIN BANCORP INC,Financials,,small,47.38,1.1358,1.0392,1.0205,1.0049,STRONG_UP,40.72,46.11,48.89,-17.09,54.4,25.12,0.8414,LOW,-,46.424,43.9193,39.151,1,99.8484,TREND+LEAD,24.4045
395,-30,APP,AppLovin,Information Technology,Application Software,large,482.28,1.0463,1.0033,0.9566,1.0685,FLAT,-8.31,34.58,474.14,-49.99,54.0,68.69,0.6037,LOW,SHIFT,470.564,447.1564,533.0299,0,27.1875,WEAK,24.4007
396,-21,YOU,CLEAR SECURE INC CLASS A,Information Technology,,mid,62.01,1.9511,1.094,1.044,1.6912,FLAT,79.47,150.98,280.98,-22.91,52.8,94.06,0.6584,LOW,-,56.8595,52.944,39.4169,1,84.7501,TREND+LEAD,24.2594
397,-17,KALV,KALVISTA PHARMACEUTICALS INC,Health Care,,small,26.81,1.7559,1.0112,1.3151,1.5709,STRONG_DOWN,87.88,125.86,130.92,-32.79,50.0,93.41,1.7863,HIGH,-,25.235,21.3152,15.858,1,67.3715,TREND+LEAD,24.2393
398,16,LHX,L3Harris,Industrials,Aerospace & Defense,large,309.15,1.051,1.0144,0.8944,0.808,STRONG_UP,8.68,35.19,42.46,-20.55,52.8,27.89,1.0647,MED,EARLY,310.945,336.7246,310.9802,0,66.626,WEAK,24.214
399,-60,WMB,Williams Companies,Energy,Oil & Gas Storage & Transportation,large,77.88,1.0794,1.0118,1.051,0.997,FLAT,33.66,38.84,100.31,-12.36,52.4,21.13,0.8317,LOW,-,74.9425,73.5577,64.4718,1,96.3222,TREND+LEAD,24.199
400,315,CWAN,CLEARWATER ANALYTICS HOLDINGS INC,Information Technology,,mid,24.4,0.8453,1.0106,0.9686,0.9713,FLAT,17.14,8.73,28.15,-35.8,50.4,6.04,0.4516,LOW,-,24.2685,23.9226,21.7574,1,72.8831,TREND_ONLY,24.17
401,140,CFFN,CAPITOL FEDERAL FINANCIAL INC,Financials,,small,7.78,1.1324,1.0278,0.9867,0.9502,STRONG_UP,30.13,45.66,65.85,-10.59,49.6,24.73,1.09,MED,-,7.6888,7.394,6.6846,1,91.5851,TREND+LEAD,24.1137
402,-43,BTU,PEABODY ENERGY CORP,Energy,,mid,23.36,1.3156,0.975,0.8114,0.6497,STRONG_UP,-18.65,69.23,1.97,-40.67,49.2,57.68,0.4287,LOW,EARLY,25.1849,29.5772,28.4463,0,59.0506,WEAK,24.102
403,-40,NTCT,NETSCOUT SYSTEMS INC,Information Technology,,mid,38.73,1.2911,1.0039,1.119,1.2096,STRONG_DOWN,50.88,66.08,82.34,-17.38,51.2,34.21,0.8265,LOW,-,36.441,33.736,28.4515,1,98.8988,TREND+LEAD,24.0931
404,-20,OIS,OIL STATES INTERNATIONAL INC,Energy,,small,9.0,1.6011,1.0038,0.804,0.6662,STRONG_UP,44.69,105.95,89.47,-39.82,53.6,76.84,0.4437,LOW,-,9.9295,10.8952,8.123,1,73.9055,TREND+LEAD,24.0344
405,60,IE,IVANHOE ELECTRIC INC,Materials,,small,12.13,1.4075,0.8872,0.7682,0.7541,STRONG_UP,1.85,81.04,1.08,-45.93,55.2,74.96,1.1292,MED,-,13.292,12.9682,13.63,0,59.6808,WEAK,23.9983
406,111,KSS,KOHLS CORP,Consumer Discretionary,,small,12.21,1.2602,1.033,0.7568,0.6091,STRONG_UP,-21.18,62.1,-46.39,-51.84,49.2,56.2,1.1388,MED,-,13.58,13.4304,16.3495,0,54.3646,WEAK,23.9813
407,57,CGEM,CULLINAN THERAPEUTICS INC,Health Care,,small,14.33,1.4155,0.8956,0.9934,0.9738,FLAT,67.8,82.08,-38.13,-36.67,50.0,59.74,1.1329,MED,-,14.4282,14.2043,10.7454,1,68.7009,TREND+LEAD,23.9025
408,129,NRIX,NURIX THERAPEUTICS INC,Health Care,,small,16.42,1.3052,1.0358,0.9474,0.9652,FLAT,29.5,67.89,3.01,-37.48,45.2,44.98,1.4932,MED,-,16.3798,15.9795,14.4039,1,68.2257,TREND+LEAD,23.8647
409,-24,HOOD,Robinhood Markets,Financials,Investment Banking & Brokerage,large,75.76,0.9223,0.9475,0.822,0.9233,FLAT,-33.72,18.63,261.45,-57.26,52.4,66.7,0.5923,LOW,EARLY,77.9335,76.3163,104.8388,0,14.6394,WEAK,23.7874
410,-23,ANET,Arista Networks,Information Technology,Communications Equipment,large,140.49,1.1816,0.9594,0.7584,0.9813,FLAT,13.8,52.0,77.28,-28.33,56.0,60.12,1.1092,MED,-,155.3975,146.4592,139.5724,1,48.4328,TREND+LEAD,23.7865
411,82,GVA,GRANITE CONSTRUCTION INC,Industrials,,mid,130.74,1.1832,0.9364,1.0325,0.8941,FLAT,27.28,52.19,110.05,-14.69,49.6,35.69,3.8745,HIGH,-,135.2475,127.4949,116.7102,1,72.5337,TREND+LEAD,23.7804
412,164,GDOT,GREEN DOT CORP CLASS A,Financials,,small,12.91,1.1127,1.0133,1.0137,0.9946,FLAT,22.25,43.13,30.8,-30.95,49.2,28.46,1.4231,MED,-,12.514,11.8556,12.3969,1,74.5544,TREND+LEAD,23.7654
413,-76,DVN,Devon Energy,Energy,Oil & Gas Exploration & Production,large,48.46,1.2269,1.0354,0.9868,1.0179,FLAT,36.68,57.83,3.17,-15.06,54.4,35.8,0.8231,LOW,-,48.5755,48.1925,39.2731,1,87.8689,TREND+LEAD,23.7358
414,-9,WMT,Walmart,Consumer Staples,Consumer Staples Merchandise Retail,large,130.85,1.0637,0.9971,0.9677,0.9907,FLAT,29.83,36.83,104.6,-10.92,52.8,23.33,1.4929,MED,-,130.4743,126.8985,114.0971,1,83.3502,TREND+LEAD,23.7134
415,-8,NN,NEXTNAV INC,Information Technology,,mid,23.185,1.4215,1.0551,1.2661,1.2598,FLAT,82.27,82.85,207.9,-36.62,54.8,93.3,1.117,MED,-,19.6797,18.4526,15.9695,1,48.6604,TREND+LEAD,23.5975
416,63,SPG,Simon Property Group,Real Estate,Retail REITs,large,204.1,1.0534,1.0158,0.971,0.9494,STRONG_UP,14.88,35.51,52.14,-11.54,52.8,20.99,0.5248,LOW,-,202.1685,196.0622,184.2002,1,89.3139,TREND+LEAD,23.5339
417,-51,IMKTA,INGLES MARKETS INC CLASS A,Consumer Staples,,small,86.51,1.1309,1.0141,0.9172,0.9203,FLAT,17.27,45.48,19.42,-11.7,53.2,26.2,1.3559,MED,-,87.979,88.5566,76.8305,1,92.3396,TREND+LEAD,23.5218
418,6,DXPE,DXP ENTERPRISES INC,Industrials,,mid,146.67,1.3285,0.9699,0.8593,0.9123,FLAT,71.48,70.88,181.62,-32.99,53.6,56.71,0.5061,LOW,-,159.5755,149.8446,126.8801,1,66.997,TREND+LEAD,23.5043
419,62,WSFS,WSFS FINANCIAL CORP,Financials,,mid,71.8,1.064,1.0272,0.9956,0.9871,STRONG_UP,35.89,36.86,62.27,-14.91,51.6,21.21,0.788,LOW,-,71.1016,68.066,59.8893,1,89.6706,TREND+LEAD,23.4635
420,-114,FFIV,"F5, Inc.",Information Technology,Communications Equipment,large,382.42,1.0386,1.0587,1.1791,1.2742,STRONG_DOWN,68.43,33.59,120.49,-34.73,52.8,33.96,0.8521,LOW,-,341.661,313.9808,291.7433,1,52.2276,TREND+LEAD,23.3999
421,-22,INOD,INNODATA INC,Industrials,,small,94.71,2.1151,1.0604,1.92,1.96,STRONG_DOWN,70.99,172.08,671.25,-63.03,48.0,191.56,1.1729,MED,-,65.6935,51.4514,56.04,1,43.1181,TREND+LEAD,23.3979
422,-22,DAWN,DAY ONE BIOPHARMACEUTICALS INC,Health Care,,mid,21.53,2.661,1.0117,0.9653,1.66,FLAT,192.53,242.29,45.57,-23.55,47.41,148.35,0.0,LOW,-,21.4675,18.4178,10.7963,1,77.4313,TREND+LEAD,23.3951
423,-19,ESE,ESCO TECHNOLOGIES INC,Industrials,,mid,296.45,1.297,1.0087,0.9146,0.9945,FLAT,37.64,66.84,168.91,-14.58,55.2,39.43,0.6498,LOW,-,312.2725,298.2454,238.6814,1,93.5699,TREND+LEAD,23.3166
424,-4,GLNG,GOLAR LNG LTD,Energy,,mid,55.46,1.1498,0.9781,1.0105,1.1294,STRONG_DOWN,50.16,47.91,116.96,-21.95,52.4,33.5,1.0065,MED,-,55.375,53.3088,43.3033,1,74.9326,TREND+LEAD,23.2871
425,-24,COCO,THE VITA COCO COMPANY INC,Consumer Staples,,mid,77.88,1.6434,1.0283,1.6042,1.3387,FLAT,67.16,111.4,192.45,-23.23,54.0,75.62,0.5148,LOW,-,67.7252,57.9584,49.455,1,79.5508,TREND+LEAD,23.2783
426,109,REAL,THE REALREAL INC,Consumer Discretionary,,small,9.44,1.459,1.0191,0.74,0.7881,FLAT,-30.89,87.67,118.52,-51.95,48.8,77.91,1.0457,MED,-,10.9965,10.3142,11.6275,0,54.9158,WEAK,23.2119
427,-33,HUM,Humana,Health Care,Managed Health Care,large,304.1,0.9771,1.0185,1.3421,1.4935,STRONG_DOWN,31.01,25.69,-12.09,-47.18,56.4,46.71,0.6353,LOW,-,262.2095,214.9589,241.6689,1,31.016,TREND_ONLY,23.1678
428,74,HLF,HERBALIFE LTD,Consumer Staples,,small,12.57,1.4413,0.9737,0.7309,0.5841,STRONG_UP,40.45,85.4,11.93,-39.08,48.8,55.55,0.8532,LOW,-,14.7675,15.0888,12.8805,0,75.0213,WEAK,23.0849
429,26,AIZ,Assurant,Financials,Multi-line Insurance,large,256.25,1.0504,1.0234,1.0733,1.0596,FLAT,14.31,35.12,54.18,-12.57,58.0,22.8,0.6402,LOW,-,240.68,228.0008,223.1078,1,89.3283,TREND+LEAD,23.0527
430,-49,ALNT,ALLIENT INC,Industrials,,small,63.35,1.5972,1.0065,0.8464,0.8599,FLAT,26.08,105.45,119.14,-21.88,52.8,60.97,0.9737,LOW,-,69.386,66.9839,56.946,1,91.3178,TREND+LEAD,23.0304
431,-29,FANG,Diamondback Energy,Energy,Oil & Gas Exploration & Production,large,204.33,1.1954,1.0298,1.0168,1.0892,FLAT,38.17,53.77,9.98,-12.53,53.2,32.11,0.4571,LOW,-,200.0059,193.2636,159.7139,1,89.0853,TREND+LEAD,23.0185
432,-88,HSY,Hershey Company (The),Consumer Staples,Packaged Foods & Meats,large,190.84,1.01,1.0199,0.9781,0.8043,STRONG_UP,5.82,29.92,-2.12,-22.97,52.4,24.63,0.6049,LOW,-,187.4043,198.032,190.7466,1,63.6531,TREND+LEAD,23.0061
433,51,DRH,DIAMONDROCK HOSPITALITY,Real Estate,,small,10.76,1.1722,1.0343,1.0232,1.0148,STRONG_UP,24.24,50.78,38.91,-11.92,50.4,26.29,0.475,LOW,-,10.4535,9.9903,8.9247,1,97.354,TREND+LEAD,23.0057
434,88,PFG,Principal Financial Group,Financials,Life & Health Insurance,large,102.81,1.0731,1.0298,1.0125,1.0048,STRONG_UP,27.41,38.04,32.47,-11.96,53.2,23.68,0.6059,LOW,-,100.464,94.423,86.974,1,85.4582,TREND+LEAD,23.0038
435,55,RF,Regions Financial Corporation,Financials,Regional Banks,large,27.53,1.0464,1.0368,0.9363,0.8577,STRONG_UP,16.16,34.6,50.62,-18.45,55.6,26.58,0.8494,LOW,-,27.62,26.96,26.4914,1,72.3705,TREND+LEAD,22.9936
436,-54,NJR,NEW JERSEY RESOURCES CORP,Utilities,,mid,57.4,1.008,1.0024,0.9983,1.0087,FLAT,26.16,29.66,39.16,-8.68,56.0,16.4,0.8629,LOW,-,56.418,55.6652,49.2026,1,101.2768,TREND+LEAD,22.9842
437,134,MAR,Marriott International,Consumer Discretionary,"Hotels, Resorts & Cruise Lines",large,369.75,1.1131,1.0558,0.9663,0.9876,FLAT,31.26,43.18,58.22,-12.65,49.6,28.11,1.1521,MED,-,356.9525,346.4136,306.4819,1,76.184,TREND+LEAD,22.9655
438,-13,FCX,Freeport-McMoRan,Materials,Copper,large,60.87,1.2594,0.9289,0.8301,0.8795,FLAT,52.89,62.0,14.99,-24.9,56.8,55.31,0.7016,LOW,-,60.7875,61.1254,51.729,1,63.6746,TREND+LEAD,22.9598
439,120,VCYT,VERACYTE INC,Health Care,,mid,45.19,1.2724,1.1725,1.2862,1.1764,FLAT,16.59,63.67,107.48,-39.23,47.6,71.71,1.1897,MED,-,37.2305,34.4334,36.5238,1,42.2649,TREND+LEAD,22.9527
440,10,BFH,BREAD FINANCIAL HOLDINGS INC,Financials,,mid,87.69,1.3427,1.0193,0.9102,1.0772,FLAT,45.27,72.71,111.54,-19.26,55.6,47.96,0.6122,LOW,-,86.196,81.0562,70.4695,1,84.2967,TREND+LEAD,22.9358
441,-77,NPO,ENPRO INC,Industrials,,mid,305.45,1.324,0.9536,1.0327,1.0332,STRONG_DOWN,51.2,70.3,106.79,-13.45,54.4,39.02,0.6276,LOW,-,300.8865,276.8048,241.6594,1,98.0159,TREND+LEAD,22.9171
442,-10,HTBK,HERITAGE COMMERCE CORP,Financials,,small,13.45,1.2047,1.0292,1.0492,0.9458,FLAT,41.04,54.96,77.44,-13.47,50.66,27.79,0.0,LOW,-,12.915,12.7046,11.0759,1,100.1932,TREND+LEAD,22.9132
443,-26,OSCR,OSCAR HEALTH INC CLASS A,Financials,,mid,23.42,1.2252,1.0211,1.3668,1.642,STRONG_DOWN,59.21,57.6,0.6,-51.71,46.8,65.38,0.9786,LOW,-,20.5465,16.3686,16.4482,1,41.234,TREND+LEAD,22.9124
444,-112,CAH,Cardinal Health,Health Care,Health Care Distributors,large,199.23,1.0217,1.0345,0.9532,0.8254,STRONG_UP,-3.27,31.42,113.6,-20.42,55.2,25.7,0.7596,LOW,-,194.915,204.9247,190.8177,1,67.4824,TREND+LEAD,22.8079
445,-39,GRAL,GRAIL INC,Health Care,,mid,66.03,1.3703,1.0784,1.2044,1.2198,STRONG_DOWN,-18.94,76.27,383.38,-62.92,50.0,134.84,0.6214,LOW,SHIFT,58.039,52.769,68.3789,0,28.2809,WEAK,22.8035
446,-131,SD,SANDRIDGE ENERGY INC,Energy,,small,15.52,1.2602,1.0395,0.9888,0.8233,STRONG_UP,8.32,62.11,20.46,-19.9,56.0,39.74,0.8329,LOW,-,15.2485,15.6414,13.9692,1,87.5182,TREND+LEAD,22.7629
447,-79,APH,Amphenol,Information Technology,Electronic Components,large,123.05,1.1243,0.9614,0.797,0.7572,STRONG_UP,-6.73,44.62,84.7,-28.19,57.2,45.88,0.8284,LOW,EARLY,135.209,135.1387,132.3956,0,55.6236,WEAK,22.6361
448,-32,SMCI,Supermicro,Information Technology,"Technology Hardware, Storage & Peripherals",large,33.46,0.6245,1.0225,1.1002,0.9573,FLAT,-4.13,-19.66,-62.78,-66.18,47.6,106.27,0.985,LOW,SHIFT,30.4195,27.7776,36.2585,0,-8.8078,WEAK,22.597
449,153,AMBA,AMBARELLA INC,Information Technology,,mid,83.0,1.0147,1.0337,1.2995,1.132,FLAT,-0.11,30.52,67.71,-49.06,49.2,57.71,1.0711,MED,-,73.7515,61.9154,71.5524,1,26.0226,TREND+LEAD,22.5366
450,-12,UNIT,UNITI GROUP INC,Communication,,mid,10.95,1.17,0.9824,0.8881,1.1838,FLAT,78.05,50.5,96.2,-44.37,49.2,55.22,0.6409,LOW,-,11.3565,10.2138,7.6802,1,44.9946,TREND+LEAD,22.5035
451,44,DLX,DELUXE CORP,Industrials,,small,23.67,1.3622,1.0451,0.7656,0.8166,FLAT,28.35,75.22,16.61,-28.09,50.0,45.52,0.7685,LOW,-,27.0495,27.3691,22.6249,1,82.6251,TREND+LEAD,22.4495
452,-17,VSTS,VESTIS CORP,Industrials,,small,11.7,1.6271,0.9704,1.1248,1.36,STRONG_DOWN,114.29,109.3,-5.0,-37.54,53.2,75.25,0.6841,LOW,-,10.3085,9.0784,6.6968,1,77.2742,TREND+LEAD,22.4388
453,-7,PANW,Palo Alto Networks,Information Technology,Systems Software,large,246.66,1.0579,1.0451,1.3061,1.5386,STRONG_DOWN,22.72,36.08,58.29,-36.01,54.8,44.79,,LOW,-,204.332,180.3686,186.7218,1,44.1444,TREND+LEAD,22.4327
454,-127,CTRE,CARETRUST REIT INC,Real Estate,,mid,41.49,1.166,0.9987,1.067,0.9712,FLAT,14.66,49.98,76.26,-12.25,56.8,30.75,0.6588,LOW,-,40.1915,39.0861,36.3711,1,92.328,TREND+LEAD,22.4177
455,44,PRSU,PURSUIT ATTRACTIONS AND HOSPITALIT,Consumer Discretionary,,small,43.92,1.2516,1.0465,1.0258,1.0954,FLAT,32.21,61.0,23.89,-13.94,54.4,34.33,0.618,LOW,-,41.805,39.6848,36.4436,1,96.6571,TREND+LEAD,22.4167
456,29,SWX,SOUTHWEST GAS HOLDINGS INC,Utilities,,mid,89.66,1.0398,1.018,0.9802,0.9563,STRONG_UP,14.42,33.75,21.97,-6.72,52.8,18.63,0.5623,LOW,-,90.127,88.7435,81.9542,1,95.6659,TREND+LEAD,22.331
457,-16,QCOM,Qualcomm,Information Technology,Semiconductors,large,202.51,1.0648,1.0216,1.428,1.3231,FLAT,24.11,36.97,5.26,-33.13,53.6,62.02,1.0695,MED,-,186.4565,152.8374,158.5566,1,31.9541,TREND+LEAD,22.3267
458,-18,JCI,Johnson Controls,Industrials,Building Products,large,137.75,1.109,0.9587,0.9453,0.8913,STRONG_UP,20.74,42.66,94.07,-12.71,56.4,30.15,0.7768,LOW,-,141.871,137.9961,121.7897,1,79.7954,TREND+LEAD,22.2999
459,119,DAL,Delta Air Lines,Industrials,Passenger Airlines,large,74.12,1.2081,1.0456,1.0423,0.9954,STRONG_UP,30.44,55.4,45.32,-22.9,48.8,45.68,0.9571,LOW,-,69.9354,67.621,64.1578,1,59.1791,TREND+LEAD,22.2349
460,14,LAUR,LAUREATE EDUCATION INC,Consumer Discretionary,,mid,33.6,1.1949,1.0438,0.9629,0.9493,STRONG_UP,11.0,53.71,107.02,-16.33,56.4,37.95,0.7134,LOW,-,32.0682,33.2091,31.6294,1,79.8151,TREND+LEAD,22.1768
461,101,PAHC,PHIBRO ANIMAL HEALTH CORP CLASS A,Health Care,,mid,33.81,1.1456,0.944,0.6011,0.5953,STRONG_UP,-21.67,47.36,90.87,-43.25,49.2,72.11,1.4141,MED,EARLY,45.7,51.0378,43.2672,0,32.3108,WEAK,22.1186
462,-47,AIR,AAR CORP,Industrials,,mid,107.51,1.3847,0.9988,0.9251,0.8525,STRONG_UP,38.26,78.11,50.05,-19.92,50.8,53.87,0.9802,LOW,-,110.2895,111.8366,94.507,1,73.663,TREND+LEAD,22.0762
463,-9,QBTS,D WAVE QUANTUM INC,Information Technology,,mid,19.3,0.9768,0.8803,0.8718,0.9912,FLAT,-15.83,25.65,1456.45,-71.01,48.8,95.26,0.809,LOW,-,20.5725,18.2174,22.8818,0,13.1406,WEAK,22.0696
464,24,TTD,Trade Desk (The),Communication Services,Advertising,large,21.02,0.2194,1.0395,0.856,0.7768,STRONG_UP,-48.06,-71.77,-78.02,-77.62,46.8,65.97,1.0156,MED,EARLY,22.6805,22.8521,37.53,0,-50.9173,WEAK,22.0454
465,-9,BIIB,Biogen,Health Care,Biotechnology,large,187.8,1.1512,0.9905,0.948,0.9071,STRONG_UP,11.24,48.08,-17.52,-14.34,52.8,33.83,0.8072,LOW,-,190.7655,185.5636,168.611,1,75.0467,TREND+LEAD,22.0191
466,-40,CVI,CVR ENERGY INC,Energy,,mid,33.48,1.1728,1.0206,1.0294,1.5033,STRONG_DOWN,-8.82,50.85,14.54,-48.21,49.6,60.82,0.6736,LOW,-,33.3989,32.2898,30.4556,1,41.4725,TREND+LEAD,22.0112
467,6,DOW,Dow Inc.,Materials,Commodity Chemicals,large,36.27,1.0471,0.944,0.8967,1.1154,FLAT,70.46,34.69,-30.23,-32.02,48.0,50.64,1.0835,MED,-,38.7415,38.6766,28.1807,1,32.8854,TREND+LEAD,22.0039
468,-25,CRGY,CRESCENT ENERGY CLASS A,Energy,,mid,13.54,1.2673,1.0938,1.0382,1.1957,FLAT,53.74,63.02,20.56,-22.34,56.4,47.62,0.8475,LOW,-,12.9759,12.7295,9.8842,1,74.6353,TREND+LEAD,22.0006
469,125,SVRA,SAVARA INC,Health Care,,small,5.08,1.3571,0.9729,0.9483,0.8521,STRONG_UP,21.82,74.57,18.14,-33.79,48.8,52.75,0.7371,LOW,-,5.107,5.3076,4.8605,1,68.9865,TREND+LEAD,21.9074
470,150,UE,URBAN EDGE PROPERTIES,Real Estate,,mid,21.97,1.0035,1.0281,0.9873,0.9804,STRONG_UP,19.47,29.08,36.84,-11.99,50.8,17.26,0.3876,LOW,-,21.7395,21.1248,19.8942,1,85.5785,TREND+LEAD,21.9033
471,5,EQIX,Equinix,Real Estate,Data Center REITs,large,1065.0601,0.9808,0.9957,0.9271,1.0702,FLAT,38.27,26.16,39.64,-19.63,51.6,18.22,0.8276,LOW,-,1079.7525,1037.4656,859.8406,1,74.0968,TREND_ONLY,21.8628
472,19,FBNC,FIRST BANCORP,Financials,,mid,59.24,1.1375,1.0291,0.9835,0.8868,STRONG_UP,23.35,46.32,90.31,-16.25,48.8,28.73,0.8069,LOW,-,58.4565,57.0153,54.0964,1,78.6701,TREND+LEAD,21.8541
473,112,USB,U.S. Bancorp,Financials,Diversified Banks,large,54.5,1.0298,1.0297,0.9239,0.8707,STRONG_UP,21.07,32.46,44.43,-16.21,53.6,24.69,0.3633,LOW,-,55.043,53.9542,50.9831,1,70.4688,TREND+LEAD,21.8192
474,-91,WHD,CACTUS INC CLASS A,Energy,,mid,62.16,1.1913,1.0849,1.1014,0.9892,FLAT,54.08,53.24,23.8,-30.07,53.6,45.8,0.8339,LOW,-,56.657,52.4418,46.9116,1,62.3043,TREND+LEAD,21.8077
475,222,INDB,INDEPENDENT BANK CORP,Financials,,mid,78.93,1.0333,1.0357,0.9674,0.8849,STRONG_UP,20.53,32.92,59.71,-14.3,47.2,22.36,1.0163,MED,-,77.6125,76.8948,73.2365,1,69.4818,TREND+LEAD,21.79
476,39,FITB,Fifth Third Bancorp,Financials,Regional Banks,large,48.86,1.0467,1.0339,0.9272,0.8529,STRONG_UP,20.27,34.64,38.03,-21.21,51.6,29.65,0.5677,LOW,-,49.2805,47.8101,46.0174,1,60.2921,TREND+LEAD,21.7773
477,-67,CNC,Centene Corporation,Health Care,Managed Health Care,large,58.28,0.7459,1.0021,1.4364,1.2502,FLAT,57.81,-4.05,-25.66,-58.5,53.6,58.5,0.3588,LOW,-,53.8455,42.9004,38.6747,1,-3.7108,TREND_ONLY,21.7599
478,-49,BANC,BANC OF CALIFORNIA INC,Financials,,mid,18.8,1.085,1.0158,0.9809,0.8751,STRONG_UP,15.27,39.56,36.35,-20.47,54.0,29.81,0.7263,LOW,-,18.734,18.1092,17.8945,1,71.6696,TREND+LEAD,21.7559
479,-12,SUPN,SUPERNUS PHARMACEUTICALS INC,Health Care,,mid,48.69,1.16,0.9599,0.9289,0.888,STRONG_UP,8.44,49.22,73.58,-22.6,52.4,35.22,0.8257,LOW,EARLY,49.6155,50.027,48.7383,0,73.2268,WEAK,21.7316
480,6,KMT,KENNAMETAL INC,Industrials,,mid,35.76,1.3465,1.026,0.885,0.8424,STRONG_UP,40.21,73.2,44.04,-22.3,52.8,56.72,0.6054,LOW,-,37.4491,37.2624,29.8387,1,68.1417,TREND+LEAD,21.7252
481,15,PII,POLARIS INC,Consumer Discretionary,,mid,63.06,1.3345,0.9618,1.0337,0.8918,FLAT,2.7,71.66,-16.01,-34.21,50.8,65.77,0.5427,LOW,-,64.5275,58.6316,61.3324,1,55.3497,TREND+LEAD,21.7148
482,34,PFS,PROVIDENT FINANCIAL SERVICES INC,Financials,,mid,22.15,1.0754,1.0265,0.9562,0.9,STRONG_UP,25.65,38.34,56.17,-14.49,49.6,23.59,0.7252,LOW,-,22.0821,21.5028,20.0131,1,80.6069,TREND+LEAD,21.706
483,-46,ARQT,ARCUTIS BIOTHERAPEUTICS INC,Health Care,,mid,20.47,1.1565,0.9579,0.827,0.7471,STRONG_UP,-24.96,48.76,115.93,-37.5,49.2,61.85,1.3721,MED,EARLY,22.0595,22.8233,23.2822,0,38.7909,WEAK,21.6952
484,54,SONO,SONOS INC,Consumer Discretionary,,small,15.02,1.1854,1.032,0.9797,0.9041,STRONG_UP,-7.74,52.49,-8.3,-33.72,51.6,37.06,0.7227,LOW,-,14.742,14.0408,15.4964,0,73.08,WEAK,21.6774
485,-93,LLY,Lilly (Eli),Health Care,Pharmaceuticals,large,1018.87,1.1003,1.0233,1.0627,0.9378,FLAT,-0.75,41.54,28.63,-23.64,54.0,37.81,0.6579,LOW,-,957.3432,939.262,922.2504,1,59.3239,TREND+LEAD,21.6242
486,-58,TEAM,Atlassian,Technology,Computer Software,large,86.23,0.3205,1.0764,1.1179,1.0527,FLAT,-42.03,-58.78,-51.57,-74.13,45.6,91.58,0.5043,LOW,SHIFT,82.3938,74.2375,127.4355,0,-29.2656,WEAK,21.6178
487,43,FIBK,FIRST INTERSTATE BANCSYSTEM INC,Financials,,mid,35.18,1.0943,1.034,0.9918,0.883,STRONG_UP,20.33,40.76,42.18,-16.87,50.4,26.88,0.901,LOW,-,34.8341,33.8054,32.9353,1,76.4201,TREND+LEAD,21.6108
488,-80,MAC,MACERICH REIT,Real Estate,,mid,22.43,1.1878,1.0134,1.0147,1.0343,STRONG_DOWN,37.61,52.79,53.4,-12.8,54.4,31.2,0.804,LOW,-,21.7745,20.6179,18.4906,1,92.0417,TREND+LEAD,21.6031
489,38,LVS,Las Vegas Sands,Consumer Discretionary,Casinos & Gaming,large,49.62,0.9761,0.9888,0.8423,0.798,STRONG_UP,-22.55,25.56,11.92,-27.8,52.8,30.56,1.0432,MED,EARLY,52.1999,53.4047,56.6012,0,44.1671,WEAK,21.5837
490,76,BKU,BANKUNITED INC,Financials,,mid,46.29,1.0812,1.0144,0.9653,0.8635,STRONG_UP,20.52,39.07,69.35,-16.4,52.8,26.84,0.5524,LOW,-,46.42,45.6311,42.7818,1,76.8686,TREND+LEAD,21.5802
491,62,URI,United Rentals,Industrials,Trading Companies & Distributors,large,936.27,1.0549,0.9713,1.1213,0.9572,FLAT,17.47,35.69,37.16,-30.04,54.4,56.89,1.0458,MED,-,949.6988,830.6385,869.0872,1,34.1282,TREND+LEAD,21.5284
492,40,SENEA,SENECA FOODS CORP CLASS A,Consumer Staples,,small,140.17,1.1933,1.0331,1.0098,0.992,STRONG_UP,11.44,53.49,130.32,-21.04,58.4,46.22,1.1105,MED,-,139.01,145.0794,122.7347,1,67.5899,TREND+LEAD,21.524
493,30,MBIN,MERCHANTS BANCORP,Financials,,mid,46.03,1.1305,1.0311,0.8935,0.9443,FLAT,48.47,45.42,12.08,-18.94,54.4,31.98,0.6977,LOW,-,46.5055,45.381,37.4237,1,77.2635,TREND+LEAD,21.4743
494,3,POWI,POWER INTEGRATIONS INC,Information Technology,,mid,69.13,1.0704,0.9736,0.9247,1.4152,FLAT,119.52,37.69,-7.45,-47.83,50.8,56.13,0.8607,LOW,-,71.907,60.2004,46.2391,1,34.111,TREND+LEAD,21.447
495,12,DBD,DIEBOLD NIXDORF INC,Information Technology,,mid,71.41,1.1624,1.0037,0.8137,0.8153,FLAT,15.93,49.52,60.87,-22.53,54.4,37.63,0.6401,LOW,-,76.9335,78.0182,68.3435,1,71.5866,TREND+LEAD,21.4366
496,104,PEB,PEBBLEBROOK HOTEL TRUST REIT,Real Estate,,small,14.93,1.2786,1.056,1.0502,1.0922,FLAT,38.34,64.47,0.74,-16.39,48.0,34.8,0.6245,LOW,-,14.269,13.4538,11.8803,1,88.919,TREND+LEAD,21.4197
497,-46,EXPE,Expedia Group,Consumer Discretionary,"Hotels, Resorts & Cruise Lines",large,217.59,1.0703,1.0113,0.789,0.994,FLAT,-8.99,37.67,96.78,-37.44,51.2,53.91,0.7871,LOW,EARLY,235.3765,237.7376,237.808,0,35.7755,WEAK,21.4144
498,-15,TXNM,TXNM ENERGY INC,Utilities,,mid,59.48,0.8452,1.0117,0.9772,0.9411,STRONG_UP,4.5,8.73,63.13,-2.3,52.4,4.46,0.943,LOW,-,59.1402,58.6342,57.3883,1,102.517,TREND_ONLY,21.3771
499,139,THFF,FIRST FINANCIAL CORPORATION CORP,Financials,,small,68.19,1.0668,1.0408,0.9975,0.952,STRONG_UP,25.62,37.23,92.16,-13.18,50.8,25.1,1.2973,MED,-,66.5415,64.754,60.0472,1,75.3507,TREND+LEAD,21.3631
500,239,TRNO,TERRENO REALTY REIT CORP,Real Estate,,mid,66.17,0.957,1.0164,0.9621,0.9395,STRONG_UP,11.63,23.11,22.09,-10.85,56.8,17.01,1.3287,MED,-,65.639,64.1161,60.4528,1,77.156,TREND_ONLY,21.3466
501,-62,LYB,LyondellBasell,Materials,Specialty Chemicals,large,71.3,1.071,0.9822,0.9501,1.1812,FLAT,69.73,37.76,-17.32,-35.45,49.6,54.47,0.4578,LOW,-,73.245,74.018,55.0132,1,34.3838,TREND+LEAD,21.3334
502,0,KRG,KITE REALTY GROUP TRUST REIT,Real Estate,,mid,26.52,0.999,1.0209,0.9936,0.959,STRONG_UP,22.83,28.5,38.73,-9.27,52.4,16.34,0.4419,LOW,-,26.3015,25.5203,23.2488,1,91.4086,TREND_ONLY,21.3307
503,54,MATW,MATTHEWS INTERNATIONAL CORP CLASS,Consumer Discretionary,,small,27.12,1.087,1.0019,0.9358,0.9623,FLAT,13.72,39.82,2.42,-15.87,51.6,26.58,1.003,MED,-,27.634,26.4092,25.0535,1,77.3123,TREND+LEAD,21.3118
504,-26,WST,West Pharmaceutical Services,Health Care,Health Care Supplies,large,305.5,1.1404,1.0272,1.069,1.1761,STRONG_DOWN,17.63,46.69,-8.78,-24.7,48.4,37.29,0.4579,LOW,-,306.3614,274.2632,263.4403,1,60.5998,TREND+LEAD,21.3036
505,82,SBRA,SABRA HEALTH CARE REIT INC,Real Estate,,mid,21.06,1.0079,1.0171,1.0473,0.9942,FLAT,15.28,29.64,67.05,-12.18,54.0,18.45,,LOW,-,20.3904,20.0624,18.7266,1,86.7598,TREND+LEAD,21.2981
506,-72,COIN,Coinbase,Financials,Financial Exchanges & Data,large,191.29,0.5742,0.9107,0.8899,1.0355,FLAT,-26.93,-26.14,-15.28,-66.39,46.0,73.95,0.6167,LOW,EARLY,197.4855,191.3446,252.2387,0,-16.2602,WEAK,21.2935
507,72,CUBI,CUSTOMERS BANCORP INC,Financials,,mid,75.44,1.1428,1.0311,0.9448,0.9591,FLAT,17.27,47.0,59.19,-20.31,50.0,31.6,0.555,LOW,-,75.5755,72.746,70.684,1,74.3659,TREND+LEAD,21.2888
508,26,AMZN,Amazon,Consumer Discretionary,Broadline Retail,large,265.01,1.0244,1.001,0.9957,1.1699,FLAT,19.08,31.77,44.7,-21.74,56.0,29.02,0.7486,LOW,-,266.31,239.6716,230.061,1,61.3011,TREND+LEAD,21.279
509,-120,EIX,Edison International,Utilities,Electric Utilities,large,69.74,1.0088,0.9952,0.9645,0.8878,STRONG_UP,22.6,29.76,0.75,-15.38,52.4,22.52,0.6193,LOW,-,69.4215,70.6782,61.1277,1,69.2417,TREND+LEAD,21.279
510,-48,PTCT,PTC THERAPEUTICS INC,Health Care,,mid,71.02,1.1948,0.9857,0.9618,0.9323,STRONG_UP,-7.39,53.69,82.81,-27.17,53.6,49.12,0.854,LOW,-,69.367,68.7947,67.9406,1,58.5865,TREND+LEAD,21.2572
511,-75,IRON,DISC MEDICINE INC,Health Care,,mid,67.03,1.0659,0.9707,0.9226,1.0133,FLAT,-25.31,37.1,114.43,-40.55,52.4,39.81,0.8344,LOW,-,67.704,65.7245,72.2144,0,48.8378,WEAK,21.2445
512,152,QCRH,QCR HOLDINGS INC,Financials,,small,91.31,1.036,1.0372,0.9847,0.9176,STRONG_UP,20.44,33.26,54.78,-16.9,51.6,24.15,1.0654,MED,-,90.0205,87.883,82.7098,1,71.0665,TREND+LEAD,21.2423
513,-71,COP,ConocoPhillips,Energy,Oil & Gas Exploration & Production,large,122.36,1.1277,1.0381,0.9647,1.0345,FLAT,38.52,45.06,8.26,-14.9,53.2,32.17,0.4924,LOW,-,120.9316,122.8029,101.529,1,74.5085,TREND+LEAD,21.2165
514,47,ROK,Rockwell Automation,Industrials,Electrical Components & Equipment,large,436.23,1.1397,0.9674,1.0315,1.0213,FLAT,19.97,46.6,66.63,-18.73,52.8,36.87,0.5996,LOW,-,428.8648,396.5377,379.2845,1,66.7369,TREND+LEAD,21.1984
515,74,XHR,XENIA HOTELS RESORTS REIT INC,Real Estate,,small,16.9,1.1781,1.0401,1.016,0.983,STRONG_UP,25.86,51.54,26.46,-16.23,51.6,32.08,0.4364,LOW,-,16.404,15.6047,14.3545,1,82.9043,TREND+LEAD,21.1941
516,81,PNC,PNC Financial Services,Financials,Diversified Banks,large,216.83,1.0114,1.0253,0.9244,0.8699,STRONG_UP,22.26,30.1,46.61,-17.21,52.4,24.33,0.4785,LOW,-,217.8795,213.5674,203.7615,1,64.8276,TREND+LEAD,21.1445
517,11,RUSHA,RUSH ENTERPRISES INC CLASS A,Industrials,,mid,69.95,1.1042,1.0003,0.9126,0.8667,STRONG_UP,47.98,42.03,59.89,-20.81,51.6,32.04,0.8119,LOW,-,71.8125,69.0488,60.2307,1,67.6945,TREND+LEAD,21.1194
518,-29,LIVN,LIVANOVA PLC,Health Care,,mid,73.71,1.3125,1.0381,1.085,0.9993,FLAT,36.78,68.83,21.74,-18.89,50.8,46.62,0.769,LOW,-,66.729,64.698,60.2905,1,74.9984,TREND+LEAD,21.105
519,-247,HAS,Hasbro,Consumer Discretionary,Leisure Products,large,88.6,1.0654,0.9349,0.9382,0.81,FLAT,18.41,37.05,51.8,-15.8,50.4,36.56,3.1006,HIGH,-,95.125,93.4152,84.9842,1,51.0699,TREND+LEAD,21.1048
520,-62,SWBI,SMITH WESSON BRANDS INC,Consumer Discretionary,,small,15.12,1.2998,1.0073,0.9763,1.1787,FLAT,84.83,67.2,3.66,-27.81,49.6,44.09,0.7803,LOW,-,15.062,14.7308,10.9988,1,75.5952,TREND+LEAD,21.1012
521,-27,Q,Qnity Electronics,Information Technology,Semiconductor Materials & Equipment,large,153.04,1.2502,0.9412,1.0545,1.2519,STRONG_DOWN,94.04,60.81,60.81,-27.12,56.74,58.57,,LOW,-,148.5755,132.1188,,0,58.9123,WEAK,21.097
522,-69,CRC,CALIFORNIA RESOURCES CORP,Energy,,mid,61.87,1.171,1.0436,0.9182,0.9754,FLAT,30.91,50.63,37.39,-24.04,54.0,40.59,0.3891,LOW,-,63.6925,64.6289,53.5229,1,67.3615,TREND+LEAD,21.0842
523,78,IQV,IQVIA,Health Care,Life Sciences Tools & Services,large,171.5,0.9711,1.0142,0.9392,0.9605,FLAT,-21.07,24.92,-25.23,-35.87,50.0,40.71,1.0744,MED,SHIFT,168.402,169.3218,196.2217,0,30.6044,WEAK,21.0686
524,-32,NEOG,NEOGEN CORP,Health Care,,mid,8.83,1.1036,1.0572,0.8899,0.7229,STRONG_UP,49.16,41.96,-33.96,-27.71,52.8,48.93,1.2541,MED,-,8.9885,9.1832,7.7329,1,45.2803,TREND+LEAD,21.0649
525,63,AMGN,Amgen,Health Care,Biotechnology,large,331.57,0.9785,1.0029,0.9266,0.8269,STRONG_UP,-1.51,25.87,11.98,-16.57,52.4,22.97,1.461,MED,-,332.1838,342.8473,321.9927,1,59.0162,TREND_ONLY,21.0587
526,87,NXPI,NXP Semiconductors,Information Technology,Semiconductors,large,310.15,1.1965,1.0642,1.3182,1.245,FLAT,66.05,53.91,17.2,-24.58,49.6,62.84,1.2733,MED,-,284.129,234.0473,223.7191,1,42.5546,TREND+LEAD,21.0546
527,125,REZI,RESIDEO TECHNOLOGIES INC,Industrials,,mid,28.93,1.1223,0.9707,0.6842,0.7308,FLAT,-1.97,44.36,32.65,-39.8,53.6,64.74,1.0676,MED,EARLY,36.599,36.2084,36.2994,0,36.7279,WEAK,20.999
528,-58,RTX,RTX Corporation,Industrials,Aerospace & Defense,large,174.85,1.0243,1.0046,0.9273,0.7914,STRONG_UP,0.8,31.75,71.31,-19.32,54.8,26.95,0.6698,LOW,EARLY,175.4305,188.7388,179.4022,0,64.5678,WEAK,20.9849
529,-54,MSTR,MicroStrategy,Technology,Computer Software,large,165.81,0.3201,0.8951,0.887,1.1736,FLAT,-19.82,-58.82,0.16,-76.53,44.4,69.57,0.5208,LOW,-,176.2005,153.8624,214.7033,0,-37.5421,WEAK,20.9811
530,-86,MO,Altria,Consumer Staples,Tobacco,large,73.33,1.0264,1.0222,1.0794,1.0235,FLAT,28.81,32.02,83.19,-16.4,55.2,25.14,0.8344,LOW,-,70.6675,67.5255,62.5637,1,70.3171,TREND+LEAD,20.9732
531,-82,SRRK,SCHOLAR ROCK HOLDING CORP,Health Care,,mid,48.38,1.2243,0.9523,0.9808,0.9349,FLAT,21.54,57.49,294.3,-34.86,48.8,55.74,0.6,LOW,-,47.6742,46.7721,40.7668,1,50.3295,TREND+LEAD,20.9177
532,15,DHT,DHT HOLDINGS INC,Energy,,mid,18.32,1.2642,1.0359,0.9908,0.9738,STRONG_UP,37.8,62.61,63.08,-15.22,50.8,42.65,0.7017,LOW,-,18.3665,18.0282,14.2399,1,74.5763,TREND+LEAD,20.9157
533,-4,ABCB,AMERIS BANCORP,Financials,,mid,84.78,1.0815,1.0227,0.9701,0.9417,STRONG_UP,18.9,39.12,74.67,-13.85,49.6,25.2,0.5282,LOW,-,84.8175,81.3029,76.848,1,76.9884,TREND+LEAD,20.8846
534,-107,EL,Estée Lauder Companies (The),Consumer Staples,Personal Care Products,large,78.2,0.9702,0.9765,0.9787,0.637,FLAT,-10.58,24.8,-38.79,-43.62,52.0,50.26,0.5252,LOW,EARLY,80.3955,78.2846,93.2169,0,25.6558,WEAK,20.8785
535,46,FISI,FINANCIAL INSTITUTIONS INC,Financials,,small,35.1,1.1009,1.0344,0.9856,0.9752,STRONG_UP,26.5,41.62,105.55,-13.72,48.8,24.2,0.8292,LOW,-,34.5345,33.2042,30.1702,1,83.9213,TREND+LEAD,20.8645
536,-38,LIND,LINDBLAD EXPEDITIONS HOLDINGS INC,Consumer Discretionary,,small,19.19,1.4993,1.0005,1.0045,0.8537,FLAT,65.29,92.86,138.68,-23.67,52.8,63.11,0.8822,LOW,-,19.1095,18.542,15.4956,1,77.6935,TREND+LEAD,20.8549
537,-28,GNL,GLOBAL NET LEASE INC,Real Estate,,mid,9.44,1.0523,1.0357,0.9625,0.9189,STRONG_UP,24.06,35.36,51.55,-10.5,48.0,20.71,0.6228,LOW,-,9.306,9.3115,8.3714,1,81.9632,TREND+LEAD,20.8477
538,153,SYF,Synchrony Financial,Financials,Consumer Finance,large,72.05,0.9949,1.0205,0.8821,0.9146,FLAT,1.99,27.97,66.7,-27.61,54.0,33.06,1.4968,MED,-,73.3458,71.0112,73.6926,0,45.6936,WEAK,20.8346
539,-34,AZZ,AZZ INC,Industrials,,mid,137.01,1.1879,0.9383,0.9759,0.9435,FLAT,39.27,52.8,65.4,-18.16,50.8,35.83,0.7685,LOW,-,143.313,134.3614,118.3988,1,74.8622,TREND+LEAD,20.8257
540,-37,GL,Globe Life,Financials,Life & Health Insurance,large,154.46,1.0075,1.0093,0.9798,0.9946,FLAT,17.65,29.6,88.7,-10.87,54.8,20.13,0.912,LOW,-,153.4245,146.9402,140.521,1,80.5753,TREND+LEAD,20.8165
541,185,TCBK,TRICO BANCSHARES,Financials,,small,50.6,1.0148,1.0309,0.9836,0.9369,STRONG_UP,14.46,30.53,39.11,-12.37,52.4,21.78,1.0446,MED,-,50.147,49.0324,46.7422,1,73.4537,TREND+LEAD,20.8109
542,-97,SOC,SABLE OFFSHORE CORP CLASS A,Energy,,mid,15.05,0.3617,1.1048,0.9843,1.5597,FLAT,227.17,-53.48,14.54,-87.49,46.4,112.15,0.3487,LOW,-,13.9725,14.8392,14.0602,1,-22.1254,TREND_ONLY,20.7648
543,6,SXI,STANDEX INTERNATIONAL CORP,Industrials,,mid,253.92,1.3065,0.9888,0.8807,0.9149,FLAT,12.56,68.06,48.99,-12.72,52.4,43.34,0.6076,LOW,-,259.7068,260.976,237.0078,1,82.292,TREND+LEAD,20.7636
544,112,GCT,GIGACLOUD TECHNOLOGY INC CLASS A,Consumer Discretionary,,small,37.34,1.6163,1.017,0.75,0.9887,FLAT,18.77,107.91,18.73,-30.83,50.4,93.28,1.4022,MED,-,41.4445,43.2464,36.335,1,58.3028,TREND+LEAD,20.7622
545,81,IVT,INVENTRUST PROPERTIES CORP,Real Estate,,mid,32.48,0.9554,1.0467,0.9684,0.9929,FLAT,18.14,22.89,40.83,-8.63,50.4,15.71,2.0158,HIGH,-,31.901,31.4998,29.2064,1,73.4376,TREND_ONLY,20.7593
546,-45,EXPD,Expeditors International,Industrials,Air Freight & Logistics,large,158.42,1.0986,1.0409,1.024,0.9401,STRONG_UP,13.83,41.31,37.87,-15.88,54.0,34.32,0.5394,LOW,-,151.845,147.4282,139.9595,1,65.006,TREND+LEAD,20.7526
547,63,TDY,Teledyne Technologies,Information Technology,Electronic Equipment & Instruments,large,614.2,0.976,0.9708,0.8974,0.8519,STRONG_UP,21.82,25.54,50.58,-18.39,53.2,25.4,1.0733,MED,-,633.72,633.6438,580.8527,1,53.5021,TREND_ONLY,20.6906
548,-127,NSC,Norfolk Southern,Industrials,Rail Transportation,large,311.84,1.0314,0.9909,1.0073,0.9186,FLAT,12.05,32.67,44.55,-12.47,54.0,23.05,0.6961,LOW,-,314.5627,299.7289,290.8878,1,76.5267,TREND+LEAD,20.6676
549,35,CCNE,CNB FINANCIAL CORP,Financials,,small,30.52,1.1054,1.0137,0.969,0.9504,STRONG_UP,28.88,42.2,59.95,-13.55,49.2,25.15,0.7246,LOW,-,30.502,29.7066,26.8112,1,82.5479,TREND+LEAD,20.5923
550,87,WERN,WERNER ENTERPRISES INC,Industrials,,small,39.97,1.2072,1.086,1.1541,1.051,FLAT,69.73,55.28,14.21,-28.28,51.2,46.42,1.1112,MED,-,35.894,32.3044,30.0156,1,60.9768,TREND+LEAD,20.5845
551,65,EBC,EASTERN BANKSHARES INC,Financials,,mid,19.84,1.0662,1.0301,0.94,0.8649,STRONG_UP,15.67,37.15,48.58,-15.04,50.4,25.46,0.9863,LOW,-,19.841,19.7918,18.6874,1,73.5346,TREND+LEAD,20.5844
552,-34,FER,Ferrovial,Industrials,"Military, Government, Technical",large,67.41,1.0237,1.0095,0.934,0.8678,STRONG_UP,8.8,31.68,71.6,-17.13,50.4,31.68,1.2692,MED,-,67.9842,66.8646,63.5846,1,50.3995,TREND+LEAD,20.5626
553,11,CTRI,CENTURI HOLDINGS INC,Industrials,,mid,29.51,1.2475,0.9176,0.8465,0.8594,FLAT,47.7,60.47,8.53,-30.72,52.4,58.42,0.6309,LOW,-,34.6035,32.4676,26.1738,1,54.2366,TREND+LEAD,20.5463
554,159,CTBI,COMMUNITY TRUST BANCORP INC,Financials,,small,66.29,1.0419,1.0372,0.9849,0.976,STRONG_UP,27.81,34.02,65.05,-12.48,51.6,24.39,1.1079,MED,-,65.3795,63.2758,58.2097,1,71.9738,TREND+LEAD,20.5428
555,-35,STAA,STAAR SURGICAL,Health Care,,small,33.05,1.3926,1.0421,1.2787,1.7261,STRONG_DOWN,28.75,79.13,-22.25,-43.65,50.8,65.56,0.4856,LOW,-,28.3415,23.9306,24.1702,1,61.317,TREND+LEAD,20.5361
556,26,IRM,Iron Mountain,Real Estate,Other Specialized REITs,large,125.81,1.0532,0.994,1.0297,1.0667,STRONG_DOWN,43.55,35.48,61.81,-25.15,54.4,34.92,0.4277,LOW,-,124.0625,113.9376,98.8972,1,55.2661,TREND+LEAD,20.5192
557,-31,OPLN,OPENLANE INC,Industrials,,mid,35.28,1.2399,0.9966,1.0685,1.143,STRONG_DOWN,39.12,59.49,102.76,-17.32,51.6,38.77,0.8212,LOW,-,34.2235,31.049,28.8854,1,79.1817,TREND+LEAD,20.5077
558,-46,XYZ,"Block, Inc.",Financials,Transaction & Payment Processing Services,large,70.89,0.9941,1.0003,0.9382,1.2355,FLAT,22.99,27.87,-0.87,-39.48,51.6,53.82,0.859,LOW,-,71.039,65.9734,67.8183,1,26.7185,TREND_ONLY,20.4869
559,-87,OXY,Occidental Petroleum,Energy,Oil & Gas Exploration & Production,large,58.87,1.1368,1.0454,0.9901,1.0583,FLAT,39.92,46.23,-3.38,-19.94,52.4,40.2,0.6701,LOW,-,57.795,58.8182,47.7056,1,60.2619,TREND+LEAD,20.4636
560,3,CATY,CATHAY GENERAL BANCORP,Financials,,mid,57.2,1.0477,1.026,1.0205,0.9987,STRONG_UP,26.99,34.77,62.93,-12.33,52.8,23.89,0.8824,LOW,-,56.2255,52.8678,49.6612,1,76.8495,TREND+LEAD,20.4624
561,112,GKOS,GLAUKOS CORP,Health Care,,mid,143.82,1.1791,1.0212,1.1343,1.1092,FLAT,56.94,51.68,32.52,-29.92,49.2,58.12,1.1053,MED,-,133.9095,120.3332,104.876,1,43.7457,TREND+LEAD,20.4238
562,-110,SEZL,SEZZLE INC,Financials,,mid,104.93,0.8231,1.0239,1.1846,1.5511,STRONG_DOWN,103.08,5.87,721.16,-72.02,51.2,110.48,0.7898,LOW,-,91.6935,78.0822,75.8014,1,2.7214,TREND_ONLY,20.4172
563,23,NWE,NORTHWESTERN ENERGY GROUP INC,Utilities,,mid,71.54,1.0502,1.0074,0.9885,0.9724,STRONG_UP,10.86,35.09,48.7,-10.09,56.8,25.0,0.7865,LOW,-,71.602,69.6333,63.8783,1,79.7221,TREND+LEAD,20.4118
564,31,IDYA,IDEAYA BIOSCIENCES INC,Health Care,,mid,29.65,1.2037,1.0377,0.8983,0.86,STRONG_UP,-12.04,54.83,-27.68,-25.91,50.0,45.25,0.621,LOW,PROGRESS,28.839,30.943,30.7095,0,60.586,WEAK,20.3486
565,3,ADPT,ADAPTIVE BIOTECHNOLOGIES CORP,Health Care,,mid,13.96,1.1939,1.0691,0.9433,0.8519,STRONG_UP,1.53,53.58,300.0,-39.35,51.2,67.95,0.9911,LOW,SHIFT,13.763,13.7954,15.1005,0,40.3688,WEAK,20.3446
566,100,TRMK,TRUSTMARK CORP,Financials,,mid,44.26,1.0097,1.0209,0.9539,0.9232,STRONG_UP,20.07,29.88,53.11,-10.67,48.4,21.41,1.3343,MED,-,44.368,43.4736,40.7013,1,67.5403,TREND+LEAD,20.3126
567,-25,IOVA,IOVANCE BIOTHERAPEUTICS INC,Health Care,,small,3.54,1.5637,1.0151,0.9622,1.1441,FLAT,45.08,101.14,-65.7,-54.41,46.0,105.74,0.4798,LOW,-,3.5585,3.652,2.8092,1,43.9973,TREND+LEAD,20.2914
568,101,GRMN,Garmin,Consumer Discretionary,Consumer Electronics,large,237.47,0.9348,1.0224,0.8547,0.8884,FLAT,26.1,20.24,43.64,-27.97,56.8,30.86,1.1485,MED,-,241.731,244.0952,227.2133,1,37.2608,TREND_ONLY,20.2891
569,39,KWR,QUAKER HOUGHTON CORP,Materials,,mid,140.3,1.0633,0.9931,0.9804,0.749,STRONG_UP,11.65,36.77,-26.0,-36.46,47.6,43.88,0.6354,LOW,-,139.848,131.2347,138.6129,1,39.8914,TREND+LEAD,20.2854
570,-51,TPH,TRI POINTE HOMES INC,Consumer Discretionary,,mid,46.95,1.209,1.0093,0.9634,1.1908,FLAT,45.85,55.52,20.51,-17.47,50.61,53.66,3.3933,HIGH,-,46.8875,46.7082,37.5656,1,52.3596,TREND+LEAD,20.2852
571,-23,VTOL,BRISTOW GROUP INC,Energy,,small,43.14,1.1569,1.0247,0.8922,0.8635,STRONG_UP,16.46,48.81,14.64,-16.41,54.4,34.31,0.6162,LOW,-,45.2972,45.9555,40.9401,1,77.3908,TREND+LEAD,20.2495
572,35,COMP,COMPASS INC CLASS A,Real Estate,,mid,8.34,1.1179,1.0862,1.0116,0.7511,STRONG_UP,-10.8,43.79,93.95,-50.81,46.8,88.88,0.9656,LOW,SHIFT,7.996,7.7858,9.2367,0,23.0594,WEAK,20.2482
573,-4,ETR,Entergy,Utilities,Electric Utilities,large,111.93,1.0808,1.0007,0.9775,1.0035,FLAT,19.95,39.03,107.6,-7.1,53.6,24.71,0.7238,LOW,-,113.1006,110.7772,97.7342,1,84.6563,TREND+LEAD,20.217
574,45,TFC,Truist Financial,Financials,Diversified Banks,large,48.0,0.9971,1.028,0.9135,0.86,STRONG_UP,10.5,28.26,33.17,-20.67,54.0,26.63,0.564,LOW,-,48.9526,47.5106,46.5113,1,57.2979,TREND_ONLY,20.1425
575,-116,ADTN,ADTRAN HOLDINGS INC,Information Technology,,small,14.47,1.3991,0.9558,0.8191,1.3328,FLAT,99.59,79.98,170.97,-31.67,53.2,64.67,0.4513,LOW,-,15.951,14.4082,10.4582,1,65.7906,TREND+LEAD,20.1096
576,56,DYN,DYNE THERAPEUTICS INC,Health Care,,mid,17.56,1.1608,0.9696,0.8566,1.0946,FLAT,-16.22,49.32,-46.18,-44.65,48.0,75.57,0.956,LOW,-,17.787,18.3128,17.0883,1,31.3265,TREND+LEAD,20.1038
577,0,TRS,TRIMAS CORP,Materials,,small,39.21,1.1936,0.9901,1.0408,0.9828,FLAT,24.14,53.54,44.68,-22.24,55.2,39.24,0.9958,LOW,-,39.0432,37.4868,36.3645,1,75.3121,TREND+LEAD,20.0489
578,-27,RDW,REDWIRE CORP,Industrials,,small,14.77,0.9959,1.0656,1.1879,1.7146,STRONG_DOWN,172.01,28.1,195.99,-75.4,49.6,111.38,2.0839,HIGH,-,10.9165,10.119,8.9907,1,12.5138,TREND_ONLY,20.0103
579,12,OMCL,OMNICELL INC,Health Care,,small,44.72,1.2716,1.0305,1.1707,1.0303,FLAT,29.92,63.57,40.14,-37.05,54.0,57.09,0.6131,LOW,-,42.548,38.0664,37.7835,1,60.1291,TREND+LEAD,20.0071
580,24,UNH,UnitedHealth Group,Health Care,Managed Health Care,large,383.3,1.0112,0.9694,1.0403,1.2355,STRONG_DOWN,24.01,30.08,-23.52,-28.96,51.2,34.18,0.9163,LOW,-,376.558,326.4724,319.6195,1,45.0544,TREND+LEAD,20.0045
581,-77,WLDN,WILLDAN GROUP INC,Industrials,,small,92.6,1.4046,1.0197,1.15,0.7218,FLAT,-2.23,80.68,188.38,-50.41,53.2,84.09,0.7329,LOW,-,81.8105,80.0776,98.7993,0,51.0445,WEAK,19.9311
582,30,TMP,TOMPKINS FINANCIAL CORP,Financials,,small,85.46,1.1081,1.0369,0.9881,0.9626,STRONG_UP,33.38,42.54,89.53,-13.03,51.2,27.71,0.7565,LOW,-,83.7791,80.7626,72.7644,1,78.6009,TREND+LEAD,19.8075
583,0,TARS,TARSUS PHARMACEUTICALS INC,Health Care,,mid,64.79,1.1662,1.0033,0.9793,0.9022,STRONG_UP,-15.82,50.01,71.27,-27.71,50.8,46.41,0.804,LOW,PROGRESS,62.679,66.1177,67.5172,0,54.7423,WEAK,19.7726
584,-12,BKH,BLACK HILLS CORP,Utilities,,mid,73.84,1.0258,1.0106,0.9861,0.9427,STRONG_UP,7.07,31.95,41.58,-10.45,57.2,24.18,0.6095,LOW,-,73.8224,72.2107,67.1923,1,75.5859,TREND+LEAD,19.7568
585,18,WTS,WATTS WATER TECHNOLOGIES INC CLASS,Industrials,,mid,299.15,0.9844,1.0019,0.955,0.8507,STRONG_UP,12.48,26.62,40.92,-15.45,50.8,21.63,1.0806,MED,-,297.7905,297.4398,288.2349,1,62.5255,TREND_ONLY,19.7546
586,-34,MD,PEDIATRIX MEDICAL GROUP INC,Health Care,,small,22.47,1.1515,0.9659,0.9435,1.1075,FLAT,-2.13,48.12,205.71,-23.65,54.8,36.46,0.6511,LOW,-,22.8365,21.8114,20.0815,1,72.3271,TREND+LEAD,19.7423
587,145,GTY,GETTY REALTY REIT CORP,Real Estate,,small,33.6,0.9789,1.0378,0.9707,0.9951,FLAT,20.9,25.92,35.38,-10.16,50.4,16.23,1.1075,MED,-,33.039,32.9446,29.1293,1,80.4773,TREND_ONLY,19.7351
588,-170,ZS,Zscaler,Technology,EDP Services,large,174.45,0.5453,1.1456,1.1733,1.0129,FLAT,-40.48,-29.86,-1.43,-64.89,50.8,68.24,0.7953,LOW,SHIFT,147.8895,143.3948,225.1685,0,-22.2294,WEAK,19.7088
589,-159,PRIM,PRIMORIS SERVICES CORP,Industrials,,mid,106.69,1.1165,0.9322,0.5964,0.5847,STRONG_UP,-9.79,43.61,105.14,-50.11,54.8,116.81,0.6263,LOW,EARLY,140.281,145.9673,136.1104,0,20.4611,WEAK,19.6629
590,33,CPF,CENTRAL PACIFIC FINANCIAL CORP,Financials,,small,34.96,1.0543,1.0324,0.984,0.9553,STRONG_UP,24.76,35.62,78.2,-12.3,52.0,23.6,0.5267,LOW,-,34.2095,33.1146,31.073,1,78.478,TREND+LEAD,19.6363
591,126,PCVX,VAXCYTE INC,Health Care,,mid,47.17,1.0795,0.8894,0.7443,0.7478,FLAT,-4.76,38.86,-35.95,-25.17,48.4,43.44,2.9239,HIGH,EARLY,54.925,56.8256,47.3222,0,43.2946,WEAK,19.6343
592,97,UVSP,UNIVEST FINANCIAL CORP,Financials,,small,39.0,1.0391,1.0326,1.0248,1.0315,FLAT,31.96,33.67,83.38,-14.01,49.2,23.36,1.3776,MED,-,38.1076,36.0811,32.6309,1,70.9079,TREND+LEAD,19.6102
593,18,TROX,TRONOX HOLDINGS PLC,Materials,,small,7.97,1.3211,0.942,0.7904,1.0934,FLAT,162.16,69.93,-54.69,-51.47,50.8,81.76,0.7816,LOW,-,9.1827,8.814,5.713,1,43.4521,TREND+LEAD,19.5949
594,49,LUV,Southwest Airlines,Industrials,Passenger Airlines,large,39.7,0.9914,1.0188,0.968,0.71,STRONG_UP,25.3,27.52,48.26,-33.49,50.0,47.79,0.8473,LOW,-,39.0845,39.4708,37.9792,1,28.7978,TREND_ONLY,19.5891
595,-70,NI,NiSource,Utilities,Multi-Utilities,large,47.02,0.966,1.0008,0.969,0.9465,STRONG_UP,10.63,24.26,70.42,-9.14,56.4,17.72,0.8971,LOW,-,47.4769,46.9748,43.5565,1,77.2257,TREND_ONLY,19.586
596,124,TSHA,TAYSHA GENE THERAPIES INC,Health Care,,small,5.49,1.4768,0.8796,0.7839,1.0835,FLAT,32.29,89.97,89.97,-31.13,49.6,84.99,1.1258,MED,-,6.3655,5.4419,4.5983,1,52.5036,TREND+LEAD,19.5826
597,-120,EOG,EOG Resources,Energy,Oil & Gas Exploration & Production,large,141.63,1.0238,1.0512,1.0217,1.0756,FLAT,31.51,31.69,17.29,-18.51,54.0,29.51,0.7265,LOW,-,137.011,137.1388,117.3739,1,57.9912,TREND+LEAD,19.5021
598,37,GNW,GENWORTH FINANCIAL INC,Financials,,mid,9.31,1.0399,1.0236,1.0162,0.9835,STRONG_UP,10.7,33.76,42.57,-14.07,49.2,24.09,0.7248,LOW,-,9.0345,8.629,8.6472,1,68.9584,TREND+LEAD,19.4758
599,-186,SHEN,SHENANDOAH TELECOMMUNICATIONS,Communication,,small,16.08,1.1353,1.0106,0.9156,1.1073,FLAT,59.84,46.03,-8.28,-36.32,53.2,42.06,0.9215,LOW,-,16.0645,15.493,13.1388,1,58.2226,TREND+LEAD,19.4622
600,86,MARA,MARA HOLDINGS INC,Information Technology,,mid,13.15,0.6454,0.9987,1.0656,1.5304,STRONG_DOWN,10.69,-16.98,-38.41,-70.53,46.8,75.73,1.087,MED,-,12.2415,10.5394,12.7234,1,-10.4948,TREND_ONLY,19.4601
601,0,BEAM,BEAM THERAPEUTICS INC,Health Care,,mid,27.11,1.2239,0.9266,0.8208,0.9114,FLAT,23.68,57.43,9.31,-38.15,47.2,72.9,0.9645,LOW,-,29.7703,27.7141,25.6387,1,37.1858,TREND+LEAD,19.4255
602,166,SBH,SALLY BEAUTY HOLDINGS INC,Consumer Discretionary,,small,12.58,1.1215,1.0733,0.7999,0.7343,STRONG_UP,-14.13,44.27,16.91,-30.47,52.0,43.32,1.0713,MED,-,13.3585,13.774,14.6978,0,53.1356,WEAK,19.4182
603,205,UMBF,UMB FINANCIAL CORP,Financials,,mid,130.18,1.0032,1.0328,1.0181,0.9555,STRONG_UP,25.92,29.04,56.78,-18.57,49.2,27.91,1.2544,MED,-,127.617,120.2258,117.8909,1,51.19,TREND+LEAD,19.4172
604,-143,PI,IMPINJ INC,Information Technology,,mid,137.18,0.9075,0.9573,1.0765,0.9947,FLAT,-5.3,16.73,-18.22,-62.24,49.2,70.99,0.8541,LOW,-,139.6345,117.7981,155.4093,0,11.5942,WEAK,19.3948
605,-30,BMY,Bristol Myers Squibb,Health Care,Pharmaceuticals,large,58.54,1.0167,1.0408,0.9552,0.9044,STRONG_UP,27.16,30.78,52.56,-13.68,49.2,24.35,0.4482,LOW,-,57.497,58.2091,51.801,1,62.1857,TREND+LEAD,19.3718
606,-61,UNF,UNIFIRST CORP,Industrials,,mid,264.33,1.12,1.0335,0.9762,1.032,FLAT,67.12,44.07,63.3,-21.06,49.6,34.92,0.824,LOW,-,257.286,259.6494,203.7461,1,62.5961,TREND+LEAD,19.3585
607,0,TCBI,TEXAS CAPITAL BANCSHARES INC,Financials,,mid,98.75,1.0611,1.0264,0.924,0.8722,STRONG_UP,17.81,36.49,61.75,-14.21,55.6,29.96,0.6189,LOW,-,99.259,97.8958,92.3726,1,67.7171,TREND+LEAD,19.3575
608,-58,GILD,Gilead Sciences,Health Care,Biotechnology,large,130.69,0.9683,0.9989,0.9435,0.8052,STRONG_UP,4.03,24.55,106.87,-17.54,52.4,21.68,0.907,LOW,-,131.7125,136.3527,127.1008,1,59.336,TREND_ONLY,19.3549
609,12,AMAL,AMALGAMATED FINANCIAL CORP,Financials,,small,40.91,1.0677,1.0216,0.9316,0.9421,FLAT,52.69,37.35,65.58,-24.41,50.8,27.24,0.6929,LOW,-,40.804,40.1173,33.5229,1,69.6449,TREND+LEAD,19.3215
610,194,UAL,United Airlines Holdings,Industrials,Passenger Airlines,large,98.02,1.0392,1.0304,1.0255,0.8044,STRONG_UP,6.64,33.67,84.84,-27.5,49.2,58.19,1.1598,MED,SHIFT,93.874,93.3884,101.1039,0,28.4679,WEAK,19.3203
611,-37,LNT,Alliant Energy,Utilities,Electric Utilities,large,72.5,0.9397,1.01,0.9876,0.9541,STRONG_UP,8.15,20.88,48.36,-7.01,55.2,16.63,1.1083,MED,-,72.3716,71.6696,67.2576,1,69.2924,TREND_ONLY,19.298
612,-81,LQDT,LIQUIDITY SERVICES INC,Industrials,,small,34.45,1.0738,1.0429,0.9598,1.0033,FLAT,52.57,38.13,77.39,-21.53,55.6,29.54,0.8404,LOW,-,34.969,32.6128,29.3331,1,71.7709,TREND+LEAD,19.2318
613,81,FRT,Federal Realty Investment Trust,Real Estate,Retail REITs,mid,116.06,1.0054,1.0292,1.0111,1.0127,FLAT,22.62,29.32,24.93,-6.96,50.4,17.78,0.5511,LOW,-,113.936,109.4086,100.9244,1,83.1182,TREND+LEAD,19.1996
614,186,NMRK,NEWMARK GROUP INC CLASS A,Real Estate,,mid,14.46,1.104,0.9868,0.8415,0.8936,FLAT,-5.97,42.01,40.55,-29.08,50.4,38.79,0.8373,LOW,EARLY,15.7229,15.275,16.6694,0,54.5788,WEAK,19.1806
615,26,SMBC,SOUTHERN MISSOURI BANCORP INC,Financials,,small,68.57,1.0187,1.0279,1.0057,0.9748,STRONG_UP,30.43,31.03,66.3,-17.68,51.2,22.6,0.8489,LOW,-,68.0092,65.628,59.215,1,70.3079,TREND+LEAD,19.1103
616,126,CURB,CURBLINE PROPERTIES,Real Estate,,mid,28.41,1.018,1.0293,0.9945,0.9732,STRONG_UP,23.66,30.94,49.93,-9.54,52.0,21.93,0.5984,LOW,-,27.835,27.0881,24.3474,1,73.3745,TREND+LEAD,19.0626
617,-107,NEXT,NEXTDECADE CORP,Energy,,mid,8.71,0.934,0.9856,1.1158,1.4743,STRONG_DOWN,45.53,20.14,9.84,-60.0,48.0,74.06,0.5829,LOW,-,8.0595,7.5894,6.8332,1,13.0519,TREND_ONLY,19.0538
618,-75,PCT,PURECYCLE TECHNOLOGIES INC,Materials,,small,11.86,1.1327,0.9662,1.5849,1.2237,FLAT,37.91,45.7,124.62,-70.09,48.0,97.73,0.8287,LOW,-,9.227,7.207,9.9832,1,22.4456,TREND+LEAD,19.0529
619,35,PH,Parker Hannifin,Industrials,Industrial Machinery & Supplies & Components,large,859.44,1.0184,0.9853,0.8659,0.7816,STRONG_UP,5.59,31.0,60.16,-16.47,54.0,30.69,0.7529,LOW,-,898.0815,916.3909,858.7546,1,54.5394,TREND+LEAD,19.0439
620,31,LC,LENDINGCLUB CORP,Financials,,small,15.88,1.2495,1.0106,0.8569,0.9059,FLAT,-0.69,60.73,70.57,-38.28,51.2,53.11,0.4284,LOW,-,16.5005,15.592,16.8645,0,58.5448,WEAK,19.0079
621,-81,EXTR,EXTREME NETWORKS INC,Information Technology,,mid,23.48,1.148,0.9591,1.2815,1.5501,STRONG_DOWN,40.35,47.67,105.24,-39.87,52.8,67.93,0.628,LOW,-,22.1625,18.4718,18.1467,1,37.0548,TREND+LEAD,18.9816
622,25,RYAM,RAYONIER ADVANCED MATERIALS INC,Materials,,small,8.49,1.6625,0.9224,0.8593,1.0148,FLAT,52.97,113.85,66.8,-28.4,50.0,110.1,1.0069,MED,-,9.3045,9.9752,7.6461,1,51.7048,TREND+LEAD,18.9764
623,-90,MNST,Monster Beverage,Consumer Staples,Soft Drinks & Non-alcoholic Beverages,large,86.88,1.0704,1.0218,1.0976,0.9621,FLAT,19.18,37.69,62.76,-17.7,55.6,37.19,0.7628,LOW,-,81.2135,77.286,73.4587,1,56.3418,TREND+LEAD,18.9496
624,121,BFC,BANK FIRST CORP,Financials,,small,143.05,0.9754,1.0043,0.9875,0.9316,STRONG_UP,19.2,25.47,81.84,-14.17,50.8,21.99,1.7346,HIGH,-,144.3695,139.8884,131.6327,1,58.8486,TREND_ONLY,18.935
625,-27,LILAK,LIBERTY LATIN AMERICA LTD CLASS C,Communication,,small,7.68,1.187,1.0028,0.8598,0.8795,FLAT,-7.13,52.68,-11.32,-22.55,52.8,37.69,0.8493,LOW,-,8.031,8.2138,8.072,0,73.805,WEAK,18.9088
626,37,HTB,HOMETRUST BANCSHARES INC,Financials,,small,46.55,1.0383,1.0234,1.0034,0.9881,STRONG_UP,19.01,33.56,65.37,-9.67,52.0,22.65,0.598,LOW,-,45.6668,44.2153,42.1232,1,77.0585,TREND+LEAD,18.9
627,198,TJX,TJX Companies,Consumer Discretionary,Apparel Retail,large,159.21,0.9561,1.0906,0.9671,0.9364,STRONG_UP,10.03,22.99,67.08,-10.89,50.0,22.54,1.8623,HIGH,-,153.3075,156.0567,148.8459,1,51.0025,TREND_ONLY,18.8633
628,-35,LXP,LXP INDUSTRIAL TRUST,Real Estate,,mid,52.22,1.0429,1.0248,1.014,1.018,FLAT,16.15,34.15,34.42,-11.01,52.0,23.71,0.5005,LOW,-,51.356,49.2299,46.8509,1,74.8946,TREND+LEAD,18.8447
629,39,HE,HAWAIIAN ELECTRIC INDUSTRIES INC,Utilities,,mid,13.75,1.0094,1.025,0.8697,0.8042,STRONG_UP,20.61,29.84,23.65,-22.54,53.2,30.23,0.6595,LOW,-,14.5345,14.8352,13.2861,1,52.5127,TREND+LEAD,18.8243
630,-15,RYTM,RHYTHM PHARMACEUTICALS INC,Health Care,,mid,90.64,1.1291,0.9771,1.021,0.8426,FLAT,-9.82,45.23,,-35.54,50.8,54.15,,LOW,SHIFT,88.587,87.1289,98.6652,0,42.4348,WEAK,18.7541
631,-253,KMI,Kinder Morgan,Energy,Oil & Gas Storage & Transportation,large,33.59,0.99,1.0151,1.0225,0.9607,FLAT,26.35,27.35,85.63,-11.11,53.6,19.89,,LOW,-,32.3447,32.5109,28.7642,1,73.7,TREND_ONLY,18.7465
632,-40,GLDD,GREAT LAKES DREDGE AND DOCK CORP,Industrials,,small,17.0,1.2169,1.0111,0.9623,1.2019,FLAT,42.74,56.54,78.95,-14.74,49.07,36.8,0.0,LOW,-,16.9545,16.4526,13.1936,1,75.3888,TREND+LEAD,18.6683
633,-89,SMR,NUSCALE POWER CORP CLASS A,Industrials,,mid,10.39,0.3384,0.8696,0.7346,0.7171,STRONG_UP,-51.76,-56.47,40.41,-82.86,44.8,93.66,0.6913,LOW,EARLY,11.962,11.4798,23.3242,0,-27.0123,WEAK,18.6099
634,49,JXN,JACKSON FINANCIAL INC CLASS A,Financials,,mid,110.9,1.0966,1.0055,0.9497,0.8974,STRONG_UP,23.31,41.06,52.32,-16.31,56.0,38.21,0.4361,LOW,-,111.963,108.044,103.4175,1,60.1702,TREND+LEAD,18.5861
635,-68,PSKY,Paramount Skydance Corporation,Communication Services,Movies & Entertainment,large,10.13,0.6729,1.0113,0.8237,0.8819,FLAT,-36.47,-13.44,-13.36,-55.05,45.6,68.43,0.9092,LOW,EARLY,10.574,10.2754,13.2382,0,-8.9563,WEAK,18.5679
636,143,KIM,Kimco Realty,Real Estate,Retail REITs,large,23.81,0.9414,1.0368,0.9692,0.9638,STRONG_UP,20.55,21.1,37.19,-12.7,50.8,16.54,0.4661,LOW,-,23.5265,23.1962,21.5206,1,64.7928,TREND_ONLY,18.5678
637,150,BUSE,FIRST BUSEY CORP,Financials,,mid,26.79,0.9928,1.034,0.987,0.9495,STRONG_UP,22.29,27.7,23.67,-11.82,48.8,21.77,1.1175,MED,-,26.314,25.7322,24.1834,1,62.096,TREND_ONLY,18.564
638,87,IVR,INVESCO MORTGAGE CAPITAL REIT INC,Financials,,small,7.9,1.0071,0.9869,0.921,0.8843,STRONG_UP,14.3,29.54,,-16.54,50.0,25.46,1.4421,MED,-,8.1151,8.0301,7.5114,1,58.0168,TREND+LEAD,18.5295
639,-33,BKV,BKV CORP,Energy,,mid,29.15,1.0659,1.0291,0.9957,0.8605,STRONG_UP,9.09,37.11,61.94,-19.71,53.6,36.37,0.7153,LOW,-,29.537,28.7798,26.2909,1,54.6934,TREND+LEAD,18.4825
640,-1,TMO,Thermo Fisher Scientific,Health Care,Life Sciences Tools & Services,large,451.79,0.8851,1.0174,0.8434,0.821,STRONG_UP,-21.43,13.85,-22.94,-31.38,51.2,32.55,1.1378,MED,EARLY,460.8475,480.819,526.0755,0,21.7898,WEAK,18.4774
641,71,SPXC,SPX TECHNOLOGIES INC,Industrials,,mid,205.55,1.0502,1.0195,0.8939,0.7869,STRONG_UP,0.58,35.09,42.44,-23.15,52.0,46.41,1.2201,MED,-,208.3045,207.2326,205.5105,1,39.3144,TREND+LEAD,18.4682
642,-59,MGY,MAGNOLIA OIL GAS CORP CLASS A,Energy,,mid,29.76,1.0844,1.0426,0.9803,1.0242,FLAT,32.73,39.48,22.29,-15.34,54.0,32.32,0.6228,LOW,-,29.3025,29.6591,25.1119,1,65.9701,TREND+LEAD,18.4446
643,57,AMTB,AMERANT BANCORP INC CLASS A,Financials,,small,22.5,1.0325,1.0067,0.9168,0.9275,FLAT,32.64,32.81,1.44,-22.86,51.2,25.38,0.9571,LOW,-,22.8153,22.5062,20.4871,1,66.1922,TREND+LEAD,18.4083
644,2,IBP,INSTALLED BUILDING PRODUCTS INC,Consumer Discretionary,,mid,215.93,1.1044,1.0029,0.6767,0.6204,STRONG_UP,-11.97,42.06,5.45,-40.64,49.6,74.78,0.8237,LOW,EARLY,252.0385,268.2249,271.0273,0,27.8955,WEAK,18.3918
645,-3,WS,WORTHINGTON STEEL INC,Materials,,small,39.16,1.1791,0.9721,1.0492,0.8283,FLAT,28.62,51.68,20.62,-42.0,53.2,59.33,0.5719,LOW,-,38.9415,35.1205,34.9479,1,46.336,TREND+LEAD,18.3653
646,63,ALGT,ALLEGIANT TRAVEL,Industrials,,small,77.09,1.1646,0.968,0.9171,0.6644,STRONG_UP,21.02,49.81,57.2,-39.13,46.4,67.33,1.3999,MED,-,77.108,80.3788,77.0233,1,34.3232,TREND+LEAD,18.3539
647,-87,VVX,V2X INC,Industrials,,mid,71.69,1.1838,1.0199,1.0401,0.9695,FLAT,37.36,52.27,52.4,-15.61,52.8,42.58,0.5669,LOW,-,69.425,68.8224,62.0036,1,64.8192,TREND+LEAD,18.3455
648,-75,AMR,ALPHA METALLURGICAL RESOURCE INC,Materials,,mid,174.6,1.1184,0.9687,0.803,0.9223,FLAT,8.12,43.86,-42.58,-34.85,50.8,54.17,0.5144,LOW,EARLY,186.669,194.4514,180.4225,0,41.1292,WEAK,18.3278
649,4,BFLY,BUTTERFLY NETWORK INC CLASS A,Health Care,,small,4.39,1.58,1.0807,0.7617,1.3664,FLAT,118.41,103.24,306.48,-49.43,48.4,131.84,0.768,LOW,-,4.5695,4.417,3.1746,1,37.9009,TREND+LEAD,18.3268
650,11,VIR,VIR BIOTECHNOLOGY INC,Health Care,,small,8.88,1.5307,0.986,0.7985,1.0895,FLAT,61.45,96.9,-13.03,-27.82,48.4,78.66,0.5434,LOW,-,9.6443,9.5646,7.0255,1,59.6206,TREND+LEAD,18.3237
651,-37,ZGN,ERMENEGILDO ZEGNA NV,Consumer Discretionary,,mid,13.38,1.2429,1.0651,1.068,1.0839,STRONG_DOWN,35.15,59.88,7.2,-21.88,47.2,46.78,0.9125,LOW,-,12.4115,11.3672,10.2389,1,60.413,TREND+LEAD,18.3223
652,-56,NTLA,INTELLIA THERAPEUTICS INC,Health Care,,small,12.26,1.036,0.9453,0.7099,0.8997,FLAT,44.75,33.26,-52.31,-71.27,52.0,77.8,0.8812,LOW,-,13.5047,13.5731,13.2162,0,22.2309,WEAK,18.3179
653,-95,LNTH,LANTHEUS HOLDINGS INC,Health Care,,mid,96.09,0.9943,1.0033,1.1124,1.2066,STRONG_DOWN,79.61,27.9,19.07,-40.22,52.8,38.62,0.7606,LOW,-,89.468,83.2644,66.4087,1,38.1417,TREND_ONLY,18.3005
654,4,ENSG,ENSIGN GROUP INC,Health Care,,large,178.26,0.9502,1.0037,0.9185,0.7852,STRONG_UP,-0.07,22.23,49.81,-21.48,49.2,21.54,0.8468,LOW,EARLY,180.22,192.8722,183.5037,0,50.7654,WEAK,18.2934
655,2,ANIP,ANI PHARMACEUTICALS INC,Health Care,,small,82.0,1.079,1.04,0.9817,0.978,STRONG_UP,1.15,38.79,32.88,-28.66,50.0,32.59,0.9151,LOW,-,80.3865,77.8842,83.6811,0,59.5196,WEAK,18.262
656,-57,RES,RPC INC,Energy,,small,7.07,1.2463,1.0079,0.9159,1.0814,FLAT,34.88,60.31,3.25,-20.83,51.2,46.19,0.6056,LOW,-,7.3755,7.0581,5.6739,1,66.8509,TREND+LEAD,18.2605
657,21,AUB,ATLANTIC UNION BANKSHARES CORP,Financials,,mid,37.68,1.0385,1.0323,0.9713,0.8598,STRONG_UP,21.0,33.59,20.78,-18.33,47.6,28.63,0.7738,LOW,-,37.4095,36.6496,35.6274,1,55.8467,TREND+LEAD,18.2508
658,70,DLTR,Dollar Tree,Consumer Staples,Consumer Staples Merchandise Retail,large,93.48,0.8173,1.0487,0.8796,0.6446,STRONG_UP,-7.96,5.13,-18.5,-38.53,49.6,38.85,1.1193,MED,EARLY,94.2845,101.5682,109.8665,0,6.5472,WEAK,18.238
659,121,CWK,CUSHMAN AND WAKEFIELD LTD,Real Estate,,mid,12.86,1.0502,1.0125,0.8486,0.8949,FLAT,-13.05,35.08,17.34,-31.4,50.4,38.65,0.6607,LOW,EARLY,13.7005,13.2022,14.9454,0,45.7499,WEAK,18.1929
660,220,CCL,Carnival,Consumer Discretionary,"Hotels, Resorts & Cruise Lines",large,26.03,0.928,1.049,0.9327,0.7594,STRONG_UP,2.14,19.38,62.41,-29.3,50.4,60.49,1.7017,HIGH,SHIFT,25.7636,25.9142,28.3323,0,16.1441,WEAK,18.1834
661,-150,ZETA,ZETA GLOBAL HOLDINGS CORP CLASS A,Information Technology,,mid,18.34,1.0851,1.1165,0.969,1.043,FLAT,5.77,39.57,0.55,-40.37,54.0,66.85,0.8182,LOW,SHIFT,17.5835,17.0418,18.528,0,31.9669,WEAK,18.1824
662,-28,SBUX,Starbucks,Consumer Discretionary,Restaurants,large,106.5,1.0241,1.0162,1.0328,1.0192,FLAT,29.38,31.73,44.15,-18.53,50.0,31.26,0.862,LOW,-,103.8473,98.4153,89.8373,1,50.7535,TREND+LEAD,18.1707
663,43,ODFL,Old Dominion,Industrials,Cargo Ground Transportation,large,209.83,1.0004,1.0653,0.9152,0.9678,FLAT,61.14,28.69,21.11,-26.06,52.8,42.73,0.7296,LOW,-,204.6845,200.4968,168.1457,1,35.4517,TREND+LEAD,18.1414
664,-84,NOC,Northrop Grumman,Industrials,Aerospace & Defense,large,552.17,0.9204,1.0158,0.8985,0.7101,STRONG_UP,-1.87,18.39,20.93,-29.6,51.2,28.09,0.8644,LOW,EARLY,561.4525,637.7942,617.4934,0,33.5169,WEAK,18.116
665,78,PECO,PHILLIPS EDISON AND COMPANY INC,Real Estate,,mid,39.99,0.9379,1.019,1.0061,0.953,STRONG_UP,16.96,20.64,34.7,-8.29,48.0,15.17,1.3149,MED,-,39.7086,38.5128,35.7153,1,65.3228,TREND_ONLY,18.1141
666,29,CMP,COMPASS MINERALS INTERNATIONAL INC,Materials,,small,29.49,1.1965,0.9876,1.0499,1.1755,STRONG_DOWN,72.56,53.91,121.9,-26.29,50.0,48.51,1.0707,MED,-,27.5675,25.3218,21.5339,1,55.5704,TREND+LEAD,18.0877
667,-37,D,Dominion Energy,Utilities,Multi-Utilities,large,67.73,0.9746,1.0856,1.0662,0.9626,STRONG_UP,12.65,25.36,37.8,-9.77,51.2,26.22,2.1714,HIGH,-,63.4415,62.6364,60.4119,1,49.5252,TREND_ONLY,18.0691
668,76,TILE,INTERFACE INC,Industrials,,small,28.75,1.1083,1.0168,0.9758,0.82,STRONG_UP,13.41,42.57,86.33,-29.88,48.0,39.15,0.9203,LOW,-,27.991,27.0387,28.1226,1,52.1875,TREND+LEAD,18.0574
669,-99,NEE,NextEra Energy,Utilities,Multi-Utilities,large,88.27,0.9877,0.9312,0.941,0.8943,FLAT,5.71,27.05,21.45,-9.82,54.4,27.23,1.5302,HIGH,-,94.308,92.949,83.9153,1,54.0504,TREND_ONLY,18.0293
670,-10,AESI,ATLAS ENERGY SOLUTIONS INC,Energy,,small,19.75,1.2424,1.0503,1.2281,1.5644,STRONG_DOWN,118.23,59.81,-13.56,-43.54,52.0,65.05,0.5846,LOW,-,18.13,15.0474,11.8229,1,47.8116,TREND+LEAD,18.0266
671,-125,ULTA,Ulta Beauty,Consumer Discretionary,Other Specialty Retail,large,493.12,0.9471,0.9989,0.839,0.6698,STRONG_UP,-2.81,21.83,29.15,-32.11,50.0,39.33,0.8554,LOW,EARLY,519.532,531.6692,567.1859,0,27.7565,WEAK,17.9844
672,-45,NUVL,NUVALENT INC CLASS A,Health Care,,mid,102.32,1.0799,0.9891,0.9019,0.9444,FLAT,-1.84,38.91,46.74,-15.79,50.4,31.3,0.6976,LOW,-,102.7595,102.0389,96.3826,1,62.6514,TREND+LEAD,17.9342
673,-160,BTDR,BITDEER TECHNOLOGIES GROUP CLASS A,Information Technology,,mid,13.28,0.6999,0.9087,1.0129,1.5833,STRONG_DOWN,24.0,-9.97,124.7,-71.89,50.4,89.98,0.8769,LOW,SHIFT,12.731,10.9439,13.3557,0,-5.5823,WEAK,17.9232
674,33,APLE,APPLE HOSPITALITY REIT INC,Real Estate,,mid,14.54,1.0561,1.0468,1.082,1.1133,STRONG_DOWN,30.86,35.85,15.09,-13.49,50.0,25.21,0.7722,LOW,-,13.6803,12.6487,11.8689,1,71.1076,TREND+LEAD,17.9207
675,39,TSLA,"Tesla, Inc.",Consumer Discretionary,Automobile Manufacturers,large,417.26,0.9694,0.95,1.0331,0.9398,FLAT,3.99,24.7,123.61,-29.93,52.4,40.98,0.7207,LOW,-,404.5665,387.5138,408.9516,1,31.579,TREND_ONLY,17.9195
676,82,DASH,DoorDash,Consumer Discretionary,Specialized Consumer Services,large,160.73,0.6102,1.0555,0.8461,0.8457,STRONG_UP,-24.21,-21.51,42.47,-47.97,49.6,49.31,1.6238,HIGH,EARLY,165.4065,163.8025,211.6289,0,-21.6335,WEAK,17.8984
677,-55,FOXA,Fox Corporation (Class A),Communication Services,Broadcasting,large,64.13,0.9128,0.9909,0.9385,1.0483,FLAT,-0.79,17.41,99.22,-28.89,56.0,29.13,0.6788,LOW,-,64.0835,61.7408,63.0001,1,33.475,TREND_ONLY,17.8926
678,26,DHI,D. R. Horton,Consumer Discretionary,Homebuilding,large,141.76,0.9323,1.0267,0.8464,0.8036,STRONG_UP,2.99,19.93,-3.01,-27.56,48.0,36.06,1.0309,MED,EARLY,147.0585,143.7459,153.16,0,26.5239,WEAK,17.8885
679,70,RLJ,RLJ LODGING TRUST REIT,Real Estate,,small,9.49,1.1185,1.0526,1.1526,1.0927,FLAT,34.18,43.87,7.1,-14.61,51.6,32.12,0.6958,LOW,-,8.647,8.0365,7.4258,1,70.4764,TREND+LEAD,17.7379
680,-9,O,Realty Income,Real Estate,Retail REITs,large,62.24,0.925,1.0139,0.9469,0.8841,STRONG_UP,11.49,18.98,26.2,-11.1,54.8,16.46,0.7991,LOW,-,62.6981,62.5497,59.2362,1,63.2029,TREND_ONLY,17.7341
681,-11,L,Loews Corporation,Financials,Multi-line Insurance,large,108.78,0.9664,1.0437,0.9433,0.9197,STRONG_UP,3.6,24.31,43.55,-7.89,55.2,19.34,0.6815,LOW,-,107.772,108.0788,103.9153,1,69.3782,TREND_ONLY,17.7128
682,-65,AVAV,AEROVIRONMENT INC,Industrials,,mid,163.87,0.7641,1.0008,0.7484,0.5744,STRONG_UP,-41.67,-1.72,-16.72,-61.45,49.6,68.4,0.4589,LOW,EARLY,175.637,188.5406,264.4079,0,-1.2439,WEAK,17.7078
683,-159,CF,CF Industries,Materials,Fertilizers & Agricultural Chemicals,large,123.3,1.0958,1.0162,0.97,1.1817,FLAT,53.41,40.96,64.18,-24.87,54.0,63.1,0.9318,LOW,-,123.5221,124.4682,95.3948,1,35.0505,TREND+LEAD,17.6957
684,71,FFBC,FIRST FINANCIAL BANCORP,Financials,,mid,30.46,1.0161,1.0211,1.006,0.939,STRONG_UP,31.88,30.7,40.78,-14.19,46.8,24.35,0.9865,LOW,-,30.226,28.9492,26.5163,1,59.0085,TREND+LEAD,17.6846
685,-120,SHOP,Shopify,Technology,Computer Software,large,105.01,0.7978,1.088,0.7635,0.7718,FLAT,-25.23,2.63,84.16,-46.71,50.0,62.79,0.7766,LOW,EARLY,111.653,117.4914,140.7551,0,2.0935,WEAK,17.6519
686,-61,UVE,UNIVERSAL INSURANCE HOLDINGS INC,Financials,,small,39.92,1.1982,1.0324,1.1277,1.2,STRONG_DOWN,20.23,54.12,113.4,-18.95,53.2,40.98,0.4859,LOW,-,39.3397,36.1498,31.165,1,70.2604,TREND+LEAD,17.6315
687,-56,CTRA,Coterra,Energy,Oil & Gas Exploration & Production,large,32.56,1.0596,0.9289,0.9331,0.9922,STRONG_DOWN,28.45,36.3,24.04,-15.51,56.02,34.82,0.0,LOW,-,33.3905,33.1493,27.214,1,58.395,TREND+LEAD,17.6295
688,48,DX,DYNEX CAPITAL REIT INC,Financials,,mid,12.87,0.9734,0.9909,0.9073,0.8779,STRONG_UP,2.69,25.21,37.97,-15.27,52.0,21.19,0.9961,LOW,-,13.342,13.0207,12.6292,1,61.874,TREND_ONLY,17.619
689,101,ADAM,ADAMAS INC TRUST,Financials,,small,8.89,1.2041,1.0059,1.077,1.0463,FLAT,35.92,54.89,88.51,-17.07,52.8,43.22,0.6614,LOW,-,8.5895,7.9564,7.2161,1,67.0589,TREND+LEAD,17.616
690,9,MCB,METROPOLITAN BANK HOLDING CORP,Financials,,small,90.86,1.0928,1.0367,0.9977,0.8981,STRONG_UP,32.8,40.56,106.99,-18.71,48.4,32.24,0.834,LOW,-,88.9093,86.0008,80.2191,1,60.8951,TREND+LEAD,17.6105
691,17,POR,PORTLAND GENERAL ELECTRIC,Utilities,,mid,49.71,0.9645,1.0401,0.9475,0.8884,STRONG_UP,4.05,24.06,20.25,-12.8,52.8,19.43,0.6573,LOW,-,49.499,51.1934,47.4942,1,65.3862,TREND_ONLY,17.5873
692,90,CTS,CTS CORP,Information Technology,,small,59.41,1.1306,0.9784,1.049,1.0261,FLAT,43.92,45.43,10.52,-20.31,53.2,37.91,0.5973,LOW,-,57.997,53.3262,46.7033,1,63.757,TREND+LEAD,17.5744
693,-69,LFST,LIFESTANCE HEALTH GROUP INC,Health Care,,mid,7.68,1.053,0.9825,1.0664,0.9963,FLAT,23.87,35.45,2.67,-37.46,48.4,60.99,0.789,LOW,-,7.624,6.959,6.3514,1,28.1319,TREND+LEAD,17.5412
694,-17,WAB,Wabtec,Industrials,Construction Machinery & Heavy Transportation Equipment,large,259.13,1.0082,0.9707,0.9507,0.9078,STRONG_UP,31.29,29.68,53.87,-13.29,51.6,29.11,0.5386,LOW,-,265.0205,256.9222,223.7908,1,52.6167,TREND+LEAD,17.5267
695,-33,CDP,COPT DEFENSE PROPERTIES,Real Estate,,mid,31.84,0.9583,1.0154,0.9631,0.9196,STRONG_UP,11.38,23.26,38.76,-10.71,49.2,16.76,0.8432,LOW,-,31.621,31.5582,29.6358,1,68.2935,TREND_ONLY,17.5111
696,-16,SRE,Sempra,Utilities,Multi-Utilities,large,91.46,0.9537,0.9941,0.9499,0.9132,STRONG_UP,1.28,22.67,24.07,-9.54,54.4,19.03,0.4019,LOW,-,92.7315,94.4347,89.2658,1,64.8135,TREND_ONLY,17.4721
697,84,CSTL,CASTLE BIOSCIENCES INC,Health Care,,small,20.03,0.972,1.0708,0.7657,0.636,STRONG_UP,-40.3,25.03,-19.62,-57.83,53.2,62.77,1.002,MED,-,21.884,23.6721,28.7025,0,21.2149,WEAK,17.4411
698,-31,DVA,DaVita,Health Care,Health Care Services,mid,196.87,1.0866,1.0318,1.2393,1.2115,FLAT,68.9,39.77,41.95,-31.36,49.2,53.52,0.5375,LOW,-,177.329,161.346,135.9624,1,36.5624,TREND+LEAD,17.4344
699,-94,LXU,LSB INDUSTRIES INC,Materials,,small,13.35,1.4515,0.9331,0.8877,1.2334,FLAT,44.32,86.71,37.35,-20.91,52.4,73.91,0.3037,LOW,-,14.4695,14.6424,10.4266,1,61.4772,TREND+LEAD,17.4135
700,-82,HIMS,HIMS HERS HEALTH INC CLASS A,Health Care,,mid,23.04,0.3088,0.9594,0.762,1.3673,FLAT,-36.46,-60.28,31.21,-78.06,44.0,123.53,0.4156,LOW,EARLY,26.3345,24.2912,35.2303,0,-21.4696,WEAK,17.3907
701,-72,TENB,TENABLE HOLDINGS INC,Information Technology,,mid,25.5,0.6185,1.2586,1.1894,1.188,STRONG_UP,-1.16,-20.44,-41.28,-54.77,46.4,62.86,1.9464,HIGH,-,21.4545,19.8296,24.68,1,-15.0854,TREND_ONLY,17.3758
702,-6,IDXX,Idexx Laboratories,Health Care,Health Care Equipment,large,553.58,0.8592,1.0486,0.9184,0.8078,STRONG_UP,-17.4,10.52,6.78,-31.04,50.8,31.43,1.0914,MED,EARLY,554.5885,567.488,640.8859,0,17.0093,WEAK,17.368
703,-27,ASTH,ASTRANA HEALTH INC,Health Care,,small,38.76,1.1962,0.999,1.1035,1.8103,STRONG_DOWN,81.29,53.87,-0.39,-46.41,55.2,72.76,0.6402,LOW,-,36.58,30.5758,27.3424,1,40.8694,TREND+LEAD,17.301
704,-30,CVNA,Carvana,Consumer Discretionary,Automotive Retail,large,64.91,0.8638,0.9423,0.7471,0.8943,FLAT,2.31,11.11,182.14,-41.21,53.2,55.73,0.6421,LOW,EARLY,74.8913,69.3424,73.8131,0,10.6085,WEAK,17.2639
705,24,GEN,Gen Digital,Information Technology,Systems Software,large,25.0,0.7179,1.0944,1.2064,1.0431,FLAT,-4.07,-7.65,3.6,-43.59,46.0,43.8,1.4058,MED,-,21.0922,20.1817,24.9255,1,-8.0358,TREND_ONLY,17.2582
706,111,VST,Vistra Corp.,Utilities,Electric Utilities,large,144.0,0.7399,1.0243,0.8869,0.7803,STRONG_UP,-17.21,-4.82,54.87,-38.01,49.6,48.24,1.6832,HIGH,EARLY,151.7785,154.8177,174.2701,0,-4.9587,WEAK,17.2579
707,-57,DAVE,DAVE INC CLASS A,Financials,,mid,243.8,0.9785,1.0494,0.8297,1.2812,FLAT,28.01,25.86,439.26,-44.67,52.4,65.43,0.5268,LOW,-,256.464,226.027,211.3482,1,20.7139,TREND_ONLY,17.2541
708,-10,CRSP,CRISPR THERAPEUTICS AG,Health Care,,mid,48.55,1.0204,0.9713,0.8256,0.8424,FLAT,-9.2,31.25,-11.34,-42.25,48.4,62.77,0.8727,LOW,EARLY,51.6568,50.9873,55.8002,0,24.0972,WEAK,17.1931
709,-173,WRBY,WARBY PARKER INC CLASS A,Consumer Discretionary,,mid,24.45,0.9485,0.8539,0.9544,0.9565,STRONG_DOWN,42.57,22.01,44.67,-42.26,48.8,90.93,1.734,HIGH,-,25.031,23.6858,24.0165,1,11.8101,TREND_ONLY,17.1776
710,56,LCII,LCI INDUSTRIES,Consumer Discretionary,,mid,109.85,1.0046,0.9728,0.8807,0.6969,STRONG_UP,5.14,29.22,8.32,-31.4,46.0,38.15,0.3624,LOW,EARLY,114.536,119.4233,115.313,0,35.2368,WEAK,17.1398
711,125,ALGN,Align Technology,Health Care,Health Care Supplies,large,163.38,0.7388,1.0273,0.7996,0.7975,STRONG_UP,23.51,-4.96,-38.12,-39.73,52.0,41.19,1.3,MED,-,170.7265,174.5246,157.2369,1,-6.2641,TREND_ONLY,17.1393
712,15,MRX,MAREX GROUP PLC,Financials,,mid,54.75,1.0005,0.9662,1.0521,1.2198,STRONG_DOWN,65.79,28.69,171.99,-38.5,49.6,48.91,0.6261,LOW,-,54.0319,47.7296,38.7042,1,29.0982,TREND+LEAD,17.0824
713,-69,ALNY,Alnylam Pharmaceuticals,Health Care,Biotechnology,large,298.48,0.7931,1.0266,0.9221,0.8235,STRONG_UP,-35.44,2.02,99.49,-42.01,53.6,34.43,0.696,LOW,PROGRESS,297.8785,311.111,389.5906,0,3.1393,WEAK,17.0783
714,185,XNCR,XENCOR INC,Health Care,,small,11.32,1.1702,0.9618,0.8452,0.9202,FLAT,-29.34,50.53,-52.38,-42.61,46.0,67.52,1.025,MED,-,12.2405,12.234,12.4595,0,34.4264,WEAK,17.0694
715,-23,PLTR,Palantir Technologies,Information Technology,Application Software,large,137.15,0.8842,1.0351,0.8622,0.9407,FLAT,-18.04,13.74,545.72,-38.19,55.6,49.68,0.6276,LOW,EARLY,137.944,143.26,163.0258,0,15.3794,WEAK,17.0666
716,-5,VCTR,VICTORY CAPITAL HOLDINGS CLASS A I,Financials,,mid,83.65,1.086,0.9602,1.0704,1.0338,FLAT,36.23,39.69,67.95,-18.13,52.0,38.13,0.7766,LOW,-,81.5003,73.6176,68.2467,1,54.1316,TREND+LEAD,17.0497
717,-89,MCRI,MONARCH CASINO AND RESORT INC,Consumer Discretionary,,small,116.16,1.1291,1.0031,0.9756,1.1331,FLAT,23.1,45.24,78.26,-17.47,52.4,37.25,0.8617,LOW,-,117.5745,106.1004,99.0803,1,63.6344,TREND+LEAD,17.0332
718,0,SNCY,SUN COUNTRY AIRLINES HOLDINGS INC,Industrials,,small,16.17,1.1284,0.994,0.8464,0.6912,STRONG_UP,28.23,45.15,59.31,-30.08,48.18,47.1,0.0,LOW,-,16.3715,16.5948,14.8561,1,46.1879,TREND+LEAD,17.0244
719,131,VC,VISTEON CORP,Consumer Discretionary,,mid,109.22,1.0217,0.9535,1.048,1.0947,STRONG_DOWN,8.35,31.43,-2.03,-33.97,46.0,40.54,0.5053,LOW,-,111.5345,99.5332,105.1273,1,35.6596,TREND+LEAD,17.0178
720,65,CNO,CNO FINANCIAL GROUP INC,Financials,,mid,47.23,0.9887,1.0102,1.0425,1.0178,FLAT,18.74,27.18,71.09,-11.03,56.8,22.21,0.6748,LOW,-,45.636,43.1182,41.0935,1,69.511,TREND_ONLY,16.9991
721,-213,HWKN,HAWKINS INC,Materials,,mid,155.11,0.9544,0.9999,0.9087,0.9821,FLAT,22.31,22.77,76.96,-34.79,54.4,36.42,0.7808,LOW,-,164.4615,154.7602,153.9136,1,34.0102,TREND_ONLY,16.9867
722,104,FULT,FULTON FINANCIAL CORP,Financials,,mid,21.41,1.0019,1.0286,0.9406,0.8953,STRONG_UP,26.51,28.88,34.99,-15.52,51.2,27.94,0.9524,LOW,-,21.352,20.8514,19.4282,1,52.9199,TREND+LEAD,16.9807
723,112,SEM,SELECT MEDICAL HOLDINGS CORP,Health Care,,mid,16.52,0.8864,1.013,0.9684,1.0291,FLAT,30.11,14.02,-7.49,-24.02,52.0,21.99,1.8412,HIGH,-,16.4083,16.3181,14.5811,1,33.1443,TREND_ONLY,16.952
724,-8,PLOW,DOUGLAS DYNAMICS INC,Industrials,,small,43.91,1.2765,0.9766,0.9215,0.9587,FLAT,50.68,64.2,86.12,-15.37,49.2,48.61,0.761,LOW,-,45.348,44.1101,36.4513,1,64.981,TREND+LEAD,16.9371
725,36,LOB,LIVE OAK BANCSHARES INC,Financials,,small,37.04,1.0755,1.033,0.9793,0.8411,STRONG_UP,23.52,38.35,4.55,-23.99,48.0,35.65,0.7515,LOW,-,37.0935,35.2876,35.4688,1,51.634,TREND+LEAD,16.8824
726,-246,HLX,HELIX ENERGY SOLUTIONS GROUP INC,Energy,,small,10.23,1.2848,1.0183,1.0193,1.0614,STRONG_DOWN,57.38,65.27,-13.08,-20.83,50.0,51.07,0.6971,LOW,-,10.066,9.7484,7.6929,1,63.8991,TREND+LEAD,16.8362
727,156,ABUS,ARBUTUS BIOPHARMA CORP,Health Care,,small,4.37,1.0717,1.014,0.9465,0.9493,FLAT,-1.8,37.85,36.14,-25.86,49.6,41.66,1.117,MED,-,4.2885,4.3652,4.3242,1,45.0697,TREND+LEAD,16.8334
728,82,ZWS,ZURN ELKAY WATER SOLUTIONS CORP,Industrials,,mid,47.82,1.0424,0.9717,0.8743,0.8723,STRONG_UP,6.52,34.08,48.84,-17.02,50.0,34.5,0.9148,LOW,-,50.4115,47.9394,47.2632,1,49.3946,TREND+LEAD,16.7591
729,23,HAFC,HANMI FINANCIAL CORP,Financials,,small,30.08,1.0576,1.0362,0.9852,1.0282,FLAT,18.36,36.04,101.61,-16.23,50.8,28.83,0.7007,LOW,-,29.8013,27.7964,26.2592,1,63.4985,TREND+LEAD,16.7381
730,59,GE,GE Aerospace,Industrials,Aerospace & Defense,large,300.17,1.0045,1.0392,1.0424,0.8124,FLAT,1.67,29.21,88.68,-20.85,54.4,41.86,0.7928,LOW,-,290.548,294.5036,299.3156,1,37.9614,TREND+LEAD,16.7338
731,4,CAKE,CHEESECAKE FACTORY INC,Consumer Discretionary,,mid,60.3,0.9104,1.0443,0.919,0.8888,STRONG_UP,35.36,17.11,67.51,-36.39,52.8,35.67,0.7044,LOW,-,60.4232,58.8309,56.0535,1,25.323,TREND_ONLY,16.7202
732,14,CEG,Constellation Energy,Utilities,Electric Utilities,large,281.26,0.7656,1.0329,0.9412,0.8874,STRONG_UP,-16.88,-1.52,28.07,-38.77,48.8,51.86,1.245,MED,EARLY,296.5585,293.8971,323.6375,0,-1.4327,WEAK,16.7034
733,-48,RAMP,LIVERAMP HOLDINGS INC,Information Technology,,small,37.73,1.0449,1.3073,1.2292,1.3649,FLAT,31.51,34.41,15.38,-34.44,53.2,65.34,4.1512,HIGH,-,30.74,28.6594,27.8022,1,28.0199,TREND+LEAD,16.6778
734,158,HGV,HILTON GRAND VACATIONS INC,Consumer Discretionary,,mid,48.77,0.9787,1.0973,1.0052,0.932,STRONG_UP,30.54,25.89,16.12,-28.48,50.8,47.64,1.2043,MED,-,46.2815,44.298,44.3126,1,27.6079,TREND_ONLY,16.6771
735,-80,AXON,Axon Enterprise,Industrials,Aerospace & Defense,large,398.44,0.4212,1.036,0.9483,0.8517,STRONG_UP,-25.35,-45.82,38.37,-60.28,52.0,68.86,0.8477,LOW,PROGRESS,396.4485,419.0184,578.7065,0,-34.6001,WEAK,16.6758
736,0,PEP,PepsiCo,Consumer Staples,Soft Drinks & Non-alcoholic Beverages,large,149.29,0.9275,1.0135,0.9314,0.847,STRONG_UP,2.24,19.3,-11.4,-12.02,46.4,19.21,1.1756,MED,-,153.313,154.4804,148.8281,1,46.6195,TREND_ONLY,16.6731
737,-128,FTNT,Fortinet,Information Technology,Systems Software,large,130.0,0.9827,1.0768,1.4322,1.5073,STRONG_DOWN,62.2,26.41,112.04,-30.9,55.2,53.14,0.9334,LOW,-,103.1065,90.3368,83.7403,1,27.4338,TREND_ONLY,16.654
738,163,OSBC,OLD SECOND BANCORP INC,Financials,,small,20.97,0.9931,1.022,0.9518,0.9488,STRONG_UP,18.29,27.74,46.17,-12.91,52.0,25.22,1.0626,MED,-,20.6857,20.5094,19.2163,1,57.1985,TREND_ONLY,16.6527
739,-184,GBTG,GLOBAL BUSINESS TRAVEL GROUP INC C,Consumer Discretionary,,mid,9.41,1.2052,1.0147,1.5303,1.6074,STRONG_DOWN,34.81,55.02,,-40.41,50.8,120.31,0.585,LOW,-,8.145,6.6352,7.2187,1,23.2338,TREND+LEAD,16.6481
740,167,SBCF,SEACOAST BANKING OF FLORIDA,Financials,,mid,30.62,0.9882,1.0193,0.9167,0.8469,STRONG_UP,4.93,27.11,34.15,-16.26,49.6,26.48,1.0382,MED,EARLY,30.8775,30.8685,31.0528,0,50.7772,WEAK,16.6379
741,-62,BAC,Bank of America,Financials,Diversified Banks,large,51.23,0.9416,1.0373,0.9253,0.9006,STRONG_UP,0.29,21.12,35.37,-17.93,56.0,24.48,0.9438,LOW,-,51.7885,50.6838,51.3185,0,48.3025,WEAK,16.6293
742,73,GOLF,ACUSHNET HOLDINGS CORP,Consumer Discretionary,,mid,89.11,1.0132,1.0453,0.8634,0.8111,STRONG_UP,14.15,30.33,44.56,-17.93,51.6,33.08,0.7283,LOW,-,91.2185,93.4556,86.4406,1,47.3029,TREND+LEAD,16.6292
743,85,HLT,Hilton Worldwide,Consumer Discretionary,"Hotels, Resorts & Cruise Lines",large,323.87,1.0226,1.0328,0.9313,0.9512,FLAT,21.0,31.54,58.01,-10.29,49.6,26.66,0.6255,LOW,-,319.812,314.4346,289.6457,1,58.6733,TREND+LEAD,16.6255
744,-62,SR,SPIRE INC,Utilities,,mid,86.71,0.9452,1.0163,0.9357,0.8964,STRONG_UP,2.59,21.58,49.4,-10.25,56.4,19.12,0.8195,LOW,-,88.087,90.234,84.0872,1,63.6504,TREND_ONLY,16.6099
745,27,CNOB,CONNECTONE BANCORP INC,Financials,,small,29.87,1.0424,1.0256,1.03,0.9975,FLAT,29.12,34.09,52.12,-12.41,52.4,26.97,0.6395,LOW,-,29.3139,27.8456,25.956,1,66.2268,TREND+LEAD,16.5489
746,-110,ARVN,ARVINAS INC,Health Care,,small,9.1,1.1319,0.975,0.8214,0.704,STRONG_UP,-29.95,45.6,-73.74,-38.18,48.0,54.16,0.9121,LOW,-,9.879,10.6174,10.584,0,40.4136,WEAK,16.543
747,-44,F,Ford Motor Company,Consumer Discretionary,Automobile Manufacturers,large,13.22,1.029,0.9215,1.017,0.8863,FLAT,3.93,32.37,23.14,-22.31,49.6,47.19,,LOW,-,12.4322,12.0742,12.3481,1,34.0187,TREND+LEAD,16.5179
748,-115,CPRX,CATALYST PHARMACEUTICALS INC,Health Care,,mid,31.25,0.9989,1.0123,1.1559,1.1928,STRONG_DOWN,37.91,28.5,89.05,-27.29,52.0,38.52,1.1712,MED,-,30.0505,26.7098,23.3426,1,38.4669,TREND_ONLY,16.5144
749,183,HUBG,HUB GROUP INC CLASS A,Industrials,,mid,40.75,0.947,1.103,0.8914,0.8767,STRONG_UP,16.92,21.82,-0.73,-35.62,53.6,46.47,,LOW,-,41.2155,38.9846,39.2001,1,25.1625,TREND_ONLY,16.5076
750,0,ACT,ENACT HOLDINGS INC,Financials,,mid,43.44,0.9616,1.0204,0.9615,0.9774,FLAT,17.63,23.69,46.08,-10.96,55.6,19.68,0.8196,LOW,-,43.2435,42.1182,39.3851,1,66.9356,TREND_ONLY,16.4933
751,-67,BATRK,ATLANTA BRAVES HOLDINGS INC SERIES,Communication,,mid,50.23,0.958,0.9964,0.9882,1.0803,FLAT,32.01,23.23,27.23,-18.72,52.8,22.21,0.8167,LOW,-,50.062,46.3972,42.3441,1,55.2333,TREND_ONLY,16.4552
752,40,LYV,Live Nation Entertainment,Communication Services,Movies & Entertainment,large,164.44,0.8867,0.9764,1.0203,0.9377,FLAT,25.21,14.06,61.25,-27.84,49.6,37.21,1.3385,MED,-,161.6515,158.5122,152.9504,1,18.7414,TREND_ONLY,16.4365
753,161,STBA,S AND T BANCORP INC,Financials,,small,44.96,0.9774,1.0354,1.0022,0.9413,STRONG_UP,21.72,25.72,46.08,-13.37,48.4,22.3,1.085,MED,-,43.8161,42.5538,39.7672,1,55.831,TREND_ONLY,16.4271
754,67,INTU,Intuit,Information Technology,Application Software,large,383.93,0.4559,1.0244,0.9014,0.9387,FLAT,-40.62,-41.35,-41.67,-56.24,47.6,49.95,1.6785,HIGH,EARLY,392.9975,406.9488,561.1451,0,-39.4081,WEAK,16.4175
755,-110,TR,TOOTSIE ROLL INDUSTRIES INC,Consumer Staples,,mid,40.39,0.9589,1.0101,0.926,0.9315,FLAT,4.6,23.35,44.67,-20.03,54.8,24.29,0.7632,LOW,-,41.6465,42.1446,39.144,1,52.6772,TREND_ONLY,16.3673
756,-8,CCBG,CAPITAL CITY BANK INC,Financials,,small,46.49,0.9688,1.017,0.981,1.0094,FLAT,19.3,24.61,74.05,-12.94,54.0,19.05,0.6648,LOW,-,46.271,45.0544,42.6038,1,69.7708,TREND_ONLY,16.3626
757,38,MTB,M&T Bank,Financials,Regional Banks,large,210.42,0.9365,1.0323,0.9279,0.8452,STRONG_UP,17.28,20.46,45.64,-16.98,52.0,24.3,0.507,LOW,-,212.3755,210.296,201.8028,1,43.7874,TREND_ONLY,16.3362
758,-28,CLDX,CELLDEX THERAPEUTICS INC,Health Care,,mid,30.9,1.2041,0.9611,0.8666,1.2451,FLAT,20.8,54.89,-17.97,-24.23,47.2,63.73,0.6887,LOW,-,32.561,32.0682,27.1961,1,40.6508,TREND+LEAD,16.2816
759,6,VAC,MARRIOTT VACATIONS WORLDWIDE CORP,Consumer Discretionary,,mid,73.88,0.9058,1.0331,0.9904,1.1773,FLAT,62.71,16.51,-15.14,-45.84,50.4,60.66,0.8417,LOW,-,72.8665,70.5726,64.2945,1,13.7206,TREND_ONLY,16.2596
760,137,VRDN,VIRIDIAN THERAPEUTICS ORS INC,Health Care,,small,17.63,1.0033,1.0209,1.1804,0.5959,FLAT,-38.34,29.06,36.88,-60.63,48.8,117.62,1.2731,MED,-,15.7135,18.9002,24.3074,0,12.0581,WEAK,16.1419
761,13,TPL,Texas Pacific Land Corporation,Energy,Oil & Gas Exploration & Production,large,402.53,0.6968,1.0458,0.8788,0.7478,STRONG_UP,31.64,-10.37,,-39.16,51.2,51.83,1.0867,MED,-,414.3195,450.0864,362.5131,1,-10.2467,TREND_ONLY,16.0852
762,-74,SLNO,SOLENO THERAPEUTICS INC,Health Care,,mid,53.01,0.5622,1.0109,0.9657,1.2735,FLAT,7.26,-27.68,19.74,-66.04,48.39,80.13,0.0,LOW,-,52.873,45.7885,52.3953,1,-16.7162,TREND_ONLY,16.0577
763,-82,NTAP,NetApp,Information Technology,"Technology Hardware, Storage & Peripherals",large,118.97,0.9468,1.0013,1.0282,1.0823,STRONG_DOWN,12.94,21.8,9.44,-24.83,50.4,30.09,,LOW,-,114.2855,106.6321,108.8303,1,36.5065,TREND_ONLY,16.042
764,-8,AME,Ametek,Industrials,Electrical Components & Equipment,large,224.71,0.9896,0.977,0.9355,0.894,STRONG_UP,18.7,27.29,34.6,-13.57,49.2,27.54,0.8371,LOW,-,231.1835,225.3499,207.156,1,48.7602,TREND_ONLY,16.0031
765,34,HTH,HILLTOP HOLDINGS INC,Financials,,mid,37.28,0.99,1.0222,0.9573,0.8964,STRONG_UP,16.41,27.34,22.3,-13.52,46.8,22.98,0.6115,LOW,-,37.2357,36.4898,34.8092,1,55.685,TREND_ONLY,15.9933
766,159,HUBB,Hubbell Incorporated,Industrials,Industrial Machinery & Supplies & Components,large,463.32,0.9548,0.9702,0.8086,0.8181,FLAT,11.71,22.82,17.59,-17.27,52.8,34.43,1.5839,HIGH,EARLY,505.1445,504.7092,465.2317,0,34.9978,WEAK,15.9795
767,115,PIPR,PIPER SANDLER COMPANIES,Financials,,mid,80.04,1.0123,1.0028,0.8629,0.9259,FLAT,3.26,30.21,55.53,-24.56,53.6,37.16,0.5676,LOW,EARLY,82.04,80.3162,82.2903,0,43.5744,WEAK,15.9657
768,61,XPEL,XPEL INC,Consumer Discretionary,,small,45.21,0.9807,1.0737,0.9387,0.819,STRONG_UP,9.57,26.14,31.27,-31.79,51.2,48.33,1.6714,HIGH,-,44.7125,43.4767,42.96,1,27.6965,TREND_ONLY,15.9653
769,-59,GPGI,GPGI INC CLASS A,Information Technology,,mid,12.01,0.752,0.9763,0.7115,0.4872,STRONG_UP,-38.07,-3.27,,-55.48,50.0,80.83,0.4676,LOW,EARLY,14.2034,15.8954,19.4619,0,-2.0199,WEAK,15.9543
770,73,FCF,FIRST COMMONWEALTH FINANCIAL CORP,Financials,,small,18.7,0.9619,1.0342,0.9772,0.9488,STRONG_UP,21.65,23.74,42.78,-15.15,50.4,19.84,0.6153,LOW,-,18.3926,17.9404,17.0598,1,60.296,TREND_ONLY,15.9193
771,-9,ACA,ARCOSA INC,Industrials,,mid,120.24,1.0992,0.9342,0.9791,0.8833,FLAT,22.22,41.39,39.95,-21.45,50.4,48.65,0.5039,LOW,-,124.456,114.7209,106.817,1,42.8788,TREND+LEAD,15.9123
772,-35,FIHL,FIDELIS INSURANCE HOLDINGS LTD,Financials,,small,23.47,1.1037,1.1704,1.0905,1.1146,FLAT,29.14,41.98,42.47,-15.99,55.42,39.58,0.8242,LOW,-,21.386,20.191,18.66,1,58.7776,TREND+LEAD,15.9081
773,-3,AEE,Ameren,Utilities,Multi-Utilities,large,108.69,0.9009,1.001,0.9546,0.9223,STRONG_UP,5.07,15.89,54.85,-7.9,55.6,17.46,1.2761,MED,-,110.342,110.4936,104.0697,1,50.5947,TREND_ONLY,15.8985
774,-50,RUN,SUNRUN INC,Industrials,,mid,13.69,0.9984,0.9426,1.0335,0.6261,FLAT,-28.77,28.42,14.37,-47.08,49.6,97.7,0.6868,LOW,SHIFT,13.4425,13.033,16.5656,0,14.4302,WEAK,15.8578
775,134,ANF,ABERCROMBIE AND FITCH CLASS A,Consumer Discretionary,,mid,74.73,0.8001,1.043,0.7752,0.719,STRONG_UP,7.49,2.92,-48.26,-45.65,50.0,45.06,1.0584,MED,EARLY,78.7255,86.364,91.421,0,3.2398,WEAK,15.8546
776,-117,LMT,Lockheed Martin,Industrials,Aerospace & Defense,large,522.59,0.8875,1.0136,0.9027,0.7403,STRONG_UP,11.5,14.16,17.65,-25.15,53.2,25.28,0.4913,LOW,PROGRESS,516.8415,577.8692,526.2452,0,29.7968,WEAK,15.8472
777,-58,FOX,Fox Corporation (Class B),Communication Services,Broadcasting,large,57.38,0.8864,0.9883,0.94,1.0241,FLAT,-1.42,14.02,93.08,-26.77,53.6,28.49,0.5702,LOW,-,57.5265,55.5483,56.723,1,26.3807,TREND_ONLY,15.8186
778,71,EMR,Emerson Electric,Industrials,Electrical Components & Equipment,large,132.86,0.9037,0.9765,0.8965,0.8325,STRONG_UP,5.65,16.25,20.88,-23.45,55.2,37.25,1.1141,MED,EARLY,137.7247,136.1095,136.093,0,24.0765,WEAK,15.8123
779,63,HRI,HERC HOLDINGS INC,Industrials,,mid,132.62,0.8406,0.9542,1.1797,0.8016,FLAT,10.67,8.13,-10.85,-49.5,48.0,64.76,0.3646,LOW,-,131.793,114.916,132.4927,1,6.0252,TREND_ONLY,15.8108
780,52,HWC,HANCOCK WHITNEY CORP,Financials,,mid,66.86,0.9822,1.0258,0.9526,0.8779,STRONG_UP,19.62,26.34,50.41,-17.45,50.8,27.6,0.7753,LOW,-,66.911,65.5456,63.3816,1,48.4825,TREND_ONLY,15.7904
781,113,MITK,MITEK SYSTEMS INC,Information Technology,,small,14.81,1.2056,1.1016,0.9726,1.0543,FLAT,69.84,55.08,14.72,-18.01,48.0,55.74,1.0222,MED,-,14.491,14.2892,11.3123,1,47.4304,TREND+LEAD,15.7884
782,-133,ACLX,ARCELLX INC,Health Care,,mid,115.07,1.3649,1.0095,0.9616,1.5636,FLAT,31.52,75.57,116.01,-33.06,49.79,156.03,0.0,LOW,-,114.932,111.7098,83.9435,1,24.1155,TREND+LEAD,15.7872
783,205,URBN,URBAN OUTFITTERS INC,Consumer Discretionary,,mid,71.67,0.9348,1.0516,0.9147,0.9726,FLAT,16.75,20.25,73.45,-26.32,46.4,38.33,1.624,HIGH,-,69.9575,67.6432,70.4342,1,24.5155,TREND_ONLY,15.7785
784,-61,EHAB,ENHABIT INC,Health Care,,small,13.8,1.0286,1.0101,0.9644,1.147,FLAT,71.43,32.31,48.87,-39.63,49.59,46.17,0.8456,LOW,-,13.7535,13.7624,10.2648,1,34.704,TREND+LEAD,15.7427
785,-21,BKE,BUCKLE INC,Consumer Discretionary,,mid,48.1,1.0047,0.9858,0.8249,0.8326,FLAT,-7.38,29.24,50.47,-17.92,51.2,28.57,0.9093,LOW,EARLY,52.367,51.8215,52.079,0,52.403,WEAK,15.737
786,8,CRNX,CRINETICS PHARMACEUTICALS INC,Health Care,,mid,36.27,0.9415,0.9556,0.89,0.7745,STRONG_UP,-15.67,21.1,-26.73,-40.33,46.4,51.14,0.5534,LOW,EARLY,38.323,37.8286,41.2077,0,19.146,WEAK,15.7289
787,-100,GD,General Dynamics,Industrials,Aerospace & Defense,large,339.75,0.9686,1.0068,1.0163,0.9009,FLAT,0.42,24.59,18.9,-14.53,50.8,25.15,0.4498,LOW,-,337.8385,341.4524,338.4902,1,49.6748,TREND_ONLY,15.618
788,25,CINF,Cincinnati Financial,Financials,Property & Casualty Insurance,large,168.53,0.9147,1.029,0.9725,0.9647,STRONG_UP,4.95,17.66,49.01,-10.46,56.0,18.8,0.6396,LOW,-,164.1085,162.3192,159.5235,1,52.608,TREND_ONLY,15.6026
789,67,ARI,APOLLO COMMERCIAL REAL ESTATE FINA,Financials,,small,10.98,0.989,1.0103,0.9543,0.9814,FLAT,18.46,27.22,29.93,-10.04,50.4,20.01,0.8712,LOW,-,10.9555,10.7074,9.9936,1,68.566,TREND_ONLY,15.6007
790,47,BY,BYLINE BANCORP INC,Financials,,small,32.81,0.9775,1.0168,0.9549,0.9221,STRONG_UP,25.02,25.73,42.68,-12.64,50.0,21.1,0.5701,LOW,-,32.6301,32.0897,29.7173,1,60.9803,TREND_ONLY,15.5943
791,21,MRTN,MARTEN TRANSPORT LTD,Industrials,,small,16.4,0.9936,1.0645,1.0668,1.1,STRONG_DOWN,72.76,27.81,-4.34,-32.0,46.8,36.23,1.9918,HIGH,-,15.206,14.0196,12.1356,1,35.9188,TREND_ONLY,15.5793
792,-52,EOSE,EOS ENERGY ENTERPRISES INC CLASS A,Industrials,,small,7.11,0.9321,0.8784,0.9294,0.6163,FLAT,-47.26,19.9,914.27,-77.1,48.0,144.84,0.667,LOW,-,7.1992,6.2964,10.5785,0,6.5945,WEAK,15.5686
793,5,PFE,Pfizer,Health Care,Pharmaceuticals,large,25.79,0.931,1.0109,0.9386,0.9124,STRONG_UP,4.73,19.76,3.07,-11.47,50.8,19.83,0.7758,LOW,-,25.9214,26.491,25.0083,1,50.6155,TREND_ONLY,15.5683
794,44,APD,Air Products,Materials,Industrial Gases,large,289.19,0.856,0.9734,0.935,0.96,FLAT,16.25,10.12,15.05,-22.39,49.6,19.77,1.0707,MED,-,299.5735,293.8981,272.1479,1,25.3783,TREND_ONLY,15.5681
795,117,STNE,STONECO LTD CLASS A,Financials,,mid,11.05,0.8055,1.1498,0.851,0.6998,STRONG_UP,-16.4,3.61,-11.83,-40.22,49.2,61.45,1.6331,HIGH,PROGRESS,10.863,11.4163,13.0489,0,2.889,WEAK,15.5653
796,-75,HCA,HCA Healthcare,Health Care,Health Care Facilities,large,396.67,0.8131,0.9253,0.8075,0.6922,STRONG_UP,-16.79,4.59,25.35,-27.13,55.2,29.66,1.56,HIGH,EARLY,429.979,467.832,461.0733,0,8.5435,WEAK,15.5442
797,0,VRE,VERIS RESIDENTIAL INC,Real Estate,,small,19.0,1.0049,1.0109,0.963,1.0554,FLAT,27.12,29.26,26.58,-12.16,50.8,24.37,0.7773,LOW,-,18.9595,18.9021,16.1217,1,60.9884,TREND+LEAD,15.5292
798,-67,RCAT,RED CAT HOLDINGS INC,Industrials,,small,8.94,1.0945,0.9264,0.633,0.665,FLAT,26.09,40.79,720.18,-60.08,46.8,107.49,0.4768,LOW,-,10.575,12.5464,11.1787,0,17.7584,WEAK,15.4789
799,120,HOPE,HOPE BANCORP INC,Financials,,small,12.38,1.0007,1.043,0.9633,0.955,STRONG_UP,27.76,28.73,,-15.54,49.2,27.02,0.8309,LOW,-,12.2719,11.7624,11.0257,1,52.3117,TREND+LEAD,15.4595
800,57,UBSI,UNITED BANKSHARES INC,Financials,,mid,43.14,0.9674,1.0291,0.9539,0.9125,STRONG_UP,24.39,24.44,37.2,-13.73,48.0,22.47,0.8001,LOW,-,43.138,42.2486,39.1531,1,52.2067,TREND_ONLY,15.4243
801,99,RL,Ralph Lauren Corporation,Consumer Discretionary,"Apparel, Accessories & Luxury Goods",large,329.24,0.9455,0.9948,0.8417,0.7953,STRONG_UP,0.83,21.62,101.49,-17.67,49.6,39.95,1.9729,HIGH,EARLY,350.3455,352.767,339.5393,0,26.8419,WEAK,15.4207
802,-45,GFF,GRIFFON CORP,Industrials,,mid,83.36,0.9606,0.9794,0.878,0.8747,STRONG_UP,25.37,23.56,25.3,-27.85,51.6,39.49,0.9297,LOW,-,88.0625,80.8492,78.292,1,30.7911,TREND_ONLY,15.4111
803,-49,TEL,TE Connectivity,Information Technology,Electronic Manufacturing Services,large,201.39,0.988,0.9835,0.8742,0.7958,STRONG_UP,-12.75,27.09,36.45,-21.11,56.8,43.95,0.5089,LOW,EARLY,207.6245,212.1216,220.3867,0,35.0142,WEAK,15.4109
804,84,ASB,ASSOCIATED BANCORP,Financials,,mid,27.99,0.9782,1.0159,0.9643,0.9174,STRONG_UP,16.17,25.82,38.68,-16.37,50.8,27.36,0.5506,LOW,-,27.9405,26.8254,26.0465,1,47.9498,TREND_ONLY,15.401
805,-55,LIN,Linde plc,Materials,Industrial Gases,large,506.63,0.8763,0.9994,0.9828,0.9496,STRONG_UP,23.02,12.73,19.51,-19.18,52.4,19.44,0.868,LOW,-,504.937,498.748,462.1744,1,34.3006,TREND_ONLY,15.3963
806,-104,NWN,NORTHWEST NATURAL HOLDING COMPANY,Utilities,,mid,49.92,0.9891,1.0095,0.9265,0.9327,FLAT,7.07,27.23,41.03,-12.41,56.0,26.04,0.7183,LOW,-,51.1741,52.2095,46.74,1,58.5495,TREND_ONLY,15.3916
807,154,DXCM,Dexcom,Health Care,Health Care Equipment,large,71.44,0.6542,1.2471,1.081,0.9067,STRONG_UP,18.73,-15.84,-45.4,-38.75,49.2,39.31,2.285,HIGH,-,61.3415,63.2092,67.9932,1,-19.8302,TREND_ONLY,15.3588
808,-2,TRN,TRINITY INDUSTRIES INC,Industrials,,mid,33.77,1.0648,0.9661,1.0375,0.9038,FLAT,36.69,36.97,18.11,-18.86,48.8,41.14,0.6952,LOW,-,34.2975,32.6797,29.1109,1,43.8492,TREND+LEAD,15.3573
809,77,SWK,Stanley Black & Decker,Industrials,Industrial Machinery & Supplies & Components,large,74.98,0.9189,0.978,0.9503,0.7647,STRONG_UP,22.08,18.2,-7.58,-26.14,48.4,43.65,0.702,LOW,-,77.5245,73.5222,74.0665,1,20.1757,TREND_ONLY,15.3431
810,-88,CTVA,Corteva,Materials,Fertilizers & Agricultural Chemicals,large,78.8,0.897,0.9548,0.9528,0.96,FLAT,22.77,15.39,42.06,-20.71,54.8,23.65,0.9862,LOW,-,80.9865,81.2474,72.094,1,35.6586,TREND_ONLY,15.3227
811,-64,HLIT,HARMONIC INC,Information Technology,,small,12.31,1.0357,0.9314,1.1101,1.0475,FLAT,32.65,33.23,6.3,-19.1,57.2,43.41,1.2307,MED,-,11.913,10.5244,10.1006,1,43.7797,TREND+LEAD,15.2808
812,178,MCHB,MECHANICS BANCORP CLASS A,Financials,,mid,14.81,0.9957,1.0239,0.9287,0.9144,STRONG_UP,15.78,28.08,53.72,-9.46,50.8,29.07,1.0468,MED,-,14.8505,14.7896,13.8981,1,49.0638,TREND_ONLY,15.2711
813,-173,FICO,Fair Isaac,Information Technology,Application Software,large,1230.23,0.56,1.153,1.2167,0.845,FLAT,-28.68,-27.97,-10.52,-52.12,51.2,66.75,0.9052,LOW,SHIFT,1078.845,1074.1672,1447.2329,0,-21.4541,WEAK,15.2616
814,124,TEX,TEREX CORP,Industrials,,mid,57.61,0.9962,0.91,0.9053,0.7859,STRONG_UP,30.86,28.14,-4.79,-28.29,49.2,47.25,0.7668,LOW,-,61.5495,60.663,55.8612,1,29.3032,TREND_ONLY,15.257
815,24,SMP,STANDARD MOTOR PRODUCTS INC,Consumer Discretionary,,small,37.12,1.0332,0.9805,0.9577,0.7778,STRONG_UP,2.58,32.91,28.0,-22.56,50.0,33.61,0.6191,LOW,-,37.8065,36.7433,38.0826,0,48.9571,WEAK,15.2416
816,62,A,Agilent Technologies,Health Care,Life Sciences Tools & Services,large,113.78,0.8188,1.014,0.9062,0.8607,STRONG_UP,-20.58,5.33,-24.79,-29.75,50.8,29.99,1.0718,MED,EARLY,114.101,114.649,128.9731,0,9.027,WEAK,15.2347
817,74,PFBC,PREFERRED BANK,Financials,,small,94.29,0.9106,1.0427,0.9664,0.9568,STRONG_UP,6.67,17.14,29.13,-18.58,52.0,19.96,1.036,MED,-,93.8455,92.0893,91.2056,1,44.646,TREND_ONLY,15.2337
818,0,ATKR,ATKORE INC,Industrials,,mid,75.38,0.9106,1.0004,1.0186,1.0454,STRONG_DOWN,17.48,17.13,-49.57,-32.38,52.8,36.78,1.3543,MED,-,74.7815,67.1535,64.3637,1,24.5932,TREND_ONLY,15.2292
819,-126,OKE,Oneok,Energy,Oil & Gas Storage & Transportation,large,92.15,0.9237,1.0218,1.0397,0.9905,FLAT,36.15,18.82,22.57,-21.02,54.8,29.96,0.7031,LOW,-,89.1893,87.5946,76.155,1,34.4165,TREND_ONLY,15.2231
820,-148,DG,Dollar General,Consumer Staples,Consumer Staples Merchandise Retail,large,104.61,0.8233,1.0051,0.8147,0.6472,STRONG_UP,2.15,5.91,-23.19,-34.57,48.8,36.8,0.7541,LOW,EARLY,111.4555,118.6606,120.3875,0,7.8348,WEAK,15.2159
821,-68,ABBV,AbbVie,Health Care,Biotechnology,large,212.3,0.9374,1.0167,1.0159,0.8832,STRONG_UP,-7.73,20.58,39.43,-17.32,51.2,25.14,0.4487,LOW,SHIFT,205.7935,207.9338,216.0932,0,41.9152,WEAK,15.2148
822,173,CDNA,CAREDX INC,Health Care,,small,21.15,0.9644,1.0418,0.9837,1.0435,FLAT,34.2,24.05,39.79,-43.92,51.6,72.25,1.8343,HIGH,-,21.016,19.2068,17.3098,1,17.174,TREND_ONLY,15.2141
823,132,SKT,TANGER INC,Real Estate,,mid,35.63,0.9709,1.0051,0.9423,0.9368,STRONG_UP,9.18,24.89,38.41,-10.34,49.2,21.86,0.7254,LOW,-,36.1421,35.483,33.6143,1,56.0256,TREND_ONLY,15.2088
824,-53,BGC,BGC GROUP INC CLASS A,Financials,,mid,11.23,0.9269,0.9925,0.9468,1.0873,FLAT,29.36,19.24,28.93,-23.25,49.6,28.87,1.2786,MED,-,11.2415,10.6728,9.6252,1,33.047,TREND_ONLY,15.1573
825,-34,KNTK,KINETIK HOLDINGS INC CLASS A,Energy,,mid,50.2,0.9481,0.9947,1.0198,1.0395,STRONG_DOWN,57.05,21.95,39.21,-30.3,52.8,32.62,0.7258,LOW,-,49.34,47.2635,40.1192,1,35.5343,TREND_ONLY,15.1314
826,-42,SNPS,Synopsys,Information Technology,Application Software,large,498.93,0.7735,0.9874,1.003,1.0519,STRONG_DOWN,29.99,-0.5,-12.7,-41.04,52.4,41.9,0.9988,LOW,-,498.0695,450.8984,472.4873,1,-0.631,TREND_ONLY,15.1306
827,40,CAC,CAMDEN NATIONAL CORP,Financials,,small,49.2,0.9971,1.0448,0.956,0.9354,STRONG_UP,31.19,28.26,64.05,-16.82,51.6,26.97,0.8149,LOW,-,48.6885,48.1171,43.1015,1,54.0622,TREND_ONLY,15.1249
828,-53,ATMU,ATMUS FILTRATION TECHNOLOGIES INC,Industrials,,mid,48.97,1.0142,0.9157,0.7854,0.702,STRONG_UP,6.07,30.46,63.92,-26.26,53.2,52.0,0.7687,LOW,EARLY,55.6185,57.9482,52.5005,0,31.1618,WEAK,15.0878
829,-26,PLUS,EPLUS,Information Technology,,mid,82.95,0.9955,0.9807,0.9276,0.9419,FLAT,-5.45,28.05,5.26,-20.65,48.8,30.57,0.7166,LOW,-,84.8225,81.1848,80.1119,1,44.7797,TREND_ONLY,15.076
830,239,BA,Boeing,Industrials,Aerospace & Defense,large,222.2,0.8501,0.9785,0.9218,0.8883,STRONG_UP,17.18,9.35,20.25,-24.96,50.4,37.04,1.1141,MED,-,228.818,217.604,219.6252,1,12.7157,TREND_ONLY,15.0685
831,-38,RHP,RYMAN HOSPITALITY PROPERTIES REIT,Real Estate,,mid,110.99,0.9576,1.057,1.0628,0.995,FLAT,24.11,23.18,16.8,-16.72,49.2,27.01,1.2934,MED,-,106.55,99.491,94.3342,1,42.2151,TREND_ONLY,15.0437
832,1,ARDX,ARDELYX INC,Health Care,,small,6.27,1.2216,0.9796,0.9993,1.015,STRONG_DOWN,7.92,57.14,-18.78,-33.54,46.0,63.23,0.7067,LOW,-,6.457,6.1192,6.1192,1,41.5716,TREND+LEAD,15.0398
833,-279,TRI,Thomson Reuters,Technology,Computer Software,large,85.36,0.3506,1.09,0.8956,0.9663,FLAT,-35.63,-54.9,-48.47,-61.95,43.2,56.84,0.5338,LOW,EARLY,89.2376,89.8128,124.5227,0,-41.7261,WEAK,14.9825
834,29,TXT,Textron,Industrials,Aerospace & Defense,large,89.52,0.9493,0.9871,0.9601,0.8242,STRONG_UP,12.16,22.11,0.98,-14.69,54.0,29.37,0.5264,LOW,-,90.8065,90.3856,87.2946,1,40.6534,TREND_ONLY,14.9716
835,-12,WDAY,"Workday, Inc.",Information Technology,Application Software,large,126.61,0.3665,1.0761,0.9595,0.8522,STRONG_UP,-43.89,-52.85,-51.09,-58.65,50.0,54.01,1.1107,MED,SHIFT,123.4235,126.116,188.6472,0,-48.9284,WEAK,14.9629
836,59,PATK,PATRICK INDUSTRIES INC,Consumer Discretionary,,mid,90.7,0.8219,0.9725,0.8585,0.6169,STRONG_UP,-6.52,5.72,25.51,-41.39,43.2,45.6,1.0316,MED,EARLY,93.233,103.7468,110.1799,0,5.4165,WEAK,14.9552
837,22,DLR,Digital Realty,Real Estate,Data Center REITs,large,190.65,0.9118,0.9979,0.9107,1.0135,FLAT,21.22,17.29,40.26,-16.83,51.6,21.52,0.527,LOW,-,195.1845,188.9998,170.7629,1,41.4522,TREND_ONLY,14.9468
838,30,ADNT,ADIENT PLC,Consumer Discretionary,,small,20.6,1.0748,0.9229,0.9117,0.7686,STRONG_UP,8.99,38.26,-27.0,-31.19,46.4,46.01,0.6292,LOW,-,21.419,20.9172,22.0329,0,38.5793,WEAK,14.9138
839,9,BBAI,BIGBEAR.AI HOLDINGS INC,Information Technology,,small,4.08,0.8526,0.9402,0.9811,0.9804,FLAT,-31.77,9.68,163.23,-65.88,46.4,73.49,1.0491,MED,-,4.0635,3.8028,5.3639,0,6.1101,WEAK,14.9007
840,49,ARR,ARMOUR RESIDENTIAL REIT INC,Financials,,mid,16.47,0.9537,0.9704,0.9125,0.8903,STRONG_UP,7.43,22.68,18.61,-16.79,54.8,28.11,0.8964,LOW,-,17.127,16.7697,15.6503,1,44.218,TREND_ONLY,14.8674
841,-140,UPST,UPSTART HOLDINGS INC,Financials,,mid,28.84,0.5105,0.9798,0.7965,0.9133,FLAT,-23.93,-34.34,16.76,-71.21,52.4,68.05,0.8952,LOW,EARLY,30.2295,28.9328,43.8397,0,-26.4388,WEAK,14.8157
842,197,MPB,MID PENN BANCORP INC,Financials,,small,32.43,0.9508,1.0372,0.9202,0.8948,STRONG_UP,16.72,22.3,56.76,-15.49,50.4,24.69,1.2563,MED,-,32.5525,32.3857,30.5733,1,45.5211,TREND_ONLY,14.7954
843,1,PNW,Pinnacle West Capital,Utilities,Multi-Utilities,large,101.93,0.9043,1.0312,0.9788,0.9699,STRONG_UP,16.18,16.32,40.38,-8.43,51.6,16.14,0.4995,LOW,-,100.796,100.6411,92.1912,1,52.1808,TREND_ONLY,14.7505
844,172,COF,Capital One,Financials,Consumer Finance,large,187.23,0.7926,1.0215,0.9046,0.8368,STRONG_UP,-5.64,1.96,37.19,-31.47,55.6,36.7,1.0937,MED,EARLY,188.3667,187.756,210.8768,0,2.9688,WEAK,14.7456
845,77,DEA,EASTERLY GOVERNMENT PROPERTIES INC,Real Estate,,small,23.74,0.9513,1.0409,1.0068,0.949,STRONG_UP,17.5,22.36,-7.24,-11.2,52.0,20.21,0.6526,LOW,-,23.073,22.3489,21.6001,1,57.5426,TREND_ONLY,14.7222
846,25,JPM,JPMorgan Chase,Financials,Diversified Banks,large,301.98,0.9168,1.0163,0.9256,0.9059,STRONG_UP,1.83,17.93,57.88,-15.47,54.4,22.82,0.9801,LOW,-,305.979,300.3779,303.0835,0,42.7506,WEAK,14.7185
847,-172,NDAQ,"Nasdaq, Inc.",Financials,Financial Exchanges & Data,large,90.01,0.8783,0.9991,0.9999,1.023,STRONG_DOWN,5.88,12.98,47.91,-21.76,56.0,26.97,1.2502,MED,-,90.2675,87.6059,89.943,1,26.9453,TREND_ONLY,14.705
848,-89,LIF,LIFE360 INC,Information Technology,,mid,39.62,0.5066,0.9982,0.791,0.7261,STRONG_UP,-41.77,-34.84,46.74,-65.64,50.8,74.71,0.4848,LOW,EARLY,42.4895,42.0924,68.2718,0,-23.6905,WEAK,14.6903
849,169,WSM,"Williams-Sonoma, Inc.",Consumer Discretionary,Homefurnishing Retail,large,180.25,0.8467,1.0477,0.8766,0.7812,STRONG_UP,0.44,8.91,18.17,-23.27,49.2,34.89,1.882,HIGH,PROGRESS,179.9865,183.2057,191.8447,0,12.5708,WEAK,14.6848
850,-74,AFL,Aflac,Financials,Life & Health Insurance,large,117.22,0.8943,1.0165,0.9801,0.9535,STRONG_UP,5.99,15.03,38.78,-9.11,52.0,15.55,0.6646,LOW,-,115.299,112.29,109.7926,1,50.2668,TREND_ONLY,14.6497
851,14,APO,Apollo Global Management,Financials,Asset Management & Custody Banks,large,132.24,0.7993,0.9891,0.9873,1.0289,FLAT,7.26,2.81,18.72,-34.97,52.8,41.07,0.5461,LOW,-,128.999,118.3278,128.3804,1,3.6149,TREND_ONLY,14.6252
852,12,CNP,CenterPoint Energy,Utilities,Multi-Utilities,large,42.24,0.8972,1.0022,0.9622,0.9112,STRONG_UP,6.8,15.41,45.12,-6.67,53.2,17.52,1.0498,MED,-,42.586,42.8338,39.9531,1,46.7934,TREND_ONLY,14.6203
853,68,WAFD,WAFD INC,Financials,,mid,35.45,0.9933,1.0306,0.9707,0.9904,FLAT,17.51,27.76,31.11,-12.9,51.6,26.7,0.597,LOW,-,35.244,33.3832,31.6104,1,53.6579,TREND_ONLY,14.6058
854,-36,TKO,TKO Group Holdings,Communication Services,Movies & Entertainment,large,194.28,0.9581,1.0187,1.0008,0.857,STRONG_UP,4.95,23.24,83.69,-18.28,52.8,33.69,0.6476,LOW,SHIFT,187.626,191.8105,194.7787,0,36.4248,WEAK,14.5961
855,-82,ZTS,Zoetis,Health Care,Pharmaceuticals,large,79.71,0.3898,1.0659,0.6508,0.5766,STRONG_UP,-31.95,-49.86,-52.63,-55.74,48.4,53.58,1.1261,MED,EARLY,96.5495,109.1797,127.0548,0,-45.0384,WEAK,14.5729
856,89,FBK,FB FINANCIAL CORP,Financials,,mid,52.73,0.9504,1.0284,0.9514,0.8312,STRONG_UP,0.44,22.25,38.0,-17.08,54.0,25.46,0.8577,LOW,EARLY,53.0879,52.8604,54.4978,0,47.1953,WEAK,14.5729
857,9,PRDO,PERDOCEO EDUCATION CORP,Consumer Discretionary,,mid,33.81,0.8653,0.9742,0.8984,0.9593,FLAT,15.2,11.31,51.2,-27.22,51.6,33.2,1.5386,HIGH,-,34.2355,35.3116,32.8511,1,17.5768,TREND_ONLY,14.5669
858,-153,UNP,Union Pacific Corporation,Industrials,Rail Transportation,large,265.8,0.9458,0.9961,1.0226,0.9314,FLAT,21.71,21.67,18.4,-12.28,54.8,24.69,0.9818,LOW,-,267.4185,253.8424,236.1853,1,48.0876,TREND_ONLY,14.5478
859,69,LULU,Lululemon Athletica,Consumer Discretionary,"Apparel, Accessories & Luxury Goods",large,125.19,0.3065,1.0438,0.7349,0.62,STRONG_UP,-23.65,-60.58,-61.24,-64.46,46.8,45.38,1.1183,MED,EARLY,130.889,148.3278,174.9719,0,-62.4731,WEAK,14.5151
860,141,FCBC,FIRST COMMUNITY BANKSHARES INC,Financials,,small,42.35,0.9182,1.0246,0.9594,0.9771,FLAT,41.03,18.11,39.53,-23.43,51.6,22.69,1.0286,MED,-,42.346,41.7183,36.0127,1,41.1871,TREND_ONLY,14.5119
861,80,IMAX,IMAX CORP,Communication,,mid,34.22,0.9857,1.0144,0.9065,0.8395,STRONG_UP,-4.41,26.79,106.39,-22.74,50.0,44.09,1.1718,MED,EARLY,35.365,36.7712,34.6464,0,30.3784,WEAK,14.5048
862,264,BFST,BUSINESS FIRST BANCSHARES INC,Financials,,small,27.88,0.9341,1.0426,0.9535,0.9004,STRONG_UP,15.26,20.16,35.53,-13.49,48.4,24.65,1.6465,HIGH,-,27.2792,27.2503,25.9094,1,39.5758,TREND_ONLY,14.4956
863,-2,SPNT,SIRIUSPOINT LTD,Financials,,mid,23.68,0.9524,1.0543,0.966,1.024,FLAT,18.99,22.5,81.32,-16.28,50.8,23.76,0.8646,LOW,-,23.2845,22.4026,20.4175,1,48.1144,TREND_ONLY,14.4944
864,-50,VZ,Verizon,Communication Services,Integrated Telecommunication Services,large,47.82,0.907,1.0256,0.9979,0.9142,STRONG_UP,19.05,16.67,37.51,-13.32,48.8,19.8,0.4724,LOW,-,47.2735,47.8587,43.0227,1,41.0817,TREND_ONLY,14.4891
865,110,OSW,ONESPAWORLD HOLDINGS LTD,Consumer Discretionary,,mid,23.86,1.0029,1.011,0.9902,0.9868,STRONG_UP,19.52,29.01,59.18,-16.73,51.6,40.19,0.7265,LOW,-,24.0705,23.4,21.7478,1,37.2398,TREND+LEAD,14.4891
866,-19,TROW,T. Rowe Price,Financials,Asset Management & Custody Banks,large,101.83,0.8775,1.0036,0.9747,1.005,FLAT,7.32,12.87,-4.39,-19.76,52.4,20.47,0.6292,LOW,-,102.532,95.6784,99.2122,1,32.9431,TREND_ONLY,14.4613
867,86,OGS,ONE GAS INC,Utilities,,mid,82.8,0.8899,0.9997,0.9268,0.9055,STRONG_UP,3.39,14.47,38.53,-9.12,54.0,17.13,1.1341,MED,-,85.374,86.1143,80.0967,1,45.6045,TREND_ONLY,14.4548
868,91,HBNC,HORIZON BANCORP INC,Financials,,small,18.33,0.9819,1.0347,1.0021,0.9494,STRONG_UP,19.53,26.31,57.11,-16.65,50.4,26.22,0.7789,LOW,-,18.109,17.2562,16.6278,1,50.5637,TREND_ONLY,14.4468
869,99,NKE,"Nike, Inc.",Consumer Discretionary,"Apparel, Accessories & Luxury Goods",large,44.19,0.5871,1.0615,0.9282,0.6309,STRONG_UP,-28.36,-24.48,-50.29,-46.18,44.8,40.63,1.2362,MED,PROGRESS,43.5765,46.7866,61.3849,0,-26.9886,WEAK,14.4244
870,36,XEL,Xcel Energy,Utilities,Multi-Utilities,large,79.86,0.916,1.0072,0.981,0.915,STRONG_UP,0.09,17.83,50.42,-11.5,53.2,21.53,0.9554,LOW,-,80.0455,79.9323,77.0887,1,44.055,TREND_ONLY,14.4129
871,92,EFC,ELLINGTON FINANCIAL INC,Financials,,small,13.5,0.9387,1.0123,1.0071,1.0446,FLAT,4.86,20.75,42.82,-17.71,52.4,20.02,0.5502,LOW,-,13.301,12.5019,12.5952,1,54.3183,TREND_ONLY,14.4114
872,-89,VRSN,Verisign,Information Technology,Internet Services & Infrastructure,large,303.0,0.8484,1.0467,1.0803,1.3052,STRONG_DOWN,22.16,9.14,76.56,-30.21,54.0,29.44,0.7646,LOW,-,282.2986,266.1335,255.1915,1,16.758,TREND_ONLY,14.4109
873,12,BCO,BRINKS,Industrials,,mid,106.65,0.9959,1.0094,0.9222,0.7599,STRONG_UP,-1.73,28.11,8.65,-27.95,48.4,45.35,0.6156,LOW,SHIFT,106.3183,105.5959,113.8254,0,29.9965,WEAK,14.3827
874,158,NWBI,NORTHWEST BANCSHARES INC,Financials,,small,13.89,0.9347,1.0324,1.0242,1.0061,STRONG_UP,24.7,20.23,38.93,-13.97,50.0,22.47,1.0669,MED,-,13.6322,13.0386,12.2178,1,45.0083,TREND_ONLY,14.3766
875,-227,WVE,WAVE LIFE SCIENCES LTD,Health Care,,small,6.19,0.7967,0.9055,0.8048,0.4256,STRONG_UP,-12.94,2.48,-2.06,-71.19,50.4,114.35,0.9746,LOW,-,6.9995,8.2434,10.1165,0,1.0946,WEAK,14.3738
876,-21,GHC,GRAHAM HOLDINGS COMPANY CLASS B,Consumer Discretionary,,mid,1103.73,0.9243,1.0049,0.9177,0.9368,FLAT,4.22,18.9,49.33,-19.78,50.8,22.74,0.5833,LOW,-,1124.7745,1099.1601,1090.8803,1,42.2185,TREND_ONLY,14.3652
877,70,GBCI,GLACIER BANCORP INC,Financials,,mid,47.92,0.9387,1.0411,0.941,0.8865,STRONG_UP,20.84,20.75,30.21,-19.56,52.8,29.4,0.5906,LOW,-,48.044,46.5668,45.8933,1,37.2667,TREND_ONLY,14.3391
878,0,ARES,Ares Management,Financials,Asset Management & Custody Banks,large,122.11,0.6171,0.9589,0.9679,0.9322,FLAT,-12.69,-20.62,-9.8,-49.3,51.2,49.8,,LOW,SHIFT,120.4485,112.7507,144.3772,0,-21.1953,WEAK,14.3194
879,162,SHO,SUNSTONE HOTEL INVESTORS REIT INC,Real Estate,,small,10.55,0.9933,1.0278,1.0644,1.0516,FLAT,17.89,27.78,9.66,-10.58,48.0,25.14,1.1449,MED,-,10.0745,9.5501,9.1803,1,53.0349,TREND_ONLY,14.3141
880,-75,CMPX,COMPASS THERAPEUTICS,Health Care,,small,1.89,0.7133,0.9635,0.3409,0.2841,STRONG_UP,-61.66,-8.25,18.12,-75.04,52.0,144.41,0.5357,LOW,-,2.1855,4.1177,4.5271,0,-2.9716,WEAK,14.3106
881,17,TGNA,TEGNA INC,Communication,,mid,20.03,0.9549,0.9881,0.9282,0.956,FLAT,-3.6,22.83,46.09,-13.71,46.15,20.65,0.0,LOW,-,20.5762,19.8735,19.0759,1,51.024,TREND_ONLY,14.2836
882,29,TPB,TURNING POINT BRANDS INC,Consumer Staples,,small,91.2,0.9732,1.0089,1.2169,0.6248,FLAT,-10.0,25.18,173.07,-50.58,55.6,79.78,1.1311,MED,-,85.2295,83.7992,99.2395,0,17.5494,WEAK,14.2826
883,59,SRCE,1ST SOURCE CORP,Financials,,small,73.48,0.9577,1.0327,0.9688,0.9712,FLAT,23.71,23.19,48.88,-11.84,51.6,20.13,0.9196,LOW,-,72.8664,71.1405,64.9298,1,59.4433,TREND_ONLY,14.2789
884,62,FMBH,FIRST MID BANCSHARES INC,Financials,,small,43.27,0.9625,1.0352,0.9755,0.9209,STRONG_UP,22.63,23.81,38.31,-13.93,49.2,22.41,0.6725,LOW,-,42.8102,41.8788,39.6783,1,52.2714,TREND_ONLY,14.2448
885,-97,CB,Chubb Limited,Financials,Property & Casualty Insurance,large,328.38,0.8846,1.0355,0.9682,0.9212,STRONG_UP,11.05,13.79,,-11.02,51.6,16.14,0.5998,LOW,-,324.7405,326.1894,302.956,1,44.0743,TREND_ONLY,14.2146
886,74,UCB,UNITED COMMUNITY BANKS INC,Financials,,mid,33.3,0.9416,1.0291,0.9714,0.8965,STRONG_UP,15.3,21.12,32.48,-17.95,51.6,27.92,0.6288,LOW,-,33.1235,32.402,31.7626,1,39.0321,TREND_ONLY,14.2127
887,-80,IDCC,INTERDIGITAL INC,Information Technology,,mid,266.12,0.9735,0.9974,0.6785,0.6901,FLAT,-20.43,25.22,147.09,-34.05,52.4,53.67,0.6205,LOW,EARLY,295.6775,321.7782,330.6048,0,24.6239,WEAK,14.1882
888,-69,INVA,INNOVIVA INC,Health Care,,small,22.24,0.9124,0.982,0.908,0.882,STRONG_UP,1.69,17.36,,-23.53,48.4,24.28,1.2179,MED,-,22.805,22.9118,20.8183,1,34.6085,TREND_ONLY,14.1811
889,-87,ORIC,ORIC PHARMACEUTICALS INC,Health Care,,small,8.41,1.1138,1.0178,0.7492,0.7021,STRONG_UP,-29.33,43.27,-5.4,-48.13,46.4,115.68,0.4058,LOW,-,9.149,10.1615,10.8623,0,17.3562,WEAK,14.1609
890,-89,BX,Blackstone Inc.,Financials,Asset Management & Custody Banks,large,116.83,0.6846,0.9629,0.8721,0.9019,FLAT,-12.63,-11.94,-2.65,-44.76,45.6,41.81,0.4273,LOW,EARLY,120.9308,117.0801,141.5483,0,-13.0225,WEAK,14.137
891,-45,VSEC,VSE CORP,Industrials,,mid,170.49,1.0279,0.9608,0.8946,0.6946,STRONG_UP,4.65,32.22,118.54,-30.31,47.6,76.92,0.898,LOW,EARLY,178.333,188.7426,182.7621,0,19.9373,WEAK,14.1168
892,-83,DNLI,DENALI THERAPEUTICS INC,Health Care,,mid,18.83,1.0693,0.9802,0.8922,0.8651,STRONG_UP,7.72,37.55,-5.76,-20.49,47.2,60.04,0.7605,LOW,-,19.2275,19.7823,17.7844,1,29.5162,TREND+LEAD,14.1052
893,90,EQBK,EQUITY BANCSHARES INC CLASS A,Financials,,small,45.79,0.918,1.0303,0.9774,0.9179,STRONG_UP,12.16,18.08,37.54,-17.02,48.0,17.87,0.5273,LOW,-,45.392,44.9115,43.3602,1,48.5646,TREND_ONLY,14.1023
894,-153,HCSG,HEALTHCARE SERVICES GROUP INC,Industrials,,small,20.82,1.1163,0.9724,0.8727,0.9356,FLAT,21.12,43.59,82.47,-19.88,51.6,50.06,0.8238,LOW,-,21.6775,20.2474,18.5029,1,44.9271,TREND+LEAD,14.0866
895,96,BRSP,BRIGHTSPIRE CAPITAL INC CLASS A,Financials,,small,5.7,0.9986,0.9988,0.9025,0.9498,FLAT,11.97,28.45,14.35,-12.12,49.2,24.11,0.7277,LOW,-,5.8605,5.7253,5.4434,1,58.0492,TREND_ONLY,14.0757
896,28,DOV,Dover Corporation,Industrials,Industrial Machinery & Supplies & Components,large,210.98,0.9267,0.9934,0.9364,0.8407,STRONG_UP,17.95,19.2,15.87,-15.34,49.2,27.3,0.4391,LOW,-,219.789,215.2576,196.1005,1,34.6062,TREND_ONLY,14.0634
897,37,PHM,PulteGroup,Consumer Discretionary,Homebuilding,large,116.26,0.9193,1.0305,0.8745,0.7718,STRONG_UP,2.87,18.25,0.11,-22.6,47.2,34.43,0.8007,LOW,EARLY,118.366,119.3825,125.0889,0,25.0253,WEAK,14.0311
898,83,MC,MOELIS CLASS A,Financials,,mid,64.23,0.9152,1.0011,0.9267,0.9525,FLAT,7.45,17.72,20.0,-33.26,53.2,37.65,0.4582,LOW,-,64.6821,60.7347,65.6433,0,25.0409,WEAK,14.0302
899,59,RNST,RENASANT CORP,Financials,,mid,41.12,0.9435,1.0475,0.995,0.9481,STRONG_UP,24.38,21.36,37.52,-17.19,48.8,26.56,,LOW,-,39.8495,38.2989,36.9857,1,39.2537,TREND_ONLY,14.0231
900,5,PCAR,Paccar,Industrials,Construction Machinery & Heavy Transportation Equipment,large,111.64,0.9434,1.0007,0.8577,0.8086,STRONG_UP,17.22,21.35,12.89,-15.26,45.6,28.3,0.8979,LOW,-,115.7367,117.6777,109.1489,1,34.3945,TREND_ONLY,13.9719
901,28,FAST,Fastenal,Industrials,Trading Companies & Distributors,large,43.68,0.8512,1.0025,0.9403,0.8813,STRONG_UP,10.5,9.49,37.49,-21.9,53.2,27.87,1.1008,MED,EARLY,44.2131,44.9561,44.3013,0,18.1132,WEAK,13.9526
902,-61,TSN,Tyson Foods,Consumer Staples,Packaged Foods & Meats,large,66.52,0.9509,1.0072,0.9888,0.974,STRONG_UP,26.08,22.31,16.53,-11.29,50.4,26.85,0.4947,LOW,-,66.1575,64.224,58.5483,1,41.8814,TREND_ONLY,13.937
903,-92,DUK,Duke Energy,Utilities,Electric Utilities,large,123.81,0.8555,1.014,0.9566,0.9137,STRONG_UP,1.73,10.05,27.39,-10.88,53.6,15.38,1.0253,MED,-,124.8741,127.2804,121.9335,1,35.0073,TREND_ONLY,13.9296
904,44,XERS,XERIS BIOPHARMA HOLDINGS INC,Health Care,,small,6.23,0.9844,0.9856,0.9897,0.8742,FLAT,-12.01,26.63,211.5,-46.57,49.2,47.23,0.754,LOW,-,6.2175,5.9566,7.1295,0,27.7366,WEAK,13.9138
905,141,NCLH,Norwegian Cruise Line Holdings,Consumer Discretionary,"Hotels, Resorts & Cruise Lines",mid,16.03,0.7237,1.0157,0.8082,0.6116,STRONG_UP,-10.15,-6.91,-5.32,-45.1,45.6,59.89,1.4428,MED,EARLY,17.0015,18.612,21.6075,0,-5.2617,WEAK,13.906
906,10,RRR,RED ROCK RESORTS ORS CLASS A INC,Consumer Discretionary,,mid,52.45,0.945,1.0268,0.9041,0.7634,STRONG_UP,-2.81,21.56,10.47,-22.06,54.0,32.32,0.815,LOW,EARLY,53.1985,55.2769,58.0111,0,36.0279,WEAK,13.9049
907,129,GEHC,GE HealthCare,Health Care,Health Care Equipment,large,64.26,0.7193,1.0349,0.8638,0.708,STRONG_UP,-9.44,-7.48,-21.31,-32.47,52.4,42.05,1.9234,HIGH,PROGRESS,63.215,68.3556,75.5518,0,-9.3213,WEAK,13.8796
908,109,BALL,Ball Corporation,Materials,"Metal, Glass & Plastic Containers",large,56.81,0.8325,1.0127,0.8698,0.7944,STRONG_UP,20.37,7.09,-16.94,-21.96,50.0,28.28,1.1123,MED,-,58.7445,60.1728,54.9279,1,12.5274,TREND_ONLY,13.8178
909,1,FE,FirstEnergy,Utilities,Electric Utilities,large,45.44,0.8697,1.0307,0.9095,0.8483,STRONG_UP,-0.56,11.87,21.9,-14.71,55.6,16.78,0.6227,LOW,EARLY,46.0412,48.3442,45.7713,0,39.3196,WEAK,13.8162
910,204,NVAX,NOVAVAX INC,Health Care,,small,9.27,1.0136,1.0007,1.0526,0.9346,FLAT,41.1,30.38,-37.83,-35.94,47.2,71.19,1.0418,MED,-,8.7495,8.868,8.3275,1,20.1422,TREND+LEAD,13.81
911,-39,STGW,STAGWELL INC CLASS A,Communication,,small,6.22,1.0223,1.0258,0.8489,1.2461,FLAT,22.44,31.5,-11.4,-36.78,49.2,57.74,0.7693,LOW,-,6.3935,6.4054,5.6093,1,26.8419,TREND+LEAD,13.8081
912,-174,TDS,TELEPHONE AND DATA SYSTEMS INC,Communication,,mid,41.6,0.9574,1.0031,0.8947,0.8528,STRONG_UP,9.43,23.16,119.68,-14.82,52.4,29.35,0.7928,LOW,-,43.879,43.9032,41.3459,1,41.3426,TREND_ONLY,13.798
913,24,ES,Eversource Energy,Utilities,Electric Utilities,large,69.05,0.8777,1.0249,0.9998,0.8903,STRONG_UP,-4.21,12.9,23.68,-15.13,57.2,22.27,0.5095,LOW,-,67.9037,68.3946,67.396,1,33.1376,TREND_ONLY,13.7728
914,-39,TRV,Travelers Companies (The),Financials,Property & Casualty Insurance,large,306.96,0.894,1.0387,0.9763,0.9371,STRONG_UP,7.83,15.0,46.75,-8.93,50.8,16.64,0.6748,LOW,-,302.2155,299.437,285.2053,1,45.7974,TREND_ONLY,13.7695
915,-148,ZBRA,Zebra Technologies,Information Technology,Electronic Equipment & Instruments,large,243.47,0.6574,0.9521,1.0108,0.8842,FLAT,5.44,-15.44,-24.34,-41.62,49.6,46.1,1.2553,MED,SHIFT,233.6935,222.3394,260.1798,0,-16.6104,WEAK,13.7602
916,19,SIG,SIGNET JEWELERS LTD,Consumer Discretionary,,mid,78.52,0.9764,1.0089,0.8364,0.7467,STRONG_UP,-16.12,25.6,-19.43,-29.97,50.4,55.03,0.731,LOW,EARLY,83.0685,86.1301,90.65,0,23.4464,WEAK,13.758
917,144,IART,INTEGRA LIFESCIENCES HOLDINGS CORP,Health Care,,small,15.39,0.9428,1.0713,1.3736,1.1691,FLAT,34.76,21.28,-43.79,-44.79,51.6,70.41,1.1118,MED,-,12.718,10.934,12.5157,1,15.5926,TREND_ONLY,13.6776
918,-37,WABC,WESTAMERICA BANCORPORATION,Financials,,small,55.45,0.9099,1.033,0.9955,0.9775,STRONG_UP,21.14,17.04,19.0,-11.82,51.6,17.2,0.9849,LOW,-,54.464,52.7223,49.2998,1,51.1125,TREND_ONLY,13.6536
919,81,CBU,COMMUNITY FINANCIAL SYSTEM INC,Financials,,mid,63.73,0.9067,1.0338,0.9793,0.9171,STRONG_UP,20.66,16.63,39.81,-16.03,49.6,21.17,0.6404,LOW,-,62.894,60.7994,59.0942,1,38.9608,TREND_ONLY,13.6473
920,10,CPAY,Corpay,Financials,Transaction & Payment Processing Services,large,350.48,0.8307,1.0747,1.0169,0.9217,STRONG_UP,28.48,6.85,28.33,-27.27,50.8,42.38,0.6685,LOW,-,322.588,312.8166,308.6858,1,8.2153,TREND_ONLY,13.5778
921,66,BOH,BANK OF HAWAII CORP,Financials,,mid,78.22,0.9394,1.0264,0.9608,0.9143,STRONG_UP,25.91,20.84,45.77,-15.03,46.8,24.36,0.5518,LOW,-,78.233,76.5348,69.984,1,40.0296,TREND_ONLY,13.5596
922,103,DRVN,DRIVEN BRANDS HOLDINGS INC,Consumer Discretionary,,mid,12.99,0.5657,1.0456,0.986,0.7054,STRONG_UP,-7.41,-27.23,20.28,-46.38,42.0,78.39,2.003,HIGH,-,13.1745,12.5104,14.8158,0,-14.5877,WEAK,13.5383
923,0,BULL,WEBULL CORP CLASS A,Financials,,mid,6.99,0.4316,0.9665,0.9225,1.0971,FLAT,-16.69,-44.48,-36.86,-73.9,45.2,54.27,0.8127,LOW,-,7.0655,6.1036,9.1912,0,-37.046,WEAK,13.5314
924,72,MHO,M I HOMES INC,Consumer Discretionary,,mid,127.46,0.9314,1.0169,0.9151,0.8241,STRONG_UP,2.89,19.8,-0.53,-25.14,50.4,33.8,0.696,LOW,-,129.2,126.1928,134.6122,0,29.531,WEAK,13.5283
925,19,WYNN,Wynn Resorts,Consumer Discretionary,Casinos & Gaming,large,98.06,0.8408,1.0399,0.8846,0.7956,STRONG_UP,-18.09,8.16,3.62,-28.44,45.6,34.33,0.896,LOW,EARLY,101.7142,102.2174,114.3549,0,10.8332,WEAK,13.5281
926,107,PEBO,PEOPLES BANCORP INC,Financials,,small,34.36,0.9457,1.0399,0.9839,0.9481,STRONG_UP,24.43,21.64,27.07,-12.53,48.4,21.12,0.6664,LOW,-,33.8787,33.0904,30.5942,1,49.5997,TREND_ONLY,13.4969
927,-10,DCH,DAUCH CORPORATION,Consumer Discretionary,,small,5.85,1.0383,0.8595,0.9644,0.7741,FLAT,-2.99,33.56,-23.43,-42.44,50.0,69.01,0.6095,LOW,-,5.995,5.8488,6.3206,0,24.3165,WEAK,13.487
928,-77,CSGP,CoStar Group,Real Estate,Real Estate Services,large,34.01,0.3575,1.0778,0.8417,0.6326,STRONG_UP,-49.09,-54.02,-60.84,-67.11,50.4,41.38,0.6923,LOW,EARLY,34.2535,38.13,62.6249,0,-65.79,WEAK,13.4765
929,234,ABNB,Airbnb,Consumer Discretionary,"Hotels, Resorts & Cruise Lines",large,135.55,0.8264,1.0235,0.902,0.9831,FLAT,17.44,6.3,-5.93,-21.54,54.4,33.57,1.6451,HIGH,-,138.027,133.985,128.2989,1,10.2043,TREND_ONLY,13.4487
930,-72,AGIO,AGIOS PHARMACEUTICALS INC,Health Care,,mid,28.5,0.7358,1.0013,1.0234,0.9038,FLAT,-37.35,-5.35,-15.88,-50.89,52.8,67.78,0.6225,LOW,PROGRESS,27.4045,29.4416,32.5287,0,-4.1653,WEAK,13.4465
931,-4,AVBP,ARRIVENT BIOPHARMA INC,Health Care,,small,27.22,1.0338,0.9667,0.8453,1.0982,FLAT,34.69,32.98,36.44,-33.32,48.4,56.49,0.9112,LOW,-,29.236,26.8223,22.309,1,28.2527,TREND+LEAD,13.4374
932,-108,DEC,DIVERSIFIED ENERGY COMPANY,Energy,,small,16.36,1.0041,1.0231,1.0108,1.1333,FLAT,10.68,29.16,39.78,-24.8,54.0,43.15,0.5499,LOW,-,16.051,16.0814,14.2781,1,36.491,TREND+LEAD,13.4234
933,29,MGM,MGM Resorts,Consumer Discretionary,Casinos & Gaming,large,36.51,0.9048,1.0011,0.8927,0.9205,FLAT,16.24,16.39,-10.54,-22.76,47.6,36.55,0.8861,LOW,-,38.0875,37.5556,35.6066,1,21.3387,TREND_ONLY,13.422
934,17,TECH,Bio-Techne,Health Care,Life Sciences Tools & Services,mid,46.7,0.7828,1.0555,0.7663,0.7545,STRONG_UP,-19.43,0.69,-42.89,-39.26,48.8,58.87,1.057,MED,EARLY,49.9088,52.4118,57.4569,0,0.5733,WEAK,13.3834
935,124,NEO,NEOGENOMICS INC,Health Care,,small,8.9,0.935,1.0745,1.0439,0.8347,STRONG_UP,-14.51,20.27,-39.78,-45.61,51.2,50.54,0.6683,LOW,-,8.71,8.2832,9.5931,0,20.535,WEAK,13.3399
936,3,CDNS,Cadence Design Systems,Information Technology,Application Software,large,350.89,0.859,1.0038,1.0153,1.0985,STRONG_DOWN,15.73,10.5,20.95,-28.85,52.0,40.34,0.8385,LOW,-,344.953,312.1982,322.5525,1,13.5338,TREND_ONLY,13.3279
937,-75,TMDX,TRANSMEDICS GROUP INC,Health Care,,mid,68.0,0.4358,1.1063,0.5691,0.4698,STRONG_UP,-41.92,-43.95,-50.87,-58.76,46.8,73.46,1.0229,MED,EARLY,82.934,99.9279,120.01,0,-27.9967,WEAK,13.3209
938,-98,GDDY,GoDaddy,Information Technology,Internet Services & Infrastructure,large,92.24,0.3908,1.0957,1.0012,0.9439,STRONG_UP,-26.37,-49.73,-33.58,-56.99,48.8,52.14,0.6862,LOW,SHIFT,87.412,84.7302,114.3341,0,-46.5446,WEAK,13.2985
939,103,CRH,CRH plc,Materials,Construction Materials,large,101.45,0.8387,0.9548,0.8415,0.7641,STRONG_UP,-6.15,7.88,28.47,-24.46,46.0,36.15,1.1587,MED,EARLY,110.926,109.1032,115.2018,0,10.0327,WEAK,13.2821
940,12,PGNY,PROGYNY INC,Health Care,,small,25.64,0.9407,1.1316,1.3675,1.1336,FLAT,-0.81,21.0,-6.63,-42.65,52.8,71.25,1.2311,MED,-,20.881,18.84,21.8063,1,15.5625,TREND_ONLY,13.2545
941,-72,MTD,Mettler Toledo,Health Care,Life Sciences Tools & Services,large,1082.67,0.7427,1.0488,0.7929,0.729,STRONG_UP,-22.47,-4.46,-28.83,-31.9,48.4,44.24,1.0033,MED,EARLY,1182.9955,1233.001,1329.5512,0,-4.8839,WEAK,13.2494
942,72,ASO,ACADEMY SPORTS AND OUTDOORS INC,Consumer Discretionary,,mid,50.6,0.9381,1.0,0.8336,0.8007,STRONG_UP,19.8,20.67,-3.52,-26.42,51.2,40.76,0.727,LOW,EARLY,52.845,54.6039,52.7611,0,25.962,WEAK,13.2418
943,129,DGX,Quest Diagnostics,Health Care,Health Care Services,large,193.75,0.8995,1.0405,0.9113,0.8917,STRONG_UP,5.48,15.7,40.39,-11.55,51.2,21.39,0.831,LOW,-,191.637,194.5279,186.429,1,37.5782,TREND_ONLY,13.2394
944,-122,MCK,McKesson Corporation,Health Care,Health Care Distributors,large,754.68,0.8195,1.0194,0.8732,0.7394,STRONG_UP,-12.17,5.42,37.79,-27.17,54.0,25.65,0.8698,LOW,EARLY,781.007,841.0634,815.0562,0,11.4039,WEAK,13.2394
945,-27,NNE,NANO NUCLEAR ENERGY INC,Industrials,,small,24.31,0.7354,0.891,0.8516,0.9166,FLAT,-23.58,-5.41,529.79,-66.45,46.8,99.15,1.2085,MED,-,25.176,23.4564,31.9016,0,-2.5529,WEAK,13.2258
946,-43,XENE,XENON PHARMACEUTICALS INC,Health Care,,mid,54.68,1.3956,0.9855,0.9261,1.201,FLAT,34.65,79.51,40.28,-14.95,48.8,104.84,0.7187,LOW,-,55.6495,56.2988,44.8597,1,37.0115,TREND+LEAD,13.224
947,-4,CON,CONCENTRA GROUP HOLDINGS PARENT IN,Health Care,,mid,25.42,0.9136,0.9817,1.0799,1.0014,FLAT,33.22,17.52,15.35,-21.39,48.8,25.58,0.8165,LOW,-,23.9507,22.7697,21.5313,1,33.4259,TREND_ONLY,13.1942
948,117,ONB,OLD NATIONAL BANCORP,Financials,,mid,23.77,0.9169,1.017,0.9495,0.8803,STRONG_UP,20.58,17.94,44.76,-17.73,50.4,26.82,0.6794,LOW,-,23.8335,22.9914,22.3863,1,33.713,TREND_ONLY,13.1736
949,-34,TSCO,Tractor Supply,Consumer Discretionary,Other Specialty Retail,large,31.69,0.5008,1.0491,0.7804,0.5575,STRONG_UP,-40.28,-35.58,-42.67,-51.93,47.6,37.91,1.0286,MED,EARLY,32.804,40.3046,51.053,0,-44.6696,WEAK,13.1718
950,74,WAT,Waters Corporation,Health Care,Life Sciences Tools & Services,large,341.32,0.7639,1.0339,0.9794,0.9498,STRONG_UP,-9.38,-1.74,-2.94,-31.32,49.2,44.46,0.6593,LOW,-,326.713,315.4984,337.7961,1,-1.9242,TREND_ONLY,13.1654
951,153,BHRB,BURKE HERBERT FINANCIAL SERVICES C,Financials,,small,63.2,0.9054,1.0325,0.9498,0.8705,STRONG_UP,6.72,16.46,36.84,-13.49,51.2,21.38,1.3667,MED,-,62.8071,62.6882,62.1655,1,39.42,TREND_ONLY,13.1598
952,-156,WGS,GENEDX HOLDINGS CORP CLASS A,Health Care,,small,44.73,0.513,1.1621,0.6146,0.5056,STRONG_UP,-64.76,-34.01,115.57,-79.4,48.8,126.81,0.9702,LOW,-,50.1895,60.8698,106.0283,0,-13.0869,WEAK,13.1531
953,-219,KO,Coca-Cola Company (The),Consumer Staples,Soft Drinks & Non-alcoholic Beverages,large,81.55,0.9079,1.0231,1.0484,0.9539,FLAT,16.1,16.79,37.38,-7.89,48.8,16.59,,LOW,-,79.0275,77.2742,72.0072,1,49.39,TREND_ONLY,13.1302
954,68,ORRF,ORRSTOWN FINANCIAL SERVICES INC,Financials,,small,36.67,0.9795,1.0273,0.989,0.9006,STRONG_UP,10.99,26.0,45.61,-13.19,49.6,27.69,0.6164,LOW,-,36.3764,36.1724,35.016,1,46.5737,TREND_ONLY,13.0975
955,-186,PODD,Insulet Corporation,Health Care,Health Care Equipment,large,156.59,0.3751,1.063,0.776,0.6005,STRONG_UP,-53.04,-51.74,-14.33,-58.21,47.2,48.8,0.9294,LOW,EARLY,164.305,192.9148,273.4711,0,-50.0477,WEAK,13.0855
956,47,OCUL,OCULAR THERAPEUTIX INC,Health Care,,small,8.03,0.8551,0.8532,0.7976,0.9574,FLAT,-31.72,10.0,31.64,-57.29,46.4,83.58,1.0799,MED,-,9.2595,8.8808,10.8763,0,5.5516,WEAK,13.0723
957,-179,IT,Gartner,Information Technology,IT Consulting & Other Services,large,158.46,0.2781,1.1371,0.9678,0.9561,STRONG_UP,-29.98,-64.22,-64.74,-68.38,50.0,45.52,0.9221,LOW,SHIFT,150.699,153.8568,209.0096,0,-70.5437,WEAK,13.0377
958,31,TTWO,Take-Two Interactive,Communication Services,Interactive Home Entertainment,large,236.62,0.8112,0.9852,1.0405,1.0989,STRONG_DOWN,-1.03,4.35,56.27,-27.68,50.0,30.65,1.0244,MED,-,224.151,211.6552,231.8232,1,7.0933,TREND_ONLY,13.0081
959,-129,COST,Costco,Consumer Staples,Consumer Staples Merchandise Retail,large,1074.01,0.8189,1.0411,1.0282,1.0126,STRONG_UP,20.33,5.34,35.55,-19.35,48.0,18.55,1.0586,MED,-,1023.4471,1005.2889,954.0156,1,13.819,TREND_ONLY,13.0052
960,19,DOC,Healthpeak Properties,Real Estate,Health Care REITs,large,19.66,0.9737,1.0199,1.1612,1.0919,FLAT,15.15,25.25,12.71,-17.09,50.0,42.02,0.5165,LOW,-,18.0066,17.2244,16.9866,1,30.0485,TREND_ONLY,13.002
961,-57,NOVT,NOVANTA INC,Information Technology,,mid,153.6,0.971,0.9957,1.1065,0.9761,FLAT,54.29,24.91,-7.36,-26.97,50.0,52.56,0.8641,LOW,-,139.7385,128.814,122.676,1,23.6953,TREND_ONLY,12.9867
962,-22,SWKS,Skyworks Solutions,Information Technology,Semiconductors,mid,74.35,0.8454,1.1191,1.1549,1.1622,STRONG_DOWN,20.74,8.75,-13.95,-35.24,50.0,46.61,1.0983,MED,-,67.1975,60.43,65.2175,1,9.3852,TREND_ONLY,12.984
963,65,GEF,GREIF INC CLASS A,Materials,,mid,63.15,0.9156,0.9743,0.9087,0.7913,STRONG_UP,5.55,17.78,4.62,-19.51,48.4,24.59,0.6745,LOW,EARLY,65.751,66.596,65.3014,0,34.9966,WEAK,12.9667
964,-110,ETN,Eaton Corporation,Industrials,Electrical Components & Equipment,large,379.69,0.9264,0.9391,0.8827,0.9488,FLAT,12.9,19.16,15.59,-19.13,52.4,39.07,0.7314,LOW,-,407.9355,387.8674,361.7691,1,25.7003,TREND_ONLY,12.9534
965,66,FBP,FIRST BANCORP,Financials,,mid,24.13,0.9461,1.0426,0.9781,0.9936,FLAT,23.91,21.7,41.61,-13.83,52.8,26.6,0.6291,LOW,-,23.8585,22.5914,21.446,1,43.064,TREND_ONLY,12.9389
966,3,GWW,W. W. Grainger,Industrials,Industrial Machinery & Supplies & Components,large,1244.05,0.9021,0.9778,1.0363,1.0259,FLAT,36.02,16.04,32.21,-15.7,49.6,24.38,0.5902,LOW,-,1199.9811,1142.1804,1042.8807,1,32.6396,TREND_ONLY,12.9313
967,115,TT,Trane Technologies,Industrials,Building Products,large,451.69,0.8322,0.9465,0.9082,0.8991,STRONG_UP,11.24,7.05,36.87,-20.16,51.6,31.47,1.0343,MED,-,475.4335,453.771,426.3609,1,11.5564,TREND_ONLY,12.9195
968,31,LTC,LTC PROPERTIES REIT INC,Real Estate,,small,39.0,0.9138,1.027,1.0008,0.9389,STRONG_UP,10.33,17.54,26.19,-9.46,54.4,19.4,0.8142,LOW,-,38.4275,38.2884,35.9364,1,49.193,TREND_ONLY,12.9103
969,-142,BDX,Becton Dickinson,Health Care,Health Care Equipment,large,146.95,0.859,1.0267,0.9058,0.7399,STRONG_UP,-1.66,10.5,-17.12,-22.73,45.6,25.65,0.7077,LOW,EARLY,147.3675,153.0662,153.3297,0,18.6599,WEAK,12.8898
970,-3,AXP,American Express,Financials,Consumer Finance,large,309.82,0.851,0.9998,0.893,0.8328,STRONG_UP,-8.56,9.46,30.25,-23.9,52.0,30.86,0.9641,LOW,EARLY,315.5695,311.5012,335.1242,0,15.9474,WEAK,12.8766
971,-5,SAH,SONIC AUTOMOTIVE INC CLASS A,Consumer Discretionary,,mid,73.69,0.8751,0.9555,0.9955,1.0323,STRONG_DOWN,20.95,12.57,34.21,-33.64,55.6,38.87,0.9925,LOW,-,75.9085,69.4939,68.1751,1,17.9823,TREND_ONLY,12.8653
972,-120,ELV,Elevance Health,Health Care,Managed Health Care,large,396.21,0.7862,1.0081,1.1583,1.0783,FLAT,23.47,1.14,-24.76,-31.05,50.8,33.49,0.5069,LOW,-,377.9475,332.859,329.109,1,1.7248,TREND_ONLY,12.8498
973,-80,AVNS,AVANOS MEDICAL INC,Health Care,,small,24.74,1.5144,1.0106,0.963,1.4843,FLAT,120.11,94.8,21.93,-23.39,50.0,142.4,0.4723,LOW,-,24.7055,19.6566,13.994,1,33.2876,TREND+LEAD,12.7933
974,99,AKR,ACADIA REALTY TRUST REIT,Real Estate,,mid,21.42,0.9112,1.0213,0.99,0.9902,FLAT,9.74,17.21,37.05,-12.41,53.6,20.79,0.5916,LOW,-,21.4415,20.5978,19.9076,1,44.3719,TREND_ONLY,12.782
975,-98,CARR,Carrier Global,Industrials,Building Products,large,63.59,0.6958,0.9618,1.0096,0.9229,FLAT,23.23,-10.49,-1.36,-37.38,48.8,45.95,0.8188,LOW,-,64.5674,60.7691,59.1401,1,-11.143,TREND_ONLY,12.7525
976,156,ENVX,ENOVIX CORP,Industrials,,small,6.36,0.6727,1.0189,0.8718,0.9915,FLAT,-15.2,-13.47,-38.61,-69.62,49.2,81.88,1.4135,MED,-,6.5495,5.9518,8.112,0,-8.0935,WEAK,12.7434
977,27,SOLV,Solventum,Health Care,Health Care Technology,large,76.13,0.8134,1.0325,1.0569,0.9681,FLAT,-0.99,4.63,24.35,-27.46,50.4,28.33,0.6976,LOW,-,71.3525,68.357,73.8615,1,8.2399,TREND_ONLY,12.7391
978,29,BLDR,Builders FirstSource,Industrials,Building Products,mid,71.23,0.5109,0.9771,0.7541,0.5976,STRONG_UP,-27.76,-34.28,-57.59,-55.51,38.4,50.74,1.1584,MED,EARLY,77.6645,82.1226,109.6185,0,-25.9412,WEAK,12.7116
979,-29,NSSC,NAPCO SECURITY TECHNOLOGIES INC,Information Technology,,small,36.72,1.024,0.9878,0.7779,0.7453,STRONG_UP,-5.93,31.72,-20.38,-23.89,50.8,48.05,0.975,LOW,-,41.25,41.8664,40.8858,0,33.536,WEAK,12.7081
980,-67,REGN,Regeneron Pharmaceuticals,Health Care,Biotechnology,large,649.76,0.8388,0.92,0.835,0.773,STRONG_UP,-10.2,7.89,-34.19,-22.39,48.8,34.52,1.4034,MED,EARLY,706.104,734.2812,691.7023,0,11.159,WEAK,12.7074
981,111,BLFS,BIOLIFE SOLUTIONS INC,Health Care,,small,24.0,0.8446,1.1502,1.01,0.9641,STRONG_UP,-0.12,8.65,10.7,-36.96,50.4,53.79,2.836,HIGH,-,21.627,20.5456,23.7943,1,8.1015,TREND_ONLY,12.706
982,-137,PRCH,PORCH GROUP INC,Information Technology,,small,9.74,0.7962,0.9426,1.1609,1.1223,FLAT,3.29,2.42,291.16,-66.39,48.0,69.3,0.7539,LOW,-,9.904,8.3958,11.2075,0,1.6752,WEAK,12.6924
983,122,TBBK,BANCORP INC,Financials,,mid,54.9,0.8192,1.0115,0.8754,0.8745,STRONG_UP,-7.99,5.37,62.57,-35.92,56.0,35.1,0.9844,LOW,EARLY,57.2655,56.346,65.0455,0,8.5744,WEAK,12.6651
984,-168,MIR,MIRION TECHNOLOGIES INC CLASS A,Information Technology,,mid,18.04,0.7774,0.9624,0.8954,0.7863,STRONG_UP,-24.39,0.0,62.52,-41.78,50.8,47.16,0.5789,LOW,EARLY,19.1095,19.159,22.5972,0,0.0,WEAK,12.6378
985,67,SBSI,SOUTHSIDE BANCSHARES INC,Financials,,small,32.74,0.942,1.0312,0.9669,0.9356,STRONG_UP,20.37,21.18,30.48,-15.77,49.6,25.31,0.7713,LOW,-,32.5374,31.6842,30.065,1,41.4986,TREND_ONLY,12.631
986,-60,GEO,GEO GROUP INC,Industrials,,mid,23.23,0.6764,1.0024,1.1787,1.625,STRONG_DOWN,57.49,-13.0,67.85,-51.78,48.0,64.72,0.5263,LOW,-,20.6895,18.5468,17.8796,1,-9.6388,TREND_ONLY,12.6308
987,-85,BLK,BlackRock,Financials,Asset Management & Custody Banks,large,1051.5699,0.8576,0.9614,0.9496,0.8968,STRONG_UP,4.26,10.32,36.42,-22.45,51.2,30.32,0.7324,LOW,-,1066.331,1017.338,1072.1077,0,17.4296,WEAK,12.6173
988,56,CRL,Charles River Laboratories,Health Care,Life Sciences Tools & Services,mid,156.03,0.8986,0.9897,0.8101,0.8568,FLAT,-4.0,15.59,-29.55,-33.88,52.8,50.73,0.807,LOW,EARLY,166.9625,167.812,175.8651,0,16.2312,WEAK,12.6006
989,-81,PTC,PTC Inc.,Information Technology,Application Software,large,147.955,0.6801,1.0678,1.0097,0.8845,STRONG_UP,-14.51,-12.52,-19.0,-38.37,50.8,30.19,1.052,MED,SHIFT,140.6788,142.8271,173.8932,0,-21.067,WEAK,12.5925
990,86,HFWA,HERITAGE FINANCIAL CORP,Financials,,small,27.17,0.949,1.0356,0.9619,0.8993,STRONG_UP,25.52,22.07,55.19,-14.76,49.2,25.7,0.8405,LOW,-,26.9477,26.3323,24.5947,1,42.2561,TREND_ONLY,12.5852
991,44,LEN,Lennar,Consumer Discretionary,Homebuilding,large,87.31,0.6545,1.0337,0.8869,0.6991,STRONG_UP,-23.98,-15.81,-42.71,-41.39,47.6,37.74,0.9129,LOW,EARLY,87.904,89.5206,112.2132,0,-19.9456,WEAK,12.5817
992,0,UPS,United Parcel Service,Industrials,Air Freight & Logistics,large,98.87,0.8571,1.031,0.9161,0.7989,STRONG_UP,9.81,10.24,-23.19,-20.28,54.0,33.76,0.7523,LOW,-,100.0844,98.9227,94.5598,1,16.3864,TREND_ONLY,12.5732
993,74,SFNC,SIMMONS FIRST NATIONAL CORP CLASS,Financials,,mid,21.27,0.9114,1.0321,0.964,0.9295,STRONG_UP,25.15,17.24,27.57,-17.57,50.8,28.66,0.9286,LOW,-,21.1305,20.3058,19.3943,1,30.5577,TREND_ONLY,12.5635
994,57,CPRI,CAPRI HOLDINGS LTD,Consumer Discretionary,,mid,17.84,0.8003,1.0284,0.8214,0.7471,STRONG_UP,-18.35,2.94,-49.25,-39.3,47.2,43.03,0.6502,LOW,EARLY,18.657,18.7918,21.3418,0,3.2281,WEAK,12.5275
995,-23,TGTX,TG THERAPEUTICS INC,Health Care,,mid,39.76,0.9038,0.9838,0.9958,1.2489,STRONG_DOWN,27.4,16.26,139.52,-34.12,51.6,54.46,0.6648,LOW,-,38.583,34.944,32.1528,1,15.4035,TREND_ONLY,12.508
996,-76,KKR,KKR & Co.,Financials,Asset Management & Custody Banks,large,94.34,0.6269,0.9582,0.8563,0.8665,FLAT,-17.06,-19.36,-10.32,-44.62,48.4,42.9,0.6703,LOW,EARLY,99.7426,95.787,117.0135,0,-21.8371,WEAK,12.4984
997,71,REG,Regency Centers,Real Estate,Retail REITs,large,77.74,0.8822,1.0201,0.9442,0.9475,FLAT,14.24,13.47,39.91,-8.17,48.8,14.52,0.7351,LOW,-,78.3315,77.6564,72.2941,1,45.2834,TREND_ONLY,12.4799
998,-28,FTDR,FRONTDOOR INC,Consumer Discretionary,,mid,63.05,0.9253,1.0215,0.9991,1.0388,FLAT,27.45,19.03,,-29.23,53.2,58.24,0.5506,LOW,-,63.677,60.6714,60.2492,1,17.3828,TREND_ONLY,12.4683
999,-222,APTV,Aptiv,Consumer Discretionary,Automotive Parts & Equipment,large,54.57,0.6336,0.9569,0.8603,0.6361,STRONG_UP,-27.98,-18.5,-33.7,-40.71,46.8,45.03,0.7491,LOW,EARLY,57.0805,61.7806,75.1571,0,-19.2309,WEAK,12.4486
1000,49,PDM,PIEDMONT REALTY TRUST INC CLASS A,Real Estate,,small,7.99,0.9498,1.0031,0.9535,0.9287,STRONG_UP,-1.84,22.17,17.57,-29.47,50.0,34.93,0.5455,LOW,-,8.2,7.4482,8.0838,0,31.7367,WEAK,12.447
1001,46,STEP,STEPSTONE GROUP INC CLASS A,Financials,,mid,52.0,0.738,0.9525,0.886,0.9691,FLAT,-12.63,-5.07,46.53,-43.1,51.6,53.37,1.0143,MED,-,53.5522,50.5633,58.9832,0,-4.9032,WEAK,12.4451
1002,-28,CBRE,CBRE Group,Real Estate,Real Estate Services,large,131.12,0.8433,0.9992,0.8195,0.8273,FLAT,-12.63,8.48,45.01,-25.32,51.6,27.93,0.7661,LOW,EARLY,141.077,139.9194,153.7301,0,15.6669,WEAK,12.4302
1003,-38,DAKT,DAKTRONICS INC,Information Technology,,small,19.56,0.9932,0.9971,0.9739,0.6543,STRONG_UP,8.07,27.76,75.43,-31.34,48.0,44.98,0.4736,LOW,-,19.6985,19.8598,20.2983,0,29.6234,WEAK,12.4053
1004,136,ESQ,ESQUIRE FINANCIAL HOLDINGS INC,Financials,,small,112.76,0.9963,1.0854,0.986,0.9746,STRONG_UP,17.68,28.15,138.74,-15.42,52.8,36.97,,LOW,-,106.9253,108.4226,103.5761,1,40.2084,TREND_ONLY,12.3897
1005,-19,BIPC,BROOKFIELD INFRASTRUCTURE CORP CLA,Utilities,,mid,41.53,0.8649,1.0422,0.9957,0.8128,STRONG_UP,-6.15,11.26,27.12,-29.77,54.0,38.26,0.8451,LOW,SHIFT,39.407,40.6368,43.0546,0,15.8864,WEAK,12.324
1006,60,AX,AXOS FINANCIAL INC,Financials,,mid,85.97,0.9639,1.0399,0.8537,0.8194,STRONG_UP,12.67,23.98,39.77,-19.04,52.4,39.55,0.5032,LOW,EARLY,88.99,88.6798,87.7681,0,31.7756,WEAK,12.3183
1007,-5,META,Meta Platforms,Communication Services,Interactive Media & Services,large,605.06,0.7425,0.9875,0.8604,0.8567,STRONG_UP,1.4,-4.49,31.11,-33.3,50.4,39.62,0.7353,LOW,EARLY,624.932,619.2894,670.219,0,-5.7153,WEAK,12.2967
1008,50,IBOC,INTERNATIONAL BANCSHARES CORP,Financials,,mid,72.42,0.9059,1.0198,0.9771,0.939,STRONG_UP,14.42,16.53,26.67,-12.74,48.0,21.85,0.5918,LOW,-,71.9885,70.1446,68.8362,1,36.3195,TREND_ONLY,12.2688
1009,-53,RELY,REMITLY GLOBAL INC,Financials,,mid,21.58,0.751,0.9344,0.9888,1.1672,STRONG_DOWN,68.59,-3.4,54.03,-46.16,48.0,44.77,0.7272,LOW,-,22.5365,19.1441,16.4215,1,-3.6474,TREND_ONLY,12.2264
1010,-176,SXT,SENSIENT TECHNOLOGIES CORP,Materials,,mid,114.09,0.9563,0.9822,1.1477,1.1738,STRONG_DOWN,23.2,23.02,55.75,-30.7,48.4,58.74,0.8056,LOW,-,116.0007,100.6957,98.5762,1,18.9638,TREND_ONLY,12.2209
1011,-141,PM,Philip Morris International,Consumer Staples,Tobacco,large,188.63,0.8694,0.9923,1.1039,0.9625,FLAT,23.23,11.84,103.61,-20.64,54.8,34.88,0.8004,LOW,-,175.787,167.8656,163.0595,1,18.5986,TREND_ONLY,12.214
1012,82,PJT,PJT PARTNERS INC CLASS A,Financials,,mid,155.29,0.8236,0.982,0.9522,0.9516,STRONG_UP,-3.75,5.94,50.7,-32.47,53.2,27.93,0.688,LOW,SHIFT,154.177,147.5536,165.4282,0,11.3207,WEAK,12.2048
1013,-134,CNX,CNX RESOURCES CORP,Energy,,mid,36.53,0.8869,1.0129,0.9092,0.8373,STRONG_UP,-1.67,14.08,48.13,-20.14,53.2,30.41,0.5198,LOW,-,37.2775,38.7842,35.942,1,24.6405,TREND_ONLY,12.2026
1014,-50,STKL,SUNOPTA INC,Consumer Staples,,small,6.5,0.8408,1.0093,0.9624,0.9421,STRONG_UP,23.57,8.15,22.18,-50.22,41.91,65.13,0.0,LOW,-,6.4895,6.4751,5.5372,1,5.2464,TREND_ONLY,12.1905
1015,47,EFSC,ENTERPRISE FINANCIAL SERVICES CORP,Financials,,mid,60.43,0.905,1.0274,1.0073,0.9179,STRONG_UP,17.16,16.42,58.12,-15.28,48.8,25.05,0.8857,LOW,-,58.995,56.8662,56.3078,1,31.9792,TREND_ONLY,12.1802
1016,-80,ADMA,ADMA BIOLOGICS INC,Health Care,,mid,8.56,0.3307,1.0165,0.7501,0.4932,STRONG_UP,-45.44,-57.46,-10.83,-63.97,48.0,79.84,0.631,LOW,EARLY,9.4975,10.688,15.2351,0,-34.5422,WEAK,12.1795
1017,84,MBWM,MERCANTILE BANK CORP,Financials,,small,52.01,0.9378,1.0273,0.9897,0.8981,STRONG_UP,20.77,20.64,40.91,-12.91,49.6,24.54,0.9629,LOW,-,51.301,51.2174,48.4689,1,41.7104,TREND_ONLY,12.1524
1018,5,JBTM,JBT MAREL CORP,Industrials,,mid,128.71,0.8798,1.0329,0.9401,0.7244,STRONG_UP,-5.2,13.17,37.21,-31.46,46.0,47.54,0.5898,LOW,PROGRESS,127.743,128.9466,141.5247,0,12.7478,WEAK,12.1502
1019,-48,BRZE,BRAZE INC CLASS A,Information Technology,,mid,22.82,0.5123,1.1592,0.9104,1.2335,FLAT,-16.2,-34.1,-46.82,-57.09,48.0,81.48,0.7735,LOW,SHIFT,22.0375,21.5663,25.6491,0,-20.0904,WEAK,12.1073
1020,-167,SHAK,SHAKE SHACK INC CLASS A,Consumer Discretionary,,mid,63.47,0.4324,1.0353,0.6146,0.6292,FLAT,-26.44,-44.38,-36.13,-57.97,47.6,75.26,1.123,MED,EARLY,81.7865,88.5524,92.3392,0,-28.0712,WEAK,12.0752
1021,-288,VRNS,VARONIS SYSTEMS INC,Information Technology,,mid,31.1,0.5221,1.1532,1.1874,1.2177,STRONG_DOWN,-5.59,-32.84,-28.9,-68.11,54.4,55.52,0.9347,LOW,SHIFT,27.3285,24.7568,37.6251,0,-32.1813,WEAK,12.0684
1022,-44,UTI,UNIVERSAL TECHNICAL INSTITUTE INC,Consumer Discretionary,,mid,37.08,0.8161,0.9018,0.9397,1.1251,STRONG_DOWN,28.08,4.98,158.4,-39.36,54.0,52.39,0.6676,LOW,-,37.2685,36.9218,30.7421,1,5.1362,TREND_ONLY,12.0557
1023,-133,FLR,FLUOR CORP,Industrials,,mid,43.43,0.8913,0.9636,0.8705,0.7503,STRONG_UP,5.59,14.65,6.24,-30.19,49.6,52.34,0.8139,LOW,EARLY,48.1925,47.411,45.2016,0,13.8845,WEAK,12.0497
1024,-128,FLYW,FLYWIRE CORP,Financials,,small,15.91,1.0774,0.9822,1.0904,1.3141,STRONG_DOWN,17.59,38.59,-5.24,-28.16,49.6,62.79,0.5278,LOW,-,15.285,13.5182,13.2503,1,30.4827,TREND+LEAD,12.041
1025,-12,NIC,NICOLET BANKSHARES INC,Financials,,mid,142.33,0.9084,1.0187,0.9559,0.8198,STRONG_UP,18.41,16.85,75.59,-17.88,50.0,31.0,0.7313,LOW,-,144.28,147.6194,136.9703,1,27.1744,TREND_ONLY,12.0296
1026,-206,SO,Southern Company,Utilities,Electric Utilities,large,93.62,0.8383,1.017,0.9858,0.9285,STRONG_UP,4.9,7.83,25.29,-14.99,52.0,16.95,0.7294,LOW,-,93.3208,94.3702,91.0972,1,24.0193,TREND_ONLY,12.0161
1027,56,NRG,NRG Energy,Utilities,Independent Power Producers & Energy Traders,large,133.98,0.6776,1.0038,0.8619,0.6957,STRONG_UP,-19.01,-12.84,66.22,-32.57,50.4,52.39,1.0198,MED,EARLY,143.9354,150.4188,157.5328,0,-12.3493,WEAK,12.0108
1028,58,MET,MetLife,Financials,Life & Health Insurance,large,82.51,0.8481,1.0518,1.0364,0.975,STRONG_UP,11.1,9.1,20.5,-17.46,52.8,25.37,0.5681,LOW,-,78.7891,74.3887,76.462,1,18.9364,TREND_ONLY,12.0021
1029,0,EAT,BRINKER INTERNATIONAL INC,Consumer Discretionary,,mid,131.18,0.7088,0.9682,0.8518,0.8304,STRONG_UP,7.35,-8.82,105.48,-44.41,49.6,60.12,0.741,LOW,EARLY,138.8135,143.9616,143.796,0,-7.277,WEAK,11.9955
1030,0,QUBT,QUANTUM COMPUTING INC,Information Technology,,small,9.56,0.7051,0.8226,0.9303,1.1225,STRONG_DOWN,-22.53,-9.3,1197.15,-74.37,47.6,89.03,0.8513,LOW,-,9.732,8.4631,12.2739,0,-4.9711,WEAK,11.9867
1031,125,IFF,International Flavors & Fragrances,Materials,Specialty Chemicals,large,74.43,0.769,0.9873,1.0034,0.8532,FLAT,14.14,-1.08,-20.73,-24.03,50.0,49.86,1.5085,HIGH,-,74.0425,72.2239,68.3606,1,-1.0839,TREND_ONLY,11.98
1032,-11,IP,International Paper,Materials,Paper & Plastic Packaging Products & Materials,large,30.88,0.5143,0.9863,0.8889,0.6172,STRONG_UP,-15.36,-33.85,-20.21,-45.52,44.4,48.43,0.7699,LOW,EARLY,32.0575,34.4144,40.6756,0,-31.0316,WEAK,11.9793
1033,90,AAT,AMERICAN ASSETS TRUST REIT INC,Real Estate,,small,21.76,0.9374,1.0534,1.0115,1.0504,FLAT,19.4,20.58,10.32,-13.97,52.4,24.34,0.8237,LOW,-,20.981,19.9004,19.087,1,44.3019,TREND_ONLY,11.9346
1034,-26,CBT,CABOT CORP,Materials,,mid,78.25,0.8497,0.9621,0.9956,0.9655,FLAT,31.58,9.3,-19.75,-28.82,48.4,29.15,0.7634,LOW,-,79.7655,75.5486,72.3012,1,15.446,TREND_ONLY,11.9308
1035,-175,ACHR,ARCHER AVIATION INC CLASS A,Industrials,,mid,5.78,0.4153,0.9101,0.9151,0.7736,FLAT,-24.05,-46.58,66.09,-63.78,46.8,58.18,1.4427,MED,EARLY,6.036,5.8468,8.081,0,-37.4693,WEAK,11.9218
1036,146,PPG,PPG Industries,Materials,Specialty Chemicals,large,104.39,0.749,0.9948,0.9028,0.7702,STRONG_UP,11.45,-3.66,-17.98,-25.68,49.2,38.85,1.5462,HIGH,EARLY,106.4507,105.7997,106.0937,0,-4.6321,WEAK,11.9052
1037,62,RDN,RADIAN GROUP INC,Financials,,mid,37.6,0.9102,1.0288,1.0139,1.0548,FLAT,10.69,17.08,26.92,-14.34,51.6,24.03,0.5064,LOW,-,36.613,34.8664,34.3959,1,36.6807,TREND_ONLY,11.9002
1038,17,KOP,KOPPERS HOLDINGS INC,Materials,,small,39.2,1.0116,0.9329,0.9895,1.0381,STRONG_DOWN,41.06,30.12,-9.49,-23.96,50.0,44.35,0.5836,LOW,-,41.127,38.9406,31.8263,1,33.9571,TREND+LEAD,11.8835
1039,31,ALHC,ALIGNMENT HEALTHCARE INC,Health Care,,mid,16.66,0.8449,1.0154,0.7608,0.7502,STRONG_UP,3.48,8.68,123.62,-33.94,52.0,61.55,0.8628,LOW,EARLY,18.8305,18.9568,18.4888,0,7.3297,WEAK,11.8824
1040,44,GATX,GATX CORP,Industrials,,mid,170.85,0.9244,0.978,0.834,0.8011,STRONG_UP,12.64,18.9,25.1,-16.74,53.6,30.92,0.5508,LOW,EARLY,187.3515,182.3558,172.9047,0,32.7703,WEAK,11.8689
1041,-56,CCEP,Coca-Cola Europacific Partners,Consumer Staples,Soft Drinks,large,93.28,0.8371,1.0476,0.9404,0.8273,STRONG_UP,4.46,7.68,33.01,-18.22,54.8,25.45,0.7771,LOW,-,92.9931,93.9862,91.377,1,16.5372,TREND_ONLY,11.8567
1042,-93,CNR,CORE NATURAL RESOURCES INC,Energy,,mid,83.06,0.9117,0.9971,0.8896,0.8772,STRONG_UP,3.58,17.28,-14.29,-27.22,48.8,49.22,0.5102,LOW,EARLY,86.431,93.706,86.783,0,17.1286,WEAK,11.8339
1043,-34,SYY,Sysco,Consumer Staples,Food Distributors,large,75.46,0.8355,1.0426,0.9586,0.7824,STRONG_UP,0.91,7.48,5.95,-23.98,50.0,37.01,0.444,LOW,PROGRESS,73.817,75.9783,77.7806,0,10.0996,WEAK,11.8276
1044,89,BBT,BEACON FINANCIAL CORP,Financials,,mid,28.83,0.924,1.0368,0.8948,0.8511,STRONG_UP,20.2,18.85,34.4,-13.9,50.8,30.07,0.6204,LOW,-,28.9872,29.5657,26.7887,1,31.852,TREND_ONLY,11.8114
1045,71,RYZ,RYERSON HOLDING CORP,Materials,,small,25.12,0.9417,0.9711,0.9375,0.833,STRONG_UP,25.97,21.13,13.66,-34.71,52.8,62.55,0.5621,LOW,-,26.261,24.1418,24.1279,1,17.8378,TREND_ONLY,11.8099
1046,-162,INTA,INTAPP INC,Information Technology,,mid,20.96,0.2884,1.0171,0.8717,0.8906,FLAT,-49.63,-62.9,-45.19,-66.6,43.2,65.08,1.029,MED,EARLY,22.4895,23.435,34.9318,0,-41.7547,WEAK,11.8094
1047,56,LOW,Lowe's,Consumer Discretionary,Home Improvement Retail,large,221.05,0.7707,0.9978,0.865,0.7348,STRONG_UP,1.61,-0.87,2.13,-23.77,50.0,31.37,2.2019,HIGH,EARLY,229.619,234.8658,247.1617,0,-1.3824,WEAK,11.8009
1048,-8,OPCH,OPTION CARE HEALTH INC,Health Care,,mid,22.23,0.5283,1.1247,0.7516,0.5777,STRONG_UP,-21.39,-32.04,-23.69,-46.65,44.0,61.11,1.8059,HIGH,EARLY,22.2735,25.9772,29.2959,0,-23.0686,WEAK,11.7624
1049,153,FELE,FRANKLIN ELECTRIC INC,Industrials,,mid,97.1,0.8756,0.997,0.9445,0.9424,STRONG_UP,7.68,12.63,-0.09,-18.18,49.2,24.69,0.9206,LOW,-,99.3218,96.7952,96.5135,1,25.1677,TREND_ONLY,11.7271
1050,39,MAS,Masco,Industrials,Building Products,large,66.68,0.8382,0.986,0.865,0.823,STRONG_UP,13.33,7.82,-1.27,-24.38,46.0,40.33,0.6283,LOW,-,70.2475,65.398,67.4022,0,8.9235,WEAK,11.7252
1051,57,PKG,Packaging Corporation of America,Materials,Paper & Plastic Packaging Products & Materials,large,213.21,0.8901,0.9777,0.9967,0.8386,FLAT,9.74,14.5,23.14,-17.21,51.2,32.74,0.6772,LOW,-,217.2565,213.021,210.5338,1,22.673,TREND_ONLY,11.6897
1052,-75,TWO,TWO HARBORS INVESTMENT CORP,Financials,,small,12.51,0.981,1.0021,1.0902,1.1098,STRONG_DOWN,39.69,26.19,29.3,-36.81,48.0,49.92,0.2923,LOW,-,12.09,11.1756,10.1577,1,25.181,TREND_ONLY,11.6847
1053,-27,RVTY,Revvity,Health Care,Health Care Equipment,mid,94.8,0.8228,0.9928,0.9648,0.8771,STRONG_UP,2.01,5.84,-15.82,-30.09,51.2,42.32,0.902,LOW,-,92.4485,90.2246,94.3529,1,7.0602,TREND_ONLY,11.6769
1054,-70,CCI,Crown Castle,Real Estate,Telecom Tower REITs,large,92.64,0.7429,1.071,1.0334,0.9886,STRONG_UP,4.25,-4.44,2.4,-30.0,52.4,30.18,0.831,LOW,-,88.96,86.1787,89.1905,1,-7.7176,TREND_ONLY,11.6664
1055,-10,OTTR,OTTER TAIL CORP,Utilities,,mid,86.39,0.8911,0.9732,0.9598,0.9494,STRONG_UP,6.81,14.63,-1.33,-12.7,51.2,22.78,0.7302,LOW,-,88.2314,87.4769,83.3209,1,32.8712,TREND_ONLY,11.6593
1056,121,OCFC,OCEANFIRST FINANCIAL CORP,Financials,,small,18.8,0.9011,1.0229,0.9707,0.9112,STRONG_UP,8.8,15.91,30.12,-15.39,48.0,25.31,1.1597,MED,-,18.7105,18.326,18.0726,1,30.1685,TREND_ONLY,11.6553
1057,-14,ZD,ZIFF DAVIS INC,Communication,,small,42.33,1.0667,1.0518,0.8516,1.2508,FLAT,42.96,37.21,-24.09,-33.79,49.6,105.25,0.4888,LOW,-,43.8435,43.6638,37.5208,1,17.5366,TREND+LEAD,11.6192
1058,-39,WFC,Wells Fargo,Financials,Diversified Banks,large,75.81,0.8229,1.037,0.9078,0.7973,STRONG_UP,-8.64,5.85,29.08,-23.02,55.2,30.63,0.8171,LOW,EARLY,77.5014,78.6362,83.2157,0,10.5471,WEAK,11.6035
1059,-25,CLB,CORE LABORATORIES INC,Energy,,small,13.75,0.9641,1.0303,0.7739,0.6929,STRONG_UP,-10.13,24.01,-26.59,-33.47,50.0,52.21,0.6339,LOW,-,14.494,15.6669,15.2143,0,22.9928,WEAK,11.5997
1060,155,FLG,FLAGSTAR BANK NATIONAL ASSOCIATION,Financials,,mid,13.67,0.8914,1.0071,0.9217,0.9103,STRONG_UP,26.42,14.66,34.06,-17.47,49.6,28.68,0.6101,LOW,-,13.8835,13.5756,12.6876,1,25.3606,TREND_ONLY,11.581
1061,63,NBHC,NATIONAL BANK HOLDINGS CORP CLASS,Financials,,small,42.04,0.9139,1.0292,0.9713,0.9243,STRONG_UP,19.87,17.56,19.57,-14.41,49.2,23.31,0.4144,LOW,-,42.2445,40.8256,38.9486,1,37.0697,TREND_ONLY,11.5724
1062,-25,HROW,HARROW INC,Health Care,,small,30.86,0.8975,1.0093,0.7565,0.5505,STRONG_UP,-22.33,15.45,87.14,-47.03,50.8,83.81,,LOW,-,36.5835,36.4036,41.3256,0,9.3652,WEAK,11.564
1063,37,FTV,Fortive,Industrials,Industrial Machinery & Supplies & Components,large,59.03,0.8727,1.0112,0.9306,0.9405,FLAT,17.43,12.25,2.49,-15.62,48.0,23.34,0.833,LOW,-,60.1465,58.233,53.7041,1,25.203,TREND_ONLY,11.5359
1064,55,GRBK,GREEN BRICK PARTNERS INC,Consumer Discretionary,,mid,65.7,0.8599,1.0358,0.8794,0.7741,STRONG_UP,6.36,10.61,16.34,-23.99,48.0,36.17,1.2586,MED,EARLY,66.2675,65.92,68.3115,0,14.0749,WEAK,11.5344
1065,9,EG,Everest Group,Financials,Reinsurance,large,358.42,0.8282,1.0396,0.9968,0.9768,STRONG_UP,12.7,6.53,-6.0,-16.43,52.8,18.69,0.5698,LOW,-,350.641,337.9801,332.7335,1,18.4489,TREND_ONLY,11.5343
1066,70,PFSI,PENNYMAC FINANCIAL SERVICES INC,Financials,,mid,87.09,0.7123,1.0045,0.927,0.8789,STRONG_UP,-29.81,-8.37,-5.0,-47.06,50.0,30.11,0.6168,LOW,EARLY,88.4735,88.4215,111.3016,0,-13.8982,WEAK,11.5244
1067,71,HBAN,Huntington Bancshares,Financials,Regional Banks,large,15.82,0.8337,1.0295,0.9024,0.8231,STRONG_UP,5.03,7.24,21.19,-21.26,51.2,26.88,0.4914,LOW,EARLY,16.1225,15.9699,16.5258,0,13.7831,WEAK,11.5214
1068,-71,BWIN,BALDWIN INSURANCE GROUP INC CLASS,Financials,,mid,20.12,0.4153,1.0251,0.7541,1.129,FLAT,-24.81,-46.57,-42.82,-62.95,47.6,69.5,0.6743,LOW,EARLY,21.6305,22.0286,24.9588,0,-31.8986,WEAK,11.5155
1069,-42,J,Jacobs Solutions,Industrials,Construction & Engineering,large,113.82,0.7074,1.0188,0.8562,0.7654,STRONG_UP,-24.12,-9.01,0.98,-34.44,50.0,35.99,0.5637,LOW,EARLY,121.3745,125.3782,139.1211,0,-12.5173,WEAK,11.4629
1070,11,FSS,FEDERAL SIGNAL CORP,Industrials,,mid,112.24,0.9413,0.9857,0.9458,0.8792,STRONG_UP,5.44,21.08,31.27,-19.04,49.2,38.44,0.5302,LOW,EARLY,116.7183,112.8049,115.9815,0,26.9823,WEAK,11.4163
1071,-198,PRA,PROASSURANCE CORP,Financials,,small,24.6,0.8257,1.0093,0.961,0.9313,STRONG_UP,2.2,6.22,69.3,-2.22,44.8,5.71,0.797,LOW,-,24.6495,24.599,24.2117,1,48.7827,TREND_ONLY,11.4061
1072,142,HMN,HORACE MANN EDUCATORS CORP,Financials,,small,46.77,0.8701,1.0516,0.99,1.0147,FLAT,3.44,11.92,46.67,-10.73,56.8,17.85,1.2086,MED,-,45.4595,44.2004,44.1455,1,37.9306,TREND_ONLY,11.3478
1073,156,PRU,Prudential Financial,Financials,Life & Health Insurance,large,103.22,0.8199,1.0095,1.0441,0.9256,FLAT,1.93,5.46,-4.58,-21.46,54.8,24.49,0.6106,LOW,-,99.5555,97.501,102.8244,1,12.2258,TREND_ONLY,11.3391
1074,-143,CTSH,Cognizant,Information Technology,IT Consulting & Other Services,large,51.3,0.5091,1.1323,0.8429,0.7369,STRONG_UP,-27.63,-34.51,-22.69,-46.71,49.6,39.28,1.0767,MED,PROGRESS,51.1127,56.6536,68.5737,0,-43.5794,WEAK,11.3261
1075,0,DECK,Deckers Brands,Consumer Discretionary,Footwear,large,98.24,0.6191,1.0441,0.8753,0.7677,STRONG_UP,17.27,-20.36,-34.49,-36.92,45.6,38.54,1.0061,MED,EARLY,99.899,102.0966,102.9586,0,-24.0934,WEAK,11.3239
1076,-38,WLY,JOHN WILEY AND SONS INC CLASS A,Communication,,mid,41.36,0.8021,1.059,0.9476,1.2963,FLAT,25.01,3.18,16.83,-34.42,46.4,38.5,0.5618,LOW,-,40.7385,39.2116,35.6736,1,3.8285,TREND_ONLY,11.3116
1077,148,CIM,CHIMERA INVESTMENT CORP,Financials,,small,13.25,0.8839,1.0055,0.9466,0.9412,STRONG_UP,19.19,13.69,26.12,-18.18,50.8,21.94,0.7701,LOW,-,13.481,13.1176,12.5242,1,31.7092,TREND_ONLY,11.2866
1078,103,ORC,ORCHID ISLAND CAPITAL INC,Financials,,small,6.78,0.931,0.9889,0.9495,0.8702,STRONG_UP,3.33,19.75,14.22,-15.79,47.6,27.67,0.5328,LOW,-,6.933,6.9335,6.7686,1,33.9835,TREND_ONLY,11.2587
1079,32,ROAD,CONSTRUCTION PARTNERS INC CLASS A,Industrials,,mid,112.52,0.8605,0.9097,0.8922,0.7913,STRONG_UP,6.85,10.68,95.28,-26.55,49.6,61.45,1.1325,MED,EARLY,123.939,118.2067,117.6623,0,8.6226,WEAK,11.2283
1080,26,DE,Deere & Company,Industrials,Agricultural & Farm Machinery,large,560.46,0.8577,0.9844,0.9272,0.787,STRONG_UP,19.03,10.33,49.0,-16.15,49.6,29.97,0.8833,LOW,-,574.628,578.2047,518.0812,1,17.0899,TREND_ONLY,11.1738
1081,-250,MCW,MISTER CAR WASH INC,Consumer Discretionary,,mid,7.1,0.7752,1.0122,0.9732,0.9449,STRONG_UP,42.86,-0.28,2.01,-34.64,42.57,5.84,0.0,LOW,-,7.06,7.013,5.9884,1,-2.0476,TREND_ONLY,11.1664
1082,-206,CRK,COMSTOCK RESOURCES INC,Energy,,mid,14.34,0.4766,0.9727,0.7889,0.6661,STRONG_UP,-42.59,-38.69,30.36,-54.13,47.6,57.56,1.109,MED,EARLY,15.8835,18.0758,19.7687,0,-31.9966,WEAK,11.1609
1083,51,HTO,H2O AMERICA,Utilities,,mid,56.91,0.8686,1.0283,0.9164,0.9638,FLAT,25.8,11.73,1.92,-16.72,50.4,25.8,1.0598,MED,-,57.2604,57.5704,51.2339,1,22.9142,TREND_ONLY,11.1498
1084,-20,CHEF,CHEFS WAREHOUSE INC,Consumer Staples,,mid,77.34,0.9403,0.9616,1.1319,1.0245,FLAT,33.83,20.96,,-20.49,54.4,50.01,0.8119,LOW,-,76.487,67.8612,63.786,1,22.7968,TREND_ONLY,11.1008
1085,2,SNA,Snap-on,Industrials,Industrial Machinery & Supplies & Components,large,363.31,0.8949,1.0009,0.9116,0.8789,STRONG_UP,11.65,15.11,37.78,-8.47,49.2,23.34,0.4696,LOW,-,373.7225,371.2788,351.3958,1,31.8522,TREND_ONLY,11.0798
1086,-66,COR,Cencora,Health Care,Health Care Distributors,large,264.75,0.7117,1.0258,0.8258,0.6817,STRONG_UP,-26.5,-8.45,23.94,-32.44,52.8,41.05,0.9903,LOW,EARLY,281.0801,306.9357,325.3456,0,-10.8648,WEAK,11.0675
1087,-34,CVSA,COVISTA INC,Consumer Discretionary,,mid,126.01,0.7495,1.0053,1.0276,1.2095,STRONG_DOWN,31.6,-3.59,90.58,-42.14,55.2,43.11,0.7409,LOW,-,120.076,115.5926,116.8097,1,-4.5947,TREND_ONLY,11.0346
1088,69,AVA,AVISTA CORP,Utilities,,mid,41.16,0.8724,1.0216,0.996,0.9235,STRONG_UP,4.31,12.22,20.11,-9.89,53.2,19.39,0.7896,LOW,-,40.4576,40.1471,38.3976,1,33.5264,TREND_ONLY,11.0278
1089,-10,LMAT,LEMAITRE VASCULAR INC,Health Care,,mid,101.43,0.974,1.0289,0.8628,1.0146,FLAT,17.83,25.29,30.75,-19.91,53.2,58.22,0.9524,LOW,-,106.468,109.0532,94.1295,1,23.1085,TREND_ONLY,11.0051
1090,-96,PAGS,PAGSEGURO DIGITAL LTD CLASS A,Financials,,mid,9.32,0.8911,1.0441,0.8311,0.7841,STRONG_UP,-0.38,14.62,-24.47,-26.36,49.2,52.49,0.6967,LOW,EARLY,9.714,9.9347,9.6896,0,13.7052,WEAK,10.9796
1091,107,CVCO,CAVCO INDUSTRIES INC,Consumer Discretionary,,mid,495.11,0.7459,1.0486,0.892,0.7708,STRONG_UP,-8.18,-4.05,36.63,-34.68,53.2,45.76,1.1851,MED,PROGRESS,493.218,495.5646,546.7356,0,-4.711,WEAK,10.9776
1092,0,BOOT,BOOT BARN HOLDINGS INC,Consumer Discretionary,,mid,142.27,0.7026,0.9811,0.8289,0.6606,STRONG_UP,-16.84,-9.62,25.29,-35.01,48.0,46.42,1.6684,HIGH,EARLY,158.5575,157.272,177.3117,0,-9.9456,WEAK,10.9509
1093,16,LII,Lennox International,Industrials,Building Products,large,493.33,0.6799,0.968,0.9665,0.8181,STRONG_UP,8.9,-12.54,1.85,-33.77,46.4,42.18,0.5313,LOW,-,510.843,490.7769,515.3836,0,-13.7966,WEAK,10.9463
1094,-140,QLYS,QUALYS INC,Information Technology,,mid,100.55,0.5755,1.1702,1.0875,1.0065,STRONG_UP,-27.43,-25.97,-30.42,-50.46,48.4,57.62,0.8166,LOW,SHIFT,90.627,89.7018,119.8288,0,-21.8175,WEAK,10.9391
1095,-80,NFLX,Netflix,Communication Services,Movies & Entertainment,large,88.09,0.5732,1.0227,0.9065,1.0386,FLAT,-22.79,-26.26,35.4,-43.35,46.8,44.17,0.484,LOW,EARLY,89.5655,93.908,102.155,0,-27.8254,WEAK,10.9241
1096,26,DRI,Darden Restaurants,Consumer Discretionary,Restaurants,large,197.27,0.778,1.0231,0.9477,0.8487,STRONG_UP,17.09,0.08,40.47,-23.92,50.4,26.56,0.438,LOW,-,196.3445,196.9073,193.6597,1,0.1563,TREND_ONLY,10.8932
1097,-2,PNTG,PENNANT GROUP INC,Health Care,,small,35.32,0.9591,0.9661,1.1539,1.0137,FLAT,35.38,23.37,49.16,-26.06,51.6,45.74,0.7995,LOW,-,33.254,31.9784,28.4977,1,26.3608,TREND_ONLY,10.8843
1098,-118,BBUC,BROOKFIELD BUSINESS CORP CLASS A,Industrials,,mid,32.88,0.8955,1.0143,0.929,0.8609,STRONG_UP,2.08,15.19,57.77,-21.01,54.4,39.53,0.8942,LOW,-,33.254,32.8354,34.1407,0,20.9024,WEAK,10.8794
1099,68,WSBC,WESBANCO INC,Financials,,mid,34.17,0.8996,1.0357,0.9905,0.8696,STRONG_UP,15.41,15.71,30.14,-12.9,49.6,27.54,0.891,LOW,-,33.936,34.2874,32.9182,1,28.2969,TREND_ONLY,10.8794
1100,-3,BBY,Best Buy,Consumer Discretionary,Computer & Electronics Retail,large,60.98,0.7139,1.0859,0.921,0.8906,STRONG_UP,-15.69,-8.17,-7.47,-32.01,46.4,34.68,0.7856,LOW,PROGRESS,58.6295,61.4075,68.3584,0,-10.9326,WEAK,10.8439
1101,-227,ALL,Allstate,Financials,Property & Casualty Insurance,large,221.98,0.8571,1.0351,0.9945,1.0028,FLAT,6.76,10.25,,-11.48,53.2,18.58,0.6298,LOW,-,216.787,212.3484,205.5483,1,29.3415,TREND_ONLY,10.83
1102,-126,FIVN,FIVE9 INC,Information Technology,,small,22.29,0.6793,1.0842,1.2891,1.0701,FLAT,19.9,-12.62,-57.5,-53.96,46.4,84.87,1.0712,MED,-,20.3705,17.3461,20.4543,1,-6.901,TREND_ONLY,10.8253
1103,-25,NSIT,INSIGHT ENTERPRISES INC,Information Technology,,mid,92.18,0.537,1.0413,1.1483,1.0,FLAT,4.74,-30.92,-55.76,-56.07,50.0,59.49,0.8606,LOW,SHIFT,79.518,75.4772,93.1914,0,-25.9878,WEAK,10.7998
1104,69,GPN,Global Payments,Financials,Transaction & Payment Processing Services,large,70.78,0.7358,1.0611,0.9482,0.7987,STRONG_UP,-1.11,-5.36,-32.59,-29.7,46.0,37.19,0.7616,LOW,SHIFT,69.202,68.8934,77.0906,0,-6.6245,WEAK,10.7943
1105,50,KAI,KADANT INC,Industrials,,mid,309.17,0.7863,0.9679,0.9175,0.8446,STRONG_UP,25.21,1.15,9.41,-30.91,48.0,48.66,0.5983,LOW,-,314.468,311.824,308.0105,1,1.1322,TREND_ONLY,10.7856
1106,74,GABC,GERMAN AMERICAN BANCORP INC,Financials,,small,43.06,0.8972,1.0289,0.9631,0.9211,STRONG_UP,14.53,15.41,35.75,-11.3,47.2,20.24,0.7411,LOW,-,42.894,42.2185,40.3246,1,35.9432,TREND_ONLY,10.7841
1107,-150,ACN,Accenture,Information Technology,IT Consulting & Other Services,large,179.22,0.4445,1.1031,0.9046,0.7785,STRONG_UP,-24.69,-42.83,-39.11,-49.58,46.8,43.63,0.6192,LOW,PROGRESS,175.6305,186.8507,232.0726,0,-45.9408,WEAK,10.7465
1108,76,CRI,CARTERS INC,Consumer Discretionary,,small,37.11,0.928,1.1095,0.916,0.7814,STRONG_UP,32.06,19.37,-39.94,-30.3,53.2,63.3,0.3769,LOW,-,35.3625,35.516,32.6597,1,16.2794,TREND_ONLY,10.7328
1109,36,FUL,HB FULLER,Materials,,mid,59.07,0.8533,1.0019,0.903,0.8343,STRONG_UP,6.23,9.76,-25.8,-26.97,48.8,41.36,0.4927,LOW,EARLY,60.1244,59.1678,59.7531,0,11.5181,WEAK,10.7295
1110,-60,CLOV,CLOVER HEALTH INVESTMENTS CORP CLA,Health Care,,small,3.59,0.7929,1.0383,1.3778,1.6485,STRONG_DOWN,52.77,1.99,287.27,-55.5,45.6,54.89,0.9675,LOW,-,2.969,2.3614,2.5445,1,1.6521,TREND_ONLY,10.7049
1111,81,FRME,FIRST MERCHANTS CORP,Financials,,mid,40.11,0.8576,1.018,0.9533,0.8864,STRONG_UP,16.4,10.32,22.91,-15.73,50.0,22.34,0.9234,LOW,-,40.0205,39.3644,38.2959,1,23.0876,TREND_ONLY,10.69
1112,47,ITW,Illinois Tool Works,Industrials,Industrial Machinery & Supplies & Components,large,250.77,0.817,1.0093,0.9008,0.7935,STRONG_UP,4.98,5.1,5.82,-16.91,50.8,21.86,1.2757,MED,EARLY,256.822,261.465,258.4095,0,11.8403,WEAK,10.6604
1113,-53,SBAC,SBA Communications,Real Estate,Telecom Tower REITs,large,207.74,0.712,1.0421,0.9408,0.9723,FLAT,5.79,-8.42,9.12,-29.8,44.8,49.98,0.4479,LOW,-,213.794,202.5111,196.2552,1,-7.5457,TREND_ONLY,10.6427
1114,132,NBTB,NBT BANCORP INC,Financials,,mid,45.57,0.8666,1.0364,0.9777,0.9344,STRONG_UP,16.63,11.47,26.51,-12.17,47.2,24.28,1.1736,MED,-,44.567,43.7342,42.4935,1,22.2972,TREND_ONLY,10.6283
1115,-2,DTE,DTE Energy,Utilities,Multi-Utilities,large,142.77,0.8427,1.0021,0.9541,0.9205,STRONG_UP,5.92,8.4,30.32,-10.13,57.2,18.73,0.7411,LOW,-,144.5,145.6839,137.8865,1,25.6662,TREND_ONLY,10.6118
1116,2,CALX,CALIX NETWORKS INC,Information Technology,,mid,38.37,0.6344,0.962,0.8632,0.64,STRONG_UP,-30.66,-18.4,22.12,-43.92,49.2,44.99,1.147,MED,EARLY,42.1605,46.6976,54.4658,0,-20.1179,WEAK,10.5708
1117,104,NVR,"NVR, Inc.",Consumer Discretionary,Homebuilding,large,5990.3701,0.6579,1.0644,0.8694,0.733,STRONG_UP,-16.18,-15.37,-21.39,-34.88,47.2,30.22,1.0387,MED,EARLY,6047.293,6402.5152,7354.2725,0,-24.0021,WEAK,10.5621
1118,40,VRTX,Vertex Pharmaceuticals,Health Care,Biotechnology,large,430.44,0.7687,0.9646,0.9436,0.8372,STRONG_UP,-1.17,-1.12,-2.62,-23.56,47.6,30.26,1.3916,MED,EARLY,432.8985,442.3362,434.2084,0,-1.7634,WEAK,10.5428
1119,-63,COLL,COLLEGIUM PHARMACEUTICAL INC,Health Care,,small,34.22,0.9027,0.9917,0.9931,0.7054,FLAT,-24.53,16.12,-0.81,-35.81,52.4,42.66,0.5787,LOW,-,34.6095,34.3333,39.659,0,19.7981,WEAK,10.5391
1120,-233,EQT,EQT Corporation,Energy,Oil & Gas Exploration & Production,large,57.83,0.8164,1.0318,0.9476,0.8891,STRONG_UP,-1.01,5.02,44.23,-18.39,50.4,28.04,0.7562,LOW,-,57.7798,60.1352,56.0518,1,9.0262,TREND_ONLY,10.5168
1121,-198,BL,BLACKLINE INC,Information Technology,,mid,30.84,0.4445,1.1598,0.9326,0.7913,STRONG_UP,-43.11,-42.83,-41.45,-57.11,51.2,64.39,0.9816,LOW,PROGRESS,29.9745,33.075,46.8211,0,-34.0528,WEAK,10.4968
1122,-20,MSFT,Microsoft,Information Technology,Systems Software,large,421.06,0.7275,1.038,0.9332,0.9832,FLAT,-14.37,-6.42,-0.53,-33.91,51.6,27.47,0.8086,LOW,SHIFT,416.749,399.8226,460.3025,0,-12.0632,WEAK,10.4775
1123,83,BDC,BELDEN INC,Information Technology,,mid,105.51,0.7519,0.968,0.77,0.6716,STRONG_UP,-2.3,-3.28,11.6,-32.41,51.2,44.15,1.0129,MED,EARLY,115.053,118.3932,121.9679,0,-3.8064,WEAK,10.4606
1124,-151,FISV,Fiserv,Financials,Transaction & Payment Processing Services,large,56.41,0.2703,1.065,0.8556,0.8512,STRONG_UP,-8.04,-65.23,-63.08,-70.17,50.2,37.02,0.8099,LOW,EARLY,58.0045,57.9468,83.1647,0,-88.4483,WEAK,10.4575
1125,-48,BCRX,BIOCRYST PHARMACEUTICALS INC,Health Care,,mid,8.74,0.6747,0.9218,0.9307,1.0882,STRONG_DOWN,24.86,-13.21,36.14,-44.24,42.4,54.37,0.4345,LOW,-,8.9715,9.1886,7.9135,1,-10.2998,TREND_ONLY,10.4249
1126,-193,CME,CME Group,Financials,Financial Exchanges & Data,large,290.12,0.8312,0.9836,0.9743,0.8943,STRONG_UP,6.86,6.92,49.83,-11.79,55.6,24.84,1.1948,MED,-,289.7405,296.3294,277.0789,1,15.4804,TREND_ONLY,10.3957
1127,128,HAE,HAEMONETICS CORP,Health Care,,mid,59.56,0.6919,1.0525,0.9348,0.9028,STRONG_UP,-19.95,-11.0,-36.09,-40.06,51.6,36.57,1.1097,MED,SHIFT,57.0845,58.0534,62.3086,0,-15.5184,WEAK,10.3863
1128,24,NHI,NATIONAL HEALTH INVESTORS REIT INC,Real Estate,,mid,77.48,0.8658,1.0441,0.9715,0.8193,STRONG_UP,1.27,11.37,29.57,-18.79,52.0,27.29,0.7876,LOW,PROGRESS,75.7005,80.3688,77.9087,0,21.6653,WEAK,10.382
1129,102,NBBK,NB BANCORP INC,Financials,,small,19.85,0.926,1.0212,0.891,0.8341,STRONG_UP,6.0,19.11,28.38,-15.37,49.6,32.21,0.5198,LOW,-,19.7886,20.7085,19.6793,1,29.4349,TREND_ONLY,10.3801
1130,0,MLM,Martin Marietta Materials,Materials,Construction Materials,large,541.98,0.7564,0.951,0.8516,0.7338,STRONG_UP,-8.4,-2.71,-5.73,-24.69,52.0,27.56,1.0896,MED,EARLY,591.417,595.0668,620.6062,0,-5.1047,WEAK,10.3642
1131,-121,FRSH,FRESHWORKS INC CLASS A,Information Technology,,mid,9.2,0.4929,1.1028,0.9907,1.1439,FLAT,-22.56,-36.6,-33.04,-56.87,46.4,48.41,1.3813,MED,SHIFT,8.6745,8.3525,10.6778,0,-35.076,WEAK,10.3634
1132,-139,WEC,WEC Energy Group,Utilities,Electric Utilities,large,110.65,0.8346,1.0004,0.9444,0.9053,STRONG_UP,0.84,7.35,40.08,-11.22,51.6,17.08,0.726,LOW,-,112.8231,113.8402,109.7355,1,22.2145,TREND_ONLY,10.3287
1133,14,SW,Smurfit Westrock,Materials,Paper & Plastic Packaging Products & Materials,large,37.13,0.6686,0.9471,0.9078,0.7147,STRONG_UP,12.02,-14.0,-16.02,-32.21,46.0,45.38,0.7673,LOW,EARLY,39.1693,39.5541,40.571,0,-14.1865,WEAK,10.3056
1134,41,ASTE,ASTEC INDUSTRIES INC,Industrials,,small,48.7,0.9546,0.9853,0.8083,0.773,STRONG_UP,18.84,22.79,48.79,-27.65,50.4,53.13,0.8868,LOW,-,55.1196,55.3841,49.8012,0,21.6194,WEAK,10.3041
1135,33,THRM,GENTHERM INC,Consumer Discretionary,,small,31.2,0.8983,1.001,1.0412,0.8484,FLAT,-9.17,15.56,-36.94,-30.32,48.0,40.49,1.0289,MED,-,30.39,29.249,33.7296,0,18.4408,WEAK,10.2944
1136,-131,BSX,Boston Scientific,Health Care,Health Care Equipment,large,56.67,0.421,1.0681,0.8382,0.7048,STRONG_UP,-42.88,-45.84,-25.11,-51.29,46.4,41.06,0.7322,LOW,PROGRESS,56.6455,62.0778,86.7161,0,-51.8049,WEAK,10.2921
1137,-57,ATEC,ALPHATEC HOLDNGS INC,Health Care,,small,8.24,0.506,1.0987,0.7445,0.5875,STRONG_UP,-58.66,-34.91,-22.85,-69.18,48.8,90.84,0.5836,LOW,-,8.7595,10.4426,15.1845,0,-18.7556,WEAK,10.2899
1138,56,FMNB,FARMERS NATIONAL BANC CORP,Financials,,small,14.08,0.8631,1.0283,0.9705,0.9603,STRONG_UP,12.18,11.02,22.94,-16.69,54.0,21.64,0.8748,LOW,-,14.0225,13.5586,13.5163,1,27.4991,TREND_ONLY,10.2797
1139,121,PSA,Public Storage,Real Estate,Self-Storage REITs,large,302.87,0.8295,1.0088,0.9534,0.9305,STRONG_UP,13.93,6.7,15.94,-16.2,47.6,26.3,0.6135,LOW,-,303.0935,293.0618,282.7608,1,12.1311,TREND_ONLY,10.2681
1140,-92,HON,Honeywell,Industrials,Industrial Conglomerates,large,217.39,0.8258,1.0133,0.9534,0.8352,STRONG_UP,14.74,6.23,18.24,-16.03,47.6,23.75,0.8662,LOW,-,213.6963,222.1094,209.2092,1,12.4807,TREND_ONLY,10.2681
1141,94,LH,Labcorp,Health Care,Health Care Services,large,257.42,0.8381,1.0228,0.906,0.8468,STRONG_UP,-0.41,7.81,28.32,-15.22,52.4,21.79,0.6318,LOW,PROGRESS,256.9355,263.537,267.6949,0,18.7762,WEAK,10.2586
1142,-3,SCHW,Charles Schwab Corporation,Financials,Investment Banking & Brokerage,large,90.11,0.81,1.0169,0.9461,0.8921,STRONG_UP,-1.67,4.19,17.28,-17.51,54.8,27.39,1.2255,MED,EARLY,90.3864,92.4466,94.824,0,8.3909,WEAK,10.247
1143,65,IR,Ingersoll Rand,Industrials,Industrial Machinery & Supplies & Components,large,70.37,0.6745,0.989,0.8069,0.6831,STRONG_UP,-4.29,-13.24,-25.94,-30.56,46.8,36.43,1.2165,MED,EARLY,76.1286,80.1483,81.9757,0,-17.0085,WEAK,10.2373
1144,-56,CENTA,CENTRAL GARDEN AND PET CLASS A,Consumer Staples,,small,34.33,0.8306,1.0191,0.9734,0.9039,STRONG_UP,22.69,6.85,-14.17,-29.51,49.6,23.12,0.971,LOW,-,33.9835,33.2522,31.3407,1,14.6895,TREND_ONLY,10.227
1145,-4,RDNT,RADNET INC,Health Care,,mid,54.21,0.7259,1.0241,0.8994,0.7175,STRONG_UP,-31.52,-6.63,-6.9,-37.99,50.8,44.17,0.438,LOW,EARLY,56.152,57.649,69.4022,0,-7.6264,WEAK,10.2179
1146,-25,HIG,Hartford (The),Financials,Property & Casualty Insurance,large,136.69,0.8335,1.0276,0.9496,0.8955,STRONG_UP,3.57,7.22,38.46,-9.16,52.0,18.76,1.1296,MED,-,134.963,135.6128,133.2986,1,20.0141,TREND_ONLY,10.2157
1147,31,OSIS,OSI SYSTEMS INC,Information Technology,,mid,211.37,0.724,0.9883,0.6933,0.6694,STRONG_UP,-15.88,-6.86,46.26,-33.67,52.0,51.02,1.3127,MED,EARLY,248.2955,269.4362,260.9498,0,-6.9968,WEAK,10.1942
1148,-63,WK,WORKIVA INC CLASS A,Information Technology,,mid,48.56,0.5502,1.0798,0.8317,0.7332,STRONG_UP,-46.46,-29.22,-41.42,-52.51,47.6,47.87,0.6211,LOW,EARLY,51.0555,55.6692,74.747,0,-29.0583,WEAK,10.1704
1149,-137,CMG,Chipotle Mexican Grill,Consumer Discretionary,Restaurants,large,32.96,0.5045,1.0367,0.9007,0.8144,STRONG_UP,7.15,-35.11,-48.06,-48.82,45.2,33.23,0.6697,LOW,PROGRESS,32.928,33.3376,36.978,0,-47.7509,WEAK,10.1605
1150,22,WWW,WOLVERINE WORLD WIDE INC,Consumer Discretionary,,small,15.28,0.7294,1.0133,0.8078,0.7853,STRONG_UP,3.62,-6.18,19.46,-54.62,47.6,50.01,0.7278,LOW,-,16.4465,16.6036,20.4739,0,-5.8824,WEAK,10.0789
1151,-16,ALKS,ALKERMES,Health Care,,mid,36.98,0.9416,0.973,1.0516,1.0749,STRONG_DOWN,26.38,21.13,51.93,-22.2,48.8,52.19,0.7576,LOW,-,35.585,33.1048,30.7974,1,19.7545,TREND_ONLY,10.0651
1152,10,ARRY,ARRAY TECHNOLOGIES INC,Industrials,,small,8.26,0.9031,0.9672,0.9808,0.6822,FLAT,13.15,16.17,-25.65,-44.31,49.6,91.42,0.6631,LOW,-,8.1985,7.612,8.5218,0,8.7754,WEAK,10.06
1153,12,NX,QUANEX BUILDING PRODUCTS CORP,Industrials,,small,17.0,0.7657,0.8965,0.8027,0.7025,STRONG_UP,43.98,-1.5,-46.48,-49.67,49.2,54.79,0.7401,LOW,-,19.2285,18.6794,17.1683,0,-1.3485,WEAK,10.0353
1154,-63,VRSK,Verisk Analytics,Industrials,Research & Consulting Services,large,170.66,0.4281,1.0983,0.9153,0.8696,STRONG_UP,-23.1,-44.93,-31.21,-50.81,45.6,39.21,0.9485,LOW,EARLY,173.2675,181.2837,216.2292,0,-52.2565,WEAK,10.0341
1155,69,CVBF,CVB FINANCIAL CORP,Financials,,mid,20.3,0.863,1.0364,0.9562,0.929,STRONG_UP,12.26,11.01,29.42,-13.91,48.4,24.09,0.8226,LOW,-,20.1595,19.7846,19.2922,1,22.1249,TREND_ONLY,10.0134
1156,13,AORT,ARTIVION INC,Health Care,,small,22.67,0.6173,0.9979,0.5874,0.5486,STRONG_UP,-49.43,-20.6,-3.37,-53.33,52.0,71.16,1.5535,HIGH,-,30.298,33.951,40.3732,0,-15.0501,WEAK,10.003
1157,-37,UHS,Universal Health Services,Health Care,Health Care Facilities,large,164.32,0.6745,0.9718,0.8724,0.6619,STRONG_UP,-28.07,-13.24,-8.08,-33.31,52.0,37.33,0.6475,LOW,EARLY,169.476,178.3316,200.6397,0,-18.4464,WEAK,9.9916
1158,29,RJF,Raymond James Financial,Financials,Investment Banking & Brokerage,large,152.07,0.807,0.9866,0.9443,0.8946,STRONG_UP,-1.69,3.8,25.25,-19.64,55.6,25.24,0.6861,LOW,-,154.777,149.734,159.4733,0,8.371,WEAK,9.9913
1159,-10,MNKD,MANNKIND CORP,Health Care,,small,3.25,0.6059,1.0187,1.1381,0.5441,FLAT,-35.77,-22.06,-31.43,-63.29,45.6,104.09,0.7276,LOW,-,3.0455,2.7768,4.5713,0,-9.6651,WEAK,9.9835
1160,58,SFBS,SERVISFIRST BANCSHARES INC,Financials,,mid,77.2,0.8312,1.0208,0.9437,0.8296,STRONG_UP,14.24,6.92,22.5,-23.75,49.6,28.5,0.4836,LOW,-,78.1065,76.1171,77.3444,0,12.0466,WEAK,9.9522
1161,-19,AGYS,AGILYSYS INC,Information Technology,,small,81.37,0.6314,1.2451,1.1399,0.9598,STRONG_UP,-33.94,-18.78,-21.23,-55.93,52.4,54.7,2.5719,HIGH,-,68.982,68.9226,98.5011,0,-17.9945,WEAK,9.9396
1162,159,TFIN,TRIUMPH FINANCIAL INC,Financials,,small,65.51,0.8736,1.039,0.999,0.9752,STRONG_UP,28.73,12.37,-13.6,-28.76,48.8,44.2,0.6273,LOW,-,65.868,62.2594,59.7108,1,13.6541,TREND_ONLY,9.9183
1163,11,MSCI,MSCI Inc.,Financials,Financial Exchanges & Data,large,581.97,0.819,1.0348,0.9217,0.9957,FLAT,5.31,5.36,18.11,-18.07,52.0,24.83,0.6544,LOW,-,582.6023,562.568,560.5296,1,11.2163,TREND_ONLY,9.9114
1164,-27,MDLZ,Mondelez International,Consumer Staples,Packaged Foods & Meats,large,61.84,0.7612,1.0237,1.0584,0.984,FLAT,12.85,-2.08,-7.03,-25.93,49.6,24.06,0.7918,LOW,-,60.6705,58.4402,58.151,1,-4.2982,TREND_ONLY,9.9
1165,68,YUM,Yum! Brands,Consumer Discretionary,Restaurants,large,152.71,0.8263,1.0233,0.9212,0.8672,STRONG_UP,3.58,6.3,13.93,-10.94,50.0,21.5,1.1505,MED,-,154.7365,157.205,151.714,1,14.6405,TREND_ONLY,9.8293
1166,19,ACGL,Arch Capital Group,Financials,Property & Casualty Insurance,large,96.84,0.8108,1.0458,0.9602,0.912,STRONG_UP,5.5,4.3,0.19,-12.0,54.0,19.01,1.0962,MED,-,94.874,95.2614,93.3469,1,12.2068,TREND_ONLY,9.7985
1167,-16,IBM,IBM,Information Technology,IT Consulting & Other Services,large,225.0,0.6877,1.04,0.8635,0.8175,STRONG_UP,-21.38,-11.54,37.05,-30.96,54.4,41.87,0.5272,LOW,EARLY,225.3213,236.2808,266.4868,0,-14.9988,WEAK,9.7939
1168,-70,BRSL,BRIGHTSTAR LOTTERY PLC,Consumer Discretionary,,mid,10.68,0.703,0.9694,0.8107,0.7489,STRONG_UP,-31.0,-9.57,-31.92,-40.22,48.4,35.18,0.8644,LOW,EARLY,12.148,12.4956,14.5511,0,-13.1661,WEAK,9.7907
1169,78,GBX,GREENBRIER INC,Industrials,,small,48.0,0.8551,0.9998,0.9589,0.7617,STRONG_UP,15.57,9.99,-1.98,-26.98,50.4,34.37,0.4523,LOW,-,49.185,50.2202,47.8389,1,14.6532,TREND_ONLY,9.7835
1170,-99,SILA,SILA RLTY TR INC TRUST,Real Estate,,small,30.25,0.9899,0.9991,0.9535,1.1239,FLAT,31.76,27.34,49.26,-14.11,48.8,41.4,0.5165,LOW,-,30.482,27.1372,24.5442,1,32.2259,TREND_ONLY,9.7781
1171,39,ARE,Alexandria Real Estate Equities,Real Estate,Office REITs,mid,47.84,0.5784,1.0458,0.9839,0.8402,STRONG_UP,-2.93,-25.6,-56.59,-51.61,54.8,46.03,0.4824,LOW,SHIFT,44.829,45.7864,57.525,0,-30.4799,WEAK,9.7494
1172,28,TNC,TENNANT,Industrials,,small,82.9,0.8873,1.0078,0.9847,0.9269,STRONG_UP,20.82,14.13,-17.98,-27.71,53.2,55.82,0.4981,LOW,-,82.9115,75.589,76.5495,1,13.4689,TREND_ONLY,9.7419
1173,-77,MOH,Molina Healthcare,Health Care,Managed Health Care,mid,182.24,0.4433,0.9847,1.1428,1.1195,FLAT,29.07,-42.98,-46.76,-61.63,51.6,49.12,0.5026,LOW,-,187.7045,161.3844,165.7909,1,-45.1524,TREND_ONLY,9.7223
1174,74,LEG,LEGGETT & PLATT INC,Consumer Discretionary,,small,9.78,0.8862,1.0413,0.8231,0.7648,STRONG_UP,12.68,13.99,-12.57,-28.51,45.6,50.96,1.0499,MED,-,10.3205,10.3466,10.2718,0,12.5191,WEAK,9.7178
1175,-193,KR,Kroger,Consumer Staples,Food Retail,large,68.68,0.7911,1.0434,0.9732,0.965,STRONG_UP,2.98,1.76,33.47,-19.44,46.4,29.67,0.7191,LOW,-,66.7554,69.2403,66.5082,1,2.7523,TREND_ONLY,9.7177
1176,143,GIII,G III APPAREL GROUP LTD,Consumer Discretionary,,small,29.64,0.8462,1.0056,0.908,0.8654,STRONG_UP,9.73,8.85,8.53,-29.39,51.6,38.95,0.8029,LOW,-,30.5535,29.1354,28.4863,1,11.7244,TREND_ONLY,9.6969
1177,-6,CSR,CENTERSPACE,Real Estate,,small,67.07,0.8835,0.9973,0.9891,1.0147,FLAT,2.62,13.65,9.05,-17.43,50.8,24.25,0.7445,LOW,-,67.45,63.3289,61.0346,1,28.5969,TREND_ONLY,9.6912
1178,-124,NOG,NORTHERN OIL AND GAS INC,Energy,,mid,24.07,0.744,1.04,0.8738,0.8049,STRONG_UP,11.78,-4.29,-33.98,-34.26,51.2,41.71,0.905,LOW,EARLY,25.376,26.7038,24.0729,0,-5.2678,WEAK,9.6473
1179,-86,MDT,Medtronic,Health Care,Health Care Equipment,large,78.15,0.7426,1.0248,0.901,0.7545,STRONG_UP,-21.26,-4.47,-2.13,-28.14,49.2,21.86,0.8776,LOW,EARLY,78.7405,83.4,92.1543,0,-10.0688,WEAK,9.6447
1180,-55,PRG,PROG HOLDINGS INC,Financials,,small,33.75,0.9269,0.9993,1.0073,0.7798,FLAT,30.06,19.23,-3.15,-31.21,48.0,63.73,0.4205,LOW,-,33.9415,31.1064,31.5833,1,14.4873,TREND_ONLY,9.6268
1181,0,MEG,MONTROSE ENVIRONMENTAL GRP INC,Industrials,,small,14.5,0.5781,0.9424,0.6763,0.5943,STRONG_UP,-38.97,-25.64,-70.9,-53.32,47.39,73.95,2.7408,HIGH,-,18.738,21.0464,24.9495,0,-16.4318,WEAK,9.6239
1182,154,MFA,MFA FINANCIAL INC,Financials,,small,9.51,0.9211,1.0062,0.8937,0.9109,FLAT,13.9,18.48,16.39,-10.87,50.8,27.12,0.6435,LOW,-,9.84,9.7584,9.1432,1,34.6244,TREND_ONLY,9.6127
1183,20,BJRI,BJS RESTAURANTS INC,Consumer Discretionary,,small,43.87,0.8204,1.0614,1.0865,0.9877,FLAT,22.58,5.53,26.14,-38.67,50.0,38.92,0.8756,LOW,-,40.0305,37.8514,36.9671,1,7.108,TREND_ONLY,9.61
1184,7,EW,Edwards Lifesciences,Health Care,Health Care Equipment,large,82.97,0.8476,1.0296,0.9764,0.9646,STRONG_UP,-1.27,9.03,-8.16,-12.73,49.2,29.3,0.6596,LOW,-,81.95,81.4724,81.2737,1,15.159,TREND_ONLY,9.5867
1185,113,CASH,PATHWARD FINANCIAL INC,Financials,,mid,82.58,0.8234,1.0261,0.8043,0.8008,STRONG_UP,23.63,5.91,49.83,-20.68,51.6,32.46,0.8692,LOW,-,84.8365,89.4758,80.3224,1,9.398,TREND_ONLY,9.5609
1186,-42,CDW,CDW Corporation,Information Technology,Technology Distributors,large,106.21,0.4617,1.0493,0.7154,0.7944,FLAT,-23.31,-40.6,-52.55,-45.82,50.0,50.38,0.9154,LOW,EARLY,118.174,121.9292,139.3766,0,-40.2984,WEAK,9.5453
1187,124,KBH,KB HOME,Consumer Discretionary,,mid,47.05,0.7245,1.0128,0.8163,0.6717,STRONG_UP,-18.65,-6.81,-31.84,-32.85,47.6,36.84,1.2776,MED,EARLY,49.5696,51.1768,58.6477,0,-8.8008,WEAK,9.5436
1188,-40,BUR,BURFORD CAPITAL LTD,Financials,,small,4.67,0.278,0.9739,0.9513,0.4489,STRONG_UP,-45.12,-64.23,-66.58,-72.84,47.6,117.64,0.7618,LOW,-,4.829,5.4644,9.2517,0,-25.9907,WEAK,9.53
1189,23,DORM,DORMAN PRODUCTS INC,Consumer Discretionary,,mid,117.02,0.7195,0.9803,1.0256,0.8369,FLAT,-9.44,-7.44,27.22,-39.58,46.4,39.68,0.6846,LOW,SHIFT,115.86,109.6048,130.2899,0,-8.7033,WEAK,9.5108
1190,-29,EYE,NATIONAL VISION HOLDINGS INC,Consumer Discretionary,,small,16.84,0.702,0.9592,0.6414,0.5711,STRONG_UP,-32.4,-9.71,6.58,-42.84,48.8,67.51,1.6738,HIGH,-,21.2335,24.0728,25.7908,0,-7.0154,WEAK,9.4755
1191,-64,PCG,PG&E Corporation,Utilities,Multi-Utilities,large,16.31,0.7356,0.9793,0.9271,0.8264,STRONG_UP,1.6,-5.38,-12.65,-25.15,48.8,25.92,0.5398,LOW,-,16.383,17.169,16.2136,1,-10.1222,TREND_ONLY,9.4518
1192,9,ALLE,Allegion,Industrials,Building Products,large,129.25,0.7131,0.9948,0.8557,0.7422,STRONG_UP,-19.45,-8.27,6.99,-29.84,50.0,28.44,0.561,LOW,EARLY,134.8185,140.5349,160.0382,0,-14.5415,WEAK,9.4452
1193,57,STC,STEWART INFO SERVICES CORP,Financials,,small,68.12,0.879,1.0191,0.9569,0.9397,STRONG_UP,-4.02,13.06,8.95,-24.48,48.4,31.24,0.5505,LOW,-,68.9875,65.321,68.8336,0,20.2403,WEAK,9.4323
1194,0,ADBE,Adobe Inc.,Information Technology,Application Software,large,253.37,0.4757,1.079,0.9498,0.9088,STRONG_UP,-21.91,-38.8,-47.42,-45.95,48.4,40.47,0.8524,LOW,SHIFT,247.4135,245.9842,306.7667,0,-46.4075,WEAK,9.3846
1195,-64,AZTA,AZENTA INC,Health Care,,small,18.57,0.5253,1.1157,0.6734,0.5883,STRONG_UP,-36.88,-32.42,,-60.94,49.2,76.04,1.4769,MED,-,20.796,21.7888,29.4047,0,-20.979,WEAK,9.3545
1196,127,ICUI,ICU MEDICAL INC,Health Care,,mid,129.31,0.7688,1.0612,0.9742,0.7638,STRONG_UP,-3.52,-1.1,25.86,-27.18,47.2,37.7,1.1909,MED,SHIFT,121.9605,125.0344,133.3858,0,-1.3789,WEAK,9.3458
1197,61,BXP,"BXP, Inc.",Real Estate,Office REITs,mid,59.9,0.7514,1.0254,0.986,0.9251,STRONG_UP,-11.27,-3.35,6.57,-33.56,51.6,29.14,0.3993,LOW,SHIFT,58.7745,55.4519,64.1322,0,-5.9331,WEAK,9.3456
1198,67,USLM,UNITED STATES LIME AND MINERALS IN,Materials,,mid,104.12,0.7778,0.9773,0.7567,0.8871,FLAT,-10.2,0.05,44.46,-26.55,52.0,52.3,2.1254,HIGH,EARLY,112.907,122.366,122.0836,0,0.0538,WEAK,9.3456
1199,-45,PYPL,PayPal,Financials,Transaction & Payment Processing Services,large,44.375,0.484,0.9944,0.8313,0.9912,FLAT,-26.5,-37.74,-30.4,-49.92,48.4,36.83,0.5682,LOW,EARLY,47.184,46.6542,57.2826,0,-49.5904,WEAK,9.3447
1200,-17,CHD,Church & Dwight,Consumer Staples,Household Products,large,96.12,0.79,1.0284,0.996,0.8678,STRONG_UP,16.7,1.62,-8.0,-17.63,51.6,22.0,0.4694,LOW,-,94.5902,94.6823,91.0073,1,3.7914,TREND_ONLY,9.2995
1201,-84,IRTC,IRHYTHM HOLDINGS INC,Health Care,,mid,117.0,0.6503,1.0344,0.9205,0.7189,STRONG_UP,-31.04,-16.35,27.87,-41.38,48.8,45.02,0.567,LOW,EARLY,119.3095,119.0892,155.8228,0,-17.7238,WEAK,9.2627
1202,61,MTH,MERITAGE CORP,Consumer Discretionary,,mid,63.68,0.793,1.0392,0.8892,0.7646,STRONG_UP,-1.71,2.01,-25.29,-27.68,47.2,38.01,0.5545,LOW,EARLY,64.749,64.0748,69.6632,0,2.4918,WEAK,9.2541
1203,-13,LTH,LIFE TIME GROUP HOLDINGS INC,Consumer Discretionary,,mid,33.06,0.9002,0.9884,1.1402,1.0592,FLAT,33.85,15.8,106.5,-19.24,47.2,51.03,0.493,LOW,-,30.314,28.3278,27.4926,1,14.6112,TREND_ONLY,9.2065
1204,-11,CMS,CMS Energy,Utilities,Multi-Utilities,large,72.95,0.8259,1.0051,0.9407,0.8989,STRONG_UP,-0.27,6.24,23.81,-9.69,52.8,17.34,0.515,LOW,-,73.9898,75.6157,72.505,1,18.9967,TREND_ONLY,9.2055
1205,107,TOWN,TOWNEBANK,Financials,,mid,34.61,0.8188,1.0235,0.9555,0.918,STRONG_UP,11.69,5.33,35.69,-14.28,48.4,21.52,1.3064,MED,-,34.5577,33.8533,33.6502,1,11.9874,TREND_ONLY,9.1868
1206,-94,QDEL,QUIDELORTHO CORP,Health Care,,small,11.91,0.313,1.0554,0.9603,0.4914,STRONG_UP,-44.03,-59.74,-71.2,-71.85,46.0,101.96,0.8674,LOW,-,11.4075,13.9746,23.8711,0,-26.9505,WEAK,9.1809
1207,-31,MELI,Mercado Libre,Consumer Discretionary,Catalog/Specialty Distribution,large,1651.2,0.4933,1.0369,0.8513,0.767,STRONG_UP,-19.8,-36.54,-6.82,-40.82,49.2,47.97,0.8834,LOW,EARLY,1717.2065,1728.9586,2046.3127,0,-37.4773,WEAK,9.1605
1208,80,EXR,Extra Space Storage,Real Estate,Self-Storage REITs,large,142.25,0.796,1.0098,0.966,0.8738,STRONG_UP,11.75,2.39,6.19,-16.7,51.6,26.06,0.6828,LOW,-,141.6715,138.6578,137.2192,1,4.7349,TREND_ONLY,9.1373
1209,-5,KNF,KNIFE RIVER CORP,Materials,,mid,73.52,0.5905,0.9279,0.7945,0.7519,STRONG_UP,7.8,-24.04,0.04,-39.62,46.0,53.47,1.3907,MED,EARLY,85.0115,83.7726,78.2689,0,-20.683,WEAK,9.1132
1210,112,SKYW,SKYWEST INC,Industrials,,mid,83.29,0.6584,1.0044,0.8721,0.7484,STRONG_UP,-11.08,-15.3,9.53,-36.63,45.6,42.66,1.2864,MED,EARLY,84.211,89.3012,100.0118,0,-16.3588,WEAK,9.112
1211,-23,NVCR,NOVOCURE LTD,Health Care,,small,17.75,0.7774,0.9926,1.308,1.4493,STRONG_DOWN,55.02,0.0,-21.98,-48.3,46.0,97.56,0.7495,LOW,-,15.9903,13.3649,12.8165,1,0.0,TREND_ONLY,9.108
1212,-16,PAX,PATRIA INVESTMENTS LTD CLASS A,Financials,,mid,11.11,0.7151,0.9842,0.8243,0.7468,STRONG_UP,-22.91,-8.01,-6.31,-36.28,51.6,36.16,0.9025,LOW,EARLY,12.001,11.9921,13.6986,0,-11.4337,WEAK,9.0731
1213,-123,TYL,Tyler Technologies,Information Technology,Application Software,large,317.26,0.4351,1.0707,0.8788,0.9283,FLAT,-31.95,-44.03,-36.03,-53.08,46.4,35.47,0.8003,LOW,EARLY,325.6055,333.6554,434.9027,0,-57.5952,WEAK,9.0008
1214,145,ESNT,ESSENT GROUP LTD,Financials,,mid,62.05,0.8475,1.0412,0.9428,0.9593,FLAT,2.49,9.02,13.73,-13.93,52.4,22.28,0.5677,LOW,-,61.775,60.368,61.5104,1,21.2138,TREND_ONLY,8.9837
1215,-69,SERV,SERVE ROBOTICS INC,Consumer Discretionary,,small,8.38,0.6786,0.9678,0.8188,0.8191,FLAT,-6.58,-12.71,170.32,-56.28,45.2,68.33,0.8007,LOW,-,8.977,9.0173,10.91,0,-8.4065,WEAK,8.9783
1216,136,CCS,CENTURY COMMUNITIES INC,Consumer Discretionary,,small,50.43,0.7662,1.0008,0.7582,0.654,STRONG_UP,-10.32,-1.44,-40.13,-35.02,48.4,40.6,1.5473,HIGH,-,54.022,56.734,61.666,0,-1.7171,WEAK,8.9527
1217,-38,BOX,BOX INC CLASS A,Information Technology,,mid,25.74,0.6342,1.0798,1.0072,1.044,FLAT,-13.13,-18.42,-3.2,-44.57,46.8,44.98,0.5359,LOW,SHIFT,24.7275,24.1626,28.3718,0,-19.1603,WEAK,8.94
1218,9,PRAA,PRA GROUP INC,Financials,,small,14.54,0.8336,0.997,0.6659,1.2511,FLAT,-11.12,7.23,-35.89,-42.34,50.0,78.5,0.8791,LOW,-,18.933,18.6792,16.2865,0,4.6033,WEAK,8.9258
1219,54,OFG,OFG BANCORP,Financials,,small,45.6,0.8679,1.0371,0.9557,1.0003,FLAT,15.7,11.64,28.04,-17.74,49.6,23.94,0.4881,LOW,-,45.222,42.6618,41.5801,1,24.1254,TREND_ONLY,8.9241
1220,-56,ASGN,ASGN INC,Information Technology,,small,18.82,0.2698,1.0949,0.4453,0.3924,STRONG_UP,-54.71,-65.3,-80.88,-68.82,45.78,118.48,0.8651,LOW,-,20.936,31.175,43.6263,0,-25.23,WEAK,8.9232
1221,0,TRMB,Trimble Inc.,Information Technology,Electronic Equipment & Instruments,large,55.97,0.6149,1.0131,0.7773,0.7678,STRONG_UP,-25.79,-20.9,-2.32,-35.99,53.6,32.33,1.4894,MED,EARLY,61.9535,64.526,74.2085,0,-34.6529,WEAK,8.9178
1222,74,PRK,PARK NATIONAL CORP,Financials,,mid,168.75,0.8345,1.0237,0.9524,0.8996,STRONG_UP,15.24,7.34,28.18,-15.31,49.6,26.24,0.7099,LOW,-,169.937,165.8527,161.0092,1,13.8815,TREND_ONLY,8.9052
1223,57,PPL,PPL Corporation,Utilities,Electric Utilities,large,35.44,0.8211,0.9997,0.9,0.8846,STRONG_UP,-1.35,5.63,26.65,-12.38,54.0,18.06,0.6638,LOW,EARLY,36.9025,37.7794,36.306,0,16.8228,WEAK,8.8912
1224,108,ESS,Essex Property Trust,Real Estate,Multi-Family Residential REITs,large,275.03,0.8005,1.0338,1.0464,1.0131,FLAT,10.72,2.97,12.08,-16.49,55.6,19.43,0.9776,LOW,-,266.05,254.4537,253.7687,1,8.4846,TREND_ONLY,8.8747
1225,53,STZ,Constellation Brands,Consumer Staples,Distillers & Vintners,large,151.18,0.6501,1.0852,0.9308,0.9025,STRONG_UP,17.35,-16.38,-36.89,-30.4,45.2,31.46,0.9449,LOW,-,149.1886,152.0254,146.4607,1,-23.5339,TREND_ONLY,8.8557
1226,23,MMM,3M,Industrials,Industrial Conglomerates,large,149.78,0.7937,1.0417,0.9858,0.8316,STRONG_UP,-9.25,2.1,51.26,-18.77,50.4,27.01,0.7528,LOW,SHIFT,145.507,146.9064,156.8583,0,3.922,WEAK,8.8243
1227,14,DIS,Walt Disney Company (The),Communication Services,Movies & Entertainment,large,104.08,0.7406,0.9965,0.9527,0.9144,STRONG_UP,-1.41,-4.73,3.08,-24.97,45.6,25.89,0.6461,LOW,SHIFT,103.9465,101.1914,108.2774,0,-8.3376,WEAK,8.7818
1228,47,AZO,AutoZone,Consumer Discretionary,Automotive Retail,large,3419.3601,0.6864,1.0212,0.9139,0.8461,STRONG_UP,-10.67,-11.7,21.22,-25.48,48.8,30.95,1.85,HIGH,EARLY,3488.78,3471.8794,3746.215,0,-18.4538,WEAK,8.7367
1229,-122,WAY,WAYSTAR HOLDING CORP,Health Care,,mid,19.21,0.38,1.0297,0.7268,0.7107,STRONG_UP,-44.91,-51.12,-7.2,-56.44,47.6,57.26,0.973,LOW,EARLY,21.2342,22.9585,30.8071,0,-42.4955,WEAK,8.734
1230,-115,GENI,GENIUS SPORTS LTD,Consumer Discretionary,,small,5.02,0.3962,1.218,1.0703,0.7621,STRONG_UP,-44.41,-49.04,-9.39,-71.07,46.0,78.09,0.6244,LOW,-,4.4805,4.5554,8.9899,0,-28.8851,WEAK,8.7308
1231,-220,FG,F&G ANNUITIES AND LIFE INC,Financials,,mid,27.88,0.6998,0.9843,0.986,1.0265,STRONG_DOWN,-6.56,-9.98,-30.55,-40.92,50.8,49.57,0.6955,LOW,-,28.2055,26.078,29.1143,0,-10.2282,WEAK,8.7286
1232,-79,CVLT,COMMVAULT SYSTEMS INC,Information Technology,,mid,104.54,0.466,1.034,1.0494,1.0656,STRONG_DOWN,-14.69,-40.06,-5.56,-61.53,51.6,50.91,0.5581,LOW,SHIFT,100.441,90.206,127.4405,0,-40.6002,WEAK,8.7253
1233,-176,DJCO,DAILY JOURNAL CORP,Information Technology,,small,464.34,0.8388,0.9887,0.8397,0.8243,STRONG_UP,16.98,7.9,20.74,-30.41,56.8,44.72,0.3798,LOW,-,497.825,504.8098,488.5982,0,10.0286,WEAK,8.7186
1234,23,GPC,Genuine Parts Company,Consumer Discretionary,Distributors,large,94.97,0.6098,0.9863,0.8155,0.753,STRONG_UP,-23.46,-21.57,-33.24,-37.48,46.0,29.59,0.5709,LOW,EARLY,102.0485,104.6216,123.6894,0,-33.5249,WEAK,8.6947
1235,-85,MSI,Motorola Solutions,Information Technology,Communications Equipment,large,395.92,0.7297,1.0007,0.8601,0.7957,STRONG_UP,6.96,-6.14,9.32,-25.45,51.2,31.29,0.9389,LOW,EARLY,417.8675,435.9747,427.1499,0,-10.0506,WEAK,8.6916
1236,-126,CRM,Salesforce,Information Technology,Application Software,large,180.1,0.4997,1.0847,0.9104,0.9045,STRONG_UP,-22.55,-35.72,-35.68,-41.36,50.0,43.33,0.9156,LOW,PROGRESS,178.554,182.4984,222.3402,0,-41.2208,WEAK,8.6913
1237,44,TNDM,TANDEM DIABETES CARE INC,Health Care,,small,15.04,0.5401,1.0728,0.6944,0.5678,STRONG_UP,-19.62,-30.53,-69.51,-54.92,46.0,103.51,0.674,LOW,-,17.0417,19.5843,18.0142,0,-13.5681,WEAK,8.6474
1238,-1,LW,Lamb Weston,Consumer Staples,Packaged Foods & Meats,mid,41.96,0.6536,1.0005,0.9024,0.8135,STRONG_UP,-24.02,-15.93,-49.25,-41.37,50.4,37.8,0.6848,LOW,-,42.5827,41.9037,50.1627,0,-21.2345,WEAK,8.644
1239,-1,VMC,Vulcan Materials Company,Materials,Construction Materials,large,263.26,0.7619,0.9659,0.8707,0.8014,STRONG_UP,-6.43,-2.0,1.89,-22.05,55.2,28.42,0.7988,LOW,EARLY,283.942,279.71,291.6755,0,-3.8867,WEAK,8.628
1240,-112,BMI,BADGER METER INC,Information Technology,,mid,118.06,0.3799,1.0138,0.9168,0.6889,STRONG_UP,-31.04,-51.14,-39.58,-55.06,47.2,58.59,0.9026,LOW,EARLY,119.432,136.3202,164.403,0,-41.1954,WEAK,8.5917
1241,-81,ZBH,Zimmer Biomet,Health Care,Health Care Equipment,large,85.38,0.7232,1.0427,0.8805,0.8042,STRONG_UP,-3.64,-6.97,-26.86,-25.54,52.0,33.16,0.9027,LOW,PROGRESS,84.366,88.6973,93.7784,0,-10.9357,WEAK,8.5689
1242,29,WKC,WORLD KINECT CORP,Energy,,small,29.09,0.8597,1.0471,1.2041,1.0899,FLAT,23.89,10.59,22.93,-22.53,52.8,32.56,,LOW,-,27.2435,24.7892,25.0209,1,17.1702,TREND_ONLY,8.5594
1243,-46,AMN,AMN HEALTHCARE INC,Health Care,,small,26.86,0.9444,0.8947,1.2325,1.2896,STRONG_DOWN,68.61,21.48,-51.91,-32.44,45.6,79.27,0.8845,LOW,-,24.5925,21.2418,19.2421,1,12.3584,TREND_ONLY,8.5515
1244,-22,ORLY,O’Reilly Automotive,Consumer Discretionary,Automotive Retail,large,92.22,0.7847,1.0379,0.9421,0.9149,STRONG_UP,-6.21,0.93,38.94,-19.03,52.0,28.33,0.8076,LOW,-,92.7955,92.1568,96.9606,0,1.7157,WEAK,8.531
1245,-19,KTB,KONTOOR BRANDS INC,Consumer Discretionary,,mid,65.09,0.731,1.0317,0.821,0.8724,FLAT,-5.2,-5.97,-5.86,-32.91,47.6,64.35,0.6187,LOW,EARLY,69.776,70.257,70.6547,0,-4.4156,WEAK,8.4978
1246,-240,EPAM,EPAM Systems,Information Technology,IT Consulting & Other Services,mid,104.3,0.4416,1.1738,0.775,0.6968,STRONG_UP,-41.64,-43.19,-45.47,-59.49,51.2,41.21,1.1153,MED,EARLY,105.5375,122.0796,161.699,0,-53.6621,WEAK,8.4538
1247,46,RMD,ResMed,Health Care,Health Care Equipment,large,209.86,0.6703,1.0462,0.9095,0.7535,STRONG_UP,-14.32,-13.78,-2.04,-32.01,50.4,23.95,1.1962,MED,PROGRESS,208.5788,219.3513,250.0302,0,-28.9959,WEAK,8.4537
1248,-35,CL,Colgate-Palmolive,Consumer Staples,Household Products,large,90.35,0.7856,1.0265,1.0527,0.8868,FLAT,15.3,1.05,-0.57,-18.64,48.8,23.27,0.8303,LOW,-,86.97,85.7467,83.0836,1,2.2044,TREND_ONLY,8.4502
1249,-6,FA,FIRST ADVANTAGE CORP,Industrials,,small,15.28,0.6866,1.0442,1.1149,1.4389,STRONG_DOWN,25.55,-11.68,-7.45,-51.86,48.4,79.26,0.4719,LOW,-,14.0685,12.4893,13.7391,1,-7.1301,TREND_ONLY,8.4449
1250,76,UBER,Uber,Industrials,Passenger Ground Transportation,large,74.6,0.6541,1.0081,0.947,0.9369,STRONG_UP,-17.9,-15.87,16.62,-30.89,48.8,35.15,0.5873,LOW,-,75.1455,74.2642,84.2639,0,-22.0299,WEAK,8.4371
1251,13,SLG,SL GREEN REALTY REIT CORP,Real Estate,,mid,41.46,0.6098,0.9629,0.9245,1.0287,FLAT,-4.79,-21.56,-13.63,-45.4,48.0,44.24,0.7346,LOW,-,43.0825,40.2513,46.4981,0,-23.3954,WEAK,8.4012
1252,18,OMC,Omnicom Group,Communication Services,Advertising,large,71.88,0.7899,1.0136,0.8829,0.8088,STRONG_UP,-0.31,1.6,-18.88,-17.85,50.4,24.37,0.4748,LOW,EARLY,75.2385,76.0278,75.7421,0,3.3117,WEAK,8.3815
1253,15,SYK,Stryker Corporation,Health Care,Health Care Equipment,large,321.49,0.6645,1.0621,0.9366,0.7864,STRONG_UP,-10.11,-14.52,-0.88,-29.45,47.2,28.43,1.3205,MED,PROGRESS,306.73,324.3953,357.0653,0,-24.1146,WEAK,8.371
1254,-26,EXC,Exelon,Utilities,Electric Utilities,large,44.87,0.8102,1.02,0.9388,0.8783,STRONG_UP,-2.43,4.22,24.24,-13.74,50.8,19.11,0.5454,LOW,EARLY,45.381,47.1596,45.3383,0,11.2242,WEAK,8.3392
1255,-25,PDD,PDD Holdings,Technology,EDP Services,large,98.15,0.6566,1.0365,0.9413,0.8675,STRONG_UP,-17.92,-15.53,-32.52,-31.25,50.4,33.46,0.7641,LOW,PROGRESS,98.0985,99.8782,113.9396,0,-23.3978,WEAK,8.3361
1256,-39,HPQ,HP Inc.,Information Technology,"Technology Hardware, Storage & Peripherals",large,21.07,0.6015,1.0239,0.989,1.0684,FLAT,-4.59,-22.63,-29.92,-36.62,47.2,37.02,0.6337,LOW,SHIFT,20.8415,19.7836,22.6501,0,-28.8558,WEAK,8.3325
1257,-48,KDP,Keurig Dr Pepper,Consumer Staples,Soft Drinks & Non-alcoholic Beverages,large,28.69,0.6863,0.9951,1.0372,0.9088,FLAT,6.43,-11.72,-10.34,-27.48,49.6,28.19,1.3769,MED,-,28.9,27.3722,27.822,1,-20.6253,TREND_ONLY,8.3161
1258,60,IBCP,INDEPENDENT BANK CORP,Financials,,small,33.63,0.8498,1.019,0.9675,0.8508,STRONG_UP,13.62,9.31,36.43,-13.5,49.2,22.84,0.5669,LOW,-,33.4138,33.3215,32.5522,1,20.0454,TREND_ONLY,8.3145
1259,-14,HD,Home Depot (The),Consumer Discretionary,Home Improvement Retail,large,310.58,0.6675,1.03,0.8777,0.7587,STRONG_UP,-6.48,-14.13,-2.92,-28.81,46.4,28.36,1.1384,MED,EARLY,317.149,327.6714,363.5695,0,-23.1225,WEAK,8.307
1260,-71,LDOS,Leidos,Industrials,Diversified Support Services,large,124.39,0.6143,1.0,0.7919,0.6667,STRONG_UP,-33.91,-20.98,-15.53,-37.72,50.8,29.08,0.949,LOW,EARLY,135.7675,150.3764,176.3482,0,-36.6538,WEAK,8.2632
1261,30,IIPR,INNOVATIVE INDUSTRIAL PROPERTIES I,Real Estate,,small,56.2,0.9125,1.0344,0.9655,1.1848,FLAT,27.58,17.37,-36.74,-21.29,48.0,50.02,0.7532,LOW,-,55.434,52.715,49.3111,1,16.6709,TREND_ONLY,8.2275
1262,-92,EVLV,EVOLV TECHNOLOGIES HOLDINGS INC CL,Information Technology,,small,5.89,0.7696,1.0375,0.8335,1.0861,FLAT,-0.67,-1.01,100.34,-44.06,50.0,57.53,0.7256,LOW,-,6.6125,6.2059,6.7851,0,-0.8764,WEAK,8.2194
1263,-21,CXW,CORECIVIC REIT INC,Industrials,,mid,21.39,0.744,1.016,1.0055,1.1852,FLAT,32.61,-4.3,37.64,-28.41,48.4,47.41,0.4758,LOW,-,20.5665,20.0664,19.3053,1,-4.385,TREND_ONLY,8.2015
1264,-28,AMT,American Tower,Real Estate,Telecom Tower REITs,large,184.02,0.694,1.0894,1.0014,0.9204,STRONG_UP,3.37,-10.72,,-26.67,52.0,27.52,0.6911,LOW,-,178.224,176.7065,181.4856,1,-20.2617,TREND_ONLY,8.1835
1265,52,LGIH,LGI HOMES INC,Consumer Discretionary,,small,44.01,0.6509,1.016,0.9054,0.7361,STRONG_UP,-3.66,-16.27,-56.05,-49.25,41.2,62.92,0.7733,LOW,-,45.4575,42.0698,49.5628,0,-10.6517,WEAK,8.1599
1266,0,ADSK,Autodesk,Information Technology,Application Software,large,243.63,0.6466,1.0515,0.9442,0.9956,FLAT,-16.63,-16.83,10.6,-33.15,52.0,37.47,0.7632,LOW,SHIFT,239.792,240.28,276.5969,0,-23.3562,WEAK,8.1373
1267,-101,MGNI,MAGNITE INC,Communication,,small,13.055,0.6544,1.0609,0.9355,0.9901,FLAT,-2.57,-15.83,16.98,-57.77,52.0,55.34,0.9126,LOW,-,13.2423,12.7433,16.4104,0,-14.8732,WEAK,8.1324
1268,63,BANR,BANNER CORP,Financials,,mid,64.65,0.8282,1.0241,0.9834,0.9396,STRONG_UP,11.31,6.53,48.98,-14.3,47.6,27.74,0.7249,LOW,-,65.0992,62.5792,62.5875,1,11.2079,TREND_ONLY,8.1303
1269,0,NNI,NELNET INC CLASS A,Financials,,mid,128.35,0.8709,1.0305,0.8808,0.9151,FLAT,3.4,12.03,21.21,-15.27,52.0,32.61,0.8245,LOW,EARLY,134.239,132.555,130.3515,0,19.1804,WEAK,8.0867
1270,-30,PTON,PELOTON INTERACTIVE CLASS A INC,Consumer Discretionary,,small,5.17,0.6222,1.0074,0.9881,1.0874,FLAT,-27.29,-19.97,58.1,-58.78,44.8,56.92,0.7624,LOW,-,5.303,4.766,6.2238,0,-15.717,WEAK,8.0827
1271,28,PNR,Pentair,Industrials,Industrial Machinery & Supplies & Components,large,74.19,0.5986,1.0,0.7945,0.6765,STRONG_UP,-26.95,-23.0,-10.11,-35.56,48.0,33.28,0.8818,LOW,EARLY,79.0245,84.51,99.7577,0,-33.1686,WEAK,8.0805
1272,-86,TIC,TIC SOLUTIONS INC,Industrials,,small,8.59,0.6218,0.972,0.9323,0.8147,STRONG_UP,-8.91,-20.02,-28.42,-54.66,48.4,57.51,0.5559,LOW,-,9.1755,8.2006,10.1984,0,-16.8475,WEAK,8.0698
1273,122,SKY,CHAMPION HOMES INC,Consumer Discretionary,,mid,69.75,0.6196,1.0117,0.8162,0.6647,STRONG_UP,-10.0,-20.29,-10.21,-33.07,45.2,46.33,3.6365,HIGH,EARLY,73.073,75.2882,79.4179,0,-19.7998,WEAK,8.065
1274,-8,PRCT,PROCEPT BIOROBOTICS CORP,Health Care,,small,28.11,0.3858,1.0755,1.0741,0.9561,STRONG_UP,-1.02,-50.37,-59.08,-66.63,44.0,78.64,0.8133,LOW,-,25.256,25.2796,31.4279,0,-28.183,WEAK,8.0351
1275,-52,CI,Cigna,Health Care,Health Care Services,large,283.1,0.7088,0.9688,0.9888,0.942,FLAT,5.01,-8.83,-12.58,-26.54,49.6,27.15,0.5191,LOW,-,286.3645,276.3774,280.0571,1,-16.1318,TREND_ONLY,7.9653
1276,-20,TDOC,TELADOC HEALTH INC,Health Care,,small,6.48,0.7228,0.9895,1.0502,1.2681,STRONG_DOWN,-7.43,-7.03,-45.22,-52.75,44.4,55.55,0.4267,LOW,-,6.448,5.8502,6.8012,0,-5.619,WEAK,7.9579
1277,-5,TGLS,TECNOGLASS INC,Industrials,,mid,40.88,0.3764,1.0056,0.8824,0.7423,STRONG_UP,-9.98,-51.59,-25.39,-56.77,44.4,48.28,0.8145,LOW,EARLY,41.4655,42.8131,53.9732,0,-47.4422,WEAK,7.9022
1278,-83,ACAD,ACADIA PHARMACEUTICALS INC,Health Care,,mid,20.95,0.7454,0.9572,0.9038,0.81,STRONG_UP,-11.97,-4.12,37.2,-27.58,46.8,40.21,0.8626,LOW,EARLY,21.8965,21.719,23.6651,0,-4.7941,WEAK,7.89
1279,-2,AHCO,ADAPTHEALTH CORP,Health Care,,small,10.48,0.8993,0.9849,0.7911,0.9401,FLAT,15.16,15.67,7.38,-22.65,48.4,56.59,0.6963,LOW,-,11.842,11.6457,10.1383,1,13.405,TREND_ONLY,7.8819
1280,5,ECL,Ecolab,Materials,Specialty Chemicals,large,248.64,0.7484,1.0084,0.8871,0.7603,STRONG_UP,-2.22,-3.73,7.96,-20.09,51.6,23.2,1.0192,MED,EARLY,256.6215,263.7626,271.033,0,-8.2924,WEAK,7.8786
1281,34,WOR,WORTHINGTON ENTERPRISES INC,Industrials,,mid,54.66,0.7332,0.9914,0.9719,0.8906,STRONG_UP,4.54,-5.69,-4.03,-29.83,50.0,33.82,0.4522,LOW,SHIFT,54.6295,52.8294,55.8095,0,-8.4052,WEAK,7.8707
1282,64,PEG,Public Service Enterprise Group,Utilities,Electric Utilities,large,78.06,0.8042,1.0134,0.954,0.853,STRONG_UP,-3.69,3.45,10.54,-13.15,54.0,19.31,0.6238,LOW,EARLY,78.88,80.5588,80.9164,0,9.6517,WEAK,7.8697
1283,67,AVNT,AVIENT CORP,Materials,,mid,33.82,0.7536,0.982,0.8711,0.7429,STRONG_UP,21.49,-3.06,,-26.89,48.4,36.93,0.7029,LOW,EARLY,35.8415,35.796,34.3112,0,-4.0102,WEAK,7.863
1284,69,TMHC,TAYLOR MORRISON HOME CORP,Consumer Discretionary,,mid,57.47,0.7814,1.0186,0.8483,0.785,STRONG_UP,-1.47,0.51,-2.64,-23.8,45.6,34.05,0.7085,LOW,EARLY,59.384,59.2552,62.5486,0,0.6792,WEAK,7.8605
1285,-53,LMB,LIMBACH HOLDINGS INC,Industrials,,small,73.12,0.4476,0.9855,0.7347,0.6904,STRONG_UP,6.46,-42.43,36.6,-55.92,49.6,90.31,1.353,MED,-,85.193,83.5802,88.9312,0,-23.3007,WEAK,7.8502
1286,24,EFX,Equifax,Industrials,Research & Consulting Services,large,164.86,0.5002,1.055,0.8854,0.7765,STRONG_UP,-18.98,-35.65,-29.7,-41.59,49.6,38.14,0.7956,LOW,EARLY,168.8735,177.2638,210.6987,0,-46.3678,WEAK,7.8442
1287,144,DOLE,DOLE PLC,Consumer Staples,,small,14.56,0.8194,1.022,0.9313,0.849,STRONG_UP,3.57,5.41,16.39,-15.18,52.4,25.04,1.186,MED,-,14.7715,14.7468,14.4145,1,11.3114,TREND_ONLY,7.8439
1288,133,MMI,MARCUS & MILLICHAP INC,Real Estate,,small,28.55,0.8054,0.9961,0.9697,1.038,FLAT,1.75,3.6,-13.35,-24.06,49.2,23.3,1.0758,MED,-,28.725,27.3318,28.2068,1,7.6087,TREND_ONLY,7.8402
1289,51,JBLU,JETBLUE AIRWAYS CORP,Industrials,,small,4.73,0.7582,0.9783,0.8934,0.7337,STRONG_UP,14.53,-2.47,-16.58,-37.62,44.4,76.12,0.9983,LOW,-,4.8635,4.7532,4.8829,0,-1.4432,WEAK,7.8025
1290,-56,ADP,Automatic Data Processing,Industrials,Human Resource & Employment Services,large,220.69,0.5451,1.069,1.0499,0.9623,STRONG_UP,-10.31,-29.88,-8.34,-40.78,48.4,32.09,0.7886,LOW,SHIFT,210.4955,206.1409,248.1589,0,-45.0613,WEAK,7.7978
1291,-17,MMS,MAXIMUS INC,Industrials,,mid,60.13,0.6455,1.0183,0.8657,0.7601,STRONG_UP,-23.07,-16.97,-28.7,-39.65,45.6,28.14,1.3838,MED,EARLY,62.9049,65.5326,79.875,0,-27.4934,WEAK,7.7845
1292,13,CPK,CHESAPEAKE UTILITIES CORP,Utilities,,mid,126.95,0.8248,1.0044,0.9773,0.8808,STRONG_UP,-5.64,6.09,18.09,-12.54,52.4,19.28,0.5702,LOW,PROGRESS,126.601,127.1651,127.9796,0,16.5544,WEAK,7.7591
1293,-14,ALH,ALLIANCE LAUNDRY HOLDINGS INC,Industrials,,mid,24.1,0.7549,0.986,0.9354,0.9452,FLAT,1.43,-2.9,-2.9,-29.22,52.29,44.66,0.4498,LOW,-,24.875,23.0996,,0,-3.3965,WEAK,7.7382
1294,-40,SIGI,SELECTIVE INSURANCE GROUP INC,Financials,,mid,89.22,0.8114,1.053,1.1083,0.9774,FLAT,14.85,4.37,-4.32,-18.18,54.0,29.79,0.7976,LOW,-,84.7169,80.221,80.0031,1,7.9232,TREND_ONLY,7.7365
1295,54,HQY,HEALTHEQUITY INC,Health Care,,mid,87.55,0.6889,1.0735,1.0135,1.0293,FLAT,-14.78,-11.38,10.39,-35.25,51.6,35.4,1.3323,MED,SHIFT,82.586,82.16,88.544,0,-16.5909,WEAK,7.7273
1296,10,XYL,Xylem Inc.,Industrials,Industrial Machinery & Supplies & Components,large,108.22,0.6777,0.9981,0.8549,0.7828,STRONG_UP,-22.31,-12.82,-24.1,-30.04,50.0,26.27,0.5134,LOW,EARLY,114.283,119.1206,134.6945,0,-24.409,WEAK,7.7246
1297,-45,TDG,TransDigm Group,Industrials,Aerospace & Defense,large,1198.09,0.707,1.0258,0.9678,0.83,STRONG_UP,-11.32,-9.06,1.13,-25.3,52.4,31.26,0.7291,LOW,SHIFT,1179.679,1194.3354,1289.0677,0,-15.1804,WEAK,7.7145
1298,-169,ED,Consolidated Edison,Utilities,Multi-Utilities,large,106.3,0.8115,1.0015,0.9511,0.9054,STRONG_UP,5.85,4.38,17.97,-8.54,51.6,17.43,0.5958,LOW,-,107.3527,109.6737,102.2287,1,12.9778,TREND_ONLY,7.6906
1299,38,SCL,STEPAN,Materials,,small,50.73,0.7556,1.0145,0.9536,0.7054,STRONG_UP,20.14,-2.81,-39.66,-32.78,54.0,51.22,0.5553,LOW,-,51.0245,50.0052,49.2763,1,-2.9628,TREND_ONLY,7.643
1300,-93,CCOI,COGENT COMMUNICATIONS HOLDINGS INC,Communication,,small,17.77,0.3163,1.1147,0.7314,0.8885,FLAT,-10.0,-59.31,-66.86,-69.3,52.4,109.92,0.705,LOW,-,19.1869,19.797,27.0431,0,-28.276,WEAK,7.6424
1301,-12,DNOW,DNOW INC,Industrials,,mid,13.2,0.6948,0.9995,1.0314,0.9255,FLAT,7.67,-10.63,-7.89,-34.08,56.0,52.7,0.6068,LOW,SHIFT,13.1405,12.3928,13.9052,0,-11.2953,WEAK,7.6342
1302,120,SAFE,SAFEHOLD INC,Real Estate,,small,14.66,0.8113,1.0128,0.9104,0.8643,STRONG_UP,14.16,4.36,-20.93,-22.9,50.8,32.53,0.4594,LOW,-,15.115,14.6909,14.5403,1,6.8032,TREND_ONLY,7.6195
1303,59,WY,Weyerhaeuser,Real Estate,Timber REITs,large,23.24,0.7426,1.0046,0.9002,0.8601,STRONG_UP,9.71,-4.48,-20.61,-21.96,47.6,23.97,0.7947,LOW,EARLY,23.8065,23.974,24.1147,0,-8.899,WEAK,7.616
1304,31,AMCR,Amcor,Materials,Paper & Plastic Packaging Products & Materials,large,38.09,0.6628,0.9963,0.9075,0.7089,STRONG_UP,-8.77,-14.74,-19.41,-26.51,48.0,39.68,0.8442,LOW,EARLY,38.5,39.588,41.8,0,-17.8275,WEAK,7.6136
1305,-100,WTW,Willis Towers Watson,Financials,Insurance Brokers,large,254.05,0.6429,1.0355,0.8365,0.7834,STRONG_UP,-20.01,-17.3,2.46,-30.39,50.8,34.17,0.826,LOW,EARLY,262.6115,278.7375,311.5192,0,-25.7154,WEAK,7.6066
1306,-55,NSP,INSPERITY INC,Industrials,,small,31.61,0.3913,1.1028,0.9364,1.2938,FLAT,3.18,-49.66,-66.57,-68.31,46.8,84.75,0.2959,LOW,-,31.711,28.4548,37.1478,0,-27.4241,WEAK,7.6019
1307,20,COUR,COURSERA INC,Consumer Discretionary,,small,5.25,0.479,1.0411,0.8151,0.8076,STRONG_UP,-35.9,-38.38,-36.29,-59.92,53.2,70.75,1.3073,MED,-,5.753,5.869,8.0277,0,-28.8598,WEAK,7.5905
1308,36,T,AT&T,Communication Services,Integrated Telecommunication Services,large,24.93,0.7363,1.0208,0.9207,0.8351,STRONG_UP,-0.44,-5.29,58.51,-20.59,50.0,24.44,1.0184,MED,EARLY,25.412,26.539,26.0903,0,-10.8134,WEAK,7.5522
1309,49,MWA,MUELLER WATER PRODUCTS INC SERIES,Industrials,,mid,25.43,0.8122,0.9926,0.8803,0.7891,STRONG_UP,10.12,4.47,35.7,-17.46,49.6,27.21,0.6421,LOW,EARLY,26.7091,27.5412,26.2703,0,8.1513,WEAK,7.5439
1310,-16,ERIE,Erie Indemnity,Financials,Insurance Brokers,large,222.07,0.4972,1.0508,0.8523,0.7588,STRONG_UP,-22.62,-36.05,-42.2,-42.22,49.6,36.2,0.5241,LOW,PROGRESS,220.837,236.24,283.9931,0,-49.3894,WEAK,7.5257
1311,-58,NWSA,News Corp (Class A),Communication Services,Publishing,large,25.77,0.7225,0.9909,0.9278,1.0149,FLAT,2.24,-7.07,-0.49,-27.81,50.0,21.76,0.8557,LOW,-,26.302,25.34,26.3232,0,-16.2347,WEAK,7.5139
1312,-22,ITGR,INTEGER HOLDINGS CORP,Health Care,,mid,91.49,0.5983,1.0281,1.0308,1.0001,FLAT,35.04,-23.04,-24.58,-48.51,52.8,31.84,0.457,LOW,-,86.9155,86.4882,87.7643,1,-38.2071,TREND_ONLY,7.5127
1313,-94,QTWO,Q2 HOLDINGS INC,Information Technology,,mid,47.08,0.4195,1.0541,0.8685,0.86,STRONG_UP,-32.26,-46.04,-25.89,-53.08,44.4,46.19,0.4807,LOW,EARLY,48.8325,48.7272,63.2682,0,-44.2559,WEAK,7.4994
1314,-94,ARLO,ARLO TECHNOLOGIES INC,Information Technology,,small,13.05,0.7438,1.0363,0.8582,1.0426,FLAT,-2.68,-4.33,6.79,-42.23,50.8,71.84,0.8529,LOW,-,13.8425,14.0332,15.0317,0,-3.0587,WEAK,7.4925
1315,19,HNI,HNI CORP,Industrials,,mid,30.44,0.5299,0.9729,0.7849,0.5701,STRONG_UP,-21.54,-31.84,-28.76,-43.91,45.2,46.54,0.6189,LOW,EARLY,34.0515,35.144,41.6676,0,-30.9245,WEAK,7.4815
1316,-55,PAYX,Paychex,Industrials,Human Resource & Employment Services,large,94.92,0.4918,1.0785,0.9873,0.9774,STRONG_UP,-11.66,-36.74,-19.25,-44.95,46.0,30.7,0.6707,LOW,SHIFT,91.5815,90.9105,108.198,0,-55.0514,WEAK,7.4545
1317,-55,ACVA,ACV AUCTIONS INC CLASS A,Industrials,,small,5.96,0.2837,1.0517,1.1506,0.8301,FLAT,-8.87,-63.5,-68.43,-75.43,47.6,85.96,0.72,LOW,-,5.61,5.0334,7.756,0,-35.1644,WEAK,7.4476
1318,38,MLKN,MILLERKNOLL INC,Industrials,,small,15.07,0.7401,1.0181,0.831,0.6314,STRONG_UP,10.87,-4.8,-41.37,-37.8,48.0,61.47,0.9898,LOW,-,15.8075,16.341,17.8299,0,-3.7506,WEAK,7.4436
1319,-19,AI,C3 AI INC CLASS A,Information Technology,,small,9.28,0.3299,1.0373,0.9482,0.8293,STRONG_UP,-32.46,-57.57,-64.51,-73.39,46.8,70.47,0.8817,LOW,-,9.0465,8.8414,13.4874,0,-38.2313,WEAK,7.4425
1320,60,LADR,LADDER CAPITAL CORP CLASS A,Financials,,small,10.01,0.8332,1.0093,0.937,0.9071,STRONG_UP,0.31,7.18,3.97,-14.68,50.4,19.04,0.5932,LOW,-,10.1885,10.0123,10.3653,0,19.0002,WEAK,7.4419
1321,-8,HSIC,Henry Schein,Health Care,Health Care Distributors,mid,73.23,0.7898,1.018,0.8995,0.8537,STRONG_UP,2.85,1.6,-0.03,-17.23,49.6,26.62,0.8755,LOW,-,73.1755,74.3598,72.6797,1,2.9727,TREND_ONLY,7.4393
1322,93,BXMT,BLACKSTONE MORTGAGE TRUST REIT CLA,Financials,,mid,17.96,0.8304,0.9841,0.8607,0.8748,FLAT,2.04,6.82,23.55,-12.02,50.4,26.18,2.0312,HIGH,EARLY,18.9235,18.9547,18.4447,0,13.122,WEAK,7.4378
1323,-21,RVLV,REVOLVE GROUP CLASS A INC,Consumer Discretionary,,small,18.65,0.7238,1.017,0.6521,0.6867,FLAT,-12.03,-6.89,-11.15,-44.32,46.8,61.93,0.838,LOW,-,21.8875,23.0788,24.2398,0,-5.2065,WEAK,7.4368
1324,-65,PHR,PHREESIA INC,Health Care,,small,8.85,0.2809,1.0185,0.9111,0.6459,STRONG_UP,-54.85,-63.86,-62.53,-75.24,47.6,75.87,0.8478,LOW,-,9.377,9.7438,17.6552,0,-40.0668,WEAK,7.4297
1325,-5,AIN,ALBANY INTERNATIONAL CORP CLASS A,Industrials,,small,60.26,0.726,0.9589,1.0367,0.9455,FLAT,43.86,-6.61,-31.41,-42.65,51.6,38.62,0.4895,LOW,-,59.5085,56.3078,55.4614,1,-8.8279,TREND_ONLY,7.4286
1326,-115,SCSC,SCANSOURCE INC,Information Technology,,small,43.1,0.8465,1.0136,1.0246,1.0735,STRONG_DOWN,11.4,8.89,-13.33,-24.52,51.6,32.82,0.6704,LOW,-,42.036,39.0762,40.6484,1,13.9823,TREND_ONLY,7.4268
1327,42,RWT,REDWOOD TRUST REIT INC,Financials,,small,5.29,0.8475,1.0151,0.8691,0.8236,STRONG_UP,11.37,9.02,2.42,-19.91,47.2,31.16,0.6228,LOW,-,5.49,5.6103,5.449,0,13.6593,WEAK,7.3997
1328,-45,BR,Broadridge Financial Solutions,Industrials,Data Processing & Outsourced Services,large,149.2,0.4936,1.0504,0.8911,0.7861,STRONG_UP,-33.02,-36.51,-22.87,-45.55,46.0,29.66,0.5114,LOW,EARLY,151.9115,159.8535,207.1732,0,-56.6237,WEAK,7.3883
1329,32,CHCO,CITY HOLDING,Financials,,small,123.88,0.8279,1.024,0.9556,0.9259,STRONG_UP,6.2,6.49,27.03,-11.76,46.4,17.91,0.667,LOW,-,123.1275,122.024,121.4328,1,16.8224,TREND_ONLY,7.3858
1330,-1,GERN,GERON CORP,Health Care,,small,1.26,0.731,0.9084,0.78,0.6217,STRONG_UP,13.51,-5.97,-65.95,-37.44,44.4,73.41,0.4473,LOW,-,1.446,1.5434,1.4073,0,-3.6109,WEAK,7.3673
1331,-47,AMPL,AMPLITUDE INC CLASS A,Information Technology,,small,6.49,0.4212,1.0686,0.8554,0.8503,STRONG_UP,-34.25,-45.83,-32.11,-57.79,45.2,75.77,1.1402,MED,-,6.783,6.8008,9.3433,0,-27.3374,WEAK,7.3592
1332,-35,CARG,CARGURUS INC CLASS A,Communication,,mid,28.21,0.6949,0.9478,0.7099,0.8673,FLAT,-19.31,-10.61,18.18,-30.92,50.8,45.2,1.0753,MED,EARLY,34.2032,34.4117,34.5138,0,-11.9298,WEAK,7.3556
1333,-46,AVPT,AVEPOINT INC CLASS A,Information Technology,,mid,10.35,0.4392,1.0671,0.9698,0.9143,STRONG_UP,-19.01,-43.5,9.99,-54.04,52.4,48.46,0.8809,LOW,SHIFT,10.144,10.0139,12.7387,0,-47.0414,WEAK,7.3383
1334,-58,HURN,HURON CONSULTING GROUP INC,Industrials,,mid,107.21,0.5539,1.0514,0.8072,0.7561,STRONG_UP,-33.41,-28.75,25.51,-44.54,53.6,46.2,0.5594,LOW,EARLY,119.297,124.2604,147.4576,0,-33.3549,WEAK,7.3008
1335,-53,FUN,SIX FLAGS ENTERTAINMENT CORP,Consumer Discretionary,,small,19.57,0.4449,0.9837,0.981,0.9952,FLAT,39.69,-42.78,-55.67,-63.41,49.6,71.13,0.7829,LOW,-,19.4255,18.4964,19.1069,1,-29.8296,TREND_ONLY,7.2369
1336,140,TRIP,TRIPADVISOR INC,Communication,,small,9.93,0.5701,1.044,0.8607,0.852,STRONG_UP,-31.38,-26.66,-45.41,-51.72,46.0,47.76,1.6515,HIGH,-,10.5,10.4496,13.8079,0,-25.6792,WEAK,7.2177
1337,5,MCO,Moody's Corporation,Financials,Financial Exchanges & Data,large,444.27,0.7366,1.0388,0.9155,0.9244,FLAT,-4.89,-5.24,9.29,-23.61,50.8,27.74,0.6702,LOW,-,448.5506,442.7541,477.2351,0,-9.6038,WEAK,7.2092
1338,-13,AMPH,AMPHASTAR PHARMACEUTICALS INC,Health Care,,small,18.08,0.5818,1.0548,0.8265,0.5878,STRONG_UP,-30.19,-25.17,-56.86,-45.25,50.4,77.3,1.3736,MED,-,20.298,20.223,24.9481,0,-16.4081,WEAK,7.1717
1339,-100,V,Visa Inc.,Financials,Transaction & Payment Processing Services,large,330.75,0.7233,1.0351,1.0216,0.9579,STRONG_UP,3.41,-6.96,21.68,-20.38,49.2,25.82,0.6765,LOW,-,322.064,312.2098,329.68,1,-13.2621,TREND_ONLY,7.1674
1340,-48,SPSC,SPS COMMERCE INC,Information Technology,,mid,53.74,0.29,1.0857,0.8904,0.8602,STRONG_UP,-31.67,-62.69,-72.39,-65.78,48.0,46.29,0.608,LOW,EARLY,54.494,55.936,83.1934,0,-65.0095,WEAK,7.1652
1341,58,WGO,WINNEBAGO INDUSTRIES INC,Consumer Discretionary,,small,29.17,0.686,0.9854,0.8588,0.584,STRONG_UP,-9.44,-11.75,-48.98,-42.83,50.0,40.53,1.0303,MED,-,30.903,31.8532,36.1737,0,-14.5,WEAK,7.119
1342,42,AVB,AvalonBay Communities,Real Estate,Multi-Family Residential REITs,large,186.69,0.7475,1.0267,1.0456,0.987,FLAT,7.42,-3.85,,-20.87,52.0,20.51,0.6467,LOW,-,183.0255,173.3177,177.904,1,-9.7622,TREND_ONLY,7.1101
1343,23,BHVN,BIOHAVEN LTD,Health Care,,small,8.85,0.4382,0.9903,0.7951,0.731,STRONG_UP,-6.35,-43.63,-77.14,-56.99,44.0,68.25,1.3601,MED,-,9.4165,9.4678,11.9544,0,-28.1281,WEAK,7.0379
1344,-40,EXE,Expand Energy,Energy,Oil & Gas Exploration & Production,large,98.85,0.6914,1.0318,0.9902,0.8583,STRONG_UP,-14.65,-11.06,15.28,-22.9,48.0,29.44,1.0041,MED,PROGRESS,97.5805,101.0219,103.577,0,-18.0313,WEAK,6.9895
1345,-78,RXRX,RECURSION PHARMACEUTICALS INC CLAS,Health Care,,small,2.96,0.5619,0.9828,0.7614,0.8028,FLAT,-28.85,-27.72,-68.87,-58.17,41.6,54.99,0.9436,LOW,-,3.2545,3.3026,4.3405,0,-20.9677,WEAK,6.971
1346,156,CRVL,CORVEL CORP,Health Care,,mid,64.26,0.4448,1.1282,1.0741,1.2066,FLAT,-12.08,-42.78,-30.28,-59.86,46.0,33.01,1.82,HIGH,SHIFT,57.9605,55.6784,67.8203,0,-59.6123,WEAK,6.9569
1347,-61,CALM,CAL MAINE FOODS INC,Consumer Staples,,mid,78.26,0.6616,1.0126,0.9802,0.8701,STRONG_UP,-9.84,-14.9,44.93,-37.0,50.8,31.21,0.6136,LOW,PROGRESS,76.8659,78.2698,86.8598,0,-24.2491,WEAK,6.9287
1348,19,CDRE,CADRE HOLDINGS INC,Industrials,,small,29.12,0.6845,0.964,0.9468,0.6123,STRONG_UP,-27.15,-11.96,-6.07,-40.57,50.8,64.66,0.6915,LOW,-,29.6525,30.8942,37.0375,0,-9.3943,WEAK,6.9258
1349,48,AIG,American International Group,Financials,Multi-line Insurance,large,78.03,0.7506,1.0403,0.9847,0.9051,STRONG_UP,2.38,-3.44,3.58,-16.98,51.2,22.1,0.4627,LOW,-,76.3805,76.2321,77.6228,1,-7.9801,TREND_ONLY,6.9248
1350,33,HRTG,HERITAGE INSURANCE HOLDINGS INC,Financials,,small,23.27,0.7734,1.0439,0.8098,0.8956,FLAT,-20.31,-0.51,168.4,-29.29,51.6,65.85,1.9649,HIGH,-,26.255,26.5886,25.9898,0,-0.402,WEAK,6.9207
1351,-12,ALG,ALAMO GROUP INC,Industrials,,mid,152.16,0.5975,1.0105,0.8626,0.6625,STRONG_UP,-6.22,-23.15,-20.64,-36.3,44.8,45.41,0.9683,LOW,EARLY,162.301,166.6779,184.033,0,-22.8363,WEAK,6.9103
1352,27,NMIH,NMI HOLDINGS INC,Financials,,mid,38.25,0.79,1.0249,0.9111,0.9088,STRONG_UP,3.86,1.62,13.27,-18.08,53.6,24.71,0.9357,LOW,EARLY,38.7245,38.3368,38.5538,0,3.5154,WEAK,6.9026
1353,60,FFIN,FIRST FINANCIAL BANKSHARES INC,Financials,,mid,32.1,0.7362,1.0318,0.9628,0.8991,STRONG_UP,7.52,-5.3,7.77,-23.37,47.6,27.8,0.9835,LOW,-,31.993,30.964,32.0816,1,-9.0785,TREND_ONLY,6.8851
1354,27,HLMN,HILLMAN SOLUTIONS CORP,Industrials,,small,7.2,0.7544,0.9729,0.7745,0.7462,STRONG_UP,-10.56,-2.96,-23.81,-34.45,41.6,37.97,0.662,LOW,-,7.843,8.1405,9.0111,0,-3.2484,WEAK,6.88
1355,-47,BKNG,Booking Holdings,Consumer Discretionary,"Hotels, Resorts & Cruise Lines",large,156.95,0.5807,1.0255,0.8394,0.8948,FLAT,-17.62,-25.31,4.3,-33.35,50.0,41.51,0.8771,LOW,EARLY,165.3585,171.3544,195.6912,0,-30.481,WEAK,6.8783
1356,-40,ISRG,Intuitive Surgical,Health Care,Health Care Equipment,large,449.03,0.6381,1.0588,0.8908,0.8263,STRONG_UP,-17.88,-17.92,11.67,-29.15,48.0,31.67,0.8788,LOW,EARLY,449.5405,460.082,496.3388,0,-27.1615,WEAK,6.8724
1357,83,LKFN,LAKELAND FINANCIAL CORP,Financials,,small,59.77,0.805,1.0371,0.9706,0.9285,STRONG_UP,8.01,3.55,1.92,-18.57,47.6,23.67,0.8608,LOW,-,60.128,58.6959,59.4818,1,7.1381,TREND_ONLY,6.8686
1358,-30,MOS,Mosaic Company (The),Materials,Fertilizers & Agricultural Chemicals,mid,21.86,0.4929,0.9728,0.8554,0.6948,STRONG_UP,-9.86,-36.6,-24.61,-42.01,45.2,52.69,0.6799,LOW,EARLY,22.755,24.6308,27.4689,0,-31.3957,WEAK,6.8665
1359,17,EQR,Equity Residential,Real Estate,Multi-Family Residential REITs,large,66.28,0.781,1.0289,1.0307,0.994,FLAT,14.61,0.47,7.66,-14.7,50.4,20.14,0.5573,LOW,-,65.083,61.9733,61.3954,1,1.1705,TREND_ONLY,6.858
1360,-116,NWS,News Corp (Class B),Communication Services,Publishing,large,29.7,0.7186,0.9966,0.927,1.0414,FLAT,3.54,-7.57,11.14,-26.84,52.4,21.91,0.6583,LOW,-,30.309,29.07,29.9803,0,-18.1003,WEAK,6.8487
1361,11,ACIW,ACI WORLDWIDE INC,Information Technology,,mid,43.25,0.7357,1.0681,0.9378,0.9813,FLAT,-6.51,-5.36,,-28.25,51.2,39.77,0.606,LOW,SHIFT,43.189,41.9642,45.5878,0,-6.9018,WEAK,6.8267
1362,-55,VERX,VERTEX INC CLASS A,Information Technology,,small,13.51,0.2723,1.1015,1.042,0.9836,STRONG_UP,-31.46,-64.97,-58.67,-74.21,44.8,68.88,0.71,LOW,-,13.091,12.6198,18.9631,0,-42.2587,WEAK,6.8205
1363,-8,PWP,PERELLA WEINBERG PARTNERS CLASS A,Financials,,small,17.71,0.788,0.971,0.7951,0.8165,FLAT,1.59,1.36,14.17,-33.93,48.8,45.57,0.8323,LOW,-,19.5,18.9808,19.7518,0,1.4596,WEAK,6.8142
1364,-21,PD,PAGERDUTY INC,Information Technology,,small,7.16,0.3534,1.0738,1.0238,1.0109,STRONG_UP,-52.55,-54.54,-64.61,-66.63,42.8,66.84,0.435,LOW,-,6.92,6.6764,11.7037,0,-34.9237,WEAK,6.796
1365,-32,APPN,APPIAN CORP CLASS A,Information Technology,,small,21.34,0.5331,1.1207,0.9367,0.7874,STRONG_UP,-49.46,-31.43,-33.35,-58.98,49.2,55.06,0.6742,LOW,-,21.4688,22.7063,29.57,0,-28.082,WEAK,6.7913
1366,-36,CLX,Clorox,Consumer Staples,Household Products,large,94.26,0.5807,1.0435,0.9338,0.7163,STRONG_UP,-3.63,-25.3,-24.26,-31.75,47.6,36.8,0.7666,LOW,PROGRESS,92.304,99.121,108.4189,0,-32.7234,WEAK,6.7771
1367,-29,DPZ,Domino's,Consumer Discretionary,Restaurants,large,315.97,0.5199,1.049,0.8285,0.7659,STRONG_UP,-20.95,-33.13,-36.58,-36.93,44.4,34.37,0.6928,LOW,EARLY,327.159,354.0091,400.871,0,-42.793,WEAK,6.7724
1368,-5,EPRT,ESSENTIAL PROPERTIES REALTY TRUST,Real Estate,,mid,31.31,0.795,1.0334,0.9364,0.8961,STRONG_UP,3.42,2.26,22.93,-12.17,52.0,17.58,0.3697,LOW,-,31.1585,31.5737,30.5436,1,6.6926,TREND_ONLY,6.7667
1369,-68,PAYC,Paycom,Industrials,Human Resource & Employment Services,mid,137.98,0.4204,1.0423,1.015,1.1188,FLAT,-14.04,-45.93,-21.97,-56.97,48.8,45.36,0.5737,LOW,SHIFT,132.4645,126.9986,163.8207,0,-49.4105,WEAK,6.7619
1370,35,UDR,"UDR, Inc.",Real Estate,Multi-Family Residential REITs,large,37.83,0.7581,1.0226,1.0518,0.9559,FLAT,12.44,-2.48,4.06,-18.18,49.6,19.68,0.7259,LOW,-,36.6265,35.3225,35.7726,1,-6.2563,TREND_ONLY,6.7561
1371,-62,MGRC,MCGRATH RENT,Industrials,,mid,109.83,0.7653,0.9593,0.9622,0.9073,FLAT,15.89,-1.56,0.8,-24.87,49.2,29.8,0.6195,LOW,EARLY,113.794,111.2004,111.8384,0,-2.5797,WEAK,6.6877
1372,-31,MKC,McCormick & Company,Consumer Staples,Packaged Foods & Meats,large,46.7,0.5151,1.0135,0.8706,0.638,STRONG_UP,-27.12,-33.74,-33.54,-39.5,48.0,33.23,0.4727,LOW,EARLY,48.5405,51.1512,62.3185,0,-48.7399,WEAK,6.6573
1373,-13,BAX,Baxter International,Health Care,Health Care Equipment,mid,18.77,0.4861,1.0655,0.9836,0.8072,STRONG_UP,3.52,-37.48,-43.3,-49.79,49.2,41.34,0.6248,LOW,SHIFT,17.661,17.414,20.1005,0,-44.6002,WEAK,6.6232
1374,42,KHC,Kraft Heinz,Consumer Staples,Packaged Foods & Meats,large,23.53,0.7308,1.0189,1.0314,0.9095,FLAT,-2.66,-6.0,-26.85,-23.19,51.2,25.22,0.9142,LOW,SHIFT,22.885,22.56,24.0041,0,-12.1808,WEAK,6.5951
1375,-28,AGM,FEDERAL AGRICULTURAL MORTGAGE NON,Financials,,small,175.31,0.758,1.007,0.9695,1.0996,FLAT,10.16,-2.49,3.78,-31.94,50.8,41.75,0.8188,LOW,-,174.9455,162.0243,169.1157,1,-3.0336,TREND_ONLY,6.5514
1376,-31,VYX,NCR VOYIX CORP,Information Technology,,small,6.47,0.4781,0.9423,0.8818,0.6251,STRONG_UP,-36.63,-38.5,-52.53,-57.96,48.0,65.01,0.6766,LOW,-,7.1025,6.7974,9.9521,0,-28.425,WEAK,6.5097
1377,15,UFPT,UFP TECHNOLOGIES INC,Health Care,,small,224.73,0.7622,1.0266,1.0583,0.8928,FLAT,2.81,-1.95,-14.41,-30.69,49.2,46.93,0.7948,LOW,-,209.639,201.989,216.7895,1,-2.0446,TREND_ONLY,6.492
1378,-179,SJM,J.M. Smucker Company (The),Consumer Staples,Packaged Foods & Meats,large,100.48,0.7232,1.0234,1.0262,0.8537,FLAT,-3.82,-6.98,-2.89,-22.82,48.8,28.24,0.702,LOW,SHIFT,97.8838,96.7174,101.6609,0,-12.0562,WEAK,6.4592
1379,79,SYBT,STOCK YARDS BANCORP INC,Financials,,small,71.02,0.7599,1.0235,0.9666,0.955,STRONG_UP,11.58,-2.25,50.91,-24.16,45.2,24.89,1.0327,MED,-,71.1605,68.6822,69.0003,1,-4.0904,TREND_ONLY,6.4569
1380,-32,BRO,Brown & Brown,Financials,Insurance Brokers,large,57.43,0.4059,1.0392,0.8141,0.7677,STRONG_UP,-27.77,-47.79,-35.16,-51.62,47.2,30.47,0.5046,LOW,EARLY,58.8991,63.5386,78.0416,0,-74.0362,WEAK,6.4094
1381,-57,PRVA,PRIVIA HEALTH GROUP INC,Health Care,,mid,23.18,0.7572,1.0067,0.9321,0.9778,FLAT,0.22,-2.61,43.53,-24.17,46.0,36.95,0.571,LOW,-,23.765,22.7198,23.1844,0,-3.2431,WEAK,6.3468
1382,4,KFY,KORN FERRY,Industrials,,mid,66.26,0.7814,1.0432,0.9472,0.9967,FLAT,5.75,0.52,6.64,-21.05,47.6,27.22,0.5734,LOW,SHIFT,66.0175,64.1804,66.4045,0,0.9013,WEAK,6.276
1383,-88,FDS,FactSet,Financials,Financial Exchanges & Data,mid,223.68,0.38,1.1296,0.8842,1.0692,FLAT,-17.04,-51.13,-49.08,-58.8,49.2,45.88,0.5677,LOW,SHIFT,220.8595,218.273,269.3503,0,-54.8253,WEAK,6.2662
1384,-20,FWRG,FIRST WATCH RESTAURANT GROUP INC,Consumer Discretionary,,small,10.97,0.5484,1.029,0.7779,0.6392,STRONG_UP,-32.74,-29.45,-42.78,-47.26,44.4,67.48,0.6224,LOW,-,12.046,11.8286,15.3865,0,-19.3795,WEAK,6.2121
1385,-11,STE,Steris,Health Care,Health Care Equipment,large,215.97,0.6867,1.0093,0.9269,0.7992,STRONG_UP,-15.75,-11.67,-4.7,-24.67,48.8,25.78,0.8323,LOW,PROGRESS,214.3585,218.2798,241.6735,0,-22.0821,WEAK,6.2036
1386,4,UFPI,UFP INDUSTRIES INC,Industrials,,mid,79.99,0.6421,0.9668,0.8013,0.6783,STRONG_UP,-9.22,-17.4,-31.89,-31.29,42.8,32.32,1.1657,MED,EARLY,85.837,89.573,95.27,0,-23.0472,WEAK,6.1359
1387,-5,INVH,Invitation Homes,Real Estate,Single-Family Residential REITs,large,29.17,0.7043,1.0338,1.049,1.0825,STRONG_DOWN,8.4,-9.41,-10.6,-26.13,46.8,21.59,0.5275,LOW,-,28.382,26.6097,27.2724,1,-20.3956,TREND_ONLY,6.1229
1388,38,WD,WALKER & DUNLOP INC,Financials,,small,49.73,0.5953,0.9476,0.9543,0.7401,FLAT,-17.44,-23.42,-46.95,-49.57,48.0,53.63,1.1596,MED,-,51.806,48.3715,64.2892,0,-20.9609,WEAK,6.1081
1389,-24,JBGS,JBG SMITH PROPERTIES,Real Estate,,small,14.23,0.7029,0.9777,0.9003,0.8515,STRONG_UP,-17.83,-9.59,5.9,-40.48,46.0,31.89,0.4844,LOW,-,14.8433,14.7701,17.4931,0,-13.8308,WEAK,6.0763
1390,18,CPT,Camden Property Trust,Real Estate,Multi-Family Residential REITs,large,106.29,0.7445,1.0317,1.005,0.9298,STRONG_UP,6.38,-4.24,8.19,-16.05,52.4,19.99,0.7576,LOW,-,104.315,101.6246,103.6529,1,-11.1027,TREND_ONLY,6.0359
1391,-88,ROL,"Rollins, Inc.",Industrials,Environmental & Facilities Services,large,53.27,0.7356,1.0065,0.9271,0.8106,STRONG_UP,-8.52,-5.38,17.45,-19.79,51.2,20.37,0.6394,LOW,EARLY,54.335,54.1999,57.5357,0,-13.522,WEAK,6.0319
1392,17,KVUE,Kenvue,Consumer Staples,Personal Care Products,large,17.32,0.5871,1.017,0.9716,0.8685,STRONG_UP,9.24,-24.48,-5.82,-40.64,48.8,20.0,0.4685,LOW,-,17.231,17.22,17.2147,1,-59.7241,TREND_ONLY,6.0311
1393,-6,CBRL,CRACKER BARREL OLD COUNTRY STORE I,Consumer Discretionary,,small,29.98,0.4366,1.0374,0.941,0.8309,STRONG_UP,11.47,-43.84,-33.0,-64.96,44.8,47.5,1.207,MED,-,30.2145,29.0828,34.908,0,-41.3469,WEAK,5.9953
1394,-3,UVV,UNIVERSAL CORP,Consumer Staples,,small,54.79,0.7777,1.0256,1.0032,0.9598,STRONG_UP,6.64,0.04,17.13,-20.74,47.2,16.59,0.6952,LOW,-,53.8395,52.5751,52.3575,1,0.1195,TREND_ONLY,5.9797
1395,1,VICI,Vici Properties,Real Estate,Hotel & Resort REITs,large,28.4,0.7472,1.0282,0.9663,0.8897,STRONG_UP,-0.82,-3.88,5.77,-17.88,49.6,19.05,0.5489,LOW,-,28.4885,28.0893,29.0949,0,-10.1064,WEAK,5.9501
1396,32,CNS,COHEN & STEERS INC,Financials,,mid,71.58,0.7429,0.9965,1.0146,1.0088,FLAT,23.22,-4.43,3.93,-23.32,49.6,23.43,0.6169,LOW,-,70.0272,65.9598,65.6995,1,-9.3843,TREND_ONLY,5.9377
1397,-20,FDP,FRESH DEL MONTE PRODUCE INC,Consumer Staples,,small,32.88,0.7833,0.951,0.7635,0.7479,STRONG_UP,-5.62,0.75,48.85,-23.98,50.0,30.81,0.8188,LOW,-,37.4244,39.6195,37.0065,0,1.2214,WEAK,5.889
1398,-5,APAM,ARTISAN PARTNERS ASSET MANAGEMENT,Financials,,mid,36.45,0.7459,1.0082,0.929,0.8299,STRONG_UP,-6.49,-4.05,-5.46,-21.92,48.8,26.03,0.6766,LOW,-,36.671,36.1127,39.6184,0,-7.5925,WEAK,5.8764
1399,-48,CWST,CASELLA WASTE SYSTEMS INC CLASS A,Industrials,,mid,87.41,0.5927,1.0222,1.0375,0.8493,FLAT,-4.17,-23.76,-11.54,-36.69,48.8,47.55,0.7318,LOW,SHIFT,83.873,83.2362,92.6346,0,-24.3839,WEAK,5.8709
1400,42,AOS,A. O. Smith,Industrials,Building Products,mid,56.68,0.6703,0.9869,0.8439,0.6795,STRONG_UP,-9.62,-13.78,-31.25,-30.08,47.2,28.33,1.0491,MED,EARLY,59.8321,62.9633,68.2527,0,-22.9539,WEAK,5.8501
1401,-87,GPOR,GULFPORT ENERGY CORP,Energy,,mid,184.14,0.7413,1.0223,0.9305,0.8329,STRONG_UP,-12.91,-4.65,17.25,-21.77,53.6,32.12,0.8524,LOW,EARLY,185.9415,195.4366,192.1806,0,-7.7596,WEAK,5.8468
1402,-186,WM,Waste Management,Industrials,Environmental & Facilities Services,large,219.59,0.7402,1.0129,0.9409,0.8879,STRONG_UP,4.74,-4.78,8.55,-18.14,50.0,21.28,0.8641,LOW,EARLY,223.4345,227.421,221.3747,0,-11.2334,WEAK,5.8412
1403,-33,UPWK,UPWORK INC,Industrials,,small,8.66,0.4151,1.0818,0.7327,0.6099,STRONG_UP,-49.3,-46.61,-25.34,-63.46,47.6,59.23,0.7034,LOW,-,9.5665,10.602,15.653,0,-37.4573,WEAK,5.8411
1404,2,ITRI,ITRON INC,Information Technology,,mid,81.35,0.5509,1.0071,0.8704,0.7581,STRONG_UP,-15.5,-29.14,-24.0,-43.64,52.0,37.69,0.8007,LOW,EARLY,83.1835,88.6092,104.1172,0,-40.2005,WEAK,5.8098
1405,-30,VRRM,VERRA MOBILITY CORP CLASS A,Industrials,,mid,13.28,0.4321,1.0116,0.8394,0.6504,STRONG_UP,-40.61,-44.41,-51.34,-48.93,40.4,37.95,0.8649,LOW,EARLY,14.2315,14.536,20.3452,0,-47.2791,WEAK,5.8046
1406,-52,PZZA,PAPA JOHNS INTERNATIONAL INC,Consumer Discretionary,,small,32.34,0.6431,1.011,0.8282,0.9623,FLAT,-19.05,-17.27,-27.83,-43.11,49.2,63.99,0.6187,LOW,-,34.0073,34.4351,39.1388,0,-13.2797,WEAK,5.7501
1407,-29,WMK,WEIS MARKETS INC,Consumer Staples,,small,72.05,0.7734,1.0218,0.974,0.9023,STRONG_UP,11.09,-0.52,12.23,-20.22,51.2,30.49,0.8362,LOW,-,70.0742,68.9351,68.2204,1,-0.8675,TREND_ONLY,5.7424
1408,16,SPGI,S&P Global,Financials,Financial Exchanges & Data,large,417.01,0.6404,1.042,0.891,0.9287,FLAT,-14.58,-17.63,-3.73,-30.48,52.8,26.88,1.0009,MED,EARLY,423.0795,425.5716,481.1165,0,-34.6293,WEAK,5.7236
1409,-7,FOXF,FOX FACTORY HOLDING CORP,Consumer Discretionary,,small,16.36,0.5232,1.0225,0.911,0.7695,STRONG_UP,15.13,-32.7,-64.63,-56.63,50.8,52.19,0.5131,LOW,-,17.163,16.8956,20.2011,0,-31.8316,WEAK,5.7032
1410,-53,CMCSA,Comcast,Communication Services,Cable & Satellite,large,24.88,0.6137,0.9977,0.8128,0.7449,STRONG_UP,-0.69,-21.05,-26.96,-25.72,48.4,38.05,0.9789,LOW,EARLY,26.318,27.7612,28.0788,0,-26.779,WEAK,5.6988
1411,-10,OI,O I GLASS INC,Materials,,small,8.94,0.5133,1.0173,0.8208,0.5392,STRONG_UP,-30.37,-33.97,-30.86,-49.79,50.0,60.24,1.3189,MED,-,9.229,10.0396,12.7594,0,-28.1984,WEAK,5.6824
1412,20,AVY,Avery Dennison,Materials,Paper & Plastic Packaging Products & Materials,large,158.32,0.698,1.0043,0.9093,0.7494,STRONG_UP,-5.19,-10.22,-28.21,-21.49,46.4,25.48,0.917,LOW,EARLY,161.9035,166.5,173.018,0,-18.6057,WEAK,5.6682
1413,22,MBC,MASTERBRAND INC,Industrials,,small,7.12,0.548,1.0037,0.7466,0.5733,STRONG_UP,-24.58,-29.5,-56.56,-50.94,43.6,48.49,0.9721,LOW,-,8.0485,8.26,11.0701,0,-26.5295,WEAK,5.5801
1414,19,FCPT,FOUR CORNERS PROPERTY INC TRUST,Real Estate,,mid,25.01,0.7552,1.0291,0.9629,0.9327,STRONG_UP,7.19,-2.85,12.43,-15.49,47.2,17.55,1.3166,MED,-,25.1155,24.7588,24.0552,1,-7.6758,TREND_ONLY,5.5724
1415,-5,PRKS,UNITED PARKS AND RESORTS INC,Consumer Discretionary,,small,34.68,0.5949,0.986,0.9248,0.9077,STRONG_UP,5.83,-23.48,-34.31,-46.15,48.0,50.41,0.592,LOW,-,35.2795,34.2748,40.4434,0,-22.3551,WEAK,5.5306
1416,31,SHW,Sherwin-Williams,Materials,Specialty Chemicals,large,307.7,0.6804,1.0045,0.8809,0.7932,STRONG_UP,-4.77,-12.48,0.76,-19.94,46.4,29.94,1.4736,MED,EARLY,316.3115,320.9564,339.2854,0,-19.3401,WEAK,5.5221
1417,0,HCI,HCI GROUP INC,Financials,,small,158.2,0.7575,1.0233,0.9887,0.9423,STRONG_UP,-8.52,-2.56,61.46,-27.46,49.6,29.55,0.5613,LOW,-,154.1415,154.726,169.9886,0,-4.294,WEAK,5.5071
1418,7,JBI,JANUS INTERNATIONAL GROUP INC,Industrials,,small,5.03,0.4728,1.0154,0.8807,0.6471,STRONG_UP,-14.75,-39.18,-65.02,-55.62,44.8,55.65,0.8255,LOW,-,5.1295,5.2382,7.4023,0,-31.5393,WEAK,5.4967
1419,46,GPI,GROUP AUTOMOTIVE INC,Consumer Discretionary,,mid,315.2,0.5711,0.9516,0.8846,0.8556,STRONG_UP,-19.58,-26.54,2.05,-38.91,46.0,34.64,0.645,LOW,EARLY,337.3385,330.7158,386.9775,0,-35.2388,WEAK,5.3812
1420,31,VRTS,VIRTUS INVESTMENT PARTNERS INC,Financials,,small,137.93,0.6645,0.979,0.9487,0.8857,STRONG_UP,-8.87,-14.52,-35.6,-38.95,51.2,37.94,1.3781,MED,-,140.8242,135.0003,157.3907,0,-19.597,WEAK,5.3245
1421,-32,AMP,Ameriprise Financial,Financials,Asset Management & Custody Banks,large,457.27,0.7048,0.9778,0.9399,0.9025,STRONG_UP,3.95,-9.34,8.11,-20.87,54.4,25.72,0.7535,LOW,-,468.1446,454.2486,476.8454,0,-19.757,WEAK,5.3129
1422,-34,WRB,W. R. Berkley Corporation,Financials,Property & Casualty Insurance,large,68.24,0.7441,1.0431,0.97,0.8916,STRONG_UP,-10.43,-4.28,35.92,-16.39,52.4,20.69,0.6999,LOW,SHIFT,66.8,66.6202,70.1067,0,-10.8514,WEAK,5.3033
1423,-38,AJG,Arthur J. Gallagher & Co.,Financials,Insurance Brokers,large,203.61,0.4736,1.0396,0.8835,0.875,STRONG_UP,-20.83,-39.08,-19.58,-44.4,49.2,29.08,0.5854,LOW,EARLY,204.9955,211.536,250.7657,0,-66.1172,WEAK,5.285
1424,-24,NTGR,NETGEAR INC,Information Technology,,small,24.48,0.635,0.957,0.9051,1.088,FLAT,-0.65,-18.32,96.0,-44.82,46.8,49.16,0.5187,LOW,-,25.467,24.1484,25.6435,0,-17.4389,WEAK,5.2839
1425,37,COO,Cooper Companies (The),Health Care,Health Care Supplies,large,61.75,0.6048,1.0322,0.8853,0.6813,STRONG_UP,-14.47,-22.2,-36.18,-30.05,46.8,24.14,1.6801,HIGH,PROGRESS,61.5465,66.9604,73.3905,0,-43.0386,WEAK,5.2706
1426,-58,TMUS,T-Mobile US,Communication Services,Wireless Telecommunication Services,large,190.16,0.6245,1.0199,0.9658,0.8226,STRONG_UP,-9.88,-19.67,19.33,-28.51,49.6,27.98,0.6682,LOW,EARLY,191.743,199.0686,212.3461,0,-34.8641,WEAK,5.2637
1427,-56,CNK,CINEMARK HOLDINGS INC,Communication,,mid,26.41,0.6453,1.0113,0.8882,0.9277,FLAT,-11.93,-17.0,53.41,-34.65,49.2,33.51,0.6713,LOW,EARLY,27.4815,28.056,26.448,0,-24.9533,WEAK,5.2455
1428,-5,BCC,BOISE CASCADE,Industrials,,mid,67.28,0.6053,0.9785,0.7849,0.7619,STRONG_UP,2.4,-22.14,-48.64,-29.6,41.2,41.51,0.649,LOW,EARLY,73.741,75.0,77.6845,0,-21.9785,WEAK,5.227
1429,24,ABR,ARBOR REALTY TRUST REIT INC,Financials,,small,5.78,0.5442,0.999,0.6805,0.746,FLAT,-29.76,-30.0,-47.82,-50.27,48.8,56.14,1.0399,MED,-,7.1345,7.4678,8.7715,0,-26.0762,WEAK,5.2068
1430,-10,ENR,ENERGIZER HOLDINGS INC,Consumer Staples,,small,16.59,0.585,1.0027,0.7951,0.6861,STRONG_UP,-12.06,-24.76,-40.78,-43.62,47.6,48.0,1.0211,MED,-,18.282,17.9682,21.5954,0,-24.5488,WEAK,5.1912
1431,-20,LZ,LEGALZOOM COM INC,Industrials,,small,6.43,0.5301,1.1037,0.9333,0.9092,STRONG_UP,-31.67,-31.81,-24.26,-50.98,50.4,50.15,1.0409,MED,-,6.332,6.1716,8.6926,0,-31.972,WEAK,5.1783
1432,-28,CBZ,CBIZ INC,Industrials,,small,31.59,0.3424,1.1211,0.9921,1.0052,FLAT,-36.95,-55.95,-59.79,-67.69,46.8,65.01,0.5467,LOW,-,30.719,28.8506,44.7443,0,-40.2805,WEAK,5.1535
1433,16,VCEL,VERICEL CORP,Health Care,,small,35.4,0.6701,1.0782,0.9882,0.8621,STRONG_UP,-9.3,-13.81,-31.3,-35.8,49.2,46.61,0.9544,LOW,-,34.732,33.7388,35.4388,0,-14.5728,WEAK,5.114
1434,-27,HRMY,HARMONY BIOSCIENCES HLDG INC,Health Care,,small,31.38,0.7071,1.0297,0.9418,0.9982,FLAT,-7.68,-9.04,,-34.49,48.8,48.41,0.6777,LOW,-,31.1505,29.523,32.6742,0,-9.1163,WEAK,4.9739
1435,-8,ATRC,ATRICURE INC,Health Care,,small,29.0,0.6778,1.0398,1.007,0.8256,STRONG_UP,-12.55,-12.81,29.18,-38.03,48.8,35.48,0.9263,LOW,-,28.0935,28.6522,34.3159,0,-17.6167,WEAK,4.9675
1436,27,DEI,DOUGLAS EMMETT REIT INC,Real Estate,,small,11.54,0.6754,1.0041,1.0446,1.0446,DOWN,3.56,-13.13,-9.09,-44.09,43.2,35.39,0.539,LOW,-,11.4205,10.3498,11.8015,0,-16.0221,WEAK,4.9438
1437,42,UMH,UMH PROPERTIES INC,Real Estate,,small,15.38,0.7697,1.0366,0.9752,0.8949,STRONG_UP,7.12,-0.99,9.55,-17.43,47.2,19.5,0.6076,LOW,-,15.3199,14.9053,14.8648,1,-2.386,TREND_ONLY,4.9292
1438,-8,TRNS,TRANSCAT INC,Industrials,,small,67.86,0.5836,0.8854,0.8068,0.8039,STRONG_UP,27.8,-24.93,-52.16,-43.44,46.8,45.33,1.0769,MED,-,75.218,75.6558,70.691,0,-25.7336,WEAK,4.9096
1439,-36,LRN,STRIDE INC,Consumer Discretionary,,mid,89.06,0.4442,1.0169,0.8375,1.0003,FLAT,37.93,-42.87,27.78,-64.07,52.4,31.81,0.5388,LOW,EARLY,91.9755,90.6438,100.9435,0,-70.6128,WEAK,4.9059
1440,34,BANF,BANCFIRST CORP,Financials,,mid,111.04,0.6971,1.0294,0.9351,0.8861,STRONG_UP,4.09,-10.33,26.56,-23.63,47.2,26.88,1.2639,MED,-,111.586,110.3748,114.8295,0,-18.1416,WEAK,4.8914
1441,-47,GSHD,GOOSEHEAD INSURANCE INC CLASS A,Financials,,small,41.365,0.2987,1.133,0.8707,0.8632,STRONG_UP,-40.69,-61.58,-32.44,-67.57,47.6,62.91,0.7327,LOW,-,42.8683,43.0459,63.9886,0,-46.5922,WEAK,4.8827
1442,-8,PAYO,PAYONEER GLOBAL INC,Financials,,small,4.96,0.5588,1.028,0.9152,0.8504,STRONG_UP,-7.29,-28.12,-16.78,-42.45,46.8,59.46,0.5944,LOW,-,4.9785,4.8836,5.6632,0,-22.1296,WEAK,4.8777
1443,2,VLTO,Veralto,Industrials,Environmental & Facilities Services,large,86.19,0.6701,1.0202,0.9292,0.8602,STRONG_UP,-11.62,-13.81,-12.63,-22.41,43.2,21.68,1.0077,MED,EARLY,87.145,88.4083,97.9876,0,-27.5105,WEAK,4.8387
1444,-15,CCB,COASTAL FINANCIAL CORP,Financials,,small,70.58,0.6206,1.0219,0.8281,0.7826,STRONG_UP,-31.41,-20.17,56.67,-42.65,51.2,44.93,0.9222,LOW,-,74.572,77.0831,97.914,0,-22.9818,WEAK,4.8285
1445,-27,ABT,Abbott Laboratories,Health Care,Health Care Equipment,large,88.38,0.527,1.0507,0.9247,0.7352,STRONG_UP,-31.24,-32.22,-10.65,-38.99,47.2,26.27,0.6341,LOW,PROGRESS,87.9705,96.6155,116.7726,0,-57.8849,WEAK,4.8259
1446,-3,ICFI,ICF INTERNATIONAL INC,Industrials,,small,68.53,0.6152,1.1365,0.9593,0.8062,STRONG_UP,-10.9,-20.86,-52.1,-40.22,49.6,44.21,1.2254,MED,-,68.0245,68.1275,82.9956,0,-23.4057,WEAK,4.7754
1447,-49,JKHY,Jack Henry & Associates,Financials,Transaction & Payment Processing Services,large,139.82,0.6023,1.0529,0.8606,0.8177,STRONG_UP,-14.12,-22.53,-15.08,-30.16,50.4,27.62,0.9776,LOW,EARLY,146.192,153.5472,162.9017,0,-41.1117,WEAK,4.73
1448,2,UTL,UNITIL CORP,Utilities,,small,51.33,0.7652,1.0151,0.9629,0.9294,STRONG_UP,9.05,-1.57,1.56,-17.5,53.6,21.44,0.4198,LOW,-,51.0487,51.8427,48.8409,1,-3.9342,TREND_ONLY,4.7186
1449,-30,PRGS,PROGRESS SOFTWARE CORP,Information Technology,,small,29.21,0.3672,1.1001,0.9228,0.6718,STRONG_UP,-26.79,-52.77,-42.7,-61.2,50.0,63.34,,LOW,-,28.182,29.1936,39.3375,0,-41.6524,WEAK,4.6786
1450,-13,ROCK,GIBRALTAR INDUSTRIES INC,Industrials,,small,35.15,0.4552,0.9354,0.8438,0.6176,STRONG_UP,-25.59,-41.45,-51.84,-54.65,45.2,53.37,0.9346,LOW,-,38.001,39.3584,52.204,0,-35.1013,WEAK,4.6764
1451,6,ABG,ASBURY AUTOMOTIVE GROUP INC,Consumer Discretionary,,mid,182.83,0.6303,0.9557,0.8665,0.7498,STRONG_UP,-17.01,-18.92,-23.82,-33.72,49.6,29.49,0.6726,LOW,EARLY,194.8515,196.6306,226.7518,0,-31.8261,WEAK,4.654
1452,35,IRT,INDEPENDENCE REALTY INC TRUST,Real Estate,,mid,16.7,0.7319,1.0373,1.0338,0.9461,STRONG_UP,4.25,-5.85,5.52,-17.28,48.0,18.75,1.2088,MED,-,16.2865,15.7352,16.2964,1,-14.972,TREND_ONLY,4.6462
1453,-17,USPH,US PHYSICAL THERAPY INC,Health Care,,small,62.24,0.641,0.9651,0.7908,0.6825,STRONG_UP,-9.18,-17.54,-38.59,-35.89,49.6,50.47,0.9293,LOW,-,67.019,72.3502,79.3615,0,-17.2401,WEAK,4.6402
1454,-10,BCPC,BALCHEM CORP,Materials,,mid,161.2,0.7492,1.01,0.883,0.8729,STRONG_UP,5.35,-3.63,4.85,-16.99,44.4,23.13,0.8345,LOW,EARLY,164.165,168.0344,161.302,0,-6.9669,WEAK,4.6198
1455,-17,CSW,CSW INDUSTRIALS INC,Industrials,,mid,262.82,0.6524,1.0005,0.8685,0.7836,STRONG_UP,9.52,-16.08,5.94,-26.21,53.2,40.76,0.4592,LOW,EARLY,276.219,273.6633,274.1767,0,-20.9881,WEAK,4.6198
1456,-44,SMPL,THE SIMPLY GOOD FOODS COMPANY,Consumer Staples,,small,11.18,0.2511,0.9778,0.8623,0.6133,STRONG_UP,-43.22,-67.7,-70.42,-70.09,44.8,59.63,0.8928,LOW,-,12.378,13.0715,19.6818,0,-50.8609,WEAK,4.5207
1457,25,SMA,SMARTSTOP SELF STORAGE REIT INC,Real Estate,,mid,30.82,0.7003,1.0113,0.9323,0.8306,STRONG_UP,-0.6,-9.91,-0.92,-21.77,51.6,33.91,0.7035,LOW,EARLY,31.3885,31.3196,32.8001,0,-15.0864,WEAK,4.4911
1458,8,HRL,Hormel Foods,Consumer Staples,Packaged Foods & Meats,large,20.76,0.576,1.0477,0.9295,0.7815,STRONG_UP,-4.46,-25.91,-37.87,-34.28,47.2,24.21,0.9383,LOW,PROGRESS,20.738,21.3567,23.2003,0,-50.512,WEAK,4.4802
1459,0,UPBD,UPBOUND GROUP INC,Consumer Discretionary,,small,17.51,0.6203,1.0151,0.8417,0.7286,STRONG_UP,13.26,-20.21,-38.15,-40.17,45.2,41.19,0.8644,LOW,-,18.4385,18.2737,19.6403,0,-22.1779,WEAK,4.4726
1460,-46,PBH,PRESTIGE CONSUMER HEALTHCARE INC,Health Care,,mid,47.19,0.4346,1.037,0.7914,0.6291,STRONG_UP,-20.26,-44.1,-27.46,-46.99,47.6,40.11,0.8135,LOW,EARLY,52.9735,56.5074,62.004,0,-52.3362,WEAK,4.4364
1461,-9,AON,Aon plc,Financials,Insurance Brokers,large,321.15,0.7006,1.0277,0.9452,0.9188,STRONG_UP,-7.62,-9.88,12.15,-17.66,50.4,27.06,0.7921,LOW,SHIFT,316.9098,320.6522,341.4192,0,-18.4073,WEAK,4.3623
1462,2,BBSI,BARRETT BUSINESS SERVICES INC,Industrials,,small,31.02,0.5849,1.0719,0.9823,0.8937,STRONG_UP,-12.67,-24.76,0.89,-45.31,52.0,41.68,1.0714,MED,-,30.351,29.4852,36.7891,0,-30.8906,WEAK,4.3048
1463,-9,AWR,AMERICAN STATES WATER,Utilities,,mid,75.96,0.7736,0.9971,0.936,0.9792,FLAT,6.41,-0.49,2.69,-11.55,49.6,24.22,0.6128,LOW,-,76.6824,75.758,73.2696,1,-1.0101,TREND_ONLY,4.2813
1464,11,IPAR,INTERPARFUMS INC,Consumer Staples,,mid,90.27,0.5529,1.0387,0.9418,0.8168,STRONG_UP,7.14,-28.88,-21.07,-43.01,50.4,30.5,0.8096,LOW,EARLY,90.5485,91.4471,94.0833,0,-47.7307,WEAK,4.2708
1465,12,APOG,APOGEE ENTERPRISES INC,Industrials,,small,34.31,0.698,0.9657,0.9352,0.781,STRONG_UP,2.18,-10.21,-45.59,-29.12,46.4,37.77,0.5996,LOW,-,35.5977,34.4819,37.7104,0,-12.5439,WEAK,4.2645
1466,30,PMT,PENNYMAC MORTGAGE INVESTMENT TRUST,Financials,,small,10.5,0.7491,1.0132,0.8487,0.8198,STRONG_UP,-9.34,-3.65,-1.92,-22.99,51.6,27.21,0.5292,LOW,-,11.297,11.3938,11.5904,0,-6.9161,WEAK,4.2446
1467,4,WINA,WINMARK CORP,Consumer Discretionary,,small,359.57,0.6953,1.003,0.8404,0.7235,STRONG_UP,-9.86,-10.56,4.78,-30.1,54.8,40.9,0.5494,LOW,-,368.7684,399.9701,426.0916,0,-14.15,WEAK,4.2262
1468,5,ENOV,ENOVIS CORP,Health Care,,small,26.46,0.6359,1.0225,1.0685,1.0798,STRONG_DOWN,-6.3,-18.21,-47.49,-40.29,48.4,62.77,0.452,LOW,-,24.7415,24.0204,27.0586,0,-14.0389,WEAK,4.1953
1469,45,LZB,LA-Z-BOY INC,Consumer Discretionary,,small,35.55,0.6705,1.0273,0.9464,0.8968,STRONG_UP,21.7,-13.75,3.86,-31.32,45.6,31.04,0.6789,LOW,-,35.1025,33.9856,35.1444,1,-20.2048,TREND_ONLY,4.1616
1470,28,HOMB,HOME BANCSHARES INC,Financials,,mid,26.58,0.7548,1.0378,0.9636,0.8453,STRONG_UP,1.28,-2.91,15.98,-14.78,50.0,22.17,0.8365,LOW,SHIFT,26.3357,26.5737,27.5442,0,-6.5542,WEAK,4.1504
1471,-32,ALRM,ALARM.COM HOLDINGS INC,Information Technology,,mid,44.04,0.5936,1.0496,0.9132,0.896,STRONG_UP,-9.85,-23.65,-35.87,-29.38,45.6,38.47,0.7378,LOW,EARLY,44.6183,44.7312,49.8563,0,-28.0306,WEAK,4.1124
1472,-12,MZTI,MARZETTI,Consumer Staples,,mid,112.0,0.5458,0.9882,0.8451,0.6303,STRONG_UP,-33.39,-29.79,-38.79,-39.76,48.0,31.12,1.1776,MED,EARLY,119.098,132.3778,158.9607,0,-45.9485,WEAK,4.0991
1473,-18,MCD,McDonald's,Consumer Discretionary,Restaurants,large,280.27,0.7045,1.0288,0.8962,0.794,STRONG_UP,-6.92,-9.38,10.48,-19.04,48.4,18.14,1.1669,MED,EARLY,284.383,300.099,306.0293,0,-25.0307,WEAK,4.0563
1474,-101,POOL,Pool Corporation,Consumer Discretionary,Distributors,mid,181.83,0.4773,1.0473,0.7504,0.7713,FLAT,-23.29,-38.6,-49.19,-46.86,43.2,33.82,0.8534,LOW,EARLY,195.1359,203.6226,250.868,0,-49.3064,WEAK,4.0269
1475,-14,VEEV,VEEVA SYSTEMS INC,Health Care,Health Care Technology,,164.96,0.5457,1.0656,0.9664,0.8486,STRONG_UP,-39.73,-29.8,-21.16,-50.55,49.2,41.64,0.5237,LOW,-,162.3535,169.0858,229.5455,0,-35.2154,WEAK,3.9957
1476,-7,TRUP,TRUPANION INC,Financials,,small,21.88,0.3855,0.9877,0.767,0.6984,STRONG_UP,-40.56,-50.41,-26.8,-61.24,46.0,48.29,1.2602,MED,-,24.4305,25.4098,35.2914,0,-48.0175,WEAK,3.9029
1477,-5,CRAI,CRA INTERNATIONAL INC,Industrials,,small,148.01,0.6212,1.0752,0.918,0.8268,STRONG_UP,-13.23,-20.1,-12.14,-38.12,49.6,42.09,0.5916,LOW,-,148.9135,155.4874,180.8969,0,-23.6826,WEAK,3.8728
1478,42,IOSP,INNOSPEC INC,Materials,,small,78.66,0.7285,1.0041,1.0186,0.9089,FLAT,11.86,-6.29,-37.19,-25.48,47.6,26.62,0.8763,LOW,-,77.1847,73.6701,76.6139,1,-11.2402,TREND_ONLY,3.8689
1479,-11,MA,Mastercard,Financials,Transaction & Payment Processing Services,large,498.04,0.6838,1.026,0.9367,0.8791,STRONG_UP,-5.29,-12.04,9.76,-18.92,51.2,25.77,0.8068,LOW,EARLY,500.5135,501.5626,542.652,0,-23.9161,WEAK,3.8238
1480,9,EXPO,EXPONENT INC,Industrials,,mid,58.23,0.5944,1.0951,0.827,0.7731,STRONG_UP,-14.61,-23.54,-38.32,-32.45,46.4,29.93,1.4999,MED,EARLY,61.7755,64.6724,69.0904,0,-36.4866,WEAK,3.8075
1481,-64,TNET,TRINET GROUP INCINARY,Industrials,,small,42.62,0.4069,1.0852,1.004,1.0356,FLAT,-21.91,-47.65,-57.88,-58.94,45.6,55.02,0.6754,LOW,-,41.873,39.2036,53.575,0,-39.4954,WEAK,3.7389
1482,-36,ICE,Intercontinental Exchange,Financials,Financial Exchanges & Data,large,151.69,0.6829,0.9832,0.9164,0.9165,FLAT,-0.1,-12.16,13.13,-22.53,49.2,22.56,0.84,LOW,EARLY,155.778,158.3198,162.1935,0,-26.5219,WEAK,3.7359
1483,-35,MRSH,Marsh McLennan,Financials,Insurance Brokers,large,163.38,0.5652,1.0305,0.8932,0.8495,STRONG_UP,-8.43,-27.29,-19.52,-30.94,48.0,27.03,0.3977,LOW,EARLY,165.9365,170.2916,183.4317,0,-48.4642,WEAK,3.6486
1484,7,CNXN,PC CONNECTION INC,Information Technology,,small,64.61,0.7515,1.0158,0.96,0.9678,FLAT,15.0,-3.33,-5.04,-17.13,49.2,24.24,1.0212,MED,-,64.3496,61.9536,60.697,1,-6.7669,TREND_ONLY,3.5513
1485,-7,WDFC,WD-40,Consumer Staples,,mid,208.01,0.6783,1.04,0.8909,0.8131,STRONG_UP,7.51,-12.75,-9.73,-23.03,50.8,29.16,,LOW,EARLY,209.7825,211.7373,209.1144,0,-22.2093,WEAK,3.5317
1486,26,QNST,QUINSTREET INC,Communication,,small,11.99,0.6149,1.0854,0.8682,0.9654,FLAT,-11.19,-20.91,-34.87,-38.32,48.8,44.88,1.4182,MED,-,12.5155,12.3378,13.8169,0,-22.7367,WEAK,3.521
1487,-20,MQ,MARQETA INC CLASS A,Financials,,small,4.0,0.5969,1.0459,0.8586,0.8751,FLAT,-16.32,-23.22,-26.06,-44.22,47.2,41.15,0.6471,LOW,-,4.169,4.1248,4.7456,0,-26.6391,WEAK,3.5058
1488,-32,EIG,EMPLOYERS HOLDINGS INC,Financials,,small,43.66,0.7201,1.0621,1.0168,1.0502,FLAT,12.22,-7.38,10.76,-26.13,51.2,26.4,0.7674,LOW,-,41.9196,41.131,41.0699,1,-14.309,TREND_ONLY,3.462
1489,-5,CWT,CALIFORNIA WATER SERVICE GROUP,Utilities,,mid,43.34,0.731,1.0068,0.901,0.8855,STRONG_UP,-2.2,-5.97,-14.27,-14.59,51.2,29.84,0.4975,LOW,EARLY,43.6781,44.3771,44.6927,0,-10.2454,WEAK,3.4344
1490,-49,RSG,Republic Services,Industrials,Environmental & Facilities Services,large,212.2,0.6613,1.0264,0.9918,0.8993,STRONG_UP,-0.25,-14.93,16.31,-22.54,49.2,20.8,1.0782,MED,PROGRESS,206.817,212.8089,217.7665,0,-35.3234,WEAK,3.3836
1491,-21,CTAS,Cintas,Industrials,Diversified Support Services,large,171.36,0.6084,1.0451,0.9439,0.7968,STRONG_UP,-6.36,-21.74,-0.39,-27.68,48.0,23.84,0.6961,LOW,PROGRESS,170.0574,174.797,189.9062,0,-43.7787,WEAK,3.3384
1492,0,SDGR,SCHRODINGER INC,Health Care,,small,12.32,0.467,0.9853,0.9571,0.9911,FLAT,-27.57,-39.93,-44.1,-58.52,49.2,47.07,0.9715,LOW,-,12.377,12.0924,16.2809,0,-41.7387,WEAK,3.3197
1493,-10,STRA,STRATEGIC EDUCATION INC,Consumer Discretionary,,small,79.99,0.7245,1.0216,0.9178,0.9819,FLAT,4.34,-6.81,-27.65,-19.99,54.8,40.49,0.7009,LOW,-,78.127,80.372,79.891,1,-9.2102,TREND_ONLY,3.3091
1494,-14,CXM,SPRINKLR INC CLASS A,Information Technology,,small,5.27,0.5089,1.0768,0.965,0.8745,STRONG_UP,-24.82,-34.53,-57.08,-48.24,48.4,45.45,0.7205,LOW,-,5.148,5.5064,6.8852,0,-36.7757,WEAK,3.2749
1495,-14,KMB,Kimberly-Clark,Consumer Staples,Household Products,large,97.55,0.5615,1.0185,0.9674,0.8402,STRONG_UP,-3.19,-27.77,-21.1,-32.43,46.4,24.1,0.509,LOW,PROGRESS,97.3925,97.682,107.3469,0,-53.4745,WEAK,3.267
1496,10,ALKT,ALKAMI TECHNOLOGY INC,Information Technology,,small,16.84,0.4384,1.0227,0.9233,0.9172,STRONG_UP,-18.8,-43.6,-40.75,-50.5,46.4,51.15,0.3655,LOW,-,16.6575,16.7544,20.4522,0,-39.5543,WEAK,3.1309
1497,-12,PG,Procter & Gamble,Consumer Staples,Personal Care Products,large,142.44,0.6886,1.0074,0.9639,0.8279,STRONG_UP,-1.67,-11.42,-10.83,-17.62,48.4,21.84,0.8499,LOW,EARLY,144.99,144.5106,147.9983,0,-25.3085,WEAK,3.0822
1498,-10,MMSI,MERIT MEDICAL SYSTEMS INC,Health Care,,mid,64.49,0.5196,1.0405,0.8875,0.7276,STRONG_UP,-23.38,-33.16,-21.65,-37.5,48.0,33.78,0.6709,LOW,PROGRESS,63.6985,66.8364,79.8945,0,-47.1248,WEAK,2.8551
1499,9,IIIN,INSTEEL INDUSTRIES INC,Industrials,,small,25.86,0.5793,0.9758,0.9917,0.6305,FLAT,-12.65,-25.48,-13.61,-36.11,52.0,59.18,0.7395,LOW,-,26.068,29.8306,33.0197,0,-22.3868,WEAK,2.8465
1500,-7,SKWD,SKYWARD SPECIALTY INSURANCE GROUP,Financials,,small,47.39,0.5952,1.0564,0.984,0.9376,STRONG_UP,-1.78,-23.44,30.44,-36.52,47.2,33.79,0.4943,LOW,-,45.5755,44.9242,46.8593,1,-32.7439,TREND_ONLY,2.8201
1501,-15,GT,GOODYEAR TIRE & RUBBER,Consumer Discretionary,,small,5.58,0.4131,0.9727,0.7551,0.5789,STRONG_UP,-29.01,-46.86,-55.04,-53.27,40.8,43.73,0.9716,LOW,-,6.501,6.6492,7.9617,0,-43.7176,WEAK,2.8179
1502,-8,PLMR,PALOMAR HOLDINGS INC,Financials,,mid,115.81,0.5573,1.0599,0.8611,0.8906,FLAT,-10.65,-28.31,40.15,-38.43,51.6,31.59,1.133,MED,EARLY,116.455,120.805,122.3635,0,-46.2404,WEAK,2.6837
1503,-6,CPRT,Copart,Industrials,Diversified Support Services,large,33.04,0.4205,1.0214,0.9412,0.8401,STRONG_UP,-20.04,-45.92,-39.85,-47.13,46.8,24.28,1.6803,HIGH,EARLY,33.252,33.2926,39.9952,0,-88.5034,WEAK,2.6792
1504,-3,PGR,Progressive Corporation,Financials,Property & Casualty Insurance,large,202.6,0.5969,1.0387,0.959,0.9213,STRONG_UP,-4.14,-23.22,5.15,-29.4,47.6,21.58,0.7387,LOW,SHIFT,199.669,200.5703,211.9139,0,-51.2181,WEAK,2.6095
1505,16,FBRT,FRANKLIN BSP REALTY TRUST INC,Financials,,small,8.68,0.7061,0.9606,0.9122,0.904,STRONG_UP,-7.06,-9.18,-16.01,-23.51,48.8,27.45,0.8169,LOW,-,9.046,8.8255,9.6059,0,-16.3156,WEAK,2.6012
1506,16,PCRX,PACIRA BIOSCIENCES INC,Health Care,,small,23.0,0.684,0.9866,0.887,0.9188,FLAT,-5.7,-12.01,-25.57,-29.61,51.6,35.13,0.7227,LOW,-,23.92,23.5228,23.7108,0,-17.6439,WEAK,2.5751
1507,0,DFIN,DONNELLEY FINANCIAL SOLUTIONS INC,Financials,,small,39.15,0.5613,1.0174,0.709,0.7656,FLAT,-12.0,-27.79,-38.24,-41.51,53.6,47.88,1.3315,MED,-,44.698,47.0178,49.4827,0,-31.1146,WEAK,2.5039
1508,-9,IDT,IDT CORP CLASS B,Communication,,small,52.74,0.679,1.008,0.9735,0.9873,FLAT,5.82,-12.65,31.0,-33.19,49.2,23.32,0.6462,LOW,-,52.193,50.4692,52.6976,1,-26.6984,TREND_ONLY,2.4657
1509,-19,CAG,Conagra Brands,Consumer Staples,Packaged Foods & Meats,mid,13.76,0.517,1.016,0.9315,0.7084,STRONG_UP,-17.23,-33.49,-48.87,-36.28,44.8,31.67,0.6691,LOW,EARLY,13.9434,14.5864,16.6743,0,-47.3777,WEAK,2.4502
1510,20,EPC,EDGEWELL PERSONAL CARE,Consumer Staples,,small,16.94,0.4945,1.0251,0.7082,0.6965,STRONG_UP,2.0,-36.4,-55.89,-42.12,47.6,49.2,0.9844,LOW,-,20.4215,20.8588,19.9886,0,-35.2115,WEAK,2.4409
1511,12,JANX,JANUX THERAPEUTICS INC,Health Care,,small,14.4,0.4519,1.01,0.8978,1.0212,FLAT,-50.38,-41.87,-68.34,-64.94,47.6,36.4,1.0235,MED,-,14.4302,14.4268,19.0463,0,-54.7468,WEAK,2.3472
1512,1,BV,BRIGHTVIEW HOLDINGS INC,Industrials,,small,12.4,0.5932,0.9809,0.9649,0.8316,STRONG_UP,4.29,-23.69,-12.8,-32.82,45.2,40.14,0.6311,LOW,-,12.4275,12.0976,13.0065,0,-26.6789,WEAK,2.3269
1513,-8,GIS,General Mills,Consumer Staples,Packaged Foods & Meats,large,33.62,0.5176,1.0243,0.9167,0.7107,STRONG_UP,-27.3,-33.42,-47.74,-36.38,46.0,23.11,0.6882,LOW,EARLY,34.3675,35.5755,43.3739,0,-66.5207,WEAK,2.3168
1514,-19,BLKB,BLACKBAUD INC,Information Technology,,small,31.06,0.3887,1.0045,0.7593,0.5864,STRONG_UP,-46.28,-50.0,-61.14,-56.92,50.0,48.79,0.9784,LOW,-,35.092,37.957,54.4932,0,-51.24,WEAK,2.1924
1515,-15,OTIS,Otis Worldwide,Industrials,Industrial Machinery & Supplies & Components,large,71.27,0.579,0.9906,0.8834,0.7177,STRONG_UP,-17.87,-25.52,-24.69,-28.39,50.4,24.91,0.6325,LOW,EARLY,74.7875,77.5319,85.4978,0,-51.6319,WEAK,2.1884
1516,0,ADUS,ADDUS HOMECARE CORP,Health Care,,small,93.76,0.6617,1.0241,0.9492,0.7531,STRONG_UP,-12.9,-14.88,-15.35,-25.88,47.2,33.51,0.7189,LOW,-,96.2895,96.2228,108.4524,0,-20.9586,WEAK,2.1571
1517,-2,MSEX,MIDDLESEX WATER,Utilities,,small,51.26,0.7055,1.0035,0.9261,0.8845,STRONG_UP,2.82,-9.25,-7.1,-21.04,50.8,27.86,0.8764,LOW,-,51.504,51.7072,52.3184,0,-16.8704,WEAK,2.0744
1518,1,FIZZ,NATIONAL BEVERAGE CORP,Consumer Staples,,mid,35.27,0.605,1.0165,1.0205,0.8839,FLAT,5.13,-22.18,-18.25,-33.61,44.8,23.7,1.4466,MED,SHIFT,34.6205,34.3072,35.9105,0,-41.9185,WEAK,2.0586
1519,-8,LNN,LINDSAY CORP,Industrials,,small,108.48,0.6151,1.032,0.9658,0.7415,STRONG_UP,1.34,-20.88,-4.85,-29.99,45.6,36.64,0.9371,LOW,-,109.1689,111.8725,123.287,0,-25.9803,WEAK,1.957
1520,-2,MGEE,MGE ENERGY INC,Utilities,,mid,75.82,0.6659,1.0104,0.9251,0.8744,STRONG_UP,-6.65,-14.34,-3.9,-19.07,49.6,26.34,1.6563,HIGH,EARLY,77.646,77.3272,80.3379,0,-27.008,WEAK,1.9338
1521,7,ESRT,EMPIRE STATE REALTY REIT INC TRUST,Real Estate,,small,5.58,0.599,1.0334,0.9752,0.8786,STRONG_UP,-18.06,-22.95,-38.21,-41.89,50.4,29.89,0.7304,LOW,-,5.5515,5.3496,6.524,0,-38.7035,WEAK,1.8445
1522,-13,CPB,Campbell's Company (The),Consumer Staples,Packaged Foods & Meats,mid,20.0,0.4809,1.0033,0.9217,0.7037,STRONG_UP,-33.41,-38.14,-52.35,-38.59,43.6,30.57,0.9628,LOW,EARLY,20.5575,20.8496,26.8875,0,-54.3948,WEAK,1.7833
1523,-13,SGRY,SURGERY PARTNERS INC,Health Care,,small,13.49,0.4626,0.9403,0.8787,0.8052,STRONG_UP,-11.13,-40.49,-46.89,-51.8,50.4,41.95,0.5626,LOW,-,14.171,13.29,17.1504,0,-48.6508,WEAK,1.7747
1524,-21,AWK,American Water Works,Utilities,Water Utilities,large,122.36,0.6804,0.9803,0.9017,0.8836,STRONG_UP,-4.49,-12.47,-4.33,-15.36,49.6,21.76,0.7303,LOW,EARLY,127.0184,131.636,132.2692,0,-28.4339,WEAK,1.713
1525,-8,EVTC,EVERTEC INC,Financials,,small,24.61,0.5094,1.062,0.7771,0.8321,FLAT,-13.56,-34.48,-32.13,-38.71,47.6,51.51,0.5956,LOW,-,26.5355,27.8985,29.9241,0,-31.8621,WEAK,1.5369
1526,1,CNMD,CONMED CORP,Health Care,,small,37.01,0.5049,1.0279,0.9226,0.7605,STRONG_UP,-11.54,-35.05,-49.61,-43.17,48.4,40.41,0.5717,LOW,-,36.65,36.8058,43.2368,0,-41.9837,WEAK,1.4229
1527,-2,TAP,Molson Coors Beverage Company,Consumer Staples,Brewers,mid,42.76,0.6213,1.0576,0.9608,0.8037,STRONG_UP,-6.03,-20.08,-16.81,-24.33,49.2,27.35,0.7997,LOW,PROGRESS,42.0605,42.8292,45.9663,0,-36.1189,WEAK,1.3382
1528,3,ABM,ABM INDUSTRIES INC,Industrials,,mid,39.55,0.6134,1.0073,0.9416,0.8115,STRONG_UP,-0.94,-21.1,-14.51,-27.81,48.8,24.62,0.7193,LOW,-,40.0135,39.2256,43.1681,0,-41.823,WEAK,1.2438
1529,-5,YELP,YELP INC,Communication,,small,22.47,0.4595,1.0759,0.7419,0.9808,FLAT,-20.06,-40.9,-39.09,-48.97,49.2,45.11,0.8618,LOW,-,26.0505,25.7008,28.5176,0,-44.6078,WEAK,1.0808
1530,-1,SAFT,SAFETY INSURANCE GROUP INC,Financials,,small,72.87,0.7205,1.034,0.9335,0.8722,STRONG_UP,-2.0,-7.32,1.2,-17.17,48.4,18.76,0.52,LOW,-,73.5745,73.698,73.2916,0,-18.8841,WEAK,1.0007
1531,-5,AMSF,AMERISAFE INC,Financials,,small,31.37,0.5568,1.0368,1.0046,0.783,STRONG_UP,-19.96,-28.38,-19.57,-33.66,46.0,37.08,0.6759,LOW,-,30.558,32.0604,37.3846,0,-35.2102,WEAK,0.9328
1532,0,SLVM,SYLVAMO CORP,Materials,,small,37.35,0.5376,0.9741,0.8466,0.7191,STRONG_UP,-15.7,-30.84,-44.42,-33.87,44.8,38.7,0.614,LOW,-,41.007,41.1384,44.2526,0,-35.7032,WEAK,0.8622
1533,0,NAVI,NAVIENT CORP,Financials,,small,8.31,0.526,1.0317,0.8929,0.8383,STRONG_UP,-25.14,-32.33,-40.72,-47.14,51.2,32.89,1.1496,MED,-,8.6615,8.455,10.881,0,-50.3348,WEAK,0.7437
1534,1,EPAC,ENERPAC TOOL GROUP CORP CLASS A,Industrials,,small,33.83,0.6016,0.9852,0.9216,0.7403,STRONG_UP,-9.33,-22.62,-11.8,-24.87,46.8,31.77,0.4916,LOW,-,34.804,35.5022,39.272,0,-33.3148,WEAK,-0.2803
1535,-1,ROP,Roper Technologies,Information Technology,Electronic Equipment & Instruments,large,323.12,0.4419,1.0257,0.85,0.8948,FLAT,-26.96,-43.15,-39.51,-44.73,50.8,23.33,0.588,LOW,EARLY,342.071,348.9692,424.1054,0,-93.9653,WEAK,-0.5091
1536,0,JJSF,J AND J SNACK FOODS CORP,Consumer Staples,,small,73.48,0.5198,1.0487,0.8645,0.813,STRONG_UP,-16.43,-33.14,-52.64,-39.93,51.2,33.25,0.8742,LOW,-,78.698,79.2874,89.6183,0,-51.034,WEAK,-0.7572
