rank,delta_rank,ticker,name,sector,industry,cap_band,close,rs_ratio,rs_5,rs_21,rs_63,rs_trend,ret_6m,ret_12m,ret_24m,max_dd,persist_frac,vol_63,rel_vol,vol_label,acc_watch,sma20,sma50,sma200,pass_trend,mqs,regime_label,score_final
1,0,TERN,TERNS PHARMACEUTICALS INC,Health Care,,mid,52.66,18.3705,0.9669,1.1616,1.3393,STRONG_DOWN,559.07,2189.57,850.54,-27.56,57.03,47.38,,LOW,-,50.1545,43.6182,23.3992,1,2635.5193,TREND+LEAD,491.1304
2,1,FOLD,AMICUS THERAPEUTICS INC,Health Care,,mid,14.46,1.6839,0.9706,1.006,1.0287,STRONG_DOWN,77.21,109.87,23.06,-26.56,48.59,2.59,0.5459,LOW,-,14.414,14.358,10.3266,1,2061.2175,TREND+LEAD,379.9232
3,-1,GTLS,CHART INDUSTRIES INC,Industrials,,mid,207.76,1.2672,0.9731,1.0036,1.0225,STRONG_DOWN,3.8,57.93,27.9,-18.76,54.22,1.85,1.3374,MED,-,207.082,207.1486,198.6939,1,1697.8872,TREND+LEAD,346.9794
4,0,DBRG,DIGITALBRIDGE GROUP INC CLASS A,Financials,,mid,15.58,1.5734,0.9774,1.0133,1.0305,STRONG_DOWN,32.66,96.1,-17.15,-33.69,43.37,3.0,0.6014,LOW,-,15.396,15.399,12.7928,1,1389.2155,TREND+LEAD,260.7914
5,0,CELC,CELCUITY INC,Health Care,,mid,116.94,10.8471,1.0037,0.9976,1.0897,FLAT,137.61,1251.91,487.64,-27.68,56.22,51.54,0.7527,LOW,-,111.79,110.2036,75.5991,1,1365.5849,TREND+LEAD,260.0917
6,0,SNDK,Sandisk,Information Technology,"Technology Hardware, Storage & Peripherals",large,780.9,17.1285,1.0926,1.2605,2.2469,STRONG_DOWN,545.64,2034.77,2069.17,-31.34,58.23,99.54,0.8511,LOW,-,685.774,634.2312,274.5273,1,1190.3238,TREND+LEAD,234.2899
7,0,PRAX,PRAXIS PRECISION MEDICINES INC,Health Care,,mid,320.22,8.3284,0.9721,1.0322,1.1132,STRONG_DOWN,515.33,937.99,507.51,-36.33,54.62,59.35,0.6383,LOW,-,302.3025,314.1714,178.5824,1,863.2355,TREND+LEAD,169.9598
8,0,COGT,COGENT BIOSCIENCES INC,Health Care,,mid,36.95,6.6473,1.0163,1.0064,1.0364,FLAT,139.31,728.48,428.61,-20.73,51.0,51.07,0.959,LOW,-,35.5515,36.801,25.1573,1,727.4768,TREND+LEAD,141.4244
9,3,ORKA,ORUKA THERAPEUTICS INC,Health Care,,mid,62.01,6.9392,1.1918,1.8388,2.2683,STRONG_DOWN,201.46,764.85,206.97,-17.81,55.82,76.75,2.5212,HIGH,-,45.0245,38.1432,26.0134,1,556.2752,TREND+LEAD,133.3372
10,-1,WBD,Warner Bros. Discovery,Communication Services,Broadcasting,large,27.55,2.3871,0.9714,0.9914,0.9803,FLAT,48.12,197.52,217.03,-21.31,51.81,15.97,0.7227,LOW,-,27.383,27.7736,21.3947,1,640.7836,TREND+LEAD,125.99
11,5,VISN,VISTANCE NETWORKS INC,Information Technology,,mid,18.63,3.8725,0.9841,1.0545,1.0707,STRONG_DOWN,23.79,382.64,1439.67,-21.76,54.22,35.66,1.2891,MED,-,18.0645,18.216,15.9317,1,581.7968,TREND+LEAD,125.9601
12,5,WDC,Western Digital,Information Technology,"Technology Hardware, Storage & Peripherals",large,338.78,7.5206,1.1029,1.2713,1.7251,STRONG_DOWN,182.84,837.31,519.6,-20.59,63.45,84.17,0.9296,LOW,-,291.3825,280.3029,163.7786,1,631.1883,TREND+LEAD,125.5116
13,-2,TNGX,TANGO THERAPEUTICS INC,Health Care,,mid,20.06,11.4151,0.9163,1.2145,1.7309,STRONG_DOWN,175.17,1322.7,160.52,-27.15,51.81,110.96,0.7016,LOW,-,19.3495,15.4196,9.8365,1,617.5994,TREND+LEAD,124.6264
14,6,CIEN,Ciena,Information Technology,Communications Equipment,large,494.01,6.3941,1.1527,1.4629,1.9383,STRONG_DOWN,226.12,696.92,935.88,-16.84,62.65,80.93,1.1539,MED,-,399.3465,341.5902,201.5467,1,539.5029,TREND+LEAD,119.0508
15,-2,ERAS,ERASCA INC,Health Care,,mid,16.94,11.374,0.9891,1.0862,3.3333,STRONG_DOWN,583.06,1317.57,649.56,-31.65,53.01,120.56,0.5713,LOW,-,15.288,13.7421,5.4817,1,579.3344,TREND+LEAD,118.946
16,-6,KOD,KODIAK SCIENCES INC,Health Care,,mid,41.8,14.582,0.9464,1.663,1.5709,FLAT,193.75,1717.39,835.12,-32.4,55.42,170.66,0.8226,LOW,-,30.3545,27.056,18.3322,1,557.7044,TREND+LEAD,117.6162
17,2,ARWR,ARROWHEAD PHARMACEUTICALS INC,Health Care,,mid,64.36,4.3763,0.9915,1.0861,0.9967,FLAT,76.14,445.42,145.18,-24.64,57.43,48.69,0.603,LOW,-,58.816,62.2071,44.0531,1,525.3786,TREND+LEAD,105.1413
18,-3,HOLX,Hologic,Health Care,Health Care Equipment,large,76.01,1.0283,0.9747,1.0046,1.0322,STRONG_DOWN,12.87,28.16,-3.06,-11.09,50.81,2.62,0.0,LOW,-,75.4925,75.3046,71.3379,1,546.0551,TREND+LEAD,103.741
19,-1,NVRI,ENVIRI CORP,Industrials,,small,19.73,2.7531,0.9693,1.0944,1.1144,STRONG_DOWN,67.77,243.13,120.94,-13.04,55.82,25.68,0.5793,LOW,-,18.7105,18.7222,14.4909,1,528.4868,TREND+LEAD,99.7525
20,9,STOK,STOKE THERAPEUTICS INC,Health Care,,small,34.87,4.3512,1.0565,0.9083,1.0086,FLAT,27.68,442.3,171.36,-37.16,56.63,64.43,1.5498,HIGH,-,33.429,33.4078,26.2849,1,388.7559,TREND+LEAD,98.4706
21,0,PL,PLANET LABS CLASS A,Industrials,,large,36.55,8.1236,1.1536,1.4375,1.6445,STRONG_DOWN,133.1,912.47,1600.0,-29.01,53.01,106.08,0.9102,LOW,-,30.2965,26.6642,15.8903,1,455.9746,TREND+LEAD,97.181
22,-8,SEMR,SEMRUSH HOLDINGS INC CLASS A,Information Technology,,small,11.95,1.049,0.9685,1.0015,1.0224,STRONG_DOWN,64.83,30.74,-11.48,-38.47,47.39,2.97,0.4427,LOW,-,11.934,11.8898,9.8,1,490.5579,TREND+LEAD,96.6622
23,-1,RLAY,RELAY THERAPEUTICS INC,Health Care,,mid,14.51,5.0618,1.3059,1.356,1.8045,STRONG_DOWN,148.89,530.87,98.5,-19.55,54.62,74.85,2.0798,HIGH,-,10.6785,9.6946,6.6505,1,387.3894,TREND+LEAD,95.7138
24,9,INBX,INHIBRX BIOSCIENCES INC,Health Care,,small,67.13,4.3613,0.9704,0.9362,0.8994,STRONG_UP,100.39,443.56,436.75,-37.56,56.22,67.49,1.6807,HIGH,-,65.7135,73.0628,54.3619,1,369.4932,TREND+LEAD,95.4218
25,1,STX,Seagate Technology,Information Technology,"Technology Hardware, Storage & Peripherals",large,496.3,5.4293,1.1369,1.2924,1.6407,STRONG_DOWN,121.53,576.67,477.94,-21.0,57.43,81.04,1.2881,MED,-,411.7568,407.8634,268.6012,1,408.6629,TREND+LEAD,94.0136
26,-1,BE,BLOOM ENERGY CLASS A CORP,Industrials,,large,146.78,6.5904,1.0741,0.9522,1.3826,FLAT,70.56,721.38,1135.52,-45.94,55.42,104.97,0.9402,LOW,-,145.1485,150.7532,97.3533,1,380.8582,TREND+LEAD,89.9886
27,-4,SATS,ECHOSTAR CORP CLASS A,Communication,,large,122.82,4.2042,0.9871,1.1309,1.114,FLAT,63.37,423.98,799.12,-34.06,54.62,58.63,0.9283,LOW,-,115.033,113.7976,79.4556,1,394.9782,TREND+LEAD,87.1756
28,-4,LASR,NLIGHT INC,Information Technology,,mid,60.32,6.3432,1.0029,0.9447,1.6342,FLAT,101.94,690.56,393.62,-24.74,56.22,94.29,0.7437,LOW,-,64.19,58.5279,37.1869,1,411.7455,TREND+LEAD,85.586
29,11,WULF,TERAWULF INC,Information Technology,,mid,18.05,5.6134,1.2082,1.2566,1.4702,STRONG_DOWN,49.17,599.61,,-31.74,54.22,101.19,1.7248,HIGH,-,15.516,15.3814,11.776,1,321.2865,TREND+LEAD,85.4919
30,-2,MU,Micron Technology,Information Technology,Semiconductors,large,406.73,4.2009,1.0717,1.0084,1.2191,FLAT,119.22,423.57,234.0,-30.28,57.83,70.93,1.1936,MED,-,396.5376,402.8762,246.8998,1,345.3408,TREND+LEAD,85.4527
31,0,PARR,PAR PACIFIC HOLDINGS INC,Energy,,mid,60.71,3.4207,0.9542,1.2627,1.7175,STRONG_DOWN,72.67,326.33,70.25,-26.21,55.02,56.25,1.6938,HIGH,-,59.581,49.1798,39.1653,1,319.1984,TREND+LEAD,82.014
32,5,VSAT,VIASAT INC,Information Technology,,mid,56.33,5.1244,1.2071,1.2152,1.5192,STRONG_DOWN,80.03,538.66,218.61,-23.78,53.41,85.15,1.1818,MED,-,48.8115,46.7728,34.3955,1,337.8737,TREND+LEAD,78.3975
33,1,AAOI,APPLIED OPTOELECTRONICS INC,Information Technology,,mid,132.7,7.6765,1.4896,1.1002,3.5474,FLAT,323.49,856.74,996.69,-47.64,51.41,180.94,1.5939,HIGH,-,101.5015,77.1872,40.6965,1,243.4236,TREND+LEAD,75.8096
34,5,FIX,Comfort Systems USA,Industrials,Construction & Engineering,large,1525.16,3.4397,1.0348,1.1012,1.4997,STRONG_DOWN,87.0,328.7,401.5,-13.77,59.44,58.29,1.0099,MED,-,1407.8605,1350.6482,950.546,1,335.1833,TREND+LEAD,75.4539
35,10,TER,Teradyne,Information Technology,Semiconductor Materials & Equipment,large,358.29,3.6322,1.1124,1.1901,1.639,STRONG_DOWN,155.97,352.69,224.72,-20.35,57.03,70.07,1.688,HIGH,-,304.759,300.5241,185.5544,1,287.0556,TREND+LEAD,75.3854
36,6,CIFR,CIPHER DIGITAL INC,Information Technology,,mid,15.42,5.0294,1.1825,1.1035,0.9755,STRONG_UP,-2.1,526.83,267.14,-51.38,51.41,102.47,1.2443,MED,-,14.116,15.124,13.3592,1,264.3144,TREND+LEAD,73.8983
37,-2,INDV,INDIVIOR PHARMACEUTICALS INC,Health Care,,mid,31.94,2.6447,1.0101,0.9571,0.9053,STRONG_UP,34.65,229.62,51.37,-21.37,53.41,34.85,0.6731,LOW,-,30.4,32.3972,27.7297,1,351.9055,TREND+LEAD,73.1202
38,-11,TYRA,TYRA BIOSCIENCES INC,Health Care,,mid,37.13,3.7616,0.9402,1.0677,1.2536,STRONG_DOWN,177.71,368.81,117.77,-18.78,57.03,58.25,0.8849,LOW,-,37.2757,34.0439,20.6456,1,361.0886,TREND+LEAD,72.8075
39,-9,FET,FORUM ENERGY TECHNOLOGIES INC,Energy,,small,59.79,3.1314,0.9968,1.0382,1.5902,STRONG_DOWN,131.39,290.27,206.46,-16.88,59.04,46.89,0.6612,LOW,-,58.3205,54.7874,34.8606,1,365.4892,TREND+LEAD,71.3028
40,-8,KYMR,KYMERA THERAPEUTICS INC,Health Care,,mid,87.13,2.919,0.9944,1.0291,1.1558,STRONG_DOWN,53.07,263.8,131.67,-27.74,53.41,42.47,0.6707,LOW,-,80.7365,81.9478,63.6991,1,331.7526,TREND+LEAD,69.5356
41,-3,EA,Electronic Arts,Communication Services,Interactive Home Entertainment,large,203.99,1.2035,0.9712,1.0186,1.0157,FLAT,2.18,50.0,57.59,-8.12,55.42,7.82,0.6456,LOW,-,201.756,201.2255,188.6596,1,354.3204,TREND+LEAD,69.1796
42,30,RHLD,RESOLUTE HOLDINGS MANAGEMENT INC,Industrials,,small,156.92,4.6701,0.935,0.926,0.764,STRONG_UP,96.25,482.05,337.22,-50.93,53.82,97.57,1.1253,MED,-,150.1615,172.3722,125.0713,1,265.8993,TREND+LEAD,68.8322
43,27,NESR,NATIONAL ENERGY SERVICES REUNITED,Energy,,mid,24.05,3.1024,1.0577,1.1474,1.4991,STRONG_DOWN,135.78,286.66,167.22,-27.39,55.02,63.55,2.2232,HIGH,-,21.287,21.8533,13.8487,1,248.1795,TREND+LEAD,66.6047
44,5,AMLX,AMYLYX PHARMACEUTICALS INC,Health Care,,small,16.92,3.8899,1.1429,1.1284,1.4356,FLAT,25.43,384.81,533.71,-27.93,52.21,71.42,1.1918,MED,-,14.3315,14.3755,12.2248,1,281.3095,TREND+LEAD,65.9093
45,-9,AMPX,AMPRIUS TECHNOLOGIES INC,Industrials,,mid,16.92,5.3448,1.0567,0.9391,1.934,FLAT,33.54,566.14,733.5,-46.41,52.21,111.3,0.7556,LOW,-,17.552,14.311,10.6833,1,265.5729,TREND+LEAD,64.6418
46,-3,CSGS,CSG SYSTEMS INTERNATIONAL INC,Industrials,,mid,80.1,1.0867,0.9684,1.006,1.0306,STRONG_DOWN,26.59,35.44,67.25,-7.98,54.62,6.51,1.3469,MED,-,79.8995,79.6244,71.6628,1,297.3262,TREND+LEAD,63.5472
47,46,HUT,HUT CORP,Information Technology,,mid,61.43,3.9149,1.2572,1.2478,1.0797,STRONG_UP,47.21,387.93,612.65,-38.62,55.42,105.98,2.2924,HIGH,-,50.3243,52.5946,40.557,1,202.8582,TREND+LEAD,62.9899
48,-2,AEHR,AEHR TEST SYSTEMS,Information Technology,,small,63.16,5.785,1.5459,1.5037,2.6573,FLAT,141.53,621.0,436.16,-42.31,51.41,146.33,5.419,HIGH,-,39.904,35.574,26.0382,1,218.177,TREND+LEAD,62.8051
49,4,SPHR,SPHERE ENTERTAINMENT CLASS A,Communication,,mid,130.94,3.3923,1.0593,1.1363,1.4579,STRONG_DOWN,119.44,322.8,194.05,-21.6,53.01,64.86,1.2572,MED,-,114.583,109.8148,75.78,1,263.821,TREND+LEAD,62.0655
50,-6,SKYT,SKYWATER TECHNOLOGY INC,Information Technology,,small,28.78,3.2161,1.0275,0.9976,1.0434,FLAT,51.95,300.84,171.0,-42.64,46.99,50.27,0.7182,LOW,-,27.8865,29.0588,19.2205,1,281.2068,TREND+LEAD,61.5983
51,9,BELFB,BEL FUSE INC CLASS B,Information Technology,,mid,228.29,2.5672,1.0898,1.1489,1.2833,STRONG_DOWN,61.76,219.96,275.13,-19.54,61.45,50.94,1.425,MED,-,207.378,214.7808,162.5216,1,265.3413,TREND+LEAD,61.4246
52,-11,CLMT,CALUMET INC,Energy,,mid,34.5,2.738,0.9668,1.1946,1.7752,STRONG_DOWN,88.83,241.25,118.49,-22.81,57.43,47.51,0.6069,LOW,-,31.244,28.597,20.6615,1,291.6181,TREND+LEAD,60.9353
53,1,TTMI,TTM TECHNOLOGIES INC,Information Technology,,large,105.85,4.2807,1.0568,1.0966,1.5344,STRONG_DOWN,82.47,433.52,620.56,-23.26,55.82,89.24,0.8537,LOW,-,97.176,98.5196,68.4341,1,271.1674,TREND+LEAD,60.1468
54,-2,DNTH,DIANTHUS THERAPEUTICS INC,Health Care,,mid,87.48,4.2982,1.0027,1.0054,2.3364,STRONG_DOWN,152.1,435.7,262.69,-22.91,51.0,78.43,0.9544,LOW,-,81.5855,65.3166,40.9357,1,283.3197,TREND+LEAD,60.1108
55,-7,TPC,TUTOR PERINI CORP,Industrials,,mid,80.54,2.9251,0.9918,1.1286,1.1535,STRONG_DOWN,30.95,264.56,435.0,-24.13,56.63,53.01,0.9291,LOW,-,74.1195,77.6554,65.3934,1,282.6293,TREND+LEAD,59.7505
56,5,SYRE,SPYRE THERAPEUTICS INC,Health Care,,mid,51.98,3.1194,1.0303,1.2492,1.703,STRONG_DOWN,224.47,288.78,32.67,-20.91,54.22,62.12,1.3888,MED,-,45.3215,40.715,26.7815,1,252.0557,TREND+LEAD,59.3815
57,11,OLMA,OLEMA PHARMACEUTICALS INC,Health Care,,small,15.69,3.9965,1.0058,0.9946,0.5896,STRONG_UP,50.29,398.1,36.08,-62.55,50.6,84.46,0.5281,LOW,-,14.7485,20.131,14.922,1,238.4989,TREND+LEAD,58.7773
58,-3,GPRE,GREEN PLAINS INC,Energy,,small,15.59,3.081,0.9311,1.0233,1.6572,STRONG_DOWN,55.9,283.99,-32.39,-22.75,53.82,59.73,1.0615,MED,-,16.136,14.6842,10.7434,1,255.8907,TREND+LEAD,58.4023
59,27,GLW,Corning Inc.,Information Technology,Electronic Components,large,165.1,3.1083,1.1239,1.2108,1.9124,STRONG_DOWN,95.12,287.4,428.43,-23.01,59.44,73.92,1.1448,MED,-,137.3255,133.0056,90.2491,1,231.1008,TREND+LEAD,58.1682
60,29,NPKI,NPK INTERNATIONAL INC,Industrials,,small,14.86,2.1837,1.003,1.0657,1.2493,STRONG_DOWN,34.72,172.16,97.61,-17.94,53.01,39.42,1.7601,HIGH,-,14.173,14.1562,11.8749,1,231.5135,TREND+LEAD,57.3204
61,35,GSAT,GLOBALSTAR VOTING INC,Communication,,mid,74.91,3.0022,1.0595,1.2734,1.2524,FLAT,71.3,274.18,269.93,-26.53,55.02,75.04,1.5639,HIGH,-,64.068,61.7268,47.9914,1,201.0282,TREND+LEAD,56.9927
62,-11,AEIS,ADVANCED ENERGY INDUSTRIES INC,Information Technology,,large,366.95,3.0866,1.0687,1.1773,1.664,STRONG_DOWN,112.17,284.69,266.34,-16.35,58.63,61.77,0.9031,LOW,-,324.437,310.305,214.0765,1,270.2193,TREND+LEAD,56.978
63,0,POWL,POWELL INDUSTRIES INC,Industrials,,mid,218.07,2.8768,1.1445,1.2342,1.8711,STRONG_DOWN,109.11,258.54,399.85,-30.88,57.03,65.55,1.3146,MED,-,180.4008,176.9356,119.6548,1,224.9333,TREND+LEAD,56.8551
64,11,DHC,DIVERSIFIED HEALTHCARE TRUST,Real Estate,,small,7.03,2.4383,1.005,0.9634,1.3467,FLAT,63.02,203.9,163.45,-15.7,53.01,43.6,1.4333,MED,-,6.9735,6.6692,4.875,1,247.9011,TREND+LEAD,56.0659
65,17,DCO,DUCOMMUN INC,Industrials,,small,138.14,1.9166,1.0591,1.0533,1.4047,FLAT,43.27,138.87,143.16,-16.03,59.04,37.39,2.5461,HIGH,-,125.697,124.3372,100.9922,1,219.2842,TREND+LEAD,55.2296
66,-16,CENX,CENTURY ALUMINUM,Materials,,mid,65.57,3.3005,1.0007,1.223,1.5567,STRONG_DOWN,133.43,311.36,285.25,-23.56,51.41,70.65,1.0265,MED,-,55.786,52.9326,34.6844,1,226.5643,TREND+LEAD,55.1404
67,12,PACS,PACS GROUP INC,Health Care,,mid,35.38,2.8501,1.0828,1.0344,0.874,STRONG_UP,166.02,255.22,53.83,-42.03,48.19,56.63,0.5199,LOW,-,33.3335,35.6972,23.1937,1,217.1834,TREND+LEAD,54.4936
68,34,APLD,APPLIED DIGITAL CORP,Information Technology,,mid,27.79,4.0394,1.0999,1.0132,0.9564,STRONG_UP,1.79,403.44,875.09,-50.31,49.4,117.04,1.2634,MED,-,26.047,29.7233,24.4431,1,170.284,TREND+LEAD,54.2576
69,4,UUUU,ENERGY FUELS INC,Energy,,mid,18.38,3.8707,0.9925,0.9041,0.9867,FLAT,4.49,382.41,194.55,-51.28,53.41,100.24,0.7209,LOW,-,18.2215,20.4424,15.7633,1,203.7587,TREND+LEAD,54.1795
70,-13,DAN,DANA INCORPORATED INC,Consumer Discretionary,,mid,35.43,2.426,1.0003,1.1023,1.4018,STRONG_DOWN,91.73,202.36,189.16,-14.68,54.22,41.27,0.3823,LOW,-,32.792,32.6411,23.476,1,265.8559,TREND+LEAD,53.9341
71,-9,ECPG,ENCORE CAPITAL GROUP INC,Financials,,small,74.78,1.894,1.0228,1.1015,1.3424,STRONG_DOWN,80.72,136.05,64.97,-12.63,53.01,32.48,2.4426,HIGH,-,69.7115,64.3578,50.2984,1,222.0414,TREND+LEAD,53.9094
72,48,ANAB,ANAPTYSBIO INC,Health Care,,small,65.54,3.1116,1.1198,1.0559,1.4748,FLAT,119.42,287.81,204.41,-28.15,52.61,67.91,1.0134,MED,-,62.3013,56.9296,38.4377,1,222.9674,TREND+LEAD,53.9008
73,7,SCHL,SCHOLASTIC CORP,Communication,,small,39.39,1.8893,0.9848,1.1469,1.2495,STRONG_DOWN,38.65,135.47,13.44,-12.02,54.62,33.29,1.8901,HIGH,-,37.0615,35.3596,28.9974,1,222.271,TREND+LEAD,53.8409
74,13,CAT,Caterpillar Inc.,Industrials,Construction Machinery & Heavy Transportation Equipment,large,771.58,2.085,1.024,1.0755,1.3189,STRONG_DOWN,59.36,159.86,113.49,-13.88,57.43,39.91,1.0453,MED,-,707.1925,717.3954,553.8709,1,230.0328,TREND+LEAD,53.7723
75,6,TSHA,TAYSHA GENE THERAPIES INC,Health Care,,small,4.55,3.0423,1.0232,0.9946,0.8717,STRONG_UP,-3.6,279.17,53.72,-31.13,51.81,59.97,,LOW,-,4.4378,4.5421,4.0624,1,241.181,TREND+LEAD,53.1873
76,25,NVTS,NAVITAS SEMICONDUCTOR CORP,Information Technology,,mid,9.55,4.0329,1.0839,1.0991,0.9423,FLAT,22.75,402.63,103.19,-58.25,45.78,118.53,1.4204,MED,-,9.2173,8.9333,8.4538,1,155.5089,TREND+LEAD,52.6451
77,31,DY,DYCOM INDUSTRIES INC,Industrials,,large,381.0,1.9601,1.0629,1.0486,1.0932,FLAT,33.08,144.29,168.67,-24.43,57.43,47.45,1.5185,HIGH,-,350.659,379.2404,315.5545,1,174.6421,TREND+LEAD,52.6371
78,-9,LRCX,Lam Research,Information Technology,Semiconductor Materials & Equipment,large,246.49,2.8016,1.0762,1.1441,1.2362,STRONG_DOWN,76.13,249.17,157.91,-20.01,60.24,62.98,0.9562,LOW,-,222.3825,227.1687,160.0417,1,238.3314,TREND+LEAD,52.4424
79,-2,HL,HECLA MINING,Materials,,large,19.54,2.9747,0.9875,0.8869,0.9304,FLAT,63.6,270.75,252.47,-45.95,55.02,83.0,0.5485,LOW,-,18.779,21.378,14.9765,1,179.476,TREND+LEAD,52.1175
80,-33,MBX,MBX BIOSCIENCES INC,Health Care,,small,31.66,3.9692,0.9504,1.0903,0.9895,FLAT,100.38,394.69,33.87,-37.6,52.61,90.04,0.7062,LOW,-,29.3575,33.0225,23.5381,1,230.6143,TREND+LEAD,51.9729
81,-16,RAPP,RAPPORT THERAPEUTICS INC,Health Care,,small,33.69,3.0102,1.0311,1.1359,1.1379,STRONG_DOWN,27.42,275.17,61.97,-28.82,51.81,57.86,0.3909,LOW,-,29.4545,28.8215,24.3156,1,246.3948,TREND+LEAD,51.8956
82,-4,FORM,FORMFACTOR INC,Information Technology,,mid,117.8,3.176,1.1315,1.2928,1.9107,STRONG_DOWN,203.37,295.83,,-24.04,53.01,74.8,1.3491,MED,-,98.382,92.7402,56.3647,1,209.6541,TREND+LEAD,51.8563
83,-16,BKSY,BLACKSKY TECHNOLOGY INC CLASS A,Industrials,,small,33.41,3.4324,1.1725,1.3907,1.401,STRONG_DOWN,10.81,327.78,204.84,-58.46,53.01,106.93,2.4868,HIGH,-,26.7105,24.094,21.3901,1,162.4977,TREND+LEAD,51.7361
84,37,GHM,GRAHAM CORP,Industrials,,small,89.58,2.4398,1.0608,1.0289,1.3728,FLAT,61.2,204.07,193.51,-18.21,56.22,57.41,1.7986,HIGH,-,81.859,81.0126,63.1681,1,199.8433,TREND+LEAD,51.6881
85,-21,DFTX,DEFINIUM THERAPEUTICS INC,Health Care,,mid,21.02,2.9693,0.989,1.1023,1.5241,STRONG_DOWN,75.61,270.07,,-24.79,53.01,60.73,0.697,LOW,-,18.8335,17.923,12.8387,1,235.7391,TREND+LEAD,51.4757
86,-3,ECVT,ECOVYST INC,Materials,,small,13.14,1.7572,0.9708,1.188,1.3157,STRONG_DOWN,58.31,119.0,22.01,-16.33,54.62,28.15,1.4238,MED,-,12.3945,11.7008,9.6353,1,230.8981,TREND+LEAD,51.4678
87,10,INSM,Insmed Incorporated,Health Care,Biotechnology,large,160.18,1.9026,0.9418,1.1124,0.9259,FLAT,-1.32,137.13,471.87,-35.67,56.63,45.67,1.1797,MED,-,149.2565,150.6254,151.6487,1,170.0364,TREND+LEAD,51.3901
88,-4,TTI,TETRA TECHNOLOGIES INC,Energy,,small,8.33,2.8563,0.9646,0.9632,0.8818,STRONG_UP,50.09,255.98,69.31,-37.66,56.22,64.51,0.7709,LOW,-,8.3015,9.6352,7.2059,1,223.0873,TREND+LEAD,51.062
89,-33,DK,DELEK US HOLDINGS INC,Energy,,mid,42.74,2.728,0.9332,1.0506,1.497,STRONG_DOWN,37.31,240.0,49.43,-36.02,52.21,58.27,0.498,LOW,-,44.135,38.6449,32.1121,1,215.0421,TREND+LEAD,50.6669
90,-19,IMNM,IMMUNOME INC,Health Care,,mid,21.7,2.8037,0.9369,0.9917,1.1049,STRONG_DOWN,57.02,249.44,5.96,-28.44,52.61,58.25,0.8602,LOW,-,20.839,22.2468,16.399,1,225.285,TREND+LEAD,50.5016
91,-32,STRL,STERLING INFRASTRUCTURE INC,Industrials,,large,423.35,2.5249,0.974,1.0277,1.3793,STRONG_DOWN,21.45,214.69,299.27,-31.02,55.02,66.24,1.0838,MED,-,415.2865,411.7166,337.3897,1,178.3234,TREND+LEAD,50.4816
92,-4,PVLA,PALVELLA THERAPEUTICS INC,Health Care,,small,123.17,4.5333,0.9917,0.8659,1.2402,FLAT,74.17,465.0,745.95,-29.93,52.61,108.04,0.8964,LOW,-,120.5845,108.613,77.0737,1,226.4314,TREND+LEAD,50.0925
93,46,ZYME,ZYMEWORKS INC,Health Care,,small,26.71,2.1431,0.998,1.0481,1.0934,STRONG_DOWN,61.88,167.1,185.36,-20.28,54.22,41.74,1.3808,MED,-,24.4918,23.8009,19.8047,1,217.0618,TREND+LEAD,49.679
94,5,VIAV,VIAVI SOLUTIONS INC,Information Technology,,mid,41.41,3.2638,1.137,1.3919,2.2722,STRONG_DOWN,227.35,306.78,367.38,-21.13,55.42,83.97,1.1577,MED,-,33.9695,30.0972,17.9856,1,202.4727,TREND+LEAD,49.6149
95,-19,GEV,GE Vernova,Industrials,Heavy Electrical Equipment,large,936.07,2.305,1.014,1.115,1.4386,STRONG_DOWN,54.71,187.27,610.86,-17.51,55.42,45.65,0.8188,LOW,-,870.5464,831.0906,663.9798,1,227.3542,TREND+LEAD,49.3003
96,-11,CSTM,CONSTELLIUM SE CLASS A,Materials,,mid,28.88,2.6213,1.0246,1.1319,1.469,STRONG_DOWN,87.78,226.7,28.87,-15.96,51.81,57.03,1.0462,MED,-,25.175,24.8952,18.2371,1,205.9471,TREND+LEAD,48.4023
97,-31,TXNM,TXNM ENERGY INC,Utilities,,mid,59.17,0.9611,0.9772,1.0049,1.0253,STRONG_DOWN,5.68,19.78,69.83,-3.54,52.21,4.43,1.1657,MED,-,58.5665,58.8412,57.2096,1,233.1147,TREND_ONLY,48.2862
98,16,SENEA,SENECA FOODS CORP CLASS A,Consumer Staples,,small,159.23,1.545,0.9856,1.1112,1.4487,STRONG_DOWN,41.71,92.56,184.44,-17.28,58.23,28.23,2.3867,HIGH,-,149.0675,136.663,116.6874,1,190.9287,TREND+LEAD,47.9537
99,-4,ALNT,ALLIENT INC,Industrials,,small,64.7,2.4044,1.0144,1.0221,1.1553,STRONG_DOWN,53.96,199.67,100.18,-14.59,53.82,50.84,1.0331,MED,-,62.3467,63.6565,52.1815,1,211.3719,TREND+LEAD,47.5293
100,30,VICR,VICOR CORP,Industrials,,mid,179.99,2.9377,1.1031,1.0228,1.3128,FLAT,270.12,266.13,372.91,-32.01,58.23,91.0,1.0705,MED,-,170.5285,171.3362,98.6161,1,170.2946,TREND+LEAD,47.3087
101,-43,CGON,CG ONCOLOGY INC,Health Care,,mid,68.87,3.1079,0.9995,1.0956,1.6504,STRONG_DOWN,81.24,287.35,76.5,-25.3,53.41,73.52,0.8845,LOW,-,65.9945,59.8296,42.3058,1,208.7475,TREND+LEAD,46.8207
102,44,CECO,CECO ENVIRONMENTAL CORP,Industrials,,mid,62.61,2.428,0.9868,1.151,1.0819,FLAT,22.79,202.61,168.94,-35.08,55.42,69.53,1.1124,MED,-,58.7775,64.0118,52.6874,1,161.4935,TREND+LEAD,46.1873
103,9,CMPX,COMPASS THERAPEUTICS,Health Care,,small,5.4,2.4758,0.9639,0.9685,1.008,STRONG_DOWN,49.58,208.57,223.35,-24.66,52.61,56.58,1.2731,MED,-,5.328,5.7966,4.4622,1,193.9368,TREND+LEAD,46.0797
104,-13,GOOGL,Alphabet Inc. (Class A),Communication Services,Interactive Media & Services,large,317.32,1.6098,1.0342,1.0324,1.0033,STRONG_UP,29.29,100.63,104.31,-20.37,54.22,27.95,0.9641,LOW,-,298.1255,308.9169,266.7299,1,195.2119,TREND+LEAD,46.0216
105,18,BTSG,BRIGHTSPRING HEALTH SERVICES INC,Health Care,,mid,46.31,2.0484,1.068,1.1191,1.1924,STRONG_DOWN,62.95,155.29,344.43,-20.75,55.82,46.14,1.22,MED,-,42.303,40.9908,32.2437,1,187.8719,TREND+LEAD,45.9787
106,-12,CDE,COEUR MINING INC,Materials,,large,19.72,2.8356,1.0002,0.8437,1.0411,FLAT,4.78,253.41,300.0,-40.44,53.41,86.95,0.7266,LOW,-,18.978,21.5566,16.8643,1,155.6568,TREND+LEAD,45.7696
107,-15,GOOG,Alphabet Inc. (Class C),Communication Services,Interactive Media & Services,large,314.74,1.5734,1.0345,1.0244,0.9937,STRONG_UP,27.53,96.09,100.66,-20.75,53.82,26.93,0.9363,LOW,-,296.787,308.5207,267.1551,1,192.0441,TREND+LEAD,45.5683
108,2,MYRG,MYR GROUP INC,Industrials,,mid,300.43,2.0941,1.0065,1.1203,1.2959,STRONG_DOWN,52.63,160.99,73.55,-13.65,55.42,45.54,1.3615,MED,-,275.4315,269.9462,221.2584,1,195.9218,TREND+LEAD,45.4775
109,43,PAHC,PHIBRO ANIMAL HEALTH CORP CLASS A,Health Care,,mid,58.66,2.5023,1.0383,1.162,1.5169,STRONG_DOWN,56.71,211.86,363.66,-18.5,51.81,58.57,1.3537,MED,-,53.589,50.8413,40.0785,1,187.4115,TREND+LEAD,45.3979
110,-6,ATRO,ASTRONICS CORP,Industrials,,mid,72.85,2.5403,0.9985,0.9949,1.2723,FLAT,52.18,216.6,316.52,-23.39,53.82,58.54,,LOW,-,68.171,73.5332,52.6656,1,199.1372,TREND+LEAD,45.2241
111,20,JNJ,Johnson & Johnson,Health Care,Pharmaceuticals,large,241.3,1.3182,0.9581,0.9891,1.1894,STRONG_DOWN,29.24,64.29,68.09,-7.22,55.82,16.12,0.762,LOW,-,240.159,239.6364,198.0167,1,222.6093,TREND+LEAD,44.3027
112,-22,ALB,Albemarle Corporation,Materials,Specialty Chemicals,large,177.44,2.3957,0.9637,1.067,1.12,STRONG_DOWN,97.08,198.59,42.31,-20.05,57.83,59.16,0.5016,LOW,-,171.0555,171.4336,118.7986,1,194.1213,TREND+LEAD,44.2952
113,29,KALU,KAISER ALUMINIUM CORP,Materials,,mid,137.68,2.0877,1.0186,1.0995,1.1473,STRONG_DOWN,80.52,160.19,58.71,-26.03,54.62,51.04,1.2709,MED,-,120.4895,127.416,99.4095,1,171.4295,TREND+LEAD,44.2819
114,24,HLIO,HELIOS TECHNOLOGIES INC,Industrials,,mid,69.91,1.963,0.9917,1.0585,1.2449,STRONG_DOWN,38.62,144.65,52.59,-17.07,50.2,39.29,1.4877,MED,-,65.646,68.677,55.1972,1,184.817,TREND+LEAD,44.165
115,-41,APA,APA Corporation,Energy,Oil & Gas Exploration & Production,large,38.75,1.9568,0.9083,1.2166,1.7014,STRONG_DOWN,57.72,143.88,21.11,-15.28,52.21,47.65,1.8144,HIGH,-,39.394,32.939,25.0259,1,157.6511,TREND+LEAD,43.7138
116,38,LEU,CENTRUS ENERGY CORP CLASS A,Energy,,mid,190.13,2.3707,1.0062,0.9457,0.5989,STRONG_UP,-48.62,195.46,336.98,-61.35,52.21,93.24,1.1909,MED,EARLY,193.306,215.455,251.0023,0,109.4497,WEAK,43.5989
117,-8,CAPR,CAPRICOR THERAPEUTICS INC,Health Care,,small,31.6,2.6973,1.0169,0.9452,1.2218,FLAT,321.33,236.17,378.79,-67.67,49.4,74.36,0.4767,LOW,-,30.689,27.717,15.7403,1,156.8963,TREND+LEAD,43.5167
118,54,SSRM,SSR MINING INC,Materials,,mid,35.08,2.8063,1.0794,1.1327,1.6061,STRONG_DOWN,50.88,249.75,582.49,-30.88,57.03,90.06,1.4959,MED,-,28.0815,28.0838,21.8151,1,158.1533,TREND+LEAD,43.464
119,-16,NGVT,INGEVITY CORP,Materials,,mid,73.4,1.7633,0.9843,1.1193,1.2051,STRONG_DOWN,37.3,119.76,49.28,-23.94,54.22,33.39,0.6922,LOW,-,68.481,69.7076,57.9362,1,194.4718,TREND+LEAD,43.2878
120,13,LQDA,LIQUIDIA CORP,Health Care,,mid,38.19,2.3995,0.9879,0.9825,1.2536,FLAT,58.93,199.06,155.28,-37.82,54.22,64.87,0.5263,LOW,-,36.807,37.2822,28.7045,1,166.3797,TREND+LEAD,43.1643
121,124,STNG,SCORPIO TANKERS INC,Energy,,mid,76.81,1.8363,1.0047,1.0192,1.4006,STRONG_DOWN,42.19,128.87,17.42,-23.26,55.02,47.04,1.9656,HIGH,-,72.093,71.1297,57.2387,1,150.7303,TREND+LEAD,43.1087
122,46,VSCO,VICTORIA S SECRET,Consumer Discretionary,,mid,51.56,2.0706,1.0561,1.0796,0.8606,FLAT,81.1,158.06,170.51,-35.55,52.21,65.08,1.5084,HIGH,-,45.932,53.5012,38.7019,1,126.801,TREND+LEAD,43.0975
123,-7,PTGX,PROTAGONIST THERAPEUTICS INC,Health Care,,mid,102.09,1.9242,0.9545,1.0509,1.2613,STRONG_DOWN,55.93,139.82,250.46,-16.38,56.22,38.53,0.9547,LOW,-,100.0855,91.7944,75.6042,1,204.0098,TREND+LEAD,43.0537
124,3,MYE,MYERS INDUSTRIES INC,Materials,,small,21.94,1.8057,0.9961,1.049,1.1555,STRONG_DOWN,33.45,125.05,5.53,-12.38,55.82,32.53,0.5588,LOW,-,20.9549,21.3921,17.9428,1,214.5878,TREND+LEAD,42.7068
125,0,MPWR,Monolithic Power Systems,Information Technology,Semiconductors,large,1312.9399,1.8892,1.1367,1.2448,1.3954,STRONG_DOWN,39.38,135.46,95.43,-22.45,53.82,53.29,1.666,HIGH,-,1096.7196,1127.9568,948.5767,1,136.8087,TREND+LEAD,42.264
126,14,AAMI,ACADIAN ASSET MANAGEMENT INC,Financials,,small,59.43,1.8326,1.025,1.1538,1.2498,STRONG_DOWN,33.96,128.41,160.19,-18.2,57.43,40.54,1.4445,MED,-,53.0325,53.0551,47.4085,1,181.9059,TREND+LEAD,42.1091
127,17,SMTC,SEMTECH CORP,Information Technology,,mid,86.95,2.3271,1.053,0.9918,1.162,FLAT,22.62,190.03,150.14,-26.68,53.01,65.4,1.1879,MED,-,79.565,83.9032,68.561,1,154.0262,TREND+LEAD,42.0994
128,25,FSLY,FASTLY INC CLASS A,Information Technology,,mid,32.75,4.5306,0.981,1.4388,3.164,STRONG_DOWN,297.93,464.66,134.43,-35.49,50.2,166.77,1.0728,MED,-,27.872,20.2165,11.5478,1,139.8674,TREND+LEAD,41.9811
129,33,ANDE,ANDERSONS INC,Consumer Staples,,mid,74.7,1.5681,0.9961,1.123,1.4731,STRONG_DOWN,79.28,95.43,34.75,-18.93,55.82,31.03,1.1764,MED,-,71.029,67.4354,50.192,1,171.6746,TREND+LEAD,41.9539
130,-1,NEM,Newmont,Materials,Gold,large,118.15,1.9699,1.0064,0.9927,1.1151,FLAT,36.55,145.51,208.63,-27.25,59.84,53.69,0.6926,LOW,-,107.401,115.6369,90.6766,1,162.1769,TREND+LEAD,41.8642
131,18,LINC,LINCOLN EDUCATIONAL SERVICES CORP,Consumer Discretionary,,small,40.42,1.9134,0.9339,1.1118,1.6474,STRONG_DOWN,86.35,138.47,295.5,-27.35,57.43,46.52,1.0214,MED,-,39.7855,34.3846,25.1656,1,170.9395,TREND+LEAD,41.7861
132,0,NG,NOVAGOLD RESOURCES INC,Materials,,mid,9.26,2.9601,0.9589,0.7515,0.9515,FLAT,-8.04,268.92,182.32,-45.56,53.82,99.57,0.7872,LOW,-,9.0225,10.241,8.4104,1,145.3601,TREND+LEAD,41.7185
133,-18,EME,Emcor,Industrials,Construction & Engineering,large,789.19,1.6228,1.0071,1.0899,1.234,STRONG_DOWN,17.36,102.26,125.28,-25.15,58.63,40.43,1.0142,MED,-,739.597,749.2882,657.3906,1,148.2894,TREND+LEAD,41.7132
134,-28,NAT,NORDIC AMERICAN TANKERS LTD,Energy,,small,5.99,2.1547,1.0133,1.1143,1.6711,STRONG_DOWN,90.63,168.55,81.02,-14.01,54.62,44.93,,LOW,-,5.5775,5.0403,3.6533,1,204.9034,TREND+LEAD,41.4028
135,0,FIGS,FIGS INC CLASS A,Consumer Discretionary,,mid,14.64,2.9076,0.9706,0.9084,1.2432,FLAT,108.84,262.38,172.63,-21.73,51.0,74.66,0.7331,LOW,-,14.693,13.3022,9.5414,1,179.2284,TREND+LEAD,41.3318
136,7,INSW,INTERNATIONAL SEAWAYS INC,Energy,,mid,76.41,2.1037,1.0254,1.0726,1.4811,STRONG_DOWN,80.64,162.19,81.09,-13.84,54.22,44.87,0.9333,LOW,-,70.2723,66.6546,50.1291,1,195.9882,TREND+LEAD,40.9865
137,-15,TPR,"Tapestry, Inc.",Consumer Discretionary,"Apparel, Accessories & Luxury Goods",large,150.57,1.8216,1.011,1.0145,1.1727,STRONG_DOWN,31.44,127.04,267.39,-15.71,59.04,40.44,0.6932,LOW,-,142.601,145.0783,118.9044,1,185.4655,TREND+LEAD,40.9281
138,37,MAZE,MAZE THERAPEUTICS INC,Health Care,,small,28.09,2.8279,0.9372,0.5496,0.7078,FLAT,0.83,252.45,76.11,-45.81,53.01,91.84,1.2762,MED,-,39.6962,43.45,30.9245,0,145.7121,WEAK,40.8443
139,11,UEC,URANIUM ENERGY CORP,Energy,,mid,13.96,2.5341,1.0075,0.9631,0.9848,FLAT,3.1,215.84,102.61,-39.97,52.21,76.39,0.7703,LOW,-,13.33,14.9042,12.646,1,147.5174,TREND+LEAD,40.3919
140,-21,PBF,PBF ENERGY INC CLASS A,Energy,,mid,43.03,2.187,0.9049,1.0842,1.5623,STRONG_DOWN,45.64,172.57,-21.31,-34.86,56.22,70.25,1.1736,MED,-,46.6185,40.1549,31.4739,1,138.1063,TREND+LEAD,40.3317
141,-41,REX,REX AMERICAN RESOURCES CORP,Energy,,small,44.53,1.879,0.9708,1.1691,1.421,STRONG_DOWN,41.63,134.18,53.31,-9.1,58.63,38.54,0.7958,LOW,-,42.642,38.0558,32.4479,1,204.1303,TREND+LEAD,40.2922
142,-37,PRM,PERIMETER SOLUTIONS INC,Materials,,mid,25.28,2.0123,0.9468,1.0774,0.8992,FLAT,13.93,150.79,234.83,-30.2,56.63,52.49,0.6423,LOW,-,22.828,24.5678,22.9754,1,162.6871,TREND+LEAD,40.2902
143,-15,AGX,ARGAN INC,Industrials,,mid,588.28,3.3507,0.9979,1.2812,1.7779,STRONG_DOWN,119.76,317.6,1081.07,-24.96,56.22,103.69,0.9395,LOW,-,500.991,445.2914,319.6284,1,172.2023,TREND+LEAD,40.285
144,-46,NE,NOBLE CORPORATION PLC,Energy,,mid,50.32,2.0275,1.0056,1.1034,1.7897,STRONG_DOWN,70.84,152.69,11.85,-16.56,52.61,42.68,0.7126,LOW,-,48.294,44.4601,32.3708,1,188.2124,TREND+LEAD,40.2726
145,43,DBD,DIEBOLD NIXDORF INC,Information Technology,,mid,79.81,1.5464,0.9961,1.0583,1.2109,STRONG_DOWN,39.21,92.73,129.14,-13.97,56.63,34.59,5.5021,HIGH,-,75.296,75.6574,64.9681,1,151.8175,TREND+LEAD,40.1409
146,1,PRIM,PRIMORIS SERVICES CORP,Industrials,,mid,156.59,2.1509,1.0074,1.1672,1.2428,STRONG_DOWN,14.19,168.07,243.79,-21.91,56.22,52.83,0.5449,LOW,-,142.5777,148.9781,126.7483,1,178.8526,TREND+LEAD,40.1202
147,39,SLS,SELLAS LIFE SCIENCES GROUP INC,Health Care,,small,4.86,3.4817,1.1189,0.8342,1.2238,FLAT,155.79,333.93,247.14,-36.53,50.2,100.57,0.5435,LOW,-,4.8385,4.5632,2.7251,1,166.6821,TREND+LEAD,40.0321
148,55,PSMT,PRICESMART INC,Consumer Staples,,mid,156.7,1.4805,1.0035,1.0605,1.2547,STRONG_DOWN,29.82,84.51,95.65,-10.62,56.63,30.65,1.6817,HIGH,-,148.382,149.6988,125.3948,1,156.1524,TREND+LEAD,39.9529
149,-38,VLO,Valero Energy,Energy,Oil & Gas Refining & Marketing,large,239.64,1.7078,0.962,1.1031,1.334,STRONG_DOWN,48.7,112.84,44.11,-14.19,54.62,38.43,1.3803,MED,-,241.106,217.1821,173.5596,1,160.3813,TREND+LEAD,39.7498
150,-37,BKD,BROOKDALE SENIOR LIVING INC,Health Care,,mid,14.12,1.9235,0.9875,0.985,1.2768,FLAT,74.54,139.73,106.13,-20.1,57.43,46.0,0.4061,LOW,-,13.956,14.756,10.4133,1,174.4478,TREND+LEAD,39.6475
151,215,ALMS,ALUMIS INC,Health Care,,mid,22.71,2.2664,0.9684,0.8074,1.2892,FLAT,403.55,182.46,70.75,-65.17,47.79,83.31,0.6193,LOW,-,24.1055,26.0693,11.8326,1,104.668,TREND+LEAD,39.3231
152,-27,CRDO,CREDO TECHNOLOGY GROUP HOLDING LTD,Information Technology,,large,110.21,2.0436,1.1137,0.9801,0.7951,STRONG_UP,-19.67,154.7,416.45,-53.59,55.02,89.69,0.8652,LOW,PROGRESS,103.891,112.5738,130.8287,0,94.902,WEAK,39.2269
153,30,AHR,AMERICAN HEALTHCARE REIT INC,Real Estate,,mid,48.4,1.3668,0.9872,0.9175,1.0454,FLAT,19.16,70.34,275.47,-11.77,57.83,24.82,1.2551,MED,-,49.1265,49.8771,44.6353,1,163.9009,TREND+LEAD,39.1709
154,-18,AMAT,Applied Materials,Information Technology,Semiconductor Materials & Equipment,large,385.72,2.0854,1.0567,1.1141,1.3446,STRONG_DOWN,82.91,159.91,86.52,-21.37,57.03,56.28,0.9345,LOW,-,351.646,348.377,251.2184,1,162.046,TREND+LEAD,38.8504
155,26,ROST,Ross Stores,Consumer Discretionary,Apparel Retail,large,224.47,1.3278,0.9892,1.0554,1.2238,STRONG_DOWN,49.97,65.48,63.75,-17.68,57.43,25.12,1.0246,MED,-,213.6297,204.141,168.569,1,149.7051,TREND+LEAD,38.8492
156,20,SNDX,SYNDAX PHARMACEUTICALS INC,Health Care,,mid,24.56,1.7106,0.9969,1.0155,1.13,STRONG_DOWN,49.3,113.19,6.78,-38.3,52.61,47.07,1.1798,MED,-,24.024,22.2918,17.2859,1,126.5171,TREND+LEAD,38.7723
157,-23,RIG,TRANSOCEAN LTD,Energy,,mid,6.7,2.2306,0.9991,1.0866,1.619,STRONG_DOWN,93.64,178.01,5.02,-23.19,54.62,57.47,0.547,LOW,-,6.534,6.123,4.1707,1,169.1807,TREND+LEAD,38.7462
158,21,GCT,GIGACLOUD TECHNOLOGY INC CLASS A,Consumer Discretionary,,small,45.55,2.8092,0.9616,1.0659,1.0949,STRONG_DOWN,60.84,250.12,44.19,-23.85,52.21,93.87,1.8083,HIGH,-,43.1028,40.8801,33.0139,1,139.1128,TREND+LEAD,38.6266
159,-1,EYPT,EYEPOINT INC,Health Care,,small,14.17,2.4878,1.0549,0.9168,0.8299,STRONG_UP,6.94,210.07,-34.18,-37.14,53.82,72.89,0.7884,LOW,-,13.31,14.4048,13.403,1,155.1068,TREND+LEAD,38.545
160,-3,SDRL,SEADRILL LTD,Energy,,mid,48.3,1.8315,1.0506,1.1258,1.4452,STRONG_DOWN,51.51,128.26,-8.04,-16.54,53.82,44.02,1.0667,MED,-,44.9415,43.0514,34.1198,1,156.8151,TREND+LEAD,38.3763
161,-43,TDAY,USA TODAY INC,Communication,,small,6.96,1.8995,0.9502,1.0632,1.2599,STRONG_DOWN,78.46,136.73,184.08,-20.32,48.19,36.2,0.6602,LOW,-,6.699,6.3114,4.9368,1,182.0233,TREND+LEAD,38.2477
162,16,GLUE,MONTE ROSA THERAPEUTICS INC,Health Care,,small,17.12,3.3833,0.9665,0.9898,0.7481,FLAT,131.98,321.67,117.81,-41.84,49.4,105.37,0.6906,LOW,-,16.1435,17.9382,12.4065,1,150.809,TREND+LEAD,38.0794
163,-46,AVGO,Broadcom,Information Technology,Semiconductors,large,350.63,1.5318,1.0841,1.0246,1.0406,FLAT,4.65,90.91,168.19,-28.67,55.42,42.56,1.1929,MED,-,319.3242,324.8823,327.8813,1,118.3803,TREND+LEAD,38.0619
164,26,SEI,SOLARIS OILFIELD INFRASTRUCTURE IN,Energy,,mid,61.04,2.5489,1.0666,1.1286,1.2184,STRONG_DOWN,39.21,217.67,614.75,-26.43,51.81,81.84,1.4051,MED,-,58.557,54.5198,44.0787,1,137.8002,TREND+LEAD,37.8778
165,63,ENS,ENERSYS,Industrials,,mid,187.8,1.7668,1.0234,1.1608,1.2459,STRONG_DOWN,66.58,120.2,106.51,-20.08,59.44,48.07,1.0098,MED,-,170.581,171.9508,132.5284,1,148.6272,TREND+LEAD,37.8246
166,29,NXT,NEXTPOWER INC CLASS A,Industrials,,large,116.41,2.3809,0.9373,1.0225,1.3334,STRONG_DOWN,50.11,196.74,127.41,-23.27,52.61,68.19,0.9419,LOW,-,117.6455,115.5859,87.9727,1,151.7868,TREND+LEAD,37.7806
167,72,TNK,TEEKAY TANKERS LTD CLASS A,Energy,,mid,77.04,1.7685,1.0235,1.0616,1.3322,STRONG_DOWN,57.5,120.41,50.8,-18.88,55.42,44.7,1.0783,MED,-,70.56,70.3631,56.5677,1,149.284,TREND+LEAD,37.5566
168,51,LXU,LSB INDUSTRIES INC,Materials,,small,14.76,2.177,0.9576,1.1565,1.6947,STRONG_DOWN,62.56,171.32,69.66,-17.8,54.22,65.65,1.9368,HIGH,-,15.062,12.378,9.5028,1,141.4952,TREND+LEAD,37.4952
169,18,UCTT,ULTRA CLEAN HOLDINGS INC,Information Technology,,mid,68.65,2.5244,1.0479,1.2192,2.0884,STRONG_DOWN,149.55,214.62,45.38,-29.74,53.41,87.77,1.3174,MED,-,60.6155,56.7038,34.2856,1,130.6008,TREND+LEAD,37.4347
170,28,BK,BNY Mellon,Financials,Asset Management & Custody Banks,large,127.94,1.3209,1.0251,1.1074,1.0853,FLAT,20.77,64.63,134.5,-10.15,61.45,26.13,1.1301,MED,-,118.1535,118.8752,109.4996,1,151.9881,TREND+LEAD,37.3306
171,-8,EWTX,EDGEWISE THERAPEUTICS INC,Health Care,,mid,33.04,2.1208,0.9664,1.1265,1.3624,STRONG_DOWN,118.23,164.32,104.08,-25.43,51.41,53.5,0.6235,LOW,-,31.0545,30.0696,20.9947,1,157.9008,TREND+LEAD,37.2425
172,-12,IRMD,IRADIMED CORP,Health Care,,small,97.33,1.5311,0.9772,0.9827,1.0088,STRONG_DOWN,32.07,90.82,138.17,-11.06,55.02,33.67,2.3063,HIGH,-,98.5945,99.4518,83.0138,1,148.4118,TREND+LEAD,37.1886
173,145,FCFS,FIRSTCASH HOLDINGS INC,Financials,,mid,198.84,1.342,1.0148,1.0188,1.2238,STRONG_DOWN,30.04,67.25,61.72,-12.75,56.22,27.07,1.6766,HIGH,-,192.1285,186.4622,158.6129,1,139.676,TREND+LEAD,36.9506
174,49,INTC,Intel,Information Technology,Semiconductors,large,58.95,2.1969,1.1896,1.2589,1.4067,STRONG_DOWN,58.6,173.8,55.4,-24.17,51.0,81.73,1.6714,HIGH,-,46.6375,46.5798,35.7889,1,108.4547,TREND+LEAD,36.9206
175,-68,NBR,NABORS INDUSTRIES LTD,Energy,,small,83.67,2.0574,1.0222,1.034,1.4046,STRONG_DOWN,91.07,156.42,-1.8,-24.61,53.82,49.64,0.7296,LOW,-,82.285,76.7606,52.028,1,169.592,TREND+LEAD,36.9039
176,94,COHU,COHU INC,Information Technology,,small,34.4,1.8147,1.0479,1.2008,1.3068,STRONG_DOWN,83.56,126.17,4.08,-20.23,55.02,50.76,1.7815,HIGH,-,30.4225,30.2472,24.1413,1,136.7555,TREND+LEAD,36.7972
177,-21,TDW,TIDEWATER INC,Energy,,mid,87.84,1.9225,1.0204,1.1405,1.6886,STRONG_DOWN,62.67,139.61,-9.53,-25.16,53.82,48.38,0.9791,LOW,-,79.4065,75.1874,59.1578,1,155.3051,TREND+LEAD,36.6351
178,26,HOOD,Robinhood Markets,Financials,Investment Banking & Brokerage,large,71.83,1.3654,0.9931,0.9138,0.6247,STRONG_UP,-50.46,70.17,292.51,-57.26,53.01,69.73,1.1024,MED,PROGRESS,71.801,77.774,107.5489,0,53.3467,WEAK,36.3841
179,0,CORZ,CORE SCIENTIFIC INC,Information Technology,,mid,17.66,1.8868,1.1188,1.1412,1.1062,FLAT,3.27,135.15,457.1,-40.74,55.02,70.94,1.2694,MED,-,16.191,16.8047,16.3161,1,104.8227,TREND+LEAD,36.2774
180,-14,CBL,CBL ASSOCIATES PROPERTIES INC,Real Estate,,small,41.66,1.4761,1.0254,1.1017,1.1511,STRONG_DOWN,46.6,83.97,112.26,-12.31,55.82,29.42,1.3026,MED,-,38.3108,37.1761,32.173,1,159.315,TREND+LEAD,36.2191
181,19,DOCN,DIGITALOCEAN HOLDINGS INC,Information Technology,,mid,89.38,2.3383,0.9881,1.4399,1.6976,STRONG_DOWN,133.43,191.42,140.27,-24.11,51.41,73.86,1.2522,MED,-,81.6715,68.7612,46.5105,1,133.2406,TREND+LEAD,36.1609
182,-17,PWR,Quanta Services,Industrials,Construction & Engineering,large,576.24,1.7166,0.9974,1.0208,1.342,STRONG_DOWN,36.77,113.94,125.26,-11.66,56.63,38.59,0.894,LOW,-,562.3811,541.1375,447.1535,1,167.2115,TREND+LEAD,36.1155
183,35,KTOS,KRATOS DEFENSE AND SECURITY SOLUTI,Industrials,,large,74.46,1.877,1.0661,0.8362,0.8284,STRONG_UP,-28.19,133.93,306.22,-50.06,55.82,88.52,0.8333,LOW,EARLY,80.073,88.706,79.0159,0,84.4553,WEAK,36.0081
184,-58,BORR,BORR DRILLING LTD,Energy,,small,6.03,2.1992,1.0147,1.0993,1.44,STRONG_DOWN,119.27,174.09,9.41,-26.82,51.41,55.23,0.8591,LOW,-,5.447,5.4728,3.6229,1,162.0499,TREND+LEAD,35.986
185,51,PLOW,DOUGLAS DYNAMICS INC,Industrials,,small,45.25,1.6648,1.0233,1.0551,1.3235,STRONG_DOWN,51.74,107.49,111.62,-13.03,49.8,30.26,0.9575,LOW,-,41.9363,41.8147,33.9287,1,176.8997,TREND+LEAD,35.9225
186,-45,GH,GUARDANT HEALTH INC,Health Care,,large,92.84,1.698,0.9872,1.0249,0.8591,FLAT,46.34,111.63,383.54,-28.73,53.01,46.53,0.8643,LOW,-,88.1095,96.3178,80.4672,1,127.1707,TREND+LEAD,35.9125
187,-20,FLNC,FLUENCE ENERGY INC CLASS A,Industrials,,mid,13.12,2.3817,0.9767,0.7765,0.6492,STRONG_UP,-5.13,196.83,-23.0,-59.66,48.19,101.32,0.9826,LOW,EARLY,14.998,18.039,15.3357,0,93.6179,WEAK,35.9017
188,-40,ESE,ESCO TECHNOLOGIES INC,Industrials,,mid,308.94,1.6341,1.0218,1.1425,1.5168,STRONG_DOWN,47.78,103.66,196.67,-12.91,54.22,37.39,1.2666,MED,-,277.4275,268.6016,220.6437,1,150.3162,TREND+LEAD,35.8931
189,23,ASML,ASML Holding,Technology,Industrial Machinery,large,1421.05,1.6736,1.013,1.0262,1.1783,STRONG_DOWN,42.22,108.58,46.04,-17.85,57.43,46.72,1.306,MED,-,1348.2835,1391.2407,1058.9296,1,133.4713,TREND+LEAD,35.8429
190,30,TK,TEEKAY CORPORATION CORP LTD,Energy,,small,12.75,1.8767,1.018,1.0347,1.3385,STRONG_DOWN,60.38,133.89,132.94,-16.68,53.01,41.43,0.6524,LOW,-,11.919,11.667,9.3899,1,171.3173,TREND+LEAD,35.6986
191,0,LGND,LIGAND PHARMACEUTICALS INC,Health Care,,mid,208.09,1.6077,1.0104,0.9792,1.0587,FLAT,13.61,100.38,155.33,-13.21,53.82,37.61,1.0078,MED,-,204.665,198.3906,177.9442,1,143.6376,TREND+LEAD,35.6302
192,-18,RCUS,ARCUS BIOSCIENCES INC,Health Care,,mid,22.65,2.2888,1.0052,0.9213,0.9932,FLAT,61.44,185.26,29.8,-27.78,55.02,73.78,0.5065,LOW,-,21.9515,21.4418,17.2548,1,138.1574,TREND+LEAD,35.3311
193,-38,MSGE,MADISON SQUARE GARDEN ENTERTAINMEN,Communication,,mid,61.09,1.5322,1.0229,1.0484,1.153,STRONG_DOWN,40.4,90.97,53.53,-13.43,56.22,30.72,0.8853,LOW,-,57.795,59.7188,49.1107,1,166.4748,TREND+LEAD,35.325
194,-12,REZI,RESIDEO TECHNOLOGIES INC,Industrials,,mid,36.6,1.8127,1.0298,1.0522,1.0715,STRONG_DOWN,-12.19,125.93,63.83,-35.21,54.62,51.66,0.5973,LOW,-,34.266,35.3598,34.2691,1,133.1412,TREND+LEAD,35.317
195,76,PLPC,PREFORMED LINE PRODUCTS,Industrials,,small,303.16,1.715,1.0083,1.1432,1.3301,STRONG_DOWN,60.37,113.74,137.4,-22.33,58.23,52.04,2.4341,HIGH,-,272.7434,265.0709,214.0135,1,127.2691,TREND+LEAD,35.1528
196,28,UAMY,UNITED STATES ANTIMONY CORP,Materials,,small,8.84,3.1664,1.0323,0.7864,1.1471,FLAT,1.61,294.64,3300.0,-74.3,49.8,143.35,0.5822,LOW,-,9.0915,8.8136,6.795,1,102.3594,TREND+LEAD,35.1076
197,5,DGII,DIGI INTERNATIONAL INC,Information Technology,,small,54.16,1.6417,1.0696,1.0755,1.2861,STRONG_DOWN,52.61,104.61,65.02,-13.49,55.82,38.38,1.22,MED,-,49.653,48.4444,40.3968,1,152.1437,TREND+LEAD,35.1034
198,69,LIVN,LIVANOVA PLC,Health Care,,mid,64.66,1.4524,0.9697,1.043,1.0179,FLAT,23.99,81.02,15.8,-17.66,50.6,30.4,1.2647,MED,-,62.5905,64.9004,57.0343,1,134.8541,TREND+LEAD,35.0989
199,-29,KLAC,KLA Corporation,Information Technology,Semiconductor Materials & Equipment,large,1672.34,1.9223,1.0665,1.1499,1.2528,STRONG_DOWN,54.63,139.58,143.97,-22.41,60.24,60.36,0.9241,LOW,-,1493.7025,1478.6147,1183.2836,1,139.3067,TREND+LEAD,35.0875
200,-8,ADI,Analog Devices,Information Technology,Semiconductors,large,346.21,1.4343,1.0468,1.0849,1.2063,STRONG_DOWN,49.1,78.76,75.06,-15.73,55.42,32.61,1.1218,MED,-,316.1825,325.5555,268.2081,1,133.8477,TREND+LEAD,34.9308
201,20,TXG,10X GENOMICS INC CLASS A,Health Care,,mid,23.02,2.1304,1.0119,1.124,1.1715,STRONG_DOWN,98.45,165.51,-38.4,-28.03,50.2,68.35,1.0117,MED,-,19.9505,20.0164,16.001,1,121.562,TREND+LEAD,34.8855
202,-11,ADEA,ADEIA INC,Information Technology,,mid,26.2,1.6979,1.013,1.141,1.4774,STRONG_DOWN,54.28,111.61,150.75,-34.81,50.2,50.0,1.2135,MED,-,24.1649,21.2272,16.6525,1,112.0557,TREND+LEAD,34.8026
203,155,ANET,Arista Networks,Information Technology,Communications Equipment,large,145.07,1.5316,1.1263,1.038,1.1345,FLAT,-0.15,90.88,96.87,-28.33,57.43,60.15,1.5322,HIGH,-,130.9105,134.4898,132.2738,1,86.7719,TREND+LEAD,34.7866
204,-31,HWM,Howmet Aerospace,Industrials,Aerospace & Defense,large,250.0,1.5698,1.0137,0.9836,1.2066,FLAT,30.73,95.65,281.72,-15.89,55.82,36.43,0.7975,LOW,-,237.1305,238.5795,204.2983,1,146.5669,TREND+LEAD,34.7492
205,10,MOD,MODINE MANUFACTURING,Industrials,,large,234.84,2.255,1.0209,1.1656,1.9962,STRONG_DOWN,56.75,181.04,156.77,-27.55,52.61,75.2,0.7998,LOW,-,210.0295,208.8438,154.3284,1,126.6583,TREND+LEAD,34.7417
206,144,IE,IVANHOE ELECTRIC INC,Materials,,small,13.13,1.8745,1.0423,0.9464,0.8017,STRONG_UP,2.34,133.63,23.87,-45.93,54.22,79.13,1.601,HIGH,-,11.915,14.7088,13.1032,1,91.5634,TREND+LEAD,34.7329
207,10,HII,Huntington Ingalls Industries,Industrials,Aerospace & Defense,large,411.35,1.6804,1.0137,0.9843,1.1776,FLAT,45.23,109.43,55.85,-18.66,57.03,44.45,0.4815,LOW,-,403.2945,414.9605,325.5942,1,140.3997,TREND+LEAD,34.6968
208,2,BTU,PEABODY ENERGY CORP,Energy,,mid,30.18,2.0029,0.8902,0.926,0.9568,STRONG_DOWN,-6.41,149.62,32.15,-25.83,50.6,61.15,1.2364,MED,-,35.2495,34.6905,26.874,1,123.8071,TREND+LEAD,34.6149
209,0,AUPH,AURINIA PHARMACEUTICALS INC,Health Care,,mid,15.89,1.6754,0.9956,1.0726,1.009,FLAT,35.7,108.8,210.96,-15.91,51.0,36.15,0.6857,LOW,-,14.6825,14.5772,13.1312,1,153.4997,TREND+LEAD,34.5763
210,24,MIRM,MIRUM PHARMACEUTICALS INC,Health Care,,mid,97.95,1.8951,1.0034,1.0761,1.2155,STRONG_DOWN,32.83,136.19,273.85,-20.55,55.82,50.6,0.8062,LOW,-,91.799,96.2084,75.9164,1,150.245,TREND+LEAD,34.4853
211,-15,CFG,Citizens Financial Group,Financials,Regional Banks,large,63.78,1.4157,1.0206,1.082,1.0713,FLAT,21.98,76.44,96.77,-18.32,57.03,31.25,0.8415,LOW,-,58.6845,61.4943,54.1759,1,139.4997,TREND+LEAD,34.2936
212,-43,OIS,OIL STATES INTERNATIONAL INC,Energy,,small,11.45,2.4434,0.9998,0.9166,1.5448,FLAT,84.08,204.52,86.18,-22.86,52.61,71.4,0.7915,LOW,-,11.874,11.1642,7.4009,1,150.6984,TREND+LEAD,34.2503
213,43,HG,HAMILTON INSURANCE GROUP LTD CLASS,Financials,,mid,31.09,1.4468,1.0062,1.0751,1.2762,STRONG_DOWN,34.47,80.32,156.5,-8.08,54.62,26.0,0.4315,LOW,-,29.3585,28.5494,24.3269,1,168.7299,TREND+LEAD,34.2337
214,39,IDYA,IDEAYA BIOSCIENCES INC,Health Care,,mid,30.96,1.5742,0.9239,0.8903,0.8319,STRONG_UP,15.01,96.2,-27.27,-20.05,53.01,48.13,1.8444,HIGH,-,32.4,32.6198,29.6206,1,105.9514,TREND+LEAD,34.2322
215,-44,ATMU,ATMUS FILTRATION TECHNOLOGIES INC,Industrials,,mid,63.13,1.431,1.0528,1.0788,1.2183,STRONG_DOWN,43.37,78.35,97.06,-16.39,53.82,34.64,13.4913,HIGH,-,58.03,60.337,49.4459,1,121.7326,TREND+LEAD,34.2266
216,78,TRS,TRIMAS CORP,Materials,,small,37.91,1.4246,1.0109,0.9938,1.1139,FLAT,2.2,77.55,46.26,-22.24,54.62,31.59,1.3587,MED,-,35.729,36.2012,35.1741,1,134.0827,TREND+LEAD,34.1209
217,-3,C,Citigroup,Financials,Diversified Banks,large,123.49,1.5847,1.0381,1.1321,1.0405,FLAT,27.68,97.51,112.58,-14.76,57.83,38.94,0.866,LOW,-,111.617,113.0435,103.0079,1,144.8069,TREND+LEAD,34.0503
218,13,OKLO,OKLO INC CLASS A,Utilities,,mid,50.21,1.673,1.0124,0.8172,0.5233,STRONG_UP,-62.56,108.51,254.59,-73.83,49.8,85.56,0.8659,LOW,EARLY,53.588,62.8118,85.5727,0,63.1599,WEAK,33.9417
219,38,TR,TOOTSIE ROLL INDUSTRIES INC,Consumer Staples,,mid,44.22,1.2165,0.9958,1.0637,1.2955,STRONG_DOWN,6.52,51.61,54.6,-20.03,58.23,20.11,0.5513,LOW,-,42.256,40.6151,38.0941,1,149.4541,TREND+LEAD,33.9197
220,-59,AMD,Advanced Micro Devices,Information Technology,Semiconductors,large,231.82,1.9207,1.0689,1.1395,1.1229,FLAT,9.6,139.38,35.74,-27.76,54.22,64.51,0.9041,LOW,-,206.485,209.8128,198.3451,1,117.1513,TREND+LEAD,33.8706
221,-36,GS,Goldman Sachs,Financials,Investment Banking & Brokerage,large,905.75,1.4352,1.0206,1.0852,0.9843,FLAT,15.88,78.87,130.07,-19.42,59.44,34.89,0.8602,LOW,-,828.548,871.4829,805.7792,1,134.3624,TREND+LEAD,33.7953
222,0,GTX,GARRETT MOTION INC,Consumer Discretionary,,mid,19.04,1.7857,0.9922,1.0434,1.0906,STRONG_DOWN,47.41,122.56,95.32,-19.87,49.4,41.05,0.7943,LOW,-,17.937,18.7232,15.5029,1,147.4875,TREND+LEAD,33.6985
223,122,AXGN,AXOGEN INC,Health Care,,small,34.0,1.6277,0.9814,1.1067,1.0497,FLAT,101.18,102.86,323.41,-45.77,54.22,52.17,1.4899,MED,-,32.3065,32.709,23.5675,1,106.906,TREND+LEAD,33.4889
224,26,NTRS,Northern Trust,Financials,Asset Management & Custody Banks,large,151.74,1.3382,1.0401,1.0986,1.0884,FLAT,15.9,66.79,82.31,-12.39,55.82,29.1,1.068,MED,-,139.2575,142.9958,133.0752,1,128.1127,TREND+LEAD,33.4039
225,-24,STT,State Street Corporation,Financials,Asset Management & Custody Banks,large,136.13,1.364,1.0288,1.1171,1.0525,FLAT,18.01,70.0,88.97,-11.79,62.65,29.8,0.6173,LOW,-,124.6618,126.4931,117.8748,1,147.1642,TREND+LEAD,33.3498
226,6,APEI,AMERICAN PUBLIC EDUCATION INC,Consumer Discretionary,,small,57.71,1.9245,0.9728,1.2668,1.4901,STRONG_DOWN,55.93,139.86,329.71,-22.3,56.63,52.09,0.9442,LOW,-,55.582,48.7292,37.9225,1,152.0483,TREND+LEAD,33.2959
227,-16,PPTA,PERPETUA RESOURCES CORP,Materials,,mid,29.79,2.2091,0.9781,0.9032,1.0421,FLAT,26.23,175.32,358.31,-32.86,55.42,81.43,0.7445,LOW,-,28.203,29.9891,23.6141,1,119.3225,TREND+LEAD,33.2802
228,-91,CRC,CALIFORNIA RESOURCES CORP,Energy,,mid,66.41,1.5086,0.9749,1.0834,1.5186,STRONG_DOWN,25.76,88.02,24.69,-24.04,54.62,34.58,0.883,LOW,-,65.5353,60.4226,50.9104,1,139.032,TREND+LEAD,33.225
229,55,SNEX,STONEX GROUP INC,Financials,,mid,91.62,1.4465,1.0996,1.2914,1.3564,STRONG_DOWN,40.28,80.28,206.95,-20.91,59.84,43.66,1.5462,HIGH,-,76.3228,78.7798,67.5559,1,110.0356,TREND+LEAD,33.2196
230,0,CMI,Cummins,Industrials,Construction Machinery & Heavy Transportation Equipment,large,596.65,1.6443,1.0513,1.0668,1.1298,STRONG_DOWN,38.48,104.94,105.6,-15.23,56.63,41.43,0.7359,LOW,-,545.024,566.7119,466.0058,1,143.4383,TREND+LEAD,33.0891
231,-15,FDX,FedEx,Industrials,Air Freight & Logistics,large,373.43,1.4054,1.0074,1.0378,1.2411,STRONG_DOWN,55.52,75.15,41.01,-11.67,54.62,27.26,0.9509,LOW,-,355.642,360.6703,277.4275,1,150.5827,TREND+LEAD,32.9682
232,12,JCI,Johnson Controls,Industrials,Building Products,large,139.0,1.4243,1.0001,1.0399,1.2618,STRONG_DOWN,28.73,77.51,117.3,-12.71,58.63,30.66,0.6166,LOW,-,132.8496,134.2097,116.5,1,148.2286,TREND+LEAD,32.9635
233,-28,DD,DuPont,Materials,Specialty Chemicals,large,47.85,1.5116,1.0037,1.0399,1.1305,STRONG_DOWN,46.31,88.4,53.89,-17.31,53.82,34.24,0.5988,LOW,-,45.2435,46.804,37.8296,1,138.9468,TREND+LEAD,32.9446
234,-70,LBRT,LIBERTY ENERGY INC CLASS A,Energy,,mid,28.16,1.9816,0.9776,0.9934,1.5134,STRONG_DOWN,119.19,146.98,31.24,-26.19,51.0,56.79,0.6931,LOW,-,29.5445,27.475,17.7696,1,131.9931,TREND+LEAD,32.7182
235,25,NTB,BANK OF NT BUTTERFIELD & SON LTD,Financials,,mid,55.7,1.2474,1.0188,1.1078,1.1439,STRONG_DOWN,33.61,55.46,87.76,-11.44,54.22,19.37,0.5595,LOW,-,51.9315,51.7594,47.0611,1,155.2545,TREND+LEAD,32.6223
236,-28,JBL,Jabil,Information Technology,Electronic Manufacturing Services,large,287.14,1.6796,1.0234,1.1422,1.3018,STRONG_DOWN,41.81,109.34,111.18,-17.86,57.43,46.36,0.8793,LOW,-,264.471,258.5599,227.9323,1,135.4454,TREND+LEAD,32.6203
237,0,CF,CF Industries,Materials,Fertilizers & Agricultural Chemicals,large,126.16,1.4692,0.9555,1.1452,1.6651,STRONG_DOWN,38.73,83.11,63.17,-24.87,57.43,54.05,1.7032,HIGH,-,128.452,110.1273,91.2162,1,88.3085,TREND+LEAD,32.4681
238,-54,VERA,VERA THERAPEUTICS INC CLASS A,Health Care,,mid,40.33,1.4695,0.9652,1.001,0.8428,FLAT,30.94,83.15,6.38,-39.83,50.2,47.22,1.0522,MED,-,40.1492,41.4431,33.6022,1,88.3993,TREND+LEAD,32.4635
239,3,DYN,DYNE THERAPEUTICS INC,Health Care,,mid,18.38,1.9533,0.9843,0.9283,0.9643,FLAT,31.76,143.44,-32.5,-44.65,49.8,73.16,0.5094,LOW,-,18.1925,17.204,15.7298,1,97.6421,TREND+LEAD,32.3957
240,-43,VTRS,Viatris,Health Care,Pharmaceuticals,large,13.57,1.4628,0.965,0.9628,1.1174,FLAT,36.54,82.32,25.44,-18.97,56.22,36.29,0.5509,LOW,-,13.464,14.2417,11.2734,1,127.5245,TREND+LEAD,32.3859
241,2,TE,T1 ENERGY INC,Industrials,,small,4.17,2.8355,0.9022,0.522,0.5827,FLAT,45.8,253.39,98.57,-58.59,49.0,114.33,0.8515,LOW,-,6.1825,6.8682,4.2993,0,108.5988,WEAK,32.3472
242,-2,APH,Amphenol,Information Technology,Electronic Components,large,135.32,1.6522,1.0271,0.9906,0.993,FLAT,9.09,105.92,139.19,-28.19,59.44,58.18,0.6896,LOW,-,129.0232,137.3993,126.5646,1,108.214,TREND+LEAD,32.3432
243,-16,DXPE,DXP ENTERPRISES INC,Industrials,,mid,148.8,1.4658,1.0092,1.0609,1.4339,STRONG_DOWN,25.04,82.69,163.41,-32.99,53.82,43.43,1.4661,MED,-,137.076,140.444,117.7124,1,102.4709,TREND+LEAD,32.2601
244,20,CTVA,Corteva,Materials,Fertilizers & Agricultural Chemicals,large,83.96,1.1617,0.971,1.0992,1.249,STRONG_DOWN,28.6,44.78,49.07,-20.71,58.63,23.68,1.3695,MED,-,81.299,77.9527,70.9066,1,110.8711,TREND+LEAD,32.2236
245,-38,VTOL,BRISTOW GROUP INC,Energy,,small,49.34,1.4005,1.0232,1.0695,1.3202,STRONG_DOWN,34.83,74.55,86.45,-16.41,55.82,30.78,1.2284,MED,-,45.4962,45.3838,39.2667,1,135.1909,TREND+LEAD,32.1766
246,-47,HAL,Halliburton,Energy,Oil & Gas Equipment & Services,large,37.8,1.4119,0.9642,1.0685,1.2719,STRONG_DOWN,57.43,75.97,-3.01,-14.07,53.41,32.91,1.2828,MED,-,37.308,35.5882,27.4163,1,123.2906,TREND+LEAD,32.1241
247,-18,CALY,CALLAWAY GOLF COMPANY,Consumer Discretionary,,mid,14.46,1.83,1.0142,1.0591,1.1144,STRONG_DOWN,58.38,128.08,-12.31,-24.56,52.61,51.44,0.7072,LOW,-,13.6465,13.9652,11.2234,1,130.9888,TREND+LEAD,32.0437
248,11,QBTS,D WAVE QUANTUM INC,Information Technology,,mid,14.57,1.6237,1.0308,0.7759,0.4908,STRONG_UP,-59.21,102.36,679.14,-71.01,47.39,84.99,0.7152,LOW,EARLY,15.62,18.1646,22.39,0,57.076,WEAK,32.0414
249,42,TVTX,TRAVERE THERAPEUTICS INC,Health Care,,mid,31.68,1.7713,0.9773,1.1054,0.8883,FLAT,24.24,120.77,361.81,-34.61,54.22,59.09,0.6299,LOW,-,28.6405,29.3387,26.7708,1,110.8134,TREND+LEAD,32.0139
250,-61,MLYS,MINERALYS THERAPEUTICS INC,Health Care,,mid,27.76,1.736,1.0188,0.9755,0.7989,STRONG_UP,-26.29,116.37,111.26,-51.66,46.59,63.61,0.65,LOW,PROGRESS,25.4935,27.8184,29.8043,0,85.2316,WEAK,31.9281
251,-71,IVZ,Invesco,Financials,Asset Management & Custody Banks,large,24.21,1.4814,0.9649,1.009,0.8966,FLAT,2.16,84.63,56.14,-22.03,57.03,40.64,0.8352,LOW,-,23.593,25.1186,23.2122,1,118.7591,TREND+LEAD,31.9254
252,-17,APGE,APOGEE THERAPEUTICS INC,Health Care,,mid,83.12,2.0972,0.9564,1.1017,1.071,FLAT,109.21,161.38,47.45,-26.99,50.2,66.94,0.7336,LOW,-,76.5615,71.9697,57.9112,1,121.0257,TREND+LEAD,31.9047
253,9,MCHP,Microchip Technology,Information Technology,Semiconductors,large,70.73,1.3017,1.0486,1.0816,0.9789,FLAT,10.51,62.24,-18.56,-34.41,49.4,39.95,1.4756,MED,-,64.6145,70.8079,66.4063,1,76.961,TREND+LEAD,31.8992
254,32,SVRA,SAVARA INC,Health Care,,small,5.94,1.7394,1.0318,1.0578,1.0473,FLAT,73.18,116.79,21.22,-42.94,51.81,51.19,0.7378,LOW,-,5.32,5.4774,4.4204,1,118.2028,TREND+LEAD,31.6924
255,6,KMT,KENNAMETAL INC,Industrials,,mid,37.93,1.6454,1.007,0.9961,1.3293,FLAT,80.5,105.07,64.14,-22.3,53.41,43.97,0.7098,LOW,-,36.5835,37.7847,27.8465,1,127.6324,TREND+LEAD,31.6538
256,135,DLX,DELUXE CORP,Industrials,,small,28.38,1.5915,0.9856,1.0321,1.3159,STRONG_DOWN,53.43,98.35,58.06,-14.29,50.2,41.22,1.5452,HIGH,-,27.2175,27.118,21.0532,1,119.7746,TREND+LEAD,31.5791
257,-24,SXI,STANDEX INTERNATIONAL CORP,Industrials,,mid,272.83,1.4824,1.0168,1.0454,1.1934,STRONG_DOWN,28.26,84.75,57.1,-12.72,53.82,35.27,1.232,MED,-,256.6425,254.7878,221.9812,1,129.3274,TREND+LEAD,31.5587
258,80,CMP,COMPASS MINERALS INTERNATIONAL INC,Materials,,small,24.99,2.0233,1.036,1.0632,1.1446,STRONG_DOWN,31.39,152.17,68.28,-26.29,52.61,57.92,0.9087,LOW,-,23.058,23.7092,20.6446,1,138.2189,TREND+LEAD,31.5329
259,67,FER,Ferrovial,Industrials,"Military, Government, Technical",large,70.23,1.308,1.0157,1.0624,1.0606,FLAT,17.53,63.02,93.96,-17.13,52.21,30.13,1.0656,MED,-,64.5595,68.1918,61.5944,1,109.1962,TREND+LEAD,31.4654
260,-109,MPC,Marathon Petroleum,Energy,Oil & Gas Refining & Marketing,large,231.98,1.4467,0.9441,1.0767,1.3748,STRONG_DOWN,22.33,80.3,14.08,-18.33,59.04,36.88,0.9228,LOW,-,237.784,214.0658,187.2555,1,128.5563,TREND+LEAD,31.4594
261,136,GRAL,GRAIL INC,Health Care,,mid,50.78,1.6363,0.9183,1.0423,0.4987,FLAT,-19.17,103.94,271.74,-62.92,50.6,135.02,1.6816,HIGH,PROGRESS,49.0065,67.1676,66.2125,0,38.9509,WEAK,31.4467
262,-10,AIR,AAR CORP,Industrials,,mid,120.78,1.7886,1.0512,1.1141,1.3452,STRONG_DOWN,45.41,122.92,96.33,-15.71,55.02,48.02,0.7712,LOW,-,108.905,111.0214,88.5457,1,140.8425,TREND+LEAD,31.4311
263,-25,BG,Bunge Global,Consumer Staples,Agricultural Products & Services,large,127.15,1.4156,0.9604,1.0607,1.405,STRONG_DOWN,53.32,76.44,26.27,-15.39,49.0,27.79,0.9402,LOW,-,125.287,121.0614,95.3507,1,134.7731,TREND+LEAD,31.4157
264,8,OUST,OUSTER INC,Information Technology,,small,20.26,2.1938,1.0546,0.9048,0.802,STRONG_UP,-38.02,173.41,133.14,-55.15,50.2,84.47,0.7495,LOW,-,20.2135,20.1804,25.2343,0,103.0591,WEAK,31.3537
265,173,HCSG,HEALTHCARE SERVICES GROUP INC,Industrials,,small,19.2,1.5329,1.0426,0.9524,1.0173,FLAT,20.6,91.04,56.61,-19.88,51.81,43.86,1.7252,HIGH,-,19.1535,19.888,17.4462,1,107.5474,TREND+LEAD,31.2045
266,-18,DELL,Dell Technologies,Information Technology,"Technology Hardware, Storage & Peripherals",large,185.47,1.8004,1.0614,1.2885,1.5783,STRONG_DOWN,23.91,124.39,54.97,-32.34,52.61,66.45,0.7367,LOW,-,165.2055,142.0094,134.6211,1,98.4816,TREND+LEAD,31.1904
267,-90,PUMP,PROPETRO HOLDING CORP,Energy,,small,13.84,1.9724,0.9937,1.1333,1.5123,STRONG_DOWN,154.41,145.83,64.96,-32.74,48.59,54.44,0.7769,LOW,-,14.317,12.723,8.6531,1,130.1558,TREND+LEAD,31.1835
268,41,ODC,OIL DRI CORPORATION OF AMERICA,Consumer Staples,,small,71.05,1.3207,1.0452,1.0972,1.4793,STRONG_DOWN,16.43,64.61,106.8,-32.73,57.03,28.09,0.8418,LOW,-,64.1155,63.9338,58.9041,1,131.169,TREND+LEAD,31.1477
269,84,TRST,TRUSTCO BANK CORP,Financials,,small,46.2,1.3223,1.0164,1.053,1.1566,STRONG_DOWN,27.92,64.8,82.99,-14.11,55.42,27.1,1.0091,MED,-,43.6085,44.0175,39.3198,1,132.5248,TREND+LEAD,31.1404
270,41,ACMR,ACM RESEARCH CLASS A INC,Information Technology,,mid,46.14,1.8382,1.1053,0.9591,0.9861,FLAT,14.04,129.1,55.04,-46.34,57.03,83.86,0.9656,LOW,-,43.8092,52.8779,39.4441,1,87.7935,TREND+LEAD,31.0926
271,-65,PH,Parker Hannifin,Industrials,Industrial Machinery & Supplies & Components,large,966.05,1.3123,1.0169,1.0155,1.0839,FLAT,29.21,63.56,75.51,-15.79,56.63,28.43,0.8405,LOW,-,907.3025,950.134,827.9427,1,126.6067,TREND+LEAD,31.0121
272,-25,NHC,NATIONAL HEALTHCARE CORP,Health Care,,mid,172.37,1.5064,1.0576,1.0968,1.3344,STRONG_DOWN,47.57,87.75,97.91,-13.13,54.22,33.29,0.9056,LOW,-,160.995,159.5304,128.958,1,142.921,TREND+LEAD,30.9748
273,3,NUVB,NUVATION BIO INC CLASS A,Health Care,,small,4.53,2.0305,0.9736,0.9649,0.5213,STRONG_UP,23.77,153.07,40.25,-57.55,52.21,81.32,0.3444,LOW,-,4.3745,5.0156,4.7245,0,98.2775,WEAK,30.8699
274,-115,PSX,Phillips 66,Energy,Oil & Gas Refining & Marketing,large,168.0,1.355,0.9271,1.0328,1.2497,STRONG_DOWN,29.05,68.88,8.94,-11.92,55.42,31.64,1.215,MED,-,177.12,163.5308,138.0997,1,120.654,TREND+LEAD,30.7285
275,-6,RTX,RTX Corporation,Industrials,Aerospace & Defense,large,203.48,1.2927,1.0129,0.982,1.1182,FLAT,21.09,61.11,108.12,-11.99,57.43,26.46,0.5614,LOW,-,198.2415,200.2355,174.2362,1,132.6382,TREND+LEAD,30.7281
276,-83,SITM,SITIME CORP,Information Technology,,mid,394.92,2.1139,1.0803,1.1104,1.1722,STRONG_DOWN,30.77,163.46,359.1,-29.39,55.02,77.92,0.8408,LOW,-,345.9185,372.9692,302.2579,1,115.4175,TREND+LEAD,30.6941
277,47,KLIC,KULICKE AND SOFFA INDUSTRIES INC,Information Technology,,mid,72.36,1.8414,1.0582,1.1078,1.3677,STRONG_DOWN,82.05,129.5,51.31,-17.99,55.82,62.45,1.2521,MED,-,65.8304,66.2419,47.1829,1,115.7488,TREND+LEAD,30.6229
278,-5,PHIN,PHINIA INC,Consumer Discretionary,,mid,72.76,1.4576,1.013,1.0955,1.1213,STRONG_DOWN,35.56,81.66,,-20.37,54.62,34.26,0.5234,LOW,-,66.475,70.1072,58.896,1,130.1867,TREND+LEAD,30.6191
279,1,MCY,MERCURY GENERAL CORP,Financials,,mid,92.98,1.4294,1.0386,1.047,1.0624,STRONG_DOWN,9.4,78.15,89.8,-12.87,55.82,30.95,0.5972,LOW,-,88.4846,89.2706,82.3427,1,140.9526,TREND+LEAD,30.5301
280,35,CSX,CSX Corporation,Industrials,Rail Transportation,large,42.14,1.1977,0.9856,1.029,1.2271,STRONG_DOWN,17.91,49.27,20.74,-11.89,57.83,23.8,1.1384,MED,-,40.0185,40.4027,36.1442,1,119.7252,TREND+LEAD,30.4764
281,0,WELL,Welltower,Real Estate,Health Care REITs,large,204.7,1.1801,0.9977,0.9845,1.1257,FLAT,19.21,47.08,131.06,-12.61,60.24,21.87,0.6339,LOW,-,201.748,201.3459,181.312,1,129.6739,TREND+LEAD,30.3925
282,35,BKR,Baker Hughes,Energy,Oil & Gas Equipment & Services,large,63.16,1.3343,1.0146,1.0633,1.3205,STRONG_DOWN,31.12,66.3,92.88,-16.86,57.83,35.26,1.1016,MED,-,60.082,60.2825,49.3182,1,108.731,TREND+LEAD,30.3337
283,6,HAS,Hasbro,Consumer Discretionary,Leisure Products,large,93.85,1.4135,1.0178,0.9862,1.1047,FLAT,27.46,76.17,77.16,-15.8,53.41,33.23,0.7647,LOW,-,91.837,94.9881,81.8758,1,122.4303,TREND+LEAD,30.2804
284,-7,LUNR,INTUITIVE MACHINES INC CLASS A,Industrials,,mid,23.39,2.2395,1.1201,1.3216,1.2779,FLAT,98.39,179.12,360.43,-41.88,52.61,131.03,1.4542,MED,-,19.442,18.566,13.4569,1,71.9174,TREND+LEAD,30.19
285,-44,VAL,VALARIS LTD,Energy,,mid,99.97,2.4102,1.0054,1.0964,1.9797,STRONG_DOWN,91.29,200.39,37.43,-18.85,55.02,86.57,0.4619,LOW,-,96.763,87.6614,60.2653,1,127.3593,TREND+LEAD,30.1308
286,-32,KGS,KODIAK GAS SERVICES INC,Energy,,mid,60.23,1.5139,1.0083,1.0653,1.7226,STRONG_DOWN,78.57,88.68,142.92,-15.95,57.03,37.81,0.4351,LOW,-,57.4185,52.9576,38.8488,1,133.7583,TREND+LEAD,30.1155
287,54,RMBS,RAMBUS INC,Information Technology,,large,101.43,1.5564,1.093,1.1308,1.1259,FLAT,4.74,93.98,64.95,-36.69,53.01,79.8,1.1084,MED,-,91.982,97.8992,90.8076,1,62.4268,TREND+LEAD,30.0674
288,60,CVI,CVR ENERGY INC,Energy,,mid,32.68,1.4915,1.0024,1.2693,1.4499,STRONG_DOWN,-10.32,85.89,-3.86,-48.21,50.6,63.29,1.0526,MED,-,32.0035,26.9696,29.9271,1,68.671,TREND+LEAD,30.0468
289,-14,BBIO,BRIDGEBIO PHARMA INC,Health Care,,large,74.14,1.8092,0.9652,0.9966,1.0155,STRONG_DOWN,36.74,125.49,160.78,-20.25,53.01,57.58,0.5079,LOW,-,71.0535,71.1828,61.8705,1,115.527,TREND+LEAD,29.9137
290,29,GRDN,GUARDIAN PHARMACY SERVICES INC CLA,Health Care,,mid,40.03,1.4946,1.0314,1.1884,1.3149,STRONG_DOWN,68.62,86.27,150.19,-25.83,55.42,47.22,1.3163,MED,-,35.9725,34.0648,28.2385,1,101.2544,TREND+LEAD,29.8992
291,15,AMRX,AMNEAL PHARMACEUTICALS INC CLASS A,Health Care,,mid,12.71,1.3725,0.9693,0.9511,0.9751,FLAT,22.68,71.06,,-22.12,53.82,32.32,0.6645,LOW,-,12.2348,13.4087,11.1838,1,118.3362,TREND+LEAD,29.8131
292,158,USAR,USA RARE EARTH INC CLASS A,Materials,,mid,16.78,1.8268,1.0989,0.8197,0.993,FLAT,-40.64,127.68,60.11,-69.23,45.78,112.59,0.8063,LOW,EARLY,17.0377,19.2486,17.3359,0,51.9156,WEAK,29.8086
293,15,THR,THERMON GROUP HOLDINGS INC,Industrials,,small,52.48,1.6578,0.9824,1.1277,1.4064,STRONG_DOWN,98.64,106.61,62.68,-21.01,55.42,43.91,0.6194,LOW,-,49.6085,49.0692,35.4391,1,134.5606,TREND+LEAD,29.7853
294,67,AEO,AMERICAN EAGLE OUTFITTERS INC,Consumer Discretionary,,mid,18.31,1.3527,1.0247,0.975,0.6887,STRONG_UP,19.81,68.59,-20.16,-42.74,49.4,51.81,1.1385,MED,-,17.1115,20.7904,18.1747,1,65.4003,TREND+LEAD,29.6704
295,-58,SEZL,SEZZLE INC,Financials,,mid,69.49,1.4615,1.0574,0.9989,0.933,STRONG_UP,-15.97,82.15,475.25,-72.02,52.61,102.64,0.8589,LOW,SHIFT,66.6815,67.0616,85.8292,0,42.1072,WEAK,29.5939
296,-38,SRE,Sempra,Utilities,Multi-Utilities,large,98.88,1.2012,0.9839,1.0699,1.1729,STRONG_DOWN,6.69,49.71,46.72,-8.81,57.43,20.78,0.5743,LOW,-,95.5979,92.6995,86.5495,1,137.3974,TREND+LEAD,29.499
297,87,ORA,ORMAT TECH INC,Utilities,,mid,113.48,1.3178,0.9679,1.0228,0.9925,FLAT,8.5,64.24,72.9,-20.05,57.83,36.02,1.148,MED,-,110.3835,114.8789,104.4503,1,103.1317,TREND+LEAD,29.4766
298,-47,RL,Ralph Lauren Corporation,Consumer Discretionary,"Apparel, Accessories & Luxury Goods",large,375.4,1.4624,1.0308,1.0863,1.061,FLAT,16.2,82.27,127.46,-14.94,53.01,36.67,0.9154,LOW,-,341.9465,351.9326,328.2242,1,118.9264,TREND+LEAD,29.3584
299,-21,FCX,Freeport-McMoRan,Materials,Copper,large,65.1,1.5697,1.031,1.0422,1.1962,STRONG_DOWN,60.96,95.63,30.32,-24.9,56.63,52.34,0.7923,LOW,-,57.8905,61.3604,48.854,1,103.4685,TREND+LEAD,29.3423
300,-3,MRVL,Marvell Technology,Technology,Semiconductors,large,114.45,1.5114,1.0396,1.2255,1.3766,STRONG_DOWN,31.78,88.37,57.05,-26.36,51.41,63.87,1.593,HIGH,-,96.0475,86.713,82.134,1,71.133,TREND+LEAD,29.302
301,108,EYE,NATIONAL VISION HOLDINGS INC,Consumer Discretionary,,small,25.72,1.7342,1.0422,0.9343,0.9877,FLAT,-7.48,116.13,24.73,-19.77,52.21,51.91,1.1392,MED,-,26.258,26.9018,26.0563,0,116.8056,WEAK,29.3018
302,-14,GNK,GENCO SHIPPING AND TRADING LTD,Industrials,,small,24.32,1.644,1.0152,1.1212,1.3414,STRONG_DOWN,45.73,104.9,36.47,-19.16,54.22,42.55,0.5979,LOW,-,22.3775,22.0165,17.9699,1,133.6723,TREND+LEAD,29.2754
303,-4,KEYS,Keysight Technologies,Information Technology,Electronic Equipment & Instruments,large,318.33,1.7924,1.0646,1.1137,1.5252,STRONG_DOWN,87.18,123.39,98.89,-14.0,59.04,58.65,0.8178,LOW,-,287.8755,267.8262,201.4937,1,124.21,TREND+LEAD,29.2734
304,-9,LAUR,LAUREATE EDUCATION INC,Consumer Discretionary,,mid,35.39,1.4517,0.974,1.0362,1.042,STRONG_DOWN,20.25,80.93,138.48,-11.95,56.63,33.92,0.9191,LOW,-,34.2835,34.0434,30.258,1,135.1148,TREND+LEAD,29.2482
305,-39,WAB,Wabtec,Industrials,Construction Machinery & Heavy Transportation Equipment,large,269.66,1.2367,1.0209,1.0918,1.2679,STRONG_DOWN,36.66,54.13,84.16,-13.29,53.01,25.89,1.1839,MED,-,245.5245,248.4197,214.8898,1,110.8415,TREND+LEAD,29.2309
306,-5,GRC,GORMAN-RUPP,Industrials,,small,67.3,1.6066,1.0188,1.1022,1.4041,STRONG_DOWN,46.73,100.23,81.19,-14.39,55.82,40.55,0.6024,LOW,-,61.7725,62.0752,48.6814,1,137.9804,TREND+LEAD,29.1899
307,33,CHRW,C.H. Robinson,Industrials,Air Freight & Logistics,large,172.42,1.5332,0.9918,0.9795,1.0556,FLAT,29.83,91.09,147.06,-19.18,54.22,45.55,0.6882,LOW,-,169.0215,179.5895,145.5657,1,108.4294,TREND+LEAD,29.038
308,5,IESC,IES INC,Industrials,,mid,523.01,2.2125,1.0477,1.1653,1.3603,STRONG_DOWN,32.19,175.75,316.64,-21.8,52.61,78.97,0.8296,LOW,-,467.3145,470.8928,399.565,1,117.0833,TREND+LEAD,28.9672
309,-7,RGTI,RIGETTI COMPUTING INC,Information Technology,,mid,14.53,1.2416,1.0432,0.8544,0.5863,STRONG_UP,-66.91,54.74,976.3,-77.1,48.19,83.07,0.8379,LOW,EARLY,14.9525,16.4143,22.4534,0,31.7549,WEAK,28.9637
310,34,MRK,Merck & Co.,Health Care,Pharmaceuticals,large,123.18,1.2505,0.988,1.0587,1.1624,STRONG_DOWN,42.85,55.85,3.73,-13.77,53.41,24.0,0.6305,LOW,-,117.6372,117.4469,95.7069,1,124.284,TREND+LEAD,28.9101
311,12,ON,ON Semiconductor,Information Technology,Semiconductors,large,68.38,1.3996,1.0656,1.1464,1.124,FLAT,41.96,74.44,-3.61,-28.1,50.2,50.26,1.1431,MED,-,60.8765,63.5522,55.6002,1,74.3499,TREND+LEAD,28.9097
312,0,KN,KNOWLES CORP,Information Technology,,mid,27.3,1.4525,1.0092,1.0758,1.2321,STRONG_DOWN,16.72,81.03,67.79,-15.32,54.22,39.16,1.2956,MED,-,25.501,25.9588,22.7577,1,112.1984,TREND+LEAD,28.902
313,-13,WT,WISDOMTREE INC,Financials,,mid,15.56,1.4884,1.0423,0.9496,1.2041,FLAT,15.34,85.51,,-26.67,55.02,44.42,0.7672,LOW,-,14.5585,15.7684,13.5164,1,105.911,TREND+LEAD,28.8679
314,29,AXSM,AXSOME THERAPEUTICS INC,Health Care,,mid,173.19,1.3668,0.9772,1.0401,1.0322,FLAT,45.98,70.35,138.42,-18.5,54.62,32.51,0.7728,LOW,-,162.1115,170.961,140.7624,1,118.1869,TREND+LEAD,28.8135
315,-3,PTCT,PTC THERAPEUTICS INC,Health Care,,mid,71.26,1.3375,1.0047,1.0383,0.9385,FLAT,11.51,66.69,158.19,-27.55,55.02,35.09,0.7267,LOW,-,66.8962,68.9871,64.7343,1,104.5679,TREND+LEAD,28.796
316,95,ROG,ROGERS CORP,Information Technology,,small,114.06,1.478,1.0426,1.0795,1.2463,STRONG_DOWN,38.44,84.21,-4.3,-14.91,53.01,37.37,1.3369,MED,-,105.1315,105.3148,87.4389,1,119.4469,TREND+LEAD,28.7383
317,100,URGN,UROGEN PHARMA LTD,Health Care,,small,19.1,1.5173,0.9775,0.981,0.8397,FLAT,13.42,89.11,42.86,-66.24,47.39,62.08,1.0345,MED,-,18.2355,19.6774,19.681,0,68.0231,WEAK,28.683
318,-55,PLTR,Palantir Technologies,Information Technology,Application Software,large,140.76,1.2275,0.9314,0.9304,0.7882,STRONG_UP,-22.73,52.98,517.1,-37.81,55.02,54.06,1.3035,MED,EARLY,150.086,145.6244,164.2813,0,53.9242,WEAK,28.671
319,-93,NPO,ENPRO INC,Industrials,,mid,273.8,1.4255,1.044,1.0735,1.2582,STRONG_DOWN,22.88,77.66,67.6,-13.45,55.42,37.91,1.1302,MED,-,251.705,256.5642,227.8624,1,113.5366,TREND+LEAD,28.6072
320,14,FE,FirstEnergy,Utilities,Electric Utilities,large,51.4,1.0899,0.9776,1.0136,1.1847,STRONG_DOWN,12.91,35.84,45.01,-7.73,57.03,15.19,0.45,LOW,-,50.4385,49.5352,45.0285,1,134.5566,TREND+LEAD,28.5453
321,-39,MS,Morgan Stanley,Financials,Investment Banking & Brokerage,large,176.02,1.2983,1.0267,1.0939,0.9744,FLAT,14.17,61.81,98.5,-18.83,59.44,34.51,0.8518,LOW,-,162.2995,168.9798,160.5768,1,106.4644,TREND+LEAD,28.4999
322,-32,RSI,RUSH STREET INTERACTIVE INC CLASS,Consumer Discretionary,,mid,22.21,1.5336,0.9812,1.0677,1.22,STRONG_DOWN,23.59,91.14,208.9,-29.47,52.21,45.46,0.4353,LOW,-,21.35,19.5782,18.7804,1,104.668,TREND+LEAD,28.4951
323,5,CYTK,CYTOKINETICS INC,Health Care,,mid,65.77,1.414,0.9571,1.0234,1.0227,FLAT,9.31,76.23,-12.37,-30.48,52.61,40.88,0.9065,LOW,-,63.062,63.8118,55.1173,1,98.1066,TREND+LEAD,28.4367
324,-28,LHX,L3Harris,Industrials,Aerospace & Defense,large,361.97,1.3781,0.9913,0.9997,1.1929,STRONG_DOWN,21.0,71.76,82.26,-10.86,55.02,31.11,0.7366,LOW,-,355.6025,354.0293,301.1298,1,126.9146,TREND+LEAD,28.4077
325,-79,IDXX,Idexx Laboratories,Health Care,Health Care Equipment,large,591.84,1.1958,1.0159,0.9873,0.8426,STRONG_UP,-5.65,49.04,13.86,-27.34,52.61,28.83,0.8467,LOW,PROGRESS,575.3225,615.0644,638.0353,0,89.4909,WEAK,28.4008
326,-52,KW,KENNEDY WILSON HOLDINGS INC,Real Estate,,small,10.86,1.2736,0.972,1.0119,1.1283,STRONG_DOWN,41.79,58.74,35.32,-17.27,49.4,22.08,0.5941,LOW,-,10.7992,10.4893,8.8716,1,131.4093,TREND+LEAD,28.3183
327,-13,HCC,WARRIOR MET COAL INC,Materials,,mid,89.36,1.6138,0.9425,1.1076,0.9909,FLAT,40.53,101.13,50.55,-24.41,51.81,49.78,0.9908,LOW,-,90.8835,88.2127,73.3315,1,105.2529,TREND+LEAD,28.1666
328,-6,DAVE,DAVE INC CLASS A,Financials,,mid,178.38,1.6395,0.9968,0.7908,0.773,STRONG_UP,-12.08,104.33,395.5,-44.67,53.82,75.31,0.9919,LOW,EARLY,192.9465,187.7344,208.6311,0,74.559,WEAK,28.1415
329,28,CMPR,CIMPRESS PLC,Industrials,,small,78.0,1.4064,1.0211,1.0958,1.1381,STRONG_DOWN,23.77,75.28,-19.4,-17.5,50.6,37.82,1.5442,HIGH,-,72.5395,73.4742,65.4436,1,100.7196,TREND+LEAD,27.9961
330,40,UNFI,UNITED NATURAL FOODS INC,Consumer Staples,,mid,46.58,1.4843,1.0073,1.235,1.423,STRONG_DOWN,10.67,84.99,342.36,-32.49,51.41,44.84,0.8023,LOW,-,42.6475,40.3056,34.1428,1,97.4406,TREND+LEAD,27.9803
331,59,INCY,Incyte,Health Care,Biotechnology,large,95.89,1.3071,0.9856,0.9976,0.8822,FLAT,10.0,62.91,73.4,-18.33,55.42,33.29,0.6143,LOW,-,92.87,97.6822,91.1183,1,104.7336,TREND+LEAD,27.9761
332,22,TEL,TE Connectivity,Information Technology,Electronic Manufacturing Services,large,223.03,1.3516,1.0213,1.0978,0.9913,FLAT,0.74,68.45,55.13,-21.11,59.44,41.19,0.6838,LOW,-,204.766,215.8403,215.0935,1,98.7834,TREND+LEAD,27.962
333,146,ASTE,ASTEC INDUSTRIES INC,Industrials,,small,58.95,1.4382,1.0172,1.0176,1.3004,STRONG_DOWN,24.72,79.25,37.4,-21.86,51.0,42.09,1.8822,HIGH,-,53.7665,55.608,47.3977,1,96.0279,TREND+LEAD,27.945
334,-4,CAH,Cardinal Health,Health Care,Health Care Distributors,large,215.13,1.3381,0.9835,0.9926,1.0588,STRONG_DOWN,38.01,66.77,104.91,-12.88,57.83,32.13,0.5306,LOW,-,211.5958,217.0689,184.7177,1,120.1852,TREND+LEAD,27.931
335,-67,NDSN,Nordson Corporation,Industrials,Industrial Machinery & Supplies & Components,large,274.57,1.1927,0.9959,1.0098,1.108,STRONG_DOWN,19.72,48.65,3.03,-14.15,56.22,23.27,0.9391,LOW,-,266.5363,277.8872,241.3812,1,117.5341,TREND+LEAD,27.8313
336,10,GNRC,Generac,Industrials,Electrical Components & Equipment,large,202.93,1.4202,0.9882,0.9621,1.4552,FLAT,21.55,77.0,44.72,-32.77,54.62,56.55,0.7013,LOW,-,199.874,203.4258,175.3619,1,74.3716,TREND+LEAD,27.7529
337,-39,KEY,KeyCorp,Financials,Regional Banks,large,21.29,1.2303,1.0145,1.0764,1.0269,FLAT,18.09,53.34,50.62,-17.76,53.41,27.16,0.6094,LOW,-,19.761,20.7262,18.9757,1,104.8859,TREND+LEAD,27.7458
338,-31,ADM,Archer Daniels Midland,Consumer Staples,Agricultural Products & Services,large,71.72,1.3424,0.9606,1.0325,1.2562,STRONG_DOWN,15.87,67.3,20.6,-12.79,50.6,28.49,0.927,LOW,-,71.37,69.1513,61.12,1,119.5363,TREND+LEAD,27.7186
339,-36,TRVI,TREVI THERAPEUTICS INC,Health Care,,small,13.07,1.942,1.094,1.1103,1.1354,STRONG_DOWN,36.86,142.04,353.82,-29.5,50.6,62.98,0.7564,LOW,-,11.5045,11.4012,9.9947,1,114.1168,TREND+LEAD,27.7178
340,42,PLUG,PLUG POWER INC,Industrials,,mid,2.65,1.7572,1.1416,1.2488,1.1824,FLAT,-31.52,119.01,-18.46,-56.66,43.78,96.09,0.7411,LOW,-,2.3165,2.1544,2.1388,1,54.2219,TREND+LEAD,27.6806
341,26,MTRN,MATERION CORP,Materials,,mid,162.09,1.6607,1.0622,1.0972,1.2499,STRONG_DOWN,30.26,106.97,29.16,-20.73,54.62,51.86,0.5266,LOW,-,143.285,147.8633,123.4221,1,112.6682,TREND+LEAD,27.6541
342,53,ATO,Atmos Energy,Utilities,Gas Utilities,large,189.66,1.0448,0.9911,1.0329,1.1677,STRONG_DOWN,9.66,30.22,70.41,-7.2,60.64,14.08,0.4353,LOW,-,185.3,180.3656,168.7561,1,130.1347,TREND+LEAD,27.5708
343,82,EXTR,EXTREME NETWORKS INC,Information Technology,,mid,16.5,1.0781,1.0522,1.1559,1.04,FLAT,-17.71,34.36,43.35,-39.87,54.22,32.83,1.5049,HIGH,SHIFT,15.138,14.7282,17.7091,0,56.7548,WEAK,27.4908
344,111,PDFS,PDF SOLUTIONS INC,Information Technology,,small,36.95,1.5637,1.0723,1.1102,1.1728,STRONG_DOWN,45.42,94.88,11.16,-24.65,52.61,54.99,1.988,HIGH,-,33.5965,32.7644,27.3053,1,90.7773,TREND+LEAD,27.4902
345,28,SUPN,SUPERNUS PHARMACEUTICALS INC,Health Care,,mid,51.61,1.3038,0.9725,0.9607,1.0246,FLAT,7.36,62.5,62.65,-22.6,54.62,32.66,0.7114,LOW,-,50.2795,51.1802,46.1966,1,104.5239,TREND+LEAD,27.4329
346,-42,ROK,Rockwell Automation,Industrials,Electrical Components & Equipment,large,389.97,1.3105,1.0246,1.0415,0.9725,FLAT,14.1,63.32,40.63,-18.73,54.62,34.32,0.7459,LOW,-,361.682,385.8733,368.2869,1,100.7811,TREND+LEAD,27.4029
347,-66,HPE,Hewlett Packard Enterprise,Information Technology,"Technology Hardware, Storage & Peripherals",large,24.98,1.4172,1.0097,1.1903,1.1403,FLAT,1.53,76.63,46.08,-23.73,56.63,48.1,0.9161,LOW,-,23.1203,22.3053,22.291,1,90.2243,TREND+LEAD,27.3687
348,-56,GLDD,GREAT LAKES DREDGE AND DOCK CORP,Industrials,,small,17.0,1.5483,0.971,1.0019,1.3181,STRONG_DOWN,42.74,92.96,104.33,-14.74,50.61,36.8,0.0,LOW,-,16.9545,16.4526,13.1936,1,127.8487,TREND+LEAD,27.3561
349,173,SGHC,SUPER GROUP LTD,Consumer Discretionary,,mid,10.93,1.2675,0.9711,1.0055,1.0731,STRONG_DOWN,-17.74,57.98,256.17,-39.53,51.81,49.32,1.5204,HIGH,SHIFT,10.6534,10.1747,11.2578,0,60.9032,WEAK,27.2686
350,-45,NUE,Nucor,Materials,Steel,large,182.16,1.2846,1.0164,1.0714,1.1282,STRONG_DOWN,35.05,60.11,-5.96,-18.43,53.01,30.17,0.9614,LOW,-,166.1318,174.4376,153.7265,1,105.6092,TREND+LEAD,27.2379
351,-26,LVS,Las Vegas Sands,Consumer Discretionary,Casinos & Gaming,large,54.6,1.3258,0.9743,1.0043,0.9089,FLAT,6.39,65.24,8.34,-25.33,55.82,39.8,0.3676,LOW,PROGRESS,53.761,55.3277,56.0756,0,91.502,WEAK,27.2264
352,11,RUN,SUNRUN INC,Industrials,,mid,13.87,1.7307,0.9501,1.1404,0.8128,FLAT,-28.73,115.71,6.53,-55.02,52.21,102.78,0.761,LOW,PROGRESS,12.8855,15.7672,16.0566,0,58.777,WEAK,27.2217
353,7,GE,GE Aerospace,Industrials,Aerospace & Defense,large,308.06,1.3269,1.0202,0.9425,0.9697,FLAT,2.36,65.37,102.16,-20.85,57.43,39.48,0.9621,LOW,-,293.999,311.1072,293.8078,1,95.0928,TREND+LEAD,27.1749
354,42,LPG,DORIAN LPG LTD,Energy,,small,35.0,1.6282,1.0091,1.0114,1.3011,STRONG_DOWN,33.19,102.92,10.45,-24.99,51.41,45.49,0.5616,LOW,-,33.026,33.089,28.3271,1,116.3167,TREND+LEAD,27.1684
355,-100,HP,HELMERICH & PAYNE INC,Energy,,mid,35.36,1.3654,0.9923,1.0104,1.1931,STRONG_DOWN,51.52,70.18,-10.78,-29.23,50.6,36.23,0.867,LOW,-,35.7175,34.9295,25.8619,1,98.0106,TREND+LEAD,27.142
356,48,NWN,NORTHWEST NATURAL HOLDING COMPANY,Utilities,,mid,55.06,1.1434,0.9938,1.0656,1.2098,STRONG_DOWN,27.62,42.51,64.82,-9.85,59.04,19.76,0.5092,LOW,-,53.03,50.9662,45.2553,1,127.0155,TREND+LEAD,27.1067
357,-25,NEE,NextEra Energy,Utilities,Multi-Utilities,large,94.17,1.1513,0.9831,1.0277,1.2307,STRONG_DOWN,14.71,43.49,52.5,-10.75,56.22,20.36,0.5615,LOW,-,92.073,91.238,80.585,1,120.0891,TREND+LEAD,27.0486
358,-79,CTRI,CENTURI HOLDINGS INC,Industrials,,mid,32.08,1.4509,1.0239,1.064,1.2404,STRONG_DOWN,59.13,80.83,33.95,-16.44,51.41,35.71,0.4769,LOW,-,29.8905,29.9126,24.2605,1,116.3733,TREND+LEAD,27.0397
359,186,VECO,VEECO INSTRUMENTS INC,Information Technology,,mid,38.1,1.5597,1.0652,1.2091,1.172,FLAT,28.72,94.39,3.0,-20.27,51.41,62.7,1.7346,HIGH,-,33.3775,31.9766,28.3348,1,77.3919,TREND+LEAD,26.8961
360,-33,GVA,GRANITE CONSTRUCTION INC,Industrials,,mid,125.94,1.3085,0.998,1.0119,1.0747,STRONG_DOWN,19.17,63.08,127.96,-14.69,51.41,27.38,0.7005,LOW,-,120.8923,125.7341,110.9037,1,118.4394,TREND+LEAD,26.8752
361,39,MRNA,Moderna,Health Care,Biotechnology,large,52.1,1.5674,1.0094,0.9467,1.4768,FLAT,90.56,95.35,-53.32,-35.51,51.81,78.02,0.4546,LOW,-,51.692,49.1364,33.9093,1,63.3186,TREND+LEAD,26.7905
362,12,GM,General Motors,Consumer Discretionary,Automobile Manufacturers,large,76.74,1.3598,0.9912,1.0231,0.9553,FLAT,34.61,69.48,75.04,-16.0,54.22,36.79,0.6951,LOW,-,74.15,78.2065,67.7246,1,102.3992,TREND+LEAD,26.73
363,-21,NSSC,NAPCO SECURITY TECHNOLOGIES INC,Information Technology,,small,42.59,1.5841,1.0464,0.9838,1.0579,FLAT,-0.51,97.42,7.9,-19.47,54.22,46.41,0.8458,LOW,-,41.2085,42.3049,39.0202,1,113.8194,TREND+LEAD,26.6308
364,-13,XMTR,XOMETRY INC CLASS A,Industrials,,mid,44.37,1.6131,1.0292,1.0748,0.6614,FLAT,-16.6,101.04,140.88,-49.93,56.63,90.55,0.7414,LOW,PROGRESS,40.2715,48.7021,50.1943,0,63.1918,WEAK,26.629
365,-45,DAL,Delta Air Lines,Industrials,Passenger Airlines,large,68.08,1.2491,0.9762,1.1475,0.9692,FLAT,20.91,55.67,47.22,-22.9,50.2,45.36,1.6459,HIGH,-,64.488,66.3695,61.6979,1,61.6142,TREND+LEAD,26.6283
366,-2,IONQ,IONQ INC,Information Technology,,large,28.99,0.8821,1.0111,0.8246,0.5924,STRONG_UP,-63.41,9.94,245.12,-67.61,46.18,88.21,0.9511,LOW,EARLY,30.8355,34.021,46.626,0,5.2015,WEAK,26.6273
367,0,AROC,ARCHROCK INC,Energy,,mid,35.7,1.2594,1.0139,0.9874,1.4228,FLAT,48.9,56.96,85.77,-15.92,54.62,28.24,0.9423,LOW,-,35.5305,33.895,26.7646,1,110.1766,TREND+LEAD,26.6268
368,10,DLTR,Dollar Tree,Consumer Staples,Consumer Staples Merchandise Retail,large,105.62,1.1678,0.9418,0.9032,0.8167,STRONG_UP,24.2,45.54,-17.05,-27.42,51.81,36.48,1.1927,MED,EARLY,108.3765,117.2604,111.4751,0,64.6805,WEAK,26.6044
369,-22,USB,U.S. Bancorp,Financials,Diversified Banks,large,55.36,1.1782,1.0172,1.0756,1.037,FLAT,18.89,46.84,37.49,-16.21,54.62,25.29,0.7315,LOW,-,51.652,54.3325,49.3438,1,101.166,TREND+LEAD,26.5057
370,-87,NVDA,Nvidia,Information Technology,Semiconductors,large,182.08,1.2781,1.0042,0.9845,0.9795,STRONG_UP,-1.59,59.3,113.44,-20.21,54.22,36.73,0.8231,LOW,-,177.252,182.2218,180.3223,1,87.5311,TREND+LEAD,26.4326
371,9,BLX,BANCO LATINOAMERICANO DE COMERCIO,Financials,,small,53.35,1.2406,1.0033,1.1025,1.2775,STRONG_DOWN,20.97,54.61,93.88,-12.42,55.02,23.95,0.5911,LOW,-,50.1595,49.4019,45.1222,1,125.4628,TREND+LEAD,26.4107
372,92,AMR,ALPHA METALLURGICAL RESOURCE INC,Materials,,mid,199.24,1.3744,0.9737,1.1009,0.9121,FLAT,21.03,71.3,-38.24,-34.85,50.2,54.4,1.2421,MED,-,202.264,193.8822,169.7069,1,65.796,TREND+LEAD,26.4014
373,-37,GOLF,ACUSHNET HOLDINGS CORP,Consumer Discretionary,,mid,98.47,1.2895,1.0203,1.0299,1.1784,STRONG_DOWN,23.33,60.72,59.57,-13.29,51.0,26.29,0.5327,LOW,-,93.358,96.7899,83.9977,1,117.7819,TREND+LEAD,26.3666
374,80,EVRG,Evergy,Utilities,Electric Utilities,large,83.44,1.0661,0.9829,1.0174,1.1805,STRONG_DOWN,9.31,32.87,70.69,-8.01,61.04,16.5,0.4975,LOW,-,81.5435,80.4392,74.2601,1,121.5896,TREND+LEAD,26.3374
375,-54,IBKR,Interactive Brokers,Financials,Investment Banking & Brokerage,large,72.31,1.3663,1.0321,1.0546,1.0322,FLAT,4.51,70.29,163.37,-18.7,57.03,42.52,0.9956,LOW,-,67.4255,70.7225,66.5105,1,94.2786,TREND+LEAD,26.2685
376,-14,OII,OCEANEERING INTERNATIONAL INC,Energy,,mid,36.32,1.6118,1.0243,1.004,1.4388,FLAT,48.97,100.88,48.12,-15.27,51.0,54.82,1.3884,MED,-,35.4465,34.399,26.4577,1,93.855,TREND+LEAD,26.2655
377,42,PRDO,PERDOCEO EDUCATION CORP,Consumer Discretionary,,mid,36.71,1.1451,0.9428,1.0717,1.192,STRONG_DOWN,7.06,42.72,114.55,-27.22,52.21,27.27,1.073,MED,-,36.245,33.8826,32.1066,1,81.7925,TREND+LEAD,26.2175
378,-1,ACLS,AXCELIS TECHNOLOGIES INC,Information Technology,,mid,104.65,1.7171,1.062,1.2182,1.1449,FLAT,25.09,114.01,-3.9,-26.2,51.41,64.11,0.847,LOW,-,91.571,88.2814,84.1083,1,91.4235,TREND+LEAD,26.2033
379,-8,LIND,LINDBLAD EXPEDITIONS HOLDINGS INC,Consumer Discretionary,,small,18.89,1.7184,1.0344,1.0692,1.2828,STRONG_DOWN,54.08,114.17,134.08,-23.67,54.22,55.35,0.8879,LOW,-,17.487,18.3952,14.446,1,111.8414,TREND+LEAD,26.1911
380,-8,NTCT,NETSCOUT SYSTEMS INC,Information Technology,,mid,33.61,1.3148,1.0083,1.1103,1.233,STRONG_DOWN,29.42,63.87,62.68,-17.38,51.41,29.82,0.8161,LOW,-,31.4785,29.9162,26.6323,1,110.1148,TREND+LEAD,26.1059
381,333,NEOG,NEOGEN CORP,Health Care,,mid,10.34,1.6527,1.0673,1.0704,1.4253,STRONG_DOWN,84.97,105.98,-20.71,-29.65,53.82,74.93,1.1136,MED,-,9.222,10.0986,7.1096,1,76.1195,TREND+LEAD,26.081
382,21,PCVX,VAXCYTE INC,Health Care,,mid,60.1,1.5656,0.9958,1.0309,1.3274,STRONG_DOWN,43.54,95.13,-6.84,-20.6,49.0,44.58,0.9281,LOW,-,56.3675,56.8326,43.9517,1,104.5618,TREND+LEAD,26.0666
383,29,EVLV,EVOLV TECHNOLOGIES HOLDINGS INC CL,Information Technology,,small,6.11,1.4678,0.9838,1.1626,0.8779,FLAT,-17.65,82.93,31.97,-44.06,49.4,53.17,1.4988,MED,-,5.7058,5.6001,6.7321,0,77.0537,WEAK,26.0485
384,53,GNL,GLOBAL NET LEASE INC,Real Estate,,mid,9.55,1.1736,0.9775,1.0171,1.1165,STRONG_DOWN,24.85,46.26,60.01,-13.05,47.39,21.52,1.0867,MED,-,9.3895,9.5018,8.1403,1,101.8801,TREND+LEAD,25.95
385,-30,XOM,ExxonMobil,Energy,Integrated Oil & Gas,large,156.22,1.2254,0.9418,1.0536,1.3502,STRONG_DOWN,38.84,52.73,37.85,-8.89,57.83,29.65,1.367,MED,-,161.249,153.0604,123.1904,1,102.8444,TREND+LEAD,25.9141
386,-137,TALO,TALOS ENERGY INC,Energy,,mid,14.92,1.5752,0.9686,1.1519,1.4538,STRONG_DOWN,48.02,96.32,2.75,-18.0,54.62,56.63,1.0229,MED,-,15.129,13.6322,10.78,1,92.8972,TREND+LEAD,25.9109
387,-122,DVN,Devon Energy,Energy,Oil & Gas Exploration & Production,large,47.91,1.2693,0.9557,1.101,1.4213,STRONG_DOWN,38.53,58.19,-6.23,-14.19,52.61,33.15,1.2181,MED,-,48.8512,45.3027,36.9691,1,92.3551,TREND+LEAD,25.9059
388,147,ADPT,ADAPTIVE BIOTECHNOLOGIES CORP,Health Care,,mid,14.84,1.4209,0.9968,1.021,0.9024,FLAT,3.41,77.09,406.48,-39.35,50.2,68.72,1.084,MED,-,13.6795,15.3052,14.6843,1,56.3131,TREND+LEAD,25.878
389,56,VLY,VALLEY NATIONAL,Financials,,mid,12.96,1.2645,1.0098,1.0827,1.1025,STRONG_DOWN,21.91,57.59,78.1,-13.64,52.61,30.29,1.0531,MED,-,12.116,12.54,10.9481,1,100.0317,TREND+LEAD,25.8548
390,-196,PTEN,PATTERSON UTI ENERGY INC,Energy,,mid,10.33,1.3338,0.9674,1.0863,1.6087,STRONG_DOWN,78.73,66.23,-6.02,-20.42,53.01,45.1,2.0177,HIGH,-,10.667,9.2197,6.6768,1,77.8477,TREND+LEAD,25.8396
391,-106,TRGP,Targa Resources,Energy,Oil & Gas Storage & Transportation,large,244.0,1.1539,0.9661,1.0486,1.4291,STRONG_DOWN,48.31,43.81,122.74,-17.43,55.42,24.34,0.9857,LOW,-,243.324,230.4607,183.3551,1,99.759,TREND+LEAD,25.7879
392,18,BAC,Bank of America,Financials,Diversified Banks,large,51.88,1.1457,1.0206,1.0673,0.9539,FLAT,4.28,42.79,44.07,-17.93,58.23,26.64,0.6974,LOW,-,48.209,50.4942,50.4561,1,93.5333,TREND+LEAD,25.7689
393,56,AX,AXOS FINANCIAL INC,Financials,,mid,93.15,1.2184,1.0502,1.0832,1.0424,FLAT,11.18,51.86,80.8,-19.04,53.41,37.0,2.035,HIGH,-,85.054,90.4308,86.5121,1,74.8584,TREND+LEAD,25.7677
394,-29,BKE,BUCKLE INC,Consumer Discretionary,,mid,53.76,1.291,1.0251,1.0667,1.0802,STRONG_DOWN,1.33,60.89,63.01,-17.92,51.41,29.18,0.6814,LOW,-,50.277,51.101,51.0685,1,107.2862,TREND+LEAD,25.7318
395,-27,NTLA,INTELLIA THERAPEUTICS INC,Health Care,,small,13.87,1.5719,1.0131,1.0287,1.3929,STRONG_DOWN,-32.14,95.9,-46.82,-71.27,52.61,81.75,0.6378,LOW,-,13.053,13.0781,12.8515,1,61.7187,TREND+LEAD,25.6567
396,26,PSKY,Paramount Skydance Corporation,Communication Services,Movies & Entertainment,large,10.82,0.7918,1.1338,1.0518,0.8944,STRONG_UP,-41.02,-1.32,2.07,-55.05,46.99,65.48,1.5317,HIGH,SHIFT,9.4319,10.4337,13.5137,0,-0.9471,WEAK,25.6247
397,-64,ESPR,ESPERION THERAPEUTICS INC,Health Care,,small,2.33,1.7805,0.8653,0.8621,0.6173,STRONG_UP,-24.6,121.9,-16.49,-43.38,49.8,72.58,0.8263,LOW,-,2.5965,3.0176,2.7111,0,83.6437,WEAK,25.5513
398,128,ENSG,ENSIGN GROUP INC,Health Care,,large,204.79,1.2728,0.992,0.9762,1.1683,FLAT,16.11,58.63,71.59,-12.76,53.41,35.48,1.0532,MED,-,203.431,201.7919,177.6459,1,88.2574,TREND+LEAD,25.5241
399,83,TCBI,TEXAS CAPITAL BANCSHARES INC,Financials,,mid,100.42,1.2164,1.0158,1.0885,1.0707,FLAT,15.93,51.6,67.73,-14.21,57.03,31.86,1.2221,MED,-,93.9825,97.6928,89.9695,1,92.3654,TREND+LEAD,25.5128
400,53,SMP,STANDARD MOTOR PRODUCTS INC,Consumer Discretionary,,small,36.58,1.2937,0.9965,1.0056,1.0003,FLAT,-5.58,61.24,15.17,-22.56,51.81,33.05,1.004,MED,-,35.7495,39.2325,37.4216,0,96.0059,WEAK,25.4763
401,-32,TFC,Truist Financial,Financials,Diversified Banks,large,49.29,1.0911,1.0228,1.0555,1.0014,FLAT,11.43,35.99,39.13,-20.67,53.82,26.92,1.2101,MED,-,45.458,48.8654,45.9656,1,71.954,TREND+LEAD,25.341
402,44,WLDN,WILLDAN GROUP INC,Industrials,,small,80.83,1.6612,0.9917,0.9693,0.7195,STRONG_UP,-12.02,107.04,186.94,-44.29,55.42,72.9,0.6983,LOW,-,79.024,97.5868,97.8654,0,81.377,WEAK,25.3042
403,227,THFF,FIRST FINANCIAL CORPORATION CORP,Financials,,small,66.42,1.2229,1.0146,1.0822,1.1287,STRONG_DOWN,25.59,52.41,95.08,-13.18,51.0,28.73,2.2873,HIGH,-,62.0245,63.6107,58.099,1,93.0411,TREND+LEAD,25.2603
404,11,EBAY,eBay Inc.,Consumer Discretionary,Broadline Retail,large,96.79,1.271,1.0074,1.0642,1.0959,STRONG_DOWN,4.75,58.41,92.41,-20.67,56.63,36.77,0.9133,LOW,-,91.6125,89.4508,87.5406,1,89.9635,TREND+LEAD,25.2546
405,-24,WTS,WATTS WATER TECHNOLOGIES INC CLASS,Industrials,,mid,301.15,1.247,0.9962,0.9813,1.0895,FLAT,8.69,55.42,48.96,-15.45,50.2,26.94,0.5799,LOW,-,294.7,307.7978,280.9461,1,103.2611,TREND+LEAD,25.2098
406,105,CLDX,CELLDEX THERAPEUTICS INC,Health Care,,mid,32.41,1.5847,1.0049,1.0394,1.1877,STRONG_DOWN,23.61,97.5,-20.21,-24.23,48.19,68.34,1.7825,HIGH,-,30.7645,27.9798,25.5713,1,68.7533,TREND+LEAD,25.1807
407,161,CLSK,CLEANSPARK INC,Information Technology,,mid,9.88,1.039,1.111,1.0249,0.8425,STRONG_UP,-44.99,29.49,-35.55,-64.74,49.4,94.29,1.0533,MED,PROGRESS,9.399,9.9525,12.2053,0,15.4497,WEAK,25.1239
408,90,XPEL,XPEL INC,Consumer Discretionary,,small,44.73,1.2786,0.9697,1.1511,0.8659,FLAT,32.42,59.35,-24.38,-31.79,50.6,43.74,1.7715,HIGH,-,40.6997,45.6793,41.4981,1,68.6601,TREND+LEAD,25.1168
409,4,COIN,Coinbase,Financials,Financial Exchanges & Data,large,175.09,0.7933,0.981,0.8901,0.7243,STRONG_UP,-53.41,-1.13,-27.93,-66.39,45.38,84.25,0.789,LOW,EARLY,185.2915,181.2402,278.6725,0,-0.6083,WEAK,25.0953
410,-61,PLD,Prologis,Real Estate,Industrial REITs,large,137.41,1.1615,0.9989,1.0163,1.1104,STRONG_DOWN,20.37,44.76,16.45,-9.59,55.02,22.07,0.6554,LOW,-,131.6042,134.2723,120.6297,1,111.5869,TREND+LEAD,25.0944
411,31,ULTA,Ulta Beauty,Consumer Discretionary,Other Specialty Retail,large,532.82,1.1771,0.9624,0.8224,0.8271,FLAT,-4.3,46.71,17.15,-27.83,51.41,39.47,1.0729,MED,EARLY,537.0775,617.884,561.1735,0,60.8344,WEAK,24.9998
412,-37,LMND,LEMONADE INC,Financials,,mid,58.94,1.5859,0.9355,1.0623,0.7402,FLAT,7.05,97.65,248.55,-47.7,49.8,84.42,0.5683,LOW,EARLY,61.4425,63.9364,61.0263,0,57.606,WEAK,24.9478
413,-82,CVNA,Carvana,Consumer Discretionary,Automotive Retail,large,338.81,1.2332,1.0523,1.0618,0.7646,FLAT,-8.51,53.7,304.89,-41.21,57.03,64.9,0.6893,LOW,PROGRESS,305.4605,339.7578,364.1641,0,47.1856,WEAK,24.9356
414,54,MDGL,MADRIGAL PHARMACEUTICALS INC,Health Care,,large,519.75,1.3283,0.9508,1.1998,0.9423,FLAT,19.13,65.55,108.45,-29.36,48.59,48.21,0.9142,LOW,-,479.5835,468.5352,450.4972,1,66.0685,TREND+LEAD,24.9352
415,155,PATK,PATRICK INDUSTRIES INC,Consumer Discretionary,,mid,121.09,1.2105,1.0388,1.045,1.0939,STRONG_DOWN,22.42,50.87,64.28,-27.23,46.59,37.02,1.5017,HIGH,-,112.2645,123.2838,109.878,1,64.015,TREND+LEAD,24.9055
416,51,ZWS,ZURN ELKAY WATER SOLUTIONS CORP,Industrials,,mid,47.61,1.2776,1.0232,1.006,1.0511,FLAT,1.29,59.23,49.19,-17.02,51.41,30.79,0.5679,LOW,-,45.204,47.9038,45.4838,1,98.8962,TREND+LEAD,24.8726
417,24,NWPX,NWPX INFRASTRUCTURE INC,Industrials,,small,81.99,1.5611,0.9935,1.0812,1.3179,STRONG_DOWN,63.59,94.57,,-15.7,51.81,43.47,0.6427,LOW,-,75.938,74.7214,58.9656,1,112.7088,TREND+LEAD,24.8203
418,22,PII,POLARIS INC,Consumer Discretionary,,mid,55.38,1.2742,0.9813,1.0488,0.8231,FLAT,-11.32,58.81,-37.88,-30.71,48.59,41.16,1.0454,MED,PROGRESS,53.862,59.1441,58.9414,0,69.4257,WEAK,24.8193
419,-60,GDOT,GREEN DOT CORP CLASS A,Financials,,small,11.47,1.1921,0.9926,1.0007,0.9073,FLAT,-7.8,48.58,36.87,-30.95,48.59,27.9,1.3059,MED,-,11.1155,11.578,12.1297,0,84.5973,WEAK,24.7897
420,0,BNL,BROADSTONE NET LEASE INC,Real Estate,,mid,19.51,1.0898,1.0222,1.0395,1.1147,STRONG_DOWN,8.6,35.83,45.53,-8.34,55.42,21.66,4.7187,HIGH,-,18.6993,18.7439,17.3987,1,91.6664,TREND+LEAD,24.7861
421,127,BFC,BANK FIRST CORP,Financials,,small,141.1,1.1661,1.0045,1.0353,1.181,STRONG_DOWN,7.86,45.33,79.95,-14.17,52.61,26.64,1.6189,HIGH,-,134.522,138.784,128.1982,1,89.5204,TREND+LEAD,24.6901
422,-37,APP,AppLovin,Information Technology,Application Software,large,391.2,1.1416,0.9777,0.8186,0.6288,STRONG_UP,-38.09,42.28,411.24,-49.99,53.01,95.56,0.9764,LOW,EARLY,423.4645,438.1166,516.8321,0,23.4513,WEAK,24.6469
423,219,IDCC,INTERDIGITAL INC,Information Technology,,mid,344.96,1.346,1.0913,0.9423,1.1374,FLAT,1.63,67.75,260.89,-25.52,52.21,49.85,1.3087,MED,-,327.443,344.436,317.8628,1,70.9613,TREND+LEAD,24.6414
424,108,SPXC,SPX TECHNOLOGIES INC,Industrials,,mid,212.22,1.2588,1.0125,1.005,1.0379,FLAT,12.69,56.89,73.47,-23.15,54.62,41.66,1.318,MED,-,200.222,214.545,199.9052,1,74.5829,TREND+LEAD,24.6353
425,-86,PNC,PNC Financial Services,Financials,Diversified Banks,large,220.76,1.1457,1.0226,1.0686,1.0464,FLAT,15.83,42.8,46.99,-17.21,53.82,25.95,0.6732,LOW,-,206.0825,217.2872,200.4156,1,88.7589,TREND+LEAD,24.6106
426,-133,CTLP,CANTALOUPE INC,Financials,,small,10.77,1.087,0.9657,1.0169,1.022,STRONG_DOWN,1.41,35.47,67.76,-10.26,45.78,13.71,0.8969,LOW,-,10.6115,10.5184,10.704,1,118.446,TREND+LEAD,24.6068
427,152,IMKTA,INGLES MARKETS INC CLASS A,Consumer Staples,,small,94.13,1.1826,1.0114,1.1188,1.3942,STRONG_DOWN,32.81,47.39,29.44,-11.7,54.62,25.24,1.3935,MED,-,88.0825,85.5314,73.3217,1,102.5481,TREND+LEAD,24.5854
428,-45,NATL,NCR ATLEOS CORP,Financials,,mid,44.46,1.3989,0.9843,0.9968,1.1788,STRONG_DOWN,11.32,74.35,109.32,-15.31,55.02,39.28,0.8773,LOW,-,43.5465,42.3782,37.7243,1,104.1471,TREND+LEAD,24.543
429,-40,RF,Regions Financial Corporation,Financials,Regional Banks,large,27.47,1.1487,1.0109,1.0255,0.9913,FLAT,8.92,43.17,44.48,-18.45,55.82,28.09,0.6093,LOW,-,25.78,27.594,25.9394,1,85.7827,TREND+LEAD,24.5407
430,57,PLXS,PLEXUS CORP,Information Technology,,mid,219.13,1.4128,1.025,1.131,1.4375,STRONG_DOWN,51.77,76.08,123.31,-15.51,54.62,46.09,1.1173,MED,-,201.671,199.0502,157.4039,1,90.1589,TREND+LEAD,24.5353
431,-144,XPRO,EXPRO GROUP HOLDINGS NV,Energy,,small,17.11,1.6304,1.0206,1.0002,1.2371,FLAT,34.62,103.21,-13.54,-16.82,50.6,49.81,0.5297,LOW,-,17.0285,16.8528,13.4751,1,104.8435,TREND+LEAD,24.5264
432,-116,GLNG,GOLAR LNG LTD,Energy,,mid,54.87,1.2842,0.9913,1.2168,1.4625,STRONG_DOWN,43.81,60.05,130.52,-21.95,53.41,34.19,0.9065,LOW,-,51.3935,46.6339,41.149,1,93.804,TREND+LEAD,24.4081
433,-27,DHT,DHT HOLDINGS INC,Energy,,mid,18.35,1.5139,0.9821,0.984,1.4598,STRONG_DOWN,64.3,88.68,82.6,-15.22,52.21,44.79,0.9765,LOW,-,17.799,16.9414,13.1354,1,103.3691,TREND+LEAD,24.405
434,128,AMAL,AMALGAMATED FINANCIAL CORP,Financials,,small,41.5,1.2453,1.0293,1.0896,1.2648,STRONG_DOWN,53.28,55.21,86.98,-24.41,51.81,32.17,1.249,MED,-,38.525,39.1566,32.1269,1,88.9151,TREND+LEAD,24.404
435,90,HCA,HCA Healthcare,Health Care,Health Care Facilities,large,505.12,1.2052,1.0313,0.94,1.0934,FLAT,15.78,50.21,55.86,-14.17,56.63,30.59,0.674,LOW,-,495.654,510.5605,448.4342,1,92.9575,TREND+LEAD,24.324
436,124,FBNC,FIRST BANCORP,Financials,,mid,57.91,1.2393,0.9952,1.0469,1.1261,STRONG_DOWN,13.82,54.45,74.88,-16.25,49.4,30.34,1.3828,MED,-,54.6587,57.1942,52.2495,1,88.6619,TREND+LEAD,24.3192
437,80,LUV,Southwest Airlines,Industrials,Passenger Airlines,large,40.4,1.1583,1.0243,0.9466,0.968,FLAT,25.81,44.36,45.26,-33.49,54.62,59.18,1.1909,MED,-,39.2125,45.1286,37.048,1,40.946,TREND+LEAD,24.3089
438,-31,JOBY,JOBY AVIATION INC CLASS A,Industrials,,mid,8.63,1.1061,1.0115,0.8726,0.5646,STRONG_UP,-54.36,37.86,74.7,-61.06,49.0,61.6,0.7296,LOW,EARLY,9.0185,9.7988,13.6965,0,30.1154,WEAK,24.2843
439,-10,WTTR,SELECT WATER SOLUTIONS INC CLASS A,Energy,,mid,15.36,1.4896,0.9873,1.1063,1.4593,STRONG_DOWN,46.79,85.66,71.25,-20.45,51.41,46.38,0.7163,LOW,-,14.82,13.7473,10.9152,1,94.9483,TREND+LEAD,24.2833
440,70,NPK,NATIONAL PRESTO INDUSTRIES INC,Industrials,,small,143.55,1.3587,0.9806,0.9961,1.2938,STRONG_DOWN,24.66,69.34,80.31,-23.32,55.02,37.26,0.9563,LOW,-,136.3645,132.3775,112.3104,1,102.3953,TREND+LEAD,24.2736
441,17,DOW,Dow Inc.,Materials,Commodity Chemicals,large,39.28,1.1269,0.9357,1.1579,1.6303,STRONG_DOWN,79.27,40.45,-25.65,-32.02,47.39,50.67,1.7088,HIGH,-,38.7215,34.0317,26.294,1,37.8312,TREND+LEAD,24.2109
442,-63,AZZ,AZZ INC,Industrials,,mid,133.47,1.2818,1.0247,1.0579,1.2382,STRONG_DOWN,27.47,59.75,69.85,-18.16,52.61,31.95,0.7011,LOW,-,124.62,128.5553,112.9116,1,98.3902,TREND+LEAD,24.202
443,40,LYB,LyondellBasell,Materials,Specialty Chemicals,large,74.22,1.0875,0.9378,1.1301,1.7016,STRONG_DOWN,57.3,35.54,-17.73,-35.45,47.79,54.99,1.6002,HIGH,-,75.728,64.1982,52.6821,1,30.8866,TREND+LEAD,24.1751
444,-16,LCII,LCI INDUSTRIES,Consumer Discretionary,,mid,126.91,1.3014,1.0014,1.0115,1.024,STRONG_DOWN,45.15,62.19,16.23,-24.53,48.59,34.07,0.6612,LOW,-,122.5369,135.0083,111.7589,1,88.6967,TREND+LEAD,24.1497
445,97,DIOD,DIODES INC,Information Technology,,mid,78.6,1.5954,1.1054,1.2462,1.4873,STRONG_DOWN,54.03,98.84,,-27.44,51.81,73.16,1.3232,MED,-,68.4475,66.4596,55.9771,1,69.9933,TREND+LEAD,24.1441
446,35,MATX,MATSON INC,Industrials,,mid,172.49,1.299,1.0138,1.0992,1.3503,STRONG_DOWN,80.1,61.89,61.25,-25.28,54.62,38.78,0.9771,LOW,-,159.884,161.7421,123.12,1,87.1756,TREND+LEAD,24.1316
447,28,GOLD,GOLD INC,Consumer Discretionary,,small,45.76,1.6518,1.0608,0.9026,1.2331,FLAT,80.91,105.87,27.64,-40.58,53.41,72.11,0.894,LOW,-,43.8095,50.9549,33.1366,1,78.4181,TREND+LEAD,24.0815
448,-4,BLBD,BLUE BIRD CORP,Industrials,,small,61.27,1.4497,1.0109,1.1458,1.3245,STRONG_DOWN,14.82,80.68,67.77,-23.45,54.22,43.34,0.8685,LOW,-,55.8985,56.1488,52.645,1,100.939,TREND+LEAD,24.0685
449,12,JOE,ST JOE,Real Estate,,mid,67.52,1.2643,1.017,0.9556,1.1146,FLAT,43.86,57.57,16.67,-16.94,51.0,31.07,0.7239,LOW,-,65.7725,67.7082,57.3304,1,94.5027,TREND+LEAD,24.0505
450,-2,SHOO,STEVEN MADDEN LTD,Consumer Discretionary,,mid,37.21,1.384,1.0589,1.0822,0.865,FLAT,13.21,72.49,-4.28,-31.73,50.2,50.54,0.7754,LOW,-,33.524,36.2313,34.3857,1,72.006,TREND+LEAD,24.041
451,142,NTST,NETSTREIT CORP,Real Estate,,mid,19.77,1.1018,1.0128,0.9707,1.1632,FLAT,10.94,37.32,21.31,-11.24,53.82,22.37,1.1121,MED,-,19.3775,19.5568,18.1206,1,89.7876,TREND+LEAD,24.017
452,18,AORT,ARTIVION INC,Health Care,,small,36.06,1.2081,1.0232,1.0018,0.8143,STRONG_UP,-10.98,50.56,66.64,-29.77,52.21,40.22,1.754,HIGH,-,35.8305,37.5584,40.1362,0,65.6372,WEAK,23.9864
453,-10,LUMN,LUMEN TECHNOLOGIES INC,Communication,,mid,7.09,1.513,0.972,1.0572,0.9107,FLAT,2.6,88.56,385.62,-47.34,49.4,91.21,0.9519,LOW,-,6.7465,7.2958,6.7815,1,47.9668,TREND+LEAD,23.9793
454,2,AAP,ADVANCE AUTO PARTS INC,Consumer Discretionary,,mid,54.5,1.3368,0.9711,1.0661,1.353,STRONG_DOWN,-3.07,66.6,-27.53,-41.44,46.99,50.2,0.9106,LOW,-,51.7835,52.6182,52.634,1,62.3456,TREND+LEAD,23.9737
455,79,AEP,American Electric Power,Utilities,Electric Utilities,large,134.71,1.0913,0.9917,1.0171,1.2148,STRONG_DOWN,15.81,36.01,69.92,-8.32,53.41,17.79,0.6797,LOW,-,131.036,128.3021,116.0894,1,108.1065,TREND+LEAD,23.9647
456,93,HASI,HA SUSTAINABLE INFRASTRUCTURE CAPI,Financials,,mid,38.56,1.327,1.0062,1.0823,1.2306,STRONG_DOWN,28.47,65.39,51.91,-15.38,51.41,33.23,0.532,LOW,-,36.268,36.1011,30.7739,1,101.1607,TREND+LEAD,23.9596
457,-128,ELVN,ENLIVEN THERAPEUTICS INC,Health Care,,mid,42.93,2.0851,1.1011,1.4182,2.823,STRONG_DOWN,113.48,159.87,123.71,-36.84,50.6,120.59,0.8853,LOW,-,34.092,30.3874,22.9096,1,67.0807,TREND+LEAD,23.9522
458,128,BTDR,BITDEER TECHNOLOGIES GROUP CLASS A,Information Technology,,mid,10.36,0.9414,1.0751,1.3618,0.9165,FLAT,-49.73,17.33,52.13,-71.89,51.81,99.99,1.045,MED,SHIFT,8.6332,9.5244,13.425,0,8.9782,WEAK,23.95
459,121,LIF,LIFE360 INC,Information Technology,,mid,43.97,0.9637,1.0342,0.9471,0.6874,STRONG_UP,-58.53,20.1,62.85,-65.62,54.22,83.68,1.2979,MED,PROGRESS,40.8125,47.558,72.2031,0,13.0261,WEAK,23.9138
460,-108,KSS,KOHLS CORP,Consumer Discretionary,,small,13.51,1.4484,1.0167,0.9349,0.6722,STRONG_UP,-13.51,80.51,-37.46,-50.57,47.79,56.49,0.9446,LOW,-,12.8375,15.4779,15.7609,0,68.114,WEAK,23.8831
461,-10,OPLN,OPENLANE INC,Industrials,,mid,29.93,1.2686,0.9861,1.0551,0.9892,FLAT,9.55,58.11,73.11,-17.32,52.61,32.99,0.5422,LOW,-,27.9725,28.4394,27.6216,1,92.6676,TREND+LEAD,23.8392
462,-10,PLAB,PHOTRONICS INC,Information Technology,,mid,43.29,1.7923,1.0264,1.2682,1.2633,FLAT,85.95,123.37,49.02,-24.72,49.4,76.09,0.9281,LOW,-,38.323,37.331,27.7225,1,80.0987,TREND+LEAD,23.7809
463,152,DG,Dollar General,Consumer Staples,Consumer Staples Merchandise Retail,large,123.05,1.1655,1.0179,0.842,0.8723,FLAT,28.23,45.26,-16.41,-25.01,50.6,33.37,0.7359,LOW,-,124.7365,139.3166,120.1174,1,68.6354,TREND+LEAD,23.7763
464,-154,CC,CHEMOURS,Materials,,mid,21.43,1.4857,0.9652,1.2027,1.6765,STRONG_DOWN,43.77,85.17,-17.7,-39.78,52.61,71.07,0.952,LOW,-,20.002,18.687,14.8148,1,63.0452,TREND+LEAD,23.7688
465,73,EMR,Emerson Electric,Industrials,Electrical Components & Equipment,large,142.66,1.1143,1.0446,1.0173,1.0249,FLAT,9.38,38.88,29.24,-23.45,57.43,38.33,1.2252,MED,-,131.42,142.0861,136.4254,1,58.2561,TREND+LEAD,23.761
466,-50,JBHT,J.B. Hunt,Industrials,Cargo Ground Transportation,large,224.63,1.2864,1.0201,1.0396,1.1234,STRONG_DOWN,61.19,60.33,17.97,-15.87,49.8,32.82,0.8559,LOW,-,207.294,215.9568,175.1629,1,91.5388,TREND+LEAD,23.7556
467,47,WMB,Williams Companies,Energy,Oil & Gas Storage & Transportation,large,73.01,1.0723,0.9852,0.9949,1.2387,STRONG_DOWN,15.9,33.64,99.94,-12.36,54.22,21.32,1.0061,MED,-,73.2642,71.7383,62.079,1,85.5589,TREND+LEAD,23.7326
468,3,HTBK,HERITAGE COMMERCE CORP,Financials,,small,13.21,1.2781,1.0138,1.0986,1.1149,STRONG_DOWN,38.52,59.29,80.28,-13.47,52.61,28.5,0.7603,LOW,-,12.3385,12.6089,10.9043,1,109.442,TREND+LEAD,23.7111
469,89,KMI,Kinder Morgan,Energy,Oil & Gas Storage & Transportation,large,32.96,1.0509,0.9716,0.999,1.2539,STRONG_DOWN,20.16,30.98,95.8,-11.11,53.41,18.85,1.0569,MED,-,33.375,32.4839,28.2398,1,87.7806,TREND+LEAD,23.6581
470,80,MRCY,MERCURY SYSTEMS INC,Industrials,,mid,80.81,1.4535,1.0479,0.9293,0.9694,FLAT,-3.19,81.15,175.9,-32.19,56.22,66.74,0.929,LOW,-,77.3295,83.8264,73.7265,1,68.3567,TREND+LEAD,23.5936
471,34,MSTR,MicroStrategy,Technology,Computer Software,large,128.3,0.3468,1.0129,0.9257,0.8065,STRONG_UP,-60.93,-56.78,-10.97,-76.53,46.18,92.99,0.764,LOW,EARLY,133.435,134.1736,250.6437,0,-28.1981,WEAK,23.5864
472,-51,NRG,NRG Energy,Utilities,Independent Power Producers & Energy Traders,large,160.3,1.337,1.0365,1.0322,1.0985,FLAT,-0.86,66.64,127.48,-23.26,53.41,50.54,0.7142,LOW,-,151.404,158.466,158.7117,1,70.4237,TREND+LEAD,23.5705
473,34,FSBC,FIVE STAR BANCORP,Financials,,small,40.2,1.2572,1.0227,1.0744,1.1316,STRONG_DOWN,28.14,56.69,92.66,-13.07,49.8,25.84,0.9627,LOW,-,37.437,38.7935,34.4122,1,109.2483,TREND+LEAD,23.5696
474,-14,ALNY,Alnylam Pharmaceuticals,Health Care,Biotechnology,large,327.25,1.0793,0.9649,1.0141,0.788,FLAT,-28.79,34.52,109.91,-37.57,55.42,40.62,0.6932,LOW,SHIFT,319.4525,326.4274,393.4729,0,47.0992,WEAK,23.5261
475,-73,FLNG,FLEX LNG LTD,Energy,,small,30.17,1.2875,0.9981,1.007,1.2273,STRONG_DOWN,26.2,60.46,53.31,-11.05,54.22,29.61,,LOW,-,29.891,28.0567,24.8298,1,110.7122,TREND+LEAD,23.5228
476,-139,NSC,Norfolk Southern,Industrials,Rail Transportation,large,294.1,1.0845,0.9933,0.9843,1.0578,FLAT,0.32,35.17,21.08,-12.47,55.82,21.29,,LOW,-,286.828,299.2017,285.204,1,92.2007,TREND+LEAD,23.5143
477,-91,SYF,Synchrony Financial,Financials,Consumer Finance,large,71.97,1.1648,1.0211,1.0984,0.8408,FLAT,2.34,45.17,76.49,-27.61,55.42,37.51,0.6181,LOW,SHIFT,66.673,69.5936,73.0906,0,66.7364,WEAK,23.5135
478,13,MIR,MIRION TECHNOLOGIES INC CLASS A,Information Technology,,mid,20.14,1.1308,1.0462,0.9419,0.8397,STRONG_UP,-12.93,40.94,79.66,-41.78,53.41,52.94,1.0056,MED,PROGRESS,19.049,21.1864,22.891,0,41.3012,WEAK,23.4921
479,23,OMER,OMEROS CORP,Health Care,,small,11.51,1.4208,0.9235,0.9819,0.831,FLAT,159.23,77.08,235.57,-59.59,46.59,63.08,0.8452,LOW,-,10.9105,11.3424,7.9989,1,56.9279,TREND+LEAD,23.47
480,35,ETR,Entergy,Utilities,Electric Utilities,large,114.61,1.1735,0.9781,1.0929,1.2853,STRONG_DOWN,21.0,46.26,129.56,-6.73,54.22,23.19,0.7661,LOW,-,107.4285,103.987,93.6362,1,108.1561,TREND+LEAD,23.4454
481,-54,AMSC,AMERICAN SUPERCONDUCTOR CORP,Industrials,,small,33.02,1.4085,0.9803,1.1114,1.0924,FLAT,-41.61,75.54,152.06,-61.08,56.22,71.21,0.8534,LOW,-,31.657,31.6398,41.3182,0,59.6424,WEAK,23.408
482,34,NRIX,NURIX THERAPEUTICS INC,Health Care,,small,15.6,1.3038,0.9768,0.9802,0.8583,FLAT,58.7,62.5,-10.76,-37.48,44.98,50.78,1.6902,HIGH,-,15.281,15.848,13.7231,1,55.3614,TREND+LEAD,23.3949
483,53,REAL,THE REALREAL INC,Consumer Discretionary,,small,10.16,1.4985,1.0612,0.953,0.6283,STRONG_UP,-2.21,86.76,184.59,-51.95,50.2,68.58,,LOW,-,9.294,11.1782,10.7864,0,63.5111,WEAK,23.3472
484,129,HLF,HERBALIFE LTD,Consumer Staples,,small,15.06,1.6463,1.0144,0.9179,1.0759,FLAT,69.98,105.18,70.17,-30.41,47.39,58.84,0.847,LOW,-,14.8225,16.3832,11.9991,1,84.7101,TREND+LEAD,23.3268
485,21,FSS,FEDERAL SIGNAL CORP,Industrials,,mid,113.1,1.1911,0.9995,1.043,1.0131,FLAT,-4.08,48.45,34.89,-19.04,50.6,30.82,1.0559,MED,SHIFT,108.2337,112.0686,115.1409,0,79.5422,WEAK,23.3202
486,-81,ICHR,ICHOR HOLDINGS LTD,Information Technology,,small,52.67,2.022,1.0678,1.211,2.2694,STRONG_DOWN,181.21,152.01,32.3,-40.8,55.82,109.07,0.8442,LOW,-,46.9285,43.7396,25.665,1,77.7957,TREND+LEAD,23.2968
487,174,CCL,Carnival,Consumer Discretionary,"Hotels, Resorts & Cruise Lines",large,28.03,1.1522,1.0222,1.0684,0.8921,FLAT,-1.92,43.6,81.67,-29.3,52.21,58.87,1.9139,HIGH,PROGRESS,25.2145,28.4897,28.81,0,38.6657,WEAK,23.2646
488,2,CGEM,CULLINAN THERAPEUTICS INC,Health Care,,small,14.96,1.5409,1.0402,1.0024,1.3911,FLAT,153.99,92.04,-12.16,-36.67,51.0,60.38,0.7753,LOW,-,13.7985,13.614,9.747,1,77.7425,TREND+LEAD,23.1846
489,-5,CMC,COMMERCIAL METALS,Materials,,mid,64.31,1.1925,0.9947,0.9723,0.8985,STRONG_UP,11.81,48.63,13.33,-29.96,50.2,37.38,0.7682,LOW,-,61.5569,70.2833,62.4029,1,65.3023,TREND+LEAD,23.1705
490,31,FSLR,First Solar,Information Technology,Semiconductors,large,200.78,1.2427,0.9759,1.0141,0.8471,FLAT,-11.9,54.89,8.71,-35.1,51.0,56.48,0.5671,LOW,PROGRESS,195.091,210.4038,219.1114,0,49.5615,WEAK,23.1137
491,-13,AME,Ametek,Industrials,Electrical Components & Equipment,large,230.49,1.1562,1.0219,1.0191,1.1121,FLAT,27.45,44.1,28.88,-13.57,50.6,25.41,0.943,LOW,-,215.4586,224.4264,199.2764,1,87.8087,TREND+LEAD,23.1049
492,85,CBOE,Cboe Global Markets,Financials,Financial Exchanges & Data,large,296.95,1.1638,1.0269,1.039,1.1868,STRONG_DOWN,23.57,45.04,68.68,-10.32,54.62,24.83,0.922,LOW,-,285.9975,283.7339,255.0457,1,99.0814,TREND+LEAD,23.1036
493,78,CRVS,CORVUS PHARMACEUTICALS INC,Health Care,,small,14.88,4.0609,0.9995,0.8859,2.132,FLAT,116.59,406.12,812.88,-48.47,49.4,341.26,0.2045,LOW,-,14.5595,17.0495,9.5154,1,58.7893,TREND+LEAD,23.0133
494,-86,BKV,BKV CORP,Energy,,mid,27.4,1.2819,0.975,0.9458,1.068,FLAT,12.62,59.77,52.22,-19.71,54.22,38.45,0.7524,LOW,-,28.6755,29.5398,25.2629,1,84.2797,TREND+LEAD,22.9952
495,-32,EIX,Edison International,Utilities,Electric Utilities,large,74.35,1.1139,0.9794,1.045,1.2938,STRONG_DOWN,40.52,38.83,14.93,-17.73,56.22,26.15,0.9826,LOW,-,72.0615,70.19,58.6702,1,83.482,TREND+LEAD,22.9553
496,-31,BHE,BENCHMARK ELECTRONICS INC,Information Technology,,mid,60.51,1.3548,1.0238,1.117,1.3846,STRONG_DOWN,63.12,68.85,109.46,-15.0,55.82,40.1,0.7005,LOW,-,55.8323,56.0316,45.2124,1,95.8464,TREND+LEAD,22.9526
497,-83,NEXT,NEXTDECADE CORP,Energy,,mid,8.08,0.9409,1.067,1.4518,1.6374,STRONG_DOWN,8.6,17.27,35.12,-60.0,47.39,71.28,1.683,HIGH,-,7.237,6.1004,7.2012,1,11.4828,TREND_ONLY,22.9235
498,-18,ARQT,ARCUTIS BIOTHERAPEUTICS INC,Health Care,,mid,24.61,1.3553,0.9898,0.9998,0.8464,FLAT,19.64,68.91,97.04,-31.99,50.6,53.54,0.8275,LOW,-,22.8532,24.7296,22.0458,1,65.1248,TREND+LEAD,22.8632
499,1,FITB,Fifth Third Bancorp,Financials,Regional Banks,large,49.34,1.1449,1.0214,1.0675,1.03,FLAT,14.95,42.69,45.71,-21.21,53.41,32.16,0.6243,LOW,-,45.1707,48.653,44.7711,1,70.8911,TREND+LEAD,22.8304
500,-12,VTR,Ventas,Real Estate,Health Care REITs,large,84.05,1.0564,0.9934,0.9817,1.1369,FLAT,23.61,31.67,102.32,-10.89,52.21,18.02,0.9414,LOW,-,83.6413,83.1886,73.6704,1,91.7514,TREND+LEAD,22.8195
501,23,WYNN,Wynn Resorts,Consumer Discretionary,Casinos & Gaming,large,105.24,1.1237,0.9942,1.0234,0.922,FLAT,-14.01,40.05,0.86,-27.27,49.8,38.95,1.395,MED,PROGRESS,101.0595,106.3565,114.8369,0,51.2098,WEAK,22.8082
502,-16,AGIO,AGIOS PHARMACEUTICALS INC,Health Care,,mid,33.77,1.031,0.9574,1.1938,1.2037,STRONG_DOWN,-17.37,28.5,13.67,-50.89,53.01,43.82,1.2854,MED,SHIFT,30.3555,29.1124,33.7747,0,34.478,WEAK,22.8067
503,43,IBRX,IMMUNITYBIO INC,Health Care,,mid,6.98,2.154,0.9476,0.8705,3.2276,FLAT,179.2,168.46,13.31,-42.44,49.0,175.1,0.4263,LOW,-,7.8043,7.7724,3.8959,1,47.1423,TREND+LEAD,22.7919
504,-71,BOOT,BOOT BARN HOLDINGS INC,Consumer Discretionary,,mid,151.91,1.1755,1.026,0.8765,0.8098,STRONG_UP,-9.32,46.5,49.12,-35.01,49.8,48.3,1.2701,MED,EARLY,154.4635,174.532,178.4155,0,47.9482,WEAK,22.7767
505,-36,SRRK,SCHOLAR ROCK HOLDING CORP,Health Care,,mid,49.99,1.4823,0.9818,1.1152,1.1498,STRONG_DOWN,26.56,84.74,237.31,-34.86,49.0,64.11,0.8886,LOW,-,44.7195,45.4878,39.1473,1,64.7659,TREND+LEAD,22.7161
506,-118,HST,Host Hotels & Resorts,Real Estate,Hotel & Resort REITs,large,19.71,1.1741,1.0002,1.0338,1.1391,STRONG_DOWN,23.61,46.33,5.93,-9.48,49.8,26.82,1.1808,MED,-,18.906,19.1445,17.1427,1,86.0323,TREND+LEAD,22.6818
507,-14,KRYS,KRYSTAL BIOTECH INC,Health Care,,mid,264.22,1.2607,0.9892,1.011,1.091,STRONG_DOWN,44.37,57.12,46.98,-27.68,55.02,41.72,0.9625,LOW,-,254.2305,264.2086,207.1695,1,75.3349,TREND+LEAD,22.6347
508,66,MAR,Marriott International,Consumer Discretionary,"Hotels, Resorts & Cruise Lines",large,348.58,1.2097,1.0132,1.0682,1.1129,STRONG_DOWN,30.9,50.77,39.41,-12.65,49.8,31.88,1.0295,MED,-,326.1475,332.078,293.1913,1,79.3038,TREND+LEAD,22.6218
509,20,TMDX,TRANSMEDICS GROUP INC,Health Care,,mid,109.36,1.1636,1.0558,0.8349,0.8105,STRONG_UP,-5.05,45.02,17.3,-37.3,50.2,51.76,1.112,MED,EARLY,110.3843,125.8132,123.9312,0,43.6637,WEAK,22.6048
510,97,SR,SPIRE INC,Utilities,,mid,93.9,1.0518,1.0007,1.0403,1.1764,STRONG_DOWN,15.3,31.09,69.67,-9.46,57.83,17.49,0.745,LOW,-,91.3795,89.3139,81.5539,1,102.8115,TREND+LEAD,22.5927
511,56,NI,NiSource,Utilities,Multi-Utilities,large,48.1,1.0395,0.9941,1.0318,1.186,STRONG_DOWN,11.85,29.56,84.84,-9.14,57.03,17.07,0.6536,LOW,-,46.604,45.9892,42.664,1,98.7483,TREND+LEAD,22.5848
512,-3,EL,Estée Lauder Companies (The),Consumer Staples,Personal Care Products,large,71.44,1.0369,0.9793,0.7571,0.6925,STRONG_UP,-22.39,29.23,-50.04,-43.62,53.01,62.52,0.7585,LOW,EARLY,77.544,95.2372,94.307,0,24.7879,WEAK,22.5474
513,-82,ASO,ACADEMY SPORTS AND OUTDOORS INC,Consumer Discretionary,,mid,56.2,1.1422,0.9442,0.939,1.0078,FLAT,6.72,42.35,-6.25,-26.42,50.2,43.06,1.508,HIGH,-,54.7768,57.053,52.107,1,49.3733,TREND+LEAD,22.5193
514,-48,ENVA,ENOVA INTERNATIONAL INC,Financials,,mid,147.42,1.229,1.0438,1.0588,0.9184,FLAT,35.8,53.18,133.85,-24.75,55.42,39.86,0.5413,LOW,-,136.539,144.641,130.3156,1,73.9391,TREND+LEAD,22.4818
515,3,FISI,FINANCIAL INSTITUTIONS INC,Financials,,small,33.88,1.2341,1.0233,1.1121,1.1118,FLAT,26.44,53.8,108.04,-13.72,49.4,27.23,0.9781,LOW,-,31.29,32.1242,28.8411,1,97.609,TREND+LEAD,22.4775
516,36,CRNX,CRINETICS PHARMACEUTICALS INC,Health Care,,mid,39.96,1.1592,1.0591,1.0688,0.7621,FLAT,-5.98,44.47,-14.82,-40.33,46.99,54.41,1.0872,MED,-,36.4725,41.2899,39.95,1,38.4043,TREND+LEAD,22.4276
517,91,TARS,TARSUS PHARMACEUTICALS INC,Health Care,,mid,71.89,1.2575,0.9923,0.9835,0.9366,STRONG_UP,5.07,56.73,98.26,-26.34,51.0,43.6,0.8708,LOW,-,68.007,68.383,63.9317,1,66.3533,TREND+LEAD,22.4186
518,0,L,Loews Corporation,Financials,Multi-line Insurance,large,109.79,1.023,0.9979,1.0048,1.0598,STRONG_DOWN,6.73,27.5,46.84,-7.25,56.22,15.22,0.627,LOW,-,107.1505,108.1808,101.2536,1,101.5663,TREND+LEAD,22.3969
519,-83,CTRE,CARETRUST REIT INC,Real Estate,,mid,38.77,1.182,1.0121,0.9794,1.0702,FLAT,14.33,47.31,73.44,-12.25,57.43,29.46,0.682,LOW,-,37.9671,38.4425,34.894,1,92.2266,TREND+LEAD,22.3955
520,0,ALGT,ALLEGIANT TRAVEL,Industrials,,small,86.53,1.3792,1.009,1.0322,0.947,FLAT,39.29,71.89,32.31,-34.96,47.79,65.01,1.6456,HIGH,-,80.4195,91.7322,72.9808,1,52.8484,TREND+LEAD,22.3599
521,26,TCMD,TACTILE SYSTEMS TECHNOLOGY INC,Health Care,,small,24.14,1.4252,0.901,0.8579,0.807,STRONG_UP,62.67,77.63,54.94,-35.39,49.4,54.94,0.9877,LOW,-,26.3027,27.7047,20.5829,1,69.8025,TREND+LEAD,22.3587
522,125,UNIT,UNITI GROUP INC,Communication,,mid,10.52,1.1496,1.0187,1.2292,1.4443,STRONG_DOWN,75.04,43.28,12.59,-44.37,50.2,59.23,1.117,MED,-,8.5515,8.2108,7.1781,1,36.6829,TREND+LEAD,22.3227
523,-100,VSH,VISHAY INTERTECHNOLOGY INC,Information Technology,,mid,20.49,1.306,1.0788,1.1893,1.2941,STRONG_DOWN,35.04,62.77,-4.63,-33.46,53.41,51.77,0.9807,LOW,-,17.8495,18.5484,16.2403,1,64.7538,TREND+LEAD,22.2965
524,239,LGN,LEGENCE CORP CLASS A,Industrials,,mid,57.74,1.519,0.939,1.1227,1.2156,STRONG_DOWN,80.44,89.31,89.31,-19.79,56.34,75.25,7.6407,HIGH,-,53.7425,52.2422,,0,66.8679,WEAK,22.2543
525,163,BCRX,BIOCRYST PHARMACEUTICALS INC,Health Care,,mid,9.78,1.1591,1.0106,1.1166,1.2562,STRONG_DOWN,40.72,44.46,103.75,-44.24,44.98,54.4,1.2316,MED,-,9.3115,8.1458,7.8706,1,36.7619,TREND+LEAD,22.252
526,-3,SWX,SOUTHWEST GAS HOLDINGS INC,Utilities,,mid,90.92,1.073,1.007,1.0439,1.1577,STRONG_DOWN,17.21,33.73,29.08,-10.94,53.82,18.38,0.5361,LOW,-,87.257,86.3203,80.156,1,98.7567,TREND+LEAD,22.2358
527,-103,ARM,Arm Holdings,Technology,Semiconductors,large,148.91,1.1209,0.9308,1.234,1.3095,STRONG_DOWN,-6.55,39.7,17.43,-41.47,51.0,62.82,0.9293,LOW,-,137.616,127.1122,138.6174,1,32.2331,TREND+LEAD,22.2331
528,-66,SFL,SFL LTD,Energy,,small,11.07,1.2172,1.0094,1.0389,1.3948,STRONG_DOWN,52.9,51.71,2.37,-27.85,53.01,31.59,0.7119,LOW,-,10.5375,10.1322,8.5468,1,86.7673,TREND+LEAD,22.1943
529,63,SANM,SANMINA CORP,Information Technology,,mid,139.85,1.4425,1.0413,1.1248,0.9274,FLAT,11.33,79.78,135.91,-32.69,54.62,72.8,0.6358,LOW,-,129.3495,139.1484,134.2055,1,59.8561,TREND+LEAD,22.1792
530,206,SRCE,1ST SOURCE CORP,Financials,,small,73.23,1.07,1.01,1.0843,1.1834,STRONG_DOWN,22.41,33.36,50.59,-11.84,51.0,21.1,1.5973,HIGH,-,68.688,68.6326,63.5199,1,80.6389,TREND+LEAD,22.1532
531,60,VSEC,VSE CORP,Industrials,,mid,210.9,1.4518,1.0655,0.9733,1.0992,FLAT,29.82,80.94,165.32,-27.4,51.0,60.91,0.9649,LOW,-,186.472,202.057,174.3352,1,67.7739,TREND+LEAD,22.1477
532,-38,STLD,Steel Dynamics,Materials,Steel,large,187.56,1.2436,0.9942,1.0316,1.1404,STRONG_DOWN,32.2,54.99,31.57,-20.33,53.01,39.61,0.6227,LOW,-,174.0511,184.2238,155.8234,1,73.5964,TREND+LEAD,22.1412
533,-74,BEN,Franklin Resources,Financials,Asset Management & Custody Banks,large,24.88,1.1359,1.0223,0.9999,1.0211,FLAT,9.36,41.57,,-19.21,54.62,31.98,0.9384,LOW,-,23.5727,25.3396,23.7322,1,70.9995,TREND+LEAD,22.1367
534,25,EHAB,ENHABIT INC,Health Care,,small,13.99,1.3979,0.9707,1.0277,1.4965,STRONG_DOWN,75.75,74.22,25.02,-39.63,52.61,52.63,0.6326,LOW,-,13.762,12.7128,9.4643,1,74.1935,TREND+LEAD,22.1289
535,-23,ORCL,Oracle Corporation,Information Technology,Application Software,large,143.66,0.8335,0.9588,0.9606,0.7599,FLAT,-49.24,3.88,18.65,-58.25,51.0,52.37,0.7891,LOW,EARLY,149.298,152.0672,216.6123,0,3.7825,WEAK,22.1238
536,-201,TSLA,"Tesla, Inc.",Consumer Discretionary,Automobile Manufacturers,large,343.25,1.0118,0.8726,0.8589,0.8094,STRONG_UP,-20.74,26.1,94.06,-29.93,52.21,36.23,1.2672,MED,EARLY,376.2635,397.6616,397.3265,0,37.615,WEAK,22.1215
537,-36,TEX,TEREX CORP,Industrials,,mid,63.17,1.3987,1.0157,0.9888,1.1184,FLAT,20.69,74.33,-0.81,-28.29,49.8,55.68,0.3352,LOW,-,59.3035,62.4821,54.0046,1,66.4768,TREND+LEAD,22.1199
538,-62,HLT,Hilton Worldwide,Consumer Discretionary,"Hotels, Resorts & Cruise Lines",large,317.2,1.1666,0.9974,1.062,1.1,STRONG_DOWN,22.77,45.39,51.84,-10.29,50.6,24.47,0.7725,LOW,-,300.191,305.6672,281.3289,1,93.8597,TREND+LEAD,22.118
539,-141,BANC,BANC OF CALIFORNIA INC,Financials,,mid,18.49,1.1681,1.012,1.0829,0.9421,FLAT,6.29,45.59,30.16,-20.47,54.62,31.71,0.6971,LOW,-,17.246,18.4976,17.2454,1,78.5197,TREND+LEAD,22.1161
540,-68,ADTN,ADTRAN HOLDINGS INC,Information Technology,,small,13.73,1.3418,1.0454,1.3514,1.5818,STRONG_DOWN,55.14,67.24,167.64,-31.67,52.21,50.21,1.4719,MED,-,11.9885,10.75,9.4404,1,69.9132,TREND+LEAD,22.1077
541,-44,PI,IMPINJ INC,Information Technology,,mid,105.62,1.0972,1.0043,1.1376,0.5487,FLAT,-45.27,36.74,-15.67,-62.24,49.8,87.06,0.527,LOW,PROGRESS,99.7262,114.8191,153.8753,0,21.0175,WEAK,22.0684
542,-57,ABCB,AMERIS BANCORP,Financials,,mid,82.2,1.2147,1.015,1.0744,1.0907,STRONG_DOWN,11.25,51.39,76.31,-13.85,50.2,27.72,0.7545,LOW,-,76.5906,79.3281,74.0678,1,93.0685,TREND+LEAD,22.0286
543,-69,IRON,DISC MEDICINE INC,Health Care,,mid,66.27,1.374,0.9916,1.0004,0.8329,FLAT,-2.39,71.24,106.58,-40.55,54.62,74.63,0.2632,LOW,PROGRESS,61.8992,66.6851,70.4966,0,52.1392,WEAK,21.9816
544,83,HE,HAWAIIAN ELECTRIC INDUSTRIES INC,Utilities,,mid,15.53,1.2754,0.989,1.0504,1.1799,STRONG_DOWN,37.19,58.96,38.91,-17.68,55.02,37.52,0.3092,LOW,-,14.8015,15.4768,12.669,1,86.4541,TREND+LEAD,21.9428
545,-17,RRR,RED ROCK RESORTS ORS CLASS A INC,Consumer Discretionary,,mid,57.07,1.1401,1.0065,0.9849,0.9665,STRONG_UP,1.52,42.09,-0.63,-20.3,54.62,35.04,1.2651,MED,PROGRESS,56.7653,59.564,57.8808,0,65.615,WEAK,21.9276
546,-128,FANG,Diamondback Energy,Energy,Oil & Gas Exploration & Production,large,186.47,1.1391,0.9482,1.0444,1.3587,STRONG_DOWN,26.84,41.97,-3.59,-12.53,50.6,32.1,1.8062,HIGH,-,191.2085,178.1133,152.1142,1,66.1565,TREND+LEAD,21.9089
547,53,OGS,ONE GAS INC,Utilities,,mid,89.83,1.0162,1.0059,1.0407,1.1993,STRONG_DOWN,13.59,26.65,50.14,-11.75,57.83,16.12,0.6605,LOW,-,86.6225,84.9052,78.3925,1,95.6197,TREND+LEAD,21.9005
548,-4,SMBC,SOUTHERN MISSOURI BANCORP INC,Financials,,small,67.26,1.102,1.0148,1.089,1.1587,STRONG_DOWN,29.77,37.34,66.06,-17.68,52.61,26.75,2.2418,HIGH,-,63.094,63.3371,57.5311,1,73.4368,TREND+LEAD,21.8887
549,-50,CEG,Constellation Energy,Utilities,Electric Utilities,large,284.27,1.064,0.986,0.8956,0.8551,STRONG_UP,-20.43,32.61,52.93,-38.77,51.41,54.86,0.6177,LOW,EARLY,293.986,294.6377,328.0938,0,30.5604,WEAK,21.8382
550,81,ARR,ARMOUR RESIDENTIAL REIT INC,Financials,,mid,17.33,1.1017,0.9951,0.9865,1.0122,FLAT,20.94,37.31,21.27,-16.79,55.02,29.13,1.019,MED,-,16.6572,17.1445,15.6508,1,70.4632,TREND+LEAD,21.8291
551,47,SMR,NUSCALE POWER CORP CLASS A,Industrials,,mid,9.86,0.4926,0.9315,0.8188,0.5152,STRONG_UP,-74.85,-38.61,75.76,-82.86,48.19,85.33,1.1951,MED,EARLY,11.1305,13.3602,27.965,0,-21.8023,WEAK,21.825
552,3,MTB,M&T Bank,Financials,Regional Banks,large,219.04,1.0773,1.0159,1.072,1.0708,FLAT,17.27,34.27,65.2,-16.98,53.82,25.06,0.5826,LOW,-,203.6795,215.2833,198.2596,1,73.5969,TREND+LEAD,21.768
553,92,UVE,UNIVERSAL INSURANCE HOLDINGS INC,Financials,,small,34.57,1.2729,1.0329,1.0075,1.1403,FLAT,16.93,58.65,92.51,-18.95,52.21,34.82,0.4779,LOW,-,33.8745,32.8976,29.3015,1,87.9394,TREND+LEAD,21.7211
554,-167,SD,SANDRIDGE ENERGY INC,Energy,,small,15.28,1.284,0.9769,0.9145,1.1718,FLAT,28.38,60.03,10.02,-17.22,54.22,36.37,0.9729,LOW,-,16.3796,16.5825,13.2545,1,89.4904,TREND+LEAD,21.712
555,190,MRX,MAREX GROUP PLC,Financials,,mid,48.97,0.9991,1.1026,1.3667,1.2905,FLAT,74.92,24.51,,-41.13,49.8,42.09,2.4866,HIGH,-,39.9296,40.0645,36.5559,1,29.0049,TREND_ONLY,21.7096
556,-15,AVAV,AEROVIRONMENT INC,Industrials,,mid,186.94,1.0891,0.9874,0.8429,0.5971,STRONG_UP,-52.69,35.74,24.75,-56.82,50.6,82.98,0.8218,LOW,EARLY,197.9365,232.8278,275.6668,0,21.7932,WEAK,21.6482
557,24,POR,PORTLAND GENERAL ELECTRIC,Utilities,,mid,53.73,1.068,0.9808,1.043,1.1366,STRONG_DOWN,25.27,33.11,39.58,-8.24,54.62,18.19,0.4793,LOW,-,52.3266,51.8888,45.8453,1,99.4247,TREND+LEAD,21.632
558,-54,MXL,MAXLINEAR INC,Information Technology,,small,19.14,1.3651,1.0487,1.1803,1.044,FLAT,22.77,70.13,-18.1,-26.81,53.82,56.14,1.4259,MED,-,17.321,17.7292,16.5913,1,67.2351,TREND+LEAD,21.6278
559,-39,AUB,ATLANTIC UNION BANKSHARES CORP,Financials,,mid,37.72,1.1988,1.0159,1.0645,1.0541,FLAT,7.05,49.41,,-18.33,48.59,30.3,0.5566,LOW,-,35.1435,37.4418,34.7048,1,79.2328,TREND+LEAD,21.6262
560,76,HRTG,HERITAGE INSURANCE HOLDINGS INC,Financials,,small,26.62,1.4089,1.0243,1.0013,1.0238,FLAT,5.01,75.59,157.95,-26.9,52.21,49.9,0.6127,LOW,-,26.753,26.4212,25.3197,1,79.0931,TREND+LEAD,21.6208
561,105,SHLS,SHOALS TECHNOLOGIES GROUP INC CLAS,Industrials,,small,6.95,1.5236,0.9763,1.1073,0.7998,FLAT,-18.62,89.89,-34.37,-47.37,53.41,93.7,1.168,MED,-,6.427,7.7441,7.6569,0,51.2387,WEAK,21.6154
562,76,LILAK,LIBERTY LATIN AMERICA LTD CLASS C,Communication,,small,8.39,1.2352,0.9423,1.0815,1.2334,STRONG_DOWN,0.12,53.94,12.32,-22.55,51.41,36.21,1.4731,MED,-,8.2405,8.0644,7.8226,1,76.5896,TREND+LEAD,21.5578
563,302,OSCR,OSCAR HEALTH INC CLASS A,Financials,,mid,14.64,0.9382,1.2097,1.0997,0.9037,STRONG_UP,-34.85,16.93,4.65,-51.71,45.78,61.55,1.8745,HIGH,SHIFT,12.584,13.202,16.036,0,12.5945,WEAK,21.5132
564,-134,BA,Boeing,Industrials,Aerospace & Defense,large,217.8,1.0866,1.0183,0.9992,0.9713,STRONG_UP,-1.81,35.43,22.28,-24.96,51.41,32.36,0.7504,LOW,PROGRESS,203.9265,221.947,218.8339,0,56.2887,WEAK,21.5078
565,-76,ARI,APOLLO COMMERCIAL REAL ESTATE FINA,Financials,,small,10.76,1.1148,0.9904,1.0436,1.1488,STRONG_DOWN,13.06,38.95,19.59,-10.04,51.41,22.46,1.2982,MED,-,10.2955,10.3527,9.7091,1,89.1471,TREND+LEAD,21.5073
566,91,CCNE,CNB FINANCIAL CORP,Financials,,small,30.78,1.1697,1.0179,1.1214,1.2182,STRONG_DOWN,28.32,45.79,65.06,-13.55,49.0,26.26,1.0369,MED,-,28.377,28.4632,25.686,1,85.4329,TREND+LEAD,21.4697
567,36,AXON,Axon Enterprise,Industrials,Aerospace & Defense,large,391.53,0.5611,0.896,0.738,0.6415,STRONG_UP,-45.21,-30.06,25.78,-57.19,53.01,66.66,1.5956,HIGH,EARLY,458.713,476.6842,634.0152,0,-23.9077,WEAK,21.4547
568,-28,SWBI,SMITH WESSON BRANDS INC,Consumer Discretionary,,small,14.8,1.4,0.9712,1.0577,1.4769,STRONG_DOWN,53.24,74.48,-7.21,-27.81,49.8,45.02,0.8964,LOW,-,14.395,12.8339,9.9621,1,82.3921,TREND+LEAD,21.4527
569,77,REGN,Regeneron Pharmaceuticals,Health Care,Biotechnology,large,775.53,1.0848,0.9671,1.0035,0.9725,FLAT,33.3,35.21,-17.28,-21.43,51.41,28.71,0.76,LOW,-,753.972,765.7284,665.3547,1,63.0444,TREND+LEAD,21.4522
570,-67,CUBI,CUSTOMERS BANCORP INC,Financials,,mid,73.8,1.2521,1.0082,1.1011,0.9602,FLAT,12.57,56.06,42.01,-20.31,50.2,37.58,0.712,LOW,-,68.255,71.0212,68.6759,1,74.8837,TREND+LEAD,21.4164
571,-63,HUBB,Hubbell Incorporated,Industrials,Industrial Machinery & Supplies & Components,large,527.21,1.2168,1.0212,1.1017,1.1486,STRONG_DOWN,28.45,51.66,32.11,-13.8,53.41,33.46,0.6452,LOW,-,487.3585,496.6653,450.3262,1,82.4536,TREND+LEAD,21.3763
572,40,SLNO,SOLENO THERAPEUTICS INC,Health Care,,mid,52.6,0.667,1.3783,1.294,1.2054,STRONG_UP,-15.31,-16.86,28.01,-66.04,47.79,89.25,4.6256,HIGH,SHIFT,36.5298,38.5539,56.9083,0,-9.0302,WEAK,21.358
573,-217,MUR,MURPHY OIL CORP,Energy,,mid,39.1,1.4227,0.9582,1.1978,1.3434,STRONG_DOWN,32.73,77.32,-11.1,-17.26,51.81,55.83,1.0009,MED,-,39.0215,35.0682,29.2858,1,71.7526,TREND+LEAD,21.3559
574,-9,DDOG,Datadog,Information Technology,Application Software,large,116.5,0.9593,0.9516,0.9456,0.8379,STRONG_UP,-24.61,19.56,-7.13,-48.62,46.18,66.47,0.6601,LOW,EARLY,122.8595,121.3199,139.1764,0,13.5898,WEAK,21.3354
575,10,ADAM,ADAMAS INC TRUST,Financials,,small,7.62,1.2252,1.0049,0.9635,1.0718,FLAT,19.59,52.7,34.47,-17.07,53.01,31.94,0.912,LOW,-,7.4209,7.6885,6.8844,1,87.4689,TREND+LEAD,21.2838
576,-1,TDY,Teledyne Technologies,Information Technology,Electronic Equipment & Instruments,large,660.31,1.1304,1.0357,1.0067,1.2639,FLAT,12.19,40.88,58.71,-18.39,54.62,33.01,0.7146,LOW,-,627.596,643.7416,565.0479,1,67.649,TREND+LEAD,21.236
577,-176,GRMN,Garmin,Consumer Discretionary,Consumer Electronics,large,252.79,1.0698,1.0314,1.0504,1.2253,STRONG_DOWN,-0.57,33.34,75.94,-27.97,58.23,36.43,0.7229,LOW,-,236.6724,230.0368,222.3278,1,53.2832,TREND+LEAD,21.2043
578,-179,COP,ConocoPhillips,Energy,Oil & Gas Exploration & Production,large,125.22,1.1355,0.9454,1.0959,1.3666,STRONG_DOWN,33.75,41.52,0.77,-13.47,53.41,31.5,1.2984,MED,-,127.245,116.6197,97.7296,1,70.407,TREND+LEAD,21.1696
579,-48,UAL,United Airlines Holdings,Industrials,Passenger Airlines,large,96.3,1.0909,0.9817,1.056,0.8402,FLAT,-0.36,35.96,121.69,-27.5,51.81,56.85,2.3088,HIGH,PROGRESS,91.331,100.907,99.7361,0,32.7714,WEAK,21.1378
580,80,NOC,Northrop Grumman,Industrials,Aerospace & Defense,large,687.47,1.094,0.956,0.9344,1.2159,FLAT,11.4,36.35,56.28,-15.56,53.82,32.05,1.0385,MED,-,703.0285,709.1713,606.8057,1,61.0395,TREND+LEAD,21.1155
581,-12,JPM,JPMorgan Chase,Financials,Diversified Banks,large,307.97,1.075,1.0158,1.071,0.963,FLAT,1.06,33.98,62.94,-15.47,56.22,26.21,0.8886,LOW,-,289.2567,297.5906,299.796,1,72.878,TREND+LEAD,21.1155
582,107,SBCF,SEACOAST BANKING OF FLORIDA,Financials,,mid,32.08,1.1173,1.0168,1.0354,1.0149,FLAT,2.37,39.26,38.76,-16.26,51.0,29.53,1.1107,MED,-,30.1014,31.7156,30.5352,1,67.8011,TREND+LEAD,21.1053
583,-87,IMVT,IMMUNOVANT INC,Health Care,,mid,24.73,1.3317,0.955,0.9605,0.9412,FLAT,53.51,65.97,-20.66,-20.98,50.2,46.08,0.9806,LOW,-,24.4915,25.6942,21.3103,1,71.8718,TREND+LEAD,21.0908
584,30,ES,Eversource Energy,Utilities,Electric Utilities,large,69.95,1.0429,0.9735,0.9493,1.0959,FLAT,-1.86,29.98,27.92,-15.13,57.83,23.64,0.5356,LOW,-,69.916,70.7286,67.3278,1,73.3461,TREND+LEAD,21.0775
585,73,MCRI,MONARCH CASINO AND RESORT INC,Consumer Discretionary,,small,98.47,1.0357,0.9898,1.0048,1.0872,STRONG_DOWN,-0.02,29.08,38.37,-17.47,53.82,22.34,1.5333,HIGH,-,97.569,96.1247,96.4142,1,70.0532,TREND+LEAD,21.0751
586,10,GEF,GREIF INC CLASS A,Materials,,mid,69.8,1.1045,1.0054,1.0425,1.0305,FLAT,18.77,37.65,13.33,-18.03,49.8,24.51,0.6871,LOW,-,66.3181,70.0124,64.9601,1,76.5035,TREND+LEAD,21.0225
587,100,O,Realty Income,Real Estate,Retail REITs,large,62.79,0.9861,0.9835,0.9711,1.1283,FLAT,8.19,22.9,29.01,-11.1,53.41,16.36,1.3148,MED,-,62.0775,63.163,58.2376,1,74.7767,TREND_ONLY,21.0211
588,16,SOC,SABLE OFFSHORE CORP CLASS A,Energy,,mid,13.72,0.5571,0.9047,0.9512,1.6211,STRONG_DOWN,-28.88,-30.57,24.73,-87.52,47.39,127.1,0.5794,LOW,-,16.393,12.28,15.8091,0,-11.397,WEAK,20.9954
589,36,SMCI,Supermicro,Information Technology,"Technology Hardware, Storage & Peripherals",large,23.37,0.5108,1.0063,0.7344,0.7922,FLAT,-57.56,-36.34,,-66.18,46.99,98.17,0.8407,LOW,EARLY,25.4085,29.1008,39.5573,0,-17.3939,WEAK,20.986
590,-8,LMT,Lockheed Martin,Industrials,Aerospace & Defense,large,628.5,1.1208,0.9863,0.9641,1.2936,FLAT,24.56,39.68,48.04,-15.56,56.22,31.1,0.6153,LOW,-,628.4165,635.4895,510.7534,1,71.7356,TREND+LEAD,20.9628
591,-99,COCO,THE VITA COCO COMPANY INC,Consumer Staples,,mid,49.16,1.261,0.9806,0.8944,0.9224,FLAT,14.95,57.16,92.71,-23.23,53.41,54.58,1.2664,MED,-,52.8845,54.2868,45.8178,1,55.9358,TREND+LEAD,20.9189
592,-73,SHOP,Shopify,Technology,Computer Software,large,120.1,1.0543,0.9822,0.9275,0.7327,STRONG_UP,-25.53,31.4,60.3,-38.18,51.0,60.35,0.6758,LOW,EARLY,120.1,122.2984,141.2035,0,26.5356,WEAK,20.8932
593,-154,FIBK,FIRST INTERSTATE BANCSYSTEM INC,Financials,,mid,34.04,1.1155,0.9834,0.9996,0.9504,FLAT,9.8,39.03,42.68,-16.87,49.4,29.51,1.3398,MED,-,33.198,35.1042,32.4091,1,65.3405,TREND+LEAD,20.7792
594,-81,GPGI,GPGI INC CLASS A,Information Technology,,mid,16.88,1.2888,0.9579,0.8512,0.8736,FLAT,-16.43,60.63,216.81,-38.22,53.82,66.37,0.8008,LOW,EARLY,17.2995,20.8578,19.3812,0,49.1641,WEAK,20.7716
595,-148,NWE,NORTHWESTERN ENERGY GROUP INC,Utilities,,mid,70.53,1.0619,1.0293,1.0492,1.0794,STRONG_DOWN,22.16,32.34,53.21,-13.55,57.03,21.32,0.8864,LOW,-,66.7341,67.656,60.7464,1,86.5207,TREND+LEAD,20.7619
596,107,LLY,Lilly (Eli),Health Care,Pharmaceuticals,large,953.3,1.0223,0.968,0.9511,0.8766,STRONG_UP,13.35,27.42,27.65,-30.26,55.42,41.96,0.8061,LOW,-,931.848,988.8295,898.183,1,36.2125,TREND+LEAD,20.7093
597,-165,HWC,HANCOCK WHITNEY CORP,Financials,,mid,67.01,1.1085,1.0131,1.073,1.0327,FLAT,7.85,38.15,58.14,-17.45,51.41,26.0,0.9547,LOW,-,63.065,66.3497,62.0299,1,75.4332,TREND+LEAD,20.6895
598,123,MO,Altria,Consumer Staples,Tobacco,large,66.8,1.0179,0.9888,1.0106,1.2627,STRONG_DOWN,3.77,26.86,83.61,-16.4,55.82,24.12,1.0606,MED,-,65.3843,65.2683,60.6831,1,62.1656,TREND+LEAD,20.6588
599,-122,INVX,INNOVEX INTERNATIONAL INC,Energy,,small,25.77,1.3453,1.0309,0.9886,1.16,FLAT,34.99,67.66,12.58,-17.91,53.41,43.68,0.5613,LOW,-,24.702,25.3874,20.7454,1,82.7369,TREND+LEAD,20.6407
600,34,MNST,Monster Beverage,Consumer Staples,Soft Drinks & Non-alcoholic Beverages,large,75.14,1.035,1.0008,0.9787,1.0038,FLAT,10.26,29.0,34.78,-17.7,56.22,24.76,0.8853,LOW,-,74.121,78.4338,70.661,1,65.8376,TREND+LEAD,20.6331
601,66,RCL,Royal Caribbean Group,Consumer Discretionary,"Hotels, Resorts & Cruise Lines",large,279.26,1.0852,0.9597,0.9788,0.9444,FLAT,-10.5,35.25,114.51,-32.36,51.41,60.26,1.3889,MED,PROGRESS,273.573,297.5876,301.3583,0,30.0747,WEAK,20.614
602,-75,WMT,Walmart,Consumer Staples,Consumer Staples Merchandise Retail,large,127.26,1.1497,0.9889,1.0182,1.1509,STRONG_DOWN,23.77,43.29,117.16,-10.92,52.61,27.1,0.6444,LOW,-,123.6235,124.7622,109.3402,1,84.0431,TREND+LEAD,20.5883
603,-19,USLM,UNITED STATES LIME AND MINERALS IN,Materials,,mid,135.72,1.1684,0.9686,1.1485,1.0847,FLAT,9.6,45.63,126.29,-22.46,53.41,43.82,1.3294,MED,-,125.266,118.9466,119.4973,1,55.6118,TREND+LEAD,20.577
604,102,EBC,EASTERN BANKSHARES INC,Financials,,mid,20.7,1.1262,1.0144,1.0748,1.0939,STRONG_DOWN,12.05,40.36,64.31,-15.04,50.6,28.41,1.0662,MED,-,19.2745,20.0401,17.9709,1,71.8863,TREND+LEAD,20.5567
605,5,OBK,ORIGIN BANCORP INC,Financials,,small,43.79,1.1441,1.0174,1.061,1.1662,STRONG_DOWN,26.02,42.59,48.83,-17.09,55.42,26.69,0.8544,LOW,-,41.1445,42.2572,37.929,1,88.436,TREND+LEAD,20.5468
606,184,BULL,WEBULL CORP CLASS A,Financials,,mid,5.08,0.3563,1.0388,0.9227,0.6138,STRONG_UP,-60.31,-55.59,-54.07,-92.64,42.97,56.31,1.0382,MED,EARLY,5.0945,5.7758,10.2117,0,-42.4239,WEAK,20.5145
607,33,UFCS,UNITED FIRE GROUP INC,Financials,,small,38.94,1.1914,1.0287,1.0508,1.1099,STRONG_DOWN,26.21,48.49,88.58,-9.43,53.82,27.22,0.6996,LOW,-,37.178,37.4388,33.3068,1,95.8756,TREND+LEAD,20.514
608,-7,KRG,KITE REALTY GROUP TRUST REIT,Real Estate,,mid,25.14,1.021,0.9983,0.9697,1.0787,FLAT,17.19,27.25,32.19,-9.27,51.41,18.57,1.1596,MED,-,24.8625,24.9862,22.824,1,75.4336,TREND+LEAD,20.4908
609,-53,PLUS,EPLUS,Information Technology,,mid,81.27,1.1079,1.0346,1.0528,0.9609,FLAT,12.86,38.09,4.55,-20.65,50.2,27.49,0.8389,LOW,-,76.294,79.8483,77.763,1,69.55,TREND+LEAD,20.4834
610,-27,WSFS,WSFS FINANCIAL CORP,Financials,,mid,68.64,1.1321,1.0076,1.0817,1.2404,STRONG_DOWN,28.08,41.09,56.58,-14.91,51.41,29.49,1.3992,MED,-,64.5095,65.3471,57.8852,1,71.6361,TREND+LEAD,20.4787
611,33,WFC,Wells Fargo,Financials,Diversified Banks,large,84.66,1.0463,1.0185,1.0801,0.9179,FLAT,5.4,30.41,53.87,-22.75,55.42,30.71,0.648,LOW,-,78.4295,83.61,83.7321,1,54.87,TREND+LEAD,20.4748
612,173,OSBC,OLD SECOND BANCORP INC,Financials,,small,21.19,1.1188,1.0043,1.0784,1.0959,STRONG_DOWN,23.75,39.44,59.03,-12.91,52.21,28.73,1.5816,HIGH,-,19.919,20.079,18.8174,1,71.6743,TREND+LEAD,20.4564
613,-62,DLR,Digital Realty,Real Estate,Data Center REITs,large,185.63,1.0516,0.9971,1.0323,1.2277,STRONG_DOWN,7.57,31.06,35.05,-16.83,53.82,23.33,,LOW,-,178.8619,175.3333,166.9721,1,71.6495,TREND+LEAD,20.4519
614,-119,SPG,Simon Property Group,Real Estate,Retail REITs,large,194.04,1.067,0.9999,1.0092,1.0855,STRONG_DOWN,11.05,32.98,42.51,-11.54,53.01,21.32,0.8998,LOW,-,186.667,191.3118,177.4751,1,82.0045,TREND+LEAD,20.411
615,-221,OXY,Occidental Petroleum,Energy,Oil & Gas Exploration & Production,large,59.77,1.2179,0.931,1.1241,1.4904,STRONG_DOWN,33.25,51.79,-9.34,-18.62,51.41,39.51,,LOW,-,61.036,53.7281,45.5888,1,67.3866,TREND+LEAD,20.3819
616,-182,BKU,BANKUNITED INC,Financials,,mid,46.98,1.2039,1.0035,1.0561,1.0641,STRONG_DOWN,19.44,50.04,83.12,-16.4,53.41,33.46,0.6313,LOW,-,44.4365,46.7138,41.4951,1,79.8818,TREND+LEAD,20.3676
617,65,TRMK,TRUSTMARK CORP,Financials,,mid,44.51,1.1133,1.0156,1.0673,1.1424,STRONG_DOWN,13.16,38.75,70.61,-10.67,50.2,25.12,1.072,MED,-,41.9145,42.6783,39.5741,1,77.4457,TREND+LEAD,20.3472
618,14,DAKT,DAKTRONICS INC,Information Technology,,small,20.3,1.3041,0.9948,0.9432,0.9991,FLAT,4.37,62.53,104.64,-31.09,51.81,47.59,0.6272,LOW,-,20.224,23.0508,19.7659,1,68.0748,TREND+LEAD,20.3411
619,-65,BKH,BLACK HILLS CORP,Utilities,,mid,73.82,1.0651,1.0238,1.0355,1.0542,STRONG_DOWN,22.93,32.74,47.96,-10.45,57.43,21.19,0.9291,LOW,-,70.3375,71.9131,64.9149,1,88.7363,TREND+LEAD,20.3288
620,138,MARA,MARA HOLDINGS INC,Information Technology,,mid,9.5,0.6192,1.1453,1.1074,0.9588,STRONG_UP,-53.09,-22.83,-47.16,-70.53,46.99,95.93,1.0479,MED,SHIFT,8.688,8.5624,13.5457,0,-11.1815,WEAK,20.3013
621,-164,XHR,XENIA HOTELS RESORTS REIT INC,Real Estate,,small,15.18,1.203,1.0057,1.0269,1.0578,STRONG_DOWN,20.16,49.94,,-16.23,51.81,29.42,0.5994,LOW,-,14.5807,14.9894,13.7887,1,87.942,TREND+LEAD,20.297
622,-56,IRM,Iron Mountain,Real Estate,Other Specialized REITs,large,106.97,1.0514,1.0271,0.9997,1.2603,FLAT,2.91,31.04,43.92,-25.15,55.02,34.82,0.6201,LOW,-,103.3359,102.3307,95.2641,1,49.0537,TREND+LEAD,20.2906
623,148,TEAM,Atlassian,Technology,Computer Software,large,63.62,0.2435,0.8889,0.8147,0.4023,STRONG_UP,-57.62,-69.65,-68.65,-72.32,45.78,64.7,1.1695,MED,EARLY,70.425,82.3888,145.8186,0,-49.2824,WEAK,20.2507
624,-30,BFH,BREAD FINANCIAL HOLDINGS INC,Financials,,mid,78.65,1.3259,1.0362,1.0824,1.0033,FLAT,42.84,65.25,124.15,-19.26,56.22,52.82,0.776,LOW,-,73.679,73.7152,66.5109,1,69.454,TREND+LEAD,20.2428
625,53,CRSP,CRISPR THERAPEUTICS AG,Health Care,,mid,51.76,1.1903,1.0279,0.9793,0.908,STRONG_UP,-26.71,48.35,-20.6,-42.25,49.0,66.59,0.9068,LOW,SHIFT,48.074,51.531,56.2817,0,35.5796,WEAK,20.2269
626,0,CRGY,CRESCENT ENERGY CLASS A,Energy,,mid,12.77,1.2559,0.9723,1.0894,1.6934,STRONG_DOWN,43.3,56.52,16.45,-22.34,53.82,51.8,1.3821,MED,-,12.831,11.3687,9.3423,1,58.7256,TREND+LEAD,20.2114
627,-90,SPNT,SIRIUSPOINT LTD,Financials,,mid,23.24,1.164,1.0419,1.1265,1.1567,STRONG_DOWN,28.26,45.07,85.77,-16.28,52.61,29.91,0.9471,LOW,-,21.209,20.9204,19.8487,1,79.2732,TREND+LEAD,20.2005
628,9,CCBG,CAPITAL CITY BANK INC,Financials,,small,45.87,1.0821,1.0144,1.0823,1.1011,STRONG_DOWN,8.86,34.87,77.86,-12.94,53.41,26.43,2.5724,HIGH,-,43.1445,42.6953,41.5892,1,70.4648,TREND+LEAD,20.19
629,-99,NUVL,NUVALENT INC CLASS A,Health Care,,mid,105.04,1.3026,0.9638,1.0262,1.0003,FLAT,25.98,62.35,50.06,-15.79,51.81,43.37,0.6356,LOW,-,99.5138,101.4021,92.8822,1,74.4828,TREND+LEAD,20.161
630,69,BALL,Ball Corporation,Materials,"Metal, Glass & Plastic Containers",large,62.1,1.0831,0.9971,1.0003,1.1837,STRONG_DOWN,28.84,34.99,-5.23,-21.96,51.81,30.36,0.6253,LOW,-,60.0405,62.4048,54.4947,1,59.7056,TREND+LEAD,20.1449
631,190,GATX,GATX CORP,Industrials,,mid,185.2,1.0097,1.0458,1.0582,1.085,STRONG_DOWN,7.33,25.84,42.8,-16.74,53.82,23.93,1.6238,HIGH,-,170.2805,179.78,167.3611,1,58.1261,TREND+LEAD,20.1177
632,-21,F,Ford Motor Company,Consumer Discretionary,Automobile Manufacturers,large,12.18,1.0816,1.0108,0.9941,0.9116,STRONG_UP,4.48,34.8,1.76,-22.31,50.6,32.66,0.8163,LOW,PROGRESS,11.7,12.8015,12.2463,0,53.9109,WEAK,20.1162
633,-13,CALX,CALIX NETWORKS INC,Information Technology,,mid,49.84,1.1485,1.0307,0.9759,0.9625,STRONG_UP,-15.06,43.14,53.17,-34.71,53.82,50.4,0.4548,LOW,EARLY,50.2085,51.278,55.7868,0,46.0632,WEAK,20.1027
634,-161,ARVN,ARVINAS INC,Health Care,,small,11.21,1.3365,0.959,0.8097,0.9189,FLAT,20.54,66.57,-70.56,-36.9,51.81,56.9,0.7835,LOW,-,11.2345,12.3192,10.206,1,60.6128,TREND+LEAD,20.0582
635,39,IVR,INVESCO MORTGAGE CAPITAL REIT INC,Financials,,small,8.13,1.1428,0.9863,0.9843,1.0182,FLAT,17.63,42.43,29.37,-16.54,52.61,27.49,0.7521,LOW,-,7.9593,8.2374,7.375,1,81.2034,TREND+LEAD,20.0201
636,-73,MD,PEDIATRIX MEDICAL GROUP INC,Health Care,,small,21.38,1.2166,1.0011,1.082,0.9918,FLAT,21.48,51.63,123.87,-23.65,55.02,38.55,0.8236,LOW,-,20.512,20.4812,18.6471,1,73.69,TREND+LEAD,20.0023
637,-61,TXT,Textron,Industrials,Aerospace & Defense,large,91.37,1.0988,0.9961,0.9869,1.0496,FLAT,7.5,36.95,-4.95,-14.69,55.42,30.06,0.4689,LOW,-,89.5235,93.1085,85.8827,1,68.127,TREND+LEAD,19.9831
638,-74,TTD,Trade Desk (The),Communication Services,Advertising,large,20.25,0.3002,0.893,0.7314,0.533,STRONG_UP,-62.14,-62.58,-76.68,-77.44,49.4,61.5,,LOW,EARLY,23.3818,25.5605,45.9305,0,-50.27,WEAK,19.9491
639,86,MIAX,MIAMI INTERNATIONAL HOLDINGS INC,Financials,,mid,42.22,1.102,1.0394,1.0404,1.0127,FLAT,-4.95,37.35,37.35,-26.79,54.32,32.65,0.7127,LOW,-,39.3415,40.5258,,0,62.1319,WEAK,19.9404
640,127,FTDR,FRONTDOOR INC,Consumer Discretionary,,mid,57.02,1.1515,1.0137,0.8806,0.9921,FLAT,-12.47,43.52,83.88,-29.23,53.01,48.86,1.0779,MED,EARLY,57.997,59.3146,59.6457,0,47.2151,WEAK,19.9162
641,0,HIMS,HIMS HERS HEALTH INC CLASS A,Health Care,,mid,19.39,0.5276,0.9473,0.8253,0.5563,STRONG_UP,-66.55,-34.25,33.26,-78.06,44.18,116.46,0.5431,LOW,EARLY,21.815,20.5264,39.1587,0,-12.9926,WEAK,19.9119
642,13,IBP,INSTALLED BUILDING PRODUCTS INC,Consumer Discretionary,,mid,281.85,1.3195,1.0,0.977,1.1208,FLAT,21.0,64.45,14.21,-24.57,47.39,50.97,0.9753,LOW,-,271.3343,296.904,259.9869,1,59.9237,TREND+LEAD,19.8787
643,50,LYV,Live Nation Entertainment,Communication Services,Movies & Entertainment,large,163.56,0.9961,1.0387,0.9871,1.1558,FLAT,5.3,24.14,59.21,-27.84,51.81,35.5,1.1746,MED,-,154.9635,154.198,151.1708,1,35.2369,TREND_ONLY,19.7981
644,80,UBSI,UNITED BANKSHARES INC,Financials,,mid,43.58,1.0877,1.0135,1.1013,1.1397,STRONG_DOWN,19.73,35.56,35.77,-13.73,50.2,25.56,1.2956,MED,-,40.5594,41.7151,38.0233,1,69.8354,TREND+LEAD,19.7303
645,53,LION,LIONSGATE STUDIOS CORP,Communication,,mid,10.45,1.233,1.064,1.0106,1.2026,FLAT,68.55,53.68,-2.29,-31.41,46.18,50.52,0.9517,LOW,-,9.6325,9.2982,7.5725,1,49.0653,TREND+LEAD,19.7213
646,23,ACAD,ACADIA PHARMACEUTICALS INC,Health Care,,mid,22.56,1.21,0.9797,0.9999,0.837,FLAT,4.74,50.8,24.3,-27.58,48.59,41.4,0.9605,LOW,PROGRESS,21.446,22.8416,23.7275,0,59.625,WEAK,19.6993
647,-8,FDP,FRESH DEL MONTE PRODUCE INC,Consumer Staples,,small,42.16,1.143,1.0178,1.0115,1.2437,FLAT,25.63,42.46,75.95,-15.42,52.21,27.59,0.7994,LOW,-,41.365,40.9175,36.5078,1,80.3428,TREND+LEAD,19.66
648,212,MCHB,MECHANICS BANCORP CLASS A,Financials,,mid,15.21,1.1205,1.0015,1.0641,1.0885,STRONG_DOWN,20.72,39.65,13.7,-9.35,51.41,30.44,1.7787,HIGH,-,14.507,14.6316,13.5335,1,66.9614,TREND+LEAD,19.657
649,1,CFFN,CAPITOL FEDERAL FINANCIAL INC,Financials,,small,7.58,1.1828,1.0204,1.0711,1.176,STRONG_DOWN,22.73,47.42,54.27,-10.59,51.0,26.88,0.8224,LOW,-,7.105,7.2569,6.4847,1,89.9686,TREND+LEAD,19.6303
650,4,MCB,METROPOLITAN BANK HOLDING CORP,Financials,,small,88.38,1.364,1.0309,1.1089,1.142,STRONG_DOWN,16.88,70.0,139.27,-18.71,50.6,43.59,0.5532,LOW,-,81.7755,86.8068,77.9083,1,81.2585,TREND+LEAD,19.6017
651,99,NJR,NEW JERSEY RESOURCES CORP,Utilities,,mid,57.08,1.0034,1.0061,1.0592,1.2674,STRONG_DOWN,25.0,25.05,43.7,-10.65,55.42,16.46,0.7562,LOW,-,54.7425,53.312,47.4061,1,84.3539,TREND+LEAD,19.5482
652,13,BEAM,BEAM THERAPEUTICS INC,Health Care,,mid,25.44,1.2469,1.0181,0.9745,0.8946,STRONG_UP,1.23,55.41,-13.23,-38.15,48.59,82.31,0.9084,LOW,-,24.5045,26.4608,24.1162,1,32.7079,TREND+LEAD,19.5247
653,-92,SYNA,SYNAPTICS INC,Information Technology,,mid,75.94,1.1659,1.0141,1.0062,0.9315,STRONG_UP,15.67,45.31,-20.8,-29.31,50.2,49.41,0.7323,LOW,-,73.0885,79.1468,72.7979,1,46.0364,TREND+LEAD,19.5152
654,84,TMP,TOMPKINS FINANCIAL CORP,Financials,,small,84.2,1.1596,1.032,1.118,1.1762,STRONG_DOWN,31.16,44.53,90.73,-13.03,51.81,30.36,1.1,MED,-,76.8345,78.7826,70.1526,1,75.9899,TREND+LEAD,19.5002
655,-39,JXN,JACKSON FINANCIAL INC CLASS A,Financials,,mid,107.71,1.1532,0.9959,0.9969,0.9611,FLAT,8.85,43.73,77.7,-16.31,56.63,35.35,0.8692,LOW,-,104.5089,109.9711,99.6542,1,70.0497,TREND+LEAD,19.4797
656,40,LNT,Alliant Energy,Utilities,Electric Utilities,large,72.99,1.0005,0.9834,1.0264,1.1588,STRONG_DOWN,8.91,24.69,56.08,-7.01,57.03,16.42,0.567,LOW,-,71.4065,70.2154,66.0748,1,85.7645,TREND+LEAD,19.4634
657,-5,OSIS,OSI SYSTEMS INC,Information Technology,,mid,288.47,1.2108,1.0608,1.0329,1.0683,FLAT,15.67,50.9,103.1,-18.47,55.02,42.16,0.819,LOW,-,275.4255,275.2334,254.39,1,66.4325,TREND+LEAD,19.4232
658,-119,TROX,TRONOX HOLDINGS PLC,Materials,,small,9.12,1.4436,0.9424,1.3379,1.8398,STRONG_DOWN,144.71,79.92,-40.85,-51.47,49.8,84.53,0.9499,LOW,-,8.255,7.5747,5.1179,1,47.0863,TREND+LEAD,19.3761
659,41,DCH,DAUCH CORPORATION,Consumer Discretionary,,small,6.03,1.3983,0.9807,1.0386,0.889,FLAT,3.97,74.28,-20.55,-42.44,51.41,68.05,0.4573,LOW,-,5.6435,6.6456,6.096,0,56.1147,WEAK,19.3699
660,122,QCRH,QCR HOLDINGS INC,Financials,,small,90.28,1.0791,1.0103,1.072,1.1143,STRONG_DOWN,20.21,34.5,55.12,-16.9,53.41,25.74,1.0321,MED,-,84.1576,87.6262,79.9106,1,71.5776,TREND+LEAD,19.3676
661,134,INVA,INNOVIVA INC,Health Care,,small,23.62,1.0942,0.978,1.0529,1.2297,STRONG_DOWN,37.33,36.37,60.46,-23.53,51.41,24.7,0.7898,LOW,-,22.529,22.3286,20.251,1,75.7083,TREND+LEAD,19.3565
662,10,DAWN,DAY ONE BIOPHARMACEUTICALS INC,Health Care,,mid,21.44,2.3662,0.9702,1.0065,2.2696,STRONG_DOWN,189.34,194.91,49.1,-26.86,46.99,163.83,0.3474,LOW,-,21.3815,15.9824,9.9032,1,55.9046,TREND+LEAD,19.3396
663,-39,UCB,UNITED COMMUNITY BANKS INC,Financials,,mid,33.46,1.0863,1.0151,1.1011,1.0551,FLAT,6.02,35.39,36.73,-17.95,52.21,27.51,0.7314,LOW,-,30.9734,32.5892,31.2792,1,67.1619,TREND+LEAD,19.3329
664,88,CRH,CRH plc,Materials,Construction Materials,large,113.82,1.0334,1.0388,1.0699,0.9456,FLAT,-1.82,28.8,38.71,-23.82,47.79,38.18,1.1878,MED,-,104.0355,113.7795,112.7785,1,36.0436,TREND+LEAD,19.3298
665,54,WSR,WHITESTONE REIT,Real Estate,,small,16.94,1.0812,1.0073,1.05,1.2365,STRONG_DOWN,47.35,34.75,55.55,-12.73,53.01,21.39,0.628,LOW,-,16.3169,15.4562,13.3527,1,86.1118,TREND+LEAD,19.2937
666,26,DCOM,DIME COMMUNITY BANCSHARES INC,Financials,,small,35.01,1.1359,1.0034,1.1009,1.2028,STRONG_DOWN,16.23,41.57,91.69,-18.15,51.21,30.45,1.0843,MED,-,32.986,33.6358,29.9724,1,69.9105,TREND+LEAD,19.2905
667,43,AKAM,Akamai Technologies,Information Technology,Internet Services & Infrastructure,large,116.0,1.219,0.9714,1.1089,1.3382,STRONG_DOWN,51.44,51.93,7.84,-17.45,54.62,53.77,1.2381,MED,-,112.1685,104.8268,86.8423,1,52.7528,TREND+LEAD,19.2845
668,-47,INDB,INDEPENDENT BANK CORP,Financials,,mid,80.13,1.1349,1.0191,1.0563,1.1072,STRONG_DOWN,16.26,41.45,72.52,-14.3,48.19,25.8,0.8778,LOW,-,75.0126,78.4665,71.0648,1,77.4227,TREND+LEAD,19.28
669,77,GILD,Gilead Sciences,Health Care,Biotechnology,large,141.54,1.1077,0.9778,0.9572,1.1645,FLAT,22.7,38.06,,-13.34,51.81,29.43,0.684,LOW,-,140.2403,144.3179,123.3959,1,66.9948,TREND+LEAD,19.2648
670,-75,BIIB,Biogen,Health Care,Biotechnology,large,179.9,1.198,0.9488,0.9539,0.9791,STRONG_DOWN,18.19,49.31,-12.89,-14.34,52.21,36.94,0.9464,LOW,-,183.2095,186.2116,159.964,1,69.6892,TREND+LEAD,19.2539
671,-20,PFS,PROVIDENT FINANCIAL SERVICES INC,Financials,,mid,22.06,1.1696,1.0048,1.0539,1.1328,STRONG_DOWN,14.92,45.77,67.56,-14.49,49.8,29.72,,LOW,-,20.8125,21.65,19.5264,1,76.7014,TREND+LEAD,19.2315
672,-67,TXN,Texas Instruments,Information Technology,Semiconductors,large,208.9,1.0201,1.0315,1.0569,1.1518,STRONG_DOWN,19.82,27.14,27.71,-29.57,51.81,35.61,0.9403,LOW,-,193.895,206.2697,188.3906,1,39.4818,TREND+LEAD,19.2159
673,-30,IMAX,IMAX CORP,Communication,,mid,38.2,1.3076,0.9582,0.961,1.1386,STRONG_DOWN,16.57,62.97,129.98,-16.18,52.21,44.66,0.7471,LOW,-,38.2315,37.8906,33.3632,1,73.6146,TREND+LEAD,19.2158
674,-21,MAC,MACERICH REIT,Real Estate,,mid,20.68,1.1537,1.0343,1.073,1.1557,STRONG_DOWN,21.11,43.79,36.41,-12.8,53.41,34.26,1.1228,MED,-,18.9752,19.0907,17.6547,1,68.2684,TREND+LEAD,19.2029
675,-102,VST,Vistra Corp.,Utilities,Electric Utilities,large,155.89,1.0652,0.9814,0.9486,1.0272,FLAT,-21.69,32.76,127.23,-34.51,52.61,58.82,0.7956,LOW,PROGRESS,155.6717,160.1232,180.1148,0,29.304,WEAK,19.1898
676,-104,SCHW,Charles Schwab Corporation,Financials,Investment Banking & Brokerage,large,96.7,1.0438,1.0148,1.0369,0.9684,FLAT,3.5,30.09,37.34,-14.61,58.23,27.44,0.6835,LOW,-,93.773,96.2278,95.2391,1,63.8452,TREND+LEAD,19.1841
677,25,TJX,TJX Companies,Consumer Discretionary,Apparel Retail,large,161.64,1.0415,0.9669,1.0122,1.0705,STRONG_DOWN,13.95,29.8,70.76,-10.13,51.81,19.78,0.6232,LOW,-,157.5095,156.2853,144.4714,1,78.0528,TREND+LEAD,19.1699
678,-45,TILE,INTERFACE INC,Industrials,,small,26.25,1.083,0.9923,0.9558,0.9312,STRONG_UP,-2.27,34.97,60.7,-29.88,48.59,32.18,1.195,MED,-,25.8032,29.3604,27.1412,0,52.8061,WEAK,19.163
679,-9,FRT,Federal Realty Investment Trust,Real Estate,Retail REITs,mid,107.39,0.9971,0.9814,1.0153,1.0861,STRONG_DOWN,12.47,24.27,13.79,-6.96,51.81,17.1,1.544,HIGH,-,104.488,104.6372,97.6833,1,73.5308,TREND_ONLY,19.1503
680,0,KURA,KURA ONCOLOGY INC,Health Care,,small,8.79,1.1814,1.0216,0.9483,0.8969,STRONG_UP,-6.79,47.24,-57.5,-39.04,50.2,48.74,0.7007,LOW,-,8.4525,8.4002,8.6479,1,48.6511,TREND+LEAD,19.1062
681,47,PAX,PATRIA INVESTMENTS LTD CLASS A,Financials,,mid,12.39,0.994,0.9501,1.0454,0.7322,FLAT,-9.76,23.88,-6.95,-35.64,55.42,34.3,1.0938,MED,PROGRESS,11.81,12.8879,14.0449,0,38.5919,WEAK,19.0601
682,34,UVSP,UNIVEST FINANCIAL CORP,Financials,,small,36.82,1.1258,1.0249,1.1059,1.1559,STRONG_DOWN,24.4,40.31,96.63,-14.01,49.8,27.52,1.3394,MED,-,33.874,34.1403,31.6604,1,72.9532,TREND+LEAD,19.0519
683,32,CWK,CUSHMAN AND WAKEFIELD LTD,Real Estate,,mid,13.54,1.2662,1.0499,1.0962,0.8238,FLAT,-10.8,57.81,27.62,-31.4,50.2,58.03,0.7303,LOW,SHIFT,12.279,13.4504,14.6048,0,50.0087,WEAK,19.0395
684,-94,CRWD,CrowdStrike,Information Technology,Systems Software,large,426.51,0.9053,1.0511,0.9765,0.906,STRONG_UP,-11.99,12.83,37.24,-37.18,52.61,53.12,1.1946,MED,SHIFT,411.0495,410.9442,462.8853,0,12.7072,WEAK,18.9909
685,140,EE,EXCELERATE ENERGY INC CLASS A,Energy,,mid,34.75,1.0739,1.047,0.9673,1.2384,FLAT,30.04,33.84,122.95,-27.46,53.41,44.85,1.4071,MED,-,33.758,36.8362,29.1745,1,40.3031,TREND+LEAD,18.9681
686,124,NBN,NORTHEAST BANK,Financials,,small,120.56,1.1076,1.0158,1.1134,1.149,STRONG_DOWN,26.89,38.04,123.22,-27.57,51.81,33.49,1.0655,MED,-,110.9985,113.991,102.5613,1,58.8553,TREND+LEAD,18.9553
687,46,FAST,Fastenal,Industrials,Trading Companies & Distributors,large,48.18,1.0323,1.0015,1.0396,1.2136,STRONG_DOWN,2.63,28.66,32.56,-21.9,54.22,29.3,0.8308,LOW,-,45.5575,45.7672,44.3681,1,53.0303,TREND+LEAD,18.9206
688,6,RYTM,RHYTHM PHARMACEUTICALS INC,Health Care,,mid,85.48,1.1387,0.9402,0.9181,0.856,STRONG_UP,-14.37,41.92,96.01,-35.54,51.0,55.7,,LOW,EARLY,85.8835,94.0494,97.3583,0,38.3852,WEAK,18.9151
689,142,MITK,MITEK SYSTEMS INC,Information Technology,,small,14.09,1.4167,0.9932,0.9608,1.3548,FLAT,51.18,76.57,-3.43,-18.01,49.0,69.64,1.6974,HIGH,-,13.965,13.1602,10.5806,1,53.8736,TREND+LEAD,18.8903
690,128,CTBI,COMMUNITY TRUST BANCORP INC,Financials,,small,64.2,1.1103,1.0105,1.0908,1.1517,STRONG_DOWN,18.47,38.37,64.13,-12.48,53.01,31.33,1.6271,HIGH,-,60.1631,61.0916,56.4125,1,64.9284,TREND+LEAD,18.8818
691,-20,LXP,LXP INDUSTRIAL TRUST,Real Estate,,mid,49.5,1.0972,1.0428,1.0557,1.0191,FLAT,10.08,36.75,19.76,-11.01,52.61,25.78,0.888,LOW,-,46.5753,47.7071,45.1276,1,75.0018,TREND+LEAD,18.8788
692,80,DX,DYNEX CAPITAL REIT INC,Financials,,mid,13.08,1.0326,0.9944,0.9742,0.9897,FLAT,9.42,28.7,42.78,-15.27,53.41,22.32,0.7172,LOW,-,12.7383,13.3029,12.4442,1,68.6751,TREND+LEAD,18.8684
693,-75,TGT,Target Corporation,Consumer Staples,Consumer Staples Merchandise Retail,large,123.12,1.0576,0.9908,1.0187,1.2204,STRONG_DOWN,41.08,31.81,-22.67,-20.27,53.82,30.65,0.5697,LOW,-,117.9125,115.3591,99.7717,1,55.8495,TREND+LEAD,18.849
694,7,FFIV,"F5, Inc.",Information Technology,Communications Equipment,large,304.76,0.9257,0.9991,1.064,1.1572,STRONG_DOWN,-7.86,15.38,55.43,-34.73,52.61,37.17,1.0989,MED,-,291.47,283.429,287.2682,1,21.7661,TREND_ONLY,18.8328
695,-60,ATEN,A10 NETWORKS INC,Information Technology,,small,25.03,1.2617,1.0075,1.2132,1.4543,STRONG_DOWN,39.02,57.25,88.06,-17.26,53.41,38.94,0.8782,LOW,-,22.5405,20.7167,18.508,1,78.5214,TREND+LEAD,18.8274
696,119,NMRK,NEWMARK GROUP INC CLASS A,Real Estate,,mid,15.38,1.126,1.0012,1.0882,0.8919,FLAT,-10.59,40.34,41.64,-29.08,49.8,47.71,1.0697,MED,SHIFT,14.598,15.1578,16.2884,0,42.1056,WEAK,18.8045
697,-24,D,Dominion Energy,Utilities,Multi-Utilities,large,63.2,1.0155,0.9872,1.0065,1.1384,STRONG_DOWN,6.12,26.56,39.97,-9.77,52.61,18.25,,LOW,-,61.8215,62.3135,59.2804,1,76.5649,TREND+LEAD,18.768
698,260,COLL,COLLEGIUM PHARMACEUTICAL INC,Health Care,,small,33.43,1.0172,0.9745,0.9122,0.7196,STRONG_UP,0.12,26.77,-13.82,-35.81,53.82,39.77,1.5233,HIGH,-,33.9737,40.0067,39.1425,0,36.2312,WEAK,18.7589
699,62,MLM,Martin Marietta Materials,Materials,Construction Materials,large,624.36,1.0457,1.0104,1.0267,1.0174,FLAT,-0.58,30.33,3.39,-20.72,54.22,33.28,0.6546,LOW,-,585.123,631.7245,614.5297,1,49.4144,TREND+LEAD,18.751
700,20,URI,United Rentals,Industrials,Trading Companies & Distributors,large,760.69,1.0075,1.0079,0.9796,0.8805,STRONG_UP,-22.72,25.57,11.13,-30.04,55.42,46.07,0.9021,LOW,PROGRESS,736.723,805.101,856.9568,0,30.7627,WEAK,18.7425
701,-168,KALV,KALVISTA PHARMACEUTICALS INC,Health Care,,small,19.27,1.429,0.9448,1.044,1.1997,STRONG_DOWN,76.47,78.1,63.17,-32.79,49.4,62.0,0.7808,LOW,-,18.054,16.6354,14.4191,1,62.225,TREND+LEAD,18.7284
702,84,BUSE,FIRST BUSEY CORP,Financials,,mid,26.68,1.0927,1.0149,1.0636,1.1448,STRONG_DOWN,17.54,36.18,23.09,-11.82,49.0,26.19,1.4413,MED,-,25.078,25.5308,23.8712,1,67.6978,TREND+LEAD,18.7203
703,-55,SIG,SIGNET JEWELERS LTD,Consumer Discretionary,,mid,90.46,1.2404,1.0023,0.9952,1.0108,FLAT,-3.44,54.59,-9.26,-25.69,51.0,53.73,0.7569,LOW,-,86.1065,90.8898,90.141,1,51.8171,TREND+LEAD,18.7189
704,-78,SLAB,SILICON LABORATORIES INC,Information Technology,,mid,210.36,1.6979,0.9816,1.0371,1.4784,STRONG_DOWN,59.74,111.61,54.97,-24.37,51.81,100.51,0.7328,LOW,-,206.51,197.9796,151.2238,1,57.5309,TREND+LEAD,18.7035
705,0,WST,West Pharmaceutical Services,Health Care,Health Care Supplies,large,265.93,1.0521,1.0199,1.1361,0.9725,FLAT,0.16,31.12,-31.82,-24.7,48.19,36.17,0.497,LOW,-,245.575,244.222,253.9237,1,41.4618,TREND+LEAD,18.7009
706,38,HWKN,HAWKINS INC,Materials,,mid,147.11,1.0563,0.9128,0.9913,1.0126,STRONG_DOWN,-16.24,31.65,91.33,-34.79,53.01,44.27,1.2521,MED,SHIFT,146.1025,144.6719,152.8998,0,37.9034,WEAK,18.6744
707,-3,TCBK,TRICO BANCSHARES,Financials,,small,50.16,1.096,1.0148,1.0587,1.0722,STRONG_DOWN,16.37,36.6,54.78,-12.37,52.61,23.2,0.9153,LOW,-,47.4045,48.6525,45.3692,1,83.0048,TREND+LEAD,18.6727
708,-119,ARCB,ARCBEST CORP,Industrials,,mid,108.34,1.2193,1.0537,1.1558,1.3204,STRONG_DOWN,50.71,51.97,-27.6,-30.6,49.8,52.54,0.9582,LOW,-,93.683,97.9493,80.3859,1,49.2558,TREND+LEAD,18.6633
709,33,RCAT,RED CAT HOLDINGS INC,Industrials,,small,13.04,1.4044,1.0403,0.888,1.2694,FLAT,-11.83,75.03,1459.81,-60.08,48.19,122.08,0.8407,LOW,-,14.3902,13.75,10.7513,1,29.6188,TREND+LEAD,18.6496
710,-122,TALK,TALKSPACE INC,Health Care,,small,5.16,1.4179,0.9693,0.9932,1.3123,STRONG_DOWN,89.01,76.71,36.51,-33.43,47.39,59.33,0.5047,LOW,-,5.1527,4.6685,3.4056,1,61.2742,TREND+LEAD,18.6494
711,-32,SBH,SALLY BEAUTY HOLDINGS INC,Consumer Discretionary,,small,13.95,1.3215,0.9549,0.9272,0.9667,FLAT,-12.21,64.7,25.79,-21.82,51.41,45.79,0.6274,LOW,-,13.8885,15.0106,14.1079,0,72.6397,WEAK,18.5984
712,-89,ETN,Eaton Corporation,Industrials,Electrical Components & Equipment,large,385.58,1.1013,1.0224,1.0668,1.2194,STRONG_DOWN,4.27,37.26,25.62,-19.36,53.01,35.23,0.6053,LOW,-,361.5935,364.5356,356.7774,1,56.0665,TREND+LEAD,18.5728
713,-91,SONO,SONOS INC,Consumer Discretionary,,small,13.28,1.1866,0.9382,0.9323,0.8114,STRONG_UP,-24.33,47.88,-26.75,-33.72,49.0,42.01,0.8428,LOW,-,13.379,14.5676,14.9489,0,55.8516,WEAK,18.5363
714,-161,CTRA,Coterra,Energy,Oil & Gas Exploration & Production,large,33.46,1.0733,0.9561,1.1072,1.3557,STRONG_DOWN,38.57,33.77,28.24,-15.51,57.03,30.39,0.6572,LOW,-,34.0425,31.6716,26.2788,1,63.3734,TREND+LEAD,18.5257
715,90,CME,CME Group,Financials,Financial Exchanges & Data,large,302.81,0.9927,0.9884,0.9875,1.182,FLAT,18.16,23.72,56.81,-10.13,58.23,21.67,1.3347,MED,-,304.574,301.1643,273.558,1,63.7296,TREND_ONLY,18.4751
716,-67,EQIX,Equinix,Real Estate,Data Center REITs,large,1017.66,1.0477,0.9904,1.0634,1.3404,STRONG_DOWN,30.79,30.58,32.64,-19.63,53.01,29.43,0.7856,LOW,-,979.456,930.6852,814.8695,1,55.0756,TREND+LEAD,18.4676
717,179,MBWM,MERCANTILE BANK CORP,Financials,,small,53.0,1.0677,1.0063,1.0556,1.1144,STRONG_DOWN,18.73,33.07,52.01,-12.91,50.6,26.65,1.5344,HIGH,-,50.3235,51.6231,47.666,1,62.785,TREND+LEAD,18.455
718,83,CPF,CENTRAL PACIFIC FINANCIAL CORP,Financials,,small,33.29,1.0973,0.9996,1.0697,1.0952,STRONG_DOWN,11.86,36.76,84.98,-12.3,52.61,27.03,1.2346,MED,-,31.515,32.3062,30.0557,1,71.5464,TREND+LEAD,18.4424
719,38,NIC,NICOLET BANKSHARES INC,Financials,,mid,155.29,1.1754,1.0062,1.0283,1.2761,STRONG_DOWN,17.38,46.49,90.33,-17.88,50.6,35.21,0.8238,LOW,-,147.0195,150.0931,134.1613,1,66.808,TREND+LEAD,18.3758
720,-11,SOUN,SOUNDHOUND AI INC CLASS A,Information Technology,,mid,6.79,0.617,0.9852,0.8586,0.6245,STRONG_UP,-62.69,-23.1,40.0,-72.43,43.78,74.62,0.8091,LOW,EARLY,6.8487,7.7059,11.9484,0,-13.5547,WEAK,18.3271
721,0,TKO,TKO Group Holdings,Communication Services,Movies & Entertainment,large,197.05,1.0792,0.9499,0.9614,0.9919,STRONG_DOWN,0.32,34.51,105.48,-15.92,55.02,37.16,1.0932,MED,-,196.7407,203.539,192.0074,1,51.093,TREND+LEAD,18.2748
722,-329,AAPL,Apple Inc.,Information Technology,"Technology Hardware, Storage & Peripherals",large,258.9,1.0492,0.9817,0.9916,1.0127,STRONG_DOWN,1.14,30.77,53.98,-13.8,53.41,25.06,0.834,LOW,-,253.065,260.7073,249.7032,1,65.5713,TREND+LEAD,18.2623
723,236,CCEP,Coca-Cola Europacific Partners,Consumer Staples,Soft Drinks,large,97.42,0.9428,1.0211,0.9568,1.1601,FLAT,12.26,17.51,50.11,-17.89,56.22,25.21,1.5934,HIGH,-,94.9845,98.225,92.2708,1,39.0477,TREND_ONLY,18.2576
724,-29,CATY,CATHAY GENERAL BANCORP,Financials,,mid,52.9,1.0882,1.0115,1.1047,1.0881,FLAT,9.76,35.63,50.76,-12.33,51.81,26.52,0.6954,LOW,-,49.0895,50.5068,48.2449,1,69.6065,TREND+LEAD,18.2528
725,74,ALHC,ALIGNMENT HEALTHCARE INC,Health Care,,mid,21.31,0.9222,1.1572,1.1762,1.0358,FLAT,25.5,14.94,343.04,-41.15,51.41,57.65,1.5519,HIGH,-,18.0,19.4396,17.5274,1,13.3235,TREND_ONLY,18.2419
726,-62,ASB,ASSOCIATED BANCORP,Financials,,mid,27.22,1.0995,1.0082,1.0812,1.0553,FLAT,4.5,37.03,36.69,-16.37,49.8,29.03,0.7938,LOW,-,25.233,26.4471,25.5383,1,63.5205,TREND+LEAD,18.2351
727,-71,FLR,FLUOR CORP,Industrials,,mid,49.15,1.1355,1.0019,1.0921,1.1261,STRONG_DOWN,14.52,41.52,18.49,-30.19,49.8,43.37,0.7467,LOW,-,46.074,47.4284,45.8043,1,47.6761,TREND+LEAD,18.2307
728,-109,DEC,DIVERSIFIED ENERGY COMPANY,Energy,,small,16.55,1.2507,0.9583,1.1611,1.277,STRONG_DOWN,24.31,55.88,50.38,-24.8,55.02,45.7,0.9918,LOW,-,16.2765,14.5099,13.9663,1,67.2784,TREND+LEAD,18.1705
729,71,HSY,Hershey Company (The),Consumer Staples,Packaged Foods & Meats,large,208.99,1.0528,0.9984,0.9533,1.1884,FLAT,9.05,31.22,14.11,-17.0,51.41,30.02,0.5198,LOW,-,212.3845,216.5944,189.2521,1,53.4634,TREND+LEAD,18.1185
730,-18,HON,Honeywell,Industrials,Industrial Conglomerates,large,232.47,1.0153,0.9874,0.9652,1.1912,FLAT,19.32,26.54,29.67,-16.03,51.0,24.41,0.8636,LOW,-,228.203,233.508,209.5427,1,55.4477,TREND+LEAD,18.1059
731,0,MPB,MID PENN BANCORP INC,Financials,,small,33.87,1.1045,1.0142,1.065,1.1319,STRONG_DOWN,19.61,37.65,80.76,-15.49,51.41,29.04,1.4426,MED,-,31.777,32.5292,29.9707,1,66.654,TREND+LEAD,18.0935
732,42,ORC,ORCHID ISLAND CAPITAL INC,Financials,,small,7.18,1.0892,0.9985,0.9798,1.0218,FLAT,10.89,35.75,20.63,-15.79,49.0,24.53,0.5808,LOW,-,7.0038,7.2262,6.7291,1,71.4192,TREND+LEAD,18.0674
733,113,XERS,XERIS BIOPHARMA HOLDINGS INC,Health Care,,small,5.92,1.097,0.95,1.0162,0.8353,FLAT,-28.5,36.72,193.07,-46.57,49.0,50.62,1.1303,MED,-,5.6355,6.2772,6.9568,0,35.5454,WEAK,18.06
734,-50,SXT,SENSIENT TECHNOLOGIES CORP,Materials,,mid,93.94,1.0458,0.9946,1.0311,1.0252,FLAT,2.63,30.34,36.08,-30.7,49.8,32.84,0.859,LOW,SHIFT,88.489,92.5676,98.3896,0,46.002,WEAK,18.0268
735,74,PFE,Pfizer,Health Care,Pharmaceuticals,large,27.47,1.0512,0.9326,1.0104,1.1239,STRONG_DOWN,8.19,31.01,16.92,-11.47,52.61,23.67,0.7465,LOW,-,27.362,27.0976,24.9549,1,68.9223,TREND+LEAD,18.0203
736,-179,WHD,CACTUS INC CLASS A,Energy,,mid,52.7,1.0932,1.0875,1.0833,1.0839,FLAT,45.47,36.25,4.25,-30.07,52.61,45.87,0.9727,LOW,-,47.755,52.2586,45.1945,1,41.5802,TREND+LEAD,18.0073
737,-56,UMBF,UMB FINANCIAL CORP,Financials,,mid,120.06,1.0361,1.015,1.0642,1.0196,FLAT,2.18,29.14,46.61,-18.57,49.0,29.1,1.2556,MED,-,112.1475,119.3121,115.1271,1,49.0627,TREND+LEAD,17.9901
738,-62,TPL,Texas Pacific Land Corporation,Energy,Oil & Gas Exploration & Production,large,448.28,0.8593,0.9893,0.86,1.6225,FLAT,40.57,7.1,134.0,-42.34,53.41,51.52,0.733,LOW,-,501.1415,466.253,350.4855,1,7.3555,TREND_ONLY,17.9726
739,45,ACA,ARCOSA INC,Industrials,,mid,110.1,1.1321,0.9879,1.0162,1.0426,STRONG_DOWN,21.29,41.1,32.25,-21.45,50.6,42.22,1.3087,MED,-,105.625,113.664,101.9884,1,49.2586,TREND+LEAD,17.9571
740,-22,TT,Trane Technologies,Industrials,Building Products,large,449.47,1.0593,1.0176,1.0354,1.2176,STRONG_DOWN,6.49,32.02,51.74,-20.16,53.82,33.79,0.5828,LOW,-,423.903,436.7126,421.1653,1,51.0029,TREND+LEAD,17.9378
741,-163,VVX,V2X INC,Industrials,,mid,70.57,1.1388,0.9852,0.9925,1.2211,STRONG_DOWN,19.19,41.93,53.81,-16.34,53.41,33.67,0.7777,LOW,-,68.886,68.8038,58.9083,1,66.5203,TREND+LEAD,17.9171
742,-145,WWW,WOLVERINE WORLD WIDE INC,Consumer Discretionary,,small,16.81,1.117,0.9947,1.0278,0.957,FLAT,-32.19,39.21,79.93,-54.62,49.4,52.93,0.5382,LOW,-,16.2111,17.0726,20.9582,0,36.5942,WEAK,17.9043
743,-26,ZS,Zscaler,Technology,EDP Services,large,137.85,0.5472,0.9776,0.8793,0.6067,STRONG_UP,-52.91,-31.8,-26.87,-60.4,51.81,58.12,0.9432,LOW,EARLY,145.464,161.1942,248.4915,0,-28.3457,WEAK,17.8936
744,-76,YOU,CLEAR SECURE INC CLASS A,Information Technology,,mid,50.41,1.5745,0.9953,1.0976,1.4426,STRONG_DOWN,64.97,96.24,162.4,-22.91,51.41,90.16,0.9243,LOW,-,49.4775,42.2775,35.4047,1,54.8754,TREND+LEAD,17.7724
745,61,CDP,COPT DEFENSE PROPERTIES,Real Estate,,mid,31.72,1.034,1.0054,0.9901,1.1554,FLAT,13.49,28.87,44.6,-10.71,49.8,20.68,0.5422,LOW,-,31.1564,31.3123,28.9223,1,69.5233,TREND+LEAD,17.758
746,-137,MEG,MONTROSE ENVIRONMENTAL GRP INC,Industrials,,small,22.55,1.4213,0.9771,0.8387,0.9096,FLAT,-21.32,77.14,-50.04,-34.03,51.41,71.48,0.4597,LOW,-,22.8845,23.8076,25.3556,0,55.4812,WEAK,17.7524
747,8,CNP,CenterPoint Energy,Utilities,Multi-Utilities,large,43.68,0.9889,0.9789,1.011,1.1836,STRONG_DOWN,12.01,23.25,62.46,-8.39,54.22,16.07,0.7536,LOW,-,43.053,42.2609,39.0018,1,78.4308,TREND_ONLY,17.7096
748,-119,PRCH,PORCH GROUP INC,Information Technology,,small,7.18,0.9715,0.9507,0.9376,0.7939,STRONG_UP,-54.7,21.08,66.2,-66.39,48.19,71.07,1.0783,MED,-,7.3365,7.6334,11.7228,0,14.2931,WEAK,17.7028
749,-90,FIHL,FIDELIS INSURANCE HOLDINGS LTD,Financials,,small,19.69,1.0227,1.0045,1.0486,1.0566,STRONG_DOWN,6.66,27.46,8.16,-15.99,56.63,21.02,0.8289,LOW,-,18.9845,19.1214,17.969,1,73.9692,TREND+LEAD,17.7012
750,-37,PIPR,PIPER SANDLER COMPANIES,Financials,,mid,81.56,1.1175,1.0319,1.1232,0.9241,FLAT,-2.02,39.27,72.45,-24.56,52.61,43.04,0.8794,LOW,-,74.8024,77.9801,80.6828,1,48.0063,TREND+LEAD,17.6872
751,-66,DOV,Dover Corporation,Industrials,Industrial Machinery & Supplies & Components,large,216.69,1.0597,1.0132,1.0296,1.1082,STRONG_DOWN,32.33,32.07,24.85,-15.34,50.2,27.15,0.6262,LOW,-,209.3445,216.1957,190.8008,1,59.2942,TREND+LEAD,17.6626
752,35,CASH,PATHWARD FINANCIAL INC,Financials,,mid,94.93,1.0858,1.0221,1.0588,1.322,STRONG_DOWN,27.55,35.32,91.68,-20.68,51.41,30.92,0.8735,LOW,-,90.306,91.0118,78.9783,1,58.7316,TREND+LEAD,17.6451
753,-90,SLB,Schlumberger,Energy,Oil & Gas Equipment & Services,large,51.88,1.1923,1.0051,1.0773,1.253,STRONG_DOWN,52.86,48.6,1.31,-14.3,49.0,39.05,0.8793,LOW,-,49.0085,49.4977,39.4069,1,60.9819,TREND+LEAD,17.6407
754,-19,HTB,HOMETRUST BANCSHARES INC,Financials,,small,44.84,1.0804,1.0103,1.0633,1.06,FLAT,11.82,34.65,80.46,-9.67,52.21,24.12,0.5609,LOW,-,42.473,42.9632,41.1784,1,75.0039,TREND+LEAD,17.6359
755,23,TPB,TURNING POINT BRANDS INC,Consumer Staples,,small,74.29,1.0337,0.9698,0.8136,0.7326,STRONG_UP,-16.99,28.83,167.38,-49.88,56.22,65.26,1.035,MED,-,84.321,107.165,98.1868,0,24.8357,WEAK,17.6207
756,-15,XYZ,"Block, Inc.",Financials,Transaction & Payment Processing Services,large,62.83,0.9004,1.0228,0.9568,0.8943,STRONG_UP,-20.49,12.22,-21.44,-39.48,54.22,61.0,0.7225,LOW,SHIFT,59.8295,58.7734,68.0523,0,10.8586,WEAK,17.5993
757,106,WINA,WINMARK CORP,Consumer Discretionary,,small,439.97,1.0871,0.9847,0.9935,1.055,STRONG_DOWN,-8.69,35.49,,-24.17,58.63,37.94,1.4231,MED,-,428.14,441.6007,424.7121,1,54.8424,TREND+LEAD,17.5307
758,2,STEL,STELLAR BANCORP INC,Financials,,small,37.3,1.1682,0.9824,1.0283,1.2159,STRONG_DOWN,22.66,45.59,62.29,-11.68,51.81,30.7,0.6375,LOW,-,36.0959,37.0574,32.004,1,76.9394,TREND+LEAD,17.4819
759,-52,ESQ,ESQUIRE FINANCIAL HOLDINGS INC,Financials,,small,114.97,1.1764,1.026,1.1479,1.0806,FLAT,10.97,46.61,145.96,-15.42,55.02,37.79,0.7873,LOW,-,107.6257,107.3655,101.9227,1,67.8686,TREND+LEAD,17.4549
760,-1,BY,BYLINE BANCORP INC,Financials,,small,33.09,1.0895,1.0051,1.0684,1.1434,STRONG_DOWN,20.17,35.79,61.2,-12.64,52.61,24.83,0.5488,LOW,-,31.1175,31.7957,28.9334,1,75.8322,TREND+LEAD,17.4273
761,-120,ADNT,ADIENT PLC,Consumer Discretionary,,small,20.74,1.3996,0.9651,0.9718,1.0904,STRONG_DOWN,-14.62,74.43,-34.74,-31.19,47.79,57.61,0.7917,LOW,-,20.3245,22.4134,22.0842,0,61.7448,WEAK,17.4263
762,52,VRDN,VIRIDIAN THERAPEUTICS ORS INC,Health Care,,small,14.47,0.9847,0.7324,0.4952,0.4815,STRONG_UP,-31.1,22.73,-14.12,-58.85,49.8,91.93,2.237,HIGH,-,24.1395,27.6008,24.4429,0,12.3138,WEAK,17.4039
763,-73,FOXA,Fox Corporation (Class A),Communication Services,Broadcasting,large,60.22,0.947,0.9985,1.0344,0.8205,FLAT,-1.62,18.02,96.15,-28.89,57.43,29.24,0.8001,LOW,SHIFT,58.393,60.0612,61.7178,0,35.401,WEAK,17.3543
764,-388,MGY,MAGNOLIA OIL GAS CORP CLASS A,Energy,,mid,29.86,1.1123,0.9593,1.0376,1.4389,STRONG_DOWN,26.51,38.63,17.52,-15.34,53.01,31.57,0.7064,LOW,-,30.7,28.4424,24.314,1,64.8692,TREND+LEAD,17.3344
765,-57,PCAR,Paccar,Industrials,Construction Machinery & Heavy Transportation Equipment,large,124.19,1.0881,1.0232,1.0424,1.0986,STRONG_DOWN,30.87,35.61,11.24,-14.07,44.58,26.36,0.9567,LOW,-,115.9665,121.2733,105.8127,1,60.2181,TREND+LEAD,17.3339
766,50,ORRF,ORRSTOWN FINANCIAL SERVICES INC,Financials,,small,38.04,1.1548,1.016,1.0808,1.1028,STRONG_DOWN,14.64,43.93,55.35,-13.19,49.4,29.11,0.5642,LOW,-,35.3945,36.2798,34.5915,1,74.546,TREND+LEAD,17.2952
767,-20,BRSP,BRIGHTSPIRE CAPITAL INC CLASS A,Financials,,small,5.79,1.1021,1.0094,1.0391,1.0563,STRONG_DOWN,20.44,37.36,11.22,-12.12,49.0,24.18,0.7207,LOW,-,5.4918,5.6031,5.2584,1,75.7011,TREND+LEAD,17.2833
768,-71,ZGN,ERMENEGILDO ZEGNA NV,Consumer Discretionary,,mid,11.05,1.2791,0.9862,1.0298,1.0747,STRONG_DOWN,8.87,59.42,-5.5,-21.88,49.4,53.97,0.7719,LOW,-,10.118,10.3768,9.7231,1,54.3856,TREND+LEAD,17.2555
769,195,COMP,COMPASS INC CLASS A,Real Estate,,mid,7.44,0.7425,1.0044,0.8427,0.6392,STRONG_UP,0.4,-7.46,92.75,-50.81,48.19,70.98,1.5529,HIGH,EARLY,7.712,9.5712,9.0823,0,-5.0666,WEAK,17.2499
770,-47,PEB,PEBBLEBROOK HOTEL TRUST REIT,Real Estate,,small,13.38,1.1486,1.0244,1.05,1.1754,STRONG_DOWN,25.96,43.15,-15.81,-16.39,46.99,37.69,1.6474,HIGH,-,12.4301,12.3899,11.3066,1,53.7962,TREND+LEAD,17.2477
771,31,XEL,Xcel Energy,Utilities,Multi-Utilities,large,81.46,0.9832,0.9906,1.0012,1.1401,STRONG_DOWN,1.03,22.54,60.12,-11.5,55.02,17.82,0.8008,LOW,-,79.5991,79.384,75.3194,1,69.5875,TREND_ONLY,17.2421
772,-38,ANF,ABERCROMBIE AND FITCH CLASS A,Consumer Discretionary,,mid,101.97,1.0594,1.0486,1.1732,0.8156,FLAT,35.15,32.03,-12.19,-36.96,49.0,57.61,,LOW,-,89.6765,92.9368,92.3121,1,27.2466,TREND+LEAD,17.2399
773,46,CAKE,CHEESECAKE FACTORY INC,Consumer Discretionary,,mid,57.55,0.9862,1.0087,0.9196,1.057,FLAT,7.65,22.92,74.96,-36.39,53.82,37.39,0.6504,LOW,-,56.598,59.6564,56.6104,1,32.9859,TREND_ONLY,17.2296
774,-35,PFG,Principal Financial Group,Financials,Life & Health Insurance,large,94.2,1.016,1.0136,1.0582,1.0639,STRONG_DOWN,14.81,26.63,22.38,-11.96,52.21,25.81,1.1333,MED,-,88.294,91.1384,83.7964,1,53.8598,TREND+LEAD,17.1846
775,-92,AES,AES Corporation,Utilities,Independent Power Producers & Energy Traders,large,14.4,1.0965,0.9829,1.0124,1.0258,STRONG_DOWN,2.47,36.66,-12.86,-23.27,52.21,47.25,0.4934,LOW,-,14.176,14.9932,13.6624,1,40.5076,TREND+LEAD,17.1704
776,41,STKL,SUNOPTA INC,Consumer Staples,,small,6.48,1.2838,0.9678,1.0052,1.7816,STRONG_DOWN,10.2,60.0,-2.26,-50.22,44.58,72.83,,LOW,-,6.47,6.1724,5.501,1,36.7266,TREND+LEAD,17.1676
777,0,DE,Deere & Company,Industrials,Agricultural & Farm Machinery,large,609.32,1.0944,1.0349,1.03,1.3082,FLAT,32.87,36.39,52.25,-16.83,51.0,38.33,0.9046,LOW,-,574.1248,584.7709,506.6956,1,48.4241,TREND+LEAD,17.1652
778,11,CAC,CAMDEN NATIONAL CORP,Financials,,small,50.31,1.096,1.0121,1.0964,1.1736,STRONG_DOWN,33.16,36.6,72.32,-16.82,52.21,31.53,1.1223,MED,-,46.8435,47.628,42.02,1,60.6104,TREND+LEAD,17.1546
779,49,IIIN,INSTEEL INDUSTRIES INC,Industrials,,small,35.39,1.1535,1.0042,1.0685,1.129,STRONG_DOWN,-4.02,43.76,4.88,-24.12,51.41,35.92,0.5562,LOW,-,32.8425,34.6312,34.2599,1,62.6349,TREND+LEAD,17.1361
780,0,OSW,ONESPAWORLD HOLDINGS LTD,Consumer Discretionary,,mid,24.31,1.1155,1.0035,1.1581,1.1356,FLAT,15.34,39.03,89.27,-16.73,52.21,36.03,0.6215,LOW,-,22.249,21.6247,21.2992,1,56.5619,TREND+LEAD,17.1087
781,-49,KOP,KOPPERS HOLDINGS INC,Materials,,small,37.36,1.1827,0.9618,1.0036,1.4146,STRONG_DOWN,41.86,47.4,-31.82,-23.96,50.2,38.0,0.6548,LOW,-,37.3985,35.345,30.7534,1,62.619,TREND+LEAD,17.1067
782,9,VC,VISTEON CORP,Consumer Discretionary,,mid,97.02,1.0647,1.0149,1.0687,0.9776,FLAT,-17.33,32.7,-14.18,-33.97,48.59,44.63,0.5669,LOW,SHIFT,89.042,93.3508,104.9302,0,35.6001,WEAK,17.0349
783,-29,WRBY,WARBY PARKER INC CLASS A,Consumer Discretionary,,mid,21.3,1.0339,0.9643,0.8332,0.8005,STRONG_UP,-13.8,28.86,54.46,-42.26,48.59,76.91,0.6372,LOW,EARLY,22.5095,23.755,23.7901,0,18.231,WEAK,17.033
784,77,INTU,Intuit,Information Technology,Application Software,large,389.51,0.5275,0.8865,0.8572,0.6097,STRONG_UP,-40.59,-34.26,-38.83,-55.41,49.4,51.63,1.1925,MED,EARLY,433.8455,433.3256,619.5787,0,-32.7759,WEAK,16.9658
785,59,ORIC,ORIC PHARMACEUTICALS INC,Health Care,,small,9.05,1.5483,1.1735,0.7181,1.0607,FLAT,-35.91,92.96,-15.18,-48.13,48.19,121.76,0.8448,LOW,-,11.0043,11.4117,11.0368,0,36.7931,WEAK,16.9545
786,-124,VRSN,Verisign,Information Technology,Internet Services & Infrastructure,large,270.9,0.8996,1.0471,1.1342,1.1347,STRONG_DOWN,0.91,12.12,44.59,-30.21,55.02,31.34,1.0271,MED,-,248.653,237.4349,256.2001,1,21.2783,TREND_ONLY,16.9383
787,-76,CNX,CNX RESOURCES CORP,Energy,,mid,38.58,1.0547,0.9731,0.9674,1.0665,FLAT,14.92,31.45,57.21,-20.14,54.62,34.02,0.6757,LOW,-,40.2865,39.9128,35.1607,1,50.4907,TREND+LEAD,16.9309
788,-40,FBK,FB FINANCIAL CORP,Financials,,mid,55.9,1.0557,1.0295,1.0839,1.0025,FLAT,-4.37,31.57,57.43,-17.08,53.82,30.86,0.5777,LOW,-,52.126,55.2275,53.7135,1,55.059,TREND+LEAD,16.9203
789,134,BHRB,BURKE HERBERT FINANCIAL SERVICES C,Financials,,small,64.43,1.0229,1.0013,1.022,1.0582,STRONG_DOWN,8.8,27.49,26.14,-13.49,51.81,25.84,1.5569,HIGH,-,62.0195,64.5852,62.1379,1,55.1084,TREND+LEAD,16.8825
790,47,SBRA,SABRA HEALTH CARE REIT INC,Real Estate,,mid,20.08,1.0151,0.9986,0.9635,1.053,FLAT,15.02,26.52,61.24,-12.18,51.81,22.03,0.753,LOW,-,20.0245,19.7834,18.5324,1,62.3633,TREND+LEAD,16.8757
791,-40,MTD,Mettler Toledo,Health Care,Life Sciences Tools & Services,large,1322.76,0.9997,1.0063,1.0728,0.9149,FLAT,1.04,24.59,-1.04,-22.44,51.0,27.59,,LOW,SHIFT,1236.822,1307.6594,1326.7757,0,45.4611,WEAK,16.8089
792,-16,EXPD,Expeditors International,Industrials,Air Freight & Logistics,large,146.62,1.0832,0.9848,1.0361,0.9506,FLAT,20.54,35.0,24.14,-15.88,52.61,38.18,0.5591,LOW,-,143.5385,148.992,134.6482,1,48.2291,TREND+LEAD,16.7975
793,46,CNC,Centene Corporation,Health Care,Managed Health Care,large,37.28,0.4776,1.0643,1.0232,0.8286,STRONG_UP,-2.97,-40.48,-48.73,-60.52,52.21,53.44,0.7541,LOW,-,34.369,38.954,36.6547,1,-39.5442,TREND_ONLY,16.7934
794,-51,UNF,UNIFIRST CORP,Industrials,,mid,258.33,1.2061,0.9835,1.0006,1.3359,STRONG_DOWN,57.41,50.32,58.18,-21.06,51.81,49.09,0.9622,LOW,-,261.756,241.6746,191.375,1,53.1036,TREND+LEAD,16.7923
795,-2,IT,Gartner,Information Technology,IT Consulting & Other Services,large,149.4,0.2952,0.9355,0.9383,0.6187,FLAT,-39.09,-63.21,-68.21,-67.75,49.8,59.63,1.0041,MED,EARLY,157.4485,163.8128,242.3679,0,-52.793,WEAK,16.7865
796,-116,ODFL,Old Dominion,Industrials,Cargo Ground Transportation,large,207.53,1.0132,1.0076,1.0631,1.2757,STRONG_DOWN,47.31,26.28,-5.55,-28.01,51.81,46.78,0.9802,LOW,-,189.548,192.5233,161.1996,1,29.1056,TREND+LEAD,16.7835
797,-29,FULT,FULTON FINANCIAL CORP,Financials,,mid,21.33,1.0935,1.0046,1.0749,1.1181,STRONG_DOWN,17.45,36.29,46.54,-15.52,50.6,29.76,0.8528,LOW,-,19.892,20.6541,18.925,1,61.7005,TREND+LEAD,16.7825
798,-107,DJCO,DAILY JOURNAL CORP,Information Technology,,small,537.26,1.0735,1.0493,1.0203,0.9536,STRONG_UP,27.24,33.79,42.82,-29.75,57.03,54.14,1.1585,MED,-,497.83,522.4088,473.0866,1,35.5971,TREND+LEAD,16.7749
799,5,NBBK,NB BANCORP INC,Financials,,small,22.19,1.0833,1.0122,1.0427,1.1489,STRONG_DOWN,25.2,35.01,63.19,-12.31,50.6,24.44,0.8095,LOW,-,20.973,21.4113,19.3447,1,72.4826,TREND+LEAD,16.7441
800,-74,FTRE,FORTREA HOLDINGS INC,Health Care,,small,9.63,1.1979,0.9815,1.0749,0.5601,FLAT,3.44,49.3,-76.09,-51.79,49.0,74.21,0.6881,LOW,-,9.4205,11.1768,10.7127,0,32.5538,WEAK,16.7004
801,2,SERV,SERVE ROBOTICS INC,Consumer Discretionary,,small,8.37,1.146,0.9647,0.8647,0.6321,STRONG_UP,-41.18,42.83,74.37,-56.28,46.99,86.74,0.7942,LOW,-,8.9707,9.6491,11.1856,0,23.204,WEAK,16.6842
802,-127,GD,General Dynamics,Industrials,Aerospace & Defense,large,350.02,1.0543,0.9679,0.9834,1.0344,STRONG_DOWN,2.79,31.4,26.02,-7.25,52.61,23.68,0.8546,LOW,-,350.0815,352.66,333.9859,1,69.759,TREND+LEAD,16.6531
803,-37,EOSE,EOS ENERGY ENTERPRISES INC CLASS A,Industrials,,small,4.59,0.9541,0.8916,0.7154,0.334,STRONG_UP,-66.4,18.91,389.86,-77.1,48.59,123.39,0.8834,LOW,-,5.1953,8.4903,10.3181,0,7.4474,WEAK,16.6239
804,-176,DRH,DIAMONDROCK HOSPITALITY,Real Estate,,small,9.76,1.123,1.0107,1.0341,1.1151,STRONG_DOWN,28.67,39.96,10.43,-11.92,49.8,27.68,0.7406,LOW,-,9.3752,9.524,8.5116,1,71.8988,TREND+LEAD,16.5795
805,-32,URBN,URBAN OUTFITTERS INC,Consumer Discretionary,,mid,68.22,1.085,1.0377,1.0353,0.8723,STRONG_UP,-2.56,35.22,74.48,-26.32,48.19,42.96,0.8341,LOW,SHIFT,63.727,66.7372,70.8344,0,39.5111,WEAK,16.5789
806,79,HTH,HILLTOP HOLDINGS INC,Financials,,mid,37.44,1.0526,1.0083,1.0369,1.111,STRONG_DOWN,16.08,31.19,28.92,-13.52,47.39,23.2,0.3742,LOW,-,35.483,37.0302,33.8982,1,63.7124,TREND+LEAD,16.5574
807,46,TRI,Thomson Reuters,Technology,Computer Software,large,86.11,0.4139,0.9479,0.8295,0.6901,STRONG_UP,-42.5,-48.42,-42.47,-61.67,45.38,58.21,0.8689,LOW,EARLY,92.0565,95.0641,142.7302,0,-37.7441,WEAK,16.5414
808,33,AEE,Ameren,Utilities,Multi-Utilities,large,112.86,0.967,0.9874,1.0214,1.1668,STRONG_DOWN,9.4,20.52,62.03,-7.9,57.43,16.2,0.7952,LOW,-,110.0115,108.6326,101.7949,1,72.7507,TREND_ONLY,16.5299
809,-207,EOG,EOG Resources,Energy,Oil & Gas Exploration & Production,large,139.05,1.0145,0.9598,1.0862,1.3925,STRONG_DOWN,28.31,26.44,8.19,-18.51,52.61,29.83,0.9248,LOW,-,140.5385,128.1366,115.4102,1,46.6304,TREND+LEAD,16.5257
810,211,Q,Qnity Electronics,Information Technology,Semiconductor Materials & Equipment,large,129.34,1.0905,1.0574,1.1337,1.4579,STRONG_DOWN,,35.91,35.91,-27.12,56.76,59.93,0.9195,LOW,-,114.7265,111.9011,,0,34.0094,WEAK,16.525
811,-3,RUSHA,RUSH ENTERPRISES INC CLASS A,Industrials,,mid,70.2,1.0729,1.0306,1.0858,1.2727,STRONG_DOWN,42.22,33.72,37.75,-20.81,50.6,32.57,0.5596,LOW,-,65.036,67.7869,57.4659,1,52.3834,TREND+LEAD,16.5245
812,18,BBT,BEACON FINANCIAL CORP,Financials,,mid,31.64,1.0851,1.0138,1.0907,1.2248,STRONG_DOWN,34.22,35.24,51.52,-13.9,50.2,28.23,0.8673,LOW,-,29.5355,29.828,26.3241,1,62.6612,TREND+LEAD,16.5107
813,61,BGC,BGC GROUP INC CLASS A,Financials,,mid,10.87,1.0386,1.0707,1.1829,1.2578,STRONG_DOWN,19.07,29.45,38.38,-23.25,50.6,37.76,1.467,MED,-,9.7145,9.4648,9.4307,1,39.4613,TREND+LEAD,16.4911
814,15,TRV,Travelers Companies (The),Financials,Property & Casualty Insurance,large,301.59,0.9908,1.0062,0.9962,1.0873,FLAT,6.64,23.49,39.3,-8.93,51.41,18.38,0.5488,LOW,-,296.1645,297.2432,278.5966,1,65.6944,TREND_ONLY,16.487
815,109,CURB,CURBLINE PROPERTIES,Real Estate,,mid,27.36,1.0105,1.0212,1.0143,1.2006,FLAT,21.97,25.94,44.39,-9.54,51.41,20.79,0.8998,LOW,-,26.1471,26.1557,23.5273,1,64.1341,TREND+LEAD,16.476
816,-28,XENE,XENON PHARMACEUTICALS INC,Health Care,,mid,57.54,1.4615,0.9838,0.9484,1.3897,FLAT,46.94,82.15,33.72,-25.75,49.0,105.03,0.4836,LOW,-,55.993,48.6169,41.1478,1,38.324,TREND+LEAD,16.3875
817,-87,GNW,GENWORTH FINANCIAL INC,Financials,,mid,8.77,1.0534,1.0379,1.0505,1.0002,FLAT,0.0,31.29,41.45,-14.07,49.8,27.43,0.9181,LOW,-,8.182,8.4504,8.4612,1,56.8033,TREND+LEAD,16.3843
818,37,ACT,ENACT HOLDINGS INC,Financials,,mid,42.29,1.0393,1.0104,1.0279,1.0861,STRONG_DOWN,19.01,29.53,44.59,-10.96,55.82,28.93,1.3653,MED,-,40.7915,41.3552,38.2327,1,56.9804,TREND+LEAD,16.3604
819,29,COF,Capital One,Financials,Consumer Finance,large,192.46,0.8949,1.0111,1.04,0.7761,FLAT,-9.25,11.53,37.96,-31.47,57.43,42.25,1.1676,MED,PROGRESS,182.0835,196.975,214.7283,0,15.6746,WEAK,16.3433
820,-28,NFLX,Netflix,Communication Services,Movies & Entertainment,large,99.39,0.8435,1.0082,1.0243,1.1144,STRONG_DOWN,-16.55,5.12,60.77,-43.35,50.6,40.1,0.633,LOW,SHIFT,94.8065,89.0022,106.7763,0,6.4636,WEAK,16.3433
821,5,XNCR,XENCOR INC,Health Care,,small,12.25,1.1157,0.9476,1.0215,0.8336,FLAT,1.83,39.05,-43.16,-40.35,47.39,65.63,1.2191,MED,-,12.054,11.9992,11.9035,1,28.1947,TREND+LEAD,16.339
822,-24,ALGN,Align Technology,Health Care,Health Care Supplies,large,176.83,0.8597,0.9923,1.0426,1.0784,STRONG_DOWN,35.53,7.15,-46.46,-39.73,52.61,45.12,0.7286,LOW,-,172.707,177.0972,159.3143,1,8.3372,TREND_ONLY,16.3027
823,-1,AMBA,AMBARELLA INC,Information Technology,,mid,53.28,0.8904,1.011,0.9857,0.7684,STRONG_UP,-34.69,10.98,6.09,-49.06,48.59,57.99,0.6641,LOW,PROGRESS,52.5495,58.9456,71.3043,0,9.1976,WEAK,16.2786
824,59,JBTM,JBT MAREL CORP,Industrials,,mid,130.27,1.0226,0.9806,0.9229,0.8377,STRONG_UP,-8.98,27.45,35.1,-27.1,48.19,36.15,0.6019,LOW,PROGRESS,129.19,147.2073,141.5866,0,36.5956,WEAK,16.2367
825,121,SBAC,SBA Communications,Real Estate,Telecom Tower REITs,large,218.71,0.8457,1.2357,1.1357,1.2348,FLAT,17.44,5.4,4.25,-30.63,46.99,50.53,2.8924,HIGH,-,183.2337,188.0964,198.2662,1,5.0207,TREND_ONLY,16.2224
826,-15,ROAD,CONSTRUCTION PARTNERS INC CLASS A,Industrials,,mid,114.98,1.166,0.9871,0.9375,1.059,FLAT,-5.59,45.32,102.25,-26.55,51.41,55.81,0.8245,LOW,PROGRESS,112.1527,121.0171,115.0803,0,41.7503,WEAK,16.2094
827,100,VMC,Vulcan Materials Company,Materials,Construction Materials,large,292.58,0.987,1.0124,1.0746,1.0208,FLAT,-2.41,23.01,11.78,-22.05,57.03,34.92,0.8193,LOW,-,268.9905,290.5104,288.5268,1,37.5846,TREND_ONLY,16.1993
828,47,FCF,FIRST COMMONWEALTH FINANCIAL CORP,Financials,,small,18.58,1.0393,1.0135,1.0931,1.1127,STRONG_DOWN,12.16,29.53,47.57,-15.15,51.41,22.79,0.7478,LOW,-,17.2985,17.728,16.8311,1,66.6195,TREND+LEAD,16.1875
829,9,CRL,Charles River Laboratories,Health Care,Life Sciences Tools & Services,mid,175.07,1.0101,0.9702,1.045,0.8216,FLAT,2.92,25.89,-31.92,-32.98,53.41,50.79,0.7499,LOW,-,162.384,173.6644,174.2228,1,27.2216,TREND+LEAD,16.1784
830,-243,SM,SM ENERGY,Energy,,mid,28.81,0.982,0.9466,1.1568,1.6823,STRONG_DOWN,17.24,22.39,-40.76,-38.16,50.2,54.49,1.2307,MED,-,29.344,24.8576,23.1282,1,20.6284,TREND_ONLY,16.1652
831,3,ACLX,ARCELLX INC,Health Care,,mid,114.79,1.5568,0.9696,1.0025,1.7963,STRONG_DOWN,34.71,94.03,89.55,-33.06,51.41,157.28,0.2846,LOW,-,114.606,97.8096,80.2897,1,30.7365,TREND+LEAD,16.16
832,17,WAFD,WAFD INC,Financials,,mid,32.82,1.032,1.0057,1.0659,1.0251,FLAT,13.53,28.62,,-12.9,51.81,25.93,0.8757,LOW,-,31.3845,31.9398,30.771,1,57.1935,TREND+LEAD,16.1472
833,3,BFLY,BUTTERFLY NETWORK INC CLASS A,Health Care,,small,4.14,1.4016,0.9811,1.1088,1.0004,FLAT,65.6,74.68,305.88,-49.43,46.18,131.37,0.4491,LOW,-,4.0205,3.7492,2.7548,1,26.2532,TREND+LEAD,16.1075
834,34,PKST,PEAKSTONE REALTY TRUST CLASS E,Real Estate,,small,20.92,1.4744,0.9711,1.0043,1.5366,STRONG_DOWN,54.56,83.76,46.85,-16.14,51.41,67.24,0.2641,LOW,-,20.865,20.3814,15.1892,1,64.0439,TREND+LEAD,16.0973
835,-229,FMBH,FIRST MID BANCSHARES INC,Financials,,small,43.34,1.0846,1.0125,1.0773,1.1333,STRONG_DOWN,18.49,35.17,,-13.93,50.6,26.48,0.852,LOW,-,40.562,41.6857,39.1083,1,67.2085,TREND+LEAD,16.0869
836,133,PEBO,PEOPLES BANCORP INC,Financials,,small,34.14,1.0286,0.9934,1.0739,1.1439,STRONG_DOWN,16.68,28.2,33.46,-12.53,49.4,23.27,1.2793,MED,-,32.355,32.6707,30.2302,1,59.8684,TREND+LEAD,16.0865
837,47,DUK,Duke Energy,Utilities,Electric Utilities,large,131.6,0.94,0.9745,1.0137,1.162,STRONG_DOWN,6.62,17.15,45.43,-10.88,55.42,14.74,0.6451,LOW,-,130.578,127.6922,121.2752,1,64.4902,TREND_ONLY,16.0856
838,-101,APTV,Aptiv,Consumer Discretionary,Automotive Parts & Equipment,large,60.73,0.8954,0.948,0.842,0.752,STRONG_UP,-28.77,11.6,-23.06,-34.34,50.2,45.36,0.9866,LOW,EARLY,67.5565,73.9312,76.8805,0,12.8322,WEAK,16.0657
839,-43,POWI,POWER INTEGRATIONS INC,Information Technology,,mid,53.89,0.9122,0.9974,1.1945,1.3617,STRONG_DOWN,44.44,13.69,-22.38,-47.83,47.79,44.6,0.8194,LOW,-,49.245,47.702,44.1783,1,14.6663,TREND_ONLY,16.0334
840,88,EAT,BRINKER INTERNATIONAL INC,Consumer Discretionary,,mid,153.65,0.8427,1.0389,1.0978,1.0005,FLAT,20.86,5.03,220.71,-44.41,50.6,43.97,1.1031,MED,-,143.9085,149.429,147.4044,1,5.7897,TREND_ONLY,16.0071
841,-58,NDAQ,"Nasdaq, Inc.",Financials,Financial Exchanges & Data,large,88.09,0.9937,1.0027,1.0078,0.8954,FLAT,0.22,23.85,42.21,-21.76,58.23,33.18,0.7672,LOW,SHIFT,85.3467,86.1157,90.0741,0,41.8603,WEAK,15.9784
842,5,TPH,TRI POINTE HOMES INC,Consumer Discretionary,,mid,46.72,1.238,0.9728,1.0059,1.5406,STRONG_DOWN,44.33,54.29,25.59,-17.47,49.8,59.99,1.0437,MED,-,46.597,43.439,35.8191,1,45.0709,TREND+LEAD,15.9704
843,-103,VAC,MARRIOTT VACATIONS WORLDWIDE CORP,Consumer Discretionary,,mid,67.22,0.954,0.9665,1.0085,1.1322,STRONG_DOWN,6.41,18.9,-29.01,-45.84,51.0,56.89,0.7994,LOW,-,67.833,62.4814,64.8169,1,16.9469,TREND_ONLY,15.9543
844,133,FFBC,FIRST FINANCIAL BANCORP,Financials,,mid,29.22,1.0439,1.0093,1.0732,1.1803,STRONG_DOWN,15.21,30.11,42.38,-14.19,47.39,28.3,1.1559,MED,-,27.456,28.3358,25.6385,1,50.4186,TREND+LEAD,15.9351
845,46,NNI,NELNET INC CLASS A,Financials,,mid,133.34,1.0082,1.0085,1.0151,1.0066,FLAT,3.79,25.66,42.78,-10.11,51.81,22.09,0.4476,LOW,-,129.045,130.3039,128.2886,1,60.1803,TREND+LEAD,15.9208
846,32,CVSA,COVISTA INC,Consumer Discretionary,,mid,118.0,0.8892,0.9804,1.1658,1.0918,FLAT,-18.39,10.82,143.5,-42.14,57.03,35.98,0.7869,LOW,-,111.2275,105.1274,116.9036,1,17.1485,TREND_ONLY,15.9167
847,71,XYL,Xylem Inc.,Industrials,Industrial Machinery & Supplies & Components,large,127.97,0.9406,1.0127,1.0418,0.9368,FLAT,-13.07,17.23,1.6,-23.57,51.81,30.42,1.2316,MED,SHIFT,121.0165,127.0929,136.6346,0,29.3414,WEAK,15.8833
848,-36,DNLI,DENALI THERAPEUTICS INC,Health Care,,mid,19.62,1.2241,0.9663,0.9146,1.1775,FLAT,31.68,52.57,0.93,-23.42,49.0,65.48,0.6276,LOW,-,20.1292,20.4569,16.9871,1,39.3363,TREND+LEAD,15.8342
849,59,CNR,CORE NATURAL RESOURCES INC,Energy,,mid,94.61,1.0897,0.9045,1.0347,1.0487,STRONG_DOWN,2.32,35.82,15.74,-24.13,49.0,50.72,1.4687,MED,-,103.5695,95.4904,84.6844,1,34.6011,TREND+LEAD,15.7925
850,-69,LC,LENDINGCLUB CORP,Financials,,small,15.02,1.2136,1.0181,1.0306,0.7678,FLAT,-2.47,51.26,70.49,-38.28,52.61,66.18,0.8181,LOW,-,14.2385,15.3784,16.3321,0,40.7484,WEAK,15.7831
851,-28,TWST,TWIST BIOSCIENCE CORP,Health Care,,mid,51.17,1.0195,1.0012,1.126,1.4242,STRONG_DOWN,64.43,27.07,51.7,-40.0,49.8,68.63,0.8183,LOW,-,46.5845,47.2026,35.701,1,19.6408,TREND+LEAD,15.781
852,-130,GL,Globe Life,Financials,Life & Health Insurance,large,147.85,0.9756,1.0229,1.036,1.0787,STRONG_DOWN,9.47,21.59,39.87,-10.87,54.62,18.82,0.6556,LOW,-,139.2824,141.5456,136.4525,1,62.6707,TREND_ONLY,15.7632
853,73,ARES,Ares Management,Financials,Asset Management & Custody Banks,large,104.83,0.6106,0.9604,0.9767,0.6329,FLAT,-28.05,-23.9,-16.88,-49.3,50.2,54.98,1.412,MED,PROGRESS,104.5539,117.4477,152.7693,0,-21.8208,WEAK,15.7622
854,-125,AXP,American Express,Financials,Consumer Finance,large,316.34,0.9776,1.0204,1.0458,0.8535,FLAT,-2.78,21.84,47.05,-23.9,53.82,32.34,0.9457,LOW,PROGRESS,300.1275,321.2168,333.6592,0,36.3438,WEAK,15.7089
855,49,WS,WORTHINGTON STEEL INC,Materials,,small,33.51,1.1141,1.0451,0.9309,0.9774,FLAT,9.32,38.86,-3.89,-42.0,53.01,56.53,0.765,LOW,-,31.6396,38.2199,33.9101,0,36.4358,WEAK,15.6354
856,-62,ZETA,ZETA GLOBAL HOLDINGS CORP CLASS A,Information Technology,,mid,15.72,0.9793,0.9687,0.8572,0.6905,STRONG_UP,-21.24,22.05,30.46,-40.37,54.22,66.7,0.8273,LOW,EARLY,16.5885,17.0936,18.2349,0,17.9241,WEAK,15.5936
857,-87,FOX,Fox Corporation (Class B),Communication Services,Broadcasting,large,54.48,0.9258,0.9986,1.0254,0.8308,FLAT,-0.54,15.38,93.51,-26.77,54.62,28.02,0.5343,LOW,SHIFT,52.7625,54.4478,55.7401,0,29.9892,WEAK,15.5822
858,-4,DTE,DTE Energy,Utilities,Multi-Utilities,large,148.78,0.9453,0.9802,1.0138,1.1893,STRONG_DOWN,6.25,17.81,44.84,-10.13,59.04,16.74,0.3141,LOW,-,146.2337,143.1737,135.8154,1,62.8313,TREND_ONLY,15.5519
859,3,UPST,UPSTART HOLDINGS INC,Financials,,mid,27.31,0.5079,1.0438,0.9688,0.5521,STRONG_UP,-47.29,-36.69,3.96,-71.21,53.01,71.11,0.8944,LOW,PROGRESS,26.2985,30.3495,50.5241,0,-27.3544,WEAK,15.5479
860,-27,RNST,RENASANT CORP,Financials,,mid,38.91,1.0642,1.0218,1.0675,1.1216,STRONG_DOWN,6.79,32.64,33.96,-17.19,49.8,31.0,0.7149,LOW,-,36.0022,37.7774,36.5045,1,52.4325,TREND+LEAD,15.5448
861,25,WVE,WAVE LIFE SCIENCES LTD,Health Care,,small,7.1,0.9278,1.0076,0.5158,0.4681,STRONG_UP,-1.25,15.64,21.99,-70.91,52.21,113.66,0.5431,LOW,-,9.9245,12.0248,10.1952,0,7.1821,WEAK,15.4828
862,39,CSTL,CASTLE BIOSCIENCES INC,Health Care,,small,25.19,1.005,0.9747,0.946,0.631,STRONG_UP,9.9,25.26,16.95,-45.33,52.21,47.89,0.9827,LOW,-,25.1197,29.4997,28.0193,0,27.5398,WEAK,15.4774
863,-66,PBI,PITNEY BOWES INC,Industrials,,small,11.03,1.0769,0.9614,1.0405,1.1093,STRONG_DOWN,1.99,34.22,171.54,-28.28,49.8,34.5,0.8371,LOW,-,10.636,10.5493,10.6986,1,49.3887,TREND+LEAD,15.4517
864,0,ARRY,ARRAY TECHNOLOGIES INC,Industrials,,small,7.3,1.293,0.9372,1.0315,0.8206,FLAT,-16.28,61.15,-49.76,-44.31,51.0,95.38,0.8536,LOW,-,7.069,8.8793,8.3645,0,32.696,WEAK,15.4402
865,17,WSBC,WESBANCO INC,Financials,,mid,36.13,1.0543,1.0142,1.0695,1.0885,STRONG_DOWN,10.86,31.4,36.19,-12.9,49.8,26.88,,LOW,-,33.872,34.856,32.3916,1,58.1755,TREND+LEAD,15.4158
866,-189,CPRI,CAPRI HOLDINGS LTD,Consumer Discretionary,,mid,19.46,0.9544,1.0496,1.0452,0.7769,STRONG_UP,-6.4,18.95,-55.8,-39.3,49.4,49.74,0.7385,LOW,PROGRESS,18.156,19.5788,21.251,0,18.8191,WEAK,15.4113
867,121,PCG,PG&E Corporation,Utilities,Multi-Utilities,large,18.39,0.8861,1.0042,1.0112,1.2097,STRONG_DOWN,14.2,10.44,9.68,-27.12,52.21,27.46,1.1405,MED,-,17.7544,17.5033,15.749,1,19.8412,TREND_ONLY,15.3801
868,-28,DASH,DoorDash,Consumer Discretionary,Specialized Consumer Services,large,160.69,0.6837,1.0349,0.9447,0.7091,STRONG_UP,-41.94,-14.79,17.49,-47.97,53.41,44.16,0.7947,LOW,PROGRESS,157.7015,172.1396,222.7156,0,-17.8874,WEAK,15.3769
869,-27,PRLB,PROTO LABS INC,Industrials,,small,60.51,1.3852,1.009,1.0484,1.1452,STRONG_DOWN,21.48,72.64,76.57,-19.51,51.41,65.68,0.5344,LOW,-,57.2075,59.3408,51.3804,1,56.8571,TREND+LEAD,15.3703
870,135,FLG,FLAGSTAR BANK NATIONAL ASSOCIATION,Financials,,mid,13.94,1.0219,1.0106,1.1141,1.1309,STRONG_DOWN,15.67,27.37,45.62,-17.47,51.81,33.63,1.0147,MED,-,12.916,13.2363,12.2813,1,42.1585,TREND+LEAD,15.3003
871,63,BDC,BELDEN INC,Information Technology,,mid,123.64,1.0107,1.0277,0.9848,1.1123,FLAT,7.22,25.97,39.29,-26.52,52.61,42.74,0.842,LOW,-,116.043,127.9623,122.3238,1,31.97,TREND+LEAD,15.282
872,-16,ATKR,ATKORE INC,Industrials,,mid,65.91,0.9068,1.0605,1.0762,1.0297,FLAT,6.34,13.02,-61.5,-32.38,51.41,33.82,1.0083,MED,-,59.1725,63.2893,64.7122,1,19.7861,TREND_ONLY,15.2374
873,3,PENG,PENGUIN SOLUTIONS INC,Information Technology,,small,22.12,1.0331,1.1748,1.1887,1.2111,STRONG_DOWN,-18.07,28.75,-14.66,-44.57,51.41,63.12,1.2462,MED,-,18.3185,18.844,21.6044,1,23.4199,TREND+LEAD,15.2271
874,-22,SNPS,Synopsys,Information Technology,Application Software,large,410.16,0.7677,1.0021,0.9471,0.8029,STRONG_UP,-14.16,-4.32,-27.91,-41.04,52.21,43.09,0.747,LOW,EARLY,410.7415,428.1844,485.6573,0,-5.24,WEAK,15.1855
875,0,LOB,LIVE OAK BANCSHARES INC,Financials,,small,35.54,1.1132,1.0317,1.0633,1.0147,FLAT,0.94,38.74,-13.95,-23.99,49.4,40.63,0.5073,LOW,-,32.858,36.4331,34.6635,1,47.0967,TREND+LEAD,15.1797
876,-333,BBUC,BROOKFIELD BUSINESS CORP CLASS A,Industrials,,mid,33.26,1.0982,0.9638,0.986,0.9917,STRONG_DOWN,-2.37,36.87,51.45,-21.01,54.22,40.54,0.8302,LOW,PROGRESS,31.8019,33.8034,33.7183,0,49.3108,WEAK,15.1694
877,-50,HBAN,Huntington Bancshares,Financials,Regional Banks,large,16.35,0.9937,0.998,1.0319,0.9262,FLAT,-0.59,23.84,26.23,-21.26,52.21,32.31,0.7693,LOW,PROGRESS,15.4462,16.583,16.5315,0,38.5292,WEAK,15.1446
878,66,ZBRA,Zebra Technologies,Information Technology,Electronic Equipment & Instruments,large,221.14,0.7279,1.0341,1.0398,0.9109,FLAT,-25.45,-9.28,-27.77,-41.62,49.4,46.22,1.0055,MED,PROGRESS,207.1465,227.0212,273.8263,0,-9.922,WEAK,15.1205
879,43,WEC,WEC Energy Group,Utilities,Electric Utilities,large,117.28,0.9322,0.9785,1.0233,1.1454,STRONG_DOWN,3.49,16.18,53.51,-11.22,53.41,14.8,0.4678,LOW,-,115.3295,114.235,109.0819,1,58.3817,TREND_ONLY,15.0868
880,-115,KIM,Kimco Realty,Real Estate,Retail REITs,large,22.67,0.9458,0.9788,0.9779,1.1482,FLAT,8.66,17.87,31.1,-12.7,50.6,17.92,0.5558,LOW,-,22.675,22.4066,21.0905,1,50.4633,TREND_ONLY,15.0751
881,-24,SHAK,SHAKE SHACK INC CLASS A,Consumer Discretionary,,mid,97.86,0.8961,1.0459,1.0248,1.0994,FLAT,5.28,11.69,-0.66,-45.7,50.6,47.6,0.9844,LOW,SHIFT,89.1055,91.6098,99.4628,0,12.4234,WEAK,15.0727
882,23,PANW,Palo Alto Networks,Information Technology,Systems Software,large,173.78,0.8059,1.0484,1.0485,0.9117,FLAT,-17.66,0.44,24.52,-36.01,54.22,42.18,1.1657,MED,SHIFT,163.016,161.9594,187.2857,0,0.5646,WEAK,15.0609
883,14,ACHR,ARCHER AVIATION INC CLASS A,Industrials,,mid,5.58,0.6026,1.0381,0.882,0.6742,STRONG_UP,-55.29,-24.9,30.37,-63.78,48.19,63.24,0.7659,LOW,EARLY,5.671,6.483,8.8024,0,-18.9735,WEAK,15.0494
884,19,VIR,VIR BIOTECHNOLOGY INC,Health Care,,small,9.52,1.3354,1.023,0.9626,1.5722,FLAT,68.2,66.43,-0.1,-31.96,49.4,86.73,0.7141,LOW,-,9.1263,8.5915,6.3562,1,37.8395,TREND+LEAD,15.0477
885,82,MC,MOELIS CLASS A,Financials,,mid,61.49,0.947,1.0515,1.1185,0.847,FLAT,-6.08,18.03,16.68,-33.26,51.41,41.66,1.2998,MED,SHIFT,54.907,60.8897,66.3343,0,22.2467,WEAK,15.0136
886,-6,AVBP,ARRIVENT BIOPHARMA INC,Health Care,,small,25.25,1.1537,1.0105,0.9958,1.3079,FLAT,30.76,43.79,45.7,-33.32,49.8,59.57,0.9791,LOW,-,23.3665,23.1679,21.1399,1,36.6103,TREND+LEAD,14.9933
887,159,NNE,NANO NUCLEAR ENERGY INC,Industrials,,small,22.49,0.7294,1.0686,0.9401,0.7296,STRONG_UP,-60.29,-9.09,333.33,-66.45,46.59,77.54,1.6437,HIGH,-,21.5325,24.8364,33.5413,0,-5.4645,WEAK,14.9893
888,-56,HIG,Hartford (The),Financials,Property & Casualty Insurance,large,138.9,0.9737,0.9999,1.011,1.0442,STRONG_DOWN,4.71,21.36,45.32,-9.16,53.82,18.6,0.6046,LOW,-,134.642,137.3131,131.1587,1,61.8051,TREND_ONLY,14.9838
889,-46,GKOS,GLAUKOS CORP,Health Care,,mid,118.62,1.0174,1.0207,1.1488,1.061,FLAT,41.06,26.8,17.09,-29.92,50.6,54.03,0.7993,LOW,-,106.3445,111.723,100.1702,1,25.0972,TREND+LEAD,14.9478
890,102,STBA,S AND T BANCORP INC,Financials,,small,43.74,1.0226,1.0027,1.0789,1.1344,STRONG_DOWN,19.43,27.45,49.94,-13.37,49.4,25.46,1.1423,MED,-,41.174,42.2048,39.0943,1,53.2706,TREND+LEAD,14.9319
891,22,MCK,McKesson Corporation,Health Care,Health Care Distributors,large,871.18,1.0447,0.968,0.9371,1.0765,FLAT,16.34,30.2,66.64,-13.97,56.63,41.14,0.9552,LOW,-,891.949,911.1985,800.9706,1,41.5691,TREND+LEAD,14.93
892,22,EGBN,EAGLE BANCORP INC,Financials,,small,26.69,1.0737,1.0205,1.0704,1.299,STRONG_DOWN,24.67,33.82,26.09,-26.57,52.61,44.84,1.1554,MED,-,24.839,25.672,21.1366,1,39.6803,TREND+LEAD,14.9114
893,-24,A,Agilent Technologies,Health Care,Life Sciences Tools & Services,large,116.92,0.8835,0.9894,1.0142,0.8065,FLAT,-15.27,10.12,-19.43,-29.75,51.41,25.37,0.429,LOW,PROGRESS,112.934,120.4315,129.2201,0,20.5001,WEAK,14.8991
894,1,BATRK,ATLANTA BRAVES HOLDINGS INC SERIES,Communication,,mid,44.11,0.9294,1.0084,1.0163,1.1389,STRONG_DOWN,8.14,15.84,11.11,-18.72,53.01,19.36,1.0747,MED,-,42.8245,42.3318,41.9359,1,43.3583,TREND_ONLY,14.8811
895,40,DXCM,Dexcom,Health Care,Health Care Equipment,large,65.8,0.7899,1.0226,0.9697,0.9549,STRONG_UP,-0.35,-1.56,-53.15,-38.75,51.41,33.6,0.5645,LOW,PROGRESS,65.024,68.8388,71.3884,0,-2.3807,WEAK,14.8786
896,-8,AMTB,AMERANT BANCORP INC CLASS A,Financials,,small,23.88,1.0572,1.0251,1.1148,1.2081,STRONG_DOWN,27.77,31.77,8.89,-22.86,50.6,31.14,0.6934,LOW,-,21.661,21.8781,19.9406,1,51.6189,TREND+LEAD,14.876
897,48,DHI,D. R. Horton,Consumer Discretionary,Homebuilding,large,142.68,0.956,1.0003,0.9811,1.0449,FLAT,-10.94,19.15,-8.01,-27.56,48.59,37.74,0.9687,LOW,PROGRESS,138.4465,149.3687,151.8281,0,24.6562,WEAK,14.866
898,4,STAA,STAAR SURGICAL,Health Care,,small,20.88,1.0557,1.047,1.2106,0.9572,FLAT,-21.86,31.57,-60.04,-43.65,48.59,49.68,0.6611,LOW,-,18.855,18.4716,22.7175,0,30.8764,WEAK,14.8657
899,-54,MATW,MATTHEWS INTERNATIONAL CORP CLASS,Consumer Discretionary,,small,26.4,1.0671,1.0122,1.0089,1.0177,FLAT,14.11,32.99,-0.01,-15.87,51.81,32.03,0.6351,LOW,-,25.1405,25.7863,24.6668,1,53.3678,TREND+LEAD,14.8479
900,33,QUBT,QUANTUM COMPUTING INC,Information Technology,,small,6.93,0.8117,1.0116,0.9109,0.6051,STRONG_UP,-68.51,1.17,670.0,-74.37,45.78,83.3,0.6522,LOW,-,7.0892,8.0431,13.5269,0,0.6418,WEAK,14.8183
901,-174,FBP,FIRST BANCORP,Financials,,mid,22.57,1.0112,1.0137,1.1058,1.0975,FLAT,5.19,26.03,36.76,-13.83,53.41,28.8,0.7328,LOW,-,21.0575,21.5825,21.046,1,48.2689,TREND+LEAD,14.7969
902,58,EQBK,EQUITY BANCSHARES INC CLASS A,Financials,,small,46.3,1.0195,1.0089,1.0456,1.0413,FLAT,15.31,27.07,40.01,-17.02,50.6,26.37,0.6217,LOW,-,44.0223,45.0808,42.5258,1,51.9415,TREND+LEAD,14.7659
903,-154,CARG,CARGURUS INC CLASS A,Communication,,mid,34.57,0.9924,0.9987,1.0666,0.9262,FLAT,-2.62,23.69,46.24,-30.92,51.41,44.3,0.7574,LOW,-,33.7655,31.8016,34.2955,1,27.4865,TREND_ONLY,14.7439
904,-129,SNCY,SUN COUNTRY AIRLINES HOLDINGS INC,Industrials,,small,17.48,1.2039,1.0049,1.0394,1.16,STRONG_DOWN,54.28,50.04,15.76,-29.53,48.59,55.38,0.6489,LOW,-,16.466,18.148,14.2596,1,43.9073,TREND+LEAD,14.7362
905,-11,HGV,HILTON GRAND VACATIONS INC,Consumer Discretionary,,mid,43.06,0.9468,1.0316,1.0177,0.9514,STRONG_UP,2.11,18.0,-5.38,-28.48,49.4,38.5,1.0642,MED,PROGRESS,40.9225,43.9124,44.2595,0,23.1024,WEAK,14.7305
906,-34,IRTC,IRHYTHM HOLDINGS INC,Health Care,,mid,120.49,0.9345,0.9879,0.9987,0.6541,FLAT,-32.16,16.47,6.45,-40.29,52.21,47.41,0.6452,LOW,PROGRESS,117.6555,133.0083,159.1257,0,18.1394,WEAK,14.6726
907,34,PPL,PPL Corporation,Utilities,Electric Utilities,large,39.15,0.9488,0.989,1.0336,1.1651,STRONG_DOWN,6.07,18.25,51.65,-11.69,55.02,18.29,0.4796,LOW,-,37.9955,37.3272,35.7853,1,54.9146,TREND_ONLY,14.6539
908,73,NOW,ServiceNow,Information Technology,Systems Software,large,97.47,0.4734,0.9081,0.835,0.6571,STRONG_UP,-46.1,-41.0,-37.7,-53.35,48.59,49.66,1.0365,MED,EARLY,107.4445,109.5496,159.1218,0,-40.1119,WEAK,14.6395
909,-22,LH,Labcorp,Health Care,Health Care Services,large,274.72,0.9666,0.9763,1.0214,1.1042,STRONG_DOWN,-1.24,20.47,33.87,-15.22,55.42,23.85,0.4284,LOW,-,267.595,273.8202,266.8209,1,47.576,TREND_ONLY,14.6154
910,-131,UE,URBAN EDGE PROPERTIES,Real Estate,,mid,20.62,0.9792,1.0048,1.0202,1.1084,STRONG_DOWN,6.94,22.04,32.17,-11.99,49.8,18.25,0.4965,LOW,-,20.382,20.346,19.4435,1,60.1458,TREND_ONLY,14.5911
911,21,NXPI,NXP Semiconductors,Information Technology,Semiconductors,large,204.27,0.8986,1.0123,1.0103,0.8727,STRONG_UP,-6.07,11.99,-15.88,-24.58,48.19,36.07,1.3331,MED,PROGRESS,194.0557,213.7144,217.5903,0,16.0246,WEAK,14.5668
912,-35,KWR,QUAKER HOUGHTON CORP,Materials,,mid,128.65,0.943,1.0057,0.9896,0.9105,STRONG_UP,0.79,17.53,-34.1,-36.46,45.38,42.79,0.9025,LOW,PROGRESS,122.0985,143.8772,136.3205,0,18.589,WEAK,14.5617
913,145,ADMA,ADMA BIOLOGICS INC,Health Care,,mid,9.83,0.4068,1.0459,0.6204,0.5314,STRONG_UP,-29.74,-49.3,60.88,-66.18,48.59,72.73,1.1087,MED,EARLY,11.9465,14.5094,16.4655,0,-32.9392,WEAK,14.5548
914,0,LEG,LEGGETT & PLATT INC,Consumer Discretionary,,small,9.95,1.087,0.9801,0.9504,0.8679,STRONG_UP,15.16,35.48,-45.5,-25.78,45.78,38.64,0.7226,LOW,-,9.9254,11.0006,10.1141,0,42.0377,WEAK,14.5469
915,-64,CIM,CHIMERA INVESTMENT CORP,Financials,,small,13.08,1.0299,1.0094,1.0036,1.1055,FLAT,7.27,28.35,25.08,-18.18,51.41,29.46,0.9358,LOW,-,12.5814,12.6602,12.4003,1,49.4793,TREND+LEAD,14.5434
916,-6,TDS,TELEPHONE AND DATA SYSTEMS INC,Communication,,mid,45.73,1.012,1.0042,1.0322,1.1164,STRONG_DOWN,17.01,26.12,192.76,-15.67,53.82,28.66,0.4702,LOW,-,43.208,44.4157,40.2954,1,49.0593,TREND+LEAD,14.54
917,-155,BIPC,BROOKFIELD INFRASTRUCTURE CORP CLA,Utilities,,mid,41.73,0.9808,1.023,0.8868,0.9721,FLAT,-4.34,22.23,35.0,-25.28,55.82,31.35,0.9496,LOW,PROGRESS,41.3115,45.5133,43.0475,0,39.5899,WEAK,14.5342
918,11,ONB,OLD NATIONAL BANCORP,Financials,,mid,23.25,0.9712,1.0092,1.05,1.0329,FLAT,5.9,21.04,45.37,-17.73,50.6,27.98,1.08,MED,-,21.8035,23.2338,22.0641,1,38.0499,TREND_ONLY,14.5191
919,-95,TBBK,BANCORP INC,Financials,,mid,57.53,0.9823,1.0174,1.0801,0.8434,FLAT,-24.74,22.43,76.04,-35.92,55.82,53.44,0.7663,LOW,SHIFT,53.651,56.5052,65.723,0,23.4293,WEAK,14.4988
920,-22,BBAI,BIGBEAR.AI HOLDINGS INC,Information Technology,,small,3.49,0.9033,0.9891,0.8566,0.5927,STRONG_UP,-53.09,12.58,88.65,-65.88,45.78,81.27,0.4617,LOW,-,3.619,4.084,5.8057,0,7.0868,WEAK,14.4913
921,-57,IQV,IQVIA,Health Care,Life Sciences Tools & Services,large,172.54,0.8817,0.9701,1.0084,0.7185,FLAT,-14.1,9.88,-29.67,-33.72,49.0,47.06,0.6823,LOW,PROGRESS,168.0145,178.771,196.344,0,10.2915,WEAK,14.4683
922,-10,HROW,HARROW INC,Health Care,,small,36.73,1.1831,1.0048,1.017,0.7327,FLAT,-12.34,47.45,178.05,-39.27,51.0,74.28,0.8035,LOW,-,35.013,41.687,40.7214,0,32.5793,WEAK,14.4627
923,132,PDD,PDD Holdings,Technology,EDP Services,large,103.75,0.8842,0.988,0.9884,0.8725,FLAT,-22.27,10.2,-14.33,-30.36,51.41,31.22,0.858,LOW,SHIFT,100.7295,102.3002,115.3596,0,16.7906,WEAK,14.4513
924,-53,SWK,Stanley Black & Decker,Industrials,Industrial Machinery & Supplies & Components,large,71.49,0.936,0.9736,0.9634,0.9345,STRONG_UP,-0.08,16.66,-20.06,-26.03,46.99,38.31,0.8564,LOW,PROGRESS,70.07,78.2503,72.8555,0,20.4347,WEAK,14.4319
925,-55,CTS,CTS CORP,Information Technology,,small,51.15,1.073,1.0235,1.063,1.1545,STRONG_DOWN,33.82,33.73,10.79,-20.31,51.81,33.95,0.4762,LOW,-,47.9185,50.9639,44.4311,1,51.4674,TREND+LEAD,14.4076
926,70,LMAT,LEMAITRE VASCULAR INC,Health Care,,mid,112.41,1.0848,1.0019,1.0307,1.3686,STRONG_DOWN,30.12,35.21,70.77,-19.91,52.21,54.36,1.018,MED,-,109.1445,100.0352,90.1151,1,33.8133,TREND+LEAD,14.3986
927,75,ECL,Ecolab,Materials,Specialty Chemicals,large,273.51,0.9334,0.9836,0.9736,1.0381,FLAT,-1.43,16.33,23.6,-16.6,54.22,22.87,0.7041,LOW,-,266.588,282.8228,271.5762,1,38.7221,TREND_ONLY,14.3928
928,156,VRE,VERIS RESIDENTIAL INC,Real Estate,,small,18.92,1.0014,0.9703,1.0064,1.2869,STRONG_DOWN,31.46,24.8,29.53,-15.1,50.6,29.77,2.4124,HIGH,-,18.8432,17.7737,15.4339,1,42.1574,TREND+LEAD,14.3624
929,8,MTX,MINERALS TECHNOLOGIES INC,Materials,,mid,72.67,1.0051,0.9861,1.0739,1.1754,STRONG_DOWN,20.48,25.26,-0.36,-15.83,53.01,28.03,0.5457,LOW,-,69.0515,69.8015,62.6907,1,47.7798,TREND+LEAD,14.3425
930,20,TRN,TRINITY INDUSTRIES INC,Industrials,,mid,33.42,1.0526,0.981,1.0585,1.1922,STRONG_DOWN,23.96,31.18,29.63,-18.86,47.79,34.36,0.4111,LOW,-,31.164,31.8138,28.1475,1,43.3729,TREND+LEAD,14.3417
931,9,PHM,PulteGroup,Consumer Discretionary,Homebuilding,large,120.44,1.0025,0.9965,0.9693,1.0468,FLAT,-6.68,24.94,5.97,-20.06,46.99,37.05,,LOW,PROGRESS,118.1699,127.2887,123.6933,0,31.6306,WEAK,14.3278
932,-12,BX,Blackstone Inc.,Financials,Asset Management & Custody Banks,large,117.67,0.7107,0.9976,1.069,0.7884,FLAT,-27.18,-11.42,-5.38,-44.76,45.38,42.83,0.9705,LOW,PROGRESS,110.636,119.6289,148.0921,0,-12.0979,WEAK,14.3033
933,-113,ARLO,ARLO TECHNOLOGIES INC,Information Technology,,small,13.6,1.1572,0.9342,0.9845,0.9946,STRONG_DOWN,-19.48,44.22,16.44,-42.23,52.61,69.08,0.9895,LOW,-,14.107,13.3286,15.4093,0,33.6775,WEAK,14.296
934,-181,UNH,UnitedHealth Group,Health Care,Managed Health Care,large,305.98,0.4363,1.0825,1.0826,0.918,FLAT,-14.64,-45.62,-30.47,-60.06,48.59,52.39,0.804,LOW,SHIFT,278.797,281.2618,308.5113,0,-42.3079,WEAK,14.2793
935,-45,OKE,Oneok,Energy,Oil & Gas Storage & Transportation,large,86.77,0.8661,0.9627,1.0237,1.2653,STRONG_DOWN,23.3,7.95,19.99,-23.78,54.22,29.78,1.5398,HIGH,-,88.857,85.4159,75.4805,1,14.4746,TREND_ONLY,14.279
936,55,HBNC,HORIZON BANCORP INC,Financials,,small,17.35,1.0444,1.0125,1.0822,1.069,FLAT,9.16,30.16,55.95,-16.65,49.8,30.35,0.9067,LOW,-,16.167,16.9003,16.2112,1,49.4915,TREND+LEAD,14.2623
937,-130,LIN,Linde plc,Materials,Industrial Gases,large,500.48,0.9126,0.9823,1.0496,1.1767,STRONG_DOWN,7.15,13.74,12.16,-19.18,53.01,19.21,0.9446,LOW,-,492.3345,483.5202,456.1303,1,37.9059,TREND_ONLY,14.2544
938,19,MBIN,MERCHANTS BANCORP,Financials,,mid,46.28,1.0803,1.0135,1.1066,1.3574,STRONG_DOWN,45.09,34.65,,-18.94,54.22,44.35,0.5506,LOW,-,42.866,42.9287,35.3916,1,42.3571,TREND+LEAD,14.2508
939,111,HTO,H2O AMERICA,Utilities,,mid,58.2,0.9479,0.9653,1.0149,1.1819,STRONG_DOWN,24.35,18.14,11.92,-19.77,49.8,23.32,1.0504,MED,-,57.777,55.5775,50.3451,1,38.7288,TREND_ONLY,14.2473
940,-9,CNOB,CONNECTONE BANCORP INC,Financials,,small,28.39,1.0365,1.0218,1.1014,1.1075,STRONG_DOWN,12.82,29.18,57.02,-12.41,51.81,29.85,1.2911,MED,-,26.408,26.878,25.3052,1,50.6407,TREND+LEAD,14.2449
941,53,NWBI,NORTHWEST BANCSHARES INC,Financials,,small,13.47,1.0023,1.0129,1.1003,1.1515,STRONG_DOWN,11.6,24.92,,-13.97,51.41,22.45,0.9953,LOW,-,12.541,12.693,12.1842,1,57.0572,TREND+LEAD,14.2373
942,11,FICO,Fair Isaac,Information Technology,Application Software,large,1092.04,0.4741,0.9967,0.8489,0.7029,STRONG_UP,-41.9,-40.91,-10.42,-54.9,51.81,56.23,0.6152,LOW,EARLY,1094.2005,1273.1932,1533.3185,0,-37.6914,WEAK,14.1986
943,28,ABBV,AbbVie,Health Care,Biotechnology,large,211.59,0.9757,0.954,0.9311,0.9296,STRONG_UP,-7.73,21.6,33.22,-14.86,52.21,27.46,0.4501,LOW,EARLY,212.5245,220.9312,214.5671,0,41.0711,WEAK,14.1901
944,-345,NOG,NORTHERN OIL AND GAS INC,Energy,,mid,28.06,0.9734,0.9854,1.0333,1.4207,STRONG_DOWN,16.95,21.32,-25.42,-34.26,51.41,44.9,0.9862,LOW,-,28.3869,26.9712,24.309,1,24.4056,TREND_ONLY,14.1826
945,-7,RXO,RXO INC,Industrials,,mid,16.26,0.8732,1.0451,1.2122,1.2083,FLAT,-3.67,8.84,-27.18,-43.07,52.21,75.86,0.7152,LOW,-,13.8635,14.733,15.2147,1,6.0809,TREND_ONLY,14.1252
946,40,BOH,BANK OF HAWAII CORP,Financials,,mid,78.23,1.0343,1.0118,1.0551,1.1519,STRONG_DOWN,22.03,28.9,38.02,-15.03,46.99,28.35,0.5185,LOW,-,73.631,75.3586,67.9808,1,47.9087,TREND+LEAD,14.1086
947,28,BLK,BlackRock,Financials,Asset Management & Custody Banks,large,1001.54,0.9142,1.014,1.0343,0.953,FLAT,-13.22,13.95,30.09,-22.45,53.41,32.86,1.1594,MED,PROGRESS,959.0855,1021.4971,1073.5554,0,22.6664,WEAK,14.1032
948,14,GHC,GRAHAM HOLDINGS COMPANY CLASS B,Consumer Discretionary,,mid,1079.5601,0.9332,0.9864,1.0212,0.9887,FLAT,-1.2,16.31,44.07,-19.78,49.8,24.61,1.3849,MED,-,1060.9185,1084.9555,1062.1651,1,33.0034,TREND_ONLY,14.0979
949,0,TMO,Thermo Fisher Scientific,Health Care,Life Sciences Tools & Services,large,503.46,0.8939,0.9868,1.0067,0.8307,FLAT,-6.46,11.41,-13.99,-27.31,49.8,27.09,0.6428,LOW,PROGRESS,482.357,513.0607,519.153,0,20.9803,WEAK,14.0973
950,23,HOPE,HOPE BANCORP INC,Financials,,small,12.17,1.0579,1.0082,1.1154,1.1119,FLAT,13.81,31.85,21.33,-15.54,48.59,31.23,0.9799,LOW,-,11.1525,11.5642,10.8657,1,49.5608,TREND+LEAD,14.0701
951,-30,ABUS,ARBUTUS BIOPHARMA CORP,Health Care,,small,4.38,1.1086,0.9393,0.929,0.9131,STRONG_UP,2.1,38.17,45.51,-25.86,49.8,56.15,0.8852,LOW,-,4.399,4.3436,4.157,1,33.8537,TREND+LEAD,14.0341
952,-33,MSI,Motorola Solutions,Information Technology,Communications Equipment,large,447.73,0.8705,0.9996,0.9663,1.2098,FLAT,-1.77,8.49,29.5,-25.45,53.41,23.89,0.4939,LOW,-,451.2258,446.7081,426.1777,1,18.9882,TREND_ONLY,13.9911
953,114,RELY,REMITLY GLOBAL INC,Financials,,mid,16.67,0.6569,1.0259,0.975,1.2451,FLAT,5.31,-18.12,-21.22,-50.18,46.59,66.95,1.0055,MED,-,15.8202,15.2849,15.89,1,-12.6122,TREND_ONLY,13.925
954,-62,OCUL,OCULAR THERAPEUTIX INC,Health Care,,small,8.42,0.9877,0.9797,0.8522,0.7448,STRONG_UP,-26.91,23.1,3.06,-57.29,48.59,93.1,0.642,LOW,-,8.3525,8.8875,11.1014,0,12.0559,WEAK,13.9027
955,25,ALLE,Allegion,Industrials,Building Products,large,144.49,0.937,0.9715,0.9821,0.9278,FLAT,-18.07,16.78,10.37,-22.16,51.41,28.87,0.7911,LOW,PROGRESS,144.2024,156.0853,162.1059,0,29.8895,WEAK,13.8808
956,7,DECK,Deckers Brands,Consumer Discretionary,Footwear,large,106.35,0.7352,1.0215,1.0093,1.05,FLAT,8.54,-8.37,-26.47,-38.52,46.59,54.5,0.7989,LOW,-,100.7325,107.9996,103.2003,1,-7.1521,TREND_ONLY,13.869
957,41,HUBG,HUB GROUP INC CLASS A,Industrials,,mid,38.61,0.8896,1.0222,1.0134,0.8756,STRONG_UP,13.43,10.87,-7.57,-35.62,51.81,52.3,0.6992,LOW,-,35.6871,40.3278,38.1899,1,10.7727,TREND_ONLY,13.8619
958,-108,NKE,"Nike, Inc.",Consumer Discretionary,"Apparel, Accessories & Luxury Goods",large,43.13,0.598,0.9367,0.7683,0.6986,STRONG_UP,-36.59,-25.47,-50.51,-45.14,45.78,41.98,1.4344,MED,EARLY,50.9175,57.3851,65.504,0,-27.7733,WEAK,13.8573
959,-273,CLB,CORE LABORATORIES INC,Energy,,small,16.76,1.0595,1.0084,1.0253,0.9462,FLAT,40.77,32.05,-4.22,-27.03,49.4,43.11,0.5705,LOW,-,16.3735,17.4501,14.7237,1,36.7207,TREND+LEAD,13.8351
960,99,OCFC,OCEANFIRST FINANCIAL CORP,Financials,,small,18.98,1.0141,1.0198,1.0593,1.1307,STRONG_DOWN,6.99,26.39,30.54,-15.39,48.19,27.83,1.0265,MED,-,17.9055,18.5104,18.0266,1,45.7021,TREND+LEAD,13.8059
961,-46,CRK,COMSTOCK RESOURCES INC,Energy,,mid,18.55,0.776,0.9355,0.9469,0.8547,FLAT,-14.95,-3.28,92.43,-51.11,51.81,61.14,0.7046,LOW,EARLY,20.8085,20.6364,20.8068,0,-2.7834,WEAK,13.7532
962,53,RYAM,RAYONIER ADVANCED MATERIALS INC,Materials,,small,9.4,1.5206,0.8179,0.8623,1.301,STRONG_DOWN,25.84,89.52,95.43,-28.4,47.39,109.4,0.8928,LOW,-,10.801,9.519,6.8448,1,38.7767,TREND+LEAD,13.7406
963,-96,RDW,REDWIRE CORP,Industrials,,small,9.61,0.7734,1.0259,1.0401,0.9945,FLAT,-12.4,-3.61,137.28,-75.4,49.4,121.05,0.8653,LOW,-,9.2695,9.4772,9.8042,0,-1.4736,WEAK,13.7384
964,-8,GEHC,GE HealthCare,Health Care,Health Care Equipment,large,73.75,0.9128,0.9936,1.0135,0.8756,FLAT,-0.86,13.76,-14.85,-21.96,52.61,33.44,1.2497,MED,PROGRESS,70.9864,76.5167,76.7525,0,21.6473,WEAK,13.6946
965,159,CHEF,CHEFS WAREHOUSE INC,Consumer Staples,,mid,63.29,0.9667,1.0474,0.9878,1.0716,FLAT,13.44,20.48,84.68,-20.49,54.62,37.84,1.215,MED,-,60.6835,64.0576,62.5457,1,29.5669,TREND_ONLY,13.6885
966,29,PNW,Pinnacle West Capital,Utilities,Multi-Utilities,large,103.12,0.9499,0.9845,1.0204,1.2121,STRONG_DOWN,14.39,18.39,50.09,-8.43,52.21,17.08,0.4991,LOW,-,100.689,98.762,90.9025,1,56.2041,TREND_ONLY,13.6876
967,-42,KKR,KKR & Co.,Financials,Asset Management & Custody Banks,large,93.96,0.6868,0.9969,1.0434,0.7319,FLAT,-24.41,-14.41,-5.16,-44.62,49.8,46.21,0.5836,LOW,PROGRESS,89.68,96.3535,123.226,0,-15.5252,WEAK,13.665
968,-110,MGNI,MAGNITE INC,Communication,,small,12.16,0.9001,0.9997,0.9345,0.7363,STRONG_UP,-36.34,12.18,21.97,-57.77,52.21,62.19,0.7578,LOW,-,12.145,12.5326,17.886,0,10.223,WEAK,13.6525
969,5,PYPL,PayPal,Financials,Transaction & Payment Processing Services,large,45.85,0.5783,0.9958,1.0174,0.7996,FLAT,-38.22,-27.92,-31.2,-49.92,49.8,53.14,0.6575,LOW,SHIFT,44.929,44.9751,61.1304,0,-26.1652,WEAK,13.6092
970,-190,NTAP,NetApp,Information Technology,"Technology Hardware, Storage & Peripherals",large,99.47,0.9449,0.9497,1.0306,0.9751,FLAT,-14.85,17.76,-0.77,-24.83,50.6,39.1,0.9162,LOW,EARLY,100.9427,100.3155,107.8546,0,22.9879,WEAK,13.596
971,-64,CDNS,Cadence Design Systems,Information Technology,Application Software,large,289.5,0.8777,1.0015,0.9861,0.9188,STRONG_UP,-16.2,9.39,-7.04,-28.09,51.81,42.21,0.7641,LOW,PROGRESS,284.2785,290.6764,321.5564,0,11.5253,WEAK,13.587
972,-61,TRMB,Trimble Inc.,Information Technology,Electronic Equipment & Instruments,large,66.74,0.8709,0.994,0.9664,0.8468,STRONG_UP,-15.84,8.54,5.99,-26.63,56.63,34.14,0.7468,LOW,PROGRESS,65.6165,66.7764,76.6682,0,14.1624,WEAK,13.5764
973,-25,NHI,NATIONAL HEALTH INVESTORS REIT INC,Real Estate,,mid,84.74,0.998,1.0047,0.9916,1.1175,FLAT,14.53,24.38,53.12,-10.16,52.21,24.47,0.5755,LOW,-,82.9941,83.9534,76.3596,1,52.017,TREND_ONLY,13.5639
974,-115,IVT,INVENTRUST PROPERTIES CORP,Real Estate,,mid,31.31,0.9484,0.9973,1.0249,1.1131,STRONG_DOWN,15.92,18.2,33.96,-8.63,50.6,15.48,0.4741,LOW,-,30.7596,30.4418,28.4047,1,59.5062,TREND_ONLY,13.5622
975,105,PPG,PPG Industries,Materials,Specialty Chemicals,large,110.47,0.8823,1.0057,1.0426,1.0878,STRONG_DOWN,10.06,9.96,-18.51,-25.68,50.6,37.18,1.1217,MED,-,103.4365,113.867,107.2888,1,13.5594,TREND_ONLY,13.5297
976,-21,INOD,INNODATA INC,Industrials,,small,39.85,0.8616,0.9739,0.9042,0.6331,STRONG_UP,-54.44,7.38,489.5,-63.03,48.19,78.21,0.7597,LOW,-,41.6035,45.1764,54.6881,0,4.5494,WEAK,13.5246
977,6,LDOS,Leidos,Industrials,Diversified Support Services,large,160.64,0.9313,0.998,0.9326,0.8332,STRONG_UP,-18.07,16.07,28.99,-22.36,53.82,38.77,0.4554,LOW,EARLY,162.5896,172.7274,178.9131,0,22.3145,WEAK,13.5085
978,40,LEN,Lennar,Consumer Discretionary,Homebuilding,large,88.63,0.6661,1.0055,0.8969,0.8714,STRONG_UP,-26.8,-16.98,-43.11,-39.87,47.39,41.64,1.0999,MED,EARLY,91.0965,103.9729,116.1717,0,-19.3222,WEAK,13.4895
979,11,TYL,Tyler Technologies,Information Technology,Application Software,large,327.88,0.4656,0.953,0.9247,0.7442,STRONG_UP,-32.5,-41.97,-22.52,-53.08,46.99,52.26,0.5761,LOW,EARLY,341.6345,346.0636,471.4761,0,-37.7341,WEAK,13.4885
980,-74,PTC,PTC Inc.,Information Technology,Application Software,large,144.32,0.7759,0.9815,0.9038,0.841,STRONG_UP,-28.65,-3.3,-22.88,-36.45,52.61,31.31,0.9448,LOW,EARLY,147.521,153.2784,181.5814,0,-5.5394,WEAK,13.4865
981,89,WDAY,"Workday, Inc.",Information Technology,Application Software,large,119.17,0.4132,0.8951,0.8355,0.5742,STRONG_UP,-48.89,-48.5,-56.04,-56.62,52.21,48.19,1.4404,MED,EARLY,130.8735,143.0238,205.417,0,-52.5512,WEAK,13.4658
982,-83,META,Meta Platforms,Communication Services,Interactive Media & Services,large,612.42,0.8415,1.0248,0.9362,0.9612,FLAT,-13.97,4.88,19.28,-33.3,49.8,43.39,,LOW,PROGRESS,592.9544,634.9039,682.424,0,5.596,WEAK,13.461
983,73,GABC,GERMAN AMERICAN BANCORP INC,Financials,,small,43.9,1.0108,1.0064,1.088,1.1444,STRONG_DOWN,14.4,25.98,37.89,-11.3,48.59,26.31,1.2728,MED,-,41.207,41.8794,39.9425,1,47.9715,TREND+LEAD,13.4441
984,43,TNDM,TANDEM DIABETES CARE INC,Health Care,,small,19.35,0.8816,0.9971,0.8835,0.8668,STRONG_UP,33.26,9.88,-44.54,-56.99,46.99,90.25,0.9369,LOW,-,21.745,21.5642,17.7874,1,5.1446,TREND_ONLY,13.4427
985,97,HRI,HERC HOLDINGS INC,Industrials,,mid,101.52,0.645,1.0465,0.8827,0.6428,STRONG_UP,-15.62,-19.61,-37.17,-49.5,46.59,64.95,1.0438,MED,EARLY,102.7395,131.7162,133.8263,0,-14.0666,WEAK,13.4241
986,103,EFSC,ENTERPRISE FINANCIAL SERVICES CORP,Financials,,mid,58.12,0.9598,1.0303,1.0779,1.0944,STRONG_DOWN,2.33,19.63,54.63,-15.28,49.4,27.52,1.8348,HIGH,-,54.1395,56.393,55.8324,1,35.2281,TREND_ONLY,13.4223
987,2,CB,Chubb Limited,Financials,Property & Casualty Insurance,large,332.64,0.9437,0.9855,1.0247,1.1068,STRONG_DOWN,15.34,17.61,36.74,-11.02,53.01,18.88,0.5494,LOW,-,326.343,326.0989,295.4991,1,49.447,TREND_ONLY,13.4081
988,16,BCO,BRINKS,Industrials,,mid,106.29,0.9772,0.9966,0.957,0.9107,STRONG_UP,-5.57,21.79,20.36,-27.95,49.0,43.32,0.8225,LOW,PROGRESS,103.2725,117.2608,111.5995,0,24.6468,WEAK,13.4024
989,-11,WOR,WORTHINGTON ENTERPRISES INC,Industrials,,mid,54.77,0.9342,1.0112,1.1078,1.0933,FLAT,-0.48,16.44,-7.21,-29.83,53.01,32.62,0.7413,LOW,SHIFT,50.11,53.4111,56.9379,0,26.7086,WEAK,13.3979
990,45,NCLH,Norwegian Cruise Line Holdings,Consumer Discretionary,"Hotels, Resorts & Cruise Lines",mid,20.16,0.8796,1.0083,0.9897,0.8398,STRONG_UP,-15.65,9.62,3.86,-35.04,47.79,68.11,1.3222,MED,PROGRESS,19.427,21.3358,22.2615,0,6.7533,WEAK,13.3791
991,-112,TGNA,TEGNA INC,Communication,,mid,20.03,0.9768,0.9489,0.9664,1.0485,STRONG_DOWN,-3.6,21.74,48.44,-14.51,47.26,20.65,0.0,LOW,-,20.5762,19.8735,19.0759,1,49.7547,TREND_ONLY,13.3772
992,-43,AMGN,Amgen,Health Care,Biotechnology,large,349.81,0.9945,0.9598,0.9308,1.0488,FLAT,20.03,23.94,37.51,-12.41,52.61,30.53,0.9266,LOW,-,353.8365,362.321,316.6883,1,41.2584,TREND_ONLY,13.3538
993,29,SO,Southern Company,Utilities,Electric Utilities,large,97.17,0.9171,0.9716,1.0083,1.1548,STRONG_DOWN,2.41,14.3,47.1,-14.99,53.01,18.41,0.7294,LOW,-,96.3865,94.2924,91.3356,1,41.1874,TREND_ONLY,13.3387
994,66,BRZE,BRAZE INC CLASS A,Information Technology,,mid,21.47,0.5236,0.8825,1.1476,0.6832,FLAT,-22.24,-34.74,-50.61,-57.2,47.79,79.72,1.013,MED,SHIFT,20.8522,19.7212,26.525,0,-20.8267,WEAK,13.3336
995,4,GPC,Genuine Parts Company,Consumer Discretionary,Distributors,large,107.41,0.7811,0.9898,0.9848,0.8997,STRONG_UP,-19.67,-2.64,-23.98,-34.84,47.39,41.38,0.7669,LOW,PROGRESS,103.9805,118.884,126.4363,0,-3.0285,WEAK,13.3143
996,-107,AMZN,Amazon,Consumer Discretionary,Broadline Retail,large,221.25,0.9289,1.0184,1.0313,0.9318,FLAT,-0.24,15.78,19.16,-21.74,53.82,30.92,0.9472,LOW,SHIFT,209.7065,213.7158,224.6035,0,27.4619,WEAK,13.3107
997,-233,MGM,MGM Resorts,Consumer Discretionary,Casinos & Gaming,large,37.1,0.9946,0.9777,1.0589,1.1061,STRONG_DOWN,12.02,23.96,-20.06,-22.76,49.4,46.53,0.7292,LOW,-,36.7555,36.0466,35.4129,1,25.4335,TREND_ONLY,13.3025
998,-46,ITW,Illinois Tool Works,Industrials,Industrial Machinery & Supplies & Components,large,269.51,0.944,1.0026,0.9914,1.1171,FLAT,6.73,17.65,7.75,-14.49,52.21,25.0,0.6802,LOW,-,261.6634,274.6011,256.7663,1,36.8644,TREND_ONLY,13.2854
999,67,SW,Smurfit Westrock,Materials,Paper & Plastic Packaging Products & Materials,large,42.28,0.8174,1.0212,0.9883,1.0946,FLAT,3.58,1.88,1.25,-32.21,48.59,51.6,0.586,LOW,-,39.555,43.0929,41.744,1,1.7661,TREND_ONLY,13.2576
1000,19,HAFC,HANMI FINANCIAL CORP,Financials,,small,27.63,1.0748,1.0068,1.0803,1.0298,FLAT,13.27,33.95,95.14,-16.23,51.41,39.62,0.7244,LOW,-,26.042,26.4587,25.6928,1,44.0572,TREND+LEAD,13.2366
1001,-135,BFST,BUSINESS FIRST BANCSHARES INC,Financials,,small,28.28,1.0242,1.0008,1.0633,1.1114,STRONG_DOWN,20.81,27.65,38.27,-13.49,49.8,26.53,0.9261,LOW,-,26.7805,27.657,25.6007,1,51.9036,TREND+LEAD,13.2186
1002,-66,EQT,EQT Corporation,Energy,Oil & Gas Exploration & Production,large,60.18,0.9739,0.9548,0.9723,1.1267,STRONG_DOWN,5.89,21.38,63.08,-18.39,53.01,33.88,0.8776,LOW,-,63.8745,60.5758,55.8059,1,33.4448,TREND_ONLY,13.1945
1003,9,LFST,LIFESTANCE HEALTH GROUP INC,Health Care,,mid,6.54,0.7594,0.9951,0.9708,0.9114,STRONG_UP,18.26,-5.35,3.97,-45.15,46.59,35.75,0.8532,LOW,-,6.444,6.8012,5.9334,1,-6.9781,TREND_ONLY,13.1345
1004,-95,WSM,"Williams-Sonoma, Inc.",Consumer Discretionary,Homefurnishing Retail,large,187.53,0.9655,1.0078,0.9944,0.9976,FLAT,-0.15,20.34,25.09,-20.56,50.6,35.81,0.9864,LOW,PROGRESS,181.3535,196.8378,190.6325,0,28.7371,WEAK,13.1029
1005,37,PJT,PJT PARTNERS INC CLASS A,Financials,,mid,146.74,0.8707,1.0102,1.0499,0.8313,FLAT,-16.62,8.52,52.68,-32.47,54.22,33.27,1.0081,MED,PROGRESS,135.863,147.8804,168.3403,0,13.8844,WEAK,13.0942
1006,-89,APD,Air Products,Materials,Industrial Gases,large,296.61,0.9044,0.9933,1.0838,1.1595,STRONG_DOWN,10.99,12.72,30.31,-22.39,50.6,25.57,0.873,LOW,-,286.9877,280.2742,269.9166,1,25.1699,TREND_ONLY,13.0922
1007,0,FLYW,FLYWIRE CORP,Financials,,small,11.86,1.0411,0.9927,0.901,0.8321,STRONG_UP,-6.47,29.76,-48.99,-28.16,51.0,48.31,0.7897,LOW,-,12.0695,12.0204,12.7873,0,31.4163,WEAK,13.0899
1008,43,ATEC,ALPHATEC HOLDNGS INC,Health Care,,small,11.66,0.9309,1.0037,0.9311,0.5399,STRONG_UP,-13.31,16.02,-18.23,-52.25,51.0,65.11,0.7564,LOW,-,11.8105,12.925,15.4289,0,12.5482,WEAK,13.0803
1009,21,KTB,KONTOOR BRANDS INC,Consumer Discretionary,,mid,71.99,0.9991,0.9842,1.0567,1.2514,STRONG_DOWN,-8.55,24.53,35.93,-32.91,49.0,59.04,0.8034,LOW,-,68.5845,67.443,69.4604,1,20.3549,TREND_ONLY,13.0789
1010,-45,CNK,CINEMARK HOLDINGS INC,Communication,,mid,29.72,0.8998,1.0094,1.1137,1.345,STRONG_DOWN,13.69,12.14,58.16,-34.65,51.0,34.67,0.5461,LOW,-,27.6765,26.616,26.5708,1,17.8649,TREND_ONLY,13.0739
1011,-81,DIS,Walt Disney Company (The),Communication Services,Movies & Entertainment,large,99.18,0.8799,0.9956,0.9779,0.8936,STRONG_UP,-11.27,9.66,-14.23,-24.97,46.18,29.45,0.9189,LOW,PROGRESS,97.4635,102.5014,110.7348,0,15.1541,WEAK,13.0673
1012,0,BKNG,Booking Holdings,Consumer Discretionary,"Hotels, Resorts & Cruise Lines",large,181.0,0.7925,1.0481,1.034,0.8472,STRONG_UP,-13.32,-1.23,28.38,-33.2,51.81,44.38,,LOW,SHIFT,171.3785,174.2614,203.6645,0,-1.4323,WEAK,13.0561
1013,4,GDDY,GoDaddy,Information Technology,Internet Services & Infrastructure,large,80.82,0.3724,0.97,0.895,0.6998,STRONG_UP,-40.25,-53.58,-35.81,-58.87,49.0,50.85,0.4445,LOW,EARLY,82.4925,88.6202,127.0174,0,-51.6343,WEAK,13.0471
1014,-72,BJRI,BJS RESTAURANTS INC,Consumer Discretionary,,small,38.24,0.9426,1.04,1.0472,0.914,FLAT,24.2,17.48,10.9,-38.67,52.21,35.42,0.9612,LOW,-,35.51,38.5094,37.2397,1,25.7672,TREND_ONLY,13.0315
1015,18,RDNT,RADNET INC,Health Care,,mid,55.91,0.8371,0.9798,0.9182,0.7347,STRONG_UP,-28.24,4.33,14.1,-35.39,49.0,47.52,1.1129,MED,EARLY,59.1015,65.082,69.382,0,4.464,WEAK,13.0171
1016,-181,TRNO,TERRENO REALTY REIT CORP,Real Estate,,mid,64.06,0.9532,1.0052,1.021,1.112,STRONG_DOWN,11.63,18.8,4.55,-10.85,55.42,19.73,0.836,LOW,-,61.6671,62.9997,58.8715,1,52.7972,TREND_ONLY,12.9994
1017,-47,PAGS,PAGSEGURO DIGITAL LTD CLASS A,Financials,,mid,10.76,1.0616,0.9904,1.0622,1.1378,STRONG_DOWN,19.96,32.31,-18.05,-21.92,48.59,50.57,0.6718,LOW,-,9.9545,10.4874,9.6679,1,31.048,TREND+LEAD,12.9607
1018,63,PFSI,PENNYMAC FINANCIAL SERVICES INC,Financials,,mid,91.61,0.7871,1.0125,1.0215,0.6861,FLAT,-20.97,-1.91,2.89,-47.06,51.41,76.61,0.4856,LOW,PROGRESS,86.93,93.5289,112.8897,0,-1.2799,WEAK,12.9316
1019,75,IOVA,IOVANCE BIOTHERAPEUTICS INC,Health Care,,small,3.47,0.8514,0.9749,0.6666,1.2744,FLAT,59.17,6.12,-73.75,-54.41,46.59,101.99,1.0337,MED,-,3.7065,3.4368,2.6096,1,2.7939,TREND_ONLY,12.9311
1020,41,GRBK,GREEN BRICK PARTNERS INC,Consumer Discretionary,,mid,68.23,0.971,1.0117,1.0323,1.0768,STRONG_DOWN,-2.79,21.02,16.75,-23.99,48.19,39.57,1.0512,MED,-,64.266,70.0774,67.9671,1,25.5967,TREND_ONLY,12.8823
1021,8,IBOC,INTERNATIONAL BANCSHARES CORP,Financials,,mid,70.4,0.956,1.0054,1.0517,1.0549,STRONG_DOWN,4.29,19.14,31.58,-12.74,49.0,25.69,1.6263,HIGH,-,67.553,69.0663,68.1638,1,36.5161,TREND_ONLY,12.861
1022,43,IR,Ingersoll Rand,Industrials,Industrial Machinery & Supplies & Components,large,84.67,0.9275,1.0259,0.9788,1.0593,FLAT,4.13,15.59,-9.28,-22.08,48.59,38.76,0.6741,LOW,-,81.487,88.4269,82.9101,1,19.5456,TREND_ONLY,12.8604
1023,3,SPB,SPECTRUM BRANDS HOLDINGS INC,Consumer Staples,,small,78.64,1.0179,1.026,1.0401,1.2902,STRONG_DOWN,52.26,26.86,-1.47,-23.7,51.0,34.6,0.6963,LOW,-,74.3285,74.1535,60.3113,1,39.5907,TREND+LEAD,12.848
1024,4,STNE,STONECO LTD CLASS A,Financials,,mid,14.06,1.0182,0.949,0.9969,1.0166,STRONG_DOWN,-20.56,26.9,-18.63,-31.4,48.59,62.03,0.6266,LOW,PROGRESS,13.961,15.3672,15.9392,0,21.0679,WEAK,12.8044
1025,0,CBRE,CBRE Group,Real Estate,Real Estate Services,large,142.49,0.9428,1.0269,1.0576,0.8715,FLAT,-6.68,17.5,48.12,-23.22,52.61,42.8,0.6996,LOW,PROGRESS,134.749,145.6648,153.752,0,21.5088,WEAK,12.7673
1026,-75,AIZ,Assurant,Financials,Multi-line Insurance,large,223.69,0.9434,1.0023,1.0171,0.9661,FLAT,4.24,17.57,29.01,-12.57,57.43,26.97,0.5841,LOW,-,216.921,224.0972,215.9898,1,37.4237,TREND_ONLY,12.7416
1027,36,DGX,Quest Diagnostics,Health Care,Health Care Services,large,198.81,0.9898,0.979,0.9929,1.1455,STRONG_DOWN,10.28,23.37,55.55,-9.81,51.0,24.81,0.588,LOW,-,196.7002,198.0327,182.9535,1,48.0329,TREND_ONLY,12.7206
1028,-46,PNR,Pentair,Industrials,Industrial Machinery & Supplies & Components,large,90.53,0.8733,1.0114,1.0031,0.9227,STRONG_UP,-17.8,8.84,10.4,-25.05,49.8,34.17,0.5263,LOW,PROGRESS,87.5555,94.7014,103.1367,0,12.8847,WEAK,12.7173
1029,97,HSIC,Henry Schein,Health Care,Health Care Distributors,mid,75.53,0.916,1.0023,0.9891,0.9833,STRONG_UP,16.41,14.16,3.23,-16.93,50.2,28.03,1.0913,MED,-,74.0385,76.7604,72.2661,1,25.3644,TREND_ONLY,12.7105
1030,0,CMS,CMS Energy,Utilities,Multi-Utilities,large,78.82,0.916,0.9805,1.0302,1.1613,STRONG_DOWN,8.47,14.16,41.45,-8.31,55.82,15.55,0.5803,LOW,-,77.0665,75.6377,72.1519,1,50.8449,TREND_ONLY,12.6971
1031,84,COR,Cencora,Health Care,Health Care Distributors,large,324.93,0.9587,0.9915,0.9217,0.9727,FLAT,5.61,19.49,38.41,-17.16,54.62,32.21,0.5099,LOW,EARLY,327.7035,346.9669,325.8443,0,33.0433,WEAK,12.6871
1032,13,GWW,W. W. Grainger,Industrials,Industrial Machinery & Supplies & Components,large,1146.72,0.9615,1.0035,1.0354,1.1633,STRONG_DOWN,20.11,19.84,15.72,-16.26,50.6,28.88,0.7209,LOW,-,1079.344,1111.5462,1020.7808,1,34.7577,TREND_ONLY,12.6368
1033,8,LULU,Lululemon Athletica,Consumer Discretionary,"Apparel, Accessories & Luxury Goods",large,158.86,0.4655,0.9696,0.9536,0.7633,STRONG_UP,-8.26,-41.99,-55.72,-56.49,50.2,42.51,0.6167,LOW,PROGRESS,157.759,169.2652,187.6523,0,-49.5836,WEAK,12.612
1034,52,GTY,GETTY REALTY REIT CORP,Real Estate,,small,33.15,1.0081,1.0013,1.0112,1.2018,STRONG_DOWN,30.37,25.64,37.01,-10.16,52.61,26.1,0.5792,LOW,-,32.3715,31.7302,28.0775,1,51.6796,TREND+LEAD,12.5969
1035,82,BMY,Bristol Myers Squibb,Health Care,Pharmaceuticals,large,59.2,0.928,0.9391,0.9937,1.0727,STRONG_DOWN,35.51,15.66,26.38,-18.58,49.4,25.86,0.671,LOW,-,58.5974,58.8542,49.8844,1,29.9237,TREND_ONLY,12.5761
1036,-89,MSFT,Microsoft,Information Technology,Systems Software,large,374.33,0.775,0.9823,0.9216,0.7894,STRONG_UP,-28.26,-3.4,-10.84,-33.91,52.21,32.29,0.9107,LOW,EARLY,380.2655,397.944,473.7226,0,-5.5048,WEAK,12.5744
1037,-1,SBSI,SOUTHSIDE BANCSHARES INC,Financials,,small,32.7,0.9963,1.0088,1.0788,1.0959,STRONG_DOWN,18.28,24.17,28.44,-15.77,50.2,23.9,0.8774,LOW,-,30.718,31.5696,29.8501,1,50.7604,TREND_ONLY,12.5143
1038,-53,STEP,STEPSTONE GROUP INC CLASS A,Financials,,mid,48.54,0.8204,1.0012,1.0458,0.72,FLAT,-24.12,2.25,41.5,-43.1,51.81,54.98,0.597,LOW,PROGRESS,46.5995,51.8402,59.6826,0,2.118,WEAK,12.4926
1039,-123,REG,Regency Centers,Real Estate,Retail REITs,large,77.86,0.9339,0.9916,1.0049,1.1427,STRONG_DOWN,11.23,16.39,40.06,-8.17,48.19,15.7,0.9709,LOW,-,76.0655,75.7174,70.754,1,50.307,TREND_ONLY,12.4892
1040,-97,HUM,Humana,Health Care,Managed Health Care,large,198.39,0.5663,1.0867,1.1473,0.7375,FLAT,-32.23,-29.42,-36.19,-47.18,54.22,58.71,0.7593,LOW,SHIFT,173.5238,180.6127,240.3287,0,-27.1715,WEAK,12.476
1041,-2,PCT,PURECYCLE TECHNOLOGIES INC,Materials,,small,5.52,0.6814,1.047,0.9426,0.6226,STRONG_UP,-61.77,-15.08,-6.91,-70.09,44.98,87.03,0.9295,LOW,-,5.52,7.3036,10.9296,0,-7.7923,WEAK,12.4641
1042,-149,CVS,CVS Health,Health Care,Health Care Services,large,78.79,0.9352,1.0535,1.0313,1.0128,STRONG_UP,3.85,16.55,16.58,-16.44,56.63,40.74,0.6009,LOW,-,73.5345,75.638,73.8085,1,23.007,TREND_ONLY,12.4289
1043,92,ANIP,ANI PHARMACEUTICALS INC,Health Care,,small,79.01,0.9604,1.0082,1.0391,1.0114,FLAT,-13.82,19.69,17.84,-28.66,50.2,40.1,1.6637,HIGH,-,74.705,76.659,81.5124,0,24.6543,WEAK,12.368
1044,5,VRNS,VARONIS SYSTEMS INC,Information Technology,,mid,22.81,0.4426,1.017,0.9515,0.6548,STRONG_UP,-61.97,-44.84,-51.08,-66.7,54.22,63.7,0.7488,LOW,EARLY,23.0215,24.4028,41.535,0,-38.164,WEAK,12.366
1045,166,JBLU,JETBLUE AIRWAYS CORP,Industrials,,small,5.04,0.9426,1.0737,1.1417,1.0193,FLAT,6.33,17.48,-28.91,-37.62,46.18,74.89,1.709,HIGH,-,4.35,5.0334,4.7864,1,10.7804,TREND_ONLY,12.333
1046,-45,CARR,Carrier Global,Industrials,Building Products,large,58.29,0.7807,0.993,0.9966,1.1328,STRONG_DOWN,-0.7,-2.7,2.99,-37.38,49.0,36.08,0.6429,LOW,PROGRESS,56.798,60.1282,60.8503,0,-3.6678,WEAK,12.3279
1047,80,MDT,Medtronic,Health Care,Health Care Equipment,large,88.65,0.8606,0.9984,0.9933,0.9113,STRONG_UP,-8.44,7.26,12.84,-17.61,51.0,19.88,1.243,MED,PROGRESS,86.7394,93.3197,93.0553,0,18.6133,WEAK,12.3057
1048,124,CHCO,CITY HOLDING,Financials,,small,126.04,0.9145,1.014,1.0637,1.0635,FLAT,4.27,13.98,30.25,-11.76,48.19,18.47,1.5752,HIGH,-,119.788,121.9042,121.9499,1,36.4628,TREND_ONLY,12.3006
1049,-11,J,Jacobs Solutions,Industrials,Construction & Engineering,large,131.14,0.9053,0.9898,0.9937,0.9777,FLAT,-15.14,12.82,10.06,-23.73,50.6,36.26,0.4217,LOW,PROGRESS,128.614,134.2732,140.9061,0,17.8967,WEAK,12.2658
1050,-19,FUL,HB FULLER,Materials,,mid,62.78,0.9517,0.9739,1.0728,1.0493,FLAT,8.0,18.61,-17.92,-26.97,46.99,43.81,0.8432,LOW,-,56.442,60.9249,59.694,1,19.9654,TREND_ONLY,12.2656
1051,-45,ABNB,Airbnb,Consumer Discretionary,"Hotels, Resorts & Cruise Lines",large,131.4,0.869,1.0174,0.9912,0.9754,STRONG_UP,9.64,8.31,-19.22,-21.54,54.22,37.7,0.8243,LOW,-,128.4565,128.1257,128.0446,1,11.9494,TREND_ONLY,12.2232
1052,215,ALKS,ALKERMES,Health Care,,mid,34.77,0.9683,0.9615,1.2522,1.2047,FLAT,12.34,20.69,30.08,-22.2,49.8,51.8,1.3369,MED,-,30.2315,31.4388,29.7971,1,19.8885,TREND_ONLY,12.2184
1053,-44,LMB,LIMBACH HOLDINGS INC,Industrials,,small,83.97,0.8683,1.0148,1.0428,1.1133,STRONG_DOWN,-6.82,8.22,105.26,-55.92,51.41,56.87,1.1386,MED,-,78.72,84.5764,96.7276,0,7.4333,WEAK,12.2177
1054,19,PKG,Packaging Corporation of America,Materials,Paper & Plastic Packaging Products & Materials,large,211.05,0.9159,0.9683,0.9582,1.0443,FLAT,1.44,14.15,16.75,-17.21,51.41,28.54,0.563,LOW,-,210.6875,222.3581,207.699,1,25.4816,TREND_ONLY,12.1959
1055,58,PRSU,PURSUIT ATTRACTIONS AND HOSPITALIT,Consumer Discretionary,,small,41.11,1.0063,1.0689,1.1106,1.2662,STRONG_DOWN,19.23,25.41,8.1,-16.99,50.6,35.87,1.0224,MED,-,36.762,36.4872,34.7175,1,35.8472,TREND+LEAD,12.1751
1056,-12,CHTR,Charter Communications,Communication Services,Cable & Satellite,large,221.63,0.5125,0.9933,1.0095,1.0926,STRONG_DOWN,-19.84,-36.13,-18.36,-57.21,49.8,41.27,0.7107,LOW,PROGRESS,218.025,222.3666,252.2608,0,-43.5928,WEAK,12.167
1057,-23,LTC,LTC PROPERTIES REIT INC,Real Estate,,small,39.04,0.9858,1.0077,1.0094,1.1294,STRONG_DOWN,15.37,22.86,35.66,-9.46,53.82,22.39,0.5351,LOW,-,37.9403,37.96,35.3043,1,54.9507,TREND_ONLY,12.1606
1058,39,CPRX,CATALYST PHARMACEUTICALS INC,Health Care,,mid,25.31,0.893,0.9884,1.0208,1.1333,STRONG_DOWN,21.57,11.3,60.29,-27.29,53.01,35.33,1.0693,MED,-,23.838,24.15,22.2548,1,16.9573,TREND_ONLY,12.1538
1059,-2,UPS,United Parcel Service,Industrials,Air Freight & Logistics,large,100.45,0.864,0.9944,0.9943,0.9829,STRONG_UP,20.52,7.68,-25.06,-20.28,51.0,27.51,0.7914,LOW,-,97.5855,106.1161,94.8923,1,14.2405,TREND_ONLY,12.1507
1060,28,GEN,Gen Digital,Information Technology,Systems Software,large,18.89,0.6075,0.9786,0.8664,0.7399,STRONG_UP,-30.11,-24.28,-13.5,-42.23,46.18,36.59,1.0095,MED,EARLY,19.821,21.7737,26.3801,0,-30.6474,WEAK,12.1272
1061,-64,AVNT,AVIENT CORP,Materials,,mid,37.05,0.9332,0.9866,1.0379,1.1781,STRONG_DOWN,17.85,16.3,-9.61,-28.48,49.0,36.71,0.5756,LOW,-,34.704,37.4613,33.7291,1,21.7636,TREND_ONLY,12.1067
1062,29,SYY,Sysco,Consumer Staples,Food Distributors,large,75.15,0.8728,1.0169,0.8974,1.068,FLAT,-4.6,8.78,2.53,-23.98,49.0,43.47,1.0211,MED,EARLY,78.8187,83.4338,78.0681,0,9.8983,WEAK,12.0968
1063,-63,CBU,COMMUNITY FINANCIAL SYSTEM INC,Financials,,mid,61.44,0.9372,1.0027,1.0642,1.0373,FLAT,7.23,16.81,40.78,-16.03,51.0,24.32,0.7264,LOW,-,57.844,60.7307,57.9638,1,35.2441,TREND_ONLY,12.0915
1064,-21,MELI,Mercado Libre,Consumer Discretionary,Catalog/Specialty Distribution,large,1775.74,0.7193,1.0013,1.0183,0.8353,FLAT,-18.83,-10.35,18.78,-38.8,49.4,40.16,0.9064,LOW,PROGRESS,1686.436,1848.169,2148.2467,0,-12.7265,WEAK,12.0846
1065,43,BWIN,BALDWIN INSURANCE GROUP INC CLASS,Financials,,mid,22.76,0.4303,1.0246,1.0895,0.9314,FLAT,-21.41,-46.37,,-62.95,47.39,76.31,0.6855,LOW,SHIFT,21.5635,20.3638,27.6867,0,-28.7975,WEAK,12.0725
1066,-193,RES,RPC INC,Energy,,small,6.68,1.1289,0.9649,1.0798,1.2134,STRONG_DOWN,42.66,40.69,-11.15,-20.83,50.2,54.12,0.6645,LOW,-,6.876,6.3371,5.3328,1,37.7473,TREND+LEAD,12.0422
1067,-95,IBM,IBM,Information Technology,IT Consulting & Other Services,large,241.74,0.8448,0.9637,0.9652,0.8335,FLAT,-16.81,5.29,35.27,-28.69,55.42,45.76,0.8221,LOW,EARLY,245.2425,258.4041,274.68,0,6.4023,WEAK,11.9986
1068,38,ED,Consolidated Edison,Utilities,Multi-Utilities,large,113.57,0.8903,0.9664,1.0194,1.1718,STRONG_DOWN,15.37,10.96,33.27,-14.23,53.41,16.66,0.7903,LOW,-,112.7775,110.8315,101.5133,1,35.1331,TREND_ONLY,11.9669
1069,-16,OTTR,OTTER TAIL CORP,Utilities,,mid,90.7,0.9579,0.9965,1.0492,1.1418,STRONG_DOWN,18.56,19.39,12.77,-12.7,51.81,22.64,0.6681,LOW,-,87.0775,86.9343,82.0384,1,44.3618,TREND_ONLY,11.9502
1070,-18,RMD,ResMed,Health Care,Health Care Equipment,large,230.7,0.8629,1.0034,0.9327,0.9477,FLAT,-18.18,7.55,20.9,-24.74,51.0,27.63,0.8114,LOW,PROGRESS,227.368,245.3174,257.667,0,13.9281,WEAK,11.8996
1071,3,COST,Costco,Consumer Staples,Consumer Staples Merchandise Retail,large,1030.27,0.8612,1.0021,1.032,1.1892,STRONG_DOWN,12.94,7.33,44.95,-19.35,48.19,19.36,1.0315,MED,-,993.6695,990.6321,947.2663,1,18.2398,TREND_ONLY,11.8992
1072,-191,NN,NEXTNAV INC,Information Technology,,mid,14.59,0.958,0.8883,0.8926,1.0069,STRONG_DOWN,2.89,19.39,91.97,-36.62,52.21,77.13,,LOW,EARLY,17.1163,16.3881,15.3728,0,13.1283,WEAK,11.8902
1073,26,UHS,Universal Health Services,Health Care,Health Care Facilities,large,186.76,0.8218,1.0173,1.0002,0.9126,STRONG_UP,-10.78,2.42,9.77,-27.51,52.61,39.24,0.5661,LOW,PROGRESS,185.6485,202.1254,200.4816,0,3.2431,WEAK,11.8696
1074,-20,EFX,Equifax,Industrials,Research & Consulting Services,large,184.38,0.6651,0.9947,0.9401,0.8809,STRONG_UP,-22.13,-17.11,-28.76,-39.04,51.0,44.97,0.3972,LOW,PROGRESS,180.4985,190.9712,222.3825,0,-19.4025,WEAK,11.8594
1075,64,HFWA,HERITAGE FINANCIAL CORP,Financials,,small,27.41,1.0292,1.016,1.081,1.1786,STRONG_DOWN,16.37,28.28,62.58,-14.76,50.2,33.2,0.8174,LOW,-,25.5715,26.364,24.2636,1,42.7545,TREND+LEAD,11.8062
1076,-89,MFA,MFA FINANCIAL INC,Financials,,small,9.84,0.9997,0.9956,1.0011,1.1039,STRONG_DOWN,18.38,24.59,16.15,-11.2,50.2,24.06,0.6299,LOW,-,9.5166,9.5493,8.9088,1,51.316,TREND_ONLY,11.7932
1077,61,LNTH,LANTHEUS HOLDINGS INC,Health Care,,mid,80.03,0.6411,1.0247,0.9607,1.1736,FLAT,54.38,-20.1,32.46,-53.92,51.41,35.5,1.0452,MED,-,77.3665,73.8123,64.8759,1,-29.1051,TREND_ONLY,11.7887
1078,-46,SAH,SONIC AUTOMOTIVE INC CLASS A,Consumer Discretionary,,mid,65.96,0.8697,0.9798,1.0978,1.0727,FLAT,-7.86,8.4,29.75,-33.64,54.22,37.65,0.4474,LOW,SHIFT,63.3753,62.1721,69.0071,0,12.0919,WEAK,11.7775
1079,-7,EW,Edwards Lifesciences,Health Care,Health Care Equipment,large,81.71,0.9379,0.9746,0.9516,0.9799,FLAT,6.5,16.9,-12.19,-12.73,50.2,26.47,0.8563,LOW,-,82.018,81.7096,80.7481,1,32.0422,TREND_ONLY,11.763
1080,84,TFIN,TRIUMPH FINANCIAL INC,Financials,,small,62.31,0.9338,1.0024,1.0628,0.9661,FLAT,29.06,16.38,-21.18,-28.76,50.2,49.07,1.5941,HIGH,-,57.8255,60.56,59.0524,1,16.7575,TREND_ONLY,11.7381
1081,120,TGTX,TG THERAPEUTICS INC,Health Care,,mid,34.21,0.7657,0.9875,1.1676,1.1471,FLAT,-6.27,-4.57,126.56,-42.01,52.61,44.34,0.7825,LOW,-,31.1525,30.1188,32.0317,1,-5.4278,TREND_ONLY,11.7227
1082,0,RJF,Raymond James Financial,Financials,Investment Banking & Brokerage,large,147.82,0.8819,0.9992,0.9972,0.914,STRONG_UP,-10.12,9.92,18.63,-19.64,55.02,30.54,0.6267,LOW,PROGRESS,143.6775,153.2787,160.0913,0,17.8661,WEAK,11.7172
1083,-99,SBUX,Starbucks,Consumer Discretionary,Restaurants,large,97.21,0.9038,1.0419,0.9637,1.1481,FLAT,21.22,12.64,17.57,-18.53,50.2,31.42,0.8914,LOW,-,93.9025,95.3749,88.6879,1,20.2006,TREND_ONLY,11.7042
1084,-5,GBX,GREENBRIER INC,Industrials,,small,49.03,0.9337,0.9038,0.9055,0.9918,STRONG_DOWN,10.95,16.37,-4.59,-26.98,51.81,36.47,2.9039,HIGH,-,51.3875,53.6134,47.9204,1,23.2616,TREND_ONLY,11.6951
1085,33,LOW,Lowe's,Consumer Discretionary,Home Improvement Retail,large,243.66,0.8936,1.0008,0.9694,1.0076,FLAT,2.53,11.37,3.58,-21.84,51.0,31.43,0.7019,LOW,PROGRESS,235.4355,256.57,246.0958,0,18.4443,WEAK,11.6823
1086,0,MWA,MUELLER WATER PRODUCTS INC SERIES,Industrials,,mid,29.04,0.9477,1.0031,1.0335,1.2211,STRONG_DOWN,14.76,18.11,91.48,-16.11,50.6,24.4,0.6003,LOW,-,27.747,28.4289,25.8729,1,37.5594,TREND_ONLY,11.631
1087,-77,GBCI,GLACIER BANCORP INC,Financials,,mid,47.36,0.9347,1.019,1.0582,1.0354,FLAT,0.67,16.49,25.9,-19.56,52.61,31.99,0.6994,LOW,-,44.436,47.207,45.5657,1,27.1256,TREND_ONLY,11.5967
1088,77,HCI,HCI GROUP INC,Financials,,small,154.36,0.8937,0.9719,0.9511,0.9063,STRONG_UP,-21.26,11.38,37.22,-26.73,50.6,31.71,1.7645,HIGH,-,156.2355,159.7244,168.5955,0,18.1578,WEAK,11.582
1089,-121,BBY,Best Buy,Consumer Discretionary,Computer & Electronics Retail,large,64.48,0.8586,0.9718,1.0092,0.9675,FLAT,-11.84,7.02,-13.87,-26.04,47.79,35.03,0.6788,LOW,SHIFT,62.8563,63.8992,69.1629,0,9.5707,WEAK,11.5525
1090,-42,SKYW,SKYWEST INC,Industrials,,mid,95.15,0.8455,0.9843,1.0335,0.9899,FLAT,-4.12,5.38,36.95,-28.96,47.79,39.3,1.7062,HIGH,PROGRESS,91.2915,97.5766,103.2089,0,6.5455,WEAK,11.5462
1091,91,RVLV,REVOLVE GROUP CLASS A INC,Consumer Discretionary,,small,24.95,0.923,1.0893,1.0381,0.8132,STRONG_UP,18.64,15.03,18.87,-30.3,46.99,48.06,1.1617,MED,-,22.7895,24.615,23.904,1,14.6953,TREND_ONLY,11.5291
1092,-78,QCOM,Qualcomm,Information Technology,Semiconductors,large,127.51,0.7292,0.971,0.9422,0.7245,STRONG_UP,-22.04,-9.12,-24.18,-33.13,51.41,29.25,1.0945,MED,EARLY,128.999,136.8178,156.3812,0,-16.0256,WEAK,11.5245
1093,-73,MOS,Mosaic Company (The),Materials,Fertilizers & Agricultural Chemicals,mid,26.62,0.8921,0.9722,1.0043,1.0794,STRONG_DOWN,-23.49,11.18,-14.95,-37.16,51.41,55.77,0.9124,LOW,PROGRESS,26.6035,27.4431,29.2858,0,10.3071,WEAK,11.4914
1094,-83,IEX,IDEX Corporation,Industrials,Industrial Machinery & Supplies & Components,large,197.85,0.9277,0.9989,1.0095,1.1192,STRONG_DOWN,20.28,15.62,-15.74,-17.02,45.78,26.38,0.7203,LOW,-,189.8855,199.4734,178.2292,1,27.0992,TREND_ONLY,11.4733
1095,-156,HLX,HELIX ENERGY SOLUTIONS GROUP INC,Energy,,small,9.66,1.1266,0.9993,1.0711,1.443,STRONG_DOWN,45.26,40.41,-17.58,-20.83,47.79,55.72,,LOW,-,9.579,9.0678,7.1685,1,34.6563,TREND+LEAD,11.4631
1096,-103,UBER,Uber,Industrials,Passenger Ground Transportation,large,72.38,0.799,0.9783,0.9993,0.8543,FLAT,-25.99,-0.41,-3.67,-30.89,50.2,31.03,0.5896,LOW,EARLY,73.0775,74.152,86.7434,0,-0.6678,WEAK,11.4505
1097,113,PM,Philip Morris International,Consumer Staples,Tobacco,large,160.94,0.8808,0.9915,0.9384,1.0647,FLAT,6.02,9.78,91.2,-20.64,56.22,28.6,0.7836,LOW,EARLY,164.3825,173.6369,162.9546,0,19.2205,WEAK,11.4313
1098,-27,PECO,PHILLIPS EDISON AND COMPANY INC,Real Estate,,mid,38.05,0.9062,0.9904,0.9883,1.1093,FLAT,16.08,12.95,16.47,-8.41,46.99,14.15,0.8338,LOW,-,37.4773,37.7186,35.0547,1,42.9921,TREND_ONLY,11.3788
1099,50,FCBC,FIRST COMMUNITY BANKSHARES INC,Financials,,small,42.71,0.9468,0.992,1.0737,1.3536,STRONG_DOWN,33.08,18.0,49.46,-23.43,51.0,30.08,1.1837,MED,-,40.9535,39.8359,35.4826,1,30.5227,TREND_ONLY,11.3725
1100,80,CVCO,CAVCO INDUSTRIES INC,Consumer Discretionary,,mid,510.735,0.8383,1.0193,0.9779,0.8444,STRONG_UP,1.5,4.47,30.47,-34.05,54.22,58.93,0.961,LOW,PROGRESS,484.2233,530.3449,535.7767,0,4.1171,WEAK,11.3387
1101,-122,ENVX,ENOVIX CORP,Industrials,,small,5.73,0.6919,1.1175,1.1588,0.7214,FLAT,-53.86,-13.77,-25.49,-69.62,50.2,76.92,0.8074,LOW,-,5.138,5.6417,9.0568,0,-8.9865,WEAK,11.3163
1102,-7,CMG,Chipotle Mexican Grill,Consumer Discretionary,Restaurants,large,33.79,0.5323,1.0037,0.9722,0.8843,STRONG_UP,-17.48,-33.65,-42.28,-48.82,43.78,35.63,0.7651,LOW,PROGRESS,32.8665,35.754,39.7373,0,-41.3521,WEAK,11.3047
1103,50,IFF,International Flavors & Fragrances,Materials,Specialty Chemicals,large,73.77,0.8308,0.9853,1.0176,1.1217,STRONG_DOWN,22.36,3.55,-10.96,-24.03,53.41,33.76,1.1649,MED,-,70.1453,73.9914,68.3223,1,5.6174,TREND_ONLY,11.2838
1104,-335,CWAN,CLEARWATER ANALYTICS HOLDINGS INC,Information Technology,,mid,24.02,0.8044,0.9786,1.0352,1.0135,FLAT,35.94,0.25,41.88,-35.8,49.8,9.13,0.6073,LOW,-,23.5,23.527,21.3723,1,1.3659,TREND_ONLY,11.261
1105,151,NVAX,NOVAVAX INC,Health Care,,small,8.42,1.0009,1.0176,0.7869,1.1241,FLAT,-8.68,24.74,90.5,-35.94,46.99,84.9,0.7199,LOW,-,9.1735,9.239,8.0603,1,13.6934,TREND+LEAD,11.246
1106,-8,TSN,Tyson Foods,Consumer Staples,Packaged Foods & Meats,large,64.65,0.8987,0.9746,1.0721,1.1797,STRONG_DOWN,21.29,12.01,16.36,-16.76,51.0,23.41,0.784,LOW,-,62.13,62.9615,56.6762,1,26.1661,TREND_ONLY,11.2457
1107,-43,PNTG,PENNANT GROUP INC,Health Care,,small,31.01,0.9877,0.9904,0.9098,1.0916,FLAT,23.99,23.1,50.75,-26.97,52.61,44.38,0.8952,LOW,-,31.4955,31.4004,27.4266,1,27.389,TREND_ONLY,11.2413
1108,-39,ICE,Intercontinental Exchange,Financials,Financial Exchanges & Data,large,167.79,0.8686,1.0288,1.0499,1.0576,STRONG_DOWN,4.23,8.26,27.19,-22.53,53.41,30.32,0.4644,LOW,-,159.1696,161.0921,165.6317,1,14.5487,TREND_ONLY,11.24
1109,53,IP,International Paper,Materials,Paper & Plastic Packaging Products & Materials,large,37.07,0.6325,1.0076,0.9474,0.9628,FLAT,-17.49,-21.17,5.21,-37.4,46.59,47.73,1.1091,MED,PROGRESS,35.8805,40.5957,42.9904,0,-20.6654,WEAK,11.2081
1110,-87,HAE,HAEMONETICS CORP,Health Care,,mid,59.53,0.7826,1.026,0.9462,0.7296,STRONG_UP,20.85,-2.46,-31.62,-39.02,51.81,33.3,0.7189,LOW,PROGRESS,57.965,60.7684,64.8334,0,-3.824,WEAK,11.2045
1111,0,STGW,STAGWELL INC CLASS A,Communication,,small,6.53,0.9793,1.0176,1.059,1.3725,STRONG_DOWN,20.26,22.06,12.2,-36.78,49.8,67.49,1.0563,MED,-,6.2125,5.6058,5.3605,1,16.2749,TREND_ONLY,11.1972
1112,180,SKY,CHAMPION HOMES INC,Consumer Discretionary,,mid,78.65,0.7292,1.0274,0.9934,0.9186,STRONG_UP,18.65,-9.12,-5.99,-35.0,46.59,47.7,1.3512,MED,-,75.353,83.0788,77.8388,1,-8.905,TREND_ONLY,11.1484
1113,-38,ADSK,Autodesk,Information Technology,Application Software,large,240.65,0.7327,0.9806,0.9471,0.8333,STRONG_UP,-23.41,-8.68,-2.94,-33.09,51.81,38.56,0.8706,LOW,EARLY,242.7995,242.9072,286.0757,0,-11.6655,WEAK,11.1476
1114,-24,VCTR,VICTORY CAPITAL HOLDINGS CLASS A I,Financials,,mid,66.82,0.9533,0.9983,1.0022,1.0367,STRONG_DOWN,2.06,18.81,61.8,-18.13,50.6,37.19,1.1372,MED,-,66.5348,69.5616,66.25,1,25.5937,TREND_ONLY,11.139
1115,-6,VZ,Verizon,Communication Services,Integrated Telecommunication Services,large,48.04,0.9602,0.9428,0.9464,1.2389,STRONG_DOWN,20.08,19.68,32.03,-13.32,49.4,30.12,0.9065,LOW,-,50.062,48.7122,42.6489,1,32.27,TREND_ONLY,11.1192
1116,65,MOH,Molina Healthcare,Health Care,Managed Health Care,mid,147.55,0.3481,1.053,1.043,0.851,STRONG_UP,-27.41,-56.61,-61.17,-64.81,52.21,69.98,0.6542,LOW,PROGRESS,141.3975,148.105,172.4118,0,-42.2383,WEAK,11.0619
1117,-41,MMM,3M,Industrials,Industrial Conglomerates,large,149.17,0.8812,0.9954,0.9599,0.9357,STRONG_UP,-3.12,9.83,67.78,-18.77,52.21,31.94,0.8483,LOW,PROGRESS,146.3515,156.1149,157.3004,0,16.0708,WEAK,11.0552
1118,29,KO,Coca-Cola Company (The),Consumer Staples,Soft Drinks & Non-alcoholic Beverages,large,77.29,0.9123,0.9847,0.9983,1.1722,STRONG_DOWN,17.34,13.7,37.16,-9.82,49.0,17.19,0.6803,LOW,-,76.208,77.0041,70.5473,1,39.0411,TREND_ONLY,11.0529
1119,-57,VCYT,VERACYTE INC,Health Care,,mid,32.67,0.8036,0.9774,0.9957,0.7368,FLAT,-5.61,0.15,52.45,-39.23,46.99,46.38,0.8625,LOW,PROGRESS,32.317,34.685,34.9851,0,0.1553,WEAK,11.0435
1120,3,FRME,FIRST MERCHANTS CORP,Financials,,mid,40.85,0.922,1.0067,1.0914,1.1068,STRONG_DOWN,9.42,14.91,27.58,-15.73,50.6,26.3,1.2089,MED,-,37.979,39.2166,38.0406,1,28.6817,TREND_ONLY,11.021
1121,12,SHEN,SHENANDOAH TELECOMMUNICATIONS,Communication,,small,14.42,0.9258,0.9165,0.98,1.2701,STRONG_DOWN,8.03,15.39,-5.08,-36.32,51.41,36.11,0.8032,LOW,-,14.73,13.7584,12.8933,1,21.9113,TREND_ONLY,10.9997
1122,125,DRI,Darden Restaurants,Consumer Discretionary,Restaurants,large,195.65,0.8235,0.9823,0.9606,1.0038,FLAT,3.74,2.64,30.73,-23.92,50.2,29.51,1.0455,MED,EARLY,198.7905,205.087,196.5101,0,4.4915,WEAK,10.9789
1123,28,FISV,Fiserv,Financials,Transaction & Payment Processing Services,large,56.63,0.216,0.9899,0.9516,0.8384,STRONG_UP,-54.71,-73.08,-63.55,-75.17,49.6,37.99,0.9038,LOW,PROGRESS,56.429,59.5408,98.5606,0,-95.4164,WEAK,10.9696
1124,-8,CVBF,CVB FINANCIAL CORP,Financials,,mid,20.3,0.9691,1.009,1.0888,1.0942,STRONG_DOWN,9.65,20.78,27.33,-13.91,49.4,27.63,0.9817,LOW,-,19.0555,19.523,19.1582,1,37.145,TREND_ONLY,10.9612
1125,-122,KNTK,KINETIK HOLDINGS INC CLASS A,Energy,,mid,45.6,0.8726,0.9648,1.0076,1.3302,STRONG_DOWN,20.1,8.76,34.64,-30.3,51.81,36.37,0.7559,LOW,-,46.519,44.4023,39.4717,1,12.4735,TREND_ONLY,10.924
1126,19,GEO,GEO GROUP INC,Industrials,,mid,17.79,0.504,0.995,1.2622,1.1178,FLAT,-5.62,-37.18,11.75,-58.13,47.39,62.15,0.5002,LOW,SHIFT,16.572,15.6448,18.6383,0,-28.3518,WEAK,10.8844
1127,-151,UNP,Union Pacific Corporation,Industrials,Rail Transportation,large,249.11,0.9153,0.9932,0.9946,1.1348,STRONG_DOWN,8.63,14.07,8.28,-12.28,54.22,23.24,0.8056,LOW,-,241.782,249.3333,230.7239,1,32.8307,TREND_ONLY,10.869
1128,-9,NX,QUANEX BUILDING PRODUCTS CORP,Industrials,,small,19.27,0.8616,1.0302,1.0927,1.2497,STRONG_DOWN,35.19,7.38,-47.82,-49.67,49.4,45.28,0.7074,LOW,-,17.496,19.1447,17.1323,1,8.0488,TREND_ONLY,10.8605
1129,-33,MTCH,Match Group,Communication Services,Interactive Media & Services,mid,32.7,0.9145,1.0178,1.0593,1.0207,FLAT,-0.63,13.97,-4.11,-24.61,51.41,35.62,0.5945,LOW,SHIFT,30.9415,31.0297,32.952,0,20.1643,WEAK,10.7873
1130,22,NMIH,NMI HOLDINGS INC,Financials,,mid,38.91,0.9015,1.0098,1.0245,0.9926,FLAT,7.96,12.36,26.17,-18.08,54.62,27.22,0.752,LOW,-,37.4275,38.6052,38.6391,1,24.8002,TREND_ONLY,10.7817
1131,-123,GIII,G III APPAREL GROUP LTD,Consumer Discretionary,,small,29.09,0.9349,1.0194,0.9848,1.0059,FLAT,9.26,16.52,4.17,-29.39,51.81,37.93,0.7607,LOW,-,27.1614,28.9578,27.3974,1,22.5639,TREND_ONLY,10.7775
1132,64,VRSK,Verisk Analytics,Industrials,Research & Consulting Services,large,175.43,0.4903,0.9266,0.867,0.8147,STRONG_UP,-28.38,-38.9,-22.46,-46.98,46.18,38.48,1.1271,MED,EARLY,192.6349,194.7883,234.7251,0,-46.6803,WEAK,10.7622
1133,-50,MMS,MAXIMUS INC,Industrials,,mid,65.11,0.7819,1.0088,0.8852,0.7251,STRONG_UP,-27.24,-2.55,-17.41,-36.66,45.38,46.57,0.7439,LOW,EARLY,67.555,74.8253,81.2259,0,-2.4894,WEAK,10.7493
1134,-13,T,AT&T,Communication Services,Integrated Telecommunication Services,large,27.35,0.8653,0.9364,0.986,1.1744,STRONG_DOWN,6.91,7.85,75.86,-20.59,52.61,26.43,0.8988,LOW,-,28.1945,27.7742,26.5363,1,15.6254,TREND_ONLY,10.7267
1135,-1,EPAM,EPAM Systems,Information Technology,IT Consulting & Other Services,mid,129.99,0.656,0.9325,0.9134,0.606,STRONG_UP,-13.26,-18.25,-52.59,-41.82,53.41,59.02,1.0406,MED,EARLY,135.74,153.5622,170.3012,0,-16.511,WEAK,10.7049
1136,-44,HQY,HEALTHEQUITY INC,Health Care,,mid,81.95,0.791,0.9527,1.0429,0.8527,FLAT,-7.4,-1.42,4.25,-35.25,49.8,37.72,1.0588,MED,SHIFT,81.255,79.9572,90.9655,0,-1.8741,WEAK,10.6925
1137,-33,CVLT,COMMVAULT SYSTEMS INC,Information Technology,,mid,79.07,0.4022,0.9774,0.9828,0.6261,FLAT,-53.03,-49.87,-18.84,-61.53,51.41,74.37,0.7282,LOW,EARLY,79.268,83.842,138.8248,0,-34.4716,WEAK,10.6914
1138,-91,PFBC,PREFERRED BANK,Financials,,small,92.75,0.9609,0.9805,1.0438,0.9939,FLAT,3.48,19.76,30.4,-18.58,51.41,31.2,0.8868,LOW,-,89.785,89.4122,91.17,1,32.564,TREND_ONLY,10.6398
1139,81,CRVL,CORVEL CORP,Health Care,,mid,53.59,0.3721,0.9691,1.0371,0.7747,FLAT,-27.69,-53.63,-32.98,-61.23,45.38,61.07,1.0104,MED,SHIFT,53.5755,53.4292,73.7287,0,-39.8484,WEAK,10.6386
1140,-4,TTWO,Take-Two Interactive,Communication Services,Interactive Home Entertainment,large,202.13,0.7792,0.9885,0.9658,0.8011,STRONG_UP,-22.41,-2.88,30.66,-27.68,51.0,37.06,0.7256,LOW,PROGRESS,200.2675,206.0248,234.0826,0,-3.9672,WEAK,10.5993
1141,-117,RHP,RYMAN HOSPITALITY PROPERTIES REIT,Real Estate,,mid,96.85,0.936,1.0156,1.0367,1.086,STRONG_DOWN,12.13,16.66,-8.03,-16.72,48.59,26.23,0.7075,LOW,-,91.4324,95.0417,93.023,1,30.8632,TREND_ONLY,10.5671
1142,41,MHO,M I HOMES INC,Consumer Discretionary,,mid,123.88,0.9003,0.9762,0.9301,0.9952,FLAT,-9.07,12.21,1.47,-25.14,50.2,33.89,0.9073,LOW,PROGRESS,123.605,133.45,133.0409,0,18.0864,WEAK,10.5391
1143,85,NOVT,NOVANTA INC,Information Technology,,mid,122.44,0.8337,1.0026,0.9933,1.0022,FLAT,21.26,3.9,-28.18,-26.97,49.4,43.56,1.0796,MED,-,118.037,130.3338,121.3075,1,4.427,TREND_ONLY,10.486
1144,-14,WAT,Waters Corporation,Health Care,Life Sciences Tools & Services,large,318.53,0.7595,1.0295,1.062,0.8113,FLAT,0.06,-5.35,-7.68,-31.32,49.4,38.98,0.7028,LOW,PROGRESS,298.456,322.1398,336.8085,0,-6.7749,WEAK,10.4811
1145,62,TENB,TENABLE HOLDINGS INC,Information Technology,,mid,17.93,0.4233,1.0193,0.8657,0.7632,STRONG_UP,-38.57,-47.25,-63.49,-53.36,44.98,54.9,1.8098,HIGH,EARLY,18.8575,20.0794,26.5866,0,-38.7116,WEAK,10.4791
1146,143,RWT,REDWOOD TRUST REIT INC,Financials,,small,5.86,0.9868,1.0071,0.9922,1.1499,FLAT,8.79,22.99,16.14,-19.91,47.79,55.38,1.5707,HIGH,-,5.5647,5.6786,5.4102,1,19.8411,TREND_ONLY,10.4721
1147,78,EXC,Exelon,Utilities,Electric Utilities,large,49.17,0.9223,0.975,1.0023,1.1735,STRONG_DOWN,6.91,14.94,39.87,-10.29,51.41,22.18,0.6724,LOW,-,48.726,47.4193,44.7783,1,34.6371,TREND_ONLY,10.4556
1148,-135,DHR,Danaher Corporation,Health Care,Life Sciences Tools & Services,large,196.19,0.826,0.9967,1.0061,0.849,FLAT,-5.7,2.95,-20.54,-24.85,51.81,27.06,0.5212,LOW,PROGRESS,189.6443,202.9105,209.0001,0,5.6394,WEAK,10.438
1149,-12,FTV,Fortive,Industrials,Industrial Machinery & Supplies & Components,large,59.38,0.9373,1.0296,1.0639,1.117,STRONG_DOWN,19.96,16.82,-5.58,-16.14,49.0,36.13,0.6146,LOW,-,55.4099,56.531,52.3943,1,22.8117,TREND_ONLY,10.4181
1150,-7,AGYS,AGILYSYS INC,Information Technology,,small,65.61,0.722,0.9134,0.8941,0.5608,STRONG_UP,-39.63,-10.01,-22.4,-53.51,53.01,59.56,1.4903,MED,-,70.1565,76.386,105.5764,0,-8.9113,WEAK,10.4098
1151,109,KNF,KNIFE RIVER CORP,Materials,,mid,83.1,0.7262,0.981,1.0248,1.1326,STRONG_DOWN,19.69,-9.49,4.74,-41.75,47.79,64.25,0.9412,LOW,-,80.9625,81.3652,77.5892,1,-7.0565,TREND_ONLY,10.3983
1152,-136,SWKS,Skyworks Solutions,Information Technology,Semiconductors,mid,56.54,0.7855,1.0297,1.0283,0.9731,STRONG_UP,-22.15,-2.1,-43.0,-35.24,50.2,39.98,0.8816,LOW,PROGRESS,54.703,56.9917,66.2767,0,-2.6341,WEAK,10.3849
1153,-39,FRSH,FRESHWORKS INC CLASS A,Information Technology,,mid,8.04,0.488,0.9657,1.004,0.6856,FLAT,-28.09,-39.18,-57.14,-56.95,45.78,60.39,0.944,LOW,EARLY,8.0597,8.3453,11.5524,0,-29.7036,WEAK,10.3008
1154,-22,CSR,CENTERSPACE,Real Estate,,small,61.02,0.8813,1.0236,1.0009,0.9393,STRONG_UP,5.99,9.84,9.5,-17.43,49.4,17.92,0.5406,LOW,-,58.8737,61.0227,59.6055,1,27.1247,TREND_ONLY,10.2999
1155,31,DRVN,DRIVEN BRANDS HOLDINGS INC,Consumer Discretionary,,mid,12.53,0.6175,0.985,1.2153,0.8683,FLAT,-15.91,-23.03,,-46.38,44.18,72.12,0.733,LOW,PROGRESS,11.6575,13.4464,15.4586,0,-14.1106,WEAK,10.2974
1156,0,STZ,Constellation Brands,Consumer Staples,Distillers & Vintners,large,150.26,0.6744,0.964,1.0001,1.0951,STRONG_DOWN,8.77,-15.94,-40.29,-33.85,46.59,32.33,1.6301,HIGH,-,151.293,154.7221,149.2022,1,-22.9748,TREND_ONLY,10.2819
1157,89,YUM,Yum! Brands,Consumer Discretionary,Restaurants,large,160.43,0.902,1.0117,1.0067,1.0895,FLAT,10.37,12.42,21.68,-10.22,50.2,21.57,0.4684,LOW,-,157.725,159.2517,149.9843,1,28.9083,TREND_ONLY,10.2792
1158,117,PLMR,PALOMAR HOLDINGS INC,Financials,,mid,128.35,0.7195,1.0664,1.041,1.0095,STRONG_UP,11.18,-10.33,66.21,-37.44,53.82,31.77,1.3375,MED,-,120.1585,123.0202,125.4235,1,-17.4932,TREND_ONLY,10.2303
1159,-34,MCW,MISTER CAR WASH INC,Consumer Discretionary,,mid,6.99,0.7488,0.9721,0.9962,1.226,STRONG_DOWN,38.69,-6.68,0.14,-41.06,42.17,41.59,,LOW,-,6.974,6.643,5.8896,1,-6.7687,TREND_ONLY,10.2233
1160,29,KR,Kroger,Consumer Staples,Food Retail,large,70.96,0.8826,0.975,0.9813,1.2238,STRONG_DOWN,7.2,10.0,33.52,-19.44,48.19,31.54,0.8776,LOW,-,72.8595,69.7668,67.2809,1,15.2717,TREND_ONLY,10.217
1161,-33,PODD,Insulet Corporation,Health Care,Health Care Equipment,large,203.51,0.6168,0.9527,0.8534,0.692,STRONG_UP,-35.07,-23.12,14.33,-42.62,49.8,32.2,0.6683,LOW,EARLY,218.4735,236.061,291.3747,0,-35.761,WEAK,10.1712
1162,11,TDG,TransDigm Group,Industrials,Aerospace & Defense,large,1219.88,0.7942,1.0078,0.9609,0.8959,STRONG_UP,-5.02,-1.01,13.21,-25.3,55.02,29.55,0.6039,LOW,PROGRESS,1186.198,1267.3382,1327.1899,0,-1.8816,WEAK,10.1609
1163,-86,MCO,Moody's Corporation,Financials,Financial Exchanges & Data,large,447.62,0.8254,0.9888,0.9888,0.8587,UP,-7.97,2.87,14.25,-23.61,51.0,35.49,0.4811,LOW,PROGRESS,435.9005,451.6565,485.7333,0,4.1185,WEAK,10.1602
1164,-62,SKT,TANGER INC,Real Estate,,mid,35.78,0.9235,1.0155,0.9965,1.0827,FLAT,10.16,15.09,38.03,-10.34,49.8,22.74,0.5585,LOW,-,34.721,34.7194,32.9781,1,33.0551,TREND_ONLY,10.1443
1165,6,MGRC,MCGRATH RENT,Industrials,,mid,112.27,0.8547,0.9716,1.0758,1.0771,STRONG_DOWN,-1.13,6.53,-3.36,-24.87,48.59,28.47,1.5065,HIGH,SHIFT,107.969,111.447,112.8292,0,11.1384,WEAK,10.1208
1166,-205,TROW,T. Rowe Price,Financials,Asset Management & Custody Banks,large,91.81,0.8612,0.9902,1.0442,0.8942,FLAT,-10.83,7.33,-15.25,-19.76,52.61,28.13,0.9492,LOW,PROGRESS,88.655,92.2623,98.8359,0,13.704,WEAK,10.0802
1167,-19,EFC,ELLINGTON FINANCIAL INC,Financials,,small,12.3,0.9192,1.0019,1.0277,0.9485,FLAT,-2.91,14.56,35.46,-17.71,51.0,21.01,0.7053,LOW,-,11.7362,12.133,12.5337,0,35.3462,WEAK,10.0615
1168,-8,FMNB,FARMERS NATIONAL BANC CORP,Financials,,small,13.72,0.925,0.9932,1.0991,1.0716,FLAT,-1.0,15.28,17.29,-16.69,53.01,26.14,0.8935,LOW,-,12.9095,13.025,13.4275,1,30.9945,TREND_ONLY,10.0153
1169,-49,BSX,Boston Scientific,Health Care,Health Care Equipment,large,62.56,0.5187,0.978,0.8933,0.6451,STRONG_UP,-34.77,-35.35,-8.88,-42.8,47.79,46.07,0.7872,LOW,EARLY,67.1635,73.7414,93.6171,0,-36.6717,WEAK,10.0099
1170,-13,IBCP,INDEPENDENT BANK CORP,Financials,,small,34.47,0.9582,0.9947,1.0179,1.0813,STRONG_DOWN,11.94,19.42,50.01,-13.5,50.6,25.15,0.7866,LOW,-,33.1155,34.6062,32.5561,1,39.0778,TREND_ONLY,9.9893
1171,-59,GERN,GERON CORP,Health Care,,small,1.71,0.9871,0.9985,1.048,1.2698,STRONG_DOWN,32.56,23.02,-50.15,-33.95,44.98,78.5,1.0064,MED,-,1.5825,1.594,1.3784,1,13.1912,TREND_ONLY,9.9701
1172,51,HMN,HORACE MANN EDUCATORS CORP,Financials,,small,44.6,0.9169,1.011,1.0608,1.0221,FLAT,2.34,14.28,35.39,-10.73,56.22,22.04,0.746,LOW,-,42.6016,42.8218,43.4652,1,36.4177,TREND_ONLY,9.944
1173,81,AVY,Avery Dennison,Materials,Paper & Plastic Packaging Products & Materials,large,175.31,0.8509,0.9817,1.0048,0.9928,FLAT,9.78,6.05,-17.02,-17.97,48.19,24.77,0.6949,LOW,-,169.174,181.2324,174.5408,1,11.7651,TREND_ONLY,9.9424
1174,-28,OFG,OFG BANCORP,Financials,,small,42.63,0.9461,1.0056,1.0924,1.0583,FLAT,1.72,17.92,23.67,-17.74,50.2,30.41,0.4488,LOW,-,39.827,40.2157,41.3455,1,29.5825,TREND_ONLY,9.9344
1175,0,ROL,"Rollins, Inc.",Industrials,Environmental & Facilities Services,large,54.7,0.8363,0.9912,0.971,0.9389,STRONG_UP,-5.07,4.23,24.57,-19.79,53.01,28.46,0.7331,LOW,PROGRESS,54.0275,58.2606,57.9234,0,7.8703,WEAK,9.9334
1176,-139,APAM,ARTISAN PARTNERS ASSET MANAGEMENT,Financials,,mid,36.8,0.8682,0.9756,1.0056,0.9136,FLAT,-10.46,8.2,-6.96,-21.92,49.8,29.14,1.2519,MED,PROGRESS,36.0,39.2299,41.2259,0,14.0192,WEAK,9.9107
1177,-21,AHCO,ADAPTHEALTH CORP,Health Care,,small,12.18,0.9972,0.9954,1.2544,1.1801,FLAT,35.03,24.29,17.12,-25.2,47.39,52.83,0.8831,LOW,-,11.0272,10.368,9.7132,1,21.785,TREND_ONLY,9.8712
1178,-4,SOLV,Solventum,Health Care,Health Care Technology,large,65.25,0.7634,0.9828,0.9643,0.788,STRONG_UP,-9.58,-4.86,-0.41,-27.46,49.4,31.61,0.8646,LOW,EARLY,65.291,70.9474,74.4604,0,-7.5884,WEAK,9.8468
1179,-2,PEP,PepsiCo,Consumer Staples,Soft Drinks & Non-alcoholic Beverages,large,154.8,0.8873,0.9702,0.9618,1.1597,FLAT,12.02,10.59,-2.49,-12.47,47.39,22.71,0.8553,LOW,-,154.7505,159.0448,145.7154,1,22.0884,TREND_ONLY,9.8297
1180,25,WERN,WERNER ENTERPRISES INC,Industrials,,small,31.78,0.9031,1.0375,1.0199,1.0025,STRONG_UP,15.01,12.55,-14.58,-28.28,49.0,45.97,0.764,LOW,-,28.8205,32.0636,29.103,1,13.3813,TREND_ONLY,9.7852
1181,61,MQ,MARQETA INC CLASS A,Financials,,small,4.07,0.8205,1.0038,0.975,0.8537,STRONG_UP,-19.09,2.26,-33.5,-43.78,48.59,37.87,0.8493,LOW,-,4.0445,4.0702,4.99,0,2.9014,WEAK,9.7481
1182,35,TOWN,TOWNEBANK,Financials,,mid,35.16,0.9205,1.0038,1.0552,1.0581,STRONG_DOWN,4.96,14.72,36.08,-14.28,51.0,25.21,0.9218,LOW,-,33.1967,34.3678,34.1699,1,29.7885,TREND_ONLY,9.7295
1183,-15,CDW,CDW Corporation,Information Technology,Technology Distributors,large,126.73,0.6483,1.0118,1.067,1.0002,FLAT,-17.59,-19.2,-48.7,-39.49,50.6,35.79,0.9778,LOW,SHIFT,120.062,124.3176,147.3238,0,-27.1476,WEAK,9.7161
1184,-79,NTGR,NETGEAR INC,Information Technology,,small,24.51,0.8524,1.0352,1.1583,1.0385,FLAT,-24.14,6.24,57.72,-44.82,48.19,45.44,0.7582,LOW,-,22.295,21.3946,25.9797,0,6.6196,WEAK,9.7153
1185,-63,SPGI,S&P Global,Financials,Financial Exchanges & Data,large,436.96,0.7455,0.9962,1.0025,0.8289,FLAT,-8.81,-7.08,2.01,-30.48,53.82,39.89,0.3709,LOW,PROGRESS,423.776,437.3557,495.894,0,-9.5557,WEAK,9.7117
1186,-108,PRK,PARK NATIONAL CORP,Financials,,mid,172.13,0.9304,1.0227,1.0827,1.136,STRONG_DOWN,10.0,15.96,37.54,-15.31,50.6,28.85,,LOW,-,159.912,164.88,161.017,1,27.9948,TREND_ONLY,9.6856
1187,66,CCI,Crown Castle,Real Estate,Telecom Tower REITs,large,85.52,0.7521,1.0255,0.9772,1.0352,FLAT,-7.91,-6.27,-6.63,-30.0,52.21,36.84,0.9204,LOW,SHIFT,83.1913,84.9072,91.1676,0,-8.8827,WEAK,9.6484
1188,-1,NBHC,NATIONAL BANK HOLDINGS CORP CLASS,Financials,,small,41.02,0.9542,1.0071,1.0346,1.0693,STRONG_DOWN,7.63,18.93,22.52,-14.41,50.2,26.22,0.3377,LOW,-,38.8815,39.9385,38.3092,1,36.2436,TREND_ONLY,9.6376
1189,80,RYZ,RYERSON HOLDING CORP,Materials,,small,24.03,0.8572,1.0302,1.0246,0.9228,STRONG_UP,4.27,6.83,-25.7,-34.71,53.01,60.04,0.5393,LOW,-,21.683,25.075,23.5554,1,6.0309,TREND_ONLY,9.635
1190,24,PZZA,PAPA JOHNS INTERNATIONAL INC,Consumer Discretionary,,small,35.37,0.8774,1.0449,1.0859,0.9711,FLAT,-18.61,9.35,-40.01,-43.11,50.2,61.08,0.5606,LOW,-,34.484,33.6103,41.0508,0,7.6881,WEAK,9.6291
1191,12,ALG,ALAMO GROUP INC,Industrials,,mid,176.3,0.8249,1.0052,1.0354,0.9871,FLAT,-5.81,2.81,-19.88,-31.99,47.39,43.32,0.8933,LOW,PROGRESS,168.354,187.12,192.3505,0,3.0777,WEAK,9.6279
1192,44,PWP,PERELLA WEINBERG PARTNERS CLASS A,Financials,,small,19.23,0.8919,1.0355,1.1361,1.0524,FLAT,-4.27,11.15,24.28,-33.93,50.2,48.98,1.0752,MED,-,17.3455,19.2936,19.7298,0,11.4316,WEAK,9.6189
1193,2,ITRI,ITRON INC,Information Technology,,mid,92.99,0.7496,0.9968,0.9985,0.9727,FLAT,-26.51,-6.57,2.12,-39.4,54.22,42.78,0.775,LOW,PROGRESS,90.611,94.7948,111.0584,0,-8.328,WEAK,9.6033
1194,0,EXR,Extra Space Storage,Real Estate,Self-Storage REITs,large,137.73,0.8524,1.0076,0.9489,1.0587,FLAT,-1.29,6.24,-1.45,-16.7,51.81,26.42,0.879,LOW,-,134.0131,139.4046,137.3944,1,12.2357,TREND_ONLY,9.6032
1195,13,OMCL,OMNICELL INC,Health Care,,small,35.57,0.873,1.0158,0.9114,0.7626,STRONG_UP,17.59,8.81,24.2,-37.05,52.21,54.21,0.4931,LOW,-,34.327,38.6328,36.0408,0,8.485,WEAK,9.5979
1196,-95,TECH,Bio-Techne,Health Care,Life Sciences Tools & Services,mid,55.21,0.8241,1.0006,1.0442,0.8646,FLAT,-6.47,2.7,-21.7,-31.53,50.2,39.25,0.8185,LOW,PROGRESS,52.2105,57.2041,57.6573,0,3.4583,WEAK,9.5971
1197,46,UPWK,UPWORK INC,Industrials,,small,11.06,0.6723,0.9589,0.8925,0.5394,STRONG_UP,-35.28,-16.21,-8.6,-52.19,47.79,68.57,1.1141,MED,-,11.423,13.7774,16.1167,0,-11.2991,WEAK,9.5912
1198,75,FIS,Fidelity National Information Services,Financials,Transaction & Payment Processing Services,large,47.01,0.5343,1.0088,0.9294,0.7228,STRONG_UP,-30.37,-33.41,-33.48,-44.01,47.39,33.85,1.4049,MED,EARLY,48.229,49.5341,63.5477,0,-46.7707,WEAK,9.5901
1199,20,LII,Lennox International,Industrials,Building Products,large,478.08,0.6922,0.9969,0.9358,0.966,FLAT,-11.31,-13.73,1.11,-33.77,47.79,39.77,0.826,LOW,PROGRESS,468.1583,507.5835,529.7503,0,-16.5034,WEAK,9.5673
1200,0,NBTB,NBT BANCORP INC,Financials,,mid,44.98,0.9232,1.0139,1.082,1.0838,STRONG_DOWN,10.9,15.06,32.75,-12.17,46.99,26.37,1.1352,MED,-,42.157,43.28,41.9788,1,26.8339,TREND_ONLY,9.5479
1201,11,PSA,Public Storage,Real Estate,Self-Storage REITs,large,290.0,0.8592,1.0176,0.9564,1.1217,FLAT,0.9,7.08,7.11,-16.2,48.19,26.11,0.7198,LOW,-,278.3309,286.7915,279.2774,1,13.0669,TREND_ONLY,9.5432
1202,81,CDRE,CADRE HOLDINGS INC,Industrials,,small,32.87,0.8738,0.9904,0.807,0.7724,STRONG_UP,-12.24,8.91,-1.0,-36.21,52.61,52.25,0.7185,LOW,-,31.91,38.2597,37.4605,0,8.9672,WEAK,9.5374
1203,-100,APO,Apollo Global Management,Financials,Asset Management & Custody Banks,large,107.05,0.6789,0.9411,0.9887,0.7579,FLAT,-14.39,-15.38,-1.48,-34.97,53.01,42.21,0.7349,LOW,EARLY,108.2415,115.9588,131.6303,0,-19.3196,WEAK,9.5334
1204,-19,GFF,GRIFFON CORP,Industrials,,mid,75.8,0.8516,1.0029,1.0058,1.0383,STRONG_DOWN,-0.17,6.13,,-27.85,49.4,36.97,1.059,MED,PROGRESS,71.73,80.0847,76.8243,0,8.1925,WEAK,9.512
1205,0,VSTS,VESTIS CORP,Industrials,,small,8.16,0.7622,1.0114,1.0465,1.2048,STRONG_DOWN,60.95,-5.01,-58.05,-54.79,52.21,58.34,0.6786,LOW,-,7.678,7.5746,6.1109,1,-4.4798,TREND_ONLY,9.5077
1206,39,BLDR,Builders FirstSource,Industrials,Building Products,mid,83.09,0.5345,0.9947,0.8861,0.8046,STRONG_UP,-34.51,-33.38,-58.29,-47.16,38.96,53.56,0.955,LOW,EARLY,83.8895,100.1184,116.5238,0,-24.2839,WEAK,9.4926
1207,-31,SCSC,SCANSOURCE INC,Information Technology,,small,38.16,0.9523,1.012,1.0531,0.9806,FLAT,-8.05,18.69,-8.25,-24.52,52.21,49.02,1.0084,MED,-,36.1285,37.3314,40.674,0,19.9101,WEAK,9.4829
1208,-123,EPRT,ESSENTIAL PROPERTIES REALTY TRUST,Real Estate,,mid,31.68,0.8635,1.0028,0.9484,1.0885,FLAT,10.62,7.62,28.97,-12.17,53.01,18.96,1.0959,MED,-,31.4358,31.8177,30.3356,1,21.318,TREND_ONLY,9.4752
1209,-68,CPAY,Corpay,Financials,Transaction & Payment Processing Services,large,303.92,0.7576,1.0173,0.9226,0.9643,FLAT,5.16,-5.58,-0.22,-28.13,51.41,46.99,0.807,LOW,PROGRESS,297.769,317.4566,309.8104,0,-6.1013,WEAK,9.4712
1210,-4,CXW,CORECIVIC REIT INC,Industrials,,mid,20.38,0.8024,1.0326,1.149,1.0941,FLAT,7.66,0.0,27.61,-30.05,49.0,43.59,0.8292,LOW,-,19.481,18.6962,19.3604,1,0.0,TREND_ONLY,9.4545
1211,138,VRTX,Vertex Pharmaceuticals,Health Care,Biotechnology,large,443.92,0.7385,0.962,0.8884,0.9328,FLAT,8.2,-7.96,9.75,-28.06,49.4,35.54,0.8434,LOW,-,452.9735,465.8414,438.2107,1,-11.0611,TREND_ONLY,9.4266
1212,37,WLY,JOHN WILEY AND SONS INC CLASS A,Communication,,mid,38.61,0.7542,0.9758,1.0634,1.2985,STRONG_DOWN,2.84,-6.01,4.57,-34.42,46.99,41.33,1.0707,MED,-,37.104,33.1742,35.5975,1,-6.83,TREND_ONLY,9.4059
1213,144,WDFC,WD-40,Consumer Staples,,mid,219.32,0.8241,1.0339,0.9578,1.1269,FLAT,14.18,2.71,-11.13,-23.27,52.21,32.62,1.1356,MED,-,214.667,228.4856,211.4502,1,4.345,TREND_ONLY,9.383
1214,-107,SEM,SELECT MEDICAL HOLDINGS CORP,Health Care,,mid,16.35,0.7864,0.9728,1.0045,1.0989,STRONG_DOWN,26.51,-1.99,7.2,-35.8,51.81,24.97,0.6889,LOW,-,16.284,15.8337,14.3245,1,-4.1374,TREND_ONLY,9.3804
1215,-49,USPH,US PHYSICAL THERAPY INC,Health Care,,small,76.74,0.893,0.9998,0.9641,0.9882,FLAT,-13.46,11.3,-24.93,-26.57,51.0,25.33,0.4401,LOW,-,75.4989,80.1406,80.0195,0,22.7575,WEAK,9.3786
1216,61,AVA,AVISTA CORP,Utilities,,mid,41.72,0.8858,0.9941,1.0624,1.1021,STRONG_DOWN,14.27,10.4,,-13.03,53.82,18.96,0.4062,LOW,-,39.9485,40.5328,38.1539,1,29.5089,TREND_ONLY,9.3515
1217,-73,WGO,WINNEBAGO INDUSTRIES INC,Consumer Discretionary,,small,32.2,0.8014,1.0331,0.942,0.7743,STRONG_UP,1.05,-0.12,-50.99,-39.4,50.2,39.02,1.1682,MED,-,32.6595,39.4878,36.3192,0,-0.1538,WEAK,9.3508
1218,-89,WGS,GENEDX HOLDINGS CORP CLASS A,Health Care,,small,65.59,0.5409,0.9703,0.7376,0.4886,STRONG_UP,-45.69,-32.58,505.07,-65.92,49.4,76.57,0.6873,LOW,-,69.2855,80.507,110.9142,0,-21.0213,WEAK,9.3091
1219,-40,VLTO,Veralto,Industrials,Environmental & Facilities Services,large,90.47,0.8005,0.9958,0.9861,0.9189,STRONG_UP,-13.46,-0.23,2.33,-22.34,46.99,25.34,0.5909,LOW,PROGRESS,88.6172,92.2846,100.0713,0,-0.4327,WEAK,9.2866
1220,-62,ALL,Allstate,Financials,Property & Casualty Insurance,large,212.07,0.899,1.0071,1.021,1.0461,STRONG_DOWN,1.11,12.04,31.05,-11.48,53.41,25.01,0.6833,LOW,-,206.6145,206.2774,202.0579,1,25.7196,TREND_ONLY,9.2864
1221,12,CDNA,CAREDX INC,Health Care,,small,17.92,0.7548,0.972,1.0543,0.9645,FLAT,22.15,-5.93,80.1,-43.92,52.21,61.89,1.0623,MED,-,17.438,18.5649,16.7183,1,-5.004,TREND_ONLY,9.2816
1222,48,ESNT,ESSENT GROUP LTD,Financials,,mid,61.15,0.8952,1.0175,1.0539,0.9788,FLAT,2.39,11.57,12.24,-13.93,52.21,26.47,0.5886,LOW,-,58.3085,60.2246,60.8998,1,22.8139,TREND_ONLY,9.2791
1223,-68,PRAA,PRA GROUP INC,Financials,,small,18.83,0.837,1.0265,1.0268,1.1341,STRONG_DOWN,35.66,4.32,-27.6,-46.01,52.61,81.64,0.4455,LOW,-,17.614,15.0262,15.7071,1,2.7847,TREND_ONLY,9.2721
1224,10,TWO,TWO HARBORS INVESTMENT CORP,Financials,,small,10.97,0.8824,0.9693,1.1672,1.0743,FLAT,21.09,9.97,13.74,-36.81,47.39,66.57,0.6518,LOW,-,10.3175,10.5296,9.7837,1,7.1009,TREND_ONLY,9.2664
1225,54,DORM,DORMAN PRODUCTS INC,Consumer Discretionary,,mid,106.2,0.7195,0.9783,0.9926,0.8685,FLAT,-25.73,-10.33,11.06,-39.58,48.59,32.72,1.1564,MED,PROGRESS,103.4465,115.2312,131.695,0,-15.3355,WEAK,9.2515
1226,-126,WM,Waste Management,Industrials,Environmental & Facilities Services,large,231.43,0.84,0.9711,0.9855,1.0945,STRONG_DOWN,7.21,4.69,15.43,-18.14,52.21,19.95,0.9701,LOW,-,231.8614,232.1788,221.5568,1,12.264,TREND_ONLY,9.2247
1227,-68,CNO,CNO FINANCIAL GROUP INC,Financials,,mid,42.77,0.8838,1.0092,1.0521,1.0088,FLAT,8.31,10.16,65.83,-11.03,56.22,26.72,1.1838,MED,-,40.6255,41.5564,39.9058,1,21.3675,TREND_ONLY,9.1853
1228,-88,BUR,BURFORD CAPITAL LTD,Financials,,small,4.53,0.2836,1.0331,0.5466,0.4961,STRONG_UP,-60.47,-64.66,-71.97,-72.84,46.99,108.95,0.7975,LOW,-,6.5045,8.0652,10.5449,0,-27.8878,WEAK,9.1815
1229,12,TRNS,TRANSCAT INC,Industrials,,small,79.06,0.8288,1.0285,1.0957,1.3358,STRONG_DOWN,11.92,3.29,-29.43,-44.83,48.59,46.84,0.739,LOW,-,73.625,73.3978,71.6209,1,3.4154,TREND_ONLY,9.1333
1230,-80,NWSA,News Corp (Class A),Communication Services,Publishing,large,24.89,0.7686,0.9763,1.0391,0.9628,FLAT,-8.71,-4.2,-0.95,-27.81,51.81,29.49,0.8228,LOW,SHIFT,24.2875,24.1762,26.8071,0,-7.3868,WEAK,9.1331
1231,0,SLG,SL GREEN REALTY REIT CORP,Real Estate,,mid,38.61,0.6285,1.0203,1.0176,0.8351,STRONG_UP,-32.79,-21.66,-22.24,-45.4,48.19,42.39,0.8025,LOW,PROGRESS,36.9308,38.6424,48.8743,0,-24.6262,WEAK,9.081
1232,-28,BXMT,BLACKSTONE MORTGAGE TRUST REIT CLA,Financials,,mid,19.31,0.9335,0.9972,1.0342,1.0625,STRONG_DOWN,10.55,16.35,21.82,-9.53,51.0,25.1,0.8382,LOW,-,18.5118,18.8102,18.2601,1,33.2222,TREND_ONLY,9.071
1233,-1,CSW,CSW INDUSTRIALS INC,Industrials,,mid,277.63,0.7762,1.0336,1.0461,0.9194,FLAT,14.45,-3.26,,-31.03,52.21,45.67,0.4004,LOW,-,262.2575,279.1345,274.779,1,-3.7291,TREND_ONLY,9.065
1234,-42,MAS,Masco,Industrials,Building Products,large,62.23,0.7978,0.9939,0.9795,0.9888,FLAT,-8.35,-0.57,,-24.38,44.98,37.17,0.8635,LOW,PROGRESS,60.423,66.5709,66.8695,0,-0.6916,WEAK,9.0551
1235,-13,OI,O I GLASS INC,Materials,,small,10.72,0.8168,0.9793,0.9185,0.7189,STRONG_UP,-11.55,1.8,-33.21,-40.71,51.81,47.84,0.6107,LOW,-,10.516,12.8898,13.5039,0,1.9541,WEAK,9.0523
1236,-125,AKR,ACADIA REALTY TRUST REIT,Real Estate,,mid,20.16,0.887,1.0151,0.9834,1.0043,FLAT,4.59,10.55,26.22,-12.41,52.61,23.56,0.8887,LOW,-,19.5431,20.0199,19.4185,1,23.5543,TREND_ONLY,9.0019
1237,-74,COUR,COURSERA INC,Consumer Discretionary,,small,5.53,0.6366,0.9163,0.9146,0.7613,STRONG_UP,-44.08,-20.66,-59.19,-56.61,54.62,48.96,1.796,HIGH,-,5.886,6.0292,8.5716,0,-23.0484,WEAK,8.9935
1238,42,KAI,KADANT INC,Industrials,,mid,316.47,0.7752,1.0555,0.9572,1.0882,FLAT,6.43,-3.38,4.46,-30.91,48.59,41.06,0.898,LOW,-,302.2945,321.0856,309.6109,1,-4.0036,TREND_ONLY,8.9502
1239,-15,DVA,DaVita,Health Care,Health Care Services,mid,148.44,0.7792,0.957,0.9785,1.3603,STRONG_DOWN,13.28,-2.89,10.71,-33.21,48.59,54.02,0.5422,LOW,-,151.336,145.511,132.1536,1,-2.6009,TREND_ONLY,8.9254
1240,-42,NEO,NEOGENOMICS INC,Health Care,,small,8.22,0.7232,1.0281,0.9593,0.66,STRONG_UP,-8.97,-9.87,-45.99,-52.87,50.6,46.67,0.8071,LOW,-,7.921,9.576,9.3186,0,-10.6994,WEAK,8.9106
1241,23,SFNC,SIMMONS FIRST NATIONAL CORP CLASS,Financials,,mid,20.43,0.9064,1.0176,1.0724,1.107,STRONG_DOWN,7.75,12.97,14.35,-17.57,51.81,33.25,0.8895,LOW,-,19.1694,19.9546,19.0792,1,20.2056,TREND_ONLY,8.8939
1242,-58,AFL,Aflac,Financials,Life & Health Insurance,large,113.0,0.8797,0.999,1.0235,1.0488,STRONG_DOWN,1.12,9.64,41.7,-9.63,51.0,18.09,0.6759,LOW,-,108.7035,111.0646,107.6901,1,27.175,TREND_ONLY,8.852
1243,-27,HURN,HURON CONSULTING GROUP INC,Industrials,,mid,130.0,0.7238,0.9827,0.962,0.738,STRONG_UP,-13.28,-9.79,36.96,-35.14,54.22,46.54,0.6991,LOW,PROGRESS,127.509,139.1764,149.1746,0,-11.4069,WEAK,8.7873
1244,32,AOS,A. O. Smith,Industrials,Building Products,mid,66.77,0.8739,0.9944,0.9554,1.017,FLAT,-5.51,8.91,-19.84,-20.86,48.59,29.06,0.6169,LOW,PROGRESS,65.4225,71.8024,69.5379,0,14.9013,WEAK,8.7838
1245,-48,PTON,PELOTON INTERACTIVE CLASS A INC,Consumer Discretionary,,small,4.64,0.6342,1.0459,1.2494,0.7152,FLAT,-36.53,-20.95,17.47,-58.78,43.78,77.25,0.7471,LOW,-,4.1595,4.3759,6.4339,0,-11.8753,WEAK,8.7614
1246,101,HNI,HNI CORP,Industrials,,mid,34.6,0.6626,1.0035,0.8549,0.8258,STRONG_UP,-23.2,-17.42,-15.95,-38.43,45.78,38.28,1.4625,MED,EARLY,35.6465,42.6605,43.8825,0,-20.8332,WEAK,8.7505
1247,47,FDS,FactSet,Financials,Financial Exchanges & Data,mid,222.97,0.4252,0.9611,1.0506,0.7783,FLAT,-18.75,-47.0,-48.06,-59.47,50.2,50.06,1.398,MED,SHIFT,210.356,214.2918,299.6871,0,-47.133,WEAK,8.7284
1248,-11,BMI,BADGER METER INC,Information Technology,,mid,154.27,0.6759,0.9697,1.047,0.9439,FLAT,-13.32,-15.76,-0.96,-42.92,49.0,42.76,0.5186,LOW,SHIFT,150.5835,151.6099,178.9137,0,-18.0549,WEAK,8.7228
1249,-82,NWS,News Corp (Class B),Communication Services,Publishing,large,28.7,0.7677,0.9882,1.0572,0.9719,FLAT,-6.75,-4.32,10.46,-26.84,53.82,29.63,0.7069,LOW,SHIFT,27.655,27.4414,30.5355,0,-7.8498,WEAK,8.7183
1250,-81,DOLE,DOLE PLC,Consumer Staples,,small,15.13,0.8935,1.0284,1.03,1.0941,STRONG_DOWN,15.82,11.36,33.53,-16.01,53.41,20.59,0.9514,LOW,-,14.494,15.2013,14.2769,1,29.4777,TREND_ONLY,8.7094
1251,48,AZO,AutoZone,Consumer Discretionary,Automotive Retail,large,3464.9299,0.7776,0.9802,0.929,1.0623,FLAT,-15.2,-3.08,13.84,-25.48,49.4,30.13,0.6345,LOW,PROGRESS,3422.0,3604.2646,3780.7628,0,-5.0534,WEAK,8.6967
1252,7,HOMB,HOME BANCSHARES INC,Financials,,mid,28.15,0.8706,1.0031,1.0533,1.0179,FLAT,2.38,8.51,22.85,-14.34,50.6,22.55,0.607,LOW,-,26.6835,27.9036,27.9891,1,19.0979,TREND_ONLY,8.6955
1253,67,TMHC,TAYLOR MORRISON HOME CORP,Consumer Discretionary,,mid,59.01,0.8246,0.9809,0.9786,1.0272,FLAT,-6.87,2.77,-0.02,-22.2,46.59,34.02,1.5648,HIGH,PROGRESS,58.5505,62.097,62.9642,0,3.7922,WEAK,8.685
1254,41,GBTG,GLOBAL BUSINESS TRAVEL GROUP INC C,Consumer Discretionary,,mid,5.52,0.6485,0.964,1.0008,0.7019,FLAT,-29.23,-19.18,-8.46,-40.41,49.8,49.48,1.3184,MED,PROGRESS,5.515,5.6472,7.0739,0,-19.3041,WEAK,8.6835
1255,-28,QLYS,QUALYS INC,Information Technology,,mid,87.36,0.5575,0.9822,0.915,0.674,STRONG_UP,-31.57,-30.52,-47.81,-44.32,49.0,49.85,1.4546,MED,EARLY,92.2815,101.6622,127.653,0,-29.9974,WEAK,8.6644
1256,-43,THRM,GENTHERM INC,Consumer Discretionary,,small,29.03,0.9109,0.9957,1.0031,0.7823,FLAT,-15.76,13.53,-48.3,-30.32,49.0,44.25,0.9331,LOW,-,28.159,30.603,33.8529,0,14.984,WEAK,8.6444
1257,-36,BCPC,BALCHEM CORP,Materials,,mid,174.05,0.8802,0.9815,1.0122,1.1446,STRONG_DOWN,24.04,9.7,14.64,-17.69,46.18,23.6,0.9237,LOW,-,168.068,172.5004,159.4899,1,18.9755,TREND_ONLY,8.6424
1258,-19,ADBE,Adobe Inc.,Information Technology,Application Software,large,239.31,0.5266,0.961,0.8689,0.7201,STRONG_UP,-31.29,-34.37,-51.41,-44.18,49.8,36.28,0.6959,LOW,EARLY,246.54,261.2232,325.6947,0,-47.1794,WEAK,8.637
1259,-29,OMC,Omnicom Group,Communication Services,Advertising,large,76.87,0.8377,0.9907,0.9578,1.018,FLAT,-1.7,4.41,-12.3,-17.85,50.2,47.68,0.4993,LOW,-,76.2445,76.4024,75.0157,1,4.642,TREND_ONLY,8.6292
1260,-8,LRN,STRIDE INC,Consumer Discretionary,,mid,89.82,0.539,0.9797,1.0606,1.3477,STRONG_DOWN,-35.84,-32.82,48.0,-64.07,53.01,38.5,0.4134,LOW,SHIFT,86.9095,85.6,107.2747,0,-45.189,WEAK,8.6238
1261,-4,FELE,FRANKLIN ELECTRIC INC,Industrials,,mid,99.33,0.8866,1.0284,1.0471,1.0341,FLAT,6.49,10.5,-2.06,-18.18,48.59,39.31,0.6117,LOW,-,92.6015,97.2817,95.4225,1,12.9767,TREND_ONLY,8.6195
1262,-108,BRSL,BRIGHTSTAR LOTTERY PLC,Consumer Discretionary,,mid,12.5,0.7981,0.9458,0.9786,0.8633,FLAT,-25.93,-0.53,-23.2,-30.87,47.79,27.39,0.5564,LOW,EARLY,12.736,13.2241,14.7461,0,-0.9246,WEAK,8.5967
1263,46,ELV,Elevance Health,Health Care,Managed Health Care,large,318.23,0.5986,1.0333,1.1246,0.8883,FLAT,-9.97,-25.4,-35.9,-37.47,50.6,44.0,0.5755,LOW,SHIFT,295.023,311.7263,323.6575,0,-29.208,WEAK,8.5957
1264,-74,HPQ,HP Inc.,Information Technology,"Technology Hardware, Storage & Peripherals",large,18.89,0.6558,0.9662,1.0206,0.926,FLAT,-26.84,-18.27,-31.47,-36.62,48.19,31.91,0.9545,LOW,SHIFT,18.877,18.7993,23.2227,0,-27.5867,WEAK,8.5855
1265,0,SCL,STEPAN,Materials,,small,51.55,0.8588,0.9991,1.0915,1.0564,FLAT,9.87,7.03,-38.88,-32.78,52.61,51.9,0.6239,LOW,-,48.251,53.6182,49.8106,1,7.125,TREND_ONLY,8.5817
1266,-124,IIPR,INNOVATIVE INDUSTRIAL PROPERTIES I,Real Estate,,small,49.32,0.8841,0.9679,0.9555,1.0646,FLAT,-2.9,10.18,-39.27,-21.29,49.0,35.73,1.274,MED,-,50.2715,48.8686,48.4677,1,13.9638,TREND_ONLY,8.5815
1267,-58,RDN,RADIAN GROUP INC,Financials,,mid,34.57,0.8848,1.0148,1.0446,0.9946,FLAT,1.24,10.28,16.99,-14.34,50.6,28.3,0.5199,LOW,-,33.1305,33.3456,34.0749,1,18.3818,TREND_ONLY,8.5729
1268,34,PRVA,PRIVIA HEALTH GROUP INC,Health Care,,mid,22.71,0.7905,1.0447,1.0097,0.9547,STRONG_UP,-5.41,-1.48,17.18,-24.77,46.18,39.91,1.4027,MED,SHIFT,21.349,22.1232,22.7571,0,-1.7068,WEAK,8.5455
1269,19,BANF,BANCFIRST CORP,Financials,,mid,112.89,0.8505,1.0018,1.0465,1.0651,STRONG_DOWN,-9.66,6.0,36.07,-23.63,51.0,31.91,1.1081,MED,SHIFT,107.238,110.7382,116.8404,0,9.5824,WEAK,8.5395
1270,-92,TRIP,TRIPADVISOR INC,Communication,,small,10.93,0.6955,0.9892,1.0768,0.7569,FLAT,-30.16,-13.32,-59.4,-51.72,48.19,57.49,1.0891,MED,-,9.99,10.7754,14.6651,0,-11.1676,WEAK,8.5391
1271,-20,CON,CONCENTRA GROUP HOLDINGS PARENT IN,Health Care,,mid,21.91,0.8411,1.0003,0.9782,1.1462,FLAT,5.15,4.83,-0.81,-21.39,46.99,28.8,0.6417,LOW,-,21.8184,22.5919,21.0675,1,7.8828,TREND_ONLY,8.5345
1272,9,EXE,Expand Energy,Energy,Oil & Gas Exploration & Production,large,100.19,0.7986,0.9159,0.9562,0.9608,STRONG_DOWN,-7.14,-0.47,18.13,-22.9,50.2,36.71,1.0501,MED,EARLY,107.5475,106.5335,105.2752,0,-0.6461,WEAK,8.5309
1273,-71,ZD,ZIFF DAVIS INC,Communication,,small,43.5,0.9944,0.9989,1.0905,1.3085,STRONG_DOWN,11.85,23.93,-25.21,-33.79,48.59,109.09,0.6931,LOW,-,42.253,37.415,35.5852,1,10.6594,TREND_ONLY,8.5244
1274,-143,LQDT,LIQUIDITY SERVICES INC,Industrials,,small,31.99,0.841,1.0048,0.9913,1.0518,FLAT,26.74,4.82,71.16,-30.9,54.62,30.89,0.9908,LOW,-,29.8765,31.0644,27.8035,1,8.5166,TREND_ONLY,8.5039
1275,48,MRTN,MARTEN TRANSPORT LTD,Industrials,,small,14.14,0.8598,1.0251,1.1386,1.1641,STRONG_DOWN,35.92,7.16,-18.22,-32.0,44.18,38.93,1.1475,MED,-,12.6745,12.9802,11.8231,1,8.1311,TREND_ONLY,8.4967
1276,-36,STE,Steris,Health Care,Health Care Equipment,large,225.03,0.816,0.9917,1.0123,0.8854,FLAT,-6.61,1.7,6.64,-20.76,49.8,28.09,0.3943,LOW,PROGRESS,219.707,236.9532,243.5799,0,3.0079,WEAK,8.4693
1277,37,SFBS,SERVISFIRST BANCSHARES INC,Financials,,mid,78.01,0.8636,1.0338,1.0462,1.0824,STRONG_DOWN,-3.85,7.63,23.35,-23.75,48.59,41.95,0.5973,LOW,-,73.1317,78.8217,77.525,1,8.8426,TREND_ONLY,8.469
1278,0,TSCO,Tractor Supply,Consumer Discretionary,Other Specialty Retail,large,45.28,0.7193,0.9856,0.8986,0.9274,FLAT,-14.95,-10.35,-7.57,-29.73,49.4,34.75,0.8766,LOW,EARLY,46.0145,50.0065,53.9339,0,-14.7123,WEAK,8.4619
1279,-80,ACGL,Arch Capital Group,Financials,Property & Casualty Insurance,large,98.6,0.8648,1.0008,1.024,1.0541,STRONG_DOWN,4.78,7.78,13.67,-12.0,52.61,20.52,0.8017,LOW,-,94.6105,96.716,92.3112,1,19.9547,TREND_ONLY,8.4134
1280,-6,RXRX,RECURSION PHARMACEUTICALS INC CLAS,Health Care,,small,3.39,0.5849,1.0738,0.9845,0.7096,STRONG_UP,-35.18,-27.1,-62.71,-58.17,42.17,63.29,0.8496,LOW,-,3.219,3.5466,4.677,0,-18.0545,WEAK,8.4028
1281,26,PDM,PIEDMONT REALTY TRUST INC CLASS A,Real Estate,,small,6.79,0.8318,1.0172,0.9635,0.8332,STRONG_UP,-21.41,3.66,3.94,-29.47,49.8,37.11,1.288,MED,-,6.628,7.4528,8.0026,0,4.9171,WEAK,8.3901
1282,-21,ASTH,ASTRANA HEALTH INC,Health Care,,small,27.41,0.6888,1.084,1.1682,0.9895,FLAT,-9.63,-14.16,-35.6,-46.67,53.01,90.33,0.8693,LOW,-,24.7175,22.7668,25.8001,1,-8.3074,TREND_ONLY,8.2314
1283,-39,BOX,BOX INC CLASS A,Information Technology,,mid,23.18,0.6138,0.9492,0.9326,0.7858,STRONG_UP,-29.29,-23.5,-17.01,-43.4,45.38,40.69,0.7961,LOW,EARLY,24.043,24.1792,29.6956,0,-26.2068,WEAK,8.2246
1284,68,AMCR,Amcor,Materials,Paper & Plastic Packaging Products & Materials,large,42.37,0.7745,1.009,1.0054,1.0397,FLAT,7.85,-3.47,-2.55,-23.67,49.0,42.11,0.6628,LOW,PROGRESS,39.9385,44.0093,42.9375,0,-4.0429,WEAK,8.222
1285,-3,BDX,Becton Dickinson,Health Care,Health Care Equipment,large,157.09,0.7838,0.9739,0.9576,1.0092,FLAT,5.02,-2.31,-15.35,-21.11,46.99,24.96,0.7952,LOW,-,157.263,164.9782,151.3246,1,-4.3486,TREND_ONLY,8.1314
1286,-71,BR,Broadridge Financial Solutions,Industrials,Data Processing & Outsourced Services,large,160.97,0.5657,0.9753,0.8664,0.7502,STRONG_UP,-31.39,-29.5,-19.71,-40.21,47.39,33.23,0.6918,LOW,EARLY,168.1302,177.6674,219.8385,0,-42.0652,WEAK,8.1242
1287,51,BHVN,BIOHAVEN LTD,Health Care,,small,9.38,0.4031,0.9451,0.9124,0.8128,STRONG_UP,-37.55,-49.76,-81.95,-66.71,46.59,83.06,0.3782,LOW,-,9.1445,10.4968,12.6277,0,-27.9108,WEAK,8.124
1288,68,CCB,COASTAL FINANCIAL CORP,Financials,,small,81.5,0.7744,1.0269,1.0479,0.7039,FLAT,-24.84,-3.48,107.48,-38.31,52.21,46.14,1.6123,HIGH,-,76.879,81.6906,101.2269,0,-3.9398,WEAK,8.1204
1289,-41,CRM,Salesforce,Information Technology,Application Software,large,176.37,0.5371,0.9179,0.904,0.6742,STRONG_UP,-26.31,-33.05,-41.04,-39.12,50.2,41.48,0.8996,LOW,EARLY,188.9595,193.3806,235.7207,0,-40.0024,WEAK,8.1156
1290,58,KBH,KB HOME,Consumer Discretionary,,mid,51.41,0.7765,0.9729,0.9184,0.9506,FLAT,-15.27,-3.22,-20.91,-28.19,46.99,37.95,1.2436,MED,EARLY,52.1655,57.6684,59.4662,0,-3.9929,WEAK,8.1154
1291,20,BANR,BANNER CORP,Financials,,mid,63.64,0.8769,1.0046,1.0754,1.0261,FLAT,2.52,9.29,45.43,-14.3,48.19,28.03,0.7552,LOW,-,60.1065,61.3652,62.9364,1,15.9715,TREND_ONLY,8.103
1292,-24,PRG,PROG HOLDINGS INC,Financials,,small,29.18,0.887,0.9962,0.9609,0.9941,FLAT,-4.22,10.55,-11.15,-31.21,49.0,46.65,0.6018,LOW,-,28.531,32.0092,31.2277,0,11.0818,WEAK,8.0915
1293,-31,NVR,"NVR, Inc.",Consumer Discretionary,Homebuilding,large,6755.5,0.7612,0.9826,0.9949,0.9616,FLAT,-13.83,-5.13,-15.27,-25.44,48.19,29.85,0.6384,LOW,PROGRESS,6544.6375,7149.7954,7545.1404,0,-8.2882,WEAK,8.0818
1294,-8,AZTA,AZENTA INC,Health Care,,small,22.3,0.6043,1.0205,0.978,0.6048,STRONG_UP,-27.43,-24.69,-61.43,-51.48,47.39,64.88,1.1565,MED,-,21.3805,26.3502,30.9514,0,-18.0325,WEAK,8.0646
1295,-2,AI,C3 AI INC CLASS A,Information Technology,,small,8.78,0.3326,1.0048,0.9789,0.6539,STRONG_UP,-54.08,-58.55,-64.78,-73.39,44.58,74.84,0.8796,LOW,-,8.568,9.6512,15.9998,0,-34.874,WEAK,8.0233
1296,-58,AMP,Ameriprise Financial,Financials,Asset Management & Custody Banks,large,453.1,0.7786,1.0057,0.9923,0.9282,STRONG_UP,-8.39,-2.96,8.23,-20.87,55.02,32.56,0.9861,LOW,PROGRESS,440.6245,470.2783,487.2657,0,-5.0031,WEAK,7.9972
1297,-47,QTWO,Q2 HOLDINGS INC,Information Technology,,mid,48.22,0.5049,0.986,0.9398,0.6861,STRONG_UP,-25.12,-37.07,-10.36,-52.32,44.18,40.29,0.4562,LOW,PROGRESS,48.058,51.6582,69.4706,0,-40.6538,WEAK,7.9729
1298,36,MTH,MERITAGE CORP,Consumer Discretionary,,mid,65.05,0.8044,1.0152,0.9753,1.0072,FLAT,-5.43,0.26,-17.34,-27.68,47.39,42.87,0.7656,LOW,PROGRESS,61.8715,68.8151,70.1748,0,0.285,WEAK,7.9523
1299,-73,ACN,Accenture,Information Technology,IT Consulting & Other Services,large,193.84,0.5237,0.9534,0.9604,0.7197,FLAT,-22.84,-34.73,-40.49,-40.45,48.19,43.49,0.6106,LOW,EARLY,197.5015,214.8884,249.5601,0,-38.4816,WEAK,7.944
1300,-130,CTSH,Cognizant,Information Technology,IT Consulting & Other Services,large,61.0,0.6835,0.9653,0.9676,0.7415,FLAT,-9.36,-14.82,-11.87,-30.76,52.21,39.25,0.7923,LOW,EARLY,61.188,66.3704,72.2324,0,-19.7113,WEAK,7.9421
1301,-30,AAT,AMERICAN ASSETS TRUST REIT INC,Real Estate,,small,19.2,0.89,1.0142,1.0069,1.0771,FLAT,-0.65,10.93,-2.44,-13.97,51.0,25.07,0.5792,LOW,-,18.673,18.6566,18.8381,1,22.2321,TREND_ONLY,7.9147
1302,-2,VYX,NCR VOYIX CORP,Information Technology,,small,6.33,0.5656,0.9848,0.93,0.6264,STRONG_UP,-48.07,-29.51,-50.55,-57.96,48.59,56.72,1.1613,MED,-,6.4905,8.0186,10.8921,0,-25.2802,WEAK,7.9038
1303,30,MKC,McCormick & Company,Consumer Staples,Packaged Foods & Meats,large,50.51,0.5447,1.0119,0.796,0.786,STRONG_UP,-21.95,-32.11,-30.29,-36.4,49.0,39.08,1.0562,MED,EARLY,53.458,61.5886,66.0843,0,-40.266,WEAK,7.8683
1304,87,CL,Colgate-Palmolive,Consumer Staples,Household Products,large,85.55,0.7795,0.9709,0.924,1.1358,FLAT,9.53,-2.85,2.18,-20.74,46.59,25.79,0.6162,LOW,-,86.155,90.8602,83.7073,1,-5.1493,TREND_ONLY,7.8486
1305,-4,WRB,W. R. Berkley Corporation,Financials,Property & Casualty Insurance,large,67.22,0.8274,0.9981,0.9896,0.9997,FLAT,-12.07,3.12,26.67,-16.39,53.82,20.84,0.5315,LOW,PROGRESS,66.5425,68.6904,70.4135,0,8.0504,WEAK,7.8451
1306,-112,WK,WORKIVA INC CLASS A,Information Technology,,mid,57.2,0.6565,0.9285,0.9188,0.6364,STRONG_UP,-33.15,-18.18,-32.2,-38.7,49.0,41.13,0.9521,LOW,EARLY,60.135,63.6108,77.1145,0,-21.6593,WEAK,7.8259
1307,-9,TGLS,TECNOGLASS INC,Industrials,,mid,43.9,0.5091,0.9458,1.0326,0.9348,FLAT,-30.91,-36.55,-23.84,-54.2,46.18,42.77,0.5506,LOW,PROGRESS,43.1609,46.478,58.9716,0,-39.4604,WEAK,7.8152
1308,-117,MSCI,MSCI Inc.,Financials,Financial Exchanges & Data,large,556.93,0.8244,1.0054,1.0114,0.9829,FLAT,-1.45,2.75,2.97,-18.07,53.82,33.02,0.6605,LOW,SHIFT,544.4585,554.2499,560.0683,0,4.4838,WEAK,7.8066
1309,88,MCD,McDonald's,Consumer Discretionary,Restaurants,large,307.01,0.8292,0.9684,0.9352,1.0326,FLAT,4.81,3.34,19.41,-10.6,49.8,16.23,1.0464,MED,-,313.045,320.4536,306.0256,1,10.2485,TREND_ONLY,7.8011
1310,3,CENTA,CENTRAL GARDEN AND PET CLASS A,Consumer Staples,,small,32.65,0.8282,0.9856,1.0164,1.1553,STRONG_DOWN,16.44,3.22,-8.36,-29.51,51.0,24.02,1.0773,MED,-,32.1845,32.7206,31.3742,1,6.847,TREND_ONLY,7.7943
1311,-24,MA,Mastercard,Financials,Transaction & Payment Processing Services,large,507.12,0.7927,0.9998,0.9843,0.8909,STRONG_UP,-12.29,-1.2,8.49,-18.92,53.41,26.04,0.777,LOW,PROGRESS,498.151,515.7244,551.3694,0,-2.4631,WEAK,7.7442
1312,20,ORLY,O’Reilly Automotive,Consumer Discretionary,Automotive Retail,large,93.06,0.8306,0.9794,0.9816,1.042,STRONG_DOWN,-8.63,3.52,27.39,-19.03,51.81,25.09,0.7038,LOW,PROGRESS,90.8205,93.3506,97.0159,0,7.2663,WEAK,7.7377
1313,-1,CALM,CAL MAINE FOODS INC,Consumer Staples,,mid,77.07,0.7255,0.8961,0.8838,1.0164,FLAT,-14.97,-9.57,41.36,-37.0,51.81,32.74,0.7713,LOW,EARLY,81.2515,83.3028,90.6494,0,-15.151,WEAK,7.6946
1314,28,WAY,WAYSTAR HOLDING CORP,Health Care,,mid,22.65,0.4844,0.9236,0.912,0.6841,STRONG_UP,-40.25,-39.63,9.42,-47.18,48.59,49.45,1.0667,MED,EARLY,24.08,24.7556,33.1157,0,-38.9429,WEAK,7.6928
1315,-11,MNKD,MANNKIND CORP,Health Care,,small,2.61,0.4465,0.996,0.999,0.4539,FLAT,-53.81,-44.35,-41.22,-63.29,45.38,91.49,0.7473,LOW,-,2.535,3.8878,4.7049,0,-21.9979,WEAK,7.6813
1316,-58,BL,BLACKLINE INC,Information Technology,,mid,33.24,0.5782,0.8834,0.9183,0.599,FLAT,-34.33,-27.94,-51.55,-44.72,51.81,54.57,0.7499,LOW,EARLY,36.8825,38.7606,50.6329,0,-26.5295,WEAK,7.6648
1317,-124,RAMP,LIVERAMP HOLDINGS INC,Information Technology,,small,26.51,0.8094,0.9685,0.912,0.9523,FLAT,-2.57,0.88,-23.36,-34.44,53.01,40.34,1.4743,MED,-,27.0295,26.153,28.2763,0,1.1501,WEAK,7.6516
1318,-21,GPN,Global Payments,Financials,Transaction & Payment Processing Services,large,65.07,0.5857,0.965,0.8839,0.8569,STRONG_UP,-25.67,-27.01,-48.08,-29.7,45.78,51.83,0.6545,LOW,EARLY,68.1575,71.8805,78.7028,0,-23.8547,WEAK,7.6129
1319,-54,AVPT,AVEPOINT INC CLASS A,Information Technology,,mid,9.8,0.5291,0.9773,0.9133,0.7121,STRONG_UP,-33.78,-34.05,20.25,-53.13,51.0,38.94,0.6339,LOW,EARLY,10.035,10.5216,14.0461,0,-44.597,WEAK,7.5541
1320,9,BAX,Baxter International,Health Care,Health Care Equipment,mid,17.24,0.456,0.9958,0.9864,0.8601,STRONG_UP,-24.64,-43.17,-58.11,-49.79,48.19,52.92,0.5426,LOW,PROGRESS,16.886,18.8703,21.6919,0,-39.3108,WEAK,7.5457
1321,-211,APLE,APPLE HOSPITALITY REIT INC,Real Estate,,mid,12.02,0.8575,1.0087,1.0043,1.0321,FLAT,7.46,6.87,-13.69,-13.49,47.79,23.41,0.966,LOW,-,11.6852,11.8686,11.6392,1,14.0188,TREND_ONLY,7.5205
1322,-26,CBRL,CRACKER BARREL OLD COUNTRY STORE I,Consumer Discretionary,,small,28.99,0.6077,0.9846,1.0263,1.0481,STRONG_DOWN,-31.04,-24.26,-52.89,-64.96,44.98,54.69,0.8871,LOW,-,28.009,30.1088,40.1881,0,-19.9562,WEAK,7.5182
1323,-33,PRA,PROASSURANCE CORP,Financials,,small,24.31,0.8418,0.954,0.9884,1.027,STRONG_DOWN,0.75,4.92,80.21,-2.32,44.18,5.87,0.8978,LOW,-,24.559,24.4934,24.0485,1,37.0311,TREND_ONLY,7.4985
1324,6,NSIT,INSIGHT ENTERPRISES INC,Information Technology,,mid,72.09,0.4165,1.0393,0.8876,0.8562,STRONG_UP,-33.35,-48.09,-61.3,-56.07,49.8,48.81,0.8375,LOW,PROGRESS,71.9875,79.6752,102.3677,0,-49.0673,WEAK,7.4819
1325,-164,PRU,Prudential Financial,Financials,Life & Health Insurance,large,96.65,0.7861,0.9561,1.0113,0.8528,FLAT,-4.3,-2.03,-6.89,-21.46,53.82,26.37,,LOW,PROGRESS,94.8975,99.184,103.0931,0,-4.1421,WEAK,7.4571
1326,13,GENI,GENIUS SPORTS LTD,Consumer Discretionary,,small,4.38,0.3668,0.9351,0.8447,0.4301,STRONG_UP,-62.01,-54.28,-26.14,-68.78,46.59,75.24,0.4738,LOW,-,4.664,5.8686,9.904,0,-33.611,WEAK,7.4543
1327,23,WY,Weyerhaeuser,Real Estate,Timber REITs,large,24.9,0.7785,0.9973,1.0287,1.1022,STRONG_DOWN,3.83,-2.98,-24.46,-21.96,48.19,29.38,0.4476,LOW,-,23.7335,24.7738,24.2799,1,-4.8812,TREND_ONLY,7.45
1328,-7,BXP,"BXP, Inc.",Real Estate,Office REITs,mid,52.54,0.7177,0.9982,0.9956,0.8193,STRONG_UP,-27.07,-10.55,-10.75,-33.56,51.81,32.91,0.829,LOW,PROGRESS,51.8587,56.565,65.4366,0,-16.6028,WEAK,7.401
1329,-38,CBT,CABOT CORP,Materials,,mid,76.35,0.7762,0.9829,1.1096,1.1149,STRONG_DOWN,5.38,-3.27,-18.96,-28.82,47.39,34.25,0.5614,LOW,-,71.781,73.0623,71.7928,1,-4.519,TREND_ONLY,7.3827
1330,47,SMA,SMARTSTOP SELF STORAGE REIT INC,Real Estate,,mid,31.45,0.8288,1.0018,0.9799,1.0358,FLAT,-10.06,3.3,0.68,-21.77,53.01,31.43,0.4247,LOW,PROGRESS,30.9457,31.7926,33.4119,0,5.5657,WEAK,7.3687
1331,14,IDT,IDT CORP CLASS B,Communication,,small,49.5,0.8222,0.9738,0.9588,0.9687,FLAT,3.83,2.47,35.23,-33.19,50.6,24.35,0.4482,LOW,-,48.43,49.0294,54.1761,0,5.1417,WEAK,7.364
1332,0,MET,MetLife,Financials,Life & Health Insurance,large,74.34,0.8163,1.0124,1.0519,0.9731,FLAT,-8.87,1.74,8.15,-17.46,53.41,28.73,0.8781,LOW,SHIFT,69.7655,73.4213,76.7449,0,3.2417,WEAK,7.3561
1333,8,TIC,TIC SOLUTIONS INC,Industrials,,small,7.38,0.603,1.0473,0.8603,0.7515,STRONG_UP,-46.83,-24.85,-38.5,-54.66,49.0,58.5,0.7553,LOW,-,7.3235,8.6798,10.5754,0,-20.8122,WEAK,7.3442
1334,-28,CWST,CASELLA WASTE SYSTEMS INC CLASS A,Industrials,,mid,86.71,0.626,1.0307,0.9714,0.8749,STRONG_UP,-5.65,-21.98,-10.35,-37.72,49.8,40.6,1.2052,MED,PROGRESS,82.954,92.5836,96.7689,0,-26.9623,WEAK,7.3336
1335,-147,RLJ,RLJ LODGING TRUST REIT,Real Estate,,small,7.7,0.9038,1.0182,0.9986,1.0671,FLAT,14.31,12.64,-25.89,-14.61,49.0,33.78,0.893,LOW,-,7.4279,7.6484,7.224,1,18.3315,TREND_ONLY,7.316
1336,-70,APPN,APPIAN CORP CLASS A,Information Technology,,small,23.11,0.6606,0.9314,0.8969,0.663,STRONG_UP,-21.69,-17.67,-43.8,-50.96,48.59,48.96,0.8406,LOW,-,24.687,25.4432,30.7591,0,-17.5366,WEAK,7.2899
1337,-74,FTNT,Fortinet,Information Technology,Systems Software,large,83.51,0.6705,0.9975,0.9908,1.0617,FLAT,-1.66,-16.43,22.41,-31.56,53.01,34.92,0.8784,LOW,SHIFT,82.054,81.7954,84.9145,0,-24.9437,WEAK,7.2897
1338,-33,ROP,Roper Technologies,Information Technology,Electronic Equipment & Instruments,large,355.85,0.5196,0.9717,1.0072,0.8294,FLAT,-29.98,-35.24,-33.64,-45.59,51.81,34.68,0.4802,LOW,SHIFT,351.686,349.903,455.1547,0,-52.6495,WEAK,7.2749
1339,-4,JBI,JANUS INTERNATIONAL GROUP INC,Industrials,,small,5.26,0.6234,1.0076,0.9417,0.7881,STRONG_UP,-46.22,-22.3,-64.17,-53.93,46.99,51.27,0.6591,LOW,-,5.226,6.1742,7.9264,0,-20.4423,WEAK,7.2704
1340,-68,PEG,Public Service Enterprise Group,Utilities,Electric Utilities,large,82.7,0.837,0.9868,0.9922,1.0931,STRONG_DOWN,4.36,4.32,30.97,-12.73,53.41,18.97,0.6395,LOW,-,81.88,82.5268,81.3367,1,12.1729,TREND_ONLY,7.2702
1341,-112,IPAR,INTERPARFUMS INC,Consumer Staples,,mid,90.55,0.6909,0.9484,0.9706,1.0861,STRONG_DOWN,-1.69,-13.89,-27.67,-43.01,51.0,27.84,1.4645,MED,EARLY,90.6577,95.2028,99.3451,0,-25.4537,WEAK,7.2667
1342,-27,SYBT,STOCK YARDS BANCORP INC,Financials,,small,69.97,0.8493,1.0194,1.0872,1.0888,STRONG_DOWN,0.76,5.85,54.43,-24.16,46.18,28.22,1.306,MED,-,64.8165,66.1873,69.9372,1,9.5656,TREND_ONLY,7.2303
1343,82,AWK,American Water Works,Utilities,Water Utilities,large,136.36,0.8069,0.9662,1.0255,1.0973,STRONG_DOWN,-3.05,0.57,17.38,-16.12,52.21,23.67,1.2588,MED,-,136.851,133.0368,134.5898,1,1.2559,TREND_ONLY,7.2236
1344,-16,FA,FIRST ADVANTAGE CORP,Industrials,,small,11.29,0.6308,0.9788,0.9791,0.7551,FLAT,-25.03,-21.38,-28.68,-51.86,47.39,71.48,0.7853,LOW,-,11.0945,11.2912,14.3176,0,-14.1738,WEAK,7.1331
1345,70,ALH,ALLIANCE LAUNDRY HOLDINGS INC,Industrials,,mid,23.56,0.7616,1.0641,1.0983,1.1479,STRONG_DOWN,,-5.08,-5.08,-29.22,52.03,44.37,1.217,MED,-,20.444,21.7942,,0,-5.953,WEAK,7.0754
1346,-19,AMPL,AMPLITUDE INC CLASS A,Information Technology,,small,6.27,0.524,0.895,0.8135,0.548,STRONG_UP,-37.74,-34.69,-40.57,-53.27,44.58,63.26,1.0434,MED,-,6.9395,7.344,10.2127,0,-24.4447,WEAK,7.0721
1347,-37,QDEL,QUIDELORTHO CORP,Health Care,,small,15.32,0.4261,0.8956,0.793,0.467,STRONG_UP,-44.71,-46.9,-65.67,-60.5,44.58,75.63,0.9532,LOW,-,16.473,21.3474,26.1644,0,-27.6438,WEAK,7.0465
1348,18,CPK,CHESAPEAKE UTILITIES CORP,Utilities,,mid,131.2,0.8488,0.9958,1.0211,1.1091,STRONG_DOWN,-3.99,5.79,30.67,-14.39,53.41,21.29,0.4955,LOW,-,127.3012,129.7862,126.9,1,14.5135,TREND_ONLY,6.9992
1349,-5,VRRM,VERRA MOBILITY CORP CLASS A,Industrials,,mid,14.81,0.5326,1.0045,0.9207,0.6565,STRONG_UP,-38.67,-33.62,-40.88,-45.89,41.77,38.55,0.9294,LOW,PROGRESS,14.5915,16.6456,21.9256,0,-36.4252,WEAK,6.9887
1350,-66,PAYC,Paycom,Industrials,Human Resource & Employment Services,mid,117.83,0.4362,0.9454,0.8924,0.7664,STRONG_UP,-41.87,-45.63,-42.39,-56.77,50.2,43.25,0.5364,LOW,EARLY,123.1405,126.1301,178.7186,0,-52.9681,WEAK,6.9812
1351,-35,JKHY,Jack Henry & Associates,Financials,Transaction & Payment Processing Services,large,157.98,0.7528,0.9839,0.9228,0.8673,STRONG_UP,6.31,-6.18,-6.85,-20.84,50.6,29.08,0.6529,LOW,EARLY,161.163,164.5478,166.9903,0,-10.7473,WEAK,6.9011
1352,-16,LZ,LEGALZOOM COM INC,Industrials,,small,5.93,0.6015,1.0084,0.9403,0.5834,STRONG_UP,-40.58,-25.03,-54.77,-50.98,49.4,62.62,0.9563,LOW,-,5.9975,6.7944,9.0876,0,-19.7471,WEAK,6.8764
1353,0,AMT,American Tower,Real Estate,Telecom Tower REITs,large,176.18,0.7052,0.9985,0.9456,1.0578,FLAT,-4.85,-12.11,-2.22,-26.67,52.21,29.59,1.045,MED,EARLY,176.19,180.6554,188.8783,0,-21.3599,WEAK,6.8697
1354,-14,CRAI,CRA INTERNATIONAL INC,Industrials,,small,166.87,0.7941,0.9862,0.9706,0.7938,STRONG_UP,-12.33,-1.03,16.88,-31.75,51.41,45.64,0.6869,LOW,-,159.73,167.7972,185.4506,0,-1.1642,WEAK,6.8644
1355,-24,SPSC,SPS COMMERCE INC,Information Technology,,mid,55.56,0.3282,0.9577,0.908,0.61,STRONG_UP,-46.88,-59.1,-69.06,-64.54,47.79,43.39,0.8233,LOW,EARLY,57.7315,64.2838,95.2019,0,-65.0919,WEAK,6.8266
1356,-38,HLIT,HARMONIC INC,Information Technology,,small,9.61,0.8445,1.0259,1.0127,0.9679,STRONG_UP,-7.6,5.26,-14.35,-19.1,55.02,40.44,1.1598,MED,-,9.295,9.826,9.7808,0,7.1529,WEAK,6.8218
1357,-40,KFY,KORN FERRY,Industrials,,mid,63.9,0.823,0.9883,1.0287,0.9847,FLAT,-8.1,2.57,4.42,-21.05,46.99,31.86,0.5573,LOW,SHIFT,62.072,62.9806,67.286,0,3.7967,WEAK,6.7991
1358,6,AJG,Arthur J. Gallagher & Co.,Financials,Insurance Brokers,large,220.8,0.5525,0.9893,1.0418,0.8699,FLAT,-28.32,-31.14,-7.9,-40.88,51.0,34.5,0.5455,LOW,SHIFT,213.252,220.6931,265.3557,0,-46.031,WEAK,6.7781
1359,0,LKFN,LAKELAND FINANCIAL CORP,Financials,,small,60.09,0.8969,1.0039,1.0584,1.1034,STRONG_DOWN,-3.67,11.78,3.8,-18.57,47.39,26.21,0.8184,LOW,-,57.0685,58.727,60.2942,0,21.2978,WEAK,6.7451
1360,-142,CRI,CARTERS INC,Consumer Discretionary,,small,34.58,0.7356,0.9418,1.0246,1.0316,STRONG_DOWN,21.23,-8.32,-49.75,-38.84,53.01,57.75,1.0737,MED,-,34.9001,36.3439,31.664,1,-7.6325,TREND_ONLY,6.7383
1361,2,MLKN,MILLERKNOLL INC,Industrials,,small,15.02,0.708,1.004,0.7848,0.8254,FLAT,-7.16,-11.75,-41.86,-37.8,46.18,58.06,1.672,HIGH,-,16.8085,19.1871,18.301,0,-9.3496,WEAK,6.7153
1362,7,NVCR,NOVOCURE LTD,Health Care,,small,10.79,0.5108,0.9648,0.8454,0.7617,STRONG_UP,-23.8,-36.34,-27.49,-48.3,44.58,91.98,0.586,LOW,-,11.465,11.8726,12.9773,0,-17.614,WEAK,6.6939
1363,-55,STRA,STRATEGIC EDUCATION INC,Consumer Discretionary,,small,83.47,0.8467,0.9725,1.0484,1.0458,FLAT,5.65,5.52,-15.14,-19.93,54.62,33.41,0.7571,LOW,-,81.897,80.5411,79.8009,1,9.0319,TREND_ONLY,6.6246
1364,17,CI,Cigna,Health Care,Health Care Services,large,277.56,0.7107,1.0064,1.0566,1.0172,FLAT,-8.62,-11.42,-19.35,-27.41,49.0,27.47,0.4331,LOW,SHIFT,266.9605,275.1343,282.5885,0,-20.3785,WEAK,6.5993
1365,-40,PAYX,Paychex,Industrials,Human Resource & Employment Services,large,89.89,0.5109,0.9584,0.9441,0.8277,STRONG_UP,-27.8,-36.33,-24.3,-43.78,46.99,29.67,0.7698,LOW,EARLY,92.1325,94.651,116.9569,0,-57.53,WEAK,6.5975
1366,48,AMN,AMN HEALTHCARE INC,Health Care,,small,18.98,0.7353,0.9912,0.9267,1.2008,FLAT,-2.16,-8.35,-68.6,-34.18,46.18,82.34,0.374,LOW,-,18.7155,19.4392,18.8574,1,-4.685,TREND_ONLY,6.5946
1367,26,SAFT,SAFETY INSURANCE GROUP INC,Financials,,small,74.67,0.8276,1.0063,1.0266,1.0055,FLAT,9.32,3.15,5.89,-17.39,50.2,19.87,1.2997,MED,-,72.918,75.3717,72.8355,1,7.9603,TREND_ONLY,6.5847
1368,18,BRO,Brown & Brown,Financials,Insurance Brokers,large,67.76,0.4695,1.0198,0.9871,0.8767,STRONG_UP,-28.77,-41.48,-18.82,-47.15,48.19,31.02,0.6508,LOW,PROGRESS,66.5025,69.1349,84.5419,0,-64.4397,WEAK,6.5592
1369,-26,CPRT,Copart,Industrials,Diversified Support Services,large,33.17,0.4548,0.9737,0.9126,0.8836,STRONG_UP,-25.01,-43.32,-41.49,-49.2,47.79,30.11,0.6739,LOW,EARLY,33.302,36.3354,42.087,0,-68.7543,WEAK,6.5104
1370,48,CHD,Church & Dwight,Consumer Staples,Household Products,large,94.2,0.7513,0.9834,0.9305,1.146,FLAT,5.34,-6.36,-5.32,-22.03,51.81,21.43,0.9405,LOW,-,95.037,98.2151,91.403,1,-15.3832,TREND_ONLY,6.5052
1371,19,SHW,Sherwin-Williams,Materials,Specialty Chemicals,large,335.67,0.8081,0.9989,1.0152,1.0327,STRONG_DOWN,0.06,0.72,2.07,-18.74,47.39,29.13,0.9102,LOW,PROGRESS,318.0175,340.63,342.0171,0,1.1703,WEAK,6.4862
1372,-87,SHO,SUNSTONE HOTEL INVESTORS REIT INC,Real Estate,,small,9.22,0.8929,0.9941,1.0015,1.0287,STRONG_DOWN,3.14,11.28,-10.47,-10.58,45.38,26.47,1.1422,MED,-,9.0054,9.0825,8.986,1,19.3384,TREND_ONLY,6.4826
1373,14,HLMN,HILLMAN SOLUTIONS CORP,Industrials,,small,8.36,0.8502,0.9822,1.0148,0.8981,FLAT,-9.82,5.96,-19.62,-27.75,43.78,43.8,0.7299,LOW,-,8.1367,8.7532,8.9407,0,5.9542,WEAK,6.4822
1374,1,NSP,INSPERITY INC,Industrials,,small,26.06,0.2657,0.9341,1.303,0.6439,FLAT,-43.77,-66.88,-73.65,-75.05,44.98,75.15,0.432,LOW,-,25.0585,27.2458,40.8722,0,-40.0303,WEAK,6.4676
1375,-72,LTH,LIFE TIME GROUP HOLDINGS INC,Consumer Discretionary,,mid,28.52,0.7444,1.0587,1.0635,1.0573,FLAT,9.44,-7.22,85.92,-25.42,49.0,37.05,,LOW,-,26.513,27.6076,27.4739,1,-9.5512,TREND_ONLY,6.4592
1376,7,CCOI,COGENT COMMUNICATIONS HOLDINGS INC,Communication,,small,19.72,0.3095,1.0439,0.8951,0.9077,FLAT,-53.51,-61.42,-66.13,-68.95,51.41,91.14,0.788,LOW,-,19.027,21.5084,31.1552,0,-34.6471,WEAK,6.4161
1377,59,PMT,PENNYMAC MORTGAGE INVESTMENT TRUST,Financials,,small,12.0,0.8156,0.9874,1.0082,0.9735,FLAT,3.12,1.65,4.62,-18.9,51.0,31.95,1.7377,HIGH,-,11.609,12.0358,11.9588,1,2.6366,TREND_ONLY,6.4063
1378,-5,JBIO,JADE BIOSCIENCES INC,Health Care,,small,16.76,0.1584,1.014,1.1563,1.2931,STRONG_DOWN,85.4,-80.26,-98.25,-92.84,49.4,63.97,1.3294,MED,-,14.4215,14.6441,11.4855,1,-61.9827,TREND_ONLY,6.3444
1379,-18,DNOW,DNOW INC,Industrials,,mid,12.3,0.6302,1.0069,1.0566,0.953,FLAT,-20.7,-21.46,-19.29,-34.08,55.82,54.85,1.073,MED,PROGRESS,11.7995,13.272,14.2064,0,-21.8354,WEAK,6.3293
1380,28,UFPT,UFP TECHNOLOGIES INC,Health Care,,small,200.49,0.7591,1.0018,0.9322,0.8175,STRONG_UP,1.78,-5.39,-19.43,-30.2,49.4,44.25,1.2176,MED,-,195.313,220.4944,221.6756,0,-6.0213,WEAK,6.3082
1381,-23,FG,F&G ANNUITIES AND LIFE INC,Financials,,mid,24.95,0.5676,0.9377,1.1459,0.8717,FLAT,-16.41,-29.26,-33.85,-42.0,49.8,48.47,0.8315,LOW,PROGRESS,23.9276,25.0773,29.6058,0,-30.065,WEAK,6.2712
1382,72,OPCH,OPTION CARE HEALTH INC,Health Care,,mid,29.16,0.6972,1.067,0.9838,0.9173,STRONG_UP,7.56,-13.11,-8.79,-27.6,45.78,35.08,1.4684,MED,PROGRESS,28.37,31.3984,30.2117,0,-17.1099,WEAK,6.2634
1383,24,HRMY,HARMONY BIOSCIENCES HLDG INC,Health Care,,small,28.47,0.7858,0.987,0.9896,0.7713,FLAT,5.25,-2.06,-7.74,-34.49,49.8,47.11,0.9362,LOW,-,27.724,30.9722,33.1984,0,-2.1818,WEAK,6.2562
1384,0,PRCT,PROCEPT BIOROBOTICS CORP,Health Care,,small,23.87,0.3503,0.9123,0.9866,0.7159,FLAT,-31.03,-56.35,-53.79,-65.12,42.97,69.12,1.1212,MED,-,25.6705,26.712,36.1699,0,-35.0288,WEAK,6.2226
1385,0,GT,GOODYEAR TIRE & RUBBER,Consumer Discretionary,,small,7.05,0.5808,1.0184,0.9906,0.789,STRONG_UP,-4.6,-27.62,-47.62,-48.49,42.97,49.47,1.0494,MED,-,6.6285,8.016,8.5818,0,-23.9893,WEAK,6.2194
1386,-131,ISRG,Intuitive Surgical,Health Care,Health Care Equipment,large,462.28,0.7093,0.9647,0.9505,0.794,STRONG_UP,4.84,-11.6,18.24,-24.09,49.0,23.38,1.1487,MED,EARLY,469.2695,485.457,505.5,0,-24.3145,WEAK,6.2167
1387,2,LW,Lamb Weston,Consumer Staples,Packaged Foods & Meats,mid,41.59,0.621,1.0476,0.9341,1.0589,FLAT,-33.36,-22.61,-45.7,-41.37,49.4,37.69,0.6177,LOW,PROGRESS,40.8645,44.8062,51.983,0,-29.6324,WEAK,6.1993
1388,-69,V,Visa Inc.,Financials,Transaction & Payment Processing Services,large,308.96,0.7513,1.0032,0.9816,0.885,STRONG_UP,-11.98,-6.36,13.33,-20.38,51.41,23.62,0.8531,LOW,PROGRESS,303.5805,314.3604,334.8612,0,-13.8528,WEAK,6.1831
1389,9,TDOC,TELADOC HEALTH INC,Health Care,,small,5.27,0.5366,0.9674,0.9452,0.7082,STRONG_UP,-37.04,-33.12,-65.01,-52.75,43.37,57.35,0.7125,LOW,-,5.3835,5.1778,7.0897,0,-25.0478,WEAK,6.1575
1390,-25,AVNS,AVANOS MEDICAL INC,Health Care,,small,13.92,0.8474,0.9576,1.0607,1.2103,STRONG_DOWN,23.19,5.61,-30.19,-24.96,48.59,41.1,0.4565,LOW,-,13.668,13.9262,12.2323,1,6.6378,TREND_ONLY,6.1451
1391,9,MDLZ,Mondelez International,Consumer Staples,Packaged Foods & Meats,large,58.83,0.7369,0.9992,1.0477,1.1719,STRONG_DOWN,-4.34,-8.16,-7.91,-25.93,49.4,26.8,0.7149,LOW,SHIFT,56.7295,58.1346,59.1523,0,-15.0406,WEAK,6.1427
1392,-22,DPZ,Domino's,Consumer Discretionary,Restaurants,large,376.24,0.6727,1.0087,0.9432,0.9487,FLAT,-7.72,-16.16,-22.16,-28.84,46.59,29.44,0.6476,LOW,PROGRESS,373.3152,387.1349,418.4806,0,-25.5704,WEAK,6.1409
1393,1,PRGS,PROGRESS SOFTWARE CORP,Information Technology,,small,28.75,0.402,1.1107,0.7669,0.6825,STRONG_UP,-38.62,-49.9,-43.6,-61.2,50.2,67.46,1.0279,MED,-,30.199,36.0008,42.9522,0,-37.1294,WEAK,6.1165
1394,0,AWR,AMERICAN STATES WATER,Utilities,,mid,77.09,0.8455,0.9809,1.0478,1.0889,STRONG_DOWN,9.18,5.38,14.34,-12.36,49.0,20.75,0.6877,LOW,-,74.884,73.8118,73.3292,1,12.7047,TREND_ONLY,6.0844
1395,1,FWRG,FIRST WATCH RESTAURANT GROUP INC,Consumer Discretionary,,small,11.16,0.5099,0.9888,0.8905,0.7445,STRONG_UP,-29.9,-36.45,-51.79,-49.68,45.78,64.55,1.0807,MED,-,11.456,13.5497,16.1271,0,-25.8485,WEAK,6.0783
1396,-34,PHR,PHREESIA INC,Health Care,,small,8.75,0.2786,1.0097,0.7439,0.5081,STRONG_UP,-62.62,-65.28,-63.14,-74.29,49.8,69.6,0.749,LOW,-,10.5415,11.7378,20.3957,0,-46.7074,WEAK,6.0781
1397,-75,TNC,TENNANT,Industrials,,small,74.81,0.8292,1.0497,1.1838,1.025,FLAT,-7.69,3.34,-36.51,-27.71,53.41,55.11,0.9587,LOW,-,66.756,70.7794,76.2888,0,3.241,WEAK,6.0639
1398,-6,ACVA,ACV AUCTIONS INC CLASS A,Industrials,,small,4.58,0.2533,1.0396,0.8867,0.5501,STRONG_UP,-50.75,-68.44,-75.44,-75.65,48.19,68.44,0.4088,LOW,-,4.5945,5.6732,9.2741,0,-48.1869,WEAK,6.0307
1399,-27,SYK,Stryker Corporation,Health Care,Health Care Equipment,large,340.01,0.7589,1.0005,0.9496,0.9431,STRONG_UP,-7.44,-5.42,-1.27,-18.8,48.19,22.59,0.6432,LOW,PROGRESS,334.7914,355.2269,367.8277,0,-11.5663,WEAK,6.0003
1400,17,AGM,FEDERAL AGRICULTURAL MORTGAGE NON,Financials,,small,155.91,0.7391,1.0167,0.9796,0.9186,STRONG_UP,0.85,-7.88,-12.71,-31.94,49.4,40.61,1.0265,MED,-,147.0688,158.161,170.2898,0,-9.5905,WEAK,5.9324
1401,0,WTW,Willis Towers Watson,Financials,Insurance Brokers,large,290.82,0.75,0.9804,1.0077,0.8957,FLAT,-16.39,-6.52,12.33,-19.74,49.8,35.63,0.7347,LOW,PROGRESS,288.4403,297.4558,316.3381,0,-9.1186,WEAK,5.8898
1402,-49,FOXF,FOX FACTORY HOLDING CORP,Consumer Discretionary,,small,16.76,0.6121,0.9539,1.0241,0.9302,FLAT,-28.56,-23.71,-64.33,-56.63,50.6,46.17,0.7697,LOW,-,16.521,17.7177,21.799,0,-25.9895,WEAK,5.8853
1403,38,UVV,UNIVERSAL CORP,Consumer Staples,,small,53.1,0.8523,0.9839,1.0184,1.0323,STRONG_DOWN,0.4,6.23,17.6,-20.74,47.79,27.1,1.0191,MED,-,52.378,53.5478,53.2377,0,10.9776,WEAK,5.8463
1404,-5,ERIE,Erie Indemnity,Financials,Insurance Brokers,large,253.38,0.5126,0.9944,1.0374,0.9144,FLAT,-20.26,-36.11,-33.67,-43.55,51.0,32.53,0.9498,LOW,PROGRESS,245.54,262.2608,302.8168,0,-56.6185,WEAK,5.8157
1405,7,POOL,Pool Corporation,Consumer Discretionary,Distributors,mid,209.45,0.5461,1.0147,1.0077,0.9044,STRONG_UP,-29.68,-31.94,-45.93,-39.78,42.97,40.5,0.7233,LOW,PROGRESS,204.114,225.3911,266.9383,0,-33.8889,WEAK,5.8123
1406,-18,ALRM,ALARM.COM HOLDINGS INC,Information Technology,,mid,44.69,0.6753,1.0004,0.913,0.8711,STRONG_UP,-13.07,-15.84,-36.77,-30.22,45.38,30.83,1.3762,MED,EARLY,44.7142,46.3663,51.5356,0,-23.3127,WEAK,5.7939
1407,-83,RVTY,Revvity,Health Care,Health Care Equipment,mid,90.4,0.7178,0.9966,1.0001,0.8935,FLAT,-0.73,-10.54,-17.92,-28.75,49.8,38.98,0.6079,LOW,PROGRESS,86.984,94.783,95.0346,0,-13.4687,WEAK,5.7484
1408,-29,DOC,Healthpeak Properties,Real Estate,Health Care REITs,large,16.68,0.7699,0.987,0.9633,1.0199,FLAT,-9.69,-4.05,-1.91,-17.09,49.0,25.21,1.0661,MED,EARLY,16.8949,16.9625,17.0691,0,-7.8679,WEAK,5.7362
1409,28,ATRC,ATRICURE INC,Health Care,,small,28.22,0.6841,0.9662,0.9661,0.6873,STRONG_UP,-17.29,-14.74,2.21,-33.46,49.0,49.58,1.6608,HIGH,-,29.232,31.8264,34.8577,0,-14.5707,WEAK,5.7298
1410,-50,GPI,GROUP AUTOMOTIVE INC,Consumer Discretionary,,mid,332.63,0.6434,0.9747,1.0619,0.86,FLAT,-22.3,-19.81,19.27,-38.91,45.38,31.49,0.4785,LOW,SHIFT,319.043,330.96,401.6797,0,-28.5418,WEAK,5.7053
1411,0,VERX,VERTEX INC CLASS A,Information Technology,,small,11.6,0.2416,0.93,0.8127,0.5906,STRONG_UP,-53.23,-69.89,-64.38,-72.92,44.18,65.38,0.378,LOW,-,12.4785,13.941,22.2784,0,-47.2247,WEAK,5.6712
1412,10,STC,STEWART INFO SERVICES CORP,Financials,,small,64.48,0.7995,1.0246,0.9952,0.9533,STRONG_UP,-3.78,-0.36,6.54,-24.48,47.79,31.73,0.5733,LOW,-,61.3309,65.4169,67.9205,0,-0.5379,WEAK,5.6384
1413,-31,LADR,LADDER CAPITAL CORP CLASS A,Financials,,small,9.98,0.8312,0.9952,1.0038,0.977,FLAT,-0.57,3.6,,-14.68,51.41,22.4,2.4758,HIGH,-,9.7394,10.0641,10.377,0,8.2624,WEAK,5.6287
1414,20,LGIH,LGI HOMES INC,Consumer Discretionary,,small,38.95,0.5173,0.988,0.9145,0.9183,FLAT,-16.36,-35.52,-61.83,-49.25,39.76,62.53,1.1874,MED,-,38.69,47.238,50.9977,0,-22.5881,WEAK,5.5879
1415,-78,CPT,Camden Property Trust,Real Estate,Multi-Family Residential REITs,large,102.27,0.7646,1.0087,0.9969,0.9718,STRONG_UP,1.03,-4.71,6.45,-17.71,52.21,20.65,0.7404,LOW,PROGRESS,98.793,103.6664,104.555,0,-11.8998,WEAK,5.5866
1416,3,AMPH,AMPHASTAR PHARMACEUTICALS INC,Health Care,,small,20.4,0.6488,0.9769,1.0777,0.7593,FLAT,-21.02,-19.14,-50.12,-40.99,49.4,62.29,1.2405,MED,-,19.486,23.24,25.1879,0,-15.1823,WEAK,5.579
1417,-46,VRTS,VIRTUS INVESTMENT PARTNERS INC,Financials,,small,135.62,0.7194,1.0025,1.0291,0.8412,FLAT,-26.98,-10.34,-37.9,-38.95,51.41,39.53,1.188,MED,-,130.0035,138.8362,167.1471,0,-13.4465,WEAK,5.5734
1418,-72,CMCSA,Comcast,Communication Services,Cable & Satellite,large,27.96,0.7102,0.9662,0.9095,1.0434,FLAT,-0.22,-11.48,-19.83,-25.72,49.0,24.35,0.6317,LOW,EARLY,28.6919,29.8474,28.7217,0,-23.1035,WEAK,5.5002
1419,-60,AESI,ATLAS ENERGY SOLUTIONS INC,Energy,,small,11.32,0.6448,0.8994,0.912,1.1739,STRONG_DOWN,-1.74,-19.63,-48.31,-43.54,49.0,61.63,3.0215,HIGH,-,12.971,11.9728,11.3622,0,-15.6079,WEAK,5.4977
1420,-46,INVH,Invitation Homes,Real Estate,Single-Family Residential REITs,large,25.81,0.6692,1.0067,1.0135,1.0063,FLAT,-6.13,-16.59,-21.77,-29.15,45.38,25.23,0.6767,LOW,SHIFT,24.8869,25.5785,27.7795,0,-29.8395,WEAK,5.4716
1421,-36,ALKT,ALKAMI TECHNOLOGY INC,Information Technology,,small,16.47,0.5303,0.9971,0.9161,0.713,STRONG_UP,-29.65,-33.91,-31.6,-51.11,47.39,58.6,0.4513,LOW,-,16.7655,17.207,22.16,0,-27.4219,WEAK,5.4683
1422,39,CLX,Clorox,Consumer Staples,Household Products,large,105.67,0.6313,0.9826,0.9111,1.0681,FLAT,-10.4,-21.33,-21.12,-30.11,48.59,29.7,1.217,MED,EARLY,105.9355,114.2248,113.5236,0,-34.8888,WEAK,5.4668
1423,32,ROCK,GIBRALTAR INDUSTRIES INC,Industrials,,small,40.53,0.5766,0.9935,0.9761,0.8491,STRONG_UP,-37.07,-28.14,-48.12,-48.66,45.38,50.83,0.8055,LOW,-,40.4765,45.9846,55.8722,0,-25.1213,WEAK,5.4441
1424,63,FCPT,FOUR CORNERS PROPERTY INC TRUST,Real Estate,,mid,24.39,0.7717,1.0051,0.9666,1.0723,FLAT,4.58,-3.82,12.13,-17.9,47.39,18.72,2.0008,HIGH,-,24.1994,24.5159,24.0907,1,-9.6662,TREND_ONLY,5.3849
1425,-19,FFIN,FIRST FINANCIAL BANKSHARES INC,Financials,,mid,31.21,0.7645,1.0134,1.0326,1.0305,FLAT,-5.3,-4.71,1.99,-23.37,47.39,28.89,0.8738,LOW,SHIFT,29.5604,31.1243,32.6662,0,-7.7327,WEAK,5.3276
1426,-50,CTAS,Cintas,Industrials,Diversified Support Services,large,174.59,0.6926,0.9836,0.8886,0.9535,FLAT,-11.93,-13.68,4.73,-26.72,48.19,22.3,1.0902,MED,EARLY,179.478,189.6849,197.3319,0,-29.5566,WEAK,5.2039
1427,-3,ABM,ABM INDUSTRIES INC,Industrials,,mid,39.05,0.7094,0.9854,0.9522,0.9281,STRONG_UP,-13.17,-11.59,-6.7,-27.81,49.4,28.27,0.607,LOW,PROGRESS,38.1354,42.0773,44.1204,0,-20.253,WEAK,5.166
1428,37,ICFI,ICF INTERNATIONAL INC,Industrials,,small,69.2,0.6717,1.0243,0.9514,0.8038,STRONG_UP,-24.87,-16.29,-51.35,-35.36,49.0,41.47,1.5243,HIGH,-,67.3612,75.9392,85.5199,0,-19.2442,WEAK,5.1128
1429,-18,FUN,SIX FLAGS ENTERTAINMENT CORP,Consumer Discretionary,,small,18.13,0.4333,0.9996,1.1306,1.2214,STRONG_DOWN,-14.88,-45.99,-55.36,-66.35,49.0,64.61,0.7094,LOW,-,17.028,17.1626,20.7862,0,-34.8813,WEAK,5.0398
1430,-28,UPBD,UPBOUND GROUP INC,Consumer Discretionary,,small,18.12,0.6854,0.9823,0.9404,0.9996,FLAT,-10.69,-14.58,-40.44,-40.17,44.58,44.77,0.9635,LOW,-,17.984,19.431,20.7839,0,-14.5148,WEAK,4.9667
1431,8,CBZ,CBIZ INC,Industrials,,small,27.59,0.2908,1.0114,1.0585,0.5288,FLAT,-50.53,-63.75,-64.16,-68.43,46.99,70.97,0.5228,LOW,-,26.6425,29.8918,51.0447,0,-42.2126,WEAK,4.9125
1432,15,ABT,Abbott Laboratories,Health Care,Health Care Equipment,large,103.56,0.6663,0.9804,0.9358,0.8335,STRONG_UP,-21.4,-16.95,-4.26,-25.22,49.0,27.44,0.7261,LOW,EARLY,105.4005,109.1434,123.0973,0,-30.2729,WEAK,4.91
1433,-20,BCC,BOISE CASCADE,Industrials,,mid,79.23,0.6526,1.0229,1.0911,1.1,STRONG_DOWN,6.91,-18.66,-45.31,-32.55,40.96,41.66,0.723,LOW,SHIFT,73.0875,79.0774,79.3283,0,-18.3493,WEAK,4.8871
1434,-1,CNXN,PC CONNECTION INC,Information Technology,,small,62.38,0.8239,1.0081,1.029,1.1036,STRONG_DOWN,5.14,2.68,-2.55,-20.57,48.19,32.29,,LOW,-,58.9305,60.4843,60.9632,1,4.0042,TREND_ONLY,4.8667
1435,3,EG,Everest Group,Financials,Reinsurance,large,333.26,0.7768,0.9974,1.0229,1.0293,STRONG_DOWN,-8.09,-3.18,-7.26,-16.43,50.6,19.1,0.6583,LOW,-,322.9533,328.2002,330.5926,1,-8.4233,TREND_ONLY,4.8426
1436,-68,VICI,Vici Properties,Real Estate,Hotel & Resort REITs,large,27.73,0.767,0.9788,0.9605,1.0402,FLAT,-10.48,-4.41,4.38,-17.88,48.19,18.79,0.7296,LOW,PROGRESS,27.5447,28.3293,29.5541,0,-11.3147,WEAK,4.818
1437,8,GSHD,GOOSEHEAD INSURANCE INC CLASS A,Financials,,small,45.63,0.3239,1.0581,0.9869,0.6229,STRONG_UP,-32.78,-59.64,-20.46,-63.89,47.79,65.75,0.6171,LOW,-,43.33,49.7163,72.1975,0,-43.347,WEAK,4.8132
1438,-15,ZTS,Zoetis,Health Care,Pharmaceuticals,large,119.75,0.6348,0.9896,0.9929,0.9735,FLAT,-15.47,-20.88,-26.54,-32.7,50.6,25.91,0.3952,LOW,PROGRESS,117.107,122.4506,134.7588,0,-40.7725,WEAK,4.8132
1439,14,UTL,UNITIL CORP,Utilities,,small,54.02,0.803,0.9907,1.0323,1.1407,STRONG_DOWN,16.14,0.08,14.04,-23.67,53.82,20.03,0.5119,LOW,-,52.5825,51.886,49.0433,1,0.2231,TREND_ONLY,4.7854
1440,-36,FIVN,FIVE9 INC,Information Technology,,small,14.59,0.4634,0.939,0.8589,0.7444,STRONG_UP,-34.19,-42.24,-76.39,-51.18,44.98,61.21,0.892,LOW,-,15.3728,16.6525,21.7286,0,-31.0405,WEAK,4.7779
1441,23,GIS,General Mills,Consumer Staples,Packaged Foods & Meats,large,36.6,0.5311,0.9534,0.8648,0.8791,FLAT,-26.21,-33.81,-43.69,-36.56,44.98,29.93,1.0699,MED,EARLY,37.6045,42.4678,46.2323,0,-50.8065,WEAK,4.7773
1442,-91,PRKS,UNITED PARKS AND RESORTS INC,Consumer Discretionary,,small,35.24,0.6371,1.0401,1.0691,0.9911,FLAT,-33.9,-20.59,-39.45,-46.15,48.59,45.96,0.746,LOW,-,32.1925,34.135,42.339,0,-21.7734,WEAK,4.751
1443,3,OTIS,Otis Worldwide,Industrials,Industrial Machinery & Supplies & Components,large,79.55,0.6895,0.9956,0.9231,0.9195,STRONG_UP,-11.19,-14.06,,-23.79,53.41,26.12,0.6835,LOW,PROGRESS,79.49,85.7375,88.5998,0,-28.7528,WEAK,4.719
1444,-18,ICUI,ICU MEDICAL INC,Health Care,,mid,123.92,0.6583,0.9592,0.9349,0.8386,STRONG_UP,4.93,-17.96,17.63,-28.43,46.99,35.96,0.8599,LOW,EARLY,126.7765,139.2702,134.2577,0,-23.463,WEAK,4.711
1445,-78,ESS,Essex Property Trust,Real Estate,Multi-Family Residential REITs,large,251.9,0.773,1.0044,1.0003,1.0317,FLAT,-1.88,-3.66,8.65,-16.49,54.22,20.98,0.7588,LOW,SHIFT,244.1323,248.8605,255.6099,0,-9.4465,WEAK,4.7109
1446,-14,SDGR,SCHRODINGER INC,Health Care,,small,11.5,0.4727,0.9651,0.9096,0.6233,STRONG_UP,-42.96,-41.09,-59.65,-58.52,49.0,51.59,0.9997,LOW,-,11.8025,12.3618,17.6141,0,-39.0234,WEAK,4.7025
1447,28,CCS,CENTURY COMMUNITIES INC,Consumer Discretionary,,small,59.16,0.7889,0.9988,0.9855,1.0484,FLAT,2.72,-1.67,-31.21,-25.54,46.18,43.64,0.6272,LOW,-,57.2325,63.2848,61.9262,0,-1.7692,WEAK,4.6883
1448,-94,ABG,ASBURY AUTOMOTIVE GROUP INC,Consumer Discretionary,,mid,200.68,0.6904,1.0025,1.0054,0.8444,FLAT,-17.48,-13.95,-12.74,-30.41,48.59,31.19,0.5121,LOW,PROGRESS,193.7465,211.5272,233.209,0,-21.7304,WEAK,4.6863
1449,-28,DEA,EASTERLY GOVERNMENT PROPERTIES INC,Real Estate,,small,22.15,0.811,1.0151,0.9936,1.0599,FLAT,5.31,1.08,-11.82,-16.07,49.4,21.74,0.8994,LOW,-,21.851,22.5813,21.7093,1,2.4528,TREND_ONLY,4.6826
1450,-47,TRUP,TRUPANION INC,Financials,,small,25.67,0.5457,0.978,1.0188,0.7298,FLAT,-39.31,-31.98,,-56.17,46.18,46.27,0.8469,LOW,-,25.636,27.9956,39.2073,0,-31.9198,WEAK,4.6655
1451,-24,QNST,QUINSTREET INC,Communication,,small,12.35,0.6205,0.9984,1.0608,0.8271,FLAT,-17.72,-22.67,-29.15,-44.3,49.0,54.2,0.7147,LOW,-,12.06,11.9538,14.3365,0,-20.4928,WEAK,4.6447
1452,-97,BLFS,BIOLIFE SOLUTIONS INC,Health Care,,small,19.71,0.6939,0.9904,1.0547,0.7891,FLAT,-25.06,-13.51,8.54,-36.96,49.4,48.55,0.8101,LOW,-,19.162,20.9456,23.8357,0,-13.7513,WEAK,4.5735
1453,20,TMUS,T-Mobile US,Communication Services,Wireless Telecommunication Services,large,197.63,0.6327,0.9379,0.9024,1.0239,FLAT,-12.35,-21.14,26.61,-30.32,51.81,27.28,1.0889,MED,EARLY,208.762,208.6501,218.1806,0,-40.1545,WEAK,4.5306
1454,-23,PAYO,PAYONEER GLOBAL INC,Financials,,small,4.65,0.5662,0.9332,0.9947,0.8696,FLAT,-23.9,-29.44,-4.32,-42.76,47.79,63.96,1.0766,MED,-,4.7245,5.1489,5.9268,0,-21.9961,WEAK,4.5129
1455,-6,ADUS,ADDUS HOMECARE CORP,Health Care,,small,92.3,0.7332,0.9533,0.9027,0.8325,STRONG_UP,-16.58,-8.61,-6.46,-25.38,48.19,33.99,1.5688,HIGH,-,97.557,103.3814,110.7316,0,-12.2125,WEAK,4.489
1456,-40,KHC,Kraft Heinz,Consumer Staples,Packaged Foods & Meats,large,22.95,0.6732,0.9989,0.969,1.0317,FLAT,-6.74,-16.1,-31.03,-25.28,51.81,29.84,0.9109,LOW,PROGRESS,22.3145,23.2519,24.4877,0,-27.9522,WEAK,4.4777
1457,-29,AIN,ALBANY INTERNATIONAL CORP CLASS A,Industrials,,small,55.92,0.689,1.0049,1.0009,1.0702,FLAT,1.65,-14.13,-35.54,-42.65,50.2,35.17,0.4801,LOW,-,52.6675,55.4742,56.846,0,-20.1682,WEAK,4.4477
1458,-48,ADP,Automatic Data Processing,Industrials,Human Resource & Employment Services,large,200.78,0.5604,0.9669,0.9304,0.7883,STRONG_UP,-30.45,-30.15,-15.9,-37.02,49.8,26.52,0.7885,LOW,EARLY,205.8567,215.8258,262.1022,0,-56.6241,WEAK,4.3745
1459,19,SIGI,SELECTIVE INSURANCE GROUP INC,Financials,,mid,81.4,0.7674,1.0412,1.0569,0.9907,FLAT,-2.37,-4.35,-18.55,-18.19,53.82,22.1,0.9534,LOW,-,75.989,81.0072,80.3629,1,-10.6009,TREND_ONLY,4.3718
1460,17,MBC,MASTERBRAND INC,Industrials,,small,8.33,0.5474,0.9799,0.9654,0.7493,STRONG_UP,-35.12,-31.78,-54.36,-44.36,43.37,50.91,0.9422,LOW,-,8.1855,10.0918,11.5276,0,-27.0709,WEAK,4.288
1461,-32,BV,BRIGHTVIEW HOLDINGS INC,Industrials,,small,11.81,0.7157,0.9726,0.9726,0.9292,UP,-10.46,-10.8,1.72,-32.82,46.99,36.32,0.933,LOW,-,11.743,12.76,13.5356,0,-13.9736,WEAK,4.2264
1462,-22,SKWD,SKYWARD SPECIALTY INSURANCE GROUP,Financials,,small,45.19,0.7006,1.017,0.9753,0.9893,FLAT,-6.38,-12.68,20.25,-36.52,49.8,35.61,1.0354,MED,-,43.6315,44.9717,48.0705,0,-17.7276,WEAK,4.2058
1463,-3,CPB,Campbell's Company (The),Consumer Staples,Packaged Foods & Meats,mid,20.69,0.4595,0.912,0.8523,0.828,STRONG_UP,-31.29,-42.73,-48.95,-44.33,44.18,36.42,1.117,MED,EARLY,21.2264,24.56,28.3095,0,-51.8348,WEAK,4.2029
1464,6,CWT,CALIFORNIA WATER SERVICE GROUP,Utilities,,mid,45.77,0.7889,0.9748,1.0404,1.085,STRONG_DOWN,0.14,-1.68,1.97,-16.03,49.8,24.93,0.5416,LOW,-,44.8735,45.0708,45.0653,1,-3.3599,TREND_ONLY,4.1655
1465,1,HRL,Hormel Foods,Consumer Staples,Packaged Foods & Meats,large,21.64,0.6109,0.9521,0.9262,0.998,FLAT,-7.54,-23.87,-33.59,-31.0,46.59,27.3,0.6906,LOW,EARLY,22.499,23.739,24.7002,0,-40.7317,WEAK,4.1617
1466,-71,AVB,AvalonBay Communities,Real Estate,Multi-Family Residential REITs,large,168.5,0.701,0.9904,0.9757,0.9656,STRONG_UP,-8.27,-12.63,-4.3,-22.13,51.0,22.45,0.5957,LOW,PROGRESS,164.5957,170.614,180.191,0,-28.701,WEAK,4.1141
1467,-32,WKC,WORLD KINECT CORP,Energy,,small,23.85,0.7923,1.0025,1.0196,0.9305,FLAT,-5.65,-1.26,-4.22,-22.53,51.41,28.4,0.6057,LOW,-,22.9845,24.6194,25.2592,0,-2.2775,WEAK,4.1036
1468,-20,WMK,WEIS MARKETS INC,Consumer Staples,,small,72.58,0.7363,1.0318,1.1771,1.161,FLAT,6.68,-8.23,21.48,-29.37,51.81,29.09,0.7601,LOW,-,67.469,69.0133,69.0612,1,-14.6649,TREND_ONLY,3.9836
1469,3,WD,WALKER & DUNLOP INC,Financials,,small,45.27,0.4821,0.9909,0.9663,0.7699,STRONG_UP,-42.24,-39.92,-49.85,-49.57,46.59,54.58,0.9834,LOW,-,44.7543,52.4824,67.3684,0,-34.0753,WEAK,3.9646
1470,-11,PD,PAGERDUTY INC,Information Technology,,small,6.24,0.3025,0.957,0.817,0.4979,STRONG_UP,-60.1,-62.3,-73.07,-65.0,43.78,55.4,0.6533,LOW,-,6.645,7.4028,12.9941,0,-49.2296,WEAK,3.9084
1471,-8,ARE,Alexandria Real Estate Equities,Real Estate,Office REITs,mid,44.84,0.4747,1.004,0.8913,0.888,STRONG_UP,-40.81,-40.84,-61.23,-48.45,55.42,39.05,0.6944,LOW,EARLY,46.4686,50.3843,61.7771,0,-57.956,WEAK,3.9012
1472,2,TNET,TRINET GROUP INCINARY,Industrials,,small,36.28,0.3817,0.9782,1.0048,0.615,FLAT,-43.2,-52.42,-71.4,-60.35,46.18,60.39,0.6757,LOW,-,36.9799,41.878,57.7081,0,-40.0887,WEAK,3.8739
1473,-53,AIG,American International Group,Financials,Multi-line Insurance,large,77.43,0.767,0.9933,0.9969,1.0281,STRONG_DOWN,-6.85,-4.41,7.08,-16.98,52.21,23.04,0.432,LOW,SHIFT,75.4022,76.526,78.1523,0,-9.9861,WEAK,3.8693
1474,26,PCRX,PACIRA BIOSCIENCES INC,Health Care,,small,23.25,0.7219,0.9888,1.0351,0.9097,FLAT,-1.57,-10.02,-18.48,-29.61,51.0,46.29,0.8601,LOW,-,22.7945,22.2142,23.5369,0,-11.0431,WEAK,3.765
1475,17,EXPO,EXPONENT INC,Industrials,,mid,66.75,0.6822,0.9949,0.9492,0.9286,STRONG_UP,1.5,-14.97,-15.34,-19.08,45.78,40.83,1.1803,MED,PROGRESS,66.173,69.5079,70.4153,0,-16.7882,WEAK,3.7643
1476,32,KMB,Kimberly-Clark,Consumer Staples,Household Products,large,97.0,0.6015,0.9636,0.9527,1.0239,FLAT,-18.75,-25.04,-17.99,-32.43,46.18,24.1,1.2464,MED,EARLY,98.087,101.8909,111.4259,0,-47.9732,WEAK,3.739
1477,9,UFPI,UFP INDUSTRIES INC,Industrials,,mid,94.87,0.7129,1.0089,1.0292,1.044,STRONG_DOWN,5.68,-11.16,-18.65,-24.68,43.37,31.43,1.3937,MED,PROGRESS,90.43,99.7064,97.1366,0,-15.3928,WEAK,3.7145
1478,-73,UDR,"UDR, Inc.",Real Estate,Multi-Family Residential REITs,large,35.02,0.7155,0.9914,0.9512,0.979,FLAT,-0.75,-10.82,-0.29,-21.65,49.0,21.11,0.4683,LOW,PROGRESS,34.721,36.4346,36.6501,0,-25.1201,WEAK,3.6744
1479,-36,NAVI,NAVIENT CORP,Financials,,small,8.62,0.6092,1.0079,1.0592,0.697,FLAT,-29.38,-24.08,-44.43,-46.14,52.61,45.08,0.8512,LOW,-,8.2115,8.8202,11.6349,0,-28.0997,WEAK,3.6341
1480,-30,YELP,YELP INC,Communication,,small,25.39,0.5702,0.977,1.0507,0.8527,FLAT,-18.52,-28.94,-38.0,-51.67,48.59,42.13,0.9288,LOW,-,24.6245,24.0038,29.7393,0,-33.3767,WEAK,3.6259
1481,-1,SILA,SILA RLTY TR INC TRUST,Real Estate,,small,24.22,0.796,0.9872,0.98,1.0882,FLAT,4.61,-0.79,19.51,-14.11,50.2,21.53,0.4862,LOW,-,24.0385,24.4804,23.6478,1,-1.8488,TREND_ONLY,3.556
1482,-1,EIG,EMPLOYERS HOLDINGS INC,Financials,,small,42.55,0.7385,1.0076,1.0683,1.0121,FLAT,2.3,-7.96,3.77,-26.96,52.21,28.1,0.8873,LOW,-,40.4025,41.4779,41.8045,1,-14.7966,TREND_ONLY,3.5306
1483,2,MRSH,Marsh McLennan,Financials,Insurance Brokers,large,175.81,0.6231,0.9915,1.0094,0.9828,FLAT,-13.31,-22.35,-11.48,-27.72,48.59,28.55,0.4344,LOW,PROGRESS,173.1765,177.9865,190.1689,0,-38.0325,WEAK,3.4902
1484,-33,ITGR,INTEGER HOLDINGS CORP,Health Care,,mid,87.48,0.6032,0.9809,1.0494,1.1003,STRONG_DOWN,-15.66,-24.83,-26.48,-50.11,53.41,24.8,0.2679,LOW,SHIFT,85.5675,85.7414,92.0737,0,-53.466,WEAK,3.3971
1485,13,MZTI,MARZETTI,Consumer Staples,,mid,144.38,0.654,1.0106,0.9151,0.8953,STRONG_UP,-11.25,-18.49,-25.66,-27.25,49.0,27.85,1.6049,HIGH,PROGRESS,143.155,154.2977,166.2905,0,-32.5311,WEAK,3.3933
1486,-18,MAA,Mid-America Apartment Communities,Real Estate,Multi-Family Residential REITs,large,126.09,0.6687,0.9973,0.968,0.9611,STRONG_UP,-5.31,-16.66,1.27,-25.74,46.99,19.71,0.5311,LOW,PROGRESS,124.1785,129.928,134.8144,0,-39.7287,WEAK,3.3782
1487,10,PG,Procter & Gamble,Consumer Staples,Personal Care Products,large,144.9,0.7359,0.9747,0.9279,1.0754,FLAT,-3.67,-8.28,-2.62,-17.62,48.59,21.07,0.9442,LOW,EARLY,145.772,153.0912,150.4213,0,-19.0996,WEAK,3.3128
1488,-79,EQR,Equity Residential,Real Estate,Multi-Family Residential REITs,large,60.8,0.7624,0.9896,0.9999,1.0107,STRONG_DOWN,-0.4,-4.99,2.33,-16.54,51.81,21.19,0.6039,LOW,PROGRESS,59.0909,60.9738,61.4766,0,-12.1898,WEAK,3.3086
1489,-6,PBH,PRESTIGE CONSUMER HEALTHCARE INC,Health Care,,mid,55.56,0.5359,0.9337,0.8487,0.901,FLAT,-11.63,-33.21,-19.69,-41.09,47.39,33.51,1.155,MED,EARLY,59.6465,64.0072,65.4971,0,-46.9702,WEAK,3.274
1490,-2,BBSI,BARRETT BUSINESS SERVICES INC,Industrials,,small,28.83,0.5873,0.9669,1.0459,0.7927,FLAT,-34.78,-26.8,-3.95,-45.31,53.01,45.6,1.1408,MED,-,28.635,31.0143,38.7813,0,-31.1539,WEAK,3.2541
1491,5,SAFE,SAFEHOLD INC,Real Estate,,small,14.42,0.7631,1.0415,0.9647,1.0328,FLAT,-1.46,-4.9,-25.48,-22.9,50.2,32.43,0.8158,LOW,-,13.9597,14.6112,14.4457,0,-7.5785,WEAK,3.192
1492,9,ZBH,Zimmer Biomet,Health Care,Health Care Equipment,large,93.01,0.729,0.9904,1.016,1.0238,STRONG_DOWN,-5.6,-9.14,-26.73,-20.02,52.61,24.17,0.7726,LOW,SHIFT,90.2284,92.1401,94.5761,0,-19.9013,WEAK,3.1655
1493,-37,ACIW,ACI WORLDWIDE INC,Information Technology,,mid,41.38,0.6223,0.9792,0.9826,0.9131,FLAT,-21.47,-22.44,22.32,-29.9,51.41,38.87,0.9912,LOW,SHIFT,40.3865,40.968,45.8541,0,-29.6751,WEAK,3.1134
1494,-23,JANX,JANUX THERAPEUTICS INC,Health Care,,small,14.53,0.4345,0.9706,1.0317,1.0573,STRONG_DOWN,-35.96,-45.84,-63.7,-64.94,49.4,50.98,0.5468,LOW,-,14.0182,13.7371,20.5664,0,-44.4234,WEAK,3.0725
1495,-16,ABR,ARBOR REALTY TRUST REIT INC,Financials,,small,7.51,0.6151,0.9693,0.9533,1.0298,FLAT,-33.41,-23.34,-25.85,-40.49,49.0,45.01,0.6145,LOW,-,7.5955,7.5599,9.1905,0,-25.4116,WEAK,3.0711
1496,-5,EPC,EDGEWELL PERSONAL CARE,Consumer Staples,,small,21.56,0.6016,0.9806,1.0445,1.3079,STRONG_DOWN,8.15,-25.02,,-47.46,48.19,37.29,0.5196,LOW,-,20.3995,20.7334,20.5319,1,-32.3314,TREND_ONLY,3.0668
1497,-117,RSG,Republic Services,Industrials,Environmental & Facilities Services,large,216.51,0.734,0.9538,0.9704,1.0564,STRONG_DOWN,-2.24,-8.52,17.21,-20.5,51.41,17.86,1.6595,HIGH,EARLY,220.0002,221.1259,222.4595,0,-24.511,WEAK,3.0556
1498,-36,LNN,LINDSAY CORP,Industrials,,small,108.42,0.6966,0.897,0.8474,0.933,FLAT,-21.62,-13.19,-6.48,-29.99,47.79,37.26,1.4564,MED,-,116.4935,125.7311,128.0404,0,-16.9125,WEAK,3.0407
1499,0,ENR,ENERGIZER HOLDINGS INC,Consumer Staples,,small,17.74,0.5533,1.0434,0.9934,0.9057,STRONG_UP,-26.32,-31.04,-32.09,-42.96,45.38,42.65,0.9313,LOW,-,16.904,19.6877,22.0045,0,-33.0237,WEAK,2.9852
1500,-7,SGRY,SURGERY PARTNERS INC,Health Care,,small,12.65,0.4734,1.0001,0.9759,0.8228,STRONG_UP,-37.96,-41.0,-54.15,-52.01,49.8,47.65,0.8791,LOW,-,12.2385,13.6998,18.3518,0,-42.848,WEAK,2.8498
1501,-17,SJM,J.M. Smucker Company (The),Consumer Staples,Packaged Foods & Meats,large,93.79,0.6803,0.952,0.8638,1.0093,FLAT,-11.52,-15.21,-13.6,-19.15,47.79,29.33,0.6747,LOW,EARLY,98.761,104.8054,103.4595,0,-24.7888,WEAK,2.8074
1502,-60,CNS,COHEN & STEERS INC,Financials,,mid,63.9,0.6901,0.9969,1.0096,0.9935,FLAT,-1.84,-14.0,-10.75,-27.8,48.19,23.69,0.6499,LOW,PROGRESS,62.7075,63.9161,66.9779,0,-28.4704,WEAK,2.7647
1503,-13,EVTC,EVERTEC INC,Financials,,small,28.48,0.6631,0.9926,1.0216,0.9829,FLAT,-11.09,-17.36,-26.96,-34.26,49.4,37.42,0.4015,LOW,-,28.4,27.9282,31.0597,0,-22.9153,WEAK,2.4242
1504,-1,CAG,Conagra Brands,Consumer Staples,Packaged Foods & Meats,mid,15.58,0.5232,0.973,0.8609,1.0051,FLAT,-14.26,-34.79,-43.78,-37.76,45.78,35.39,0.6936,LOW,EARLY,15.73,17.636,17.7319,0,-45.0066,WEAK,2.3808
1505,0,FIZZ,NATIONAL BEVERAGE CORP,Consumer Staples,,mid,34.63,0.6468,0.9919,0.9823,1.1009,FLAT,-7.03,-19.39,-22.65,-33.61,44.18,21.75,0.9367,LOW,PROGRESS,34.102,35.1312,37.5686,0,-39.3865,WEAK,2.3129
1506,-39,CXM,SPRINKLR INC CLASS A,Information Technology,,small,5.65,0.5738,0.9158,1.0043,0.7407,FLAT,-25.07,-28.48,-53.5,-44.17,49.0,41.89,0.9451,LOW,-,5.917,5.8728,7.421,0,-33.3151,WEAK,2.2924
1507,-18,DEI,DOUGLAS EMMETT REIT INC,Real Estate,,small,9.6,0.5782,1.0081,0.9721,0.8885,STRONG_UP,-33.5,-27.93,,-44.09,42.17,31.07,,LOW,-,9.3805,9.7851,12.3547,0,-37.9136,WEAK,2.2907
1508,-64,VCEL,VERICEL CORP,Health Care,,small,34.03,0.6172,1.013,1.0178,0.858,FLAT,2.78,-23.08,-32.4,-35.8,47.79,44.0,0.794,LOW,-,32.338,34.5496,36.1848,0,-25.0666,WEAK,2.279
1509,-27,ASGN,ASGN INC,Information Technology,,small,37.63,0.4903,0.9481,0.9515,0.7914,FLAT,-21.16,-38.89,-61.94,-42.56,45.38,55.2,0.4304,LOW,-,37.69,42.343,47.1282,0,-31.9736,WEAK,2.174
1510,-15,EPAC,ENERPAC TOOL GROUP CORP CLASS A,Industrials,,small,36.19,0.7142,0.9658,0.979,0.9299,FLAT,-9.16,-10.99,2.95,-25.4,47.79,32.13,0.833,LOW,-,36.0285,38.975,39.8294,0,-16.3514,WEAK,2.0193
1511,-5,KDP,Keurig Dr Pepper,Consumer Staples,Soft Drinks & Non-alcoholic Beverages,large,25.84,0.6177,0.9749,0.9288,0.9732,FLAT,3.77,-23.01,-11.57,-28.01,49.4,24.28,0.8126,LOW,EARLY,26.3755,27.6985,28.4958,0,-46.8217,WEAK,2.0174
1512,-2,FBRT,FRANKLIN BSP REALTY TRUST INC,Financials,,small,8.58,0.6736,0.9912,0.9635,0.9177,STRONG_UP,-14.84,-16.05,-14.56,-23.51,47.39,38.55,0.6134,LOW,-,8.5569,9.0383,9.7135,0,-19.7285,WEAK,1.9494
1513,-4,CNMD,CONMED CORP,Health Care,,small,36.59,0.5209,0.9982,0.9504,0.8577,STRONG_UP,-20.28,-35.08,,-44.44,47.39,41.15,0.6457,LOW,-,36.124,39.6792,45.3082,0,-40.3967,WEAK,1.928
1514,-3,MGEE,MGE ENERGY INC,Utilities,,mid,79.8,0.735,0.9953,1.0384,1.0424,STRONG_DOWN,-3.52,-8.4,5.92,-20.77,48.19,20.78,1.2008,MED,SHIFT,76.183,78.4611,81.4741,0,-19.4769,WEAK,1.7839
1515,-13,TAP,Molson Coors Beverage Company,Consumer Staples,Brewers,mid,43.9,0.6047,0.9919,0.9561,0.9821,FLAT,-2.96,-24.64,-30.03,-29.47,48.59,31.86,0.8243,LOW,PROGRESS,42.928,46.5168,46.7413,0,-37.5765,WEAK,1.5417
1516,1,ESRT,EMPIRE STATE REALTY REIT INC TRUST,Real Estate,,small,5.18,0.5866,1.0062,0.9701,0.8315,STRONG_UP,-32.46,-26.89,-46.26,-41.89,50.2,33.13,0.5802,LOW,-,5.119,5.7395,6.8552,0,-40.7503,WEAK,1.4601
1517,3,MSEX,MIDDLESEX WATER,Utilities,,small,53.65,0.7307,0.9869,1.0289,1.0895,STRONG_DOWN,-0.87,-8.92,12.68,-21.68,49.0,24.98,1.03,MED,-,51.9215,52.6831,52.8314,1,-17.5067,TREND_ONLY,1.289
1518,-24,MMSI,MERIT MEDICAL SYSTEMS INC,Health Care,,mid,69.24,0.58,0.9836,0.9923,0.7685,FLAT,-16.28,-27.72,-4.51,-32.5,49.0,30.85,0.7582,LOW,PROGRESS,68.5345,74.8744,83.4214,0,-44.0236,WEAK,1.192
1519,-6,IOSP,INNOSPEC INC,Materials,,small,75.76,0.6911,0.9977,1.072,0.982,FLAT,-1.81,-13.87,-37.59,-27.91,48.19,26.97,1.219,MED,-,70.4935,76.799,78.4847,0,-24.7836,WEAK,1.0517
1520,-4,JJSF,J AND J SNACK FOODS CORP,Consumer Staples,,small,80.23,0.4991,0.9866,0.96,0.9129,STRONG_UP,-13.89,-37.8,-38.97,-43.74,49.4,41.15,1.0091,MED,-,78.902,82.8691,94.6461,0,-45.3782,WEAK,1.0152
1521,-17,IRT,INDEPENDENCE REALTY INC TRUST,Real Estate,,mid,15.21,0.677,0.9914,0.947,0.9046,STRONG_UP,-4.29,-15.62,-1.93,-21.7,45.78,21.02,0.525,LOW,PROGRESS,15.2034,15.9061,16.4102,0,-34.0162,WEAK,0.9919
1522,-15,SLVM,SYLVAMO CORP,Materials,,small,41.56,0.5542,0.943,0.9536,0.8974,FLAT,-1.72,-30.93,-27.65,-38.33,46.18,41.21,0.9031,LOW,-,40.9265,45.2704,45.7522,0,-34.6603,WEAK,0.9648
1523,-9,BLKB,BLACKBAUD INC,Information Technology,,small,37.29,0.4823,0.9626,0.8213,0.6152,STRONG_UP,-40.57,-39.89,-50.24,-47.93,52.21,41.17,0.9985,LOW,-,41.068,45.9328,58.8612,0,-50.5913,WEAK,0.7472
1524,-6,MMI,MARCUS & MILLICHAP INC,Real Estate,,small,26.65,0.6887,0.9867,1.0171,0.9878,FLAT,-4.11,-14.16,-18.54,-24.06,46.99,30.24,0.4386,LOW,-,25.97,25.9694,28.5879,0,-22.0022,WEAK,0.7423
1525,-10,APOG,APOGEE ENTERPRISES INC,Industrials,,small,35.07,0.6172,1.0072,1.0094,1.1191,STRONG_DOWN,-17.08,-23.08,-37.82,-30.4,46.59,43.76,0.6358,LOW,-,33.1205,36.8305,38.8042,0,-24.5706,WEAK,0.4855
1526,-7,SMPL,THE SIMPLY GOOD FOODS COMPANY,Consumer Staples,,small,14.41,0.3191,0.9836,0.9591,0.7568,STRONG_UP,-40.6,-60.23,-56.07,-63.39,46.59,40.15,1.4222,MED,-,14.4293,15.9253,22.688,0,-69.8865,WEAK,-0.0743
1527,-6,IART,INTEGRA LIFESCIENCES HOLDINGS CORP,Health Care,,small,9.62,0.4022,0.9743,1.0063,0.7442,FLAT,-33.33,-49.87,-72.2,-53.62,48.59,43.12,1.0138,MED,-,9.2935,10.3178,12.584,0,-56.196,WEAK,-0.2288
1528,-6,AMSF,AMERISAFE INC,Financials,,small,33.71,0.5858,1.0032,1.0337,0.931,FLAT,-15.95,-26.99,-18.44,-31.15,45.38,31.03,0.9168,LOW,-,32.999,34.9519,38.9442,0,-39.4689,WEAK,-1.1861
