rank,delta_rank,ticker,name,sector,industry,cap_band,close,rs_ratio,rs_5,rs_21,rs_63,rs_trend,ret_6m,ret_12m,ret_24m,max_dd,persist_frac,vol_63,rel_vol,vol_label,acc_watch,sma20,sma50,sma200,pass_trend,mqs,regime_label,score_final
1,0,TERN,TERNS PHARMACEUTICALS INC,Health Care,,mid,52.65,13.8994,0.9669,0.9944,1.3973,STRONG_DOWN,511.5,1842.8,1047.06,-27.56,56.63,39.47,1.1703,MED,-,52.235,45.9978,25.1071,1,2643.9832,TREND+LEAD,546.0022
2,0,FOLD,AMICUS THERAPEUTICS INC,Health Care,,mid,14.46,1.5417,0.9661,0.9317,0.9801,FLAT,78.3,115.5,39.98,-26.56,48.19,2.16,0.4662,LOW,-,14.445,14.383,10.6314,1,2576.8097,TREND+LEAD,473.6465
3,0,SNDK,Sandisk,Information Technology,"Technology Hardware, Storage & Peripherals",large,920.99,22.1035,0.9342,1.1053,2.1628,STRONG_DOWN,538.38,2989.53,2458.31,-31.34,59.44,100.06,1.2863,MED,-,758.1255,679.4826,304.5575,1,1775.9133,TREND+LEAD,381.2712
4,0,GTLS,CHART INDUSTRIES INC,Industrials,,mid,208.3,1.2553,0.9684,0.9319,0.9755,FLAT,4.05,75.45,40.2,-18.76,54.62,2.02,0.7201,LOW,-,207.413,207.2404,200.4667,1,2040.2693,TREND+LEAD,374.8769
5,0,DBRG,DIGITALBRIDGE GROUP INC CLASS A,Financials,,mid,15.59,1.4181,0.9674,0.9405,0.9872,FLAT,24.98,98.21,-9.24,-33.69,42.97,2.96,1.3658,MED,-,15.471,15.423,12.9785,1,1425.7124,TREND+LEAD,298.072
6,0,CELC,CELCUITY INC,Health Care,,mid,122.46,8.3839,0.9827,1.0042,1.1121,STRONG_DOWN,133.12,1071.87,647.16,-27.68,56.22,46.9,0.641,LOW,-,114.7375,111.6228,79.4409,1,1284.868,TREND+LEAD,244.0145
7,0,ERAS,ERASCA INC,Health Care,,mid,19.01,10.968,1.1261,1.1543,1.9194,STRONG_DOWN,651.38,1433.06,962.01,-31.65,54.22,65.41,0.9766,LOW,-,16.5165,14.7438,6.0544,1,1187.9034,TREND+LEAD,228.9151
8,0,TNGX,TANGO THERAPEUTICS INC,Health Care,,mid,26.64,13.8109,1.1938,1.2776,1.9889,STRONG_DOWN,190.51,1830.43,261.47,-27.15,52.21,96.15,0.8472,LOW,-,21.2135,17.0228,10.4722,1,993.9365,TREND+LEAD,194.1985
9,0,COGT,COGENT BIOSCIENCES INC,Health Care,,mid,37.25,6.1976,0.9855,0.9973,0.9292,FLAT,127.69,766.28,463.54,-20.73,50.6,48.01,1.7994,HIGH,-,36.1015,36.6804,26.1877,1,807.6176,TREND+LEAD,190.645
10,0,WBD,Warner Bros. Discovery,Communication Services,Broadcasting,large,27.47,2.4752,0.969,0.9212,0.9336,FLAT,50.19,245.97,230.57,-21.31,51.41,14.59,1.0732,MED,-,27.347,27.7508,21.9671,1,866.7105,TREND+LEAD,185.3641
11,0,VISN,VISTANCE NETWORKS INC,Information Technology,,mid,19.09,4.5224,0.9556,0.9921,0.9974,STRONG_DOWN,23.24,532.12,1909.47,-16.25,55.02,32.74,0.8506,LOW,-,18.511,18.297,16.3248,1,894.2333,TREND+LEAD,168.6603
12,0,PRAX,PRAXIS PRECISION MEDICINES INC,Health Care,,mid,342.5,6.9336,1.0439,1.0667,1.0486,FLAT,110.5,869.16,635.14,-36.33,54.22,60.58,0.9412,LOW,-,312.8445,316.649,188.5755,1,777.9082,TREND+LEAD,155.2495
13,0,WDC,Western Digital,Information Technology,"Technology Hardware, Storage & Peripherals",large,372.52,7.4433,1.0278,1.0891,1.6343,STRONG_DOWN,196.22,940.4,624.49,-20.59,63.86,79.6,0.5667,LOW,-,315.021,292.4414,174.0703,1,754.4468,TREND+LEAD,148.073
14,0,BE,BLOOM ENERGY CLASS A CORP,Industrials,,large,207.86,9.0787,1.1367,1.1554,1.3505,STRONG_DOWN,80.61,1168.99,2031.9,-45.94,55.82,111.97,1.0138,MED,-,157.4685,155.88,103.3364,1,582.7707,TREND+LEAD,141.1643
15,0,INBX,INHIBRX BIOSCIENCES INC,Health Care,,small,88.23,5.5468,1.1005,1.2602,1.1858,FLAT,141.1,675.31,605.46,-37.56,57.43,72.51,1.9491,HIGH,-,69.8403,73.4715,56.683,1,534.863,TREND+LEAD,131.7361
16,0,CIEN,Ciena,Information Technology,Communications Equipment,large,507.43,6.2765,1.0216,1.1396,2.0248,STRONG_DOWN,197.12,777.3,1059.31,-16.84,63.05,75.92,0.5535,LOW,-,442.4925,373.5938,215.7945,1,645.5312,TREND+LEAD,126.5237
17,0,PL,PLANET LABS CLASS A,Industrials,,large,38.48,9.3006,1.0833,1.3225,1.2987,FLAT,190.85,1200.0,2086.36,-29.01,53.41,108.43,0.8369,LOW,-,33.8605,28.146,16.9365,1,591.091,TREND+LEAD,123.4407
18,0,HOLX,Hologic,Health Care,Health Care Equipment,large,76.01,0.955,0.9715,0.9316,0.9856,FLAT,12.87,33.49,1.21,-9.65,51.04,2.62,0.0,LOW,-,75.4925,75.3052,71.338,1,652.4432,TREND_ONLY,122.3937
19,0,ARWR,ARROWHEAD PHARMACEUTICALS INC,Health Care,,mid,69.51,4.1167,1.0528,1.1307,1.0576,FLAT,78.37,475.41,207.43,-24.64,57.43,50.33,1.2007,MED,-,62.492,61.9301,45.8487,1,542.4801,TREND+LEAD,120.364
20,0,ORKA,ORUKA THERAPEUTICS INC,Health Care,,mid,68.92,5.3019,1.0848,1.645,2.0043,STRONG_DOWN,159.49,641.08,228.58,-17.81,55.02,76.62,1.9472,HIGH,-,54.2285,42.3784,27.8792,1,460.3492,TREND+LEAD,111.6801
21,0,CSGS,CSG SYSTEMS INTERNATIONAL INC,Industrials,,mid,80.27,0.9901,0.9674,0.9329,0.9837,FLAT,26.01,38.39,73.15,-7.98,54.22,3.49,0.8346,LOW,-,80.1165,79.7367,72.2469,1,596.4236,TREND_ONLY,111.037
22,0,SATS,ECHOSTAR CORP CLASS A,Communication,,large,133.21,4.5382,1.0251,1.1312,1.0496,FLAT,84.17,534.33,814.9,-34.06,55.42,56.63,0.933,LOW,-,121.5385,115.3712,83.0378,1,522.9164,TREND+LEAD,110.6089
23,-1,LASR,NLIGHT INC,Information Technology,,mid,70.43,7.127,0.974,0.9207,1.5569,FLAT,122.18,896.18,558.84,-24.74,57.43,95.4,0.6083,LOW,-,64.2015,61.44,38.883,1,539.4935,TREND+LEAD,109.3318
24,0,SEMR,SEMRUSH HOLDINGS INC CLASS A,Information Technology,,small,11.98,0.9544,0.9694,0.9312,0.977,FLAT,63.44,33.41,2.66,-38.47,46.99,2.9,,LOW,-,11.9445,11.8978,9.9033,1,541.3179,TREND_ONLY,105.805
25,-2,MU,Micron Technology,Information Technology,Semiconductors,large,455.07,4.8899,1.0307,0.9495,1.219,FLAT,124.88,583.49,309.42,-30.28,58.63,72.0,0.787,LOW,-,398.7613,406.3013,258.0637,1,475.1369,TREND+LEAD,100.8537
26,-2,STX,Seagate Technology,Information Technology,"Technology Hardware, Storage & Peripherals",large,547.75,5.369,1.031,1.1699,1.6337,STRONG_DOWN,143.39,650.45,584.41,-21.0,58.23,76.51,0.8241,LOW,-,454.245,421.6626,281.9966,1,495.0446,TREND+LEAD,100.4337
27,-2,WULF,TERAWULF INC,Information Technology,,mid,20.64,6.5629,1.0253,1.215,1.4475,STRONG_DOWN,48.92,817.33,869.01,-31.74,54.22,103.01,1.285,MED,-,17.0095,16.1308,12.3224,1,430.2088,TREND+LEAD,100.3753
28,-2,VSAT,VIASAT INC,Information Technology,,mid,62.85,5.3979,1.0738,1.1173,1.3289,STRONG_DOWN,73.81,654.5,304.7,-23.78,54.22,80.14,1.0609,MED,-,52.397,48.7266,35.9484,1,442.8137,TREND+LEAD,99.8569
29,-2,AAOI,APPLIED OPTOELECTRONICS INC,Information Technology,,mid,159.42,11.3487,1.0054,1.4493,4.1806,STRONG_DOWN,411.95,1486.27,1267.24,-47.64,52.61,180.25,0.8472,LOW,-,118.392,92.123,45.0247,1,433.8008,TREND+LEAD,97.671
30,-2,NVRI,ENVIRI CORP,Industrials,,small,19.39,2.3795,0.9727,0.9855,1.0214,STRONG_DOWN,56.24,232.59,142.68,-13.04,55.02,26.03,0.2763,LOW,-,19.215,18.789,14.8715,1,491.6291,TREND+LEAD,93.0729
31,-2,CIFR,CIPHER DIGITAL INC,Information Technology,,mid,19.37,5.9222,1.0537,1.2259,1.0008,FLAT,3.47,727.78,426.36,-51.38,51.81,104.76,1.1968,MED,-,15.2345,15.2462,13.8315,1,359.9291,TREND+LEAD,92.829
32,-2,AEHR,AEHR TEST SYSTEMS,Information Technology,,small,83.86,7.5372,1.1306,2.0578,2.8273,STRONG_DOWN,213.96,953.52,675.05,-42.31,53.01,143.93,1.6685,HIGH,-,52.8465,42.3326,28.2185,1,351.1844,TREND+LEAD,92.4474
33,-2,KOD,KODIAK SCIENCES INC,Health Care,,mid,44.9,9.8839,1.0341,1.8352,1.6064,FLAT,200.94,1281.54,1193.95,-32.4,55.02,171.99,0.9546,LOW,-,37.172,29.6652,19.7016,1,409.9671,TREND+LEAD,89.4508
34,-2,AMPX,AMPRIUS TECHNOLOGIES INC,Industrials,,mid,18.67,6.4527,0.9809,0.9052,1.6486,FLAT,46.09,801.93,960.8,-46.41,53.01,111.67,0.5823,LOW,-,17.294,15.0298,11.1747,1,380.6791,TREND+LEAD,86.217
35,-1,FIX,Comfort Systems USA,Industrials,Construction & Engineering,large,1650.47,3.6083,0.9796,1.0586,1.4321,STRONG_DOWN,96.99,404.35,468.54,-13.77,60.24,56.18,0.7543,LOW,-,1482.7805,1414.7718,989.1702,1,433.5733,TREND+LEAD,85.8982
36,-1,SKYT,SKYWATER TECHNOLOGY INC,Information Technology,,small,32.89,3.6173,1.092,1.1006,0.9652,FLAT,98.25,405.61,281.11,-42.64,48.19,47.83,0.397,LOW,-,28.977,28.8726,19.9571,1,408.6639,TREND+LEAD,84.9286
37,-1,HUT,HUT CORP,Information Technology,,mid,74.9,5.0363,1.0373,1.3841,1.2197,FLAT,53.55,603.95,850.51,-38.62,56.63,106.61,1.1826,MED,-,57.197,54.0895,42.3766,1,320.8099,TREND+LEAD,80.7301
38,-1,GPRE,GREEN PLAINS INC,Energy,,small,14.82,3.2129,0.9137,0.8317,1.2377,FLAT,30.92,349.09,-29.9,-22.75,55.02,59.64,2.1617,HIGH,-,15.899,15.1618,11.0773,1,322.0487,TREND+LEAD,80.1969
39,0,INDV,INDIVIOR PHARMACEUTICALS INC,Health Care,,mid,32.7,2.6555,0.9998,0.9934,0.9761,STRONG_UP,32.44,271.17,74.31,-21.37,54.22,38.88,0.5064,LOW,-,30.701,31.9892,28.3572,1,378.1582,TREND+LEAD,78.0026
40,0,SPHR,SPHERE ENTERTAINMENT CLASS A,Communication,,mid,135.67,3.9976,1.0171,1.1137,1.3676,STRONG_DOWN,127.44,458.77,257.4,-17.66,54.22,64.48,0.5137,LOW,-,121.8965,114.9582,78.9405,1,385.7731,TREND+LEAD,77.2469
41,0,TER,Teradyne,Information Technology,Semiconductor Materials & Equipment,large,380.38,3.9127,0.9929,1.1655,1.6201,STRONG_DOWN,173.39,446.9,282.55,-20.35,57.43,69.43,0.7025,LOW,-,329.956,316.4426,195.3009,1,369.6584,TREND+LEAD,76.8902
42,0,FORM,FORMFACTOR INC,Information Technology,,mid,137.21,3.9281,1.0339,1.3369,1.7019,STRONG_DOWN,227.47,449.06,225.99,-24.04,54.62,73.97,1.033,MED,-,110.852,100.5046,59.6363,1,331.589,TREND+LEAD,76.8722
43,26,PARR,PAR PACIFIC HOLDINGS INC,Energy,,mid,57.33,3.0723,0.8417,0.9156,1.5103,STRONG_DOWN,68.37,329.44,84.52,-26.21,55.02,61.92,1.7912,HIGH,-,62.409,52.615,40.3973,1,292.7276,TREND+LEAD,76.2041
44,-1,RLAY,RELAY THERAPEUTICS INC,Health Care,,mid,16.76,4.3602,1.0611,1.553,2.2149,STRONG_DOWN,157.45,509.45,174.3,-19.55,54.62,74.51,0.8151,LOW,-,12.4925,10.7242,7.075,1,373.4587,TREND+LEAD,75.7267
45,-1,POWL,POWELL INDUSTRIES INC,Industrials,,mid,241.01,3.2581,1.0169,1.2751,1.673,STRONG_DOWN,113.99,355.4,469.51,-30.88,57.83,65.93,1.068,MED,-,201.9523,188.1391,125.4838,1,311.7372,TREND+LEAD,74.6113
46,-1,FET,FORUM ENERGY TECHNOLOGIES INC,Energy,,small,56.09,2.7298,0.8814,0.8978,1.3003,STRONG_DOWN,103.67,281.56,195.06,-16.88,59.04,49.3,1.0294,MED,-,59.3635,56.7246,36.2571,1,337.1922,TREND+LEAD,73.5311
47,-1,NVTS,NAVITAS SEMICONDUCTOR CORP,Information Technology,,mid,12.32,4.8967,1.2121,1.2449,1.0969,FLAT,-21.18,584.44,219.17,-58.25,46.99,123.29,1.7121,HIGH,-,9.4242,9.1321,8.5868,1,222.7516,TREND+LEAD,73.5163
48,-1,APLD,APPLIED DIGITAL CORP,Information Technology,,mid,31.53,5.7108,1.1037,1.0942,0.8189,STRONG_UP,-13.95,698.23,1219.25,-50.31,49.8,115.43,0.8039,LOW,-,26.6325,28.6587,25.1059,1,301.2367,TREND+LEAD,73.4681
49,-1,TPC,TUTOR PERINI CORP,Industrials,,mid,84.22,3.0499,0.971,1.0792,1.0903,STRONG_DOWN,31.43,326.3,530.52,-24.13,57.43,52.48,0.6462,LOW,-,78.95,78.2995,66.7555,1,357.0728,TREND+LEAD,73.3797
50,0,TYRA,TYRA BIOSCIENCES INC,Health Care,,mid,35.56,2.808,0.9645,0.863,1.2006,FLAT,139.62,292.49,142.56,-18.78,56.22,51.51,1.2779,MED,-,36.7042,34.6403,21.5516,1,319.2398,TREND+LEAD,73.2141
51,0,STOK,STOKE THERAPEUTICS INC,Health Care,,small,37.27,3.0969,1.0273,1.0405,1.2614,STRONG_DOWN,9.07,332.87,219.91,-37.16,55.82,59.65,1.1114,MED,-,33.9235,34.041,27.1207,1,311.496,TREND+LEAD,72.6209
52,1,AEIS,ADVANCED ENERGY INDUSTRIES INC,Information Technology,,large,375.6,3.1304,0.9576,1.0617,1.4376,STRONG_DOWN,95.56,337.56,316.02,-16.35,58.63,57.89,0.8735,LOW,-,346.7925,326.6012,222.6501,1,341.8711,TREND+LEAD,70.0657
53,1,LRCX,Lam Research,Information Technology,Semiconductor Materials & Equipment,large,267.6,3.0911,0.9672,1.0597,1.1672,STRONG_DOWN,88.5,332.06,206.59,-20.01,61.04,60.87,0.7758,LOW,-,237.9195,231.5843,165.9799,1,332.985,TREND+LEAD,69.7857
54,1,GLUE,MONTE ROSA THERAPEUTICS INC,Health Care,,small,19.78,3.1729,1.0889,1.1412,0.8103,FLAT,91.85,343.5,234.12,-41.84,49.4,52.12,0.7867,LOW,-,16.842,17.535,12.8803,1,325.5716,TREND+LEAD,69.6153
55,1,RAPP,RAPPORT THERAPEUTICS INC,Health Care,,small,39.71,2.737,1.1072,1.3399,1.4387,STRONG_DOWN,59.67,282.56,90.91,-28.82,52.21,53.98,4.8228,HIGH,-,32.395,30.1484,25.1868,1,273.2974,TREND+LEAD,69.3834
56,1,BELFB,BEL FUSE INC CLASS B,Information Technology,,mid,254.25,2.7296,1.0327,1.0963,1.2345,STRONG_DOWN,70.89,281.54,356.3,-19.54,62.25,51.23,0.8018,LOW,-,219.7615,218.7864,167.5646,1,342.0973,TREND+LEAD,69.3271
57,1,TTI,TETRA TECHNOLOGIES INC,Energy,,small,8.81,2.6936,1.0145,1.0016,0.7396,STRONG_UP,24.44,276.5,103.0,-37.66,56.63,62.01,1.9308,HIGH,-,8.442,9.1912,7.3855,1,252.5069,TREND+LEAD,68.9762
58,1,ALMS,ALUMIS INC,Health Care,,mid,24.99,3.804,1.0721,0.9123,1.0173,FLAT,442.08,431.7,87.89,-52.94,49.8,76.27,0.75,LOW,-,23.4135,25.6829,12.555,1,281.8771,TREND+LEAD,68.834
59,1,CGON,CG ONCOLOGY INC,Health Care,,mid,73.43,2.5739,1.0479,1.0331,1.3032,FLAT,75.46,259.77,107.9,-25.3,52.21,47.16,1.3907,MED,-,67.0905,61.9376,43.7898,1,287.5919,TREND+LEAD,68.6696
60,1,CLMT,CALUMET INC,Energy,,mid,32.21,2.4994,0.9459,1.0392,1.5389,STRONG_DOWN,69.97,249.35,112.61,-22.81,57.03,48.79,1.1222,MED,-,32.636,29.9818,21.2583,1,291.4611,TREND+LEAD,67.7029
61,1,BKSY,BLACKSKY TECHNOLOGY INC CLASS A,Industrials,,small,37.57,4.0541,1.0434,1.3582,1.3256,FLAT,44.17,466.67,297.99,-58.46,53.82,112.8,1.5669,HIGH,-,30.244,25.6068,21.9468,1,222.6596,TREND+LEAD,66.6917
62,1,DFTX,DEFINIUM THERAPEUTICS INC,Health Care,,mid,22.68,2.8668,0.9848,1.1262,1.4638,STRONG_DOWN,90.43,300.71,154.55,-24.79,53.82,57.29,1.2129,MED,-,20.1855,18.5794,13.3753,1,282.4932,TREND+LEAD,66.6767
63,1,NESR,NATIONAL ENERGY SERVICES REUNITED,Energy,,mid,24.29,2.8915,1.0111,1.0687,1.2985,STRONG_DOWN,130.67,304.16,169.89,-27.39,56.22,62.17,1.3548,MED,-,22.4095,22.3301,14.4612,1,275.05,TREND+LEAD,66.0058
64,-15,RHLD,RESOLUTE HOLDINGS MANAGEMENT INC,Industrials,,small,147.72,4.2426,0.8927,0.8337,0.6954,STRONG_UP,85.93,493.01,311.59,-50.93,54.22,92.84,,LOW,-,155.682,165.9298,129.3442,1,287.9283,TREND+LEAD,65.9573
65,-27,SYRE,SPYRE THERAPEUTICS INC,Health Care,,mid,73.01,3.8492,1.1149,1.5989,2.1335,STRONG_DOWN,228.28,438.03,105.2,-20.91,54.62,75.66,,LOW,-,52.664,44.9524,28.4542,1,316.2164,TREND+LEAD,65.5331
66,33,GSAT,GLOBALSTAR VOTING INC,Communication,,mid,80.02,3.0083,1.0607,1.205,1.292,STRONG_DOWN,80.71,320.49,326.77,-26.53,55.02,73.7,1.776,HIGH,-,70.397,63.754,49.8682,1,239.2615,TREND+LEAD,64.5078
67,-2,VICR,VICOR CORP,Industrials,,mid,218.05,3.4475,1.1313,1.0626,1.4131,FLAT,260.59,381.88,529.47,-32.01,59.84,91.36,1.4026,MED,-,174.492,175.7014,103.8274,1,250.127,TREND+LEAD,63.7543
68,-2,ATRO,ASTRONICS CORP,Industrials,,mid,76.97,2.7167,1.0005,1.0427,1.0007,FLAT,60.69,279.72,381.06,-23.39,54.62,51.63,0.7195,LOW,-,70.3295,73.235,54.1257,1,295.9231,TREND+LEAD,62.88
69,-2,PACS,PACS GROUP INC,Health Care,,mid,35.2,2.9351,1.0035,0.9416,0.8819,STRONG_UP,182.73,310.26,53.04,-42.03,49.0,58.01,0.8128,LOW,-,33.2315,35.6256,23.9498,1,262.068,TREND+LEAD,62.7783
70,-2,ALB,Albemarle Corporation,Materials,Specialty Chemicals,large,197.75,2.7152,1.0303,1.1223,1.181,STRONG_DOWN,108.67,279.52,83.22,-20.05,57.83,69.8,1.591,HIGH,-,179.7,173.2138,123.2589,1,231.5849,TREND+LEAD,62.7367
71,-1,KYMR,KYMERA THERAPEUTICS INC,Health Care,,mid,87.71,2.3104,0.9572,1.0214,1.2251,STRONG_DOWN,45.07,222.94,149.74,-27.74,53.01,41.25,0.7753,LOW,-,83.5403,83.8117,65.1783,1,286.4958,TREND+LEAD,61.2387
72,-1,AMLX,AMYLYX PHARMACEUTICALS INC,Health Care,,small,18.36,3.1053,1.077,1.2108,1.2471,STRONG_DOWN,21.03,334.04,827.27,-27.93,53.01,68.11,1.2491,MED,-,15.355,14.738,12.6095,1,259.9853,TREND+LEAD,60.4493
73,-1,DAN,DANA INCORPORATED INC,Consumer Discretionary,,mid,37.06,2.397,0.9759,1.0771,1.3121,STRONG_DOWN,96.23,235.04,226.13,-14.68,53.82,42.19,0.5103,LOW,-,34.2715,33.59,24.1538,1,299.8276,TREND+LEAD,60.1631
74,-1,EA,Electronic Arts,Communication Services,Interactive Home Entertainment,large,203.83,1.0319,0.9722,0.9411,0.9702,FLAT,1.93,44.23,63.81,-8.12,55.42,8.06,0.6702,LOW,-,202.8015,201.3079,190.258,1,304.1148,TREND+LEAD,60.1219
75,-1,ALNT,ALLIENT INC,Industrials,,small,74.4,2.6267,1.0234,1.1239,1.1808,STRONG_DOWN,50.07,267.15,157.63,-14.59,54.62,54.01,1.0662,MED,-,65.142,65.003,53.426,1,270.1673,TREND+LEAD,59.5663
76,-1,GEV,GE Vernova,Industrials,Heavy Electrical Equipment,large,1002.75,2.2965,0.9775,1.059,1.43,STRONG_DOWN,66.86,220.99,633.47,-17.51,55.42,43.6,0.8401,LOW,-,921.291,866.6618,680.6687,1,280.8988,TREND+LEAD,59.0597
77,-1,CMPX,COMPASS THERAPEUTICS,Health Care,,small,6.0,2.4116,1.1148,1.0314,1.0224,STRONG_UP,32.74,237.08,302.68,-24.66,53.01,56.87,1.6115,HIGH,-,5.433,5.697,4.5695,1,220.9872,TREND+LEAD,58.9686
78,-1,CRDO,CREDO TECHNOLOGY GROUP HOLDING LTD,Information Technology,,large,160.69,3.2978,1.1555,1.3903,1.0339,FLAT,17.7,360.96,793.22,-53.59,55.82,101.37,0.9677,LOW,-,115.6135,115.9172,132.6885,1,198.7638,TREND+LEAD,58.6717
79,-1,STRL,STERLING INFRASTRUCTURE INC,Industrials,,large,463.65,2.5212,0.9759,0.995,1.2832,STRONG_DOWN,28.43,252.4,371.57,-31.02,56.22,65.42,1.1718,MED,-,427.627,423.0886,345.2719,1,216.9033,TREND+LEAD,58.3605
80,-1,TSHA,TAYSHA GENE THERAPIES INC,Health Care,,small,6.43,3.1726,1.4055,1.3066,1.3697,FLAT,26.57,343.45,166.8,-31.13,51.81,83.06,2.1539,HIGH,-,4.683,4.6299,4.1618,1,214.2313,TREND+LEAD,58.2606
81,-1,ECPG,ENCORE CAPITAL GROUP INC,Financials,,small,80.75,1.8929,0.9966,1.0822,1.3951,STRONG_DOWN,99.24,164.58,93.92,-12.63,53.41,33.32,1.2354,MED,-,73.467,67.5712,51.664,1,263.813,TREND+LEAD,57.481
82,0,VIAV,VIAVI SOLUTIONS INC,Information Technology,,mid,44.135,3.2653,1.028,1.194,2.3048,STRONG_DOWN,231.34,356.41,445.55,-21.13,55.42,83.49,1.0154,MED,-,37.5892,32.5869,19.0947,1,236.5832,TREND+LEAD,56.6355
83,-2,OKLO,OKLO INC CLASS A,Utilities,,mid,66.81,2.3442,1.1967,1.1319,0.6835,STRONG_UP,-58.79,227.66,427.31,-73.83,51.0,89.72,2.4542,HIGH,SHIFT,53.216,59.6062,85.646,0,129.4103,WEAK,56.5969
84,-2,GOOGL,Alphabet Inc. (Class A),Communication Services,Interactive Media & Services,large,341.68,1.6611,1.0274,1.0308,1.0064,FLAT,36.06,132.18,120.82,-20.37,55.42,28.53,0.7705,LOW,-,306.0725,307.7806,272.2334,1,256.7678,TREND+LEAD,56.326
85,-2,DHC,DIVERSIFIED HEALTHCARE TRUST,Real Estate,,small,7.39,2.3982,1.0,0.9577,1.2147,FLAT,80.98,235.22,221.53,-15.7,53.82,45.38,0.6245,LOW,-,6.968,6.8746,5.0034,1,278.9619,TREND+LEAD,56.1703
86,-2,GOOG,Alphabet Inc. (Class C),Communication Services,Interactive Media & Services,large,339.4,1.6259,1.0273,1.0286,0.9987,FLAT,34.93,127.26,117.32,-20.75,55.02,27.52,0.911,LOW,-,304.2655,306.9763,272.5501,1,254.4295,TREND+LEAD,56.0206
87,-2,SCHL,SCHOLASTIC CORP,Communication,,small,39.77,1.789,0.9708,1.0762,1.1293,STRONG_DOWN,41.02,150.06,21.38,-12.02,55.82,32.65,1.4194,MED,-,39.107,36.0372,29.6513,1,256.544,TREND+LEAD,55.8712
88,-2,AGX,ARGAN INC,Industrials,,mid,597.88,3.3185,0.9652,1.1544,1.5156,STRONG_DOWN,102.35,363.85,901.77,-24.96,56.63,102.57,1.667,HIGH,-,548.0555,479.4096,333.3138,1,200.886,TREND+LEAD,55.7556
89,-2,GLW,Corning Inc.,Information Technology,Electronic Components,large,164.38,2.9331,0.9066,1.1445,1.6981,STRONG_DOWN,90.55,309.97,454.05,-23.01,59.44,73.83,0.8445,LOW,-,150.937,141.7267,94.3882,1,249.5545,TREND+LEAD,55.7543
90,-2,CAT,Caterpillar Inc.,Industrials,Construction Machinery & Heavy Transportation Equipment,large,794.65,2.0144,0.9697,1.0692,1.196,STRONG_DOWN,47.66,181.56,128.46,-13.88,58.63,39.45,0.8035,LOW,-,737.936,733.611,568.2113,1,269.837,TREND+LEAD,55.6488
91,-2,MBX,MBX BIOSCIENCES INC,Health Care,,small,33.77,3.1623,0.9944,1.1006,0.8093,FLAT,145.24,342.02,42.79,-37.6,52.61,71.8,0.5277,LOW,-,30.751,32.3661,24.2966,1,250.6051,TREND+LEAD,55.3817
92,-2,CENX,CENTURY ALUMINUM,Materials,,mid,62.24,2.9314,0.8851,1.1615,1.2709,STRONG_DOWN,91.57,309.74,257.29,-23.56,52.21,71.8,1.1247,MED,-,59.25,55.3422,36.3478,1,225.2325,TREND+LEAD,54.8756
93,-2,CSTM,CONSTELLIUM SE CLASS A,Materials,,mid,29.58,2.5375,0.9401,1.1555,1.2966,STRONG_DOWN,90.96,254.68,43.52,-15.96,52.21,56.44,1.3452,MED,-,26.9515,25.7946,18.8154,1,235.5891,TREND+LEAD,54.4466
94,-2,BTSG,BRIGHTSPRING HEALTH SERVICES INC,Health Care,,mid,47.27,2.1651,0.9922,0.9957,1.1713,STRONG_DOWN,60.51,202.62,359.38,-20.75,56.63,44.42,,LOW,-,44.0985,41.949,33.0519,1,258.3216,TREND+LEAD,54.2395
95,-2,SITM,SITIME CORP,Information Technology,,mid,503.63,2.8467,1.0884,1.3092,1.317,STRONG_DOWN,74.57,297.91,576.29,-29.39,56.63,80.05,1.0442,MED,-,383.95,385.5086,310.4061,1,210.7487,TREND+LEAD,53.7247
96,-2,QBTS,D WAVE QUANTUM INC,Information Technology,,mid,21.69,2.4868,1.4304,1.2483,0.7308,STRONG_UP,-46.39,247.6,1198.8,-71.01,49.4,102.24,1.6046,HIGH,SHIFT,15.7175,17.5082,22.5007,0,119.6327,WEAK,53.5853
97,-2,DY,DYCOM INDUSTRIES INC,Industrials,,large,399.45,1.8852,0.9722,1.0408,1.0469,STRONG_DOWN,35.21,163.51,196.53,-24.43,58.23,46.04,1.1381,MED,-,364.161,382.3494,320.9688,1,206.7985,TREND+LEAD,53.368
98,-2,ECVT,ECOVYST INC,Materials,,small,13.78,1.6998,0.9233,1.0857,1.2509,STRONG_DOWN,68.25,137.59,41.19,-16.33,55.02,31.56,1.4907,MED,-,13.215,12.1456,9.8375,1,239.8603,TREND+LEAD,53.3386
99,-2,DNTH,DIANTHUS THERAPEUTICS INC,Health Care,,mid,93.26,3.2626,1.0011,1.0802,2.0541,STRONG_DOWN,159.06,356.04,294.67,-22.91,51.0,73.71,0.5029,LOW,-,86.0095,71.0552,43.5468,1,246.3437,TREND+LEAD,53.1683
100,-2,DAVE,DAVE INC CLASS A,Financials,,mid,250.71,2.2237,1.2413,1.1038,1.2552,FLAT,18.52,210.82,635.0,-44.67,55.02,74.25,1.798,HIGH,-,193.2083,193.6252,207.6202,1,156.2221,TREND+LEAD,52.8428
101,-1,BK,BNY Mellon,Financials,Asset Management & Custody Banks,large,135.1,1.3247,1.0107,1.0895,1.0864,FLAT,27.78,85.16,156.36,-10.15,62.65,26.12,1.7876,HIGH,-,123.465,120.4006,110.9652,1,204.2668,TREND+LEAD,52.6686
102,-1,MYRG,MYR GROUP INC,Industrials,,mid,329.33,2.1492,0.9957,1.1151,1.2777,STRONG_DOWN,56.89,200.4,107.35,-13.65,55.82,43.22,0.7075,LOW,-,294.38,279.1562,226.1821,1,258.8247,TREND+LEAD,52.3978
103,-1,UUUU,ENERGY FUELS INC,Energy,,mid,20.49,3.2648,1.0225,1.0595,0.9071,FLAT,-5.53,356.35,250.26,-51.28,53.41,99.69,0.9841,LOW,-,18.436,19.88,16.2551,1,190.917,TREND+LEAD,51.7742
104,-1,PWR,Quanta Services,Industrials,Construction & Engineering,large,601.88,1.6985,0.9759,0.9651,1.2528,FLAT,37.63,137.4,145.55,-11.66,57.43,36.06,1.041,MED,-,569.8968,556.9353,454.7436,1,218.8326,TREND+LEAD,51.5544
105,-1,KALU,KAISER ALUMINIUM CORP,Materials,,mid,148.35,2.0495,0.9994,1.2276,1.1303,FLAT,89.13,186.47,77.23,-26.03,56.22,52.22,1.1274,MED,-,128.945,129.3448,101.7114,1,200.7557,TREND+LEAD,51.2682
106,-1,CECO,CECO ENVIRONMENTAL CORP,Industrials,,mid,65.27,2.5986,0.9432,1.0474,0.9457,FLAT,28.18,263.22,191.91,-35.08,55.82,69.94,0.449,LOW,-,61.9065,63.4148,53.9469,1,210.0764,TREND+LEAD,50.5353
107,-1,MPWR,Monolithic Power Systems,Information Technology,Semiconductors,large,1468.35,2.0829,1.0338,1.2476,1.3832,STRONG_DOWN,43.53,191.13,140.35,-22.45,54.62,53.25,1.052,MED,-,1206.3783,1160.446,971.5842,1,196.0502,TREND+LEAD,50.5008
108,-1,NGVT,INGEVITY CORP,Materials,,mid,75.2,1.7294,0.9562,1.0662,1.1039,STRONG_DOWN,35.5,141.72,72.87,-23.94,55.02,33.67,0.3319,LOW,-,71.9075,70.7454,59.064,1,231.5888,TREND+LEAD,50.0552
109,0,FIGS,FIGS INC CLASS A,Consumer Discretionary,,mid,16.17,3.0364,1.0782,1.0536,1.354,FLAT,110.27,324.41,242.58,-21.73,52.21,75.7,0.6587,LOW,-,14.786,13.8572,9.8695,1,223.744,TREND+LEAD,49.5788
110,0,CORZ,CORE SCIENTIFIC INC,Information Technology,,mid,19.85,2.2224,1.025,1.1161,1.0207,FLAT,0.92,210.64,589.24,-40.74,56.63,70.41,1.0511,MED,-,17.0195,16.8855,16.4604,1,169.4168,TREND+LEAD,49.5142
111,0,CFG,Citizens Financial Group,Financials,Regional Banks,large,64.45,1.3858,0.9615,1.0468,1.0365,FLAT,35.34,93.7,111.47,-18.32,57.83,31.24,1.5821,HIGH,-,61.4145,61.5994,54.9378,1,173.4496,TREND+LEAD,49.4681
112,0,PRM,PERIMETER SOLUTIONS INC,Materials,,mid,27.8,2.0568,1.0558,1.2139,0.9435,FLAT,26.42,187.49,297.71,-30.2,57.83,51.26,0.6926,LOW,-,24.2505,24.5696,23.4144,1,211.5173,TREND+LEAD,49.2225
113,0,PRIM,PRIMORIS SERVICES CORP,Industrials,,mid,164.81,2.1926,0.9715,1.0679,1.0722,STRONG_DOWN,18.87,206.47,285.0,-21.91,57.03,51.78,0.8851,LOW,-,151.4848,150.6947,129.7148,1,227.4006,TREND+LEAD,49.0044
114,0,FLNC,FLUENCE ENERGY INC CLASS A,Industrials,,mid,13.535,2.6824,0.958,0.7824,0.4855,STRONG_UP,-30.87,274.93,-13.13,-59.66,49.0,98.25,1.443,MED,EARLY,14.2132,15.7517,15.6122,0,137.1156,WEAK,48.9108
115,0,AVGO,Broadcom,Information Technology,Semiconductors,large,406.54,1.7641,1.0343,1.1802,1.1251,FLAT,15.25,146.58,229.51,-28.67,57.43,42.42,0.771,LOW,-,339.914,333.0015,332.0675,1,198.4408,TREND+LEAD,48.8851
116,0,DCO,DUCOMMUN INC,Industrials,,small,138.0,1.786,0.9454,1.0229,1.1733,STRONG_DOWN,50.57,149.64,166.15,-16.03,59.44,36.39,0.9975,LOW,-,130.507,127.8618,102.9738,1,244.4214,TREND+LEAD,48.8549
117,1,UCTT,ULTRA CLEAN HOLDINGS INC,Information Technology,,mid,79.51,3.0501,0.9982,1.1763,1.7653,STRONG_DOWN,174.17,326.33,96.32,-29.74,54.62,85.1,0.3536,LOW,-,67.1025,61.062,36.1763,1,209.4475,TREND+LEAD,48.2967
118,1,LINC,LINCOLN EDUCATIONAL SERVICES CORP,Consumer Discretionary,,small,41.95,1.8222,1.016,1.0149,1.5624,FLAT,94.93,154.71,337.43,-27.35,58.23,45.81,1.4097,MED,-,40.7235,36.3446,25.7765,1,196.6493,TREND+LEAD,48.001
119,1,INTC,Intel,Information Technology,Semiconductors,large,68.5,2.6012,1.0154,1.3744,1.4169,STRONG_DOWN,85.94,263.59,97.53,-24.17,52.61,77.7,1.1003,MED,-,53.3875,48.9904,37.2822,1,178.4732,TREND+LEAD,47.9431
120,1,HL,HECLA MINING,Materials,,large,19.54,2.3577,0.9797,1.0281,0.7153,FLAT,28.28,229.55,273.16,-45.95,53.82,78.73,0.5079,LOW,-,18.7085,20.6397,15.4479,1,156.923,TREND+LEAD,47.8989
121,1,FN,FABRINET,Information Technology,,large,689.89,2.8613,0.9661,1.1821,1.3553,STRONG_DOWN,67.26,299.94,317.61,-20.55,58.23,82.81,0.7835,LOW,-,594.8125,551.587,435.7032,1,210.9079,TREND+LEAD,47.8653
122,1,AMD,Advanced Micro Devices,Information Technology,Semiconductors,large,278.39,2.3278,1.0897,1.2566,1.1664,FLAT,18.69,225.37,79.51,-27.76,55.82,65.17,0.941,LOW,-,226.7235,212.1348,202.4524,1,193.0394,TREND+LEAD,47.8544
123,1,MYE,MYERS INDUSTRIES INC,Materials,,small,21.65,1.7507,0.9334,0.9715,1.0609,STRONG_DOWN,35.43,144.7,9.47,-12.38,56.63,33.78,0.4311,LOW,-,21.328,21.5616,18.2074,1,242.5824,TREND+LEAD,47.8238
124,1,VSCO,VICTORIA S SECRET,Consumer Discretionary,,mid,54.72,2.3915,1.0586,1.0487,0.8879,STRONG_UP,81.25,234.27,217.77,-35.55,52.61,64.9,0.8253,LOW,-,47.641,52.6002,39.8172,1,189.9067,TREND+LEAD,47.7986
125,1,AMAT,Applied Materials,Information Technology,Semiconductor Materials & Equipment,large,396.94,2.1136,0.9691,1.0296,1.1805,STRONG_DOWN,74.87,195.43,107.83,-21.37,57.43,53.28,0.8177,LOW,-,368.375,358.2733,258.7618,1,210.657,TREND+LEAD,47.7319
126,1,AXGN,AXOGEN INC,Health Care,,small,38.5,1.8145,1.1113,1.1448,1.2055,STRONG_DOWN,129.99,153.62,487.79,-45.77,55.42,53.31,2.5865,HIGH,-,33.2795,32.7398,24.4204,1,159.7036,TREND+LEAD,47.5898
127,1,DK,DELEK US HOLDINGS INC,Energy,,mid,37.23,2.1977,0.8754,0.7735,1.3157,FLAT,14.21,207.18,38.74,-36.02,51.81,64.33,1.1118,MED,-,43.3775,40.1943,32.8117,1,166.8598,TREND+LEAD,47.5248
128,1,COHU,COHU INC,Information Technology,,small,41.26,2.0642,1.0596,1.2597,1.4186,STRONG_DOWN,85.19,188.53,41.11,-20.23,56.22,51.5,1.3922,MED,-,33.763,31.5424,24.8057,1,205.8105,TREND+LEAD,47.5244
129,1,JBL,Jabil,Information Technology,Electronic Manufacturing Services,large,321.69,1.7765,1.0178,1.1235,1.2438,STRONG_DOWN,53.48,148.32,149.26,-17.86,58.63,45.68,1.1448,MED,-,281.372,267.5441,231.134,1,190.3643,TREND+LEAD,47.3964
130,1,TPR,"Tapestry, Inc.",Consumer Discretionary,"Apparel, Accessories & Luxury Goods",large,155.85,1.7903,1.004,1.0113,1.1614,STRONG_DOWN,34.59,150.25,,-15.71,59.44,40.77,0.7214,LOW,-,145.7735,148.4715,121.2102,1,219.0514,TREND+LEAD,47.0607
131,1,KLAC,KLA Corporation,Information Technology,Semiconductor Materials & Equipment,large,1791.4399,2.0802,0.9785,1.0982,1.1113,STRONG_DOWN,63.52,190.76,182.69,-22.41,61.45,57.87,0.6629,LOW,-,1598.55,1516.3702,1213.8308,1,202.5583,TREND+LEAD,46.6679
132,1,ADI,Analog Devices,Information Technology,Semiconductors,large,371.45,1.5418,1.0253,1.1087,1.2054,STRONG_DOWN,54.77,115.51,104.38,-15.73,55.42,33.48,1.323,MED,-,331.039,331.1662,272.3939,1,191.2021,TREND+LEAD,46.5487
133,1,GHM,GRAHAM CORP,Industrials,,small,95.38,2.376,0.9856,1.0689,1.2488,STRONG_DOWN,56.13,232.1,240.89,-18.21,56.22,57.62,0.9968,LOW,-,85.6485,83.8924,64.6872,1,226.4636,TREND+LEAD,46.2828
134,1,UEC,URANIUM ENERGY CORP,Energy,,mid,14.97,2.25,1.0368,1.0445,0.8137,FLAT,-6.44,214.5,119.18,-39.97,52.21,72.49,1.0331,MED,-,13.546,14.4014,12.9119,1,154.4879,TREND+LEAD,46.2687
135,1,NPKI,NPK INTERNATIONAL INC,Industrials,,small,14.7,1.8881,0.9456,0.9688,1.025,STRONG_DOWN,27.72,163.91,101.92,-17.94,52.61,37.79,0.4884,LOW,-,14.602,14.297,12.095,1,228.1954,TREND+LEAD,46.268
136,1,BORR,BORR DRILLING LTD,Energy,,small,5.57,2.2139,0.9029,1.0663,1.27,STRONG_DOWN,115.06,209.44,8.03,-23.33,51.41,54.93,1.3634,MED,-,5.678,5.609,3.7571,1,196.0229,TREND+LEAD,46.2225
137,0,ANDE,ANDERSONS INC,Consumer Staples,,mid,72.11,1.4073,0.9408,0.9773,1.2141,STRONG_DOWN,55.53,96.7,32.25,-17.38,55.42,30.76,1.5795,HIGH,-,72.1945,68.873,51.4765,1,174.229,TREND+LEAD,46.2009
138,0,NBR,NABORS INDUSTRIES LTD,Energy,,small,79.52,2.0138,0.9079,0.9215,1.2446,STRONG_DOWN,97.22,181.49,3.22,-24.17,53.82,50.25,1.1674,MED,-,83.4925,78.7328,53.8696,1,194.3804,TREND+LEAD,45.9742
139,0,ACMR,ACM RESEARCH CLASS A INC,Information Technology,,mid,50.61,1.9678,0.9854,1.0063,0.9168,FLAT,27.55,175.05,84.67,-46.34,57.83,83.02,1.5787,HIGH,-,44.6447,51.7237,40.2544,1,121.9392,TREND+LEAD,45.7252
140,1,IMNM,IMMUNOME INC,Health Care,,mid,24.63,2.2026,1.052,1.0956,1.0675,FLAT,49.36,207.87,43.36,-28.44,52.61,56.44,0.7319,LOW,-,21.622,21.8722,16.8953,1,193.7687,TREND+LEAD,45.579
141,1,GCT,GIGACLOUD TECHNOLOGY INC CLASS A,Consumer Discretionary,,small,51.8,3.0806,1.1505,1.123,1.2451,FLAT,91.5,330.59,40.72,-23.85,52.61,94.22,1.3277,MED,-,44.561,41.7828,33.9689,1,184.593,TREND+LEAD,45.5371
142,1,PVLA,PALVELLA THERAPEUTICS INC,Health Care,,small,130.01,3.6547,0.9737,1.0575,1.2662,STRONG_DOWN,77.75,410.84,948.47,-29.93,52.61,104.6,0.9455,LOW,-,121.851,115.3246,80.7978,1,206.64,TREND+LEAD,45.4351
143,1,NAT,NORDIC AMERICAN TANKERS LTD,Energy,,small,6.03,1.8631,0.9976,1.0177,1.4766,STRONG_DOWN,83.96,160.41,87.55,-14.01,54.62,43.41,1.3608,MED,-,5.7925,5.2927,3.7673,1,201.839,TREND+LEAD,45.3577
144,1,ANAB,ANAPTYSBIO INC,Health Care,,small,67.51,2.3423,0.949,0.9665,1.4355,STRONG_DOWN,96.25,227.4,240.44,-28.15,51.81,63.28,1.153,MED,-,63.5568,59.676,40.0368,1,186.1824,TREND+LEAD,45.2942
145,1,HLIO,HELIOS TECHNOLOGIES INC,Industrials,,mid,68.73,1.9268,0.932,0.9994,1.0434,STRONG_DOWN,29.73,169.32,51.77,-17.07,50.6,40.02,0.7835,LOW,-,67.2421,68.9885,56.4105,1,214.0849,TREND+LEAD,45.1091
146,1,TE,T1 ENERGY INC,Industrials,,small,5.03,3.4938,0.951,0.6045,0.598,STRONG_UP,7.25,388.35,204.85,-58.59,50.6,118.17,0.8406,LOW,-,5.19,6.3262,4.4253,1,166.29,TREND+LEAD,45.0319
147,1,JNJ,Johnson & Johnson,Health Care,Pharmaceuticals,large,234.18,1.0974,0.9508,0.9132,1.0458,FLAT,23.32,53.39,70.46,-7.22,55.02,14.92,1.0236,MED,-,239.2835,241.0101,201.0987,1,196.8966,TREND+LEAD,45.0311
148,1,PAHC,PHIBRO ANIMAL HEALTH CORP CLASS A,Health Care,,mid,57.07,2.5029,0.9254,1.0095,1.3528,STRONG_DOWN,48.71,249.85,353.86,-18.5,51.81,61.86,0.5935,LOW,-,55.8245,53.2335,41.2089,1,209.2582,TREND+LEAD,44.9272
149,-41,LQDA,LIQUIDIA CORP,Health Care,,mid,39.47,2.1248,0.9816,0.9789,1.0108,FLAT,70.28,196.99,185.81,-37.82,54.22,60.96,,LOW,-,37.7105,36.7284,29.6365,1,175.2101,TREND+LEAD,44.7464
150,0,EME,Emcor,Industrials,Construction & Engineering,large,806.05,1.5929,0.9593,0.9946,1.1211,STRONG_DOWN,17.42,122.66,140.88,-25.15,59.44,38.94,0.6531,LOW,-,766.5775,759.9573,667.2176,1,187.228,TREND+LEAD,44.6316
151,0,VSH,VISHAY INTERTECHNOLOGY INC,Information Technology,,mid,25.92,1.7192,1.0964,1.3546,1.3844,STRONG_DOWN,55.18,140.31,28.89,-33.46,55.02,54.76,1.6763,HIGH,-,20.0315,19.0916,16.5292,1,140.9753,TREND+LEAD,44.3789
152,0,CDE,COEUR MINING INC,Materials,,large,20.38,2.4505,0.9695,1.0336,0.8767,FLAT,-11.77,242.52,359.01,-40.44,53.41,87.51,0.5641,LOW,-,18.8395,21.2032,17.2572,1,148.0179,TREND+LEAD,44.3554
153,0,MOD,MODINE MANUFACTURING,Industrials,,large,243.71,2.516,0.9162,1.1242,1.7294,STRONG_DOWN,51.91,251.67,190.96,-27.55,53.01,74.71,0.6964,LOW,-,226.7445,218.0532,159.3869,1,178.5736,TREND+LEAD,44.3444
154,0,PDFS,PDF SOLUTIONS INC,Information Technology,,small,43.97,1.8526,1.0448,1.199,1.1943,FLAT,57.99,158.95,45.02,-24.65,54.62,54.23,1.5406,HIGH,-,36.374,34.049,28.0007,1,160.0948,TREND+LEAD,44.1441
155,0,MSGE,MADISON SQUARE GARDEN ENTERTAINMEN,Communication,,mid,62.78,1.4997,0.9978,1.0138,1.0252,STRONG_DOWN,43.83,109.62,66.92,-13.43,57.03,29.12,0.5319,LOW,-,59.2735,59.7612,49.8469,1,214.6772,TREND+LEAD,44.0759
156,0,HOOD,Robinhood Markets,Financials,Investment Banking & Brokerage,large,90.75,1.6292,1.2234,1.1339,0.8106,STRONG_UP,-30.96,127.73,431.32,-57.26,53.41,75.37,1.497,MED,SHIFT,73.0545,75.5346,107.3507,0,90.5135,WEAK,44.0517
157,0,ON,ON Semiconductor,Information Technology,Semiconductors,large,83.01,1.7095,1.1293,1.2973,1.3365,STRONG_DOWN,56.71,138.95,31.91,-28.1,51.0,53.27,1.7916,HIGH,-,65.851,65.2104,56.3096,1,133.0255,TREND+LEAD,43.902
158,0,RCUS,ARCUS BIOSCIENCES INC,Health Care,,mid,24.25,2.2502,1.0464,1.0018,1.0805,FLAT,46.08,214.53,63.41,-27.78,55.82,64.78,,LOW,-,22.141,21.6504,17.7729,1,184.8545,TREND+LEAD,43.8491
159,0,ASML,ASML Holding,Technology,Industrial Machinery,large,1459.8,1.6865,0.9401,0.9899,1.0451,STRONG_DOWN,43.62,135.73,67.03,-17.85,57.83,45.43,1.0071,MED,-,1384.663,1398.8173,1082.6045,1,172.7767,TREND+LEAD,43.8166
160,1,STT,State Street Corporation,Financials,Asset Management & Custody Banks,large,145.43,1.3266,0.9921,1.1216,1.1108,FLAT,30.47,85.42,111.83,-11.79,63.45,30.23,1.214,MED,-,131.7958,128.1893,119.262,1,179.2896,TREND+LEAD,43.5501
161,0,TXG,10X GENOMICS INC CLASS A,Health Care,,mid,26.08,2.4295,1.0686,1.3148,1.2345,FLAT,110.66,239.58,-9.91,-28.03,51.0,66.94,0.7989,LOW,-,22.0815,20.603,16.4556,1,182.5329,TREND+LEAD,43.5455
162,0,PTGX,PROTAGONIST THERAPEUTICS INC,Health Care,,mid,105.98,1.6555,1.0494,0.9658,1.2555,FLAT,39.94,131.4,320.22,-16.38,56.22,41.57,1.2635,MED,-,102.2523,94.6351,77.3167,1,177.7041,TREND+LEAD,43.5426
163,1,REZI,RESIDEO TECHNOLOGIES INC,Industrials,,mid,40.28,1.839,1.018,1.1095,1.0329,FLAT,-2.73,157.05,109.79,-35.21,55.82,50.94,0.9003,LOW,-,36.0115,35.9552,34.8512,1,172.0971,TREND+LEAD,43.3519
164,1,OUT,OUTFRONT MEDIA INC,Real Estate,,mid,30.01,1.5912,0.9906,1.0458,1.1687,STRONG_DOWN,75.93,122.42,130.08,-11.25,54.22,31.08,0.6541,LOW,-,27.7665,27.2105,21.6711,1,213.5619,TREND+LEAD,43.3073
165,1,INSW,INTERNATIONAL SEAWAYS INC,Energy,,mid,76.47,1.8224,0.9823,1.0211,1.3585,STRONG_DOWN,79.32,154.73,80.25,-13.84,54.62,40.49,0.763,LOW,-,73.1335,69.0381,51.5076,1,208.7256,TREND+LEAD,43.256
166,1,VTRS,Viatris,Health Care,Pharmaceuticals,large,14.68,1.4521,1.0255,1.0076,1.1183,FLAT,48.29,102.96,44.24,-18.97,56.63,35.7,1.1124,MED,-,13.541,14.3257,11.4553,1,163.3263,TREND+LEAD,43.2314
167,1,CALY,CALLAWAY GOLF COMPANY,Consumer Discretionary,,mid,15.36,1.7224,1.06,1.0389,0.9854,STRONG_UP,66.23,140.75,-0.32,-24.56,53.01,53.63,1.8413,HIGH,-,13.9375,13.9324,11.4399,1,139.1251,TREND+LEAD,43.2147
168,1,VLO,Valero Energy,Energy,Oil & Gas Refining & Marketing,large,223.65,1.5133,0.8926,0.8561,1.1914,FLAT,44.79,111.53,45.89,-14.19,55.02,40.15,1.8749,HIGH,-,241.379,224.3646,177.1526,1,152.8302,TREND+LEAD,43.1622
169,1,ADEA,ADEIA INC,Information Technology,,mid,28.93,1.7993,1.0453,1.1431,1.4505,STRONG_DOWN,75.28,151.49,206.19,-34.81,51.0,50.5,1.1689,MED,-,25.655,22.5283,17.1248,1,152.9936,TREND+LEAD,43.1577
170,1,MCHP,Microchip Technology,Information Technology,Semiconductors,large,78.76,1.4718,1.0346,1.1531,1.0301,FLAT,22.32,105.72,-1.28,-34.41,50.6,40.49,1.1817,MED,-,68.318,70.4167,66.5945,1,132.1171,TREND+LEAD,43.1163
171,1,ELVN,ENLIVEN THERAPEUTICS INC,Health Care,,mid,48.11,2.122,1.0605,1.4835,1.7495,STRONG_DOWN,121.2,196.61,172.27,-36.84,51.0,67.6,1.1676,MED,-,39.9535,32.9822,23.7703,1,148.3294,TREND+LEAD,43.0143
172,1,MRVL,Marvell Technology,Technology,Semiconductors,large,139.69,2.0293,1.0279,1.4464,1.6872,STRONG_DOWN,58.52,183.65,115.41,-26.36,53.01,65.1,1.275,MED,-,110.7981,94.0034,84.0424,1,149.5457,TREND+LEAD,42.7179
173,1,OLMA,OLEMA PHARMACEUTICALS INC,Health Care,,small,16.82,2.5334,1.0201,1.0418,0.602,FLAT,75.21,254.11,69.9,-62.55,49.4,80.16,0.5016,LOW,-,15.166,18.8146,15.3386,1,156.5968,TREND+LEAD,42.6058
174,1,IVZ,Invesco,Financials,Asset Management & Custody Banks,large,24.81,1.4829,0.9864,0.9862,0.8252,STRONG_UP,10.66,107.27,77.51,-22.03,57.03,41.09,1.0285,MED,-,23.911,24.7329,23.5315,1,148.8892,TREND+LEAD,42.5892
175,2,MXL,MAXLINEAR INC,Information Technology,,small,26.27,1.8965,1.191,1.4235,1.3221,FLAT,50.37,165.09,29.6,-26.81,55.42,61.08,3.4747,HIGH,-,19.1735,18.3016,16.8801,1,149.788,TREND+LEAD,42.3876
176,2,SEI,SOLARIS OILFIELD INFRASTRUCTURE IN,Energy,,mid,65.62,2.6832,1.025,0.9229,1.1235,FLAT,21.72,275.04,727.55,-26.43,51.81,80.29,0.5852,LOW,-,60.2465,55.9051,45.3395,1,177.4803,TREND+LEAD,42.339
177,2,RGTI,RIGETTI COMPUTING INC,Information Technology,,mid,19.81,1.7476,1.265,1.1911,0.7511,STRONG_UP,-58.7,144.27,1593.16,-77.1,49.8,89.92,1.3141,MED,SHIFT,15.2895,16.0925,22.6565,0,79.8984,WEAK,42.1847
178,2,CMRE,COSTAMARE INC,Industrials,,mid,17.47,1.4761,0.9617,0.9511,1.0941,FLAT,52.31,106.32,70.32,-26.33,57.03,33.73,0.5297,LOW,-,17.1645,16.9536,13.9746,1,179.7674,TREND+LEAD,42.1633
179,2,RIG,TRANSOCEAN LTD,Energy,,mid,5.94,1.9951,0.8643,0.852,1.364,FLAT,83.9,178.87,7.03,-23.19,54.62,61.26,1.0123,MED,-,6.5285,6.3124,4.2994,1,159.4851,TREND+LEAD,42.1157
180,2,EWTX,EDGEWISE THERAPEUTICS INC,Health Care,,mid,34.43,1.8521,0.983,1.0616,1.221,STRONG_DOWN,124.74,158.87,122.85,-25.43,51.41,44.23,0.8677,LOW,-,32.257,30.7218,21.6905,1,184.6624,TREND+LEAD,42.04
181,2,IONQ,IONQ INC,Information Technology,,large,46.09,1.3722,1.4963,1.3388,0.8813,STRONG_UP,-29.73,91.8,525.37,-67.61,47.39,105.69,1.9764,HIGH,SHIFT,32.098,33.4116,46.4853,0,41.1628,WEAK,41.9294
182,2,ROG,ROGERS CORP,Information Technology,,small,122.34,1.6193,0.9928,1.1067,1.1992,STRONG_DOWN,43.2,126.35,14.96,-14.4,53.82,36.86,1.2231,MED,-,110.7835,108.087,89.1762,1,184.4802,TREND+LEAD,41.8196
183,2,ESE,ESCO TECHNOLOGIES INC,Industrials,,mid,314.92,1.539,0.9601,1.0948,1.3998,STRONG_DOWN,46.46,115.12,220.4,-12.91,55.02,39.46,1.6312,HIGH,-,292.9075,279.9518,224.8532,1,160.5128,TREND+LEAD,41.7849
184,2,APA,APA Corporation,Energy,Oil & Gas Exploration & Production,large,35.74,1.7349,0.8744,0.8701,1.3594,FLAT,58.63,142.5,20.17,-19.49,51.81,47.91,1.4477,MED,-,40.3055,34.5414,25.7262,1,154.0971,TREND+LEAD,41.7035
185,2,ADTN,ADTRAN HOLDINGS INC,Information Technology,,small,16.96,1.6899,1.0946,1.3206,1.7809,STRONG_DOWN,80.23,136.21,258.56,-31.67,53.82,49.96,2.1663,HIGH,-,13.7195,11.6186,9.6789,1,146.7357,TREND+LEAD,41.5406
186,2,ENS,ENERSYS,Industrials,,mid,199.0,1.7974,0.9879,1.0938,1.1514,STRONG_DOWN,61.07,151.23,124.68,-20.08,59.84,47.86,0.7591,LOW,-,181.5555,173.4695,136.3522,1,189.0881,TREND+LEAD,41.4405
187,52,GS,Goldman Sachs,Financials,Investment Banking & Brokerage,large,925.95,1.3487,1.0043,1.0599,0.9398,FLAT,23.39,88.51,139.63,-19.42,59.44,34.33,1.1431,MED,-,864.903,868.1017,813.9786,1,153.2555,TREND+LEAD,41.3676
188,1,REX,REX AMERICAN RESOURCES CORP,Energy,,small,43.05,1.5266,0.9655,0.9806,1.2449,STRONG_DOWN,33.16,113.38,55.7,-9.83,57.43,38.87,1.9522,HIGH,-,43.745,39.3738,33.1098,1,167.522,TREND+LEAD,41.2481
189,1,OUST,OUSTER INC,Information Technology,,small,24.26,2.5751,1.0712,1.0674,0.8939,STRONG_UP,-23.03,259.94,247.07,-55.15,51.41,85.59,0.8572,LOW,-,20.4945,20.3106,25.1946,0,156.1345,WEAK,41.2297
190,1,NXT,NEXTPOWER INC CLASS A,Industrials,,large,111.39,2.0288,0.9648,0.8692,1.1228,FLAT,27.19,183.58,150.15,-23.27,52.61,67.44,1.4346,MED,-,115.65,114.9889,89.9055,1,143.2105,TREND+LEAD,41.2105
191,1,NE,NOBLE CORPORATION PLC,Energy,,mid,46.77,1.8036,0.9129,0.9076,1.4051,FLAT,74.87,152.1,17.2,-16.56,52.21,42.16,0.8876,LOW,-,48.9355,46.2328,33.1542,1,188.3622,TREND+LEAD,41.1939
192,1,TDW,TIDEWATER INC,Energy,,mid,85.25,1.8349,0.9378,1.0634,1.4413,STRONG_DOWN,73.91,156.47,-3.98,-25.16,54.22,47.34,0.9922,LOW,-,82.882,78.2336,60.5442,1,179.2079,TREND+LEAD,41.0019
193,1,LIND,LINDBLAD EXPEDITIONS HOLDINGS INC,Consumer Discretionary,,small,20.96,1.8559,1.0536,1.1016,1.2544,STRONG_DOWN,76.73,159.41,185.17,-23.67,55.02,51.73,1.4665,MED,-,18.3575,18.7826,14.7347,1,169.5441,TREND+LEAD,40.8306
194,1,SXI,STANDEX INTERNATIONAL CORP,Industrials,,mid,278.4,1.5314,0.9873,0.9976,1.0832,STRONG_DOWN,18.62,114.06,69.09,-12.72,53.82,35.17,1.2487,MED,-,261.7345,258.6197,225.9511,1,174.5398,TREND+LEAD,40.7184
195,1,PBF,PBF ENERGY INC CLASS A,Energy,,mid,37.16,1.7967,0.8836,0.7353,1.232,FLAT,32.62,151.14,-27.95,-34.86,55.82,72.15,1.5847,HIGH,-,45.1525,41.1167,32.1378,1,116.9334,TREND+LEAD,40.7082
196,1,KLIC,KULICKE AND SOFFA INDUSTRIES INC,Information Technology,,mid,81.88,2.0284,1.0145,1.1364,1.3863,STRONG_DOWN,107.61,183.52,84.44,-17.99,56.22,62.81,1.0266,MED,-,70.6505,69.2687,48.7447,1,164.2681,TREND+LEAD,40.5469
197,1,C,Citigroup,Financials,Diversified Banks,large,132.18,1.5477,1.0113,1.1149,1.0933,FLAT,38.85,116.33,140.57,-14.76,58.23,37.61,0.832,LOW,-,118.838,114.8334,104.6347,1,180.106,TREND+LEAD,40.4755
198,1,HG,HAMILTON INSURANCE GROUP LTD CLASS,Financials,,mid,32.03,1.3699,1.0021,1.0521,1.2726,STRONG_DOWN,45.66,91.48,146.23,-8.08,55.42,24.97,0.7622,LOW,-,30.198,29.2796,24.7184,1,203.0322,TREND+LEAD,40.4555
199,1,APEI,AMERICAN PUBLIC EDUCATION INC,Consumer Discretionary,,small,60.6,1.9398,1.023,1.0299,1.4646,STRONG_DOWN,63.78,171.14,385.97,-22.3,57.43,51.44,0.5739,LOW,-,57.475,51.0164,38.9213,1,191.0697,TREND+LEAD,40.4395
200,1,SLS,SELLAS LIFE SCIENCES GROUP INC,Health Care,,small,5.22,2.895,1.0595,0.9301,1.2739,FLAT,141.67,304.65,243.42,-36.53,50.6,90.99,0.9012,LOW,-,4.7415,4.6934,2.8297,1,169.4181,TREND+LEAD,40.4228
201,1,LUNR,INTUITIVE MACHINES INC CLASS A,Industrials,,mid,27.58,2.8028,1.0916,1.3514,1.2414,FLAT,133.14,291.76,419.4,-41.88,53.82,130.95,1.1252,MED,-,21.695,19.2704,13.9476,1,119.9129,TREND+LEAD,40.2518
202,1,MIRM,MIRUM PHARMACEUTICALS INC,Health Care,,mid,97.95,1.8254,0.9808,1.0004,1.0449,STRONG_DOWN,31.62,155.14,315.57,-20.55,55.82,47.65,0.5495,LOW,-,93.4985,95.374,77.5429,1,181.7454,TREND+LEAD,40.2236
203,1,IBKR,Interactive Brokers,Financials,Investment Banking & Brokerage,large,81.71,1.531,1.0589,1.1185,1.083,FLAT,19.53,114.0,198.96,-18.7,57.03,44.07,1.0098,MED,-,70.4765,70.9429,67.3274,1,147.5274,TREND+LEAD,40.0118
204,1,CTLP,CANTALOUPE INC,Financials,,small,10.83,1.0485,0.9608,0.9584,0.9686,FLAT,2.27,46.55,75.53,-10.26,46.18,13.58,1.9977,HIGH,-,10.746,10.537,10.6988,1,158.2954,TREND+LEAD,39.995
205,1,SNDX,SYNDAX PHARMACEUTICALS INC,Health Care,,mid,24.23,1.453,0.9654,0.9355,1.1469,FLAT,61.0,103.1,18.25,-38.3,51.81,41.83,1.1914,MED,-,24.167,22.781,17.818,1,127.6998,TREND+LEAD,39.9605
206,1,NG,NOVAGOLD RESOURCES INC,Materials,,mid,10.94,2.5167,1.0807,1.2831,1.0626,FLAT,5.19,251.77,256.35,-45.56,54.22,101.08,0.6504,LOW,-,9.026,10.2458,8.6184,1,135.0503,TREND+LEAD,39.8046
207,1,FCFS,FIRSTCASH HOLDINGS INC,Financials,,mid,206.77,1.2419,0.9769,1.0166,1.1765,STRONG_DOWN,31.08,73.59,64.52,-12.75,56.63,27.36,1.5507,HIGH,-,196.639,191.1964,161.0818,1,152.3221,TREND+LEAD,39.7651
208,1,TXNM,TXNM ENERGY INC,Utilities,,mid,58.97,0.8433,0.9643,0.9374,0.9752,FLAT,4.99,17.87,74.51,-2.3,51.81,4.42,0.5639,LOW,-,58.7565,58.8694,57.3444,1,209.4492,TREND_ONLY,39.7525
209,1,DBD,DIEBOLD NIXDORF INC,Information Technology,,mid,88.77,1.5643,1.0043,1.1472,1.2334,STRONG_DOWN,56.29,118.65,176.89,-13.97,57.83,36.29,0.6094,LOW,-,79.8015,77.919,66.0638,1,189.0675,TREND+LEAD,39.6516
210,1,KW,KENNEDY WILSON HOLDINGS INC,Real Estate,,small,10.89,1.2966,0.9661,0.9403,1.0695,FLAT,44.02,81.23,44.28,-17.27,49.8,21.47,0.3885,LOW,-,10.8477,10.6523,9.0242,1,188.4198,TREND+LEAD,39.5648
211,1,MAZE,MAZE THERAPEUTICS INC,Health Care,,small,28.09,2.2011,0.9898,0.5266,0.6692,FLAT,-1.27,207.67,76.11,-48.51,52.61,91.46,1.6691,HIGH,-,31.6685,40.8812,31.4756,0,119.4551,WEAK,39.5448
212,0,APH,Amphenol,Information Technology,Electronic Components,large,151.06,1.7116,1.0047,1.0734,0.9523,FLAT,19.07,139.23,176.88,-28.19,60.24,57.0,0.6736,LOW,-,133.5705,137.2711,128.2853,1,147.1491,TREND+LEAD,39.4786
213,0,HWM,Howmet Aerospace,Industrials,Aerospace & Defense,large,255.69,1.5349,0.9645,1.0171,1.105,STRONG_DOWN,33.55,114.55,304.85,-15.89,56.63,36.59,,LOW,-,241.639,244.7072,206.9389,1,177.2814,TREND+LEAD,39.4531
214,0,AMRC,AMERESCO INC CLASS A,Industrials,,small,25.87,2.1372,1.007,0.8934,0.7582,STRONG_UP,-39.29,198.73,39.39,-44.48,52.61,66.14,0.6162,LOW,-,25.89,28.18,29.1229,0,158.0764,WEAK,39.4491
215,0,CBL,CBL ASSOCIATES PROPERTIES INC,Real Estate,,small,43.86,1.4552,1.0118,1.0727,1.1976,STRONG_DOWN,55.08,103.4,138.8,-12.31,56.22,29.54,0.6135,LOW,-,40.0688,38.0859,32.6757,1,196.783,TREND+LEAD,39.4149
216,0,GH,GUARDANT HEALTH INC,Health Care,,large,90.36,1.5172,1.0619,0.9399,0.7827,STRONG_UP,33.93,112.06,442.05,-32.98,53.41,54.13,1.2043,MED,-,87.3835,92.565,81.6833,1,110.5723,TREND+LEAD,39.2888
217,0,ZYME,ZYMEWORKS INC,Health Care,,small,27.8,1.6927,1.0263,1.078,1.1505,STRONG_DOWN,49.87,136.6,220.65,-20.28,53.82,39.25,0.7218,LOW,-,25.6565,24.3881,20.3134,1,187.3015,TREND+LEAD,39.2408
218,0,DXPE,DXP ENTERPRISES INC,Industrials,,mid,159.37,1.4808,0.9868,1.1259,1.249,STRONG_DOWN,40.8,106.97,217.79,-32.99,53.82,42.06,1.1613,MED,-,144.7365,143.45,120.0749,1,136.884,TREND+LEAD,39.2399
219,0,APGE,APOGEE THERAPEUTICS INC,Health Care,,mid,92.2,2.008,1.027,1.2472,1.1088,FLAT,72.66,180.67,90.69,-26.99,51.41,66.72,1.0484,MED,-,82.75,74.8119,59.4977,1,139.2121,TREND+LEAD,39.1762
220,0,WT,WISDOMTREE INC,Financials,,mid,17.46,1.563,1.0298,1.1673,1.1208,FLAT,35.94,118.48,103.52,-26.67,55.02,46.53,1.0004,MED,-,15.172,15.7989,13.7133,1,140.0934,TREND+LEAD,39.0438
221,0,RMBS,RAMBUS INC,Information Technology,,large,126.93,2.0615,1.0837,1.243,1.1417,FLAT,29.32,188.15,124.81,-36.69,54.22,80.98,0.8532,LOW,-,100.3495,98.4852,92.7027,1,125.9754,TREND+LEAD,38.8493
222,0,PLUG,PLUG POWER INC,Industrials,,mid,2.78,2.5176,0.9696,1.0733,1.1442,STRONG_DOWN,-20.11,251.9,2.58,-56.66,44.58,95.22,0.9357,LOW,-,2.5105,2.238,2.1945,1,117.9337,TREND+LEAD,38.7343
223,0,INSM,Insmed Incorporated,Health Care,Biotechnology,large,144.48,1.4871,0.9236,0.9297,0.8694,FLAT,-11.47,107.85,482.58,-35.67,55.82,45.12,0.8294,LOW,EARLY,152.2215,149.7484,153.3352,0,133.4323,WEAK,38.6497
224,0,GRC,GORMAN-RUPP,Industrials,,small,68.26,1.5314,0.9139,1.0453,1.2562,STRONG_DOWN,48.63,114.06,96.32,-14.39,55.82,42.21,1.7005,HIGH,-,65.0005,64.0778,49.8368,1,150.8331,TREND+LEAD,38.565
225,0,NUE,Nucor,Materials,Steel,large,195.87,1.3336,0.9977,1.1245,1.0947,FLAT,48.66,86.41,5.95,-18.43,54.62,28.98,0.726,LOW,-,175.24,175.8304,155.8841,1,162.8558,TREND+LEAD,38.5515
226,0,STNG,SCORPIO TANKERS INC,Energy,,mid,75.21,1.615,0.9505,1.0076,1.2436,STRONG_DOWN,35.73,125.74,15.83,-23.26,55.42,41.32,0.8548,LOW,-,74.303,72.8009,58.4578,1,168.6498,TREND+LEAD,38.4886
227,0,IESC,IES INC,Industrials,,mid,537.58,2.2938,0.9628,1.0956,1.1349,STRONG_DOWN,40.13,220.62,363.95,-21.8,53.82,80.71,1.0852,MED,-,496.468,484.3178,407.9885,1,147.115,TREND+LEAD,38.3837
228,0,CHRW,C.H. Robinson,Industrials,Air Freight & Logistics,large,182.24,1.4882,1.0676,0.966,1.0105,FLAT,45.72,108.02,172.57,-19.18,54.62,48.74,1.5386,HIGH,-,168.74,176.656,148.2762,1,121.0464,TREND+LEAD,38.3455
229,-1,NATL,NCR ATLEOS CORP,Financials,,mid,45.69,1.37,0.9929,0.9873,1.1114,FLAT,24.02,91.49,117.68,-15.31,55.82,37.36,1.7047,HIGH,-,43.895,43.3886,38.2678,1,136.6993,TREND+LEAD,38.3427
230,-1,DGII,DIGI INTERNATIONAL INC,Information Technology,,small,54.98,1.5082,0.9637,1.0382,1.2123,STRONG_DOWN,43.93,110.81,85.74,-13.49,56.22,37.07,1.0119,MED,-,51.2955,49.8014,41.0908,1,168.0577,TREND+LEAD,38.315
231,-1,ANET,Arista Networks,Information Technology,Communications Equipment,large,164.23,1.7363,1.0437,1.1168,1.2287,STRONG_DOWN,12.48,142.69,155.42,-28.33,59.04,58.03,0.8706,LOW,-,137.5495,136.1816,134.2434,1,145.176,TREND+LEAD,38.2755
232,-1,BKD,BROOKDALE SENIOR LIVING INC,Health Care,,mid,13.74,1.6746,0.9761,0.9004,1.0939,FLAT,58.66,134.07,110.74,-20.1,58.23,46.81,0.5713,LOW,-,13.819,14.6532,10.6554,1,166.7803,TREND+LEAD,38.2542
233,-1,TEL,TE Connectivity,Information Technology,Electronic Manufacturing Services,large,246.14,1.3828,1.0148,1.1496,0.995,FLAT,10.13,93.29,80.21,-21.11,60.64,42.17,1.1982,MED,-,216.8445,217.4466,217.489,1,134.146,TREND+LEAD,38.2527
234,-1,NTRS,Northern Trust,Financials,Asset Management & Custody Banks,large,159.16,1.3452,0.9986,1.0861,1.068,FLAT,29.26,88.03,106.99,-12.39,57.03,29.07,0.9274,LOW,-,145.6385,143.7953,134.2602,1,172.6924,TREND+LEAD,38.1752
235,-1,KGS,KODIAK GAS SERVICES INC,Energy,,mid,63.25,1.4504,0.9738,1.0226,1.6444,STRONG_DOWN,90.11,102.73,164.26,-15.95,57.03,37.31,1.0433,MED,-,59.6125,55.8627,39.864,1,157.0273,TREND+LEAD,38.1717
236,-1,NVDA,Nvidia,Information Technology,Semiconductors,large,201.68,1.4892,1.0293,1.0466,1.052,STRONG_DOWN,10.94,108.16,138.33,-20.21,55.82,37.42,0.866,LOW,-,181.4385,183.292,181.7573,1,161.3434,TREND+LEAD,38.1092
237,-1,RIOT,RIOT PLATFORMS INC,Information Technology,,mid,18.11,2.0598,1.0073,1.1867,0.9143,FLAT,-7.37,187.92,118.46,-48.57,52.21,98.44,1.0702,MED,-,14.9348,15.038,15.4805,1,99.6664,TREND+LEAD,37.778
238,-1,PUMP,PROPETRO HOLDING CORP,Energy,,small,13.96,2.0136,0.9689,0.8799,1.3178,FLAT,172.66,181.45,65.4,-32.74,48.59,55.02,0.7875,LOW,-,14.2225,13.105,8.9324,1,160.246,TREND+LEAD,37.628
239,-1,TRVI,TREVI THERAPEUTICS INC,Health Care,,small,15.23,1.81,1.1039,1.3189,1.4116,STRONG_DOWN,43.27,152.99,467.23,-29.5,51.81,61.16,4.9504,HIGH,-,12.505,11.8288,10.2859,1,129.6013,TREND+LEAD,37.3454
240,0,ORCL,Oracle Corporation,Information Technology,Application Software,large,175.06,1.03,1.0868,1.0466,0.893,STRONG_UP,-43.73,43.96,54.13,-58.25,52.61,59.4,1.515,HIGH,SHIFT,150.0347,151.1193,214.053,0,38.9383,WEAK,37.1686
241,0,AXSM,AXSOME THERAPEUTICS INC,Health Care,,mid,188.99,1.3127,1.0239,1.1022,1.0355,FLAT,51.19,83.49,187.57,-18.5,55.02,32.26,1.2585,MED,-,170.663,170.4691,143.5323,1,142.3859,TREND+LEAD,36.9113
242,0,CAPR,CAPRICOR THERAPEUTICS INC,Health Care,,small,34.7,2.0827,0.9706,1.0315,1.3842,STRONG_DOWN,463.31,191.11,587.13,-67.67,49.4,75.11,0.5723,LOW,-,31.4435,29.2038,16.5826,1,125.6917,TREND+LEAD,36.8377
243,0,LGND,LIGAND PHARMACEUTICALS INC,Health Care,,mid,231.82,1.5824,1.0493,1.0205,1.1669,FLAT,28.24,121.18,219.66,-13.21,53.41,38.15,0.7516,LOW,-,207.768,201.7588,181.6017,1,169.6537,TREND+LEAD,36.8213
244,0,JCI,Johnson Controls,Industrials,Building Products,large,140.87,1.3628,0.953,0.9796,1.1976,STRONG_DOWN,29.2,90.49,126.75,-12.71,59.04,31.74,0.5722,LOW,-,135.787,136.9652,117.7852,1,168.3157,TREND+LEAD,36.6295
245,0,AUPH,AURINIA PHARMACEUTICALS INC,Health Care,,mid,16.05,1.499,0.9655,1.057,1.0498,FLAT,38.96,109.53,233.68,-15.91,51.0,33.93,0.7222,LOW,-,15.2685,14.7462,13.4045,1,164.634,TREND+LEAD,36.5831
246,0,ICHR,ICHOR HOLDINGS LTD,Information Technology,,small,65.75,2.7333,1.0505,1.1918,2.1445,STRONG_DOWN,189.27,282.05,74.96,-40.8,57.03,108.11,0.623,LOW,-,52.674,48.054,27.1468,1,148.7841,TREND+LEAD,36.5538
247,0,PH,Parker Hannifin,Industrials,Industrial Machinery & Supplies & Components,large,988.8,1.3045,0.9655,1.018,1.019,STRONG_DOWN,36.72,82.34,87.41,-15.79,57.03,29.11,0.9847,LOW,-,933.2225,955.1894,838.3174,1,161.3196,TREND+LEAD,36.4316
248,0,CMPR,CIMPRESS PLC,Industrials,,small,81.18,1.4022,1.0018,1.0673,0.9889,FLAT,23.49,95.99,-8.09,-17.5,52.21,33.53,1.3653,MED,-,75.2665,73.5606,66.5653,1,149.4708,TREND+LEAD,36.3002
249,0,GTX,GARRETT MOTION INC,Consumer Discretionary,,mid,19.91,1.6359,0.9941,1.0602,1.0506,FLAT,56.68,128.66,120.57,-19.87,49.8,41.02,0.8332,LOW,-,18.5695,18.8946,15.8277,1,156.202,TREND+LEAD,36.1926
250,0,AMRX,AMNEAL PHARMACEUTICALS INC CLASS A,Health Care,,mid,13.91,1.3957,1.0475,1.0445,1.0075,STRONG_UP,40.93,95.09,159.51,-22.12,54.22,34.82,0.7047,LOW,-,12.514,13.2667,11.3572,1,148.0713,TREND+LEAD,36.1555
251,0,LIVN,LIVANOVA PLC,Health Care,,mid,67.12,1.3875,1.0041,0.9789,1.0497,FLAT,24.55,93.93,27.22,-17.66,51.0,29.99,0.9264,LOW,-,63.7285,64.8294,57.7003,1,159.7383,TREND+LEAD,36.1183
252,0,TSLA,"Tesla, Inc.",Consumer Discretionary,Automobile Manufacturers,large,400.62,1.2598,1.0983,0.9761,0.8894,STRONG_UP,-6.56,76.1,167.2,-29.93,53.82,40.37,1.4282,MED,-,367.7995,390.3326,398.8674,1,101.4497,TREND+LEAD,36.1045
253,0,TK,TEEKAY CORPORATION CORP LTD,Energy,,small,12.97,1.6237,1.0057,1.0298,1.3028,STRONG_DOWN,57.02,126.95,140.32,-16.68,53.41,39.1,0.979,LOW,-,12.315,11.9922,9.5647,1,173.4085,TREND+LEAD,36.0536
254,0,ROST,Ross Stores,Consumer Discretionary,Apparel Retail,large,227.82,1.215,0.9962,1.0021,1.1528,STRONG_DOWN,47.43,69.82,76.43,-17.68,57.43,25.77,0.9266,LOW,-,218.686,209.1281,171.9441,1,155.6042,TREND+LEAD,36.0418
255,0,RSI,RUSH STREET INTERACTIVE INC CLASS,Consumer Discretionary,,mid,22.89,1.4454,1.032,0.9986,1.152,FLAT,12.81,102.03,272.2,-29.47,53.01,44.63,1.0207,MED,-,21.852,20.2358,19.0433,1,121.1878,TREND+LEAD,36.0168
256,0,SNEX,STONEX GROUP INC,Financials,,mid,106.03,1.4525,1.0309,1.4214,1.4264,STRONG_DOWN,58.76,103.02,268.05,-20.91,60.24,44.77,1.0083,MED,-,86.7537,82.3185,68.9685,1,138.6164,TREND+LEAD,36.0108
257,0,HAS,Hasbro,Consumer Discretionary,Leisure Products,large,97.15,1.3969,1.0148,0.9853,1.1023,FLAT,32.7,95.25,91.37,-15.8,53.82,33.32,0.7522,LOW,-,91.965,95.2769,82.6554,1,153.8466,TREND+LEAD,36.0077
258,0,CVNA,Carvana,Consumer Discretionary,Automotive Retail,large,387.53,1.4158,1.0421,1.2206,0.8495,FLAT,12.42,97.89,444.67,-41.21,57.43,68.22,1.2178,MED,-,325.9225,331.5572,365.4531,1,82.4081,TREND+LEAD,35.9315
259,0,ODC,OIL DRI CORPORATION OF AMERICA,Consumer Staples,,small,73.41,1.2815,0.9817,1.125,1.2936,STRONG_DOWN,25.04,79.13,121.43,-32.73,57.43,28.89,,LOW,-,67.3735,65.6145,59.3965,1,157.2958,TREND+LEAD,35.9064
260,0,SYF,Synchrony Financial,Financials,Consumer Finance,large,78.34,1.2083,1.0257,1.1081,0.9528,FLAT,12.43,68.89,99.31,-27.61,56.22,35.18,1.1516,MED,-,70.2195,69.809,73.4386,1,110.0934,TREND+LEAD,35.9004
261,0,PLPC,PREFORMED LINE PRODUCTS,Industrials,,small,318.6,1.7045,0.9878,1.1247,1.2538,STRONG_DOWN,40.33,138.24,167.29,-22.33,58.63,55.39,1.225,MED,-,291.8877,273.2142,219.5022,1,146.33,TREND+LEAD,35.8713
262,0,JBHT,J.B. Hunt,Industrials,Cargo Ground Transportation,large,245.08,1.3945,1.0403,1.1343,1.1671,STRONG_DOWN,45.2,94.92,52.42,-15.87,51.41,35.71,1.1599,MED,-,217.525,218.8286,178.2264,1,136.648,TREND+LEAD,35.5714
263,0,MS,Morgan Stanley,Financials,Investment Banking & Brokerage,large,188.82,1.3049,1.0071,1.1035,0.9753,FLAT,19.37,82.4,121.94,-18.83,59.84,33.99,0.8934,LOW,-,171.6445,169.2348,162.2559,1,145.0599,TREND+LEAD,35.5248
264,0,KMT,KENNAMETAL INC,Industrials,,mid,38.95,1.548,0.951,1.0259,1.1176,STRONG_DOWN,77.43,116.37,72.19,-22.3,54.22,41.05,0.4967,LOW,-,36.996,38.2961,28.4262,1,153.7036,TREND+LEAD,35.4946
265,0,MTRN,MATERION CORP,Materials,,mid,181.95,1.6397,1.0506,1.245,1.2124,FLAT,42.63,129.19,53.46,-20.73,54.62,53.88,1.2263,MED,-,152.6515,151.5502,126.4842,1,130.9644,TREND+LEAD,35.4748
266,0,AIR,AAR CORP,Industrials,,mid,123.04,1.7253,0.9604,1.0439,1.1373,STRONG_DOWN,48.49,141.16,95.21,-15.71,55.42,48.1,0.8698,LOW,-,114.478,113.2374,90.4386,1,162.6425,TREND+LEAD,35.4243
267,0,SDRL,SEADRILL LTD,Energy,,mid,46.17,1.6417,0.9245,0.953,1.2916,STRONG_DOWN,57.09,129.47,-5.62,-16.54,53.41,42.98,0.6916,LOW,-,46.1155,44.2296,34.844,1,160.8925,TREND+LEAD,35.2732
268,0,NDSN,Nordson Corporation,Industrials,Industrial Machinery & Supplies & Components,large,281.89,1.1546,0.9793,0.9775,1.01,FLAT,22.3,61.38,11.75,-14.15,57.43,22.98,0.8305,LOW,-,269.7235,278.1346,243.6488,1,153.4048,TREND+LEAD,35.2447
269,0,KEYS,Keysight Technologies,Information Technology,Electronic Equipment & Instruments,large,334.34,1.8137,0.9756,1.0675,1.5161,STRONG_DOWN,105.86,153.52,127.61,-14.0,59.44,58.39,0.7293,LOW,-,303.064,282.8142,207.2472,1,156.279,TREND+LEAD,35.1578
270,0,LMND,LEMONADE INC,Financials,,mid,70.94,1.9725,1.1668,1.0185,0.8677,STRONG_UP,49.19,175.71,350.99,-47.7,50.6,86.57,0.5233,LOW,-,62.4865,60.7626,61.6884,1,102.7018,TREND+LEAD,35.1533
271,0,FCX,Freeport-McMoRan,Materials,Copper,large,70.21,1.5422,0.9993,1.2159,1.1641,FLAT,69.16,115.56,43.63,-24.9,57.83,51.29,0.8755,LOW,-,61.5538,62.0048,49.6482,1,130.293,TREND+LEAD,35.1532
272,0,MATX,MATSON INC,Industrials,,mid,176.55,1.3531,0.9889,1.0343,1.1751,STRONG_DOWN,89.12,89.13,72.52,-25.28,54.62,33.09,0.7566,LOW,-,166.6415,163.3012,125.3085,1,147.125,TREND+LEAD,35.0206
273,0,NEM,Newmont,Materials,Gold,large,116.5,1.5293,0.9661,1.0882,0.9936,FLAT,19.14,113.76,213.16,-27.25,60.24,55.07,0.6412,LOW,-,109.972,115.1428,92.7435,1,124.4348,TREND+LEAD,34.9599
274,0,TNK,TEEKAY TANKERS LTD CLASS A,Energy,,mid,75.29,1.4305,0.9688,1.0249,1.2199,STRONG_DOWN,44.09,99.95,47.56,-18.88,55.42,40.66,1.2295,MED,-,73.5245,71.8442,57.6818,1,136.2304,TREND+LEAD,34.8641
275,0,DIOD,DIODES INC,Information Technology,,mid,94.84,1.937,1.0382,1.3094,1.619,STRONG_DOWN,70.12,170.74,40.01,-27.44,53.01,74.26,1.1688,MED,-,76.6765,70.5452,57.2259,1,121.8811,TREND+LEAD,34.8213
276,0,DOCN,DIGITALOCEAN HOLDINGS INC,Information Technology,,mid,85.63,2.3644,1.0358,0.9296,1.5765,FLAT,98.77,230.49,160.04,-24.11,52.21,86.0,0.9466,LOW,-,84.0155,71.9728,48.3671,1,139.929,TREND+LEAD,34.7966
277,0,JOE,ST JOE,Real Estate,,mid,68.32,1.2105,0.9763,0.9201,1.0172,FLAT,41.11,69.2,,-16.94,51.41,30.22,2.8464,HIGH,-,64.906,67.9702,58.0233,1,117.7298,TREND+LEAD,34.5608
278,0,KN,KNOWLES CORP,Information Technology,,mid,29.69,1.4854,0.9936,1.1102,1.1733,STRONG_DOWN,25.97,107.62,94.43,-15.32,55.42,37.64,,LOW,-,26.895,26.5684,23.1475,1,158.4599,TREND+LEAD,34.4454
279,0,PLAB,PHOTRONICS INC,Information Technology,,mid,48.38,1.9566,1.0235,1.2122,1.3609,STRONG_DOWN,106.84,173.49,85.44,-24.72,50.6,70.8,1.0406,MED,-,42.238,38.8152,28.664,1,123.9899,TREND+LEAD,34.4139
280,0,OMER,OMEROS CORP,Health Care,,small,13.44,1.4351,1.141,1.1199,1.087,STRONG_UP,36.72,100.6,318.69,-59.59,47.39,61.58,1.6967,HIGH,-,11.202,11.376,8.3103,1,77.4162,TREND+LEAD,34.4053
281,0,RL,Ralph Lauren Corporation,Consumer Discretionary,"Apparel, Accessories & Luxury Goods",large,386.88,1.3724,0.9915,1.0566,1.0379,FLAT,20.35,91.83,152.82,-14.94,52.61,37.85,1.0594,MED,-,355.5655,355.196,331.9488,1,127.6376,TREND+LEAD,34.3969
282,0,AHR,AMERICAN HEALTHCARE REIT INC,Real Estate,,mid,49.59,1.228,0.9952,0.9037,1.0087,FLAT,18.01,71.64,295.31,-11.77,58.23,26.29,0.6903,LOW,-,48.1461,50.2365,45.1153,1,158.6795,TREND+LEAD,34.3222
283,0,OIS,OIL STATES INTERNATIONAL INC,Energy,,small,10.22,2.1379,0.8476,0.7737,1.2136,FLAT,71.76,198.83,88.21,-28.98,53.01,72.76,0.5439,LOW,-,11.5095,11.5136,7.6022,1,144.8598,TREND+LEAD,34.284
284,0,IE,IVANHOE ELECTRIC INC,Materials,,small,15.4,1.8181,1.1021,1.255,0.8548,FLAT,-4.35,154.13,46.39,-45.93,55.82,78.85,1.2332,MED,-,12.5015,14.0376,13.2825,1,109.1095,TREND+LEAD,34.1826
285,0,IRMD,IRADIMED CORP,Health Care,,small,93.71,1.3398,0.9679,0.8696,0.8941,FLAT,24.35,87.27,138.63,-12.59,55.42,33.67,1.0378,MED,-,96.1355,98.8593,84.2004,1,143.645,TREND+LEAD,34.1503
286,0,ACLS,AXCELIS TECHNOLOGIES INC,Information Technology,,mid,118.73,1.878,1.0359,1.2628,1.2385,FLAT,41.99,162.5,20.84,-26.2,52.21,63.15,0.552,LOW,-,101.6025,91.8674,85.6541,1,134.3511,TREND+LEAD,34.1121
287,0,BFH,BREAD FINANCIAL HOLDINGS INC,Financials,,mid,90.58,1.4416,1.0913,1.1413,1.1968,STRONG_DOWN,58.26,101.51,181.4,-19.26,57.03,49.8,1.5206,HIGH,-,77.472,75.1775,67.4519,1,116.2423,TREND+LEAD,34.1031
288,0,SEZL,SEZZLE INC,Financials,,mid,80.71,1.4963,1.2719,1.129,1.1445,FLAT,7.76,109.15,724.27,-72.02,52.61,109.03,1.3018,MED,SHIFT,67.4895,67.5588,82.5663,0,52.6667,WEAK,34.102
289,0,MRNA,Moderna,Health Care,Biotechnology,large,53.72,1.5294,1.0241,0.9505,1.2474,FLAT,97.94,113.77,-47.33,-35.51,51.81,69.83,1.3815,MED,-,51.4165,50.3208,34.7998,1,84.4099,TREND+LEAD,34.0592
290,0,PPTA,PERPETUA RESOURCES CORP,Materials,,mid,33.9,1.8235,1.0665,1.1804,1.0217,FLAT,21.07,154.89,453.02,-32.86,55.42,82.31,1.1452,MED,-,28.691,30.1246,24.2743,1,104.2868,TREND+LEAD,33.8891
291,0,DD,DuPont,Materials,Specialty Chemicals,large,47.35,1.3746,0.9702,1.0081,1.0774,STRONG_DOWN,46.17,92.14,60.05,-17.31,53.41,34.21,0.6328,LOW,-,45.942,47.096,38.4801,1,143.8452,TREND+LEAD,33.8361
292,0,SANM,SANMINA CORP,Information Technology,,mid,174.09,1.7048,1.0957,1.2386,0.953,FLAT,30.78,138.28,199.02,-32.69,56.22,74.39,1.2362,MED,-,139.972,140.192,136.3201,1,104.5074,TREND+LEAD,33.8238
293,0,NUVB,NUVATION BIO INC CLASS A,Health Care,,small,5.08,1.8355,1.0443,1.1049,0.8435,FLAT,39.94,156.57,96.9,-57.55,52.21,71.38,0.4813,LOW,-,4.507,4.9078,4.8232,1,114.518,TREND+LEAD,33.8058
294,0,MLYS,MINERALYS THERAPEUTICS INC,Health Care,,mid,30.58,1.6524,1.0878,1.2171,0.9072,FLAT,-28.83,130.97,184.47,-51.66,47.79,65.71,0.8119,LOW,-,26.531,27.3908,30.318,1,95.2504,TREND+LEAD,33.7949
295,0,CRC,CALIFORNIA RESOURCES CORP,Energy,,mid,62.74,1.3504,0.9276,0.9241,1.2795,FLAT,35.77,88.76,24.32,-24.04,53.82,34.89,0.9123,LOW,-,66.36,62.1851,51.6262,1,136.9156,TREND+LEAD,33.7395
296,0,ROK,Rockwell Automation,Industrials,Electrical Components & Equipment,large,415.73,1.3307,0.985,1.0829,0.9752,FLAT,20.31,86.01,57.22,-18.73,55.82,35.44,0.6442,LOW,-,376.4435,383.0302,371.0159,1,135.4645,TREND+LEAD,33.7384
297,0,ATMU,ATMUS FILTRATION TECHNOLOGIES INC,Industrials,,mid,63.38,1.4147,0.9654,1.0394,1.0871,STRONG_DOWN,43.09,97.74,105.67,-16.39,54.62,34.87,0.5159,LOW,-,60.13,60.915,50.3826,1,153.1002,TREND+LEAD,33.7268
298,0,LVS,Las Vegas Sands,Consumer Discretionary,Casinos & Gaming,large,57.64,1.2929,1.0155,0.9881,0.9547,STRONG_UP,18.39,80.71,30.75,-25.33,56.22,38.7,0.6753,LOW,-,54.3075,55.2043,56.5109,1,117.2486,TREND+LEAD,33.7201
299,0,NTCT,NETSCOUT SYSTEMS INC,Information Technology,,mid,33.55,1.2104,0.9928,1.0149,1.1999,STRONG_DOWN,29.94,69.19,75.93,-17.38,51.81,30.36,1.6095,HIGH,-,32.306,30.5604,26.9147,1,118.071,TREND+LEAD,33.6854
300,0,THR,THERMON GROUP HOLDINGS INC,Industrials,,small,54.27,1.6124,0.9487,1.036,1.2838,STRONG_DOWN,100.85,125.37,83.04,-21.01,55.02,44.34,0.342,LOW,-,51.925,50.2982,36.3656,1,155.572,TREND+LEAD,33.6313
301,0,IMVT,IMMUNOVANT INC,Health Care,,mid,29.3,1.4497,1.1269,1.1479,1.0834,FLAT,68.29,102.63,3.46,-20.98,51.0,49.08,2.4653,HIGH,-,25.171,25.7648,21.6805,1,106.6427,TREND+LEAD,33.5974
302,0,MCY,MERCURY GENERAL CORP,Financials,,mid,96.27,1.3368,0.9917,1.0141,1.0303,STRONG_DOWN,23.3,86.85,89.84,-12.87,56.22,30.99,0.7153,LOW,-,90.3355,90.1538,83.3549,1,157.5611,TREND+LEAD,33.5545
303,0,SPXC,SPX TECHNOLOGIES INC,Industrials,,mid,223.52,1.2899,0.976,1.0235,0.9975,FLAT,22.2,80.3,89.95,-23.15,55.42,43.04,3.2867,HIGH,-,205.7855,215.5088,201.8269,1,103.3996,TREND+LEAD,33.5504
304,0,LXU,LSB INDUSTRIES INC,Materials,,small,13.61,1.9552,0.9215,0.8614,1.3771,FLAT,62.02,173.29,70.98,-20.08,54.62,72.05,1.486,MED,-,14.828,13.0204,9.7205,1,131.3709,TREND+LEAD,33.5296
305,0,NTB,BANK OF NT BUTTERFIELD & SON LTD,Financials,,mid,56.61,1.1261,0.9709,1.0299,1.1101,STRONG_DOWN,39.34,57.41,101.29,-11.44,53.82,19.28,0.7649,LOW,-,53.844,52.4128,47.5025,1,160.2547,TREND+LEAD,33.5257
306,0,NPO,ENPRO INC,Industrials,,mid,281.67,1.4753,0.9547,1.041,1.1257,STRONG_DOWN,23.26,106.21,91.2,-13.45,55.82,38.09,0.756,LOW,-,261.5615,261.5032,230.9088,1,155.6528,TREND+LEAD,33.4338
307,0,CSX,CSX Corporation,Industrials,Rail Transportation,large,43.32,1.1458,0.9883,1.0429,1.1646,STRONG_DOWN,21.21,60.16,29.75,-11.89,58.63,23.16,0.8932,LOW,-,41.051,41.0135,36.5005,1,152.2933,TREND+LEAD,33.3374
308,0,LUMN,LUMEN TECHNOLOGIES INC,Communication,,mid,8.57,1.9971,1.0629,1.1747,0.9851,FLAT,22.08,179.15,549.24,-47.34,50.6,92.95,0.8571,LOW,-,7.228,7.215,6.9095,1,97.5271,TREND+LEAD,33.237
309,0,TRS,TRIMAS CORP,Materials,,small,38.24,1.3585,0.951,1.0388,1.0709,STRONG_DOWN,4.32,89.89,51.87,-22.24,55.42,32.69,0.8557,LOW,-,36.8325,36.7139,35.5301,1,152.3901,TREND+LEAD,33.1558
310,0,EYE,NATIONAL VISION HOLDINGS INC,Consumer Discretionary,,small,25.68,1.6702,0.9964,0.8367,0.8905,FLAT,-5.06,133.45,37.18,-19.77,52.21,51.36,1.1911,MED,-,25.6445,26.7246,26.1349,0,135.6632,WEAK,33.1426
311,0,PLOW,DOUGLAS DYNAMICS INC,Industrials,,small,46.19,1.4547,0.9554,1.0454,1.237,STRONG_DOWN,54.03,103.34,127.89,-13.03,49.8,31.92,0.4537,LOW,-,43.6005,42.9676,34.5437,1,161.224,TREND+LEAD,33.0859
312,0,URGN,UROGEN PHARMA LTD,Health Care,,small,22.54,1.6693,1.0738,1.1235,1.1646,STRONG_DOWN,33.14,133.33,58.06,-66.24,48.19,59.92,0.761,LOW,-,19.1645,19.7806,19.9506,1,107.2319,TREND+LEAD,33.0387
313,0,NEOG,NEOGEN CORP,Health Care,,mid,9.51,1.4507,1.0053,1.0129,0.9986,FLAT,60.37,102.77,-20.28,-29.65,53.82,44.65,0.6078,LOW,-,9.329,9.9844,7.2717,1,123.8786,TREND+LEAD,32.958
314,0,DLX,DELUXE CORP,Industrials,,small,30.62,1.6366,1.0272,1.0821,1.2287,STRONG_DOWN,75.34,128.75,81.7,-14.29,51.0,41.39,0.739,LOW,-,28.0315,27.514,21.5391,1,158.6468,TREND+LEAD,32.9511
315,0,INCY,Incyte,Health Care,Biotechnology,large,97.82,1.2321,0.9891,0.9751,0.8946,STRONG_UP,12.04,72.22,85.2,-18.33,55.42,31.58,0.8393,LOW,-,94.1135,96.9726,92.1017,1,126.7365,TREND+LEAD,32.8701
316,0,SUPN,SUPERNUS PHARMACEUTICALS INC,Health Care,,mid,51.39,1.2138,0.994,0.975,0.9983,FLAT,3.28,69.66,78.0,-22.6,54.62,32.72,1.085,MED,-,50.2815,51.3988,46.8576,1,116.2844,TREND+LEAD,32.8617
317,0,SSRM,SSR MINING INC,Materials,,mid,31.75,2.1551,0.9568,1.2212,1.3485,STRONG_DOWN,23.06,201.23,517.7,-30.88,56.22,91.31,0.56,LOW,-,29.631,29.054,22.5017,1,123.9004,TREND+LEAD,32.7701
318,0,FSLY,FASTLY INC CLASS A,Information Technology,,mid,24.56,3.379,0.9737,0.8604,2.6418,FLAT,209.32,372.31,98.38,-37.46,50.6,177.94,0.9114,LOW,-,27.748,22.3219,12.159,1,105.8715,TREND+LEAD,32.7668
319,0,TDAY,USA TODAY INC,Communication,,small,7.31,1.5071,0.9975,1.0437,1.1913,STRONG_DOWN,101.38,110.66,192.4,-20.32,48.19,35.13,0.818,LOW,-,6.952,6.4852,5.0642,1,151.8031,TREND+LEAD,32.7143
320,0,DELL,Dell Technologies,Information Technology,"Technology Hardware, Storage & Peripherals",large,196.55,1.7384,1.0006,1.1618,1.5909,STRONG_DOWN,30.93,142.99,71.67,-32.34,52.21,70.24,0.7144,LOW,-,177.0085,151.5538,136.9075,1,106.2851,TREND+LEAD,32.6584
321,0,UAMY,UNITED STATES ANTIMONY CORP,Materials,,small,10.57,2.5207,1.0993,1.0751,1.2385,FLAT,-15.84,252.33,4128.0,-74.3,49.4,139.41,0.7599,LOW,-,9.0085,8.947,7.0474,1,89.4144,TREND+LEAD,32.6216
322,-1,LAUR,LAUREATE EDUCATION INC,Consumer Discretionary,,mid,33.84,1.2981,0.9803,0.9321,0.9503,FLAT,15.3,81.45,140.68,-11.95,56.63,35.36,1.0908,MED,-,34.1135,33.8948,30.6158,1,130.4407,TREND+LEAD,32.5652
323,-1,PSX,Phillips 66,Energy,Oil & Gas Refining & Marketing,large,156.37,1.1955,0.9419,0.8124,1.1074,FLAT,23.87,67.11,9.4,-16.95,55.02,32.24,1.1772,MED,-,172.471,165.8137,139.6028,1,114.5256,TREND+LEAD,32.5038
324,-1,CTRI,CENTURI HOLDINGS INC,Industrials,,mid,33.74,1.4533,0.9661,1.0284,1.1789,STRONG_DOWN,67.11,103.13,40.88,-16.44,51.81,36.58,0.7201,LOW,-,31.1435,30.673,24.6576,1,146.0689,TREND+LEAD,32.4688
325,-1,MRK,Merck & Co.,Health Care,Pharmaceuticals,large,119.07,1.134,0.9575,0.9661,1.0706,STRONG_DOWN,44.16,58.5,,-13.77,53.01,24.63,1.4213,MED,-,119.2105,118.6751,97.1658,1,125.9155,TREND+LEAD,32.4552
326,-1,BAC,Bank of America,Financials,Diversified Banks,large,53.91,1.0682,0.9763,1.0626,0.9941,FLAT,8.04,49.3,57.91,-17.93,58.23,25.53,1.048,MED,-,50.366,50.5276,50.702,1,112.4518,TREND+LEAD,32.4419
327,-1,KEY,KeyCorp,Financials,Regional Banks,large,21.8,1.1828,0.9697,1.0477,1.0101,FLAT,32.66,65.32,66.56,-17.76,53.82,26.98,0.8959,LOW,-,20.627,20.728,19.1534,1,130.3035,TREND+LEAD,32.3678
328,-1,VERA,VERA THERAPEUTICS INC CLASS A,Health Care,,mid,42.3,1.4336,0.935,0.9474,0.8834,FLAT,38.64,100.38,7.14,-39.83,50.6,48.17,0.9683,LOW,-,41.1392,41.2275,34.3122,1,105.4427,TREND+LEAD,32.3506
329,-1,NSSC,NAPCO SECURITY TECHNOLOGIES INC,Information Technology,,small,45.38,1.5394,0.9964,0.9936,1.146,FLAT,5.79,115.17,17.55,-19.47,55.42,44.15,0.4386,LOW,-,41.651,42.8568,39.5445,1,144.5712,TREND+LEAD,32.2408
330,-1,ESPR,ESPERION THERAPEUTICS INC,Health Care,,small,2.04,1.717,0.8878,0.727,0.6518,STRONG_UP,-23.02,140.0,9.09,-50.0,50.2,73.29,1.2275,MED,-,2.44,2.8302,2.75,0,95.893,WEAK,32.2406
331,-1,KRYS,KRYSTAL BIOTECH INC,Health Care,,mid,274.21,1.2116,0.9907,0.9848,0.9344,STRONG_UP,45.6,69.36,67.23,-27.68,55.02,37.97,1.0717,MED,-,258.8635,262.6432,211.5672,1,100.5046,TREND+LEAD,32.2326
332,-1,CAH,Cardinal Health,Health Care,Health Care Distributors,large,213.99,1.1803,0.9653,0.9423,0.9807,FLAT,40.3,64.98,,-12.88,57.83,31.01,1.1258,MED,-,211.3302,217.2422,186.491,1,121.1798,TREND+LEAD,32.2262
333,-1,TVTX,TRAVERE THERAPEUTICS INC,Health Care,,mid,40.77,1.9304,1.2831,1.3628,1.4209,STRONG_DOWN,48.2,169.82,602.93,-34.61,53.41,92.57,1.0558,MED,-,31.6505,30.0084,27.5229,1,97.9816,TREND+LEAD,32.1927
334,-1,LGN,LEGENCE CORP CLASS A,Industrials,,mid,73.77,1.7304,1.0901,1.3275,1.4449,STRONG_DOWN,119.29,141.87,141.87,-19.79,57.72,74.0,2.718,HIGH,-,59.0335,54.7308,,0,110.6577,WEAK,32.1345
335,-1,LUV,Southwest Airlines,Industrials,Passenger Airlines,large,42.7,1.2964,1.0457,0.9681,0.966,STRONG_UP,29.38,81.21,53.48,-33.49,55.02,60.36,1.0422,MED,-,39.416,44.2345,37.3684,1,74.024,TREND+LEAD,32.0758
336,-1,DYN,DYNE THERAPEUTICS INC,Health Care,,mid,20.41,1.5651,1.0378,1.0624,1.1868,STRONG_DOWN,24.3,118.76,-13.7,-44.65,49.8,70.84,1.2226,MED,-,18.6075,17.3978,16.0704,1,83.4851,TREND+LEAD,32.065
337,-1,HAL,Halliburton,Energy,Oil & Gas Equipment & Services,large,37.15,1.2458,0.9296,0.9321,1.1133,STRONG_DOWN,72.17,74.13,1.07,-13.1,53.01,31.55,1.0036,MED,-,38.1495,36.1843,28.0278,1,124.5464,TREND+LEAD,31.9759
338,-1,GM,General Motors,Consumer Discretionary,Automobile Manufacturers,large,81.32,1.324,1.0226,1.0211,0.9796,STRONG_UP,42.44,85.06,95.49,-16.0,55.02,37.11,0.9029,LOW,-,75.7325,77.2103,68.7409,1,126.1087,TREND+LEAD,31.961
339,-1,HLF,HERBALIFE LTD,Consumer Staples,,small,17.02,1.8791,1.0588,1.0591,0.9742,FLAT,97.68,162.65,98.14,-30.41,49.0,60.74,0.8252,LOW,-,15.0965,16.2586,12.2638,1,131.216,TREND+LEAD,31.9192
340,-1,WLDN,WILLDAN GROUP INC,Industrials,,small,77.78,1.508,0.9673,0.9554,0.5647,STRONG_UP,-17.39,110.79,191.2,-44.29,55.82,72.16,1.6588,HIGH,-,79.194,90.762,98.4822,0,85.6994,WEAK,31.8991
341,-1,AZZ,AZZ INC,Industrials,,mid,137.24,1.2747,0.9515,1.0487,1.0824,STRONG_DOWN,38.5,78.17,84.39,-18.16,53.01,29.49,0.7248,LOW,-,129.3075,130.1656,114.4616,1,140.5125,TREND+LEAD,31.8539
342,-1,MPC,Marathon Petroleum,Energy,Oil & Gas Refining & Marketing,large,213.69,1.2323,0.9164,0.8398,1.1877,FLAT,19.15,72.25,14.3,-18.33,58.23,38.87,1.2568,MED,-,234.8395,220.2347,189.2944,1,108.2335,TREND+LEAD,31.85
343,-1,GNRC,Generac,Industrials,Electrical Components & Equipment,large,212.1,1.4237,0.9988,0.9785,1.2808,FLAT,10.1,99.01,58.91,-32.77,55.02,56.42,0.4975,LOW,-,201.338,208.4502,177.7211,1,96.5487,TREND+LEAD,31.8276
344,-1,GE,GE Aerospace,Industrials,Aerospace & Defense,large,304.13,1.2264,0.9421,0.9664,0.9099,FLAT,1.69,71.43,101.24,-20.85,58.23,40.37,1.0843,MED,-,295.87,312.0698,295.9003,1,103.0266,TREND+LEAD,31.8133
345,-1,APP,AppLovin,Information Technology,Application Software,large,477.2,1.4965,1.1044,1.0051,0.815,STRONG_UP,-21.21,109.18,593.0,-49.99,54.62,96.56,0.6535,LOW,SHIFT,416.718,429.4966,520.0207,0,61.758,WEAK,31.7975
346,-1,BBIO,BRIDGEBIO PHARMA INC,Health Care,,large,76.75,1.6386,0.9523,1.0149,0.9776,FLAT,39.47,129.04,207.62,-20.25,53.01,57.14,0.7128,LOW,-,73.4,71.0734,63.0252,1,119.7096,TREND+LEAD,31.5793
347,-1,NWPX,NWPX INFRASTRUCTURE INC,Industrials,,small,81.65,1.4499,0.898,1.0572,1.1476,STRONG_DOWN,57.87,102.66,158.55,-15.7,52.21,45.51,4.1565,HIGH,-,79.9735,77.0102,60.4815,1,117.7688,TREND+LEAD,31.4891
348,-1,LCII,LCI INDUSTRIES,Consumer Discretionary,,mid,123.43,1.1895,0.968,0.9448,0.8808,STRONG_UP,43.75,66.27,28.71,-24.53,48.19,36.69,3.2396,HIGH,-,122.8385,131.6489,112.9903,1,87.042,TREND+LEAD,31.3658
349,-1,UNFI,UNITED NATURAL FOODS INC,Consumer Staples,,mid,48.9,1.4303,1.0046,1.1468,1.3559,STRONG_DOWN,16.46,99.92,422.99,-32.49,51.81,44.83,0.6011,LOW,-,45.0375,41.5782,35.0167,1,115.4754,TREND+LEAD,31.2839
350,-1,FSBC,FIVE STAR BANCORP,Financials,,small,41.42,1.1576,0.9913,1.0435,1.0742,STRONG_DOWN,33.08,61.81,104.15,-13.07,49.8,25.69,2.4831,HIGH,-,38.853,38.9462,34.8614,1,119.8188,TREND+LEAD,31.1553
351,-1,RUN,SUNRUN INC,Industrials,,mid,12.4,1.3503,0.9389,0.8784,0.6607,STRONG_UP,-38.43,88.74,22.65,-55.02,51.41,102.02,1.68,HIGH,EARLY,12.8725,14.77,16.2331,0,44.7163,WEAK,31.1501
352,-1,REAL,THE REALREAL INC,Consumer Discretionary,,small,12.08,1.6399,1.1266,1.214,0.7073,FLAT,16.21,129.22,283.49,-51.95,50.6,73.94,1.2028,MED,-,9.607,10.576,10.9872,1,88.4316,TREND+LEAD,31.0992
353,-1,BTDR,BITDEER TECHNOLOGIES GROUP CLASS A,Information Technology,,mid,12.89,1.2134,1.1075,1.3937,0.7904,FLAT,-50.19,69.61,126.54,-71.89,52.61,95.56,1.2685,MED,SHIFT,9.8732,9.303,13.4475,0,38.3208,WEAK,31.0357
354,-1,OII,OCEANEERING INTERNATIONAL INC,Energy,,mid,37.45,1.5381,0.9667,0.9895,1.3339,STRONG_DOWN,66.08,114.98,68.09,-15.27,51.41,54.65,1.7735,HIGH,-,36.1825,35.2374,27.0091,1,108.1659,TREND+LEAD,31.007
355,-1,TRGP,Targa Resources,Energy,Oil & Gas Storage & Transportation,large,235.5,1.048,0.946,0.911,1.2403,FLAT,62.85,46.49,120.03,-17.43,54.22,23.77,1.406,MED,-,243.997,236.0454,185.872,1,106.0414,TREND+LEAD,30.9084
356,0,MAR,Marriott International,Consumer Discretionary,"Hotels, Resorts & Cruise Lines",large,377.93,1.2654,1.0155,1.0779,1.1286,STRONG_DOWN,46.52,76.88,63.07,-12.65,51.0,32.67,1.2425,MED,-,340.365,338.4442,296.4767,1,120.0078,TREND+LEAD,30.8791
357,-2,LBRT,LIBERTY ENERGY INC CLASS A,Energy,,mid,26.3,1.6674,0.9114,0.768,1.2694,FLAT,122.02,133.06,23.68,-26.19,50.6,57.61,0.9053,LOW,-,28.395,27.9216,18.3256,1,116.8723,TREND+LEAD,30.8427
358,-2,MD,PEDIATRIX MEDICAL GROUP INC,Health Care,,small,23.07,1.3754,1.022,1.0747,1.0251,FLAT,42.41,92.25,161.86,-23.65,56.63,39.29,0.3835,LOW,-,21.364,20.6392,18.9364,1,132.963,TREND+LEAD,30.8321
359,-2,TFC,Truist Financial,Financials,Diversified Banks,large,50.57,1.0739,0.977,1.0678,0.9925,FLAT,25.76,50.11,55.78,-20.67,54.62,27.74,1.319,MED,-,47.384,48.6079,46.2796,1,98.6694,TREND+LEAD,30.7485
360,-2,BKE,BUCKLE INC,Consumer Discretionary,,mid,54.62,1.2485,0.9749,1.0294,1.013,FLAT,8.63,74.52,75.99,-17.92,51.81,29.73,0.7843,LOW,-,51.4301,51.5749,51.164,1,129.8562,TREND+LEAD,30.7471
361,-2,GNK,GENCO SHIPPING AND TRADING LTD,Industrials,,small,24.46,1.502,0.9867,1.0055,1.2562,STRONG_DOWN,54.94,109.94,37.94,-19.16,55.02,42.69,0.6394,LOW,-,23.251,22.5057,18.3599,1,141.6987,TREND+LEAD,30.7455
362,-2,IBP,INSTALLED BUILDING PRODUCTS INC,Consumer Discretionary,,mid,297.64,1.3989,0.9926,1.0113,0.9411,FLAT,17.71,95.53,36.6,-24.57,48.59,45.3,1.0163,MED,-,274.1355,295.9463,263.7831,1,102.4717,TREND+LEAD,30.7334
363,-2,FER,Ferrovial,Industrials,"Military, Government, Technical",large,72.05,1.1662,0.9748,1.0513,1.026,FLAT,15.34,63.0,107.41,-17.13,51.81,30.93,1.3866,MED,-,67.0085,68.6192,62.2696,1,105.5301,TREND+LEAD,30.7281
364,-2,NEE,NextEra Energy,Utilities,Multi-Utilities,large,91.98,1.0477,0.9628,0.9223,1.0756,FLAT,9.62,46.44,52.14,-10.75,56.63,19.43,0.8369,LOW,-,92.1895,91.9474,81.3892,1,135.3438,TREND+LEAD,30.7087
365,-2,EXTR,EXTREME NETWORKS INC,Information Technology,,mid,17.99,1.1585,0.9853,1.1091,1.0949,FLAT,-13.59,61.93,64.44,-39.87,55.02,35.29,0.8902,LOW,-,16.132,15.122,17.7002,1,96.548,TREND+LEAD,30.6617
366,-2,BKR,Baker Hughes,Energy,Oil & Gas Equipment & Services,large,59.78,1.1544,0.9232,0.9124,1.1263,FLAT,35.06,61.35,93.84,-16.86,57.43,33.41,1.1851,MED,-,61.644,60.9371,50.1563,1,105.4603,TREND+LEAD,30.6558
367,-2,GOLF,ACUSHNET HOLDINGS CORP,Consumer Discretionary,,mid,99.96,1.2146,0.9961,1.0145,1.0595,STRONG_DOWN,25.18,69.77,66.81,-13.29,51.81,25.59,0.8254,LOW,-,94.8485,96.9008,84.8916,1,141.2657,TREND+LEAD,30.6336
368,-1,BTU,PEABODY ENERGY CORP,Energy,,mid,25.65,1.5116,0.8701,0.6346,0.6868,FLAT,-22.26,111.29,9.52,-35.06,50.6,62.23,1.4508,MED,EARLY,32.425,33.6152,27.3858,0,90.4921,WEAK,30.5676
369,-1,PHIN,PHINIA INC,Consumer Discretionary,,mid,73.16,1.3135,0.9675,1.0677,1.0291,FLAT,38.35,83.6,104.61,-20.37,54.22,36.34,0.5096,LOW,-,69.2345,70.3473,59.8788,1,124.7336,TREND+LEAD,30.5409
370,-1,TRST,TRUSTCO BANK CORP,Financials,,small,46.38,1.2128,0.9558,0.9983,1.0458,STRONG_DOWN,36.2,69.52,94.25,-14.11,55.02,26.15,0.7071,LOW,-,44.7715,44.4354,39.8229,1,146.2699,TREND+LEAD,30.5138
371,-1,WELL,Welltower,Real Estate,Health Care REITs,large,210.52,1.0659,0.9827,0.9465,1.0723,FLAT,23.25,48.99,140.75,-12.61,60.24,22.69,0.7461,LOW,-,202.261,204.7651,183.3527,1,130.0512,TREND+LEAD,30.4673
372,-1,VECO,VEECO INSTRUMENTS INC,Information Technology,,mid,42.97,1.7457,1.035,1.2676,1.2659,FLAT,46.51,144.01,27.7,-20.27,53.01,61.97,0.8777,LOW,-,36.8675,33.352,29.0568,1,123.1874,TREND+LEAD,30.4422
373,-1,WTTR,SELECT WATER SOLUTIONS INC CLASS A,Energy,,mid,14.87,1.3216,0.9915,0.9418,1.2291,FLAT,39.22,84.73,73.12,-20.45,51.41,46.63,1.519,HIGH,-,15.0705,14.1816,11.1382,1,93.4138,TREND+LEAD,30.4379
374,-1,BOOT,BOOT BARN HOLDINGS INC,Consumer Discretionary,,mid,163.09,1.3091,1.0075,0.9305,0.8221,STRONG_UP,-12.81,82.98,65.39,-35.01,50.6,49.17,1.1243,MED,PROGRESS,152.7805,171.57,178.5479,0,85.3932,WEAK,30.4196
375,-1,RTX,RTX Corporation,Industrials,Aerospace & Defense,large,196.42,1.133,0.9422,0.9067,0.948,FLAT,25.98,58.37,102.68,-11.79,57.03,25.45,0.8075,LOW,-,196.748,200.2634,176.2597,1,130.7983,TREND+LEAD,30.3115
376,-1,AMSC,AMERICAN SUPERCONDUCTOR CORP,Industrials,,small,39.72,1.622,1.015,1.2,1.1985,FLAT,-37.0,126.71,238.04,-61.08,57.03,75.1,0.9585,LOW,-,34.2935,32.711,41.422,0,96.2238,WEAK,30.1841
377,-1,KSS,KOHLS CORP,Consumer Discretionary,,small,14.52,1.5343,1.0422,1.047,0.765,FLAT,-6.51,114.46,-27.49,-50.57,49.4,52.67,0.9514,LOW,-,13.188,14.9745,15.9594,0,107.3539,WEAK,30.183
378,-1,NRG,NRG Energy,Utilities,Independent Power Producers & Energy Traders,large,167.73,1.3051,0.9519,0.9629,1.0748,STRONG_DOWN,-0.73,82.42,145.62,-23.26,53.82,46.76,1.2854,MED,-,155.9235,160.6834,159.1169,1,94.8612,TREND+LEAD,30.1441
379,-1,ABCB,AMERIS BANCORP,Financials,,mid,85.28,1.1777,0.9878,1.0616,1.0387,FLAT,23.51,64.62,,-13.85,49.4,27.48,1.3953,MED,-,79.5707,79.6466,74.7585,1,116.1665,TREND+LEAD,30.1408
380,-1,USB,U.S. Bancorp,Financials,Diversified Banks,large,56.93,1.1229,0.9733,1.0389,1.027,FLAT,27.22,56.96,57.52,-16.21,54.62,25.71,0.6935,LOW,-,53.501,54.2781,49.7874,1,121.0026,TREND+LEAD,30.1127
381,-1,HII,Huntington Ingalls Industries,Industrials,Aerospace & Defense,large,394.81,1.3207,0.967,0.8743,0.9032,FLAT,40.73,84.6,53.29,-18.66,56.63,41.57,0.4535,LOW,-,395.77,411.5412,331.244,1,115.2542,TREND+LEAD,30.0776
382,-1,EYPT,EYEPOINT INC,Health Care,,small,14.93,1.8104,0.9934,1.0032,0.9617,FLAT,29.26,153.05,-14.69,-37.14,53.82,72.2,0.8749,LOW,-,13.546,14.487,13.5764,1,114.0886,TREND+LEAD,30.0565
383,-1,COIN,Coinbase,Financials,Financial Exchanges & Data,large,206.33,0.8435,1.1422,0.9422,0.8311,STRONG_UP,-37.52,17.9,-5.39,-66.39,46.18,85.62,1.219,MED,SHIFT,179.878,180.1912,273.0514,0,9.6561,WEAK,30.0206
384,-1,NHC,NATIONAL HEALTHCARE CORP,Health Care,,mid,167.99,1.3574,0.957,0.9908,1.1944,STRONG_DOWN,39.02,89.73,99.31,-13.13,53.82,35.18,0.6352,LOW,-,163.8411,162.7566,131.1032,1,137.2683,TREND+LEAD,29.9608
385,-1,AROC,ARCHROCK INC,Energy,,mid,36.3,1.1785,0.9616,0.9261,1.3412,FLAT,55.09,64.72,104.55,-15.92,54.22,27.36,0.8368,LOW,-,35.733,34.8921,27.1862,1,128.2599,TREND+LEAD,29.9062
386,-1,MSTR,MicroStrategy,Technology,Computer Software,large,166.52,0.3749,1.2155,1.1161,0.9311,STRONG_UP,-41.33,-47.6,37.83,-76.53,46.59,94.27,2.3969,HIGH,SHIFT,133.1515,133.6008,242.1715,0,-23.5227,WEAK,29.9013
387,-1,SHOO,STEVEN MADDEN LTD,Consumer Discretionary,,mid,39.8,1.4619,1.0221,1.1108,0.853,FLAT,15.0,104.34,8.28,-31.73,50.6,50.84,0.6957,LOW,-,35.487,35.5988,34.8987,1,103.8512,TREND+LEAD,29.8914
388,-1,HLT,Hilton Worldwide,Consumer Discretionary,"Hotels, Resorts & Cruise Lines",large,341.03,1.1952,1.0068,1.061,1.1016,STRONG_DOWN,32.59,67.06,72.35,-10.29,51.81,25.45,0.7163,LOW,-,311.818,309.6529,283.7664,1,136.5078,TREND+LEAD,29.8835
389,-1,ATEN,A10 NETWORKS INC,Information Technology,,small,27.55,1.3054,1.0677,1.1603,1.5505,STRONG_DOWN,60.73,82.47,120.53,-17.26,54.22,41.03,1.9588,HIGH,-,24.029,21.805,18.7433,1,108.9805,TREND+LEAD,29.8322
390,-1,PBI,PITNEY BOWES INC,Industrials,,small,12.84,1.2151,1.0722,1.1687,1.1966,STRONG_DOWN,17.34,69.84,238.84,-28.28,51.41,36.7,1.5482,HIGH,-,11.214,10.7719,10.7462,1,97.8372,TREND+LEAD,29.7186
391,-1,IDCC,INTERDIGITAL INC,Information Technology,,mid,373.02,1.4688,1.024,0.9824,1.1761,FLAT,1.99,105.3,298.27,-25.52,53.82,50.69,0.8816,LOW,-,327.8219,348.386,321.8236,1,111.8022,TREND+LEAD,29.6783
392,-1,GLDD,GREAT LAKES DREDGE AND DOCK CORP,Industrials,,small,17.0,1.4225,0.9679,0.9293,1.2586,FLAT,42.74,98.83,130.35,-14.74,50.42,36.8,0.0,LOW,-,16.9545,16.4526,13.1936,1,135.4084,TREND+LEAD,29.6363
393,-1,ZWS,ZURN ELKAY WATER SOLUTIONS CORP,Industrials,,mid,47.75,1.161,0.9299,1.0046,0.9833,FLAT,4.46,62.28,53.94,-17.02,51.0,33.33,3.2819,HIGH,-,46.157,48.0195,45.8961,1,95.298,TREND+LEAD,29.6172
394,-1,ENVA,ENOVA INTERNATIONAL INC,Financials,,mid,162.81,1.3082,1.0437,1.1014,1.0081,FLAT,52.06,82.85,173.22,-24.75,55.82,41.01,0.5976,LOW,-,142.33,143.347,131.9258,1,112.7703,TREND+LEAD,29.5818
395,-1,NSC,Norfolk Southern,Industrials,Rail Transportation,large,302.38,1.0082,0.9818,1.0072,1.0151,STRONG_DOWN,5.78,40.93,31.29,-12.47,56.63,20.33,1.0454,MED,-,290.2685,300.1846,286.793,1,114.0015,TREND+LEAD,29.5183
396,-1,BLX,BANCO LATINOAMERICANO DE COMERCIO,Financials,,small,56.55,1.1364,0.9927,1.0618,1.237,STRONG_DOWN,27.89,58.84,110.23,-12.42,55.42,22.88,0.551,LOW,-,52.49,50.4056,45.6441,1,142.5155,TREND+LEAD,29.499
397,0,AEO,AMERICAN EAGLE OUTFITTERS INC,Consumer Discretionary,,mid,19.42,1.3369,1.0378,1.0352,0.7465,STRONG_UP,31.81,86.87,-7.38,-42.74,49.4,53.65,0.6015,LOW,-,17.4173,19.9637,18.3736,1,79.9902,TREND+LEAD,29.3954
398,0,BEN,Franklin Resources,Financials,Asset Management & Custody Banks,large,27.27,1.1888,1.0264,1.074,1.0337,FLAT,26.91,66.17,22.51,-19.21,55.42,33.12,0.8958,LOW,-,24.3488,25.3318,23.8605,1,110.7229,TREND+LEAD,29.3827
399,0,EXPE,Expedia Group,Consumer Discretionary,"Hotels, Resorts & Cruise Lines",large,265.84,1.3073,1.0692,1.0289,0.9076,STRONG_UP,24.95,82.73,109.33,-37.44,52.21,62.67,0.6968,LOW,-,236.459,228.6878,231.0494,1,68.9188,TREND+LEAD,29.3515
400,0,USAR,USA RARE EARTH INC CLASS A,Materials,,mid,19.95,1.2157,1.148,1.0379,1.0954,FLAT,-30.1,69.93,89.64,-69.23,46.18,111.17,1.0297,MED,-,16.4228,18.3636,17.5378,1,29.0497,TREND+LEAD,29.3205
401,0,HASI,HA SUSTAINABLE INFRASTRUCTURE CAPI,Financials,,mid,40.64,1.3071,1.0096,1.0361,1.1583,STRONG_DOWN,38.74,82.7,86.35,-15.38,51.81,32.83,0.6984,LOW,-,37.6359,36.8181,31.2673,1,130.5188,TREND+LEAD,29.31
402,0,PSMT,PRICESMART INC,Consumer Staples,,mid,161.78,1.247,0.9891,1.0507,1.1206,STRONG_DOWN,32.27,74.3,106.07,-10.62,56.22,30.45,0.7044,LOW,-,152.3975,151.7261,127.2897,1,137.187,TREND+LEAD,29.2345
403,0,IDYA,IDEAYA BIOSCIENCES INC,Health Care,,mid,33.91,1.3344,0.9982,0.9638,0.919,STRONG_UP,22.46,86.52,-9.86,-20.05,53.01,47.43,1.3557,MED,-,31.9165,32.4224,29.9919,1,96.7029,TREND+LEAD,29.2318
404,0,BG,Bunge Global,Consumer Staples,Agricultural Products & Services,large,119.26,1.1162,0.933,0.9055,1.0807,FLAT,26.75,56.02,19.04,-15.39,48.59,26.73,1.1246,MED,-,124.5895,122.082,96.8212,1,101.8261,TREND+LEAD,29.2312
405,0,PNC,PNC Financial Services,Financials,Diversified Banks,large,224.81,1.1073,0.9815,1.0389,0.9935,FLAT,27.98,54.78,62.96,-17.21,54.22,26.03,0.8305,LOW,-,211.7048,215.0507,200.3732,1,114.1071,TREND+LEAD,29.2201
406,0,LHX,L3Harris,Industrials,Aerospace & Defense,large,350.35,1.1907,0.9456,0.8926,0.9857,FLAT,24.18,66.43,79.96,-10.86,55.02,28.96,0.6648,LOW,-,352.4275,354.8826,304.9457,1,126.2005,TREND+LEAD,29.16
407,0,VTOL,BRISTOW GROUP INC,Energy,,small,48.49,1.2259,0.9368,1.0063,1.1756,STRONG_DOWN,25.63,71.36,94.21,-16.41,55.02,28.94,0.6763,LOW,-,47.4975,46.0546,39.8461,1,135.6641,TREND+LEAD,29.0254
408,0,PRCH,PORCH GROUP INC,Information Technology,,small,8.2,1.2589,1.1633,1.0212,0.9393,STRONG_UP,-45.51,75.97,154.66,-66.39,49.0,72.26,1.7572,HIGH,-,7.2665,7.5812,11.5789,0,51.5128,WEAK,29.0119
409,0,AUB,ATLANTIC UNION BANKSHARES CORP,Financials,,mid,38.87,1.1803,0.9795,1.054,0.9939,FLAT,20.57,64.98,30.67,-18.33,48.59,30.43,1.0169,MED,-,36.5235,37.3004,34.982,1,103.7568,TREND+LEAD,28.9962
410,0,TXN,Texas Instruments,Information Technology,Semiconductors,large,229.82,1.1648,1.0246,1.131,1.1728,STRONG_DOWN,33.0,62.82,48.9,-29.57,52.61,35.52,0.9547,LOW,-,203.2625,206.6324,189.0042,1,93.04,TREND+LEAD,28.992
411,0,HCSG,HEALTHCARE SERVICES GROUP INC,Industrials,,small,19.17,1.4637,0.9651,0.9271,0.9754,FLAT,16.75,104.59,63.85,-19.88,53.01,43.86,0.6071,LOW,-,18.981,19.9238,17.5976,1,126.4083,TREND+LEAD,28.9855
412,0,MDGL,MADRIGAL PHARMACEUTICALS INC,Health Care,,large,532.02,1.2902,0.9778,1.0853,1.0301,FLAT,20.33,80.33,139.37,-29.36,49.4,45.09,0.9427,LOW,-,508.314,473.2994,458.6035,1,88.0124,TREND+LEAD,28.9456
413,0,SVRA,SAVARA INC,Health Care,,small,5.78,1.3558,0.9433,1.0379,0.9646,FLAT,61.45,89.51,20.67,-42.94,51.41,52.93,1.0513,MED,-,5.5265,5.514,4.5476,1,86.9378,TREND+LEAD,28.8477
414,0,VAL,VALARIS LTD,Energy,,mid,88.56,2.0465,0.8637,0.8576,1.5933,FLAT,83.93,186.05,32.06,-18.85,55.02,89.0,0.7461,LOW,-,96.9915,92.6836,62.0866,1,115.0144,TREND+LEAD,28.757
415,0,NN,NEXTNAV INC,Information Technology,,mid,22.83,1.4715,1.4166,1.141,1.4124,FLAT,74.81,105.68,182.55,-36.62,54.22,94.17,2.9097,HIGH,-,17.2298,16.8235,15.4635,1,60.8446,TREND+LEAD,28.7318
416,0,XMTR,XOMETRY INC CLASS A,Industrials,,mid,49.4,1.5934,1.1201,1.146,0.7771,FLAT,4.97,122.72,207.79,-49.93,56.22,92.69,,LOW,SHIFT,42.1927,46.2997,50.5817,0,74.4363,WEAK,28.7274
417,0,STLD,Steel Dynamics,Materials,Steel,large,200.32,1.2792,0.9901,1.1112,1.1244,STRONG_DOWN,41.28,78.8,51.53,-20.33,54.22,39.01,0.9278,LOW,-,181.6553,185.7348,158.1615,1,109.5285,TREND+LEAD,28.7056
418,0,SGHC,SUPER GROUP LTD,Consumer Discretionary,,mid,11.29,1.0909,1.0072,0.9813,1.1084,FLAT,-12.81,52.48,296.85,-39.53,51.41,47.15,2.3507,HIGH,-,10.7185,10.3685,11.2724,1,57.2167,TREND+LEAD,28.629
419,0,PCVX,VAXCYTE INC,Health Care,,mid,62.35,1.4678,0.9755,1.0703,1.2999,STRONG_DOWN,43.04,105.17,2.85,-20.6,49.8,44.38,0.7767,LOW,-,58.5875,57.8638,44.9554,1,118.0098,TREND+LEAD,28.5306
420,0,LION,LIONSGATE STUDIOS CORP,Communication,,mid,12.45,1.3435,1.0866,1.2105,1.2716,STRONG_DOWN,107.5,87.78,15.6,-31.41,47.39,56.8,3.5362,HIGH,-,10.131,9.5518,7.7559,1,73.2399,TREND+LEAD,28.4856
421,0,GVA,GRANITE CONSTRUCTION INC,Industrials,,mid,124.27,1.1883,0.9437,0.9595,0.9957,STRONG_DOWN,17.97,66.1,134.24,-14.69,52.21,27.22,0.8674,LOW,-,122.2736,126.3457,112.1095,1,126.7769,TREND+LEAD,28.394
422,0,RF,Regions Financial Corporation,Financials,Regional Banks,large,28.13,1.0989,0.9766,1.0339,0.9934,FLAT,22.91,53.6,61.11,-18.45,56.63,28.39,0.8503,LOW,-,26.6505,27.4935,26.1249,1,106.9096,TREND+LEAD,28.3883
423,0,SNCY,SUN COUNTRY AIRLINES HOLDINGS INC,Industrials,,small,18.33,1.5973,1.0254,1.0407,1.005,FLAT,59.81,123.26,24.44,-28.85,49.4,53.45,0.8055,LOW,-,17.0195,18.1098,14.4705,1,113.9244,TREND+LEAD,28.3877
424,0,BHE,BENCHMARK ELECTRONICS INC,Information Technology,,mid,65.05,1.3603,0.9687,1.0788,1.2808,STRONG_DOWN,58.43,90.14,124.95,-15.0,56.22,40.42,0.6467,LOW,-,59.0793,57.5734,46.0992,1,125.375,TREND+LEAD,28.348
425,0,HIMS,HIMS HERS HEALTH INC CLASS A,Health Care,,mid,28.82,0.7979,1.3165,1.1053,0.8921,STRONG_UP,-51.28,11.53,133.55,-78.06,44.98,123.26,1.6103,HIGH,SHIFT,21.3215,19.9284,38.3684,0,4.2084,WEAK,28.3312
426,0,VLY,VALLEY NATIONAL,Financials,,mid,13.52,1.2383,0.9964,1.059,1.1205,STRONG_DOWN,41.7,73.09,103.33,-13.64,52.61,30.13,0.6796,LOW,-,12.5935,12.625,11.1053,1,127.6173,TREND+LEAD,28.2905
427,0,OPLN,OPENLANE INC,Industrials,,mid,31.63,1.2393,0.997,1.0787,1.0204,FLAT,20.08,73.22,85.19,-17.32,53.01,33.29,0.3925,LOW,-,29.0555,28.5416,27.8673,1,116.5936,TREND+LEAD,28.2039
428,0,VSEC,VSE CORP,Industrials,,mid,226.5,1.576,1.02,1.1483,1.0277,FLAT,45.05,120.29,203.87,-27.4,51.81,61.97,,LOW,-,195.2442,204.1216,177.3158,1,100.5709,TREND+LEAD,28.2001
429,0,SHLS,SHOALS TECHNOLOGIES GROUP INC CLAS,Industrials,,small,7.16,1.5761,1.0371,1.0984,0.7502,FLAT,-29.32,120.31,-12.79,-47.37,54.22,92.28,3.2189,HIGH,-,6.7405,7.3533,7.7329,0,70.6879,WEAK,28.1985
430,0,EMR,Emerson Electric,Industrials,Electrical Components & Equipment,large,146.35,1.104,0.9788,1.0439,0.9548,FLAT,14.48,54.31,38.58,-23.45,57.83,39.33,1.1152,MED,-,135.1815,141.2218,136.8823,1,79.8556,TREND+LEAD,28.1467
431,0,PLD,Prologis,Real Estate,Industrial REITs,large,145.1,1.0891,1.0222,1.0256,1.0665,STRONG_DOWN,21.65,52.23,48.31,-9.59,55.02,22.39,0.7044,LOW,-,134.3235,135.7093,121.9001,1,128.3384,TREND+LEAD,28.1365
432,0,LPG,DORIAN LPG LTD,Energy,,small,36.26,1.3795,0.9874,0.9943,1.2636,STRONG_DOWN,42.64,92.82,12.54,-24.99,51.41,44.91,1.0563,MED,-,34.3545,33.9916,28.7464,1,106.2539,TREND+LEAD,28.1342
433,0,AMZN,Amazon,Consumer Discretionary,Broadline Retail,large,250.56,1.0713,1.0091,1.1121,1.0178,FLAT,16.83,49.75,,-21.74,55.82,33.31,1.0074,MED,-,221.4205,214.244,225.5845,1,83.368,TREND+LEAD,28.1268
434,0,SMR,NUSCALE POWER CORP CLASS A,Industrials,,mid,12.65,0.6635,1.2758,0.9776,0.6086,STRONG_UP,-73.45,-7.26,158.69,-82.86,48.19,94.29,2.399,HIGH,SHIFT,10.6175,12.3096,26.9829,0,-3.7095,WEAK,28.1259
435,0,PRDO,PERDOCEO EDUCATION CORP,Consumer Discretionary,,mid,36.32,1.0919,1.0095,0.9772,1.1225,FLAT,5.37,52.62,122.27,-27.22,53.01,27.43,0.884,LOW,-,36.4525,34.4068,32.2201,1,101.6963,TREND+LEAD,28.1213
436,0,NI,NiSource,Utilities,Multi-Utilities,large,48.31,0.9319,0.9891,0.9587,1.0755,FLAT,13.3,30.26,87.27,-9.14,57.43,17.2,1.9768,HIGH,-,46.9015,46.5124,42.9599,1,101.0341,TREND_ONLY,28.114
437,0,HPE,Hewlett Packard Enterprise,Information Technology,"Technology Hardware, Storage & Peripherals",large,26.44,1.3087,1.0296,1.1147,1.2056,STRONG_DOWN,18.98,82.92,63.51,-23.73,56.63,47.62,0.9931,LOW,-,24.3784,22.7666,22.5216,1,98.6101,TREND+LEAD,28.0008
438,0,HP,HELMERICH & PAYNE INC,Energy,,mid,33.64,1.2713,0.9094,0.867,1.0169,FLAT,47.96,77.7,-11.16,-24.05,50.2,37.04,0.7056,LOW,-,35.5285,35.0198,26.5436,1,105.3001,TREND+LEAD,27.979
439,0,DAL,Delta Air Lines,Industrials,Passenger Airlines,large,71.72,1.316,1.0334,1.0222,0.9918,STRONG_UP,19.06,83.94,53.37,-22.9,50.2,46.88,,LOW,-,67.3705,66.6596,62.4395,1,89.8856,TREND+LEAD,27.8774
440,0,CVX,Chevron Corporation,Energy,Integrated Oil & Gas,large,183.99,1.0286,0.9269,0.8463,1.0854,FLAT,23.83,43.77,27.3,-12.86,55.42,24.34,1.0593,MED,-,197.993,191.6666,162.4218,1,99.6711,TREND+LEAD,27.8075
441,0,CYTK,CYTOKINETICS INC,Health Care,,mid,66.71,1.2583,0.966,0.9819,1.0354,STRONG_DOWN,13.14,75.88,-0.43,-30.48,52.21,39.86,0.7927,LOW,-,64.481,63.9882,56.2537,1,99.3858,TREND+LEAD,27.7621
442,0,GDOT,GREEN DOT CORP CLASS A,Financials,,small,12.4,1.1673,1.0196,1.0268,0.9971,FLAT,1.72,63.16,47.27,-30.95,49.8,28.79,0.6459,LOW,-,11.4,11.5336,12.1742,1,109.2485,TREND+LEAD,27.7113
443,0,WTS,WATTS WATER TECHNOLOGIES INC CLASS,Industrials,,mid,302.45,1.128,0.9442,0.9552,0.9897,STRONG_DOWN,9.94,57.67,53.93,-15.45,50.2,27.14,1.1622,MED,-,296.194,308.3909,283.021,1,106.6691,TREND+LEAD,27.7015
444,0,ALGT,ALLEGIANT TRAVEL,Industrials,,small,91.79,1.6056,1.0404,1.0735,0.9912,FLAT,39.92,124.43,50.17,-34.96,47.79,67.13,1.2502,MED,-,83.744,91.2512,74.1222,1,88.5787,TREND+LEAD,27.6833
445,0,XPRO,EXPRO GROUP HOLDINGS NV,Energy,,small,16.27,1.3694,0.9203,0.9,0.9749,FLAT,28.62,91.41,-11.72,-16.82,49.4,47.69,1.786,HIGH,-,17.005,16.9146,13.7496,1,94.6895,TREND+LEAD,27.6777
446,0,ADAM,ADAMAS INC TRUST,Financials,,small,7.88,1.1975,0.9952,0.9546,0.9055,STRONG_UP,23.85,67.38,49.46,-17.07,53.82,30.83,0.7581,LOW,-,7.4325,7.6575,6.944,1,117.6179,TREND+LEAD,27.6708
447,0,ADPT,ADAPTIVE BIOTECHNOLOGIES CORP,Health Care,,mid,14.47,1.5157,0.9894,0.9932,0.8022,FLAT,-16.21,111.86,519.7,-39.35,51.0,67.35,0.7852,LOW,PROGRESS,13.9095,14.688,14.7741,0,84.7043,WEAK,27.633
448,0,CLSK,CLEANSPARK INC,Information Technology,,mid,11.97,1.1464,1.0748,1.1283,0.8696,FLAT,-40.12,60.24,-26.25,-64.74,50.2,94.55,1.1652,MED,SHIFT,9.796,9.8151,12.2244,0,31.9841,WEAK,27.5618
449,0,CC,CHEMOURS,Materials,,mid,23.18,1.5038,0.9716,1.134,1.4497,STRONG_DOWN,70.54,110.2,-5.33,-39.78,53.41,70.51,0.4664,LOW,-,21.643,19.6895,15.2232,1,83.4713,TREND+LEAD,27.5428
450,0,ARCB,ARCBEST CORP,Industrials,,mid,118.64,1.4393,1.0559,1.2316,1.2741,STRONG_DOWN,61.08,101.18,-11.95,-30.6,51.0,52.98,0.9772,LOW,-,102.1245,100.2833,81.6432,1,97.3952,TREND+LEAD,27.5164
451,0,FSLR,First Solar,Information Technology,Semiconductors,large,190.44,1.1127,0.9184,0.8838,0.759,STRONG_UP,-19.91,55.52,9.27,-35.1,50.6,52.51,1.4555,MED,EARLY,194.4775,205.1504,220.5822,0,53.5051,WEAK,27.4691
452,0,JOBY,JOBY AVIATION INC CLASS A,Industrials,,mid,9.22,1.1353,1.0455,0.8816,0.5804,STRONG_UP,-42.63,58.69,101.75,-61.06,50.2,62.34,0.9512,LOW,PROGRESS,8.6615,9.4246,13.6783,0,47.2623,WEAK,27.4565
453,0,ARM,Arm Holdings,Technology,Semiconductors,large,166.73,1.2319,1.0222,1.19,1.531,STRONG_DOWN,-2.61,72.19,58.91,-41.47,52.21,62.91,0.7219,LOW,-,150.0043,134.1305,138.6234,1,59.9103,TREND+LEAD,27.3428
454,0,UAL,United Airlines Holdings,Industrials,Passenger Airlines,large,101.8,1.1153,1.0331,1.0019,0.8713,STRONG_UP,3.68,55.9,97.98,-27.5,52.21,58.0,1.7067,HIGH,-,93.5125,99.6004,100.3783,1,50.3159,TREND+LEAD,27.2897
455,0,EVLV,EVOLV TECHNOLOGIES HOLDINGS INC CL,Information Technology,,small,6.48,1.4533,0.9875,1.0927,1.0087,FLAT,-19.8,103.13,64.47,-44.06,50.2,52.91,0.6854,LOW,-,6.043,5.6251,6.7367,0,97.8523,WEAK,27.2673
456,0,EHAB,ENHABIT INC,Health Care,,small,13.72,1.3595,0.9482,0.9334,1.2668,FLAT,71.29,90.03,35.71,-39.63,52.61,48.69,0.5517,LOW,-,13.85,13.1642,9.6257,1,97.2758,TREND+LEAD,27.2406
457,1,FITB,Fifth Third Bancorp,Financials,Regional Banks,large,50.34,1.1197,0.9758,1.078,1.0036,FLAT,26.92,56.5,58.09,-21.21,53.82,32.24,0.9433,LOW,-,47.3541,48.5075,45.1217,1,94.3195,TREND+LEAD,27.1009
458,1,ULTA,Ulta Beauty,Consumer Discretionary,Other Specialty Retail,large,553.36,1.0826,1.0149,0.96,0.8101,STRONG_UP,2.99,51.33,30.17,-27.83,51.81,40.17,1.4439,MED,PROGRESS,528.944,601.0718,563.6366,0,66.2008,WEAK,27.0956
459,1,PLTR,Palantir Technologies,Information Technology,Application Software,large,146.39,1.1534,1.0685,0.8713,0.8317,STRONG_UP,-17.81,61.22,592.81,-38.19,55.82,57.58,0.9532,LOW,SHIFT,144.367,143.4492,164.2307,0,59.3511,WEAK,26.9544
460,1,CMP,COMPASS MINERALS INTERNATIONAL INC,Materials,,small,25.32,1.5821,0.9805,1.0669,1.056,FLAT,38.36,121.14,86.18,-26.29,51.81,57.92,0.7743,LOW,-,23.948,23.635,20.822,1,108.3568,TREND+LEAD,26.9388
461,1,CRL,Charles River Laboratories,Health Care,Life Sciences Tools & Services,mid,183.88,1.2813,0.9962,1.1132,0.813,FLAT,5.1,79.1,-19.19,-32.98,55.02,50.94,0.5178,LOW,-,170.252,169.1726,175.2054,1,85.4334,TREND+LEAD,26.8625
462,1,WAB,Wabtec,Industrials,Construction Machinery & Heavy Transportation Equipment,large,263.37,1.1335,0.9458,1.0291,1.1155,STRONG_DOWN,36.36,58.43,84.34,-13.29,53.01,27.32,0.8388,LOW,-,254.3545,252.8126,216.9529,1,113.3802,TREND+LEAD,26.7803
463,1,DHT,DHT HOLDINGS INC,Energy,,mid,18.32,1.353,1.0074,0.9504,1.3758,FLAT,58.09,89.12,87.41,-15.22,52.61,42.13,0.975,LOW,-,17.9195,17.4948,13.374,1,111.2876,TREND+LEAD,26.7355
464,1,ORA,ORMAT TECH INC,Utilities,,mid,113.04,1.1486,0.9727,0.9477,0.9319,STRONG_UP,2.58,60.55,81.76,-20.05,57.83,35.29,0.7284,LOW,-,111.928,113.0187,105.4564,1,99.2211,TREND+LEAD,26.7117
465,2,QUBT,QUANTUM COMPUTING INC,Information Technology,,small,9.57,1.1664,1.2718,1.2333,0.7319,STRONG_UP,-48.93,63.03,1142.86,-74.37,47.79,91.37,1.6561,HIGH,-,7.3855,7.7955,13.1968,0,32.9683,WEAK,26.6175
466,2,TCBI,TEXAS CAPITAL BANCSHARES INC,Financials,,mid,104.58,1.1652,0.9879,1.0552,1.0364,FLAT,35.68,62.87,86.82,-14.21,56.63,31.69,0.7295,LOW,-,97.7615,97.8044,90.7983,1,112.3519,TREND+LEAD,26.5961
467,2,XHR,XENIA HOTELS RESORTS REIT INC,Real Estate,,small,16.25,1.2238,0.9751,1.0328,1.0863,STRONG_DOWN,28.43,71.05,24.98,-16.23,52.61,30.61,0.8137,LOW,-,15.1457,15.1601,13.9222,1,122.1236,TREND+LEAD,26.5329
468,2,SPG,Simon Property Group,Real Estate,Retail REITs,large,206.23,1.0522,0.9927,0.9988,1.0958,STRONG_DOWN,19.48,47.08,62.06,-11.54,53.82,21.91,0.7877,LOW,-,191.036,193.3491,179.1195,1,115.641,TREND+LEAD,26.5236
469,2,CCL,Carnival,Consumer Discretionary,"Hotels, Resorts & Cruise Lines",large,29.22,1.2182,1.0173,1.0856,0.9859,FLAT,4.06,70.27,107.02,-29.3,52.21,61.15,1.4531,MED,-,26.456,28.1606,28.8753,1,59.9993,TREND+LEAD,26.5231
470,2,INDB,INDEPENDENT BANK CORP,Financials,,mid,77.95,1.0565,0.9372,0.98,0.9991,STRONG_DOWN,23.08,47.68,69.66,-14.3,47.39,24.91,2.8471,HIGH,-,76.9718,78.2622,71.7053,1,90.7076,TREND+LEAD,26.5058
471,2,RCAT,RED CAT HOLDINGS INC,Industrials,,small,12.72,1.9528,0.9527,0.7787,0.9038,FLAT,-1.09,172.96,1100.0,-60.08,49.4,120.57,0.8673,LOW,-,13.214,13.5162,10.9466,1,70.8658,TREND+LEAD,26.4375
472,2,CUBI,CUSTOMERS BANCORP INC,Financials,,mid,77.42,1.2585,0.9991,1.0846,0.9584,FLAT,27.92,75.91,65.32,-20.31,51.0,37.84,0.8263,LOW,-,71.5875,70.6634,69.2932,1,102.3161,TREND+LEAD,26.4329
473,2,CCNE,CNB FINANCIAL CORP,Financials,,small,31.35,1.0909,0.979,1.0521,1.1309,STRONG_DOWN,37.9,52.49,81.53,-13.55,48.59,26.03,1.6579,HIGH,-,29.671,28.9249,25.9863,1,97.9761,TREND+LEAD,26.4012
474,2,SYNA,SYNAPTICS INC,Information Technology,,mid,80.22,1.1725,1.0478,1.0252,0.8561,STRONG_UP,14.76,63.88,-1.8,-29.31,51.0,47.1,1.0223,MED,-,73.919,77.9492,73.1942,1,69.1711,TREND+LEAD,26.3927
475,2,NPK,NATIONAL PRESTO INDUSTRIES INC,Industrials,,small,143.72,1.2664,0.9646,0.996,1.1756,STRONG_DOWN,31.91,77.01,82.83,-23.32,55.02,37.37,0.7018,LOW,-,139.052,134.4581,113.9172,1,113.3762,TREND+LEAD,26.2777
476,2,VTR,Ventas,Real Estate,Health Care REITs,large,85.1,0.9363,0.974,0.9276,1.0604,FLAT,23.9,30.88,111.43,-10.89,51.81,17.9,1.7065,HIGH,-,83.2297,84.3753,74.4875,1,89.3736,TREND_ONLY,26.2596
477,2,PTCT,PTC THERAPEUTICS INC,Health Care,,mid,72.43,1.0753,0.9937,1.0006,0.9707,FLAT,8.4,50.3,193.36,-27.55,54.62,36.1,1.1969,MED,-,68.842,68.4671,65.513,1,76.1062,TREND+LEAD,26.2336
478,2,THFF,FIRST FINANCIAL CORPORATION CORP,Financials,,small,67.51,1.1424,0.9773,1.0351,1.0543,STRONG_DOWN,33.01,59.68,107.79,-13.18,50.6,27.66,1.2525,MED,-,64.2031,63.9438,58.627,1,109.1808,TREND+LEAD,26.2169
479,2,PII,POLARIS INC,Consumer Discretionary,,mid,57.91,1.3202,1.0132,1.0234,0.8132,FLAT,-10.64,84.53,-26.7,-34.21,49.8,59.65,1.2071,MED,SHIFT,54.779,57.6891,59.47,0,70.5696,WEAK,26.213
480,2,MAC,MACERICH REIT,Real Estate,,mid,22.3,1.1746,1.0068,1.0997,1.1664,STRONG_DOWN,33.44,64.18,58.92,-12.8,54.62,34.11,1.3418,MED,-,19.9455,19.5357,17.8589,1,102.7643,TREND+LEAD,26.1958
481,2,HCA,HCA Healthcare,Health Care,Health Care Facilities,large,488.0,1.1066,0.9479,0.905,1.0116,FLAT,16.65,54.68,66.74,-14.17,57.43,30.45,0.5876,LOW,-,486.747,510.6776,452.4812,1,103.1302,TREND+LEAD,26.1784
482,2,CFFN,CAPITOL FEDERAL FINANCIAL INC,Financials,,small,7.71,1.1351,0.9763,1.0148,1.1304,STRONG_DOWN,31.87,58.66,68.17,-10.59,50.6,26.62,1.1343,MED,-,7.331,7.3089,6.5492,1,111.5118,TREND+LEAD,26.161
483,2,AAP,ADVANCE AUTO PARTS INC,Consumer Discretionary,,mid,57.49,1.285,0.9855,1.1069,1.2984,STRONG_DOWN,8.43,79.61,-22.21,-41.44,46.99,50.39,0.8012,LOW,-,53.3212,53.322,52.727,1,74.2364,TREND+LEAD,26.1609
484,2,DOV,Dover Corporation,Industrials,Industrial Machinery & Supplies & Components,large,219.07,1.0026,0.9654,0.9598,1.0323,FLAT,32.54,40.14,32.76,-15.34,50.6,27.32,1.9908,HIGH,-,212.286,217.574,192.0943,1,74.3506,TREND+LEAD,26.04
485,2,IDXX,Idexx Laboratories,Health Care,Health Care Equipment,large,589.25,1.0367,0.9918,0.9416,0.8001,STRONG_UP,-7.55,44.9,23.33,-27.34,52.61,30.9,0.9461,LOW,PROGRESS,573.817,603.0844,639.6459,0,76.4522,WEAK,26.0389
486,2,AMAL,AMALGAMATED FINANCIAL CORP,Financials,,small,43.5,1.2051,1.0091,1.0674,1.2246,STRONG_DOWN,73.83,68.44,109.18,-24.41,51.81,31.88,0.9774,LOW,-,40.098,39.5836,32.5256,1,111.2223,TREND+LEAD,26.0265
487,2,L,Loews Corporation,Financials,Multi-line Insurance,large,111.35,0.9583,0.976,0.9766,1.0559,STRONG_DOWN,13.56,33.95,51.65,-7.25,56.63,15.21,0.7124,LOW,-,108.059,108.8754,101.9509,1,126.3919,TREND_ONLY,25.9924
488,200,SENEA,SENECA FOODS CORP CLASS A,Consumer Staples,,small,140.27,1.205,0.8246,0.9047,1.1623,STRONG_DOWN,16.75,68.43,147.04,-21.04,58.23,45.38,1.634,HIGH,-,152.799,141.9046,118.6817,1,87.8093,TREND+LEAD,25.9885
489,1,MRCY,MERCURY SYSTEMS INC,Industrials,,mid,84.05,1.2729,0.9841,1.0009,0.7925,FLAT,9.01,77.92,196.89,-32.19,55.82,64.66,1.252,MED,-,78.103,82.1542,74.8202,1,67.2682,TREND+LEAD,25.9805
490,1,RCL,Royal Caribbean Group,Consumer Discretionary,"Hotels, Resorts & Cruise Lines",large,285.48,1.0936,0.9767,0.9725,1.01,FLAT,-3.53,52.86,128.8,-32.36,52.21,61.75,1.966,HIGH,PROGRESS,274.8095,291.9993,300.8715,0,44.6902,WEAK,25.9771
491,1,GRAL,GRAIL INC,Health Care,,mid,51.71,1.4003,1.04,0.9885,0.5194,STRONG_UP,-40.16,95.72,278.55,-62.92,49.8,135.11,0.5592,LOW,PROGRESS,49.9545,59.6864,66.2679,0,35.2824,WEAK,25.932
492,1,EBAY,eBay Inc.,Consumer Discretionary,Broadline Retail,large,104.65,1.1569,1.0301,1.0686,1.0963,STRONG_DOWN,15.56,61.7,116.41,-20.67,56.63,37.38,0.9247,LOW,-,94.3925,90.4569,88.4288,1,93.4743,TREND+LEAD,25.8984
493,1,FISI,FINANCIAL INSTITUTIONS INC,Financials,,small,35.13,1.1778,1.0027,1.0627,1.0713,STRONG_DOWN,38.61,64.63,135.42,-13.72,49.8,26.53,0.6756,LOW,-,32.6925,32.3178,29.1712,1,121.3172,TREND+LEAD,25.8876
494,1,URBN,URBAN OUTFITTERS INC,Consumer Discretionary,,mid,74.18,1.1077,1.063,1.0544,1.037,STRONG_UP,11.38,54.83,100.38,-26.32,48.59,37.35,1.0792,MED,-,65.3005,66.3982,70.7945,1,71.333,TREND+LEAD,25.8678
495,1,XPEL,XPEL INC,Consumer Discretionary,,small,47.33,1.3039,0.9809,1.1403,0.8474,FLAT,36.52,82.25,-8.36,-31.79,51.41,43.5,0.7628,LOW,-,43.652,44.8269,41.8623,1,97.2048,TREND+LEAD,25.7778
496,1,BA,Boeing,Industrials,Aerospace & Defense,large,223.38,1.003,0.9715,1.0288,0.876,FLAT,5.42,40.19,31.22,-24.96,51.81,31.77,1.111,MED,-,208.4055,219.8222,219.3948,1,65.5425,TREND+LEAD,25.7714
497,1,ARR,ARMOUR RESIDENTIAL REIT INC,Financials,,mid,17.64,1.0654,0.9833,0.9999,0.9336,FLAT,24.08,48.92,37.96,-16.79,55.82,30.43,1.4348,MED,-,16.6533,16.953,15.5455,1,89.731,TREND+LEAD,25.7371
498,1,FBNC,FIRST BANCORP,Financials,,mid,59.51,1.1705,0.974,1.0439,1.0023,FLAT,29.61,63.6,98.39,-16.25,49.0,29.74,0.9264,LOW,-,56.6227,57.2938,52.8187,1,104.7957,TREND+LEAD,25.7207
499,1,PLXS,PLEXUS CORP,Information Technology,,mid,228.64,1.3516,0.9586,1.0515,1.225,STRONG_DOWN,52.1,88.93,145.37,-15.51,55.02,44.53,0.5879,LOW,-,212.613,203.5512,160.5748,1,109.8762,TREND+LEAD,25.6807
500,1,IBRX,IMMUNITYBIO INC,Health Care,,mid,7.7,2.1947,1.0191,0.8089,1.3549,FLAT,204.35,206.77,56.82,-42.44,49.8,165.06,0.5631,LOW,-,7.5098,7.9682,4.0628,1,62.3851,TREND+LEAD,25.6807
501,1,CMC,COMMERCIAL METALS,Materials,,mid,66.17,1.1516,0.965,1.0059,0.8665,FLAT,20.58,60.97,22.87,-29.96,50.6,36.81,0.6126,LOW,-,62.7829,68.4658,62.9744,1,83.8148,TREND+LEAD,25.6508
502,1,CBOE,Cboe Global Markets,Financials,Financial Exchanges & Data,large,299.94,1.0062,0.965,0.9772,1.0677,STRONG_DOWN,27.42,40.64,71.93,-10.32,54.62,25.41,1.751,HIGH,-,290.294,288.6081,257.5454,1,87.3561,TREND+LEAD,25.6388
503,1,ENSG,ENSIGN GROUP INC,Health Care,,large,200.11,1.1955,0.9652,0.916,1.0768,FLAT,11.58,67.1,72.37,-12.76,53.41,34.93,0.5832,LOW,-,200.4191,205.6043,179.2763,1,102.6016,TREND+LEAD,25.5841
504,1,CVI,CVR ENERGY INC,Energy,,mid,29.44,1.1541,0.9082,0.849,1.2273,FLAT,-11.57,61.32,-6.21,-48.21,50.6,66.42,1.2313,MED,-,32.393,28.1252,30.0655,0,46.711,WEAK,25.5565
505,1,LIF,LIFE360 INC,Information Technology,,mid,48.75,0.9597,1.1918,1.1503,0.8331,STRONG_UP,-47.08,34.15,80.56,-65.64,54.62,89.35,1.1031,MED,SHIFT,41.124,45.2268,71.4989,0,20.8758,WEAK,25.55
506,1,SONO,SONOS INC,Consumer Discretionary,,small,14.37,1.2739,1.0431,0.9914,0.8806,STRONG_UP,-12.8,78.07,-14.82,-33.72,50.6,42.02,0.5882,LOW,-,13.4135,14.414,15.054,0,94.0073,WEAK,25.5274
507,1,AME,Ametek,Industrials,Electrical Components & Equipment,large,236.26,1.0958,0.9735,1.0351,1.0658,STRONG_DOWN,28.46,53.17,35.02,-13.57,51.41,25.79,0.5834,LOW,-,221.767,225.5906,201.1811,1,105.9954,TREND+LEAD,25.5185
508,1,OSBC,OLD SECOND BANCORP INC,Financials,,small,21.93,1.0845,0.9841,1.0378,1.0347,FLAT,32.21,51.58,64.11,-12.91,53.01,27.08,1.2673,MED,-,20.6465,20.2912,18.9633,1,100.979,TREND+LEAD,25.5142
509,1,CF,CF Industries,Materials,Fertilizers & Agricultural Chemicals,large,112.68,1.098,0.8947,0.8315,1.2684,FLAT,37.26,53.47,48.53,-24.87,56.63,58.14,1.5373,HIGH,-,126.2485,114.0029,92.2252,1,52.0786,TREND+LEAD,25.4583
510,1,HUBB,Hubbell Incorporated,Industrials,Industrial Machinery & Supplies & Components,large,535.57,1.1783,0.9586,1.0073,1.066,STRONG_DOWN,25.65,64.7,39.98,-13.8,54.62,33.76,0.8803,LOW,-,507.987,502.8102,455.0167,1,104.6719,TREND+LEAD,25.4334
511,1,XOM,ExxonMobil,Energy,Integrated Oil & Gas,large,146.44,1.0286,0.9269,0.8579,1.1024,FLAT,34.4,43.78,32.12,-14.6,57.03,29.68,1.2423,MED,-,159.441,154.6074,124.7434,1,84.1219,TREND+LEAD,25.4098
512,1,ACAD,ACADIA PHARMACEUTICALS INC,Health Care,,mid,22.17,1.103,0.9981,0.9914,0.8286,STRONG_UP,7.52,54.17,29.88,-27.58,48.19,43.14,3.0503,HIGH,PROGRESS,21.7355,22.3456,23.7191,0,60.5139,WEAK,25.3829
513,1,ROAD,CONSTRUCTION PARTNERS INC CLASS A,Industrials,,mid,125.64,1.2216,1.0488,1.028,1.0666,FLAT,8.69,70.75,144.86,-26.55,52.21,60.25,1.6669,HIGH,-,112.069,121.4793,115.4216,1,61.3114,TREND+LEAD,25.3356
514,1,PIPR,PIPER SANDLER COMPANIES,Financials,,mid,90.6,1.2224,1.0233,1.1359,0.9533,FLAT,12.32,70.86,106.37,-24.56,54.62,43.13,0.596,LOW,-,79.7638,78.226,81.3578,1,89.7409,TREND+LEAD,25.3312
515,1,SMP,STANDARD MOTOR PRODUCTS INC,Consumer Discretionary,,small,37.87,1.1897,0.9695,1.0049,0.9468,FLAT,-2.45,66.29,26.69,-22.56,52.21,33.21,0.4128,LOW,-,36.3025,38.7579,37.679,1,104.2179,TREND+LEAD,25.3286
516,1,CEG,Constellation Energy,Utilities,Electric Utilities,large,296.21,1.1058,0.981,0.8673,0.9363,FLAT,-25.11,54.57,63.03,-38.77,51.81,51.93,,LOW,PROGRESS,288.6955,296.9001,327.2388,0,54.4409,WEAK,25.3193
517,1,MTB,M&T Bank,Financials,Regional Banks,large,218.79,1.0286,0.9552,1.0331,1.0081,FLAT,24.32,43.77,66.74,-16.98,53.41,25.1,0.8821,LOW,-,211.0855,214.9843,199.3486,1,93.1459,TREND+LEAD,25.3173
518,1,ALNY,Alnylam Pharmaceuticals,Health Care,Biotechnology,large,309.66,0.9518,0.8984,0.9223,0.8372,FLAT,-35.63,33.04,113.32,-37.57,55.42,38.23,1.1452,MED,EARLY,322.5865,323.366,393.6213,0,47.9022,WEAK,25.2948
519,0,DX,DYNEX CAPITAL REIT INC,Financials,,mid,13.61,0.9965,1.0053,0.9858,0.937,STRONG_UP,11.18,39.29,58.79,-15.27,53.41,23.31,1.0501,MED,-,12.842,13.2177,12.5313,1,90.0234,TREND_ONLY,25.2769
520,0,FOXA,Fox Corporation (Class A),Communication Services,Broadcasting,large,65.07,0.9955,1.0067,1.0453,0.8823,FLAT,14.72,39.15,115.94,-28.89,59.04,31.3,0.5866,LOW,-,60.3385,59.0055,61.9836,1,73.8382,TREND_ONLY,25.2636
521,0,ARQT,ARCUTIS BIOTHERAPEUTICS INC,Health Care,,mid,24.53,1.2971,0.9826,0.9921,0.9217,FLAT,17.31,81.3,159.58,-31.99,49.8,51.78,0.8096,LOW,-,23.4057,24.541,22.4067,1,78.192,TREND+LEAD,25.2527
522,0,BKV,BKV CORP,Energy,,mid,27.75,1.1476,0.9696,0.8869,1.0268,FLAT,36.1,60.4,54.17,-19.71,54.62,39.87,1.4536,MED,-,28.2175,29.3076,25.3843,1,82.7515,TREND+LEAD,25.2511
523,0,SIG,SIGNET JEWELERS LTD,Consumer Discretionary,,mid,94.58,1.3031,0.9834,0.9785,0.9654,STRONG_UP,-8.39,82.14,3.04,-25.69,51.81,51.79,0.6718,LOW,-,89.2615,90.9824,90.5807,1,82.1719,TREND+LEAD,25.1892
524,0,LEG,LEGGETT & PLATT INC,Consumer Discretionary,,small,12.03,1.2721,1.0331,1.134,0.9357,FLAT,37.19,77.81,-29.26,-25.78,46.59,48.5,1.7562,HIGH,-,10.2445,10.8664,10.182,1,74.7452,TREND+LEAD,25.1704
525,0,TR,TOOTSIE ROLL INDUSTRIES INC,Consumer Staples,,mid,42.84,0.9963,0.9368,0.967,1.1493,STRONG_DOWN,1.47,39.26,54.05,-20.03,57.03,21.11,0.6485,LOW,-,42.8285,41.542,38.4657,1,106.0601,TREND_ONLY,25.1535
526,0,BRSP,BRIGHTSPIRE CAPITAL INC CLASS A,Financials,,small,5.98,1.086,0.9826,1.0167,1.0032,FLAT,22.23,51.79,22.09,-12.12,50.2,22.85,0.7716,LOW,-,5.6484,5.6108,5.3016,1,113.7811,TREND+LEAD,25.1004
527,0,HCC,WARRIOR MET COAL INC,Materials,,mid,86.37,1.2991,0.9505,0.8831,0.8391,STRONG_UP,29.97,81.59,31.94,-24.41,51.81,50.58,0.7179,LOW,-,91.098,87.7492,74.8597,1,83.5723,TREND+LEAD,25.0937
528,0,SHOP,Shopify,Technology,Computer Software,large,131.15,1.1493,1.1021,0.9931,0.8176,STRONG_UP,-16.24,60.64,88.68,-38.18,51.81,63.85,0.7053,LOW,SHIFT,118.2065,120.788,141.4447,0,49.2088,WEAK,25.087
529,0,TEAM,Atlassian,Technology,Computer Software,large,66.94,0.2483,1.055,0.8314,0.5485,STRONG_UP,-55.41,-65.29,-65.43,-75.13,45.78,70.74,3.2972,HIGH,PROGRESS,66.207,74.5462,140.9956,0,-42.2512,WEAK,25.0783
530,-164,HTBK,HERITAGE COMMERCE CORP,Financials,,small,13.45,1.175,0.9719,1.0281,1.0375,STRONG_DOWN,47.47,64.23,90.99,-13.47,51.0,28.04,,LOW,-,12.7812,12.7029,11.0428,1,116.8265,TREND+LEAD,25.0436
531,-1,IRM,Iron Mountain,Real Estate,Other Specialized REITs,large,118.07,1.0713,1.0196,1.0425,1.2052,STRONG_DOWN,13.7,49.75,69.06,-25.15,56.22,34.99,0.7715,LOW,-,105.7335,105.5557,95.7417,1,79.9301,TREND+LEAD,25.0265
532,-1,TMP,TOMPKINS FINANCIAL CORP,Financials,,small,85.68,1.1439,0.9723,1.0685,1.1017,STRONG_DOWN,40.49,59.89,112.2,-13.03,51.81,30.16,1.0206,MED,-,80.504,79.607,70.9672,1,102.8761,TREND+LEAD,24.9389
533,-1,GRMN,Garmin,Consumer Discretionary,Consumer Electronics,large,267.42,1.0409,0.9878,1.0539,1.2311,STRONG_DOWN,9.26,45.49,96.26,-27.97,59.04,36.45,0.7278,LOW,-,246.518,238.3083,224.3796,1,73.6843,TREND+LEAD,24.9275
534,-1,PI,IMPINJ INC,Information Technology,,mid,112.28,1.153,1.036,1.0393,0.6735,FLAT,-44.23,61.16,-8.03,-62.24,50.2,84.52,0.5873,LOW,SHIFT,103.2535,108.4561,153.7938,0,36.3254,WEAK,24.9153
535,-1,AMBA,AMBARELLA INC,Information Technology,,mid,58.23,1.0048,1.0361,0.9659,0.8229,STRONG_UP,-30.75,40.45,37.21,-49.06,49.4,53.05,1.1446,MED,SHIFT,53.3295,57.793,71.0228,0,37.6656,WEAK,24.9069
536,-1,ZETA,ZETA GLOBAL HOLDINGS CORP CLASS A,Information Technology,,mid,17.98,1.1673,1.1114,0.9669,0.862,STRONG_UP,-1.37,63.16,54.2,-40.37,55.02,69.73,1.0108,MED,SHIFT,16.089,16.7414,18.2623,0,49.8343,WEAK,24.8807
537,-1,NTLA,INTELLIA THERAPEUTICS INC,Health Care,,small,14.95,1.3505,1.0129,1.0534,1.1617,STRONG_DOWN,-39.98,88.76,-29.88,-71.27,52.61,81.15,0.715,LOW,-,13.4815,13.2029,13.0196,1,57.5453,TREND+LEAD,24.8798
538,-1,SMCI,Supermicro,Information Technology,"Technology Hardware, Storage & Peripherals",large,28.56,0.6924,1.0625,0.8595,0.8499,STRONG_UP,-46.95,-3.22,-69.24,-66.18,49.0,99.78,0.5841,LOW,SHIFT,23.806,28.5232,38.8698,0,-1.5809,WEAK,24.8696
539,-1,TCBK,TRICO BANCSHARES,Financials,,small,50.3,1.0052,0.9698,0.9993,1.0001,STRONG_DOWN,25.32,40.51,66.92,-12.37,52.21,22.97,1.8723,HIGH,-,48.5965,48.6951,45.7315,1,92.0748,TREND+LEAD,24.8304
540,-1,CTVA,Corteva,Materials,Fertilizers & Agricultural Chemicals,large,80.34,0.9817,0.9295,0.9535,1.1231,STRONG_DOWN,32.35,37.23,52.05,-20.71,57.83,23.18,0.8027,LOW,-,82.428,79.1883,71.2125,1,92.8699,TREND_ONLY,24.8267
541,-1,JXN,JACKSON FINANCIAL INC CLASS A,Financials,,mid,109.69,1.152,1.0166,0.9914,0.9465,STRONG_UP,17.91,61.02,,-16.31,57.03,36.9,0.6816,LOW,-,105.0445,108.3365,100.3459,1,94.3152,TREND+LEAD,24.8134
542,-1,EL,Estée Lauder Companies (The),Consumer Staples,Personal Care Products,large,76.2,1.0183,0.9875,0.8248,0.6453,STRONG_UP,-20.74,42.33,-45.33,-43.62,53.82,61.71,0.8649,LOW,PROGRESS,73.1475,89.4659,94.1697,0,36.9192,WEAK,24.7854
543,-1,TALO,TALOS ENERGY INC,Energy,,mid,13.5,1.3508,0.8621,0.855,1.1523,FLAT,48.19,88.81,1.66,-18.53,54.62,59.5,1.1149,MED,-,15.32,13.9852,10.9847,1,81.5272,TREND+LEAD,24.7659
544,-1,BKU,BANKUNITED INC,Financials,,mid,47.89,1.152,0.9847,1.0322,0.9949,FLAT,37.31,61.02,97.56,-16.4,53.41,32.9,0.6538,LOW,-,45.6577,46.2761,41.6578,1,99.0633,TREND+LEAD,24.7598
545,-1,SPNT,SIRIUSPOINT LTD,Financials,,mid,23.28,1.0416,0.9921,1.0652,1.1306,STRONG_DOWN,31.15,45.59,94.32,-16.28,51.81,29.74,1.747,HIGH,-,22.0705,21.281,19.9473,1,79.424,TREND+LEAD,24.7162
546,-1,AAPL,Apple Inc.,Information Technology,"Technology Hardware, Storage & Peripherals",large,270.23,1.0052,1.0073,1.0057,1.0282,FLAT,9.41,40.51,63.25,-13.8,53.41,26.25,1.1671,MED,-,256.386,260.554,251.8278,1,82.423,TREND+LEAD,24.7007
547,-1,ARI,APOLLO COMMERCIAL REAL ESTATE FINA,Financials,,small,11.16,1.0802,0.9731,1.0185,1.0939,STRONG_DOWN,18.69,50.99,31.94,-10.04,52.21,22.48,0.8804,LOW,-,10.6112,10.4326,9.7831,1,118.4274,TREND+LEAD,24.6776
548,-1,AX,AXOS FINANCIAL INC,Financials,,mid,97.96,1.185,1.0106,1.0933,1.0074,FLAT,29.41,65.64,99.07,-19.04,53.41,37.18,0.5235,LOW,-,88.721,90.188,87.1542,1,94.2947,TREND+LEAD,24.6308
549,-1,LXP,LXP INDUSTRIAL TRUST,Real Estate,,mid,51.66,1.0345,1.0167,1.0081,0.9935,STRONG_UP,14.02,44.6,37.53,-11.01,52.61,26.69,1.1323,MED,-,47.6462,47.8936,45.4751,1,87.9137,TREND+LEAD,24.5902
550,-1,MRX,MAREX GROUP PLC,Financials,,mid,51.52,1.0105,0.9499,1.344,1.2425,FLAT,73.7,41.25,179.81,-41.13,50.2,43.27,1.491,MED,-,45.4895,41.7877,37.0021,1,47.8521,TREND+LEAD,24.5764
551,-1,TCMD,TACTILE SYSTEMS TECHNOLOGY INC,Health Care,,small,25.73,1.3686,1.0255,0.8807,0.8205,STRONG_UP,75.15,91.3,81.97,-35.39,50.2,56.12,0.5085,LOW,-,25.3892,27.1675,21.0883,1,81.6699,TREND+LEAD,24.5513
552,-1,LILAK,LIBERTY LATIN AMERICA LTD CLASS C,Communication,,small,8.78,1.1965,1.0196,1.0069,1.1251,FLAT,9.61,67.24,21.94,-22.55,52.61,35.57,0.7679,LOW,-,8.453,8.1664,7.9063,1,99.4489,TREND+LEAD,24.4753
553,-1,USLM,UNITED STATES LIME AND MINERALS IN,Materials,,mid,139.46,1.1524,0.9723,1.0911,1.0297,FLAT,6.04,61.07,137.42,-22.46,54.22,44.3,1.2593,MED,-,130.9565,121.0864,120.7987,1,74.7492,TREND+LEAD,24.4743
554,-1,UNIT,UNITI GROUP INC,Communication,,mid,11.63,1.096,1.0327,1.3606,1.5042,STRONG_DOWN,107.31,53.2,38.53,-44.37,51.41,57.97,1.0893,MED,-,9.6425,8.6568,7.3162,1,47.1802,TREND+LEAD,24.4739
555,-1,LC,LENDINGCLUB CORP,Financials,,small,17.44,1.3489,1.0808,1.1668,0.8184,FLAT,12.08,88.54,129.17,-38.28,53.41,67.91,1.0432,MED,-,14.941,15.1586,16.4779,1,69.6356,TREND+LEAD,24.4714
556,-1,DLTR,Dollar Tree,Consumer Staples,Consumer Staples Merchandise Retail,large,105.93,0.9515,1.0021,0.9298,0.7352,STRONG_UP,12.66,32.99,-13.34,-29.5,51.0,38.58,1.9713,HIGH,PROGRESS,105.4005,114.8116,111.5492,0,43.6162,WEAK,24.3817
557,-1,CINF,Cincinnati Financial,Financials,Property & Casualty Insurance,large,166.82,0.9559,0.9847,0.985,1.005,STRONG_DOWN,11.42,33.61,48.84,-10.46,57.03,22.2,2.8101,HIGH,-,160.016,162.3117,157.3977,1,86.3441,TREND_ONLY,24.3733
558,-1,GOLD,GOLD INC,Consumer Discretionary,,small,48.18,1.4599,1.0589,1.0153,1.1205,FLAT,64.06,104.06,36.84,-40.58,53.41,69.53,0.7861,LOW,-,43.055,49.9876,33.9766,1,79.9377,TREND+LEAD,24.3485
559,-1,DDOG,Datadog,Information Technology,Application Software,large,126.61,1.0187,1.1112,0.9028,1.0333,FLAT,-16.25,42.39,1.27,-48.62,47.79,68.89,0.6982,LOW,SHIFT,118.376,119.4289,138.6049,0,29.4041,WEAK,24.2786
560,-1,OBK,ORIGIN BANCORP INC,Financials,,small,45.8,1.1019,0.9827,1.0468,1.1039,STRONG_DOWN,42.41,54.02,67.73,-17.09,55.02,27.31,0.8241,LOW,-,42.7135,42.5731,38.2686,1,108.8333,TREND+LEAD,24.2558
561,-1,ETN,Eaton Corporation,Industrials,Electrical Components & Equipment,large,406.21,1.1338,0.973,1.0449,1.1514,STRONG_DOWN,8.79,58.48,34.82,-19.13,53.82,35.92,0.6841,LOW,-,376.449,371.1185,358.2607,1,87.6284,TREND+LEAD,24.2548
562,-1,ETR,Entergy,Utilities,Electric Utilities,large,115.52,1.0547,0.9677,1.0298,1.1714,STRONG_DOWN,21.91,47.42,137.11,-6.73,54.22,22.87,0.8924,LOW,-,111.25,106.7979,94.8623,1,112.4226,TREND+LEAD,24.2176
563,-1,WSM,"Williams-Sonoma, Inc.",Consumer Discretionary,Homefurnishing Retail,large,198.69,1.042,0.992,1.0083,0.9125,FLAT,6.68,45.64,45.92,-20.56,51.41,35.33,1.0995,MED,-,185.083,194.4516,191.7794,1,66.418,TREND+LEAD,24.2043
564,-1,TTD,Trade Desk (The),Communication Services,Advertising,large,22.47,0.338,1.0231,0.8856,0.6152,STRONG_UP,-54.97,-52.75,-72.19,-77.62,49.8,64.55,1.0091,MED,PROGRESS,21.8915,24.3747,44.2166,0,-40.6998,WEAK,24.195
565,-1,VST,Vistra Corp.,Utilities,Electric Utilities,large,163.46,1.1035,0.9983,0.9062,0.9543,FLAT,-22.1,54.24,151.47,-34.51,52.61,50.4,0.8231,LOW,SHIFT,154.7535,160.5726,179.131,0,56.6176,WEAK,24.1835
566,-1,FTRE,FORTREA HOLDINGS INC,Health Care,,small,10.38,1.4281,1.0691,0.9824,0.6111,STRONG_UP,9.03,99.62,-71.17,-51.79,49.8,73.54,0.4779,LOW,-,9.5185,10.2002,10.8733,0,67.4578,WEAK,24.0714
567,-1,SOUN,SOUNDHOUND AI INC CLASS A,Information Technology,,mid,8.08,0.7708,1.1413,1.089,0.7071,STRONG_UP,-61.08,7.73,110.97,-72.43,44.18,79.61,1.174,MED,SHIFT,6.7605,7.4759,11.8513,0,4.2917,WEAK,24.0601
568,-1,KURA,KURA ONCOLOGY INC,Health Care,,small,9.68,1.1206,1.0725,1.064,1.1114,FLAT,-4.44,56.63,-45.25,-39.04,49.8,49.77,2.3852,HIGH,-,8.563,8.5128,8.7611,1,56.6685,TREND+LEAD,24.0529
569,-1,UCB,UNITED COMMUNITY BANKS INC,Financials,,mid,34.15,1.0264,0.9656,1.0583,0.9878,FLAT,17.72,43.46,47.63,-17.95,52.21,28.42,1.043,MED,-,32.3855,32.513,31.4563,1,79.8483,TREND+LEAD,24.0506
570,-1,RRR,RED ROCK RESORTS ORS CLASS A INC,Consumer Discretionary,,mid,56.91,1.0737,0.9725,0.8809,0.8945,FLAT,-0.27,50.08,5.96,-20.3,54.62,33.78,1.3063,MED,PROGRESS,56.1775,58.9113,58.1002,0,80.9796,WEAK,24.0324
571,-1,WRBY,WARBY PARKER INC CLASS A,Consumer Discretionary,,mid,24.86,1.2704,1.1287,0.9452,0.8575,STRONG_UP,15.47,77.57,109.26,-42.26,49.8,76.38,0.5912,LOW,-,22.0075,23.2414,23.8172,1,50.5768,TREND+LEAD,23.9415
572,-1,CWAN,CLEARWATER ANALYTICS HOLDINGS INC,Information Technology,,mid,24.11,0.8087,0.9686,0.9567,0.9649,FLAT,32.84,13.03,47.82,-35.8,50.2,9.16,0.2583,LOW,-,23.765,23.5398,21.4441,1,71.427,TREND_ONLY,23.9216
573,-1,ADNT,ADIENT PLC,Consumer Discretionary,,small,21.79,1.3568,1.019,1.0207,0.9607,FLAT,-5.59,89.64,-22.23,-31.19,47.39,53.63,1.0313,MED,-,20.5315,22.2768,22.1215,0,79.2129,WEAK,23.9131
574,-1,TWST,TWIST BIOSCIENCE CORP,Health Care,,mid,59.81,1.2381,1.147,1.237,1.4029,STRONG_DOWN,94.5,73.06,110.9,-39.86,50.6,73.09,1.1748,MED,-,49.759,48.5964,36.3191,1,50.5802,TREND+LEAD,23.8723
575,-1,IVR,INVESCO MORTGAGE CAPITAL REIT INC,Financials,,small,8.36,1.0862,0.9627,0.9736,0.9009,FLAT,26.5,51.83,48.15,-16.54,52.61,26.66,0.808,LOW,-,8.0731,8.2027,7.4385,1,102.2729,TREND+LEAD,23.8464
576,-1,SBH,SALLY BEAUTY HOLDINGS INC,Consumer Discretionary,,small,14.53,1.3076,0.9928,0.961,0.9129,STRONG_UP,-1.89,82.77,37.59,-21.82,51.81,47.04,0.5809,LOW,-,13.8375,14.7814,14.2827,1,91.1602,TREND+LEAD,23.8007
577,-1,CGEM,CULLINAN THERAPEUTICS INC,Health Care,,small,15.06,1.3302,1.0211,1.0668,1.3646,STRONG_DOWN,72.31,85.93,-16.61,-36.67,50.6,59.56,1.0414,MED,-,14.182,13.9496,9.9924,1,72.9995,TREND+LEAD,23.7836
578,-1,SRCE,1ST SOURCE CORP,Financials,,small,74.65,1.0095,0.9756,1.035,1.1273,STRONG_DOWN,31.35,41.11,63.56,-11.84,51.41,21.42,1.2996,MED,-,71.012,69.5846,63.9853,1,98.6694,TREND+LEAD,23.7804
579,-1,ADM,Archer Daniels Midland,Consumer Staples,Agricultural Products & Services,large,67.04,1.0325,0.9277,0.905,1.0066,FLAT,8.29,44.32,16.71,-12.79,49.0,27.19,1.0587,MED,-,70.556,69.3968,61.7197,1,79.8743,TREND+LEAD,23.7581
580,-1,NUVL,NUVALENT INC CLASS A,Health Care,,mid,107.61,1.1006,1.0027,1.0273,1.0025,FLAT,19.01,53.84,70.65,-15.79,51.41,33.98,1.0937,MED,-,101.6785,101.4643,93.8182,1,81.4548,TREND+LEAD,23.7574
581,-1,BANC,BANC OF CALIFORNIA INC,Financials,,mid,18.9,1.0762,0.9833,1.0412,0.889,FLAT,22.96,50.43,44.52,-20.47,54.22,31.28,0.8784,LOW,-,17.8805,18.3044,17.4141,1,87.4135,TREND+LEAD,23.7309
582,-1,CSCO,Cisco,Information Technology,Communications Equipment,large,86.25,1.161,1.0119,1.0234,1.1202,STRONG_DOWN,26.19,62.29,88.91,-13.57,56.22,36.63,0.8497,LOW,-,80.8627,79.7532,73.2658,1,95.598,TREND+LEAD,23.7231
583,-1,HWC,HANCOCK WHITNEY CORP,Financials,,mid,68.74,1.052,0.9827,1.0401,0.9844,FLAT,27.95,47.04,71.11,-17.45,51.81,26.47,0.925,LOW,-,65.0545,66.122,62.4398,1,92.0718,TREND+LEAD,23.7201
584,-1,GPGI,GPGI INC CLASS A,Information Technology,,mid,17.12,1.1835,1.0092,0.9175,0.6621,STRONG_UP,-11.92,65.43,226.16,-38.22,53.41,57.84,0.7833,LOW,PROGRESS,16.9355,19.8492,19.4626,0,60.4194,WEAK,23.7111
585,-1,EBC,EASTERN BANKSHARES INC,Financials,,mid,21.05,1.0624,0.9801,1.0364,1.0627,STRONG_DOWN,23.93,48.5,79.46,-15.04,50.6,28.05,1.4688,MED,-,19.969,20.0528,18.1816,1,87.4881,TREND+LEAD,23.7096
586,-1,TILE,INTERFACE INC,Industrials,,small,28.2,1.1319,0.9965,1.0402,0.8872,FLAT,3.84,58.22,89.86,-29.88,50.2,33.25,0.5986,LOW,-,25.9415,28.7133,27.3656,1,87.895,TREND+LEAD,23.6609
587,-1,TALK,TALKSPACE INC,Health Care,,small,5.18,1.4364,0.9661,0.9356,1.2706,FLAT,78.01,100.78,74.41,-33.43,48.19,58.21,0.3676,LOW,-,5.163,4.8322,3.49,1,83.4282,TREND+LEAD,23.631
588,-1,GRDN,GUARDIAN PHARMACY SERVICES INC CLA,Health Care,,mid,37.54,1.1556,0.9184,1.0115,1.349,STRONG_DOWN,54.04,61.53,134.63,-25.83,54.22,47.37,1.0171,MED,-,37.671,35.1104,28.8495,1,70.4297,TREND+LEAD,23.6233
589,-1,ARRY,ARRAY TECHNOLOGIES INC,Industrials,,small,7.83,1.3401,1.0807,1.0409,0.7914,STRONG_UP,-10.67,87.32,-28.62,-44.31,51.0,91.71,2.613,HIGH,-,7.2535,8.307,8.3968,0,48.559,WEAK,23.5764
590,-1,IMAX,IMAX CORP,Communication,,mid,35.09,1.1237,0.9178,0.8879,0.9106,FLAT,11.19,57.07,105.08,-18.07,51.41,44.24,2.6722,HIGH,-,37.7405,38.1696,33.6931,1,66.3223,TREND+LEAD,23.5706
591,-1,PAX,PATRIA INVESTMENTS LTD CLASS A,Financials,,mid,13.35,1.0288,1.0343,1.0766,0.7524,FLAT,-4.94,43.8,,-35.64,55.82,35.68,0.8554,LOW,SHIFT,12.2455,12.6121,14.0208,0,68.5308,WEAK,23.5184
592,-1,CWK,CUSHMAN AND WAKEFIELD LTD,Real Estate,,mid,14.63,1.3249,1.0348,1.1176,0.8262,FLAT,-7.29,85.19,55.64,-31.4,51.0,58.6,0.545,LOW,SHIFT,12.8375,13.1294,14.7016,0,74.1414,WEAK,23.4891
593,-1,RNST,RENASANT CORP,Financials,,mid,40.47,1.0634,0.9832,1.0816,1.0816,DOWN,21.91,48.63,48.1,-17.19,49.8,30.12,1.0149,MED,-,37.549,38.0072,36.6554,1,80.4095,TREND+LEAD,23.4314
594,-1,MCRI,MONARCH CASINO AND RESORT INC,Consumer Discretionary,,small,100.05,0.9832,0.9868,0.9498,1.0792,FLAT,6.3,37.43,54.64,-17.47,53.82,22.09,1.2479,MED,-,97.6495,97.1555,96.8578,1,91.1904,TREND_ONLY,23.42
595,-1,PTEN,PATTERSON UTI ENERGY INC,Energy,,mid,9.42,1.2099,0.8618,0.8142,1.2949,FLAT,71.98,69.12,-9.16,-20.42,52.61,50.21,1.3974,MED,-,10.572,9.576,6.8288,1,72.422,TREND+LEAD,23.413
596,-1,BLBD,BLUE BIRD CORP,Industrials,,small,61.76,1.3107,0.9257,1.0376,1.2235,STRONG_DOWN,11.7,83.21,83.7,-23.45,54.62,46.85,0.7491,LOW,-,58.955,57.8602,53.3287,1,97.0099,TREND+LEAD,23.3739
597,-1,MCHB,MECHANICS BANCORP CLASS A,Financials,,mid,15.51,1.0737,1.0057,1.0085,1.0613,STRONG_DOWN,23.66,50.07,32.26,-9.35,51.41,30.79,1.7118,HIGH,-,14.833,14.684,13.6391,1,83.6038,TREND+LEAD,23.3642
598,-1,QCRH,QCR HOLDINGS INC,Financials,,small,92.77,1.0119,0.9833,1.0567,1.0492,FLAT,38.65,41.44,68.6,-16.9,53.41,25.63,1.1992,MED,-,87.449,87.7051,80.7412,1,86.3525,TREND+LEAD,23.3504
599,-1,MIAX,MIAMI INTERNATIONAL HOLDINGS INC,Financials,,mid,45.17,1.0513,1.0175,1.0726,1.0082,FLAT,6.89,46.94,46.94,-26.79,55.62,32.44,0.597,LOW,-,40.812,40.8012,,0,80.4846,WEAK,23.2901
600,-1,EQIX,Equinix,Real Estate,Data Center REITs,large,1088.62,1.0306,0.9952,1.0348,1.326,STRONG_DOWN,35.49,44.06,53.66,-19.63,53.41,28.88,0.7295,LOW,-,1007.659,965.3318,823.6003,1,81.4816,TREND+LEAD,23.2728
601,-1,TDY,Teledyne Technologies,Information Technology,Electronic Equipment & Instruments,large,635.83,1.0034,0.9365,0.9276,1.0617,FLAT,13.24,40.25,58.9,-18.39,54.22,33.1,1.2027,MED,-,628.2015,646.6482,569.9857,1,65.9346,TREND+LEAD,23.2461
602,-1,BHRB,BURKE HERBERT FINANCIAL SERVICES C,Financials,,small,66.25,1.0015,0.9756,1.0004,1.0031,STRONG_DOWN,16.02,39.99,37.07,-13.49,52.21,24.94,2.2777,HIGH,-,63.326,64.6236,62.4153,1,83.707,TREND+LEAD,23.2336
603,-1,ASTE,ASTEC INDUSTRIES INC,Industrials,,small,59.49,1.3087,0.9407,1.0701,1.1795,STRONG_DOWN,25.18,82.93,,-21.86,51.0,43.18,0.5905,LOW,-,56.2115,57.0304,48.0879,1,97.9467,TREND+LEAD,23.2227
604,-1,RUSHA,RUSH ENTERPRISES INC CLASS A,Industrials,,mid,73.93,1.0773,1.0074,1.0854,1.1701,STRONG_DOWN,45.58,50.58,58.35,-20.81,50.6,33.61,1.0877,MED,-,67.9895,68.6217,58.1686,1,76.1553,TREND+LEAD,23.1824
605,-1,BY,BYLINE BANCORP INC,Financials,,small,33.72,1.0239,0.9751,1.0281,1.0708,STRONG_DOWN,32.08,43.12,72.94,-12.64,52.21,23.76,1.1102,MED,-,32.144,31.9716,29.187,1,94.7492,TREND+LEAD,23.1724
606,-1,DRH,DIAMONDROCK HOSPITALITY,Real Estate,,small,10.56,1.1332,0.9993,1.0399,1.1124,STRONG_DOWN,41.22,58.4,31.04,-11.92,51.0,27.63,0.4748,LOW,-,9.7029,9.6808,8.612,1,107.7921,TREND+LEAD,23.1174
607,-1,ASO,ACADEMY SPORTS AND OUTDOORS INC,Consumer Discretionary,,mid,58.63,1.1529,0.9913,1.0266,0.9744,FLAT,11.82,61.14,5.82,-26.42,51.41,41.91,0.9604,LOW,-,56.008,57.2559,52.5518,1,75.0037,TREND+LEAD,23.1169
608,-1,WWW,WOLVERINE WORLD WIDE INC,Consumer Discretionary,,small,18.05,1.1506,1.0252,1.0199,0.914,STRONG_UP,-30.62,60.83,97.03,-54.62,50.6,51.26,0.7686,LOW,-,16.637,17.0527,20.9473,0,60.0426,WEAK,23.1136
609,0,FANG,Diamondback Energy,Energy,Oil & Gas Exploration & Production,large,180.27,1.0011,0.921,0.8777,1.1644,FLAT,30.95,39.92,-4.03,-12.53,50.6,30.43,1.9502,HIGH,-,192.0765,181.5684,153.8416,1,66.3868,TREND+LEAD,23.0506
610,0,PLUS,EPLUS,Information Technology,,mid,85.17,1.05,0.9765,1.0496,0.9472,FLAT,20.01,46.76,14.21,-20.65,50.6,28.32,0.9752,LOW,-,78.726,79.503,78.1266,1,83.5528,TREND+LEAD,23.0388
611,0,FOX,Fox Corporation (Class B),Communication Services,Broadcasting,large,58.53,0.9627,1.0053,1.0425,0.8737,FLAT,14.77,34.57,111.64,-26.77,56.22,29.49,0.4648,LOW,-,54.3197,53.4703,55.9367,1,65.8992,TREND_ONLY,23.0295
612,0,SRRK,SCHOLAR ROCK HOLDING CORP,Health Care,,mid,49.96,1.199,0.9747,1.0174,1.0791,STRONG_DOWN,69.7,67.59,258.14,-34.86,48.59,60.77,1.2678,MED,-,47.532,46.0824,39.6699,1,54.0469,TREND+LEAD,23.0237
613,0,BNL,BROADSTONE NET LEASE INC,Real Estate,,mid,20.36,0.9772,0.9935,0.9901,1.0739,FLAT,13.33,36.59,63.01,-8.34,55.42,21.56,1.0473,MED,-,19.0297,19.0042,17.5641,1,94.0453,TREND_ONLY,23.0116
614,0,FSS,FEDERAL SIGNAL CORP,Industrials,,mid,114.24,1.1302,0.936,1.0048,0.9704,FLAT,-4.31,57.97,41.7,-19.04,51.41,32.92,0.7426,LOW,SHIFT,110.903,112.7047,115.5117,0,90.5264,WEAK,23.0069
615,0,JPM,JPMorgan Chase,Financials,Diversified Banks,large,310.29,0.9883,0.9557,1.0035,0.9695,FLAT,4.94,38.14,78.57,-15.47,57.03,24.72,0.7539,LOW,-,298.1945,298.1603,300.8438,1,87.9882,TREND_ONLY,22.9576
616,0,BBUC,BROOKFIELD BUSINESS CORP CLASS A,Industrials,,mid,34.75,1.0622,0.9843,1.0713,0.93,FLAT,-4.72,48.47,71.94,-21.01,54.62,38.09,1.354,MED,-,32.9284,33.5884,33.8387,1,69.4988,TREND+LEAD,22.9428
617,0,HGV,HILTON GRAND VACATIONS INC,Consumer Discretionary,,mid,49.02,1.0653,1.0176,1.0908,1.0194,FLAT,13.18,48.91,13.71,-28.48,50.6,42.37,1.117,MED,-,42.6415,44.1072,44.4474,1,58.4061,TREND+LEAD,22.9268
618,0,GNL,GLOBAL NET LEASE INC,Real Estate,,mid,9.71,1.0093,0.9813,0.959,1.0159,FLAT,30.24,41.08,84.38,-13.05,47.39,20.58,0.7646,LOW,-,9.2656,9.3559,8.0737,1,94.6004,TREND+LEAD,22.926
619,0,WYNN,Wynn Resorts,Consumer Discretionary,Casinos & Gaming,large,109.19,1.0517,1.0236,0.9807,0.9297,STRONG_UP,-5.4,47.0,15.96,-27.27,49.0,38.94,0.894,LOW,SHIFT,102.6775,105.6846,115.2825,0,59.137,WEAK,22.872
620,0,SD,SANDRIDGE ENERGY INC,Energy,,small,14.38,1.1494,0.8981,0.7903,0.9615,FLAT,28.25,60.65,7.95,-19.9,55.02,35.81,0.9682,LOW,-,15.83,16.4877,13.4026,1,93.1915,TREND+LEAD,22.87
621,0,FLNG,FLEX LNG LTD,Energy,,small,30.85,1.1228,1.0056,0.9055,1.1478,FLAT,32.29,56.94,57.88,-11.05,53.82,30.06,0.8537,LOW,-,30.1985,28.6814,25.149,1,101.9418,TREND+LEAD,22.8279
622,0,VAC,MARRIOTT VACATIONS WORLDWIDE CORP,Consumer Discretionary,,mid,74.98,1.0653,1.0603,0.9773,1.231,FLAT,14.75,48.91,,-45.84,51.81,57.19,0.7296,LOW,-,68.381,64.6797,64.7991,1,44.3071,TREND+LEAD,22.7944
623,0,TGT,Target Corporation,Consumer Staples,Consumer Staples Merchandise Retail,large,127.84,1.02,1.0478,1.0348,1.1272,FLAT,45.18,42.56,-17.27,-20.27,54.22,31.97,0.944,LOW,-,120.05,117.6868,100.7245,1,72.1885,TREND+LEAD,22.7323
624,0,AORT,ARTIVION INC,Health Care,,small,37.72,1.1978,0.9449,0.9568,0.8444,FLAT,-9.2,67.42,86.64,-29.77,53.41,41.22,0.451,LOW,-,36.1105,37.0724,40.368,0,87.3597,WEAK,22.7068
625,0,PCAR,Paccar,Industrials,Construction Machinery & Heavy Transportation Equipment,large,126.25,1.0613,0.9576,1.0366,1.0131,FLAT,35.16,48.34,18.47,-14.07,45.78,26.17,0.9009,LOW,-,119.58,121.5138,106.9755,1,84.5672,TREND+LEAD,22.6733
626,0,META,Meta Platforms,Communication Services,Interactive Media & Services,large,688.55,1.0196,1.0484,1.0516,1.0792,STRONG_DOWN,-3.14,42.51,38.15,-33.3,52.61,43.99,0.9385,LOW,-,603.6875,629.5603,680.2621,1,50.8422,TREND+LEAD,22.6661
627,0,DCOM,DIME COMMUNITY BANCSHARES INC,Financials,,small,37.08,1.0837,0.9935,1.0539,1.1652,STRONG_DOWN,35.29,51.48,121.26,-18.15,51.0,30.38,1.0448,MED,-,34.607,33.9512,30.3721,1,86.4156,TREND+LEAD,22.629
628,0,NMRK,NEWMARK GROUP INC CLASS A,Real Estate,,mid,16.53,1.1818,1.0323,1.0448,0.9226,FLAT,-7.85,65.18,74.5,-29.08,50.6,48.32,0.664,LOW,-,15.0665,14.9564,16.4182,1,68.2584,TREND+LEAD,22.6282
629,0,HE,HAWAIIAN ELECTRIC INDUSTRIES INC,Utilities,,mid,15.79,1.1021,0.9997,1.0303,1.0614,STRONG_DOWN,40.11,54.05,54.65,-17.68,55.02,32.92,0.814,LOW,-,15.1275,15.451,12.8372,1,90.333,TREND+LEAD,22.6233
630,0,BALL,Ball Corporation,Materials,"Metal, Glass & Plastic Containers",large,64.48,0.9896,0.9795,1.0128,1.1202,STRONG_DOWN,35.11,38.32,3.01,-21.96,52.21,30.41,1.106,MED,-,60.7775,63.0872,54.7416,1,65.7955,TREND_ONLY,22.6185
631,0,UVE,UNIVERSAL INSURANCE HOLDINGS INC,Financials,,small,35.58,1.1512,0.9844,1.0024,1.1638,STRONG_DOWN,29.04,60.91,99.59,-18.95,52.61,32.8,0.8664,LOW,-,34.209,33.5219,29.5811,1,97.6993,TREND+LEAD,22.5896
632,0,UTI,UNIVERSAL TECHNICAL INSTITUTE INC,Consumer Discretionary,,mid,38.25,1.0719,1.0466,0.9497,1.3515,FLAT,25.29,49.82,168.8,-39.36,55.42,52.46,0.58,LOW,-,36.7625,34.4878,30.1021,1,52.635,TREND+LEAD,22.5796
633,0,SRE,Sempra,Utilities,Multi-Utilities,large,94.02,0.9838,0.944,0.9146,0.9936,FLAT,4.64,37.51,46.11,-8.81,56.22,21.26,0.9333,LOW,-,96.4435,94.1514,87.3505,1,99.1844,TREND_ONLY,22.5658
634,0,TT,Trane Technologies,Industrials,Building Products,large,476.11,1.0639,0.9726,1.0428,1.1901,STRONG_DOWN,14.75,48.71,67.2,-20.16,54.22,34.65,0.939,LOW,-,438.655,443.5232,422.4946,1,76.2192,TREND+LEAD,22.5404
635,0,NTST,NETSTREIT CORP,Real Estate,,mid,20.84,0.9599,0.9987,0.9797,1.1092,FLAT,12.09,34.18,39.08,-11.24,54.22,21.2,1.3358,MED,-,19.4775,19.8163,18.2615,1,87.4107,TREND_ONLY,22.5331
636,0,MIR,MIRION TECHNOLOGIES INC CLASS A,Information Technology,,mid,19.72,1.0466,0.9856,0.928,0.7113,STRONG_UP,-19.35,46.29,82.59,-41.78,54.22,51.4,0.8663,LOW,PROGRESS,18.996,20.4048,22.8351,0,48.8305,WEAK,22.5247
637,0,CRVS,CORVUS PHARMACEUTICALS INC,Health Care,,small,16.74,3.7194,1.0661,1.1009,2.0199,STRONG_DOWN,118.82,419.88,,-48.47,49.4,341.46,0.7658,LOW,-,14.585,16.2631,9.915,1,60.7446,TREND+LEAD,22.5148
638,0,LYB,LyondellBasell,Materials,Specialty Chemicals,large,66.27,0.9201,0.8479,0.8234,1.2797,FLAT,50.47,28.61,-22.58,-35.45,47.79,58.65,1.6054,HIGH,-,75.8975,67.2605,53.3098,1,23.3122,TREND_ONLY,22.4783
639,0,AES,AES Corporation,Utilities,Independent Power Producers & Energy Traders,large,14.47,1.1168,0.9708,0.9475,1.0022,FLAT,0.05,56.1,-1.57,-23.27,53.01,46.12,0.7134,LOW,-,14.2585,14.8968,13.8116,1,64.4816,TREND+LEAD,22.4629
640,0,EVRG,Evergy,Utilities,Electric Utilities,large,82.37,0.9134,0.9652,0.9416,1.0555,FLAT,8.17,27.68,75.15,-8.01,60.24,16.65,0.8825,LOW,-,81.755,81.338,74.8122,1,100.1336,TREND_ONLY,22.4494
641,0,FTDR,FRONTDOOR INC,Consumer Discretionary,,mid,62.14,1.1215,1.0344,1.0135,1.0097,STRONG_UP,-4.0,56.76,107.06,-29.23,53.82,49.29,0.8795,LOW,-,56.961,59.405,59.6676,1,61.9775,TREND+LEAD,22.4368
642,0,GEF,GREIF INC CLASS A,Materials,,mid,69.88,1.0106,0.9721,1.0218,0.9519,FLAT,19.99,41.26,23.2,-18.03,49.8,24.39,0.5274,LOW,-,67.4485,69.6524,65.1249,1,84.2394,TREND+LEAD,22.4279
643,0,AMR,ALPHA METALLURGICAL RESOURCE INC,Materials,,mid,191.7,1.1316,0.9543,0.893,0.7732,STRONG_UP,23.98,58.17,-43.15,-34.85,50.2,54.51,0.6648,LOW,-,202.0375,190.751,172.7146,1,53.5691,TREND+LEAD,22.4131
644,0,SBCF,SEACOAST BANKING OF FLORIDA,Financials,,mid,32.73,1.0671,0.9793,1.0379,0.9457,FLAT,15.04,49.15,53.61,-16.26,50.2,28.53,0.8914,LOW,-,31.016,31.547,30.7448,1,86.4858,TREND+LEAD,22.3864
645,0,SFL,SFL LTD,Energy,,small,11.07,1.0686,0.9848,0.9778,1.3285,FLAT,62.36,49.37,3.52,-27.85,53.41,31.83,0.5675,LOW,-,10.793,10.444,8.6361,1,82.8415,TREND+LEAD,22.3829
646,0,CALX,CALIX NETWORKS INC,Information Technology,,mid,50.15,1.0791,0.9947,0.9178,0.8384,STRONG_UP,-16.85,50.83,70.35,-34.71,54.22,47.29,0.651,LOW,PROGRESS,49.6215,51.2322,55.7333,0,58.2754,WEAK,22.3322
647,0,OSIS,OSI SYSTEMS INC,Information Technology,,mid,309.68,1.1782,1.0059,1.0085,1.0302,STRONG_DOWN,25.51,64.69,131.36,-18.47,55.02,40.81,0.6888,LOW,-,283.9775,280.6092,257.1611,1,87.2128,TREND+LEAD,22.3133
648,0,KWR,QUAKER HOUGHTON CORP,Materials,,mid,139.81,1.0091,1.0642,1.0742,0.863,FLAT,7.92,41.05,-23.46,-36.46,46.99,44.26,1.0587,MED,-,125.0447,139.6133,136.3698,1,43.5822,TREND+LEAD,22.2885
649,0,SLB,Schlumberger,Energy,Oil & Gas Equipment & Services,large,52.66,1.1215,0.9799,1.0204,1.101,STRONG_DOWN,62.18,56.76,9.36,-14.3,49.0,37.51,1.051,MED,-,51.1585,49.9214,40.0695,1,74.1443,TREND+LEAD,22.2659
650,0,F,Ford Motor Company,Consumer Discretionary,Automobile Manufacturers,large,12.87,1.0222,1.0226,1.0245,0.9291,FLAT,12.09,42.88,20.72,-22.31,51.0,33.37,0.656,LOW,-,11.918,12.6277,12.3179,1,65.5412,TREND+LEAD,22.2424
651,0,TEX,TEREX CORP,Industrials,,mid,60.82,1.3158,0.928,0.9733,0.9808,STRONG_DOWN,12.47,83.91,4.52,-28.29,50.2,58.67,0.7386,LOW,-,60.0265,62.7381,54.5399,1,71.7995,TREND+LEAD,22.2161
652,0,PENG,PENGUIN SOLUTIONS INC,Information Technology,,small,26.74,1.2177,1.0597,1.4022,1.3013,FLAT,18.9,70.21,50.9,-44.57,52.61,57.01,0.9766,LOW,-,20.855,19.6604,21.7743,1,64.7913,TREND+LEAD,22.2113
653,0,SLAB,SILICON LABORATORIES INC,Information Technology,,mid,212.89,1.6843,0.9733,0.9586,1.3902,FLAT,54.51,135.42,81.18,-24.37,52.61,100.17,0.3275,LOW,-,209.0955,206.4564,153.47,1,71.1234,TREND+LEAD,22.1431
654,0,BFLY,BUTTERFLY NETWORK INC CLASS A,Health Care,,small,5.45,1.7027,1.2303,1.272,1.2725,STRONG_DOWN,143.3,137.99,564.63,-49.43,47.79,129.96,1.0113,MED,-,4.2815,3.8352,2.8479,1,50.7433,TREND+LEAD,22.0645
655,0,MUR,MURPHY OIL CORP,Energy,,mid,36.87,1.3312,0.9129,0.8967,1.0669,FLAT,38.25,86.07,,-17.26,52.21,54.67,0.9527,LOW,-,39.6795,36.1357,29.8466,1,82.1978,TREND+LEAD,22.0355
656,0,TXT,Textron,Industrials,Aerospace & Defense,large,91.61,1.0158,0.9506,0.9571,0.9445,FLAT,12.25,41.99,-0.86,-14.69,55.42,29.35,0.3604,LOW,-,89.722,93.4534,86.3022,1,79.287,TREND+LEAD,22.01
657,0,PFS,PROVIDENT FINANCIAL SERVICES INC,Financials,,mid,22.84,1.1069,0.9887,1.0441,1.1126,STRONG_DOWN,30.76,54.72,84.09,-14.49,49.8,29.75,0.7437,LOW,-,21.5205,21.6858,19.7212,1,91.6049,TREND+LEAD,21.9464
658,0,BEAM,BEAM THERAPEUTICS INC,Health Care,,mid,31.39,1.2312,1.0049,1.1556,0.9766,FLAT,21.71,72.09,29.12,-38.15,49.0,69.71,0.9832,LOW,-,25.9045,26.6058,24.5539,1,50.676,TREND+LEAD,21.9227
659,0,UFCS,UNITED FIRE GROUP INC,Financials,,small,40.38,1.0983,0.9775,1.0251,1.1073,STRONG_DOWN,33.47,53.52,91.02,-9.43,53.41,27.64,0.7857,LOW,-,38.0975,37.954,33.7044,1,103.419,TREND+LEAD,21.8862
660,0,XERS,XERIS BIOPHARMA HOLDINGS INC,Health Care,,small,6.37,1.1337,1.0309,1.0578,0.8228,FLAT,-30.31,58.46,261.93,-46.57,49.8,43.97,0.693,LOW,-,5.826,6.108,7.0058,0,66.2086,WEAK,21.8588
661,0,HROW,HARROW INC,Health Care,,small,41.5,1.2776,1.0807,1.1175,0.8415,FLAT,9.44,78.57,282.49,-39.27,52.21,73.55,1.0905,MED,-,36.1895,40.9156,40.9782,1,55.7745,TREND+LEAD,21.8453
662,0,MNST,Monster Beverage,Consumer Staples,Soft Drinks & Non-alcoholic Beverages,large,76.72,0.9462,0.9861,0.964,0.9533,STRONG_UP,9.35,32.25,43.51,-17.7,55.82,24.96,0.7864,LOW,-,73.8745,77.6642,71.1115,1,72.1301,TREND_ONLY,21.7739
663,0,CTBI,COMMUNITY TRUST BANCORP INC,Financials,,small,67.04,1.0519,1.0016,1.0541,1.1023,STRONG_DOWN,33.77,47.03,77.71,-12.48,53.01,32.06,1.8776,HIGH,-,62.536,61.6191,56.8984,1,77.7653,TREND+LEAD,21.744
664,0,CPRI,CAPRI HOLDINGS LTD,Consumer Discretionary,,mid,20.9,1.0946,1.0061,1.0445,0.8173,FLAT,0.92,53.0,-44.75,-39.3,50.6,50.46,0.7561,LOW,SHIFT,18.739,19.2508,21.3427,0,53.1485,WEAK,21.7239
665,0,PSKY,Paramount Skydance Corporation,Communication Services,Movies & Entertainment,large,11.74,0.7931,1.0571,1.2141,0.9714,FLAT,-29.91,10.85,10.75,-55.05,48.59,66.59,0.5626,LOW,SHIFT,10.053,10.4482,13.4726,0,7.9186,WEAK,21.7197
666,0,CTRE,CARETRUST REIT INC,Real Estate,,mid,39.5,1.0489,0.9823,0.9425,1.027,FLAT,19.31,46.61,81.02,-12.25,56.63,29.85,0.6379,LOW,-,37.973,38.8834,35.2431,1,88.4201,TREND+LEAD,21.7006
667,0,SOC,SABLE OFFSHORE CORP CLASS A,Energy,,mid,13.11,0.484,0.9758,0.7087,1.0959,FLAT,-0.08,-32.35,27.78,-87.52,46.99,122.09,0.5937,LOW,-,15.0975,12.8248,15.5024,0,-12.452,WEAK,21.6955
668,0,CPF,CENTRAL PACIFIC FINANCIAL CORP,Financials,,small,34.85,1.0226,0.9935,1.0529,1.072,STRONG_DOWN,28.6,42.94,101.11,-12.3,52.61,25.77,1.4927,MED,-,32.6965,32.5423,30.3034,1,87.6657,TREND+LEAD,21.691
669,0,MTD,Mettler Toledo,Health Care,Life Sciences Tools & Services,large,1340.58,0.9886,0.9623,1.0434,0.8915,FLAT,-1.4,38.18,12.41,-22.44,51.41,29.2,0.5549,LOW,-,1283.6505,1298.7914,1331.7517,1,67.2252,TREND_ONLY,21.6791
670,0,CRH,CRH plc,Materials,Construction Materials,large,117.05,1.02,0.9643,1.0736,0.9278,FLAT,0.45,42.57,55.29,-23.82,48.19,34.64,0.8095,LOW,-,109.0985,112.9178,113.689,1,59.224,TREND+LEAD,21.6225
671,0,SMBC,SOUTHERN MISSOURI BANCORP INC,Financials,,small,67.5,0.9931,0.9761,1.0098,1.0683,STRONG_DOWN,42.26,38.8,74.27,-17.68,51.41,25.83,2.2565,HIGH,-,64.9165,63.9093,57.9961,1,77.2339,TREND_ONLY,21.6173
672,0,FIBK,FIRST INTERSTATE BANCSYSTEM INC,Financials,,mid,34.62,1.0124,0.9712,0.9938,0.9237,FLAT,21.31,41.51,58.62,-16.87,49.4,29.52,1.1709,MED,-,33.633,34.8017,32.6492,1,69.4647,TREND+LEAD,21.614
673,0,BIIB,Biogen,Health Care,Biotechnology,large,177.35,1.0892,0.9715,0.896,1.0477,FLAT,24.67,52.24,-6.91,-14.34,52.61,35.37,0.845,LOW,-,180.6155,186.0716,161.7254,1,77.7099,TREND+LEAD,21.6118
674,0,MITK,MITEK SYSTEMS INC,Information Technology,,small,15.15,1.4113,1.0403,0.9817,1.4657,FLAT,68.71,97.27,26.46,-18.01,49.8,73.63,1.7395,HIGH,-,14.0075,13.7506,10.7377,1,65.7861,TREND+LEAD,21.6109
675,0,CATY,CATHAY GENERAL BANCORP,Financials,,mid,54.25,1.0351,0.9782,1.0576,1.0448,FLAT,21.13,44.68,66.2,-12.33,51.81,26.3,0.6708,LOW,-,51.228,50.8454,48.5651,1,88.01,TREND+LEAD,21.598
676,0,SXT,SENSIENT TECHNOLOGIES CORP,Materials,,mid,100.26,0.976,1.028,1.0802,1.0052,FLAT,8.09,36.42,52.75,-30.7,49.8,33.79,1.0615,MED,-,90.4935,92.59,98.269,1,53.6814,TREND_ONLY,21.59
677,0,MPB,MID PENN BANCORP INC,Financials,,small,34.32,1.005,0.9857,1.0179,1.0357,STRONG_DOWN,30.35,40.48,83.99,-15.49,51.41,28.05,1.5957,HIGH,-,32.7235,32.684,30.1971,1,74.1866,TREND+LEAD,21.5725
678,0,XYZ,"Block, Inc.",Financials,Transaction & Payment Processing Services,large,71.26,0.9731,1.0721,1.1193,1.0495,FLAT,-4.4,36.02,-1.11,-39.48,54.62,61.19,0.8114,LOW,-,61.948,59.5152,68.0596,1,32.151,TREND_ONLY,21.5212
679,0,DOW,Dow Inc.,Materials,Commodity Chemicals,large,35.6,0.967,0.8575,0.8799,1.2691,STRONG_DOWN,66.93,35.17,-28.59,-32.02,47.39,54.68,1.6669,HIGH,-,39.4225,35.4512,26.737,1,30.4793,TREND_ONLY,21.4703
680,0,URI,United Rentals,Industrials,Trading Companies & Distributors,large,796.15,1.007,0.9867,1.0247,0.8413,FLAT,-20.49,40.76,28.05,-30.04,55.82,45.14,0.9118,LOW,PROGRESS,748.9105,797.9449,858.1856,0,50.4029,WEAK,21.436
681,0,SERV,SERVE ROBOTICS INC,Consumer Discretionary,,small,9.57,1.3243,1.089,0.9712,0.6266,STRONG_UP,-38.02,85.11,207.72,-56.28,47.39,82.9,0.8832,LOW,-,8.7185,9.3355,11.115,0,48.6513,WEAK,21.4205
682,0,GATX,GATX CORP,Industrials,,mid,198.51,0.9898,0.9865,1.1127,1.0782,FLAT,14.63,38.34,59.87,-16.74,55.02,24.75,0.9598,LOW,-,179.7745,181.6138,168.8375,1,85.2398,TREND_ONLY,21.3962
683,0,PATK,PATRICK INDUSTRIES INC,Consumer Discretionary,,mid,106.93,0.9962,0.9223,0.895,0.8133,STRONG_UP,8.87,39.25,61.59,-31.66,46.18,43.74,1.9498,HIGH,EARLY,110.949,120.5456,110.5373,0,41.4412,WEAK,21.3456
684,0,NNI,NELNET INC CLASS A,Financials,,mid,139.42,0.9867,1.0112,1.0117,1.0242,STRONG_DOWN,9.23,37.91,50.66,-10.11,52.61,19.94,0.9655,LOW,-,131.2805,130.8059,128.8602,1,100.0318,TREND_ONLY,21.3454
685,0,EOSE,EOS ENERGY ENTERPRISES INC CLASS A,Industrials,,small,7.16,1.1333,1.123,1.2019,0.3985,FLAT,-53.66,58.41,829.87,-77.1,49.8,140.07,1.1541,MED,-,5.4513,7.331,10.3865,0,20.7658,WEAK,21.3048
686,0,DAWN,DAY ONE BIOPHARMACEUTICALS INC,Health Care,,mid,21.47,2.1513,0.9652,0.93,2.0526,FLAT,187.42,200.7,36.32,-26.86,46.99,153.1,0.5338,LOW,-,21.437,17.3916,10.4273,1,61.5996,TREND+LEAD,21.2856
687,0,LNT,Alliant Energy,Utilities,Electric Utilities,large,72.83,0.9071,0.9704,0.9462,1.0591,FLAT,9.43,26.79,59.41,-7.01,57.03,15.95,0.6795,LOW,-,71.6815,71.1542,66.5456,1,95.7931,TREND_ONLY,21.2761
688,1,MC,MOELIS CLASS A,Financials,,mid,67.59,1.0155,1.0109,1.1606,0.8553,FLAT,2.76,41.94,43.73,-33.26,53.01,40.76,0.8811,LOW,-,59.2885,60.1152,66.5089,1,54.5467,TREND+LEAD,21.2267
689,1,PFG,Principal Financial Group,Financials,Life & Health Insurance,large,96.17,1.0171,0.9932,1.0374,1.0652,STRONG_DOWN,24.96,42.17,31.03,-11.96,52.61,25.96,0.6951,LOW,-,90.777,91.1205,84.4051,1,85.4641,TREND+LEAD,21.2144
690,1,PHM,PulteGroup,Consumer Discretionary,Homebuilding,large,126.53,0.98,1.0041,0.9948,0.9457,STRONG_UP,2.57,36.98,21.24,-20.06,47.39,33.4,1.1119,MED,-,118.8575,126.5908,124.2925,1,52.4703,TREND_ONLY,21.1399
691,1,REGN,Regeneron Pharmaceuticals,Health Care,Biotechnology,large,750.57,0.9616,0.9715,0.9431,0.9957,FLAT,32.2,34.41,-15.48,-21.43,51.0,26.46,0.725,LOW,-,754.203,765.1891,673.4912,1,66.3136,TREND_ONLY,21.1341
692,1,MARA,MARA HOLDINGS INC,Information Technology,,mid,11.6,0.6753,1.0818,1.1658,0.9918,FLAT,-42.77,-5.61,-22.82,-70.53,47.79,98.33,1.0774,MED,SHIFT,9.21,8.702,13.3855,0,-2.7287,WEAK,21.0687
693,1,WSFS,WSFS FINANCIAL CORP,Financials,,mid,70.41,1.0695,0.9808,1.0281,1.211,STRONG_DOWN,40.64,49.5,72.25,-14.91,51.41,29.56,0.9517,LOW,-,66.89,65.9868,58.4127,1,86.0842,TREND+LEAD,21.0617
694,1,GL,Globe Life,Financials,Life & Health Insurance,large,151.86,0.9352,0.9944,1.0242,1.0639,STRONG_DOWN,14.15,30.71,137.85,-10.87,55.02,18.45,0.6593,LOW,-,142.7233,142.623,137.3742,1,91.5857,TREND_ONLY,21.0044
695,1,ASB,ASSOCIATED BANCORP,Financials,,mid,28.14,1.0439,0.9759,1.0642,1.0393,FLAT,18.87,45.91,51.32,-16.37,49.8,29.07,0.7808,LOW,-,26.312,26.4964,25.6779,1,78.6439,TREND+LEAD,20.9893
696,1,ATKR,ATKORE INC,Industrials,,mid,69.12,0.8898,0.9721,1.1278,0.937,FLAT,5.15,24.37,-58.23,-32.38,51.81,32.6,1.9148,HIGH,-,63.1715,63.1206,64.6639,1,38.7307,TREND_ONLY,20.9833
697,1,ODFL,Old Dominion,Industrials,Cargo Ground Transportation,large,217.76,1.0468,1.0133,1.1065,1.2059,STRONG_DOWN,58.22,46.31,6.11,-28.01,52.61,47.0,0.6697,LOW,-,199.29,196.4593,162.8959,1,51.8431,TREND+LEAD,20.9556
698,1,CLDX,CELLDEX THERAPEUTICS INC,Health Care,,mid,34.55,1.3051,1.0243,1.066,1.3084,STRONG_DOWN,30.13,82.42,-10.33,-24.23,48.19,66.94,1.3235,MED,-,32.0165,29.1732,26.009,1,59.3327,TREND+LEAD,20.9471
699,1,MSFT,Microsoft,Information Technology,Systems Software,large,422.79,0.8487,1.0627,1.007,0.8951,STRONG_UP,-17.02,18.63,6.19,-33.91,53.82,34.87,1.2638,MED,SHIFT,379.927,392.1025,470.4445,0,28.7556,WEAK,20.9278
700,1,PEB,PEBBLEBROOK HOTEL TRUST REIT,Real Estate,,small,14.0,1.1567,0.9823,1.0564,1.1074,STRONG_DOWN,29.97,61.68,-1.78,-16.39,47.39,36.71,1.2363,MED,-,13.053,12.7172,11.4491,1,79.6184,TREND+LEAD,20.9223
701,1,AXP,American Express,Financials,Consumer Finance,large,331.69,0.9888,0.9896,1.0454,0.886,FLAT,3.21,38.21,55.84,-23.9,54.62,32.16,0.9446,LOW,SHIFT,309.1042,317.0798,334.1818,0,64.8908,WEAK,20.9135
702,1,IVT,INVENTRUST PROPERTIES CORP,Real Estate,,mid,32.62,0.8954,0.9892,0.968,1.0989,FLAT,19.21,25.16,,-8.63,50.6,15.24,1.071,MED,-,31.0944,30.8544,28.5902,1,83.5395,TREND_ONLY,20.9035
703,1,CASH,PATHWARD FINANCIAL INC,Financials,,mid,99.35,1.0135,1.0079,1.0076,1.2833,FLAT,42.59,41.66,103.88,-20.68,51.81,30.15,0.7148,LOW,-,92.4115,92.0038,79.61,1,71.5967,TREND+LEAD,20.8873
704,1,DG,Dollar General,Consumer Staples,Consumer Staples Merchandise Retail,large,126.68,0.9672,1.0263,0.9553,0.8312,STRONG_UP,23.05,35.19,-8.96,-25.58,50.2,34.2,0.8957,LOW,-,120.3,135.3249,119.8769,1,51.649,TREND_ONLY,20.8841
705,1,FBK,FB FINANCIAL CORP,Financials,,mid,54.0,0.9807,0.9318,0.9788,0.8825,FLAT,4.46,37.08,56.57,-17.08,53.82,30.35,1.5949,HIGH,PROGRESS,53.3375,54.732,54.066,0,65.7511,WEAK,20.8568
706,1,MATW,MATTHEWS INTERNATIONAL CORP CLASS,Consumer Discretionary,,small,27.54,1.0612,0.9829,1.0433,0.987,FLAT,20.42,48.33,15.83,-15.87,52.61,29.43,0.7047,LOW,-,25.931,25.9361,24.8305,1,86.3938,TREND+LEAD,20.855
707,1,VC,VISTEON CORP,Consumer Discretionary,,mid,98.65,0.9936,1.0201,1.0756,1.0268,FLAT,-14.08,38.88,-7.57,-33.97,47.79,45.73,1.7093,HIGH,SHIFT,91.3065,93.4221,105.0015,0,40.6332,WEAK,20.8462
708,1,CRSP,CRISPR THERAPEUTICS AG,Health Care,,mid,57.99,1.097,1.0218,1.1445,1.0526,FLAT,-15.26,53.33,3.26,-42.25,49.0,67.22,0.9547,LOW,-,50.294,51.9382,56.5505,1,38.876,TREND+LEAD,20.8382
709,1,DCH,DAUCH CORPORATION,Consumer Discretionary,,small,6.12,1.3148,0.9693,1.0424,0.772,FLAT,10.87,83.78,-12.32,-42.44,51.81,67.96,0.6663,LOW,-,5.8525,6.336,6.1597,0,63.8734,WEAK,20.8043
710,1,SHAK,SHAKE SHACK INC CLASS A,Consumer Discretionary,,mid,103.73,0.8995,0.9957,1.0902,1.0165,FLAT,11.23,25.73,8.93,-45.7,51.0,47.9,1.0776,MED,-,93.1855,93.041,98.1878,1,27.3988,TREND_ONLY,20.8027
711,1,YOU,CLEAR SECURE INC CLASS A,Information Technology,,mid,53.03,1.5516,1.056,1.0071,1.4863,FLAT,73.26,116.87,203.92,-22.91,51.81,91.5,0.6415,LOW,-,50.5695,44.6868,36.2075,1,66.1754,TREND+LEAD,20.7843
712,1,FE,FirstEnergy,Utilities,Electric Utilities,large,50.1,0.8924,0.9482,0.9342,1.0378,FLAT,9.16,24.74,44.5,-7.73,56.22,15.2,0.9143,LOW,-,50.474,50.1333,45.4467,1,91.4988,TREND_ONLY,20.7476
713,1,AGIO,AGIOS PHARMACEUTICALS INC,Health Care,,mid,35.14,0.9195,1.0241,1.1662,1.2553,STRONG_DOWN,-15.37,28.53,19.4,-50.89,53.41,42.7,0.7122,LOW,-,32.33,29.932,33.7876,1,35.6854,TREND_ONLY,20.7471
714,1,EIX,Edison International,Utilities,Electric Utilities,large,70.75,0.9608,0.9443,0.9229,1.1148,FLAT,28.1,34.3,15.17,-17.73,55.82,26.9,0.8965,LOW,-,71.8575,70.991,58.8384,1,71.181,TREND_ONLY,20.7212
715,1,BGC,BGC GROUP INC CLASS A,Financials,,mid,11.81,1.0318,0.9948,1.1399,1.2716,STRONG_DOWN,30.36,44.22,58.9,-23.25,51.41,37.78,1.0745,MED,-,10.393,9.8048,9.4855,1,60.1701,TREND+LEAD,20.7
716,1,ARLO,ARLO TECHNOLOGIES INC,Information Technology,,small,15.19,1.2061,1.0697,0.9478,1.0472,FLAT,-14.08,68.59,43.71,-42.23,53.41,70.62,1.0377,MED,-,14.1175,13.4942,15.3067,0,51.875,WEAK,20.6295
717,1,JBTM,JBT MAREL CORP,Industrials,,mid,132.23,1.036,0.9773,0.9409,0.8089,STRONG_UP,-1.51,44.81,48.38,-27.1,48.59,35.92,0.5349,LOW,PROGRESS,128.1975,143.0623,141.933,0,60.6161,WEAK,20.6265
718,1,ESQ,ESQUIRE FINANCIAL HOLDINGS INC,Financials,,small,115.96,1.0557,0.9895,1.0122,1.0567,STRONG_DOWN,18.28,47.56,162.13,-15.42,55.02,37.6,1.6976,HIGH,-,110.4035,107.9056,102.656,1,69.5943,TREND+LEAD,20.6176
719,1,BBAI,BIGBEAR.AI HOLDINGS INC,Information Technology,,small,3.85,1.1525,1.1103,0.9564,0.611,STRONG_UP,-50.0,61.09,151.63,-65.88,47.39,83.0,0.9462,LOW,-,3.485,3.8422,5.7336,0,34.879,WEAK,20.583
720,1,ES,Eversource Energy,Utilities,Electric Utilities,large,69.25,0.9195,0.9742,0.9217,0.9696,FLAT,-0.83,28.52,28.73,-15.13,58.23,22.05,0.3876,LOW,-,68.775,70.873,67.6048,1,75.3219,TREND_ONLY,20.5315
721,1,RYTM,RHYTHM PHARMACEUTICALS INC,Health Care,,mid,88.69,1.0491,0.9871,0.91,0.8477,STRONG_UP,-20.23,46.64,132.72,-35.54,51.81,51.45,0.7832,LOW,PROGRESS,85.199,91.4404,98.2,0,46.9699,WEAK,20.4846
722,1,AVAV,AEROVIRONMENT INC,Industrials,,mid,191.42,0.9497,0.9514,0.8392,0.4733,STRONG_UP,-48.83,32.75,30.48,-56.82,51.0,82.2,0.9121,LOW,PROGRESS,190.431,219.5746,273.8214,0,20.317,WEAK,20.4753
723,1,SWBI,SMITH WESSON BRANDS INC,Consumer Discretionary,,small,14.85,1.181,0.98,0.9697,1.3582,FLAT,49.81,65.08,-2.74,-27.81,49.4,44.75,0.6113,LOW,-,14.6815,13.3361,10.188,1,71.8421,TREND+LEAD,20.4163
724,1,OXY,Occidental Petroleum,Energy,Oil & Gas Exploration & Production,large,53.79,1.0076,0.8951,0.8365,1.2294,FLAT,32.45,40.84,-15.31,-18.8,51.0,40.81,1.2924,MED,-,60.617,55.3677,46.0971,1,51.0349,TREND+LEAD,20.4003
725,1,WFC,Wells Fargo,Financials,Diversified Banks,large,81.41,0.9297,0.9078,0.9875,0.8991,FLAT,-2.09,29.94,45.04,-22.75,55.82,31.49,1.101,MED,PROGRESS,81.0255,82.6146,83.9134,0,53.0797,WEAK,20.3939
726,1,IMKTA,INGLES MARKETS INC CLASS A,Consumer Staples,,small,91.39,1.0363,0.9559,1.0128,1.2548,STRONG_DOWN,24.89,44.85,26.98,-11.7,54.22,26.15,0.974,LOW,-,90.0134,87.6056,74.2061,1,92.985,TREND+LEAD,20.3927
727,1,BATRK,ATLANTA BRAVES HOLDINGS INC SERIES,Communication,,mid,47.63,0.8918,1.0385,1.0394,1.1546,STRONG_DOWN,21.78,24.65,28.21,-18.72,53.82,21.61,2.2479,HIGH,-,43.5545,43.0838,41.8884,1,61.3992,TREND_ONLY,20.3859
728,1,BFC,BANK FIRST CORP,Financials,,small,140.87,0.9774,0.9601,0.9761,1.0598,STRONG_DOWN,17.24,36.62,97.85,-14.17,52.21,25.5,1.7107,HIGH,-,137.5103,138.9934,129.1549,1,74.9747,TREND_ONLY,20.3473
729,1,FLR,FLUOR CORP,Industrials,,mid,48.56,1.0524,0.9467,0.9399,1.0727,FLAT,0.21,47.11,23.85,-30.19,49.4,43.01,0.6511,LOW,-,47.5245,47.7734,45.7425,1,54.1056,TREND+LEAD,20.3045
730,1,KRG,KITE REALTY GROUP TRUST REIT,Real Estate,,mid,26.72,0.953,1.0176,0.9884,1.1112,FLAT,25.11,33.2,43.72,-9.27,51.81,18.99,0.7128,LOW,-,24.782,25.061,22.7074,1,90.5895,TREND_ONLY,20.2948
731,1,STKL,SUNOPTA INC,Consumer Staples,,small,6.47,1.2477,0.9632,0.9295,1.3515,FLAT,15.74,74.39,9.66,-50.22,43.78,66.76,0.3245,LOW,-,6.482,6.4224,5.5209,1,48.7859,TREND+LEAD,20.2829
732,1,NIC,NICOLET BANKSHARES INC,Financials,,mid,158.27,1.0369,0.9705,1.0364,1.1719,STRONG_DOWN,30.02,44.94,109.91,-17.88,50.2,34.1,1.1633,MED,-,150.8325,151.6704,135.3657,1,66.1558,TREND+LEAD,20.2769
733,1,TROX,TRONOX HOLDINGS PLC,Materials,,small,9.12,1.3498,0.9265,1.1466,1.5601,STRONG_DOWN,153.35,88.67,-36.62,-51.47,49.8,85.1,0.6128,LOW,-,8.992,7.9465,5.2596,1,51.892,TREND+LEAD,20.2726
734,1,KMI,Kinder Morgan,Energy,Oil & Gas Storage & Transportation,large,32.02,0.9266,0.9646,0.8872,1.1232,FLAT,20.16,29.51,93.04,-11.11,53.41,19.28,0.8083,LOW,-,32.996,32.797,28.3925,1,81.7619,TREND_ONLY,20.2037
735,1,RXO,RXO INC,Industrials,,mid,18.7,1.0635,1.125,1.2722,1.2117,FLAT,4.82,48.65,-1.22,-43.07,53.41,76.69,,LOW,-,15.2955,14.942,15.244,1,33.8809,TREND+LEAD,20.1833
736,1,KOP,KOPPERS HOLDINGS INC,Materials,,small,37.69,1.113,0.9478,0.9325,1.2619,FLAT,41.67,55.57,-27.78,-23.96,50.6,37.75,0.6158,LOW,-,37.41,36.4527,30.9515,1,74.4818,TREND+LEAD,20.175
737,1,TRV,Travelers Companies (The),Financials,Property & Casualty Insurance,large,300.81,0.8759,0.9645,0.939,1.0884,FLAT,15.88,22.43,47.8,-8.93,51.41,17.53,1.5054,HIGH,-,295.635,299.3721,279.9287,1,65.7868,TREND_ONLY,20.1665
738,1,DAKT,DAKTRONICS INC,Information Technology,,small,19.67,1.1659,0.9559,0.8899,0.8809,STRONG_UP,1.24,62.97,113.34,-31.23,51.0,48.05,0.5701,LOW,-,19.849,22.558,19.9225,0,66.8318,WEAK,20.1368
739,1,NBN,NORTHEAST BANK,Financials,,small,124.15,1.0248,0.9708,1.0685,1.0561,FLAT,38.26,43.24,144.52,-27.57,51.0,31.11,0.8709,LOW,-,116.212,114.8524,103.802,1,70.88,TREND+LEAD,20.1357
740,1,NWN,NORTHWEST NATURAL HOLDING COMPANY,Utilities,,mid,54.04,0.9367,0.9566,0.9437,1.1294,FLAT,21.51,30.93,62.25,-9.85,57.03,19.93,0.4043,LOW,-,53.8675,52.0744,45.812,1,88.4956,TREND_ONLY,20.1133
741,1,GILD,Gilead Sciences,Health Care,Biotechnology,large,137.64,0.9689,0.9565,0.9038,1.0764,FLAT,18.23,35.44,121.59,-13.34,52.21,28.24,1.0423,MED,-,138.738,144.0688,124.5496,1,65.5128,TREND_ONLY,20.1024
742,1,ZS,Zscaler,Technology,EDP Services,large,134.68,0.4974,1.0612,0.803,0.6114,STRONG_UP,-54.99,-30.47,-22.14,-64.89,52.61,63.68,0.8003,LOW,EARLY,135.731,150.732,242.0129,0,-25.173,WEAK,20.0931
743,1,LOB,LIVE OAK BANCSHARES INC,Financials,,small,37.46,1.1311,0.997,1.0922,0.9685,FLAT,13.61,58.1,2.74,-23.99,49.8,39.23,0.597,LOW,-,34.286,35.9425,34.8983,1,73.7527,TREND+LEAD,20.051
744,1,ORIC,ORIC PHARMACEUTICALS INC,Health Care,,small,10.75,1.5792,0.9987,0.8974,0.8615,STRONG_UP,-19.17,120.74,13.04,-48.13,48.19,120.26,0.9022,LOW,-,10.5152,11.3285,11.0413,0,48.382,WEAK,20.0405
745,1,DASH,DoorDash,Consumer Discretionary,Specialized Consumer Services,large,183.89,0.7657,1.1131,1.0699,0.8699,STRONG_UP,-31.04,7.02,41.35,-47.97,53.82,50.04,0.8512,LOW,SHIFT,158.6522,166.9721,220.2546,0,7.5554,WEAK,20.0388
746,1,FULT,FULTON FINANCIAL CORP,Financials,,mid,21.99,1.0391,0.9827,1.0575,1.078,STRONG_DOWN,33.49,45.24,64.69,-15.52,51.81,29.47,0.8495,LOW,-,20.691,20.7878,19.0761,1,79.5291,TREND+LEAD,20.0348
747,1,UPST,UPSTART HOLDINGS INC,Financials,,mid,34.57,0.6222,1.1903,1.1966,0.6978,FLAT,-27.66,-13.03,54.95,-71.21,53.41,75.63,1.2496,MED,SHIFT,27.572,28.9084,49.3607,0,-9.2028,WEAK,20.0044
748,1,RYAM,RAYONIER ADVANCED MATERIALS INC,Materials,,small,10.21,1.786,0.9924,0.8492,1.1373,FLAT,40.44,149.63,139.67,-28.4,48.59,108.05,0.4082,LOW,-,10.268,9.766,7.0544,1,67.29,TREND+LEAD,20.0002
749,1,AEP,American Electric Power,Utilities,Electric Utilities,large,133.66,0.9364,0.9604,0.9621,1.0908,STRONG_DOWN,15.53,30.88,73.74,-8.32,52.61,17.83,0.7688,LOW,-,132.1075,130.6225,117.2998,1,91.1216,TREND_ONLY,19.9818
750,1,KALV,KALVISTA PHARMACEUTICALS INC,Health Care,,small,20.48,1.22,1.01,1.155,1.3625,STRONG_DOWN,85.51,70.52,78.09,-32.79,49.4,59.94,1.1385,MED,-,19.167,17.2666,14.7141,1,58.1233,TREND+LEAD,19.9588
751,1,MBIN,MERCHANTS BANCORP,Financials,,mid,48.91,1.1396,0.9894,1.0852,1.3467,STRONG_DOWN,57.53,59.3,29.93,-18.94,54.62,44.19,0.5118,LOW,-,44.879,44.0092,35.9056,1,73.2905,TREND+LEAD,19.9111
752,1,FFIV,"F5, Inc.",Information Technology,Communications Equipment,large,310.87,0.8868,1.0076,0.9922,1.1258,FLAT,5.25,23.95,73.1,-34.73,53.01,38.55,0.6522,LOW,-,296.065,286.2884,287.4439,1,32.9354,TREND_ONLY,19.8945
753,1,INOD,INNODATA INC,Industrials,,small,46.93,1.1312,1.1626,0.9787,0.7407,STRONG_UP,-42.41,58.12,700.85,-63.03,49.0,84.06,0.9888,LOW,-,40.4905,43.0912,54.4191,0,33.8791,WEAK,19.8939
754,1,WHD,CACTUS INC CLASS A,Energy,,mid,52.68,1.0347,0.9572,1.0862,0.9632,FLAT,48.81,44.62,9.45,-30.07,53.01,45.74,0.8344,LOW,-,50.2425,51.8388,45.5314,1,51.7141,TREND+LEAD,19.8652
755,1,WSBC,WESBANCO INC,Financials,,mid,36.36,0.9741,0.9704,1.0145,1.0387,STRONG_DOWN,22.48,36.16,44.77,-12.9,49.8,26.59,1.8957,HIGH,-,34.9275,34.975,32.5874,1,67.7286,TREND_ONLY,19.8642
756,1,OSW,ONESPAWORLD HOLDINGS LTD,Consumer Discretionary,,mid,24.7,1.0824,0.9569,1.0441,1.2195,STRONG_DOWN,24.66,51.3,104.36,-16.73,52.21,34.96,0.9223,LOW,-,23.4725,22.3064,21.4572,1,76.6108,TREND+LEAD,19.8616
757,1,NRIX,NURIX THERAPEUTICS INC,Health Care,,small,17.51,1.1874,1.0633,1.0874,0.8854,FLAT,74.58,65.97,21.26,-37.48,44.98,50.22,0.7448,LOW,-,15.692,15.7246,13.8906,1,59.088,TREND+LEAD,19.8246
758,1,COP,ConocoPhillips,Energy,Oil & Gas Exploration & Production,large,116.04,0.9807,0.9069,0.8532,1.1568,FLAT,35.8,37.08,-3.38,-13.47,53.01,30.83,1.1955,MED,-,126.841,119.1789,98.8687,1,63.7585,TREND_ONLY,19.8181
759,1,CARG,CARGURUS INC CLASS A,Communication,,mid,36.86,1.005,1.0222,1.0048,1.0478,FLAT,4.57,40.47,71.12,-30.92,52.61,42.37,0.5775,LOW,-,34.888,32.292,34.3782,1,50.254,TREND+LEAD,19.8133
760,1,INVX,INNOVEX INTERNATIONAL INC,Energy,,small,25.73,1.1891,0.9427,0.9807,1.0285,STRONG_DOWN,44.88,66.21,32.29,-17.91,53.82,42.86,0.347,LOW,-,25.217,25.532,21.1194,1,83.1466,TREND+LEAD,19.8129
761,1,WMB,Williams Companies,Energy,Oil & Gas Storage & Transportation,large,71.15,0.9314,0.9609,0.8902,1.1309,FLAT,15.55,30.19,103.45,-12.36,53.41,20.95,0.866,LOW,-,72.5975,72.4674,62.4894,1,76.9717,TREND_ONLY,19.7939
762,1,ZGN,ERMENEGILDO ZEGNA NV,Consumer Discretionary,,mid,12.15,1.2594,1.0243,1.2171,1.2345,STRONG_DOWN,21.5,76.04,7.12,-21.88,49.0,54.84,0.7209,LOW,-,10.7455,10.7264,9.8299,1,67.9392,TREND+LEAD,19.7514
763,1,ATO,Atmos Energy,Utilities,Gas Utilities,large,186.54,0.8715,0.9599,0.9348,1.0688,FLAT,6.96,21.81,70.64,-7.2,59.44,14.93,0.3856,LOW,-,186.036,183.3916,170.0472,1,86.8507,TREND_ONLY,19.7386
764,1,GNW,GENWORTH FINANCIAL INC,Financials,,mid,8.72,0.9778,0.9785,1.0125,1.0107,FLAT,2.35,36.68,48.3,-14.07,49.8,26.36,1.0692,MED,-,8.399,8.4828,8.4905,1,69.2914,TREND_ONLY,19.724
765,1,NNE,NANO NUCLEAR ENERGY INC,Industrials,,small,25.85,0.9986,1.142,1.14,0.7039,STRONG_UP,-46.6,39.58,398.07,-66.45,47.79,79.0,1.4593,MED,-,21.7715,23.7445,33.1113,0,23.9427,WEAK,19.7148
766,1,BBT,BEACON FINANCIAL CORP,Financials,,mid,32.33,1.0276,0.9866,1.0369,1.155,STRONG_DOWN,42.16,43.63,64.27,-13.9,50.6,27.55,0.5669,LOW,-,30.64,30.2754,26.5875,1,80.1361,TREND+LEAD,19.69
767,1,STEL,STELLAR BANCORP INC,Financials,,small,37.95,1.0851,0.9726,0.9891,1.1404,STRONG_DOWN,33.5,51.67,75.63,-11.68,51.81,30.2,0.5405,LOW,-,36.824,37.2043,32.3515,1,88.6472,TREND+LEAD,19.6112
768,1,SWX,SOUTHWEST GAS HOLDINGS INC,Utilities,,mid,90.99,0.9316,0.9619,0.9778,1.0317,STRONG_DOWN,19.1,30.21,32.66,-10.94,53.01,17.94,0.4113,LOW,-,88.8195,87.6559,80.8113,1,89.2697,TREND_ONLY,19.6082
769,1,ACA,ARCOSA INC,Industrials,,mid,114.48,1.0943,0.9667,1.0387,0.9652,FLAT,23.98,52.96,51.71,-21.45,50.6,42.57,0.7154,LOW,-,108.0141,113.198,102.8393,1,62.9535,TREND+LEAD,19.5692
770,1,EXPD,Expeditors International,Industrials,Air Freight & Logistics,large,147.3,1.0179,0.9891,0.927,0.881,STRONG_UP,25.22,42.28,31.5,-15.88,53.01,38.34,0.6099,LOW,-,144.119,146.6686,135.736,1,58.4567,TREND+LEAD,19.5683
771,1,AXON,Axon Enterprise,Industrials,Aerospace & Defense,large,402.85,0.5318,1.0823,0.7433,0.6152,STRONG_UP,-38.23,-25.66,35.37,-60.28,53.41,72.06,0.8495,LOW,EARLY,414.509,459.4982,619.2524,0,-19.0217,WEAK,19.5652
772,1,ORRF,ORRSTOWN FINANCIAL SERVICES INC,Financials,,small,39.16,1.0802,0.9848,1.0442,1.0444,STRONG_DOWN,23.82,50.99,66.37,-13.19,49.8,29.19,0.4071,LOW,-,36.8695,36.586,34.8541,1,86.9837,TREND+LEAD,19.563
773,1,MBWM,MERCANTILE BANK CORP,Financials,,small,53.68,0.9848,0.9732,0.9892,1.0457,STRONG_DOWN,26.38,37.65,65.86,-12.91,50.2,26.01,1.572,HIGH,-,51.504,51.8203,47.9608,1,72.6729,TREND_ONLY,19.5461
774,1,APTV,Aptiv,Consumer Discretionary,Automotive Parts & Equipment,large,59.62,0.8365,0.9704,0.7987,0.7367,STRONG_UP,-28.59,16.92,-13.99,-35.13,49.4,42.56,1.1013,MED,EARLY,63.5575,71.2554,76.5546,0,19.645,WEAK,19.5427
775,1,WSR,WHITESTONE REIT,Real Estate,,small,18.95,1.0801,0.9687,1.0792,1.3142,STRONG_DOWN,62.74,50.97,86.73,-12.73,52.61,30.77,0.8656,LOW,-,17.2225,16.1222,13.5907,1,87.1416,TREND+LEAD,19.5339
776,1,MCB,METROPOLITAN BANK HOLDING CORP,Financials,,small,89.02,1.1547,0.9522,1.0196,1.0901,STRONG_DOWN,24.08,61.39,170.71,-18.71,49.4,43.29,1.1391,MED,-,85.287,86.35,78.6279,1,70.059,TREND+LEAD,19.4934
777,1,PRLB,PROTO LABS INC,Industrials,,small,64.51,1.4293,0.9921,1.0551,1.1443,STRONG_DOWN,18.3,99.78,107.69,-19.51,52.21,66.25,0.5659,LOW,-,59.4445,60.6762,52.1744,1,78.6367,TREND+LEAD,19.3955
778,1,OSCR,OSCAR HEALTH INC CLASS A,Financials,,mid,15.79,0.9705,0.9855,1.1001,0.9267,FLAT,-24.92,35.65,-4.01,-51.71,46.59,61.23,0.5438,LOW,SHIFT,13.2585,13.3342,15.8578,0,27.1284,WEAK,19.3925
779,1,TMO,Thermo Fisher Scientific,Health Care,Life Sciences Tools & Services,large,526.6,0.8964,0.9894,1.0377,0.8275,FLAT,-1.73,25.29,-2.11,-27.31,50.6,28.62,0.8852,LOW,-,497.34,502.9923,522.9394,1,44.7133,TREND_ONLY,19.3264
780,1,KIM,Kimco Realty,Real Estate,Retail REITs,large,24.19,0.903,1.0074,0.9707,1.1282,FLAT,14.65,26.21,49.44,-12.7,51.81,18.41,0.5536,LOW,-,22.8285,22.7992,21.201,1,73.7695,TREND_ONLY,19.3112
781,1,NBBK,NB BANCORP INC,Financials,,small,22.5,0.9986,0.9726,1.012,1.1106,STRONG_DOWN,32.75,39.58,69.16,-12.31,50.2,24.58,1.2682,MED,-,21.569,21.532,19.5248,1,80.8408,TREND_ONLY,19.2905
782,1,CRNX,CRINETICS PHARMACEUTICALS INC,Health Care,,mid,41.0,0.9729,1.0246,1.0606,0.7113,FLAT,-3.1,35.99,-4.67,-40.33,46.99,43.86,0.9995,LOW,-,37.435,39.7784,40.2944,1,38.5549,TREND_ONLY,19.2814
783,1,TJX,TJX Companies,Consumer Discretionary,Apparel Retail,large,160.68,0.9385,0.9743,0.9625,0.9945,FLAT,13.36,31.18,77.88,-10.13,51.41,20.39,0.7871,LOW,-,159.337,157.8513,145.8026,1,78.6212,TREND_ONLY,19.2736
784,1,WMT,Walmart,Consumer Staples,Consumer Staples Merchandise Retail,large,127.5,0.9959,0.9889,0.9776,1.0367,FLAT,20.24,39.2,119.52,-10.92,52.61,26.89,0.8026,LOW,-,124.3685,125.4524,110.3628,1,76.6873,TREND_ONLY,19.2495
785,1,TBBK,BANCORP INC,Financials,,mid,61.7,1.0145,1.001,1.0811,0.8602,FLAT,-13.92,41.81,85.9,-35.92,57.03,53.81,0.63,LOW,SHIFT,55.992,55.8806,65.8463,0,44.3082,WEAK,19.2376
786,1,PFE,Pfizer,Health Care,Pharmaceuticals,large,27.56,0.9595,0.9739,0.9317,1.0611,FLAT,17.69,34.12,23.72,-11.47,52.61,23.76,0.6948,LOW,-,27.4135,27.2266,25.0986,1,75.5538,TREND_ONLY,19.2252
787,1,UNF,UNIFIRST CORP,Industrials,,mid,263.13,1.1111,0.9788,0.9183,1.2199,FLAT,59.79,55.31,71.25,-21.06,52.61,47.42,0.6638,LOW,-,257.636,248.9844,193.9577,1,61.3599,TREND+LEAD,19.2036
788,1,CAC,CAMDEN NATIONAL CORP,Financials,,small,51.2,1.0199,0.9747,1.0465,1.1067,STRONG_DOWN,47.0,42.55,93.49,-16.82,51.81,31.18,1.1792,MED,-,48.3209,47.6305,42.0818,1,70.7106,TREND+LEAD,19.1944
789,1,FFBC,FIRST FINANCIAL BANCORP,Financials,,mid,29.76,0.9778,0.9747,1.032,1.0944,STRONG_DOWN,30.41,36.67,52.31,-14.19,47.39,27.65,2.8171,HIGH,-,28.356,28.4734,25.8401,1,62.8506,TREND_ONLY,19.1925
790,1,UBSI,UNITED BANKSHARES INC,Financials,,mid,44.29,1.0003,0.9732,1.0408,1.0539,STRONG_DOWN,31.61,39.81,45.07,-13.73,49.4,25.32,0.7138,LOW,-,42.194,41.9177,38.3169,1,77.6798,TREND+LEAD,19.1774
791,1,CAKE,CHEESECAKE FACTORY INC,Consumer Discretionary,,mid,62.68,0.9362,1.0282,1.0152,1.0314,FLAT,16.71,30.86,93.99,-36.39,53.82,38.17,0.8265,LOW,-,57.4445,59.9113,56.6072,1,43.5112,TREND_ONLY,19.1528
792,1,POWI,POWER INTEGRATIONS INC,Information Technology,,mid,58.65,0.9248,1.0615,1.1654,1.3209,STRONG_DOWN,26.05,29.27,-5.34,-47.83,48.19,44.94,0.8539,LOW,-,52.1595,48.9566,44.1758,1,31.3821,TREND_ONLY,19.1019
793,1,POR,PORTLAND GENERAL ELECTRIC,Utilities,,mid,52.41,0.9254,0.9572,0.9389,1.0352,FLAT,22.0,29.35,37.59,-8.24,54.22,18.64,0.9457,LOW,-,52.5563,52.3305,46.3323,1,85.3777,TREND_ONLY,19.0864
794,1,LH,Labcorp,Health Care,Health Care Services,large,270.68,0.9223,0.9899,0.9497,0.9731,FLAT,-4.1,28.92,38.91,-15.22,55.82,24.02,0.6454,LOW,-,267.919,273.3527,267.1135,1,67.1982,TREND_ONLY,19.0814
795,1,A,Agilent Technologies,Health Care,Life Sciences Tools & Services,large,121.87,0.8768,1.0021,1.0128,0.8497,FLAT,-13.28,22.55,-6.54,-29.75,51.81,26.9,0.7191,LOW,SHIFT,115.1155,118.2898,129.2465,0,43.4351,WEAK,19.0758
796,1,LMT,Lockheed Martin,Industrials,Aerospace & Defense,large,592.19,0.9496,0.9233,0.8607,0.9928,FLAT,21.61,32.74,36.89,-15.56,55.02,27.12,0.8818,LOW,-,616.9175,635.2154,516.2904,1,66.4134,TREND_ONLY,19.069
797,1,GHC,GRAHAM HOLDINGS COMPANY CLASS B,Consumer Discretionary,,mid,1152.9301,0.9478,1.013,1.0054,0.9832,STRONG_UP,21.78,32.48,67.69,-19.78,50.2,25.85,0.5092,LOW,-,1080.8476,1077.7252,1066.2992,1,63.0677,TREND_ONLY,19.0615
798,1,LYV,Live Nation Entertainment,Communication Services,Movies & Entertainment,large,156.56,0.9071,0.9127,0.9408,1.0529,STRONG_DOWN,3.2,26.79,74.65,-27.84,52.21,38.54,1.312,MED,-,156.2415,156.4764,151.6019,1,36.292,TREND_ONLY,19.0237
799,1,TRMK,TRUSTMARK CORP,Financials,,mid,45.29,1.016,0.9752,1.025,1.0709,STRONG_DOWN,24.94,42.01,85.41,-10.67,49.0,25.3,0.629,LOW,-,43.2405,43.0186,39.9004,1,81.3552,TREND+LEAD,19.0171
800,1,CDP,COPT DEFENSE PROPERTIES,Real Estate,,mid,32.49,0.932,0.977,0.9614,1.034,FLAT,18.87,30.27,56.98,-10.71,50.2,18.68,0.6159,LOW,-,31.4525,31.6025,29.1086,1,81.3586,TREND_ONLY,18.997
801,1,FLYW,FLYWIRE CORP,Financials,,small,13.61,1.1296,1.1096,1.0606,0.9586,STRONG_UP,6.66,57.89,-34.94,-28.16,51.41,50.79,0.9254,LOW,-,12.092,12.0262,12.8249,1,58.5953,TREND+LEAD,18.987
802,1,HON,Honeywell,Industrials,Industrial Conglomerates,large,233.55,0.9323,0.9658,0.9449,1.0391,FLAT,23.3,30.31,35.27,-16.03,50.6,23.53,0.9827,LOW,-,228.247,234.6042,210.2979,1,65.1889,TREND_ONLY,18.9693
803,1,AMGN,Amgen,Health Care,Biotechnology,large,355.3,0.9579,0.9813,0.9408,1.0517,FLAT,21.81,33.9,43.72,-12.41,53.01,29.2,1.2866,MED,-,349.8305,363.3045,319.4223,1,61.5353,TREND_ONLY,18.9367
804,1,GLNG,GOLAR LNG LTD,Energy,,mid,51.84,1.0139,0.9376,0.9426,1.2783,STRONG_DOWN,37.33,41.72,121.93,-21.95,52.61,34.61,,LOW,-,53.8195,48.3848,41.5934,1,63.4199,TREND+LEAD,18.8658
805,1,PJT,PJT PARTNERS INC CLASS A,Financials,,mid,159.51,0.9043,0.9863,1.1313,0.8251,FLAT,-8.42,26.4,77.26,-32.47,54.62,34.13,1.2138,MED,SHIFT,145.155,146.015,168.1508,0,42.2463,WEAK,18.8421
806,1,CVSA,COVISTA INC,Consumer Discretionary,,mid,117.91,0.8668,1.007,1.0212,0.9801,FLAT,-20.12,21.16,155.55,-42.14,57.03,36.46,0.3867,LOW,-,114.4785,106.1552,116.4857,1,33.0934,TREND_ONLY,18.824
807,1,DEC,DIVERSIFIED ENERGY COMPANY,Energy,,small,15.21,1.0276,0.9094,0.8705,1.2113,FLAT,26.96,43.64,36.29,-24.8,54.22,42.52,1.0669,MED,-,16.676,14.944,14.0357,1,55.6423,TREND+LEAD,18.8052
808,1,FIHL,FIDELIS INSURANCE HOLDINGS LTD,Financials,,small,20.97,0.9595,1.011,1.0413,1.119,STRONG_DOWN,19.64,34.12,13.8,-15.99,56.63,22.74,0.9116,LOW,-,19.523,19.3177,18.1159,1,84.9585,TREND_ONLY,18.8032
809,1,TMDX,TRANSMEDICS GROUP INC,Health Care,,mid,115.87,0.945,0.9875,0.9441,0.785,STRONG_UP,0.16,32.09,32.82,-37.3,49.8,53.49,1.0873,MED,PROGRESS,107.5458,122.6299,123.326,0,29.877,WEAK,18.7918
810,1,COCO,THE VITA COCO COMPANY INC,Consumer Staples,,mid,48.32,1.1217,0.9647,0.8294,0.8766,FLAT,17.08,56.78,107.74,-23.23,53.41,54.6,0.8561,LOW,-,49.9673,53.4694,46.2799,1,55.5438,TREND+LEAD,18.7551
811,1,COF,Capital One,Financials,Consumer Finance,large,206.47,0.9065,1.0098,1.0644,0.8418,FLAT,2.41,26.71,49.98,-31.47,57.83,41.02,0.7576,LOW,SHIFT,188.6815,194.0736,214.4526,0,37.661,WEAK,18.7248
812,1,BUSE,FIRST BUSEY CORP,Financials,,mid,26.98,1.0013,0.9759,1.0191,1.085,STRONG_DOWN,24.17,39.96,32.75,-11.82,49.4,25.36,0.9614,LOW,-,25.7715,25.743,24.018,1,77.8386,TREND+LEAD,18.6908
813,1,BKH,BLACK HILLS CORP,Utilities,,mid,76.07,0.9503,1.0184,0.9939,1.0171,FLAT,24.28,32.82,58.11,-10.45,56.63,23.34,0.6666,LOW,-,71.7,72.2949,65.633,1,79.6423,TREND_ONLY,18.685
814,1,UMBF,UMB FINANCIAL CORP,Financials,,mid,123.59,0.9923,0.9913,1.0481,0.9871,FLAT,15.92,38.7,58.86,-18.57,49.4,28.3,0.9584,LOW,-,115.752,118.484,115.73,1,67.5493,TREND_ONLY,18.6567
815,1,SNPS,Synopsys,Information Technology,Application Software,large,449.58,0.7994,1.0397,0.9727,0.8458,STRONG_UP,2.13,11.74,-13.49,-41.04,53.01,45.55,0.7951,LOW,SHIFT,410.066,422.339,483.1218,0,13.6578,WEAK,18.6521
816,1,BX,Blackstone Inc.,Financials,Asset Management & Custody Banks,large,129.08,0.7943,1.0237,1.0541,0.7758,FLAT,-16.6,11.03,13.88,-44.76,45.78,44.33,0.8651,LOW,SHIFT,115.8865,117.3969,147.4248,0,11.3859,WEAK,18.6148
817,2,TGNA,TEGNA INC,Communication,,mid,20.03,0.9442,0.9458,0.8964,1.0012,FLAT,-3.6,31.98,56.77,-14.51,47.39,20.65,0.0,LOW,-,20.5762,19.8735,19.0759,1,73.3827,TREND_ONLY,18.5682
818,2,D,Dominion Energy,Utilities,Multi-Utilities,large,62.42,0.8975,0.9577,0.9478,1.0024,FLAT,5.24,25.45,41.04,-9.77,53.01,17.92,0.904,LOW,-,62.04,62.7169,59.5946,1,75.2967,TREND_ONLY,18.5393
819,2,DIS,Walt Disney Company (The),Communication Services,Movies & Entertainment,large,106.29,0.9153,1.0149,0.9928,0.9284,STRONG_UP,-2.61,27.94,-3.55,-24.97,47.79,29.62,0.9002,LOW,SHIFT,98.402,101.6152,110.1099,0,45.0715,WEAK,18.5327
820,2,LLY,Lilly (Eli),Health Care,Pharmaceuticals,large,927.03,0.8168,0.9635,0.9362,0.8686,STRONG_UP,13.49,14.17,26.01,-30.26,54.62,40.58,1.0289,MED,-,920.1265,973.1411,903.407,1,19.0661,TREND_ONLY,18.5201
821,2,PPG,PPG Industries,Materials,Specialty Chemicals,large,114.85,0.8484,1.0066,1.0817,1.0179,FLAT,15.2,18.59,-10.83,-25.68,51.0,38.17,2.4513,HIGH,-,106.5525,113.1049,107.2568,1,24.8388,TREND_ONLY,18.5065
822,2,IRTC,IRHYTHM HOLDINGS INC,Health Care,,mid,125.32,0.909,1.0052,0.9859,0.7282,STRONG_UP,-30.77,27.06,11.77,-40.29,52.61,41.62,0.6326,LOW,PROGRESS,119.4405,128.3688,158.0559,0,34.2063,WEAK,18.5063
823,2,VVX,V2X INC,Industrials,,mid,66.7,1.019,0.9283,0.9087,0.953,FLAT,17.04,42.43,41.95,-16.34,53.01,34.77,0.9751,LOW,-,68.705,68.877,59.617,1,64.6884,TREND+LEAD,18.4856
824,2,PWP,PERELLA WEINBERG PARTNERS CLASS A,Financials,,small,21.56,1.007,0.9938,1.1547,0.962,FLAT,11.23,40.75,46.33,-33.93,51.0,46.08,1.094,MED,-,18.885,19.157,19.7954,1,45.1022,TREND+LEAD,18.4794
825,2,CCBG,CAPITAL CITY BANK INC,Financials,,small,46.83,0.966,0.9686,1.029,1.0271,FLAT,20.15,35.02,89.68,-12.94,53.41,26.33,1.0809,MED,-,44.681,43.3619,41.8807,1,71.0385,TREND_ONLY,18.4699
826,2,SPB,SPECTRUM BRANDS HOLDINGS INC,Consumer Staples,,small,84.71,1.0601,1.0372,1.0911,1.3369,STRONG_DOWN,64.16,48.17,12.71,-23.7,51.81,35.56,0.821,LOW,-,76.545,76.3441,61.3117,1,70.1832,TREND+LEAD,18.4387
827,2,ZBRA,Zebra Technologies,Information Technology,Electronic Equipment & Instruments,large,234.43,0.7553,1.0018,1.0535,0.9064,FLAT,-20.24,5.58,-14.14,-41.62,50.6,45.0,1.3548,MED,SHIFT,214.543,225.5602,271.1035,0,6.2691,WEAK,18.4301
828,2,MGY,MAGNOLIA OIL GAS CORP CLASS A,Energy,,mid,27.62,1.0047,0.8988,0.8363,1.1943,FLAT,23.31,40.43,12.81,-15.34,52.61,32.3,0.8839,LOW,-,30.429,28.9529,24.5357,1,65.848,TREND+LEAD,18.4135
829,2,GFF,GRIFFON CORP,Industrials,,mid,87.81,0.9807,1.0488,1.1697,1.0083,FLAT,17.82,37.08,37.35,-27.85,51.81,36.92,0.9512,LOW,-,75.388,80.0877,77.1824,1,52.032,TREND_ONLY,18.385
830,2,TARS,TARSUS PHARMACEUTICALS INC,Health Care,,mid,67.24,0.9917,0.8942,0.9334,0.9181,FLAT,-10.31,38.61,104.69,-26.34,51.0,44.88,1.4617,MED,-,68.9328,69.1695,65.0058,1,43.8757,TREND_ONLY,18.3416
831,2,CTS,CTS CORP,Information Technology,,small,55.13,1.0599,0.9585,1.0831,1.1105,STRONG_DOWN,34.66,48.14,28.8,-20.31,53.01,35.05,0.8856,LOW,-,50.77,51.3417,44.8475,1,72.8135,TREND+LEAD,18.3126
832,2,SR,SPIRE INC,Utilities,,mid,92.31,0.8963,0.9653,0.9341,1.0831,FLAT,10.87,25.28,69.33,-9.46,56.63,18.11,0.91,LOW,-,91.959,90.6207,82.316,1,79.0462,TREND_ONLY,18.2832
833,2,CRGY,CRESCENT ENERGY CLASS A,Energy,,mid,11.81,1.0957,0.8942,0.8933,1.3829,FLAT,43.72,53.15,19.77,-22.34,53.82,52.76,0.9707,LOW,-,12.9625,11.7805,9.4795,1,54.222,TREND+LEAD,18.2675
834,2,SNA,Snap-on,Industrials,Industrial Machinery & Supplies & Components,large,380.27,0.9559,0.9625,0.9767,1.0287,STRONG_DOWN,12.02,33.61,53.14,-8.47,50.6,20.93,0.708,LOW,-,368.771,373.2165,344.6885,1,81.2543,TREND_ONLY,18.2514
835,2,FCF,FIRST COMMONWEALTH FINANCIAL CORP,Financials,,small,18.81,0.9716,0.9651,1.0362,1.0534,STRONG_DOWN,23.14,35.81,56.87,-15.15,51.0,22.05,,LOW,-,17.9975,17.8357,16.9353,1,82.8245,TREND_ONLY,18.2233
836,2,MLM,Martin Marietta Materials,Materials,Construction Materials,large,622.02,0.9223,0.946,1.0157,0.9283,FLAT,-0.08,28.92,7.12,-20.72,54.62,30.69,0.9683,LOW,-,600.0305,627.3728,617.2743,1,51.4718,TREND_ONLY,18.2198
837,2,UE,URBAN EDGE PROPERTIES,Real Estate,,mid,22.02,0.9086,1.0165,0.9823,1.1397,FLAT,14.09,27.0,46.46,-11.99,50.2,18.08,0.8141,LOW,-,20.603,20.6238,19.5506,1,74.9734,TREND_ONLY,18.1815
838,2,TPB,TURNING POINT BRANDS INC,Consumer Staples,,small,81.43,1.0335,0.9451,0.8838,0.6656,STRONG_UP,-9.89,44.46,204.59,-49.88,56.22,66.8,0.9475,LOW,-,81.4605,101.265,98.4386,0,37.4155,WEAK,18.1792
839,2,IQV,IQVIA,Health Care,Life Sciences Tools & Services,large,176.46,0.894,0.9913,0.9822,0.7211,STRONG_UP,-14.24,24.95,-22.32,-33.72,49.8,48.61,0.6024,LOW,SHIFT,170.2175,171.2908,196.853,0,25.5649,WEAK,18.1789
840,2,WST,West Pharmaceutical Services,Health Care,Health Care Supplies,large,273.73,0.9546,1.0173,1.0554,1.0244,FLAT,2.62,33.43,-27.02,-24.7,48.19,37.09,0.6493,LOW,-,255.033,248.373,255.5109,1,43.4286,TREND_ONLY,18.1632
841,2,NFLX,Netflix,Communication Services,Movies & Entertainment,large,97.31,0.7047,0.9114,0.9828,1.0741,STRONG_DOWN,-17.78,-1.5,59.38,-43.35,51.41,45.17,2.5226,HIGH,-,98.1465,91.9538,105.8776,0,-1.7062,WEAK,18.1575
842,2,GKOS,GLAUKOS CORP,Health Care,,mid,124.79,1.0111,1.009,1.1326,1.0081,FLAT,46.24,41.33,31.18,-29.92,51.41,49.9,0.6149,LOW,-,113.2655,111.961,100.8635,1,42.5755,TREND+LEAD,18.1535
843,2,BDC,BELDEN INC,Information Technology,,mid,130.98,1.0179,0.9716,1.062,1.0969,STRONG_DOWN,16.8,42.28,60.81,-26.52,53.01,42.8,0.6736,LOW,-,120.4625,129.019,122.8029,1,52.3646,TREND+LEAD,18.1153
844,2,FLG,FLAGSTAR BANK NATIONAL ASSOCIATION,Financials,,mid,14.65,1.0081,1.006,1.0851,1.104,STRONG_DOWN,31.71,40.91,67.04,-17.47,52.21,32.37,,LOW,-,13.5495,13.3393,12.3961,1,65.9852,TREND+LEAD,18.1114
845,2,HRI,HERC HOLDINGS INC,Industrials,,mid,110.18,0.7217,1.0233,0.9901,0.6807,STRONG_UP,-14.03,0.87,-24.18,-49.5,47.39,66.14,1.5323,HIGH,PROGRESS,101.0215,124.8439,133.0185,0,0.6239,WEAK,18.0974
846,2,NWE,NORTHWESTERN ENERGY GROUP INC,Utilities,,mid,72.48,0.9333,1.0158,1.0045,1.0349,FLAT,25.11,30.45,62.63,-13.55,56.22,23.89,0.5812,LOW,-,68.3125,68.2986,61.5163,1,71.6626,TREND_ONLY,18.0734
847,2,HTB,HOMETRUST BANCSHARES INC,Financials,,small,45.55,0.9912,0.9645,1.0073,1.0021,FLAT,17.31,38.55,95.25,-9.67,51.41,24.07,0.8813,LOW,-,43.6465,43.2649,41.4713,1,82.3354,TREND_ONLY,18.0624
848,2,AMTB,AMERANT BANCORP INC CLASS A,Financials,,small,23.81,0.9466,0.9625,1.0617,1.1142,STRONG_DOWN,35.44,32.31,15.76,-22.86,51.0,29.49,2.1885,HIGH,-,22.749,22.194,20.1567,1,55.8813,TREND_ONLY,18.0263
849,2,HBAN,Huntington Bancshares,Financials,Regional Banks,large,16.85,0.9294,0.9795,1.0292,0.9175,FLAT,11.72,29.9,38.58,-21.26,52.61,31.87,0.6947,LOW,-,15.9345,16.4425,16.5498,1,49.3662,TREND_ONLY,18.0207
850,2,NXPI,NXP Semiconductors,Information Technology,Semiconductors,large,216.03,0.9184,1.0034,1.0461,0.8896,FLAT,0.33,28.37,2.13,-24.58,48.19,36.15,1.4638,MED,SHIFT,200.114,211.0682,217.4395,0,37.8138,WEAK,17.9901
851,2,WS,WORTHINGTON STEEL INC,Materials,,small,34.4,1.0639,0.9642,1.0164,0.8382,FLAT,15.51,48.7,9.52,-42.0,52.61,57.93,0.4354,LOW,-,32.1635,37.1636,34.1038,1,44.2288,TREND+LEAD,17.97
852,2,VIR,VIR BIOTECHNOLOGY INC,Health Care,,small,10.75,1.3709,1.1156,1.0619,1.7231,FLAT,85.34,91.62,35.05,-31.96,49.0,84.13,0.6627,LOW,-,9.317,8.9287,6.5267,1,53.3636,TREND+LEAD,17.9291
853,94,WVE,WAVE LIFE SCIENCES LTD,Health Care,,small,7.49,0.8756,0.9968,0.5726,0.533,STRONG_UP,-4.83,22.39,56.04,-70.91,52.61,113.08,1.4174,MED,-,8.027,11.2026,10.2154,0,10.4148,WEAK,17.8806
854,1,UVSP,UNIVEST FINANCIAL CORP,Financials,,small,37.58,1.0208,0.9776,1.0539,1.0962,STRONG_DOWN,34.64,42.68,114.83,-14.01,49.8,27.65,0.9772,LOW,-,35.38,34.6121,31.9176,1,76.8751,TREND+LEAD,17.8612
855,1,TRMB,Trimble Inc.,Information Technology,Electronic Equipment & Instruments,large,69.29,0.8818,1.0008,0.9629,0.9109,STRONG_UP,-11.02,23.25,19.75,-26.63,57.03,35.23,0.6808,LOW,SHIFT,65.677,66.6514,76.3866,0,37.6336,WEAK,17.8578
856,1,RELY,REMITLY GLOBAL INC,Financials,,mid,20.01,0.7495,1.1168,1.1817,1.4135,STRONG_DOWN,30.78,4.76,7.58,-50.18,48.19,68.09,2.2009,HIGH,-,16.7095,15.9857,15.8545,1,3.372,TREND_ONLY,17.8523
857,1,CTRA,Coterra,Energy,Oil & Gas Exploration & Production,large,30.89,0.9213,0.9041,0.8443,1.1755,FLAT,38.97,28.77,21.27,-15.51,55.82,32.27,1.0433,MED,-,33.9335,32.2319,26.5231,1,49.7691,TREND_ONLY,17.8311
858,1,NTGR,NETGEAR INC,Information Technology,,small,27.51,0.9108,1.1262,1.1939,1.1913,FLAT,-15.25,27.3,94.42,-44.82,49.8,48.25,1.617,HIGH,-,23.402,21.9088,25.8409,1,28.1792,TREND_ONLY,17.8278
859,1,ALGN,Align Technology,Health Care,Health Care Supplies,large,190.07,0.7896,1.0164,0.9992,1.0766,FLAT,46.39,10.36,-36.93,-39.73,52.21,46.15,0.8287,LOW,-,176.43,179.7684,159.1025,1,11.7256,TREND_ONLY,17.8206
860,1,AHCO,ADAPTHEALTH CORP,Health Care,,small,12.66,1.2357,0.9928,1.1637,1.159,FLAT,38.66,72.71,35.26,-17.4,49.0,52.65,0.9646,LOW,-,11.82,10.7232,9.8307,1,67.6739,TREND+LEAD,17.8161
861,1,FRT,Federal Realty Investment Trust,Real Estate,Retail REITs,mid,112.53,0.9123,0.9975,0.9915,1.0657,FLAT,17.34,27.52,24.53,-6.96,51.41,17.61,0.8574,LOW,-,106.2082,106.0081,98.3403,1,80.3466,TREND_ONLY,17.8034
862,1,HWKN,HAWKINS INC,Materials,,mid,151.08,0.906,0.9716,1.0371,0.9667,FLAT,-9.86,26.64,104.62,-34.79,53.82,42.68,1.2402,MED,SHIFT,148.6305,146.3264,153.1692,0,33.592,WEAK,17.8002
863,1,Q,Qnity Electronics,Information Technology,Semiconductor Materials & Equipment,large,136.29,1.0246,0.9752,1.1281,1.3621,STRONG_DOWN,,43.21,43.21,-27.12,56.78,60.19,0.5065,LOW,-,121.9065,116.5834,,0,40.7636,WEAK,17.7672
864,1,KKR,KKR & Co.,Financials,Asset Management & Custody Banks,large,103.6,0.7614,1.0199,1.0595,0.7671,FLAT,-11.55,6.43,12.32,-44.62,50.2,49.02,0.5991,LOW,SHIFT,93.6225,94.5354,122.1553,0,6.584,WEAK,17.7233
865,1,HUBG,HUB GROUP INC CLASS A,Industrials,,mid,42.66,0.9781,1.0514,1.1454,0.8873,FLAT,17.15,36.71,12.94,-35.62,53.41,53.69,0.9919,LOW,-,37.562,39.0788,38.4189,1,36.523,TREND_ONLY,17.7044
866,1,CRWD,CrowdStrike,Information Technology,Systems Software,large,423.95,0.8363,1.0183,0.9174,0.9073,STRONG_UP,-12.09,16.89,44.15,-37.18,53.01,56.39,0.7046,LOW,SHIFT,400.1175,405.3427,459.638,0,15.8781,WEAK,17.6808
867,88,SLNO,SOLENO THERAPEUTICS INC,Health Care,,mid,52.78,0.5478,0.9687,1.4551,1.2068,FLAT,-22.38,-23.43,42.07,-66.04,47.39,87.48,1.2034,MED,SHIFT,42.7975,40.0745,55.8246,0,-12.6924,WEAK,17.6537
868,0,HRTG,HERITAGE INSURANCE HOLDINGS INC,Financials,,small,27.22,1.0403,0.9846,0.9475,1.0122,FLAT,13.7,45.41,186.83,-26.9,51.81,49.18,1.0668,MED,-,26.448,26.5056,25.4426,1,47.8342,TREND+LEAD,17.6466
869,88,BCO,BRINKS,Industrials,,mid,114.38,0.9501,1.0343,1.0544,0.8855,FLAT,3.63,32.81,35.19,-27.95,49.4,42.54,1.2452,MED,-,104.399,114.7462,112.2993,1,38.0976,TREND_ONLY,17.6297
870,-1,NEXT,NEXTDECADE CORP,Energy,,mid,6.84,0.6694,0.8776,0.8706,1.2559,FLAT,11.95,-6.43,15.15,-60.0,46.99,73.41,1.3744,MED,-,7.6402,6.4043,7.1531,0,-4.1156,WEAK,17.6211
871,-1,PDD,PDD Holdings,Technology,EDP Services,large,104.79,0.7945,1.0044,0.9966,0.9534,STRONG_UP,-17.71,11.05,-7.84,-30.36,51.41,29.14,1.4534,MED,SHIFT,100.7565,102.135,115.2437,0,19.5009,WEAK,17.6025
872,-1,NKE,"Nike, Inc.",Consumer Discretionary,"Apparel, Accessories & Luxury Goods",large,46.03,0.6015,1.0364,0.7981,0.6991,STRONG_UP,-30.23,-15.92,-49.8,-45.23,46.99,42.64,1.5761,HIGH,EARLY,47.431,54.9193,64.7898,0,-17.5451,WEAK,17.5881
873,-1,BULL,WEBULL CORP CLASS A,Financials,,mid,6.72,0.1953,1.2296,1.1815,0.7999,STRONG_UP,-42.81,-72.71,-39.38,-81.19,43.78,66.51,1.7106,HIGH,SHIFT,5.2625,5.5932,10.0191,0,-47.8579,WEAK,17.5256
874,-1,HTH,HILLTOP HOLDINGS INC,Financials,,mid,37.92,0.9788,0.9728,1.0079,1.0374,STRONG_DOWN,23.48,36.81,36.42,-13.52,47.39,23.63,0.4353,LOW,-,36.39,37.0564,34.1671,1,73.8245,TREND_ONLY,17.4978
875,90,JBLU,JETBLUE AIRWAYS CORP,Industrials,,small,5.87,1.1698,1.184,1.3234,1.0598,FLAT,23.06,63.51,-17.44,-37.62,46.99,82.53,1.4612,MED,-,4.7385,5.0456,4.8235,1,36.1605,TREND+LEAD,17.48
876,-1,BCRX,BIOCRYST PHARMACEUTICALS INC,Health Care,,mid,9.5,0.9026,0.9754,0.8973,1.3855,FLAT,41.37,26.16,111.11,-44.24,44.18,50.94,0.6678,LOW,-,9.5325,8.5572,7.8728,1,22.6902,TREND_ONLY,17.4208
877,-1,VMC,Vulcan Materials Company,Materials,Construction Materials,large,291.71,0.8975,0.9485,1.0516,0.9278,FLAT,-1.17,25.45,16.05,-22.05,57.03,32.79,0.565,LOW,-,279.447,289.0792,289.707,1,44.2725,TREND_ONLY,17.412
878,0,NDAQ,"Nasdaq, Inc.",Financials,Financial Exchanges & Data,large,88.61,0.9081,0.9937,0.9517,0.855,STRONG_UP,1.38,26.93,51.36,-21.76,58.23,35.17,0.6469,LOW,SHIFT,85.744,84.9789,90.0394,0,44.5847,WEAK,17.3799
879,0,NOW,ServiceNow,Information Technology,Systems Software,large,96.66,0.4574,1.0486,0.7907,0.7375,STRONG_UP,-45.97,-36.07,-33.92,-60.28,49.0,57.36,0.7415,LOW,EARLY,99.252,105.6086,155.2508,0,-30.8134,WEAK,17.3655
880,0,ARES,Ares Management,Financials,Asset Management & Custody Banks,large,117.78,0.6353,1.0667,1.0106,0.6834,STRONG_UP,-14.93,-11.2,-4.39,-49.3,50.2,59.34,0.8596,LOW,SHIFT,107.6225,112.9606,150.8324,0,-9.4731,WEAK,17.3543
881,0,MGNI,MAGNITE INC,Communication,,small,13.71,0.8909,1.0956,1.0171,0.9261,STRONG_UP,-25.12,24.52,58.68,-57.77,53.82,63.45,1.0992,MED,-,12.246,12.3742,17.581,0,20.8012,WEAK,17.3505
882,0,LOW,Lowe's,Consumer Discretionary,Home Improvement Retail,large,251.72,0.8635,0.9843,1.0154,0.8849,FLAT,4.52,20.69,14.3,-21.84,51.81,30.64,1.3657,MED,-,238.3925,253.1472,247.0645,1,34.986,TREND_ONLY,17.3341
883,0,ANF,ABERCROMBIE AND FITCH CLASS A,Consumer Discretionary,,mid,94.36,0.9277,0.9771,0.9853,0.8802,FLAT,36.62,29.67,-13.68,-36.96,49.8,45.16,0.8408,LOW,-,92.966,92.3794,92.7901,1,32.7172,TREND_ONLY,17.3233
884,0,TKO,TKO Group Holdings,Communication Services,Movies & Entertainment,large,186.31,0.9445,0.9209,0.8749,0.8939,FLAT,-0.04,32.02,97.74,-17.68,55.02,36.93,1.1213,MED,EARLY,194.4985,202.4761,192.622,0,47.7055,WEAK,17.2914
885,0,DHI,D. R. Horton,Consumer Discretionary,Homebuilding,large,149.81,0.898,1.0028,1.006,0.9357,FLAT,-1.45,25.52,4.86,-27.56,49.0,33.31,0.9112,LOW,SHIFT,140.0295,148.4986,152.4119,0,37.5394,WEAK,17.2116
886,0,IEX,IDEX Corporation,Industrials,Industrial Machinery & Supplies & Components,large,205.92,0.9313,0.9699,1.0183,1.0157,FLAT,25.23,30.17,-6.29,-17.02,46.99,26.44,0.4998,LOW,-,194.3215,199.7812,179.2335,1,53.6242,TREND_ONLY,17.2111
887,0,HOPE,HOPE BANCORP INC,Financials,,small,12.53,0.9885,0.9874,1.071,1.0519,FLAT,27.53,38.17,32.83,-15.54,48.59,29.81,1.1047,MED,-,11.679,11.6014,10.9343,1,62.214,TREND_ONLY,17.1894
888,0,STAA,STAAR SURGICAL,Health Care,,small,25.08,1.0855,0.9028,1.3302,1.1617,FLAT,3.38,51.72,-46.38,-43.65,49.4,66.68,0.6236,LOW,-,21.379,19.4224,23.0136,1,38.3199,TREND+LEAD,17.1854
889,0,RVLV,REVOLVE GROUP CLASS A INC,Consumer Discretionary,,small,27.3,1.0312,1.0525,1.1065,0.8731,FLAT,31.25,44.14,42.78,-30.3,48.19,50.35,1.2346,MED,-,23.655,24.301,24.083,1,42.2458,TREND+LEAD,17.1676
890,0,TDS,TELEPHONE AND DATA SYSTEMS INC,Communication,,mid,45.82,0.9411,0.9779,1.0101,0.9952,FLAT,19.15,31.54,205.53,-15.67,53.82,26.78,0.4681,LOW,-,44.119,44.4834,40.663,1,63.3848,TREND_ONLY,17.1381
891,0,FMBH,FIRST MID BANCSHARES INC,Financials,,small,43.67,0.9984,0.9681,1.0213,1.0278,STRONG_DOWN,26.42,39.55,53.88,-13.93,50.2,25.48,0.8606,LOW,-,41.9635,41.8162,39.3465,1,77.9258,TREND_ONLY,17.1282
892,0,CURB,CURBLINE PROPERTIES,Real Estate,,mid,28.23,0.9149,0.9911,0.9995,1.1231,STRONG_DOWN,25.24,27.88,48.98,-9.54,51.41,21.09,1.1375,MED,-,26.524,26.6483,23.7063,1,67.9645,TREND_ONLY,17.0805
893,0,LFST,LIFESTANCE HEALTH GROUP INC,Health Care,,mid,6.89,0.8002,1.0305,0.9883,0.9231,STRONG_UP,36.71,11.85,20.67,-44.26,47.79,35.89,0.8335,LOW,-,6.4825,6.7294,5.9864,1,15.78,TREND_ONLY,17.0634
894,0,ONB,OLD NATIONAL BANCORP,Financials,,mid,23.96,0.9156,0.9805,1.0462,1.0068,FLAT,23.78,27.98,60.16,-17.73,50.2,27.9,1.3034,MED,-,22.5265,23.1018,22.154,1,50.3527,TREND_ONLY,17.0035
895,0,ORC,ORCHID ISLAND CAPITAL INC,Financials,,small,7.04,0.9508,0.946,0.9298,0.8613,STRONG_UP,6.35,32.9,26.12,-15.79,49.0,28.75,1.1899,MED,-,7.0148,7.1535,6.77,1,56.0741,TREND_ONLY,16.9944
896,0,BMY,Bristol Myers Squibb,Health Care,Pharmaceuticals,large,60.17,0.9235,1.0013,0.9693,1.0685,FLAT,41.76,29.09,37.23,-13.68,50.2,24.83,0.8937,LOW,-,58.6261,59.3784,50.3814,1,58.8124,TREND_ONLY,16.9676
897,0,TPL,Texas Pacific Land Corporation,Energy,Oil & Gas Exploration & Production,large,422.58,0.7307,0.9796,0.7353,1.2176,FLAT,35.53,2.13,123.24,-42.34,53.01,60.39,0.8376,LOW,-,460.1145,475.5533,352.6218,1,1.8689,TREND_ONLY,16.9636
898,0,SM,SM ENERGY,Energy,,mid,25.97,0.8746,0.8697,0.8671,1.3971,FLAT,22.61,22.25,-42.7,-38.16,49.8,56.66,1.044,MED,-,29.749,26.0762,23.2491,1,19.5541,TREND_ONLY,16.9458
899,0,NX,QUANEX BUILDING PRODUCTS CORP,Industrials,,small,20.26,0.9531,0.9911,1.1405,1.0567,FLAT,42.63,33.22,-38.93,-49.67,49.4,45.24,0.5239,LOW,-,18.394,19.2564,17.1652,1,36.2693,TREND_ONLY,16.9332
900,0,PRSU,PURSUIT ATTRACTIONS AND HOSPITALIT,Consumer Discretionary,,small,41.33,1.0193,0.9734,1.0739,1.1994,STRONG_DOWN,15.97,42.47,21.92,-13.94,51.81,35.38,1.281,MED,-,38.4375,37.3696,35.1531,1,62.1897,TREND+LEAD,16.9139
901,0,TRI,Thomson Reuters,Technology,Computer Software,large,93.01,0.3763,1.0278,0.9241,0.734,STRONG_UP,-39.81,-47.4,-36.32,-61.67,45.38,60.14,0.7743,LOW,SHIFT,89.2825,92.5367,139.0125,0,-35.7686,WEAK,16.9006
902,0,AEE,Ameren,Utilities,Multi-Utilities,large,112.71,0.8599,0.9742,0.9532,1.0598,FLAT,8.63,20.2,65.12,-7.9,57.03,16.51,0.7421,LOW,-,110.529,109.9583,102.4475,1,69.774,TREND_ONLY,16.8893
903,0,HIG,Hartford (The),Financials,Property & Casualty Insurance,large,139.84,0.8906,0.9715,0.9864,1.0526,STRONG_DOWN,13.76,24.48,49.21,-9.16,53.82,18.26,0.8356,LOW,-,136.4365,137.9428,131.671,1,72.1553,TREND_ONLY,16.8581
904,0,ACLX,ARCELLX INC,Health Care,,mid,115.05,1.3509,0.9677,0.9324,1.621,FLAT,29.49,88.82,111.1,-33.06,52.21,156.65,0.2194,LOW,-,114.7875,104.2698,82.0541,1,29.604,TREND+LEAD,16.8446
905,0,ADMA,ADMA BIOLOGICS INC,Health Care,,mid,11.01,0.4011,1.0248,0.6792,0.6178,STRONG_UP,-24.38,-43.94,77.58,-66.18,49.4,73.76,2.4367,HIGH,PROGRESS,10.2075,13.593,16.2002,0,-29.429,WEAK,16.8151
906,0,IT,Gartner,Information Technology,IT Consulting & Other Services,large,154.62,0.2819,0.9687,0.8996,0.6511,STRONG_UP,-34.53,-60.6,-65.61,-68.03,50.2,61.9,0.6346,LOW,PROGRESS,153.9615,156.9512,233.5568,0,-49.1484,WEAK,16.7777
907,0,CNOB,CONNECTONE BANCORP INC,Financials,,small,28.69,0.9881,0.9822,1.0143,1.0389,STRONG_DOWN,24.92,38.11,68.24,-12.41,51.81,29.0,1.1106,MED,-,27.31,27.0116,25.5031,1,68.0899,TREND_ONLY,16.7705
908,0,O,Realty Income,Real Estate,Retail REITs,large,65.09,0.8489,0.9932,0.9671,1.0428,FLAT,12.8,18.66,39.78,-11.1,53.41,15.87,0.8099,LOW,-,62.122,63.6592,58.5497,1,62.793,TREND_ONLY,16.7466
909,0,EQT,EQT Corporation,Energy,Oil & Gas Exploration & Production,large,58.48,0.8879,0.9792,0.8378,1.1271,FLAT,10.48,24.11,66.04,-18.39,52.21,32.44,1.091,MED,-,61.695,60.9179,55.8126,1,38.7975,TREND_ONLY,16.734
910,-92,SWK,Stanley Black & Decker,Industrials,Industrial Machinery & Supplies & Components,large,71.34,0.9489,0.9527,0.9573,0.8281,FLAT,7.46,32.63,-13.2,-26.14,47.39,41.16,,LOW,PROGRESS,70.1395,77.0593,73.0616,0,37.5654,WEAK,16.7161
911,-1,CNC,Centene Corporation,Health Care,Managed Health Care,large,38.17,0.4707,0.9842,0.9943,0.8104,FLAT,7.1,-34.2,-48.24,-59.93,53.41,53.63,0.6414,LOW,-,35.271,38.3086,36.0792,1,-34.0607,TREND_ONLY,16.7014
912,-1,XEL,Xcel Energy,Utilities,Multi-Utilities,large,81.08,0.8677,0.9737,0.9446,1.0493,FLAT,1.49,21.28,61.19,-11.5,55.02,19.03,0.845,LOW,-,79.653,80.1658,75.8252,1,61.5162,TREND_ONLY,16.6847
913,-1,CDNA,CAREDX INC,Health Care,,small,21.42,0.9046,1.2296,1.1283,1.0398,STRONG_UP,42.9,26.45,165.43,-43.92,52.21,73.87,2.0029,HIGH,-,17.8435,18.2897,16.6921,1,18.6918,TREND_ONLY,16.6653
914,-1,RDW,REDWIRE CORP,Industrials,,small,10.34,0.7929,1.0,0.9949,0.8577,STRONG_UP,20.94,10.83,189.64,-75.4,50.2,122.35,0.9757,LOW,-,9.3895,9.1884,9.5901,1,4.4416,TREND_ONLY,16.6623
915,-1,DJCO,DAILY JOURNAL CORP,Information Technology,,small,541.72,1.0477,1.044,1.0443,0.8007,FLAT,26.13,46.44,58.4,-29.75,57.43,54.61,,LOW,-,509.6145,515.3758,477.0018,1,48.8365,TREND+LEAD,16.6296
916,-1,DECK,Deckers Brands,Consumer Discretionary,Footwear,large,112.5,0.7773,1.0051,0.9936,1.0853,FLAT,13.57,8.64,-17.0,-38.52,47.79,53.57,0.5307,LOW,-,102.8935,108.088,103.4252,1,7.7106,TREND_ONLY,16.6163
917,-1,OGS,ONE GAS INC,Utilities,,mid,88.96,0.8573,0.9718,0.9568,1.1066,FLAT,11.4,19.83,53.49,-11.75,56.63,16.92,0.6196,LOW,-,87.5655,86.3441,79.0439,1,66.3566,TREND_ONLY,16.5977
918,-1,CDNS,Cadence Design Systems,Information Technology,Application Software,large,311.03,0.8846,1.0427,1.0028,0.9517,STRONG_UP,-4.08,23.64,8.79,-28.85,52.21,47.0,0.8635,LOW,SHIFT,284.994,290.323,321.2311,0,26.2611,WEAK,16.568
919,-1,SCHW,Charles Schwab Corporation,Financials,Investment Banking & Brokerage,large,92.28,0.8917,0.9211,0.9097,0.8663,STRONG_UP,-0.59,24.64,29.9,-14.61,58.63,31.97,1.4465,MED,EARLY,94.8035,95.1777,95.4827,0,45.1819,WEAK,16.5652
920,-1,TPH,TRI POINTE HOMES INC,Consumer Discretionary,,mid,46.86,1.1338,0.9668,0.9318,1.2934,FLAT,46.94,58.47,35.36,-17.47,50.2,56.33,0.8946,LOW,-,46.7325,45.2666,36.3397,1,52.1084,TREND+LEAD,16.5587
921,-1,EOG,EOG Resources,Energy,Oil & Gas Exploration & Production,large,128.43,0.8721,0.913,0.8639,1.1937,FLAT,23.0,21.9,4.05,-18.51,52.21,30.32,1.331,MED,-,139.1842,130.3826,115.1054,1,37.7143,TREND_ONLY,16.5566
922,-1,BLK,BlackRock,Financials,Asset Management & Custody Banks,large,1052.14,0.8996,0.993,1.0055,0.8835,FLAT,-9.24,25.74,47.02,-22.45,53.82,31.58,0.9868,LOW,SHIFT,986.809,1011.6312,1074.1616,0,43.868,WEAK,16.5553
923,-1,CNP,CenterPoint Energy,Utilities,Multi-Utilities,large,43.0,0.8625,0.9723,0.9212,1.0576,FLAT,9.6,20.56,61.82,-8.39,54.22,16.63,0.7754,LOW,-,42.913,42.7519,39.256,1,67.0408,TREND_ONLY,16.5497
924,-1,PKST,PEAKSTONE REALTY TRUST CLASS E,Real Estate,,small,20.94,1.2896,0.9666,0.931,1.4539,FLAT,68.02,80.26,89.31,-16.14,51.41,66.97,0.4722,LOW,-,20.8985,20.8544,15.4678,1,61.6106,TREND+LEAD,16.5467
925,-1,INTU,Intuit,Information Technology,Application Software,large,393.25,0.4986,1.0284,0.8029,0.7027,STRONG_UP,-38.92,-30.31,-34.41,-56.24,49.4,54.5,0.7508,LOW,EARLY,407.4804,415.5254,604.0018,0,-27.4696,WEAK,16.5374
926,-1,NTAP,NetApp,Information Technology,"Technology Hardware, Storage & Peripherals",large,104.53,0.9333,1.0263,0.9443,0.9828,FLAT,-11.58,30.45,8.46,-24.83,51.81,40.46,0.8128,LOW,SHIFT,100.9334,100.5865,107.7154,0,38.9929,WEAK,16.5334
927,-1,AVNT,AVIENT CORP,Materials,,mid,38.55,0.9251,0.9856,1.1148,1.0588,FLAT,25.77,29.31,-3.77,-28.48,49.8,35.57,0.5035,LOW,-,36.13,37.6399,33.9216,1,41.0346,TREND_ONLY,16.5295
928,-1,ACHR,ARCHER AVIATION INC CLASS A,Industrials,,mid,6.11,0.6122,1.0831,0.942,0.6698,STRONG_UP,-48.53,-14.43,61.64,-63.78,49.4,63.81,0.8656,LOW,PROGRESS,5.5235,6.252,8.6406,0,-11.168,WEAK,16.503
929,-1,BIPC,BROOKFIELD INFRASTRUCTURE CORP CLA,Utilities,,mid,41.96,0.8952,0.9602,0.938,0.9022,STRONG_UP,-6.89,25.13,52.27,-25.28,56.22,31.11,0.4991,LOW,PROGRESS,40.404,44.7588,43.1111,0,45.407,WEAK,16.4953
930,-1,EE,EXCELERATE ENERGY INC CLASS A,Energy,,mid,34.9,0.9632,0.9979,0.9263,1.0221,FLAT,24.53,34.63,128.53,-27.46,53.41,44.07,0.4984,LOW,-,33.692,36.5403,29.3604,1,41.9653,TREND_ONLY,16.4733
931,-1,WAFD,WAFD INC,Financials,,mid,35.24,0.9347,1.0402,1.0509,1.0656,STRONG_DOWN,28.78,30.64,39.54,-12.9,51.41,30.11,2.7111,HIGH,-,32.1275,32.0207,30.9277,1,52.3227,TREND_ONLY,16.4683
932,-1,NCLH,Norwegian Cruise Line Holdings,Consumer Discretionary,"Hotels, Resorts & Cruise Lines",mid,20.99,0.9356,1.001,0.9903,0.9263,STRONG_UP,-8.14,30.78,15.52,-35.04,48.59,69.54,1.1575,MED,PROGRESS,19.681,21.1046,22.289,0,21.5062,WEAK,16.4223
933,-1,ABNB,Airbnb,Consumer Discretionary,"Hotels, Resorts & Cruise Lines",large,141.55,0.9073,1.0494,1.0028,1.0523,FLAT,15.18,26.83,-11.59,-21.54,55.02,37.41,0.8643,LOW,-,129.9355,128.8508,128.0987,1,39.4531,TREND_ONLY,16.3477
934,-1,SBUX,Starbucks,Consumer Discretionary,Restaurants,large,100.0,0.9112,0.9911,0.9669,1.0513,FLAT,20.19,27.37,20.92,-18.53,50.6,30.39,0.8962,LOW,-,93.9785,96.0145,88.9561,1,45.5656,TREND_ONLY,16.3265
935,-1,INVA,INNOVIVA INC,Health Care,,small,24.24,0.9487,0.977,1.0168,1.2112,STRONG_DOWN,40.52,32.6,65.01,-23.53,51.0,26.07,0.8956,LOW,-,23.1925,22.8366,20.3794,1,63.7821,TREND_ONLY,16.2926
936,-1,RDNT,RADNET INC,Health Care,,mid,60.39,0.9123,1.0376,0.8933,0.8263,STRONG_UP,-21.97,27.51,26.84,-35.39,51.0,48.09,0.7617,LOW,PROGRESS,57.5395,63.2932,69.4307,0,29.1775,WEAK,16.2653
937,-1,FICO,Fair Isaac,Information Technology,Application Software,large,1073.52,0.4229,1.0362,0.8936,0.6654,STRONG_UP,-33.74,-40.89,-7.63,-58.19,52.21,64.84,0.6577,LOW,PROGRESS,1049.6395,1212.7076,1504.1821,0,-32.9236,WEAK,16.2448
938,-1,STGW,STAGWELL INC CLASS A,Communication,,small,7.28,0.9978,1.0939,1.0862,1.0779,STRONG_UP,41.91,39.46,31.41,-36.78,50.2,63.62,1.0012,MED,-,6.4035,5.7198,5.4389,1,31.1392,TREND_ONLY,16.2437
939,-1,STEP,STEPSTONE GROUP INC CLASS A,Financials,,mid,54.97,0.8969,1.074,1.0805,0.7043,FLAT,-10.12,25.36,60.83,-43.1,51.81,58.9,0.8276,LOW,SHIFT,48.552,49.3584,59.5698,0,22.3074,WEAK,16.2099
940,-1,HBNC,HORIZON BANCORP INC,Financials,,small,18.01,0.9932,0.9831,1.0583,1.0087,FLAT,21.41,38.82,71.67,-16.65,50.2,29.93,0.9471,LOW,-,16.868,16.9236,16.3146,1,65.1095,TREND_ONLY,16.2083
941,-1,CPRX,CATALYST PHARMACEUTICALS INC,Health Care,,mid,26.26,0.8532,1.0012,1.0897,1.1237,STRONG_DOWN,27.91,19.26,71.19,-27.29,53.41,34.78,2.618,HIGH,-,24.7015,24.3028,22.3937,1,29.5693,TREND_ONLY,16.1832
942,-1,SFNC,SIMMONS FIRST NATIONAL CORP CLASS,Financials,,mid,21.52,0.9242,1.0078,1.0663,1.0989,STRONG_DOWN,22.12,29.18,32.64,-17.57,51.81,34.36,2.2692,HIGH,-,19.889,20.0202,19.1631,1,43.9968,TREND_ONLY,16.1757
943,-1,PCT,PURECYCLE TECHNOLOGIES INC,Materials,,small,6.77,0.8703,1.055,1.0284,0.5592,STRONG_UP,-52.05,21.65,32.75,-70.09,45.78,83.69,0.9472,LOW,-,5.7565,6.7598,10.6765,0,11.8447,WEAK,16.1382
944,-1,EAT,BRINKER INTERNATIONAL INC,Consumer Discretionary,,mid,158.14,0.756,0.9912,1.0122,0.9742,FLAT,23.28,5.67,249.09,-44.41,50.6,44.9,1.1001,MED,-,148.466,148.8278,146.5462,1,6.3855,TREND_ONLY,16.1288
945,-1,MGM,MGM Resorts,Consumer Discretionary,Casinos & Gaming,large,38.59,0.9546,1.0145,0.9628,1.0716,FLAT,21.77,33.44,-8.21,-22.76,49.0,45.57,0.7947,LOW,-,37.133,36.556,35.5249,1,35.9538,TREND_ONLY,16.1267
946,-1,VCTR,VICTORY CAPITAL HOLDINGS CLASS A I,Financials,,mid,73.87,0.9994,1.0315,1.0078,1.0648,FLAT,13.03,39.69,70.6,-18.13,51.0,37.55,0.6542,LOW,-,67.758,69.7622,66.5644,1,53.9059,TREND_ONLY,16.1
947,-1,DNLI,DENALI THERAPEUTICS INC,Health Care,,mid,20.57,1.1191,1.0234,0.9651,1.1106,FLAT,23.03,56.43,23.92,-23.42,48.59,67.3,0.814,LOW,-,19.9837,20.2537,17.1974,1,40.739,TREND+LEAD,16.0969
948,0,IR,Ingersoll Rand,Industrials,Industrial Machinery & Supplies & Components,large,85.8,0.8813,0.9453,0.9676,0.9455,FLAT,13.23,23.18,-3.39,-22.08,49.4,40.41,1.4774,MED,-,82.5245,87.9243,82.9857,1,28.3397,TREND_ONLY,16.0867
949,0,CIM,CHIMERA INVESTMENT CORP,Financials,,small,13.7,0.9894,0.9856,1.0002,1.0305,STRONG_DOWN,15.18,38.29,42.41,-18.18,52.61,29.77,0.7529,LOW,-,12.8448,12.8419,12.436,1,67.665,TREND_ONLY,16.0634
950,0,GD,General Dynamics,Industrials,Aerospace & Defense,large,336.29,0.8969,0.9535,0.8954,0.8933,STRONG_UP,2.61,25.36,22.55,-8.41,52.21,22.34,0.9614,LOW,-,343.7324,349.0348,334.3775,1,59.2787,TREND_ONLY,16.059
951,0,AIZ,Assurant,Financials,Multi-line Insurance,large,227.76,0.9001,0.9894,0.9961,0.9493,FLAT,10.53,25.81,37.44,-12.57,58.63,27.24,0.4317,LOW,-,219.4115,222.0293,216.986,1,55.5621,TREND_ONLY,16.047
952,0,NOC,Northrop Grumman,Industrials,Aerospace & Defense,large,665.26,0.9102,0.9434,0.8631,0.972,FLAT,11.87,27.22,51.95,-14.14,52.61,27.33,0.8654,LOW,-,685.038,707.6227,613.4009,1,52.3955,TREND_ONLY,15.9931
953,0,CBRE,CBRE Group,Real Estate,Real Estate Services,large,151.51,0.938,1.003,1.0539,0.8577,FLAT,-2.52,31.11,77.95,-23.22,53.82,43.04,0.5152,LOW,SHIFT,139.093,142.5458,154.0086,0,38.9012,WEAK,15.9578
954,0,ABBV,AbbVie,Health Care,Biotechnology,large,208.38,0.9047,0.9832,0.944,0.9521,FLAT,-6.64,26.45,35.42,-14.86,52.21,24.81,0.7891,LOW,PROGRESS,207.7778,217.3997,213.7895,0,55.6628,WEAK,15.934
955,1,LIN,Linde plc,Materials,Industrial Gases,large,492.23,0.8041,0.9346,0.9312,1.0929,FLAT,11.58,12.4,13.15,-19.18,52.61,19.67,1.1324,MED,-,495.767,489.5513,457.5311,1,33.1546,TREND_ONLY,15.8786
956,2,ECL,Ecolab,Materials,Specialty Chemicals,large,274.8,0.858,0.9647,0.9842,0.9659,FLAT,2.1,19.93,27.91,-16.6,54.22,23.08,0.9656,LOW,-,267.494,281.4067,271.8321,1,46.8224,TREND_ONLY,15.8638
957,2,SAH,SONIC AUTOMOTIVE INC CLASS A,Consumer Discretionary,,mid,70.7,0.8884,1.0035,1.0745,1.0983,STRONG_DOWN,-4.1,24.18,53.63,-33.64,55.82,39.47,0.4025,LOW,-,65.9775,63.2197,68.6059,1,34.19,TREND_ONLY,15.8264
958,2,TECH,Bio-Techne,Health Care,Life Sciences Tools & Services,mid,59.23,0.8971,0.9947,1.0638,0.8389,FLAT,-3.59,25.4,-3.82,-31.53,51.0,39.84,0.7368,LOW,-,54.419,56.0558,57.8799,1,32.5094,TREND_ONLY,15.8152
959,2,XYL,Xylem Inc.,Industrials,Industrial Machinery & Supplies & Components,large,121.11,0.8082,0.9081,0.9313,0.8077,FLAT,-15.86,12.97,-2.51,-23.57,51.81,30.79,2.2373,HIGH,EARLY,123.1635,125.523,136.6243,0,21.8206,WEAK,15.7983
960,2,VRSN,Verisign,Information Technology,Internet Services & Infrastructure,large,274.05,0.8225,0.9754,1.0596,1.071,STRONG_DOWN,6.21,14.97,51.66,-30.21,54.62,33.64,0.8938,LOW,-,259.7115,240.8728,255.7637,1,24.3067,TREND_ONLY,15.7963
961,2,PYPL,PayPal,Financials,Transaction & Payment Processing Services,large,50.81,0.6062,1.0333,1.0654,0.8701,FLAT,-22.66,-15.27,-17.74,-49.92,51.41,54.54,0.7964,LOW,SHIFT,46.0155,44.7251,60.2531,0,-14.3903,WEAK,15.7887
962,2,MTX,MINERALS TECHNOLOGIES INC,Materials,,mid,72.76,0.9369,0.9628,1.0026,1.0547,STRONG_DOWN,22.67,30.95,3.8,-15.83,53.41,27.27,0.4832,LOW,-,70.499,70.5265,63.303,1,60.6243,TREND_ONLY,15.7786
963,-89,TRNO,TERRENO REALTY REIT CORP,Real Estate,,mid,66.94,0.8881,0.9859,1.0107,1.0465,STRONG_DOWN,13.72,24.14,30.51,-10.85,56.22,20.01,,LOW,-,62.9878,63.6194,59.2433,1,67.8155,TREND_ONLY,15.7292
964,2,CNX,CNX RESOURCES CORP,Energy,,mid,38.67,0.9231,0.9509,0.8823,1.0413,FLAT,21.6,29.03,63.16,-20.14,55.02,32.93,0.702,LOW,-,39.4885,40.0944,35.3506,1,48.5022,TREND_ONLY,15.6679
965,2,GRBK,GREEN BRICK PARTNERS INC,Consumer Discretionary,,mid,69.18,0.9071,0.9862,1.0186,0.915,FLAT,3.25,26.8,33.12,-23.99,48.59,37.87,1.0127,MED,-,65.2845,69.6194,68.1044,1,34.3815,TREND_ONLY,15.6664
966,2,SW,Smurfit Westrock,Materials,Paper & Plastic Packaging Products & Materials,large,42.24,0.7621,0.9691,1.0598,0.9691,FLAT,3.13,6.52,3.71,-32.21,48.19,49.6,1.3064,MED,-,40.384,43.0825,41.7226,1,6.3358,TREND_ONLY,15.6591
967,2,WABC,WESTAMERICA BANCORPORATION,Financials,,small,54.07,0.8753,0.9697,0.9944,1.063,STRONG_DOWN,20.3,22.35,27.68,-11.82,52.21,18.43,1.16,MED,-,52.4175,51.772,49.0251,1,63.3217,TREND_ONLY,15.6398
968,2,TROW,T. Rowe Price,Financials,Asset Management & Custody Banks,large,96.98,0.8753,0.9929,1.0318,0.8978,FLAT,-3.41,22.34,-1.48,-19.76,53.41,27.03,0.8873,LOW,SHIFT,91.175,91.1819,98.9206,0,44.1438,WEAK,15.6206
969,2,EGBN,EAGLE BANCORP INC,Financials,,small,27.95,1.0166,1.0156,1.0644,1.1891,STRONG_DOWN,50.98,42.09,43.62,-26.57,53.41,43.5,0.7214,LOW,-,25.78,25.7102,21.4313,1,51.6818,TREND+LEAD,15.6175
970,2,CB,Chubb Limited,Financials,Property & Casualty Insurance,large,330.83,0.8513,0.9686,0.9472,1.0716,FLAT,23.7,18.99,37.46,-11.02,53.41,17.99,0.9251,LOW,-,326.8985,328.7901,297.0151,1,56.3923,TREND_ONLY,15.5669
971,2,AKAM,Akamai Technologies,Information Technology,Internet Services & Infrastructure,large,95.89,0.9539,0.9758,0.8077,0.9963,FLAT,31.43,33.33,-4.8,-25.44,54.62,66.95,0.9913,LOW,-,108.072,104.5392,87.3942,1,27.1906,TREND_ONLY,15.5643
972,2,UHS,Universal Health Services,Health Care,Health Care Facilities,large,182.41,0.8342,0.962,0.9028,0.8873,STRONG_UP,-10.53,16.61,19.67,-27.51,53.01,37.71,0.5493,LOW,EARLY,182.7595,199.208,200.6251,0,23.3448,WEAK,15.5425
973,2,TFIN,TRIUMPH FINANCIAL INC,Financials,,small,66.38,1.0165,1.0376,1.0936,0.9353,FLAT,29.42,42.08,-2.53,-28.76,51.41,49.01,0.8666,LOW,-,60.25,60.3348,59.2682,1,44.1411,TREND+LEAD,15.5364
974,2,KNTK,KINETIK HOLDINGS INC CLASS A,Energy,,mid,46.67,0.883,0.9551,0.9278,1.1969,FLAT,34.2,23.42,39.16,-30.3,51.41,36.78,0.619,LOW,-,46.9985,45.3902,39.69,1,32.7374,TREND_ONLY,15.5207
975,2,DE,Deere & Company,Industrials,Agricultural & Farm Machinery,large,590.46,0.9692,0.946,0.9668,1.1182,STRONG_DOWN,29.98,35.47,51.54,-16.83,51.41,37.07,0.7847,LOW,-,581.2473,593.5212,509.9095,1,49.1965,TREND_ONLY,15.5046
976,2,FRSH,FRESHWORKS INC CLASS A,Information Technology,,mid,8.54,0.5062,1.0457,0.9769,0.748,STRONG_UP,-21.65,-29.25,-51.61,-56.95,46.18,62.13,3.082,HIGH,SHIFT,8.0625,7.9923,11.3154,0,-21.738,WEAK,15.4904
977,2,CHEF,CHEFS WAREHOUSE INC,Consumer Staples,,mid,65.82,0.8969,0.9836,1.0163,0.9968,FLAT,13.95,25.37,104.54,-20.49,55.02,36.4,1.3167,MED,-,61.3035,64.2234,62.5906,1,38.3499,TREND_ONLY,15.4687
978,2,BFST,BUSINESS FIRST BANCSHARES INC,Financials,,small,29.0,0.944,0.9786,1.0225,1.0448,STRONG_DOWN,29.01,31.95,47.58,-13.49,49.8,26.24,1.203,MED,-,27.6255,27.7195,25.7607,1,60.6344,TREND_ONLY,15.4507
979,0,PANW,Palo Alto Networks,Information Technology,Systems Software,large,167.85,0.7503,0.9979,0.9163,0.8688,STRONG_UP,-18.33,4.87,19.41,-36.01,54.62,44.93,0.6469,LOW,SHIFT,161.5355,160.2986,185.9422,0,5.9245,WEAK,15.4391
980,1,GEHC,GE HealthCare,Health Care,Health Care Equipment,large,74.66,0.8852,0.977,0.9834,0.8875,FLAT,1.88,23.73,-11.83,-21.96,53.01,32.52,,LOW,PROGRESS,71.852,75.6644,76.7612,0,38.6846,WEAK,15.4314
981,1,MSI,Motorola Solutions,Information Technology,Communications Equipment,large,441.96,0.7752,0.9706,0.8942,1.0744,FLAT,1.69,8.35,32.91,-25.45,53.41,24.24,1.2779,MED,-,442.565,451.5884,427.0704,1,18.403,TREND_ONLY,15.4281
982,1,CARR,Carrier Global,Industrials,Building Products,large,61.32,0.7649,0.9211,0.9635,1.0646,STRONG_DOWN,8.93,6.91,17.94,-37.38,50.2,41.8,0.6637,LOW,-,58.454,60.4062,60.493,1,8.3031,TREND_ONLY,15.428
983,1,BBY,Best Buy,Consumer Discretionary,Computer & Electronics Retail,large,65.73,0.7998,1.0436,0.9633,0.9566,STRONG_UP,-13.91,11.79,-4.63,-26.04,48.19,32.66,1.0342,MED,SHIFT,63.3214,63.6792,69.0887,0,17.4032,WEAK,15.4257
984,1,MFA,MFA FINANCIAL INC,Financials,,small,10.23,0.9612,0.9844,0.9976,1.022,STRONG_DOWN,22.25,34.35,32.02,-10.87,51.41,24.72,0.9207,LOW,-,9.6779,9.633,8.9705,1,71.4421,TREND_ONLY,15.4025
985,1,KOS,KOSMOS ENERGY LTD,Energy,,small,2.48,0.9857,0.9145,0.7711,1.8968,FLAT,69.86,37.78,-59.08,-63.6,44.18,119.36,0.7733,LOW,-,2.7435,2.372,1.7466,1,13.9831,TREND_ONLY,15.3986
986,1,COR,Cencora,Health Care,Health Care Distributors,large,327.56,0.8395,0.9917,0.9149,0.8982,STRONG_UP,2.9,17.34,40.28,-17.16,54.22,31.76,1.2345,MED,-,320.6735,342.5821,326.7935,1,29.6,TREND_ONLY,15.3956
987,1,KTB,KONTOOR BRANDS INC,Consumer Discretionary,,mid,77.29,0.9924,1.0212,1.0379,1.2727,STRONG_DOWN,-9.12,38.71,47.68,-32.91,49.4,58.33,0.7102,LOW,-,70.4665,69.2605,69.7689,1,32.7812,TREND_ONLY,15.3703
988,1,VCYT,VERACYTE INC,Health Care,,mid,33.8,0.7902,1.0067,0.9554,0.7898,STRONG_UP,-5.61,10.46,76.04,-39.23,47.39,48.24,1.2901,MED,PROGRESS,32.4205,33.944,35.1924,0,10.2732,WEAK,15.3394
989,1,GBCI,GLACIER BANCORP INC,Financials,,mid,48.94,0.9173,0.9719,1.0644,1.0004,FLAT,10.26,28.22,48.02,-19.56,52.61,31.48,0.6231,LOW,-,45.864,46.5909,45.4653,1,47.1575,TREND_ONLY,15.2446
990,1,APO,Apollo Global Management,Financials,Asset Management & Custody Banks,large,124.62,0.7567,1.0951,1.0368,0.8447,STRONG_UP,3.96,5.77,19.57,-34.97,53.82,45.49,0.9189,LOW,SHIFT,111.054,113.5446,130.8098,0,6.8231,WEAK,15.2225
991,1,PTC,PTC Inc.,Information Technology,Application Software,large,139.74,0.716,1.006,0.8594,0.814,STRONG_UP,-30.82,0.09,-20.47,-38.37,53.01,33.35,0.6872,LOW,EARLY,141.109,150.5068,180.4106,0,0.1366,WEAK,15.2152
992,1,FBP,FIRST BANCORP,Financials,,mid,23.23,0.946,0.9839,1.0454,1.0709,STRONG_DOWN,15.7,32.23,49.92,-13.83,53.01,28.25,0.6598,LOW,-,21.869,21.6831,21.1318,1,60.4805,TREND_ONLY,15.2137
993,1,PKG,Packaging Corporation of America,Materials,Paper & Plastic Packaging Products & Materials,large,213.39,0.8591,0.9795,0.9674,0.942,STRONG_UP,5.17,20.08,25.73,-17.21,51.41,27.83,0.6942,LOW,-,209.172,220.509,208.4655,1,37.0996,TREND_ONLY,15.2085
994,1,BKNG,Booking Holdings,Consumer Discretionary,"Hotels, Resorts & Cruise Lines",large,192.01,0.7798,1.0466,1.0358,0.9135,STRONG_UP,-2.66,9.0,42.19,-33.2,52.21,45.7,0.7509,LOW,SHIFT,174.5282,171.9562,202.2421,0,10.2827,WEAK,15.2052
995,1,CSGP,CoStar Group,Real Estate,Real Estate Services,large,39.72,0.3652,1.0355,0.8595,0.5905,STRONG_UP,-46.58,-48.95,-52.82,-62.33,51.0,53.18,0.5659,LOW,EARLY,39.878,44.026,68.7478,0,-46.9459,WEAK,15.1713
996,1,VSTS,VESTIS CORP,Industrials,,small,9.89,0.9118,1.0821,1.2417,1.3963,STRONG_DOWN,105.61,27.45,-46.21,-54.79,53.82,56.45,0.7852,LOW,-,8.2565,7.9218,6.2205,1,26.1696,TREND_ONLY,15.1559
997,1,SBRA,SABRA HEALTH CARE REIT INC,Real Estate,,mid,20.68,0.8871,0.9876,0.9467,1.0597,FLAT,19.85,24.0,76.94,-12.18,52.21,21.74,0.6784,LOW,-,19.9565,20.1011,18.6341,1,57.6349,TREND_ONLY,15.1192
998,1,AVBP,ARRIVENT BIOPHARMA INC,Health Care,,small,29.64,1.0852,1.0689,1.2014,1.3802,STRONG_DOWN,51.03,51.69,91.23,-33.32,50.2,62.23,0.7532,LOW,-,24.8267,23.9238,21.3335,1,41.6966,TREND+LEAD,15.0409
999,1,ALLE,Allegion,Industrials,Building Products,large,144.32,0.8439,0.9472,0.9297,0.8529,STRONG_UP,-18.39,17.95,18.23,-22.16,51.0,29.25,0.7317,LOW,PROGRESS,143.995,153.0687,162.1493,0,31.3032,WEAK,15.0358
1000,1,DXCM,Dexcom,Health Care,Health Care Equipment,large,63.98,0.6924,0.9793,0.8813,0.8937,FLAT,-3.54,-3.22,-52.36,-38.75,50.6,33.31,1.2384,MED,PROGRESS,63.93,67.5082,70.6293,0,-4.8943,WEAK,15.0143
1001,1,REG,Regency Centers,Real Estate,Retail REITs,large,80.93,0.8518,0.9982,0.9778,1.1106,FLAT,15.23,19.06,51.73,-8.17,49.0,15.78,0.9931,LOW,-,76.8705,76.8039,71.1161,1,59.1992,TREND_ONLY,15.0067
1002,0,PEBO,PEOPLES BANCORP INC,Financials,,small,34.36,0.9432,0.9724,1.0043,1.083,STRONG_DOWN,27.58,31.84,38.91,-12.53,48.59,22.83,0.9773,LOW,-,33.2375,32.9342,30.4043,1,67.7607,TREND_ONLY,15.0043
1003,0,ARDX,ARDELYX INC,Health Care,,small,6.45,1.012,0.9845,1.0866,0.9282,FLAT,27.72,41.45,0.16,-40.42,47.79,66.66,0.8587,LOW,-,5.9195,6.2144,5.8891,1,29.7145,TREND+LEAD,15.0035
1004,0,TRN,TRINITY INDUSTRIES INC,Industrials,,mid,32.95,0.9833,0.9186,1.0362,1.1808,STRONG_DOWN,19.91,37.44,35.83,-18.86,48.19,34.82,,LOW,-,32.2897,32.2567,28.1763,1,51.8103,TREND_ONLY,14.9865
1005,0,UPS,United Parcel Service,Industrials,Air Freight & Logistics,large,106.44,0.8452,1.008,1.0214,0.9805,FLAT,28.21,18.15,-16.24,-20.28,52.61,27.51,0.8385,LOW,-,99.5445,105.5593,95.1445,1,34.7008,TREND_ONLY,14.9858
1006,-1,COLL,COLLEGIUM PHARMACEUTICAL INC,Health Care,,small,34.41,0.9148,0.9333,0.8783,0.733,STRONG_UP,3.61,27.87,-1.04,-35.81,54.62,38.91,0.9236,LOW,-,33.8137,38.4097,39.3169,0,39.1235,WEAK,14.9799
1007,-1,GPN,Global Payments,Financials,Transaction & Payment Processing Services,large,72.37,0.777,1.0261,0.9835,0.9556,STRONG_UP,-12.95,8.6,-39.43,-29.7,46.99,52.26,1.0773,MED,SHIFT,67.7215,71.5647,78.3752,0,7.7356,WEAK,14.9314
1008,-1,CBU,COMMUNITY FINANCIAL SYSTEM INC,Financials,,mid,63.31,0.8901,0.9712,1.0438,1.0036,FLAT,16.94,24.42,59.13,-16.03,50.6,24.31,0.5493,LOW,-,59.845,60.7193,58.2066,1,50.8218,TREND_ONLY,14.9193
1009,-1,DTE,DTE Energy,Utilities,Multi-Utilities,large,146.98,0.8247,0.9627,0.9256,1.0618,FLAT,5.64,15.27,47.65,-10.13,59.44,16.75,0.4943,LOW,-,146.413,145.1261,136.4811,1,54.1806,TREND_ONLY,14.8892
1010,-1,HUM,Humana,Health Care,Managed Health Care,large,205.14,0.6062,0.9998,1.1478,0.7328,FLAT,-22.59,-15.26,-35.08,-47.18,54.62,59.05,0.8619,LOW,SHIFT,184.3463,181.1924,238.9336,0,-14.1171,WEAK,14.8804
1011,-1,WDAY,"Workday, Inc.",Information Technology,Application Software,large,123.83,0.4138,0.9976,0.8602,0.6437,STRONG_UP,-45.59,-42.16,-51.56,-59.05,52.21,52.05,0.9222,LOW,EARLY,125.7045,135.0932,201.2826,0,-42.2921,WEAK,14.8635
1012,-1,PNR,Pentair,Industrials,Industrial Machinery & Supplies & Components,large,91.08,0.8311,0.9649,0.9537,0.8266,STRONG_UP,-15.81,16.17,18.14,-25.05,50.2,32.95,0.7428,LOW,PROGRESS,87.979,92.8858,102.7374,0,24.6387,WEAK,14.863
1013,-1,BOH,BANK OF HAWAII CORP,Financials,,mid,80.09,0.9265,0.9777,1.043,1.1016,STRONG_DOWN,36.53,29.51,55.61,-15.03,46.18,27.91,1.1947,MED,-,75.91,76.0034,68.4454,1,48.8262,TREND_ONLY,14.8541
1014,-1,DEA,EASTERLY GOVERNMENT PROPERTIES INC,Real Estate,,small,23.51,0.9145,0.9786,0.9821,1.0082,STRONG_DOWN,11.27,27.83,-2.47,-11.2,51.0,20.84,0.4773,LOW,-,22.208,22.6372,21.7852,1,68.1053,TREND_ONLY,14.8341
1015,-1,FDP,FRESH DEL MONTE PRODUCE INC,Consumer Staples,,small,42.01,0.932,0.9664,0.9635,1.1125,FLAT,28.93,30.27,77.47,-15.42,51.81,26.81,0.5788,LOW,-,41.5795,41.3058,36.8592,1,58.5028,TREND_ONLY,14.7814
1016,-1,MEG,MONTROSE ENVIRONMENTAL GRP INC,Industrials,,small,21.63,1.0983,0.9729,0.8955,0.9624,FLAT,-23.0,53.51,-48.4,-34.03,50.2,68.26,0.7717,LOW,-,22.0205,23.6256,25.3497,0,39.3548,WEAK,14.7537
1017,-1,CVBF,CVB FINANCIAL CORP,Financials,,mid,20.68,0.8698,0.969,1.0255,1.0189,FLAT,16.06,21.58,40.75,-13.91,48.59,27.37,6.3387,HIGH,-,19.706,19.6337,19.2179,1,38.3082,TREND_ONLY,14.7475
1018,0,ALHC,ALIGNMENT HEALTHCARE INC,Health Care,,mid,21.22,0.8675,0.9772,1.0827,0.9161,FLAT,24.9,21.26,316.08,-36.39,51.81,57.36,0.7951,LOW,-,19.16,19.2828,17.775,1,19.2004,TREND_ONLY,14.7242
1019,-2,BJRI,BJS RESTAURANTS INC,Consumer Discretionary,,small,39.19,0.8548,1.0261,1.0334,0.8601,FLAT,25.65,19.48,23.01,-38.67,51.81,37.61,1.0458,MED,-,36.739,37.8606,37.0033,1,26.8372,TREND_ONLY,14.6975
1020,-2,RHP,RYMAN HOSPITALITY PROPERTIES REIT,Real Estate,,mid,103.54,0.9193,0.9836,1.0525,1.0747,STRONG_DOWN,20.38,28.49,8.83,-16.72,49.8,26.54,0.6439,LOW,-,95.0436,96.1226,93.2184,1,53.4573,TREND_ONLY,14.6875
1021,-2,NWBI,NORTHWEST BANCSHARES INC,Financials,,small,13.45,0.913,0.9647,1.0198,1.0799,STRONG_DOWN,17.27,27.61,41.82,-13.97,50.6,21.68,0.9667,LOW,-,12.978,12.789,12.2297,1,64.4479,TREND_ONLY,14.67
1022,-2,MMM,3M,Industrials,Industrial Conglomerates,large,154.55,0.8931,0.9773,1.0035,0.8986,FLAT,2.97,24.83,75.98,-18.77,52.61,32.06,0.6427,LOW,PROGRESS,147.375,155.5343,157.4127,0,40.7456,WEAK,14.6543
1023,-2,MO,Altria,Consumer Staples,Tobacco,large,64.17,0.8527,0.928,0.9291,1.0261,STRONG_DOWN,3.39,19.18,79.84,-16.4,54.62,23.06,0.9553,LOW,-,65.4763,65.8283,61.0213,1,45.4337,TREND_ONLY,14.6427
1024,-2,XENE,XENON PHARMACEUTICALS INC,Health Care,,mid,59.7,1.2309,0.9843,1.0027,1.4504,STRONG_DOWN,41.57,72.05,48.1,-25.75,49.0,104.36,0.6243,LOW,-,56.977,51.0193,42.0905,1,33.8277,TREND+LEAD,14.6419
1025,-2,NMIH,NMI HOLDINGS INC,Financials,,mid,39.99,0.8654,0.9851,0.9947,1.0219,STRONG_DOWN,13.13,20.96,35.15,-18.08,55.02,22.61,0.7098,LOW,-,38.0595,38.6354,38.5304,1,51.0094,TREND_ONLY,14.6339
1026,-2,WOR,WORTHINGTON ENTERPRISES INC,Industrials,,mid,55.15,0.861,0.9606,1.0648,1.0067,FLAT,-1.93,20.35,-0.82,-29.83,53.01,32.22,0.6783,LOW,SHIFT,52.487,53.3485,56.6981,0,33.4794,WEAK,14.6307
1027,-2,CME,CME Group,Financials,Financial Exchanges & Data,large,287.65,0.8208,0.9246,0.8578,1.0235,FLAT,12.71,14.72,49.05,-10.13,57.03,22.17,1.6475,HIGH,-,299.5705,303.0061,274.6534,1,37.8757,TREND_ONLY,14.582
1028,-2,SBSI,SOUTHSIDE BANCSHARES INC,Financials,,small,33.38,0.9075,0.9764,1.0313,1.0159,FLAT,29.28,26.84,34.77,-15.77,49.4,23.22,0.7093,LOW,-,31.8015,31.6564,30.0137,1,57.1028,TREND_ONLY,14.5583
1029,-2,ABUS,ARBUTUS BIOPHARMA CORP,Health Care,,small,4.72,1.052,1.0435,1.0008,1.1292,FLAT,4.66,47.04,72.89,-25.86,49.8,56.46,0.4578,LOW,-,4.4195,4.3858,4.1987,1,41.4916,TREND+LEAD,14.5408
1030,-2,DFIN,DONNELLEY FINANCIAL SOLUTIONS INC,Financials,,small,52.46,0.9005,1.0363,1.0351,0.9228,STRONG_UP,0.98,25.86,-14.99,-41.38,56.63,56.8,0.4416,LOW,-,48.1525,47.8324,51.3274,1,25.7863,TREND_ONLY,14.4927
1031,-2,JBGS,JBG SMITH PROPERTIES,Real Estate,,small,15.84,0.8134,1.0243,0.9924,0.8732,STRONG_UP,-20.46,13.69,17.8,-40.48,47.79,26.91,1.0644,MED,-,14.9185,15.1936,18.0683,0,24.3131,WEAK,14.4913
1032,-2,CHTR,Charter Communications,Communication Services,Cable & Satellite,large,236.62,0.525,1.0102,1.036,1.2112,STRONG_DOWN,-7.33,-26.61,-8.96,-57.21,50.6,43.17,0.7764,LOW,SHIFT,220.9435,225.6232,246.0601,0,-31.194,WEAK,14.4403
1033,-2,STBA,S AND T BANCORP INC,Financials,,small,44.15,0.9495,0.9719,1.0191,1.0681,STRONG_DOWN,29.66,32.72,,-13.37,49.0,25.22,0.8373,LOW,-,42.5195,42.4176,39.3412,1,63.5696,TREND_ONLY,14.4079
1034,-2,NJR,NEW JERSEY RESOURCES CORP,Utilities,,mid,55.68,0.8427,0.961,0.9591,1.1341,FLAT,22.3,17.79,42.61,-10.65,54.22,17.23,0.5151,LOW,-,55.477,54.2547,47.8499,1,55.9935,TREND_ONLY,14.4064
1035,-2,CENTA,CENTRAL GARDEN AND PET CLASS A,Consumer Staples,,small,34.84,0.8224,0.9976,1.0148,1.1558,STRONG_DOWN,28.85,14.95,2.83,-29.51,52.61,23.93,1.5472,HIGH,-,32.8085,33.1742,31.4573,1,32.8578,TREND_ONLY,14.3654
1036,-2,APD,Air Products,Materials,Industrial Gases,large,291.81,0.8322,0.944,0.9575,1.0661,STRONG_DOWN,16.83,16.33,31.85,-22.39,50.6,25.71,0.6233,LOW,-,291.5579,284.4467,270.6996,1,32.136,TREND_ONLY,14.3591
1037,-2,MQ,MARQETA INC CLASS A,Financials,,small,4.39,0.8342,1.0525,1.035,0.9561,STRONG_UP,-3.94,16.6,-19.74,-43.78,49.4,40.62,1.0236,MED,-,4.075,4.0596,4.9306,0,20.1884,WEAK,14.3541
1038,-2,GTY,GETTY REALTY REIT CORP,Real Estate,,small,34.61,0.9295,0.9973,0.9798,1.1362,FLAT,33.17,29.93,48.6,-10.16,52.61,25.67,0.4965,LOW,-,32.7515,32.3967,28.3326,1,61.3372,TREND_ONLY,14.3507
1039,-2,SOLV,Solventum,Health Care,Health Care Technology,large,70.48,0.7886,1.0101,0.9727,0.8613,STRONG_UP,-1.34,10.23,10.07,-27.46,50.2,30.06,0.4887,LOW,SHIFT,65.6065,69.7476,74.2097,0,17.0813,WEAK,14.3489
1040,-2,HSIC,Henry Schein,Health Care,Health Care Distributors,mid,78.83,0.8941,1.0023,1.005,0.9574,FLAT,27.08,24.97,12.66,-16.93,51.0,27.56,0.7529,LOW,-,74.803,77.003,72.3976,1,46.204,TREND_ONLY,14.3367
1041,-2,FAST,Fastenal,Industrials,Trading Companies & Distributors,large,45.78,0.833,0.9657,0.9534,1.0223,FLAT,10.28,16.43,41.63,-21.9,54.22,32.15,0.9456,LOW,-,45.813,45.9752,44.548,1,27.7121,TREND_ONLY,14.3193
1042,-2,ACT,ENACT HOLDINGS INC,Financials,,mid,42.89,0.9078,0.9826,0.9779,1.0741,FLAT,23.73,26.88,52.06,-10.96,55.42,27.28,0.862,LOW,-,41.3525,41.6263,38.4312,1,54.6124,TREND_ONLY,14.285
1043,-2,ITW,Illinois Tool Works,Industrials,Industrial Machinery & Supplies & Components,large,272.26,0.8774,0.9582,0.9741,1.0101,STRONG_DOWN,11.67,22.64,14.87,-14.49,52.61,25.19,0.7287,LOW,-,263.7909,275.2313,257.7641,1,47.2916,TREND_ONLY,14.2839
1044,-2,SHEN,SHENANDOAH TELECOMMUNICATIONS,Communication,,small,16.28,0.9182,1.0321,1.0512,1.3585,STRONG_DOWN,24.46,28.34,14.58,-36.32,52.21,37.2,0.9657,LOW,-,15.0215,14.3084,12.9523,1,39.7778,TREND_ONLY,14.2695
1045,-2,LULU,Lululemon Athletica,Consumer Discretionary,"Apparel, Accessories & Luxury Goods",large,167.28,0.4713,0.9942,0.9362,0.8049,STRONG_UP,1.62,-34.12,-51.86,-56.49,50.6,42.48,0.8746,LOW,PROGRESS,158.6375,167.346,185.1881,0,-40.6401,WEAK,14.2538
1046,-2,GEN,Gen Digital,Information Technology,Systems Software,large,20.12,0.6223,1.028,0.9068,0.7528,STRONG_UP,-23.22,-13.02,2.44,-43.59,46.18,39.88,0.9895,LOW,PROGRESS,19.219,21.1232,26.0367,0,-15.0769,WEAK,14.2473
1047,-2,HAE,HAEMONETICS CORP,Health Care,,mid,61.62,0.7734,1.0045,0.9694,0.8293,STRONG_UP,23.81,8.11,-26.17,-39.02,52.61,33.39,0.7729,LOW,SHIFT,58.0135,59.889,64.3391,0,12.7708,WEAK,14.2368
1048,-2,HQY,HEALTHEQUITY INC,Health Care,,mid,86.04,0.7675,1.0403,0.9827,0.9789,STRONG_UP,-5.49,7.28,7.75,-35.25,51.0,35.06,1.095,MED,SHIFT,82.5415,79.7978,90.2201,0,10.5925,WEAK,14.2326
1049,-2,MHO,M I HOMES INC,Consumer Discretionary,,mid,126.38,0.8702,0.9837,0.9531,0.895,STRONG_UP,-6.48,21.64,14.17,-25.14,50.6,33.02,0.8923,LOW,PROGRESS,122.1995,131.9626,133.4342,0,33.1554,WEAK,14.1891
1050,-2,TYL,Tyler Technologies,Information Technology,Application Software,large,342.61,0.4412,1.0317,0.9068,0.7563,STRONG_UP,-31.0,-38.33,-14.97,-53.08,47.39,53.17,0.4692,LOW,SHIFT,335.108,339.4906,462.5414,0,-34.1609,WEAK,14.1484
1051,-2,MET,MetLife,Financials,Life & Health Insurance,large,78.08,0.8171,1.001,1.0545,0.995,FLAT,1.76,14.21,18.35,-17.46,54.22,27.74,1.1874,MED,-,72.277,73.2332,76.6677,1,27.7731,TREND_ONLY,14.1377
1052,-2,QCOM,Qualcomm,Information Technology,Semiconductors,large,136.2,0.7325,1.0027,0.9613,0.8352,STRONG_UP,-16.03,2.39,-11.93,-33.13,53.41,28.22,0.8459,LOW,SHIFT,129.2885,134.2602,155.592,0,4.5199,WEAK,14.1297
1053,-2,SEM,SELECT MEDICAL HOLDINGS CORP,Health Care,,mid,16.39,0.7724,0.9661,0.9334,1.0408,FLAT,23.78,7.97,18.88,-35.8,51.41,24.09,0.9151,LOW,-,16.3315,16.032,14.3772,1,17.0057,TREND_ONLY,14.1184
1054,-2,XNCR,XENCOR INC,Health Care,,small,13.06,0.8815,1.0454,0.9984,0.9918,STRONG_UP,-12.64,23.21,-31.08,-40.35,46.59,62.07,1.0934,MED,-,12.275,12.0378,12.0527,1,17.4197,TREND_ONLY,14.1127
1055,-2,TNDM,TANDEM DIABETES CARE INC,Health Care,,small,20.61,0.8996,0.9907,0.7753,0.993,FLAT,34.79,25.75,-33.37,-56.99,47.79,91.23,0.9695,LOW,-,20.8703,21.6442,17.8258,1,13.4875,TREND_ONLY,14.1088
1056,-2,GDDY,GoDaddy,Information Technology,Internet Services & Infrastructure,large,85.72,0.3712,1.0106,0.9494,0.7971,STRONG_UP,-33.03,-48.11,-29.36,-58.87,50.2,52.58,0.8436,LOW,PROGRESS,82.009,86.1594,123.6376,0,-45.9366,WEAK,14.1032
1057,-2,GPC,Genuine Parts Company,Consumer Discretionary,Distributors,large,113.79,0.7521,1.0013,1.064,0.8145,FLAT,-13.47,5.13,-24.36,-34.84,48.59,40.68,0.7719,LOW,PROGRESS,106.1095,114.7006,126.1551,0,6.1283,WEAK,14.1013
1058,-2,VRNS,VARONIS SYSTEMS INC,Information Technology,,mid,24.22,0.4396,1.0651,0.9343,0.7018,STRONG_UP,-59.83,-38.56,-43.91,-68.11,54.62,68.37,0.5565,LOW,SHIFT,22.364,23.3874,40.5602,0,-30.8044,WEAK,14.0977
1059,-2,HSY,Hershey Company (The),Consumer Staples,Packaged Foods & Meats,large,192.63,0.8533,0.9418,0.8476,0.9523,FLAT,4.6,19.27,10.71,-19.01,51.41,30.9,0.7325,LOW,-,206.0225,216.9763,190.3598,1,32.0585,TREND_ONLY,14.0462
1060,-2,UBER,Uber,Industrials,Passenger Ground Transportation,large,77.12,0.7566,1.03,0.9485,0.8828,STRONG_UP,-16.65,5.76,8.16,-30.89,50.2,33.58,0.8639,LOW,SHIFT,72.7125,73.4112,86.1462,0,8.6105,WEAK,14.0428
1061,-2,HAFC,HANMI FINANCIAL CORP,Financials,,small,28.1,0.9733,0.9713,1.0127,0.9626,FLAT,24.87,36.04,111.65,-16.23,50.2,39.56,1.2245,MED,-,26.9015,26.6134,25.8386,1,45.7367,TREND_ONLY,14.0395
1062,-1,IBM,IBM,Information Technology,IT Consulting & Other Services,large,253.47,0.7868,1.0297,0.9381,0.81,STRONG_UP,-7.12,9.97,47.96,-28.69,55.82,45.57,0.7081,LOW,SHIFT,242.4995,250.5074,273.1296,0,12.2124,WEAK,13.9649
1063,-1,CPAY,Corpay,Financials,Transaction & Payment Processing Services,large,334.64,0.8027,1.0258,1.0903,1.0137,FLAT,20.59,12.2,13.19,-28.13,52.21,47.65,0.8504,LOW,-,302.153,318.772,309.4813,1,13.3647,TREND_ONLY,13.9462
1064,-1,EQBK,EQUITY BANCSHARES INC CLASS A,Financials,,small,45.99,0.9109,0.9636,0.9758,0.956,FLAT,19.56,27.32,52.34,-17.02,49.4,25.76,0.8495,LOW,-,44.8405,45.0468,42.733,1,52.3889,TREND_ONLY,13.9365
1065,-1,BRZE,BRAZE INC CLASS A,Information Technology,,mid,22.66,0.5857,1.0622,1.093,0.9557,FLAT,-13.21,-18.14,-42.27,-57.2,48.19,83.68,0.817,LOW,SHIFT,21.6783,19.7038,26.3251,0,-10.4441,WEAK,13.9325
1066,-1,OKE,Oneok,Energy,Oil & Gas Storage & Transportation,large,83.51,0.7709,0.9455,0.8754,1.1052,FLAT,27.9,7.75,18.43,-23.78,53.01,28.8,1.0286,MED,-,88.5005,86.435,75.7441,1,14.2731,TREND_ONLY,13.9277
1067,-1,ENVX,ENOVIX CORP,Industrials,,small,6.62,0.7714,1.0695,1.2075,0.7804,FLAT,-42.48,7.82,10.15,-69.62,50.6,79.04,0.8816,LOW,-,5.5635,5.5519,8.9425,0,5.0047,WEAK,13.916
1068,-1,NVAX,NOVAVAX INC,Health Care,,small,8.84,1.0523,1.0531,0.841,1.072,FLAT,4.25,47.09,127.25,-35.94,47.39,79.88,0.4874,LOW,-,8.5495,9.1722,8.1317,1,27.9358,TREND+LEAD,13.8937
1069,-1,CCEP,Coca-Cola Europacific Partners,Consumer Staples,Soft Drinks,large,98.8,0.82,0.9821,0.9666,1.0748,FLAT,12.42,14.62,56.58,-17.89,55.82,24.52,0.9148,LOW,-,94.271,98.9564,92.4973,1,33.2852,TREND_ONLY,13.8868
1070,-1,DGX,Quest Diagnostics,Health Care,Health Care Services,large,195.02,0.8775,0.9767,0.9347,1.004,FLAT,5.32,22.66,60.88,-9.81,51.81,23.75,0.7623,LOW,-,195.3126,199.316,183.5753,1,49.4313,TREND_ONLY,13.8771
1071,-1,APAM,ARTISAN PARTNERS ASSET MANAGEMENT,Financials,,mid,37.68,0.861,0.9863,0.9679,0.8569,STRONG_UP,-8.7,20.35,5.62,-21.92,50.2,28.21,0.6336,LOW,PROGRESS,36.513,38.4711,41.0925,0,36.213,WEAK,13.8618
1072,-1,UNP,Union Pacific Corporation,Industrials,Rail Transportation,large,251.14,0.8512,0.9654,0.9937,1.0685,STRONG_DOWN,13.34,18.98,14.37,-12.28,55.42,21.39,0.8646,LOW,-,244.8995,251.5026,231.6026,1,49.1841,TREND_ONLY,13.8411
1073,-1,PNW,Pinnacle West Capital,Utilities,Multi-Utilities,large,104.04,0.8305,0.9794,0.9633,1.089,FLAT,14.14,16.09,54.85,-8.43,52.21,16.13,0.7648,LOW,-,101.324,100.235,91.485,1,52.0694,TREND_ONLY,13.8351
1074,-1,EFX,Equifax,Industrials,Research & Consulting Services,large,196.22,0.6579,1.0167,1.0017,0.8704,STRONG_UP,-13.2,-8.04,-8.42,-39.04,51.0,45.49,0.7053,LOW,SHIFT,181.0055,189.6892,219.9258,0,-9.0098,WEAK,13.7627
1075,-1,J,Jacobs Solutions,Industrials,Construction & Engineering,large,128.93,0.8132,0.9941,0.9332,0.8972,STRONG_UP,-16.98,13.67,10.63,-24.91,51.0,37.63,0.5944,LOW,PROGRESS,127.5,132.8241,140.8069,0,18.5213,WEAK,13.7096
1076,-1,DHR,Danaher Corporation,Health Care,Life Sciences Tools & Services,large,194.75,0.7585,0.9606,0.9512,0.8033,STRONG_UP,-7.34,6.02,-16.64,-24.85,51.81,28.27,1.015,MED,PROGRESS,191.1315,199.0848,208.8932,0,11.0302,WEAK,13.6882
1077,-1,FELE,FRANKLIN ELECTRIC INC,Industrials,,mid,101.68,0.8701,0.9515,1.0312,0.9853,FLAT,6.16,21.62,3.33,-18.18,49.8,39.9,1.9881,HIGH,-,95.9305,97.3824,95.8467,1,26.9845,TREND_ONLY,13.6789
1078,-1,MWA,MUELLER WATER PRODUCTS INC SERIES,Industrials,,mid,29.07,0.8686,0.9248,0.9773,1.0758,STRONG_DOWN,16.94,21.41,87.09,-16.11,50.2,26.15,1.1379,MED,-,28.4135,28.7667,26.0737,1,41.0994,TREND_ONLY,13.6405
1079,-1,PRK,PARK NATIONAL CORP,Financials,,mid,175.33,0.9134,0.9784,1.0433,1.0599,STRONG_DOWN,18.56,27.67,49.02,-15.31,51.0,28.49,0.8174,LOW,-,165.707,166.0335,161.3839,1,49.525,TREND_ONLY,13.6068
1080,-1,SKT,TANGER INC,Real Estate,,mid,37.02,0.884,0.9821,0.9668,1.0792,FLAT,16.59,23.56,48.41,-10.34,50.2,22.85,0.3506,LOW,-,35.092,35.3092,33.2163,1,51.7685,TREND_ONLY,13.5468
1081,-1,APLE,APPLE HOSPITALITY REIT INC,Real Estate,,mid,13.0,0.8535,1.004,1.0253,1.0408,STRONG_DOWN,17.63,19.3,1.04,-13.49,48.59,24.38,1.8163,HIGH,-,11.977,12.01,11.6943,1,38.4633,TREND_ONLY,13.533
1082,-1,ADSK,Autodesk,Information Technology,Application Software,large,242.02,0.681,1.0294,0.9055,0.8848,STRONG_UP,-19.28,-4.82,14.9,-33.15,52.21,40.72,1.1058,MED,SHIFT,236.404,239.6886,283.5007,0,-6.1771,WEAK,13.5274
1083,-1,INTA,INTAPP INC,Information Technology,,mid,22.82,0.3367,1.0444,0.8282,0.5789,STRONG_UP,-37.6,-52.94,-26.05,-66.6,43.78,75.04,0.4708,LOW,EARLY,23.789,24.1056,37.3288,0,-30.8856,WEAK,13.526
1084,-1,KAI,KADANT INC,Industrials,,mid,331.84,0.8331,0.9787,1.0315,0.993,FLAT,11.98,16.44,17.89,-30.91,49.4,38.83,0.8329,LOW,-,308.6982,321.1174,309.801,1,20.9178,TREND_ONLY,13.5147
1085,-1,LEN,Lennar,Consumer Discretionary,Homebuilding,large,92.79,0.6515,0.9984,0.9174,0.7634,STRONG_UP,-24.14,-8.93,-35.17,-39.87,48.19,36.13,0.996,LOW,PROGRESS,89.148,101.002,115.4639,0,-11.9139,WEAK,13.5103
1086,-1,UNH,UnitedHealth Group,Health Care,Managed Health Care,large,324.63,0.5614,1.002,1.0726,0.96,FLAT,-7.66,-21.52,-31.24,-44.05,49.4,52.55,0.9416,LOW,-,289.3615,285.4082,308.9095,1,-20.2333,TREND_ONLY,13.4831
1087,0,OCUL,OCULAR THERAPEUTIX INC,Health Care,,small,9.82,0.9232,1.0708,1.1002,0.8464,FLAT,-19.51,29.04,67.58,-57.29,48.59,97.1,0.914,LOW,-,8.4575,8.8249,11.0994,0,14.5323,WEAK,13.4699
1088,-2,CLB,CORE LABORATORIES INC,Energy,,small,16.5,0.9657,0.9339,0.9573,0.8253,FLAT,44.78,34.98,-2.38,-27.03,49.4,43.84,0.9275,LOW,-,16.5815,17.0482,14.8982,1,39.4166,TREND_ONLY,13.4309
1089,-2,RMD,ResMed,Health Care,Health Care Equipment,large,228.12,0.7809,0.9572,0.9295,0.8622,STRONG_UP,-15.11,9.15,30.77,-24.74,51.41,27.25,0.7064,LOW,PROGRESS,226.2,241.423,256.7549,0,17.2662,WEAK,13.41
1090,-2,RJF,Raymond James Financial,Financials,Investment Banking & Brokerage,large,151.75,0.8409,0.975,0.9879,0.8613,FLAT,-4.59,17.53,27.89,-19.64,55.82,30.57,0.9514,LOW,SHIFT,146.0612,151.0079,160.1036,0,32.0108,WEAK,13.3978
1091,-2,NOG,NORTHERN OIL AND GAS INC,Energy,,mid,24.55,0.8136,0.8701,0.812,1.0881,FLAT,18.75,13.72,-34.41,-34.26,50.6,45.63,0.9708,LOW,-,27.9565,27.2466,24.268,1,15.2195,TREND_ONLY,13.3945
1092,-2,CVCO,CAVCO INDUSTRIES INC,Consumer Discretionary,,mid,539.06,0.8357,0.9948,1.0617,0.7504,FLAT,-0.26,16.81,54.51,-34.05,53.82,59.52,0.7378,LOW,-,491.803,526.6106,538.9257,1,15.2035,TREND_ONLY,13.375
1093,-2,MTCH,Match Group,Communication Services,Interactive Media & Services,mid,35.51,0.8944,1.0334,1.0521,1.1076,STRONG_DOWN,11.11,25.01,14.18,-24.61,51.41,37.47,0.6891,LOW,-,31.8695,31.2607,32.8628,1,34.3159,TREND_ONLY,13.3743
1094,-2,PFSI,PENNYMAC FINANCIAL SERVICES INC,Financials,,mid,94.57,0.7265,0.9821,0.9954,0.578,FLAT,-19.01,1.54,11.21,-47.06,51.41,75.44,0.5579,LOW,SHIFT,89.0025,89.9544,112.6871,0,1.0506,WEAK,13.3635
1095,-2,OMCL,OMNICELL INC,Health Care,,small,38.28,0.9237,1.0564,1.062,0.736,FLAT,26.34,29.11,40.48,-37.05,53.41,53.94,0.5665,LOW,-,34.8685,36.9648,36.2951,1,28.8202,TREND_ONLY,13.3421
1096,-2,EFC,ELLINGTON FINANCIAL INC,Financials,,small,12.96,0.8643,0.989,1.0334,0.927,FLAT,0.87,20.81,46.78,-17.71,51.41,22.12,0.6583,LOW,-,12.0717,12.135,12.5657,1,48.3614,TREND_ONLY,13.3305
1097,-2,PECO,PHILLIPS EDISON AND COMPANY INC,Real Estate,,mid,39.59,0.8319,1.0036,0.9812,1.0833,FLAT,18.42,16.27,31.0,-8.41,47.39,14.43,0.6269,LOW,-,37.655,38.0128,35.1155,1,53.4465,TREND_ONLY,13.2762
1098,-2,CVS,CVS Health,Health Care,Health Care Services,large,77.3,0.881,0.9564,0.9967,0.9631,FLAT,-3.44,23.14,20.92,-16.44,57.83,41.18,0.758,LOW,-,74.51,76.0476,74.2073,1,32.493,TREND_ONLY,13.2709
1099,-2,PZZA,PAPA JOHNS INTERNATIONAL INC,Consumer Discretionary,,small,37.46,0.9085,1.0338,1.03,1.0195,STRONG_UP,-27.6,26.99,-33.42,-43.11,51.0,61.16,0.8364,LOW,-,34.555,33.8207,40.6631,0,22.5086,WEAK,13.2675
1100,-2,MCK,McKesson Corporation,Health Care,Health Care Distributors,large,866.38,0.9118,0.9682,0.893,1.0021,FLAT,11.92,27.45,68.43,-13.97,55.82,40.94,0.8097,LOW,-,868.9255,915.8872,806.0163,1,37.421,TREND_ONLY,13.2662
1101,-2,IFF,International Flavors & Fragrances,Materials,Specialty Chemicals,large,75.88,0.7647,1.0225,1.0381,1.0343,FLAT,22.68,6.89,-5.37,-24.03,53.01,35.13,1.0841,MED,-,71.451,74.2543,68.3192,1,10.4019,TREND_ONLY,13.2501
1102,-2,IOVA,IOVANCE BIOTHERAPEUTICS INC,Health Care,,small,3.86,0.8966,1.0778,0.9242,1.5887,FLAT,72.32,25.32,-67.06,-54.41,46.99,104.99,0.6637,LOW,-,3.599,3.5906,2.679,1,11.3345,TREND_ONLY,13.2481
1103,-2,VRDN,VIRIDIAN THERAPEUTICS ORS INC,Health Care,,small,14.8,0.8064,0.9661,0.4926,0.4322,STRONG_UP,-35.68,12.72,-2.37,-58.85,49.8,91.56,,LOW,-,19.44,25.11,24.4592,0,6.9179,WEAK,13.2322
1104,-2,CSTL,CASTLE BIOSCIENCES INC,Health Care,,small,25.05,0.8478,1.0286,0.9031,0.6081,STRONG_UP,11.19,18.5,30.47,-46.26,51.81,50.08,0.5332,LOW,-,24.5515,27.3881,28.171,0,19.1347,WEAK,13.2039
1105,80,SLG,SL GREEN REALTY REIT CORP,Real Estate,,mid,43.28,0.6511,1.0703,1.0291,0.8807,STRONG_UP,-17.33,-8.99,-1.14,-45.4,48.19,45.41,1.2833,MED,SHIFT,37.9468,38.2688,48.2236,0,-9.538,WEAK,13.1583
1106,-3,CRM,Salesforce,Information Technology,Application Software,large,182.14,0.5557,1.0183,0.8677,0.7809,STRONG_UP,-25.65,-22.33,-32.12,-42.92,51.41,42.13,1.2317,MED,PROGRESS,181.2429,187.6007,231.8368,0,-27.2506,WEAK,13.1427
1107,-3,MDT,Medtronic,Health Care,Health Care Equipment,large,86.19,0.7778,0.9463,0.9268,0.8723,STRONG_UP,-7.9,8.72,16.09,-17.61,51.0,19.54,1.208,MED,EARLY,86.7847,91.3754,93.1584,0,22.7479,WEAK,13.1384
1108,-3,FUL,HB FULLER,Materials,,mid,64.43,0.875,0.9641,1.1866,1.0374,FLAT,10.19,22.3,-12.99,-26.97,47.79,43.49,0.7883,LOW,-,59.662,61.2152,59.8597,1,24.5052,TREND_ONLY,13.1032
1109,-3,ARVN,ARVINAS INC,Health Care,,small,11.0,0.8994,1.0045,0.9125,0.8758,STRONG_UP,13.64,25.71,-67.92,-36.9,50.2,56.87,0.8891,LOW,-,10.837,11.9664,10.3223,1,22.6984,TREND_ONLY,13.0721
1110,-3,HTO,H2O AMERICA,Utilities,,mid,58.05,0.7929,0.9635,0.9523,1.0607,FLAT,18.2,10.83,16.45,-19.77,49.4,24.27,1.9296,HIGH,-,58.2195,56.5552,50.6111,1,22.0376,TREND_ONLY,13.0634
1111,-3,STNE,STONECO LTD CLASS A,Financials,,mid,15.1,0.8958,0.9871,1.0109,1.0122,STRONG_DOWN,-14.5,25.21,-1.05,-31.4,48.59,60.58,1.1974,MED,SHIFT,14.209,15.094,15.9103,0,20.2183,WEAK,13.0504
1112,-3,PAGS,PAGSEGURO DIGITAL LTD CLASS A,Financials,,mid,11.26,0.9801,1.0073,1.0845,1.085,STRONG_DOWN,28.39,36.99,0.46,-21.92,49.0,50.02,0.8227,LOW,-,10.4405,10.4176,9.7261,1,36.236,TREND_ONLY,13.015
1113,-3,YUM,Yum! Brands,Consumer Discretionary,Restaurants,large,162.79,0.8448,0.9743,0.9654,0.9912,FLAT,14.6,18.09,22.71,-10.22,51.0,21.01,0.4808,LOW,-,158.401,160.0811,150.579,1,43.9017,TREND_ONLY,13.0056
1114,-3,PODD,Insulet Corporation,Health Care,Health Care Equipment,large,203.73,0.611,0.9951,0.8257,0.6878,STRONG_UP,-35.59,-14.6,23.68,-44.18,50.2,31.4,0.8108,LOW,EARLY,208.2015,228.266,287.5821,0,-23.3473,WEAK,13.0015
1115,-3,BWIN,BALDWIN INSURANCE GROUP INC CLASS,Financials,,mid,25.04,0.4442,1.0937,1.0986,0.913,FLAT,5.52,-37.91,-6.6,-62.95,48.59,77.09,0.9678,LOW,SHIFT,22.1855,20.4894,26.9977,0,-23.8962,WEAK,12.996
1116,-3,LDOS,Leidos,Industrials,Diversified Support Services,large,155.17,0.8108,0.9513,0.8664,0.776,STRONG_UP,-15.46,13.33,27.96,-23.02,53.82,39.56,0.5665,LOW,EARLY,157.793,168.3183,178.9808,0,18.1357,WEAK,12.984
1117,-2,MCW,MISTER CAR WASH INC,Consumer Discretionary,,mid,7.01,0.7364,0.9689,0.9306,1.1367,FLAT,46.65,2.94,5.1,-41.06,42.97,40.37,0.373,LOW,-,6.983,6.8434,5.9166,1,3.126,TREND_ONLY,12.9462
1118,-2,LMB,LIMBACH HOLDINGS INC,Industrials,,small,93.56,0.8148,1.0551,1.1869,1.0756,FLAT,-0.54,13.89,133.78,-55.92,52.21,55.64,0.8078,LOW,-,82.1415,84.954,94.9342,0,13.033,WEAK,12.9314
1119,-2,GIII,G III APPAREL GROUP LTD,Consumer Discretionary,,small,30.49,0.8929,1.005,1.0484,0.9893,FLAT,12.46,24.81,13.09,-29.39,52.21,37.76,0.934,LOW,-,28.252,29.02,27.6621,1,34.3008,TREND_ONLY,12.9235
1120,-2,OTTR,OTTER TAIL CORP,Utilities,,mid,88.16,0.8332,0.927,0.9336,0.9813,STRONG_DOWN,16.32,16.46,12.51,-12.7,52.21,23.46,1.6797,HIGH,-,87.8255,87.1504,82.4684,1,36.632,TREND_ONLY,12.8968
1121,-2,WEC,WEC Energy Group,Utilities,Electric Utilities,large,115.87,0.8012,0.9624,0.9284,1.0452,FLAT,1.38,11.99,54.44,-11.22,53.01,15.45,0.376,LOW,-,115.525,115.1526,109.6062,1,41.1413,TREND_ONLY,12.8649
1122,-2,CVLT,COMMVAULT SYSTEMS INC,Information Technology,,mid,94.23,0.4713,1.0158,1.0941,0.7492,FLAT,-44.8,-34.13,0.08,-61.53,52.21,77.61,0.8307,LOW,SHIFT,82.7575,84.397,135.9187,0,-22.9586,WEAK,12.8276
1123,-2,ASTH,ASTRANA HEALTH INC,Health Care,,small,31.5,0.7624,1.0538,1.2071,1.1353,FLAT,-0.91,6.56,-15.07,-46.41,54.22,88.65,1.5748,HIGH,-,26.486,23.7844,25.9448,1,4.014,TREND_ONLY,12.8186
1124,-2,IBOC,INTERNATIONAL BANCSHARES CORP,Financials,,mid,72.31,0.8994,0.9657,1.0008,1.0081,STRONG_DOWN,12.81,25.71,43.57,-12.74,48.59,25.46,0.9949,LOW,-,69.1855,69.3081,68.3915,1,49.0739,TREND_ONLY,12.803
1125,-2,CRK,COMSTOCK RESOURCES INC,Energy,,mid,16.86,0.6471,0.9399,0.73,0.7732,FLAT,-4.91,-9.55,82.47,-51.11,51.0,60.9,0.965,LOW,EARLY,19.5255,19.8482,20.4144,0,-7.997,WEAK,12.7849
1126,-2,WGO,WINNEBAGO INDUSTRIES INC,Consumer Discretionary,,small,33.74,0.8079,1.0078,0.9548,0.693,STRONG_UP,14.61,12.92,-41.05,-39.4,51.41,40.07,1.3467,MED,-,32.1113,37.1226,36.0669,0,16.5807,WEAK,12.7619
1127,-2,CON,CONCENTRA GROUP HOLDINGS PARENT IN,Health Care,,mid,22.86,0.8342,0.986,0.9668,1.0333,FLAT,15.55,16.6,3.49,-21.39,48.19,25.78,0.2801,LOW,-,21.823,22.642,21.1285,1,31.0343,TREND_ONLY,12.755
1128,-2,FTV,Fortive,Industrials,Industrial Machinery & Supplies & Components,large,60.52,0.9019,0.9775,1.0095,1.0708,STRONG_DOWN,24.57,26.06,1.04,-16.14,49.4,36.32,0.9931,LOW,-,57.026,57.2921,52.6291,1,35.4421,TREND_ONLY,12.7284
1129,-2,MCO,Moody's Corporation,Financials,Financial Exchanges & Data,large,455.35,0.7945,1.0007,0.9681,0.8225,STRONG_UP,-2.42,11.05,23.45,-23.61,51.81,36.87,0.597,LOW,SHIFT,438.0645,443.3696,484.2013,0,15.5213,WEAK,12.6995
1130,-2,LTC,LTC PROPERTIES REIT INC,Real Estate,,small,39.79,0.8533,0.9784,0.9656,1.0628,FLAT,18.6,19.27,42.81,-9.46,53.82,22.65,1.0173,MED,-,38.291,38.4979,35.5285,1,45.7834,TREND_ONLY,12.664
1131,-1,QLYS,QUALYS INC,Information Technology,,mid,83.17,0.5076,0.9872,0.7978,0.6003,STRONG_UP,-34.8,-29.05,-48.93,-50.46,49.4,57.17,1.6821,HIGH,EARLY,86.945,94.6326,125.544,0,-25.1053,WEAK,12.6442
1132,-1,EFSC,ENTERPRISE FINANCIAL SERVICES CORP,Financials,,mid,58.67,0.889,0.977,1.0232,1.0335,STRONG_DOWN,11.84,24.26,60.71,-15.28,49.4,27.09,0.9865,LOW,-,55.8925,56.4973,55.9697,1,44.2344,TREND_ONLY,12.6197
1133,-1,GWW,W. W. Grainger,Industrials,Industrial Machinery & Supplies & Components,large,1162.9399,0.8576,0.9672,1.0331,1.059,STRONG_DOWN,22.35,19.87,26.14,-16.26,50.2,28.77,0.6788,LOW,-,1110.329,1119.1449,1025.3254,1,34.6671,TREND_ONLY,12.617
1134,-1,HMN,HORACE MANN EDUCATORS CORP,Financials,,small,45.41,0.8635,0.9806,1.0107,1.0474,STRONG_DOWN,5.94,20.7,37.38,-10.73,57.43,21.2,0.5179,LOW,-,43.568,42.974,43.5658,1,56.0648,TREND_ONLY,12.6144
1135,-1,WY,Weyerhaeuser,Real Estate,Timber REITs,large,25.17,0.7548,0.9798,1.0158,0.9113,FLAT,8.37,5.5,-14.68,-21.96,48.59,23.1,1.1101,MED,-,24.177,24.5971,24.2506,1,11.5782,TREND_ONLY,12.6076
1136,-1,CDW,CDW Corporation,Information Technology,Technology Distributors,large,133.96,0.6566,0.9813,1.0374,0.9926,FLAT,-10.5,-8.23,-41.5,-39.49,51.0,36.62,0.5878,LOW,SHIFT,124.5425,124.7724,145.7314,0,-11.4587,WEAK,12.5832
1137,-77,AVNS,AVANOS MEDICAL INC,Health Care,,small,24.62,1.4581,1.6371,1.6948,1.9379,STRONG_DOWN,114.65,103.81,31.66,-24.56,49.4,143.29,,LOW,-,15.996,14.8948,12.5099,1,35.7884,TREND+LEAD,12.581
1138,-2,WAT,Waters Corporation,Health Care,Life Sciences Tools & Services,large,327.77,0.7415,0.9753,1.0138,0.8219,FLAT,-2.12,3.65,11.4,-31.32,50.2,40.12,0.2904,LOW,SHIFT,309.319,314.194,335.8749,0,4.5661,WEAK,12.562
1139,-2,FRME,FIRST MERCHANTS CORP,Financials,,mid,41.14,0.8751,0.9664,1.0415,1.0593,STRONG_DOWN,18.71,22.32,,-15.73,50.2,25.93,0.9924,LOW,-,39.473,39.4292,38.1772,1,43.2076,TREND_ONLY,12.5566
1140,-2,CMG,Chipotle Mexican Grill,Consumer Discretionary,Restaurants,large,35.83,0.5509,1.0008,1.0079,0.8709,FLAT,-14.2,-23.0,-38.39,-48.82,45.38,35.03,0.831,LOW,SHIFT,33.4165,35.1462,39.0209,0,-29.7903,WEAK,12.5386
1141,-2,PEP,PepsiCo,Consumer Staples,Soft Drinks & Non-alcoholic Beverages,large,157.67,0.8278,0.9772,0.9565,1.056,FLAT,5.22,15.7,-1.64,-11.21,46.99,22.63,1.0207,MED,-,154.6335,159.5011,146.755,1,32.6063,TREND_ONLY,12.538
1142,-2,SBAC,SBA Communications,Real Estate,Telecom Tower REITs,large,223.14,0.7236,0.9789,1.1343,1.1242,FLAT,14.43,1.14,18.66,-30.63,45.78,50.57,0.7281,LOW,-,195.2715,193.2935,197.9123,1,1.0324,TREND_ONLY,12.5288
1143,-2,TOWN,TOWNEBANK,Financials,,mid,36.31,0.8568,0.9821,1.0388,1.0139,FLAT,13.5,19.76,47.78,-14.28,50.2,24.67,0.9001,LOW,-,34.2987,34.3741,34.2564,1,40.2182,TREND_ONLY,12.5178
1144,-2,DRI,Darden Restaurants,Consumer Discretionary,Restaurants,large,201.07,0.7523,1.0124,0.9184,0.917,STRONG_UP,8.9,5.15,40.74,-23.92,50.2,29.03,0.5729,LOW,-,195.5437,203.0121,194.4619,1,8.9096,TREND_ONLY,12.4853
1145,-2,FISV,Fiserv,Financials,Transaction & Payment Processing Services,large,63.97,0.2206,1.0513,1.0395,0.9373,STRONG_UP,-47.18,-69.17,-56.46,-75.17,50.4,40.01,0.6604,LOW,SHIFT,57.271,59.1174,94.6855,0,-87.1263,WEAK,12.4831
1146,-2,SKYW,SKYWEST INC,Industrials,,mid,99.3,0.8513,1.0108,1.0297,0.9673,FLAT,-1.07,18.99,45.97,-28.96,47.79,39.33,0.8698,LOW,SHIFT,93.386,97.0654,103.0317,0,23.079,WEAK,12.4719
1147,-2,KNF,KNIFE RIVER CORP,Materials,,mid,89.12,0.7554,0.9941,1.0326,1.0388,STRONG_DOWN,36.06,5.58,17.56,-41.75,48.19,65.98,0.837,LOW,-,82.9425,83.5538,77.7264,1,4.0754,TREND_ONLY,12.4599
1148,-2,NWSA,News Corp (Class A),Communication Services,Publishing,large,26.01,0.7396,1.0076,1.0071,0.9665,STRONG_UP,0.81,3.38,9.89,-27.81,52.21,30.2,0.5927,LOW,SHIFT,24.6915,24.0446,26.6661,0,5.8498,WEAK,12.4466
1149,-2,GABC,GERMAN AMERICAN BANCORP INC,Financials,,small,44.14,0.9203,0.9736,1.0271,1.0711,STRONG_DOWN,18.94,28.64,46.77,-11.3,47.79,25.03,0.8142,LOW,-,42.6155,42.1249,40.1506,1,54.6732,TREND_ONLY,12.4084
1150,-2,ICE,Intercontinental Exchange,Financials,Financial Exchanges & Data,large,161.24,0.7528,0.9481,0.9426,0.9031,STRONG_UP,5.79,5.23,26.03,-22.53,52.61,30.3,1.2743,MED,SHIFT,160.581,160.0347,165.0385,0,9.0764,WEAK,12.3743
1151,-2,LKFN,LAKELAND FINANCIAL CORP,Financials,,small,61.32,0.8707,0.9719,1.0197,1.0126,FLAT,6.19,21.71,10.5,-18.57,47.79,24.56,0.7334,LOW,-,58.601,58.7794,60.3298,1,42.2351,TREND_ONLY,12.3532
1152,-2,ALKS,ALKERMES,Health Care,,mid,34.53,0.915,0.9885,1.1266,1.0604,FLAT,12.11,27.89,45.33,-22.2,50.6,51.86,0.9344,LOW,-,32.3815,31.3922,29.9705,1,27.2113,TREND_ONLY,12.3478
1153,-2,LQDT,LIQUIDITY SERVICES INC,Industrials,,small,34.0,0.806,1.0076,1.1085,1.0551,FLAT,45.42,12.66,101.06,-30.9,55.82,31.28,1.1747,MED,-,31.3665,31.227,28.1394,1,22.5874,TREND_ONLY,12.3063
1154,-2,MGRC,MCGRATH RENT,Industrials,,mid,116.87,0.8272,0.9919,1.0276,1.0353,STRONG_DOWN,0.53,15.63,9.26,-24.87,50.2,27.99,0.5504,LOW,-,111.0537,110.9248,112.3599,1,28.0315,TREND_ONLY,12.2686
1155,-1,PCG,PG&E Corporation,Utilities,Multi-Utilities,large,17.26,0.7402,0.94,0.8817,1.0771,FLAT,5.23,3.47,5.74,-27.12,50.6,27.84,0.6749,LOW,-,17.6211,17.8527,15.8863,1,6.2978,TREND_ONLY,12.2647
1156,-1,PRG,PROG HOLDINGS INC,Financials,,small,32.33,0.9133,1.0475,1.071,0.9711,FLAT,4.72,27.66,8.08,-31.21,49.4,47.35,0.5511,LOW,-,29.1475,31.6759,31.2773,1,28.8607,TREND_ONLY,12.2569
1157,-1,HLX,HELIX ENERGY SOLUTIONS GROUP INC,Energy,,small,9.16,1.002,0.904,0.8723,1.2549,FLAT,46.33,40.06,-13.83,-20.83,47.79,56.19,0.6677,LOW,-,9.68,9.2792,7.2767,1,34.0723,TREND+LEAD,12.2567
1158,-1,USPH,US PHYSICAL THERAPY INC,Health Care,,small,76.57,0.8458,0.9443,0.9545,0.87,FLAT,-13.39,18.22,-17.94,-26.57,51.41,24.3,0.9981,LOW,-,75.59,79.4138,80.0211,0,38.5564,WEAK,12.2511
1159,0,MELI,Mercado Libre,Consumer Discretionary,Catalog/Specialty Distribution,large,1855.83,0.6456,0.9788,1.0316,0.8687,FLAT,-9.16,-9.75,35.44,-38.8,49.8,40.78,0.633,LOW,SHIFT,1729.24,1799.3772,2123.4078,0,-11.9124,WEAK,12.2369
1160,0,ANIP,ANI PHARMACEUTICALS INC,Health Care,,small,80.92,0.8514,0.9983,1.0021,0.9266,FLAT,-12.0,19.0,25.3,-28.66,49.8,31.97,1.4117,MED,-,76.498,76.3712,81.97,0,29.5965,WEAK,12.2253
1161,0,SPGI,S&P Global,Financials,Financial Exchanges & Data,large,442.57,0.7108,0.9942,0.9623,0.7886,STRONG_UP,-5.84,-0.65,8.72,-30.48,54.62,41.43,0.6315,LOW,SHIFT,424.853,426.1696,492.7877,0,-0.8561,WEAK,12.2079
1162,0,GEO,GEO GROUP INC,Industrials,,mid,18.6,0.4727,1.0147,1.0522,1.0271,FLAT,11.11,-33.93,25.93,-58.13,47.79,61.83,0.9434,LOW,-,17.465,15.9122,18.4379,1,-26.2218,TREND_ONLY,12.1832
1163,0,LMAT,LEMAITRE VASCULAR INC,Health Care,,mid,114.36,0.9746,0.9594,0.9721,1.2613,STRONG_DOWN,32.3,36.22,85.78,-19.91,52.21,54.89,0.7427,LOW,-,110.904,104.0789,91.2159,1,34.4513,TREND_ONLY,12.1772
1164,0,CNR,CORE NATURAL RESOURCES INC,Energy,,mid,85.97,0.847,0.926,0.7438,0.8609,FLAT,-7.22,18.39,3.49,-24.13,49.0,53.43,1.2738,MED,-,99.6665,94.8757,85.4225,1,16.8668,TREND_ONLY,12.1759
1165,0,PRU,Prudential Financial,Financials,Life & Health Insurance,large,101.65,0.7907,0.9972,1.0181,0.896,FLAT,4.55,10.53,2.97,-21.46,55.02,26.63,0.8175,LOW,SHIFT,96.8815,98.0853,102.9591,0,21.75,WEAK,12.1737
1166,-1,MMS,MAXIMUS INC,Industrials,,mid,69.17,0.7515,0.9923,0.9325,0.6864,STRONG_UP,-16.93,5.04,-10.87,-36.66,46.59,45.46,0.5888,LOW,PROGRESS,66.303,71.1683,81.173,0,5.1633,WEAK,12.165
1167,-1,ALL,Allstate,Financials,Property & Casualty Insurance,large,216.16,0.8435,0.971,0.9815,1.0975,STRONG_DOWN,12.01,17.9,32.96,-11.48,53.82,23.18,0.5521,LOW,-,209.7855,208.5104,202.7935,1,41.5614,TREND_ONLY,12.1627
1168,-1,PRAA,PRA GROUP INC,Financials,,small,21.09,0.9161,1.0385,1.0997,1.2311,STRONG_DOWN,58.21,28.05,-10.18,-46.01,53.01,81.4,0.4795,LOW,-,18.5625,16.0052,15.8799,1,18.2676,TREND_ONLY,12.148
1169,-1,HD,Home Depot (The),Consumer Discretionary,Home Improvement Retail,large,349.4,0.7388,0.9895,0.9864,0.8987,STRONG_UP,-8.62,3.27,10.29,-23.72,47.39,26.43,1.2025,MED,PROGRESS,331.828,352.3231,368.4225,0,5.8571,WEAK,12.1464
1170,-1,NOVT,NOVANTA INC,Information Technology,,mid,128.85,0.8339,0.9679,1.0068,0.93,FLAT,20.86,16.56,-14.11,-26.97,50.2,43.35,0.8103,LOW,-,120.4255,128.867,121.2848,1,19.1815,TREND_ONLY,12.146
1171,0,TTWO,Take-Two Interactive,Communication Services,Interactive Home Entertainment,large,212.04,0.7394,1.0174,0.9738,0.8577,STRONG_UP,-18.2,3.35,50.77,-27.68,50.6,38.76,0.7484,LOW,SHIFT,199.89,203.1986,232.8411,0,4.3779,WEAK,12.1203
1172,0,RES,RPC INC,Energy,,small,6.53,0.976,0.9333,0.8833,1.042,FLAT,52.98,36.42,-11.36,-20.83,49.8,57.58,1.1652,MED,-,6.91,6.412,5.4069,1,31.5008,TREND_ONLY,12.1098
1173,0,DUK,Duke Energy,Utilities,Electric Utilities,large,128.03,0.7892,0.9486,0.9144,1.052,FLAT,2.23,10.31,43.53,-10.88,54.62,15.08,0.5832,LOW,-,129.9635,129.1045,121.8279,1,37.355,TREND_ONLY,12.0694
1174,0,OCFC,OCEANFIRST FINANCIAL CORP,Financials,,small,19.22,0.9151,0.9914,1.0005,1.0295,STRONG_DOWN,12.7,27.91,44.6,-15.39,48.19,27.63,0.7148,LOW,-,18.3215,18.5332,18.0962,1,48.6785,TREND_ONLY,12.0665
1175,0,ZD,ZIFF DAVIS INC,Communication,,small,47.55,1.0992,1.0377,1.0404,1.2323,STRONG_DOWN,30.42,53.63,-6.23,-33.79,49.8,108.49,0.5367,LOW,-,43.766,38.5216,36.0868,1,24.6199,TREND+LEAD,12.0551
1176,0,EXR,Extra Space Storage,Real Estate,Self-Storage REITs,large,145.36,0.7876,1.0049,0.9904,0.9594,STRONG_UP,-2.08,10.09,18.11,-16.7,52.21,25.54,0.5551,LOW,-,134.957,139.9967,137.3451,1,20.6234,TREND_ONLY,12.0304
1177,0,GPOR,GULFPORT ENERGY CORP,Energy,,mid,193.48,0.8365,0.9441,0.8794,1.0503,FLAT,9.59,16.92,26.62,-21.77,54.22,35.18,0.9133,LOW,-,204.956,203.2662,191.2046,1,26.0781,TREND_ONLY,12.0209
1178,0,NHI,NATIONAL HEALTH INVESTORS REIT INC,Real Estate,,mid,85.65,0.8624,0.9695,0.9463,1.0494,FLAT,19.23,20.54,56.17,-10.16,51.41,24.27,0.7884,LOW,-,83.4258,84.8074,76.9763,1,43.5022,TREND_ONLY,12.0102
1179,0,CSR,CENTERSPACE,Real Estate,,small,65.1,0.8354,0.9976,1.042,0.9907,FLAT,10.11,16.76,14.49,-17.43,49.0,19.91,0.5834,LOW,-,59.9437,61.0173,59.7751,1,41.258,TREND_ONLY,11.9652
1180,0,PRA,PROASSURANCE CORP,Financials,,small,24.65,0.7708,0.9685,0.9334,0.9902,FLAT,2.54,7.74,88.46,-2.22,44.98,6.13,0.4335,LOW,-,24.5635,24.528,24.1075,1,56.7644,TREND_ONLY,11.9499
1181,0,TGTX,TG THERAPEUTICS INC,Health Care,,mid,35.33,0.6837,1.0102,1.0783,1.1226,STRONG_DOWN,1.32,-4.44,152.54,-42.01,52.61,40.03,1.4111,MED,-,33.018,30.7662,31.9505,1,-5.8301,TREND_ONLY,11.9453
1182,0,HFWA,HERITAGE FINANCIAL CORP,Financials,,small,27.49,0.9364,0.9757,1.0181,1.0742,STRONG_DOWN,26.9,30.88,70.21,-14.76,49.0,31.34,0.9231,LOW,-,26.3565,26.538,24.4104,1,48.288,TREND_ONLY,11.9008
1183,0,BXMT,BLACKSTONE MORTGAGE TRUST REIT CLA,Financials,,mid,20.22,0.8769,0.9876,1.0107,1.0261,STRONG_DOWN,19.14,22.57,35.92,-9.53,51.81,24.03,0.8657,LOW,-,19.0252,18.9231,18.3288,1,48.6621,TREND_ONLY,11.8798
1184,0,GBX,GREENBRIER INC,Industrials,,small,50.32,0.8864,0.9192,0.9229,0.9883,STRONG_DOWN,12.21,23.9,3.13,-26.98,51.0,33.98,0.8338,LOW,-,51.392,53.7428,48.1562,1,35.8662,TREND_ONLY,11.8573
1185,1,BCPC,BALCHEM CORP,Materials,,mid,177.66,0.815,0.9724,1.002,1.0227,STRONG_DOWN,22.79,13.91,25.55,-17.69,46.18,21.45,1.1981,MED,-,170.854,173.2476,160.0943,1,29.9545,TREND_ONLY,11.8154
1186,1,EPAM,EPAM Systems,Information Technology,IT Consulting & Other Services,mid,131.34,0.6453,1.0152,0.897,0.6,STRONG_UP,-7.64,-9.8,-46.87,-44.68,54.22,59.34,0.9667,LOW,EARLY,132.1,142.6192,168.6345,0,-8.9546,WEAK,11.8045
1187,1,PNTG,PENNANT GROUP INC,Health Care,,small,30.74,0.8976,0.9483,0.8884,1.0243,FLAT,28.57,25.47,54.55,-26.97,52.61,44.02,,LOW,-,30.654,31.792,27.4956,1,30.4394,TREND_ONLY,11.7989
1188,1,SHW,Sherwin-Williams,Materials,Specialty Chemicals,large,345.55,0.7739,0.9984,1.0316,0.9401,FLAT,4.73,8.17,13.63,-18.74,47.79,28.24,1.1538,MED,-,324.0885,337.8947,341.7391,1,13.8287,TREND_ONLY,11.7723
1189,1,COST,Costco,Consumer Staples,Consumer Staples Merchandise Retail,large,999.89,0.751,0.9849,0.9505,1.0093,FLAT,8.32,4.97,42.13,-19.35,49.0,19.33,1.1291,MED,-,993.7405,994.8942,947.5159,1,12.5982,TREND_ONLY,11.7695
1190,1,ALG,ALAMO GROUP INC,Industrials,,mid,172.11,0.7696,0.9436,0.9792,0.8698,FLAT,-6.09,7.57,-14.88,-31.99,46.99,44.02,1.3408,MED,PROGRESS,169.7167,183.8033,190.4931,0,8.0763,WEAK,11.7124
1191,1,DORM,DORMAN PRODUCTS INC,Consumer Discretionary,,mid,110.66,0.7311,0.9745,1.0013,0.8523,FLAT,-22.34,2.19,25.88,-39.58,49.4,34.21,0.6231,LOW,PROGRESS,105.6395,113.0092,131.1752,0,3.1603,WEAK,11.7079
1192,-78,CNK,CINEMARK HOLDINGS INC,Communication,,mid,30.01,0.7611,0.9547,1.0545,1.222,STRONG_DOWN,13.98,6.38,68.16,-34.65,50.6,31.9,,LOW,-,29.102,27.5042,26.5772,1,10.1155,TREND_ONLY,11.6546
1193,0,ATEC,ALPHATEC HOLDNGS INC,Health Care,,small,11.1,0.7464,0.9533,0.8086,0.6078,STRONG_UP,-22.16,4.32,-10.05,-52.29,50.2,44.76,0.9746,LOW,-,11.296,12.4182,15.432,0,4.8488,WEAK,11.6523
1194,0,DVA,DaVita,Health Care,Health Care Services,mid,147.91,0.7927,0.9429,0.9151,1.3717,FLAT,18.09,10.79,17.29,-31.36,49.0,52.85,0.4828,LOW,-,150.6845,150.037,132.4175,1,10.0077,TREND_ONLY,11.6484
1195,0,EW,Edwards Lifesciences,Health Care,Health Care Equipment,large,80.99,0.8373,1.0016,0.9101,0.9326,FLAT,11.48,17.04,-6.32,-12.73,49.8,27.01,0.9446,LOW,-,80.3765,81.2846,80.8115,1,31.4132,TREND_ONLY,11.6467
1196,0,RAMP,LIVERAMP HOLDINGS INC,Information Technology,,small,28.78,0.8363,1.0457,0.9761,1.1151,FLAT,5.73,16.9,-10.57,-34.44,53.82,41.14,0.5928,LOW,-,26.72,26.5762,28.0816,1,22.1047,TREND_ONLY,11.6233
1197,0,RDN,RADIAN GROUP INC,Financials,,mid,35.37,0.8419,0.9928,0.9971,1.0453,STRONG_DOWN,9.66,17.68,28.11,-14.34,51.0,22.46,0.4022,LOW,-,33.734,33.6028,34.0493,1,40.1459,TREND_ONLY,11.6207
1198,0,BLDR,Builders FirstSource,Industrials,Building Products,mid,88.5,0.555,0.9769,0.9706,0.678,STRONG_UP,-28.02,-22.42,-51.45,-47.16,40.16,46.61,1.1873,MED,PROGRESS,83.326,95.7924,115.3879,0,-19.3199,WEAK,11.5959
1199,0,TDG,TransDigm Group,Industrials,Aerospace & Defense,large,1265.88,0.7408,0.9918,0.9841,0.848,STRONG_UP,1.32,3.55,17.71,-25.3,55.02,32.68,0.8038,LOW,SHIFT,1194.1995,1248.1402,1322.1664,0,5.9756,WEAK,11.5916
1200,0,NBHC,NATIONAL BANK HOLDINGS CORP CLASS,Financials,,small,42.38,0.8759,0.9756,1.0334,1.0149,FLAT,20.94,22.43,36.99,-14.41,49.0,26.14,0.4468,LOW,-,39.9965,40.1632,38.4887,1,42.039,TREND_ONLY,11.5826
1201,-1,AGYS,AGILYSYS INC,Information Technology,,small,68.23,0.7203,1.0117,0.9089,0.5825,STRONG_UP,-37.52,0.68,-16.54,-55.93,53.82,60.9,0.5091,LOW,-,68.891,73.395,103.8507,0,0.5999,WEAK,11.5622
1202,-1,CDRE,CADRE HOLDINGS INC,Industrials,,small,31.32,0.7773,0.9172,0.9046,0.6993,STRONG_UP,-23.23,8.65,-3.0,-36.21,53.01,54.22,1.7615,HIGH,-,31.818,37.0796,37.4783,0,8.456,WEAK,11.5477
1203,-1,VRE,VERIS RESIDENTIAL INC,Real Estate,,small,18.9,0.8851,0.9661,0.9335,1.2365,FLAT,30.78,23.71,38.53,-15.1,49.8,28.86,0.358,LOW,-,18.8835,18.314,15.5837,1,40.9156,TREND_ONLY,11.5164
1204,-1,ACN,Accenture,Information Technology,IT Consulting & Other Services,large,197.65,0.5133,0.9948,0.9074,0.6765,STRONG_UP,-14.83,-28.26,-35.48,-43.7,49.0,45.67,0.6556,LOW,PROGRESS,193.5595,203.6434,243.8513,0,-30.3192,WEAK,11.5138
1205,-1,IBCP,INDEPENDENT BANK CORP,Financials,,small,34.79,0.858,0.9661,0.9816,1.0058,STRONG_DOWN,14.77,19.93,57.44,-13.5,50.2,24.55,1.0557,MED,-,33.656,34.5096,32.6694,1,40.7506,TREND_ONLY,11.4318
1206,-1,OFG,OFG BANCORP,Financials,,small,42.61,0.8801,0.9552,1.0282,1.0042,FLAT,5.44,23.02,33.74,-17.74,50.2,30.78,0.7574,LOW,-,41.2369,40.6692,41.3711,1,37.5463,TREND_ONLY,11.3862
1207,-1,AKR,ACADIA REALTY TRUST REIT,Real Estate,,mid,21.73,0.8323,1.0118,1.0044,1.0134,FLAT,14.66,16.34,40.11,-12.41,53.41,23.82,0.5529,LOW,-,19.8376,20.1968,19.5237,1,36.6396,TREND_ONLY,11.3853
1208,-1,PFBC,PREFERRED BANK,Financials,,small,95.72,0.8713,0.9785,1.0073,0.9695,FLAT,15.13,21.78,42.18,-18.58,51.41,30.56,0.749,LOW,-,91.3926,89.9951,90.7668,1,36.6417,TREND_ONLY,11.381
1209,0,PSA,Public Storage,Real Estate,Self-Storage REITs,large,309.22,0.8019,1.0085,1.0331,1.0324,FLAT,2.96,12.08,28.72,-16.2,48.59,25.49,0.7909,LOW,-,282.4355,290.2683,279.842,1,23.0353,TREND_ONLY,11.3592
1210,-2,ADBE,Adobe Inc.,Information Technology,Application Software,large,244.45,0.5095,0.9836,0.9208,0.8018,STRONG_UP,-25.75,-28.78,-48.34,-46.43,50.2,39.28,0.9199,LOW,PROGRESS,240.4165,254.0526,320.5378,0,-36.7777,WEAK,11.343
1211,-2,ITRI,ITRON INC,Information Technology,,mid,98.43,0.6939,1.0066,0.984,0.9557,STRONG_UP,-26.68,-3.01,8.77,-39.4,54.62,42.64,0.815,LOW,SHIFT,92.2335,94.2372,109.8139,0,-3.8499,WEAK,11.3258
1212,-2,PDM,PIEDMONT REALTY TRUST INC CLASS A,Real Estate,,small,7.78,0.8498,1.0411,1.0601,0.8838,FLAT,-4.54,18.78,30.14,-29.47,50.6,39.37,1.3886,MED,-,6.8505,7.315,8.0055,0,24.1351,WEAK,11.3021
1213,-2,HPQ,HP Inc.,Information Technology,"Technology Hardware, Storage & Peripherals",large,19.88,0.6291,0.9988,0.9968,0.9633,STRONG_UP,-24.84,-12.06,-21.74,-36.62,48.59,33.1,0.6857,LOW,SHIFT,19.038,18.7989,23.0611,0,-17.7098,WEAK,11.2893
1214,-2,ESNT,ESSENT GROUP LTD,Financials,,mid,62.05,0.836,0.9818,0.9935,0.9951,STRONG_DOWN,6.17,16.85,21.57,-13.93,52.61,22.92,,LOW,-,59.4535,59.9988,60.9216,1,38.6883,TREND_ONLY,11.2592
1215,-2,CMS,CMS Energy,Utilities,Multi-Utilities,large,77.75,0.7948,0.9575,0.9302,1.0615,FLAT,5.58,11.1,41.34,-8.31,55.42,16.27,0.6056,LOW,-,77.466,76.707,72.5264,1,37.8068,TREND_ONLY,11.2356
1216,-2,SKY,CHAMPION HOMES INC,Consumer Discretionary,,mid,81.33,0.7337,0.986,1.0204,0.8202,FLAT,14.81,2.56,10.86,-35.0,46.99,48.95,0.6543,LOW,-,75.7925,82.6732,78.3734,1,2.4574,TREND_ONLY,11.2245
1217,-2,GBTG,GLOBAL BUSINESS TRAVEL GROUP INC C,Consumer Discretionary,,mid,6.08,0.6765,1.0324,1.0243,0.776,STRONG_UP,-23.71,-5.44,2.88,-40.41,51.0,48.35,0.8527,LOW,SHIFT,5.58,5.524,7.0549,0,-5.7416,WEAK,11.2166
1218,-2,ISRG,Intuitive Surgical,Health Care,Health Care Equipment,large,469.21,0.7168,0.9877,0.9059,0.8519,STRONG_UP,7.96,0.19,25.92,-24.09,49.8,24.11,1.3945,MED,PROGRESS,462.23,479.7458,503.0914,0,0.3925,WEAK,11.2133
1219,-2,CTSH,Cognizant,Information Technology,IT Consulting & Other Services,large,61.3,0.6559,0.9784,0.9228,0.7062,STRONG_UP,-5.48,-8.32,-5.6,-32.85,52.61,40.26,0.712,LOW,PROGRESS,60.774,63.4943,71.6441,0,-10.8783,WEAK,11.2114
1220,-2,IP,International Paper,Materials,Paper & Plastic Packaging Products & Materials,large,37.13,0.6145,0.9788,1.0119,0.8403,FLAT,-18.6,-14.1,13.98,-37.4,46.59,44.9,0.6302,LOW,PROGRESS,35.876,39.97,42.6775,0,-14.6354,WEAK,11.1982
1221,-2,BANF,BANCFIRST CORP,Financials,,mid,116.72,0.7508,0.9849,1.0426,1.0098,FLAT,2.71,4.95,47.26,-23.63,50.2,31.82,2.1887,HIGH,-,110.3157,111.2304,116.5497,1,7.8084,TREND_ONLY,11.1897
1222,-2,SYY,Sysco,Consumer Staples,Food Distributors,large,76.27,0.7858,1.0045,0.8718,0.9472,FLAT,-1.8,9.83,6.63,-23.98,49.4,43.21,0.9399,LOW,PROGRESS,75.6221,82.1637,78.0929,0,11.2389,WEAK,11.1358
1223,-2,TSCO,Tractor Supply,Consumer Discretionary,Other Specialty Retail,large,45.01,0.6606,0.957,0.9031,0.8609,STRONG_UP,-17.68,-7.67,-5.96,-29.73,49.4,33.9,1.2873,MED,EARLY,45.127,48.8615,53.6827,0,-11.1727,WEAK,11.1208
1224,-2,IPAR,INTERPARFUMS INC,Consumer Staples,,mid,98.83,0.6947,0.9999,1.0196,1.0769,STRONG_DOWN,4.85,-2.9,-15.6,-43.01,52.21,28.48,0.8858,LOW,-,92.155,94.9559,98.12,1,-5.3139,TREND_ONLY,11.1157
1225,-2,QDEL,QUIDELORTHO CORP,Health Care,,small,12.71,0.3702,0.7637,0.7107,0.3719,STRONG_UP,-55.28,-48.25,-66.78,-66.09,45.38,100.07,2.6721,HIGH,-,15.517,19.5614,25.6827,0,-21.8802,WEAK,11.113
1226,-2,DRVN,DRIVEN BRANDS HOLDINGS INC,Consumer Discretionary,,mid,13.21,0.5993,0.9963,1.1691,0.8268,FLAT,-17.39,-16.23,-9.08,-46.38,44.18,73.01,0.5734,LOW,SHIFT,12.4725,13.0342,15.295,0,-9.8232,WEAK,11.0936
1227,-2,MSCI,MSCI Inc.,Financials,Financial Exchanges & Data,large,568.55,0.7727,0.9938,0.947,0.9201,STRONG_UP,7.36,8.01,15.3,-18.07,53.82,34.29,0.9961,LOW,-,545.4375,548.2386,559.6392,1,12.5741,TREND_ONLY,11.0818
1228,-2,HCI,HCI GROUP INC,Financials,,small,157.65,0.8059,0.9963,0.9483,0.8725,STRONG_UP,-16.77,12.64,46.26,-27.33,51.41,32.36,1.3276,MED,-,153.859,159.4477,168.7957,0,20.0849,WEAK,11.0476
1229,-2,BMI,BADGER METER INC,Information Technology,,mid,115.54,0.4172,0.6933,0.7214,0.6554,FLAT,-34.73,-41.68,-34.3,-54.22,49.0,62.34,7.9039,HIGH,EARLY,151.681,151.8743,175.6903,0,-32.7633,WEAK,11.0403
1230,57,CRI,CARTERS INC,Consumer Discretionary,,small,38.51,0.7918,1.0738,1.0183,1.04,FLAT,28.32,10.68,-40.92,-37.64,54.22,60.42,1.2902,MED,-,35.4485,36.4935,31.8863,1,9.584,TREND_ONLY,11.0297
1231,-3,CNO,CNO FINANCIAL GROUP INC,Financials,,mid,43.63,0.8546,0.9881,1.0129,1.0244,STRONG_DOWN,14.31,19.45,76.08,-11.03,56.63,26.56,0.6117,LOW,-,41.562,41.7033,40.0841,1,41.4628,TREND_ONLY,11.0211
1232,-3,SO,Southern Company,Utilities,Electric Utilities,large,94.51,0.774,0.9518,0.91,1.0407,FLAT,-2.43,8.18,43.11,-14.99,52.61,18.4,0.5254,LOW,-,95.8075,95.3187,91.5776,1,23.3914,TREND_ONLY,11.0098
1233,-3,WERN,WERNER ENTERPRISES INC,Industrials,,small,32.58,0.8453,0.9898,1.1163,0.9591,FLAT,18.2,18.15,-4.26,-28.28,49.4,47.4,1.0481,MED,-,30.2004,31.4578,29.1451,1,18.9164,TREND_ONLY,11.0059
1234,-3,TENB,TENABLE HOLDINGS INC,Information Technology,,mid,19.35,0.4546,1.0738,0.888,0.8497,STRONG_UP,-33.71,-36.45,-56.11,-54.77,46.59,61.39,0.9647,LOW,PROGRESS,18.0115,19.5672,26.0422,0,-27.665,WEAK,10.9963
1235,-3,HNI,HNI CORP,Industrials,,mid,37.94,0.6915,1.0408,1.0187,0.7869,STRONG_UP,-12.51,-3.35,-2.52,-38.43,46.59,40.32,0.8121,LOW,PROGRESS,34.7765,40.9746,43.4611,0,-3.8666,WEAK,10.9874
1236,-3,VLTO,Veralto,Industrials,Environmental & Facilities Services,large,90.98,0.7501,0.9675,0.9416,0.862,STRONG_UP,-10.48,4.85,3.37,-22.34,46.99,25.69,0.6297,LOW,PROGRESS,88.816,91.284,99.7452,0,8.8726,WEAK,10.9798
1237,-3,VRSK,Verisk Analytics,Industrials,Research & Consulting Services,large,178.07,0.4515,1.0249,0.8181,0.7867,STRONG_UP,-21.9,-36.89,-19.17,-48.48,46.59,40.36,0.674,LOW,EARLY,182.106,189.6603,230.0164,0,-42.5832,WEAK,10.9743
1238,-3,KBH,KB HOME,Consumer Discretionary,,mid,54.28,0.7735,1.0085,0.958,0.8633,STRONG_UP,-10.75,8.12,-7.33,-28.19,47.39,34.67,0.9674,LOW,PROGRESS,51.662,56.8314,59.4601,0,11.0992,WEAK,10.9649
1239,0,BRSL,BRIGHTSTAR LOTTERY PLC,Consumer Discretionary,,mid,13.15,0.7431,1.0363,0.9409,0.9121,STRONG_UP,-19.3,3.86,-12.99,-30.98,48.19,26.81,0.777,LOW,SHIFT,12.682,13.0304,14.7495,0,6.9403,WEAK,10.9615
1240,-4,AAT,AMERICAN ASSETS TRUST REIT INC,Real Estate,,small,20.81,0.8492,1.0242,1.0202,1.1437,FLAT,10.22,18.69,14.54,-13.97,52.21,25.11,0.4279,LOW,-,19.0365,18.9599,18.8772,1,38.8677,TREND_ONLY,10.948
1241,-4,ACGL,Arch Capital Group,Financials,Property & Casualty Insurance,large,97.59,0.7776,0.971,0.9811,1.0457,STRONG_DOWN,13.17,8.69,12.3,-12.0,53.01,20.1,2.5529,HIGH,-,95.842,96.8604,92.5401,1,22.9102,TREND_ONLY,10.9416
1242,-4,NWS,News Corp (Class B),Communication Services,Publishing,large,29.96,0.7328,1.004,1.0191,0.9643,FLAT,2.0,2.42,22.42,-26.84,53.82,30.27,0.4302,LOW,SHIFT,28.303,27.2991,30.3737,0,4.3072,WEAK,10.9308
1243,-4,HLIT,HARMONIC INC,Information Technology,,small,10.5,0.8807,1.0196,1.0507,1.0128,FLAT,2.04,23.09,5.11,-19.1,55.82,38.69,0.9495,LOW,-,9.5015,9.834,9.8006,1,33.3203,TREND_ONLY,10.9212
1244,-4,FCBC,FIRST COMMUNITY BANKSHARES INC,Financials,,small,43.31,0.8581,0.9709,0.9914,1.2254,STRONG_DOWN,41.68,19.94,56.41,-23.43,50.2,29.21,0.9254,LOW,-,41.974,40.7987,35.685,1,34.2685,TREND_ONLY,10.9093
1245,-4,BSX,Boston Scientific,Health Care,Health Care Equipment,large,64.23,0.491,0.9822,0.8515,0.7084,STRONG_UP,-34.31,-31.36,-4.73,-43.33,48.59,46.34,0.7345,LOW,EARLY,64.8065,69.943,92.1584,0,-32.8864,WEAK,10.9036
1246,-4,TMHC,TAYLOR MORRISON HOME CORP,Consumer Discretionary,,mid,60.64,0.7804,0.9716,0.9603,0.9309,STRONG_UP,-1.78,9.08,12.23,-22.2,46.59,32.04,1.0225,MED,PROGRESS,58.5935,61.6934,62.8909,0,13.2098,WEAK,10.8042
1247,-4,NBTB,NBT BANCORP INC,Financials,,mid,45.65,0.8525,0.9715,1.0324,1.0261,FLAT,17.3,19.16,,-12.17,46.59,26.32,0.9735,LOW,-,43.581,43.4416,42.1471,1,33.9135,TREND_ONLY,10.7786
1248,-4,SFBS,SERVISFIRST BANCSHARES INC,Financials,,mid,77.86,0.8169,0.9551,1.0031,0.9714,FLAT,5.21,14.18,36.63,-23.75,48.59,41.84,0.6801,LOW,-,75.0154,78.2059,77.5763,1,16.4701,TREND_ONLY,10.7655
1249,-4,LII,Lennox International,Industrials,Building Products,large,487.11,0.6523,0.9087,0.9486,0.9024,FLAT,-6.51,-8.83,8.18,-33.77,48.59,42.38,0.7237,LOW,PROGRESS,473.1525,507.1318,527.3467,0,-10.1248,WEAK,10.7403
1250,-3,FMNB,FARMERS NATIONAL BANC CORP,Financials,,small,14.17,0.8358,0.9856,1.0371,1.0302,FLAT,6.83,16.82,30.44,-16.69,52.61,25.39,0.7386,LOW,-,13.428,13.1691,13.4563,1,34.8528,TREND_ONLY,10.7117
1251,-2,VZ,Verizon,Communication Services,Integrated Telecommunication Services,large,46.55,0.828,0.9902,0.8848,1.1795,FLAT,19.1,15.74,32.16,-13.32,48.19,30.93,0.4741,LOW,-,48.038,48.5084,42.2307,1,24.5222,TREND_ONLY,10.5996
1252,-2,TSN,Tyson Foods,Consumer Staples,Packaged Foods & Meats,large,64.82,0.7899,0.9717,1.0159,1.0566,STRONG_DOWN,26.39,10.4,17.74,-16.76,51.41,23.73,0.7997,LOW,-,63.493,62.9599,57.045,1,22.5364,TREND_ONLY,10.5903
1253,-2,KFY,KORN FERRY,Industrials,,mid,65.76,0.8141,1.0043,0.9951,0.9479,STRONG_UP,-2.16,13.79,15.51,-21.05,48.59,34.32,0.7573,LOW,SHIFT,63.152,62.4864,67.0236,0,19.5304,WEAK,10.5859
1254,-2,CRVL,CORVEL CORP,Health Care,,mid,55.98,0.3635,0.996,0.9668,0.7928,STRONG_UP,-20.69,-49.19,-26.86,-59.87,46.18,60.58,0.582,LOW,SHIFT,54.22,52.2344,72.0342,0,-37.4956,WEAK,10.5542
1255,-2,WK,WORKIVA INC CLASS A,Information Technology,,mid,57.34,0.6223,0.9872,0.8628,0.6497,STRONG_UP,-34.28,-13.02,-26.52,-43.89,49.0,44.27,0.5643,LOW,EARLY,58.091,60.7134,76.7321,0,-14.4064,WEAK,10.5513
1256,-2,LNTH,LANTHEUS HOLDINGS INC,Health Care,,mid,83.82,0.596,0.9916,0.9958,1.2672,STRONG_DOWN,48.72,-16.7,34.48,-53.92,51.41,34.99,0.5705,LOW,-,78.2855,76.05,64.9374,1,-24.5318,TREND_ONLY,10.5453
1257,-2,MLKN,MILLERKNOLL INC,Industrials,,small,17.24,0.8305,1.0663,0.8924,0.8756,STRONG_UP,5.17,16.09,-25.35,-37.8,48.19,59.45,0.9193,LOW,-,15.9175,18.6318,18.2195,0,13.0386,WEAK,10.5426
1258,-2,PTON,PELOTON INTERACTIVE CLASS A INC,Consumer Discretionary,,small,5.1,0.6858,1.0417,1.1639,0.7826,FLAT,-32.18,-4.14,66.67,-58.78,44.98,75.83,0.9787,LOW,-,4.4795,4.2445,6.3719,0,-2.453,WEAK,10.5288
1259,-2,AMPL,AMPLITUDE INC CLASS A,Information Technology,,small,6.98,0.6477,1.1334,0.897,0.6814,STRONG_UP,-27.29,-9.47,-26.22,-57.79,46.59,68.52,0.8523,LOW,-,6.597,6.9554,10.0057,0,-6.4379,WEAK,10.5286
1260,-2,T,AT&T,Communication Services,Integrated Telecommunication Services,large,26.51,0.7518,1.0001,0.8948,1.1077,FLAT,3.44,5.08,78.26,-20.59,51.81,27.88,0.7492,LOW,-,27.4835,27.6008,26.2245,1,9.4363,TREND_ONLY,10.4955
1261,-2,TWO,TWO HARBORS INVESTMENT CORP,Financials,,small,11.12,0.8388,0.9618,0.9863,0.7898,FLAT,24.43,17.24,23.05,-36.81,47.79,60.62,0.6781,LOW,-,10.9986,10.3818,9.8469,1,13.5894,TREND_ONLY,10.4641
1262,-2,WAY,WAYSTAR HOLDING CORP,Health Care,,mid,25.8,0.5242,1.1248,0.9647,0.8279,STRONG_UP,-29.91,-26.73,24.64,-47.76,49.8,50.65,1.1248,MED,SHIFT,23.6585,24.351,32.5603,0,-26.2769,WEAK,10.4637
1263,-2,AESI,ATLAS ENERGY SOLUTIONS INC,Energy,,small,13.29,0.7239,1.0965,0.9002,1.1682,FLAT,29.66,1.19,-34.05,-43.54,49.8,63.86,1.4192,MED,-,12.561,12.0534,11.3318,1,0.9271,TREND_ONLY,10.3962
1264,-2,OMC,Omnicom Group,Communication Services,Advertising,large,78.67,0.8114,1.0001,0.9612,0.9672,FLAT,3.93,13.42,-7.85,-17.85,50.2,47.27,0.5723,LOW,-,75.857,76.8257,75.2562,1,14.2519,TREND_ONLY,10.3915
1265,-1,MOS,Mosaic Company (The),Materials,Fertilizers & Agricultural Chemicals,mid,24.57,0.6662,0.9673,0.8689,0.9133,FLAT,-15.04,-6.89,-14.18,-37.16,50.2,55.64,1.0626,MED,EARLY,25.1655,26.9764,28.9195,0,-6.2147,WEAK,10.3795
1266,-1,BDX,Becton Dickinson,Health Care,Health Care Equipment,large,158.54,0.7511,0.9855,0.9385,0.9518,FLAT,10.14,4.98,-9.93,-20.25,47.39,24.52,0.9913,LOW,-,155.815,164.4908,152.1254,1,9.6258,TREND_ONLY,10.3671
1267,-138,RLJ,RLJ LODGING TRUST REIT,Real Estate,,small,8.09,0.9119,0.9722,1.0011,1.0467,STRONG_DOWN,22.19,27.46,-14.64,-14.61,49.4,34.04,,LOW,-,7.6304,7.7433,7.2643,1,39.8495,TREND_ONLY,10.3462
1268,-2,NEO,NEOGENOMICS INC,Health Care,,small,8.35,0.6236,1.0084,0.9458,0.6341,STRONG_UP,-18.77,-12.84,-39.36,-52.87,50.6,48.99,3.0494,HIGH,-,7.924,8.9976,9.3521,0,-13.2612,WEAK,10.314
1269,-2,MOH,Molina Healthcare,Health Care,Managed Health Care,mid,148.97,0.3528,0.9596,0.9706,0.756,FLAT,-21.0,-50.69,-58.73,-63.06,52.61,68.5,0.439,LOW,SHIFT,141.7265,143.241,167.2167,0,-38.929,WEAK,10.31
1270,-2,THRM,GENTHERM INC,Consumer Discretionary,,small,29.77,0.8711,0.9776,0.9901,0.7843,FLAT,-12.77,21.76,-40.72,-30.32,48.59,44.06,0.9346,LOW,-,28.5065,29.9664,33.8825,0,23.9958,WEAK,10.2925
1271,-2,CHCO,CITY HOLDING,Financials,,small,127.23,0.8331,0.9814,1.0058,1.0093,STRONG_DOWN,10.23,16.44,34.35,-11.76,47.39,18.27,0.8518,LOW,-,122.1649,121.5772,121.3781,1,42.655,TREND_ONLY,10.2804
1272,-2,TIC,TIC SOLUTIONS INC,Industrials,,small,8.5,0.6256,1.1327,1.0242,0.7217,STRONG_UP,-30.78,-12.55,-29.17,-54.66,49.4,58.99,1.4722,MED,-,7.294,8.3332,10.471,0,-10.511,WEAK,10.2736
1273,-2,LZ,LEGALZOOM COM INC,Industrials,,small,6.49,0.7024,1.061,0.9762,0.7107,STRONG_UP,-34.31,-1.82,-45.05,-50.98,51.41,63.64,0.4311,LOW,-,5.94,6.4336,8.9917,0,-1.4666,WEAK,10.2686
1274,2,IIPR,INNOVATIVE INDUSTRIAL PROPERTIES I,Real Estate,,small,52.94,0.8559,1.0092,0.9504,1.057,FLAT,6.46,19.63,-28.57,-21.29,49.8,35.18,0.9714,LOW,-,50.3682,49.5297,48.5179,1,27.7905,TREND_ONLY,10.2534
1275,-3,AOS,A. O. Smith,Industrials,Building Products,mid,64.82,0.7669,0.9322,0.9306,0.873,STRONG_UP,-5.57,7.19,-22.38,-21.36,48.19,29.72,1.2334,MED,EARLY,65.25,70.6746,69.5773,0,11.6544,WEAK,10.2495
1276,-3,LRN,STRIDE INC,Consumer Discretionary,,mid,98.44,0.5295,1.0351,1.0435,1.3716,STRONG_DOWN,-30.03,-25.99,71.92,-64.07,53.82,38.38,0.8288,LOW,SHIFT,89.782,87.0554,105.5103,0,-36.4463,WEAK,10.2294
1277,-3,GERN,GERON CORP,Health Care,,small,1.68,0.8903,0.9382,1.0043,1.2457,STRONG_DOWN,36.59,24.44,-54.96,-33.95,44.98,76.31,1.1859,MED,-,1.6215,1.6344,1.3868,1,14.4085,TREND_ONLY,10.2193
1278,-3,ELV,Elevance Health,Health Care,Managed Health Care,large,323.05,0.5804,0.9875,1.0281,0.8422,FLAT,-6.16,-18.87,-36.27,-35.66,50.6,43.94,0.5592,LOW,-,303.255,308.6038,321.6072,1,-21.7301,TREND_ONLY,10.2136
1279,-2,RYZ,RYERSON HOLDING CORP,Materials,,small,24.83,0.8285,0.9607,1.1424,0.8389,FLAT,11.63,15.81,-17.32,-34.71,53.01,59.79,0.4327,LOW,-,22.7695,24.4636,23.6848,1,14.0182,TREND_ONLY,10.2051
1280,-2,HLMN,HILLMAN SOLUTIONS CORP,Industrials,,small,8.87,0.8628,0.9738,1.0364,0.8659,FLAT,-5.94,20.6,-5.24,-27.75,43.78,44.58,1.2252,MED,-,8.3365,8.6032,8.9966,0,20.2286,WEAK,10.1159
1281,0,PM,Philip Morris International,Consumer Staples,Tobacco,large,157.79,0.7207,0.9367,0.8949,0.8906,STRONG_UP,2.99,0.74,87.19,-20.64,55.42,27.5,1.0743,MED,EARLY,161.063,171.1187,162.3761,0,1.4924,WEAK,10.1116
1282,-3,SCSC,SCANSOURCE INC,Information Technology,,small,39.55,0.9063,0.9758,1.047,0.9299,FLAT,-5.0,26.68,-2.35,-24.52,52.61,49.34,0.7459,LOW,-,37.236,36.7276,40.5605,0,28.4499,WEAK,10.1041
1283,-3,FIS,Fidelity National Information Services,Financials,Transaction & Payment Processing Services,large,48.5,0.466,1.0092,0.9123,0.75,STRONG_UP,-25.22,-34.86,-27.58,-46.24,47.79,38.66,0.8936,LOW,SHIFT,47.1915,48.4838,62.4032,0,-43.0919,WEAK,10.0945
1284,-3,STE,Steris,Health Care,Health Care Equipment,large,225.79,0.7439,0.9702,0.96,0.8184,STRONG_UP,-5.8,3.98,14.41,-20.76,49.4,28.07,0.7117,LOW,PROGRESS,221.781,231.5448,243.0539,0,7.005,WEAK,10.0934
1285,-3,IDT,IDT CORP CLASS B,Communication,,small,52.15,0.7843,1.0146,1.0111,1.0138,FLAT,9.16,9.63,46.51,-33.19,51.0,24.55,0.5684,LOW,-,49.2565,49.3736,53.599,0,20.0103,WEAK,10.0697
1286,-3,MRTN,MARTEN TRANSPORT LTD,Industrials,,small,14.87,0.8166,1.0291,1.1387,1.1689,STRONG_DOWN,38.46,14.14,-3.6,-32.0,44.18,39.7,1.1534,MED,-,13.5115,13.1607,11.868,1,15.7346,TREND_ONLY,10.0453
1287,-3,UPBD,UPBOUND GROUP INC,Consumer Discretionary,,small,19.91,0.7682,1.0353,1.0948,0.9807,FLAT,-3.93,7.38,-25.77,-40.17,45.38,44.17,1.4272,MED,-,18.1298,19.0277,20.1821,0,7.5848,WEAK,10.0343
1288,-3,QTWO,Q2 HOLDINGS INC,Information Technology,,mid,51.81,0.5128,1.0433,0.9874,0.7734,STRONG_UP,-12.57,-28.32,4.02,-52.32,44.58,42.93,0.4236,LOW,SHIFT,47.9,49.918,67.8961,0,-29.4089,WEAK,10.0321
1289,-3,CMCSA,Comcast,Communication Services,Cable & Satellite,large,29.63,0.7027,1.0206,0.9584,1.0465,FLAT,10.59,-1.78,-13.91,-25.72,49.8,24.59,0.9748,LOW,-,28.3544,29.7699,28.6105,1,-3.6105,TREND_ONLY,9.9511
1290,-2,AFL,Aflac,Financials,Life & Health Insurance,large,114.52,0.7974,0.9867,0.9901,1.0212,STRONG_DOWN,8.43,11.46,47.49,-9.63,51.81,17.96,0.8454,LOW,-,110.087,111.4005,108.0348,1,33.0685,TREND_ONLY,9.9267
1291,-2,AVPT,AVEPOINT INC CLASS A,Information Technology,,mid,10.04,0.512,1.0243,0.8911,0.7691,STRONG_UP,-28.29,-28.44,30.73,-55.03,51.81,42.76,0.7241,LOW,PROGRESS,9.7092,10.2339,13.717,0,-34.4581,WEAK,9.9196
1292,-2,LW,Lamb Weston,Consumer Staples,Packaged Foods & Meats,mid,44.82,0.6401,1.0242,1.0219,1.0131,STRONG_UP,-30.01,-10.53,-41.37,-41.37,50.6,37.33,0.642,LOW,SHIFT,41.574,44.4292,51.6703,0,-14.2677,WEAK,9.9192
1293,-2,BR,Broadridge Financial Solutions,Industrials,Data Processing & Outsourced Services,large,162.92,0.5199,1.0003,0.8657,0.7278,STRONG_UP,-27.33,-27.32,-12.73,-42.6,48.19,35.51,0.7809,LOW,PROGRESS,161.4335,172.4034,217.0593,0,-37.0823,WEAK,9.8965
1294,-2,SYK,Stryker Corporation,Health Care,Health Care Equipment,large,343.32,0.7303,0.9552,0.9388,0.9192,STRONG_UP,-6.54,2.07,6.84,-18.8,48.59,22.93,1.1766,MED,PROGRESS,334.6332,352.7326,366.2508,0,4.3942,WEAK,9.893
1295,0,STZ,Constellation Brands,Consumer Staples,Distillers & Vintners,large,162.28,0.6361,0.9525,0.9898,1.0128,STRONG_DOWN,18.16,-11.09,-34.45,-33.85,45.78,34.0,0.8187,LOW,-,155.978,155.4714,149.3545,1,-14.9323,TREND_ONLY,9.8703
1296,-3,WGS,GENEDX HOLDINGS CORP CLASS A,Health Care,,small,65.96,0.5183,1.045,0.8372,0.5928,STRONG_UP,-44.3,-27.55,589.24,-65.92,49.8,75.7,0.8366,LOW,-,64.8515,76.1278,110.0318,0,-18.1229,WEAK,9.8525
1297,-3,CCI,Crown Castle,Real Estate,Telecom Tower REITs,large,88.71,0.6507,0.9842,0.9662,0.9601,STRONG_UP,-7.32,-9.05,4.69,-30.0,51.81,36.17,0.7477,LOW,SHIFT,83.341,85.1869,90.754,0,-12.9563,WEAK,9.8016
1298,-3,MTH,MERITAGE CORP,Consumer Discretionary,,mid,68.07,0.7747,0.9904,1.0477,0.8748,FLAT,-1.12,8.28,-5.14,-27.68,47.39,38.13,0.7454,LOW,PROGRESS,63.1135,68.2314,70.1823,0,10.2887,WEAK,9.7819
1299,-3,CSW,CSW INDUSTRIALS INC,Industrials,,mid,290.34,0.7161,0.9402,1.0237,0.8526,FLAT,20.57,0.1,24.94,-31.03,53.41,49.77,0.7928,LOW,-,273.2785,280.7158,274.8865,1,0.1074,TREND_ONLY,9.7785
1300,-3,GENI,GENIUS SPORTS LTD,Consumer Discretionary,,small,4.89,0.3545,1.1412,0.964,0.4803,STRONG_UP,-59.08,-50.46,-4.31,-71.07,46.18,81.75,1.0408,MED,-,4.439,5.2478,9.7032,0,-28.5022,WEAK,9.7735
1301,-3,BL,BLACKLINE INC,Information Technology,,mid,31.51,0.5185,0.9705,0.758,0.5813,STRONG_UP,-36.65,-27.53,-45.53,-48.51,52.21,56.22,0.7905,LOW,EARLY,34.9855,36.4974,49.7579,0,-25.5663,WEAK,9.7665
1302,-3,SHO,SUNSTONE HOTEL INVESTORS REIT INC,Real Estate,,small,9.65,0.8759,0.9742,0.9914,1.0359,STRONG_DOWN,7.48,22.44,3.3,-10.58,46.59,25.61,0.5925,LOW,-,9.2097,9.1979,9.0253,1,40.8147,TREND_ONLY,9.7511
1303,-3,VYX,NCR VOYIX CORP,Information Technology,,small,6.86,0.6236,0.9848,0.9616,0.6245,STRONG_UP,-39.08,-12.83,-43.31,-57.96,49.4,57.28,0.8638,LOW,-,6.4535,7.5774,10.7145,0,-11.068,WEAK,9.739
1304,-3,AMP,Ameriprise Financial,Financials,Asset Management & Custody Banks,large,456.2,0.7329,0.9686,0.9738,0.8726,FLAT,-1.84,2.44,13.45,-20.87,54.62,32.08,1.0518,MED,PROGRESS,446.7745,461.4005,484.9894,0,4.1461,WEAK,9.7332
1305,-3,TRIP,TRIPADVISOR INC,Communication,,small,11.39,0.7136,0.9887,1.136,0.8331,FLAT,-26.52,-0.26,-54.89,-51.72,49.0,58.12,0.584,LOW,-,10.636,10.5286,14.6002,0,-0.2215,WEAK,9.7098
1306,-3,AZTA,AZENTA INC,Health Care,,small,25.04,0.7157,1.037,1.1247,0.608,FLAT,-20.51,0.04,-50.41,-51.48,48.59,66.67,0.7184,LOW,-,22.179,24.4862,30.717,0,0.0291,WEAK,9.7091
1307,-3,CNS,COHEN & STEERS INC,Financials,,mid,66.67,0.6941,0.9985,0.9793,0.9292,STRONG_UP,3.31,-2.99,7.49,-27.8,48.59,25.44,1.4652,MED,-,63.387,64.2001,66.6508,1,-5.702,TREND_ONLY,9.6736
1308,-3,BXP,"BXP, Inc.",Real Estate,Office REITs,mid,58.05,0.696,1.0469,1.0209,0.8412,STRONG_UP,-15.55,-2.71,9.72,-33.56,52.61,33.71,0.7216,LOW,SHIFT,52.8689,55.3988,65.06,0,-4.234,WEAK,9.6628
1309,-63,AZO,AutoZone,Consumer Discretionary,Automotive Retail,large,3572.3799,0.7161,0.9821,0.9906,0.9852,FLAT,-10.87,0.09,20.15,-25.48,49.4,30.53,,LOW,PROGRESS,3425.904,3574.1646,3777.0654,0,0.1423,WEAK,9.6433
1310,-4,BOX,BOX INC CLASS A,Information Technology,,mid,23.75,0.5797,1.0267,0.9223,0.8924,STRONG_UP,-26.88,-18.97,-10.28,-44.57,46.18,43.29,0.7084,LOW,PROGRESS,23.4615,23.8024,29.2998,0,-20.236,WEAK,9.6387
1311,-4,SCL,STEPAN,Materials,,small,51.42,0.8048,0.9483,1.0506,0.9759,FLAT,13.08,12.49,-34.01,-32.78,53.41,52.09,0.6456,LOW,-,50.0515,52.7314,49.7263,1,12.8027,TREND_ONLY,9.6305
1312,-4,UPWK,UPWORK INC,Industrials,,small,11.27,0.6466,0.989,0.9201,0.5509,STRONG_UP,-32.68,-9.62,0.36,-52.78,48.59,69.85,0.5767,LOW,-,11.052,12.5512,16.031,0,-6.6941,WEAK,9.5981
1313,0,TNC,TENNANT,Industrials,,small,78.7,0.8397,0.9576,1.1248,0.9607,FLAT,-0.05,17.38,-29.37,-27.71,54.62,54.63,0.4791,LOW,-,71.8465,70.9527,76.3519,1,17.3732,TREND_ONLY,9.5691
1314,-5,HURN,HURON CONSULTING GROUP INC,Industrials,,mid,129.17,0.669,0.981,0.9406,0.6839,STRONG_UP,-12.27,-6.49,42.82,-35.14,54.62,49.06,0.6921,LOW,PROGRESS,127.3005,133.4686,148.9093,0,-7.2218,WEAK,9.5561
1315,-5,EPRT,ESSENTIAL PROPERTIES REALTY TRUST,Real Estate,,mid,33.5,0.7845,1.007,0.9627,1.0662,FLAT,12.15,9.66,43.92,-12.17,53.41,19.51,0.756,LOW,-,31.4553,32.1993,30.3921,1,26.4348,TREND_ONLY,9.4596
1316,-5,VRTX,Vertex Pharmaceuticals,Health Care,Biotechnology,large,441.2,0.661,0.9687,0.8925,0.971,FLAT,7.98,-7.61,12.13,-28.06,49.4,34.43,0.6494,LOW,-,443.366,461.444,438.0319,1,-10.913,TREND_ONLY,9.4545
1317,-5,RVTY,Revvity,Health Care,Health Care Equipment,mid,93.96,0.7504,0.9799,1.0152,0.8112,FLAT,0.09,4.89,-5.01,-28.75,50.6,38.17,0.6496,LOW,SHIFT,88.8985,92.5372,94.8487,0,6.477,WEAK,9.4013
1318,-5,BUR,BURFORD CAPITAL LTD,Financials,,small,4.96,0.262,1.0673,0.5618,0.4957,STRONG_UP,-54.5,-63.38,-66.15,-72.84,46.59,110.31,0.985,LOW,-,5.287,7.366,10.2853,0,-26.7693,WEAK,9.3839
1319,-5,FOXF,FOX FACTORY HOLDING CORP,Consumer Discretionary,,small,17.37,0.6344,0.9983,0.9826,0.8674,STRONG_UP,-24.08,-11.33,-57.36,-56.63,51.41,49.12,0.9451,LOW,-,16.848,17.4775,21.4967,0,-11.8606,WEAK,9.3804
1320,-5,AMN,AMN HEALTHCARE INC,Health Care,,small,20.19,0.8119,1.0499,1.0217,1.0311,FLAT,1.3,13.49,-64.14,-34.18,46.99,62.45,0.6345,LOW,-,18.8,19.1902,18.7835,1,10.151,TREND_ONLY,9.3511
1321,-4,MA,Mastercard,Financials,Transaction & Payment Processing Services,large,521.3,0.7366,0.9903,0.9852,0.9402,STRONG_UP,-4.89,2.96,16.0,-18.92,53.41,25.45,0.9498,LOW,SHIFT,502.0851,510.9667,549.0947,0,6.2051,WEAK,9.3195
1322,-4,FA,FIRST ADVANTAGE CORP,Industrials,,small,12.51,0.689,1.0379,1.0567,0.8058,FLAT,-11.02,-3.7,-15.81,-51.86,48.19,72.93,0.9855,LOW,-,11.4162,11.0889,14.1486,0,-2.4416,WEAK,9.3157
1323,-4,PRVA,PRIVIA HEALTH GROUP INC,Health Care,,mid,24.02,0.7567,1.0086,1.0223,1.0005,FLAT,-5.91,5.77,34.79,-24.77,46.99,38.49,0.8767,LOW,-,21.8125,22.175,22.7934,1,7.0423,TREND_ONLY,9.2992
1324,-4,PEG,Public Service Enterprise Group,Utilities,Electric Utilities,large,81.58,0.7508,0.97,0.9132,1.0058,FLAT,-1.71,4.94,33.36,-12.73,53.41,19.88,1.0384,MED,-,81.3705,82.7512,81.366,1,13.2635,TREND_ONLY,9.2985
1325,-4,NVCR,NOVOCURE LTD,Health Care,,small,12.83,0.5892,1.1563,0.9784,0.9136,STRONG_UP,-8.55,-17.65,6.47,-48.3,46.18,93.97,0.7301,LOW,-,11.2445,11.777,12.7748,1,-8.6742,TREND_ONLY,9.2847
1326,-4,ROP,Roper Technologies,Information Technology,Electronic Equipment & Instruments,large,362.44,0.4846,0.9827,0.9531,0.8481,STRONG_UP,-27.19,-32.27,-30.33,-45.59,51.81,35.78,0.6186,LOW,SHIFT,353.3296,348.8082,447.8736,0,-46.7281,WEAK,9.2515
1327,-4,PLMR,PALOMAR HOLDINGS INC,Financials,,mid,132.55,0.6578,0.9975,1.0574,1.0022,FLAT,17.72,-8.05,70.44,-37.44,54.62,33.61,0.7127,LOW,-,124.2675,124.1664,124.5903,1,-13.0879,TREND_ONLY,9.1156
1328,-4,JBIO,JADE BIOSCIENCES INC,Health Care,,small,22.85,0.173,1.194,1.5037,1.5098,STRONG_DOWN,133.52,-75.81,-96.9,-92.84,49.4,71.38,1.6435,HIGH,-,16.4295,15.1577,11.825,1,-52.4674,TREND_ONLY,9.0918
1329,-4,ROL,"Rollins, Inc.",Industrials,Environmental & Facilities Services,large,55.0,0.7276,0.9722,0.9422,0.8542,STRONG_UP,0.18,1.7,32.84,-19.79,53.41,29.06,0.4825,LOW,PROGRESS,53.913,57.1005,57.8794,0,3.1153,WEAK,9.0719
1330,-4,NVR,"NVR, Inc.",Consumer Discretionary,Homebuilding,large,7000.9199,0.7021,0.9974,1.0108,0.8993,FLAT,-7.95,-1.86,-9.11,-25.44,48.59,29.89,0.818,LOW,PROGRESS,6647.939,7024.7054,7525.773,0,-3.0289,WEAK,9.0438
1331,-4,AI,C3 AI INC CLASS A,Information Technology,,small,9.24,0.3441,1.054,0.9875,0.6883,STRONG_UP,-48.84,-51.9,-55.73,-73.39,44.98,79.32,0.7704,LOW,-,8.562,9.2518,15.4623,0,-29.431,WEAK,9.0306
1332,-4,JBI,JANUS INTERNATIONAL GROUP INC,Industrials,,small,5.54,0.6281,0.9696,0.9559,0.7505,STRONG_UP,-44.15,-12.2,-62.92,-53.93,47.79,53.13,0.9362,LOW,-,5.2485,5.9722,7.826,0,-10.9764,WEAK,9.0178
1333,-4,TDOC,TELADOC HEALTH INC,Health Care,,small,5.69,0.6253,1.0531,0.9551,0.8801,STRONG_UP,-36.92,-12.6,-56.83,-52.75,44.58,57.82,0.6137,LOW,-,5.3695,5.1712,6.9929,0,-9.7117,WEAK,9.0028
1334,-4,PAYC,Paycom,Industrials,Human Resource & Employment Services,mid,126.93,0.444,1.0253,0.9473,0.833,STRONG_UP,-36.37,-37.94,-30.24,-56.97,50.6,45.47,0.5185,LOW,SHIFT,121.3075,124.2925,174.9482,0,-42.2236,WEAK,9.0005
1335,-4,FDS,FactSet,Financials,Financial Exchanges & Data,mid,232.73,0.409,0.9931,1.0326,0.7873,FLAT,-15.52,-42.83,-44.5,-59.47,50.6,53.02,0.7011,LOW,SHIFT,216.4815,211.0295,292.2717,0,-40.8796,WEAK,8.9998
1336,-4,BANR,BANNER CORP,Financials,,mid,64.58,0.7986,0.9754,1.0234,0.9747,FLAT,5.15,11.63,57.73,-14.3,48.19,26.98,0.7287,LOW,-,61.8705,61.6334,62.9802,1,20.77,TREND_ONLY,8.9752
1337,-4,NSIT,INSIGHT ENTERPRISES INC,Information Technology,,mid,76.43,0.414,0.9996,0.9618,0.8888,STRONG_UP,-29.73,-42.13,-57.77,-56.07,50.2,51.07,0.7331,LOW,PROGRESS,69.971,78.3488,100.1623,0,-41.4158,WEAK,8.8842
1338,-4,SPSC,SPS COMMERCE INC,Information Technology,,mid,57.62,0.3246,1.0498,0.921,0.6214,STRONG_UP,-46.23,-54.63,-64.68,-66.3,48.19,46.62,0.5723,LOW,PROGRESS,55.568,59.6044,92.3517,0,-56.466,WEAK,8.8742
1339,-4,EXC,Exelon,Utilities,Electric Utilities,large,47.02,0.7536,0.9435,0.9075,1.0298,FLAT,1.01,5.33,38.09,-10.29,50.6,22.41,1.7079,HIGH,-,48.305,48.0156,44.9994,1,12.0319,TREND_ONLY,8.8547
1340,-4,SMA,SMARTSTOP SELF STORAGE REIT INC,Real Estate,,mid,33.19,0.7514,1.0103,0.9721,0.9705,STRONG_UP,-6.98,5.03,6.25,-21.77,53.01,31.33,0.581,LOW,SHIFT,31.0214,31.9159,33.3045,0,8.5167,WEAK,8.8061
1341,-4,AGM,FEDERAL AGRICULTURAL MORTGAGE NON,Financials,,small,172.26,0.7418,1.0328,1.1483,0.9785,FLAT,13.07,3.68,1.9,-31.94,50.6,41.53,1.2446,MED,-,152.545,157.3671,169.3331,1,4.4854,TREND_ONLY,8.8058
1342,-4,FTNT,Fortinet,Information Technology,Systems Software,large,81.84,0.6315,1.0042,0.9123,1.0546,FLAT,-1.56,-11.73,27.82,-31.56,53.01,37.03,0.7318,LOW,SHIFT,80.714,81.6036,84.076,0,-16.7981,WEAK,8.7728
1343,-4,CBRL,CRACKER BARREL OLD COUNTRY STORE I,Consumer Discretionary,,small,30.2,0.4983,1.0477,1.0039,0.8572,STRONG_UP,-23.41,-30.35,-43.86,-64.96,44.98,48.86,1.0727,MED,-,28.1748,29.637,38.7584,0,-27.9388,WEAK,8.7326
1344,-4,EXE,Expand Energy,Energy,Oil & Gas Exploration & Production,large,95.82,0.6914,0.9468,0.8225,0.9369,FLAT,-1.81,-3.36,16.33,-22.9,49.4,36.22,1.2027,MED,EARLY,104.0565,104.9321,104.6417,0,-4.5843,WEAK,8.7237
1345,-4,WM,Waste Management,Industrials,Environmental & Facilities Services,large,223.95,0.7147,0.9367,0.8874,0.9872,FLAT,5.82,-0.1,12.47,-18.14,51.41,19.86,1.0506,MED,-,228.922,232.5163,221.5673,1,-0.2577,TREND_ONLY,8.7182
1346,-4,COUR,COURSERA INC,Consumer Discretionary,,small,6.36,0.6373,1.0686,0.9757,0.9821,FLAT,-36.97,-10.92,-46.55,-57.8,54.62,49.19,0.7134,LOW,-,5.8605,6.0062,8.4776,0,-12.1303,WEAK,8.6728
1347,-4,PAYX,Paychex,Industrials,Human Resource & Employment Services,large,91.96,0.4852,0.9947,0.9291,0.8118,STRONG_UP,-25.83,-32.19,-16.77,-44.95,47.39,31.38,0.7589,LOW,PROGRESS,91.122,92.9746,115.1287,0,-48.6074,WEAK,8.6433
1348,-4,FG,F&G ANNUITIES AND LIFE INC,Financials,,mid,27.11,0.6005,1.0292,1.0639,0.9671,FLAT,-4.86,-16.06,-18.6,-41.2,50.2,50.23,0.5031,LOW,SHIFT,25.1825,24.6857,29.4102,0,-16.053,WEAK,8.6284
1349,-4,KO,Coca-Cola Company (The),Consumer Staples,Soft Drinks & Non-alcoholic Beverages,large,75.74,0.7662,0.9577,0.9289,1.0516,FLAT,13.62,7.1,36.25,-9.82,48.19,16.53,0.8557,LOW,-,75.9955,77.2711,70.8116,1,20.6944,TREND_ONLY,8.6195
1350,-4,GPI,GROUP AUTOMOTIVE INC,Consumer Discretionary,,mid,349.94,0.6515,1.0002,1.0251,0.8618,FLAT,-18.48,-8.93,34.33,-38.91,46.59,32.85,0.5171,LOW,SHIFT,330.777,327.1272,398.1021,0,-12.6668,WEAK,8.6128
1351,-4,V,Visa Inc.,Financials,Transaction & Payment Processing Services,large,317.02,0.7138,0.99,0.9801,0.9399,STRONG_UP,-5.1,-0.22,18.57,-20.38,51.81,22.26,0.8362,LOW,SHIFT,305.6575,312.112,333.61,0,-0.5144,WEAK,8.6097
1352,-4,WINA,WINMARK CORP,Consumer Discretionary,,small,389.45,0.819,0.8884,0.8925,0.8611,FLAT,-8.74,14.48,12.99,-24.72,58.23,42.41,0.6095,LOW,-,420.0885,436.572,426.1798,0,19.8828,WEAK,8.6047
1353,-4,MKC,McCormick & Company,Consumer Staples,Packaged Foods & Meats,large,54.33,0.531,0.9701,0.9314,0.7872,STRONG_UP,-17.85,-25.78,-22.0,-36.38,49.4,39.89,0.5376,LOW,PROGRESS,52.189,60.2816,65.3561,0,-31.9227,WEAK,8.6025
1354,-4,SAFE,SAFEHOLD INC,Real Estate,,small,15.48,0.7932,0.9892,1.0064,1.017,STRONG_DOWN,2.77,10.87,-9.17,-22.9,50.6,32.56,1.3711,MED,-,14.2115,14.7954,14.4545,1,16.8927,TREND_ONLY,8.508
1355,-4,LADR,LADDER CAPITAL CORP CLASS A,Financials,,small,10.38,0.8094,0.9822,0.9848,0.9226,FLAT,3.22,13.14,19.0,-14.68,51.81,23.03,0.8254,LOW,-,9.8724,9.9817,10.3845,0,29.5607,WEAK,8.4769
1356,-4,FFIN,FIRST FINANCIAL BANKSHARES INC,Financials,,mid,32.47,0.7372,0.9981,1.0501,0.9755,FLAT,4.91,3.04,17.83,-23.37,47.39,29.62,1.0037,MED,SHIFT,30.336,31.0264,32.5227,0,4.8585,WEAK,8.4687
1357,-4,APPN,APPIAN CORP CLASS A,Information Technology,,small,21.56,0.5972,0.9826,0.7722,0.7317,STRONG_UP,-22.42,-16.53,-38.15,-55.7,49.0,50.5,0.653,LOW,-,23.1405,24.482,30.4829,0,-16.0401,WEAK,8.4203
1358,-4,MNKD,MANNKIND CORP,Health Care,,small,2.84,0.4576,1.0393,1.0442,0.5295,FLAT,-46.92,-36.04,-30.39,-63.29,46.18,91.86,0.6037,LOW,-,2.5265,3.4492,4.6668,0,-18.1161,WEAK,8.4172
1359,-4,CXW,CORECIVIC REIT INC,Industrials,,mid,20.45,0.6802,0.9914,0.9517,0.9927,FLAT,15.28,-4.93,39.12,-30.05,49.0,42.62,0.4175,LOW,-,19.882,18.9068,19.3423,1,-5.6656,TREND_ONLY,8.417
1360,-4,TRUP,TRUPANION INC,Financials,,small,28.2,0.5932,1.0765,1.0243,0.8444,STRONG_UP,-33.57,-17.08,32.02,-56.53,47.79,48.18,0.5717,LOW,-,25.9725,27.235,38.1831,0,-16.9449,WEAK,8.3939
1361,-4,ORLY,O’Reilly Automotive,Consumer Discretionary,Automotive Retail,large,93.71,0.7349,0.9631,0.9877,0.9612,FLAT,-7.37,2.71,27.66,-19.03,51.81,24.63,0.8517,LOW,SHIFT,91.849,92.6278,97.1592,0,5.7104,WEAK,8.3547
1362,-3,BLFS,BIOLIFE SOLUTIONS INC,Health Care,,small,21.5,0.7273,1.0329,1.02,0.8552,STRONG_UP,-22.47,1.65,35.56,-36.96,50.2,50.36,0.6809,LOW,-,19.7365,20.6256,23.8029,0,1.6496,WEAK,8.3075
1363,-3,VRRM,VERRA MOBILITY CORP CLASS A,Industrials,,mid,15.22,0.5188,0.9869,0.9719,0.6579,STRONG_UP,-37.47,-27.49,-35.07,-45.89,42.17,39.57,0.6767,LOW,PROGRESS,14.5755,16.0548,21.5656,0,-29.2955,WEAK,8.2977
1364,-3,SYBT,STOCK YARDS BANCORP INC,Financials,,small,72.57,0.7765,0.9746,1.0677,1.0338,FLAT,12.43,8.54,75.41,-24.16,45.78,27.21,0.9461,LOW,-,67.89,66.7257,69.7372,1,14.363,TREND_ONLY,8.2769
1365,-3,EG,Everest Group,Financials,Reinsurance,large,351.49,0.7423,1.0185,1.0308,1.0776,STRONG_DOWN,3.77,3.76,0.88,-16.43,51.41,18.45,0.6576,LOW,-,330.085,330.0242,330.6946,1,10.4708,TREND_ONLY,8.2758
1366,-3,AMPH,AMPHASTAR PHARMACEUTICALS INC,Health Care,,small,22.88,0.6966,1.0349,1.085,0.8525,FLAT,-1.46,-2.64,-40.8,-40.99,50.2,61.37,1.0955,MED,-,20.374,22.4514,25.1133,0,-2.1581,WEAK,8.2578
1367,-3,VRTS,VIRTUS INVESTMENT PARTNERS INC,Financials,,small,139.78,0.7381,0.97,1.0026,0.8137,FLAT,-21.38,3.18,-30.22,-38.95,51.81,38.64,0.9975,LOW,-,133.7965,135.953,165.9078,0,4.2573,WEAK,8.255
1368,-3,BAX,Baxter International,Health Care,Health Care Equipment,mid,18.71,0.4754,1.0253,1.0406,0.9041,FLAT,-18.46,-33.55,-50.89,-49.79,49.0,52.6,0.9432,LOW,SHIFT,16.9965,18.5583,21.2531,0,-31.2515,WEAK,8.1383
1369,-3,RWT,REDWOOD TRUST REIT INC,Financials,,small,6.0,0.8927,0.971,0.9792,1.011,STRONG_DOWN,16.66,24.78,34.33,-19.91,49.0,54.49,0.708,LOW,-,5.6642,5.748,5.4353,1,22.2829,TREND_ONLY,8.1249
1370,-3,BCC,BOISE CASCADE,Industrials,,mid,83.04,0.6612,0.9838,1.1014,0.9458,FLAT,17.88,-7.58,-34.87,-30.94,41.77,38.56,0.6587,LOW,-,76.433,78.7917,79.0743,1,-8.2096,TREND_ONLY,8.1247
1371,-3,STRA,STRATEGIC EDUCATION INC,Consumer Discretionary,,small,83.21,0.7894,1.0158,0.952,0.9702,FLAT,6.67,10.34,-10.48,-19.93,55.02,33.01,0.4969,LOW,-,82.2815,80.2735,79.6961,1,17.2421,TREND_ONLY,8.1234
1372,-3,TGLS,TECNOGLASS INC,Industrials,,mid,44.12,0.4785,0.9319,0.9598,0.8007,FLAT,-28.74,-33.12,-20.93,-54.2,46.59,40.66,0.5236,LOW,PROGRESS,43.3393,45.8799,57.8884,0,-37.954,WEAK,8.1023
1373,-3,CALM,CAL MAINE FOODS INC,Consumer Staples,,mid,76.6,0.6602,0.9742,0.8734,0.9632,FLAT,-14.56,-7.72,48.18,-37.0,52.61,30.47,0.6652,LOW,EARLY,77.6755,82.2432,89.9635,0,-13.3357,WEAK,8.0353
1374,0,RXRX,RECURSION PHARMACEUTICALS INC CLAS,Health Care,,small,3.78,0.4999,1.0678,1.0393,0.7862,STRONG_UP,-40.57,-30.13,-48.92,-58.17,42.57,63.73,0.8207,LOW,-,3.27,3.445,4.6212,0,-20.1257,WEAK,8.0226
1375,-4,ALRM,ALARM.COM HOLDINGS INC,Information Technology,,mid,46.51,0.6744,1.0351,0.9306,0.8907,STRONG_UP,-8.06,-5.74,-27.67,-30.22,46.18,33.07,,LOW,SHIFT,43.9325,45.8739,51.1026,0,-8.0095,WEAK,8.0127
1376,-4,CCB,COASTAL FINANCIAL CORP,Financials,,small,83.29,0.7103,0.9767,1.0133,0.7157,FLAT,-16.52,-0.72,120.17,-38.31,51.81,44.75,1.2155,MED,-,78.8045,79.6906,100.7531,0,-0.8281,WEAK,8.0116
1377,-4,OI,O I GLASS INC,Materials,,small,10.89,0.7227,0.9617,0.9749,0.6869,FLAT,-9.78,1.02,-29.38,-40.71,51.41,48.31,0.6012,LOW,-,10.5275,12.2182,13.3559,0,1.0859,WEAK,7.9896
1378,-4,WDFC,WD-40,Consumer Staples,,mid,213.38,0.7042,0.9957,0.9164,1.0111,FLAT,13.73,-1.57,-4.41,-23.27,51.81,31.8,1.4343,MED,-,209.8285,225.6408,210.8155,1,-2.5528,TREND_ONLY,7.9823
1379,-4,ABG,ASBURY AUTOMOTIVE GROUP INC,Consumer Discretionary,,mid,211.44,0.699,0.993,1.0368,0.8296,FLAT,-13.53,-2.3,-0.02,-30.41,50.2,30.7,0.9866,LOW,SHIFT,198.0075,207.0266,231.9029,0,-3.7553,WEAK,7.9783
1380,-4,ED,Consolidated Edison,Utilities,Multi-Utilities,large,110.15,0.7339,0.9511,0.9138,1.0387,FLAT,10.75,2.58,29.58,-14.23,52.61,16.99,0.5607,LOW,-,112.163,111.7209,102.027,1,8.0011,TREND_ONLY,7.9458
1381,0,CBT,CABOT CORP,Materials,,mid,74.43,0.7074,0.965,1.0055,1.0255,STRONG_DOWN,9.09,-1.13,-14.42,-28.82,48.19,33.99,0.7657,LOW,-,73.745,73.3071,71.7849,1,-1.598,TREND_ONLY,7.9234
1382,-5,CCS,CENTURY COMMUNITIES INC,Consumer Discretionary,,small,62.3,0.7768,0.9979,1.0295,0.896,FLAT,5.28,8.58,-18.4,-25.54,46.99,36.92,0.7469,LOW,-,58.101,62.7034,62.0881,1,10.9158,TREND_ONLY,7.9158
1383,-5,KVUE,Kenvue,Consumer Staples,Personal Care Products,large,17.61,0.5901,0.9857,0.9362,1.0059,FLAT,27.83,-17.52,-2.48,-41.2,49.4,21.18,0.4453,LOW,PROGRESS,17.373,17.9117,17.833,0,-40.859,WEAK,7.8589
1384,-5,CRAI,CRA INTERNATIONAL INC,Industrials,,small,158.84,0.7141,0.9369,0.9139,0.7345,STRONG_UP,-12.05,-0.18,13.18,-31.75,51.41,45.52,1.3581,MED,-,160.831,164.6124,184.6337,0,-0.2089,WEAK,7.8216
1385,-5,TRNS,TRANSCAT INC,Industrials,,small,80.11,0.686,0.9289,1.0345,1.2328,STRONG_DOWN,14.61,-4.12,-23.89,-44.83,48.19,47.39,0.7944,LOW,-,75.9845,75.945,71.4885,1,-4.1868,TREND_ONLY,7.7347
1386,-5,HRMY,HARMONY BIOSCIENCES HLDG INC,Health Care,,small,29.99,0.7528,0.9974,0.9992,0.8043,FLAT,15.57,5.23,3.31,-34.49,50.2,45.43,0.7644,LOW,-,28.171,29.8618,33.1083,0,5.777,WEAK,7.7187
1387,-5,SAFT,SAFETY INSURANCE GROUP INC,Financials,,small,76.69,0.7628,0.9845,0.9815,0.9916,FLAT,15.11,6.62,6.6,-17.39,50.6,18.86,0.864,LOW,-,73.9235,75.1652,72.818,1,17.7485,TREND_ONLY,7.7041
1388,-5,ICUI,ICU MEDICAL INC,Health Care,,mid,129.96,0.6801,0.9709,0.9509,0.8083,STRONG_UP,11.56,-4.94,34.12,-25.11,47.79,35.85,1.09,MED,PROGRESS,126.43,136.076,134.109,0,-6.5912,WEAK,7.6729
1389,-5,DOC,Healthpeak Properties,Real Estate,Health Care REITs,large,17.37,0.7183,1.0171,0.9078,0.9579,FLAT,-2.44,0.4,9.7,-17.09,49.8,24.71,0.6618,LOW,-,16.7885,16.9746,17.0806,1,0.7982,TREND_ONLY,7.6457
1390,-5,DOLE,DOLE PLC,Consumer Staples,,small,15.17,0.7857,0.945,0.9871,1.0124,STRONG_DOWN,16.92,9.82,32.19,-16.01,53.01,22.05,0.5827,LOW,-,14.8315,15.1268,14.3277,1,23.6113,TREND_ONLY,7.6443
1391,-5,ACIW,ACI WORLDWIDE INC,Information Technology,,mid,44.47,0.6398,1.0418,1.0384,1.0048,STRONG_UP,-7.7,-10.58,41.13,-29.9,52.21,39.3,1.2733,MED,SHIFT,41.0475,40.8556,45.7228,0,-14.0517,WEAK,7.6395
1392,-5,AIN,ALBANY INTERNATIONAL CORP CLASS A,Industrials,,small,58.24,0.6773,0.9718,1.0596,0.9832,FLAT,3.92,-5.33,-31.53,-42.65,51.81,35.55,0.6353,LOW,-,53.983,55.6665,56.4496,1,-7.7739,TREND_ONLY,7.6248
1393,-5,ZTS,Zoetis,Health Care,Pharmaceuticals,large,122.38,0.6029,0.9847,0.9776,0.9577,STRONG_UP,-13.91,-15.74,-18.28,-32.7,51.0,26.33,0.8233,LOW,SHIFT,117.966,121.9254,133.5283,0,-30.4783,WEAK,7.5883
1394,-5,ZBH,Zimmer Biomet,Health Care,Health Care Equipment,large,94.78,0.7125,0.9605,0.9802,1.0573,STRONG_DOWN,-4.63,-0.41,-19.03,-20.02,53.82,23.18,0.5459,LOW,-,91.1911,93.3027,94.6881,1,-0.9634,TREND_ONLY,7.5167
1395,-5,NAVI,NAVIENT CORP,Financials,,small,8.87,0.6097,1.0502,1.0134,0.7018,STRONG_UP,-24.7,-14.77,-39.8,-46.81,53.01,46.95,1.0479,MED,-,8.28,8.5827,11.454,0,-16.6806,WEAK,7.4969
1396,-5,JKHY,Jack Henry & Associates,Financials,Transaction & Payment Processing Services,large,154.06,0.6623,0.9831,0.8681,0.7891,STRONG_UP,1.44,-7.43,-3.98,-23.29,51.0,30.69,0.8299,LOW,EARLY,156.1225,161.2366,166.09,0,-12.3394,WEAK,7.4956
1397,-5,POOL,Pool Corporation,Consumer Discretionary,Distributors,mid,227.62,0.5595,1.0119,1.032,0.8299,FLAT,-20.7,-21.8,-35.22,-39.78,44.18,39.92,1.0372,MED,SHIFT,208.791,220.4884,264.4294,0,-24.1228,WEAK,7.4641
1398,-5,FIVN,FIVE9 INC,Information Technology,,small,15.78,0.5229,1.0558,0.9254,0.8714,STRONG_UP,-26.81,-26.91,-72.52,-53.96,46.18,64.44,0.7754,LOW,-,14.9317,16.2373,21.3111,0,-19.2851,WEAK,7.4602
1399,-5,CCOI,COGENT COMMUNICATIONS HOLDINGS INC,Communication,,small,23.63,0.3457,1.0678,1.0937,0.9632,FLAT,-47.2,-51.68,-58.3,-68.95,51.81,91.61,0.6756,LOW,-,19.842,21.2395,30.2737,0,-29.2288,WEAK,7.4301
1400,-5,LZB,LA-Z-BOY INC,Consumer Discretionary,,small,35.87,0.6946,1.0305,1.0214,0.8956,STRONG_UP,14.41,-2.91,13.72,-32.97,45.38,32.67,0.5557,LOW,-,32.8505,34.4285,35.3946,1,-4.0413,TREND_ONLY,7.4051
1401,-5,STC,STEWART INFO SERVICES CORP,Financials,,small,67.52,0.7781,1.0059,1.0374,1.0011,FLAT,-0.42,8.76,20.93,-24.48,48.59,31.22,0.4513,LOW,-,62.079,65.1358,67.9739,0,13.632,WEAK,7.329
1402,-5,WRB,W. R. Berkley Corporation,Financials,Property & Casualty Insurance,large,66.83,0.7291,0.9643,0.9351,0.9575,FLAT,-7.69,1.91,30.23,-16.39,53.41,19.77,0.5663,LOW,PROGRESS,65.9865,68.4259,70.2354,0,5.1598,WEAK,7.3167
1403,-5,WTW,Willis Towers Watson,Financials,Insurance Brokers,large,297.64,0.6824,0.9987,0.9634,0.8806,STRONG_UP,-8.7,-4.62,15.89,-19.74,50.6,36.62,0.7619,LOW,SHIFT,289.1768,293.1295,315.9774,0,-6.3834,WEAK,7.2962
1404,-5,AJG,Arthur J. Gallagher & Co.,Financials,Insurance Brokers,large,221.61,0.5013,0.9623,0.9793,0.8352,FLAT,-20.45,-29.93,-3.55,-40.88,51.0,35.34,0.6072,LOW,SHIFT,217.305,217.2131,261.9434,0,-43.1921,WEAK,7.2935
1405,-5,KR,Kroger,Consumer Staples,Food Retail,large,68.19,0.6885,0.9684,0.8566,1.0534,FLAT,0.03,-3.77,27.96,-19.44,46.99,31.06,0.7598,LOW,-,70.747,70.4828,67.1731,1,-5.7049,TREND_ONLY,7.2809
1406,-5,CPRT,Copart,Industrials,Diversified Support Services,large,33.45,0.4075,0.972,0.9531,0.7917,STRONG_UP,-24.08,-43.04,-37.12,-49.2,47.79,28.56,1.7378,HIGH,PROGRESS,33.0675,35.3702,41.5507,0,-72.0271,WEAK,7.2383
1407,-5,AVA,AVISTA CORP,Utilities,,mid,41.75,0.7616,0.9769,0.9784,1.0211,STRONG_DOWN,11.35,6.45,34.18,-13.03,53.01,19.27,0.4425,LOW,-,40.6975,40.6552,38.3346,1,17.7537,TREND_ONLY,7.2141
1408,-5,ESS,Essex Property Trust,Real Estate,Multi-Family Residential REITs,large,254.97,0.7004,0.9895,0.9696,0.9693,STRONG_UP,1.04,-2.1,17.32,-16.49,54.22,20.43,0.593,LOW,-,245.5866,249.385,254.7706,1,-5.5719,TREND_ONLY,7.2139
1409,-5,AIG,American International Group,Financials,Multi-line Insurance,large,78.68,0.7251,0.9767,0.9866,1.0541,STRONG_DOWN,3.3,1.35,12.58,-16.98,53.01,21.28,0.4409,LOW,-,76.012,77.0373,77.9386,1,3.3528,TREND_ONLY,7.1982
1410,-5,PHR,PHREESIA INC,Health Care,,small,9.17,0.2822,1.035,0.7219,0.5434,STRONG_UP,-59.69,-60.56,-59.46,-75.24,50.2,72.48,0.5994,LOW,-,9.654,11.031,19.7198,0,-41.9436,WEAK,7.1271
1411,-5,LGIH,LGI HOMES INC,Consumer Discretionary,,small,43.56,0.5555,1.0649,1.0891,0.7864,FLAT,-3.67,-22.35,-53.38,-49.25,40.16,58.74,1.4017,MED,-,38.7415,45.6334,50.6217,0,-15.2825,WEAK,7.1057
1412,-5,BRO,Brown & Brown,Financials,Insurance Brokers,large,67.72,0.4303,0.9699,0.9427,0.824,STRONG_UP,-22.19,-39.85,-15.44,-45.94,48.19,32.53,0.4711,LOW,PROGRESS,66.2375,68.4036,83.0711,0,-59.0399,WEAK,7.1015
1413,22,PRGS,PROGRESS SOFTWARE CORP,Information Technology,,small,30.93,0.4036,1.0776,0.9007,0.7494,STRONG_UP,-31.07,-43.59,-37.97,-61.2,51.81,68.95,1.3736,MED,-,28.337,34.2974,41.7609,0,-32.7536,WEAK,7.033
1414,-6,NSP,INSPERITY INC,Industrials,,small,28.9,0.2873,1.0026,1.1786,0.6195,FLAT,-36.12,-59.84,-70.33,-73.11,46.18,78.51,,LOW,-,27.0605,25.3865,39.85,0,-35.1999,WEAK,7.024
1415,-6,ADP,Automatic Data Processing,Industrials,Human Resource & Employment Services,large,200.47,0.5162,0.9913,0.8818,0.7538,STRONG_UP,-27.39,-27.85,-13.25,-40.78,50.6,28.43,0.7336,LOW,EARLY,201.344,209.2619,258.4543,0,-49.5727,WEAK,7.0128
1416,-6,HOMB,HOME BANCSHARES INC,Financials,,mid,26.89,0.752,0.9206,0.9539,0.9089,FLAT,2.89,5.11,22.45,-14.34,50.2,23.49,1.3991,MED,EARLY,27.191,27.7445,27.9824,0,10.923,WEAK,7.009
1417,-6,CNXN,PC CONNECTION INC,Information Technology,,small,64.29,0.789,0.9648,1.0455,1.0706,STRONG_DOWN,6.29,10.28,5.29,-20.57,49.0,32.85,0.7678,LOW,-,60.5555,61.1855,60.8916,1,15.3384,TREND_ONLY,6.9415
1418,-6,PRCT,PROCEPT BIOROBOTICS CORP,Health Care,,small,25.14,0.3366,1.0353,0.9071,0.8038,STRONG_UP,-25.93,-52.95,-50.78,-65.12,42.97,69.64,0.4563,LOW,-,24.7505,25.9862,34.9911,0,-32.6704,WEAK,6.937
1419,-6,BHVN,BIOHAVEN LTD,Health Care,,small,10.98,0.3823,1.0483,1.1355,0.8117,FLAT,-33.37,-46.57,-73.96,-66.71,45.78,72.15,0.9857,LOW,-,9.31,10.2482,12.4778,0,-29.5488,WEAK,6.9334
1420,-6,CTAS,Cintas,Industrials,Diversified Support Services,large,179.17,0.6451,0.9853,0.913,0.8926,STRONG_UP,-2.36,-9.83,9.96,-26.72,49.4,21.77,0.6781,LOW,PROGRESS,174.244,187.714,195.7957,0,-22.3069,WEAK,6.9132
1421,-6,MCD,McDonald's,Consumer Discretionary,Restaurants,large,311.36,0.7382,0.9879,0.9319,0.9892,FLAT,3.16,3.19,20.42,-10.6,49.8,16.46,0.6998,LOW,-,307.73,319.2681,306.7699,1,9.6463,TREND_ONLY,6.912
1422,-6,WKC,WORLD KINECT CORP,Energy,,small,23.43,0.7467,0.9783,0.9685,0.8317,STRONG_UP,-4.03,4.37,2.24,-22.53,51.81,28.25,0.5212,LOW,-,23.2487,24.2016,25.1259,0,8.0171,WEAK,6.8805
1423,-6,ACVA,ACV AUCTIONS INC CLASS A,Industrials,,small,5.02,0.2582,1.073,0.9834,0.5579,STRONG_UP,-42.1,-63.91,-70.98,-75.65,48.59,71.08,0.4594,LOW,-,4.5295,5.232,8.8762,0,-43.6892,WEAK,6.8602
1424,-6,ARE,Alexandria Real Estate Equities,Real Estate,Office REITs,mid,48.63,0.4899,1.0739,0.9243,0.8288,STRONG_UP,-33.37,-31.52,-53.23,-48.98,56.22,41.19,0.7496,LOW,PROGRESS,45.5144,49.2081,60.9415,0,-43.0265,WEAK,6.7723
1425,-6,PMT,PENNYMAC MORTGAGE INVESTMENT TRUST,Financials,,small,12.09,0.763,0.9775,0.9964,0.8797,FLAT,10.75,6.64,16.85,-18.9,52.21,32.11,0.7051,LOW,-,11.444,11.5894,11.5858,1,10.802,TREND_ONLY,6.7402
1426,-6,FUN,SIX FLAGS ENTERTAINMENT CORP,Consumer Discretionary,,small,19.97,0.4337,0.9819,1.0622,1.1706,STRONG_DOWN,-6.07,-39.37,-47.71,-66.35,49.4,66.01,1.0327,MED,-,18.1505,17.4144,20.4034,0,-29.4668,WEAK,6.7131
1427,-6,ALKT,ALKAMI TECHNOLOGY INC,Information Technology,,small,17.83,0.5315,1.0536,0.9758,0.8712,STRONG_UP,-20.51,-25.71,-25.83,-51.11,48.19,59.4,0.9002,LOW,-,16.373,16.7117,21.6986,0,-20.8566,WEAK,6.6868
1428,-6,OPCH,OPTION CARE HEALTH INC,Health Care,,mid,28.82,0.6598,0.9625,0.9167,0.777,STRONG_UP,6.35,-7.78,-6.73,-27.6,45.38,31.03,0.6668,LOW,PROGRESS,28.0895,30.605,30.0968,0,-11.3721,WEAK,6.6854
1429,-6,MRSH,Marsh McLennan,Financials,Insurance Brokers,large,175.8,0.6043,0.9787,0.958,0.9458,STRONG_UP,-4.76,-15.53,-9.89,-27.03,49.0,31.55,0.8349,LOW,SHIFT,173.4148,175.6644,187.8208,0,-24.1143,WEAK,6.6753
1430,-6,LTH,LIFE TIME GROUP HOLDINGS INC,Consumer Discretionary,,mid,28.56,0.6971,0.9926,1.0217,1.0221,STRONG_DOWN,14.61,-2.56,103.85,-25.42,48.19,36.07,0.4272,LOW,-,27.1755,27.3978,27.4128,1,-3.4187,TREND_ONLY,6.6725
1431,-6,ATRC,ATRICURE INC,Health Care,,small,29.72,0.6699,1.0019,0.9486,0.7391,STRONG_UP,-20.19,-6.36,27.06,-33.86,49.8,40.29,1.298,MED,-,28.99,30.6376,34.7341,0,-7.8664,WEAK,6.6713
1432,-6,CHD,Church & Dwight,Consumer Staples,Household Products,large,96.88,0.6808,0.985,0.9491,1.0417,FLAT,11.77,-4.85,-3.86,-20.73,51.41,20.89,0.5166,LOW,-,94.325,98.2457,91.418,1,-11.9293,TREND_ONLY,6.6608
1433,-6,YELP,YELP INC,Communication,,small,27.94,0.6139,1.0471,1.0606,0.9648,FLAT,-14.45,-14.19,-29.1,-51.67,50.6,42.33,0.3786,LOW,-,25.4245,23.9814,29.4647,0,-16.9613,WEAK,6.6519
1434,-6,UFPT,UFP TECHNOLOGIES INC,Health Care,,small,202.38,0.6874,0.9613,0.952,0.7546,STRONG_UP,4.85,-3.92,-7.05,-30.2,49.8,44.66,1.1387,MED,-,194.0675,213.3124,220.1115,0,-4.3676,WEAK,6.6488
1435,-6,VERX,VERTEX INC CLASS A,Information Technology,,small,12.35,0.2318,1.0322,0.8816,0.6215,STRONG_UP,-49.34,-67.59,-57.49,-74.21,44.18,69.17,0.4569,LOW,-,11.894,13.0484,21.4728,0,-43.1733,WEAK,6.6409
1436,-6,SILA,SILA RLTY TR INC TRUST,Real Estate,,small,25.53,0.7598,0.993,0.9767,1.0513,FLAT,11.06,6.2,25.97,-14.11,50.6,20.88,0.6646,LOW,-,24.144,24.6331,23.7258,1,15.0355,TREND_ONLY,6.6239
1437,-6,ROCK,GIBRALTAR INDUSTRIES INC,Industrials,,small,39.4,0.5615,0.9162,0.912,0.6714,STRONG_UP,-40.56,-21.51,-44.57,-49.54,46.18,50.39,0.8577,LOW,-,39.977,44.3328,55.165,0,-19.7165,WEAK,6.6064
1438,-6,AMCR,Amcor,Materials,Paper & Plastic Packaging Products & Materials,large,41.94,0.6623,0.9893,1.0044,1.0081,STRONG_DOWN,4.4,-7.43,1.66,-23.67,48.59,42.49,0.6597,LOW,PROGRESS,40.1565,43.5573,42.7874,0,-8.4969,WEAK,6.5023
1439,-6,COO,Cooper Companies (The),Health Care,Health Care Supplies,large,70.06,0.6369,0.944,0.9181,0.8262,STRONG_UP,-2.1,-10.98,-22.51,-23.83,49.0,23.66,1.3012,MED,EARLY,70.6625,75.8678,74.6309,0,-22.7363,WEAK,6.4308
1440,-6,CPT,Camden Property Trust,Real Estate,Multi-Family Residential REITs,large,103.4,0.6949,0.9909,0.9717,0.9273,STRONG_UP,3.67,-2.87,16.99,-17.71,52.21,20.48,,LOW,SHIFT,99.3529,102.8951,104.2606,0,-7.3194,WEAK,6.4177
1441,-5,CI,Cigna,Health Care,Health Care Services,large,278.64,0.6268,0.9785,0.9759,0.9997,FLAT,-3.2,-12.39,-17.02,-27.41,49.0,27.53,0.7881,LOW,SHIFT,270.2665,275.6346,281.0201,0,-22.05,WEAK,6.295
1442,-5,PGNY,PROGYNY INC,Health Care,,small,18.12,0.6066,1.031,0.9235,0.7178,STRONG_UP,-15.05,-15.21,-43.16,-42.65,51.41,50.93,0.7012,LOW,-,17.285,18.616,22.0848,0,-15.3516,WEAK,6.2217
1443,-5,PAYO,PAYONEER GLOBAL INC,Financials,,small,5.27,0.6131,1.0585,1.0732,0.9497,FLAT,-7.87,-14.31,8.66,-42.76,49.0,64.98,0.479,LOW,-,4.8465,4.9681,5.862,0,-10.7901,WEAK,6.1441
1444,-5,CL,Colgate-Palmolive,Consumer Staples,Household Products,large,85.81,0.6605,0.9872,0.9299,0.9922,FLAT,11.31,-7.67,3.61,-20.74,46.59,24.47,0.9547,LOW,-,84.744,90.175,83.602,1,-14.6055,TREND_ONLY,6.1291
1445,-5,BV,BRIGHTVIEW HOLDINGS INC,Industrials,,small,12.47,0.6821,1.0167,0.9842,0.9169,STRONG_UP,-5.89,-4.66,15.14,-32.82,46.99,36.24,0.3836,LOW,-,11.798,12.5828,13.3876,0,-6.047,WEAK,6.1253
1446,-5,DPZ,Domino's,Consumer Discretionary,Restaurants,large,372.06,0.5781,0.9746,0.9186,0.9074,STRONG_UP,-9.95,-19.2,-20.35,-28.84,46.59,29.15,0.711,LOW,PROGRESS,366.254,382.1746,415.7171,0,-30.6868,WEAK,6.109
1447,-5,UFPI,UFP INDUSTRIES INC,Industrials,,mid,95.76,0.6746,0.9568,1.003,0.8651,FLAT,6.36,-5.71,-11.22,-24.68,43.37,28.13,1.1028,MED,PROGRESS,92.1995,98.2864,96.9737,0,-8.8004,WEAK,6.0548
1448,-5,QNST,QUINSTREET INC,Communication,,small,12.75,0.5744,1.0274,0.9837,0.8482,STRONG_UP,-9.19,-19.71,-21.3,-44.3,49.4,54.29,0.9684,LOW,-,12.134,11.847,14.2142,0,-17.935,WEAK,6.0193
1449,-5,EQR,Equity Residential,Real Estate,Multi-Family Residential REITs,large,62.68,0.6941,0.9963,0.9911,0.9932,FLAT,4.3,-2.98,11.51,-16.54,51.0,20.88,0.9433,LOW,-,59.72,60.9703,61.3404,1,-7.2698,TREND_ONLY,5.9941
1450,-5,AON,Aon plc,Financials,Insurance Brokers,large,331.8,0.6697,0.9851,0.9699,0.9373,STRONG_UP,-3.3,-6.39,8.82,-17.42,51.0,33.3,0.5415,LOW,SHIFT,324.442,325.205,346.5123,0,-9.7903,WEAK,5.8449
1451,-5,PD,PAGERDUTY INC,Information Technology,,small,6.32,0.3129,1.0076,0.8487,0.5471,STRONG_UP,-59.82,-56.26,-69.66,-66.63,44.18,60.89,0.6159,LOW,-,6.3105,6.8408,12.6883,0,-40.8228,WEAK,5.7404
1452,-5,TNET,TRINET GROUP INCINARY,Industrials,,small,38.77,0.381,1.004,0.9832,0.6054,STRONG_UP,-35.05,-46.74,-69.09,-60.35,46.99,62.8,0.4119,LOW,-,37.283,38.8666,56.4827,0,-34.9761,WEAK,5.7219
1453,-5,EVTC,EVERTEC INC,Financials,,small,30.68,0.6884,1.0232,1.0042,1.0092,FLAT,3.8,-3.78,-16.66,-34.26,50.2,38.12,,LOW,-,28.544,27.9732,30.8232,0,-4.9719,WEAK,5.7101
1454,-5,PRKS,UNITED PARKS AND RESORTS INC,Consumer Discretionary,,small,36.07,0.5987,0.9522,1.0338,0.9254,FLAT,-30.73,-16.31,-29.81,-46.15,48.19,47.44,0.9518,LOW,-,33.874,34.1182,41.9995,0,-16.5688,WEAK,5.6996
1455,-5,GSHD,GOOSEHEAD INSURANCE INC CLASS A,Financials,,small,43.85,0.3187,1.0114,0.9626,0.5951,STRONG_UP,-32.75,-55.46,-18.29,-64.43,48.59,68.74,0.6539,LOW,-,42.5295,46.8593,70.0888,0,-39.2025,WEAK,5.6786
1456,-5,AMT,American Tower,Real Estate,Telecom Tower REITs,large,182.36,0.6206,0.9835,0.9338,0.9746,FLAT,-2.87,-13.26,14.24,-26.67,52.21,28.47,0.9554,LOW,SHIFT,173.5216,179.2658,185.7394,0,-24.3122,WEAK,5.6472
1457,-5,PBH,PRESTIGE CONSUMER HEALTHCARE INC,Health Care,,mid,58.13,0.5293,0.9881,0.8968,0.8671,STRONG_UP,-5.95,-26.02,-14.95,-41.09,48.19,33.68,0.5158,LOW,PROGRESS,58.0155,62.952,64.6298,0,-37.2228,WEAK,5.6343
1458,0,ENOV,ENOVIS CORP,Health Care,,small,26.32,0.5846,1.0229,1.0805,1.0666,FLAT,-15.61,-18.29,-52.38,-42.54,47.39,52.42,1.0583,MED,-,23.4515,23.3924,27.6543,0,-16.5316,WEAK,5.6024
1459,-6,DNOW,DNOW INC,Industrials,,mid,11.95,0.5617,0.9326,0.9384,0.8094,FLAT,-15.25,-21.48,-18.87,-34.08,55.42,53.27,0.6604,LOW,EARLY,12.0255,12.8174,14.1051,0,-22.352,WEAK,5.5997
1460,-6,FWRG,FIRST WATCH RESTAURANT GROUP INC,Consumer Discretionary,,small,12.75,0.454,1.1118,0.9535,0.7416,STRONG_UP,-27.52,-36.54,-42.57,-49.68,45.38,65.86,0.7689,LOW,-,11.327,12.9049,15.979,0,-25.1744,WEAK,5.5879
1461,-6,CWST,CASELLA WASTE SYSTEMS INC CLASS A,Industrials,,mid,81.22,0.5067,0.9244,0.8932,0.7432,STRONG_UP,-5.49,-29.18,-12.07,-37.72,49.0,40.2,1.1035,MED,EARLY,81.597,89.8468,95.6435,0,-35.5638,WEAK,5.5765
1462,-6,ERIE,Erie Indemnity,Financials,Insurance Brokers,large,244.81,0.4518,0.9052,0.947,0.8445,FLAT,-20.65,-36.84,-33.57,-41.87,51.0,34.42,0.9409,LOW,EARLY,246.7938,256.8782,297.9239,0,-54.5922,WEAK,5.573
1463,0,ITGR,INTEGER HOLDINGS CORP,Health Care,,mid,90.2,0.559,0.9933,0.9907,1.0214,FLAT,-12.53,-21.86,-23.45,-50.11,53.82,25.09,0.2713,LOW,SHIFT,86.693,85.9918,90.9021,0,-46.9004,WEAK,5.4933
1464,-7,IIIN,INSTEEL INDUSTRIES INC,Industrials,,small,26.22,0.6403,0.6806,0.7784,0.7423,FLAT,-10.53,-10.5,-14.42,-31.57,51.41,58.71,4.5938,HIGH,-,33.6165,34.6873,34.2042,0,-9.1973,WEAK,5.4413
1465,-7,CLX,Clorox,Consumer Staples,Household Products,large,104.58,0.5618,0.9773,0.9089,0.9339,FLAT,-9.15,-21.47,-21.49,-30.11,48.59,29.7,1.1409,MED,PROGRESS,103.986,113.0514,113.085,0,-35.1322,WEAK,5.4176
1466,-7,MBC,MASTERBRAND INC,Industrials,,small,9.0,0.5827,0.9892,1.083,0.6777,FLAT,-30.23,-18.55,-45.55,-44.36,44.18,50.31,0.6639,LOW,-,8.4055,9.5724,11.4493,0,-16.2916,WEAK,5.3831
1467,-7,CXM,SPRINKLR INC CLASS A,Information Technology,,small,5.45,0.5667,0.9679,0.8416,0.7997,STRONG_UP,-28.01,-20.78,-52.15,-44.17,49.8,42.34,1.1351,MED,-,5.7615,5.7546,7.32,0,-24.447,WEAK,5.3595
1468,-7,UDR,"UDR, Inc.",Real Estate,Multi-Family Residential REITs,large,35.28,0.6492,0.9932,0.9393,0.9218,STRONG_UP,0.65,-9.26,7.65,-21.65,49.0,21.79,0.6339,LOW,PROGRESS,34.0939,35.7257,36.0453,0,-20.8157,WEAK,5.3549
1469,0,CBZ,CBIZ INC,Industrials,,small,30.0,0.2881,1.0057,1.0446,0.5737,FLAT,-42.59,-59.73,-59.58,-67.69,47.79,72.65,0.3532,LOW,-,27.6325,28.5306,49.5654,0,-39.2885,WEAK,5.3274
1470,-8,INVH,Invitation Homes,Real Estate,Single-Family Residential REITs,large,27.03,0.6038,1.006,1.014,0.9611,FLAT,-2.77,-15.6,-12.74,-29.15,44.98,22.58,0.5096,LOW,SHIFT,25.4053,25.6045,27.5816,0,-31.0808,WEAK,5.2481
1471,-8,GT,GOODYEAR TIRE & RUBBER,Consumer Discretionary,,small,7.06,0.5087,0.9703,1.0286,0.7544,FLAT,3.37,-28.9,-39.71,-48.49,42.57,51.41,1.404,MED,-,6.6805,7.6336,8.4586,0,-23.9325,WEAK,5.2216
1472,-8,MDLZ,Mondelez International,Consumer Staples,Packaged Foods & Meats,large,57.25,0.6246,0.9589,0.9472,0.9799,FLAT,-5.39,-12.7,-9.46,-25.93,49.4,24.58,0.7798,LOW,EARLY,57.4906,58.0934,58.8662,0,-25.518,WEAK,5.1405
1473,-8,MAA,Mid-America Apartment Communities,Real Estate,Multi-Family Residential REITs,large,127.94,0.6184,0.9939,0.9638,0.9176,STRONG_UP,-0.34,-13.56,11.74,-25.74,47.39,19.54,1.2099,MED,SHIFT,122.5428,127.3536,132.5893,0,-32.8972,WEAK,5.1362
1474,-8,ADUS,ADDUS HOMECARE CORP,Health Care,,small,94.32,0.6937,0.9583,0.8738,0.8522,STRONG_UP,-19.47,-3.04,-2.92,-25.38,48.59,34.16,0.9679,LOW,-,94.862,101.815,110.0061,0,-4.3281,WEAK,5.1157
1475,-8,DEI,DOUGLAS EMMETT REIT INC,Real Estate,,small,10.45,0.5886,1.0441,1.0221,0.9317,STRONG_UP,-19.74,-17.72,-10.34,-44.09,42.57,33.18,0.6759,LOW,-,9.4975,9.7325,12.2057,0,-22.7394,WEAK,5.0624
1476,-8,ABM,ABM INDUSTRIES INC,Industrials,,mid,40.35,0.6517,0.9864,1.0045,0.8725,FLAT,-8.43,-8.91,-3.66,-27.81,50.2,27.96,0.6686,LOW,PROGRESS,38.621,41.2607,43.9422,0,-15.9942,WEAK,5.0495
1477,-8,PGR,Progressive Corporation,Financials,Property & Casualty Insurance,large,202.58,0.5996,0.9807,0.9266,0.9728,FLAT,-2.79,-16.19,4.96,-29.4,48.59,23.53,0.6693,LOW,PROGRESS,199.8981,203.6168,215.5817,0,-33.4372,WEAK,4.9443
1478,-8,VICI,Vici Properties,Real Estate,Hotel & Resort REITs,large,29.01,0.6852,0.9893,0.9607,0.9882,FLAT,-2.51,-4.23,18.25,-17.88,49.0,19.1,0.9298,LOW,SHIFT,27.6595,28.412,29.4578,0,-10.851,WEAK,4.9094
1479,-7,EXPO,EXPONENT INC,Industrials,,mid,68.05,0.6325,0.987,0.9678,0.89,STRONG_UP,0.53,-11.59,-10.38,-18.86,46.18,40.47,1.744,HIGH,PROGRESS,66.2675,68.8592,70.1722,0,-13.2235,WEAK,4.8716
1480,-7,WD,WALKER & DUNLOP INC,Financials,,small,50.2,0.5203,1.0136,1.0422,0.7573,FLAT,-36.18,-27.27,-40.18,-49.57,48.19,53.85,,LOW,-,45.706,50.4891,66.6733,0,-24.4066,WEAK,4.8649
1481,-7,SJM,J.M. Smucker Company (The),Consumer Staples,Packaged Foods & Meats,large,95.5,0.6133,1.0306,0.8813,0.9181,FLAT,-6.22,-14.28,-7.06,-22.82,48.19,29.07,1.2867,MED,PROGRESS,94.7065,103.1897,103.3846,0,-23.6698,WEAK,4.8188
1482,-7,AVB,AvalonBay Communities,Real Estate,Multi-Family Residential REITs,large,173.89,0.6406,0.9909,0.9859,0.9362,STRONG_UP,-3.77,-10.46,2.47,-22.13,52.21,21.51,0.6924,LOW,SHIFT,165.7858,170.18,179.2593,0,-25.4009,WEAK,4.7269
1483,-7,EPAC,ENERPAC TOOL GROUP CORP CLASS A,Industrials,,small,35.71,0.684,0.9312,0.9128,0.8522,STRONG_UP,-15.46,-4.4,2.96,-25.4,48.59,32.58,0.9523,LOW,-,35.9425,38.3278,39.6141,0,-6.5605,WEAK,4.7126
1484,-7,OTIS,Otis Worldwide,Industrials,Industrial Machinery & Supplies & Components,large,81.43,0.6114,0.9621,0.9404,0.8813,STRONG_UP,-9.36,-14.54,-11.73,-23.79,53.01,26.62,0.6986,LOW,PROGRESS,79.043,84.8454,88.0645,0,-28.9569,WEAK,4.6769
1485,-7,PCRX,PACIRA BIOSCIENCES INC,Health Care,,small,24.72,0.6828,0.9927,1.0148,1.2532,STRONG_DOWN,8.56,-4.56,-5.29,-29.61,51.0,37.69,0.5668,LOW,-,23.224,22.6872,23.536,1,-6.1649,TREND_ONLY,4.6627
1486,-7,SMPL,THE SIMPLY GOOD FOODS COMPANY,Consumer Staples,,small,11.89,0.2351,1.034,0.7556,0.5518,STRONG_UP,-50.66,-67.15,-63.31,-71.71,46.59,57.22,1.1594,MED,-,13.2815,14.9387,21.9643,0,-54.6717,WEAK,4.605
1487,-7,GIS,General Mills,Consumer Staples,Packaged Foods & Meats,large,35.5,0.4654,0.9924,0.892,0.7878,STRONG_UP,-23.27,-34.95,-43.59,-37.23,44.98,28.28,0.7482,LOW,EARLY,35.9088,40.3878,44.9767,0,-55.5895,WEAK,4.5757
1488,-7,CNMD,CONMED CORP,Health Care,,small,39.08,0.591,0.9817,0.984,0.9131,FLAT,-13.08,-17.39,-43.96,-44.44,48.59,39.42,0.3935,LOW,-,36.505,39.607,44.8187,0,-21.4363,WEAK,4.5154
1489,-7,FCPT,FOUR CORNERS PROPERTY INC TRUST,Real Estate,,mid,25.65,0.6871,0.9917,0.9556,1.0203,FLAT,8.94,-3.96,26.4,-17.9,46.59,19.71,0.7072,LOW,-,24.1957,24.6704,24.0682,1,-9.3493,TREND_ONLY,4.4552
1490,-7,SIGI,SELECTIVE INSURANCE GROUP INC,Financials,,mid,82.77,0.6841,0.9783,1.0402,0.9866,FLAT,3.81,-4.38,-15.42,-18.19,53.41,22.72,0.6298,LOW,-,77.842,80.6154,80.2289,1,-10.3077,TREND_ONLY,4.4208
1491,-7,AWR,AMERICAN STATES WATER,Utilities,,mid,75.92,0.6947,0.9723,0.9659,0.9774,FLAT,2.25,-2.89,17.34,-12.36,49.0,23.18,3.5758,HIGH,-,75.8155,74.4942,73.3467,1,-6.1123,TREND_ONLY,4.3604
1492,-7,ENR,ENERGIZER HOLDINGS INC,Consumer Staples,,small,20.48,0.5803,1.048,1.1255,0.9746,FLAT,-13.09,-18.89,-19.84,-42.96,46.99,42.71,0.6129,LOW,-,17.6685,19.318,21.9947,0,-20.7837,WEAK,4.3466
1493,-7,ABR,ARBOR REALTY TRUST REIT INC,Financials,,small,8.01,0.5979,1.005,0.9479,0.9752,FLAT,-27.66,-16.43,-17.68,-40.49,49.4,42.97,0.5685,LOW,-,7.5875,7.6052,9.1243,0,-18.8868,WEAK,4.274
1494,-7,VCEL,VERICEL CORP,Health Care,,small,35.68,0.6246,1.0009,1.0098,0.9267,FLAT,2.68,-12.7,-18.65,-35.8,49.0,43.55,0.7417,LOW,-,33.0545,34.2598,35.9205,0,-14.288,WEAK,4.2674
1495,-7,CLOV,CLOVER HEALTH INVESTMENTS CORP CLA,Health Care,,small,2.19,0.4719,1.0423,1.0737,0.8375,FLAT,-18.89,-34.04,247.07,-55.5,44.18,45.05,0.9452,LOW,-,1.8965,1.977,2.5539,0,-33.3788,WEAK,4.2569
1496,-7,EPC,EDGEWELL PERSONAL CARE,Consumer Staples,,small,23.4,0.5735,1.0184,1.1023,1.2261,STRONG_DOWN,18.85,-19.84,-32.33,-47.46,49.0,37.52,0.7196,LOW,-,21.3135,21.1683,20.5033,1,-25.9098,TREND_ONLY,4.2486
1497,0,KHC,Kraft Heinz,Consumer Staples,Packaged Foods & Meats,large,22.47,0.5712,0.9683,0.9568,0.9431,STRONG_UP,-7.64,-20.16,-32.38,-25.28,51.0,29.8,0.7659,LOW,PROGRESS,22.3365,23.1528,24.4115,0,-34.4996,WEAK,4.1773
1498,-8,LNN,LINDSAY CORP,Industrials,,small,108.29,0.6408,0.9271,0.8702,0.8478,STRONG_UP,-16.85,-10.42,-4.91,-29.99,47.79,35.64,0.9889,LOW,-,112.758,123.4258,126.9787,0,-13.9788,WEAK,4.1746
1499,-8,SKWD,SKYWARD SPECIALTY INSURANCE GROUP,Financials,,small,46.83,0.6356,0.9823,1.0476,0.9786,FLAT,4.07,-11.16,32.81,-36.52,49.4,34.88,0.7125,LOW,-,44.299,45.1823,47.6772,0,-15.7992,WEAK,4.1342
1500,-8,HRL,Hormel Foods,Consumer Staples,Packaged Foods & Meats,large,21.19,0.5236,0.9996,0.8902,0.8619,STRONG_UP,-8.35,-26.81,-32.81,-31.82,46.59,24.97,1.1745,MED,EARLY,21.6118,22.8978,24.0672,0,-50.027,WEAK,4.0813
1501,-8,CPB,Campbell's Company (The),Consumer Staples,Packaged Foods & Meats,mid,20.99,0.4232,1.0054,0.9412,0.7956,STRONG_UP,-29.39,-40.85,-47.33,-44.1,44.18,36.15,0.9607,LOW,PROGRESS,20.9798,23.6592,27.9922,0,-49.922,WEAK,4.0716
1502,-8,ICFI,ICF INTERNATIONAL INC,Industrials,,small,70.53,0.6094,0.9724,0.9868,0.7105,FLAT,-18.2,-14.82,-48.34,-35.36,48.59,41.41,1.2829,MED,-,68.0478,72.9432,85.0374,0,-17.391,WEAK,4.0204
1503,-8,TMUS,T-Mobile US,Communication Services,Wireless Telecommunication Services,large,197.67,0.5674,0.9925,0.8866,1.0354,FLAT,-11.85,-20.69,26.75,-29.12,51.0,26.97,0.7593,LOW,EARLY,202.466,208.9589,216.9208,0,-39.1154,WEAK,3.827
1504,-8,EIG,EMPLOYERS HOLDINGS INC,Financials,,small,42.72,0.6654,0.9822,1.0184,0.917,FLAT,6.7,-6.99,4.75,-26.96,51.81,27.35,0.4659,LOW,-,41.3385,41.2094,41.6679,1,-13.2428,TREND_ONLY,3.8102
1505,-8,BBSI,BARRETT BUSINESS SERVICES INC,Industrials,,small,29.86,0.5528,0.9904,0.9924,0.7459,FLAT,-28.78,-22.73,0.16,-45.31,53.01,45.69,0.4987,LOW,-,29.1625,29.8775,38.3446,0,-26.3663,WEAK,3.8051
1506,-8,SGRY,SURGERY PARTNERS INC,Health Care,,small,14.0,0.4958,1.0333,1.0765,0.8553,FLAT,-33.74,-30.69,-40.22,-52.01,50.6,47.25,0.7719,LOW,-,12.4705,13.5024,18.058,0,-32.8692,WEAK,3.7902
1507,-8,FBRT,FRANKLIN BSP REALTY TRUST INC,Financials,,small,9.13,0.6573,1.0024,0.9488,0.8825,STRONG_UP,-8.87,-8.12,-6.58,-23.51,48.59,38.74,0.5688,LOW,-,8.5546,8.8576,9.682,0,-10.1891,WEAK,3.7058
1508,0,IART,INTEGRA LIFESCIENCES HOLDINGS CORP,Health Care,,small,11.14,0.5247,1.0511,1.1598,0.8719,FLAT,-23.75,-26.66,-64.78,-48.7,50.2,44.0,0.8565,LOW,-,9.799,10.2534,12.5273,0,-30.4192,WEAK,3.6464
1509,-9,CAG,Conagra Brands,Consumer Staples,Packaged Foods & Meats,mid,14.86,0.4502,0.9895,0.8941,0.8678,STRONG_UP,-15.36,-37.07,-44.75,-40.54,44.98,35.18,0.8567,LOW,EARLY,15.2515,17.1142,17.5593,0,-47.3974,WEAK,3.5856
1510,-9,SDGR,SCHRODINGER INC,Health Care,,small,12.34,0.3371,1.0412,0.9372,0.7139,STRONG_UP,-39.24,-52.88,-49.3,-58.52,49.0,52.97,1.7187,HIGH,-,11.624,12.0504,17.3124,0,-48.9193,WEAK,3.5185
1511,-9,UTL,UNITIL CORP,Utilities,,small,53.81,0.682,0.9688,0.9586,1.046,FLAT,14.1,-4.67,17.04,-23.67,53.82,20.29,0.4934,LOW,-,53.1275,52.4546,49.1502,1,-12.378,TREND_ONLY,3.4001
1512,-9,UMH,UMH PROPERTIES INC,Real Estate,,small,15.59,0.693,0.9832,1.0025,0.9252,FLAT,13.03,-3.14,13.55,-18.38,46.59,20.39,0.7884,LOW,-,14.8085,15.1525,15.1566,1,-7.1771,TREND_ONLY,3.3245
1513,-9,MMSI,MERIT MEDICAL SYSTEMS INC,Health Care,,mid,70.93,0.5664,0.9711,0.9618,0.837,STRONG_UP,-12.23,-20.84,-0.08,-32.5,49.0,26.87,0.6229,LOW,PROGRESS,68.8135,73.356,82.6103,0,-37.9983,WEAK,3.2013
1514,-9,CPK,CHESAPEAKE UTILITIES CORP,Utilities,,mid,126.53,0.6921,0.9487,0.9199,0.9916,FLAT,-3.89,-3.26,28.89,-14.18,52.21,21.56,1.0945,MED,EARLY,127.504,130.0412,127.2276,0,-7.8964,WEAK,3.1838
1515,-9,BLKB,BLACKBAUD INC,Information Technology,,small,38.76,0.4565,1.0356,0.8109,0.6786,STRONG_UP,-37.92,-36.2,-49.47,-52.14,52.21,45.18,0.661,LOW,-,38.4775,43.7794,57.8935,0,-41.8299,WEAK,3.0954
1516,-9,JANX,JANUX THERAPEUTICS INC,Health Care,,small,15.82,0.3863,1.0258,1.0352,1.1167,STRONG_DOWN,-41.84,-46.01,-67.62,-64.94,49.0,50.69,0.9142,LOW,-,14.423,13.9033,20.2824,0,-44.473,WEAK,3.0594
1517,-9,AWK,American Water Works,Utilities,Water Utilities,large,131.61,0.6561,0.946,0.8895,0.9652,FLAT,-6.88,-8.3,17.64,-16.12,51.81,24.33,0.7691,LOW,EARLY,135.5215,134.0454,134.4451,0,-17.6692,WEAK,3.0592
1518,-9,IRT,INDEPENDENCE REALTY INC TRUST,Real Estate,,mid,16.15,0.6366,1.0054,0.974,0.9193,STRONG_UP,2.63,-11.02,11.83,-21.7,46.18,22.07,0.4895,LOW,SHIFT,15.1858,15.8022,16.3612,0,-23.0579,WEAK,2.9845
1519,-9,ESRT,EMPIRE STATE REALTY REIT INC TRUST,Real Estate,,small,5.5,0.5711,1.0064,0.9876,0.8173,STRONG_UP,-22.28,-20.17,-37.08,-41.89,50.6,31.34,0.5204,LOW,-,5.173,5.5694,6.7639,0,-32.5638,WEAK,2.9615
1520,-9,ASGN,ASGN INC,Information Technology,,small,39.44,0.4952,1.0086,1.0332,0.7823,FLAT,-13.83,-30.78,-58.72,-39.68,46.18,56.85,0.5325,LOW,-,38.1745,40.486,46.7027,0,-25.0052,WEAK,2.9463
1521,-9,KMB,Kimberly-Clark,Consumer Staples,Household Products,large,98.84,0.5273,0.9886,0.929,0.9786,FLAT,-15.39,-26.3,-14.89,-32.43,46.18,24.08,0.7304,LOW,PROGRESS,97.481,101.6684,110.4733,0,-50.4316,WEAK,2.9181
1522,-9,PG,Procter & Gamble,Consumer Staples,Personal Care Products,large,146.93,0.6476,0.9887,0.94,0.9945,FLAT,-0.4,-9.49,-2.29,-17.62,48.19,20.94,0.9854,LOW,PROGRESS,143.951,152.1006,150.0059,0,-21.8305,WEAK,2.8133
1523,-7,KDP,Keurig Dr Pepper,Consumer Staples,Soft Drinks & Non-alcoholic Beverages,large,26.53,0.5556,0.9843,0.9134,0.9484,FLAT,-2.65,-22.34,-9.55,-27.55,49.4,24.93,1.0461,MED,PROGRESS,26.0737,27.5556,28.2867,0,-44.2775,WEAK,2.5691
1524,-10,MMI,MARCUS & MILLICHAP INC,Real Estate,,small,27.73,0.6586,0.9989,1.0017,0.9973,FLAT,-3.79,-7.94,-7.75,-24.06,47.39,28.69,0.4612,LOW,-,26.395,26.0797,28.4675,0,-13.1174,WEAK,2.3676
1525,-10,SLVM,SYLVAMO CORP,Materials,,small,43.64,0.5584,0.9826,1.0543,0.84,FLAT,6.1,-21.95,-18.12,-36.9,46.59,39.77,0.7406,LOW,-,41.1536,43.9265,45.0435,0,-25.7106,WEAK,2.3544
1526,-9,IOSP,INNOSPEC INC,Materials,,small,76.19,0.6424,0.9614,1.0501,0.9267,FLAT,3.95,-10.2,-34.75,-27.91,48.59,27.0,0.723,LOW,-,73.0065,75.858,78.2121,0,-18.3643,WEAK,2.1188
1527,-9,TAP,Molson Coors Beverage Company,Consumer Staples,Brewers,mid,44.59,0.5727,0.9648,0.9772,0.8939,FLAT,-3.23,-19.95,-25.09,-27.45,49.4,31.18,0.9137,LOW,PROGRESS,43.426,45.9911,46.6698,0,-31.6116,WEAK,2.0942
1528,-9,FIZZ,NATIONAL BEVERAGE CORP,Consumer Staples,,mid,34.31,0.5658,0.9578,0.9199,0.9866,FLAT,-6.13,-20.91,-17.81,-33.61,43.78,22.03,0.8451,LOW,PROGRESS,34.0145,35.164,37.2536,0,-41.5508,WEAK,1.9143
1529,-9,RSG,Republic Services,Industrials,Environmental & Facilities Services,large,207.66,0.6301,0.9398,0.8652,0.9588,FLAT,-4.29,-11.93,12.32,-20.5,50.6,17.86,1.4861,MED,EARLY,216.0872,220.6626,221.3501,0,-33.7911,WEAK,1.9001
1530,-9,WMK,WEIS MARKETS INC,Consumer Staples,,small,71.07,0.6246,0.9651,0.9923,1.0052,STRONG_DOWN,4.58,-12.7,17.76,-29.37,51.0,29.55,0.7214,LOW,-,69.2835,68.9824,68.9907,1,-21.9192,TREND_ONLY,1.7544
1531,-9,CWT,CALIFORNIA WATER SERVICE GROUP,Utilities,,mid,44.96,0.6512,0.9629,0.9417,0.9635,FLAT,-5.78,-8.98,5.34,-16.03,49.8,25.83,0.8997,LOW,EARLY,45.2835,45.2673,45.0787,0,-17.3151,WEAK,1.6273
1532,-9,MGEE,MGE ENERGY INC,Utilities,,mid,77.49,0.6319,0.9376,0.9645,0.9513,FLAT,-7.07,-11.68,6.55,-20.77,48.19,21.77,1.141,MED,EARLY,77.917,78.5161,81.1754,0,-25.8438,WEAK,1.4974
1533,-9,APOG,APOGEE ENTERPRISES INC,Industrials,,small,36.12,0.5964,0.964,1.0251,0.9571,FLAT,-3.38,-16.64,-37.02,-29.12,46.99,33.18,0.7591,LOW,-,33.994,36.4932,38.6751,0,-23.5711,WEAK,1.3618
1534,-9,MZTI,MARZETTI,Consumer Staples,,mid,138.86,0.5345,0.936,0.9076,0.8073,STRONG_UP,-14.92,-25.29,-21.05,-27.54,49.0,29.21,0.9975,LOW,EARLY,141.165,150.904,165.2762,0,-42.4188,WEAK,1.0504
1535,-9,MSEX,MIDDLESEX WATER,Utilities,,small,51.31,0.6029,0.9542,0.9322,0.9211,STRONG_UP,-11.08,-15.73,15.52,-21.68,49.0,28.63,3.4027,HIGH,-,52.287,52.805,52.7666,0,-26.9162,WEAK,0.4178
1536,-9,AMSF,AMERISAFE INC,Financials,,small,34.0,0.5319,0.9768,0.9711,0.8773,STRONG_UP,-11.82,-25.65,-21.09,-31.15,46.59,31.09,0.7505,LOW,-,33.2865,34.4456,38.6743,0,-38.4401,WEAK,-0.0853
1537,-9,JJSF,J AND J SNACK FOODS CORP,Consumer Staples,,small,80.53,0.4348,0.9464,0.9993,0.8135,FLAT,-11.2,-39.22,-36.9,-43.74,49.4,40.63,0.7109,LOW,-,79.612,81.616,93.5733,0,-47.6885,WEAK,-0.4073
