rank,delta_rank,ticker,name,sector,industry,cap_band,close,rs_ratio,rs_5,rs_21,rs_63,rs_trend,ret_6m,ret_12m,ret_24m,max_dd,persist_frac,vol_63,rel_vol,vol_label,acc_watch,sma20,sma50,sma200,pass_trend,mqs,regime_label,score_final
1,0,TERN,TERNS PHARMACEUTICALS INC,Health Care,,mid,52.71,17.4718,0.9742,1.0841,1.3945,STRONG_DOWN,552.35,2253.12,1028.69,-27.56,57.43,42.13,0.7683,LOW,-,51.81,45.3826,24.6183,1,3071.3735,TREND+LEAD,569.8165
2,0,FOLD,AMICUS THERAPEUTICS INC,Health Care,,mid,14.46,1.6025,0.9707,0.9617,0.9891,FLAT,79.85,115.82,36.93,-26.56,48.19,2.51,0.7628,LOW,-,14.437,14.3758,10.5447,1,2223.669,TREND+LEAD,410.0823
3,0,GTLS,CHART INDUSTRIES INC,Industrials,,mid,207.99,1.2373,0.9719,0.9592,0.9886,FLAT,3.93,66.65,40.38,-18.76,54.62,1.9,0.5733,LOW,-,207.324,207.2162,200.0231,1,1915.8772,TREND+LEAD,352.4546
4,0,SNDK,Sandisk,Information Technology,"Technology Hardware, Storage & Peripherals",large,891.72,20.6712,1.0172,1.1834,2.2617,STRONG_DOWN,600.54,2684.02,2377.0,-31.34,58.63,100.38,0.8094,LOW,-,742.3915,668.2746,295.8068,1,1567.6808,TREND+LEAD,304.5551
5,0,DBRG,DIGITALBRIDGE GROUP INC CLASS A,Financials,,mid,15.59,1.4944,0.9726,0.9694,0.999,FLAT,15.8,101.27,-11.34,-33.69,42.97,2.99,0.3906,LOW,-,15.4465,15.4172,12.9264,1,1455.4003,TREND+LEAD,273.6197
6,0,CELC,CELCUITY INC,Health Care,,mid,123.47,9.1768,0.9623,1.0341,1.0609,STRONG_DOWN,167.25,1135.94,616.6,-27.68,56.63,53.12,0.9424,LOW,-,113.627,111.0404,78.3316,1,1210.995,TREND+LEAD,230.9517
7,2,ERAS,ERASCA INC,Health Care,,mid,18.2,11.5499,1.0184,1.302,2.1543,STRONG_DOWN,655.19,1455.56,843.01,-31.65,53.82,73.19,1.13,MED,-,16.0925,14.4355,5.8814,1,1070.3376,TREND+LEAD,230.9229
8,0,TNGX,TANGO THERAPEUTICS INC,Health Care,,mid,25.33,14.6933,1.1887,1.296,2.0109,STRONG_DOWN,191.15,1878.91,244.63,-27.15,52.61,102.58,1.309,MED,-,20.5295,16.4866,10.2666,1,963.6309,TREND+LEAD,209.9129
9,-2,PRAX,PRAXIS PRECISION MEDICINES INC,Health Care,,mid,339.93,8.4626,1.0311,1.0709,1.1203,STRONG_DOWN,547.24,1039.75,548.6,-36.33,54.62,59.07,1.0644,MED,-,309.0145,315.6684,185.6872,1,961.4197,TREND+LEAD,208.8881
10,4,VISN,VISTANCE NETWORKS INC,Information Technology,,mid,18.98,4.0967,0.9843,1.018,0.981,FLAT,22.29,451.74,1809.46,-16.25,54.62,33.21,1.6304,HIGH,-,18.382,18.2712,16.2169,1,742.977,TREND+LEAD,173.6059
11,-1,WBD,Warner Bros. Discovery,Communication Services,Broadcasting,large,27.2,2.55,0.9597,0.9405,0.9345,STRONG_UP,51.28,243.43,234.15,-21.31,51.0,14.58,0.4899,LOW,-,27.353,27.738,21.8048,1,851.5193,TREND+LEAD,164.9804
12,0,WDC,Western Digital,Information Technology,"Technology Hardware, Storage & Peripherals",large,365.0,7.6412,1.0494,1.1116,1.6707,STRONG_DOWN,223.05,929.13,582.49,-20.59,63.86,79.56,0.6409,LOW,-,309.402,288.9448,171.0368,1,745.7785,TREND+LEAD,146.4721
13,2,COGT,COGENT BIOSCIENCES INC,Health Care,,mid,36.32,6.3156,0.9446,0.98,0.9454,FLAT,135.39,750.59,462.23,-20.73,50.6,50.34,0.6394,LOW,-,35.8785,36.6942,25.8925,1,754.4622,TREND+LEAD,146.3578
14,-3,BE,BLOOM ENERGY CLASS A CORP,Industrials,,large,213.84,8.905,1.2972,1.277,1.576,FLAT,87.48,1099.33,2064.37,-45.94,55.82,112.51,1.1982,MED,-,152.736,153.8464,101.4771,1,545.4131,TREND+LEAD,134.4141
15,2,HOLX,Hologic,Health Care,Health Care Equipment,large,76.01,0.9989,0.9768,0.9609,0.9981,FLAT,12.87,34.53,1.2,-9.65,51.03,2.62,0.0,LOW,-,75.4925,75.3052,71.338,1,672.5633,TREND_ONLY,126.019
16,11,ARWR,ARROWHEAD PHARMACEUTICALS INC,Health Care,,mid,70.95,4.6414,1.0406,1.1779,1.0588,FLAT,97.3,525.11,199.75,-24.64,57.43,49.4,0.8416,LOW,-,61.301,61.9843,45.3207,1,610.467,TREND+LEAD,120.7441
17,-1,ORKA,ORUKA THERAPEUTICS INC,Health Care,,mid,65.55,5.6528,1.0012,1.5166,2.0149,STRONG_DOWN,138.54,661.32,210.6,-17.81,55.02,76.55,2.068,HIGH,-,51.41,41.0096,27.3143,1,475.324,TREND+LEAD,115.0636
18,-5,KOD,KODIAK SCIENCES INC,Health Care,,mid,41.98,13.2076,0.9627,1.6823,1.4403,FLAT,236.38,1678.81,979.18,-32.4,55.42,171.3,0.6749,LOW,-,35.144,28.8872,19.3125,1,543.1398,TREND+LEAD,114.8557
19,0,CIEN,Ciena,Information Technology,Communications Equipment,large,475.76,6.0005,0.9482,1.2288,1.9631,STRONG_DOWN,188.65,708.15,956.54,-16.84,62.65,76.23,0.7511,LOW,-,432.2545,364.1422,211.5887,1,581.9995,TREND+LEAD,114.8355
20,9,INBX,INHIBRX BIOSCIENCES INC,Health Care,,small,83.595,5.4114,1.072,1.1461,1.0829,FLAT,140.15,628.81,568.4,-37.56,57.03,72.78,1.257,MED,-,67.9513,73.3975,55.9709,1,492.7354,TREND+LEAD,111.1446
21,-1,SEMR,SEMRUSH HOLDINGS INC CLASS A,Information Technology,,small,11.95,0.9981,0.9706,0.9573,0.9894,FLAT,66.43,34.42,0.25,-38.47,47.39,2.87,0.2597,LOW,-,11.94,11.8942,9.8742,1,568.3612,TREND_ONLY,110.68
22,-1,CSGS,CSG SYSTEMS INTERNATIONAL INC,Industrials,,mid,80.33,1.0158,0.9745,0.9648,0.9986,FLAT,24.44,36.8,75.56,-7.98,54.22,3.49,0.8823,LOW,-,80.052,79.6953,72.0919,1,571.7653,TREND+LEAD,107.4928
23,-5,PL,PLANET LABS CLASS A,Industrials,,large,34.41,8.0092,0.9765,1.2144,1.2662,STRONG_DOWN,132.81,978.68,1889.02,-29.01,53.41,104.61,0.7,LOW,-,32.5305,27.493,16.606,1,499.6796,TREND+LEAD,105.2899
24,-1,WULF,TERAWULF INC,Information Technology,,mid,19.67,6.35,1.0041,1.172,1.3616,STRONG_DOWN,27.23,755.22,946.28,-31.74,54.22,102.37,1.8832,HIGH,-,16.564,15.9054,12.1667,1,399.9989,TREND+LEAD,103.4933
25,0,LASR,NLIGHT INC,Information Technology,,mid,66.42,6.9265,1.0287,0.8923,1.5134,FLAT,116.21,832.87,486.75,-24.74,57.03,95.11,0.4679,LOW,-,64.177,60.5186,38.3776,1,499.4038,TREND+LEAD,101.8841
26,4,SATS,ECHOSTAR CORP CLASS A,Communication,,large,131.39,4.4143,1.0628,1.1185,0.9859,FLAT,75.07,494.52,846.61,-34.06,54.62,59.01,0.8786,LOW,-,119.096,114.5672,81.9896,1,457.7351,TREND+LEAD,98.7258
27,1,NVRI,ENVIRI CORP,Industrials,,small,19.55,2.5466,0.9674,1.0216,1.0383,STRONG_DOWN,58.04,242.98,141.96,-13.04,55.02,25.93,0.3662,LOW,-,19.097,18.7788,14.7649,1,515.5763,TREND+LEAD,97.4209
28,-6,MU,Micron Technology,Information Technology,Semiconductors,large,456.23,4.8977,1.0514,0.9448,1.3468,FLAT,144.1,559.63,277.29,-30.28,58.23,72.08,0.9409,LOW,-,398.4273,404.0254,254.72,1,452.0991,TREND+LEAD,96.6174
29,6,VSAT,VIASAT INC,Information Technology,,mid,59.92,5.4456,1.0508,1.1413,1.3758,STRONG_DOWN,62.3,633.41,290.36,-23.78,53.82,80.24,1.1023,MED,-,51.2285,47.9192,35.4751,1,424.8553,TREND+LEAD,96.1769
30,-4,STX,Seagate Technology,Information Technology,"Technology Hardware, Storage & Peripherals",large,519.6,5.3663,1.0079,1.1814,1.6395,STRONG_DOWN,146.6,622.74,547.37,-21.0,57.83,76.64,0.7957,LOW,-,442.2623,417.303,278.0348,1,469.8964,TREND+LEAD,95.8037
31,3,SKYT,SKYWATER TECHNOLOGY INC,Information Technology,,small,32.24,3.5151,1.1016,1.1132,1.0418,FLAT,71.4,373.42,252.74,-42.64,47.39,49.46,1.5602,HIGH,-,28.4585,28.7952,19.729,1,357.793,TREND+LEAD,92.4596
32,-1,AAOI,APPLIED OPTOELECTRONICS INC,Information Technology,,mid,142.55,10.1479,1.0388,1.5781,4.0678,STRONG_DOWN,400.53,1266.73,1088.91,-47.64,52.21,179.86,0.9616,LOW,-,112.2825,87.5086,43.6962,1,367.7082,TREND+LEAD,84.9804
33,7,SYRE,SPYRE THERAPEUTICS INC,Health Care,,mid,68.99,4.1244,1.2945,1.5003,2.0465,STRONG_DOWN,228.52,455.48,90.21,-20.91,54.62,75.81,4.5556,HIGH,-,49.797,43.4054,27.8929,1,328.1631,TREND+LEAD,82.8011
34,8,RLAY,RELAY THERAPEUTICS INC,Health Care,,mid,15.49,4.4066,1.0031,1.4429,1.888,STRONG_DOWN,156.88,493.49,129.82,-19.55,54.62,75.33,1.3575,MED,-,11.8455,10.41,6.9456,1,357.8155,TREND+LEAD,80.9482
35,-3,CIFR,CIPHER DIGITAL INC,Information Technology,,mid,18.0,5.7484,1.0688,1.1401,0.9766,FLAT,-13.83,674.19,435.71,-51.38,51.81,102.16,0.7221,LOW,-,14.8645,15.1222,13.6963,1,341.9143,TREND+LEAD,80.1106
36,0,FIX,Comfort Systems USA,Industrials,Construction & Engineering,large,1648.96,3.5164,1.0174,1.1064,1.541,STRONG_DOWN,98.44,373.6,446.69,-13.77,59.84,56.17,0.7872,LOW,-,1463.3385,1396.2145,978.1676,1,398.0085,TREND+LEAD,79.3822
37,-4,PARR,PAR PACIFIC HOLDINGS INC,Energy,,mid,62.2,3.6741,1.0161,1.1229,1.5949,STRONG_DOWN,72.16,394.83,91.09,-26.21,55.42,58.01,0.4473,LOW,-,62.059,51.7846,40.0656,1,377.2009,TREND+LEAD,77.793
38,6,AMPX,AMPRIUS TECHNOLOGIES INC,Industrials,,mid,18.3,6.039,1.1007,0.9025,1.7375,FLAT,38.11,713.33,982.84,-46.41,52.61,112.06,0.5787,LOW,-,17.3045,14.8154,11.0263,1,334.8962,TREND+LEAD,77.6535
39,2,TTMI,TTM TECHNOLOGIES INC,Information Technology,,large,116.6,4.6322,1.0533,1.1425,1.1883,STRONG_DOWN,111.04,523.86,723.45,-23.26,56.22,81.26,0.948,LOW,-,103.135,100.5158,70.4127,1,362.4364,TREND+LEAD,76.904
40,-3,TYRA,TYRA BIOSCIENCES INC,Health Care,,mid,34.97,3.0157,0.9258,0.8814,1.178,FLAT,151.22,306.16,138.46,-18.78,56.22,51.56,1.0533,MED,-,36.9817,34.4669,21.2946,1,333.8261,TREND+LEAD,76.186
41,-2,INDV,INDIVIOR PHARMACEUTICALS INC,Health Care,,mid,32.52,2.6651,0.9777,0.992,0.9512,FLAT,32.52,258.94,,-21.37,53.82,37.94,0.5641,LOW,-,30.542,32.1008,28.1832,1,367.3213,TREND+LEAD,75.1043
42,14,LRCX,Lam Research,Information Technology,Semiconductor Materials & Equipment,large,265.16,3.0446,0.9954,1.119,1.2507,STRONG_DOWN,92.26,310.04,180.36,-20.01,60.64,61.36,1.0052,MED,-,234.4265,229.8001,164.3032,1,306.4062,TREND+LEAD,72.1318
43,0,STOK,STOKE THERAPEUTICS INC,Health Care,,small,35.54,3.4905,0.9822,1.0334,1.1288,STRONG_DOWN,1.72,370.11,185.46,-37.16,56.22,59.93,0.3709,LOW,-,33.5035,33.9046,26.8726,1,347.1942,TREND+LEAD,71.9221
44,5,SPHR,SPHERE ENTERTAINMENT CLASS A,Communication,,mid,132.41,3.9153,0.9968,1.1364,1.3256,STRONG_DOWN,112.16,427.32,225.09,-17.66,53.82,64.61,0.808,LOW,-,119.618,113.317,78.0142,1,355.9565,TREND+LEAD,71.7631
45,2,TER,Teradyne,Information Technology,Semiconductor Materials & Equipment,large,364.96,3.8222,0.9734,1.165,1.5602,STRONG_DOWN,166.77,414.77,250.49,-20.35,57.03,69.26,0.6799,LOW,-,322.7645,312.553,192.4766,1,341.5322,TREND+LEAD,71.7082
46,-8,FET,FORUM ENERGY TECHNOLOGIES INC,Energy,,small,58.88,2.9049,0.9552,0.9694,1.4074,STRONG_DOWN,121.02,291.23,202.88,-16.88,59.04,46.96,0.4024,LOW,-,59.275,56.2798,35.8693,1,366.1451,TREND+LEAD,71.4243
47,-1,AEHR,AEHR TEST SYSTEMS,Information Technology,,small,73.22,6.6624,1.0329,1.8867,2.7732,STRONG_DOWN,168.3,797.3,531.75,-42.31,52.21,143.3,1.2298,MED,-,48.3145,40.0588,27.5302,1,290.4902,TREND+LEAD,71.2714
48,36,TSHA,TAYSHA GENE THERAPIES INC,Health Care,,small,6.0,3.7754,1.2588,1.2548,1.171,STRONG_UP,16.39,408.47,133.01,-31.13,52.21,82.01,3.1937,HIGH,-,4.5145,4.5675,4.1232,1,260.0471,TREND+LEAD,69.7306
49,-25,APLD,APPLIED DIGITAL CORP,Information Technology,,mid,30.81,5.6069,1.1704,1.0704,0.8395,STRONG_UP,-12.07,655.15,1157.55,-50.31,49.4,115.09,0.9508,LOW,-,26.219,28.7911,24.8969,1,281.2083,TREND+LEAD,69.7043
50,3,FORM,FORMFACTOR INC,Information Technology,,mid,129.62,3.7116,1.04,1.308,1.771,STRONG_DOWN,222.04,399.88,192.46,-24.04,54.22,73.08,1.1105,MED,-,107.1715,98.132,58.6585,1,296.6848,TREND+LEAD,69.6907
51,-3,TPC,TUTOR PERINI CORP,Industrials,,mid,86.25,2.9494,1.028,1.1539,1.1491,FLAT,36.55,297.23,537.62,-24.13,57.43,52.32,0.515,LOW,-,77.6955,78.1478,66.3773,1,326.2596,TREND+LEAD,68.6287
52,-2,AEIS,ADVANCED ENERGY INDUSTRIES INC,Information Technology,,large,374.32,3.2555,0.9697,1.1325,1.5481,STRONG_DOWN,104.99,338.46,296.52,-16.35,58.63,59.76,0.8195,LOW,-,341.7725,321.9929,220.2395,1,332.0603,TREND+LEAD,68.303
53,-2,KYMR,KYMERA THERAPEUTICS INC,Health Care,,mid,89.0,2.6412,0.9897,1.0474,1.164,STRONG_DOWN,52.76,255.72,162.3,-27.74,53.41,42.21,0.521,LOW,-,82.7833,83.4331,64.7494,1,323.5669,TREND+LEAD,68.0331
54,0,HUT,HUT CORP,Information Technology,,mid,71.09,4.7639,1.0889,1.3119,1.198,FLAT,42.34,541.61,881.91,-38.62,56.63,106.82,0.9658,LOW,-,54.881,53.4369,41.8329,1,287.1295,TREND+LEAD,66.3702
55,6,GPRE,GREEN PLAINS INC,Energy,,small,15.41,3.2879,0.9842,0.8819,1.3558,FLAT,38.08,342.82,-27.0,-22.75,54.62,57.69,0.8007,LOW,-,15.992,15.0446,10.9847,1,324.573,TREND+LEAD,66.0439
56,4,GLUE,MONTE ROSA THERAPEUTICS INC,Health Care,,small,18.23,3.0693,0.9811,1.0869,0.7453,FLAT,71.82,313.38,200.83,-41.84,49.0,50.33,0.8233,LOW,-,16.509,17.5746,12.7335,1,305.0975,TREND+LEAD,65.8179
57,0,GSAT,GLOBALSTAR VOTING INC,Communication,,mid,80.64,3.0752,1.0711,1.268,1.2485,FLAT,86.19,314.18,316.74,-26.53,55.42,73.81,3.8414,HIGH,-,68.405,62.9606,49.3014,1,235.8978,TREND+LEAD,64.8444
58,11,NESR,NATIONAL ENERGY SERVICES REUNITED,Energy,,mid,23.23,2.9636,0.9477,1.0695,1.2493,STRONG_DOWN,122.3,299.14,158.11,-27.39,55.82,62.09,1.2702,MED,-,22.0985,22.2001,14.2843,1,268.9329,TREND+LEAD,64.7583
59,0,SCHL,SCHOLASTIC CORP,Communication,,small,39.51,1.9109,0.9731,1.1212,1.1529,STRONG_DOWN,40.59,157.36,19.45,-12.02,55.82,32.89,1.5129,HIGH,-,38.512,35.8452,29.4629,1,267.0692,TREND+LEAD,63.806
60,8,ECPG,ENCORE CAPITAL GROUP INC,Financials,,small,78.69,1.9799,1.001,1.1078,1.404,STRONG_DOWN,75.22,166.66,94.1,-12.63,53.41,33.43,2.5838,HIGH,-,72.3735,66.61,51.2601,1,266.2598,TREND+LEAD,63.7765
61,-9,CRDO,CREDO TECHNOLOGY GROUP HOLDING LTD,Information Technology,,large,168.35,3.3139,1.5152,1.5462,1.0558,FLAT,29.75,346.31,768.68,-53.59,55.42,101.4,1.4488,MED,-,110.073,113.69,131.9913,1,189.2779,TREND+LEAD,63.231
62,1,DHC,DIVERSIFIED HEALTHCARE TRUST,Real Estate,,small,7.45,2.627,0.9927,0.9821,1.3721,FLAT,79.82,253.8,224.14,-15.7,53.82,44.43,0.4604,LOW,-,6.9545,6.8214,4.9671,1,307.4422,TREND+LEAD,61.3637
63,0,BELFB,BEL FUSE INC CLASS B,Information Technology,,mid,236.04,2.542,0.9757,1.0767,1.2037,STRONG_DOWN,60.55,242.36,307.15,-19.54,61.85,50.26,0.4862,LOW,-,216.063,217.5084,166.0988,1,298.2506,TREND+LEAD,61.2901
64,2,RHLD,RESOLUTE HOLDINGS MANAGEMENT INC,Industrials,,small,150.22,4.2394,0.899,0.9858,0.7182,FLAT,78.73,470.96,318.56,-50.93,53.82,96.15,0.6486,LOW,-,156.8665,167.7028,128.1923,1,263.621,TREND+LEAD,60.599
65,7,ALMS,ALUMIS INC,Health Care,,mid,24.16,3.5382,1.023,0.881,0.9764,FLAT,421.81,376.53,81.65,-52.94,49.4,78.57,0.7717,LOW,-,23.454,25.7509,12.3351,1,236.7381,TREND+LEAD,60.5068
66,8,DFTX,DEFINIUM THERAPEUTICS INC,Health Care,,mid,22.15,3.0121,1.0045,1.1702,1.4506,STRONG_DOWN,75.52,305.68,124.19,-24.79,53.41,57.38,0.8522,LOW,-,19.7435,18.3752,13.2155,1,284.5285,TREND+LEAD,60.3896
67,-2,POWL,POWELL INDUSTRIES INC,Industrials,,mid,229.73,3.0769,0.9668,1.2616,1.6902,STRONG_DOWN,117.56,314.4,454.76,-30.88,57.43,65.74,0.5925,LOW,-,195.3885,185.1965,123.8138,1,274.6611,TREND+LEAD,60.3253
68,-13,CGON,CG ONCOLOGY INC,Health Care,,mid,67.68,2.4853,0.9589,0.9424,1.1993,FLAT,57.95,234.72,85.58,-25.3,52.21,44.48,0.9155,LOW,-,66.6175,61.233,43.3527,1,275.5088,TREND+LEAD,59.5375
69,-7,DNTH,DIANTHUS THERAPEUTICS INC,Health Care,,mid,95.76,3.7461,1.0148,1.16,2.0348,STRONG_DOWN,169.37,404.53,296.69,-22.91,51.41,74.35,0.6595,LOW,-,84.6445,69.3438,42.799,1,279.7168,TREND+LEAD,59.3537
70,-3,CMPX,COMPASS THERAPEUTICS,Health Care,,small,5.85,2.5551,1.0427,1.0259,0.9527,STRONG_UP,34.79,244.12,272.61,-24.66,53.41,52.51,1.3903,MED,-,5.342,5.7014,4.5327,1,248.3017,TREND+LEAD,59.1029
71,-7,CLMT,CALUMET INC,Energy,,mid,32.0,2.525,0.9293,1.0682,1.566,STRONG_DOWN,71.86,240.06,113.62,-22.81,57.03,48.72,0.7271,LOW,-,32.29,29.6568,21.0911,1,281.0106,TREND+LEAD,59.0181
72,-14,DAN,DANA INCORPORATED INC,Consumer Discretionary,,mid,35.37,2.4148,0.9509,1.0309,1.2901,STRONG_DOWN,92.13,225.23,214.93,-14.68,53.82,41.53,0.3951,LOW,-,33.8605,33.3474,23.9628,1,291.8859,TREND+LEAD,58.6983
73,7,EA,Electronic Arts,Communication Services,Interactive Home Entertainment,large,203.24,1.06,0.9764,0.9706,0.9799,FLAT,1.71,42.77,62.15,-8.12,55.02,8.05,0.4616,LOW,-,202.5065,201.121,189.811,1,292.2914,TREND+LEAD,57.9848
74,2,PACS,PACS GROUP INC,Health Care,,mid,34.84,2.8396,0.9409,0.9327,0.8678,STRONG_UP,172.19,282.44,,-42.03,49.0,58.99,0.651,LOW,-,33.227,35.6876,23.7315,1,234.606,TREND+LEAD,57.735
75,-30,RAPP,RAPPORT THERAPEUTICS INC,Health Care,,small,36.71,2.7927,1.0421,1.2652,1.3169,STRONG_DOWN,47.55,276.13,76.49,-28.82,52.21,52.33,0.6296,LOW,-,31.1295,29.6409,24.9039,1,275.4938,TREND+LEAD,57.1404
76,-6,GLW,Corning Inc.,Information Technology,Electronic Components,large,168.27,3.0723,0.9626,1.2381,1.8382,STRONG_DOWN,99.93,313.78,466.97,-23.01,59.84,73.76,0.6757,LOW,-,147.561,139.5588,93.257,1,254.5595,TREND+LEAD,56.6725
77,-2,ALB,Albemarle Corporation,Materials,Specialty Chemicals,large,185.38,2.6643,1.0448,1.0653,1.0295,FLAT,93.68,258.82,68.28,-20.05,58.23,59.57,0.5074,LOW,-,175.486,171.7156,121.8131,1,253.0027,TREND+LEAD,56.0143
78,3,NVTS,NAVITAS SEMICONDUCTOR CORP,Information Technology,,mid,10.26,4.4035,1.058,0.9986,1.0052,FLAT,-18.38,493.06,152.09,-58.25,46.99,117.03,0.906,LOW,-,9.1013,8.9833,8.5275,1,197.9754,TREND+LEAD,55.361
79,17,TE,T1 ENERGY INC,Industrials,,small,5.34,3.7055,1.241,0.6552,0.6683,FLAT,33.17,399.07,206.9,-58.59,50.2,117.99,2.2452,HIGH,-,5.441,6.4622,4.3876,1,169.7863,TREND+LEAD,54.7509
80,0,UUUU,ENERGY FUELS INC,Energy,,mid,21.0,3.5197,1.1135,1.0389,0.9879,STRONG_UP,-19.94,374.04,262.07,-51.28,53.82,100.7,0.9566,LOW,-,18.1965,19.9706,16.1055,1,199.9093,TREND+LEAD,54.3602
81,-3,GEV,GE Vernova,Industrials,Heavy Electrical Equipment,large,985.92,2.2373,0.9893,1.1164,1.5064,STRONG_DOWN,53.26,201.33,660.81,-17.51,55.02,43.57,0.5826,LOW,-,909.0305,857.5513,675.9277,1,254.2359,TREND+LEAD,54.186
82,0,AMLX,AMYLYX PHARMACEUTICALS INC,Health Care,,small,17.12,3.3276,0.9602,1.145,1.1969,STRONG_DOWN,20.65,348.17,751.74,-27.93,53.01,71.75,0.6565,LOW,-,14.9425,14.5836,12.4932,1,257.2315,TREND+LEAD,53.9596
83,10,DK,DELEK US HOLDINGS INC,Energy,,mid,40.92,2.6037,0.9669,0.9237,1.344,FLAT,19.87,250.67,47.24,-36.02,51.81,59.24,0.4781,LOW,-,43.894,39.8634,32.6225,1,219.2276,TREND+LEAD,52.3551
84,-1,NPKI,NPK INTERNATIONAL INC,Industrials,,small,15.16,2.073,0.9798,1.0431,1.0956,STRONG_DOWN,36.21,179.19,103.49,-17.94,52.61,36.03,0.5409,LOW,-,14.5455,14.2784,12.0355,1,261.6478,TREND+LEAD,52.3444
85,-8,CAT,Caterpillar Inc.,Industrials,Construction Machinery & Heavy Transportation Equipment,large,770.17,1.9981,0.9505,1.0486,1.1888,STRONG_DOWN,46.77,169.1,120.22,-13.88,58.23,39.18,0.828,LOW,-,728.684,730.159,564.236,1,251.3196,TREND+LEAD,52.2672
86,9,GOOGL,Alphabet Inc. (Class A),Communication Services,Interactive Media & Services,large,337.12,1.6382,1.0282,1.0363,0.9881,FLAT,37.53,120.63,120.15,-20.37,55.02,28.39,0.7286,LOW,-,302.9285,307.6721,270.6013,1,233.7779,TREND+LEAD,52.1427
87,23,OKLO,OKLO INC CLASS A,Utilities,,mid,63.35,2.1817,1.2887,1.0003,0.6493,STRONG_UP,-63.62,193.83,398.03,-73.83,50.6,89.62,2.257,HIGH,SHIFT,52.2345,59.9104,85.5295,0,109.4383,WEAK,52.0498
88,2,ATRO,ASTRONICS CORP,Industrials,,mid,76.26,2.4845,1.0039,1.0374,1.0479,STRONG_DOWN,58.51,234.62,357.74,-23.39,54.22,52.67,0.4635,LOW,-,69.621,73.294,53.6961,1,241.525,TREND+LEAD,52.0224
89,9,GOOG,Alphabet Inc. (Class C),Communication Services,Interactive Media & Services,large,334.47,1.6026,1.027,1.0332,0.9789,FLAT,36.04,115.84,116.16,-20.75,54.62,27.28,0.6989,LOW,-,301.2585,307.0042,270.9567,1,231.9285,TREND+LEAD,51.9257
90,-4,ECVT,ECOVYST INC,Materials,,small,14.04,1.7912,1.0155,1.1017,1.2871,STRONG_DOWN,68.14,141.24,41.53,-16.33,55.02,29.73,0.7752,LOW,-,12.986,12.0222,9.7757,1,261.3813,TREND+LEAD,51.8917
91,17,GHM,GRAHAM CORP,Industrials,,small,91.97,2.2664,0.9734,1.0746,1.245,STRONG_DOWN,52.19,205.24,212.08,-18.21,55.82,56.9,1.673,HIGH,-,84.4965,83.153,64.248,1,201.3483,TREND+LEAD,50.9199
92,7,PRM,PERIMETER SOLUTIONS INC,Materials,,mid,27.15,2.0342,1.0532,1.1584,0.9413,FLAT,23.02,173.97,284.56,-30.2,57.03,51.59,1.0989,MED,-,23.6315,24.5282,23.2768,1,192.3098,TREND+LEAD,50.7881
93,-22,TTI,TETRA TECHNOLOGIES INC,Energy,,small,8.52,2.6359,0.9535,1.0041,0.7489,FLAT,21.02,255.0,92.33,-37.66,56.22,63.95,0.7542,LOW,-,8.3655,9.3218,7.3324,1,224.1767,TREND+LEAD,50.3546
94,29,QBTS,D WAVE QUANTUM INC,Information Technology,,mid,20.81,2.3993,1.4574,1.1385,0.6789,STRONG_UP,-51.67,223.14,1102.89,-71.01,48.59,102.82,3.4902,HIGH,SHIFT,15.1865,17.4742,22.4319,0,105.4484,WEAK,50.3482
95,2,DCO,DUCOMMUN INC,Industrials,,small,141.35,1.8605,0.9766,1.0733,1.2474,STRONG_DOWN,46.86,150.58,165.0,-16.03,59.44,35.81,0.7044,LOW,-,129.2685,127.1722,102.4275,1,249.9371,TREND+LEAD,49.8511
96,-8,MBX,MBX BIOSCIENCES INC,Health Care,,small,32.96,3.2587,0.9743,1.0592,0.7541,FLAT,143.79,338.88,39.37,-37.6,52.61,81.38,0.508,LOW,-,30.258,32.5781,24.0767,1,219.0778,TREND+LEAD,49.6955
97,7,VICR,VICOR CORP,Industrials,,mid,194.2,3.0896,1.0201,0.9454,1.3145,FLAT,261.98,316.11,464.53,-32.01,59.44,90.44,0.694,LOW,-,172.533,173.6554,102.1751,1,207.7595,TREND+LEAD,49.5124
98,-11,NGVT,INGEVITY CORP,Materials,,mid,74.21,1.7734,0.9614,1.0452,1.1067,STRONG_DOWN,35.35,138.85,66.84,-23.94,55.02,33.54,0.3709,LOW,-,71.0125,70.6054,58.7568,1,227.7699,TREND+LEAD,49.3574
99,10,REZI,RESIDEO TECHNOLOGIES INC,Industrials,,mid,39.81,1.9396,1.0225,1.1112,1.034,FLAT,-4.44,161.22,101.47,-35.21,55.82,50.59,1.1945,MED,-,35.398,35.8064,34.6797,1,177.8875,TREND+LEAD,49.3436
100,2,CENX,CENTURY ALUMINUM,Materials,,mid,64.09,3.0137,0.9389,1.0843,1.3155,STRONG_DOWN,100.22,305.89,266.23,-23.56,51.81,71.03,0.4874,LOW,-,58.107,54.746,35.8892,1,223.1191,TREND+LEAD,48.9901
101,87,ASML,ASML Holding,Technology,Industrial Machinery,large,1481.77,1.748,0.9936,1.0195,1.1549,STRONG_DOWN,51.18,135.42,54.29,-17.85,57.83,45.04,2.2862,HIGH,-,1377.2095,1396.0329,1076.166,1,173.8731,TREND+LEAD,48.4381
102,54,AVGO,Broadcom,Information Technology,Semiconductors,large,396.72,1.7006,1.0858,1.1825,1.1505,FLAT,15.74,129.04,204.59,-28.67,56.63,43.22,1.0978,MED,-,331.3855,329.4426,330.7289,1,169.0834,TREND+LEAD,48.3672
103,-3,SMTC,SEMTECH CORP,Information Technology,,mid,93.27,2.6646,1.0219,1.1254,1.2368,STRONG_DOWN,37.91,258.87,183.15,-26.68,53.41,64.51,,LOW,-,80.9055,84.6742,69.7078,1,214.3262,TREND+LEAD,48.0949
104,-31,ALNT,ALLIENT INC,Industrials,,small,70.52,2.4825,0.9954,1.0688,1.1286,STRONG_DOWN,36.37,234.35,130.2,-14.59,54.22,52.9,0.6972,LOW,-,64.0305,64.6199,53.0665,1,240.1937,TREND+LEAD,48.0927
105,-26,STRL,STERLING INFRASTRUCTURE INC,Industrials,,large,456.08,2.4113,1.0169,1.0244,1.4051,STRONG_DOWN,26.18,224.75,357.5,-31.02,55.82,65.07,0.7897,LOW,-,425.04,419.9324,343.0145,1,192.8014,TREND+LEAD,48.0829
106,10,VIAV,VIAVI SOLUTIONS INC,Information Technology,,mid,39.26,2.9445,0.8923,1.2167,2.1695,STRONG_DOWN,207.2,296.57,371.87,-21.13,54.62,83.06,1.4683,MED,-,36.659,31.8886,18.7694,1,195.0207,TREND+LEAD,48.0756
107,18,TDAY,USA TODAY INC,Communication,,small,7.41,1.8587,1.0695,1.0895,1.2128,STRONG_DOWN,106.41,150.34,202.45,-20.32,48.59,35.1,1.2134,MED,-,6.863,6.4272,5.0273,1,208.1172,TREND+LEAD,47.7747
108,5,FLNC,FLUENCE ENERGY INC CLASS A,Industrials,,mid,15.21,3.1026,1.0896,0.881,0.6605,STRONG_UP,-17.56,317.86,-5.23,-59.66,49.4,100.52,0.7504,LOW,PROGRESS,14.3885,16.4058,15.5399,0,156.2091,WEAK,47.6147
109,-24,CSTM,CONSTELLIUM SE CLASS A,Materials,,mid,29.65,2.5809,0.9773,1.1259,1.2808,STRONG_DOWN,93.54,247.6,41.33,-15.96,52.21,56.77,0.6561,LOW,-,26.4085,25.587,18.6549,1,227.7087,TREND+LEAD,47.558
110,-7,PAHC,PHIBRO ANIMAL HEALTH CORP CLASS A,Health Care,,mid,55.01,2.4592,0.9043,1.0012,1.3603,STRONG_DOWN,46.88,231.21,339.16,-18.5,51.81,60.82,1.4137,MED,-,55.5075,52.6569,40.9128,1,196.9585,TREND+LEAD,47.3846
111,1,BTSG,BRIGHTSPRING HEALTH SERVICES INC,Health Care,,mid,46.01,2.0323,0.9733,1.0445,1.177,STRONG_DOWN,53.78,173.71,335.29,-20.75,56.22,44.36,0.7659,LOW,-,43.798,41.6136,32.8159,1,220.1478,TREND+LEAD,47.2604
112,-18,HL,HECLA MINING,Materials,,large,19.12,2.3743,0.9623,0.9314,0.7904,STRONG_UP,43.94,219.78,266.53,-45.95,53.82,79.65,0.5974,LOW,-,18.5815,20.7975,15.3144,1,148.5052,TREND+LEAD,47.2485
113,-21,PVLA,PALVELLA THERAPEUTICS INC,Health Care,,small,128.63,3.9142,0.9597,1.0177,1.2016,STRONG_DOWN,74.96,427.17,880.41,-29.93,52.61,104.04,0.5206,LOW,-,120.5485,113.4792,79.7529,1,216.0085,TREND+LEAD,47.1802
114,28,KLAC,KLA Corporation,Information Technology,Semiconductor Materials & Equipment,large,1748.11,2.0365,0.9831,1.1279,1.2002,STRONG_DOWN,70.94,174.27,,-22.41,61.04,59.44,1.0551,MED,-,1571.9295,1499.0305,1205.1262,1,178.9657,TREND+LEAD,47.0646
115,46,BORR,BORR DRILLING LTD,Energy,,small,5.5,2.1838,0.9009,1.0471,1.1995,STRONG_DOWN,108.33,194.12,4.22,-23.33,51.41,55.73,2.1926,HIGH,-,5.613,5.5916,3.7209,1,179.0703,TREND+LEAD,47.0477
116,-10,MYRG,MYR GROUP INC,Industrials,,mid,320.43,2.0886,0.988,1.154,1.3733,STRONG_DOWN,55.56,181.3,,-13.65,55.82,44.14,0.8196,LOW,-,289.168,276.518,224.7698,1,229.2755,TREND+LEAD,47.0102
117,0,DY,DYCOM INDUSTRIES INC,Industrials,,large,395.0,1.9255,0.9798,1.0445,1.0976,STRONG_DOWN,34.88,159.32,191.77,-24.43,58.23,46.44,0.8231,LOW,-,359.559,381.4508,319.4132,1,199.7706,TREND+LEAD,46.7511
118,1,CAPR,CAPRICOR THERAPEUTICS INC,Health Care,,small,35.04,2.6989,1.0768,1.0737,1.3903,FLAT,422.99,263.49,490.89,-67.67,49.8,75.38,0.5687,LOW,-,31.0825,28.8056,16.3343,1,174.0724,TREND+LEAD,46.7104
119,-18,BKSY,BLACKSKY TECHNOLOGY INC CLASS A,Industrials,,small,33.08,3.4497,0.9842,1.1976,1.1768,FLAT,10.9,364.61,233.47,-58.46,53.41,108.03,0.8459,LOW,-,28.966,24.9722,21.7671,1,180.2615,TREND+LEAD,46.5631
120,-13,OLMA,OLEMA PHARMACEUTICALS INC,Health Care,,small,16.49,2.8741,0.9626,1.0468,0.5638,FLAT,53.54,287.09,52.4,-62.55,49.8,80.46,0.4163,LOW,-,14.9772,19.1982,15.2153,1,177.6913,TREND+LEAD,46.5252
121,3,IMNM,IMMUNOME INC,Health Care,,mid,23.39,2.4222,1.0116,1.0794,1.1082,STRONG_DOWN,65.89,226.22,27.12,-28.44,53.01,58.98,0.434,LOW,-,21.3,21.982,16.7447,1,203.3222,TREND+LEAD,46.4683
122,65,HOOD,Robinhood Markets,Financials,Investment Banking & Brokerage,large,87.32,1.5946,1.2097,1.0789,0.7177,STRONG_UP,-35.29,114.76,404.45,-57.26,53.41,76.26,2.2623,HIGH,SHIFT,71.6275,75.3364,107.3925,0,80.3717,WEAK,46.1686
123,-18,MYE,MYERS INDUSTRIES INC,Materials,,small,21.45,1.754,0.9348,0.9688,1.0785,STRONG_DOWN,35.85,136.23,7.5,-12.38,56.63,33.23,0.421,LOW,-,21.252,21.5613,18.1385,1,232.1625,TREND+LEAD,45.9178
124,-3,TPR,"Tapestry, Inc.",Consumer Discretionary,"Apparel, Accessories & Luxury Goods",large,151.37,1.8136,0.9634,1.0106,1.1211,STRONG_DOWN,31.0,144.25,285.88,-15.71,59.44,40.31,0.4709,LOW,-,144.601,147.4659,120.5426,1,212.7109,TREND+LEAD,45.8978
125,0,AAMI,ACADIAN ASSET MANAGEMENT INC,Financials,,small,66.69,1.8638,1.0472,1.2471,1.2463,FLAT,40.32,151.02,194.54,-18.2,58.23,40.3,0.9202,LOW,-,56.323,53.8988,48.1639,1,218.2088,TREND+LEAD,45.4213
126,1,VSCO,VICTORIA S SECRET,Consumer Discretionary,,mid,49.56,2.3558,0.9341,1.0293,0.7954,FLAT,68.23,217.29,190.16,-35.55,52.61,63.25,0.6826,LOW,-,47.1265,52.8906,39.4758,1,180.7335,TREND+LEAD,45.1862
127,-9,CECO,CECO ENVIRONMENTAL CORP,Industrials,,mid,64.69,2.4382,0.9665,1.0515,0.9682,FLAT,35.17,228.38,175.98,-35.08,55.42,69.96,0.4648,LOW,-,61.1445,63.6238,53.5859,1,180.9116,TREND+LEAD,45.1566
128,2,UCTT,ULTRA CLEAN HOLDINGS INC,Information Technology,,mid,76.08,3.0079,1.0154,1.2408,1.8208,STRONG_DOWN,171.91,305.11,75.22,-29.74,54.22,86.91,0.5396,LOW,-,65.4045,59.7092,35.6284,1,190.3482,TREND+LEAD,44.7789
129,23,RGTI,RIGETTI COMPUTING INC,Information Technology,,mid,19.11,1.7199,1.2972,1.126,0.7308,STRONG_UP,-65.95,131.64,1479.34,-77.1,49.4,90.69,2.582,HIGH,SHIFT,14.8805,16.0153,22.5761,0,71.704,WEAK,44.5405
130,-39,JNJ,Johnson & Johnson,Health Care,Pharmaceuticals,large,238.67,1.1835,0.9608,0.958,1.0799,FLAT,26.52,59.39,75.28,-7.22,55.42,15.06,0.5759,LOW,-,239.5915,240.9377,200.2695,1,218.5584,TREND+LEAD,44.4523
131,64,BK,BNY Mellon,Financials,Asset Management & Custody Banks,large,131.96,1.321,0.9969,1.0861,1.0464,FLAT,24.36,77.92,156.2,-10.15,62.25,25.94,1.0889,MED,-,121.446,119.8146,110.5111,1,186.9864,TREND+LEAD,44.3915
132,0,LQDA,LIQUIDIA CORP,Health Care,,mid,40.12,2.1776,0.9666,1.0403,0.9868,FLAT,76.2,193.27,195.43,-37.82,54.22,61.0,0.5591,LOW,-,37.3665,36.9322,29.3544,1,171.7928,TREND+LEAD,44.1179
133,-44,ANAB,ANAPTYSBIO INC,Health Care,,small,67.89,2.6447,0.9622,0.9643,1.3287,STRONG_DOWN,113.16,256.19,218.13,-28.15,52.21,65.87,0.4381,LOW,-,63.3083,58.9796,39.589,1,203.0626,TREND+LEAD,43.9104
134,-23,HLIO,HELIOS TECHNOLOGIES INC,Industrials,,mid,67.44,1.9433,0.9065,0.9945,1.0792,STRONG_DOWN,36.21,161.72,49.87,-17.07,50.6,39.87,0.7828,LOW,-,66.8283,69.0768,56.071,1,205.2452,TREND+LEAD,43.4906
135,-18,PRIM,PRIMORIS SERVICES CORP,Industrials,,mid,162.52,2.0958,0.9643,1.1062,1.1609,STRONG_DOWN,15.73,182.27,267.79,-21.91,56.63,52.54,0.6534,LOW,-,149.411,150.2445,128.8877,1,196.4559,TREND+LEAD,43.3436
136,-1,FN,FABRINET,Information Technology,,large,685.81,2.7274,1.0775,1.3109,1.4141,STRONG_DOWN,82.77,267.33,296.77,-20.55,57.83,83.12,0.6746,LOW,-,578.745,541.7676,431.8095,1,185.9943,TREND+LEAD,43.2598
137,33,FIGS,FIGS INC CLASS A,Consumer Discretionary,,mid,15.39,2.8007,1.0324,1.0215,1.2307,FLAT,113.16,277.21,230.26,-21.73,51.41,75.31,0.6749,LOW,-,14.6055,13.6474,9.7648,1,189.2332,TREND+LEAD,43.1897
138,33,AMD,Advanced Micro Devices,Information Technology,Semiconductors,large,258.12,2.1707,1.0596,1.2567,1.1355,FLAT,18.35,192.35,57.91,-27.76,55.02,63.52,0.6268,LOW,-,219.1275,209.8478,201.0591,1,166.6146,TREND+LEAD,42.9719
139,30,SENEA,SENECA FOODS CORP CLASS A,Consumer Staples,,small,156.01,1.3995,0.9206,1.0402,1.3136,STRONG_DOWN,32.86,88.49,174.81,-17.28,58.23,30.82,2.032,HIGH,-,153.5635,141.2138,118.3456,1,167.182,TREND+LEAD,42.7115
140,-3,INSW,INTERNATIONAL SEAWAYS INC,Energy,,mid,74.49,1.8753,0.9654,1.0837,1.3379,STRONG_DOWN,80.41,152.56,72.73,-13.84,54.22,40.6,0.7301,LOW,-,72.3608,68.3236,51.092,1,203.7412,TREND+LEAD,42.3474
141,33,SITM,SITIME CORP,Information Technology,,mid,454.15,2.5983,1.0847,1.2545,1.2792,STRONG_DOWN,57.25,249.94,477.21,-29.39,55.82,78.8,0.538,LOW,-,370.251,380.0134,307.6313,1,177.0502,TREND+LEAD,42.1065
142,-8,DAVE,DAVE INC CLASS A,Financials,,mid,230.0,2.0783,1.2284,1.0458,1.2199,FLAT,6.36,179.91,548.16,-44.67,54.62,77.48,1.2502,MED,-,189.8528,190.6136,207.8474,1,126.8269,TREND+LEAD,42.0322
143,17,MSGE,MADISON SQUARE GARDEN ENTERTAINMEN,Communication,,mid,60.8,1.5013,0.9698,1.0099,0.9859,FLAT,37.87,102.19,58.13,-13.43,56.63,29.25,0.4708,LOW,-,58.7895,59.686,49.6241,1,197.8563,TREND+LEAD,41.9178
144,110,HAS,Hasbro,Consumer Discretionary,Leisure Products,large,93.93,1.3925,0.9805,0.9624,1.0891,FLAT,30.51,87.54,84.73,-15.8,53.82,32.71,1.5828,HIGH,-,91.5895,95.2657,82.4384,1,144.0323,TREND+LEAD,41.8163
145,-2,OUT,OUTFRONT MEDIA INC,Real Estate,,mid,29.07,1.6155,0.9621,1.0196,1.1963,STRONG_DOWN,70.32,117.58,119.04,-11.25,53.82,30.93,0.6257,LOW,-,27.468,27.0391,21.5319,1,204.5985,TREND+LEAD,41.6729
146,5,VLO,Valero Energy,Energy,Oil & Gas Refining & Marketing,large,235.0,1.6766,0.971,0.9519,1.2469,FLAT,46.7,125.81,47.4,-14.19,55.02,36.92,0.6214,LOW,-,242.136,222.803,176.1601,1,187.4851,TREND+LEAD,41.6038
147,2,NBR,NABORS INDUSTRIES LTD,Energy,,small,80.84,2.0863,0.947,0.9676,1.2532,STRONG_DOWN,101.65,180.99,7.93,-24.17,53.82,50.06,0.602,LOW,-,83.3415,78.252,53.3488,1,194.581,TREND+LEAD,41.4111
148,-22,KALU,KAISER ALUMINIUM CORP,Materials,,mid,138.03,1.95,0.944,1.1035,1.0698,FLAT,75.35,162.63,,-26.03,55.42,51.53,0.8691,LOW,-,125.707,129.0338,101.0416,1,174.9042,TREND+LEAD,41.3951
149,5,EWTX,EDGEWISE THERAPEUTICS INC,Health Care,,mid,33.7,1.9203,0.9766,1.056,1.1767,STRONG_DOWN,129.25,158.63,102.65,-25.43,51.41,51.61,1.245,MED,-,31.8665,30.5332,21.4824,1,158.0192,TREND+LEAD,41.3815
150,-21,CORZ,CORE SCIENTIFIC INC,Information Technology,,mid,19.08,2.1497,1.0308,1.1106,1.0473,FLAT,0.74,189.53,601.47,-40.74,56.22,70.25,0.8182,LOW,-,16.6965,16.7775,16.4355,1,151.6776,TREND+LEAD,41.2901
151,-23,COHU,COHU INC,Information Technology,,small,38.95,2.0761,1.0688,1.289,1.3629,STRONG_DOWN,79.74,179.61,27.83,-20.23,56.22,51.16,0.6033,LOW,-,32.772,31.099,24.5969,1,197.377,TREND+LEAD,41.2218
152,-8,ZYME,ZYMEWORKS INC,Health Care,,small,27.73,1.8302,0.9849,1.1024,1.1079,STRONG_DOWN,52.11,146.49,210.53,-20.28,54.22,40.12,0.982,LOW,-,25.2738,24.2191,20.1632,1,197.9718,TREND+LEAD,41.2007
153,-39,SEI,SOLARIS OILFIELD INFRASTRUCTURE IN,Energy,,mid,66.05,2.729,1.0516,0.999,1.252,FLAT,25.79,267.54,729.98,-26.43,51.81,81.08,0.5485,LOW,-,60.3305,55.3422,44.9602,1,170.9595,TREND+LEAD,41.1383
154,-39,CDE,COEUR MINING INC,Materials,,large,19.67,2.3293,0.9689,0.8935,0.932,FLAT,-6.29,213.72,350.11,-40.44,53.01,87.18,0.5965,LOW,-,18.7215,21.2456,17.1469,1,129.9506,TREND+LEAD,40.996
155,-10,LEU,CENTRUS ENERGY CORP CLASS A,Energy,,mid,197.79,2.2542,1.0664,0.885,0.6325,STRONG_UP,-50.07,203.59,374.77,-61.35,52.61,90.13,0.6953,LOW,PROGRESS,188.256,204.5778,251.2076,0,118.839,WEAK,40.9619
156,-15,TDW,TIDEWATER INC,Energy,,mid,83.61,1.9238,0.9262,1.0495,1.3942,STRONG_DOWN,69.15,159.1,-9.32,-25.16,53.82,47.87,0.7529,LOW,-,81.8785,77.498,60.1652,1,178.8699,TREND+LEAD,40.9469
157,-4,EME,Emcor,Industrials,Construction & Engineering,large,803.64,1.5636,0.9753,1.0542,1.1964,STRONG_DOWN,19.33,110.59,133.65,-25.15,59.04,39.28,0.7618,LOW,-,761.454,757.4168,664.8757,1,166.2266,TREND+LEAD,40.8043
158,-18,INTC,Intel,Information Technology,Semiconductors,large,64.94,2.5074,1.0221,1.4087,1.3111,FLAT,82.26,237.7,80.96,-24.17,52.21,77.28,0.8486,LOW,-,51.098,48.2074,36.8234,1,160.59,TREND+LEAD,40.733
159,99,LIVN,LIVANOVA PLC,Health Care,,mid,65.14,1.3791,0.9985,0.9972,1.0528,FLAT,23.44,85.74,22.49,-17.66,51.0,30.3,1.5751,HIGH,-,63.4395,64.814,57.4935,1,144.3196,TREND+LEAD,40.7164
160,3,UEC,URANIUM ENERGY CORP,Energy,,mid,14.82,2.2829,1.05,1.0124,0.848,STRONG_UP,-5.36,207.47,109.62,-39.97,52.21,75.47,0.9021,LOW,-,13.38,14.477,12.828,1,143.5266,TREND+LEAD,40.5435
161,12,OUST,OUSTER INC,Information Technology,,small,24.44,2.6261,1.1853,1.092,0.8663,STRONG_UP,-32.41,253.69,227.18,-55.15,51.41,85.73,0.9281,LOW,-,20.163,20.131,25.1819,0,152.1313,WEAK,40.4866
162,-29,TXG,10X GENOMICS INC CLASS A,Health Care,,mid,25.35,2.344,1.0706,1.3393,1.1919,FLAT,119.67,215.69,-17.69,-28.03,51.0,66.76,0.9433,LOW,-,21.302,20.3434,16.3172,1,164.7731,TREND+LEAD,40.2627
163,29,IONQ,IONQ INC,Information Technology,,large,43.25,1.307,1.4962,1.2409,0.8361,STRONG_UP,-44.23,76.03,475.13,-67.61,46.99,106.44,3.7113,HIGH,SHIFT,30.7735,33.0724,46.4468,0,33.5639,WEAK,40.1839
164,-18,AGX,ARGAN INC,Industrials,,mid,606.43,3.0515,0.9668,1.2237,1.8796,STRONG_DOWN,102.29,310.98,912.27,-24.96,56.63,102.56,0.401,LOW,-,535.5555,470.1328,329.4261,1,171.7109,TREND+LEAD,40.1764
165,-3,PBF,PBF ENERGY INC CLASS A,Energy,,mid,40.53,2.1021,0.9709,0.8695,1.2394,FLAT,40.07,183.12,-24.32,-34.86,56.22,66.98,0.5385,LOW,-,45.859,40.905,31.9526,1,153.6992,TREND+LEAD,40.0433
166,-9,PWR,Quanta Services,Industrials,Construction & Engineering,large,591.82,1.6324,0.9877,0.9897,1.3322,STRONG_DOWN,37.19,119.85,138.53,-11.66,57.03,36.21,0.8603,LOW,-,567.918,552.2089,452.5458,1,188.7638,TREND+LEAD,40.0198
167,79,RIOT,RIOT PLATFORMS INC,Information Technology,,mid,17.42,2.0337,1.0139,1.1341,0.9899,FLAT,-21.5,173.9,116.13,-48.57,52.21,97.92,1.636,HIGH,-,14.5953,14.927,15.4182,1,92.7215,TREND+LEAD,39.9663
168,22,NXT,NEXTPOWER INC CLASS A,Industrials,,large,110.12,2.0585,0.9417,0.8638,1.1437,FLAT,26.65,177.24,152.05,-23.27,52.61,68.1,1.1636,MED,-,116.445,115.3559,89.3738,1,136.9256,TREND+LEAD,39.9282
169,-3,NAT,NORDIC AMERICAN TANKERS LTD,Energy,,small,5.89,1.8964,0.9632,1.0723,1.4714,STRONG_DOWN,90.99,155.41,80.33,-14.01,54.62,43.14,0.816,LOW,-,5.7435,5.2179,3.7332,1,196.7671,TREND+LEAD,39.8909
170,-20,C,Citigroup,Financials,Diversified Banks,large,131.69,1.6155,1.024,1.1685,1.1583,FLAT,33.38,117.57,145.14,-14.76,58.23,38.84,0.7818,LOW,-,116.688,114.3058,104.169,1,176.27,TREND+LEAD,39.7895
171,1,RIG,TRANSOCEAN LTD,Energy,,mid,6.15,2.1141,0.9107,0.8933,1.3811,FLAT,97.12,184.72,4.06,-23.19,54.62,59.5,0.5162,LOW,-,6.5495,6.273,4.2642,1,169.5719,TREND+LEAD,39.7408
172,165,MLYS,MINERALYS THERAPEUTICS INC,Health Care,,mid,30.42,1.6731,1.0876,1.162,0.8955,FLAT,-28.93,125.33,152.03,-51.66,46.99,66.91,2.546,HIGH,-,25.833,27.4116,30.1485,1,88.0199,TREND+LEAD,39.6805
173,77,GCT,GIGACLOUD TECHNOLOGY INC CLASS A,Consumer Discretionary,,small,46.57,2.8695,0.9728,1.0341,1.117,STRONG_DOWN,70.27,286.47,32.72,-23.85,52.21,93.06,1.132,MED,-,43.8275,41.4016,33.6691,1,160.7216,TREND+LEAD,39.5823
174,2,MPWR,Monolithic Power Systems,Information Technology,Semiconductors,large,1353.0,1.9286,0.9851,1.2147,1.3557,STRONG_DOWN,40.25,159.74,109.57,-22.45,53.82,52.42,0.7526,LOW,-,1171.003,1148.9642,964.58,1,164.0081,TREND+LEAD,39.5629
175,-39,MOD,MODINE MANUFACTURING,Industrials,,large,238.14,2.3441,0.9578,1.1607,1.8732,STRONG_DOWN,54.99,215.71,163.55,-27.55,53.01,75.11,0.87,LOW,-,222.861,216.4542,157.9746,1,152.2405,TREND+LEAD,39.4749
176,20,RCUS,ARCUS BIOSCIENCES INC,Health Care,,mid,23.7,2.2417,0.9889,1.0027,0.9492,FLAT,51.73,201.91,49.34,-27.78,55.82,70.36,0.7943,LOW,-,21.981,21.5526,17.6162,1,160.1857,TREND+LEAD,39.3633
177,2,CFG,Citizens Financial Group,Financials,Regional Banks,large,65.19,1.4149,0.9747,1.0913,1.0775,FLAT,27.88,90.56,117.13,-18.32,57.43,31.19,0.7229,LOW,-,60.6555,61.6644,54.7367,1,166.7529,TREND+LEAD,39.2536
178,-31,LGND,LIGAND PHARMACEUTICALS INC,Health Care,,mid,225.09,1.5975,1.0633,1.0196,1.1265,FLAT,24.41,115.15,181.64,-13.21,53.41,38.2,1.3155,MED,-,206.0155,200.601,180.4576,1,160.9991,TREND+LEAD,39.1575
179,15,STT,State Street Corporation,Financials,Asset Management & Custody Banks,large,142.74,1.3682,1.0012,1.1298,1.0491,FLAT,25.33,84.28,107.97,-11.79,63.45,30.01,0.7486,LOW,-,129.451,127.6503,118.8665,1,178.1847,TREND+LEAD,38.9921
180,-42,INSM,Insmed Incorporated,Health Care,Biotechnology,large,146.74,1.552,0.8932,0.9744,0.883,FLAT,-9.07,109.03,461.15,-35.67,55.82,45.02,0.883,LOW,EARLY,152.193,150.195,152.8901,0,135.1873,WEAK,38.9698
181,-16,CMRE,COSTAMARE INC,Industrials,,mid,17.24,1.4732,0.9658,0.9902,1.0309,STRONG_DOWN,56.44,98.41,64.64,-26.33,57.03,33.59,0.4669,LOW,-,17.1285,16.9254,13.8912,1,167.0756,TREND+LEAD,38.9502
182,-60,MIRM,MIRUM PHARMACEUTICALS INC,Health Care,,mid,96.4,1.8471,0.9464,0.9543,1.046,STRONG_DOWN,31.55,148.77,301.5,-20.55,55.82,47.57,0.5385,LOW,-,92.927,95.686,77.0703,1,174.5759,TREND+LEAD,38.9101
183,21,DXPE,DXP ENTERPRISES INC,Industrials,,mid,151.75,1.416,0.9721,1.0894,1.2914,STRONG_DOWN,21.9,90.71,189.21,-32.99,53.82,41.68,2.4209,HIGH,-,142.338,142.7948,119.4108,1,117.1341,TREND+LEAD,38.7474
184,-26,NG,NOVAGOLD RESOURCES INC,Materials,,mid,9.96,2.4569,1.0359,0.9773,0.9447,STRONG_UP,0.81,230.9,,-45.56,53.82,99.99,0.4449,LOW,-,8.795,10.189,8.5543,1,124.2812,TREND+LEAD,38.6874
185,-37,MRVL,Marvell Technology,Technology,Semiconductors,large,134.6,1.9297,1.0907,1.4176,1.6311,STRONG_DOWN,56.3,159.9,98.32,-26.36,52.61,64.96,1.1581,MED,-,105.9982,91.5261,83.4433,1,129.4969,TREND+LEAD,38.6091
186,-3,ADI,Analog Devices,Information Technology,Semiconductors,large,347.94,1.4909,0.9619,1.0602,1.1521,STRONG_DOWN,48.79,100.79,87.79,-15.73,55.02,32.09,0.6138,LOW,-,325.728,329.2563,271.1358,1,172.8085,TREND+LEAD,38.5264
187,-20,ENS,ENERSYS,Industrials,,mid,194.0,1.7691,0.9942,1.1273,1.1732,STRONG_DOWN,62.96,138.27,119.15,-20.08,59.84,47.89,0.3965,LOW,-,178.5425,173.0988,135.2553,1,172.7716,TREND+LEAD,38.4568
188,0,DBD,DIEBOLD NIXDORF INC,Information Technology,,mid,84.82,1.4977,0.9749,1.1145,1.1979,STRONG_DOWN,48.29,101.71,155.64,-13.97,57.03,35.93,1.1447,MED,-,78.2075,77.22,65.7499,1,161.4431,TREND+LEAD,38.4568
189,-7,MCHP,Microchip Technology,Information Technology,Semiconductors,large,74.49,1.501,1.016,1.1022,0.9869,FLAT,17.03,102.15,-8.5,-34.41,50.6,39.76,0.7457,LOW,-,66.9365,70.3838,66.5113,1,130.0054,TREND+LEAD,38.4117
190,-5,SNDX,SYNDAX PHARMACEUTICALS INC,Health Care,,mid,24.33,1.6348,0.9545,0.9783,1.1162,STRONG_DOWN,58.92,120.18,14.33,-38.3,52.21,43.11,0.9497,LOW,-,24.1475,22.6538,17.6687,1,145.5497,TREND+LEAD,38.3425
191,20,KSS,KOHLS CORP,Consumer Discretionary,,small,14.3,1.7959,1.0139,1.0877,0.7357,FLAT,-6.26,141.88,-25.9,-50.57,49.4,53.6,1.0129,MED,-,12.9895,15.1153,15.9014,0,130.7587,WEAK,38.3272
192,-37,APA,APA Corporation,Energy,Oil & Gas Exploration & Production,large,36.6,1.8595,0.9123,0.9752,1.3617,STRONG_DOWN,63.08,150.43,22.8,-17.55,51.81,46.69,0.8022,LOW,-,40.357,34.1454,25.5379,1,166.9293,TREND+LEAD,38.2731
193,-9,TVTX,TRAVERE THERAPEUTICS INC,Health Care,,mid,40.95,2.0868,1.2652,1.4099,1.3923,FLAT,56.66,181.06,565.85,-34.61,53.82,92.24,2.0618,HIGH,-,30.369,29.6926,27.2689,1,105.6427,TREND+LEAD,38.2514
194,32,MS,Morgan Stanley,Financials,Investment Banking & Brokerage,large,191.62,1.3545,1.0448,1.1604,1.0484,FLAT,24.79,82.42,128.06,-18.83,59.84,35.64,1.2488,MED,-,168.7115,168.9718,161.7591,1,138.3905,TREND+LEAD,38.1382
195,105,ACLS,AXCELIS TECHNOLOGIES INC,Information Technology,,mid,117.88,1.9616,1.0579,1.3231,1.2438,FLAT,46.65,164.19,13.0,-26.2,52.61,64.05,1.1867,MED,-,98.371,90.4602,85.175,1,134.861,TREND+LEAD,38.015
196,-5,SLS,SELLAS LIFE SCIENCES GROUP INC,Health Care,,small,4.91,2.8482,0.9445,0.9311,1.1751,FLAT,139.51,283.59,261.03,-36.53,50.2,91.53,0.3958,LOW,-,4.7415,4.65,2.8003,1,155.5381,TREND+LEAD,37.845
197,26,PUMP,PROPETRO HOLDING CORP,Energy,,small,14.49,2.073,1.0312,0.9453,1.3587,FLAT,183.01,179.19,77.36,-32.74,48.59,54.05,0.8895,LOW,-,14.267,12.9908,8.8497,1,161.0893,TREND+LEAD,37.7717
198,9,PTGX,PROTAGONIST THERAPEUTICS INC,Health Care,,mid,105.44,1.7094,0.984,1.0364,1.2169,STRONG_DOWN,37.04,130.22,303.83,-16.38,56.22,42.18,0.9107,LOW,-,101.7052,93.8187,76.7955,1,173.5627,TREND+LEAD,37.5387
199,2,VTRS,Viatris,Health Care,Pharmaceuticals,large,13.86,1.4575,0.9892,0.9599,1.0456,FLAT,42.4,96.29,36.18,-18.97,56.63,34.99,0.6419,LOW,-,13.4685,14.3079,11.3996,1,155.8458,TREND+LEAD,37.5378
200,-7,JBL,Jabil,Information Technology,Electronic Manufacturing Services,large,304.95,1.694,1.0109,1.1109,1.2433,STRONG_DOWN,52.13,128.15,131.9,-17.86,58.23,46.04,0.7338,LOW,-,275.9815,264.5391,230.1439,1,162.0814,TREND+LEAD,37.4897
201,-26,SDRL,SEADRILL LTD,Energy,,mid,45.97,1.7621,0.9377,0.9737,1.2817,STRONG_DOWN,56.95,137.33,-10.14,-16.54,53.41,42.42,0.5042,LOW,-,45.899,43.9296,34.6445,1,172.9036,TREND+LEAD,37.4635
202,0,CMI,Cummins,Industrials,Construction Machinery & Heavy Transportation Equipment,large,601.46,1.6213,0.9562,1.0581,1.0503,FLAT,45.47,118.36,112.5,-15.23,57.03,41.61,0.7305,LOW,-,562.2005,569.9161,473.3756,1,162.2286,TREND+LEAD,37.4233
203,15,IVZ,Invesco,Financials,Asset Management & Custody Banks,large,24.71,1.511,1.0184,0.9952,0.8673,STRONG_UP,7.16,103.5,77.73,-22.03,57.03,41.02,0.6019,LOW,-,23.8065,24.8153,23.4429,1,143.8946,TREND+LEAD,37.4177
204,-27,HWM,Howmet Aerospace,Industrials,Aerospace & Defense,large,254.04,1.5258,0.9713,1.0106,1.1352,STRONG_DOWN,31.76,105.49,298.97,-15.89,56.22,35.79,0.4983,LOW,-,240.218,243.0786,206.2309,1,165.7068,TREND+LEAD,37.3334
205,4,STNG,SCORPIO TANKERS INC,Energy,,mid,73.96,1.6492,0.9452,1.0662,1.2341,STRONG_DOWN,39.3,122.12,9.91,-23.26,55.02,41.59,0.647,LOW,-,73.7275,72.3909,58.101,1,161.5543,TREND+LEAD,37.1948
206,42,DYN,DYNE THERAPEUTICS INC,Health Care,,mid,19.98,1.8946,1.0025,1.0234,1.1262,STRONG_DOWN,29.32,155.17,-18.88,-44.65,50.2,71.94,1.1932,MED,-,18.396,17.3352,15.9598,1,108.2799,TREND+LEAD,37.1737
207,1,ROG,ROGERS CORP,Information Technology,,small,117.8,1.66,0.9903,1.1146,1.1628,STRONG_DOWN,40.61,123.57,7.34,-14.4,53.82,36.77,0.5885,LOW,-,108.876,107.3208,88.6675,1,180.8713,TREND+LEAD,36.9781
208,-5,LIND,LINDBLAD EXPEDITIONS HOLDINGS INC,Consumer Discretionary,,small,20.05,1.8797,1.024,1.0778,1.1746,STRONG_DOWN,64.08,153.16,175.41,-23.67,55.42,49.72,0.7024,LOW,-,18.092,18.6806,14.6518,1,170.7147,TREND+LEAD,36.9394
209,-28,APH,Amphenol,Information Technology,Electronic Components,large,146.98,1.6968,1.037,1.0417,0.9871,FLAT,20.32,128.53,165.36,-28.19,59.84,57.86,0.5379,LOW,-,131.467,136.801,127.7607,1,132.9309,TREND+LEAD,36.8772
210,-24,VERA,VERA THERAPEUTICS INC CLASS A,Health Care,,mid,43.45,1.5189,1.0312,1.0561,0.8828,FLAT,43.4,104.57,2.07,-39.83,50.6,48.71,1.1016,MED,-,40.8967,41.2849,34.1223,1,108.6242,TREND+LEAD,36.5981
211,178,AEO,AMERICAN EAGLE OUTFITTERS INC,Consumer Discretionary,,mid,19.42,1.4483,1.0244,1.066,0.7489,FLAT,23.91,95.05,-7.21,-42.74,49.4,53.97,1.8084,HIGH,-,17.2136,20.1494,18.2765,1,87.0034,TREND+LEAD,36.4066
212,16,HG,HAMILTON INSURANCE GROUP LTD CLASS,Financials,,mid,31.14,1.3483,0.9689,1.0182,1.2392,STRONG_DOWN,35.35,81.59,142.34,-8.08,55.02,24.84,0.4961,LOW,-,29.8595,29.0731,24.6031,1,180.7251,TREND+LEAD,36.401
213,22,CALY,CALLAWAY GOLF COMPANY,Consumer Discretionary,,mid,13.93,1.6818,0.9332,0.9704,0.9385,FLAT,48.35,126.5,-10.71,-24.56,53.01,51.68,1.2156,MED,-,13.82,13.9226,11.3752,1,129.7597,TREND+LEAD,36.3561
214,-36,OIS,OIL STATES INTERNATIONAL INC,Energy,,small,10.8,2.3447,0.9123,0.8419,1.3051,FLAT,82.74,215.79,93.9,-24.95,53.01,71.58,0.603,LOW,-,11.6635,11.4478,7.5509,1,159.8072,TREND+LEAD,36.3102
215,0,AUPH,AURINIA PHARMACEUTICALS INC,Health Care,,mid,16.05,1.5537,0.9769,1.0601,1.0366,FLAT,42.92,109.26,221.0,-15.91,51.0,34.2,0.778,LOW,-,15.082,14.7044,13.3248,1,162.9269,TREND+LEAD,36.2749
216,9,NTRS,Northern Trust,Financials,Asset Management & Custody Banks,large,156.07,1.3588,0.9933,1.0905,1.0621,FLAT,22.38,83.01,107.69,-12.39,56.63,29.01,0.6005,LOW,-,143.3745,143.456,133.932,1,162.0341,TREND+LEAD,36.235
217,-7,LINC,LINCOLN EDUCATIONAL SERVICES CORP,Consumer Discretionary,,small,40.13,1.7323,0.9687,0.9707,1.5701,STRONG_DOWN,84.0,133.31,309.49,-27.35,57.43,46.92,0.6344,LOW,-,40.407,35.749,25.5916,1,163.176,TREND+LEAD,36.1915
218,-16,KTOS,KRATOS DEFENSE AND SECURITY SOLUTI,Industrials,,large,74.66,1.6662,1.0614,0.7487,0.6044,STRONG_UP,-21.66,124.41,323.48,-50.06,56.63,83.45,0.8062,LOW,EARLY,75.5625,85.1556,79.7491,0,84.4234,WEAK,35.9753
219,-39,ICHR,ICHOR HOLDINGS LTD,Information Technology,,small,64.33,2.7982,1.1318,1.2911,2.2664,STRONG_DOWN,215.03,276.86,63.73,-40.8,57.03,108.5,0.8247,LOW,-,51.099,46.6332,26.7033,1,145.5237,TREND+LEAD,35.9482
220,-22,CBL,CBL ASSOCIATES PROPERTIES INC,Real Estate,,small,42.32,1.4383,0.9672,1.0793,1.1179,STRONG_DOWN,49.69,93.72,131.17,-12.31,55.82,29.55,0.656,LOW,-,39.4833,37.7648,32.4865,1,177.0324,TREND+LEAD,35.8214
221,16,PLUG,PLUG POWER INC,Industrials,,mid,2.93,2.3647,1.0387,1.2019,1.2264,STRONG_DOWN,-27.65,218.48,8.52,-56.66,44.58,95.35,0.7638,LOW,-,2.4645,2.2088,2.1808,1,102.1475,TREND+LEAD,35.7725
222,-23,BKD,BROOKDALE SENIOR LIVING INC,Health Care,,mid,14.07,1.6556,0.9925,0.9242,1.2423,FLAT,60.98,122.98,123.33,-20.1,57.83,46.43,0.4422,LOW,-,13.8485,14.7106,10.5851,1,153.1746,TREND+LEAD,35.7616
223,-9,KW,KENNEDY WILSON HOLDINGS INC,Real Estate,,small,10.9,1.2842,0.975,0.9672,1.1039,FLAT,46.61,72.96,49.59,-17.27,49.8,21.72,0.2557,LOW,-,10.8329,10.6056,8.9819,1,167.2732,TREND+LEAD,35.7286
224,-60,ANDE,ANDERSONS INC,Consumer Staples,,mid,70.63,1.421,0.9244,0.9679,1.2049,STRONG_DOWN,67.36,91.38,27.61,-17.38,55.02,30.9,0.6644,LOW,-,71.9207,68.6014,51.1282,1,162.714,TREND+LEAD,35.7053
225,60,SXI,STANDEX INTERNATIONAL CORP,Industrials,,mid,267.01,1.4693,0.9513,0.9994,1.0647,STRONG_DOWN,16.41,97.89,60.03,-12.72,53.41,35.01,1.2841,MED,-,259.91,257.4212,224.7862,1,149.3414,TREND+LEAD,35.61
226,-11,TXNM,TXNM ENERGY INC,Utilities,,mid,59.03,0.8584,0.9709,0.9651,0.9895,FLAT,5.3,15.61,75.41,-3.54,52.21,4.43,0.6337,LOW,-,58.6855,58.8666,57.3067,1,183.9643,TREND_ONLY,35.4955
227,-10,ACMR,ACM RESEARCH CLASS A INC,Information Technology,,mid,49.79,1.8737,1.0297,1.0052,0.97,STRONG_UP,30.65,152.36,72.64,-46.34,57.43,82.21,0.5598,LOW,-,44.3797,52.1087,40.0241,1,106.4329,TREND+LEAD,35.4351
228,3,ELVN,ENLIVEN THERAPEUTICS INC,Health Care,,mid,43.95,2.0307,0.9364,1.5115,1.6595,STRONG_DOWN,118.66,173.49,135.15,-36.84,50.6,67.27,0.7436,LOW,-,38.146,32.2216,23.5016,1,130.4986,TREND+LEAD,35.4165
229,-17,FDX,FedEx,Industrials,Air Freight & Logistics,large,364.92,1.3606,0.9403,0.9834,1.1494,STRONG_DOWN,56.93,83.25,43.75,-11.67,54.22,27.53,0.8482,LOW,-,359.883,365.8695,281.1513,1,163.9664,TREND+LEAD,35.4028
230,-10,CRC,CALIFORNIA RESOURCES CORP,Energy,,mid,64.93,1.4375,0.9556,0.9704,1.3307,STRONG_DOWN,36.64,93.6,25.3,-24.04,53.82,33.43,0.365,LOW,-,66.235,61.7816,51.4267,1,150.6874,TREND+LEAD,35.3359
231,8,KLIC,KULICKE AND SOFFA INDUSTRIES INC,Information Technology,,mid,79.84,2.0611,1.0098,1.1535,1.3936,STRONG_DOWN,100.87,177.59,74.62,-17.99,56.22,63.22,0.8894,LOW,-,69.1878,68.2882,48.2841,1,157.928,TREND+LEAD,35.3297
232,-26,REX,REX AMERICAN RESOURCES CORP,Energy,,small,43.11,1.6178,0.9457,1.0005,1.2696,STRONG_DOWN,31.15,117.89,57.77,-9.83,57.83,38.78,0.4081,LOW,-,43.49,39.019,32.9227,1,175.8049,TREND+LEAD,35.2592
233,3,RMBS,RAMBUS INC,Information Technology,,large,120.02,1.9406,1.1042,1.2268,1.1733,FLAT,26.54,161.37,104.39,-36.69,53.41,80.98,0.6806,LOW,-,97.3985,97.532,92.1087,1,106.4293,TREND+LEAD,35.2273
234,0,NUE,Nucor,Materials,Steel,large,189.6,1.3117,1.0009,1.1218,1.0861,FLAT,37.82,76.66,1.84,-18.43,54.22,28.92,0.4663,LOW,-,171.9546,175.5794,155.2496,1,143.7318,TREND+LEAD,35.0705
235,-16,GS,Goldman Sachs,Financials,Investment Banking & Brokerage,large,899.49,1.366,0.9668,1.0652,0.9536,FLAT,17.9,83.97,136.45,-19.42,59.04,35.12,0.8663,LOW,-,854.3545,868.4346,811.8109,1,141.169,TREND+LEAD,35.0353
236,85,PDFS,PDF SOLUTIONS INC,Information Technology,,small,41.88,1.7851,1.0731,1.2078,1.2517,STRONG_DOWN,57.92,140.41,31.16,-24.65,54.22,54.46,1.4595,MED,-,35.4605,33.4682,27.788,1,139.7945,TREND+LEAD,34.9928
237,-69,PLOW,DOUGLAS DYNAMICS INC,Industrials,,small,44.97,1.4687,0.9378,1.0419,1.2206,STRONG_DOWN,49.32,97.8,124.32,-13.03,49.4,31.68,1.1795,MED,-,43.1295,42.6978,34.3777,1,152.5037,TREND+LEAD,34.9919
238,-33,PH,Parker Hannifin,Industrials,Industrial Machinery & Supplies & Components,large,963.76,1.2909,0.9524,1.0311,1.0145,FLAT,31.39,73.86,80.63,-15.79,57.03,28.37,0.5732,LOW,-,926.553,954.8479,835.5524,1,148.4796,TREND+LEAD,34.9899
239,103,LUMN,LUMEN TECHNOLOGIES INC,Communication,,mid,8.59,1.9445,1.1155,1.2056,1.0292,FLAT,25.04,161.89,545.86,-47.34,50.6,93.5,1.4266,MED,-,7.04,7.1752,6.8685,1,87.6112,TREND+LEAD,34.8778
240,41,IDYA,IDEAYA BIOSCIENCES INC,Health Care,,mid,32.18,1.4767,1.0084,0.8975,0.8548,STRONG_UP,18.88,98.89,-21.84,-20.05,53.01,48.17,1.8473,HIGH,-,31.891,32.4442,29.8705,1,108.8235,TREND+LEAD,34.8759
241,6,AXGN,AXOGEN INC,Health Care,,small,34.76,1.6566,1.0226,1.0144,1.1101,FLAT,119.03,123.11,396.57,-45.77,54.62,51.07,0.6507,LOW,-,32.591,32.611,24.1501,1,131.664,TREND+LEAD,34.6729
242,3,APGE,APOGEE THERAPEUTICS INC,Health Care,,mid,89.32,2.0699,1.0028,1.2221,1.0658,FLAT,70.56,178.78,76.31,-26.99,51.0,67.28,0.7304,LOW,-,80.376,73.8323,59.0224,1,135.5173,TREND+LEAD,34.583
243,232,TSLA,"Tesla, Inc.",Consumer Discretionary,Automobile Manufacturers,large,391.95,1.2048,1.1016,0.9382,0.8778,STRONG_UP,-8.69,62.26,149.47,-29.93,53.41,39.99,1.7891,HIGH,SHIFT,366.9775,391.1016,398.0117,0,83.1595,WEAK,34.5258
244,-22,ADEA,ADEIA INC,Information Technology,,mid,26.92,1.6912,0.9664,1.0967,1.3997,STRONG_DOWN,63.4,127.77,175.29,-34.81,50.2,49.78,0.6593,LOW,-,25.148,22.0936,16.9809,1,128.8474,TREND+LEAD,34.403
245,8,NUVB,NUVATION BIO INC CLASS A,Health Care,,small,4.82,1.9036,1.0112,1.047,0.7514,FLAT,35.77,156.38,71.53,-57.55,52.61,70.88,0.3293,LOW,-,4.4395,4.9452,4.7932,1,116.0738,TREND+LEAD,34.0888
246,41,VSH,VISHAY INTERTECHNOLOGY INC,Information Technology,,mid,23.76,1.6611,1.082,1.2844,1.3786,STRONG_DOWN,50.05,123.72,16.76,-33.46,55.02,52.95,0.768,LOW,-,19.184,18.8555,16.425,1,128.5556,TREND+LEAD,34.0148
247,2,LBRT,LIBERTY ENERGY INC CLASS A,Energy,,mid,27.78,1.8455,0.9921,0.8526,1.3686,FLAT,128.4,148.55,33.79,-26.19,50.6,56.34,0.3072,LOW,-,28.8505,27.8361,18.1696,1,133.4138,TREND+LEAD,33.876
248,70,NVDA,Nvidia,Information Technology,Semiconductors,large,198.87,1.4135,1.0504,1.0447,1.0682,FLAT,10.48,90.37,127.63,-20.21,55.42,37.64,0.9942,LOW,-,179.385,182.3816,181.3134,1,133.057,TREND+LEAD,33.85
249,16,ROST,Ross Stores,Consumer Discretionary,Apparel Retail,large,224.15,1.2121,0.9681,1.0241,1.1518,STRONG_DOWN,45.01,63.24,70.96,-17.68,57.43,25.32,0.6426,LOW,-,217.0905,207.724,170.9738,1,143.4471,TREND+LEAD,33.8298
250,-50,PLPC,PREFORMED LINE PRODUCTS,Industrials,,small,313.17,1.6635,0.9543,1.1814,1.2709,STRONG_DOWN,43.1,124.04,156.99,-22.33,58.23,53.07,1.1141,MED,-,286.9556,271.4736,218.0154,1,136.0985,TREND+LEAD,33.7642
251,-21,GTX,GARRETT MOTION INC,Consumer Discretionary,,mid,19.03,1.611,0.9524,1.0393,0.9885,FLAT,52.97,116.97,111.5,-19.87,49.4,40.48,0.6535,LOW,-,18.3465,18.841,15.7364,1,142.7415,TREND+LEAD,33.7241
252,11,FCX,Freeport-McMoRan,Materials,Copper,large,68.7,1.5453,1.0043,1.1303,1.1225,FLAT,64.68,108.12,42.36,-24.9,57.83,51.1,0.5432,LOW,-,60.1955,61.893,49.4957,1,122.3617,TREND+LEAD,33.6988
253,64,KEY,KeyCorp,Financials,Regional Banks,large,21.57,1.1904,0.9678,1.0793,1.0228,FLAT,22.3,60.32,66.66,-17.76,53.41,27.08,1.2227,MED,-,20.371,20.7495,19.107,1,118.9728,TREND+LEAD,33.6739
254,-33,AIR,AAR CORP,Industrials,,mid,122.75,1.7275,0.9691,1.0787,1.1945,STRONG_DOWN,48.02,132.66,100.83,-15.71,55.42,48.16,0.6289,LOW,-,113.3035,112.7468,89.9222,1,152.6551,TREND+LEAD,33.596
255,37,HLF,HERBALIFE LTD,Consumer Staples,,small,16.89,2.0097,1.0815,1.0381,1.0455,FLAT,93.69,170.67,105.72,-30.41,49.4,60.08,0.5994,LOW,-,14.9375,16.272,12.1872,1,140.3337,TREND+LEAD,33.5929
256,0,DIOD,DIODES INC,Information Technology,,mid,90.26,1.9561,1.0655,1.2955,1.5908,STRONG_DOWN,67.86,163.46,32.0,-27.44,52.61,74.2,1.3511,MED,-,73.93,69.1226,56.823,1,115.8951,TREND+LEAD,33.5909
257,-5,APEI,AMERICAN PUBLIC EDUCATION INC,Consumer Discretionary,,small,57.8,1.7845,0.966,0.9868,1.463,STRONG_DOWN,49.47,140.33,359.82,-22.3,57.03,52.12,0.6523,LOW,-,56.91,50.3056,38.6206,1,153.5528,TREND+LEAD,33.572
258,-29,LUNR,INTUITIVE MACHINES INC CLASS A,Industrials,,mid,23.88,2.3438,1.0558,1.2076,1.1887,FLAT,72.42,215.66,373.81,-41.88,53.01,130.33,1.0577,MED,-,20.803,18.8976,13.7809,1,87.7186,TREND+LEAD,33.5005
259,-19,FSLY,FASTLY INC CLASS A,Information Technology,,mid,23.38,3.2631,0.7709,0.9241,2.4983,STRONG_DOWN,189.71,339.47,85.11,-37.46,50.6,177.74,1.0424,MED,-,27.9425,21.6751,11.982,1,96.6432,TREND+LEAD,33.4305
260,113,ESPR,ESPERION THERAPEUTICS INC,Health Care,,small,2.17,1.6783,0.9669,0.7653,0.6608,STRONG_UP,-19.63,126.04,13.61,-49.75,50.2,72.85,3.086,HIGH,-,2.491,2.887,2.7394,0,86.8537,WEAK,33.3596
261,-102,WT,WISDOMTREE INC,Financials,,mid,17.09,1.5664,1.0474,1.0853,1.209,STRONG_DOWN,28.58,110.97,98.98,-26.67,55.02,45.12,0.5632,LOW,-,14.882,15.7728,13.658,1,135.3191,TREND+LEAD,33.353
262,106,JBHT,J.B. Hunt,Industrials,Cargo Ground Transportation,large,224.17,1.3491,0.9669,1.0706,1.0735,STRONG_DOWN,61.59,81.7,25.1,-15.87,51.0,33.13,1.4262,MED,-,213.247,218.1193,177.2714,1,125.7734,TREND+LEAD,33.3395
263,53,IBKR,Interactive Brokers,Financials,Investment Banking & Brokerage,large,79.69,1.5066,1.0762,1.1098,1.0998,FLAT,15.16,102.91,200.28,-18.7,57.03,44.17,0.9295,LOW,-,69.229,70.6854,67.0786,1,132.8705,TREND+LEAD,33.3324
264,0,JCI,Johnson Controls,Industrials,Building Products,large,137.21,1.3379,0.9396,0.9893,1.2073,STRONG_DOWN,27.62,80.19,119.28,-12.71,58.63,31.48,0.7028,LOW,-,135.2165,136.4512,117.4413,1,149.348,TREND+LEAD,33.1746
265,1,AHR,AMERICAN HEALTHCARE REIT INC,Real Estate,,mid,49.48,1.2406,0.9787,0.8965,1.0267,FLAT,20.53,67.08,307.18,-11.77,58.23,25.64,0.5635,LOW,-,48.2945,50.123,44.9732,1,152.3449,TREND+LEAD,33.1655
266,-25,KMT,KENNAMETAL INC,Industrials,,mid,38.09,1.551,0.9463,0.9703,1.1243,STRONG_DOWN,75.33,108.89,70.73,-22.3,53.41,41.38,0.38,LOW,-,36.6955,38.2258,28.2692,1,140.551,TREND+LEAD,33.0929
267,-7,TEL,TE Connectivity,Information Technology,Electronic Manufacturing Services,large,234.15,1.3851,0.9948,1.0952,0.9735,FLAT,6.44,86.55,,-21.11,60.24,41.51,0.6848,LOW,-,212.4455,216.61,216.7594,1,125.6062,TREND+LEAD,32.8625
268,-71,GRC,GORMAN-RUPP,Industrials,,small,68.12,1.5359,0.9558,1.0574,1.2977,STRONG_DOWN,51.07,106.85,94.03,-14.39,55.42,42.32,1.0576,MED,-,64.2575,63.6634,49.5256,1,139.9286,TREND+LEAD,32.8453
269,-10,DD,DuPont,Materials,Specialty Chemicals,large,46.06,1.4079,0.9435,0.9667,1.0606,STRONG_DOWN,43.19,89.61,57.75,-17.31,53.01,34.38,0.5104,LOW,-,45.613,47.0692,38.2984,1,138.1739,TREND+LEAD,32.8026
270,29,ON,ON Semiconductor,Information Technology,Semiconductors,large,72.43,1.5702,1.0273,1.1352,1.176,STRONG_DOWN,46.21,111.47,11.91,-28.1,51.0,49.06,0.7239,LOW,-,63.6915,64.3814,56.0249,1,115.8825,TREND+LEAD,32.7352
271,0,AMRX,AMNEAL PHARMACEUTICALS INC CLASS A,Health Care,,mid,13.05,1.3495,0.9904,1.0034,0.9688,FLAT,34.26,81.75,139.45,-22.12,53.82,32.79,0.3356,LOW,-,12.4005,13.3003,11.3037,1,134.1887,TREND+LEAD,32.7051
272,30,NEOG,NEOGEN CORP,Health Care,,mid,9.42,1.5205,0.9114,0.9712,0.9868,STRONG_DOWN,59.39,104.78,-22.53,-29.65,53.82,44.33,0.6311,LOW,-,9.2695,10.0256,7.2273,1,127.2141,TREND+LEAD,32.6656
273,-35,DGII,DIGI INTERNATIONAL INC,Information Technology,,small,54.05,1.5161,0.9646,1.0286,1.2442,STRONG_DOWN,47.44,104.19,78.27,-13.49,55.82,36.79,0.6436,LOW,-,50.8,49.4578,40.8981,1,158.0885,TREND+LEAD,32.6616
274,-23,KEYS,Keysight Technologies,Information Technology,Electronic Equipment & Instruments,large,325.25,1.7917,0.9783,1.0817,1.5278,STRONG_DOWN,97.31,141.3,114.54,-14.0,59.04,58.48,0.4246,LOW,-,298.5655,278.5034,205.5674,1,142.6544,TREND+LEAD,32.6578
275,70,CTLP,CANTALOUPE INC,Financials,,small,10.84,1.059,0.9705,0.9802,0.9827,STRONG_DOWN,2.07,42.63,71.25,-10.26,46.18,13.61,1.2086,MED,-,10.714,10.5284,10.7005,1,144.6529,TREND+LEAD,32.6149
276,36,LVS,Las Vegas Sands,Consumer Discretionary,Casinos & Gaming,large,56.26,1.3384,1.0031,0.993,0.9287,STRONG_UP,18.2,80.26,15.92,-25.33,55.82,38.59,0.4176,LOW,SHIFT,53.989,55.1942,56.3872,0,116.0936,WEAK,32.607
277,-3,ANET,Arista Networks,Information Technology,Communications Equipment,large,154.33,1.5944,1.0265,1.1084,1.2136,STRONG_DOWN,11.2,114.73,134.94,-28.33,58.23,58.55,0.7463,LOW,-,134.904,135.0702,133.6233,1,114.1079,TREND+LEAD,32.5753
278,72,UAMY,UNITED STATES ANTIMONY CORP,Materials,,small,10.7,2.2764,1.1852,0.9929,1.1987,FLAT,-38.75,206.59,4358.33,-74.3,49.0,142.07,1.1399,MED,-,8.8815,8.8816,6.9632,1,71.2531,TREND+LEAD,32.427
279,-66,AMRC,AMERESCO INC CLASS A,Industrials,,small,25.62,1.8668,0.9572,0.9374,0.8225,STRONG_UP,-38.32,151.42,31.79,-44.48,52.21,66.0,0.3718,LOW,-,26.0215,28.3918,29.0241,0,119.7848,WEAK,32.3827
280,-53,TRS,TRIMAS CORP,Materials,,small,37.65,1.3847,0.9467,1.024,1.0702,STRONG_DOWN,2.71,86.5,51.13,-22.24,55.02,32.22,0.7788,LOW,-,36.4705,36.6022,35.4401,1,147.7074,TREND+LEAD,32.2971
281,30,LXU,LSB INDUSTRIES INC,Materials,,small,14.15,2.0723,1.0189,0.9156,1.4045,FLAT,63.77,179.09,76.65,-20.08,54.62,68.57,0.5991,LOW,-,14.8795,12.8336,9.6558,1,142.6578,TREND+LEAD,32.2291
282,-49,ESE,ESCO TECHNOLOGIES INC,Industrials,,mid,307.7,1.517,0.9648,1.0984,1.4246,STRONG_DOWN,44.91,104.31,212.43,-12.91,55.02,38.31,0.8591,LOW,-,288.8592,277.113,223.6896,1,149.8022,TREND+LEAD,32.2208
283,-10,KN,KNOWLES CORP,Information Technology,,mid,28.76,1.4985,0.9999,1.1061,1.1787,STRONG_DOWN,25.92,101.82,84.95,-15.32,55.02,38.34,0.3614,LOW,-,26.4275,26.3728,23.0308,1,146.1238,TREND+LEAD,32.2004
284,-95,NEM,Newmont,Materials,Gold,large,113.04,1.5196,0.9227,0.973,0.976,STRONG_DOWN,25.47,104.66,207.37,-27.25,59.84,54.82,0.7486,LOW,-,108.7635,115.215,92.1745,1,114.2481,TREND+LEAD,32.19
285,71,URGN,UROGEN PHARMA LTD,Health Care,,small,21.51,1.5372,1.0178,1.1059,1.129,STRONG_DOWN,29.19,107.03,48.45,-66.24,47.79,60.67,1.0185,MED,-,18.8215,19.7162,19.8645,1,84.3048,TREND+LEAD,32.015
286,-42,NTB,BANK OF NT BUTTERFIELD & SON LTD,Financials,,mid,55.85,1.1493,0.96,1.0534,1.1126,STRONG_DOWN,32.99,54.79,97.62,-11.44,53.41,19.27,0.3632,LOW,-,53.3025,52.2456,47.3786,1,151.8719,TREND+LEAD,32.0037
287,-15,ADTN,ADTRAN HOLDINGS INC,Information Technology,,small,15.73,1.5677,1.031,1.3933,1.7663,STRONG_DOWN,78.95,111.14,239.74,-31.67,53.01,49.78,1.2235,MED,-,13.2185,11.3254,9.6013,1,118.3524,TREND+LEAD,31.9791
288,10,SYF,Synchrony Financial,Financials,Consumer Finance,large,75.99,1.2286,1.0183,1.1148,0.9644,FLAT,5.18,65.47,97.6,-27.61,56.22,34.08,0.3966,LOW,-,69.078,69.7091,73.3372,1,108.0057,TREND+LEAD,31.9223
289,-32,THR,THERMON GROUP HOLDINGS INC,Industrials,,small,53.96,1.6142,0.9641,1.0425,1.3086,STRONG_DOWN,103.78,117.41,78.14,-21.01,55.02,44.43,0.2186,LOW,-,51.338,50.0084,36.1096,1,145.3892,TREND+LEAD,31.7697
290,-8,BBIO,BRIDGEBIO PHARMA INC,Health Care,,large,77.7,1.7043,0.9994,1.0468,0.9811,FLAT,37.52,129.54,207.84,-20.25,53.41,57.35,0.5536,LOW,-,72.6965,71.0556,62.6837,1,120.6424,TREND+LEAD,31.7527
291,42,BKE,BUCKLE INC,Consumer Discretionary,,mid,52.7,1.2427,0.9189,0.9972,0.9963,FLAT,5.16,67.37,71.35,-17.92,51.41,29.37,1.0912,MED,-,51.2665,51.7316,51.3874,1,117.9322,TREND+LEAD,31.746
292,30,LMND,LEMONADE INC,Financials,,mid,65.86,1.8165,1.15,0.9413,0.7984,STRONG_UP,25.4,144.65,310.34,-47.7,49.8,85.88,0.4766,LOW,-,61.9635,61.1116,61.4287,1,83.88,TREND+LEAD,31.6463
293,-9,FCFS,FIRSTCASH HOLDINGS INC,Financials,,mid,202.6,1.2667,0.9895,1.016,1.1887,STRONG_DOWN,28.11,70.6,59.22,-12.75,56.63,27.16,0.9835,LOW,-,194.8765,189.7627,160.3553,1,147.2076,TREND+LEAD,31.6037
294,15,EYPT,EYEPOINT INC,Health Care,,small,14.63,1.9572,0.9987,1.0059,0.9039,FLAT,11.17,163.6,-33.01,-37.14,53.82,72.14,0.4336,LOW,-,13.4305,14.3948,13.5225,1,122.0564,TREND+LEAD,31.5287
295,-1,CSX,CSX Corporation,Industrials,Rail Transportation,large,42.1,1.1603,0.9625,0.9982,1.1483,STRONG_DOWN,17.34,56.27,24.47,-11.89,58.23,23.07,0.6422,LOW,-,40.6555,40.8675,36.3972,1,142.0397,TREND+LEAD,31.4742
296,102,BAC,Bank of America,Financials,Diversified Banks,large,54.32,1.1047,1.0011,1.0981,1.0239,FLAT,9.62,48.79,64.11,-17.93,58.23,26.45,1.2885,MED,-,49.687,50.5635,50.6345,1,107.4027,TREND+LEAD,31.43
297,-41,ATMU,ATMUS FILTRATION TECHNOLOGIES INC,Industrials,,mid,62.19,1.3973,0.9512,1.0492,1.1011,STRONG_DOWN,40.79,88.18,94.25,-16.39,54.62,34.3,0.8396,LOW,-,59.5675,60.8643,50.1279,1,140.4258,TREND+LEAD,31.411
298,-21,ROK,Rockwell Automation,Industrials,Electrical Components & Equipment,large,397.4,1.3134,0.9775,1.0627,0.9402,FLAT,16.35,76.89,46.08,-18.73,55.42,34.78,0.5333,LOW,-,371.0585,383.8028,370.2405,1,122.5121,TREND+LEAD,31.3705
299,-2,PSX,Phillips 66,Energy,Oil & Gas Refining & Marketing,large,161.44,1.2868,0.9736,0.8934,1.1323,FLAT,25.46,73.31,9.68,-15.68,55.02,31.36,0.5971,LOW,-,174.04,165.4259,139.1849,1,128.6245,TREND+LEAD,31.3563
300,151,VECO,VEECO INSTRUMENTS INC,Information Technology,,mid,42.66,1.7271,1.0636,1.3255,1.2609,FLAT,53.4,132.61,17.13,-20.27,52.21,62.4,1.4414,MED,-,35.695,32.8256,28.8326,1,110.9515,TREND+LEAD,31.3238
301,-26,HAL,Halliburton,Energy,Oil & Gas Equipment & Services,large,37.54,1.3363,0.9675,1.0067,1.123,STRONG_DOWN,69.17,79.98,2.69,-14.07,53.01,31.04,0.4533,LOW,-,38.042,36.0359,27.8554,1,136.5854,TREND+LEAD,31.3156
302,-33,IESC,IES INC,Industrials,,mid,529.22,2.1106,0.9596,1.123,1.2402,STRONG_DOWN,33.98,184.25,338.57,-21.8,53.41,76.02,0.7709,LOW,-,490.2295,480.3568,405.8113,1,129.4513,TREND+LEAD,31.2312
303,0,VAL,VALARIS LTD,Energy,,mid,91.67,2.2613,0.9078,0.9006,1.6487,FLAT,90.62,204.55,32.26,-18.85,55.02,87.71,0.5659,LOW,-,97.2475,91.4376,61.6011,1,128.314,TREND+LEAD,31.2176
304,1,HII,Huntington Ingalls Industries,Industrials,Aerospace & Defense,large,398.13,1.3967,0.9588,0.8997,0.9457,FLAT,37.4,88.11,51.67,-18.66,57.03,41.64,0.5024,LOW,-,398.5415,412.5247,329.6978,1,120.6719,TREND+LEAD,31.069
305,-43,ODC,OIL DRI CORPORATION OF AMERICA,Consumer Staples,,small,69.8,1.2234,0.9316,1.0835,1.2772,STRONG_DOWN,17.15,64.76,107.2,-32.73,57.03,28.38,0.625,LOW,-,66.1825,65.2033,59.2592,1,130.1419,TREND+LEAD,30.9634
306,-17,GH,GUARDANT HEALTH INC,Health Care,,large,84.86,1.3946,0.9456,0.9139,0.7686,STRONG_UP,35.65,87.83,425.12,-32.98,52.61,53.4,0.6843,LOW,-,87.398,93.4278,81.3167,1,86.5272,TREND+LEAD,30.9374
307,-21,NDSN,Nordson Corporation,Industrials,Industrial Machinery & Supplies & Components,large,275.0,1.1458,0.967,0.9728,1.018,STRONG_DOWN,18.61,54.32,7.55,-14.15,57.03,23.03,0.9409,LOW,-,268.491,278.2107,243.008,1,134.5131,TREND+LEAD,30.9152
308,35,APP,AppLovin,Information Technology,Application Software,large,464.63,1.5012,1.1904,0.9673,0.7398,STRONG_UP,-21.25,102.18,542.46,-49.99,54.22,97.57,0.7861,LOW,SHIFT,413.678,427.6134,518.7381,0,56.7818,WEAK,30.873
309,-5,INCY,Incyte,Health Care,Biotechnology,large,97.1,1.2489,0.9728,0.985,0.9015,FLAT,12.96,68.2,82.45,-18.33,55.42,31.34,0.6797,LOW,-,93.716,97.1802,91.8201,1,120.5956,TREND+LEAD,30.8503
310,-42,KGS,KODIAK GAS SERVICES INC,Energy,,mid,61.61,1.422,0.9912,1.0509,1.6915,STRONG_DOWN,83.4,91.52,156.53,-15.95,56.63,37.67,0.4836,LOW,-,58.9805,55.0233,39.5639,1,137.5829,TREND+LEAD,30.8106
311,52,MRNA,Moderna,Health Care,Biotechnology,large,54.26,1.5994,1.0278,0.9616,1.3152,FLAT,106.7,115.4,-47.72,-35.51,51.81,70.15,0.4694,LOW,-,51.235,49.8522,34.5392,1,85.232,TREND+LEAD,30.8071
312,-24,MCY,MERCURY GENERAL CORP,Financials,,mid,93.54,1.327,0.9656,0.9974,1.0266,STRONG_DOWN,15.45,78.72,82.04,-12.87,55.82,30.94,0.3715,LOW,-,89.588,89.9639,83.0653,1,142.0221,TREND+LEAD,30.7247
313,-89,AXSM,AXSOME THERAPEUTICS INC,Health Care,,mid,184.18,1.309,1.0001,1.0922,1.0235,FLAT,49.11,76.3,167.66,-18.5,54.22,32.19,0.8496,LOW,-,167.8415,170.4633,142.7032,1,128.5167,TREND+LEAD,30.6907
314,-82,LCII,LCI INDUSTRIES,Consumer Discretionary,,mid,120.64,1.2384,0.9244,0.9318,0.902,FLAT,40.26,66.79,23.83,-24.53,48.59,36.51,2.3919,HIGH,-,122.8165,132.8382,112.6826,1,88.8937,TREND+LEAD,30.6799
315,-19,WAB,Wabtec,Industrials,Construction Machinery & Heavy Transportation Equipment,large,257.38,1.1317,0.9228,1.0337,1.1178,STRONG_DOWN,31.63,52.41,78.67,-13.29,53.01,26.69,1.6748,HIGH,-,252.1575,251.9649,216.4443,1,104.0979,TREND+LEAD,30.6629
316,-45,ORCL,Oracle Corporation,Information Technology,Application Software,large,169.81,0.9814,1.1965,1.0528,0.8657,STRONG_UP,-42.86,32.18,43.78,-58.25,52.21,59.1,1.3599,MED,SHIFT,147.732,150.0571,214.4523,0,28.4263,WEAK,30.6361
317,-74,SSRM,SSR MINING INC,Materials,,mid,31.16,2.1071,0.906,1.0538,1.2867,STRONG_DOWN,32.03,183.79,518.25,-30.88,55.82,91.27,0.6468,LOW,-,28.98,28.7662,22.3144,1,112.4037,TREND+LEAD,30.6343
318,33,FSLR,First Solar,Information Technology,Semiconductors,large,195.2,1.1653,0.9613,0.9309,0.812,STRONG_UP,-13.02,56.94,12.78,-35.1,51.0,52.96,1.5268,HIGH,EARLY,195.246,207.0506,220.3142,0,54.8312,WEAK,30.5184
319,-39,VTOL,BRISTOW GROUP INC,Energy,,small,49.28,1.2985,0.9696,1.0738,1.2051,STRONG_DOWN,29.21,74.89,98.57,-16.41,55.42,28.87,0.3059,LOW,-,47.038,45.9091,39.6932,1,143.7604,TREND+LEAD,30.4991
320,-59,NPO,ENPRO INC,Industrials,,mid,265.72,1.3816,0.9258,1.0007,1.1393,STRONG_DOWN,17.56,86.07,73.64,-13.45,55.42,38.93,1.4825,MED,-,258.9555,260.3916,230.0677,1,122.5287,TREND+LEAD,30.4392
321,10,NSSC,NAPCO SECURITY TECHNOLOGIES INC,Information Technology,,small,44.21,1.5428,1.0206,0.9693,1.1051,FLAT,3.56,107.78,17.11,-19.47,55.02,44.04,0.3243,LOW,-,41.3915,42.7987,39.3894,1,134.6519,TREND+LEAD,30.4251
322,89,SPXC,SPX TECHNOLOGIES INC,Industrials,,mid,219.99,1.2765,0.9914,1.0275,1.0315,STRONG_DOWN,18.73,71.92,85.25,-23.15,55.42,42.3,1.6436,HIGH,-,204.087,215.2968,201.3161,1,94.2283,TREND+LEAD,30.3958
323,-16,MRK,Merck & Co.,Health Care,Pharmaceuticals,large,117.9,1.1865,0.9335,0.9725,1.0524,STRONG_DOWN,41.43,59.8,0.6,-13.77,53.01,23.96,0.6334,LOW,-,118.919,118.6335,96.7775,1,132.3033,TREND+LEAD,30.3642
324,76,HTBK,HERITAGE COMMERCE CORP,Financials,,small,13.19,1.2083,0.9519,1.0408,1.0634,STRONG_DOWN,35.96,62.74,87.77,-13.47,51.41,27.92,2.004,HIGH,-,12.6565,12.6943,11.0066,1,115.526,TREND+LEAD,30.3207
325,-5,WELL,Welltower,Real Estate,Health Care REITs,large,211.33,1.0954,0.9949,0.9475,1.1054,FLAT,25.73,47.52,148.52,-12.61,60.24,22.17,0.4161,LOW,-,201.7745,203.6978,182.7362,1,129.134,TREND+LEAD,30.297
326,104,WTS,WATTS WATER TECHNOLOGIES INC CLASS,Industrials,,mid,303.66,1.1505,0.9697,0.9634,1.0303,FLAT,10.99,54.95,54.05,-15.45,49.8,27.29,1.5852,HIGH,-,295.58,308.549,282.4804,1,100.2729,TREND+LEAD,30.1481
327,1,BTU,PEABODY ENERGY CORP,Energy,,mid,28.03,1.7256,0.9826,0.7568,0.7667,FLAT,-19.26,132.41,19.68,-29.9,51.0,63.14,0.685,LOW,-,33.4815,33.9653,27.2547,1,106.9486,TREND+LEAD,30.0594
328,-49,TRST,TRUSTCO BANK CORP,Financials,,small,46.19,1.2526,0.9583,1.0373,1.0698,STRONG_DOWN,27.79,68.71,93.15,-14.11,55.02,26.36,0.5934,LOW,-,44.433,44.3981,39.6929,1,143.4074,TREND+LEAD,29.9957
329,-51,USB,U.S. Bancorp,Financials,Diversified Banks,large,56.37,1.1536,0.9721,1.0553,1.0471,FLAT,22.11,55.37,50.04,-16.21,54.62,25.13,0.8955,LOW,-,52.959,54.368,49.6702,1,120.3503,TREND+LEAD,29.9896
330,14,HP,HELMERICH & PAYNE INC,Energy,,mid,34.51,1.3625,0.9518,0.9262,1.06,FLAT,54.46,83.5,-8.93,-25.38,50.2,36.66,0.3793,LOW,-,35.7055,35.0753,26.3515,1,114.3359,TREND+LEAD,29.9855
331,-40,UNFI,UNITED NATURAL FOODS INC,Consumer Staples,,mid,46.97,1.4393,0.962,1.1175,1.3314,STRONG_DOWN,11.75,93.85,400.21,-32.49,51.41,44.52,0.6063,LOW,-,44.183,41.2216,34.7682,1,108.3751,TREND+LEAD,29.9804
332,99,LGN,LEGENCE CORP CLASS A,Industrials,,mid,69.54,1.6929,1.1305,1.266,1.534,STRONG_DOWN,119.99,128.0,128.0,-19.79,57.82,73.34,1.5705,HIGH,-,57.056,53.7764,,0,100.913,WEAK,29.9308
333,14,SHOO,STEVEN MADDEN LTD,Consumer Discretionary,,mid,38.38,1.4968,0.9765,1.1102,0.835,FLAT,10.99,101.59,3.08,-31.73,51.0,50.27,0.6166,LOW,-,34.875,35.6475,34.75,1,103.0664,TREND+LEAD,29.7438
334,-39,XHR,XENIA HOTELS RESORTS REIT INC,Real Estate,,small,15.96,1.2692,0.9944,1.0621,1.0849,STRONG_DOWN,27.02,70.94,20.18,-16.23,52.61,30.36,1.2925,MED,-,14.9937,15.1229,13.8861,1,122.9311,TREND+LEAD,29.6421
335,-20,RL,Ralph Lauren Corporation,Consumer Discretionary,"Apparel, Accessories & Luxury Goods",large,369.36,1.3732,0.9316,1.0137,1.004,FLAT,16.79,84.94,136.03,-14.94,52.21,36.91,0.5903,LOW,-,351.7347,354.2004,330.8752,1,120.1565,TREND+LEAD,29.5823
336,18,AMSC,AMERICAN SUPERCONDUCTOR CORP,Industrials,,small,37.74,1.5414,1.0141,1.1572,1.1879,STRONG_DOWN,-42.42,107.59,215.82,-61.08,56.63,74.71,1.1056,MED,-,33.4495,32.3094,41.3969,0,81.5535,WEAK,29.5234
337,-27,CMPR,CIMPRESS PLC,Industrials,,small,78.97,1.3855,1.0209,1.0382,0.9743,FLAT,23.04,86.6,-11.77,-17.5,51.41,33.74,0.6552,LOW,-,74.2685,73.3844,66.2425,1,131.9565,TREND+LEAD,29.4766
338,-83,SNEX,STONEX GROUP INC,Financials,,mid,102.3,1.4375,1.0653,1.3504,1.4938,STRONG_DOWN,56.06,93.6,257.19,-20.91,59.84,45.75,0.921,LOW,-,83.1752,81.1846,68.5236,1,122.4311,TREND+LEAD,29.4588
339,-14,GE,GE Aerospace,Industrials,Aerospace & Defense,large,313.93,1.2843,0.9742,0.9932,0.9698,FLAT,4.89,72.97,102.67,-20.85,57.83,39.25,0.5217,LOW,-,295.3775,312.3688,295.407,1,107.5186,TREND+LEAD,29.4425
340,-17,HST,Host Hotels & Resorts,Real Estate,Hotel & Resort REITs,large,20.69,1.2094,1.0094,1.063,1.1289,STRONG_DOWN,30.15,62.89,20.76,-9.48,50.6,26.64,1.307,MED,-,19.356,19.3449,17.2809,1,119.4481,TREND+LEAD,29.4392
341,-77,CVNA,Carvana,Consumer Discretionary,Automotive Retail,large,371.08,1.3164,1.1026,1.1268,0.7959,FLAT,7.28,77.3,425.31,-41.21,57.43,66.63,0.7547,LOW,-,317.7015,332.6298,365.0804,1,66.6231,TREND+LEAD,29.4229
342,-72,NWPX,NWPX INFRASTRUCTURE INC,Industrials,,small,83.84,1.5109,0.9717,1.0923,1.2147,STRONG_DOWN,61.7,103.5,155.84,-15.7,52.21,44.42,1.115,MED,-,79.0645,76.5442,60.0884,1,121.6452,TREND+LEAD,29.4051
343,-4,GNK,GENCO SHIPPING AND TRADING LTD,Industrials,,small,24.17,1.5169,1.019,1.0495,1.241,STRONG_DOWN,55.01,104.29,35.57,-19.16,55.02,42.71,0.4446,LOW,-,23.1005,22.3541,18.2447,1,134.3506,TREND+LEAD,29.4025
344,-36,DELL,Dell Technologies,Information Technology,"Technology Hardware, Storage & Peripherals",large,177.28,1.6084,0.949,1.1073,1.4756,STRONG_DOWN,20.11,116.62,51.37,-32.34,51.81,68.36,0.8658,LOW,-,172.825,148.5448,136.1664,1,88.3831,TREND+LEAD,29.3375
345,-55,CTRI,CENTURI HOLDINGS INC,Industrials,,mid,33.1,1.4124,0.9624,1.0486,1.2036,STRONG_DOWN,61.54,90.23,38.2,-16.44,51.41,36.04,0.3855,LOW,-,30.871,30.4722,24.5487,1,128.7103,TREND+LEAD,29.2942
346,-40,GM,General Motors,Consumer Discretionary,Automobile Manufacturers,large,77.78,1.3193,0.9847,1.004,0.9441,FLAT,36.69,77.68,86.02,-16.0,54.62,36.45,0.4802,LOW,-,75.13,77.4548,68.4467,1,116.4068,TREND+LEAD,29.2845
347,-20,PPTA,PERPETUA RESOURCES CORP,Materials,,mid,31.58,1.7564,1.0181,0.9841,0.9765,STRONG_UP,16.15,136.55,409.35,-32.86,55.02,81.34,0.5503,LOW,-,28.172,29.9705,24.067,1,92.3681,TREND+LEAD,29.1852
348,1,RSI,RUSH STREET INTERACTIVE INC CLASS,Consumer Discretionary,,mid,22.8,1.431,1.0344,1.0614,1.1866,STRONG_DOWN,15.04,92.73,251.85,-29.47,52.61,45.34,0.4837,LOW,-,21.6595,20.0158,18.9645,1,107.5991,TREND+LEAD,29.0321
349,-66,RTX,RTX Corporation,Industrials,Aerospace & Defense,large,198.39,1.1589,0.9484,0.9325,0.9847,FLAT,25.37,56.08,104.45,-11.99,56.63,25.8,0.7388,LOW,-,197.399,200.3963,175.7326,1,123.1029,TREND+LEAD,28.9865
350,-36,DOCN,DIGITALOCEAN HOLDINGS INC,Information Technology,,mid,77.71,2.071,0.866,0.9572,1.4504,STRONG_DOWN,91.97,178.93,132.6,-24.11,51.81,81.91,0.9587,LOW,-,83.704,70.8034,47.7797,1,113.1777,TREND+LEAD,28.8921
351,-27,DLX,DELUXE CORP,Industrials,,small,28.94,1.5646,0.9969,1.0275,1.2199,STRONG_DOWN,60.87,110.72,74.21,-14.29,50.2,40.8,0.4319,LOW,-,27.6625,27.4164,21.3945,1,136.228,TREND+LEAD,28.8436
352,-6,LHX,L3Harris,Industrials,Aerospace & Defense,large,355.92,1.2281,0.9658,0.9222,1.0247,FLAT,19.55,65.4,84.41,-10.86,55.02,28.91,0.5143,LOW,-,353.8435,354.5723,303.9119,1,124.4567,TREND+LEAD,28.8424
353,75,ARCB,ARCBEST CORP,Industrials,,mid,108.19,1.3796,0.9622,1.2029,1.1849,FLAT,50.54,85.8,-26.7,-30.6,50.6,51.78,1.0416,MED,-,99.301,99.8882,81.2701,1,83.8487,TREND+LEAD,28.799
354,37,NTLA,INTELLIA THERAPEUTICS INC,Health Care,,small,14.94,1.617,1.0493,1.0593,1.2226,STRONG_DOWN,-37.49,117.78,-31.5,-71.27,53.01,79.84,0.6071,LOW,-,13.344,13.1289,12.9704,1,78.2032,TREND+LEAD,28.7063
355,-7,CHRW,C.H. Robinson,Industrials,Air Freight & Logistics,large,168.08,1.4151,0.9593,0.9355,0.9628,FLAT,32.31,90.59,158.72,-19.18,54.22,46.14,0.5319,LOW,-,167.82,177.3208,147.4164,1,106.4576,TREND+LEAD,28.6813
356,19,GLDD,GREAT LAKES DREDGE AND DOCK CORP,Industrials,,small,17.0,1.4475,0.9731,0.9586,1.2745,FLAT,42.74,94.95,124.87,-14.74,50.42,36.8,0.0,LOW,-,16.9545,16.4526,13.1936,1,130.0975,TREND+LEAD,28.6664
357,-90,IRMD,IRADIMED CORP,Health Care,,small,93.05,1.3493,0.9459,0.8651,0.9032,FLAT,28.21,81.73,133.08,-11.47,55.02,33.75,0.6779,LOW,-,96.832,98.9767,83.867,1,133.2357,TREND+LEAD,28.6364
358,29,NATL,NCR ATLEOS CORP,Financials,,mid,44.71,1.3489,0.9837,0.9727,1.1064,FLAT,18.47,81.67,113.72,-15.31,55.42,37.49,0.7831,LOW,-,43.6,43.0936,38.0964,1,120.7356,TREND+LEAD,28.4589
359,-25,PCVX,VAXCYTE INC,Health Care,,mid,60.45,1.5413,0.9519,1.0414,1.2257,STRONG_DOWN,41.07,107.59,-2.88,-20.6,49.4,45.31,0.7327,LOW,-,57.773,57.593,44.6599,1,117.301,TREND+LEAD,28.4081
360,-25,BG,Bunge Global,Consumer Staples,Agricultural Products & Services,large,120.0,1.2025,0.948,0.9105,1.1257,FLAT,47.53,61.96,22.73,-15.39,48.59,26.7,0.6754,LOW,-,124.7795,121.8921,96.3952,1,112.7539,TREND+LEAD,28.2965
361,-42,SVRA,SAVARA INC,Health Care,,small,5.87,1.4875,0.9714,1.0894,0.9623,FLAT,73.67,100.34,13.76,-42.94,51.81,52.32,0.6773,LOW,-,5.4655,5.506,4.5121,1,99.3632,TREND+LEAD,28.2421
362,0,PLAB,PHOTRONICS INC,Information Technology,,mid,45.86,1.9151,1.0015,1.2639,1.4357,STRONG_DOWN,98.18,157.93,68.98,-24.72,50.6,73.25,0.5332,LOW,-,41.1465,38.3132,28.3857,1,109.0958,TREND+LEAD,28.2356
363,-5,CC,CHEMOURS,Materials,,mid,23.03,1.5928,1.0243,1.1591,1.522,STRONG_DOWN,69.44,114.52,-5.7,-39.78,53.41,70.22,0.4056,LOW,-,21.1885,19.4342,15.1048,1,87.1057,TREND+LEAD,28.2126
364,28,PNC,PNC Financial Services,Financials,Diversified Banks,large,222.06,1.1246,0.9737,1.0488,1.0446,FLAT,18.84,51.46,62.45,-17.21,54.22,25.73,0.8455,LOW,-,209.4681,215.5026,199.9819,1,108.45,TREND+LEAD,28.1899
365,11,HCSG,HEALTHCARE SERVICES GROUP INC,Industrials,,small,19.26,1.4974,0.9679,0.9255,1.0082,FLAT,19.33,101.68,,-19.88,52.61,43.89,0.5565,LOW,-,19.017,19.9368,17.5609,1,121.8761,TREND+LEAD,28.1556
366,31,MXL,MAXLINEAR INC,Information Technology,,small,22.01,1.6101,1.0776,1.2514,1.1974,FLAT,30.39,116.85,2.75,-26.81,55.02,56.2,0.9551,LOW,-,18.3705,17.9926,16.774,1,114.3939,TREND+LEAD,28.1325
367,0,HASI,HA SUSTAINABLE INFRASTRUCTURE CAPI,Financials,,mid,40.42,1.3277,1.0177,1.0705,1.1922,STRONG_DOWN,38.73,78.82,87.03,-15.38,51.81,32.92,0.6303,LOW,-,37.1938,36.6099,31.121,1,124.0468,TREND+LEAD,28.1311
368,-42,MTRN,MATERION CORP,Materials,,mid,162.92,1.5521,0.9711,1.0778,1.0898,STRONG_DOWN,28.21,109.04,34.91,-20.73,54.62,51.67,0.4728,LOW,-,149.067,150.5075,125.5452,1,115.2695,TREND+LEAD,28.1297
369,-16,ALNY,Alnylam Pharmaceuticals,Health Care,Biotechnology,large,333.39,1.0739,1.008,0.9944,0.8939,STRONG_UP,-28.97,44.64,127.23,-37.57,55.82,37.15,0.5384,LOW,SHIFT,322.392,324.8454,393.7131,0,67.0708,WEAK,28.061
370,-77,PHIN,PHINIA INC,Consumer Discretionary,,mid,68.91,1.2777,0.9042,1.0281,0.9752,FLAT,31.64,72.09,96.79,-20.37,53.82,35.0,0.9509,LOW,-,68.4275,70.3294,59.6148,1,110.8516,TREND+LEAD,27.9971
371,7,RUN,SUNRUN INC,Industrials,,mid,12.1,1.3769,0.8818,0.8702,0.6461,STRONG_UP,-41.49,85.44,17.13,-55.02,51.41,101.86,1.332,MED,EARLY,12.941,15.064,16.1967,0,43.1229,WEAK,27.9864
372,0,NSC,Norfolk Southern,Industrials,Rail Transportation,large,297.71,1.0538,0.9793,0.9767,1.0271,FLAT,3.5,41.93,27.86,-12.47,56.63,20.34,0.9131,LOW,-,288.1455,300.1344,286.3235,1,116.7478,TREND+LEAD,27.9644
373,-18,GOLF,ACUSHNET HOLDINGS CORP,Consumer Discretionary,,mid,96.37,1.2212,0.9494,0.9752,1.0404,STRONG_DOWN,19.36,64.48,61.85,-13.29,51.41,26.25,0.4809,LOW,-,94.2355,96.9602,84.6322,1,126.2771,TREND+LEAD,27.913
374,43,NEE,NextEra Energy,Utilities,Multi-Utilities,large,91.24,1.0628,0.9381,0.9424,1.1022,STRONG_DOWN,9.27,43.13,56.57,-10.75,56.22,19.42,0.6851,LOW,-,92.1675,91.8228,81.1675,1,124.8723,TREND+LEAD,27.9083
375,30,SUPN,SUPERNUS PHARMACEUTICALS INC,Health Care,,mid,49.94,1.2074,0.942,0.9392,0.9483,FLAT,1.46,62.62,69.69,-22.6,54.62,31.97,0.4588,LOW,-,50.1575,51.3362,46.6712,1,106.9815,TREND+LEAD,27.8757
376,-24,AROC,ARCHROCK INC,Energy,,mid,36.31,1.1808,0.9833,0.9586,1.3863,FLAT,52.44,59.04,99.86,-15.92,54.22,27.38,0.4143,LOW,-,35.7115,34.6305,27.0648,1,116.9095,TREND+LEAD,27.8426
377,-48,TR,TOOTSIE ROLL INDUSTRIES INC,Consumer Staples,,mid,42.43,1.0534,0.9198,0.9594,1.1414,STRONG_DOWN,3.29,41.87,52.53,-20.03,57.43,20.77,0.4983,LOW,-,42.7265,41.3426,38.3704,1,115.7846,TREND+LEAD,27.8169
378,61,BEN,Franklin Resources,Financials,Asset Management & Custody Banks,large,26.63,1.1911,1.0331,1.0489,1.0369,FLAT,19.5,60.42,21.13,-19.21,55.42,32.88,0.5336,LOW,-,24.0005,25.3362,23.8224,1,101.841,TREND+LEAD,27.7633
379,45,SHLS,SHOALS TECHNOLOGIES GROUP INC CLAS,Industrials,,small,7.23,1.6121,1.0076,1.1199,0.7781,FLAT,-28.63,117.12,-13.41,-47.37,54.22,92.34,1.6833,HIGH,-,6.636,7.4755,7.7101,0,68.7686,WEAK,27.7622
380,-48,PSMT,PRICESMART INC,Consumer Staples,,mid,155.39,1.2633,0.936,0.9915,1.0838,STRONG_DOWN,26.29,70.14,106.15,-10.62,56.22,30.57,0.5671,LOW,-,150.6785,151.2369,126.741,1,128.993,TREND+LEAD,27.7446
381,-80,BTDR,BITDEER TECHNOLOGIES GROUP CLASS A,Information Technology,,mid,12.61,1.2687,1.1858,1.3029,0.8403,FLAT,-37.33,70.87,132.66,-71.89,52.61,100.46,0.8298,LOW,SHIFT,9.4717,9.3056,13.4349,0,37.1125,WEAK,27.7192
382,41,AAP,ADVANCE AUTO PARTS INC,Consumer Discretionary,,mid,56.88,1.3946,0.9817,1.0517,1.3106,STRONG_DOWN,4.65,87.83,-17.03,-41.44,47.39,50.37,0.544,LOW,-,52.4771,53.1341,52.6268,1,82.6339,TREND+LEAD,27.7056
383,5,MATX,MATSON INC,Industrials,,mid,170.5,1.3088,0.9624,1.0502,1.2741,STRONG_DOWN,84.38,76.27,60.93,-25.28,54.22,38.8,0.6312,LOW,-,164.795,162.8269,124.6717,1,106.583,TREND+LEAD,27.6731
384,79,FSBC,FIVE STAR BANCORP,Financials,,small,40.73,1.1846,0.9709,1.0624,1.0959,STRONG_DOWN,24.72,59.54,100.47,-13.07,49.8,25.56,1.0751,MED,-,38.408,38.9464,34.7379,1,116.0046,TREND+LEAD,27.5511
385,23,NRG,NRG Energy,Utilities,Independent Power Producers & Energy Traders,large,168.45,1.2909,1.0114,1.0404,1.1093,STRONG_DOWN,2.29,73.86,133.43,-23.26,53.41,48.1,1.0021,MED,-,155.1375,159.8822,159.0053,1,82.0161,TREND+LEAD,27.5368
386,112,SGHC,SUPER GROUP LTD,Consumer Discretionary,,mid,11.22,1.1281,1.0301,1.005,1.1166,FLAT,-13.29,51.94,283.08,-39.53,51.41,46.63,1.855,HIGH,SHIFT,10.6665,10.2824,11.27,0,57.261,WEAK,27.5364
387,-17,KRYS,KRYSTAL BIOTECH INC,Health Care,,mid,268.54,1.2106,1.0098,1.0013,0.9053,STRONG_UP,42.8,63.05,57.88,-27.68,55.02,37.6,0.8436,LOW,-,257.3915,262.8518,210.2582,1,92.258,TREND+LEAD,27.5022
388,-3,XMTR,XOMETRY INC CLASS A,Industrials,,mid,46.0,1.5624,1.1,1.1337,0.7119,FLAT,-4.64,110.43,184.83,-49.93,56.22,92.03,0.6535,LOW,PROGRESS,41.365,46.8241,50.4331,0,67.4603,WEAK,27.4275
389,-51,FER,Ferrovial,Industrials,"Military, Government, Technical",large,71.29,1.1935,0.9689,1.045,1.037,FLAT,15.88,60.74,105.22,-17.13,51.81,30.22,0.8795,LOW,-,66.2945,68.5008,62.0885,1,104.1423,TREND+LEAD,27.3974
390,22,EXPE,Expedia Group,Consumer Discretionary,"Hotels, Resorts & Cruise Lines",large,257.44,1.2631,1.086,1.0199,0.8728,STRONG_UP,15.83,70.11,101.71,-37.44,51.81,62.29,0.4956,LOW,-,234.418,227.6808,230.1518,1,58.3141,TREND+LEAD,27.3936
391,-88,AZZ,AZZ INC,Industrials,,mid,134.0,1.2225,0.9572,1.0347,1.0911,STRONG_DOWN,34.0,64.65,78.06,-18.16,52.61,29.32,0.7984,LOW,-,127.9265,129.82,114.0574,1,116.0041,TREND+LEAD,27.3902
392,-27,EYE,NATIONAL VISION HOLDINGS INC,Consumer Discretionary,,small,25.17,1.635,0.9282,0.8595,0.8684,FLAT,-6.43,120.21,33.32,-19.77,52.21,51.31,0.5879,LOW,-,25.938,26.809,26.1182,0,122.3185,WEAK,27.3786
393,3,RF,Regions Financial Corporation,Financials,Regional Banks,large,27.85,1.1244,0.961,1.0459,0.9828,FLAT,12.93,51.43,61.12,-18.45,56.22,28.55,0.6561,LOW,-,26.3685,27.5664,26.0761,1,101.2805,TREND+LEAD,27.3636
394,-64,IE,IVANHOE ELECTRIC INC,Materials,,small,14.78,1.7094,1.1155,1.141,0.8014,FLAT,-11.18,130.22,44.2,-45.93,55.02,79.19,0.6627,LOW,-,12.152,14.2044,13.2211,1,90.4735,TREND+LEAD,27.3166
395,-36,GVA,GRANITE CONSTRUCTION INC,Industrials,,mid,125.78,1.2132,0.9568,0.9893,1.019,STRONG_DOWN,17.67,63.4,134.43,-14.69,51.81,27.19,0.7805,LOW,-,121.9546,126.343,111.7984,1,120.8033,TREND+LEAD,27.3054
396,11,LUV,Southwest Airlines,Industrials,Passenger Airlines,large,41.7,1.2706,1.0074,0.9692,0.9681,STRONG_UP,25.86,71.13,55.28,-33.49,54.62,59.39,0.6096,LOW,-,39.3025,44.6346,37.2764,1,65.4148,TREND+LEAD,27.2787
397,4,JOBY,JOBY AVIATION INC CLASS A,Industrials,,mid,9.13,1.1708,1.0711,0.8787,0.5939,STRONG_UP,-49.59,57.69,98.48,-61.06,50.2,62.59,0.9505,LOW,PROGRESS,8.701,9.478,13.6879,0,46.2665,WEAK,27.2736
398,-62,TRVI,TREVI THERAPEUTICS INC,Health Care,,small,14.27,1.737,1.0422,1.2188,1.227,STRONG_DOWN,40.04,133.93,435.46,-29.5,51.0,61.93,0.5398,LOW,-,12.086,11.692,10.1929,1,110.2964,TREND+LEAD,27.0045
399,-18,LEG,LEGGETT & PLATT INC,Consumer Discretionary,,small,11.35,1.3102,1.0949,1.0625,0.9062,STRONG_UP,30.03,76.45,-31.79,-25.78,46.99,46.14,1.7082,HIGH,-,10.069,10.9048,10.1574,1,77.862,TREND+LEAD,26.9545
400,19,ENVA,ENOVA INTERNATIONAL INC,Financials,,mid,156.22,1.2738,1.0462,1.0882,0.961,FLAT,41.41,71.56,166.54,-24.75,55.82,40.66,0.501,LOW,-,140.0645,143.2644,131.4536,1,98.2372,TREND+LEAD,26.9252
401,-18,HLT,Hilton Worldwide,Consumer Discretionary,"Hotels, Resorts & Cruise Lines",large,328.91,1.1705,0.9907,1.0433,1.0785,STRONG_DOWN,22.67,57.65,63.2,-10.29,51.41,24.71,0.5023,LOW,-,307.867,308.4871,283.0816,1,119.9439,TREND+LEAD,26.8645
402,-38,IMVT,IMMUNOVANT INC,Health Care,,mid,27.43,1.3724,1.0388,1.0445,0.9865,FLAT,56.83,84.84,-9.77,-20.98,51.0,48.91,1.1361,MED,-,24.701,25.6508,21.558,1,88.4635,TREND+LEAD,26.8361
403,-23,ARQT,ARCUTIS BIOTHERAPEUTICS INC,Health Care,,mid,24.58,1.4082,0.9718,1.034,0.9045,FLAT,20.31,89.66,143.37,-31.99,50.2,51.95,0.5622,LOW,-,23.2272,24.612,22.3019,1,86.6402,TREND+LEAD,26.8071
404,56,MTB,M&T Bank,Financials,Regional Banks,large,217.1,1.0451,0.9457,1.0368,1.025,FLAT,17.81,40.75,67.75,-16.98,53.41,25.18,1.0814,MED,-,208.964,215.4134,199.0842,1,86.438,TREND+LEAD,26.7767
405,-39,CAH,Cardinal Health,Health Care,Health Care Distributors,large,211.83,1.1838,0.9535,0.938,0.978,FLAT,38.06,59.44,103.46,-12.88,57.43,31.39,0.6268,LOW,-,211.0641,217.1768,186.0014,1,108.744,TREND+LEAD,26.7416
406,27,GDOT,GREEN DOT CORP CLASS A,Financials,,small,12.04,1.2048,1.0065,1.0165,0.9668,FLAT,-3.91,62.26,47.37,-30.95,49.4,28.25,0.4441,LOW,-,11.2955,11.5266,12.1606,0,108.8796,WEAK,26.7381
407,22,IBP,INSTALLED BUILDING PRODUCTS INC,Consumer Discretionary,,mid,283.75,1.3687,0.9649,0.9486,0.9197,STRONG_UP,11.7,84.34,29.27,-24.57,48.59,44.39,0.3913,LOW,-,272.64,296.7319,262.739,1,92.3203,TREND+LEAD,26.6925
408,-51,NHC,NATIONAL HEALTHCARE CORP,Health Care,,mid,159.2,1.3166,0.8746,0.9391,1.1619,STRONG_DOWN,32.16,77.33,90.2,-13.13,53.41,34.62,0.8842,LOW,-,163.0864,162.1537,130.515,1,119.2938,TREND+LEAD,26.677
409,48,SMR,NUSCALE POWER CORP CLASS A,Industrials,,mid,11.71,0.5996,1.2231,0.8997,0.5809,STRONG_UP,-74.43,-19.24,135.61,-82.86,48.19,92.03,2.1763,HIGH,PROGRESS,10.6155,12.51,27.241,0,-10.0754,WEAK,26.6726
410,77,WLDN,WILLDAN GROUP INC,Industrials,,small,78.72,1.5146,0.9103,0.961,0.5993,FLAT,-17.62,103.99,196.5,-44.29,55.42,72.83,1.4105,MED,-,78.948,92.432,98.3501,0,79.1317,WEAK,26.6545
411,7,COIN,Coinbase,Financials,Financial Exchanges & Data,large,195.9,0.8446,1.1259,0.8906,0.7531,STRONG_UP,-42.64,13.76,-10.48,-66.39,45.78,86.22,0.9115,LOW,SHIFT,179.83,179.0336,274.4497,0,7.3042,WEAK,26.5767
412,65,HCC,WARRIOR MET COAL INC,Materials,,mid,88.81,1.4016,1.0066,0.9847,0.8566,STRONG_UP,32.37,88.77,31.55,-24.41,51.81,50.25,0.6171,LOW,-,91.401,87.8857,74.4484,1,91.5277,TREND+LEAD,26.5516
413,-39,CMP,COMPASS MINERALS INTERNATIONAL INC,Materials,,small,24.81,1.6521,0.9586,1.0296,1.0354,STRONG_DOWN,24.61,122.51,82.43,-26.29,52.21,57.64,0.5634,LOW,-,23.628,23.6478,20.7731,1,110.97,TREND+LEAD,26.5177
414,-53,CTVA,Corteva,Materials,Fertilizers & Agricultural Chemicals,large,81.32,1.0299,0.9453,0.9709,1.1462,STRONG_DOWN,30.4,38.71,55.76,-20.71,58.23,23.2,0.7589,LOW,-,82.2235,78.9547,71.1477,1,97.1619,TREND+LEAD,26.5082
415,34,BLX,BANCO LATINOAMERICANO DE COMERCIO,Financials,,small,56.04,1.1383,1.0058,1.0886,1.2826,STRONG_DOWN,25.86,53.31,109.26,-12.42,55.42,23.48,0.7352,LOW,-,51.785,50.1181,45.48,1,125.8221,TREND+LEAD,26.4743
416,0,EHAB,ENHABIT INC,Health Care,,small,13.71,1.322,0.9519,0.9621,1.2487,STRONG_DOWN,71.38,78.05,33.89,-39.63,52.21,48.81,1.119,MED,-,13.8385,13.052,9.576,1,83.4889,TREND+LEAD,26.4581
417,-35,VLY,VALLEY NATIONAL,Financials,,mid,13.14,1.2369,0.9633,1.0553,1.1122,STRONG_DOWN,24.06,66.58,100.64,-13.64,52.61,29.82,0.4309,LOW,-,12.4415,12.6185,11.0603,1,117.4727,TREND+LEAD,26.4411
418,-12,EXTR,EXTREME NETWORKS INC,Information Technology,,mid,17.35,1.1154,0.9543,1.1018,1.0626,FLAT,-12.9,50.22,55.88,-39.87,54.22,34.89,0.741,LOW,SHIFT,15.8555,15.01,17.7047,0,78.0377,WEAK,26.3804
419,-26,IDXX,Idexx Laboratories,Health Care,Health Care Equipment,large,580.76,1.0717,0.9648,0.9456,0.804,STRONG_UP,-8.82,44.33,18.63,-27.34,52.61,29.85,0.6818,LOW,PROGRESS,573.7055,605.4104,639.2449,0,78.1329,WEAK,26.3394
420,1,BOOT,BOOT BARN HOLDINGS INC,Consumer Discretionary,,mid,157.95,1.307,0.9722,0.9406,0.8295,STRONG_UP,-12.28,76.03,56.0,-35.01,50.6,48.24,0.4692,LOW,PROGRESS,152.893,172.5098,178.499,0,79.7475,WEAK,26.3364
421,-61,CYTK,CYTOKINETICS INC,Health Care,,mid,65.37,1.2398,0.9831,1.0056,0.9954,FLAT,7.11,66.97,-5.26,-30.48,51.81,40.05,0.6431,LOW,-,64.1315,63.9106,55.9264,1,86.6387,TREND+LEAD,26.332
422,18,MDGL,MADRIGAL PHARMACEUTICALS INC,Health Care,,large,518.58,1.251,0.9608,1.1183,1.0096,FLAT,18.64,68.49,122.59,-29.36,48.59,45.35,0.6178,LOW,-,500.286,471.385,456.3336,1,73.3837,TREND+LEAD,26.2625
423,-19,ORA,ORMAT TECH INC,Utilities,,mid,113.81,1.2073,0.9713,1.0072,0.9361,FLAT,5.39,62.61,92.09,-20.05,57.83,35.79,0.7029,LOW,-,111.551,113.6321,105.1682,1,101.1613,TREND+LEAD,26.1684
424,11,TXN,Texas Instruments,Information Technology,Semiconductors,large,216.29,1.1304,0.9773,1.0631,1.1069,STRONG_DOWN,26.28,52.25,36.86,-29.57,52.21,35.31,0.5606,LOW,-,199.57,206.5366,188.7832,1,77.2553,TREND+LEAD,26.1091
425,72,IDCC,INTERDIGITAL INC,Information Technology,,mid,365.5,1.3904,1.0156,0.9965,1.1525,FLAT,2.48,87.26,285.64,-25.52,53.41,50.5,0.5136,LOW,-,325.5663,346.1496,320.2927,1,92.2909,TREND+LEAD,26.0976
426,-86,DAL,Delta Air Lines,Industrials,Passenger Airlines,large,71.99,1.3331,1.031,1.0613,1.0367,FLAT,18.18,79.54,58.25,-22.9,50.2,47.01,0.8773,LOW,-,66.731,66.6458,62.2178,1,84.9362,TREND+LEAD,26.0707
427,92,AX,AXOS FINANCIAL INC,Financials,,mid,94.77,1.1914,0.9834,1.0885,1.0132,FLAT,12.13,60.46,93.57,-19.04,53.41,36.78,1.1049,MED,-,87.326,90.273,86.9625,1,87.8026,TREND+LEAD,26.0485
428,-2,SANM,SANMINA CORP,Information Technology,,mid,154.31,1.524,1.0568,1.1788,0.9089,FLAT,22.95,105.25,166.47,-32.69,55.42,72.2,0.5253,LOW,-,135.582,139.3376,135.5864,1,80.792,TREND+LEAD,26.0466
429,-58,BKR,Baker Hughes,Energy,Oil & Gas Equipment & Services,large,60.07,1.1934,0.9201,1.0072,1.1867,STRONG_DOWN,35.14,60.73,95.39,-16.86,57.43,34.25,0.7572,LOW,-,61.5345,60.8641,49.9342,1,101.8334,TREND+LEAD,26.0351
430,54,ADPT,ADAPTIVE BIOTECHNOLOGIES CORP,Health Care,,mid,14.53,1.4404,1.0533,1.0371,0.7922,STRONG_UP,-6.74,93.99,428.36,-39.35,50.6,66.87,0.4661,LOW,PROGRESS,13.821,14.833,14.7455,0,71.123,WEAK,26.0204
431,6,OPLN,OPENLANE INC,Industrials,,mid,30.78,1.2294,1.0043,1.0721,0.994,FLAT,16.86,65.57,79.27,-17.32,53.01,33.26,0.3355,LOW,-,28.645,28.4678,27.8015,1,104.5105,TREND+LEAD,26.0014
432,-42,TRGP,Targa Resources,Energy,Oil & Gas Storage & Transportation,large,238.75,1.0507,0.9476,0.9474,1.2912,FLAT,60.62,41.51,118.59,-17.43,54.22,23.49,0.4179,LOW,-,243.907,234.7008,185.1955,1,95.8127,TREND+LEAD,25.9585
433,17,VSEC,VSE CORP,Industrials,,mid,224.64,1.5193,0.9997,1.1205,1.0586,FLAT,40.93,104.62,191.83,-27.4,51.41,60.91,0.4664,LOW,-,191.5655,203.1178,176.4764,1,88.3016,TREND+LEAD,25.9316
434,19,PTCT,PTC THERAPEUTICS INC,Health Care,,mid,73.57,1.177,1.0087,1.0425,0.9363,FLAT,11.32,58.52,190.91,-27.55,55.02,36.29,0.4334,LOW,-,68.3392,68.5593,65.2795,1,88.7262,TREND+LEAD,25.9151
435,-33,LAUR,LAUREATE EDUCATION INC,Consumer Discretionary,,mid,33.01,1.2667,0.9603,0.9214,0.9312,FLAT,10.81,70.59,138.34,-11.95,55.82,35.33,0.7167,LOW,-,34.1055,33.9212,30.5143,1,111.5362,TREND+LEAD,25.8595
436,-16,STLD,Steel Dynamics,Materials,Steel,large,194.11,1.2463,0.9924,1.078,1.1213,STRONG_DOWN,32.86,67.85,42.95,-20.33,53.82,39.04,0.8247,LOW,-,178.6154,185.6258,157.4596,1,93.537,TREND+LEAD,25.7841
437,10,CRL,Charles River Laboratories,Health Care,Life Sciences Tools & Services,mid,180.56,1.286,0.9991,1.1227,0.8208,FLAT,6.13,73.2,-22.29,-32.98,55.02,50.65,0.4913,LOW,-,167.719,170.0168,174.9319,1,79.5145,TREND+LEAD,25.7759
438,-6,LPG,DORIAN LPG LTD,Energy,,small,35.62,1.4415,0.9906,1.0719,1.2357,STRONG_DOWN,42.26,94.14,11.6,-24.99,51.41,44.53,0.7088,LOW,-,34.11,33.7376,28.6182,1,108.6903,TREND+LEAD,25.7641
439,68,CGEM,CULLINAN THERAPEUTICS INC,Health Care,,small,14.95,1.4586,0.9548,1.0631,1.3528,STRONG_DOWN,93.15,96.45,-13.68,-36.67,51.0,59.58,1.2068,MED,-,14.0025,13.8644,9.9193,1,82.5622,TREND+LEAD,25.7422
440,18,TFC,Truist Financial,Financials,Diversified Banks,large,49.59,1.072,0.9543,1.0629,0.9888,FLAT,15.35,44.38,53.06,-20.67,54.22,27.41,0.6042,LOW,-,46.7705,48.7689,46.2011,1,87.7907,TREND+LEAD,25.6913
441,-3,MAR,Marriott International,Consumer Discretionary,"Hotels, Resorts & Cruise Lines",large,363.74,1.2461,1.0011,1.0622,1.1214,STRONG_DOWN,36.32,67.82,50.99,-12.65,51.0,31.89,0.9257,LOW,-,335.718,336.472,295.5126,1,108.4649,TREND+LEAD,25.6808
442,19,EL,Estée Lauder Companies (The),Consumer Staples,Personal Care Products,large,76.6,1.0973,1.0153,0.8234,0.6465,STRONG_UP,-18.81,47.78,-41.89,-43.62,53.82,61.7,0.4567,LOW,PROGRESS,74.1515,91.1379,94.2327,0,41.677,WEAK,25.6614
443,13,CVI,CVR ENERGY INC,Energy,,mid,31.64,1.308,1.0067,1.0141,1.2989,STRONG_DOWN,-10.37,76.17,-3.3,-48.21,50.6,63.05,0.5741,LOW,-,32.53,27.8236,30.0276,1,61.1287,TREND+LEAD,25.6495
444,248,SOUN,SOUNDHOUND AI INC CLASS A,Information Technology,,mid,7.85,0.7511,1.1642,0.9594,0.6845,STRONG_UP,-62.37,1.16,93.35,-72.43,44.18,79.15,1.6266,HIGH,SHIFT,6.6847,7.4869,11.8785,0,0.6474,WEAK,25.6354
445,46,SONO,SONOS INC,Consumer Discretionary,,small,13.86,1.3365,1.0325,0.982,0.8415,STRONG_UP,-13.21,80.0,-18.13,-33.72,50.2,42.67,0.4856,LOW,-,13.326,14.4476,15.0211,0,94.1176,WEAK,25.5506
446,42,ADAM,ADAMAS INC TRUST,Financials,,small,7.76,1.2261,0.9802,0.9599,0.9685,FLAT,18.13,65.14,49.15,-17.07,53.82,31.63,0.529,LOW,-,7.4219,7.6583,6.9277,1,110.8323,TREND+LEAD,25.5413
447,-13,PLTR,Palantir Technologies,Information Technology,Application Software,large,142.15,1.1385,1.0582,0.8761,0.7838,STRONG_UP,-20.91,53.33,549.68,-38.19,55.42,57.29,0.9174,LOW,EARLY,145.332,143.6146,164.12,0,51.5869,WEAK,25.5248
448,72,IBRX,IMMUNITYBIO INC,Health Care,,mid,7.78,2.3293,1.0103,0.9057,2.534,FLAT,209.96,213.71,58.13,-42.44,49.8,174.29,0.2661,LOW,-,7.6313,7.9134,4.0141,1,61.0634,TREND+LEAD,25.4678
449,-40,JOE,ST JOE,Real Estate,,mid,66.98,1.1906,0.9589,0.9088,1.0321,FLAT,38.62,60.35,22.76,-16.94,51.41,30.41,0.4317,LOW,-,65.0515,67.9063,57.824,1,102.0203,TREND+LEAD,25.4174
450,-6,REAL,THE REALREAL INC,Consumer Discretionary,,small,10.5,1.5197,1.0526,1.0096,0.6222,STRONG_UP,1.74,104.68,228.12,-51.95,50.2,70.6,0.458,LOW,-,9.3695,10.6704,10.9189,0,74.4314,WEAK,25.3773
451,-8,GRAL,GRAIL INC,Health Care,,mid,49.79,1.3951,1.0169,1.0046,0.4675,STRONG_UP,-28.14,87.89,264.49,-62.92,49.8,135.49,0.4318,LOW,PROGRESS,49.7395,61.7488,66.2653,0,32.3032,WEAK,25.3676
452,14,HPE,Hewlett Packard Enterprise,Information Technology,"Technology Hardware, Storage & Peripherals",large,24.62,1.2596,0.9632,1.0929,1.1034,STRONG_DOWN,-0.29,69.64,51.37,-23.73,56.22,46.55,0.4026,LOW,-,23.9304,22.6147,22.461,1,84.1099,TREND+LEAD,25.3393
453,-43,BHE,BENCHMARK ELECTRONICS INC,Information Technology,,mid,62.3,1.3265,0.9731,1.0984,1.2799,STRONG_DOWN,66.12,78.66,115.01,-15.0,55.82,40.46,0.5127,LOW,-,58.1677,57.2393,45.841,1,108.5192,TREND+LEAD,25.269
454,-51,TCBI,TEXAS CAPITAL BANCSHARES INC,Financials,,mid,103.15,1.1756,0.9884,1.0778,1.0499,FLAT,20.97,58.33,85.82,-14.21,56.63,31.62,0.6319,LOW,-,96.5555,97.884,90.5732,1,104.4609,TREND+LEAD,25.1593
455,75,XPRO,EXPRO GROUP HOLDINGS NV,Energy,,small,16.16,1.4404,0.9405,0.9107,0.9776,FLAT,30.74,94.0,-15.88,-16.82,49.4,49.18,1.3957,MED,-,17.048,16.9124,13.6758,1,94.4181,TREND+LEAD,25.1176
456,75,ARI,APOLLO COMMERCIAL REAL ESTATE FINA,Financials,,small,11.22,1.1271,1.0064,1.0531,1.1304,STRONG_DOWN,15.93,51.8,34.44,-10.04,52.21,22.39,0.7709,LOW,-,10.5151,10.4124,9.7623,1,120.7964,TREND+LEAD,25.1069
457,11,PI,IMPINJ INC,Information Technology,,mid,108.46,1.2196,0.9989,1.044,0.5882,FLAT,-45.18,64.26,-10.65,-62.24,50.2,86.46,0.3948,LOW,PROGRESS,102.0545,110.2039,153.7956,0,37.3096,WEAK,25.1037
458,-44,ABCB,AMERIS BANCORP,Financials,,mid,82.67,1.1737,0.961,1.0557,1.0228,FLAT,11.02,58.07,90.4,-13.85,49.4,27.31,0.4336,LOW,-,78.5893,79.6219,74.5688,1,105.0468,TREND+LEAD,25.1016
459,33,FITB,Fifth Third Bancorp,Financials,Regional Banks,large,49.84,1.1143,0.964,1.0869,1.0185,FLAT,16.83,50.08,57.11,-21.21,53.41,32.14,0.5323,LOW,-,46.6999,48.628,45.0294,1,83.2251,TREND+LEAD,25.0771
460,-18,CLSK,CLEANSPARK INC,Information Technology,,mid,11.26,1.1484,1.0723,1.0645,0.8303,STRONG_UP,-48.77,54.67,-22.24,-64.74,49.8,95.32,0.6239,LOW,SHIFT,9.612,9.7789,12.218,0,28.5626,WEAK,25.0661
461,-7,NTCT,NETSCOUT SYSTEMS INC,Information Technology,,mid,32.4,1.1998,0.961,1.0074,1.1593,STRONG_DOWN,26.22,61.6,69.01,-17.38,51.0,30.21,0.7589,LOW,-,32.0345,30.3634,26.8298,1,103.9853,TREND+LEAD,24.9907
462,-46,CMC,COMMERCIAL METALS,Materials,,mid,64.91,1.1699,0.9616,1.0047,0.8646,FLAT,8.34,57.57,20.64,-29.96,50.6,36.34,0.4789,LOW,-,62.3831,69.1423,62.8172,1,80.1562,TREND+LEAD,24.98
463,9,ARM,Arm Holdings,Technology,Semiconductors,large,159.34,1.1714,1.0333,1.1962,1.4928,STRONG_DOWN,-5.25,57.76,30.37,-41.47,51.41,63.13,0.5212,LOW,-,146.4603,131.7383,138.5684,1,47.0389,TREND+LEAD,24.9668
464,-78,BLBD,BLUE BIRD CORP,Industrials,,small,62.1,1.3867,0.948,1.0892,1.2491,STRONG_DOWN,10.16,86.77,72.45,-23.45,54.62,44.96,0.689,LOW,-,58.3635,57.485,53.161,1,105.4094,TREND+LEAD,24.8986
465,-249,PII,POLARIS INC,Consumer Discretionary,,mid,47.88,1.1556,0.8238,0.8561,0.6749,FLAT,-30.02,55.63,-40.51,-34.21,49.4,51.78,4.8894,HIGH,EARLY,54.439,58.1816,59.3289,0,53.0749,WEAK,24.854
466,-20,XPEL,XPEL INC,Consumer Discretionary,,small,46.21,1.3268,0.9655,1.1784,0.8523,FLAT,35.43,78.69,-13.56,-31.79,51.0,43.62,0.6567,LOW,-,42.754,45.0801,41.7566,1,92.0069,TREND+LEAD,24.8257
467,0,HWC,HANCOCK WHITNEY CORP,Financials,,mid,67.03,1.0571,0.9537,1.036,0.9852,FLAT,8.78,42.38,69.71,-17.45,51.81,25.98,1.0106,MED,-,64.3895,66.302,62.3333,1,84.5101,TREND+LEAD,24.8246
468,-84,WTTR,SELECT WATER SOLUTIONS INC CLASS A,Energy,,mid,14.99,1.3894,0.963,0.9813,1.273,STRONG_DOWN,50.21,87.12,75.68,-20.45,51.41,45.77,0.6414,LOW,-,15.012,14.06,11.0726,1,97.8588,TREND+LEAD,24.8124
469,5,IVR,INVESCO MORTGAGE CAPITAL REIT INC,Financials,,small,8.4,1.1503,0.9749,0.9871,0.949,FLAT,26.23,54.92,48.68,-16.54,52.61,26.88,0.759,LOW,-,8.0392,8.2155,7.4217,1,107.4868,TREND+LEAD,24.796
470,62,BRSP,BRIGHTSPIRE CAPITAL INC CLASS A,Financials,,small,5.97,1.1277,0.9999,1.0469,1.0298,FLAT,18.6,51.88,23.07,-12.12,50.2,23.24,0.7534,LOW,-,5.5989,5.6067,5.2889,1,112.0639,TREND+LEAD,24.7917
471,-7,NPK,NATIONAL PRESTO INDUSTRIES INC,Industrials,,small,142.68,1.2733,0.9694,1.0119,1.1861,STRONG_DOWN,29.77,71.49,83.46,-23.32,54.62,37.1,0.3259,LOW,-,138.182,134.136,113.4797,1,105.2499,TREND+LEAD,24.7915
472,-73,PTEN,PATTERSON UTI ENERGY INC,Energy,,mid,9.92,1.3337,0.9503,0.8844,1.3848,FLAT,79.19,79.62,-4.26,-20.42,52.61,45.13,0.7999,LOW,-,10.6535,9.4909,6.7875,1,92.819,TREND+LEAD,24.7809
473,74,RCAT,RED CAT HOLDINGS INC,Industrials,,small,13.03,1.8677,1.0609,0.7338,0.9383,FLAT,-14.61,151.54,1063.39,-60.08,49.0,119.65,0.482,LOW,-,13.4992,13.5252,10.8854,1,62.0616,TREND+LEAD,24.772
474,-38,PLD,Prologis,Real Estate,Industrial REITs,large,139.77,1.0707,0.9837,1.0028,1.0482,STRONG_DOWN,22.99,44.21,30.35,-9.59,54.62,22.01,0.8313,LOW,-,133.0745,135.2557,121.4965,1,109.7054,TREND+LEAD,24.7501
475,-8,SPG,Simon Property Group,Real Estate,Retail REITs,large,201.61,1.0614,0.9843,1.0113,1.0801,STRONG_DOWN,17.41,42.96,58.45,-11.54,53.82,21.85,0.5349,LOW,-,189.7175,192.8098,178.65,1,105.8095,TREND+LEAD,24.7391
476,101,TEAM,Atlassian,Technology,Computer Software,large,66.0,0.2387,1.0874,0.8421,0.492,STRONG_UP,-57.79,-67.85,-66.13,-75.13,45.38,70.3,1.562,HIGH,EARLY,66.827,76.0336,142.3713,0,-43.8007,WEAK,24.7217
477,-55,CVX,Chevron Corporation,Energy,Integrated Oil & Gas,large,184.91,1.0599,0.9436,0.8927,1.0982,FLAT,23.9,42.75,28.99,-12.43,55.42,24.0,0.5632,LOW,-,199.3885,191.3396,161.9596,1,98.7252,TREND+LEAD,24.698
478,-5,BFH,BREAD FINANCIAL HOLDINGS INC,Financials,,mid,83.15,1.3654,1.0128,1.1047,1.1888,STRONG_DOWN,41.28,83.89,155.7,-19.26,56.63,48.09,0.4792,LOW,-,75.9575,74.7047,67.1489,1,98.7851,TREND+LEAD,24.6932
479,-1,CUBI,CUSTOMERS BANCORP INC,Financials,,mid,75.98,1.2509,0.9847,1.0968,0.9668,FLAT,14.1,68.47,63.96,-20.31,51.0,37.7,0.4558,LOW,-,70.519,70.7364,69.1324,1,92.6253,TREND+LEAD,24.6617
480,29,EVLV,EVOLV TECHNOLOGIES HOLDINGS INC CL,Information Technology,,small,6.36,1.4096,1.0128,1.1447,0.9507,FLAT,-23.37,89.85,61.42,-44.06,49.4,53.25,0.4835,LOW,-,5.9373,5.5899,6.7336,0,83.3545,WEAK,24.6027
481,131,MIAX,MIAMI INTERNATIONAL HOLDINGS INC,Financials,,mid,44.22,1.0681,1.0388,1.0614,1.0172,FLAT,1.52,43.85,43.85,-26.79,55.09,32.59,1.0496,MED,-,40.2395,40.6352,,0,74.1267,WEAK,24.5886
482,-30,DVN,Devon Energy,Energy,Oil & Gas Exploration & Production,large,45.23,1.1759,0.9176,0.9116,1.1794,FLAT,39.89,58.37,-8.15,-14.19,51.41,31.78,0.447,LOW,-,48.9525,46.0005,37.3409,1,94.4185,TREND+LEAD,24.5765
483,-18,MD,PEDIATRIX MEDICAL GROUP INC,Health Care,,small,22.19,1.2539,1.0101,1.0809,0.9912,FLAT,37.91,68.87,148.77,-23.65,55.82,39.0,0.5147,LOW,-,21.086,20.5688,18.8534,1,98.5776,TREND+LEAD,24.5513
484,-22,AUB,ATLANTIC UNION BANKSHARES CORP,Financials,,mid,38.03,1.1917,0.9526,1.0532,1.0122,FLAT,7.84,60.5,29.38,-18.33,48.19,30.63,0.7978,LOW,-,36.0875,37.3854,34.9083,1,95.1845,TREND+LEAD,24.5338
485,166,QUBT,QUANTUM COMPUTING INC,Information Technology,,small,9.4,1.0888,1.3468,1.1915,0.7391,STRONG_UP,-56.84,46.65,1102.05,-74.37,46.99,92.58,3.2808,HIGH,-,7.157,7.7909,13.2908,0,23.6756,WEAK,24.4922
486,14,MRCY,MERCURY SYSTEMS INC,Industrials,,mid,85.51,1.3308,1.0484,1.0046,0.8529,STRONG_UP,9.97,79.23,210.27,-32.19,56.22,65.29,0.6582,LOW,-,77.494,82.303,74.4978,1,68.2223,TREND+LEAD,24.4625
487,3,CEG,Constellation Energy,Utilities,Electric Utilities,large,294.73,1.0772,1.0216,0.9155,0.8787,STRONG_UP,-24.15,45.07,59.79,-38.77,51.81,52.28,0.489,LOW,PROGRESS,290.6125,295.3574,327.4038,0,44.6675,WEAK,24.4259
488,37,OMER,OMEROS CORP,Health Care,,small,12.25,1.3455,0.9991,1.0389,0.9212,FLAT,198.78,81.21,257.14,-59.59,46.99,61.7,0.9685,LOW,-,11.0065,11.323,8.2103,1,61.8509,TREND+LEAD,24.3746
489,6,TCMD,TACTILE SYSTEMS TECHNOLOGY INC,Health Care,,small,25.35,1.4099,1.0277,0.8839,0.8312,STRONG_UP,73.51,89.89,76.29,-35.39,50.2,55.99,0.6246,LOW,-,25.5512,27.2673,20.9359,1,80.5922,TREND+LEAD,24.3522
490,-65,ULTA,Ulta Beauty,Consumer Discretionary,Other Specialty Retail,large,539.14,1.1451,0.983,0.9851,0.7988,FLAT,-0.35,54.22,27.1,-27.83,51.81,39.76,0.623,LOW,PROGRESS,527.0415,606.2564,562.8789,0,70.6532,WEAK,24.2979
491,-20,TALO,TALOS ENERGY INC,Energy,,mid,14.37,1.507,0.9607,0.9838,1.1808,STRONG_DOWN,54.52,102.97,7.96,-18.0,54.62,57.49,0.4385,LOW,-,15.3515,13.9056,10.9285,1,97.8259,TREND+LEAD,24.2309
492,-33,XOM,ExxonMobil,Energy,Integrated Oil & Gas,large,149.01,1.0984,0.9336,0.8968,1.1332,FLAT,34.75,47.93,34.24,-13.1,57.03,28.98,0.5433,LOW,-,160.3075,154.4268,124.3101,1,94.3249,TREND+LEAD,24.1803
493,30,GRMN,Garmin,Consumer Discretionary,Consumer Electronics,large,265.84,1.0618,1.0066,1.0807,1.241,STRONG_DOWN,7.49,43.0,93.08,-27.97,59.04,36.49,0.5377,LOW,-,243.2645,235.7712,223.7952,1,69.5749,TREND+LEAD,24.1788
494,-13,BA,Boeing,Industrials,Aerospace & Defense,large,223.93,1.0626,0.9885,1.0152,0.9079,FLAT,4.49,43.11,31.3,-24.96,51.81,31.53,0.6227,LOW,-,206.651,220.359,219.2801,1,70.8443,TREND+LEAD,24.1591
495,-26,HCA,HCA Healthcare,Health Care,Health Care Facilities,large,488.58,1.1033,0.9357,0.9158,1.0051,FLAT,17.12,48.6,57.96,-14.17,57.43,30.35,0.7022,LOW,-,488.2835,511.0857,451.4712,1,91.9633,TREND+LEAD,24.1464
496,25,CF,CF Industries,Materials,Fertilizers & Agricultural Chemicals,large,120.81,1.2387,0.983,0.9365,1.4047,FLAT,40.87,66.83,63.02,-24.87,57.03,54.31,0.5687,LOW,-,126.9935,112.9792,91.945,1,70.1741,TREND+LEAD,24.1384
497,148,HIMS,HIMS HERS HEALTH INC CLASS A,Health Care,,mid,24.29,0.6692,1.1947,0.9293,0.7628,STRONG_UP,-55.04,-9.87,91.41,-78.06,44.58,120.54,1.0997,MED,SHIFT,20.8965,19.811,38.5784,0,-3.6503,WEAK,24.0943
498,-12,EBAY,eBay Inc.,Consumer Discretionary,Broadline Retail,large,100.01,1.1502,1.0164,1.0211,1.0453,STRONG_DOWN,10.58,54.91,105.58,-20.67,56.22,37.0,0.6669,LOW,-,93.1875,89.8773,88.141,1,83.4307,TREND+LEAD,24.0624
499,-6,AMAL,AMALGAMATED FINANCIAL CORP,Financials,,small,42.01,1.1982,0.9661,1.0733,1.2277,STRONG_DOWN,53.31,61.38,102.01,-24.41,51.81,31.73,0.6259,LOW,-,39.5585,39.4912,32.4103,1,100.225,TREND+LEAD,24.0216
500,-11,FISI,FINANCIAL INSTITUTIONS INC,Financials,,small,34.28,1.1838,0.9683,1.0735,1.0801,STRONG_DOWN,27.23,59.43,127.78,-13.72,49.4,26.47,0.5899,LOW,-,32.2705,32.2969,29.0768,1,110.9123,TREND+LEAD,23.9924
501,28,FTRE,FORTREA HOLDINGS INC,Health Care,,small,10.05,1.4865,1.0408,0.9902,0.5895,STRONG_UP,5.24,100.2,-72.7,-51.79,49.4,73.85,0.7483,LOW,-,9.4815,10.437,10.8217,0,67.0256,WEAK,23.9921
502,-123,MRX,MAREX GROUP PLC,Financials,,mid,52.03,1.0302,1.0112,1.3433,1.3129,FLAT,66.72,38.75,182.58,-41.13,50.2,43.26,1.2295,MED,-,43.939,41.3051,36.8754,1,44.9685,TREND+LEAD,23.9897
503,-55,OII,OCEANEERING INTERNATIONAL INC,Energy,,mid,35.77,1.5379,0.9533,0.9895,1.3002,STRONG_DOWN,60.91,107.12,,-15.27,51.0,54.41,0.8083,LOW,-,35.9205,35.0012,26.8483,1,100.4086,TREND+LEAD,23.9411
504,-3,DHT,DHT HOLDINGS INC,Energy,,mid,17.66,1.3509,0.9637,0.9993,1.298,STRONG_DOWN,61.65,81.94,77.61,-15.22,52.21,42.48,0.7659,LOW,-,17.8855,17.3251,13.2992,1,100.7132,TREND+LEAD,23.9027
505,34,OSBC,OLD SECOND BANCORP INC,Financials,,small,21.67,1.1061,0.9804,1.0594,1.0455,FLAT,21.48,48.98,67.4,-12.91,53.01,27.93,1.1113,MED,-,20.4145,20.2472,18.9243,1,92.9541,TREND+LEAD,23.8988
506,-36,SRE,Sempra,Utilities,Multi-Utilities,large,95.47,1.0378,0.9297,0.9577,1.0355,STRONG_DOWN,6.03,39.77,52.9,-8.81,56.22,21.0,0.5487,LOW,-,96.4346,93.8038,87.1452,1,106.4614,TREND+LEAD,23.8838
507,-130,SD,SANDRIDGE ENERGY INC,Energy,,small,14.86,1.2195,0.9385,0.8479,1.0,FLAT,29.9,64.25,10.17,-17.61,55.02,35.0,0.3815,LOW,-,16.0301,16.5447,13.3613,1,100.9989,TREND+LEAD,23.8761
508,32,WWW,WOLVERINE WORLD WIDE INC,Consumer Discretionary,,small,17.65,1.2696,0.998,1.0225,0.9458,FLAT,-30.76,70.99,92.67,-54.62,50.6,52.09,0.6145,LOW,-,16.4958,17.0491,20.9512,0,68.958,WEAK,23.855
509,220,PAX,PATRIA INVESTMENTS LTD CLASS A,Financials,,mid,12.9,1.013,1.0065,1.0844,0.7444,FLAT,-8.52,36.43,5.91,-35.64,55.42,35.29,1.1291,MED,SHIFT,12.061,12.6423,14.0253,0,57.2035,WEAK,23.8326
510,-2,IRM,Iron Mountain,Real Estate,Other Specialized REITs,large,113.55,1.0561,1.0148,1.0052,1.2301,FLAT,11.91,42.24,61.95,-25.15,55.82,34.46,0.3953,LOW,-,104.4775,104.3844,95.5485,1,68.4164,TREND+LEAD,23.8234
511,7,BKU,BANKUNITED INC,Financials,,mid,47.42,1.1769,0.9738,1.0569,1.0391,FLAT,21.19,58.51,106.73,-16.4,53.41,33.35,0.4853,LOW,-,45.1825,46.3845,41.5353,1,93.7044,TREND+LEAD,23.7861
512,-8,MSTR,MicroStrategy,Technology,Computer Software,large,143.54,0.342,1.082,0.9129,0.7873,STRONG_UP,-52.26,-53.94,14.46,-76.53,46.59,91.68,0.6099,LOW,SHIFT,131.3185,132.5386,244.4818,0,-27.413,WEAK,23.7416
513,-34,PLXS,PLEXUS CORP,Information Technology,,mid,220.49,1.3428,0.9589,1.0777,1.238,STRONG_DOWN,57.56,80.85,132.29,-15.51,54.62,44.58,0.7318,LOW,-,209.8835,202.522,159.6776,1,99.0562,TREND+LEAD,23.7004
514,40,SHOP,Shopify,Technology,Computer Software,large,127.41,1.1267,1.1013,0.9528,0.7957,STRONG_UP,-16.66,51.75,85.46,-38.18,51.41,64.46,0.7404,LOW,SHIFT,117.608,120.2924,141.2944,0,41.2738,WEAK,23.6231
515,-19,FANG,Diamondback Energy,Energy,Oil & Gas Exploration & Production,large,185.87,1.0887,0.9691,0.9489,1.1964,FLAT,32.74,46.63,-3.16,-12.53,50.6,29.93,1.0468,MED,-,192.73,180.828,153.3675,1,78.834,TREND+LEAD,23.4713
516,-40,ADM,Archer Daniels Midland,Consumer Staples,Agricultural Products & Services,large,66.95,1.1156,0.9244,0.8872,1.0271,FLAT,9.98,50.25,19.36,-12.79,49.4,27.18,0.6032,LOW,-,70.7455,69.3568,61.5643,1,91.3339,TREND+LEAD,23.47
517,106,JXN,JACKSON FINANCIAL INC CLASS A,Financials,,mid,107.49,1.1531,1.0103,0.9895,0.9455,STRONG_UP,9.85,55.31,80.0,-16.31,57.03,36.37,0.5595,LOW,-,104.5365,108.6982,100.1352,1,86.7226,TREND+LEAD,23.4261
518,9,ASO,ACADEMY SPORTS AND OUTDOORS INC,Consumer Discretionary,,mid,59.09,1.2102,1.0309,1.135,1.0377,FLAT,9.43,62.98,1.49,-26.42,51.41,42.24,0.5315,LOW,-,55.3533,57.2886,52.4249,1,76.6577,TREND+LEAD,23.4212
519,-39,HUBB,Hubbell Incorporated,Industrials,Industrial Machinery & Supplies & Components,large,526.94,1.1692,0.9573,1.0688,1.0917,STRONG_DOWN,24.03,57.47,36.34,-13.8,54.62,33.55,0.8798,LOW,-,503.629,501.4313,453.7882,1,93.5621,TREND+LEAD,23.4076
520,-105,ARR,ARMOUR RESIDENTIAL REIT INC,Financials,,mid,17.56,1.0944,0.9714,0.9775,0.9528,FLAT,21.85,47.39,38.22,-16.79,55.42,28.83,0.8133,LOW,-,16.7745,17.1584,15.7288,1,91.1009,TREND+LEAD,23.4009
521,-36,DLR,Digital Realty,Real Estate,Data Center REITs,large,195.69,1.0092,1.0103,1.0368,1.2169,STRONG_DOWN,15.55,35.91,52.23,-16.83,54.22,22.17,0.6321,LOW,-,181.8895,178.1545,167.5265,1,87.8336,TREND+LEAD,23.3861
522,-128,ZWS,ZURN ELKAY WATER SOLUTIONS CORP,Industrials,,mid,47.39,1.1995,0.9568,1.0014,1.0035,STRONG_DOWN,2.67,61.55,52.25,-17.02,51.0,32.86,0.7404,LOW,-,45.863,48.1066,45.7923,1,95.5222,TREND+LEAD,23.37
523,-182,SMP,STANDARD MOTOR PRODUCTS INC,Consumer Discretionary,,small,36.69,1.2065,0.9449,0.9875,0.9237,FLAT,-4.18,62.49,23.05,-22.56,51.81,33.0,0.3631,LOW,-,36.068,38.9734,37.6138,0,98.1082,WEAK,23.3115
524,4,L,Loews Corporation,Financials,Multi-line Insurance,large,110.23,0.9631,0.9657,0.9703,1.0472,STRONG_DOWN,7.54,29.7,51.19,-7.25,56.63,15.08,0.3819,LOW,-,107.59,108.7859,101.7632,1,111.5512,TREND_ONLY,23.3058
525,-98,BEAM,BEAM THERAPEUTICS INC,Health Care,,mid,30.68,1.3706,1.1319,1.1352,0.8522,FLAT,20.69,84.6,19.38,-38.15,49.4,72.07,0.9441,LOW,-,25.343,26.4682,24.418,1,57.9865,TREND+LEAD,23.2872
526,50,REGN,Regeneron Pharmaceuticals,Health Care,Biotechnology,large,753.93,1.0247,0.9538,0.9493,0.9845,FLAT,31.99,38.01,-15.11,-21.43,51.0,26.58,0.7776,LOW,-,753.453,765.9056,671.2869,1,72.9269,TREND+LEAD,23.2375
527,55,AMR,ALPHA METALLURGICAL RESOURCE INC,Materials,,mid,193.55,1.2129,1.0152,0.9692,0.7627,STRONG_UP,17.81,63.36,-44.57,-34.85,50.2,54.95,0.7773,LOW,-,202.7245,191.5188,171.8957,1,57.8838,TREND+LEAD,23.2085
528,-23,FE,FirstEnergy,Utilities,Electric Utilities,large,50.55,0.9574,0.9459,0.9434,1.0877,FLAT,8.42,28.94,48.96,-7.73,56.22,15.5,0.8483,LOW,-,50.4575,49.9678,45.3348,1,104.9805,TREND_ONLY,23.1895
529,12,PIPR,PIPER SANDLER COMPANIES,Financials,,mid,88.58,1.2083,1.0336,1.1344,0.984,FLAT,4.5,62.73,99.91,-24.56,54.22,43.63,0.5563,LOW,-,78.1836,77.9726,81.148,1,77.9574,TREND+LEAD,23.1773
530,64,FOXA,Fox Corporation (Class A),Communication Services,Broadcasting,large,63.66,0.9888,0.9853,1.0436,0.8609,FLAT,10.09,33.17,113.83,-28.89,58.23,31.1,,LOW,-,59.6255,59.1602,61.8904,1,62.1026,TREND_ONLY,23.1223
531,-14,MUR,MURPHY OIL CORP,Energy,,mid,38.22,1.4488,0.9819,0.9929,1.1079,STRONG_DOWN,37.8,95.13,-9.37,-17.26,52.21,53.41,0.5166,LOW,-,39.6875,35.8497,29.6895,1,92.9947,TREND+LEAD,23.1116
532,41,TILE,INTERFACE INC,Industrials,,small,27.13,1.0829,0.979,0.9576,0.8826,STRONG_UP,2.19,45.85,80.24,-29.88,49.8,31.77,1.2156,MED,-,25.7469,28.9301,27.3018,0,71.8727,WEAK,23.0319
533,-30,EMR,Emerson Electric,Industrials,Electrical Components & Equipment,large,140.4,1.0741,0.9427,1.0128,0.9358,FLAT,9.08,44.66,30.35,-23.45,57.83,38.46,0.7416,LOW,-,133.8345,141.6521,136.7767,1,67.1529,TREND+LEAD,23.0108
534,34,DG,Dollar General,Consumer Staples,Consumer Staples Merchandise Retail,large,121.56,1.0306,0.9861,0.8916,0.7959,STRONG_UP,18.27,38.8,-12.22,-25.58,50.2,33.53,0.6074,LOW,-,120.2395,136.2396,119.7517,1,58.0847,TREND+LEAD,22.9555
535,-94,SMCI,Supermicro,Information Technology,"Technology Hardware, Storage & Peripherals",large,27.29,0.6354,1.1416,0.8277,0.9495,FLAT,-48.62,-14.42,-72.05,-66.18,48.19,99.81,0.7005,LOW,PROGRESS,24.015,28.6526,39.066,0,-6.9644,WEAK,22.953
536,-10,PENG,PENGUIN SOLUTIONS INC,Information Technology,,small,26.5,1.1968,1.1265,1.4374,1.2853,FLAT,17.46,61.19,36.11,-44.57,52.21,56.84,1.1648,MED,-,19.9725,19.3288,21.7101,1,56.2077,TREND+LEAD,22.9224
537,-26,OBK,ORIGIN BANCORP INC,Financials,,small,44.85,1.1143,0.9602,1.0527,1.1067,STRONG_DOWN,30.86,50.08,66.43,-17.09,55.02,27.23,0.5483,LOW,-,42.2085,42.545,38.1755,1,101.1926,TREND+LEAD,22.8663
538,70,WYNN,Wynn Resorts,Consumer Discretionary,Casinos & Gaming,large,106.84,1.0858,0.9894,0.9882,0.9011,STRONG_UP,-7.59,46.23,9.76,-27.27,49.4,38.69,0.7145,LOW,SHIFT,102.116,105.8243,115.1743,0,59.0293,WEAK,22.8535
539,-27,AME,Ametek,Industrials,Electrical Components & Equipment,large,230.1,1.0848,0.9573,1.0202,1.0738,STRONG_DOWN,24.25,46.1,30.17,-13.57,50.6,25.55,0.5257,LOW,-,219.6555,225.3811,200.66,1,91.3017,TREND+LEAD,22.8409
540,6,JPM,JPMorgan Chase,Financials,Diversified Banks,large,305.93,1.0085,0.9576,1.0244,0.9824,FLAT,2.25,35.83,76.5,-15.47,56.63,24.68,,LOW,-,295.8214,298.3336,300.5888,1,82.2149,TREND+LEAD,22.8065
541,-47,AMZN,Amazon,Consumer Discretionary,Broadline Retail,large,248.5,1.0584,1.0331,1.1036,1.0329,FLAT,14.84,42.55,35.56,-21.74,55.02,33.71,0.83,LOW,-,217.339,213.671,225.2825,1,69.4413,TREND+LEAD,22.7742
542,-6,DRH,DIAMONDROCK HOSPITALITY,Real Estate,,small,10.3,1.1707,0.9926,1.0452,1.1095,STRONG_DOWN,36.49,57.67,24.83,-11.92,51.0,27.78,0.6184,LOW,-,9.5993,9.6386,8.5829,1,105.8727,TREND+LEAD,22.7693
543,13,ALGT,ALLEGIANT TRAVEL,Industrials,,small,88.24,1.5103,0.9866,1.0542,1.0035,FLAT,35.5,103.41,47.34,-34.96,47.79,64.26,0.5973,LOW,-,82.7635,91.5834,73.8086,1,76.907,TREND+LEAD,22.7385
544,277,UPST,UPSTART HOLDINGS INC,Financials,,mid,33.36,0.6284,1.1822,1.1457,0.7064,STRONG_UP,-33.8,-15.37,48.0,-71.21,53.41,75.35,1.8738,HIGH,SHIFT,26.819,29.0852,49.6865,0,-10.8967,WEAK,22.7219
545,-46,BBUC,BROOKFIELD BUSINESS CORP CLASS A,Industrials,,mid,34.75,1.0996,1.0323,1.0747,0.9693,FLAT,-5.6,48.09,73.12,-21.01,54.62,38.41,1.366,MED,-,32.5259,33.6539,33.8064,1,68.3833,TREND+LEAD,22.7182
546,88,SYNA,SYNAPTICS INC,Information Technology,,mid,77.66,1.1995,1.0194,0.9955,0.8351,STRONG_UP,16.36,61.56,-10.59,-29.31,50.6,49.09,0.6731,LOW,-,73.1855,78.1744,73.0527,1,63.4495,TREND+LEAD,22.7116
547,-134,DLTR,Dollar Tree,Consumer Staples,Consumer Staples Merchandise Retail,large,101.33,1.0277,0.9594,0.8659,0.7105,STRONG_UP,6.02,38.41,-18.32,-29.5,51.41,36.71,0.8647,LOW,EARLY,105.76,115.5248,111.5226,0,53.7908,WEAK,22.7033
548,-179,FLNG,FLEX LNG LTD,Energy,,small,30.8,1.1598,1.0176,1.0091,1.1527,FLAT,32.72,56.2,58.06,-11.05,53.82,29.89,0.9114,LOW,-,30.1805,28.4724,25.0405,1,101.1982,TREND+LEAD,22.6914
549,10,CRSP,CRISPR THERAPEUTICS AG,Health Care,,mid,56.76,1.1155,1.066,1.083,0.9814,FLAT,-18.19,50.24,-2.07,-42.25,49.0,67.39,1.0418,MED,-,49.3405,51.7074,56.4677,1,36.5288,TREND+LEAD,22.6717
550,-16,THFF,FIRST FINANCIAL CORPORATION CORP,Financials,,small,66.42,1.1654,0.956,1.0401,1.0647,STRONG_DOWN,23.68,56.96,104.61,-13.18,50.6,27.69,0.6971,LOW,-,63.5454,63.9398,58.4884,1,104.0895,TREND+LEAD,22.669
551,-49,GOLD,GOLD INC,Consumer Discretionary,,small,44.99,1.4297,0.9905,0.8979,1.1151,FLAT,64.2,92.55,25.67,-40.58,53.01,69.6,0.3136,LOW,-,42.813,50.1677,33.7213,1,70.4906,TREND+LEAD,22.603
552,50,DX,DYNEX CAPITAL REIT INC,Financials,,mid,13.41,1.0076,0.9861,0.983,0.9742,STRONG_UP,8.73,35.7,56.73,-15.27,53.41,22.65,0.5327,LOW,-,12.7767,13.2289,12.5059,1,84.19,TREND+LEAD,22.5863
553,-20,BANC,BANC OF CALIFORNIA INC,Financials,,mid,18.57,1.0907,0.9651,1.0483,0.9058,FLAT,7.48,46.89,41.79,-20.47,54.22,31.45,,LOW,-,17.6905,18.3513,17.3665,1,80.8411,TREND+LEAD,22.5351
554,13,ETR,Entergy,Utilities,Electric Utilities,large,114.95,1.0663,0.9508,1.0358,1.1959,STRONG_DOWN,20.5,43.61,143.3,-6.73,53.82,22.88,0.8995,LOW,-,110.1085,106.0356,94.5191,1,102.5747,TREND+LEAD,22.4276
555,-33,AORT,ARTIVION INC,Health Care,,small,37.47,1.2054,0.9969,0.9555,0.8672,STRONG_UP,-8.65,62.35,84.49,-29.77,53.01,40.89,0.3995,LOW,-,36.0475,37.2172,40.305,0,80.8287,WEAK,22.4093
556,-5,F,Ford Motor Company,Consumer Discretionary,Automobile Manufacturers,large,12.71,1.0555,1.0087,1.0174,0.9131,FLAT,11.56,42.16,18.92,-22.31,51.0,32.38,0.5533,LOW,-,11.824,12.6666,12.2985,1,66.4023,TREND+LEAD,22.3948
557,42,DAWN,DAY ONE BIOPHARMACEUTICALS INC,Health Care,,mid,21.47,2.3582,0.9709,0.9638,1.9682,FLAT,204.54,217.6,46.95,-26.86,47.39,153.22,0.2478,LOW,-,21.426,16.9712,10.2783,1,67.3034,TREND+LEAD,22.3767
558,66,CBOE,Cboe Global Markets,Financials,Financial Exchanges & Data,large,304.99,1.0444,1.0049,0.9952,1.1188,FLAT,28.35,40.66,75.62,-10.32,54.22,24.48,0.4759,LOW,-,288.397,287.1927,256.8191,1,90.053,TREND+LEAD,22.3591
559,-43,BIIB,Biogen,Health Care,Biotechnology,large,180.54,1.1627,0.9902,0.9312,1.0489,FLAT,24.24,56.6,-7.49,-14.34,52.61,36.46,0.8784,LOW,-,181.233,186.2484,161.2368,1,81.6658,TREND+LEAD,22.3395
560,122,OSIS,OSI SYSTEMS INC,Information Technology,,mid,305.9,1.1995,1.0091,1.0865,1.0497,FLAT,22.24,61.55,122.78,-18.47,55.02,41.25,0.8533,LOW,-,281.1635,278.5758,256.3653,1,82.1001,TREND+LEAD,22.2817
561,154,EOSE,EOS ENERGY ENTERPRISES INC CLASS A,Industrials,,small,7.08,1.075,1.1559,1.1998,0.4025,FLAT,-58.3,44.79,773.0,-77.1,49.0,140.24,2.1658,HIGH,-,5.2778,7.5817,10.3651,0,15.648,WEAK,22.2406
562,-2,SIG,SIGNET JEWELERS LTD,Consumer Discretionary,,mid,92.69,1.265,0.9675,1.0427,1.0203,FLAT,-8.38,70.37,-1.78,-25.69,51.81,51.95,0.4651,LOW,-,88.397,90.9844,90.4668,1,70.1839,TREND+LEAD,22.089
563,3,IRON,DISC MEDICINE INC,Health Care,,mid,70.18,1.2709,1.013,1.1183,0.8956,FLAT,-3.86,71.17,134.48,-40.55,54.62,73.96,0.351,LOW,SHIFT,63.8102,65.5665,70.8641,0,52.5601,WEAK,22.0571
564,14,CCL,Carnival,Consumer Discretionary,"Hotels, Resorts & Cruise Lines",large,28.82,1.203,1.0052,1.0978,0.9436,FLAT,-0.02,62.02,108.3,-29.3,52.21,59.0,0.7352,LOW,SHIFT,26.0845,28.3048,28.8751,0,54.8837,WEAK,22.0202
565,-7,IMKTA,INGLES MARKETS INC CLASS A,Consumer Staples,,small,90.17,1.1016,0.9198,0.9904,1.2755,STRONG_DOWN,22.05,48.37,25.44,-11.7,54.62,25.92,0.7866,LOW,-,89.3727,87.2666,73.944,1,101.9197,TREND+LEAD,22.0172
566,-53,ASTE,ASTEC INDUSTRIES INC,Industrials,,small,59.35,1.3066,0.9423,1.068,1.199,STRONG_DOWN,29.38,75.97,44.37,-21.86,51.0,42.48,0.6084,LOW,-,55.561,56.8276,47.9177,1,91.2074,TREND+LEAD,21.9846
567,-10,AVAV,AEROVIRONMENT INC,Industrials,,mid,198.42,1.0244,1.0846,0.8523,0.5112,STRONG_UP,-50.6,37.97,32.76,-56.82,51.0,82.38,0.4776,LOW,PROGRESS,192.1205,222.5606,274.5411,0,23.5089,WEAK,21.9687
568,-33,CFFN,CAPITOL FEDERAL FINANCIAL INC,Financials,,small,7.58,1.1427,0.9612,1.0364,1.1254,STRONG_DOWN,22.53,53.9,67.28,-10.59,50.6,26.54,0.6466,LOW,-,7.267,7.3029,6.5317,1,102.7668,TREND+LEAD,21.9537
569,69,DDOG,Datadog,Information Technology,Application Software,large,121.06,0.9783,1.0791,0.8978,0.9728,FLAT,-24.75,31.76,-4.64,-48.62,46.99,68.85,0.9019,LOW,SHIFT,118.932,119.1347,138.6878,0,21.6753,WEAK,21.942
570,52,LILAK,LIBERTY LATIN AMERICA LTD CLASS C,Communication,,small,8.44,1.2051,0.9657,0.9934,1.128,STRONG_DOWN,6.57,62.31,16.41,-22.55,52.21,35.98,0.5393,LOW,-,8.3815,8.1334,7.8826,1,90.4137,TREND+LEAD,21.9277
571,49,LYB,LyondellBasell,Materials,Specialty Chemicals,large,73.13,1.0606,0.9829,0.9817,1.4001,FLAT,63.2,42.84,-14.35,-35.45,47.79,54.42,0.4943,LOW,-,76.308,66.6138,53.1604,1,37.6175,TREND+LEAD,21.9175
572,7,PFS,PROVIDENT FINANCIAL SERVICES INC,Financials,,mid,22.31,1.142,0.9649,1.0483,1.1172,STRONG_DOWN,17.3,53.81,81.26,-14.49,50.2,29.59,0.6854,LOW,-,21.2865,21.7002,19.6676,1,91.2914,TREND+LEAD,21.8903
573,-10,CRVS,CORVUS PHARMACEUTICALS INC,Health Care,,small,15.11,3.4734,0.9367,0.9347,2.1793,FLAT,114.63,367.8,927.89,-48.47,49.4,341.01,0.274,LOW,-,14.4045,16.4707,9.7954,1,53.2812,TREND+LEAD,21.8839
574,-119,LION,LIONSGATE STUDIOS CORP,Communication,,mid,10.66,1.2684,0.9732,1.0525,1.1676,STRONG_DOWN,74.75,70.83,-0.93,-31.41,47.39,51.17,0.9147,LOW,-,9.9055,9.4386,7.6962,1,65.6008,TREND+LEAD,21.8704
575,94,TGT,Target Corporation,Consumer Staples,Consumer Staples Merchandise Retail,large,122.87,1.0547,0.9623,1.0058,1.1117,STRONG_DOWN,41.28,42.05,-18.9,-20.27,54.22,31.5,0.8137,LOW,-,118.9385,117.115,100.4449,1,72.3816,TREND+LEAD,21.8653
576,-5,IMAX,IMAX CORP,Communication,,mid,37.06,1.264,0.9511,0.907,1.0394,FLAT,18.4,70.23,119.68,-16.18,51.41,43.52,0.5927,LOW,-,37.835,38.1476,33.6086,1,82.9675,TREND+LEAD,21.8183
577,95,AES,AES Corporation,Utilities,Independent Power Producers & Energy Traders,large,14.45,1.1388,0.9741,0.9726,1.0273,FLAT,2.9,53.38,0.52,-23.27,53.01,46.52,0.6132,LOW,-,14.2265,14.9542,13.7692,1,60.8278,TREND+LEAD,21.7955
578,-36,INDB,INDEPENDENT BANK CORP,Financials,,mid,79.43,1.1024,0.9496,1.029,1.0535,STRONG_DOWN,15.63,48.47,76.37,-14.3,47.79,25.38,0.7911,LOW,-,76.4925,78.5004,71.5489,1,91.2714,TREND+LEAD,21.7945
579,50,MIR,MIRION TECHNOLOGIES INC CLASS A,Information Technology,,mid,19.76,1.0601,1.0044,0.9806,0.7404,STRONG_UP,-20.48,42.77,89.64,-41.78,53.82,51.42,0.6756,LOW,PROGRESS,19.003,20.6148,22.8504,0,44.771,WEAK,21.7777
580,0,PRDO,PERDOCEO EDUCATION CORP,Consumer Discretionary,,mid,35.12,1.0267,0.9556,0.956,1.1205,STRONG_DOWN,1.63,38.28,116.45,-27.22,52.21,27.85,0.8088,LOW,-,36.299,34.2192,32.1827,1,71.7657,TREND+LEAD,21.7749
581,-1,ENSG,ENSIGN GROUP INC,Health Care,,large,197.92,1.1482,0.9538,0.8994,1.0966,FLAT,11.27,54.64,68.76,-12.76,53.01,35.45,0.4666,LOW,-,200.8935,204.5811,178.8107,1,81.6983,TREND+LEAD,21.7731
582,65,WRBY,WARBY PARKER INC CLASS A,Consumer Discretionary,,mid,23.66,1.2319,1.0976,0.9586,0.8084,STRONG_UP,6.87,65.92,87.63,-42.26,49.4,74.87,0.5611,LOW,SHIFT,22.027,23.3306,23.7956,0,43.4938,WEAK,21.721
583,161,NUVL,NUVALENT INC CLASS A,Health Care,,mid,104.75,1.1116,0.9729,1.0116,0.9554,FLAT,23.73,49.71,61.78,-15.79,51.41,35.83,1.0969,MED,-,100.8295,101.4781,93.5324,1,71.3212,TREND+LEAD,21.7142
584,-102,FSS,FEDERAL SIGNAL CORP,Industrials,,mid,113.15,1.1262,0.9578,1.0087,0.9583,FLAT,-4.51,51.68,37.46,-19.04,51.41,31.86,0.9962,LOW,SHIFT,110.2895,112.63,115.4471,0,83.3965,WEAK,21.7009
585,36,PSKY,Paramount Skydance Corporation,Communication Services,Movies & Entertainment,large,11.67,0.822,1.0448,1.2084,0.9552,FLAT,-31.9,10.71,15.79,-55.05,48.19,66.73,0.8445,LOW,SHIFT,9.7775,10.4077,13.484,0,7.7311,WEAK,21.6818
586,9,ETN,Eaton Corporation,Industrials,Electrical Components & Equipment,large,395.06,1.1032,0.9583,1.0374,1.1772,STRONG_DOWN,6.15,48.58,28.46,-19.13,53.41,35.36,0.8162,LOW,-,372.5405,369.6451,357.795,1,73.3857,TREND+LEAD,21.6518
587,20,TTD,Trade Desk (The),Communication Services,Advertising,large,22.38,0.343,1.0548,0.8532,0.5929,STRONG_UP,-55.88,-53.81,-72.75,-77.62,49.8,64.47,0.8105,LOW,PROGRESS,21.983,24.5591,44.7178,0,-41.5642,WEAK,21.6161
588,-39,GPGI,GPGI INC CLASS A,Information Technology,,mid,16.46,1.1652,0.9755,0.9104,0.6917,STRONG_UP,-19.5,56.93,216.94,-38.22,53.41,62.4,0.611,LOW,EARLY,17.0145,20.0935,19.4359,0,48.7284,WEAK,21.5762
589,-8,DOW,Dow Inc.,Materials,Commodity Chemicals,large,38.84,1.1209,0.9918,1.0057,1.3679,STRONG_DOWN,81.95,50.96,-22.59,-32.02,47.39,50.94,0.6274,LOW,-,39.4055,35.1839,26.6201,1,47.4078,TREND+LEAD,21.5706
590,11,TALK,TALKSPACE INC,Health Care,,small,5.17,1.4061,0.9723,0.9613,1.3418,FLAT,69.51,89.38,70.63,-33.43,47.79,59.17,0.5291,LOW,-,5.1585,4.7836,3.4656,1,72.1876,TREND+LEAD,21.563
591,-6,SOC,SABLE OFFSHORE CORP CLASS A,Energy,,mid,12.93,0.4896,0.9647,0.7172,1.1285,FLAT,-26.91,-34.06,18.52,-87.52,46.99,120.91,0.432,LOW,-,15.4235,12.6024,15.5824,0,-13.2386,WEAK,21.5477
592,135,ZS,Zscaler,Technology,EDP Services,large,131.01,0.4795,1.0412,0.8026,0.6014,STRONG_UP,-56.59,-35.42,-24.85,-64.89,51.81,63.37,1.2809,MED,EARLY,137.85,152.8286,243.7741,0,-28.96,WEAK,21.5404
593,-87,MAC,MACERICH REIT,Real Estate,,mid,21.52,1.1656,0.9912,1.0802,1.1673,STRONG_DOWN,28.02,56.99,47.34,-12.8,54.22,33.86,0.9945,LOW,-,19.61,19.4062,17.7965,1,91.2534,TREND+LEAD,21.4747
594,-32,GNL,GLOBAL NET LEASE INC,Real Estate,,mid,9.49,1.0252,0.9765,0.9422,1.0395,FLAT,27.78,38.07,81.57,-13.05,46.99,20.67,0.5235,LOW,-,9.2397,9.3395,8.0463,1,86.5429,TREND+LEAD,21.4612
595,14,SNCY,SUN COUNTRY AIRLINES HOLDINGS INC,Industrials,,small,17.77,1.3368,0.9858,1.0331,1.0174,FLAT,53.19,80.04,25.58,-28.85,49.0,51.5,0.4335,LOW,-,16.8595,18.1502,14.4129,1,76.1551,TREND+LEAD,21.4301
596,-32,SFL,SFL LTD,Energy,,small,10.89,1.1095,0.9687,1.0274,1.2891,STRONG_DOWN,61.81,49.43,0.38,-27.85,53.01,31.76,0.4266,LOW,-,10.729,10.3576,8.6083,1,82.5108,TREND+LEAD,21.42
597,-60,VST,Vistra Corp.,Utilities,Electric Utilities,large,162.94,1.0495,1.0362,0.949,0.9498,FLAT,-20.5,41.34,144.29,-34.51,52.21,52.09,0.6132,LOW,SHIFT,155.1555,159.8951,179.3734,0,41.4372,WEAK,21.401
598,28,ADNT,ADIENT PLC,Consumer Discretionary,,small,20.49,1.3894,0.9709,0.9614,0.854,STRONG_UP,-10.8,87.12,-28.46,-31.19,47.39,56.33,0.8656,LOW,-,20.3955,22.3332,22.1115,0,73.2962,WEAK,21.3477
599,122,BGC,BGC GROUP INC CLASS A,Financials,,mid,11.67,1.038,1.0277,1.1335,1.2924,STRONG_DOWN,27.83,39.8,56.81,-23.25,51.41,38.05,1.5337,HIGH,-,10.178,9.697,9.4717,1,53.7745,TREND+LEAD,21.3435
600,10,EQIX,Equinix,Real Estate,Data Center REITs,large,1052.98,1.0273,0.9915,1.0302,1.3033,STRONG_DOWN,30.3,38.36,48.17,-19.63,53.01,28.72,0.8412,LOW,-,997.099,954.0467,820.6186,1,70.8067,TREND+LEAD,21.3272
601,-4,FTDR,FRONTDOOR INC,Consumer Discretionary,,mid,60.7,1.1539,1.0222,0.9015,0.9862,FLAT,-8.52,55.4,102.67,-29.23,53.82,49.01,0.9785,LOW,-,56.6865,59.253,59.644,1,60.8393,TREND+LEAD,21.327
602,-2,USAR,USA RARE EARTH INC CLASS A,Materials,,mid,18.35,0.87,1.0661,0.8912,0.9874,FLAT,-51.13,17.18,74.55,-69.23,45.38,112.95,0.7744,LOW,-,16.3142,18.586,17.4533,1,6.9014,TREND_ONLY,21.3046
603,-31,WFC,Wells Fargo,Financials,Diversified Banks,large,80.29,0.952,0.9067,1.0066,0.8892,FLAT,-4.08,28.22,48.96,-22.75,55.42,32.62,1.7471,HIGH,EARLY,80.5215,83.0523,83.8953,0,47.9386,WEAK,21.2903
604,-89,SRRK,SCHOLAR ROCK HOLDING CORP,Health Care,,mid,49.32,1.2305,0.974,1.1579,1.0643,FLAT,54.61,65.73,252.29,-34.86,48.59,61.36,0.8502,LOW,-,46.7985,45.9788,39.516,1,52.0472,TREND+LEAD,21.2546
605,-160,MCB,METROPOLITAN BANK HOLDING CORP,Financials,,small,89.21,1.2486,0.9622,1.0663,1.0834,STRONG_DOWN,13.42,68.16,171.7,-18.71,49.8,43.14,1.4165,MED,-,84.4525,86.631,78.4519,1,78.6818,TREND+LEAD,21.249
606,78,VAC,MARRIOTT VACATIONS WORLDWIDE CORP,Consumer Discretionary,,mid,69.71,1.032,0.9885,0.9584,1.1095,FLAT,7.57,38.99,-22.32,-45.84,51.41,56.21,0.3852,LOW,-,68.173,63.9184,64.7868,1,35.6648,TREND+LEAD,21.1995
607,-54,TXT,Textron,Industrials,Aerospace & Defense,large,90.49,1.035,0.9616,0.9453,0.9454,FLAT,8.08,39.39,-2.76,-14.69,55.42,29.26,0.5645,LOW,-,89.5175,93.4022,86.1986,1,74.6076,TREND+LEAD,21.1584
608,28,ASB,ASSOCIATED BANCORP,Financials,,mid,27.61,1.0819,0.9703,1.0675,1.0421,FLAT,6.64,45.71,49.52,-16.37,50.2,28.84,0.6271,LOW,-,25.9745,26.5149,25.6408,1,79.5606,TREND+LEAD,21.1572
609,24,CPRI,CAPRI HOLDINGS LTD,Consumer Discretionary,,mid,19.77,1.1062,0.9689,1.0197,0.7555,FLAT,-1.25,48.98,-49.22,-39.3,50.2,49.14,,LOW,SHIFT,18.5405,19.253,21.3186,0,50.0393,WEAK,21.1462
610,31,AXON,Axon Enterprise,Industrials,Aerospace & Defense,large,402.18,0.5222,1.112,0.7588,0.6287,STRONG_UP,-42.93,-29.67,33.92,-60.28,53.01,71.86,1.0181,MED,EARLY,425.242,461.2184,623.2894,0,-21.8874,WEAK,21.1459
611,24,SLAB,SILICON LABORATORIES INC,Information Technology,,mid,211.88,1.748,0.9783,0.9813,1.3983,STRONG_DOWN,62.0,135.42,69.87,-24.37,52.21,100.25,0.4103,LOW,-,208.4125,204.7536,152.8253,1,70.5276,TREND+LEAD,21.1323
612,2,CATY,CATHAY GENERAL BANCORP,Financials,,mid,53.33,1.0632,0.9615,1.0735,1.0572,FLAT,9.67,43.19,63.95,-12.33,51.81,26.2,0.6103,LOW,-,50.6045,50.8083,48.482,1,85.4014,TREND+LEAD,21.1231
613,-38,GEF,GREIF INC CLASS A,Materials,,mid,67.45,1.0179,0.9333,0.9744,0.9365,FLAT,17.0,37.09,14.89,-18.03,49.4,23.77,0.4434,LOW,-,66.943,69.8253,65.0922,1,77.0926,TREND+LEAD,21.1229
614,54,WSM,"Williams-Sonoma, Inc.",Consumer Discretionary,Homefurnishing Retail,large,192.87,1.0567,0.9793,1.0119,0.9209,FLAT,1.39,42.32,40.69,-20.56,51.41,34.65,0.927,LOW,-,183.9075,195.285,191.4738,1,62.7855,TREND+LEAD,21.118
615,-12,CTRE,CARETRUST REIT INC,Real Estate,,mid,39.73,1.0735,0.979,0.9665,1.0604,FLAT,22.03,44.58,84.17,-12.25,57.03,29.84,0.4168,LOW,-,37.9389,38.7526,35.1445,1,85.1916,TREND+LEAD,21.1157
616,80,LIF,LIFE360 INC,Information Technology,,mid,42.59,0.8712,0.9962,0.979,0.7025,STRONG_UP,-57.68,17.33,57.74,-65.64,54.22,87.16,0.4343,LOW,PROGRESS,40.3825,45.628,71.673,0,10.7792,WEAK,21.1134
617,-31,BNL,BROADSTONE NET LEASE INC,Real Estate,,mid,20.14,1.0026,0.9911,0.9907,1.0903,FLAT,13.76,35.03,60.8,-8.34,55.42,21.36,0.7441,LOW,-,18.9152,18.9377,17.5163,1,90.8768,TREND+LEAD,21.0345
618,114,UVSP,UNIVEST FINANCIAL CORP,Financials,,small,36.7,1.0435,0.9479,1.0681,1.1086,STRONG_DOWN,23.67,40.53,111.39,-14.01,49.8,27.54,2.076,HIGH,-,34.947,34.5336,31.8451,1,73.2964,TREND+LEAD,21.0336
619,70,FOX,Fox Corporation (Class B),Communication Services,Broadcasting,large,57.05,0.9576,0.9901,1.0344,0.8521,FLAT,10.07,28.96,108.8,-26.77,55.42,29.22,0.4649,LOW,-,53.7062,53.608,55.8653,1,54.934,TREND_ONLY,21.0284
620,-16,CWK,CUSHMAN AND WAKEFIELD LTD,Real Estate,,mid,13.89,1.2654,1.026,1.0646,0.8351,FLAT,-10.68,70.43,47.61,-31.4,50.6,58.65,0.3085,LOW,SHIFT,12.6305,13.1682,14.6706,0,60.7627,WEAK,21.0242
621,-10,ORC,ORCHID ISLAND CAPITAL INC,Financials,,small,7.36,1.0446,0.9944,0.9888,0.9615,STRONG_UP,11.64,40.68,32.51,-15.79,49.0,24.1,0.5333,LOW,-,7.0239,7.176,6.7613,1,82.7124,TREND+LEAD,21.0179
622,9,RCL,Royal Caribbean Group,Consumer Discretionary,"Hotels, Resorts & Cruise Lines",large,282.31,1.1095,0.994,0.9709,0.9994,FLAT,-9.26,49.43,128.12,-32.36,52.21,59.46,0.6403,LOW,PROGRESS,274.314,294.0001,301.2188,0,43.4047,WEAK,21.0103
623,-73,BKV,BKV CORP,Energy,,mid,26.54,1.1391,0.9327,0.8792,1.0162,FLAT,25.37,53.41,47.44,-19.71,54.22,39.51,0.49,LOW,-,28.357,29.3642,25.3407,1,73.2957,TREND+LEAD,20.9952
624,-76,PLUS,EPLUS,Information Technology,,mid,80.79,1.0401,0.9588,1.0219,0.919,FLAT,11.79,40.08,6.45,-20.65,50.2,27.9,0.6884,LOW,-,77.846,79.5646,78.0003,1,72.1089,TREND+LEAD,20.9512
625,-73,SRCE,1ST SOURCE CORP,Financials,,small,73.79,1.03,0.9633,1.0513,1.1367,STRONG_DOWN,23.63,38.72,61.75,-11.84,51.41,20.69,0.9359,LOW,-,70.3,69.4056,63.8692,1,96.2053,TREND+LEAD,20.9502
626,-116,TEX,TEREX CORP,Industrials,,mid,58.66,1.295,0.8849,0.9413,0.9529,STRONG_DOWN,8.97,74.42,-2.93,-28.29,50.2,57.78,0.9856,LOW,-,59.92,62.9047,54.4184,1,64.6538,TREND+LEAD,20.8957
627,-10,INVX,INNOVEX INTERNATIONAL INC,Energy,,small,26.01,1.2647,0.9567,0.9912,1.0537,STRONG_DOWN,46.7,70.33,26.2,-17.91,53.82,42.65,0.2988,LOW,-,25.065,25.4978,21.0158,1,88.7544,TREND+LEAD,20.8372
628,26,WHD,CACTUS INC CLASS A,Energy,,mid,53.27,1.1065,0.9591,1.0954,1.0103,FLAT,51.97,49.03,8.96,-30.07,53.01,45.61,0.654,LOW,-,49.4835,52.0208,45.4394,1,56.9847,TREND+LEAD,20.8297
629,17,ZETA,ZETA GLOBAL HOLDINGS CORP CLASS A,Information Technology,,mid,17.37,1.1363,1.1014,0.9208,0.7665,STRONG_UP,-9.58,53.04,48.72,-40.37,54.62,70.3,0.8359,LOW,SHIFT,16.0415,16.7352,18.2385,0,41.2095,WEAK,20.8001
630,209,DASH,DoorDash,Consumer Discretionary,Specialized Consumer Services,large,179.935,0.7448,1.1309,1.0127,0.8304,STRONG_UP,-33.49,0.3,34.44,-47.97,53.82,49.92,1.3776,MED,SHIFT,156.7037,167.6643,220.8611,0,0.3275,WEAK,20.7929
631,27,UNIT,UNITI GROUP INC,Communication,,mid,11.05,1.0831,1.006,1.3038,1.4025,STRONG_DOWN,106.16,45.88,30.15,-44.37,51.0,57.83,0.6163,LOW,-,9.284,8.526,7.2751,1,40.4608,TREND+LEAD,20.787
632,10,GLNG,GOLAR LNG LTD,Energy,,mid,53.83,1.0965,0.9794,1.1109,1.3285,STRONG_DOWN,42.9,47.67,129.99,-21.95,53.01,34.21,0.6298,LOW,-,53.51,47.9157,41.4673,1,73.8736,TREND+LEAD,20.7725
633,-119,DCH,DAUCH CORPORATION,Consumer Discretionary,,small,5.87,1.3536,0.9882,1.0108,0.7431,FLAT,4.82,82.3,-16.38,-42.44,51.81,66.94,0.5006,LOW,-,5.788,6.442,6.1418,0,63.6968,WEAK,20.7672
634,-50,USLM,UNITED STATES LIME AND MINERALS IN,Materials,,mid,133.82,1.0852,0.9541,1.0357,1.0258,FLAT,5.31,46.15,130.73,-22.46,53.82,43.98,1.0718,MED,-,129.2065,120.27,120.442,1,56.4805,TREND+LEAD,20.7569
635,24,COP,ConocoPhillips,Energy,Oil & Gas Exploration & Production,large,118.92,1.0575,0.9356,0.925,1.1748,FLAT,37.19,42.42,-2.29,-13.47,53.01,30.11,0.5029,LOW,-,127.444,118.6439,98.5667,1,74.6809,TREND+LEAD,20.7216
636,1,PCAR,Paccar,Industrials,Construction Machinery & Heavy Transportation Equipment,large,123.48,1.0832,0.9441,1.0224,1.0233,STRONG_DOWN,32.27,45.89,12.15,-14.07,45.38,26.43,0.8124,LOW,-,118.426,121.6216,106.6678,1,78.7928,TREND+LEAD,20.7215
637,-92,NWN,NORTHWEST NATURAL HOLDING COMPANY,Utilities,,mid,54.39,0.9915,0.9468,0.992,1.1632,STRONG_DOWN,25.1,33.54,68.27,-9.85,57.43,19.91,0.3741,LOW,-,53.723,51.813,45.6576,1,96.7387,TREND_ONLY,20.7101
638,-42,KOP,KOPPERS HOLDINGS INC,Materials,,small,37.54,1.1691,0.9845,0.9512,1.2607,FLAT,41.37,57.46,-31.03,-23.96,50.6,37.63,0.3903,LOW,-,37.4165,36.187,30.9025,1,77.2599,TREND+LEAD,20.6818
639,31,CALX,CALIX NETWORKS INC,Information Technology,,mid,49.12,1.0794,0.9651,0.9125,0.8791,STRONG_UP,-17.0,45.37,67.25,-34.71,53.82,49.65,0.3919,LOW,EARLY,49.7065,51.202,55.7617,0,49.1788,WEAK,20.6716
640,128,XERS,XERIS BIOPHARMA HOLDINGS INC,Health Care,,small,6.2,1.1283,1.0021,1.0563,0.8045,FLAT,-23.65,51.96,244.44,-46.57,49.8,43.32,0.5669,LOW,-,5.752,6.1466,6.99,0,59.7333,WEAK,20.6699
641,-22,UVE,UNIVERSAL INSURANCE HOLDINGS INC,Financials,,small,34.42,1.1457,0.949,0.9664,1.1459,STRONG_DOWN,16.73,54.31,91.17,-18.95,52.21,32.59,0.5929,LOW,-,33.9985,33.357,29.4991,1,86.9997,TREND+LEAD,20.6363
642,201,AAPL,Apple Inc.,Information Technology,"Technology Hardware, Storage & Peripherals",large,266.43,1.0227,0.9935,1.0016,1.0091,STRONG_DOWN,7.74,37.74,58.73,-13.8,53.41,25.7,0.9633,LOW,-,254.6495,260.7906,251.2184,1,78.4356,TREND+LEAD,20.603
643,229,DNLI,DENALI THERAPEUTICS INC,Health Care,,mid,21.68,1.2827,1.0917,1.0005,1.1672,FLAT,42.54,72.75,25.03,-23.42,49.4,66.78,1.0435,MED,-,19.9102,20.2893,17.1307,1,53.8155,TREND+LEAD,20.5741
644,8,TROX,TRONOX HOLDINGS PLC,Materials,,small,9.28,1.4145,1.0129,1.1313,1.6075,STRONG_DOWN,134.25,90.5,-36.03,-51.47,49.8,84.34,0.4688,LOW,-,8.805,7.8586,5.2165,1,53.4387,TREND+LEAD,20.5576
645,-58,SBCF,SEACOAST BANKING OF FLORIDA,Financials,,mid,32.25,1.0745,0.9577,1.0329,0.973,FLAT,3.24,44.71,54.24,-16.26,50.2,29.41,0.6305,LOW,-,30.6925,31.6136,30.6964,1,76.322,TREND+LEAD,20.5409
646,-14,VTR,Ventas,Real Estate,Health Care REITs,large,84.87,0.9574,0.9705,0.9277,1.0922,FLAT,26.45,28.94,115.72,-10.89,51.81,17.82,0.9121,LOW,-,83.2881,84.0517,74.2524,1,84.1453,TREND_ONLY,20.537
647,-22,TCBK,TRICO BANCSHARES,Financials,,small,50.2,1.0359,0.9563,1.0285,1.0207,FLAT,16.2,39.51,66.8,-12.37,51.81,23.19,0.4696,LOW,-,48.237,48.7661,45.6349,1,88.2749,TREND+LEAD,20.5246
648,31,CSCO,Cisco,Information Technology,Communications Equipment,large,82.36,1.1219,0.9619,0.9984,1.0946,STRONG_DOWN,21.25,51.1,81.11,-13.57,55.42,36.31,0.5644,LOW,-,80.0886,79.6059,73.0889,1,78.0004,TREND+LEAD,20.508
649,-61,SMBC,SOUTHERN MISSOURI BANCORP INC,Financials,,small,66.6,1.0245,0.9626,1.0387,1.0823,STRONG_DOWN,30.75,37.99,71.77,-17.68,51.81,25.75,1.2548,MED,-,64.4125,63.8295,57.8806,1,76.4294,TREND+LEAD,20.4919
650,107,SERV,SERVE ROBOTICS INC,Consumer Discretionary,,small,9.56,1.3121,1.1493,0.9498,0.6273,STRONG_UP,-41.88,76.71,82.44,-56.28,47.39,83.42,0.9152,LOW,-,8.6955,9.3741,11.1316,0,43.578,WEAK,20.4771
651,-24,SWBI,SMITH WESSON BRANDS INC,Consumer Discretionary,,small,14.82,1.2619,0.9935,1.0133,1.3537,STRONG_DOWN,49.95,69.96,-1.76,-27.81,49.4,44.89,0.5572,LOW,-,14.598,13.1988,10.1221,1,76.9845,TREND+LEAD,20.4595
652,25,TT,Trane Technologies,Industrials,Building Products,large,462.56,1.0459,0.9766,1.0393,1.1821,STRONG_DOWN,9.35,40.86,59.11,-20.16,54.22,34.2,0.8452,LOW,-,434.3225,442.2846,422.1502,1,64.7833,TREND+LEAD,20.4537
653,57,ATEN,A10 NETWORKS INC,Information Technology,,small,25.51,1.2241,1.0032,1.1463,1.4464,STRONG_DOWN,44.72,64.86,101.84,-17.26,53.82,40.0,,LOW,-,23.4995,21.4173,18.665,1,87.2732,TREND+LEAD,20.4339
654,-4,HE,HAWAIIAN ELECTRIC INDUSTRIES INC,Utilities,,mid,15.15,1.0868,0.9368,0.9993,1.0621,STRONG_DOWN,34.79,46.38,59.14,-17.68,54.62,32.34,0.4815,LOW,-,14.9855,15.467,12.7884,1,78.3272,TREND+LEAD,20.431
655,1,SLB,Schlumberger,Energy,Oil & Gas Equipment & Services,large,52.42,1.1746,0.9692,1.0861,1.1042,STRONG_DOWN,63.17,58.19,7.86,-14.3,49.0,37.55,0.5371,LOW,-,50.596,49.844,39.8852,1,75.9355,TREND+LEAD,20.3669
656,17,OXY,Occidental Petroleum,Energy,Oil & Gas Exploration & Production,large,55.83,1.1015,0.9266,0.9243,1.245,FLAT,33.45,48.35,-13.13,-18.62,51.0,39.63,0.574,LOW,-,60.982,54.9848,45.9615,1,62.217,TREND+LEAD,20.3353
657,90,LC,LENDINGCLUB CORP,Financials,,small,16.56,1.3108,1.0782,1.1209,0.8149,FLAT,3.05,76.55,115.62,-38.28,53.01,67.21,0.5987,LOW,-,14.5975,15.1204,16.4292,1,60.3734,TREND+LEAD,20.3103
658,0,PFG,Principal Financial Group,Financials,Life & Health Insurance,large,94.68,1.0192,0.9962,1.0315,1.0302,FLAT,18.63,37.27,30.17,-11.96,52.61,25.96,0.8903,LOW,-,89.8985,91.1172,84.2335,1,75.5361,TREND+LEAD,20.3098
659,-76,RRR,RED ROCK RESORTS ORS CLASS A INC,Consumer Discretionary,,mid,56.58,1.0883,0.9745,0.9167,0.9175,FLAT,0.5,46.58,1.93,-20.3,54.22,34.26,0.7842,LOW,PROGRESS,56.405,59.1407,58.0459,0,73.7117,WEAK,20.3048
660,86,LYV,Live Nation Entertainment,Communication Services,Movies & Entertainment,large,155.82,0.9222,0.9248,0.9557,1.0442,STRONG_DOWN,1.96,24.2,68.98,-27.84,52.21,37.76,2.0816,HIGH,-,155.917,155.8094,151.5219,1,33.4594,TREND_ONLY,20.2915
661,-117,KURA,KURA ONCOLOGY INC,Health Care,,small,9.05,1.1686,0.9933,1.0081,0.951,FLAT,-5.93,57.39,-51.32,-39.04,50.2,48.01,0.5785,LOW,-,8.473,8.4664,8.7248,1,60.0092,TREND+LEAD,20.2873
662,-69,BALL,Ball Corporation,Materials,"Metal, Glass & Plastic Containers",large,62.76,1.0045,0.9697,0.9712,1.1051,STRONG_DOWN,32.83,35.29,1.17,-21.96,51.81,30.27,0.7343,LOW,-,60.3295,63.0543,54.666,1,60.404,TREND+LEAD,20.2717
663,-71,GRDN,GUARDIAN PHARMACY SERVICES INC CLA,Health Care,,mid,37.09,1.1709,0.8863,1.0399,1.2108,STRONG_DOWN,51.88,57.7,131.81,-25.83,54.22,48.21,0.6575,LOW,-,37.3615,34.8838,28.6905,1,64.8881,TREND+LEAD,20.2496
664,1,ARRY,ARRAY TECHNOLOGIES INC,Industrials,,small,7.63,1.3885,1.028,1.0433,0.8044,FLAT,-15.88,87.01,-33.07,-44.31,51.0,93.29,1.4504,MED,-,7.1725,8.4638,8.3823,0,47.5667,WEAK,20.2334
665,-76,NWE,NORTHWESTERN ENERGY GROUP INC,Utilities,,mid,73.36,0.9866,1.0078,1.0361,1.0791,STRONG_DOWN,28.28,32.88,68.14,-13.55,56.63,24.09,1.0031,MED,-,67.736,68.1194,61.288,1,77.2999,TREND_ONLY,20.2228
666,-36,WSFS,WSFS FINANCIAL CORP,Financials,,mid,69.07,1.0932,0.9545,1.0549,1.2131,STRONG_DOWN,27.63,47.24,68.85,-14.91,51.0,29.61,0.7952,LOW,-,66.198,65.9141,58.2703,1,81.3638,TREND+LEAD,20.2002
667,109,AGIO,AGIOS PHARMACEUTICALS INC,Health Care,,mid,34.45,0.9425,1.0165,1.1389,1.1795,STRONG_DOWN,-14.39,26.93,19.62,-50.89,53.01,43.69,0.61,LOW,-,31.6295,29.6434,33.7755,1,32.6801,TREND_ONLY,20.1968
668,48,LLY,Lilly (Eli),Health Care,Pharmaceuticals,large,905.03,0.9212,0.9204,0.9297,0.8308,FLAT,11.76,24.06,22.89,-30.26,54.62,40.84,1.1791,MED,-,920.353,978.662,901.9877,1,32.1807,TREND_ONLY,20.1826
669,-5,ESQ,ESQUIRE FINANCIAL HOLDINGS INC,Financials,,small,115.01,1.082,0.9604,1.0241,1.0785,STRONG_DOWN,11.04,45.73,161.14,-15.42,55.02,37.22,2.1827,HIGH,-,109.5495,107.9886,102.4687,1,67.5927,TREND+LEAD,20.1692
670,-72,UCB,UNITED COMMUNITY BANKS INC,Financials,,mid,33.39,1.0386,0.931,1.0655,0.9918,FLAT,4.72,39.87,45.29,-17.95,51.81,28.8,0.9944,LOW,-,31.987,32.5746,31.4145,1,71.7308,TREND+LEAD,20.1679
671,-9,CRH,CRH plc,Materials,Construction Materials,large,116.21,1.0224,0.9774,1.0585,0.9411,FLAT,-2.91,37.7,50.23,-23.82,47.79,35.22,0.6345,LOW,-,107.6745,113.1718,113.4542,1,51.1584,TREND+LEAD,20.1496
672,-12,HGV,HILTON GRAND VACATIONS INC,Consumer Discretionary,,mid,47.38,1.0706,1.0191,1.0792,0.9826,FLAT,10.13,44.19,9.63,-28.48,50.6,40.07,0.536,LOW,-,42.0365,44.0478,44.3955,1,55.7995,TREND+LEAD,20.148
673,140,PRCH,PORCH GROUP INC,Information Technology,,small,7.44,1.0896,1.0295,0.9406,0.8131,STRONG_UP,-51.94,46.75,122.09,-66.39,48.59,70.79,0.985,LOW,-,7.204,7.54,11.6188,0,32.086,WEAK,20.1313
674,27,PBI,PITNEY BOWES INC,Industrials,,small,11.88,1.1264,1.0114,1.0949,1.1064,STRONG_DOWN,9.75,51.71,216.65,-28.28,50.6,34.94,0.4513,LOW,-,10.9625,10.6874,10.7291,1,74.8798,TREND+LEAD,20.1103
675,-120,SBH,SALLY BEAUTY HOLDINGS INC,Consumer Discretionary,,small,13.79,1.2783,0.9277,0.9347,0.8629,FLAT,-11.32,72.16,33.24,-21.82,51.41,45.99,0.383,LOW,-,13.795,14.8808,14.2363,0,80.6639,WEAK,20.0696
676,-107,CCNE,CNB FINANCIAL CORP,Financials,,small,30.5,1.0968,0.9463,1.0608,1.1437,STRONG_DOWN,25.4,47.72,75.17,-13.55,48.59,25.99,0.6519,LOW,-,29.314,28.8334,25.9053,1,89.2221,TREND+LEAD,20.0081
677,-112,AEP,American Electric Power,Utilities,Electric Utilities,large,134.39,0.9735,0.9518,0.9613,1.1281,STRONG_DOWN,15.32,31.11,81.39,-8.32,52.61,17.95,0.6237,LOW,-,131.681,130.0334,116.9748,1,91.1873,TREND_ONLY,19.9944
678,-62,UAL,United Airlines Holdings,Industrials,Passenger Airlines,large,94.27,1.0449,0.9376,0.9668,0.8373,FLAT,-8.61,40.72,127.16,-27.5,51.41,57.26,1.157,MED,PROGRESS,93.004,100.0706,100.1926,0,36.5621,WEAK,19.9894
679,40,CLDX,CELLDEX THERAPEUTICS INC,Health Care,,mid,33.87,1.4128,0.9786,1.0921,1.2648,STRONG_DOWN,27.96,90.28,-12.25,-24.23,48.59,67.16,0.9563,LOW,-,31.5245,28.7938,25.8748,1,65.3179,TREND+LEAD,19.9616
680,-23,ZGN,ERMENEGILDO ZEGNA NV,Consumer Discretionary,,mid,11.5,1.2642,0.9672,1.1273,1.0426,FLAT,20.42,70.26,7.19,-21.88,49.0,53.98,0.6414,LOW,-,10.4985,10.6328,9.7966,1,63.7801,TREND+LEAD,19.882
681,-157,QCRH,QCR HOLDINGS INC,Financials,,small,91.0,1.029,0.9615,1.0598,1.052,FLAT,25.43,38.59,66.98,-16.9,53.41,25.75,0.6847,LOW,-,86.3855,87.7277,80.5138,1,80.0471,TREND+LEAD,19.8701
682,-11,EBC,EASTERN BANKSHARES INC,Financials,,mid,20.68,1.0751,0.9584,1.0496,1.0756,STRONG_DOWN,11.17,44.8,,-15.04,50.2,28.4,0.5856,LOW,-,19.748,20.0857,18.1241,1,79.186,TREND+LEAD,19.8274
683,88,AMBA,AMBARELLA INC,Information Technology,,mid,57.14,0.9731,1.0425,1.0365,0.8674,STRONG_UP,-29.58,31.06,28.43,-49.06,48.59,52.98,0.6248,LOW,PROGRESS,53.043,57.9016,71.0976,0,28.4818,WEAK,19.822
684,21,NMRK,NEWMARK GROUP INC CLASS A,Real Estate,,mid,15.89,1.1483,1.0088,1.0331,0.9329,FLAT,-10.97,54.65,68.62,-29.08,50.6,47.82,0.4643,LOW,SHIFT,14.9185,14.9638,16.3787,0,57.826,WEAK,19.8124
685,32,ORRF,ORRSTOWN FINANCIAL SERVICES INC,Financials,,small,38.45,1.1036,0.9589,1.0686,1.0569,FLAT,14.21,48.64,62.97,-13.19,49.8,29.04,0.4046,LOW,-,36.4475,36.57,34.7828,1,83.4043,TREND+LEAD,19.8103
686,-81,EIX,Edison International,Utilities,Electric Utilities,large,71.35,0.9964,0.9141,0.9465,1.1527,STRONG_DOWN,30.68,34.19,18.44,-17.73,55.82,26.87,0.5158,LOW,-,71.8812,70.613,58.6197,1,71.0292,TREND_ONLY,19.7935
687,-39,META,Meta Platforms,Communication Services,Interactive Media & Services,large,671.58,0.9958,1.0381,1.0308,1.0741,FLAT,-5.07,34.12,35.29,-33.3,51.81,44.21,0.909,LOW,SHIFT,596.5355,629.4424,680.7045,0,39.9801,WEAK,19.7735
688,-25,TMP,TOMPKINS FINANCIAL CORP,Financials,,small,83.76,1.1285,0.9514,1.0853,1.1115,STRONG_DOWN,28.37,51.99,107.21,-13.03,51.41,30.35,0.6364,LOW,-,79.439,79.5266,70.7402,1,88.0641,TREND+LEAD,19.7468
689,-50,EVRG,Evergy,Utilities,Electric Utilities,large,81.54,0.9318,0.9384,0.9411,1.0747,STRONG_DOWN,6.27,25.49,78.28,-8.01,59.84,16.98,0.608,LOW,-,81.6665,81.1252,74.6639,1,89.8309,TREND_ONLY,19.6835
690,82,SCHW,Charles Schwab Corporation,Financials,Investment Banking & Brokerage,large,100.27,0.9956,1.0013,1.0203,0.971,FLAT,8.04,34.09,40.87,-14.61,59.04,28.2,0.7227,LOW,-,94.922,95.618,95.4621,1,71.3647,TREND_ONLY,19.6593
691,60,BBAI,BIGBEAR.AI HOLDINGS INC,Information Technology,,small,3.79,1.1301,1.119,0.9147,0.5955,STRONG_UP,-57.46,52.21,136.87,-65.88,47.39,83.03,0.7438,LOW,-,3.4815,3.8792,5.7628,0,29.7986,WEAK,19.6366
692,-9,ODFL,Old Dominion,Industrials,Cargo Ground Transportation,large,205.19,1.0377,0.9514,1.0633,1.1648,STRONG_DOWN,52.02,39.75,-5.75,-28.01,52.21,46.54,0.5011,LOW,-,195.97,195.7878,162.3844,1,44.5957,TREND+LEAD,19.6238
693,124,MFA,MFA FINANCIAL INC,Financials,,small,10.13,1.0153,0.986,0.9997,1.054,STRONG_DOWN,18.43,36.74,31.37,-10.87,51.41,23.93,1.07,MED,-,9.6224,9.6037,8.9543,1,78.9276,TREND+LEAD,19.6206
694,-28,UFCS,UNITED FIRE GROUP INC,Financials,,small,39.22,1.0904,0.9623,0.9982,1.0815,STRONG_DOWN,25.9,46.86,89.32,-9.43,53.01,27.3,0.6283,LOW,-,37.7755,37.828,33.5884,1,90.9821,TREND+LEAD,19.6199
695,-157,BKH,BLACK HILLS CORP,Utilities,,mid,76.56,0.9874,1.0049,1.0221,1.0548,STRONG_DOWN,27.84,32.99,63.04,-10.45,56.63,23.67,1.4364,MED,-,71.1675,72.1644,65.4159,1,78.9273,TREND_ONLY,19.6187
696,24,MCHB,MECHANICS BANCORP CLASS A,Financials,,mid,15.06,1.07,0.9481,1.0058,1.0529,STRONG_DOWN,10.6,44.11,27.28,-9.35,51.41,30.02,1.2584,MED,-,14.73,14.6729,13.6125,1,75.542,TREND+LEAD,19.6039
697,82,MC,MOELIS CLASS A,Financials,,mid,66.53,1.0143,1.0296,1.1945,0.897,FLAT,0.28,36.61,41.08,-33.26,52.61,42.25,0.5985,LOW,-,57.9115,60.2004,66.4489,1,45.5818,TREND+LEAD,19.5902
698,28,CCBG,CAPITAL CITY BANK INC,Financials,,small,46.43,1.0426,0.9643,1.0533,1.0515,FLAT,10.5,40.42,90.25,-12.94,53.82,26.44,0.4963,LOW,-,44.2235,43.215,41.8071,1,82.2818,TREND+LEAD,19.5698
699,-44,PEB,PEBBLEBROOK HOTEL TRUST REIT,Real Estate,,small,14.0,1.2273,0.997,1.1085,1.1456,STRONG_DOWN,30.57,65.29,-4.25,-16.39,47.39,37.03,0.5062,LOW,-,12.885,12.6256,11.4111,1,83.5554,TREND+LEAD,19.5517
700,-57,BY,BYLINE BANCORP INC,Financials,,small,33.16,1.0428,0.9615,1.0456,1.0794,STRONG_DOWN,21.39,40.45,70.75,-12.64,52.21,24.15,0.5718,LOW,-,31.8225,31.9506,29.1218,1,87.4459,TREND+LEAD,19.531
701,-21,KALV,KALVISTA PHARMACEUTICALS INC,Health Care,,small,20.86,1.3187,1.0157,1.2039,1.3464,STRONG_DOWN,80.76,77.61,75.59,-32.79,49.8,58.03,0.9206,LOW,-,18.761,17.088,14.6284,1,66.601,TREND+LEAD,19.518
702,-89,GATX,GATX CORP,Industrials,,mid,195.66,0.9961,0.9873,1.1168,1.0907,FLAT,13.3,34.16,56.64,-16.74,54.22,24.73,0.5608,LOW,-,176.5055,181.1006,168.3918,1,74.8862,TREND_ONLY,19.5103
703,49,STKL,SUNOPTA INC,Consumer Staples,,small,6.5,1.2439,0.9744,0.9632,1.44,FLAT,13.84,67.53,7.62,-50.22,44.18,67.37,0.459,LOW,-,6.48,6.3574,5.515,1,44.2821,TREND+LEAD,19.4511
704,8,COCO,THE VITA COCO COMPANY INC,Consumer Staples,,mid,49.79,1.1968,0.9905,0.8185,0.942,FLAT,27.44,61.18,108.07,-23.23,53.82,55.65,0.6984,LOW,-,50.628,53.7875,46.1611,1,59.1728,TREND+LEAD,19.4278
705,4,RYTM,RHYTHM PHARMACEUTICALS INC,Health Care,,mid,87.81,1.0629,0.9903,0.9572,0.7621,STRONG_UP,-16.53,43.15,127.96,-35.54,51.41,54.0,0.4484,LOW,PROGRESS,85.1675,92.2296,97.9592,0,41.0832,WEAK,19.4088
706,-39,RNST,RENASANT CORP,Financials,,mid,39.46,1.0726,0.9645,1.0687,1.0747,STRONG_DOWN,9.25,44.46,45.98,-17.19,49.8,30.29,0.4535,LOW,-,37.008,37.9824,36.6149,1,73.0937,TREND+LEAD,19.3064
707,43,COF,Capital One,Financials,Consumer Finance,large,202.98,0.9544,1.0125,1.0577,0.855,FLAT,-4.51,28.54,53.09,-31.47,58.23,40.71,0.5869,LOW,SHIFT,186.316,194.8718,214.5344,0,40.8241,WEAK,19.3044
708,76,SLNO,SOLENO THERAPEUTICS INC,Health Care,,mid,52.57,0.5582,0.9725,1.4945,1.2178,FLAT,-17.32,-24.82,39.11,-66.04,47.39,87.62,1.5598,HIGH,SHIFT,40.8505,39.6895,56.1299,0,-13.4267,WEAK,19.2514
709,-14,GILD,Gilead Sciences,Health Care,Biotechnology,large,139.77,1.0158,0.9555,0.9251,1.1144,FLAT,19.42,36.81,121.18,-13.34,52.21,28.74,0.5359,LOW,-,139.0485,144.3025,124.2605,1,66.8703,TREND+LEAD,19.2415
710,143,BFLY,BUTTERFLY NETWORK INC CLASS A,Health Care,,small,4.86,1.5355,1.1376,1.0878,0.9657,STRONG_UP,112.23,106.81,440.0,-49.43,46.99,132.15,0.8538,LOW,-,4.1405,3.7724,2.8139,1,37.9791,TREND+LEAD,19.2411
711,150,BX,Blackstone Inc.,Financials,Asset Management & Custody Banks,large,130.19,0.7726,1.0818,1.111,0.8162,FLAT,-18.97,4.05,13.39,-44.76,45.78,44.6,1.0964,MED,SHIFT,114.376,117.5594,147.611,0,4.1591,WEAK,19.2098
712,183,ARES,Ares Management,Financials,Asset Management & Custody Banks,large,119.28,0.6557,1.1056,1.0788,0.6999,STRONG_UP,-18.65,-11.69,-3.32,-49.3,50.2,59.1,1.0996,MED,SHIFT,106.6205,113.5848,151.357,0,-9.9299,WEAK,19.1893
713,-39,DCOM,DIME COMMUNITY BANCSHARES INC,Financials,,small,36.13,1.0959,0.9629,1.0664,1.1898,STRONG_DOWN,21.17,47.6,113.44,-18.15,51.0,30.42,0.4816,LOW,-,34.199,33.9162,30.2735,1,79.7955,TREND+LEAD,19.1605
714,-28,TDY,Teledyne Technologies,Information Technology,Electronic Equipment & Instruments,large,634.77,1.0226,0.9414,0.9434,1.1099,STRONG_DOWN,10.99,37.73,58.3,-18.39,53.82,33.24,0.8755,LOW,-,628.071,646.6194,568.7472,1,61.0851,TREND+LEAD,19.1359
715,-87,ACAD,ACADIA PHARMACEUTICALS INC,Health Care,,mid,21.76,1.1089,0.9365,0.9951,0.7969,FLAT,6.88,49.35,27.4,-27.58,48.19,42.12,0.7019,LOW,PROGRESS,21.6165,22.457,23.7167,0,56.4596,WEAK,19.1207
716,-67,TARS,TARSUS PHARMACEUTICALS INC,Health Care,,mid,71.8,1.0794,0.963,0.9833,0.9388,FLAT,2.82,45.37,105.73,-26.34,51.0,43.62,0.3252,LOW,-,68.9343,69.0777,64.7335,1,53.0502,TREND+LEAD,19.0832
717,70,URBN,URBAN OUTFITTERS INC,Consumer Discretionary,,mid,68.2,1.0616,0.964,0.9968,0.9571,FLAT,0.41,42.98,,-26.32,48.19,35.62,0.8219,LOW,SHIFT,64.5645,66.4528,70.8068,0,58.1431,WEAK,19.0606
718,41,XYZ,"Block, Inc.",Financials,Transaction & Payment Processing Services,large,67.97,0.9389,1.0532,1.0865,1.019,FLAT,-10.78,26.46,-7.07,-39.48,54.22,61.0,0.5215,LOW,SHIFT,60.793,59.001,68.041,0,23.5153,WEAK,19.0288
719,78,NTST,NETSTREIT CORP,Real Estate,,mid,20.18,0.9761,0.9782,0.9586,1.1093,FLAT,8.77,31.46,36.32,-11.24,53.82,21.07,0.9867,LOW,-,19.393,19.7421,18.2194,1,80.3634,TREND_ONLY,18.9979
720,29,ORIC,ORIC PHARMACEUTICALS INC,Health Care,,small,10.28,1.6275,0.962,0.814,0.8988,FLAT,-21.88,119.19,8.78,-48.13,48.59,121.85,0.8633,LOW,-,10.5642,11.3411,11.0379,0,47.5292,WEAK,18.985
721,0,ATO,Atmos Energy,Utilities,Gas Utilities,large,186.26,0.9044,0.9409,0.9521,1.0919,STRONG_DOWN,6.03,21.81,73.78,-7.2,59.44,14.81,0.2458,LOW,-,185.8175,182.6764,169.6883,1,87.539,TREND_ONLY,18.9625
722,-9,STEL,STELLAR BANCORP INC,Financials,,small,37.58,1.113,0.9678,1.0098,1.1543,STRONG_DOWN,21.6,49.9,75.87,-11.68,51.81,30.45,0.3005,LOW,-,36.5975,37.2202,32.255,1,84.903,TREND+LEAD,18.9309
723,-19,FLR,FLUOR CORP,Industrials,,mid,48.56,1.0747,0.9613,1.0392,1.0782,STRONG_DOWN,0.68,44.74,20.32,-30.19,49.4,43.03,0.5653,LOW,-,47.378,47.6858,45.7682,1,51.3622,TREND+LEAD,18.9022
724,76,LNT,Alliant Energy,Utilities,Electric Utilities,large,72.18,0.9156,0.9511,0.9498,1.0705,FLAT,7.29,23.31,62.78,-7.01,56.63,16.0,0.7828,LOW,-,71.5555,70.9078,66.4127,1,82.5008,TREND_ONLY,18.8673
725,81,NFLX,Netflix,Communication Services,Movies & Entertainment,large,107.71,0.8317,1.0253,1.091,1.1965,STRONG_DOWN,-11.38,12.01,74.42,-43.35,51.81,40.73,,LOW,-,97.2135,91.0538,106.1685,1,15.2743,TREND_ONLY,18.8649
726,15,WMT,Walmart,Consumer Staples,Consumer Staples Merchandise Retail,large,124.76,1.0248,0.9385,0.9553,1.0244,STRONG_DOWN,16.85,38.03,112.72,-10.92,52.21,26.63,0.5057,LOW,-,123.8811,125.5098,110.075,1,74.5551,TREND+LEAD,18.8579
727,-29,LOB,LIVE OAK BANCSHARES INC,Financials,,small,36.54,1.1393,0.9701,1.0703,0.9959,FLAT,-0.26,53.44,-0.25,-23.99,49.8,39.6,0.4006,LOW,-,33.7895,36.1181,34.8349,1,67.2069,TREND+LEAD,18.856
728,45,AXP,American Express,Financials,Consumer Finance,large,329.06,0.9761,1.0059,1.0507,0.9063,FLAT,-0.61,31.47,54.01,-23.9,54.22,31.88,0.5267,LOW,SHIFT,305.6048,317.9524,334.0688,0,53.5195,WEAK,18.8388
729,-138,WSR,WHITESTONE REIT,Real Estate,,small,18.92,1.1072,0.9709,1.0919,1.342,STRONG_DOWN,61.93,49.13,87.8,-12.73,52.21,30.79,0.7141,LOW,-,16.9595,15.9413,13.5229,1,83.3007,TREND+LEAD,18.8323
730,25,TMDX,TRANSMEDICS GROUP INC,Health Care,,mid,116.11,1.0097,1.0329,0.8898,0.8045,STRONG_UP,4.39,35.99,24.43,-37.3,49.8,50.66,0.4126,LOW,PROGRESS,107.6428,123.4519,123.5216,0,35.381,WEAK,18.8174
731,-44,KRG,KITE REALTY GROUP TRUST REIT,Real Estate,,mid,25.77,0.9598,0.9922,0.9722,1.0968,FLAT,21.71,29.26,43.07,-9.27,51.41,18.24,0.6223,LOW,-,24.6468,24.9526,22.6586,1,82.4752,TREND_ONLY,18.8165
732,169,FLYW,FLYWIRE CORP,Financials,,small,12.98,1.0915,1.0767,0.9822,0.8935,STRONG_UP,-0.31,47.0,-37.57,-28.16,51.0,50.55,1.3334,MED,-,11.9395,11.9342,12.8063,1,47.4173,TREND+LEAD,18.8135
733,-5,SHAK,SHAKE SHACK INC CLASS A,Consumer Discretionary,,mid,101.17,0.9337,1.0074,1.0684,0.9958,FLAT,7.64,25.76,4.81,-45.7,51.0,47.26,0.7221,LOW,-,91.7745,92.7344,98.5654,1,27.7933,TREND_ONLY,18.7935
734,-81,NIC,NICOLET BANKSHARES INC,Financials,,mid,156.7,1.0937,0.9602,1.0301,1.1857,STRONG_DOWN,16.38,47.3,105.88,-17.88,50.2,34.44,0.8089,LOW,-,149.243,151.3615,135.0446,1,68.9381,TREND+LEAD,18.7585
735,34,NNI,NELNET INC CLASS A,Financials,,mid,136.43,0.9686,0.9979,1.0184,0.99,FLAT,5.92,30.46,49.39,-10.11,51.81,19.53,0.9462,LOW,-,130.205,130.6195,128.6827,1,80.7997,TREND_ONLY,18.7496
736,-51,FIBK,FIRST INTERSTATE BANCSYSTEM INC,Financials,,mid,34.07,1.0336,0.9657,0.9838,0.9286,FLAT,8.33,39.21,58.22,-16.87,49.0,29.32,0.7137,LOW,-,33.429,34.9304,32.5891,1,65.5256,TREND+LEAD,18.7317
737,206,AVBP,ARRIVENT BIOPHARMA INC,Health Care,,small,29.41,1.2199,1.0484,1.1707,1.2874,STRONG_DOWN,47.05,64.3,75.06,-33.32,50.2,62.63,1.1457,MED,-,24.1477,23.6321,21.2505,1,51.5399,TREND+LEAD,18.7312
738,-1,FULT,FULTON FINANCIAL CORP,Financials,,mid,21.74,1.0508,0.9678,1.0701,1.0991,STRONG_DOWN,21.55,41.52,62.59,-15.52,51.41,29.49,0.7608,LOW,-,20.435,20.7841,19.0356,1,72.3781,TREND+LEAD,18.7306
739,-124,BFC,BANK FIRST CORP,Financials,,small,142.65,1.0426,0.9582,1.0091,1.1154,STRONG_DOWN,6.49,40.41,93.86,-14.17,52.61,26.13,0.8817,LOW,-,136.5905,139.1923,128.9159,1,81.3708,TREND+LEAD,18.7163
740,197,NNE,NANO NUCLEAR ENERGY INC,Industrials,,small,24.29,0.8789,1.1177,1.0708,0.6951,STRONG_UP,-55.33,18.37,368.02,-66.45,46.99,79.34,1.6001,HIGH,-,21.364,23.8905,33.1941,0,10.8812,WEAK,18.7106
741,-23,JBTM,JBT MAREL CORP,Industrials,,mid,130.15,1.0168,0.9781,0.9248,0.8219,STRONG_UP,-7.46,36.94,44.66,-27.1,48.19,35.63,0.3444,LOW,PROGRESS,128.1745,144.3875,141.843,0,49.9617,WEAK,18.6768
742,-102,LMT,Lockheed Martin,Industrials,Aerospace & Defense,large,611.1,0.9771,0.9515,0.9178,1.0551,FLAT,22.53,31.59,41.81,-15.56,55.02,27.07,0.413,LOW,-,620.923,635.7131,514.845,1,64.2094,TREND_ONLY,18.6682
743,-82,CRGY,CRESCENT ENERGY CLASS A,Energy,,mid,12.21,1.1713,0.9376,0.9605,1.4274,STRONG_DOWN,49.47,57.76,17.93,-22.34,53.82,50.72,0.8572,LOW,-,12.9765,11.6841,9.4416,1,61.2872,TREND+LEAD,18.6558
744,-54,LXP,LXP INDUSTRIAL TRUST,Real Estate,,mid,49.68,1.0151,0.9726,0.9916,0.9884,FLAT,13.29,36.72,27.01,-11.01,52.21,26.0,0.6884,LOW,-,47.2811,47.8167,45.3585,1,73.7293,TREND+LEAD,18.646
745,124,MSFT,Microsoft,Information Technology,Systems Software,large,411.22,0.8279,1.0707,0.984,0.8825,STRONG_UP,-19.6,11.51,0.71,-33.91,53.01,34.82,1.1578,MED,SHIFT,376.815,391.7119,471.148,0,17.517,WEAK,18.6435
746,-49,CPF,CENTRAL PACIFIC FINANCIAL CORP,Financials,,small,33.86,1.0465,0.9697,1.0558,1.0628,STRONG_DOWN,16.54,40.94,95.19,-12.3,52.61,26.03,0.484,LOW,-,32.303,32.5003,30.2351,1,82.7507,TREND+LEAD,18.63
747,54,NI,NiSource,Utilities,Multi-Utilities,large,47.37,0.9279,0.9493,0.958,1.0832,STRONG_DOWN,11.84,24.97,89.44,-9.14,57.03,17.44,0.9765,LOW,-,46.7655,46.3516,42.8738,1,81.654,TREND_ONLY,18.5913
748,43,NOW,ServiceNow,Information Technology,Systems Software,large,94.19,0.4389,1.0188,0.7713,0.6883,STRONG_UP,-48.32,-40.88,-36.77,-60.28,48.19,57.36,1.212,MED,EARLY,100.946,106.1634,156.3253,0,-34.3483,WEAK,18.5607
749,-179,TWST,TWIST BIOSCIENCE CORP,Health Care,,mid,57.62,1.1127,1.146,1.1648,1.4159,STRONG_DOWN,88.61,49.86,101.4,-39.86,50.2,72.12,0.884,LOW,-,48.42,48.1644,36.1066,1,34.7035,TREND+LEAD,18.5401
750,13,SR,SPIRE INC,Utilities,,mid,92.05,0.9178,0.9393,0.9576,1.1051,STRONG_DOWN,11.76,23.6,72.51,-9.46,56.63,17.79,1.1291,MED,-,91.8145,90.2547,82.0982,1,75.1383,TREND_ONLY,18.5264
751,-3,URI,United Rentals,Industrials,Trading Companies & Distributors,large,765.29,0.9795,0.9688,0.9817,0.8224,FLAT,-23.18,31.92,18.75,-30.04,55.42,44.96,0.5797,LOW,PROGRESS,742.491,799.2159,857.9071,0,39.3473,WEAK,18.5106
752,96,EXPD,Expeditors International,Industrials,Air Freight & Logistics,large,144.02,1.0261,0.966,0.9615,0.8733,STRONG_UP,23.33,38.2,27.56,-15.88,52.61,38.2,0.3867,LOW,-,143.9965,147.3252,135.4196,1,52.6116,TREND+LEAD,18.4979
753,33,DAKT,DAKTRONICS INC,Information Technology,,small,19.08,1.1462,0.9318,0.8996,0.8649,STRONG_UP,-4.12,54.37,110.6,-31.19,51.0,48.16,0.5112,LOW,-,19.9475,22.749,19.8801,0,57.5751,WEAK,18.4324
754,38,VVX,V2X INC,Industrials,,mid,68.83,1.0546,1.0041,0.9636,1.0128,FLAT,17.92,42.03,49.89,-16.34,53.01,34.6,0.3614,LOW,-,68.7665,68.8074,59.429,1,64.4005,TREND+LEAD,18.4323
755,-17,NBN,NORTHEAST BANK,Financials,,small,123.34,1.0474,0.9622,1.0829,1.0831,STRONG_DOWN,28.52,41.07,143.5,-27.57,51.0,31.61,0.8527,LOW,-,114.674,114.8442,103.4834,1,66.2561,TREND+LEAD,18.3955
756,-63,MGY,MAGNOLIA OIL GAS CORP CLASS A,Energy,,mid,28.19,1.037,0.9232,0.8993,1.2214,FLAT,23.73,39.66,13.73,-15.34,52.61,31.74,0.6516,LOW,-,30.659,28.8638,24.477,1,65.7366,TREND+LEAD,18.3907
757,-43,CASH,PATHWARD FINANCIAL INC,Financials,,mid,96.43,1.0182,0.9865,1.0144,1.2693,STRONG_DOWN,25.52,37.13,99.8,-20.68,51.0,30.21,0.6616,LOW,-,91.6815,91.7299,79.4303,1,62.6827,TREND+LEAD,18.3592
758,-80,TMO,Thermo Fisher Scientific,Health Care,Life Sciences Tools & Services,large,531.67,0.9071,1.032,1.075,0.8418,FLAT,1.29,22.17,-3.49,-27.31,50.2,28.26,0.6687,LOW,-,491.955,504.8241,521.8501,1,39.382,TREND_ONLY,18.352
759,-60,BUSE,FIRST BUSEY CORP,Financials,,mid,26.59,1.0314,0.9584,1.0251,1.0918,STRONG_DOWN,14.33,38.91,32.64,-11.82,49.4,25.34,0.5226,LOW,-,25.5475,25.721,23.9788,1,75.8622,TREND+LEAD,18.3313
760,-53,MTD,Mettler Toledo,Health Care,Life Sciences Tools & Services,large,1315.85,0.961,0.9574,1.0422,0.8713,FLAT,0.98,29.43,7.13,-22.44,51.0,27.9,0.7652,LOW,SHIFT,1271.181,1301.3556,1330.4946,0,53.7967,WEAK,18.3268
761,1,CDP,COPT DEFENSE PROPERTIES,Real Estate,,mid,32.4,0.9583,0.9869,0.9818,1.0667,FLAT,18.88,29.07,58.38,-10.71,50.2,18.8,0.5323,LOW,-,31.3302,31.5305,29.0523,1,77.6248,TREND_ONLY,18.3206
762,108,BULL,WEBULL CORP CLASS A,Financials,,mid,6.47,0.1326,1.262,1.1305,0.7585,STRONG_UP,-44.84,-82.14,-41.55,-87.22,42.97,66.41,3.2417,HIGH,SHIFT,5.1275,5.5966,10.0757,0,-53.146,WEAK,18.3017
763,208,NKE,"Nike, Inc.",Consumer Discretionary,"Apparel, Accessories & Luxury Goods",large,45.44,0.6459,1.0032,0.7879,0.6862,STRONG_UP,-31.94,-13.02,-49.19,-45.23,46.99,42.58,1.6063,HIGH,EARLY,48.19,55.5712,65.0404,0,-14.3631,WEAK,18.3009
764,6,SPNT,SIRIUSPOINT LTD,Financials,,mid,22.76,1.033,0.9575,1.0534,1.1099,STRONG_DOWN,18.54,39.12,95.36,-16.28,51.81,29.43,0.4805,LOW,-,21.8085,21.1714,19.9198,1,68.8684,TREND+LEAD,18.299
765,43,SWK,Stanley Black & Decker,Industrials,Industrial Machinery & Supplies & Components,large,67.18,0.9201,0.8887,0.9039,0.7974,FLAT,2.54,23.93,-19.04,-26.14,46.99,40.07,1.7925,HIGH,EARLY,70.0825,77.5385,73.0303,0,28.0578,WEAK,18.2965
766,90,PFE,Pfizer,Health Care,Pharmaceuticals,large,27.19,0.9825,0.9703,0.9467,1.063,FLAT,14.73,32.32,20.64,-11.47,52.21,23.96,0.5414,LOW,-,27.411,27.182,25.0588,1,70.4298,TREND_ONLY,18.2928
767,-123,MCRI,MONARCH CASINO AND RESORT INC,Consumer Discretionary,,small,97.96,0.9849,0.9618,0.9634,1.0556,STRONG_DOWN,2.35,32.65,43.13,-17.47,53.82,21.77,0.684,LOW,-,97.4495,96.9264,96.7365,1,80.7189,TREND_ONLY,18.2759
768,-162,FBK,FB FINANCIAL CORP,Financials,,mid,54.21,1.0094,0.933,1.0047,0.9047,FLAT,-6.85,35.95,54.61,-17.08,53.82,30.96,0.7625,LOW,-,53.083,54.9975,53.9849,1,62.4867,TREND+LEAD,18.273
769,-24,BBT,BEACON FINANCIAL CORP,Financials,,mid,31.59,1.0367,0.9512,1.052,1.1723,STRONG_DOWN,28.93,39.63,64.19,-13.9,50.2,27.54,0.3611,LOW,-,30.3135,30.1821,26.5157,1,72.2309,TREND+LEAD,18.249
770,-47,OSW,ONESPAWORLD HOLDINGS LTD,Consumer Discretionary,,mid,24.42,1.0824,0.9611,1.0855,1.1542,STRONG_DOWN,19.3,45.78,100.25,-16.73,52.21,35.29,0.3407,LOW,-,23.2035,22.1271,21.4176,1,67.7261,TREND+LEAD,18.2425
771,-38,CTS,CTS CORP,Information Technology,,small,54.54,1.1048,0.9923,1.1265,1.1426,STRONG_DOWN,42.87,48.79,23.78,-20.31,52.61,35.45,0.6476,LOW,-,49.9716,51.2877,44.7274,1,72.4065,TREND+LEAD,18.2381
772,-69,CRNX,CRINETICS PHARMACEUTICALS INC,Health Care,,mid,39.77,0.9983,0.9748,1.0032,0.7059,FLAT,-9.72,34.45,-8.55,-40.33,46.99,42.86,0.6378,LOW,PROGRESS,37.0275,40.1258,40.1802,0,37.7685,WEAK,18.2344
773,16,POWI,POWER INTEGRATIONS INC,Information Technology,,mid,54.87,0.9247,0.9773,1.101,1.2877,STRONG_DOWN,17.92,24.54,-15.26,-47.83,48.19,44.66,0.5115,LOW,-,51.06,48.5042,44.1611,1,26.4819,TREND_ONLY,18.2029
774,9,HBAN,Huntington Bancshares,Financials,Regional Banks,large,16.67,0.9686,0.9761,1.0458,0.9369,FLAT,3.97,30.45,38.57,-21.26,52.61,31.89,0.7041,LOW,-,15.7775,16.5148,16.5477,1,50.2414,TREND_ONLY,18.1802
775,-8,HON,Honeywell,Industrials,Industrial Conglomerates,large,232.19,0.9667,0.9555,0.9589,1.0774,STRONG_DOWN,19.39,30.19,34.74,-16.03,50.6,23.3,0.8332,LOW,-,228.048,234.6247,210.1704,1,65.5673,TREND_ONLY,18.137
776,17,ALGN,Align Technology,Health Care,Health Care Supplies,large,186.53,0.8284,1.0382,1.0122,1.0842,FLAT,43.72,11.57,-38.86,-39.73,52.61,45.91,0.4371,LOW,-,175.1085,178.6336,159.1451,1,13.2635,TREND_ONLY,18.1054
777,-19,MARA,MARA HOLDINGS INC,Information Technology,,mid,10.47,0.631,1.0517,1.083,0.927,FLAT,-52.92,-15.02,-28.29,-70.53,47.39,96.61,0.7977,LOW,SHIFT,8.9595,8.5856,13.4267,0,-7.3659,WEAK,18.0897
778,-188,BHRB,BURKE HERBERT FINANCIAL SERVICES C,Financials,,small,65.57,1.0227,0.9683,1.0062,1.021,STRONG_DOWN,8.89,37.73,34.34,-13.49,52.21,25.11,0.9838,LOW,-,62.8685,64.7122,62.3475,1,78.4596,TREND+LEAD,18.0567
779,-205,HTB,HOMETRUST BANCSHARES INC,Financials,,small,45.01,1.0126,0.9482,1.0206,1.0177,FLAT,12.8,36.37,93.75,-9.67,51.41,24.19,0.313,LOW,-,43.314,43.2325,41.394,1,77.3044,TREND+LEAD,18.049
780,0,DHI,D. R. Horton,Consumer Discretionary,Homebuilding,large,144.2,0.9216,0.9745,0.9696,0.8929,STRONG_UP,-7.45,24.13,0.81,-27.56,49.0,32.1,0.5094,LOW,PROGRESS,139.133,148.8586,152.249,0,36.8318,WEAK,17.9792
781,45,DIS,Walt Disney Company (The),Communication Services,Movies & Entertainment,large,103.04,0.9346,1.003,0.9819,0.8927,STRONG_UP,-6.69,25.87,-7.69,-24.97,47.39,29.19,0.4818,LOW,SHIFT,97.8235,101.6368,110.2881,0,41.994,WEAK,17.9677
782,-42,ES,Eversource Energy,Utilities,Electric Utilities,large,68.77,0.9202,0.9466,0.9073,0.9773,FLAT,-0.44,23.94,31.83,-15.13,57.43,22.49,0.4218,LOW,-,68.9715,70.8113,67.5327,1,61.1283,TREND_ONLY,17.9529
783,-18,UNF,UNIFIRST CORP,Industrials,,mid,259.81,1.1205,0.981,0.9082,1.2669,FLAT,59.74,50.92,67.61,-21.06,51.81,48.38,0.6506,LOW,-,258.0335,246.5897,193.2143,1,54.5251,TREND+LEAD,17.9503
784,52,TGNA,TEGNA INC,Communication,,mid,20.03,0.9687,0.951,0.9246,1.0138,FLAT,-3.6,30.47,57.58,-14.51,47.41,20.65,0.0,LOW,-,20.5762,19.8735,19.0759,1,69.953,TREND_ONLY,17.9456
785,-61,NBBK,NB BANCORP INC,Financials,,small,22.44,1.0298,0.9628,1.0356,1.1093,STRONG_DOWN,26.68,38.7,67.84,-12.31,50.2,24.56,0.5192,LOW,-,21.368,21.519,19.4796,1,79.1023,TREND+LEAD,17.9453
786,2,OSCR,OSCAR HEALTH INC CLASS A,Financials,,mid,15.59,0.9373,1.0415,1.1029,0.9188,FLAT,-24.65,26.23,-0.57,-51.71,45.78,62.33,0.8214,LOW,SHIFT,13.0305,13.2484,15.9101,0,19.2689,WEAK,17.9366
787,37,CIM,CHIMERA INVESTMENT CORP,Financials,,small,13.68,1.0402,1.0006,1.0193,1.0675,STRONG_DOWN,12.19,40.09,44.72,-18.18,52.61,28.98,0.4206,LOW,-,12.7571,12.7814,12.4276,1,72.786,TREND+LEAD,17.8917
788,77,YOU,CLEAR SECURE INC CLASS A,Information Technology,,mid,51.1,1.4731,1.0132,1.0154,1.5006,STRONG_DOWN,65.99,98.39,182.37,-22.91,51.41,91.5,0.4684,LOW,-,50.182,43.8446,35.9567,1,55.283,TREND+LEAD,17.8535
789,48,PRLB,PROTO LABS INC,Industrials,,small,63.24,1.4059,0.9976,1.0656,1.159,STRONG_DOWN,21.83,89.34,101.34,-19.51,51.81,65.87,0.8788,LOW,-,58.7625,60.2874,51.9429,1,70.2713,TREND+LEAD,17.8486
790,-12,RUSHA,RUSH ENTERPRISES INC CLASS A,Industrials,,mid,69.96,1.0247,0.9543,1.0717,1.1619,STRONG_DOWN,35.49,38.01,46.34,-20.81,50.6,32.37,0.5093,LOW,-,67.125,68.5031,57.9735,1,59.4104,TREND+LEAD,17.8048
791,27,RYAM,RAYONIER ADVANCED MATERIALS INC,Materials,,small,10.03,1.6773,1.0636,0.8158,1.2665,FLAT,36.46,125.9,134.35,-28.4,48.19,109.58,0.3824,LOW,-,10.389,9.6848,6.9933,1,55.3674,TREND+LEAD,17.7651
792,74,MATW,MATTHEWS INTERNATIONAL CORP CLASS,Consumer Discretionary,,small,26.69,1.0395,0.9634,1.0282,0.9526,FLAT,19.36,39.99,10.37,-15.87,51.81,29.87,0.6499,LOW,-,25.6485,25.8916,24.7933,1,69.3707,TREND+LEAD,17.7536
793,-63,ACA,ARCOSA INC,Industrials,,mid,111.26,1.0737,0.9649,1.0104,0.975,FLAT,19.74,44.6,41.34,-21.45,50.6,42.56,0.5685,LOW,-,107.0915,113.4764,102.6287,1,53.0301,TREND+LEAD,17.7529
794,-59,JBLU,JETBLUE AIRWAYS CORP,Industrials,,small,5.66,1.2252,1.1152,1.2849,1.1503,FLAT,15.27,65.01,-13.32,-37.62,46.99,81.53,1.2264,MED,-,4.578,5.0486,4.8097,1,37.4713,TREND+LEAD,17.7482
795,-29,TPB,TURNING POINT BRANDS INC,Consumer Staples,,small,80.99,1.0532,0.9614,0.8361,0.6913,STRONG_UP,-10.92,41.85,200.82,-49.88,56.22,67.26,0.4749,LOW,-,82.1228,103.1207,98.3758,0,34.9769,WEAK,17.7309
796,-62,SWX,SOUTHWEST GAS HOLDINGS INC,Utilities,,mid,91.04,0.9524,0.9584,0.9959,1.0797,STRONG_DOWN,18.77,28.27,32.58,-10.94,53.01,19.04,0.3987,LOW,-,88.327,87.297,80.6309,1,78.7166,TREND_ONLY,17.7017
797,-61,MITK,MITEK SYSTEMS INC,Information Technology,,small,15.07,1.4382,1.0345,1.0016,1.4462,FLAT,65.79,93.7,12.55,-18.01,49.8,70.93,0.9243,LOW,-,13.978,13.5564,10.6921,1,65.7881,TREND+LEAD,17.6692
798,-92,DOV,Dover Corporation,Industrials,Industrial Machinery & Supplies & Components,large,215.46,0.9985,0.9587,0.9631,1.0395,STRONG_DOWN,33.23,34.48,28.63,-15.34,50.2,26.95,0.6431,LOW,-,211.81,217.523,191.7604,1,64.2281,TREND_ONLY,17.6594
799,-77,IIIN,INSTEEL INDUSTRIES INC,Industrials,,small,36.6,1.0539,0.9857,1.0847,1.0693,FLAT,2.01,41.95,18.77,-24.12,51.81,35.9,0.7038,LOW,-,34.0305,35.0154,34.2936,1,60.5344,TREND+LEAD,17.6551
800,12,ATKR,ATKORE INC,Industrials,,mid,67.68,0.8884,0.9689,1.1522,0.9604,FLAT,6.19,19.65,-59.33,-32.38,51.81,32.12,1.0895,MED,-,61.9705,63.1634,64.6932,1,31.6941,TREND_ONLY,17.6495
801,14,ZBRA,Zebra Technologies,Information Technology,Electronic Equipment & Instruments,large,229.64,0.7586,1.0,1.0498,0.8605,FLAT,-20.54,2.17,-18.11,-41.62,50.2,44.94,1.0064,MED,SHIFT,211.8545,225.779,271.8853,0,2.4253,WEAK,17.6437
802,-111,UBSI,UNITED BANKSHARES INC,Financials,,mid,43.5,1.0047,0.9487,1.0579,1.066,STRONG_DOWN,19.67,35.31,45.33,-13.73,49.4,25.2,0.62,LOW,-,41.744,41.9241,38.2387,1,69.2164,TREND+LEAD,17.6378
803,72,IRTC,IRHYTHM HOLDINGS INC,Health Care,,mid,124.41,0.9242,1.0228,1.0117,0.7497,STRONG_UP,-29.65,24.47,13.25,-40.29,52.61,44.21,0.4135,LOW,PROGRESS,118.7995,129.6854,158.3158,0,29.122,WEAK,17.5819
804,-62,NN,NEXTNAV INC,Information Technology,,mid,16.97,1.0553,1.091,0.9614,1.1464,FLAT,26.36,42.13,111.6,-36.62,53.41,77.62,0.947,LOW,-,16.8548,16.5071,15.3948,1,28.9876,TREND+LEAD,17.5375
805,-51,FMBH,FIRST MID BANCSHARES INC,Financials,,small,43.47,1.0317,0.9612,1.055,1.0635,STRONG_DOWN,18.3,38.96,56.21,-13.93,50.2,26.02,0.5229,LOW,-,41.569,41.837,39.288,1,75.1591,TREND+LEAD,17.5281
806,-1,COLL,COLLEGIUM PHARMACEUTICAL INC,Health Care,,small,34.93,0.9599,0.9626,0.9346,0.7378,STRONG_UP,8.58,29.27,-1.33,-35.81,54.22,36.58,1.3167,MED,-,33.9962,38.9745,39.279,0,43.3917,WEAK,17.4996
807,-126,A,Agilent Technologies,Health Care,Life Sciences Tools & Services,large,119.77,0.873,1.0083,1.0176,0.8092,FLAT,-12.88,17.58,-11.07,-29.75,51.41,25.99,0.7808,LOW,SHIFT,114.2466,118.7777,129.2298,0,34.7714,WEAK,17.4948
808,-48,DEC,DIVERSIFIED ENERGY COMPANY,Energy,,small,15.55,1.0634,0.925,1.0228,1.1974,STRONG_DOWN,27.85,43.22,43.84,-24.8,53.82,43.0,1.126,MED,-,16.6845,14.8357,14.0174,1,54.1016,TREND+LEAD,17.4914
809,-35,WMB,Williams Companies,Energy,Oil & Gas Storage & Transportation,large,70.76,0.9313,0.9439,0.9177,1.1547,FLAT,15.23,25.43,101.96,-12.36,53.01,21.04,0.6237,LOW,-,72.84,72.3071,62.3727,1,64.0796,TREND_ONLY,17.4526
810,-249,PATK,PATRICK INDUSTRIES INC,Consumer Discretionary,,mid,99.26,0.9451,0.813,0.8289,0.8151,FLAT,0.82,27.29,46.8,-31.66,45.78,43.4,2.9732,HIGH,EARLY,111.6225,121.6647,110.4155,0,28.7855,WEAK,17.4043
811,12,CINF,Cincinnati Financial,Financials,Property & Casualty Insurance,large,163.0,0.9371,0.9658,0.9511,0.9853,FLAT,3.82,26.21,46.0,-10.46,56.63,22.05,0.6659,LOW,-,159.3167,162.3249,157.2137,1,67.3224,TREND_ONLY,17.3877
812,-69,POR,PORTLAND GENERAL ELECTRIC,Utilities,,mid,52.49,0.9494,0.9404,0.9475,1.0586,STRONG_DOWN,23.48,27.86,41.84,-8.24,54.22,18.66,0.551,LOW,-,52.4843,52.2407,46.2016,1,80.9575,TREND_ONLY,17.3854
813,12,UTI,UNIVERSAL TECHNICAL INSTITUTE INC,Consumer Discretionary,,mid,35.39,0.9473,0.973,0.9037,1.3092,FLAT,11.85,27.58,144.41,-39.36,54.62,51.75,0.5438,LOW,-,36.636,34.0986,30.0555,1,29.1069,TREND_ONLY,17.3573
814,-11,KIM,Kimco Realty,Real Estate,Retail REITs,large,23.48,0.9065,0.9886,0.966,1.1315,FLAT,12.43,22.08,46.12,-12.7,51.41,18.05,0.5846,LOW,-,22.7285,22.6792,21.165,1,62.8973,TREND_ONLY,17.3357
815,-76,STAA,STAAR SURGICAL,Health Care,,small,24.73,1.1377,0.9529,1.3241,1.1148,FLAT,-8.75,53.22,-46.95,-43.65,49.4,67.39,0.5498,LOW,-,20.6965,19.1422,22.9341,1,39.0141,TREND+LEAD,17.3157
816,63,SNPS,Synopsys,Information Technology,Application Software,large,438.45,0.7832,1.0518,0.9761,0.8534,STRONG_UP,-1.2,5.49,-18.97,-41.04,52.21,45.4,0.8341,LOW,SHIFT,408.3755,421.2868,483.8404,0,6.3082,WEAK,17.2995
817,37,TJX,TJX Companies,Consumer Discretionary,Apparel Retail,large,160.23,0.9534,0.9433,0.9856,1.0188,STRONG_DOWN,11.83,28.4,76.02,-10.13,51.41,20.1,0.4551,LOW,-,158.8065,157.591,145.4441,1,72.6439,TREND_ONLY,17.2876
818,-23,CARG,CARGURUS INC CLASS A,Communication,,mid,35.86,0.9965,1.0126,1.0255,1.0089,FLAT,2.49,34.21,66.1,-30.92,51.81,42.92,0.4347,LOW,-,34.632,31.9992,34.3489,1,41.2918,TREND_ONLY,17.2704
819,58,IQV,IQVIA,Health Care,Life Sciences Tools & Services,large,178.1,0.8909,1.0238,1.0106,0.7259,STRONG_UP,-13.02,19.98,-22.27,-33.72,49.4,47.85,0.4717,LOW,SHIFT,169.4715,172.4488,196.712,0,20.6284,WEAK,17.2688
820,107,MGM,MGM Resorts,Consumer Discretionary,Casinos & Gaming,large,38.36,1.0008,1.009,0.9946,1.0965,FLAT,18.21,34.79,-10.16,-22.76,49.0,45.93,0.9386,LOW,-,36.9545,36.4364,35.4959,1,37.1108,TREND+LEAD,17.2398
821,-68,BCRX,BIOCRYST PHARMACEUTICALS INC,Health Care,,mid,9.44,0.9708,0.9272,0.9796,1.3695,STRONG_DOWN,47.04,30.75,104.77,-44.24,44.58,51.98,0.8888,LOW,-,9.53,8.4392,7.8675,1,26.3706,TREND_ONLY,17.2034
822,-41,MLM,Martin Marietta Materials,Materials,Construction Materials,large,616.94,0.9378,0.9581,1.0123,0.9543,FLAT,-5.84,26.31,4.8,-20.72,54.62,31.43,0.6743,LOW,-,595.3,629.4239,616.6359,1,45.7152,TREND_ONLY,17.1742
823,55,GL,Globe Life,Financials,Life & Health Insurance,large,149.08,0.9209,0.9825,1.0223,1.0321,STRONG_DOWN,7.04,24.03,,-10.87,54.62,18.66,0.6106,LOW,-,141.3804,142.3481,137.1019,1,70.3434,TREND_ONLY,17.1531
824,33,HROW,HARROW INC,Health Care,,small,38.79,1.2335,1.0105,1.0523,0.7923,FLAT,-1.45,66.12,215.37,-39.27,51.81,72.89,0.5138,LOW,-,35.5265,41.1604,40.874,0,47.0009,WEAK,17.1331
825,165,ABUS,ARBUTUS BIOPHARMA CORP,Health Care,,small,4.48,1.0871,1.012,0.982,0.9219,STRONG_UP,5.66,46.41,53.42,-25.86,49.8,55.85,1.4393,MED,-,4.3805,4.3576,4.183,1,41.3783,TREND+LEAD,17.1313
826,-51,PJT,PJT PARTNERS INC CLASS A,Financials,,mid,163.1,0.9469,1.0562,1.1831,0.8971,FLAT,-6.52,27.54,79.48,-32.47,55.02,35.17,0.6453,LOW,SHIFT,142.1055,146.0361,168.1833,0,43.0767,WEAK,17.115
827,32,ARLO,ARLO TECHNOLOGIES INC,Information Technology,,small,14.51,1.1762,1.0801,0.9842,1.0246,FLAT,-16.94,58.41,35.23,-42.23,53.01,70.37,0.5211,LOW,-,14.069,13.4032,15.3272,0,43.9976,WEAK,17.1083
828,-152,TKO,TKO Group Holdings,Communication Services,Movies & Entertainment,large,193.1,0.9825,0.9518,0.921,0.9169,STRONG_UP,2.44,32.33,101.5,-15.92,55.02,35.81,0.8962,LOW,-,195.878,203.2212,192.5355,1,49.6703,TREND_ONLY,17.0834
829,65,VRSN,Verisign,Information Technology,Internet Services & Infrastructure,large,275.26,0.8414,0.9907,1.0864,1.09,STRONG_DOWN,4.58,13.32,52.6,-30.21,54.62,33.67,1.1998,MED,-,256.2435,239.5696,255.8858,1,21.6122,TREND_ONLY,17.0059
830,-32,UE,URBAN EDGE PROPERTIES,Real Estate,,mid,21.42,0.925,0.9989,0.9767,1.1444,FLAT,11.54,24.58,44.52,-11.99,49.8,17.88,0.4359,LOW,-,20.488,20.55,19.5139,1,68.4562,TREND_ONLY,16.9961
831,71,MGNI,MAGNITE INC,Communication,,small,13.25,0.9937,1.0889,1.0262,0.8518,STRONG_UP,-26.22,33.84,52.47,-57.77,53.41,64.05,0.8632,LOW,-,12.139,12.2954,17.6855,0,28.2171,WEAK,16.9802
832,-25,Q,Qnity Electronics,Information Technology,Semiconductor Materials & Equipment,large,131.79,1.0282,0.9857,1.1091,1.4432,STRONG_DOWN,,38.48,38.48,-27.12,56.9,60.12,0.5506,LOW,-,119.823,115.1369,,0,36.422,WEAK,16.9698
833,38,KKR,KKR & Co.,Financials,Asset Management & Custody Banks,large,103.85,0.7603,1.0867,1.1156,0.7748,FLAT,-17.29,2.4,9.15,-44.62,50.2,48.94,0.6618,LOW,SHIFT,92.403,94.5765,122.4485,0,2.4616,WEAK,16.9667
834,-126,FCF,FIRST COMMONWEALTH FINANCIAL CORP,Financials,,small,18.68,0.9897,0.9596,1.0646,1.0691,STRONG_DOWN,14.26,33.29,59.02,-15.15,51.0,22.37,0.7502,LOW,-,17.8005,17.8317,16.9089,1,75.8899,TREND_ONLY,16.966
835,-104,UMBF,UMB FINANCIAL CORP,Financials,,mid,119.87,0.9919,0.9638,1.0348,0.9802,FLAT,1.99,33.59,55.55,-18.57,49.0,28.33,0.7287,LOW,-,114.461,118.7602,115.5643,1,58.1008,TREND_ONLY,16.934
836,-8,TPH,TRI POINTE HOMES INC,Consumer Discretionary,,mid,46.76,1.1947,0.971,0.9634,1.3108,FLAT,45.99,60.91,33.68,-17.47,50.2,56.49,0.5851,LOW,-,46.7105,44.775,36.1988,1,54.1265,TREND+LEAD,16.9307
837,-27,HBNC,HORIZON BANCORP INC,Financials,,small,17.75,1.0257,0.9791,1.0779,1.0172,FLAT,13.43,38.15,69.48,-16.65,50.2,29.88,0.6733,LOW,-,16.648,16.9295,16.2869,1,64.0881,TREND+LEAD,16.922
838,38,FRT,Federal Realty Investment Trust,Real Estate,Retail REITs,mid,110.15,0.929,0.9963,0.9961,1.0734,FLAT,15.67,25.12,24.55,-6.96,51.41,17.11,0.3995,LOW,-,105.559,105.5925,98.1373,1,75.4869,TREND_ONLY,16.92
839,-139,APTV,Aptiv,Consumer Discretionary,Automotive Parts & Equipment,large,58.46,0.856,0.9446,0.7758,0.6934,STRONG_UP,-29.34,15.28,-18.74,-34.34,49.4,43.09,0.7354,LOW,EARLY,64.6655,72.0968,76.6683,0,17.521,WEAK,16.9158
840,139,PAGS,PAGSEGURO DIGITAL LTD CLASS A,Financials,,mid,11.34,1.0317,1.0343,1.1139,1.1088,FLAT,29.6,38.95,-1.22,-21.92,49.0,49.63,1.1878,MED,-,10.261,10.4048,9.706,1,38.4535,TREND+LEAD,16.9125
841,-14,PHM,PulteGroup,Consumer Discretionary,Homebuilding,large,120.82,0.9738,0.9602,0.9468,0.911,STRONG_UP,-2.85,31.15,14.79,-20.06,47.39,32.23,0.634,LOW,PROGRESS,118.254,126.9402,124.1282,0,45.8036,WEAK,16.9049
842,-11,ACLX,ARCELLX INC,Health Care,,mid,115.0,1.4069,0.9731,0.9597,1.6192,FLAT,31.68,89.49,108.26,-33.06,52.21,156.92,0.2666,LOW,-,114.722,102.4436,81.5561,1,29.7741,TREND+LEAD,16.8776
843,3,TRI,Thomson Reuters,Technology,Computer Software,large,92.43,0.3879,1.0579,0.9248,0.7198,STRONG_UP,-39.53,-47.76,-37.34,-61.67,45.38,60.21,0.742,LOW,PROGRESS,89.3365,92.4974,140.0654,0,-35.9961,WEAK,16.8584
844,14,VIR,VIR BIOTECHNOLOGY INC,Health Care,,small,10.46,1.429,1.0336,1.0545,1.5086,STRONG_DOWN,82.87,92.46,25.12,-31.96,49.4,87.38,0.6321,LOW,-,9.198,8.8107,6.472,1,52.2699,TREND+LEAD,16.8388
845,28,FFIV,"F5, Inc.",Information Technology,Communications Equipment,large,299.09,0.8575,0.9862,0.9994,1.1,STRONG_DOWN,-12.84,15.49,63.38,-34.73,52.21,38.44,0.5658,LOW,-,293.7435,284.9322,287.3007,1,21.0357,TREND_ONLY,16.8149
846,-144,BDC,BELDEN INC,Information Technology,,mid,127.32,1.012,0.966,1.0516,1.0627,STRONG_DOWN,13.72,36.29,51.18,-26.52,53.01,42.64,0.7677,LOW,-,119.0045,128.9348,122.6831,1,45.1194,TREND+LEAD,16.7896
847,-6,WST,West Pharmaceutical Services,Health Care,Health Care Supplies,large,266.5,0.9495,1.0013,1.0638,0.9542,FLAT,2.22,27.88,-29.35,-24.7,47.79,37.11,0.6354,LOW,-,251.8225,246.8622,254.9937,1,35.9068,TREND_ONLY,16.7857
848,102,NDAQ,"Nasdaq, Inc.",Financials,Financial Exchanges & Data,large,88.55,0.9283,1.0214,0.9787,0.8731,STRONG_UP,-0.49,25.02,51.36,-21.76,58.23,35.26,0.7054,LOW,SHIFT,85.4555,84.9422,90.0358,0,41.3194,WEAK,16.7852
849,-59,WVE,WAVE LIFE SCIENCES LTD,Health Care,,small,7.59,0.965,1.0297,0.5822,0.5145,STRONG_UP,-3.8,29.97,44.3,-70.91,53.01,113.0,0.816,LOW,-,8.4875,11.447,10.2064,0,14.0574,WEAK,16.7791
850,-36,HRTG,HERITAGE INSURANCE HOLDINGS INC,Financials,,small,26.68,1.1129,0.9577,0.9084,1.0094,FLAT,-4.13,49.89,184.43,-26.9,51.81,49.15,0.3872,LOW,-,26.4175,26.477,25.413,1,52.5876,TREND+LEAD,16.7537
851,-126,MPB,MID PENN BANCORP INC,Financials,,small,33.83,1.0249,0.964,1.0383,1.0603,STRONG_DOWN,21.92,38.03,87.03,-15.49,51.41,28.29,0.8522,LOW,-,32.408,32.6847,30.1369,1,69.1152,TREND+LEAD,16.7285
852,238,STNE,STONECO LTD CLASS A,Financials,,mid,14.92,0.9364,1.0323,1.0259,1.0191,STRONG_UP,-12.24,26.12,-2.42,-31.4,48.59,60.59,1.9032,HIGH,PROGRESS,14.076,15.1478,15.9192,0,20.9469,WEAK,16.7197
853,-21,KOS,KOSMOS ENERGY LTD,Energy,,small,2.58,1.154,0.9828,1.0274,1.9982,STRONG_DOWN,61.25,55.42,-57.64,-63.6,44.58,118.66,0.4814,LOW,-,2.77,2.328,1.739,1,20.8217,TREND+LEAD,16.6966
854,-34,FLG,FLAGSTAR BANK NATIONAL ASSOCIATION,Financials,,mid,14.13,1.0091,0.9714,1.0778,1.0816,STRONG_DOWN,17.54,35.91,62.77,-17.47,51.81,31.96,0.5446,LOW,-,13.348,13.3205,12.3591,1,58.2116,TREND+LEAD,16.6906
855,26,KMI,Kinder Morgan,Energy,Oil & Gas Storage & Transportation,large,31.7,0.9111,0.934,0.9106,1.1436,FLAT,18.53,22.7,96.73,-11.11,53.01,19.32,0.6628,LOW,-,33.108,32.7284,28.3532,1,62.2874,TREND_ONLY,16.6701
856,-18,IT,Gartner,Information Technology,IT Consulting & Other Services,large,152.39,0.2813,1.0001,0.8991,0.6274,STRONG_UP,-38.24,-62.12,-66.74,-68.03,49.8,62.08,0.5946,LOW,EARLY,154.323,157.108,236.0607,0,-49.8316,WEAK,16.6457
857,30,RXO,RXO INC,Industrials,,mid,16.47,0.9472,0.9993,1.2109,1.0651,FLAT,-2.77,27.58,-19.66,-43.07,53.01,74.34,0.6889,LOW,-,14.8115,14.8682,15.2228,1,19.6634,TREND_ONLY,16.6447
858,75,AHCO,ADAPTHEALTH CORP,Health Care,,small,12.65,1.2011,1.0056,1.157,1.1805,STRONG_DOWN,39.93,61.76,31.63,-17.4,48.59,52.67,1.1478,MED,-,11.5855,10.6182,9.7986,1,56.9802,TREND+LEAD,16.609
859,24,ACHR,ARCHER AVIATION INC CLASS A,Industrials,,mid,6.06,0.6382,1.1065,0.9208,0.669,STRONG_UP,-53.46,-14.04,56.99,-63.78,49.0,64.78,0.8079,LOW,PROGRESS,5.515,6.2912,8.6833,0,-10.6219,WEAK,16.5991
860,61,HWKN,HAWKINS INC,Materials,,mid,147.07,0.9056,0.967,0.9684,0.9552,FLAT,-15.69,21.97,95.6,-34.79,53.41,42.45,1.4291,MED,-,147.3485,145.4682,153.1022,0,27.637,WEAK,16.5864
861,3,ANF,ABERCROMBIE AND FITCH CLASS A,Consumer Discretionary,,mid,91.45,0.9788,0.8584,1.0114,0.8912,FLAT,26.24,31.83,-21.09,-36.96,49.4,47.08,0.7303,LOW,EARLY,92.339,92.7518,92.7095,0,33.3978,WEAK,16.55
862,-68,NOC,Northrop Grumman,Industrials,Aerospace & Defense,large,678.59,0.9524,0.9545,0.8958,1.0252,FLAT,9.03,28.28,55.73,-15.56,53.01,28.51,0.4117,LOW,-,690.086,708.6676,611.6726,1,52.5743,TREND_ONLY,16.5439
863,-107,INVA,INNOVIVA INC,Health Care,,small,23.92,0.9818,0.9601,1.0363,1.1919,STRONG_DOWN,43.49,32.23,65.31,-23.53,51.41,25.47,0.5865,LOW,-,22.9995,22.7294,20.3396,1,65.0502,TREND_ONLY,16.5231
864,35,FIHL,FIDELIS INSURANCE HOLDINGS LTD,Financials,,small,20.14,0.948,0.9618,1.0131,1.0731,STRONG_DOWN,7.48,27.68,12.23,-15.99,56.22,21.54,0.5546,LOW,-,19.3375,19.2607,18.0758,1,72.2456,TREND_ONLY,16.488
865,-63,TRN,TRINITY INDUSTRIES INC,Industrials,,mid,33.49,1.0329,0.9435,1.0494,1.2018,STRONG_DOWN,21.79,39.11,37.45,-18.86,48.19,34.48,0.321,LOW,-,32.26,32.4006,28.3636,1,54.6558,TREND+LEAD,16.4047
866,-17,TPL,Texas Pacific Land Corporation,Energy,Oil & Gas Exploration & Production,large,417.3,0.7321,1.0725,0.7537,1.257,FLAT,38.36,-1.41,118.75,-42.34,53.01,60.3,0.4966,LOW,-,470.802,472.2124,351.9027,1,-1.2356,TREND_ONLY,16.392
867,21,NTAP,NetApp,Information Technology,"Technology Hardware, Storage & Peripherals",large,100.33,0.9334,1.0187,0.9457,0.9213,STRONG_UP,-15.94,25.72,1.66,-24.83,51.41,39.88,0.6124,LOW,-,100.664,100.3228,107.7203,0,33.1525,WEAK,16.3615
868,-193,MBWM,MERCANTILE BANK CORP,Financials,,small,53.03,1.0084,0.955,1.0196,1.057,STRONG_DOWN,16.43,35.82,65.73,-12.91,50.2,25.8,0.7223,LOW,-,51.2015,51.8558,47.8911,1,69.6931,TREND+LEAD,16.3493
869,-73,PKST,PEAKSTONE REALTY TRUST CLASS E,Real Estate,,small,20.93,1.33,0.9723,0.9599,1.4427,FLAT,68.21,79.13,82.7,-16.14,51.41,67.23,0.4584,LOW,-,20.889,20.8468,15.3904,1,60.5068,TREND+LEAD,16.344
870,97,EGBN,EAGLE BANCORP INC,Financials,,small,27.31,1.0293,0.9822,1.0667,1.2282,STRONG_DOWN,28.64,38.63,40.61,-26.57,53.01,43.92,1.3613,MED,-,25.433,25.7028,21.3517,1,46.6271,TREND+LEAD,16.324
871,3,KTB,KONTOOR BRANDS INC,Consumer Discretionary,,mid,71.97,1.0248,0.96,0.9933,1.2111,STRONG_DOWN,-10.8,38.02,39.6,-32.91,49.4,56.96,0.3279,LOW,-,69.8895,68.8077,69.6886,1,32.973,TREND+LEAD,16.3023
872,-25,SXT,SENSIENT TECHNOLOGIES CORP,Materials,,mid,92.01,0.9371,0.9643,0.9864,0.9461,FLAT,-2.55,26.21,40.07,-30.7,49.8,31.48,,LOW,PROGRESS,89.295,92.4226,98.2911,0,41.465,WEAK,16.2953
873,-29,EOG,EOG Resources,Energy,Oil & Gas Exploration & Production,large,132.39,0.9333,0.9416,0.9323,1.1871,FLAT,23.66,25.69,5.47,-18.51,52.21,29.57,0.5603,LOW,-,140.855,130.6062,115.848,1,45.3676,TREND_ONLY,16.2922
874,41,GNW,GENWORTH FINANCIAL INC,Financials,,mid,8.67,0.9813,0.9647,1.0268,1.014,FLAT,-1.7,32.16,,-14.07,49.8,26.25,0.4608,LOW,-,8.3325,8.4852,8.4823,1,61.0209,TREND_ONLY,16.2467
875,23,INTU,Intuit,Information Technology,Application Software,large,389.72,0.4961,1.0467,0.8135,0.6787,STRONG_UP,-40.4,-33.19,-35.33,-56.24,49.0,55.67,0.7908,LOW,EARLY,413.425,417.4586,607.873,0,-29.2142,WEAK,16.2094
876,41,BATRK,ATLANTA BRAVES HOLDINGS INC SERIES,Communication,,mid,45.21,0.8869,0.9922,0.9876,1.1037,FLAT,12.41,19.45,20.27,-18.72,53.41,19.28,0.812,LOW,-,43.176,42.812,41.8884,1,53.8676,TREND_ONLY,16.2013
877,3,TBBK,BANCORP INC,Financials,,mid,59.85,0.9737,0.9964,1.0764,0.8439,FLAT,-25.5,31.13,85.41,-35.92,56.22,53.61,0.4825,LOW,SHIFT,55.1505,55.8568,65.8117,0,32.6508,WEAK,16.1936
878,85,STEP,STEPSTONE GROUP INC CLASS A,Financials,,mid,54.58,0.8896,1.1421,1.1196,0.7348,STRONG_UP,-17.55,19.81,61.95,-43.1,51.81,59.36,0.9302,LOW,SHIFT,47.7805,49.6969,59.5698,0,17.2933,WEAK,16.1874
879,-27,VMC,Vulcan Materials Company,Materials,Construction Materials,large,291.25,0.9054,0.9655,1.0486,0.9616,FLAT,-5.43,21.93,14.31,-22.05,57.03,33.36,0.489,LOW,-,276.3165,289.9559,289.4332,1,37.4986,TREND_ONLY,16.18
880,-103,VC,VISTEON CORP,Consumer Discretionary,,mid,93.18,0.9872,0.9365,1.017,0.9368,FLAT,-17.2,32.96,-12.54,-33.97,47.79,43.96,0.4127,LOW,PROGRESS,90.2105,93.5338,104.9965,0,35.8337,WEAK,16.1707
881,-96,IVT,INVENTRUST PROPERTIES CORP,Real Estate,,mid,31.85,0.8948,0.9689,0.966,1.1052,FLAT,17.92,20.51,41.42,-8.63,50.2,14.93,0.7472,LOW,-,30.9917,30.758,28.5337,1,68.9529,TREND_ONLY,16.1672
882,32,CRWD,CrowdStrike,Information Technology,Systems Software,large,411.16,0.8037,1.0119,0.9071,0.8779,STRONG_UP,-15.91,8.25,37.44,-37.18,52.21,56.32,0.7316,LOW,SHIFT,401.2095,405.2415,460.4341,0,7.6439,WEAK,16.1603
883,-172,CAC,CAMDEN NATIONAL CORP,Financials,,small,50.38,1.0302,0.9545,1.0552,1.1133,STRONG_DOWN,33.97,38.75,87.19,-16.82,51.81,31.14,0.9,LOW,-,48.1585,47.9946,42.3199,1,64.4669,TREND+LEAD,16.1374
884,-29,O,Realty Income,Real Estate,Retail REITs,large,63.96,0.8763,0.9831,0.9581,1.0568,FLAT,11.69,18.02,40.68,-11.1,53.01,16.12,0.7612,LOW,-,61.8916,63.522,58.4536,1,59.2695,TREND_ONLY,16.1065
885,-74,HTH,HILLTOP HOLDINGS INC,Financials,,mid,37.1,0.9845,0.9461,1.0137,1.0445,STRONG_DOWN,13.15,32.59,34.86,-13.52,47.39,23.36,0.3554,LOW,-,36.1115,37.1082,34.0962,1,66.1134,TREND_ONLY,16.0946
886,-64,PWP,PERELLA WEINBERG PARTNERS CLASS A,Financials,,small,21.63,1.0411,1.0355,1.1998,1.0625,FLAT,10.46,40.21,46.8,-33.93,51.41,49.25,0.8673,LOW,-,18.439,19.1617,19.7735,1,41.9787,TREND+LEAD,16.071
887,-123,D,Dominion Energy,Utilities,Multi-Utilities,large,62.38,0.9133,0.9452,0.9459,1.0293,STRONG_DOWN,3.64,23.01,46.09,-9.77,53.01,18.36,0.7785,LOW,-,61.956,62.668,59.5223,1,66.4379,TREND_ONLY,16.036
888,-37,ARVN,ARVINAS INC,Health Care,,small,10.97,1.0647,0.954,0.873,0.8845,FLAT,16.58,43.4,-67.19,-36.9,50.6,56.89,0.6959,LOW,-,10.84,12.0672,10.2873,1,38.6004,TREND+LEAD,16.0017
889,-22,CARR,Carrier Global,Industrials,Building Products,large,58.55,0.745,0.9254,0.9821,1.0403,STRONG_DOWN,2.66,0.34,9.78,-37.38,49.8,41.34,2.0385,HIGH,PROGRESS,58.2315,60.4806,60.6172,0,0.4122,WEAK,15.9872
890,-8,SPB,SPECTRUM BRANDS HOLDINGS INC,Consumer Staples,,small,79.16,1.0248,0.9585,1.0039,1.2244,STRONG_DOWN,57.22,38.02,4.86,-23.7,51.41,34.44,0.5451,LOW,-,75.4825,75.7224,61.0133,1,56.7509,TREND+LEAD,15.9807
891,-1,RDW,REDWIRE CORP,Industrials,,small,9.91,0.7485,1.0441,0.935,0.8845,STRONG_UP,3.88,0.81,181.53,-75.4,50.2,119.66,0.6552,LOW,-,9.2705,9.183,9.6404,1,0.3414,TREND_ONLY,15.8882
892,-29,FFBC,FIRST FINANCIAL BANCORP,Financials,,mid,29.09,1.0021,0.9467,1.0359,1.1126,STRONG_DOWN,15.59,34.97,50.81,-14.19,47.39,28.13,0.9544,LOW,-,28.082,28.4804,25.7865,1,58.9054,TREND+LEAD,15.8867
893,0,CTRA,Coterra,Energy,Oil & Gas Exploration & Production,large,31.6,0.9468,0.9168,0.9155,1.2346,FLAT,38.3,27.52,24.19,-15.51,55.82,31.42,0.4406,LOW,-,34.159,32.1547,26.4549,1,48.8862,TREND_ONLY,15.8846
894,3,HUBG,HUB GROUP INC CLASS A,Industrials,,mid,39.25,0.9343,0.9837,1.0994,0.8218,FLAT,13.65,25.83,-1.29,-35.62,53.01,52.17,0.6026,LOW,-,36.7735,39.4534,38.3381,1,26.2419,TREND_ONLY,15.811
895,9,NXPI,NXP Semiconductors,Information Technology,Semiconductors,large,209.39,0.9398,0.989,1.0368,0.8597,FLAT,-2.17,26.57,-5.87,-24.58,48.19,35.86,0.5337,LOW,PROGRESS,197.7786,211.3772,217.4581,0,35.7034,WEAK,15.8048
896,117,VCTR,VICTORY CAPITAL HOLDINGS CLASS A I,Financials,,mid,73.15,1.0012,1.0414,1.0182,1.1019,FLAT,8.94,34.84,73.79,-18.13,51.0,37.56,0.6162,LOW,-,67.2088,69.6234,66.4621,1,47.3035,TREND+LEAD,15.7941
897,31,HOPE,HOPE BANCORP INC,Financials,,small,12.18,1.0142,0.9588,1.0749,1.06,FLAT,12.87,36.59,30.37,-15.54,48.59,30.14,0.6902,LOW,-,11.515,11.6002,10.9156,1,58.9964,TREND+LEAD,15.7856
898,-12,CNC,Centene Corporation,Health Care,Managed Health Care,large,37.6,0.4504,0.9727,1.0285,0.801,FLAT,3.18,-39.34,-47.97,-59.93,53.01,53.21,0.6056,LOW,-,34.999,38.4346,36.248,1,-39.1874,TREND_ONLY,15.7566
899,-31,ROAD,CONSTRUCTION PARTNERS INC CLASS A,Industrials,,mid,111.7,1.0569,0.9219,0.9084,0.9664,FLAT,-9.8,42.35,107.78,-26.55,51.41,55.45,0.7412,LOW,EARLY,111.7105,121.3701,115.2875,0,39.262,WEAK,15.7508
900,66,GKOS,GLAUKOS CORP,Health Care,,mid,121.0,1.0117,0.984,1.1235,1.1397,STRONG_DOWN,41.82,36.26,24.81,-29.92,51.0,54.3,0.4897,LOW,-,111.2105,111.689,100.6605,1,34.0575,TREND+LEAD,15.6983
901,57,DJCO,DAILY JOURNAL CORP,Information Technology,,small,541.66,1.0528,0.9574,1.0444,0.8209,FLAT,28.72,41.8,58.66,-29.75,57.03,55.25,0.5803,LOW,-,503.886,516.7654,475.8453,1,43.1423,TREND+LEAD,15.5843
902,-62,BLK,BlackRock,Financials,Asset Management & Custody Banks,large,1048.6,0.9178,1.0169,1.0321,0.9499,FLAT,-11.28,23.61,46.06,-22.45,53.82,33.09,0.9004,LOW,SHIFT,979.85,1012.7766,1074.136,0,38.4047,WEAK,15.5642
903,-61,WS,WORTHINGTON STEEL INC,Materials,,small,32.77,1.0317,0.9245,0.9622,0.8661,FLAT,7.85,38.95,3.82,-42.0,52.61,56.87,0.3842,LOW,-,31.984,37.6393,34.0693,0,36.0306,WEAK,15.5592
904,22,PDD,PDD Holdings,Technology,EDP Services,large,101.97,0.8198,0.9849,0.9338,0.93,STRONG_UP,-19.77,10.42,-10.17,-30.36,51.41,29.89,0.7404,LOW,PROGRESS,100.239,102.074,115.2519,0,17.9168,WEAK,15.5548
905,54,SBUX,Starbucks,Consumer Discretionary,Restaurants,large,98.34,0.9291,0.9856,0.9633,1.0681,FLAT,22.85,25.13,21.32,-18.53,50.2,30.57,0.5488,LOW,-,93.485,95.8231,88.8784,1,41.2635,TREND_ONLY,15.5405
906,-71,AVNS,AVANOS MEDICAL INC,Health Care,,small,24.72,1.5219,1.7042,1.7359,2.0485,STRONG_DOWN,124.73,104.98,32.55,-24.56,49.8,143.4,4.4834,HIGH,-,14.878,14.4556,12.3873,1,36.4558,TREND+LEAD,15.5332
907,2,FICO,Fair Isaac,Information Technology,Application Software,large,1030.8101,0.4029,0.9338,0.821,0.6273,STRONG_UP,-37.51,-45.74,-10.57,-58.19,51.81,64.29,0.6811,LOW,EARLY,1058.31,1224.1376,1511.8205,0,-36.8614,WEAK,15.515
908,-109,SM,SM ENERGY,Energy,,mid,27.33,0.9509,0.9371,0.9743,1.46,STRONG_DOWN,24.52,28.07,-42.18,-38.16,49.8,54.26,0.4308,LOW,-,29.7975,25.77,23.2237,1,25.7609,TREND_ONLY,15.4894
909,38,INOD,INNODATA INC,Industrials,,small,43.84,0.9359,1.18,0.9223,0.6827,STRONG_UP,-42.19,26.05,631.89,-63.03,48.59,84.12,0.7567,LOW,-,40.4095,43.3136,54.4604,0,15.0469,WEAK,15.4849
910,-50,OGS,ONE GAS INC,Utilities,,mid,88.61,0.8849,0.9496,0.9747,1.1329,STRONG_DOWN,12.04,19.18,55.96,-11.75,56.63,16.69,0.5761,LOW,-,87.2335,85.9853,78.8559,1,65.0923,TREND_ONLY,15.4678
911,-19,BIPC,BROOKFIELD INFRASTRUCTURE CORP CLA,Utilities,,mid,42.51,0.9251,0.9818,0.9473,0.95,FLAT,-5.52,24.59,59.65,-25.28,55.82,30.84,0.6788,LOW,PROGRESS,40.362,45.0262,43.0994,0,44.5069,WEAK,15.4277
912,-19,TRV,Travelers Companies (The),Financials,Property & Casualty Insurance,large,299.33,0.8942,0.9589,0.9339,1.0835,FLAT,9.42,20.44,38.7,-8.93,51.41,17.56,0.7428,LOW,-,295.457,299.0057,279.5723,1,59.8281,TREND_ONLY,15.4201
913,11,ALLE,Allegion,Industrials,Building Products,large,141.64,0.8468,0.9405,0.9278,0.8653,STRONG_UP,-19.03,14.04,14.62,-22.16,51.0,29.05,1.2245,MED,EARLY,144.1275,154.1438,162.1735,0,24.6523,WEAK,15.3606
914,54,BRZE,BRAZE INC CLASS A,Information Technology,,mid,22.74,0.5941,1.0681,1.1278,0.8211,FLAT,-12.44,-19.99,-43.39,-57.2,48.19,85.58,1.3317,MED,SHIFT,21.3062,19.5612,26.3788,0,-11.2541,WEAK,15.3111
915,-86,CNOB,CONNECTONE BANCORP INC,Financials,,small,28.4,1.0142,0.9765,1.0456,1.0688,STRONG_DOWN,12.11,36.59,68.3,-12.41,51.81,29.5,0.6759,LOW,-,27.062,26.977,25.4506,1,64.2596,TREND+LEAD,15.2985
916,28,TRMB,Trimble Inc.,Information Technology,Electronic Equipment & Instruments,large,66.79,0.8509,0.9917,0.9515,0.8237,STRONG_UP,-14.42,14.6,13.36,-26.63,56.22,34.8,0.6175,LOW,SHIFT,65.4395,66.5054,76.464,0,23.5897,WEAK,15.2915
917,-4,CNP,CenterPoint Energy,Utilities,Multi-Utilities,large,42.48,0.8774,0.9351,0.9299,1.0757,FLAT,8.77,18.17,64.15,-8.39,54.22,16.44,0.5651,LOW,-,42.9265,42.6296,39.1851,1,59.91,TREND_ONLY,15.2576
918,27,CNX,CNX RESOURCES CORP,Energy,,mid,39.35,0.9462,0.9846,0.9049,1.0758,FLAT,23.55,27.43,65.13,-20.14,54.62,32.42,0.8054,LOW,-,39.6655,40.0704,35.2878,1,46.2109,TREND_ONLY,15.2461
919,-115,GHC,GRAHAM HOLDINGS COMPANY CLASS B,Consumer Discretionary,,mid,1125.28,0.9199,0.9937,0.9977,0.9641,FLAT,16.16,23.89,61.75,-19.78,49.8,25.29,0.583,LOW,-,1074.9175,1080.282,1066.1765,1,47.0517,TREND_ONLY,15.2441
920,3,DECK,Deckers Brands,Consumer Discretionary,Footwear,large,108.87,0.7847,0.9634,0.9937,1.0561,STRONG_DOWN,9.66,5.68,-19.74,-38.52,47.79,53.13,0.4326,LOW,-,102.3245,108.1832,103.3634,1,5.1078,TREND_ONLY,15.2372
921,56,PTC,PTC Inc.,Information Technology,Application Software,large,136.58,0.7043,0.9532,0.847,0.8067,STRONG_UP,-32.41,-5.14,-23.54,-38.37,52.21,33.23,1.4114,MED,EARLY,142.2475,150.9584,180.7476,0,-8.0752,WEAK,15.2345
922,-72,NEXT,NEXTDECADE CORP,Energy,,mid,7.16,0.7126,0.9443,1.1443,1.3339,STRONG_DOWN,16.05,-4.02,18.35,-60.0,46.99,70.58,0.6638,LOW,-,7.6322,6.3189,7.1688,0,-2.6774,WEAK,15.2265
923,60,CDNS,Cadence Design Systems,Information Technology,Application Software,large,304.1,0.8709,1.0512,0.9894,0.9551,STRONG_UP,-6.65,17.3,1.09,-28.85,51.81,47.52,0.9177,LOW,SHIFT,282.9465,288.7616,321.2292,0,18.8568,WEAK,15.2088
924,82,CHTR,Charter Communications,Communication Services,Cable & Satellite,large,220.29,0.4919,0.9586,0.9462,1.0709,FLAT,-17.26,-33.75,-14.47,-57.21,50.2,41.92,1.0349,MED,PROGRESS,218.3455,224.9098,247.8323,0,-40.4131,WEAK,15.1684
925,-40,EQBK,EQUITY BANCSHARES INC CLASS A,Financials,,small,45.34,0.9397,0.9469,0.9862,0.9668,FLAT,8.14,26.55,46.84,-17.02,49.8,26.04,1.3991,MED,-,44.6372,45.1102,42.6868,1,50.7817,TREND_ONLY,15.1646
926,105,CWAN,CLEARWATER ANALYTICS HOLDINGS INC,Information Technology,,mid,24.04,0.7737,0.975,0.9827,0.9796,FLAT,34.3,4.2,48.12,-35.8,49.8,9.15,0.2898,LOW,-,23.6865,23.5188,21.4221,1,22.8841,TREND_ONLY,15.1485
927,67,GEHC,GE HealthCare,Health Care,Health Care Equipment,large,73.51,0.8898,0.9794,0.9717,0.8481,STRONG_UP,1.75,19.84,-14.08,-21.96,53.01,32.86,0.861,LOW,PROGRESS,71.4871,75.9338,76.7707,0,32.0131,WEAK,15.1165
928,-95,MO,Altria,Consumer Staples,Tobacco,large,64.42,0.894,0.9276,0.9348,1.0481,STRONG_DOWN,1.98,20.4,82.97,-16.4,54.62,23.25,0.5826,LOW,-,65.4235,65.7899,60.9307,1,47.9201,TREND_ONLY,15.0946
929,6,CSGP,CoStar Group,Real Estate,Real Estate Services,large,39.31,0.3694,1.0232,0.849,0.6054,STRONG_UP,-48.09,-50.25,-54.44,-62.33,51.0,53.54,0.9005,LOW,EARLY,40.1865,44.5122,69.1605,0,-47.869,WEAK,15.0005
930,141,APO,Apollo Global Management,Financials,Asset Management & Custody Banks,large,120.54,0.7258,1.0945,1.058,0.8264,STRONG_UP,-4.81,-2.25,15.09,-34.97,53.41,45.01,1.0372,MED,SHIFT,109.911,113.8078,130.9837,0,-2.6758,WEAK,14.9779
931,-11,UNH,UnitedHealth Group,Health Care,Managed Health Care,large,314.05,0.4098,0.994,1.0437,0.9294,FLAT,-11.48,-44.81,-30.03,-59.07,48.59,52.32,0.4187,LOW,-,285.5485,283.7032,308.8294,1,-41.6119,TREND_ONLY,14.9511
932,43,ABBV,AbbVie,Health Care,Biotechnology,large,208.42,0.9231,0.9532,0.9064,0.9313,FLAT,-7.65,24.32,36.09,-14.86,52.21,25.3,0.8152,LOW,EARLY,209.102,219.6074,215.2842,0,50.1956,WEAK,14.9423
933,19,NOG,NORTHERN OIL AND GAS INC,Energy,,mid,25.87,0.896,0.927,0.9147,1.1262,FLAT,20.2,20.68,-32.03,-34.26,51.0,44.77,0.465,LOW,-,28.204,27.2212,24.2892,1,23.5527,TREND_ONLY,14.9231
934,65,NCLH,Norwegian Cruise Line Holdings,Consumer Discretionary,"Hotels, Resorts & Cruise Lines",mid,21.12,0.9746,1.0278,0.9958,0.8997,STRONG_UP,-11.07,31.26,20.89,-35.04,48.59,68.37,0.4204,LOW,PROGRESS,19.602,21.1802,22.2902,0,22.2174,WEAK,14.9098
935,57,EE,EXCELERATE ENERGY INC CLASS A,Energy,,mid,33.78,0.9505,0.9445,0.9317,1.0281,FLAT,23.38,28.01,127.04,-27.46,52.61,44.16,0.3224,LOW,-,33.6965,36.6029,29.3022,1,33.3696,TREND_ONLY,14.8951
936,37,LH,Labcorp,Health Care,Health Care Services,large,266.73,0.9075,0.9482,0.942,1.0039,FLAT,-4.17,22.23,35.21,-15.22,55.42,25.16,0.5329,LOW,EARLY,267.5635,273.5517,267.0418,0,48.9569,WEAK,14.8702
937,72,ABNB,Airbnb,Consumer Discretionary,"Hotels, Resorts & Cruise Lines",large,137.51,0.9064,1.0342,0.996,1.0186,FLAT,11.9,22.08,-12.22,-21.54,54.62,38.52,0.7879,LOW,-,129.0635,128.1973,128.0407,1,31.3075,TREND_ONLY,14.8608
938,-76,PCT,PURECYCLE TECHNOLOGIES INC,Materials,,small,6.69,0.813,1.1924,1.1797,0.5742,STRONG_UP,-54.74,9.49,28.41,-70.09,45.38,86.52,0.7184,LOW,-,5.656,6.8866,10.7422,0,4.9789,WEAK,14.855
939,-39,XENE,XENON PHARMACEUTICALS INC,Health Care,,mid,58.88,1.2942,0.9762,1.0195,1.3929,STRONG_DOWN,45.13,74.3,41.91,-25.75,49.0,104.53,0.6782,LOW,-,56.5825,50.3221,41.8168,1,34.8313,TREND+LEAD,14.8306
940,40,RELY,REMITLY GLOBAL INC,Financials,,mid,18.86,0.7058,1.0714,1.1503,1.3721,STRONG_DOWN,23.19,-4.94,3.34,-50.18,47.79,67.77,1.2632,MED,-,16.2885,15.6977,15.8425,1,-3.4832,TREND_ONLY,14.8155
941,41,GFF,GRIFFON CORP,Industrials,,mid,83.02,0.9118,1.0317,1.0872,0.9757,FLAT,11.57,22.81,27.28,-27.85,51.0,35.81,0.898,LOW,-,73.8405,80.0029,77.0603,1,32.4835,TREND_ONLY,14.8076
942,-17,GD,General Dynamics,Industrials,Aerospace & Defense,large,338.88,0.9263,0.9616,0.9133,0.9187,FLAT,1.89,24.75,23.49,-8.35,51.81,22.34,0.5573,LOW,-,345.1589,349.7186,333.8988,1,57.4098,TREND_ONLY,14.7952
943,-134,WSBC,WESBANCO INC,Financials,,mid,36.01,0.9795,0.9529,1.0407,1.0596,STRONG_DOWN,9.12,31.93,46.4,-12.9,49.4,26.55,0.9462,LOW,-,34.622,34.9957,32.5386,1,59.4039,TREND_ONLY,14.7352
944,13,BMY,Bristol Myers Squibb,Health Care,Pharmaceuticals,large,57.89,0.9143,0.9456,0.9362,1.0089,FLAT,35.11,23.14,32.14,-13.68,49.4,24.61,0.4776,LOW,-,58.4836,59.2448,50.2324,1,46.4523,TREND_ONLY,14.7141
945,10,HIG,Hartford (The),Financials,Property & Casualty Insurance,large,138.75,0.8941,0.96,0.9799,1.0389,STRONG_DOWN,6.69,20.42,46.86,-9.16,53.82,18.23,0.4818,LOW,-,135.734,137.9426,131.5319,1,60.2897,TREND_ONLY,14.7076
946,75,AMGN,Amgen,Health Care,Biotechnology,large,348.22,0.9435,0.9512,0.9216,1.0484,FLAT,20.17,27.07,39.32,-12.41,52.21,29.15,0.6975,LOW,-,349.666,363.2095,318.6852,1,48.4807,TREND_ONLY,14.6615
947,17,CBRE,CBRE Group,Real Estate,Real Estate Services,large,147.48,0.9342,1.0056,1.0343,0.8797,FLAT,-4.46,25.83,,-23.22,53.41,43.36,0.5266,LOW,SHIFT,137.4835,143.1444,153.9208,0,31.8113,WEAK,14.6589
948,17,AVNT,AVIENT CORP,Materials,,mid,37.51,0.9333,0.9729,1.0516,1.0633,STRONG_DOWN,22.07,25.7,-5.07,-28.48,49.4,35.73,0.5994,LOW,-,35.5685,37.6364,33.8619,1,35.5301,TREND_ONLY,14.6221
949,32,BCO,BRINKS,Industrials,,mid,108.72,0.9423,0.9958,0.9857,0.8785,STRONG_UP,-2.39,26.91,27.29,-27.95,49.0,42.14,0.9359,LOW,PROGRESS,103.1835,115.307,112.0732,0,31.2865,WEAK,14.6159
950,52,VSTS,VESTIS CORP,Industrials,,small,9.25,0.9231,1.046,1.1541,1.3998,STRONG_DOWN,89.94,24.33,-50.04,-54.79,53.82,56.75,0.6099,LOW,-,8.024,7.8088,6.1827,1,23.0719,TREND_ONLY,14.5871
951,-43,MTX,MINERALS TECHNOLOGIES INC,Materials,,mid,71.32,0.9485,0.9493,0.9717,1.0519,STRONG_DOWN,20.32,27.75,1.59,-15.83,53.01,27.26,0.8193,LOW,-,70.015,70.4417,63.1402,1,53.9543,TREND_ONLY,14.5628
952,45,COMP,COMPASS INC CLASS A,Real Estate,,mid,7.28,0.7122,0.9781,0.8157,0.5822,STRONG_UP,1.25,-4.08,111.01,-50.81,47.39,66.65,0.5911,LOW,EARLY,7.418,9.0084,9.1032,0,-2.9041,WEAK,14.5078
953,149,SEM,SELECT MEDICAL HOLDINGS CORP,Health Care,,mid,16.38,0.7585,0.972,0.9628,1.0729,FLAT,23.15,2.15,15.07,-35.8,51.41,24.54,1.7288,HIGH,-,16.3185,15.9812,14.3633,1,4.5127,TREND_ONLY,14.4818
954,0,DTE,DTE Energy,Utilities,Multi-Utilities,large,146.75,0.853,0.9442,0.9392,1.0861,FLAT,5.36,14.88,52.1,-10.13,59.04,16.92,0.4161,LOW,-,146.423,144.6323,136.3033,1,51.9159,TREND_ONLY,14.4766
955,-139,FDP,FRESH DEL MONTE PRODUCE INC,Consumer Staples,,small,40.92,0.9875,0.93,0.9453,1.0959,STRONG_DOWN,23.82,33.0,75.98,-15.42,51.81,27.7,0.4775,LOW,-,41.4735,41.1932,36.7631,1,61.7273,TREND_ONLY,14.4716
956,-5,FBP,FIRST BANCORP,Financials,,mid,22.83,0.9649,0.9642,1.0628,1.078,STRONG_DOWN,4.1,29.95,48.7,-13.83,53.01,28.19,0.6521,LOW,-,21.623,21.6709,21.1094,1,56.3276,TREND_ONLY,14.458
957,77,HAE,HAEMONETICS CORP,Health Care,,mid,61.95,0.8085,1.0301,0.986,0.8046,STRONG_UP,24.5,8.89,-26.4,-39.02,52.61,33.5,0.4415,LOW,SHIFT,57.848,60.0706,64.4851,0,13.9681,WEAK,14.4552
958,-5,REG,Regency Centers,Real Estate,Retail REITs,large,79.52,0.8757,0.9859,0.9823,1.1296,FLAT,13.08,17.94,51.13,-8.17,48.59,15.56,0.9516,LOW,-,76.496,76.4987,71.0033,1,56.022,TREND_ONLY,14.4271
959,-3,ARDX,ARDELYX INC,Health Care,,small,6.3,1.0169,0.9983,1.0328,0.8994,FLAT,25.75,36.96,-6.11,-40.42,47.79,66.71,0.8608,LOW,-,5.8355,6.2622,5.8646,1,26.4751,TREND+LEAD,14.4043
960,-55,AMTB,AMERANT BANCORP INC CLASS A,Financials,,small,23.9,0.9781,0.9585,1.0929,1.1531,STRONG_DOWN,26.61,31.73,18.2,-22.86,51.0,30.08,0.4305,LOW,-,22.4285,22.1407,20.1023,1,53.8054,TREND_ONLY,14.373
961,118,PZZA,PAPA JOHNS INTERNATIONAL INC,Consumer Discretionary,,small,36.94,0.925,1.0099,0.9934,0.9799,STRONG_UP,-22.23,24.58,-34.76,-43.11,51.0,61.11,1.4034,MED,-,34.2385,33.6806,40.7668,0,20.5171,WEAK,14.3338
962,-26,EAT,BRINKER INTERNATIONAL INC,Consumer Discretionary,,mid,157.23,0.7766,0.9862,1.0525,0.9343,FLAT,19.1,4.59,247.24,-44.41,50.6,43.22,0.5329,LOW,-,147.245,149.1534,146.8218,1,5.3736,TREND_ONLY,14.3299
963,47,WDAY,"Workday, Inc.",Information Technology,Application Software,large,124.12,0.4047,1.0664,0.8776,0.6294,STRONG_UP,-47.67,-45.49,-51.83,-59.05,51.81,52.16,0.6988,LOW,EARLY,126.553,136.7456,202.4352,0,-45.1868,WEAK,14.3269
964,22,APD,Air Products,Materials,Industrial Gases,large,295.21,0.8613,0.9631,0.9922,1.0933,STRONG_DOWN,14.21,16.0,36.47,-22.39,50.6,25.4,0.7069,LOW,-,290.2077,283.8864,270.5267,1,31.8731,TREND_ONLY,14.3106
965,-54,XNCR,XENCOR INC,Health Care,,small,12.51,0.9757,0.9698,1.0184,0.8516,FLAT,0.64,31.41,-33.88,-40.35,46.99,64.09,1.2592,MED,-,12.185,11.998,12.0048,1,23.0276,TREND_ONLY,14.2711
966,10,HSY,Hershey Company (The),Consumer Staples,Packaged Foods & Meats,large,191.89,0.8942,0.8841,0.8424,0.9541,FLAT,2.75,20.43,11.21,-18.79,51.41,31.18,0.8628,LOW,-,207.988,217.3885,190.1117,1,33.6871,TREND_ONLY,14.2643
967,49,NX,QUANEX BUILDING PRODUCTS CORP,Industrials,,small,19.15,0.916,0.9223,1.0358,1.0484,STRONG_DOWN,35.95,23.37,-44.28,-49.67,49.4,43.61,0.441,LOW,-,18.109,19.2575,17.1612,1,26.4722,TREND_ONLY,14.2343
968,-20,GBCI,GLACIER BANCORP INC,Financials,,mid,47.75,0.9286,0.9621,1.0554,1.0084,FLAT,-1.21,25.07,45.37,-19.56,52.61,31.76,0.4599,LOW,-,45.296,46.7513,45.4129,1,41.5247,TREND_ONLY,14.2194
969,69,TROW,T. Rowe Price,Financials,Asset Management & Custody Banks,large,96.11,0.881,1.013,1.0392,0.9045,FLAT,-6.97,18.66,-5.32,-19.76,53.41,27.5,0.6454,LOW,SHIFT,90.2685,91.2623,98.8954,0,36.2377,WEAK,14.1842
970,2,RHP,RYMAN HOSPITALITY PROPERTIES REIT,Real Estate,,mid,101.04,0.9394,0.9981,1.0642,1.0762,STRONG_DOWN,15.61,26.52,2.07,-16.72,49.8,26.06,0.4973,LOW,-,93.9155,95.8171,93.1611,1,50.683,TREND_ONLY,14.181
971,7,RES,RPC INC,Energy,,small,6.99,1.1021,1.021,0.9739,1.1168,FLAT,64.14,48.44,-3.88,-20.83,49.8,54.27,0.9752,LOW,-,6.916,6.3585,5.3856,1,44.4464,TREND+LEAD,14.1723
972,12,SBSI,SOUTHSIDE BANCSHARES INC,Financials,,small,32.75,0.9318,0.9568,1.0454,1.0233,FLAT,18.04,25.49,33.75,-15.77,49.8,23.2,0.3797,LOW,-,31.485,31.6619,29.973,1,54.7193,TREND_ONLY,14.128
973,-154,LMAT,LEMAITRE VASCULAR INC,Health Care,,mid,114.81,1.016,0.9895,0.9777,1.3245,FLAT,32.0,36.84,82.14,-19.91,52.21,54.53,0.5298,LOW,-,110.596,103.0366,90.914,1,35.2693,TREND+LEAD,14.1267
974,-40,TDS,TELEPHONE AND DATA SYSTEMS INC,Communication,,mid,44.68,0.9213,0.9505,0.9984,0.9921,FLAT,15.8,24.08,199.71,-15.67,53.41,27.68,0.4436,LOW,-,43.7325,44.509,40.5623,1,46.4654,TREND_ONLY,14.0621
975,120,UBER,Uber,Industrials,Passenger Ground Transportation,large,77.28,0.7854,1.0454,0.9495,0.898,STRONG_UP,-18.01,5.78,4.25,-30.89,50.2,33.51,0.848,LOW,SHIFT,72.6325,73.3762,86.3053,0,8.6529,WEAK,14.0505
976,113,RJF,Raymond James Financial,Financials,Investment Banking & Brokerage,large,155.77,0.8867,1.0214,1.0341,0.8927,FLAT,-3.48,19.42,31.37,-19.64,55.82,30.6,0.756,LOW,SHIFT,145.1381,151.6524,160.1128,0,35.4279,WEAK,14.0197
977,-35,IEX,IDEX Corporation,Industrials,Industrial Machinery & Supplies & Components,large,199.52,0.917,0.9704,1.0016,1.0337,STRONG_DOWN,22.36,23.5,-10.45,-17.02,46.18,26.58,0.8599,LOW,-,192.867,199.9258,178.9584,1,40.8256,TREND_ONLY,13.976
978,-62,TECH,Bio-Techne,Health Care,Life Sciences Tools & Services,mid,58.49,0.874,1.0224,1.0948,0.8422,FLAT,-1.05,17.71,-7.69,-31.53,50.6,39.94,0.5832,LOW,-,53.7095,56.3864,57.8125,1,22.436,TREND_ONLY,13.9707
979,108,BKNG,Booking Holdings,Consumer Discretionary,"Hotels, Resorts & Cruise Lines",large,185.69,0.7649,1.0214,0.9988,0.8823,STRONG_UP,-11.71,3.02,36.02,-33.2,52.21,45.15,0.5441,LOW,SHIFT,173.051,171.8094,202.6496,0,3.4886,WEAK,13.9607
980,-96,STBA,S AND T BANCORP INC,Financials,,small,43.67,0.9776,0.9522,1.0445,1.083,STRONG_DOWN,20.01,31.66,60.53,-13.37,49.0,25.4,0.5112,LOW,-,42.1275,42.4003,39.2776,1,61.0725,TREND_ONLY,13.9546
981,19,ENVX,ENOVIX CORP,Industrials,,small,6.31,0.8036,1.0985,1.1802,0.756,FLAT,-50.97,8.23,-8.42,-69.62,50.2,79.31,0.8193,LOW,-,5.4015,5.5477,8.9792,0,5.2113,WEAK,13.9511
982,7,BJRI,BJS RESTAURANTS INC,Consumer Discretionary,,small,38.07,0.8991,0.9575,1.0384,0.8281,FLAT,19.04,21.09,17.03,-38.67,52.21,35.92,0.4836,LOW,-,36.4005,38.0994,37.0731,1,30.6513,TREND_ONLY,13.9236
983,-34,PEBO,PEOPLES BANCORP INC,Financials,,small,33.84,0.9592,0.9479,1.0225,1.0927,STRONG_DOWN,16.94,29.19,38.67,-12.53,48.59,23.05,0.5289,LOW,-,32.9785,32.9106,30.3617,1,61.5241,TREND_ONLY,13.8721
984,69,MTCH,Match Group,Communication Services,Interactive Media & Services,mid,34.52,0.9159,1.0321,1.0685,1.0681,FLAT,7.71,23.35,12.71,-24.61,51.41,37.39,0.7591,LOW,-,31.4491,31.0383,32.8211,1,32.1051,TREND_ONLY,13.8704
985,67,RDNT,RADNET INC,Health Care,,mid,58.22,0.8557,1.0086,0.8745,0.7856,STRONG_UP,-21.12,15.24,21.57,-35.39,50.2,47.63,0.5924,LOW,PROGRESS,57.747,63.6394,69.391,0,16.0639,WEAK,13.8535
986,-80,XYL,Xylem Inc.,Industrials,Industrial Machinery & Supplies & Components,large,125.19,0.8617,0.9398,0.9827,0.882,FLAT,-14.05,16.06,0.11,-23.57,51.81,31.02,0.9781,LOW,PROGRESS,122.8535,126.144,136.6829,0,26.8184,WEAK,13.8366
987,39,TYL,Tyler Technologies,Information Technology,Application Software,large,337.61,0.4403,1.0132,0.926,0.7347,STRONG_UP,-33.32,-40.7,-15.43,-53.08,46.99,53.32,0.4663,LOW,PROGRESS,335.6865,339.3474,465.0436,0,-35.865,WEAK,13.8295
988,92,LII,Lennox International,Industrials,Building Products,large,484.29,0.6646,0.9627,0.9533,0.9096,STRONG_UP,-8.26,-10.49,7.01,-33.77,48.59,42.25,1.8879,HIGH,PROGRESS,472.4562,508.6045,528.3275,0,-12.0644,WEAK,13.793
989,40,KNTK,KINETIK HOLDINGS INC CLASS A,Energy,,mid,46.79,0.8653,0.9932,0.985,1.2538,FLAT,30.16,16.54,40.06,-30.3,51.41,36.54,0.2689,LOW,-,46.915,45.127,39.6316,1,23.2716,TREND_ONLY,13.7921
990,-94,ONB,OLD NATIONAL BANCORP,Financials,,mid,23.36,0.9141,0.9599,1.0413,1.0118,FLAT,8.95,23.11,59.18,-17.73,50.2,27.66,0.5873,LOW,-,22.283,23.1717,22.1313,1,41.9472,TREND_ONLY,13.7726
991,-84,MEG,MONTROSE ENVIRONMENTAL GRP INC,Industrials,,small,21.16,1.1018,0.9111,0.8839,0.901,FLAT,-29.3,48.39,-49.56,-34.03,50.2,71.48,0.6919,LOW,-,22.121,23.713,25.3563,0,33.982,WEAK,13.7682
992,-80,DE,Deere & Company,Industrials,Agricultural & Farm Machinery,large,576.64,0.9588,0.9064,0.9625,1.1108,STRONG_DOWN,29.55,29.13,50.85,-16.83,50.6,37.26,0.7718,LOW,-,579.2787,592.2085,509.0706,1,39.5555,TREND_ONLY,13.739
993,-5,SAH,SONIC AUTOMOTIVE INC CLASS A,Consumer Discretionary,,mid,65.89,0.8588,0.9436,1.0409,1.0336,FLAT,-12.17,15.67,38.84,-33.64,55.42,38.22,0.4931,LOW,SHIFT,65.15,62.8985,68.7152,0,22.7186,WEAK,13.7273
994,1,VRDN,VIRIDIAN THERAPEUTICS ORS INC,Health Care,,small,14.88,0.8734,0.9398,0.4973,0.4333,STRONG_UP,-28.39,17.63,-1.39,-58.85,49.8,92.48,0.6318,LOW,-,20.7455,25.7662,24.4542,0,9.4928,WEAK,13.7134
995,49,DXCM,Dexcom,Health Care,Health Care Equipment,large,61.54,0.6648,0.9102,0.8737,0.8685,STRONG_UP,-7.05,-10.46,-54.92,-38.75,50.2,32.01,1.1419,MED,EARLY,64.416,67.853,70.8576,0,-16.4059,WEAK,13.679
996,28,PPG,PPG Industries,Materials,Specialty Chemicals,large,107.72,0.8341,0.9539,0.9909,0.9815,FLAT,8.6,12.34,-15.36,-25.68,50.6,37.13,0.5879,LOW,-,105.16,113.4461,107.25,1,16.8105,TREND_ONLY,13.6705
997,23,CB,Chubb Limited,Financials,Property & Casualty Insurance,large,327.27,0.8578,0.9548,0.9453,1.0726,FLAT,15.32,15.53,36.08,-11.02,53.01,17.94,0.8961,LOW,-,326.517,328.4239,296.6069,1,45.8878,TREND_ONLY,13.66
998,102,PANW,Palo Alto Networks,Information Technology,Systems Software,large,164.11,0.7178,0.9546,0.927,0.8455,STRONG_UP,-20.93,-3.33,19.34,-36.01,53.82,44.85,0.6704,LOW,SHIFT,161.727,160.2614,186.2792,0,-3.9939,WEAK,13.6171
999,84,LFST,LIFESTANCE HEALTH GROUP INC,Health Care,,mid,6.55,0.7248,0.9804,0.9514,0.8887,STRONG_UP,28.68,-2.38,16.55,-44.26,46.99,35.44,0.5043,LOW,-,6.448,6.739,5.9694,1,-3.1616,TREND_ONLY,13.5954
1000,19,CME,CME Group,Financials,Financial Exchanges & Data,large,296.9,0.8756,0.9648,0.9056,1.0864,FLAT,14.3,17.93,56.21,-10.13,57.43,21.92,0.6651,LOW,-,301.3575,302.808,274.3999,1,46.9839,TREND_ONLY,13.5853
1001,71,GIII,G III APPAREL GROUP LTD,Consumer Discretionary,,small,29.72,0.944,0.9685,1.1064,0.9857,FLAT,12.81,27.13,7.85,-29.39,52.61,37.66,0.6388,LOW,-,27.8975,29.0372,27.5887,1,37.905,TREND_ONLY,13.5843
1002,-63,NWBI,NORTHWEST BANCSHARES INC,Financials,,small,13.29,0.9305,0.9403,1.0471,1.094,STRONG_DOWN,8.37,25.32,41.31,-13.97,50.6,21.93,0.7005,LOW,-,12.8585,12.7803,12.2198,1,58.4114,TREND_ONLY,13.5752
1003,-49,LIN,Linde plc,Materials,Industrial Gases,large,497.94,0.8364,0.961,0.9633,1.1169,STRONG_DOWN,9.19,12.65,14.63,-19.18,52.61,19.48,0.5675,LOW,-,495.113,488.3976,457.2555,1,34.1615,TREND_ONLY,13.5729
1004,47,MMM,3M,Industrials,Industrial Conglomerates,large,151.24,0.8766,0.9762,0.9697,0.8791,STRONG_UP,0.03,18.06,73.02,-18.77,52.21,31.6,0.4768,LOW,PROGRESS,146.5095,155.7931,157.3971,0,29.8466,WEAK,13.5645
1005,91,CVBF,CVB FINANCIAL CORP,Financials,,mid,20.31,0.8992,0.9508,1.0367,1.0459,STRONG_DOWN,7.54,21.11,40.25,-13.91,49.0,27.29,2.005,HIGH,-,19.5222,19.6323,19.2075,1,37.9069,TREND_ONLY,13.5617
1006,-65,TRNO,TERRENO REALTY REIT CORP,Real Estate,,mid,65.74,0.8908,0.9781,0.9983,1.0724,STRONG_DOWN,16.63,19.98,20.05,-10.85,55.82,19.96,0.3859,LOW,-,62.5071,63.4836,59.1284,1,55.8694,TREND_ONLY,13.5603
1007,61,SHEN,SHENANDOAH TELECOMMUNICATIONS,Communication,,small,15.515,0.906,1.0021,0.9985,1.3179,FLAT,16.58,22.03,7.78,-36.32,51.81,37.0,0.6124,LOW,-,14.8573,14.1351,12.9284,1,30.8415,TREND_ONLY,13.5347
1008,-48,IR,Ingersoll Rand,Industrials,Industrial Machinery & Supplies & Components,large,83.39,0.8685,0.9308,0.9481,0.9541,STRONG_DOWN,8.01,16.97,-8.07,-22.08,49.0,40.2,1.2877,MED,-,82.2605,88.3566,82.9801,1,20.6859,TREND_ONLY,13.5271
1009,-90,TNDM,TANDEM DIABETES CARE INC,Health Care,,small,20.66,0.8888,1.0198,0.8258,0.9737,FLAT,43.67,19.7,-37.32,-56.99,47.39,90.92,,LOW,-,21.2593,21.5988,17.8017,1,10.2675,TREND_ONLY,13.5038
1010,17,AIZ,Assurant,Financials,Multi-line Insurance,large,224.01,0.8876,0.9746,0.9852,0.9296,FLAT,1.79,19.55,35.01,-12.57,57.83,27.21,0.5967,LOW,-,217.989,222.5928,216.6769,1,41.5488,TREND_ONLY,13.4948
1011,-65,AEE,Ameren,Utilities,Multi-Utilities,large,110.74,0.8633,0.941,0.9431,1.0695,STRONG_DOWN,7.74,16.27,67.24,-7.9,56.63,16.46,0.4916,LOW,-,110.295,109.6056,102.2646,1,55.965,TREND_ONLY,13.4859
1012,-72,GDDY,GoDaddy,Information Technology,Internet Services & Infrastructure,large,82.33,0.355,0.9881,0.9249,0.7489,STRONG_UP,-37.76,-52.19,-33.2,-58.87,49.4,52.16,0.5905,LOW,PROGRESS,81.8995,86.5544,124.58,0,-49.4278,WEAK,13.4529
1013,-91,LOW,Lowe's,Consumer Discretionary,Home Improvement Retail,large,243.99,0.862,0.9564,0.9728,0.8768,FLAT,2.3,16.09,11.0,-21.84,51.81,29.62,0.4874,LOW,PROGRESS,236.7255,254.2784,246.8135,0,28.1429,WEAK,13.4523
1014,29,VRNS,VARONIS SYSTEMS INC,Information Technology,,mid,23.14,0.4208,1.044,0.9105,0.6533,STRONG_UP,-62.16,-43.33,-47.36,-68.11,53.82,68.01,0.6565,LOW,PROGRESS,22.383,23.429,40.8235,0,-34.2862,WEAK,13.4466
1015,-45,WOR,WORTHINGTON ENTERPRISES INC,Industrials,,mid,53.8,0.8608,0.9447,1.0626,0.9913,FLAT,-5.24,15.93,-4.05,-29.83,53.01,31.3,0.5153,LOW,SHIFT,51.872,53.4641,56.7913,0,26.9791,WEAK,13.4448
1016,-20,ALHC,ALIGNMENT HEALTHCARE INC,Health Care,,mid,20.92,0.7974,0.9505,1.1157,0.9463,FLAT,21.21,7.39,326.94,-40.25,51.41,58.18,0.416,LOW,-,18.8755,19.3264,17.7059,1,6.532,TREND_ONLY,13.4326
1017,-24,CVSA,COVISTA INC,Consumer Discretionary,,mid,112.49,0.7828,0.9563,1.0082,0.9648,FLAT,-24.87,5.43,146.26,-42.14,56.22,36.08,0.3293,LOW,-,113.414,105.4742,116.5743,0,8.4555,WEAK,13.4253
1018,-1,RMD,ResMed,Health Care,Health Care Equipment,large,228.8,0.8105,0.9749,0.9365,0.8692,STRONG_UP,-14.88,9.16,26.01,-24.74,51.41,27.19,0.8223,LOW,PROGRESS,226.3225,242.6312,257.0446,0,17.3127,WEAK,13.4183
1019,31,HSIC,Henry Schein,Health Care,Health Care Distributors,mid,77.42,0.9083,0.9945,0.9883,0.9986,FLAT,22.13,22.33,8.71,-16.93,51.0,27.67,0.6285,LOW,-,74.291,76.8502,72.355,1,41.1498,TREND_ONLY,13.4174
1020,26,QCOM,Qualcomm,Information Technology,Semiconductors,large,133.05,0.7448,1.0117,0.9663,0.8005,STRONG_UP,-16.79,0.31,-17.61,-33.13,53.01,28.11,0.8544,LOW,PROGRESS,128.8425,134.7304,155.8048,0,0.5938,WEAK,13.4119
1021,43,EFC,ELLINGTON FINANCIAL INC,Financials,,small,12.81,0.8948,0.9884,1.0325,0.944,FLAT,-0.37,20.51,48.24,-17.71,51.41,21.66,0.3424,LOW,-,11.9512,12.1202,12.5561,1,48.6721,TREND_ONLY,13.3853
1022,98,APAM,ARTISAN PARTNERS ASSET MANAGEMENT,Financials,,mid,37.59,0.8736,0.9858,0.9903,0.8875,FLAT,-9.54,17.65,4.67,-21.92,50.2,28.42,1.3617,MED,PROGRESS,36.385,38.6848,41.1369,0,31.1829,WEAK,13.3852
1023,12,DEA,EASTERLY GOVERNMENT PROPERTIES INC,Real Estate,,small,23.24,0.9232,0.9927,0.9978,1.0247,STRONG_DOWN,12.18,24.34,-1.25,-11.2,51.0,20.69,0.5156,LOW,-,22.0935,22.6293,21.7618,1,59.9937,TREND_ONLY,13.3615
1024,31,FRSH,FRESHWORKS INC CLASS A,Information Technology,,mid,8.26,0.4891,1.0105,0.9856,0.7096,STRONG_UP,-25.65,-34.13,-52.25,-56.95,45.78,61.94,1.2063,MED,SHIFT,8.0205,8.0331,11.3811,0,-25.2261,WEAK,13.3611
1025,14,GPC,Genuine Parts Company,Consumer Discretionary,Distributors,large,110.44,0.7552,0.9882,1.0266,0.8193,FLAT,-15.95,1.72,-18.62,-34.84,48.19,40.63,0.7897,LOW,PROGRESS,104.8515,115.9642,126.2338,0,2.0367,WEAK,13.3489
1026,-21,CURB,CURBLINE PROPERTIES,Real Estate,,mid,27.16,0.9127,0.9675,0.9748,1.1202,STRONG_DOWN,20.39,22.93,43.33,-9.54,51.0,20.58,0.2065,LOW,-,26.352,26.5087,23.6503,1,56.8135,TREND_ONLY,13.3438
1027,-13,VCYT,VERACYTE INC,Health Care,,mid,34.04,0.8016,1.0547,0.9717,0.7888,STRONG_UP,0.27,7.96,79.92,-39.23,46.99,48.11,0.5916,LOW,PROGRESS,32.382,34.0842,35.13,0,7.7753,WEAK,13.3432
1028,-21,HAFC,HANMI FINANCIAL CORP,Financials,,small,27.64,1.0019,0.9555,1.0396,0.9741,FLAT,13.53,34.94,109.91,-16.23,50.6,39.65,0.6178,LOW,-,26.6685,26.5974,25.8035,1,44.5908,TREND+LEAD,13.3289
1029,29,INTA,INTAPP INC,Information Technology,,mid,23.26,0.337,1.0623,0.8797,0.5552,STRONG_UP,-38.07,-54.61,-25.76,-66.6,44.18,75.39,0.6335,LOW,EARLY,24.053,24.2826,37.6015,0,-32.0052,WEAK,13.3221
1030,33,LDOS,Leidos,Industrials,Diversified Support Services,large,159.04,0.8522,0.9927,0.8995,0.8218,STRONG_UP,-14.67,14.78,30.22,-23.02,53.82,39.87,0.5458,LOW,PROGRESS,158.846,169.6314,179.0051,0,19.9497,WEAK,13.3157
1031,-197,BFST,BUSINESS FIRST BANCSHARES INC,Financials,,small,28.54,0.9659,0.964,1.0411,1.0609,STRONG_DOWN,20.45,30.09,47.9,-13.49,49.8,26.11,0.7617,LOW,-,27.3775,27.758,25.721,1,57.3859,TREND_ONLY,13.3142
1032,54,GEN,Gen Digital,Information Technology,Systems Software,large,19.67,0.6122,1.0401,0.8944,0.7413,STRONG_UP,-25.95,-17.56,-0.15,-43.59,45.78,39.65,0.6965,LOW,PROGRESS,19.281,21.228,26.129,0,-20.2691,WEAK,13.2928
1033,-25,SBRA,SABRA HEALTH CARE REIT INC,Real Estate,,mid,20.49,0.8931,0.9781,0.9442,1.0616,FLAT,19.9,20.29,73.12,-12.18,51.41,21.92,0.4465,LOW,-,19.933,19.9988,18.6025,1,47.5876,TREND_ONLY,13.2901
1034,-102,CLB,CORE LABORATORIES INC,Energy,,small,16.46,0.9949,0.9626,0.9657,0.8337,FLAT,44.18,34.0,-4.03,-27.03,49.4,43.53,0.4721,LOW,-,16.512,17.1643,14.8482,1,38.5817,TREND_ONLY,13.2771
1035,-73,ECL,Ecolab,Materials,Specialty Chemicals,large,270.37,0.8596,0.9639,0.948,0.9674,FLAT,-0.43,15.77,25.18,-16.6,54.22,22.79,0.5467,LOW,PROGRESS,266.3195,281.9072,271.8009,0,37.5242,WEAK,13.2751
1036,-126,LULU,Lululemon Athletica,Consumer Discretionary,"Apparel, Accessories & Luxury Goods",large,162.74,0.4846,0.9494,0.9766,0.788,FLAT,-3.78,-34.74,-51.99,-56.49,50.6,42.8,0.7047,LOW,PROGRESS,158.6755,167.7334,185.9506,0,-41.0706,WEAK,13.274
1037,11,PNR,Pentair,Industrials,Industrial Machinery & Supplies & Components,large,88.35,0.821,0.9487,0.9449,0.8371,STRONG_UP,-19.6,10.58,12.68,-25.05,49.4,33.04,0.5054,LOW,PROGRESS,87.826,93.1308,102.8695,0,15.812,WEAK,13.2468
1038,4,CVLT,COMMVAULT SYSTEMS INC,Information Technology,,mid,93.21,0.4581,1.1232,1.1118,0.7371,STRONG_UP,-46.53,-38.3,-2.53,-61.53,51.81,77.53,0.8415,LOW,SHIFT,81.3205,83.8898,136.7075,0,-25.5916,WEAK,13.235
1039,-35,WGO,WINNEBAGO INDUSTRIES INC,Consumer Discretionary,,small,31.65,0.815,0.9331,0.9024,0.6755,STRONG_UP,3.71,9.77,-46.25,-39.4,51.41,39.53,1.5185,HIGH,-,32.3825,38.1302,36.4066,0,12.703,WEAK,13.1711
1040,81,J,Jacobs Solutions,Industrials,Construction & Engineering,large,127.31,0.8269,0.9728,0.9332,0.9032,STRONG_UP,-19.03,11.37,8.12,-24.91,51.0,37.53,0.8137,LOW,EARLY,127.5315,133.231,140.842,0,15.4524,WEAK,13.149
1041,-5,EFSC,ENTERPRISE FINANCIAL SERVICES CORP,Financials,,mid,57.83,0.9141,0.9518,1.0448,1.04,FLAT,0.96,23.12,59.04,-15.28,49.4,27.07,0.5295,LOW,-,55.3745,56.5292,55.9365,1,42.1834,TREND_ONLY,13.1464
1042,-27,HRI,HERC HOLDINGS INC,Industrials,,mid,100.35,0.6572,0.943,0.8761,0.6232,STRONG_UP,-20.88,-11.49,-34.2,-49.5,46.99,64.46,0.3578,LOW,EARLY,100.7425,126.9963,133.2781,0,-8.3791,WEAK,13.1383
1043,68,BBY,Best Buy,Consumer Discretionary,Computer & Electronics Retail,large,63.39,0.8338,0.9542,0.9822,0.9493,FLAT,-15.55,12.3,-7.01,-26.04,48.19,32.61,0.4909,LOW,PROGRESS,63.0591,63.7124,69.0979,0,18.1748,WEAK,13.1238
1044,-115,NJR,NEW JERSEY RESOURCES CORP,Utilities,,mid,55.93,0.8692,0.9439,0.9857,1.1753,STRONG_DOWN,24.7,17.06,46.4,-10.65,54.22,17.18,0.4662,LOW,-,55.2475,54.0769,47.7289,1,53.8434,TREND_ONLY,13.1167
1045,-84,ADMA,ADMA BIOLOGICS INC,Health Care,,mid,10.65,0.3725,1.0408,0.6303,0.5731,STRONG_UP,-28.76,-49.84,72.89,-66.18,49.0,74.2,0.835,LOW,PROGRESS,10.6145,13.8382,16.2719,0,-32.91,WEAK,13.1064
1046,93,USPH,US PHYSICAL THERAPY INC,Health Care,,small,76.67,0.8515,0.9671,0.9466,0.8829,STRONG_UP,-14.68,14.68,-19.27,-26.57,51.0,24.06,1.0259,MED,-,75.33,79.5937,80.0276,0,31.1128,WEAK,13.1053
1047,-25,OCUL,OCULAR THERAPEUTIX INC,Health Care,,small,8.91,0.9227,0.9306,0.9811,0.7917,FLAT,-20.66,24.27,14.38,-57.29,49.0,95.48,0.4084,LOW,-,8.3615,8.7925,11.0979,0,12.4541,WEAK,13.0823
1048,-37,CBU,COMMUNITY FINANCIAL SYSTEM INC,Financials,,mid,61.74,0.8885,0.9585,1.0418,0.999,FLAT,7.28,19.67,58.13,-16.03,50.6,24.47,0.7109,LOW,-,59.187,60.7915,58.1451,1,40.6713,TREND_ONLY,13.0751
1049,-146,AKAM,Akamai Technologies,Information Technology,Internet Services & Infrastructure,large,90.38,0.9092,0.801,0.8161,0.9807,STRONG_DOWN,21.99,22.45,-10.81,-25.44,54.22,65.55,0.9819,LOW,-,109.38,104.3594,87.2275,1,18.5692,TREND_ONLY,13.0697
1050,49,NVAX,NOVAVAX INC,Health Care,,small,8.69,1.0407,0.9884,0.7806,1.0437,FLAT,-2.25,40.16,117.79,-35.94,47.39,81.28,0.595,LOW,-,8.663,9.1554,8.1088,1,23.4159,TREND+LEAD,13.0552
1051,-60,ATEC,ALPHATEC HOLDNGS INC,Health Care,,small,11.42,0.8289,1.0021,0.8364,0.7043,STRONG_UP,-17.31,11.63,-13.42,-52.25,50.6,48.07,0.6151,LOW,-,11.464,12.5544,15.4326,0,12.2447,WEAK,13.0063
1052,-134,APLE,APPLE HOSPITALITY REIT INC,Real Estate,,mid,12.51,0.8739,0.98,1.0169,1.0175,STRONG_DOWN,12.22,17.69,-5.3,-13.49,48.19,23.63,1.8631,HIGH,-,11.8693,11.9707,11.6773,1,36.0809,TREND_ONLY,12.9974
1053,13,HLX,HELIX ENERGY SOLUTIONS GROUP INC,Energy,,small,9.42,1.0727,0.9552,0.9497,1.2606,FLAT,49.52,44.48,-13.34,-20.83,47.79,56.06,0.5182,LOW,-,9.708,9.2402,7.2468,1,37.917,TREND+LEAD,12.9647
1054,-13,CCEP,Coca-Cola Europacific Partners,Consumer Staples,Soft Drinks,large,96.17,0.8338,0.9541,0.9121,1.0648,FLAT,8.79,12.29,52.75,-17.89,55.42,24.26,0.8487,LOW,-,94.0315,98.7894,92.4344,1,28.0835,TREND_ONLY,12.9385
1055,-23,UNP,Union Pacific Corporation,Industrials,Rail Transportation,large,248.03,0.8703,0.9593,0.9783,1.0797,STRONG_DOWN,10.44,17.21,12.25,-12.28,55.02,21.56,0.7327,LOW,-,243.3265,251.2323,231.3799,1,43.9225,TREND_ONLY,12.884
1056,-7,WAFD,WAFD INC,Financials,,mid,32.48,0.9077,0.9512,1.002,0.975,FLAT,11.26,22.25,30.01,-12.9,51.0,25.66,0.6429,LOW,-,31.8315,31.994,30.88,1,44.2228,TREND_ONLY,12.8822
1057,49,MSI,Motorola Solutions,Information Technology,Communications Equipment,large,440.21,0.7859,0.9664,0.8993,1.1154,FLAT,-3.86,5.84,32.13,-25.45,53.41,24.29,0.4011,LOW,-,444.4439,450.3318,426.8342,1,12.85,TREND_ONLY,12.8767
1058,26,IBM,IBM,Information Technology,IT Consulting & Other Services,large,244.8,0.7808,1.0026,0.9135,0.7836,STRONG_UP,-10.36,5.16,41.13,-28.69,55.42,45.87,0.5297,LOW,PROGRESS,242.3745,252.0191,273.4851,0,6.2369,WEAK,12.8684
1059,-3,SOLV,Solventum,Health Care,Health Care Technology,large,69.1,0.7813,1.0142,0.9617,0.8491,STRONG_UP,-3.34,5.22,11.54,-27.46,50.2,29.66,0.6177,LOW,PROGRESS,65.3505,70.0052,74.2815,0,8.8402,WEAK,12.8474
1060,-86,PPL,PPL Corporation,Utilities,Electric Utilities,large,39.36,0.8547,0.9604,0.9789,1.0978,STRONG_DOWN,5.59,15.12,61.38,-11.69,54.62,18.37,0.6318,LOW,-,38.3225,37.6769,35.9485,1,44.9418,TREND_ONLY,12.8439
1061,-76,SW,Smurfit Westrock,Materials,Paper & Plastic Packaging Products & Materials,large,41.4,0.7754,0.9543,0.9872,0.9612,FLAT,-1.1,4.43,4.18,-32.21,48.19,49.41,0.8089,LOW,PROGRESS,39.9875,43.1045,41.7422,0,4.3192,WEAK,12.8227
1062,-22,PFSI,PENNYMAC FINANCIAL SERVICES INC,Financials,,mid,91.74,0.721,0.9711,1.0038,0.6143,FLAT,-22.92,-2.89,8.92,-47.06,51.41,75.37,0.424,LOW,SHIFT,88.4495,90.0006,112.7526,0,-1.9702,WEAK,12.8039
1063,-45,MHO,M I HOMES INC,Consumer Discretionary,,mid,120.47,0.8589,0.9354,0.893,0.8657,STRONG_UP,-11.08,15.68,6.7,-25.14,50.6,31.03,0.4826,LOW,EARLY,122.255,132.5172,133.3496,0,25.5704,WEAK,12.8023
1064,94,OMCL,OMNICELL INC,Health Care,,small,37.53,0.9004,1.0278,1.0222,0.7278,STRONG_UP,26.41,21.26,40.83,-37.05,52.61,53.8,0.6085,LOW,-,34.446,37.3018,36.2123,1,20.7898,TREND_ONLY,12.7612
1065,-64,BOH,BANK OF HAWAII CORP,Financials,,mid,78.67,0.9468,0.9605,1.0404,1.1073,STRONG_DOWN,24.84,27.51,52.37,-15.03,46.18,27.96,0.4819,LOW,-,75.1215,75.8368,68.3206,1,45.437,TREND_ONLY,12.7514
1066,-21,CSTL,CASTLE BIOSCIENCES INC,Health Care,,small,24.62,0.8598,1.0207,0.9085,0.594,STRONG_UP,10.11,15.8,29.99,-46.26,51.81,50.31,0.4856,LOW,-,24.6368,27.8739,28.1268,0,16.2755,WEAK,12.6796
1067,-30,CPAY,Corpay,Financials,Transaction & Payment Processing Services,large,323.96,0.7841,1.0265,1.0392,0.9722,FLAT,11.78,5.6,8.45,-28.13,51.81,47.45,0.5813,LOW,-,297.3325,317.288,309.5011,1,6.1184,TREND_ONLY,12.6146
1068,10,CMG,Chipotle Mexican Grill,Consumer Discretionary,Restaurants,large,35.25,0.5444,1.0,0.9791,0.8542,STRONG_UP,-16.27,-26.68,-40.1,-48.82,45.38,35.3,0.5018,LOW,PROGRESS,33.15,35.31,39.2383,0,-34.3046,WEAK,12.6127
1069,-22,MCK,McKesson Corporation,Health Care,Health Care Distributors,large,863.42,0.9265,0.9603,0.8761,1.019,FLAT,10.62,24.78,64.82,-13.97,55.82,41.06,0.4361,LOW,-,873.2045,914.6474,804.6288,1,33.6849,TREND_ONLY,12.5841
1070,15,LEN,Lennar,Consumer Discretionary,Homebuilding,large,88.44,0.6504,0.966,0.8711,0.7198,STRONG_UP,-27.32,-12.4,-38.24,-39.87,47.79,34.84,0.5773,LOW,EARLY,89.492,101.9162,115.6718,0,-17.0079,WEAK,12.5773
1071,-2,HUM,Humana,Health Care,Managed Health Care,large,198.37,0.5238,0.9766,1.1158,0.7154,FLAT,-23.53,-29.45,-35.77,-47.18,53.82,59.28,0.3941,LOW,SHIFT,180.8097,180.7373,239.3598,0,-26.7362,WEAK,12.5506
1072,-142,ITW,Illinois Tool Works,Industrials,Industrial Machinery & Supplies & Components,large,264.39,0.8759,0.9401,0.9498,1.0109,STRONG_DOWN,7.94,17.96,10.49,-14.49,52.21,24.84,0.7984,LOW,-,262.8016,275.7567,257.5399,1,37.7562,TREND_ONLY,12.5471
1073,64,LMB,LIMBACH HOLDINGS INC,Industrials,,small,88.8,0.7742,1.022,1.1002,1.0411,FLAT,-3.18,4.27,125.95,-55.92,51.81,55.52,1.0432,MED,-,80.429,84.7362,95.3996,0,3.9887,WEAK,12.5169
1074,23,EFX,Equifax,Industrials,Research & Consulting Services,large,186.85,0.6384,0.9978,0.9533,0.8385,STRONG_UP,-17.75,-14.02,-20.49,-39.04,50.6,44.9,0.6427,LOW,PROGRESS,179.94,189.0598,220.5909,0,-15.8013,WEAK,12.5151
1075,-106,CRK,COMSTOCK RESOURCES INC,Energy,,mid,16.27,0.6129,0.881,0.7549,0.7261,STRONG_UP,-15.3,-17.45,78.4,-51.11,51.0,61.0,0.7467,LOW,EARLY,19.934,20.0512,20.5097,0,-14.5919,WEAK,12.4693
1076,-16,FUL,HB FULLER,Materials,,mid,61.39,0.8847,0.9365,1.0707,0.9363,FLAT,4.89,19.16,-16.03,-26.97,47.39,43.3,0.5406,LOW,-,58.4375,61.2635,59.829,1,20.9659,TREND_ONLY,12.4512
1077,102,NMIH,NMI HOLDINGS INC,Financials,,mid,38.75,0.8607,0.9571,0.9821,1.0288,STRONG_DOWN,6.81,15.91,30.74,-18.08,54.62,22.31,0.5794,LOW,-,37.842,38.6396,38.5617,1,38.9608,TREND_ONLY,12.4434
1078,69,ACT,ENACT HOLDINGS INC,Financials,,mid,41.96,0.9203,0.9541,0.9808,1.083,STRONG_DOWN,16.68,23.95,49.63,-10.96,55.42,26.96,0.6429,LOW,-,41.1695,41.6115,38.3757,1,49.2364,TREND_ONLY,12.4068
1079,0,AGYS,AGILYSYS INC,Information Technology,,small,67.23,0.7272,1.0301,0.9446,0.5867,STRONG_UP,-40.01,-2.05,-17.63,-55.93,53.41,61.0,1.0071,MED,-,68.954,74.0932,104.3207,0,-1.7986,WEAK,12.3522
1080,-82,CPRX,CATALYST PHARMACEUTICALS INC,Health Care,,mid,25.85,0.865,0.9809,1.059,1.0974,STRONG_DOWN,27.28,16.49,66.34,-27.29,53.01,35.45,0.7202,LOW,-,24.351,24.2654,22.3474,1,24.6641,TREND_ONLY,12.3443
1081,-69,WABC,WESTAMERICA BANCORPORATION,Financials,,small,53.3,0.9016,0.9526,1.0125,1.0904,STRONG_DOWN,14.75,21.43,25.67,-11.82,51.81,20.72,0.6627,LOW,-,52.0435,51.6692,48.9656,1,53.5857,TREND_ONLY,12.3165
1082,49,MELI,Mercado Libre,Consumer Discretionary,Catalog/Specialty Distribution,large,1872.12,0.6733,1.0141,1.0354,0.8761,FLAT,-13.24,-9.31,33.93,-38.8,49.8,40.38,0.8148,LOW,SHIFT,1713.2015,1808.8716,2130.5931,0,-11.4853,WEAK,12.3153
1083,-58,PRK,PARK NATIONAL CORP,Financials,,mid,171.64,0.9182,0.954,1.0493,1.0631,STRONG_DOWN,8.27,23.67,47.02,-15.31,51.0,28.53,0.917,LOW,-,163.825,166.0034,161.3105,1,42.3039,TREND_ONLY,12.2926
1084,7,IOVA,IOVANCE BIOTHERAPEUTICS INC,Health Care,,small,3.82,0.9239,0.9254,0.9385,1.5788,STRONG_DOWN,80.19,24.43,-67.95,-54.41,46.99,106.1,0.751,LOW,-,3.598,3.539,2.658,1,10.8196,TREND_ONLY,12.2522
1085,-20,VRE,VERIS RESIDENTIAL INC,Real Estate,,small,18.9,0.9354,0.9709,0.9618,1.2657,FLAT,29.89,25.97,40.51,-15.1,49.8,28.85,0.3964,LOW,-,18.8706,18.1676,15.5408,1,44.8353,TREND_ONLY,12.2301
1086,27,FISV,Fiserv,Financials,Transaction & Payment Processing Services,large,61.29,0.2166,1.0554,1.0063,0.8931,STRONG_UP,-49.99,-70.83,-58.14,-75.17,49.6,39.62,0.8015,LOW,SHIFT,56.6545,58.946,95.7771,0,-88.671,WEAK,12.1918
1087,62,SWKS,Skyworks Solutions,Information Technology,Semiconductors,mid,57.93,0.8036,0.9949,1.0308,0.9634,FLAT,-18.52,8.23,-36.94,-35.24,51.0,34.72,0.5838,LOW,SHIFT,55.2575,57.0775,65.9116,0,12.0863,WEAK,12.179
1088,-6,PCG,PG&E Corporation,Utilities,Multi-Utilities,large,17.39,0.7587,0.9067,0.9078,1.0919,STRONG_DOWN,6.67,2.18,9.93,-27.12,51.0,27.8,1.1963,MED,-,17.7024,17.7896,15.8525,1,4.0016,TREND_ONLY,12.167
1089,-32,SBAC,SBA Communications,Real Estate,Telecom Tower REITs,large,214.2,0.7205,0.9524,1.0939,1.1045,STRONG_DOWN,13.49,-2.96,14.43,-30.63,45.38,50.29,1.4627,MED,-,191.292,191.6366,198.0151,1,-2.674,TREND_ONLY,12.1591
1090,22,MCW,MISTER CAR WASH INC,Consumer Discretionary,,mid,7.0,0.7331,0.9728,0.9599,1.1232,FLAT,44.63,-1.27,6.54,-41.06,42.57,40.61,0.1824,LOW,-,6.9795,6.7942,5.9078,1,-1.3307,TREND_ONLY,12.1252
1091,-330,GBX,GREENBRIER INC,Industrials,,small,51.41,0.9257,0.931,0.9504,1.0462,STRONG_DOWN,14.72,24.67,5.24,-26.98,51.0,33.75,0.7667,LOW,-,51.4325,53.8528,48.1089,1,37.2796,TREND_ONLY,12.1145
1092,-11,WAT,Waters Corporation,Health Care,Life Sciences Tools & Services,large,326.2,0.7543,0.9975,1.0497,0.816,FLAT,-2.08,1.59,3.98,-31.32,49.8,39.49,0.449,LOW,SHIFT,306.7095,316.5234,336.1713,0,2.003,WEAK,12.0897
1093,34,MMS,MAXIMUS INC,Industrials,,mid,69.42,0.7771,1.0248,0.9203,0.7143,STRONG_UP,-17.4,4.67,-11.2,-36.66,46.59,45.85,0.4713,LOW,PROGRESS,66.2755,72.1052,81.1824,0,4.742,WEAK,12.0879
1094,-64,IBOC,INTERNATIONAL BANCSHARES CORP,Financials,,mid,71.17,0.917,0.9642,1.0146,1.02,STRONG_DOWN,4.83,23.5,41.38,-12.74,48.59,25.39,0.7944,LOW,-,68.712,69.3537,68.3425,1,44.9733,TREND_ONLY,12.0569
1095,-25,CNK,CINEMARK HOLDINGS INC,Communication,,mid,29.9,0.8015,0.9409,1.0679,1.2252,STRONG_DOWN,15.03,7.95,67.45,-34.65,50.6,32.93,0.8388,LOW,-,28.7515,27.2985,26.5757,1,12.2212,TREND_ONLY,12.0393
1096,9,BWIN,BALDWIN INSURANCE GROUP INC CLASS,Financials,,mid,22.83,0.3963,1.0108,1.0187,0.8445,FLAT,-16.04,-46.62,-16.13,-62.95,47.79,76.45,0.4908,LOW,SHIFT,21.8445,20.3304,27.1743,0,-29.1438,WEAK,12.0129
1097,-38,WEC,WEC Energy Group,Utilities,Electric Utilities,large,114.85,0.8211,0.9392,0.9359,1.064,FLAT,0.22,10.59,58.27,-11.22,53.01,15.41,0.4948,LOW,-,115.4845,114.9807,109.4641,1,36.434,TREND_ONLY,12.0125
1098,-4,PNW,Pinnacle West Capital,Utilities,Multi-Utilities,large,102.8,0.8501,0.956,0.9576,1.1063,STRONG_DOWN,12.24,14.49,56.78,-8.43,52.21,16.11,0.6661,LOW,-,100.963,99.8234,91.3189,1,46.9735,TREND_ONLY,12.0121
1099,63,BXMT,BLACKSTONE MORTGAGE TRUST REIT CLA,Financials,,mid,20.12,0.9111,1.0023,1.0309,1.0521,STRONG_DOWN,13.88,22.71,35.84,-9.53,51.81,23.85,0.7053,LOW,-,18.873,18.8998,18.309,1,49.3237,TREND_ONLY,11.9994
1100,50,YUM,Yum! Brands,Consumer Discretionary,Restaurants,large,161.94,0.8596,0.9783,0.9455,1.0184,FLAT,13.53,15.77,21.95,-10.22,51.0,20.99,0.6672,LOW,-,158.053,159.9719,150.4392,1,38.3213,TREND_ONLY,11.9928
1101,9,DFIN,DONNELLEY FINANCIAL SOLUTIONS INC,Financials,,small,49.65,0.9064,0.9783,1.0316,0.9079,FLAT,-10.59,22.08,-18.78,-41.38,56.22,56.56,0.6663,LOW,-,47.646,47.6692,51.4288,0,21.9474,WEAK,11.9844
1102,1,OCFC,OCEANFIRST FINANCIAL CORP,Financials,,small,19.07,0.9453,0.9693,1.0257,1.0533,STRONG_DOWN,4.22,27.32,44.26,-15.39,48.19,27.47,0.7798,LOW,-,18.185,18.5606,18.0794,1,47.9207,TREND_ONLY,11.928
1103,-70,DUK,Duke Energy,Utilities,Electric Utilities,large,127.98,0.8175,0.9347,0.92,1.0697,FLAT,1.86,10.11,,-10.88,54.62,15.13,0.5308,LOW,-,130.155,128.8077,121.6988,1,36.4807,TREND_ONLY,11.9113
1104,14,SYY,Sysco,Consumer Staples,Food Distributors,large,74.09,0.8006,0.9597,0.8464,0.9522,FLAT,-6.16,7.82,3.32,-23.98,49.4,43.22,1.2312,MED,EARLY,76.2537,82.5173,78.0854,0,8.942,WEAK,11.9057
1105,-31,CNR,CORE NATURAL RESOURCES INC,Energy,,mid,89.31,0.9165,0.9833,0.8641,0.9002,FLAT,-10.42,23.43,2.16,-24.13,49.0,52.84,0.8801,LOW,-,101.3145,94.9813,85.2165,1,21.7281,TREND_ONLY,11.8515
1106,36,DHR,Danaher Corporation,Health Care,Life Sciences Tools & Services,large,198.14,0.7769,0.9973,0.9722,0.8208,STRONG_UP,-3.55,4.64,-16.6,-24.85,51.41,28.17,0.6097,LOW,PROGRESS,190.7449,200.0182,208.9333,0,8.4668,WEAK,11.8494
1107,56,PRSU,PURSUIT ATTRACTIONS AND HOSPITALIT,Consumer Discretionary,,small,41.24,0.9948,0.9415,1.0613,1.22,STRONG_DOWN,12.4,33.98,18.34,-13.94,51.41,35.92,0.4501,LOW,-,37.9235,37.1332,35.0317,1,48.6379,TREND_ONLY,11.8491
1108,-177,CHEF,CHEFS WAREHOUSE INC,Consumer Staples,,mid,64.49,0.9041,0.9699,0.9818,1.0527,STRONG_DOWN,11.21,21.77,94.48,-20.49,55.02,37.72,0.9532,LOW,-,60.9055,64.2048,62.5795,1,31.7563,TREND_ONLY,11.822
1109,29,ZD,ZIFF DAVIS INC,Communication,,small,46.92,1.1213,1.0288,1.0591,1.2717,STRONG_DOWN,26.57,51.01,-8.09,-33.79,49.8,108.74,0.5379,LOW,-,43.2925,38.0224,35.9263,1,23.363,TREND+LEAD,11.8194
1110,7,GWW,W. W. Grainger,Industrials,Industrial Machinery & Supplies & Components,large,1143.35,0.8692,0.9475,1.0255,1.0698,STRONG_DOWN,19.64,17.07,21.53,-16.26,50.2,28.38,0.5217,LOW,-,1099.9495,1120.1257,1024.2357,1,30.1861,TREND_ONLY,11.8003
1111,-57,GTY,GETTY REALTY REIT CORP,Real Estate,,small,34.01,0.9339,0.9751,0.9758,1.1482,STRONG_DOWN,35.76,25.78,48.21,-10.16,52.21,25.75,0.5337,LOW,-,32.6008,32.2137,28.254,1,52.2644,TREND_ONLY,11.7991
1112,14,DGX,Quest Diagnostics,Health Care,Health Care Services,large,191.42,0.8797,0.94,0.9252,1.0125,FLAT,4.18,18.48,56.04,-9.81,51.0,24.9,0.5279,LOW,-,195.3735,199.0419,183.4059,1,37.8604,TREND_ONLY,11.772
1113,15,CDW,CDW Corporation,Information Technology,Technology Distributors,large,129.56,0.6575,0.9929,1.0544,0.9691,FLAT,-13.0,-11.45,-44.44,-39.49,50.6,36.33,0.5857,LOW,SHIFT,123.041,124.6853,146.1702,0,-15.9488,WEAK,11.7598
1114,30,PODD,Insulet Corporation,Health Care,Health Care Equipment,large,202.5,0.5997,0.9864,0.8397,0.7041,STRONG_UP,-36.38,-19.24,17.25,-44.18,49.8,31.75,0.7559,LOW,EARLY,210.887,230.2112,288.6269,0,-30.1715,WEAK,11.7529
1115,-6,EQT,EQT Corporation,Energy,Oil & Gas Exploration & Production,large,56.76,0.8386,0.9271,0.842,1.114,FLAT,7.13,12.95,61.24,-18.39,51.81,32.55,0.5365,LOW,-,62.2615,60.7943,55.7934,1,20.6076,TREND_ONLY,11.7427
1116,-24,PFBC,PREFERRED BANK,Financials,,small,94.34,0.9134,0.9677,1.0177,0.9822,FLAT,6.19,23.02,39.98,-18.58,51.41,30.73,0.484,LOW,-,90.6151,89.6964,90.6651,1,38.5153,TREND_ONLY,11.7227
1117,-56,MDT,Medtronic,Health Care,Health Care Equipment,large,87.1,0.8069,0.9624,0.9489,0.8748,STRONG_UP,-8.37,8.67,17.23,-17.61,50.6,19.95,0.7909,LOW,PROGRESS,86.8262,92.0058,93.1587,0,21.9844,WEAK,11.6834
1118,113,MET,MetLife,Financials,Life & Health Insurance,large,77.52,0.8267,1.0087,1.0691,0.9764,FLAT,-5.13,11.33,19.24,-17.46,54.22,27.97,0.745,LOW,-,71.379,73.228,76.6818,1,21.9714,TREND_ONLY,11.6692
1119,24,RVLV,REVOLVE GROUP CLASS A INC,Consumer Discretionary,,small,25.03,0.9448,0.9464,1.0316,0.8134,FLAT,16.36,27.25,33.49,-30.3,47.79,49.06,0.436,LOW,-,23.252,24.2976,24.0207,1,26.5442,TREND_ONLY,11.6602
1120,127,PTON,PELOTON INTERACTIVE CLASS A INC,Consumer Discretionary,,small,4.86,0.6421,0.996,1.1247,0.7276,FLAT,-36.96,-13.52,56.77,-58.78,44.18,76.38,1.81,HIGH,-,4.3785,4.2745,6.389,0,-7.8221,WEAK,11.6372
1121,74,TTWO,Take-Two Interactive,Communication Services,Interactive Home Entertainment,large,214.15,0.7522,1.0503,0.9901,0.8581,STRONG_UP,-16.91,1.3,47.23,-27.68,51.0,38.76,0.7877,LOW,SHIFT,198.89,202.9378,233.126,0,1.7116,WEAK,11.6366
1122,37,FIS,Fidelity National Information Services,Financials,Transaction & Payment Processing Services,large,48.32,0.5361,1.0364,0.9194,0.7493,STRONG_UP,-27.62,-27.79,-28.56,-46.24,48.19,38.61,0.6814,LOW,PROGRESS,47.259,48.5742,62.7198,0,-34.6884,WEAK,11.6361
1123,43,TENB,TENABLE HOLDINGS INC,Information Technology,,mid,18.93,0.4396,1.1206,0.8939,0.8265,STRONG_UP,-35.22,-40.79,-58.59,-54.77,45.78,61.27,1.1387,MED,PROGRESS,18.119,19.595,26.1871,0,-30.4763,WEAK,11.6304
1124,11,FTV,Fortive,Industrials,Industrial Machinery & Supplies & Components,large,59.37,0.9041,0.9575,1.0162,1.0485,STRONG_DOWN,21.36,21.76,-1.93,-16.14,49.0,36.42,0.4576,LOW,-,56.537,57.1758,52.5529,1,29.2762,TREND_ONLY,11.5995
1125,5,GRBK,GREEN BRICK PARTNERS INC,Consumer Discretionary,,mid,65.56,0.8862,0.9199,0.9563,0.8864,FLAT,-1.55,19.35,23.05,-23.99,48.19,36.65,0.4508,LOW,PROGRESS,64.8585,69.8774,68.0706,0,25.4452,WEAK,11.5608
1126,46,PRAA,PRA GROUP INC,Financials,,small,20.48,0.9138,1.0361,1.114,1.2231,STRONG_DOWN,43.12,23.08,-8.2,-46.01,53.01,81.18,0.4741,LOW,-,18.254,15.647,15.8223,1,15.0691,TREND_ONLY,11.5544
1127,-54,GABC,GERMAN AMERICAN BANCORP INC,Financials,,small,43.55,0.9365,0.9521,1.0471,1.082,STRONG_DOWN,12.48,26.13,46.98,-11.3,47.79,25.14,0.8306,LOW,-,42.195,42.1135,40.0978,1,49.6729,TREND_ONLY,11.4993
1128,28,MGRC,MCGRATH RENT,Industrials,,mid,115.15,0.8218,0.9825,1.043,1.0361,FLAT,-0.49,10.68,5.87,-24.87,49.4,27.98,0.6942,LOW,-,110.4235,111.4886,112.8364,1,18.8591,TREND_ONLY,11.4926
1129,16,OKE,Oneok,Energy,Oil & Gas Storage & Transportation,large,84.1,0.7774,0.9479,0.9286,1.1056,FLAT,24.44,4.7,20.5,-23.78,53.01,29.49,0.477,LOW,-,88.7935,86.2328,75.6803,1,8.4528,TREND_ONLY,11.4763
1130,82,LNTH,LANTHEUS HOLDINGS INC,Health Care,,mid,83.94,0.62,1.0013,0.9972,1.2586,FLAT,52.42,-16.49,35.98,-53.92,51.81,35.03,0.7522,LOW,-,77.81,75.3338,64.9051,1,-24.3953,TREND_ONLY,11.4742
1131,71,ADSK,Autodesk,Information Technology,Application Software,large,239.32,0.683,1.0326,0.9044,0.901,STRONG_UP,-21.94,-8.01,4.85,-33.15,51.81,41.13,0.7623,LOW,PROGRESS,236.9515,239.669,284.181,0,-10.0905,WEAK,11.4552
1132,-57,UHS,Universal Health Services,Health Care,Health Care Facilities,large,180.15,0.7733,0.9314,0.89,0.8903,FLAT,-11.45,4.15,12.5,-27.51,53.01,37.87,0.5338,LOW,EARLY,183.5425,200.246,200.6645,0,5.8053,WEAK,11.4406
1133,35,COR,Cencora,Health Care,Health Care Distributors,large,317.58,0.8349,0.9567,0.9068,0.8942,STRONG_UP,0.23,12.45,35.45,-17.16,53.82,31.69,0.5985,LOW,EARLY,321.023,343.3942,326.5043,0,21.147,WEAK,11.4133
1134,6,IP,International Paper,Materials,Paper & Plastic Packaging Products & Materials,large,36.51,0.6103,0.9643,0.9332,0.8467,STRONG_UP,-20.01,-17.8,10.05,-37.4,46.18,44.77,0.3488,LOW,PROGRESS,35.705,40.2215,42.7771,0,-18.3615,WEAK,11.4105
1135,-68,PECO,PHILLIPS EDISON AND COMPANY INC,Real Estate,,mid,38.82,0.8382,0.9772,0.9771,1.0996,FLAT,17.17,12.89,28.21,-8.41,46.99,14.07,0.7094,LOW,-,37.5725,38.01,35.162,1,43.0592,TREND_ONLY,11.3907
1136,-35,QLYS,QUALYS INC,Information Technology,,mid,85.17,0.5211,1.0789,0.8561,0.6251,STRONG_UP,-33.27,-29.81,-48.21,-50.46,49.4,57.22,1.0393,MED,EARLY,88.2435,96.4214,126.1444,0,-25.74,WEAK,11.3647
1137,-114,FAST,Fastenal,Industrials,Trading Companies & Distributors,large,44.4,0.8368,0.8784,0.9239,1.0352,STRONG_DOWN,4.98,12.7,34.78,-21.9,53.82,32.2,0.9991,LOW,EARLY,45.7665,46.0576,44.5133,0,21.2233,WEAK,11.3343
1138,103,MCO,Moody's Corporation,Financials,Financial Exchanges & Data,large,446.81,0.7855,0.9904,0.9683,0.8218,STRONG_UP,-6.77,5.79,22.4,-23.61,51.0,36.73,0.4807,LOW,SHIFT,436.5995,443.8992,484.6731,0,8.0415,WEAK,11.3269
1139,22,EPAM,EPAM Systems,Information Technology,IT Consulting & Other Services,mid,128.42,0.6474,1.0072,0.8994,0.5705,STRONG_UP,-12.63,-12.81,-48.82,-44.68,53.82,59.76,0.8266,LOW,EARLY,132.675,144.8184,169.123,0,-11.5327,WEAK,11.326
1140,33,THRM,GENTHERM INC,Consumer Discretionary,,small,28.61,0.8975,0.9469,0.971,0.7561,FLAT,-15.78,20.87,-43.97,-30.32,49.0,43.72,1.0274,MED,-,28.391,30.0744,33.8815,0,23.3908,WEAK,11.3156
1141,-48,FRME,FIRST MERCHANTS CORP,Financials,,mid,40.52,0.8809,0.9491,1.0561,1.0643,STRONG_DOWN,9.6,18.64,34.25,-15.73,50.2,25.75,0.6733,LOW,-,39.064,39.4418,38.1507,1,36.3393,TREND_ONLY,11.3071
1142,-13,NHI,NATIONAL HEALTH INVESTORS REIT INC,Real Estate,,mid,85.32,0.8823,0.9626,0.9621,1.0712,FLAT,20.39,18.83,59.88,-10.16,51.41,24.46,0.3343,LOW,-,83.2504,84.5911,76.7923,1,39.5743,TREND_ONLY,11.297
1143,-29,ADBE,Adobe Inc.,Information Technology,Application Software,large,244.66,0.5278,1.0336,0.9199,0.7905,STRONG_UP,-27.17,-28.92,-48.62,-46.43,50.2,39.15,0.7545,LOW,PROGRESS,240.3855,255.2332,321.9697,0,-37.079,WEAK,11.2883
1144,60,AESI,ATLAS ENERGY SOLUTIONS INC,Energy,,small,13.17,0.7451,1.1115,0.9004,1.213,FLAT,22.51,0.35,-35.38,-43.54,49.8,63.83,1.8872,HIGH,-,12.585,11.9966,11.3308,1,0.272,TREND_ONLY,11.288
1145,-22,HFWA,HERITAGE FINANCIAL CORP,Financials,,small,27.08,0.963,0.9442,1.0328,1.1014,STRONG_DOWN,16.13,29.7,71.89,-14.76,49.4,32.7,0.5505,LOW,-,26.1215,26.5218,24.3742,1,44.8727,TREND_ONLY,11.2854
1146,37,TFIN,TRIUMPH FINANCIAL INC,Financials,,small,62.4,0.9276,0.9453,1.0599,0.8886,FLAT,29.09,24.92,-17.18,-28.76,50.6,48.73,0.9723,LOW,-,59.3385,60.3846,59.1998,1,25.8814,TREND_ONLY,11.2806
1147,-71,PKG,Packaging Corporation of America,Materials,Paper & Plastic Packaging Products & Materials,large,207.07,0.8436,0.9665,0.9164,0.9314,FLAT,-0.57,13.61,21.11,-17.21,51.0,27.33,0.5728,LOW,EARLY,208.812,221.1728,208.2819,0,25.4024,WEAK,11.276
1148,79,GBTG,GLOBAL BUSINESS TRAVEL GROUP INC C,Consumer Discretionary,,mid,5.83,0.6599,1.0095,0.969,0.7646,STRONG_UP,-26.85,-11.13,-0.85,-40.41,51.0,48.98,1.0067,MED,SHIFT,5.5395,5.5292,7.0586,0,-11.587,WEAK,11.2711
1149,-25,OFG,OFG BANCORP,Financials,,small,42.44,0.91,0.9508,1.0487,1.0207,FLAT,-1.3,22.57,33.01,-17.74,50.2,30.73,0.2606,LOW,-,40.8444,40.6116,41.3746,1,36.8622,TREND_ONLY,11.2614
1150,-43,DRI,Darden Restaurants,Consumer Discretionary,Restaurants,large,199.68,0.7722,0.9955,0.9434,0.9521,FLAT,8.41,4.0,38.09,-23.92,50.2,29.24,0.8525,LOW,-,195.7589,203.3479,194.5961,1,6.8728,TREND_ONLY,11.2145
1151,107,NWSA,News Corp (Class A),Communication Services,Publishing,large,25.33,0.7382,1.0006,0.9946,0.9339,STRONG_UP,-4.52,-0.57,6.7,-27.81,51.81,29.95,0.6746,LOW,SHIFT,24.503,23.9985,26.7021,0,-0.9933,WEAK,11.197
1152,-1,ALKS,ALKERMES,Health Care,,mid,33.22,0.9068,0.9241,1.1483,1.0671,FLAT,4.01,22.13,39.76,-22.2,49.8,52.64,0.6578,LOW,-,31.7465,31.3982,29.917,1,20.9383,TREND_ONLY,11.1908
1153,-91,SNA,Snap-on,Industrials,Industrial Machinery & Supplies & Components,large,368.01,0.8454,0.9315,0.9573,1.0052,STRONG_DOWN,10.71,13.86,37.35,-11.94,50.2,19.65,0.7389,LOW,-,367.553,373.4037,344.0346,1,35.4178,TREND_ONLY,11.1753
1154,137,ICE,Intercontinental Exchange,Financials,Financial Exchanges & Data,large,165.07,0.7827,0.99,0.981,0.9419,STRONG_UP,4.95,5.41,30.1,-22.53,53.01,31.07,0.3565,LOW,SHIFT,160.1145,160.0722,165.2238,0,9.2275,WEAK,11.1683
1155,-30,SKYW,SKYWEST INC,Industrials,,mid,96.89,0.8393,0.9921,1.0046,0.9897,FLAT,-4.13,13.04,45.28,-28.96,47.39,38.73,0.6463,LOW,PROGRESS,92.598,97.2754,103.0966,0,15.9606,WEAK,11.1656
1156,18,TOWN,TOWNEBANK,Financials,,mid,35.4,0.8615,0.9518,1.0358,1.0211,FLAT,5.9,16.02,45.8,-14.28,50.2,24.72,0.4501,LOW,-,33.9429,34.402,34.2354,1,32.5356,TREND_ONLY,11.1215
1157,-80,TDG,TransDigm Group,Industrials,Aerospace & Defense,large,1274.6899,0.757,1.0104,0.9885,0.8806,STRONG_UP,-2.88,1.95,17.59,-25.3,55.02,31.94,0.7898,LOW,SHIFT,1189.088,1249.5924,1323.8872,0,3.3566,WEAK,11.1144
1158,13,ACN,Accenture,Information Technology,IT Consulting & Other Services,large,194.0,0.5118,1.013,0.9412,0.667,STRONG_UP,-19.88,-31.07,-36.26,-43.7,48.59,46.41,0.5237,LOW,PROGRESS,193.7444,205.3864,244.8605,0,-32.5266,WEAK,11.1027
1159,80,TSCO,Tractor Supply,Consumer Discretionary,Other Specialty Retail,large,44.75,0.6848,0.9524,0.8995,0.8642,STRONG_UP,-18.63,-7.77,-5.54,-29.73,49.4,33.92,1.0244,MED,EARLY,45.2515,49.234,53.7621,0,-11.3199,WEAK,11.0909
1160,25,PEP,PepsiCo,Consumer Staples,Soft Drinks & Non-alcoholic Beverages,large,154.85,0.8536,0.9551,0.9457,1.0531,FLAT,4.11,14.96,-0.65,-11.21,46.99,22.41,0.9139,LOW,-,154.145,159.7025,146.4739,1,31.3766,TREND_ONLY,11.0602
1161,-174,CSR,CENTERSPACE,Real Estate,,small,62.44,0.8474,0.9776,1.005,0.9534,FLAT,8.62,14.13,10.75,-17.43,49.0,19.12,0.4601,LOW,-,59.3404,60.9716,59.7112,1,36.2217,TREND_ONLY,11.0492
1162,2,DORM,DORMAN PRODUCTS INC,Consumer Discretionary,,mid,106.72,0.7096,0.9431,1.0069,0.8325,FLAT,-23.8,-4.43,19.98,-39.58,49.0,33.37,1.2684,MED,PROGRESS,104.962,113.73,131.3306,0,-6.5089,WEAK,11.0445
1163,-135,MWA,MUELLER WATER PRODUCTS INC SERIES,Industrials,,mid,29.19,0.8741,0.9411,1.0086,1.1164,STRONG_DOWN,15.71,17.73,93.72,-16.11,49.8,25.98,0.6625,LOW,-,28.284,28.7143,26.0263,1,33.9799,TREND_ONLY,10.9781
1164,54,KAI,KADANT INC,Industrials,,mid,324.86,0.7844,0.9748,1.0292,1.0129,FLAT,11.17,5.64,12.46,-30.91,49.0,39.14,0.6744,LOW,-,305.9135,321.5842,310.0641,1,7.0599,TREND_ONLY,10.9778
1165,108,RWT,REDWOOD TRUST REIT INC,Financials,,small,6.06,0.9639,0.996,1.0184,1.0908,STRONG_DOWN,13.29,29.82,39.13,-19.91,49.0,54.45,1.7145,HIGH,-,5.635,5.7244,5.4299,1,26.8395,TREND_ONLY,10.9551
1166,-30,NOVT,NOVANTA INC,Information Technology,,mid,126.45,0.8234,0.9952,0.9986,0.947,FLAT,20.03,10.9,-20.36,-26.97,50.2,43.17,0.5271,LOW,-,119.5835,129.2422,121.3098,1,12.6769,TREND_ONLY,10.9548
1167,-34,SO,Southern Company,Utilities,Electric Utilities,large,94.64,0.8022,0.942,0.9204,1.0611,FLAT,-3.52,8.04,49.23,-14.99,52.61,18.46,0.5506,LOW,-,95.9755,95.1108,91.5295,1,22.9204,TREND_ONLY,10.9245
1168,-80,CVCO,CAVCO INDUSTRIES INC,Consumer Discretionary,,mid,503.1,0.7957,0.9404,0.9504,0.7176,FLAT,-1.54,7.17,40.94,-34.05,53.82,57.73,0.5053,LOW,PROGRESS,487.3255,525.5306,538.1505,0,6.6825,WEAK,10.9065
1169,19,PDM,PIEDMONT REALTY TRUST INC CLASS A,Real Estate,,small,7.65,0.8779,1.1025,1.0689,0.8709,STRONG_UP,-6.13,18.24,27.77,-29.47,50.2,39.53,0.8272,LOW,-,6.757,7.3466,8.0018,0,23.1609,WEAK,10.891
1170,50,BRSL,BRIGHTSTAR LOTTERY PLC,Consumer Discretionary,,mid,12.82,0.7686,1.0075,0.9617,0.8795,STRONG_UP,-22.02,3.51,-16.14,-30.98,48.19,26.36,0.5412,LOW,PROGRESS,12.6605,13.0719,14.7476,0,6.4152,WEAK,10.8657
1171,58,ALL,Allstate,Financials,Property & Casualty Insurance,large,218.23,0.8506,0.9882,1.0063,1.1006,STRONG_DOWN,5.18,14.56,38.24,-11.48,53.82,22.8,0.5327,LOW,-,208.7065,208.0465,202.6213,1,34.3741,TREND_ONLY,10.8569
1172,-7,BSX,Boston Scientific,Health Care,Health Care Equipment,large,64.61,0.5036,1.0242,0.8673,0.678,STRONG_UP,-32.87,-32.17,-5.15,-43.33,48.19,46.64,0.7216,LOW,EARLY,65.4825,70.7324,92.5811,0,-33.237,WEAK,10.834
1173,-16,FCBC,FIRST COMMUNITY BANKSHARES INC,Financials,,small,42.65,0.8885,0.9535,1.0105,1.2636,STRONG_DOWN,32.73,19.67,55.68,-23.43,50.2,29.17,0.7744,LOW,-,41.696,40.6423,35.6336,1,33.8445,TREND_ONLY,10.832
1174,-40,FMNB,FARMERS NATIONAL BANC CORP,Financials,,small,13.89,0.8701,0.9679,1.0671,1.0372,FLAT,-0.27,17.18,29.37,-16.69,52.61,25.46,0.4955,LOW,-,13.272,13.1288,13.4511,1,35.5032,TREND_ONLY,10.8301
1175,67,SPGI,S&P Global,Financials,Financial Exchanges & Data,large,430.58,0.6945,0.9857,0.9505,0.7789,STRONG_UP,-11.15,-6.46,7.02,-30.48,53.82,41.19,0.7074,LOW,SHIFT,423.524,427.2135,493.6422,0,-8.4457,WEAK,10.8137
1176,27,STGW,STAGWELL INC CLASS A,Communication,,small,6.66,0.9401,0.9968,1.0486,1.1719,STRONG_DOWN,28.32,26.62,23.11,-36.78,49.8,65.45,0.738,LOW,-,6.2965,5.6416,5.4117,1,20.2517,TREND_ONLY,10.8097
1177,32,NTGR,NETGEAR INC,Information Technology,,small,24.81,0.8302,1.0339,1.0947,1.0904,FLAT,-28.77,11.81,76.58,-44.82,49.0,46.43,0.6211,LOW,-,22.8715,21.6604,25.8658,0,12.4607,WEAK,10.794
1178,-3,TSN,Tyson Foods,Consumer Staples,Packaged Foods & Meats,large,63.38,0.8032,0.9411,0.9759,1.0398,STRONG_DOWN,21.97,8.18,16.55,-16.76,51.0,23.57,1.1348,MED,-,63.0695,62.958,56.9529,1,17.7021,TREND_ONLY,10.7871
1179,13,HPQ,HP Inc.,Information Technology,"Technology Hardware, Storage & Peripherals",large,19.23,0.6391,1.0163,0.9802,0.9255,STRONG_UP,-30.71,-13.92,-24.76,-36.62,48.19,32.79,0.5094,LOW,SHIFT,18.893,18.7709,23.1036,0,-20.4641,WEAK,10.7832
1180,26,EXR,Extra Space Storage,Real Estate,Self-Storage REITs,large,141.06,0.7931,0.9843,0.9744,0.9699,STRONG_UP,-2.3,6.82,13.26,-16.7,51.81,25.9,0.7128,LOW,-,134.225,139.7891,137.349,1,13.6355,TREND_ONLY,10.7572
1181,-62,CVS,CVS Health,Health Care,Health Care Services,large,74.99,0.8432,0.9239,0.958,0.9375,FLAT,-4.31,13.57,17.92,-16.44,57.03,41.33,0.9784,LOW,-,74.0495,76.0072,74.1111,1,18.7219,TREND_ONLY,10.7505
1182,-78,RLJ,RLJ LODGING TRUST REIT,Real Estate,,small,8.04,0.9572,0.9824,1.0317,1.0688,STRONG_DOWN,23.58,28.92,-17.58,-14.61,49.4,34.17,0.5913,LOW,-,7.5727,7.7226,7.2534,1,41.8099,TREND_ONLY,10.7043
1183,7,QDEL,QUIDELORTHO CORP,Health Care,,small,17.49,0.5139,1.2007,0.8743,0.501,STRONG_UP,-33.17,-30.79,-56.6,-62.99,44.98,85.67,1.0828,MED,-,15.927,20.1992,25.8488,0,-16.1646,WEAK,10.6917
1184,-17,MOH,Molina Healthcare,Health Care,Managed Health Care,mid,146.8,0.3279,0.9831,0.9746,0.7645,STRONG_UP,-24.68,-55.83,-58.92,-63.1,51.81,69.29,0.7394,LOW,SHIFT,141.3765,144.473,168.7484,0,-41.7484,WEAK,10.6876
1185,1,VLTO,Veralto,Industrials,Environmental & Facilities Services,large,92.32,0.7711,1.0006,0.9712,0.889,STRONG_UP,-9.23,3.86,2.48,-22.34,46.99,25.52,0.4829,LOW,SHIFT,88.7089,91.4251,99.8514,0,7.104,WEAK,10.6579
1186,-54,STZ,Constellation Brands,Consumer Staples,Distillers & Vintners,large,163.95,0.6824,0.9766,1.0332,1.0381,STRONG_DOWN,17.75,-8.1,-33.54,-33.85,46.18,34.26,0.7094,LOW,-,154.8515,155.4868,149.3345,1,-10.9169,TREND_ONLY,10.6074
1187,-46,NBHC,NATIONAL BANK HOLDINGS CORP CLASS,Financials,,small,41.6,0.9047,0.9617,1.0287,1.0313,STRONG_DOWN,11.37,21.84,36.63,-14.41,49.4,25.97,0.2226,LOW,-,39.6185,40.1416,38.4446,1,41.5511,TREND_ONLY,10.5962
1188,-72,LTC,LTC PROPERTIES REIT INC,Real Estate,,small,39.6,0.8878,0.9726,0.9813,1.1037,STRONG_DOWN,19.45,19.57,43.8,-9.46,53.82,22.78,0.3748,LOW,-,38.1464,38.3504,35.4608,1,46.2427,TREND_ONLY,10.5813
1189,105,BOX,BOX INC CLASS A,Information Technology,,mid,23.81,0.5936,1.0307,0.9303,0.8585,STRONG_UP,-27.08,-20.05,-9.47,-44.57,45.78,43.97,1.0629,MED,PROGRESS,23.5045,23.83,29.401,0,-20.8722,WEAK,10.5742
1190,17,CRM,Salesforce,Information Technology,Application Software,large,177.6,0.5317,1.0098,0.8713,0.731,STRONG_UP,-25.62,-28.38,-35.12,-42.92,50.6,42.02,0.7318,LOW,EARLY,182.4928,188.2301,232.7271,0,-34.1797,WEAK,10.5521
1191,-21,DRVN,DRIVEN BRANDS HOLDINGS INC,Consumer Discretionary,,mid,12.78,0.5872,0.9806,1.1437,0.8032,FLAT,-21.55,-20.92,-11.25,-46.38,44.18,72.53,0.6862,LOW,PROGRESS,12.231,13.1738,15.3436,0,-12.7404,WEAK,10.5517
1192,31,PRU,Prudential Financial,Financials,Life & Health Insurance,large,99.42,0.7884,0.9946,1.0056,0.8421,FLAT,-1.54,6.18,1.75,-21.46,54.62,26.44,0.6024,LOW,SHIFT,96.081,98.1877,102.9924,0,12.7752,WEAK,10.539
1193,18,VRSK,Verisk Analytics,Industrials,Research & Consulting Services,large,176.84,0.4528,1.014,0.8294,0.7779,STRONG_UP,-27.0,-39.01,-19.29,-48.48,46.59,40.39,,LOW,EARLY,184.591,190.1535,231.3371,0,-45.0038,WEAK,10.531
1194,0,SFNC,SIMMONS FIRST NATIONAL CORP CLASS,Financials,,mid,20.55,0.8805,0.9501,1.0509,1.0739,STRONG_DOWN,8.04,18.59,28.11,-17.57,51.81,33.03,0.6187,LOW,-,19.6525,20.0162,19.1402,1,29.1561,TREND_ONLY,10.5252
1195,-80,MAS,Masco,Industrials,Building Products,large,63.17,0.785,0.9676,0.9777,0.8906,FLAT,-6.42,5.72,-9.89,-24.38,45.38,35.97,0.9927,LOW,PROGRESS,60.936,66.323,66.896,0,7.2184,WEAK,10.5051
1196,-7,GEO,GEO GROUP INC,Industrials,,mid,17.6,0.4495,0.9562,1.0332,1.0036,FLAT,0.86,-39.46,15.94,-58.13,47.39,61.41,0.4394,LOW,SHIFT,17.283,15.8056,18.4963,0,-30.4485,WEAK,10.4988
1197,-37,KNF,KNIFE RIVER CORP,Materials,,mid,84.82,0.6767,0.9641,0.9755,1.056,STRONG_DOWN,20.28,-8.86,7.71,-41.75,47.79,64.83,0.3688,LOW,-,82.413,83.0866,77.681,1,-6.5344,TREND_ONLY,10.4945
1198,-21,CRVL,CORVEL CORP,Health Care,,mid,55.96,0.3548,1.004,0.9912,0.8255,STRONG_UP,-22.32,-52.22,-28.71,-60.72,45.78,61.24,0.6193,LOW,SHIFT,54.003,52.0,72.5078,0,-39.0371,WEAK,10.4918
1199,-30,AKR,ACADIA REALTY TRUST REIT,Real Estate,,mid,21.13,0.8469,1.0076,0.9879,0.9998,FLAT,11.9,14.07,36.98,-12.41,53.01,23.51,0.9374,LOW,-,19.6832,20.1444,19.4891,1,31.7162,TREND_ONLY,10.4873
1200,-1,TWO,TWO HARBORS INVESTMENT CORP,Financials,,small,11.11,0.8721,0.9838,1.1977,0.8928,FLAT,19.91,17.46,25.57,-36.81,47.79,61.9,0.2251,LOW,-,10.8706,10.397,9.8304,1,13.4779,TREND_ONLY,10.4448
1201,0,CON,CONCENTRA GROUP HOLDINGS PARENT IN,Health Care,,mid,22.44,0.8197,0.9823,0.9407,1.0834,FLAT,11.52,10.4,1.59,-21.39,47.79,27.68,0.4498,LOW,-,21.799,22.6508,21.1078,1,17.9489,TREND_ONLY,10.3736
1202,50,MQ,MARQETA INC CLASS A,Financials,,small,4.12,0.7804,1.0056,0.982,0.9127,STRONG_UP,-13.45,5.1,-22.12,-43.78,48.59,39.37,0.8199,LOW,-,4.0395,4.049,4.9459,0,6.2969,WEAK,10.3695
1203,53,SLG,SL GREEN REALTY REIT CORP,Real Estate,,mid,41.63,0.6242,1.0715,1.0609,0.8668,STRONG_UP,-23.6,-15.94,-4.51,-45.4,48.19,43.65,0.8611,LOW,SHIFT,37.5761,38.2507,48.3996,0,-17.5962,WEAK,10.367
1204,4,CTSH,Cognizant,Information Technology,IT Consulting & Other Services,large,60.39,0.6519,0.9909,0.9412,0.6886,STRONG_UP,-9.38,-12.2,-8.09,-32.85,51.81,40.71,0.6838,LOW,EARLY,60.7745,64.0666,71.8164,0,-15.5279,WEAK,10.3533
1205,8,CNO,CNO FINANCIAL GROUP INC,Financials,,mid,43.17,0.8563,0.9958,1.0095,1.0049,FLAT,8.64,15.33,74.77,-11.03,56.63,26.46,0.676,LOW,-,41.236,41.6609,40.0327,1,32.8131,TREND_ONLY,10.3493
1206,28,HQY,HEALTHEQUITY INC,Health Care,,mid,83.67,0.7531,0.9653,1.0071,0.9614,FLAT,-11.03,1.43,4.24,-35.25,50.6,35.1,0.7407,LOW,SHIFT,82.048,79.6556,90.4055,0,2.0622,WEAK,10.3492
1207,41,AMPL,AMPLITUDE INC CLASS A,Information Technology,,small,6.69,0.5985,1.0813,0.8943,0.6433,STRONG_UP,-34.09,-19.4,-30.82,-57.79,45.78,68.19,1.1398,MED,-,6.6215,7.0026,10.0611,0,-13.0228,WEAK,10.3336
1208,-86,SKT,TANGER INC,Real Estate,,mid,36.22,0.8737,0.9695,0.9735,1.0727,STRONG_DOWN,13.33,17.68,46.62,-10.34,49.8,22.61,0.4428,LOW,-,34.957,35.1258,33.1487,1,38.9336,TREND_ONLY,10.3117
1209,83,OMC,Omnicom Group,Communication Services,Advertising,large,77.49,0.8394,1.0052,0.9448,0.9601,FLAT,0.62,13.05,-8.7,-17.85,50.2,47.69,0.5609,LOW,-,75.5815,76.3926,75.1772,1,13.7387,TREND_ONLY,10.2978
1210,-19,IPAR,INTERPARFUMS INC,Consumer Staples,,mid,93.905,0.7024,0.995,0.9949,1.0263,FLAT,1.87,-5.41,-20.56,-43.01,52.21,27.49,0.5746,LOW,PROGRESS,91.4072,95.0266,98.4503,0,-10.2655,WEAK,10.2153
1211,4,ITRI,ITRON INC,Information Technology,,mid,97.55,0.7125,0.9964,1.01,0.9755,FLAT,-25.13,-4.03,7.48,-39.4,54.62,42.88,0.5708,LOW,SHIFT,91.686,94.3896,110.1578,0,-5.1378,WEAK,10.1903
1212,101,AI,C3 AI INC CLASS A,Information Technology,,small,9.52,0.3653,1.0778,1.0328,0.6732,STRONG_UP,-49.87,-50.8,-53.56,-73.39,44.98,79.62,1.1806,MED,-,8.498,9.3178,15.6152,0,-28.6992,WEAK,10.1848
1213,-15,DVA,DaVita,Health Care,Health Care Services,mid,144.57,0.7586,0.932,0.9213,1.369,FLAT,14.18,2.17,11.4,-31.36,48.59,52.81,0.6437,LOW,-,150.812,149.652,132.3831,1,1.9962,TREND_ONLY,10.1716
1214,3,KBH,KB HOME,Consumer Discretionary,,mid,51.57,0.7767,0.9593,0.8988,0.8264,STRONG_UP,-15.14,4.61,-13.98,-28.19,46.99,33.46,0.8432,LOW,EARLY,51.6365,57.1106,59.464,0,6.4691,WEAK,10.1152
1215,-107,CMS,CMS Energy,Utilities,Multi-Utilities,large,77.48,0.8212,0.9415,0.9459,1.0827,STRONG_DOWN,5.78,10.61,44.79,-8.31,55.42,16.19,0.7147,LOW,-,77.4195,76.4365,72.4288,1,36.3054,TREND_ONLY,10.0635
1216,-6,IFF,International Flavors & Fragrances,Materials,Specialty Chemicals,large,71.53,0.7656,0.9501,0.9648,1.0085,STRONG_DOWN,17.39,3.11,-10.1,-24.03,53.01,33.58,0.5548,LOW,-,70.8359,74.1719,68.309,1,4.9019,TREND_ONLY,10.0214
1217,55,MRTN,MARTEN TRANSPORT LTD,Industrials,,small,13.75,0.8117,0.9575,1.1242,1.0963,FLAT,31.54,9.33,-15.06,-32.0,44.18,38.58,1.1015,MED,-,13.2385,13.1175,11.8523,1,10.6799,TREND_ONLY,10.0151
1218,6,HD,Home Depot (The),Consumer Discretionary,Home Improvement Retail,large,338.91,0.7457,0.9695,0.9487,0.8926,STRONG_UP,-11.44,0.43,6.36,-23.72,47.39,25.44,0.5956,LOW,PROGRESS,330.4575,353.8561,368.6199,0,0.8004,WEAK,10.0113
1219,-23,PRG,PROG HOLDINGS INC,Financials,,small,30.12,0.891,0.9884,0.9906,0.934,FLAT,-4.22,20.01,-1.35,-31.21,49.0,45.59,0.4577,LOW,-,28.812,31.7445,31.2582,0,21.5035,WEAK,10.0015
1220,-1,BLDR,Builders FirstSource,Industrials,Building Products,mid,85.13,0.5591,0.9705,0.8972,0.6626,STRONG_UP,-33.54,-24.7,-53.25,-47.16,40.16,45.4,0.6799,LOW,PROGRESS,83.2615,97.1916,115.7439,0,-21.8524,WEAK,9.9723
1221,-39,GPOR,GULFPORT ENERGY CORP,Energy,,mid,191.99,0.8385,0.9172,0.9188,1.0695,STRONG_DOWN,7.38,12.94,24.75,-21.77,53.82,35.21,,LOW,-,205.683,203.6558,191.2315,1,19.7722,TREND_ONLY,9.9678
1222,45,JBGS,JBG SMITH PROPERTIES,Real Estate,,small,15.26,0.7732,1.0483,0.9989,0.8661,STRONG_UP,-24.85,4.14,13.72,-40.48,46.99,26.28,0.4213,LOW,-,14.819,15.2252,18.0781,0,7.4042,WEAK,9.957
1223,-39,MOS,Mosaic Company (The),Materials,Fertilizers & Agricultural Chemicals,mid,23.73,0.6734,0.9122,0.7867,0.8516,FLAT,-19.37,-9.3,-16.98,-37.16,50.2,56.07,1.0146,MED,EARLY,25.3995,27.1234,29.0305,0,-8.3305,WEAK,9.9467
1224,-31,FELE,FRANKLIN ELECTRIC INC,Industrials,,mid,100.16,0.8627,0.9677,1.0413,0.996,FLAT,7.24,16.19,1.34,-18.18,49.4,39.6,0.6009,LOW,-,95.027,97.4963,95.7428,1,20.1945,TREND_ONLY,9.9465
1225,32,BL,BLACKLINE INC,Information Technology,,mid,32.57,0.542,0.9875,0.8151,0.6055,STRONG_UP,-33.81,-27.01,-45.43,-48.51,51.81,56.43,0.5238,LOW,EARLY,35.63,36.9992,50.0071,0,-24.7948,WEAK,9.9037
1226,39,WK,WORKIVA INC CLASS A,Information Technology,,mid,56.47,0.6221,0.9868,0.874,0.6439,STRONG_UP,-35.45,-16.22,-26.72,-43.89,49.0,44.19,0.9324,LOW,EARLY,58.5125,61.281,76.8416,0,-17.9818,WEAK,9.8962
1227,28,VYX,NCR VOYIX CORP,Information Technology,,small,6.91,0.6536,1.0423,0.9435,0.6213,STRONG_UP,-40.89,-11.97,-42.32,-57.96,49.4,56.93,0.8799,LOW,-,6.452,7.6816,10.7663,0,-10.3907,WEAK,9.864
1228,-82,IBCP,INDEPENDENT BANK CORP,Financials,,small,34.36,0.8827,0.9539,0.9912,1.0315,STRONG_DOWN,10.28,18.88,57.7,-13.5,50.2,24.68,0.7041,LOW,-,33.488,34.5948,32.6474,1,38.4079,TREND_ONLY,9.8632
1229,-49,OTTR,OTTER TAIL CORP,Utilities,,mid,85.98,0.8344,0.9185,0.9401,0.9823,STRONG_DOWN,11.43,12.38,8.65,-12.7,51.81,23.68,1.3305,MED,-,87.781,87.1527,82.356,1,27.0863,TREND_ONLY,9.7949
1230,-30,PNTG,PENNANT GROUP INC,Health Care,,small,30.54,0.8655,0.9367,0.8837,1.0423,FLAT,26.88,16.56,52.62,-26.97,52.21,44.58,0.3923,LOW,-,30.862,31.7316,27.4742,1,19.4,TREND_ONLY,9.7761
1231,89,RDN,RADIAN GROUP INC,Financials,,mid,34.53,0.8416,0.97,0.9982,1.0499,STRONG_DOWN,3.21,13.35,24.26,-14.34,51.0,22.74,0.4788,LOW,-,33.522,33.5189,34.0549,1,29.935,TREND_ONLY,9.7672
1232,-79,HTO,H2O AMERICA,Utilities,,mid,58.22,0.8223,0.9448,0.9584,1.0745,STRONG_DOWN,23.82,10.74,19.38,-19.77,49.4,24.21,0.9623,LOW,-,58.02,56.3002,50.5371,1,21.9202,TREND_ONLY,9.7668
1233,-5,IIPR,INNOVATIVE INDUSTRIAL PROPERTIES I,Real Estate,,small,51.9,0.8751,1.0069,0.9686,1.0475,FLAT,4.62,17.86,-30.42,-21.29,49.4,35.12,0.7768,LOW,-,50.2792,49.3125,48.4934,1,25.1179,TREND_ONLY,9.7623
1234,-20,LQDT,LIQUIDITY SERVICES INC,Industrials,,small,33.66,0.8062,1.012,1.1368,1.0461,FLAT,39.9,8.58,92.78,-30.9,55.42,31.17,0.6354,LOW,-,30.817,31.136,28.0386,1,15.2563,TREND_ONLY,9.7378
1235,8,TMHC,TAYLOR MORRISON HOME CORP,Consumer Discretionary,,mid,57.74,0.7808,0.9305,0.9175,0.8948,STRONG_UP,-8.26,5.15,6.3,-22.2,46.59,30.38,1.0771,MED,EARLY,58.5245,61.9114,62.9289,0,7.9039,WEAK,9.7273
1236,-88,CHCO,CITY HOLDING,Financials,,small,125.75,0.8426,0.955,1.0202,1.0134,FLAT,3.46,13.49,34.07,-11.76,47.39,18.45,0.6572,LOW,-,121.962,122.3554,122.1528,1,34.6374,TREND_ONLY,9.7266
1237,49,NWS,News Corp (Class B),Communication Services,Publishing,large,29.15,0.7325,0.997,1.0179,0.9377,FLAT,-2.31,-1.35,19.06,-26.84,53.41,29.99,0.5791,LOW,SHIFT,28.0495,27.2413,30.4169,0,-2.4069,WEAK,9.705
1238,-84,SKY,CHAMPION HOMES INC,Consumer Discretionary,,mid,75.69,0.698,0.9274,0.9239,0.7791,STRONG_UP,11.23,-5.99,-0.12,-35.0,46.99,46.32,0.3373,LOW,PROGRESS,75.4065,82.7486,78.2334,0,-6.0734,WEAK,9.6581
1239,10,TGTX,TG THERAPEUTICS INC,Health Care,,mid,34.6,0.6723,0.9705,1.0495,1.1521,STRONG_DOWN,1.35,-9.45,147.14,-42.01,52.61,41.86,0.5449,LOW,-,32.5565,30.5506,31.9593,1,-11.8741,TREND_ONLY,9.6448
1240,-53,RYZ,RYERSON HOLDING CORP,Materials,,small,23.93,0.8329,0.9542,1.0707,0.8156,FLAT,4.96,12.17,-21.84,-34.71,53.01,59.77,0.3565,LOW,-,22.378,24.7038,23.6582,1,10.7978,TREND_ONLY,9.6123
1241,-6,CDRE,CADRE HOLDINGS INC,Industrials,,small,33.09,0.8106,0.9624,0.9589,0.7793,STRONG_UP,-19.05,9.17,0.68,-36.21,53.01,52.37,0.9861,LOW,-,31.9455,37.5112,37.4851,0,9.2816,WEAK,9.5986
1242,-6,HNI,HNI CORP,Industrials,,mid,35.91,0.672,0.9998,0.9238,0.7853,STRONG_UP,-18.0,-9.5,-7.78,-38.43,46.59,38.48,0.5238,LOW,PROGRESS,34.584,41.4694,43.5824,0,-11.5031,WEAK,9.5906
1243,-42,SFBS,SERVISFIRST BANCSHARES INC,Financials,,mid,76.75,0.8379,0.9348,1.0041,0.991,FLAT,-4.2,12.85,34.5,-23.75,48.59,41.85,0.5071,LOW,PROGRESS,74.5042,78.5178,77.5828,0,14.9155,WEAK,9.5808
1244,20,GPN,Global Payments,Financials,Transaction & Payment Processing Services,large,70.17,0.6271,1.0346,0.926,0.8937,STRONG_UP,-18.33,-15.54,-41.87,-29.7,46.18,52.42,0.6684,LOW,PROGRESS,67.452,71.4517,78.4618,0,-13.6909,WEAK,9.4873
1245,72,HURN,HURON CONSULTING GROUP INC,Industrials,,mid,131.76,0.6914,1.0298,0.9925,0.7054,STRONG_UP,-11.39,-6.88,45.32,-35.14,55.02,49.1,0.8871,LOW,PROGRESS,126.905,134.8776,148.9802,0,-7.706,WEAK,9.4711
1246,85,CDNA,CAREDX INC,Health Care,,small,17.57,0.716,1.0226,0.9541,0.8505,STRONG_UP,22.44,-3.57,123.82,-43.92,51.81,47.82,0.7943,LOW,-,17.4,18.2041,16.6648,1,-3.8652,TREND_ONLY,9.4633
1247,6,WGS,GENEDX HOLDINGS CORP CLASS A,Health Care,,small,67.46,0.5097,1.0912,0.854,0.6346,STRONG_UP,-44.75,-31.36,601.98,-65.92,49.4,76.67,0.7395,LOW,-,65.467,77.1118,110.2879,0,-20.2055,WEAK,9.4603
1248,14,AAT,AMERICAN ASSETS TRUST REIT INC,Real Estate,,small,20.18,0.8514,1.0183,1.0103,1.0916,FLAT,8.55,14.67,12.16,-13.97,51.81,24.76,0.3857,LOW,-,18.871,18.8618,18.8595,1,30.7013,TREND_ONLY,9.4599
1249,14,WLY,JOHN WILEY AND SONS INC CLASS A,Communication,,mid,40.29,0.7331,1.0142,1.0639,1.2936,STRONG_DOWN,11.15,-1.27,17.97,-34.42,47.39,40.92,0.5127,LOW,-,37.8283,34.0029,35.514,1,-1.4708,TREND_ONLY,9.4506
1250,10,UPWK,UPWORK INC,Industrials,,small,11.3,0.6627,1.0514,0.8745,0.553,STRONG_UP,-33.29,-10.74,1.62,-52.78,48.59,69.62,0.7119,LOW,-,11.1075,12.8106,16.0541,0,-7.4975,WEAK,9.4495
1251,-75,PRA,PROASSURANCE CORP,Financials,,small,24.66,0.7862,0.9874,0.9596,1.0023,FLAT,2.62,5.88,92.36,-2.23,44.58,6.14,0.9208,LOW,-,24.5455,24.5178,24.0892,1,42.7093,TREND_ONLY,9.4115
1252,-36,AZTA,AZENTA INC,Health Care,,small,24.95,0.7265,1.0696,1.0824,0.6213,FLAT,-18.46,-2.16,-52.18,-51.48,48.19,66.57,0.8716,LOW,-,21.821,24.807,30.7829,0,-1.5614,WEAK,9.4113
1253,-27,AZO,AutoZone,Consumer Discretionary,Automotive Retail,large,3536.4199,0.7362,0.9682,0.9826,1.0017,STRONG_DOWN,-12.81,-0.85,21.52,-25.48,49.4,30.1,1.3631,MED,PROGRESS,3407.9985,3580.7734,3778.9112,0,-1.4006,WEAK,9.4025
1254,47,CENTA,CENTRAL GARDEN AND PET CLASS A,Consumer Staples,,small,33.68,0.8096,0.9884,1.0142,1.1072,STRONG_DOWN,26.19,9.03,-0.88,-29.51,51.81,23.54,0.6187,LOW,-,32.531,33.0584,31.4302,1,19.879,TREND_ONLY,9.3888
1255,11,TRIP,TRIPADVISOR INC,Communication,,small,11.48,0.7242,0.9705,1.1537,0.8195,FLAT,-26.97,-2.46,-54.46,-51.72,48.59,59.63,0.4481,LOW,-,10.4325,10.5792,14.6217,0,-2.0077,WEAK,9.3767
1256,-104,ALG,ALAMO GROUP INC,Industrials,,mid,168.75,0.7544,0.9156,0.967,0.872,FLAT,-7.61,1.61,-19.79,-31.99,46.99,43.91,0.836,LOW,EARLY,169.5355,185.3128,191.3503,0,1.7227,WEAK,9.3761
1257,95,ESNT,ESSENT GROUP LTD,Financials,,mid,60.81,0.836,0.96,0.9942,0.9927,FLAT,0.86,12.59,19.14,-13.93,52.21,23.44,0.3983,LOW,SHIFT,59.097,60.0695,60.9141,0,28.0453,WEAK,9.3245
1258,116,WAY,WAYSTAR HOLDING CORP,Health Care,,mid,24.68,0.4992,1.0992,0.953,0.8127,STRONG_UP,-32.61,-32.77,19.23,-47.76,49.0,50.42,1.3704,MED,SHIFT,23.574,24.2984,32.7061,0,-31.8474,WEAK,9.3174
1259,-37,WERN,WERNER ENTERPRISES INC,Industrials,,small,30.83,0.8526,0.9503,1.0832,0.9204,FLAT,17.21,14.83,-11.61,-28.28,49.0,46.22,0.8324,LOW,-,29.6512,31.6501,29.0938,1,15.7201,TREND_ONLY,9.3144
1260,61,MLKN,MILLERKNOLL INC,Industrials,,small,16.2,0.7991,1.0319,0.8564,0.8358,STRONG_UP,-0.28,7.62,-29.22,-37.8,47.79,58.24,0.8463,LOW,-,16.0345,18.8039,18.2464,0,6.254,WEAK,9.2873
1261,-36,NBTB,NBT BANCORP INC,Financials,,mid,44.89,0.8713,0.9523,1.0386,1.0429,STRONG_DOWN,8.32,17.35,44.58,-12.17,46.59,26.39,0.6627,LOW,-,43.148,43.4469,42.1069,1,30.6349,TREND_ONLY,9.282
1262,-324,WINA,WINMARK CORP,Consumer Discretionary,,small,379.21,0.8713,0.8063,0.8403,0.8633,STRONG_DOWN,-10.39,17.35,14.17,-24.72,58.23,43.43,1.3757,MED,-,422.3515,438.4449,426.0294,0,23.2647,WEAK,9.2486
1263,-58,COUR,COURSERA INC,Consumer Discretionary,,small,6.15,0.6505,1.0668,0.9683,0.9152,STRONG_UP,-39.76,-12.39,-48.66,-57.8,54.62,48.47,0.7352,LOW,-,5.816,5.989,8.5011,0,-13.9656,WEAK,9.2372
1264,0,SCL,STEPAN,Materials,,small,50.21,0.8189,0.9401,1.0243,0.9722,FLAT,8.73,10.28,-35.77,-32.78,53.01,52.05,0.6758,LOW,-,49.4735,53.1261,49.7608,1,10.4732,TREND_ONLY,9.1997
1265,-27,SCSC,SCANSOURCE INC,Information Technology,,small,38.19,0.9062,0.9709,1.0264,0.9104,FLAT,-9.2,22.05,-5.4,-24.52,52.21,49.19,0.6276,LOW,-,36.793,36.9302,40.591,0,23.4056,WEAK,9.1759
1266,-20,BUR,BURFORD CAPITAL LTD,Financials,,small,4.73,0.255,1.0442,0.546,0.4752,STRONG_UP,-58.14,-65.66,-67.94,-72.84,46.59,109.63,0.7041,LOW,-,5.6255,7.5508,10.3741,0,-27.9036,WEAK,9.1715
1267,42,HMN,HORACE MANN EDUCATORS CORP,Financials,,small,44.53,0.8447,0.9608,1.0095,1.0245,STRONG_DOWN,-0.91,13.76,38.15,-10.73,56.63,21.04,0.207,LOW,-,43.223,42.919,43.535,1,37.0321,TREND_ONLY,9.1564
1268,34,QTWO,Q2 HOLDINGS INC,Information Technology,,mid,50.11,0.4967,1.0573,0.9644,0.7166,STRONG_UP,-19.37,-33.1,-0.85,-52.32,44.18,42.8,0.4729,LOW,PROGRESS,47.659,50.1542,68.3127,0,-34.1646,WEAK,9.1552
1269,0,BR,Broadridge Financial Solutions,Industrials,Data Processing & Outsourced Services,large,160.83,0.5164,1.0093,0.8626,0.7199,STRONG_UP,-30.9,-30.46,-14.13,-42.6,47.79,35.37,0.5124,LOW,EARLY,162.6325,173.3769,217.8384,0,-41.1501,WEAK,9.1495
1270,-92,CSW,CSW INDUSTRIALS INC,Industrials,,mid,285.35,0.7201,0.965,1.0479,0.8742,FLAT,18.79,-3.01,22.44,-31.03,53.41,48.07,0.9602,LOW,-,270.9365,280.1288,274.9373,1,-3.3473,TREND_ONLY,9.1454
1271,-116,LKFN,LAKELAND FINANCIAL CORP,Financials,,small,59.94,0.8586,0.9523,1.0148,1.0055,FLAT,-4.57,15.64,7.61,-18.57,47.39,25.13,0.3999,LOW,-,58.079,58.8454,60.3341,0,29.4905,WEAK,9.1337
1272,-35,KO,Coca-Cola Company (The),Consumer Staples,Soft Drinks & Non-alcoholic Beverages,large,75.31,0.8027,0.9357,0.9278,1.044,FLAT,13.11,8.11,37.46,-9.82,48.19,16.73,0.6475,LOW,-,76.0255,77.3165,70.7539,1,23.36,TREND_ONLY,9.1029
1273,32,CRI,CARTERS INC,Consumer Discretionary,,small,36.23,0.7847,0.9566,0.9999,0.976,FLAT,18.02,5.68,-44.87,-37.64,53.82,59.77,0.6421,LOW,-,35.153,36.4786,31.8113,1,5.1188,TREND_ONLY,9.1014
1274,15,NEO,NEOGENOMICS INC,Health Care,,small,8.68,0.6741,1.0619,1.0031,0.6458,STRONG_UP,-7.46,-9.21,-37.33,-52.87,50.6,47.99,0.7291,LOW,-,7.908,9.1568,9.3431,0,-9.7056,WEAK,9.0919
1275,0,VZ,Verizon,Communication Services,Integrated Telecommunication Services,large,45.03,0.8183,0.9292,0.8647,1.1288,FLAT,14.67,10.21,29.0,-13.32,48.19,30.39,0.8186,LOW,-,48.2516,48.4794,42.1713,1,16.1969,TREND_ONLY,9.0811
1276,12,VRTX,Vertex Pharmaceuticals,Health Care,Biotechnology,large,441.7,0.675,0.9603,0.9128,0.9665,FLAT,7.15,-9.09,12.06,-28.06,49.4,34.63,0.9228,LOW,-,445.0055,462.6296,438.1345,1,-12.9736,TREND_ONLY,9.0782
1277,63,RAMP,LIVERAMP HOLDINGS INC,Information Technology,,small,27.36,0.8165,0.9995,0.9356,1.0431,FLAT,-0.4,9.97,-14.9,-34.44,53.41,40.68,0.456,LOW,-,26.6165,26.3418,28.1276,0,13.0871,WEAK,9.0715
1278,-4,LRN,STRIDE INC,Consumer Discretionary,,mid,94.01,0.5153,1.0104,1.0318,1.3139,STRONG_DOWN,-35.79,-30.6,62.14,-64.07,53.41,38.19,,LOW,SHIFT,88.735,86.5926,105.9672,0,-42.7943,WEAK,9.0665
1279,142,AMN,AMN HEALTHCARE INC,Health Care,,small,19.37,0.7894,1.0176,1.0034,0.9746,STRONG_UP,-6.38,6.31,-65.92,-34.18,46.99,82.51,0.3025,LOW,-,18.58,19.2092,18.7936,1,3.5946,TREND_ONLY,9.0451
1280,-10,MNKD,MANNKIND CORP,Health Care,,small,2.77,0.454,1.0511,0.9697,0.4857,STRONG_UP,-45.69,-38.85,-31.6,-63.29,46.18,91.48,0.5405,LOW,-,2.5035,3.5772,4.6754,0,-19.6129,WEAK,9.0376
1281,-36,JBI,JANUS INTERNATIONAL GROUP INC,Industrials,,small,5.34,0.6543,0.9553,0.9296,0.7623,STRONG_UP,-45.84,-11.88,-64.23,-53.93,47.79,52.03,0.5589,LOW,-,5.251,6.0304,7.8566,0,-10.913,WEAK,9.0304
1282,-101,PSA,Public Storage,Real Estate,Self-Storage REITs,large,299.83,0.8028,0.9931,1.0015,1.0353,STRONG_DOWN,1.35,8.13,23.89,-16.2,48.19,25.84,0.8884,LOW,-,279.6335,289.2954,279.6533,1,15.1578,TREND_ONLY,9.0234
1283,-43,ISRG,Intuitive Surgical,Health Care,Health Care Equipment,large,468.36,0.7225,1.0,0.9272,0.8426,STRONG_UP,7.33,-2.7,23.72,-24.09,49.8,23.73,0.9902,LOW,PROGRESS,463.7485,480.3474,503.862,0,-5.6592,WEAK,8.9922
1284,43,LADR,LADDER CAPITAL CORP CLASS A,Financials,,small,10.35,0.831,1.0084,1.0068,0.9459,STRONG_UP,0.35,11.92,19.23,-14.68,51.81,22.55,0.8362,LOW,-,9.8221,9.9997,10.3832,0,27.3815,WEAK,8.9803
1285,-9,BDX,Becton Dickinson,Health Care,Health Care Equipment,large,155.52,0.7502,0.9718,0.9196,0.9441,FLAT,6.27,1.03,-10.82,-20.25,46.99,24.76,0.7163,LOW,-,155.8775,164.6975,151.9106,1,1.9607,TREND_ONLY,8.9696
1286,-6,FOXF,FOX FACTORY HOLDING CORP,Consumer Discretionary,,small,16.7,0.6441,0.9588,0.975,0.8719,FLAT,-29.36,-13.25,-60.08,-56.63,51.41,48.02,1.0614,MED,-,16.787,17.5489,21.5969,0,-14.1819,WEAK,8.9507
1287,23,AVPT,AVEPOINT INC CLASS A,Information Technology,,mid,9.75,0.4942,1.0362,0.8883,0.7372,STRONG_UP,-32.94,-33.45,25.64,-55.03,51.0,42.87,0.6355,LOW,PROGRESS,9.7485,10.256,13.8065,0,-39.7901,WEAK,8.9345
1288,23,MA,Mastercard,Financials,Transaction & Payment Processing Services,large,519.96,0.7564,1.003,0.9827,0.9369,STRONG_UP,-8.15,1.87,14.42,-18.92,53.41,25.47,0.6258,LOW,SHIFT,498.9896,512.2168,549.4952,0,3.9214,WEAK,8.9045
1289,-18,BANF,BANCFIRST CORP,Financials,,mid,112.94,0.7931,0.9536,1.0223,1.0002,FLAT,-9.1,6.81,42.8,-23.63,50.6,31.14,0.7152,LOW,SHIFT,109.227,111.2314,116.6473,0,11.0688,WEAK,8.8524
1290,-36,BMI,BADGER METER INC,Information Technology,,mid,157.02,0.6394,0.9814,1.0005,0.9055,FLAT,-11.83,-13.89,3.41,-42.92,49.4,39.39,0.499,LOW,SHIFT,153.1045,152.3775,176.7615,0,-17.4143,WEAK,8.8484
1291,-12,TNC,TENNANT,Industrials,,small,78.05,0.8434,0.9849,1.1621,0.985,FLAT,-0.9,13.59,-30.84,-27.71,54.22,54.73,0.5137,LOW,-,70.4385,70.9918,76.3432,1,13.4647,TREND_ONLY,8.8484
1292,-48,LZ,LEGALZOOM COM INC,Industrials,,small,6.24,0.6553,1.0709,0.9512,0.6628,STRONG_UP,-38.4,-11.74,-48.89,-50.98,50.6,65.02,0.8039,LOW,-,5.9195,6.4766,9.0171,0,-9.1361,WEAK,8.845
1293,50,AMP,Ameriprise Financial,Financials,Asset Management & Custody Banks,large,468.15,0.7602,1.0041,1.0217,0.9101,FLAT,-3.16,2.38,16.93,-20.87,55.02,32.26,0.5861,LOW,SHIFT,444.3455,464.5445,485.7239,0,4.058,WEAK,8.7474
1294,9,FDS,FactSet,Financials,Financial Exchanges & Data,mid,230.75,0.4069,1.0498,1.0552,0.7727,FLAT,-18.51,-45.2,-44.66,-59.47,49.8,53.16,0.627,LOW,SHIFT,214.0855,210.6529,294.3829,0,-42.3478,WEAK,8.7198
1295,106,HLIT,HARMONIC INC,Information Technology,,small,9.88,0.8261,0.9904,0.9898,0.9767,STRONG_UP,-2.85,11.26,-3.42,-19.1,55.42,38.47,0.8112,LOW,-,9.3955,9.8102,9.7935,1,16.223,TREND_ONLY,8.6975
1296,42,NSIT,INSIGHT ENTERPRISES INC,Information Technology,,mid,75.14,0.4185,1.0442,0.9014,0.8828,STRONG_UP,-30.21,-43.64,-58.74,-56.07,49.8,51.08,0.6625,LOW,PROGRESS,69.735,78.5236,100.8019,0,-42.5458,WEAK,8.6718
1297,-16,BAX,Baxter International,Health Care,Health Care Equipment,mid,17.6,0.4761,0.9882,0.9547,0.873,STRONG_UP,-22.8,-35.87,-53.71,-49.79,48.59,52.14,0.3117,LOW,PROGRESS,16.8415,18.6397,21.3739,0,-33.4298,WEAK,8.6341
1298,-48,ANIP,ANI PHARMACEUTICALS INC,Health Care,,small,76.48,0.8206,0.927,0.9841,0.8847,FLAT,-13.82,10.52,,-28.66,49.4,31.54,0.5726,LOW,-,75.998,76.4144,81.8191,0,16.4775,WEAK,8.6072
1299,9,ROP,Roper Technologies,Information Technology,Electronic Equipment & Instruments,large,358.09,0.4817,0.9942,0.9723,0.8324,STRONG_UP,-29.99,-35.13,-31.13,-45.59,51.41,35.94,0.6317,LOW,SHIFT,352.2266,348.4563,449.906,0,-50.249,WEAK,8.6038
1300,32,GENI,GENIUS SPORTS LTD,Consumer Discretionary,,small,4.81,0.3495,1.148,0.9213,0.4779,STRONG_UP,-58.96,-52.94,-6.05,-71.07,46.18,82.19,0.8681,LOW,-,4.4295,5.3898,9.7574,0,-29.7428,WEAK,8.5639
1301,3,ASTH,ASTRANA HEALTH INC,Health Care,,small,29.23,0.6637,1.0058,1.1265,1.1196,FLAT,-1.42,-10.61,-22.86,-46.41,53.41,89.68,0.5487,LOW,-,25.8145,23.4086,25.884,1,-6.3199,TREND_ONLY,8.5587
1302,-5,MKC,McCormick & Company,Consumer Staples,Packaged Foods & Meats,large,53.34,0.5494,1.0073,0.8931,0.7652,STRONG_UP,-18.37,-26.01,-22.46,-36.38,49.4,39.84,0.5487,LOW,PROGRESS,52.2645,60.727,65.568,0,-32.2514,WEAK,8.5425
1303,16,AVY,Avery Dennison,Materials,Paper & Plastic Packaging Products & Materials,large,168.03,0.7579,0.9391,0.9385,0.8817,STRONG_UP,6.03,2.07,-17.29,-17.97,47.79,24.25,0.5384,LOW,EARLY,169.0075,179.8497,174.458,0,4.0848,WEAK,8.542
1304,-71,ALH,ALLIANCE LAUNDRY HOLDINGS INC,Industrials,,mid,25.0,0.7479,1.0391,1.1678,1.1249,FLAT,-3.4,0.73,0.73,-29.22,53.12,42.83,0.8944,LOW,-,21.497,22.0414,,0,0.8995,WEAK,8.532
1305,-18,ROL,"Rollins, Inc.",Industrials,Environmental & Facilities Services,large,54.38,0.7428,0.9468,0.9308,0.8631,STRONG_UP,-3.82,0.04,28.7,-19.79,53.01,29.04,0.8535,LOW,PROGRESS,53.8385,57.4329,57.8922,0,0.0673,WEAK,8.5137
1306,-8,BCPC,BALCHEM CORP,Materials,,mid,174.5,0.8081,0.9682,0.9979,1.0728,STRONG_DOWN,23.36,8.84,21.2,-17.69,46.18,22.41,0.9749,LOW,-,169.607,173.1016,159.9293,1,18.2213,TREND_ONLY,8.5036
1307,22,WM,Waste Management,Industrials,Environmental & Facilities Services,large,224.93,0.7385,0.9373,0.9107,1.0153,FLAT,3.94,-0.54,13.01,-18.14,51.81,19.99,1.0028,MED,-,229.9015,232.5504,221.5889,1,-1.3906,TREND_ONLY,8.4938
1308,33,COST,Costco,Consumer Staples,Consumer Staples Merchandise Retail,large,984.75,0.7597,0.9269,0.9448,1.0199,STRONG_DOWN,4.33,2.31,39.05,-19.35,48.59,19.28,0.8535,LOW,-,992.1205,994.2776,947.4189,1,5.8326,TREND_ONLY,8.4615
1309,-48,PM,Philip Morris International,Consumer Staples,Tobacco,large,157.19,0.753,0.9469,0.877,0.9118,FLAT,0.61,1.42,90.02,-20.64,55.42,28.23,0.4739,LOW,EARLY,161.7635,171.9227,162.5558,0,2.7889,WEAK,8.4363
1310,34,ORLY,O’Reilly Automotive,Consumer Discretionary,Automotive Retail,large,93.6,0.7641,0.9632,1.0008,0.9689,FLAT,-9.17,2.91,28.87,-19.03,51.81,24.64,0.6887,LOW,SHIFT,91.3095,92.7762,97.1302,0,6.1091,WEAK,8.4272
1311,57,BXP,"BXP, Inc.",Real Estate,Office REITs,mid,55.93,0.6905,1.0352,1.013,0.8403,STRONG_UP,-18.79,-7.01,7.01,-33.56,52.21,33.03,0.753,LOW,SHIFT,52.4031,55.61,65.1448,0,-11.079,WEAK,8.4116
1312,-35,STE,Steris,Health Care,Health Care Equipment,large,221.5,0.7531,0.9616,0.9617,0.8266,FLAT,-6.62,1.43,13.25,-20.76,49.4,27.95,0.8191,LOW,PROGRESS,221.2,233.1217,243.2271,0,2.5271,WEAK,8.3782
1313,3,NVR,"NVR, Inc.",Consumer Discretionary,Homebuilding,large,6767.21,0.7132,0.9669,0.9804,0.8781,FLAT,-12.53,-3.94,-11.62,-25.44,48.59,28.49,0.8034,LOW,PROGRESS,6607.7495,7066.5492,7532.518,0,-6.7252,WEAK,8.371
1314,25,SPSC,SPS COMMERCE INC,Information Technology,,mid,55.36,0.3195,1.0284,0.8756,0.5953,STRONG_UP,-49.33,-56.97,-66.11,-66.3,47.79,45.97,0.5055,LOW,EARLY,55.7605,60.6136,93.1556,0,-59.2274,WEAK,8.3651
1315,-32,EW,Edwards Lifesciences,Health Care,Health Care Equipment,large,78.2,0.8155,0.9597,0.8869,0.9256,FLAT,6.6,9.83,-13.16,-12.73,49.4,26.7,0.7947,LOW,EARLY,80.628,81.3212,80.7883,0,18.19,WEAK,8.337
1316,-34,CCI,Crown Castle,Real Estate,Telecom Tower REITs,large,85.63,0.6576,0.9608,0.9307,0.9618,FLAT,-9.83,-11.44,1.49,-30.0,51.41,36.27,0.6007,LOW,SHIFT,83.061,85.0436,90.8725,0,-16.2154,WEAK,8.3027
1317,-33,SYBT,STOCK YARDS BANCORP INC,Financials,,small,71.51,0.8063,0.9708,1.0795,1.0482,FLAT,2.16,8.59,72.76,-24.16,46.18,27.41,0.8361,LOW,-,66.952,66.5939,69.8051,1,14.4798,TREND_ONLY,8.3017
1318,-121,TIC,TIC SOLUTIONS INC,Industrials,,small,7.64,0.608,1.0394,0.9314,0.6722,STRONG_UP,-41.63,-18.11,-36.33,-54.66,49.4,57.18,0.4313,LOW,-,7.2375,8.396,10.4983,0,-15.649,WEAK,8.3014
1319,-34,BANR,BANNER CORP,Financials,,mid,63.35,0.8136,0.9569,1.0271,0.9803,FLAT,0.6,9.58,57.47,-14.3,48.19,27.32,0.3224,LOW,-,61.319,61.6312,62.9804,1,16.8907,TREND_ONLY,8.2695
1320,2,OI,O I GLASS INC,Materials,,small,10.59,0.7267,0.9614,0.945,0.6547,STRONG_UP,-8.86,-2.13,-30.24,-40.71,51.41,47.27,0.5145,LOW,-,10.5,12.4384,13.3987,0,-2.3119,WEAK,8.2667
1321,39,CCOI,COGENT COMMUNICATIONS HOLDINGS INC,Communication,,small,23.53,0.3522,1.1182,1.1062,0.9883,STRONG_UP,-46.42,-52.56,-58.36,-68.95,51.81,91.72,0.7812,LOW,-,19.4655,21.2683,30.5172,0,-29.6891,WEAK,8.244
1322,14,PAYC,Paycom,Industrials,Human Resource & Employment Services,mid,123.64,0.4294,1.0458,0.9388,0.7889,STRONG_UP,-38.03,-42.17,-33.93,-56.97,50.2,45.38,0.3615,LOW,PROGRESS,121.1165,124.3129,175.9965,0,-46.647,WEAK,8.1854
1323,-30,HOMB,HOME BANCSHARES INC,Financials,,mid,27.67,0.8136,0.9408,1.001,0.958,FLAT,-0.92,9.58,30.62,-14.34,50.2,22.93,0.9055,LOW,PROGRESS,27.1165,27.8522,27.9972,0,20.9636,WEAK,8.1315
1324,64,POOL,Pool Corporation,Consumer Discretionary,Distributors,mid,226.59,0.5688,1.0309,1.0276,0.845,STRONG_UP,-22.47,-23.39,-36.75,-39.78,44.18,40.03,1.2609,MED,SHIFT,206.6345,221.6297,265.0981,0,-25.8128,WEAK,8.1197
1325,10,VRTS,VIRTUS INVESTMENT PARTNERS INC,Financials,,small,143.45,0.7604,1.026,1.0416,0.8432,FLAT,-23.46,2.42,-28.28,-38.95,52.21,38.53,0.9551,LOW,-,132.735,136.4002,166.2817,0,3.2729,WEAK,8.0787
1326,31,RXRX,RECURSION PHARMACEUTICALS INC CLAS,Health Care,,small,3.75,0.5234,1.1005,1.048,0.7605,STRONG_UP,-36.33,-29.51,-50.46,-58.17,42.57,63.36,,LOW,-,3.2355,3.4574,4.6353,0,-19.8279,WEAK,8.0785
1327,-37,CBT,CABOT CORP,Materials,,mid,73.32,0.7124,0.9537,1.0159,0.9973,FLAT,9.09,-4.06,-17.51,-28.82,47.79,34.08,0.4279,LOW,-,73.1785,73.3327,71.7961,1,-5.6886,TREND_ONLY,8.073
1328,0,RVTY,Revvity,Health Care,Health Care Equipment,mid,92.9,0.7379,0.9976,1.0162,0.8199,FLAT,2.07,-0.63,-6.86,-28.75,50.2,36.95,0.3205,LOW,PROGRESS,88.2585,92.9666,94.9079,0,-0.85,WEAK,8.059
1329,-17,FA,FIRST ADVANTAGE CORP,Industrials,,small,11.84,0.6375,1.0315,1.0596,0.7837,FLAT,-18.06,-14.14,-20.54,-51.86,47.39,72.42,0.6509,LOW,-,11.2677,11.1115,14.1941,0,-9.2533,WEAK,8.0448
1330,-24,ELV,Elevance Health,Health Care,Managed Health Care,large,311.18,0.5424,0.9539,1.0056,0.826,FLAT,-10.21,-26.94,-36.41,-36.59,49.8,43.87,0.424,LOW,SHIFT,300.6165,309.3281,322.2713,0,-30.5857,WEAK,8.0182
1331,32,TDOC,TELADOC HEALTH INC,Health Care,,small,5.54,0.5961,1.025,0.9438,0.8244,STRONG_UP,-37.96,-19.71,-57.81,-52.75,44.18,57.69,0.8505,LOW,-,5.341,5.1414,7.0218,0,-15.0944,WEAK,8.0047
1332,17,KFY,KORN FERRY,Industrials,,mid,64.33,0.7973,0.9772,1.0123,0.9432,FLAT,-6.31,7.38,12.06,-21.05,47.79,34.3,0.5445,LOW,SHIFT,62.6526,62.5282,67.0829,0,10.2886,WEAK,7.9921
1333,-18,EPRT,ESSENTIAL PROPERTIES REALTY TRUST,Real Estate,,mid,32.67,0.7923,0.9783,0.9526,1.0661,FLAT,12.01,6.7,42.62,-12.17,53.01,19.38,0.5378,LOW,-,31.3675,32.0857,30.3701,1,18.3389,TREND_ONLY,7.9881
1334,-27,IDT,IDT CORP CLASS B,Communication,,small,50.76,0.7726,0.986,1.0122,0.9607,FLAT,7.87,4.05,41.35,-33.19,50.6,24.72,0.3506,LOW,-,48.834,49.2243,53.7661,0,8.297,WEAK,7.9377
1335,-21,BHVN,BIOHAVEN LTD,Health Care,,small,10.37,0.4122,1.0728,1.04,0.8718,STRONG_UP,-37.76,-44.49,-76.31,-66.71,46.18,70.5,0.7198,LOW,-,9.163,10.276,12.5132,0,-29.14,WEAK,7.9181
1336,17,NVCR,NOVOCURE LTD,Health Care,,small,12.17,0.5708,1.0747,0.9418,0.8693,STRONG_UP,-7.59,-23.12,-2.33,-48.3,45.38,93.64,0.9974,LOW,-,11.1825,11.736,12.826,0,-11.2048,WEAK,7.9023
1337,-78,TGLS,TECNOGLASS INC,Industrials,,mid,43.97,0.4841,0.9365,0.938,0.8291,FLAT,-31.73,-34.81,-22.92,-54.2,46.18,41.12,0.3561,LOW,PROGRESS,43.2278,46.0918,58.2113,0,-39.0882,WEAK,7.8884
1338,-39,SYK,Stryker Corporation,Health Care,Health Care Equipment,large,341.24,0.7379,0.9774,0.9367,0.9365,STRONG_UP,-7.29,-0.62,2.98,-18.8,48.19,22.85,0.7826,LOW,PROGRESS,334.7342,353.4893,366.7747,0,-1.3008,WEAK,7.8653
1339,17,TRUP,TRUPANION INC,Financials,,small,27.2,0.5909,1.0265,0.9821,0.786,STRONG_UP,-34.96,-20.42,22.69,-56.53,47.39,48.31,0.5696,LOW,-,25.7345,27.3942,38.4506,0,-20.0324,WEAK,7.8226
1340,-16,VRRM,VERRA MOBILITY CORP CLASS A,Industrials,,mid,14.98,0.5197,0.9759,0.9641,0.644,STRONG_UP,-38.15,-30.0,-37.79,-45.89,41.77,39.29,0.5166,LOW,PROGRESS,14.527,16.1912,21.6705,0,-31.8936,WEAK,7.8174
1341,-90,AOS,A. O. Smith,Industrials,Building Products,mid,63.37,0.7638,0.9151,0.9213,0.88,FLAT,-6.96,2.87,-22.97,-21.25,48.19,29.45,1.4195,MED,EARLY,65.273,71.2068,69.5934,0,4.7007,WEAK,7.8085
1342,-46,EXC,Exelon,Utilities,Electric Utilities,large,47.88,0.7916,0.9407,0.9145,1.0894,FLAT,2.81,6.61,44.28,-10.29,51.0,22.33,0.7474,LOW,-,48.4375,47.8573,44.9493,1,15.0957,TREND_ONLY,7.8044
1343,15,APPN,APPIAN CORP CLASS A,Information Technology,,small,21.41,0.5905,0.9746,0.8031,0.6916,STRONG_UP,-23.89,-20.47,-41.37,-55.7,48.59,50.73,0.8745,LOW,-,23.5605,24.667,30.5711,0,-19.6046,WEAK,7.7608
1344,23,AFL,Aflac,Financials,Life & Health Insurance,large,112.98,0.7985,0.9706,0.9859,1.014,STRONG_DOWN,2.39,7.54,46.5,-9.63,51.41,18.35,0.519,LOW,-,109.43,111.3253,107.9332,1,21.1143,TREND_ONLY,7.7572
1345,3,FG,F&G ANNUITIES AND LIFE INC,Financials,,mid,26.46,0.5887,1.0281,1.0688,0.9646,FLAT,-10.62,-20.71,-22.99,-41.19,50.2,49.99,0.7209,LOW,SHIFT,24.876,24.7231,29.4578,0,-20.801,WEAK,7.7543
1346,-46,ED,Consolidated Edison,Utilities,Multi-Utilities,large,110.28,0.7593,0.9317,0.9173,1.0774,FLAT,9.99,2.26,34.9,-14.23,52.61,17.21,0.4461,LOW,-,112.3905,111.5905,101.9051,1,6.9166,TREND_ONLY,7.7494
1347,-21,CCB,COASTAL FINANCIAL CORP,Financials,,small,83.29,0.7549,0.9781,1.0142,0.7229,FLAT,-23.93,1.67,120.4,-38.31,52.21,45.18,0.477,LOW,-,78.069,79.9308,100.9089,0,1.9326,WEAK,7.7196
1348,-3,CXW,CORECIVIC REIT INC,Industrials,,mid,20.08,0.6792,0.9647,0.9463,0.991,FLAT,10.51,-8.52,32.8,-30.05,48.59,42.54,0.3971,LOW,-,19.855,18.8398,19.3496,1,-9.731,TREND_ONLY,7.6686
1349,-31,UPBD,UPBOUND GROUP INC,Consumer Discretionary,,small,18.92,0.7435,0.9934,1.0209,0.9732,FLAT,-7.73,0.14,-30.69,-40.17,45.38,43.23,0.9154,LOW,-,17.8989,19.036,20.2285,0,0.1464,WEAK,7.6659
1350,0,PAYX,Paychex,Industrials,Human Resource & Employment Services,large,90.26,0.4766,0.9979,0.9333,0.8134,STRONG_UP,-28.39,-35.81,-20.57,-44.95,46.99,31.08,0.7372,LOW,EARLY,91.035,93.2054,115.6329,0,-54.1386,WEAK,7.6311
1351,-119,DOLE,DOLE PLC,Consumer Staples,,small,14.93,0.8153,0.9315,0.9804,1.009,STRONG_DOWN,14.72,9.81,33.35,-16.01,53.01,22.13,0.8226,LOW,-,14.7525,15.1703,14.3173,1,23.5035,TREND_ONLY,7.6248
1352,7,PRVA,PRIVIA HEALTH GROUP INC,Health Care,,mid,23.44,0.7291,1.0026,1.0137,1.009,FLAT,-5.52,-1.8,32.5,-24.77,46.18,39.28,0.7098,LOW,-,21.6045,22.1136,22.7835,1,-2.1179,TREND_ONLY,7.6158
1353,9,HLMN,HILLMAN SOLUTIONS CORP,Industrials,,small,8.49,0.8349,0.9512,1.0005,0.8717,FLAT,-11.29,12.45,-12.02,-27.75,43.37,44.7,0.4319,LOW,-,8.2645,8.668,8.9827,0,12.0799,WEAK,7.6045
1354,7,HRMY,HARMONY BIOSCIENCES HLDG INC,Health Care,,small,29.22,0.7765,0.9734,0.9844,0.7975,FLAT,8.87,4.58,-1.88,-34.49,50.2,45.3,0.6308,LOW,-,27.9835,30.1696,33.1294,0,5.0768,WEAK,7.5903
1355,-87,WY,Weyerhaeuser,Real Estate,Timber REITs,large,24.21,0.727,0.9475,0.9605,0.9023,FLAT,3.15,-2.09,-19.52,-21.96,48.19,23.99,0.5525,LOW,PROGRESS,24.02,24.6649,24.2559,0,-4.1957,WEAK,7.5766
1356,0,PLMR,PALOMAR HOLDINGS INC,Financials,,mid,130.03,0.6418,0.9446,1.0439,0.9815,FLAT,8.83,-13.57,,-37.44,53.82,33.77,0.6829,LOW,-,122.7395,123.7848,124.7857,1,-21.6218,TREND_ONLY,7.5524
1357,19,CBRL,CRACKER BARREL OLD COUNTRY STORE I,Consumer Discretionary,,small,29.33,0.5295,0.9661,0.9792,0.8651,FLAT,-27.53,-28.68,-48.85,-64.96,45.38,52.43,0.7948,LOW,-,27.9838,29.7484,39.0748,0,-24.826,WEAK,7.5293
1358,14,ACGL,Arch Capital Group,Financials,Property & Casualty Insurance,large,97.47,0.7834,0.9579,0.9868,1.0502,STRONG_DOWN,5.68,5.51,12.81,-12.0,53.01,20.11,0.7794,LOW,-,95.3595,96.9056,92.4794,1,14.524,TREND_ONLY,7.4312
1359,-17,TRNS,TRANSCAT INC,Industrials,,small,78.39,0.7002,0.9457,1.0246,1.1973,STRONG_DOWN,8.98,-5.69,-27.78,-44.83,48.19,46.29,0.7379,LOW,-,75.4285,75.4928,71.5707,1,-5.9241,TREND_ONLY,7.4163
1360,-37,PMT,PENNYMAC MORTGAGE INVESTMENT TRUST,Financials,,small,12.13,0.8076,1.0158,1.0233,0.9301,FLAT,8.06,8.77,17.23,-18.9,52.21,31.8,0.5733,LOW,-,11.3698,11.5835,11.5796,1,14.3937,TREND_ONLY,7.3943
1361,29,CMCSA,Comcast,Communication Services,Cable & Satellite,large,28.3,0.6976,0.971,0.9096,0.9909,FLAT,3.05,-6.05,-16.72,-25.72,49.4,23.48,0.5124,LOW,PROGRESS,28.2499,29.7816,28.6389,0,-12.7322,WEAK,7.3902
1362,23,FTNT,Fortinet,Information Technology,Systems Software,large,79.64,0.6155,0.9591,0.9153,1.0255,FLAT,-4.14,-17.1,23.51,-31.56,53.01,36.74,0.8276,LOW,EARLY,80.8275,81.5272,84.2955,0,-24.6756,WEAK,7.3355
1363,-17,EXE,Expand Energy,Energy,Oil & Gas Exploration & Production,large,96.05,0.702,0.9377,0.8628,0.9363,FLAT,-4.26,-5.45,16.68,-22.9,49.4,36.29,0.7444,LOW,EARLY,105.071,105.3986,104.7877,0,-7.4194,WEAK,7.3335
1364,0,T,AT&T,Communication Services,Integrated Telecommunication Services,large,25.46,0.7302,0.9311,0.8829,1.0718,FLAT,-0.39,-1.66,73.75,-20.59,51.41,27.07,0.7229,LOW,EARLY,27.567,27.6124,26.2369,0,-3.1546,WEAK,7.3013
1365,-40,JBIO,JADE BIOSCIENCES INC,Health Care,,small,19.26,0.1565,1.0263,1.3177,1.2923,FLAT,110.49,-78.93,-97.61,-92.84,49.4,66.99,0.7025,LOW,-,15.586,14.9237,11.7056,1,-58.2032,TREND_ONLY,7.2951
1366,-29,SAFE,SAFEHOLD INC,Real Estate,,small,15.38,0.7899,1.0101,1.0042,1.028,FLAT,3.11,6.38,-7.51,-22.9,50.6,32.55,0.4965,LOW,-,14.1106,14.7478,14.4524,1,9.9186,TREND_ONLY,7.2857
1367,61,DOC,Healthpeak Properties,Real Estate,Health Care REITs,large,17.2,0.737,1.0011,0.9314,0.998,FLAT,-1.74,-0.74,9.78,-17.09,49.8,25.11,0.5541,LOW,-,16.817,16.9402,17.0758,1,-1.462,TREND_ONLY,7.2348
1368,-14,SHW,Sherwin-Williams,Materials,Specialty Chemicals,large,328.84,0.7436,0.9514,0.98,0.9148,FLAT,-1.47,0.15,8.48,-18.74,47.39,27.11,0.9232,LOW,PROGRESS,321.269,338.8557,341.8146,0,0.2627,WEAK,7.2207
1369,42,ZTS,Zoetis,Health Care,Pharmaceuticals,large,120.76,0.6198,0.9776,0.9485,0.9479,STRONG_UP,-15.17,-16.52,-19.08,-32.7,51.0,25.65,0.3943,LOW,PROGRESS,117.562,122.0792,133.8795,0,-32.8445,WEAK,7.1595
1370,23,ALRM,ALARM.COM HOLDINGS INC,Information Technology,,mid,45.8,0.6721,1.0218,0.9485,0.8804,STRONG_UP,-8.62,-9.49,-29.19,-30.22,45.78,32.81,0.944,LOW,PROGRESS,43.9455,45.8727,51.2102,0,-13.2361,WEAK,7.0548
1371,28,V,Visa Inc.,Financials,Transaction & Payment Processing Services,large,315.91,0.7132,0.9954,0.9788,0.9459,STRONG_UP,-8.95,-3.94,18.17,-20.38,51.41,22.25,0.6277,LOW,SHIFT,303.988,312.6201,333.9815,0,-9.1045,WEAK,7.0465
1372,-2,PRCT,PROCEPT BIOROBOTICS CORP,Health Care,,small,25.67,0.3609,1.0716,0.8967,0.8049,STRONG_UP,-24.32,-51.39,-50.63,-65.12,43.37,69.31,0.5846,LOW,-,24.86,26.1554,35.3137,0,-32.1579,WEAK,7.0385
1373,0,KR,Kroger,Consumer Staples,Food Retail,large,66.63,0.7315,0.92,0.8592,1.0546,FLAT,-2.62,-1.48,25.69,-19.44,46.99,31.03,0.4132,LOW,EARLY,71.301,70.3699,67.1978,0,-2.2353,WEAK,7.0136
1374,-23,GPI,GROUP AUTOMOTIVE INC,Consumer Discretionary,,mid,332.73,0.6324,0.9559,1.0692,0.8249,FLAT,-24.15,-14.83,24.66,-38.91,45.78,31.48,0.3125,LOW,SHIFT,327.747,327.4689,399.1051,0,-21.5666,WEAK,6.9823
1375,5,AMPH,AMPHASTAR PHARMACEUTICALS INC,Health Care,,small,21.68,0.7002,1.0091,1.062,0.7682,FLAT,-9.14,-5.7,-46.99,-40.99,50.2,62.15,0.7755,LOW,-,20.0665,22.6946,25.1214,0,-4.6025,WEAK,6.981
1376,-1,PHR,PHREESIA INC,Health Care,,small,9.06,0.2816,1.0879,0.7738,0.5532,STRONG_UP,-60.44,-62.08,-60.61,-75.24,50.2,72.7,0.6886,LOW,-,9.8855,11.1764,19.9129,0,-42.8642,WEAK,6.956
1377,-99,ZBH,Zimmer Biomet,Health Care,Health Care Equipment,large,94.2,0.7291,0.9836,0.9757,1.0411,FLAT,-3.72,-1.81,-21.33,-20.02,53.82,23.27,0.8136,LOW,SHIFT,90.6349,92.9875,94.6594,0,-4.1874,WEAK,6.9313
1378,26,CALM,CAL MAINE FOODS INC,Consumer Staples,,mid,75.02,0.6541,0.9376,0.8278,1.0104,FLAT,-17.58,-11.9,38.84,-37.0,51.81,31.86,0.509,LOW,EARLY,78.2785,82.6226,90.1608,0,-19.357,WEAK,6.9292
1379,13,JKHY,Jack Henry & Associates,Financials,Transaction & Payment Processing Services,large,153.4,0.6718,0.9715,0.8791,0.7863,STRONG_UP,0.23,-9.52,-3.8,-23.29,50.6,31.07,0.8414,LOW,EARLY,157.191,161.8466,166.3413,0,-15.4987,WEAK,6.9158
1380,-15,NSP,INSPERITY INC,Industrials,,small,27.74,0.2652,1.04,1.1277,0.6159,FLAT,-38.3,-64.29,-70.99,-74.38,45.38,78.33,0.5864,LOW,-,26.4715,25.8077,40.1398,0,-37.2437,WEAK,6.8615
1381,-12,AMCR,Amcor,Materials,Paper & Plastic Packaging Products & Materials,large,40.6,0.6697,0.9444,0.9532,0.9174,FLAT,1.56,-9.81,-0.81,-23.67,48.59,41.53,0.6098,LOW,PROGRESS,39.9775,43.7603,42.8372,0,-11.4737,WEAK,6.8579
1382,20,FIVN,FIVE9 INC,Information Technology,,small,15.36,0.5042,1.0796,0.9187,0.7956,STRONG_UP,-31.0,-32.1,-72.93,-53.96,45.38,64.29,0.8079,LOW,-,14.9307,16.2843,21.4192,0,-22.6551,WEAK,6.8278
1383,0,AJG,Arthur J. Gallagher & Co.,Financials,Insurance Brokers,large,223.17,0.503,0.9926,1.0198,0.8568,FLAT,-26.1,-32.25,-1.8,-40.88,50.6,35.27,0.356,LOW,SHIFT,215.9785,218.2146,262.888,0,-46.266,WEAK,6.7282
1384,3,EG,Everest Group,Financials,Reinsurance,large,345.61,0.7472,1.0003,1.0242,1.0496,STRONG_DOWN,-2.52,0.63,-0.73,-16.43,51.41,18.62,0.7796,LOW,-,327.081,329.2889,330.5976,1,1.7498,TREND_ONLY,6.6947
1385,6,ACVA,ACV AUCTIONS INC CLASS A,Industrials,,small,4.91,0.2587,1.099,0.9385,0.5463,STRONG_UP,-44.27,-65.15,-71.6,-75.65,48.59,70.87,0.4931,LOW,-,4.504,5.3344,8.9903,0,-44.67,WEAK,6.6792
1386,0,ABG,ASBURY AUTOMOTIVE GROUP INC,Consumer Discretionary,,mid,202.54,0.6937,0.9737,1.0236,0.8115,FLAT,-17.74,-6.57,-6.4,-30.41,49.8,29.78,0.8257,LOW,PROGRESS,196.152,208.0946,232.2626,0,-10.9849,WEAK,6.658
1387,-92,UVV,UNIVERSAL CORP,Consumer Staples,,small,51.01,0.7791,0.9251,0.9149,0.907,STRONG_UP,-2.8,4.92,14.86,-20.74,47.79,27.3,0.8761,LOW,-,52.3565,53.1982,53.1436,0,8.6184,WEAK,6.6323
1388,-6,KVUE,Kenvue,Consumer Staples,Personal Care Products,large,17.3,0.5895,0.9641,0.9305,1.0054,FLAT,9.72,-20.61,-1.84,-41.2,49.0,21.13,0.2523,LOW,EARLY,17.3665,17.9142,17.8602,0,-47.794,WEAK,6.5959
1389,8,VERX,VERTEX INC CLASS A,Information Technology,,small,12.2,0.2326,1.0515,0.8833,0.6154,STRONG_UP,-51.32,-68.67,-59.09,-74.21,43.78,69.18,0.4249,LOW,-,11.9615,13.1856,21.7034,0,-43.4571,WEAK,6.5823
1390,37,STRA,STRATEGIC EDUCATION INC,Consumer Discretionary,,small,80.42,0.7815,0.9474,0.9544,0.9506,FLAT,3.04,5.25,-12.23,-19.93,54.62,32.68,0.5421,LOW,-,82.096,80.1786,79.7078,1,8.7722,TREND_ONLY,6.5769
1391,-14,CRAI,CRA INTERNATIONAL INC,Industrials,,small,160.74,0.7315,0.948,0.9869,0.737,FLAT,-8.89,-1.48,15.49,-31.75,51.0,45.59,1.3723,MED,-,160.5635,165.3631,184.909,0,-1.6505,WEAK,6.524
1392,-21,AIN,ALBANY INTERNATIONAL CORP CLASS A,Industrials,,small,56.64,0.67,0.9668,1.0002,0.96,FLAT,2.51,-9.76,-33.9,-42.65,51.41,34.57,0.2855,LOW,-,53.4555,55.6367,56.5722,1,-14.5175,TREND_ONLY,6.3914
1393,-59,SMA,SMARTSTOP SELF STORAGE REIT INC,Real Estate,,mid,31.8,0.7427,0.9696,0.9241,0.9579,FLAT,-8.32,0.03,1.8,-21.77,52.61,31.39,0.7751,LOW,PROGRESS,30.9249,31.8807,33.3307,0,0.0517,WEAK,6.3608
1394,-10,LGIH,LGI HOMES INC,Consumer Discretionary,,small,39.29,0.5387,0.9377,0.9174,0.7198,STRONG_UP,-15.23,-27.44,-58.7,-49.25,40.16,54.06,0.7171,LOW,-,38.369,46.2244,50.7396,0,-20.3863,WEAK,6.3581
1395,-1,BRO,Brown & Brown,Financials,Insurance Brokers,large,67.4,0.4243,0.9753,0.9427,0.8366,STRONG_UP,-28.57,-42.85,-15.62,-46.22,47.79,32.12,0.5029,LOW,PROGRESS,66.0925,68.5893,83.4808,0,-63.7536,WEAK,6.3394
1396,2,PGNY,PROGYNY INC,Health Care,,small,17.39,0.6034,1.0219,0.9208,0.6549,STRONG_UP,-14.04,-18.74,-47.92,-42.65,51.0,52.59,1.0066,MED,-,17.285,18.8152,22.1248,0,-18.1718,WEAK,6.3307
1397,11,PAYO,PAYONEER GLOBAL INC,Financials,,small,5.13,0.5942,1.0928,1.0344,0.9521,STRONG_UP,-13.64,-19.97,,-42.76,48.19,64.98,0.4938,LOW,-,4.7835,4.9987,5.8785,0,-14.8091,WEAK,6.293
1398,42,ARE,Alexandria Real Estate Equities,Real Estate,Office REITs,mid,47.61,0.4888,1.0513,0.9357,0.8474,STRONG_UP,-34.63,-34.17,-54.4,-48.98,55.82,41.68,0.7068,LOW,PROGRESS,45.5009,49.4252,61.1611,0,-45.7599,WEAK,6.2672
1399,8,CNS,COHEN & STEERS INC,Financials,,mid,66.21,0.6895,1.0043,0.9851,0.9587,STRONG_UP,0.7,-7.14,4.38,-27.8,48.59,24.45,0.4122,LOW,SHIFT,63.136,64.0352,66.7316,0,-14.1818,WEAK,6.2649
1400,-14,FUN,SIX FLAGS ENTERTAINMENT CORP,Consumer Discretionary,,small,19.62,0.4575,0.966,1.063,1.1782,STRONG_DOWN,-8.19,-38.38,-49.85,-66.35,49.4,66.65,0.51,LOW,-,17.9285,17.353,20.5176,0,-28.4462,WEAK,6.2291
1401,4,AGM,FEDERAL AGRICULTURAL MORTGAGE NON,Financials,,small,165.24,0.7433,1.0174,1.0702,0.9806,FLAT,2.01,0.1,-0.57,-31.94,50.6,40.35,0.4082,LOW,-,149.728,157.4342,169.5501,0,0.1281,WEAK,6.228
1402,24,BLFS,BIOLIFE SOLUTIONS INC,Health Care,,small,21.19,0.7068,1.0051,1.0439,0.8581,FLAT,-23.39,-4.81,32.44,-36.96,49.8,50.01,0.7835,LOW,-,19.5515,20.6888,23.8071,0,-4.7866,WEAK,6.2221
1403,10,WTW,Willis Towers Watson,Financials,Insurance Brokers,large,292.15,0.6759,0.9859,0.9665,0.8785,STRONG_UP,-14.38,-8.97,16.32,-19.74,49.8,36.49,0.7673,LOW,PROGRESS,288.1386,294.7122,316.0538,0,-12.2353,WEAK,6.22
1404,14,OPCH,OPTION CARE HEALTH INC,Health Care,,mid,28.34,0.6521,0.9341,0.9104,0.785,STRONG_UP,4.58,-12.18,-9.51,-27.6,44.98,31.42,1.2158,MED,PROGRESS,28.1715,30.8202,30.1332,0,-17.4344,WEAK,6.1942
1405,9,CHD,Church & Dwight,Consumer Staples,Household Products,large,94.63,0.6913,0.9559,0.9294,1.0356,FLAT,9.57,-6.89,-6.14,-21.87,51.41,20.89,0.5218,LOW,-,94.27,98.3922,91.4202,1,-16.9679,TREND_ONLY,6.1568
1406,37,WKC,WORLD KINECT CORP,Energy,,small,23.86,0.7781,0.9694,0.9966,0.8646,FLAT,-4.05,4.79,2.8,-22.53,51.81,28.57,0.4622,LOW,-,23.1568,24.3443,25.1715,0,8.6943,WEAK,6.1039
1407,-41,COO,Cooper Companies (The),Health Care,Health Care Supplies,large,70.29,0.6671,0.9555,0.9324,0.8464,STRONG_UP,-1.29,-10.15,-22.36,-23.83,49.0,23.52,0.7891,LOW,EARLY,70.7845,76.284,74.6536,0,-21.1449,WEAK,6.0772
1408,4,CPRT,Copart,Industrials,Diversified Support Services,large,33.36,0.4167,0.9823,0.9364,0.8205,STRONG_UP,-25.49,-43.88,-38.65,-49.2,47.79,29.37,0.7299,LOW,PROGRESS,33.0075,35.6178,41.7106,0,-71.394,WEAK,6.0332
1409,-30,PRKS,UNITED PARKS AND RESORTS INC,Consumer Discretionary,,small,36.67,0.6336,0.9583,1.0636,0.9332,FLAT,-31.75,-14.66,-29.22,-46.15,48.19,47.76,0.5513,LOW,-,33.487,34.1204,42.1175,0,-14.7934,WEAK,6.0251
1410,31,AIG,American International Group,Financials,Multi-line Insurance,large,77.09,0.7228,0.9635,0.9614,1.0443,FLAT,-5.98,-2.65,9.08,-16.98,52.61,21.31,1.4016,MED,SHIFT,75.578,76.8916,77.9969,0,-6.5474,WEAK,5.998
1411,-5,WRB,W. R. Berkley Corporation,Financials,Property & Casualty Insurance,large,66.1,0.7362,0.9553,0.9176,0.941,FLAT,-14.3,-0.85,27.02,-16.39,53.01,20.04,0.5717,LOW,PROGRESS,66.0055,68.548,70.2883,0,-2.2551,WEAK,5.9685
1412,8,ADP,Automatic Data Processing,Industrials,Human Resource & Employment Services,large,196.92,0.5096,0.9758,0.8974,0.7555,STRONG_UP,-30.11,-31.37,-15.56,-40.78,49.8,28.23,0.9464,LOW,EARLY,202.248,210.5627,259.4819,0,-55.337,WEAK,5.9554
1413,-24,FFIN,FIRST FINANCIAL BANKSHARES INC,Financials,,mid,31.14,0.7223,0.9548,1.0147,0.9592,FLAT,-6.41,-2.72,12.14,-23.37,46.99,28.2,0.7405,LOW,SHIFT,30.0265,31.0981,32.5653,0,-4.536,WEAK,5.9065
1414,-14,ICUI,ICU MEDICAL INC,Health Care,,mid,126.21,0.6735,0.9743,0.924,0.8359,STRONG_UP,7.59,-9.29,31.02,-25.11,47.39,36.46,0.8037,LOW,EARLY,126.226,136.9694,134.1645,0,-12.0786,WEAK,5.8986
1415,34,QNST,QUINSTREET INC,Communication,,small,12.4,0.5879,0.9971,0.9754,0.8441,STRONG_UP,-13.89,-20.82,-26.76,-44.3,49.0,54.53,0.75,LOW,-,12.0645,11.7994,14.2496,0,-18.7062,WEAK,5.8729
1416,-13,CCS,CENTURY COMMUNITIES INC,Consumer Discretionary,,small,58.82,0.768,0.9416,0.9618,0.8472,FLAT,-2.19,3.43,-24.69,-25.54,46.99,34.56,0.4012,LOW,-,57.679,62.9626,62.0549,0,4.6656,WEAK,5.8723
1417,-62,BCC,BOISE CASCADE,Industrials,,mid,78.91,0.6388,0.9513,1.0343,0.926,FLAT,7.06,-13.97,-40.01,-30.94,41.77,37.37,0.4352,LOW,PROGRESS,75.426,79.0487,79.1526,0,-15.6105,WEAK,5.8696
1418,5,PRGS,PROGRESS SOFTWARE CORP,Information Technology,,small,29.57,0.3916,1.0475,0.8406,0.7022,STRONG_UP,-36.12,-47.26,-41.32,-61.2,51.0,68.48,0.5286,LOW,-,28.4935,34.698,42.0539,0,-35.1983,WEAK,5.8692
1419,-10,UFPT,UFP TECHNOLOGIES INC,Health Care,,small,196.22,0.7091,0.9362,0.9119,0.7409,STRONG_UP,-1.57,-4.49,-13.56,-30.2,49.8,44.25,0.7552,LOW,-,194.0155,215.5188,220.612,0,-5.0561,WEAK,5.8579
1420,13,STC,STEWART INFO SERVICES CORP,Financials,,small,65.29,0.767,0.972,0.9594,0.9864,FLAT,-5.07,3.29,17.67,-24.48,48.59,30.35,0.436,LOW,-,61.6565,65.1978,67.9528,0,5.2746,WEAK,5.805
1421,-26,CNXN,PC CONNECTION INC,Information Technology,,small,63.12,0.7883,0.978,1.0332,1.0718,STRONG_DOWN,4.33,6.17,3.06,-20.57,48.59,32.99,0.4687,LOW,-,59.816,60.992,60.9068,1,9.0832,TREND_ONLY,5.7971
1422,-5,ATRC,ATRICURE INC,Health Care,,small,29.37,0.6798,1.0171,0.949,0.7731,STRONG_UP,-17.01,-8.45,27.14,-33.86,49.4,46.19,0.9198,LOW,-,28.954,30.963,34.7659,0,-9.0347,WEAK,5.7827
1423,2,ALKT,ALKAMI TECHNOLOGY INC,Information Technology,,small,16.84,0.502,1.0439,0.9083,0.7676,STRONG_UP,-27.69,-32.4,-29.36,-51.11,47.39,59.24,0.6659,LOW,-,16.3285,16.7142,21.8209,0,-25.9162,WEAK,5.7448
1424,-28,ROCK,GIBRALTAR INDUSTRIES INC,Industrials,,small,38.07,0.5457,0.9013,0.8713,0.6707,STRONG_UP,-41.28,-26.51,-47.8,-48.95,45.78,50.32,0.722,LOW,-,40.1185,44.8876,55.3799,0,-24.1144,WEAK,5.687
1425,41,NAVI,NAVIENT CORP,Financials,,small,8.44,0.5983,0.9878,0.9813,0.6817,STRONG_UP,-30.13,-19.42,-42.72,-46.81,53.01,45.74,0.7596,LOW,-,8.2285,8.6314,11.5051,0,-22.5045,WEAK,5.6822
1426,28,CPT,Camden Property Trust,Real Estate,Multi-Family Residential REITs,large,101.38,0.711,0.9766,0.9621,0.9348,STRONG_UP,1.36,-4.24,14.99,-17.71,52.21,19.29,0.5892,LOW,PROGRESS,99.067,103.0893,104.3367,0,-11.4799,WEAK,5.6638
1427,-8,WDFC,WD-40,Consumer Staples,,mid,201.37,0.6996,0.8771,0.8662,0.9747,FLAT,6.35,-5.77,-10.25,-23.27,51.41,31.35,1.3111,MED,EARLY,210.738,226.9348,211.0007,0,-9.4689,WEAK,5.5782
1428,-12,PD,PAGERDUTY INC,Information Technology,,small,6.32,0.311,1.0114,0.8754,0.5206,STRONG_UP,-60.03,-58.12,-69.5,-66.63,43.78,60.77,0.7615,LOW,-,6.3675,6.9384,12.779,0,-41.8694,WEAK,5.5417
1429,13,YELP,YELP INC,Communication,,small,26.93,0.596,1.023,1.0579,0.9068,FLAT,-20.09,-19.73,-31.93,-51.67,49.8,41.98,0.3988,LOW,-,25.093,23.8606,29.5351,0,-23.4074,WEAK,5.4644
1430,1,LZB,LA-Z-BOY INC,Consumer Discretionary,,small,34.22,0.6912,1.0009,0.989,0.893,STRONG_UP,6.82,-6.91,8.92,-32.97,45.38,31.92,0.4537,LOW,-,32.6075,34.5366,35.4166,0,-9.8215,WEAK,5.4503
1431,-2,ERIE,Erie Indemnity,Financials,Insurance Brokers,large,244.53,0.4494,0.9234,0.9514,0.8523,FLAT,-23.02,-39.48,-33.73,-41.9,50.6,34.25,1.1542,MED,EARLY,246.5903,258.434,298.921,0,-58.3206,WEAK,5.444
1432,-17,CNMD,CONMED CORP,Health Care,,small,39.44,0.6143,1.0374,1.0095,0.933,STRONG_UP,-11.43,-17.27,-48.1,-44.44,48.59,39.24,0.5794,LOW,-,36.331,39.6416,44.9625,0,-21.3876,WEAK,5.4246
1433,-9,FWRG,FIRST WATCH RESTAURANT GROUP INC,Consumer Discretionary,,small,11.73,0.465,0.9781,0.889,0.6963,STRONG_UP,-33.05,-37.37,-47.02,-49.68,45.38,64.64,0.8129,LOW,-,11.3205,13.0899,16.021,0,-26.2376,WEAK,5.3935
1434,-61,PEG,Public Service Enterprise Group,Utilities,Electric Utilities,large,80.94,0.7472,0.9368,0.9129,1.017,FLAT,-0.24,0.63,34.0,-12.73,53.41,19.7,0.8945,LOW,EARLY,81.539,82.687,81.3635,0,1.7018,WEAK,5.3721
1435,40,GSHD,GOOSEHEAD INSURANCE INC CLASS A,Financials,,small,41.2,0.282,0.9472,0.8745,0.5686,STRONG_UP,-40.26,-62.02,-22.89,-64.43,47.79,67.75,1.1128,MED,-,42.535,47.6245,70.7037,0,-43.7511,WEAK,5.3656
1436,-14,DNOW,DNOW INC,Industrials,,mid,11.98,0.5706,0.95,1.0297,0.8539,FLAT,-14.37,-23.16,-19.6,-34.08,55.42,54.2,0.8185,LOW,EARLY,12.006,12.977,14.1315,0,-23.6771,WEAK,5.3551
1437,-7,TNET,TRINET GROUP INCINARY,Industrials,,small,38.3,0.3701,1.0297,0.9803,0.6112,STRONG_UP,-38.37,-50.15,-68.82,-60.35,46.59,62.93,0.4057,LOW,-,37.0819,39.5873,56.8225,0,-37.1307,WEAK,5.3182
1438,-4,WD,WALKER & DUNLOP INC,Financials,,small,48.99,0.5155,1.0434,1.0208,0.7567,STRONG_UP,-39.41,-30.57,-42.27,-49.57,47.79,54.15,0.5317,LOW,-,45.207,50.9679,66.8662,0,-26.9778,WEAK,5.2867
1439,-29,DPZ,Domino's,Consumer Discretionary,Restaurants,large,368.07,0.6012,0.9578,0.8879,0.8932,FLAT,-12.45,-19.03,-22.01,-28.84,46.59,29.13,0.676,LOW,PROGRESS,366.812,383.3296,416.4941,0,-30.4288,WEAK,5.256
1440,27,CTAS,Cintas,Industrials,Diversified Support Services,large,176.46,0.6455,0.9843,0.8746,0.8957,FLAT,-5.81,-13.06,7.63,-26.72,49.0,21.75,1.0014,MED,PROGRESS,174.773,188.2294,196.2331,0,-29.4313,WEAK,5.2395
1441,-4,CBZ,CBIZ INC,Industrials,,small,30.35,0.2864,1.0682,1.095,0.5836,FLAT,-44.2,-61.43,-59.4,-68.05,47.79,73.11,0.6077,LOW,-,27.2655,28.814,49.9843,0,-40.1557,WEAK,5.2299
1442,10,PBH,PRESTIGE CONSUMER HEALTHCARE INC,Health Care,,mid,57.57,0.5357,0.9852,0.8832,0.874,STRONG_UP,-6.94,-27.86,-15.41,-41.09,48.19,33.52,0.458,LOW,EARLY,58.297,63.2776,64.8548,0,-40.0488,WEAK,5.1189
1443,0,MCD,McDonald's,Consumer Discretionary,Restaurants,large,306.26,0.7527,0.9611,0.897,0.9831,FLAT,1.73,1.37,20.92,-10.6,49.4,16.23,0.638,LOW,EARLY,308.0795,319.6937,306.5763,0,4.1801,WEAK,5.018
1444,-12,BV,BRIGHTVIEW HOLDINGS INC,Industrials,,small,12.13,0.6726,0.9985,0.951,0.9235,STRONG_UP,-7.97,-9.41,9.28,-32.82,46.99,36.32,0.3894,LOW,-,11.7495,12.6178,13.4321,0,-12.1745,WEAK,5.0052
1445,-64,CL,Colgate-Palmolive,Consumer Staples,Household Products,large,83.49,0.6794,0.9426,0.8872,0.9772,FLAT,7.86,-8.5,1.44,-20.74,46.18,24.22,0.7229,LOW,EARLY,84.9235,90.5368,83.6526,0,-16.1987,WEAK,4.9357
1446,-2,ENOV,ENOVIS CORP,Health Care,,small,25.33,0.6036,1.0252,1.0319,1.0266,FLAT,-18.45,-18.71,-55.17,-42.54,47.79,51.8,0.3316,LOW,-,23.151,23.254,27.7186,0,-17.2615,WEAK,4.9129
1447,31,CXM,SPRINKLR INC CLASS A,Information Technology,,small,5.41,0.5626,0.9401,0.8646,0.7474,STRONG_UP,-27.96,-24.23,-52.29,-44.17,49.4,41.38,2.5344,HIGH,-,5.8055,5.7732,7.3502,0,-28.9257,WEAK,4.8905
1448,3,AMT,American Tower,Real Estate,Telecom Tower REITs,large,176.99,0.6251,0.9651,0.9231,0.9907,FLAT,-3.22,-15.82,,-26.67,51.81,28.75,0.5093,LOW,PROGRESS,173.4663,178.971,186.0997,0,-28.5011,WEAK,4.8804
1449,20,ICFI,ICF INTERNATIONAL INC,Industrials,,small,73.06,0.6598,1.0291,1.0345,0.7598,FLAT,-15.42,-11.14,-47.5,-35.36,49.4,41.6,1.2634,MED,-,67.5017,73.6769,85.175,0,-13.2251,WEAK,4.8764
1450,14,CLOV,CLOVER HEALTH INVESTMENTS CORP CLA,Health Care,,small,2.15,0.4326,1.0934,1.0647,0.7526,STRONG_UP,-22.94,-41.73,244.0,-55.5,43.37,51.67,0.8015,LOW,-,1.8675,1.9752,2.5598,0,-35.0304,WEAK,4.8246
1451,7,GT,GOODYEAR TIRE & RUBBER,Consumer Discretionary,,small,6.73,0.5178,0.926,0.9543,0.7339,FLAT,0.3,-30.26,-44.75,-48.49,42.97,49.6,1.3319,MED,-,6.636,7.7642,8.4955,0,-26.2144,WEAK,4.7638
1452,-16,CWST,CASELLA WASTE SYSTEMS INC CLASS A,Industrials,,mid,81.54,0.5133,0.9128,0.8812,0.7875,STRONG_UP,-9.29,-30.87,-13.54,-37.72,49.0,40.86,0.5578,LOW,EARLY,81.94,90.7204,95.978,0,-37.0257,WEAK,4.7496
1453,29,EVTC,EVERTEC INC,Financials,,small,30.27,0.6827,1.0332,0.9761,0.9989,FLAT,-2.47,-8.05,-17.17,-34.26,49.4,38.22,0.4974,LOW,-,28.3375,27.882,30.881,0,-10.401,WEAK,4.7103
1454,-15,INVH,Invitation Homes,Real Estate,Single-Family Residential REITs,large,26.28,0.6159,0.9818,1.0009,0.9781,FLAT,-5.66,-17.05,-14.24,-29.15,44.98,22.3,0.3298,LOW,SHIFT,25.2082,25.5788,27.6323,0,-34.3911,WEAK,4.647
1455,19,ITGR,INTEGER HOLDINGS CORP,Health Care,,mid,87.94,0.5619,0.9856,0.9637,1.0213,FLAT,-15.42,-24.33,-26.29,-50.11,53.41,25.21,0.2894,LOW,SHIFT,86.2175,85.8516,91.2305,0,-51.5385,WEAK,4.6459
1456,5,OTIS,Otis Worldwide,Industrials,Industrial Machinery & Supplies & Components,large,81.0,0.6329,0.9684,0.9201,0.8898,STRONG_UP,-9.99,-14.76,-12.65,-23.79,53.01,26.56,0.6161,LOW,PROGRESS,78.875,85.1374,88.2373,0,-29.4497,WEAK,4.5874
1457,-22,LTH,LIFE TIME GROUP HOLDINGS INC,Consumer Discretionary,,mid,27.76,0.66,0.962,1.0177,1.0231,STRONG_DOWN,8.06,-11.11,95.49,-25.42,48.19,35.97,0.3634,LOW,-,26.9455,27.4564,27.4304,1,-14.8859,TREND_ONLY,4.5776
1458,33,ESS,Essex Property Trust,Real Estate,Multi-Family Residential REITs,large,251.71,0.7149,0.9779,0.9686,0.9885,FLAT,-0.93,-3.71,16.45,-16.49,54.22,19.58,0.5252,LOW,SHIFT,244.824,249.222,255.0118,0,-10.2742,WEAK,4.5617
1459,-2,SILA,SILA RLTY TR INC TRUST,Real Estate,,small,25.14,0.7539,0.9927,0.9619,1.0376,FLAT,9.09,1.53,24.05,-14.11,50.2,20.93,0.3962,LOW,-,24.0475,24.5773,23.6961,1,3.6764,TREND_ONLY,4.5589
1460,-22,MDLZ,Mondelez International,Consumer Staples,Packaged Foods & Meats,large,56.58,0.653,0.9301,0.9414,0.9809,STRONG_DOWN,-7.3,-12.06,-8.91,-25.93,49.4,24.94,0.757,LOW,EARLY,57.3741,58.1639,58.9593,0,-23.8829,WEAK,4.5371
1461,-16,UFPI,UFP INDUSTRIES INC,Industrials,,mid,93.02,0.6767,0.9524,0.9807,0.8786,FLAT,1.87,-8.87,-16.16,-24.68,43.37,27.79,0.6611,LOW,PROGRESS,91.7105,98.9361,97.0474,0,-13.8366,WEAK,4.5314
1462,1,GIS,General Mills,Consumer Staples,Packaged Foods & Meats,large,34.49,0.4792,0.927,0.8653,0.7562,STRONG_UP,-26.79,-35.46,-44.18,-37.23,44.98,28.52,0.7034,LOW,EARLY,36.0599,40.8399,45.1194,0,-55.9225,WEAK,4.5139
1463,-15,SMPL,THE SIMPLY GOOD FOODS COMPANY,Consumer Staples,,small,11.72,0.2385,0.9648,0.7413,0.5492,STRONG_UP,-51.53,-67.88,-64.48,-72.02,46.59,56.94,1.3712,MED,-,13.553,15.1649,22.1669,0,-55.5428,WEAK,4.4898
1464,16,ACIW,ACI WORLDWIDE INC,Information Technology,,mid,42.48,0.6147,1.0126,1.0186,0.9189,FLAT,-17.48,-17.21,35.29,-29.9,51.41,39.46,0.7632,LOW,SHIFT,40.6245,40.72,45.7457,0,-22.4207,WEAK,4.438
1465,-9,MBC,MASTERBRAND INC,Industrials,,small,8.57,0.5587,0.9657,0.9977,0.668,FLAT,-34.48,-24.76,-49.5,-44.36,43.78,50.0,0.456,LOW,-,8.297,9.7458,11.4744,0,-21.6786,WEAK,4.3875
1466,11,AON,Aon plc,Financials,Insurance Brokers,large,328.08,0.6561,0.9794,0.9763,0.9327,STRONG_UP,-9.0,-11.63,9.24,-17.42,50.6,32.95,0.5193,LOW,SHIFT,322.8285,325.8032,346.7375,0,-17.86,WEAK,4.3699
1467,-14,SAFT,SAFETY INSURANCE GROUP INC,Financials,,small,74.93,0.7545,0.9624,0.9834,0.984,STRONG_DOWN,9.47,1.62,3.02,-17.39,49.8,18.8,0.8799,LOW,-,73.5265,75.2356,72.8196,1,4.2982,TREND_ONLY,4.3579
1468,-3,AVB,AvalonBay Communities,Real Estate,Multi-Family Residential REITs,large,171.29,0.6605,0.9874,0.9705,0.9456,STRONG_UP,-5.7,-11.04,2.65,-22.13,52.21,20.88,0.3656,LOW,SHIFT,164.9948,170.274,179.5161,0,-27.6078,WEAK,4.3275
1469,2,ABR,ARBOR REALTY TRUST REIT INC,Financials,,small,7.92,0.6198,1.0217,0.9729,0.9994,FLAT,-28.05,-16.52,-15.84,-40.49,49.4,43.78,0.3791,LOW,-,7.5695,7.5849,9.1429,0,-18.641,WEAK,4.3179
1470,17,EQR,Equity Residential,Real Estate,Multi-Family Residential REITs,large,61.3,0.7093,0.9849,0.9718,0.9972,FLAT,0.69,-4.48,11.45,-16.54,51.0,19.68,0.8125,LOW,SHIFT,59.4482,60.9744,61.3759,0,-11.5985,WEAK,4.3096
1471,-3,FCPT,FOUR CORNERS PROPERTY INC TRUST,Real Estate,,mid,25.06,0.7103,0.9648,0.9465,1.0226,FLAT,7.32,-4.34,23.06,-17.9,46.59,19.58,0.504,LOW,-,24.1533,24.6276,24.0726,1,-10.3295,TREND_ONLY,4.2774
1472,-26,ABT,Abbott Laboratories,Health Care,Health Care Equipment,large,101.56,0.5896,0.9604,0.8768,0.8032,STRONG_UP,-23.07,-20.59,-3.81,-26.34,49.0,27.83,0.8066,LOW,EARLY,103.3625,108.4874,122.2919,0,-36.261,WEAK,4.2223
1473,10,ABM,ABM INDUSTRIES INC,Industrials,,mid,39.73,0.6566,0.9783,1.0026,0.8953,FLAT,-11.31,-11.57,-6.17,-27.81,49.8,28.03,0.4378,LOW,PROGRESS,38.3489,41.4955,44.0049,0,-20.5617,WEAK,4.2141
1474,35,DEI,DOUGLAS EMMETT REIT INC,Real Estate,,small,10.15,0.583,1.0556,1.0125,0.9206,STRONG_UP,-23.07,-21.48,-11.21,-44.09,42.17,32.83,0.8518,LOW,-,9.4153,9.7328,12.2474,0,-27.5903,WEAK,4.1721
1475,-2,MRSH,Marsh McLennan,Financials,Insurance Brokers,large,174.9,0.5722,0.9813,0.9772,0.9483,STRONG_UP,-14.65,-22.94,-7.86,-27.03,48.59,29.38,0.6313,LOW,PROGRESS,172.5053,176.023,188.1703,0,-37.9425,WEAK,4.1559
1476,-4,SJM,J.M. Smucker Company (The),Consumer Staples,Packaged Foods & Meats,large,93.49,0.6288,0.9821,0.8705,0.8902,FLAT,-6.88,-15.31,-8.09,-22.82,47.79,29.39,0.6589,LOW,EARLY,95.325,103.6462,103.4135,0,-24.892,WEAK,4.1096
1477,13,VCEL,VERICEL CORP,Health Care,,small,35.37,0.6434,1.0229,1.0401,0.932,FLAT,2.11,-13.35,-25.57,-35.8,49.0,41.62,0.5364,LOW,-,32.834,34.3504,35.994,0,-15.7187,WEAK,4.0076
1478,-23,CI,Cigna,Health Care,Health Care Services,large,268.63,0.6183,0.9371,0.9745,0.9804,STRONG_DOWN,-10.1,-16.73,-19.55,-27.41,48.59,27.36,0.5984,LOW,EARLY,268.975,275.4165,281.5167,0,-29.7174,WEAK,3.9955
1479,-3,CPB,Campbell's Company (The),Consumer Staples,Packaged Foods & Meats,mid,20.49,0.4371,0.9574,0.9236,0.7651,STRONG_UP,-30.23,-41.13,-47.75,-44.1,44.58,36.31,0.8917,LOW,EARLY,20.9522,23.9079,28.077,0,-50.4968,WEAK,3.9707
1480,-21,ADUS,ADDUS HOMECARE CORP,Health Care,,small,93.32,0.686,0.9771,0.8785,0.8311,STRONG_UP,-18.5,-7.6,-3.78,-25.38,48.19,34.12,0.5895,LOW,-,95.558,102.312,110.2085,0,-10.7396,WEAK,3.9416
1481,-34,PCRX,PACIRA BIOSCIENCES INC,Health Care,,small,23.43,0.7109,0.9555,1.0207,1.0363,STRONG_DOWN,3.08,-4.25,-12.8,-29.61,51.0,40.2,0.3918,LOW,-,23.0245,22.5496,23.5288,0,-5.3919,WEAK,3.903
1482,-20,LNN,LINDSAY CORP,Industrials,,small,107.01,0.644,0.9289,0.8755,0.8463,STRONG_UP,-19.55,-13.27,-4.1,-29.99,47.39,35.64,1.1918,MED,-,113.6195,124.3339,127.3516,0,-17.6466,WEAK,3.8895
1483,17,BBSI,BARRETT BUSINESS SERVICES INC,Industrials,,small,29.32,0.54,0.9934,0.9819,0.7379,STRONG_UP,-31.61,-27.28,-1.49,-45.31,52.61,45.67,0.4177,LOW,-,28.993,30.1796,38.4663,0,-31.4198,WEAK,3.7755
1484,5,HRL,Hormel Foods,Consumer Staples,Packaged Foods & Meats,large,20.66,0.5337,0.9633,0.8738,0.8416,STRONG_UP,-11.28,-28.12,-33.38,-31.82,46.18,26.27,0.7899,LOW,EARLY,21.7297,23.0404,24.147,0,-49.4365,WEAK,3.771
1485,7,KHC,Kraft Heinz,Consumer Staples,Packaged Foods & Meats,large,22.01,0.6035,0.9188,0.919,0.9051,FLAT,-10.63,-18.73,-32.83,-25.28,51.41,30.13,0.8054,LOW,EARLY,22.2755,23.2026,24.4363,0,-31.951,WEAK,3.7449
1486,-7,EPC,EDGEWELL PERSONAL CARE,Consumer Staples,,small,22.26,0.5815,0.9679,1.0358,1.1742,STRONG_DOWN,12.61,-21.68,-34.39,-47.46,48.59,36.7,0.3039,LOW,-,21.0015,21.051,20.5086,1,-28.708,TREND_ONLY,3.7346
1487,10,ENR,ENERGIZER HOLDINGS INC,Consumer Staples,,small,19.27,0.5795,1.0129,1.0506,0.892,FLAT,-16.82,-21.95,-22.98,-42.96,46.59,41.79,0.3223,LOW,-,17.352,19.4313,21.9929,0,-24.4752,WEAK,3.6675
1488,-18,VICI,Vici Properties,Real Estate,Hotel & Resort REITs,large,28.13,0.6917,0.9738,0.9547,0.9989,FLAT,-6.65,-6.85,16.22,-17.88,48.59,18.78,0.4595,LOW,PROGRESS,27.5705,28.3835,29.4839,0,-17.7104,WEAK,3.6616
1489,7,FBRT,FRANKLIN BSP REALTY TRUST INC,Financials,,small,8.94,0.6795,1.0051,0.9604,0.8969,STRONG_UP,-11.84,-8.49,-7.4,-23.51,48.59,38.38,0.3036,LOW,-,8.5502,8.9085,9.6906,0,-10.7469,WEAK,3.6041
1490,-9,EPAC,ENERPAC TOOL GROUP CORP CLASS A,Industrials,,small,35.29,0.6783,0.9425,0.9208,0.8639,STRONG_UP,-12.45,-8.65,1.25,-25.4,48.19,32.65,0.8455,LOW,-,36.0395,38.582,39.6618,0,-12.7678,WEAK,3.5764
1491,20,ASGN,ASGN INC,Information Technology,,small,39.05,0.4891,1.0175,1.0071,0.7779,STRONG_UP,-18.2,-34.13,-58.82,-40.42,45.38,56.97,0.488,LOW,-,37.7945,40.9938,46.8192,0,-27.1835,WEAK,3.5681
1492,7,SDGR,SCHRODINGER INC,Health Care,,small,12.4,0.3652,1.0501,0.9643,0.6654,STRONG_UP,-36.18,-50.81,-49.92,-58.52,49.4,53.16,1.2325,MED,-,11.613,12.0972,17.394,0,-47.2192,WEAK,3.5509
1493,-33,CPK,CHESAPEAKE UTILITIES CORP,Utilities,,mid,128.04,0.7279,0.9371,0.9502,1.0111,STRONG_DOWN,-3.65,-1.96,34.16,-14.39,52.61,21.51,0.5491,LOW,-,127.547,130.1252,127.1464,1,-4.7931,TREND_ONLY,3.489
1494,24,CAG,Conagra Brands,Consumer Staples,Packaged Foods & Meats,mid,14.09,0.4518,0.8802,0.8318,0.8255,STRONG_UP,-20.74,-39.16,-47.0,-40.54,44.98,34.77,1.2974,MED,EARLY,15.3215,17.3012,17.6073,0,-50.6556,WEAK,3.3241
1495,-7,UDR,"UDR, Inc.",Real Estate,Multi-Family Residential REITs,large,34.86,0.6554,0.9714,0.9304,0.9335,FLAT,-2.99,-11.73,6.57,-21.65,48.59,21.02,0.9491,LOW,PROGRESS,34.5085,36.2418,36.5379,0,-27.1131,WEAK,3.3087
1496,-12,AWK,American Water Works,Utilities,Water Utilities,large,130.31,0.6775,0.909,0.901,0.9743,FLAT,-6.73,-8.75,20.09,-16.12,51.41,24.39,1.0474,MED,EARLY,136.0985,133.7693,134.5155,0,-18.4446,WEAK,3.2382
1497,-4,IART,INTEGRA LIFESCIENCES HOLDINGS CORP,Health Care,,small,11.03,0.52,1.09,1.1584,0.8659,FLAT,-23.4,-29.97,-65.34,-48.7,50.2,43.68,1.2548,MED,-,9.59,10.251,12.545,0,-34.4415,WEAK,3.2338
1498,24,BLKB,BLACKBAUD INC,Information Technology,,small,37.96,0.4592,1.0197,0.8257,0.6288,STRONG_UP,-40.51,-38.16,-51.5,-52.14,51.81,45.58,1.1152,MED,-,39.0325,44.162,58.1568,0,-43.371,WEAK,3.1193
1499,5,PGR,Progressive Corporation,Financials,Property & Casualty Insurance,large,201.23,0.5783,0.9779,0.9442,0.9637,FLAT,-10.93,-22.11,4.96,-29.4,48.19,23.49,1.1576,MED,PROGRESS,199.7776,203.623,216.0454,0,-45.3639,WEAK,3.0807
1500,-14,SIGI,SELECTIVE INSURANCE GROUP INC,Financials,,mid,80.62,0.6867,0.96,1.0073,0.969,FLAT,-3.35,-7.52,-17.99,-18.19,53.01,22.2,0.6963,LOW,-,77.0885,80.8476,80.2676,1,-17.9516,TREND_ONLY,3.03
1501,5,ESRT,EMPIRE STATE REALTY REIT INC TRUST,Real Estate,,small,5.46,0.5868,1.0259,1.0055,0.8777,STRONG_UP,-23.8,-20.97,-37.12,-41.89,50.6,32.39,0.6546,LOW,-,5.139,5.6115,6.7891,0,-32.7664,WEAK,2.9221
1502,-17,EXPO,EXPONENT INC,Industrials,,mid,68.29,0.6491,0.9951,0.9992,0.9335,FLAT,2.88,-12.57,-10.1,-18.86,46.18,40.95,0.6752,LOW,PROGRESS,65.9415,68.9243,70.2384,0,-14.1788,WEAK,2.9104
1503,2,MMSI,MERIT MEDICAL SYSTEMS INC,Health Care,,mid,70.73,0.5798,1.0008,0.9625,0.851,STRONG_UP,-12.2,-21.91,-2.78,-32.5,49.0,26.95,0.5952,LOW,PROGRESS,68.592,73.7326,82.8425,0,-39.8286,WEAK,2.868
1504,-2,JANX,JANUX THERAPEUTICS INC,Health Care,,small,15.04,0.3892,1.0055,1.0231,1.0477,STRONG_DOWN,-41.55,-47.58,-70.25,-64.94,48.59,50.62,0.7837,LOW,-,14.2735,13.8257,20.3589,0,-45.6696,WEAK,2.8347
1505,-7,MAA,Mid-America Apartment Communities,Real Estate,Multi-Family Residential REITs,large,124.19,0.6194,0.9603,0.9268,0.9066,STRONG_UP,-5.02,-16.57,7.87,-25.74,47.39,18.26,0.6739,LOW,PROGRESS,123.7785,129.147,134.3731,0,-43.0169,WEAK,2.7902
1506,-5,AWR,AMERICAN STATES WATER,Utilities,,mid,75.28,0.7229,0.9226,0.9695,0.9868,STRONG_DOWN,2.96,-2.64,18.8,-12.36,49.0,23.68,0.8039,LOW,-,75.5245,74.3118,73.3472,1,-5.4683,TREND_ONLY,2.7844
1507,-4,UMH,UMH PROPERTIES INC,Real Estate,,small,15.3,0.7095,0.9682,0.988,0.951,FLAT,8.78,-4.44,11.73,-18.38,46.59,20.11,0.5759,LOW,-,14.7205,15.1567,15.1645,1,-10.2812,TREND_ONLY,2.7611
1508,-13,UTL,UNITIL CORP,Utilities,,small,53.45,0.7109,0.9428,0.9704,1.0593,STRONG_DOWN,13.7,-4.26,18.13,-23.67,53.41,20.74,0.3955,LOW,-,52.9475,52.3232,49.1231,1,-10.9636,TREND_ONLY,2.7525
1509,1,SGRY,SURGERY PARTNERS INC,Health Care,,small,13.22,0.4654,0.9924,0.9988,0.8438,FLAT,-36.84,-37.32,-46.5,-52.01,50.2,47.62,0.4161,LOW,-,12.3195,13.5192,18.1447,0,-39.338,WEAK,2.5984
1510,-16,SKWD,SKYWARD SPECIALTY INSURANCE GROUP,Financials,,small,46.65,0.6402,0.9875,0.9899,1.0165,STRONG_DOWN,-7.81,-13.77,31.08,-36.52,49.4,35.25,0.7012,LOW,-,43.8565,45.0813,47.7829,0,-19.2986,WEAK,2.5949
1511,1,KMB,Kimberly-Clark,Consumer Staples,Household Products,large,96.81,0.5374,0.96,0.9208,0.9723,FLAT,-17.45,-27.62,-16.42,-32.43,45.78,24.05,0.5415,LOW,EARLY,97.5055,101.7621,110.7481,0,-52.5746,WEAK,2.524
1512,1,TMUS,T-Mobile US,Communication Services,Wireless Telecommunication Services,large,190.19,0.5532,0.9352,0.852,0.9789,FLAT,-16.29,-25.5,22.77,-29.12,50.6,26.13,0.8285,LOW,EARLY,203.387,209.0143,217.3141,0,-49.3743,WEAK,1.9594
1513,4,KDP,Keurig Dr Pepper,Consumer Staples,Soft Drinks & Non-alcoholic Beverages,large,26.0,0.5683,0.9559,0.9093,0.9175,FLAT,-0.91,-23.46,-9.35,-27.55,49.0,24.85,0.9059,LOW,EARLY,26.1325,27.6227,28.3485,0,-46.2646,WEAK,1.9469
1514,10,IOSP,INNOSPEC INC,Materials,,small,74.66,0.6627,0.9564,1.0361,0.9083,FLAT,1.53,-10.75,-36.14,-27.91,48.59,26.99,0.9196,LOW,-,72.181,76.2494,78.3012,0,-19.3566,WEAK,1.9382
1515,8,PG,Procter & Gamble,Consumer Staples,Personal Care Products,large,143.38,0.6574,0.9497,0.9046,0.9705,FLAT,-2.52,-11.46,-3.21,-17.62,48.19,20.59,0.3747,LOW,EARLY,144.0265,152.5436,150.1253,0,-26.8314,WEAK,1.906
1516,0,IRT,INDEPENDENCE REALTY INC TRUST,Real Estate,,mid,15.67,0.6424,0.9981,0.9456,0.909,STRONG_UP,-1.52,-13.48,7.61,-21.7,46.18,21.12,0.3911,LOW,PROGRESS,15.1421,15.814,16.3731,0,-29.4775,WEAK,1.8201
1517,9,TAP,Molson Coors Beverage Company,Consumer Staples,Brewers,mid,44.31,0.5828,0.9633,0.9941,0.8721,FLAT,-3.2,-21.51,-24.83,-27.45,49.4,31.61,0.8835,LOW,PROGRESS,43.197,46.2079,46.6974,0,-33.6187,WEAK,1.7273
1518,-11,EIG,EMPLOYERS HOLDINGS INC,Financials,,small,41.7,0.6589,0.9497,0.9986,0.9208,FLAT,0.52,-11.26,3.61,-26.96,51.41,27.65,0.6085,LOW,-,41.0075,41.3104,41.7077,0,-20.927,WEAK,1.5081
1519,-11,SLVM,SYLVAMO CORP,Materials,,small,42.31,0.5492,0.9846,0.9892,0.8065,FLAT,1.42,-26.03,-21.16,-37.14,46.59,39.18,0.3403,LOW,-,40.7361,44.1592,45.1095,0,-30.9537,WEAK,1.4391
1520,5,RSG,Republic Services,Industrials,Environmental & Facilities Services,large,210.87,0.6498,0.9439,0.8992,0.9859,FLAT,-5.52,-12.49,14.96,-20.5,50.6,17.76,0.692,LOW,EARLY,217.4087,220.9347,221.6932,0,-35.5834,WEAK,1.3854
1521,-2,MGEE,MGE ENERGY INC,Utilities,,mid,77.76,0.6535,0.9314,0.9988,0.9682,FLAT,-6.85,-11.99,9.72,-20.77,48.19,21.81,1.3447,MED,PROGRESS,77.5225,78.5911,81.2772,0,-26.4824,WEAK,1.3685
1522,-1,CWT,CALIFORNIA WATER SERVICE GROUP,Utilities,,mid,44.68,0.6784,0.9219,0.9631,0.9696,STRONG_DOWN,-3.12,-8.63,7.39,-16.03,49.4,26.45,0.7174,LOW,EARLY,45.1705,45.2462,45.0804,0,-16.1165,WEAK,0.9407
1523,-3,FIZZ,NATIONAL BEVERAGE CORP,Consumer Staples,,mid,33.87,0.5831,0.9286,0.9356,0.9948,STRONG_DOWN,-6.15,-21.47,-18.66,-33.61,43.78,22.08,0.6287,LOW,EARLY,34.0555,35.205,37.3544,0,-42.5705,WEAK,0.8287
1524,-9,MZTI,MARZETTI,Consumer Staples,,mid,136.59,0.5668,0.9064,0.9188,0.7949,FLAT,-16.29,-23.66,-24.96,-27.54,49.0,29.31,1.8766,HIGH,EARLY,141.439,151.6735,165.633,0,-39.5584,WEAK,0.8202
1525,4,MMI,MARCUS & MILLICHAP INC,Real Estate,,small,27.09,0.6647,0.9956,1.011,1.0226,STRONG_DOWN,-5.03,-10.47,-12.01,-24.06,47.39,29.37,0.3764,LOW,-,26.216,25.9878,28.5009,0,-16.9018,WEAK,0.7773
1526,-12,WMK,WEIS MARKETS INC,Consumer Staples,,small,68.74,0.6436,0.9142,0.9707,1.0005,STRONG_DOWN,-0.34,-13.31,14.83,-29.37,51.0,29.21,0.5156,LOW,-,68.902,69.1004,69.0176,0,-23.2477,WEAK,0.6131
1527,1,APOG,APOGEE ENTERPRISES INC,Industrials,,small,34.95,0.5829,0.9389,1.0092,0.9743,FLAT,-7.89,-21.5,-35.11,-29.12,46.59,31.75,0.6989,LOW,-,33.762,36.6744,38.7258,0,-31.5441,WEAK,-0.0944
1528,-1,JJSF,J AND J SNACK FOODS CORP,Consumer Staples,,small,79.47,0.4591,0.9439,0.9788,0.8106,FLAT,-14.53,-38.16,-37.97,-43.74,49.4,40.81,0.7719,LOW,-,79.1125,81.6754,93.9027,0,-46.1944,WEAK,-0.1346
1529,2,MSEX,MIDDLESEX WATER,Utilities,,small,50.59,0.6188,0.8859,0.9423,0.9274,FLAT,-9.16,-16.66,15.89,-21.68,48.59,29.35,1.2582,MED,-,52.255,52.8204,52.7977,0,-27.5744,WEAK,-0.7596
1530,0,AMSF,AMERISAFE INC,Financials,,small,33.44,0.5346,0.9591,0.9627,0.8744,FLAT,-16.7,-28.0,-20.55,-31.15,45.78,31.16,0.4831,LOW,-,33.172,34.6289,38.7496,0,-41.1319,WEAK,-1.4855
