rank,delta_rank,ticker,name,sector,industry,cap_band,close,peer_rs_score,rs_5,rs_21,rs_63,rs_trend,ret_6m,ret_12m,ret_24m,max_dd,persist_frac,vol_63,rel_vol,vol_label,acc_watch,sma20,sma50,sma200,pass_trend,mqs,regime_label,score_final
1,0,FOLD,AMICUS THERAPEUTICS INC,Health Care,,mid,14.49,79.69,-0.0007,0.002,0.0313,STRONG_DOWN,67.13,137.54,51.25,-10.04,47.6,1.72,0.0,LOW,-,14.4595,14.403,10.8803,1,3806.3668,LEADER,690.2148
2,0,TERN,TERNS PHARMACEUTICALS INC,Health Care,,mid,52.95,100.0,-0.0024,0.0039,0.4192,STRONG_DOWN,191.09,1630.39,737.82,-27.56,56.12,30.88,0.0,LOW,-,52.83,49.9152,28.4599,1,2963.0055,LEADER,548.9567
3,0,SNDK,Sandisk,Information Technology,"Technology Hardware, Storage & Peripherals",large,1589.9399,100.0,0.0925,0.4369,1.1798,STRONG_DOWN,600.54,4021.15,4316.5,-31.34,59.6,97.61,0.6172,LOW,-,1393.43,1041.3504,472.0125,1,2455.2871,LEADER,470.0466
4,0,PKST,PEAKSTONE REALTY TRUST CLASS E,Real Estate,,small,20.99,95.29,-0.0079,-0.0123,-0.0198,STRONG_UP,59.16,75.85,86.88,-16.14,51.06,2.22,1.8604,HIGH,-,20.9515,20.8946,15.9174,1,1744.5146,LEADER,392.5358
5,2,VRE,VERIS RESIDENTIAL INC,Real Estate,,small,18.99,62.35,-0.0079,-0.0115,-0.0216,STRONG_UP,26.47,29.62,33.9,-12.16,51.0,1.59,3.4401,HIGH,-,18.97,18.914,16.1968,1,950.1288,CONTENDER,215.4166
6,-1,KW,KENNEDY WILSON HOLDINGS INC,Real Estate,,small,11.01,96.47,-0.0111,-0.0051,-0.0049,STRONG_DOWN,17.15,84.68,20.19,-17.27,48.8,3.65,0.7,LOW,-,10.978,10.9014,9.5361,1,1132.2085,LEADER,209.3867
7,-1,CELC,CELCUITY INC,Health Care,,mid,133.97,99.62,-0.0482,0.1122,0.2229,STRONG_DOWN,32.45,1175.9,783.71,-27.68,55.2,65.85,0.649,LOW,-,132.677,122.7364,93.7164,1,985.7243,LEADER,191.4272
8,0,WDC,Western Digital,Information Technology,"Technology Hardware, Storage & Peripherals",large,530.6,98.45,0.1052,0.2077,0.6216,STRONG_DOWN,252.0,917.94,825.94,-20.59,62.4,67.92,0.7759,LOW,-,474.17,389.3064,225.847,1,843.3348,LEADER,164.8509
9,0,PRAX,PRAXIS PRECISION MEDICINES INC,Health Care,,mid,357.13,98.08,0.0613,0.1058,0.0662,FLAT,87.12,864.43,689.94,-36.33,53.6,58.99,0.7611,LOW,-,336.3525,324.4328,226.9106,1,785.4497,LEADER,157.4498
10,5,MU,Micron Technology,Information Technology,Semiconductors,large,928.41,97.93,0.2191,0.6917,0.9759,STRONG_DOWN,314.94,867.59,604.7,-30.28,58.4,86.64,1.5157,HIGH,-,708.519,538.1059,330.3788,1,584.8051,LEADER,148.5946
11,2,COGT,COGENT BIOSCIENCES INC,Health Care,,mid,34.51,96.93,0.0454,-0.0542,-0.1086,STRONG_UP,-10.46,607.17,310.34,-25.79,47.6,43.24,1.4374,MED,-,34.3212,35.3774,29.3932,1,668.3948,LEADER,148.2592
12,4,VSAT,VIASAT INC,Information Technology,,mid,85.57,97.41,0.0876,0.3245,0.5982,STRONG_DOWN,164.59,826.08,445.38,-23.78,54.4,75.16,1.7743,HIGH,-,70.5905,60.8324,42.8661,1,597.9095,LEADER,145.7637
13,-3,WBD,Warner Bros. Discovery,Communication Services,Broadcasting,large,27.14,100.0,-0.021,-0.0067,-0.0574,FLAT,18.72,170.86,244.85,-21.31,48.0,11.05,0.9009,LOW,-,27.1175,27.2342,23.9529,1,742.1897,LEADER,145.0128
14,-2,BE,BLOOM ENERGY CLASS A CORP,Industrials,,large,293.8,100.0,0.0073,0.2846,0.7632,STRONG_DOWN,207.45,1399.74,1677.37,-45.94,55.2,116.06,0.6323,LOW,-,284.677,218.499,135.7293,1,665.7411,LEADER,143.7077
15,-4,SLAB,SILICON LABORATORIES INC,Information Technology,,mid,218.06,60.1,-0.046,-0.1389,-0.1964,STRONG_UP,80.04,76.7,70.88,-24.37,53.6,5.96,0.7928,LOW,-,217.327,212.995,164.0791,1,689.7453,CONTENDER,133.9244
16,1,PL,PLANET LABS CLASS A,Industrials,,large,50.48,99.59,0.1499,0.4277,0.9922,STRONG_DOWN,337.44,1165.16,2643.48,-29.01,52.0,105.99,1.1685,MED,-,40.85,36.6454,21.4376,1,571.6433,LEADER,133.1051
17,-3,GTLS,CHART INDUSTRIES INC,Industrials,,mid,207.71,49.17,-0.0325,-0.0152,0.0217,STRONG_DOWN,1.89,28.69,33.85,-11.76,52.4,2.12,0.5805,LOW,-,207.6095,207.5466,204.3369,1,709.1969,LAGGARD,131.3906
18,1,DBRG,DIGITALBRIDGE GROUP INC CLASS A,Financials,,mid,15.69,81.18,-0.0051,0.0183,0.0005,FLAT,66.25,40.28,19.74,-33.69,41.2,2.68,0.5639,LOW,-,15.64,15.5492,13.6447,1,619.1902,LEADER,123.4276
19,1,STX,Seagate Technology,Information Technology,"Technology Hardware, Storage & Peripherals",large,870.66,95.85,0.11,0.3543,0.8698,STRONG_DOWN,245.12,651.56,837.35,-21.0,58.0,66.69,0.831,LOW,-,775.709,597.7526,359.6784,1,566.6597,LEADER,114.1517
20,-2,SATS,ECHOSTAR CORP CLASS A,Communication,,large,122.46,100.0,-0.1641,-0.0113,-0.0044,STRONG_DOWN,72.67,513.83,563.38,-20.72,54.4,56.32,1.0751,MED,-,127.819,123.6392,96.1587,1,496.3175,LEADER,112.1508
21,1,ERAS,ERASCA INC,Health Care,,mid,12.47,99.23,0.1186,0.2561,-0.0642,FLAT,331.49,1033.64,394.84,-59.46,54.8,130.18,0.9507,LOW,-,10.5872,14.4595,7.6035,1,435.115,LEADER,101.2753
22,-1,CIEN,Ciena,Information Technology,Communications Equipment,large,582.08,94.3,-0.0022,0.0795,0.447,STRONG_DOWN,198.96,603.85,1075.92,-16.84,61.6,79.04,0.6504,LOW,-,557.219,493.7394,277.4892,1,470.6082,LEADER,95.1975
23,3,TNGX,TANGO THERAPEUTICS INC,Health Care,,mid,19.65,98.85,-0.0706,-0.2222,0.741,FLAT,90.22,912.89,186.86,-29.24,52.0,107.26,0.8354,LOW,-,22.1585,22.1666,12.7508,1,442.5704,LEADER,93.9912
24,5,WULF,TERAWULF INC,Information Technology,,mid,26.74,94.82,0.187,0.1362,0.2364,FLAT,111.72,605.54,1191.79,-31.74,54.0,84.2,1.1807,MED,-,22.977,19.8048,14.653,1,388.3516,LEADER,93.0509
25,-1,URGN,UROGEN PHARMA LTD,Health Care,,small,29.33,97.32,-0.0322,0.2125,0.4021,STRONG_DOWN,8.91,624.2,115.5,-42.22,49.2,69.47,0.5159,LOW,-,27.734,23.319,21.3334,1,442.0688,LEADER,91.6137
26,-3,TTMI,TTM TECHNOLOGIES INC,Information Technology,,large,190.67,93.26,0.0766,0.2364,0.5135,STRONG_DOWN,193.61,536.42,926.21,-23.26,56.4,87.68,2.4029,HIGH,-,166.1795,133.3704,86.4856,1,345.0481,LEADER,91.1773
27,-2,VICR,VICOR CORP,Industrials,,mid,345.84,98.76,0.2756,0.3773,0.7021,STRONG_DOWN,294.52,717.2,889.81,-32.01,58.8,113.31,1.2579,MED,-,278.01,228.3072,134.2822,1,372.178,LEADER,89.4706
28,15,CIFR,CIPHER DIGITAL INC,Information Technology,,mid,25.16,95.34,0.2423,0.3084,0.2675,FLAT,50.57,651.04,529.0,-51.38,50.4,98.96,1.2485,MED,-,20.4052,17.7255,15.724,1,331.575,LEADER,87.744
29,-2,ARWR,ARROWHEAD PHARMACEUTICALS INC,Health Care,,mid,78.99,96.17,0.0212,0.1228,0.2634,STRONG_DOWN,78.47,407.65,230.23,-24.64,56.0,53.53,0.5339,LOW,-,76.1685,69.0142,53.7311,1,426.4576,LEADER,87.1178
30,3,SEMR,SEMRUSH HOLDINGS INC CLASS A,Information Technology,,small,12.0,41.97,-0.0506,-0.144,-0.2549,STRONG_UP,56.25,21.58,-22.93,-34.72,45.41,2.84,1.8761,HIGH,-,11.9625,11.917,9.9915,1,345.0608,LAGGARD,86.1696
31,0,CSGS,CSG SYSTEMS INTERNATIONAL INC,Industrials,,mid,80.69,45.45,-0.0293,-0.0087,0.0372,STRONG_DOWN,3.67,24.89,97.33,-7.98,53.5,2.91,0.0,LOW,-,80.417,80.1318,74.0592,1,457.5222,LAGGARD,84.9978
32,-2,TE,T1 ENERGY INC,Industrials,,small,10.96,99.17,0.2263,1.2234,0.5237,FLAT,249.04,828.81,312.03,-58.59,49.2,139.84,3.1681,HIGH,-,6.5775,5.8906,5.0778,1,291.602,LEADER,84.512
33,-5,AEHR,AEHR TEST SYSTEMS,Information Technology,,small,103.82,99.48,0.2116,0.1102,1.3494,FLAT,397.46,932.01,798.1,-42.31,53.2,135.81,0.9375,LOW,-,94.247,73.9318,38.5525,1,365.0896,LEADER,79.8566
34,6,POWL,POWELL INDUSTRIES INC,Industrials,,mid,295.94,97.93,0.0584,0.1451,0.6932,STRONG_DOWN,196.11,412.66,334.13,-30.88,58.0,65.96,0.618,LOW,-,288.1366,241.2521,152.8144,1,362.8598,LEADER,77.4227
35,-1,GLUE,MONTE ROSA THERAPEUTICS INC,Health Care,,small,19.17,93.49,0.0251,0.0049,0.0535,FLAT,21.64,372.17,358.61,-41.84,48.0,49.37,0.5571,LOW,-,19.032,18.1054,14.7786,1,361.84,LEADER,77.017
36,0,NVRI,ENVIRI CORP,Industrials,,small,20.06,87.6,-0.0064,0.0186,0.0994,STRONG_DOWN,9.86,147.65,135.17,-13.04,53.2,24.4,2.1447,HIGH,-,19.468,19.278,16.2753,1,321.9348,LEADER,76.8565
37,0,HUT,HUT CORP,Information Technology,,mid,117.64,96.37,0.1697,0.4821,0.8868,STRONG_DOWN,199.64,657.01,1178.7,-38.62,57.6,111.55,0.8471,LOW,-,97.3975,75.659,51.9737,1,339.2561,LEADER,76.1118
38,3,SKYT,SKYWATER TECHNOLOGY INC,Information Technology,,small,37.88,86.53,0.029,0.0663,-0.0329,FLAT,156.29,312.19,368.81,-42.64,49.2,43.43,0.7263,LOW,-,34.512,31.6756,23.1739,1,353.6636,LEADER,75.3589
39,-3,EA,Electronic Arts,Communication Services,Interactive Home Entertainment,large,200.68,86.36,-0.0154,-0.0229,0.0038,FLAT,0.0,37.04,53.44,-7.46,53.2,5.14,0.5707,LOW,-,201.18,202.0182,196.7057,1,383.3397,LEADER,74.7534
40,-5,INBX,INHIBRX BIOSCIENCES INC,Health Care,,small,103.0,97.7,-0.0665,-0.2156,0.351,FLAT,27.14,697.83,723.56,-37.56,56.4,115.06,0.5626,LOW,-,118.282,95.1675,69.5372,1,342.0622,LEADER,74.0104
41,-2,VIAV,VIAVI SOLUTIONS INC,Information Technology,,mid,53.055,92.23,0.0538,0.0796,0.5153,STRONG_DOWN,220.57,476.06,621.84,-21.13,55.2,85.49,1.0849,MED,-,51.6973,43.9689,24.4611,1,307.3861,LEADER,72.1171
42,-10,HOLX,Hologic,Health Care,Health Care Equipment,large,76.01,38.7,0.0028,0.0019,0.032,FLAT,12.87,19.31,3.61,-8.19,50.7,2.62,0.0,LOW,-,75.4925,75.3052,71.338,1,373.5978,LAGGARD,71.4184
43,17,APLD,APPLIED DIGITAL CORP,Information Technology,,mid,48.98,93.78,0.1901,0.376,0.4504,STRONG_DOWN,105.88,573.73,960.17,-50.31,48.4,108.36,1.1716,MED,-,41.4788,33.5227,28.9006,1,256.2608,LEADER,70.9997
44,-6,FET,FORUM ENERGY TECHNOLOGIES INC,Energy,,small,53.64,95.51,0.0001,-0.118,-0.1478,STRONG_UP,75.93,265.15,193.92,-16.89,59.2,45.45,0.6228,LOW,-,57.3695,58.5732,41.4364,1,345.3612,LEADER,70.2117
45,0,BELFB,BEL FUSE INC CLASS B,Information Technology,,mid,280.13,84.97,0.0504,-0.0285,-0.0544,STRONG_UP,92.15,287.52,310.03,-19.54,65.2,56.38,0.9808,LOW,-,275.987,247.3041,189.0515,1,332.4976,LEADER,70.0767
46,5,ALMS,ALUMIS INC,Health Care,,mid,21.33,96.55,-0.035,-0.1158,-0.2716,STRONG_UP,192.19,441.37,60.38,-32.59,49.6,71.66,0.5208,LOW,-,23.4578,23.7941,15.2707,1,305.4979,LEADER,69.3622
47,2,GSAT,GLOBALSTAR VOTING INC,Communication,,mid,84.3,95.83,-0.0052,0.0429,0.3243,STRONG_DOWN,40.76,346.03,415.6,-26.53,56.4,61.72,0.9636,LOW,-,82.2675,76.0522,57.4465,1,316.2053,LEADER,67.5583
48,-4,NESR,NATIONAL ENERGY SERVICES REUNITED,Energy,,mid,25.24,100.0,0.0261,0.0488,-0.0629,FLAT,76.26,303.84,180.44,-27.39,56.0,55.05,0.5778,LOW,-,25.239,23.6864,16.9607,1,309.0834,LEADER,67.3281
49,46,GH,GUARDANT HEALTH INC,Health Care,,large,127.51,89.27,0.1063,0.5311,0.3188,FLAT,14.62,233.88,387.42,-32.98,56.4,60.99,1.6364,HIGH,-,100.0415,92.6592,88.4091,1,216.2816,LEADER,66.8066
50,-3,INTC,Intel,Information Technology,Semiconductors,large,121.77,92.75,-0.0278,0.2914,1.4195,STRONG_DOWN,240.23,497.79,294.53,-24.17,52.8,88.0,0.7745,LOW,-,112.8465,79.5202,48.2014,1,298.6745,LEADER,66.3994
51,-1,FIX,Comfort Systems USA,Industrials,Construction & Engineering,large,1867.09,95.87,-0.0164,0.0731,0.3197,STRONG_DOWN,97.74,292.37,454.46,-13.77,59.2,53.76,0.7687,LOW,-,1911.8017,1685.1538,1159.0449,1,321.9519,LEADER,66.2195
52,-4,KOD,KODIAK SCIENCES INC,Health Care,,mid,35.09,98.47,-0.034,-0.2315,0.2714,FLAT,60.45,902.57,1069.67,-32.4,52.0,166.98,0.4743,LOW,-,39.5835,38.4214,24.4206,1,281.0739,LEADER,65.731
53,12,ACMR,ACM RESEARCH CLASS A INC,Information Technology,,mid,88.64,85.49,0.1887,0.6403,0.2948,FLAT,176.91,290.31,276.07,-46.34,59.2,83.13,1.6105,HIGH,-,63.578,53.4655,44.5224,1,206.7426,LEADER,65.6849
54,7,DNTH,DIANTHUS THERAPEUTICS INC,Health Care,,mid,86.67,95.4,-0.0259,0.0323,0.6492,STRONG_DOWN,98.42,390.21,295.39,-19.03,51.6,65.24,0.5954,LOW,-,86.95,86.367,52.6049,1,308.631,LEADER,64.2781
55,-3,VISN,VISTANCE NETWORKS INC,Information Technology,,mid,12.49,87.05,0.0247,0.1123,0.1772,STRONG_DOWN,35.57,316.87,2087.69,-16.25,54.4,54.95,0.4586,LOW,-,11.8538,10.1967,8.8744,1,313.701,LEADER,64.0509
56,8,SMTC,SEMTECH CORP,Information Technology,,mid,157.2,87.56,0.059,0.5159,0.4781,FLAT,124.54,324.75,287.77,-26.68,53.6,76.74,2.5592,HIGH,-,130.744,104.9208,80.2572,1,226.8257,LEADER,63.7509
57,15,AAOI,APPLIED OPTOELECTRONICS INC,Information Technology,,mid,179.83,98.96,0.0389,0.1608,2.0903,STRONG_DOWN,700.31,918.87,1352.58,-47.64,51.6,189.01,0.8039,LOW,-,177.7545,145.0042,64.5301,1,250.852,LEADER,63.5698
58,0,VSH,VISHAY INTERTECHNOLOGY INC,Information Technology,,mid,48.9,82.9,0.1684,0.6794,1.2694,STRONG_DOWN,285.48,254.93,115.19,-33.46,57.2,66.45,1.626,HIGH,-,36.722,27.5636,18.9338,1,219.4429,LEADER,62.8939
59,-5,ICHR,ICHOR HOLDINGS LTD,Information Technology,,small,73.74,89.64,0.0721,-0.0416,0.3131,FLAT,381.96,352.12,93.9,-40.8,57.2,81.26,1.0676,MED,-,69.9892,61.3975,33.6621,1,247.8586,LEADER,62.505
60,2,NBR,NABORS INDUSTRIES LTD,Energy,,small,97.64,98.88,-0.0247,0.0826,0.1926,STRONG_DOWN,109.75,285.78,27.63,-21.38,54.4,50.68,0.8289,LOW,-,102.8925,91.552,62.7715,1,306.7529,LEADER,62.3622
61,-2,RLAY,RELAY THERAPEUTICS INC,Health Care,,mid,14.43,95.02,0.1055,0.1039,0.5926,FLAT,76.62,389.15,113.15,-28.15,53.2,74.21,0.8429,LOW,-,12.9745,12.9488,8.4262,1,278.9774,LEADER,62.3065
62,28,LQDA,LIQUIDIA CORP,Health Care,,mid,62.025,93.1,0.0014,0.6439,1.0318,STRONG_DOWN,107.65,337.41,404.68,-35.66,56.4,69.7,0.9616,LOW,-,51.4087,43.0793,33.8539,1,273.0277,LEADER,62.1713
63,-21,TER,Teradyne,Information Technology,Semiconductor Materials & Equipment,large,375.83,90.67,0.0426,-0.1608,-0.1315,FLAT,126.62,369.52,160.65,-26.73,59.6,82.78,0.9116,LOW,-,351.5341,345.3865,231.0121,1,266.0493,LEADER,61.9104
64,-7,PVLA,PALVELLA THERAPEUTICS INC,Health Care,,small,116.26,94.64,0.0038,-0.0809,-0.1994,STRONG_UP,18.6,387.87,1092.41,-29.93,53.6,73.18,0.4092,LOW,-,119.7285,121.5278,92.8145,1,284.0935,LEADER,61.9065
65,-2,LRCX,Lam Research,Information Technology,Semiconductor Materials & Equipment,large,318.93,84.46,0.0426,0.1201,0.0765,FLAT,112.69,282.46,234.43,-20.01,60.4,60.59,0.8905,LOW,-,286.6335,260.007,190.4691,1,281.5747,LEADER,61.8678
66,-10,TYRA,TYRA BIOSCIENCES INC,Health Care,,mid,33.17,91.19,-0.0097,-0.0578,0.017,FLAT,49.01,268.97,101.89,-18.03,54.8,50.38,0.3542,LOW,-,34.3187,35.7856,24.8261,1,292.5627,LEADER,61.5323
67,-12,RAPP,RAPPORT THERAPEUTICS INC,Health Care,,small,39.51,92.72,0.1033,0.1675,0.3566,STRONG_DOWN,39.51,315.46,89.95,-28.82,52.8,57.26,0.7696,LOW,-,36.6925,34.327,28.158,1,290.8863,LEADER,60.8269
68,2,MXL,MAXLINEAR INC,Information Technology,,small,101.1,96.89,-0.0067,0.7945,4.3826,STRONG_DOWN,583.57,784.51,436.62,-26.81,57.6,182.17,1.1769,MED,-,88.8435,50.1652,25.1638,1,248.0542,LEADER,60.6247
69,-2,TTI,TETRA TECHNOLOGIES INC,Energy,,small,10.39,97.75,0.0562,0.1064,0.0843,FLAT,35.46,284.81,174.14,-37.66,56.0,58.2,0.6657,LOW,-,10.129,9.2328,8.2389,1,274.0486,LEADER,60.2964
70,1,AMD,Advanced Micro Devices,Information Technology,Semiconductors,large,495.54,88.6,0.0579,0.3838,1.1738,STRONG_DOWN,130.43,339.07,188.76,-27.76,56.0,73.32,0.7173,LOW,-,422.9755,315.378,234.1477,1,258.9771,LEADER,59.9289
71,-5,KLIC,KULICKE AND SOFFA INDUSTRIES INC,Information Technology,,mid,105.61,81.87,-0.0082,0.1234,0.2387,STRONG_DOWN,156.12,231.85,134.39,-17.99,57.6,52.25,1.2483,MED,-,97.996,83.3144,56.8541,1,255.5929,LEADER,59.6564
72,-19,AMPX,AMPRIUS TECHNOLOGIES INC,Industrials,,mid,17.16,98.35,0.1052,-0.1424,0.5099,FLAT,58.89,475.84,1125.71,-46.41,52.8,108.94,0.4681,LOW,-,18.027,18.2208,12.7476,1,230.6251,LEADER,58.9017
73,-27,ENS,ENERSYS,Industrials,,mid,235.71,92.15,0.0651,0.1311,0.4,STRONG_DOWN,68.27,185.64,123.42,-18.32,59.6,44.27,1.034,MED,-,226.2615,201.7548,153.9974,1,249.9192,LEADER,58.6614
74,1,AXGN,AXOGEN INC,Health Care,,small,39.87,90.8,-0.0688,-0.0543,0.2671,STRONG_DOWN,40.44,263.78,500.45,-19.3,56.0,51.31,0.8435,LOW,-,41.919,37.3396,28.2705,1,287.888,LEADER,58.3818
75,-6,SYRE,SPYRE THERAPEUTICS INC,Health Care,,mid,72.51,93.87,0.0054,0.053,0.6977,STRONG_DOWN,168.85,380.84,119.13,-20.91,53.6,74.86,0.5055,LOW,-,72.9272,62.7649,36.0265,1,272.6795,LEADER,58.2711
76,-3,ORKA,ORUKA THERAPEUTICS INC,Health Care,,mid,57.99,95.79,-0.047,-0.2201,0.707,FLAT,94.14,405.58,153.11,-24.73,54.4,85.88,0.46,LOW,-,63.2575,59.307,34.7865,1,256.9113,LEADER,57.495
77,0,CENX,CENTURY ALUMINUM,Materials,,mid,65.72,100.0,0.0718,0.1132,0.2784,STRONG_DOWN,136.32,307.44,250.69,-23.56,54.0,63.24,0.7358,LOW,-,60.894,59.8346,41.7573,1,262.5196,LEADER,57.0075
78,29,OMER,OMEROS CORP,Health Care,,small,11.07,90.42,-0.1086,-0.2493,-0.0247,FLAT,13.42,252.55,233.43,-42.9,48.0,63.1,3.5294,HIGH,-,13.436,12.4532,9.6448,1,192.1124,LEADER,56.4312
79,-5,INDV,INDIVIOR PHARMACEUTICALS INC,Health Care,,mid,37.11,86.97,-0.0155,0.0743,0.1182,STRONG_DOWN,12.52,208.22,100.81,-21.37,53.6,42.37,0.5357,LOW,-,37.898,33.9502,30.9576,1,263.4112,LEADER,55.9814
80,-1,STOK,STOKE THERAPEUTICS INC,Health Care,,small,31.45,88.89,0.0354,-0.0603,-0.0985,STRONG_UP,3.66,233.51,123.6,-37.16,52.8,50.4,0.4648,LOW,-,31.6683,33.0577,29.8061,1,244.6296,LEADER,55.438
81,-13,FORM,FORMFACTOR INC,Information Technology,,mid,133.03,88.08,0.0124,-0.1584,0.1018,FLAT,158.36,327.2,126.63,-24.43,54.8,72.32,0.7179,LOW,-,134.1645,124.0026,73.5998,1,247.9334,LEADER,55.3807
82,11,UCTT,ULTRA CLEAN HOLDINGS INC,Information Technology,,mid,91.58,89.12,0.0924,0.021,0.2808,FLAT,297.31,351.8,106.26,-29.74,55.2,81.57,0.9665,LOW,-,81.7875,74.2842,43.8748,1,238.0703,LEADER,55.1499
83,-1,LASR,NLIGHT INC,Information Technology,,mid,81.39,91.19,0.0923,0.088,0.0338,STRONG_UP,152.06,420.73,520.82,-24.74,56.0,99.16,0.5256,LOW,-,74.4613,69.7033,46.1568,1,237.6043,LEADER,54.9086
84,-8,NUE,Nucor,Materials,Steel,large,246.47,86.76,0.0459,0.1,0.4279,STRONG_DOWN,61.51,129.89,51.04,-18.43,56.8,29.12,0.9369,LOW,-,229.657,201.4682,167.5261,1,253.3492,LEADER,54.7781
85,2,GPRE,GREEN PLAINS INC,Energy,,small,15.67,96.63,0.0604,-0.0296,0.0411,FLAT,61.38,268.71,-13.14,-21.17,55.2,57.15,0.7467,LOW,-,16.786,16.333,12.2722,1,259.5374,LEADER,54.6308
86,14,COHU,COHU INC,Information Technology,,small,54.94,80.31,0.1722,0.0951,0.5287,FLAT,140.75,210.22,73.2,-20.23,56.8,57.78,2.2087,HIGH,-,47.7145,40.7208,28.5187,1,206.6547,LEADER,54.3312
87,-4,KYMR,KYMERA THERAPEUTICS INC,Health Care,,mid,81.7,85.44,0.0102,-0.0295,-0.1234,STRONG_UP,24.56,183.68,143.66,-27.74,50.4,39.88,0.4436,LOW,-,82.347,83.2809,70.463,1,232.1339,LEADER,53.7267
88,-4,GLW,Corning Inc.,Information Technology,Electronic Components,large,190.89,86.01,0.0072,0.0979,0.0133,FLAT,131.53,291.84,454.74,-23.01,59.6,76.62,0.7659,LOW,-,183.3835,164.9056,110.9513,1,227.0159,LEADER,53.1817
89,28,CBL,CBL ASSOCIATES PROPERTIES INC,Real Estate,,small,47.81,97.65,-0.0065,0.045,0.2415,STRONG_DOWN,50.37,104.81,159.82,-12.31,56.4,27.8,2.8143,HIGH,-,45.8935,42.8824,35.3594,1,212.6381,LEADER,52.7185
90,-12,HL,HECLA MINING,Materials,,large,16.94,98.53,-0.0605,-0.0468,-0.2997,FLAT,17.2,222.46,187.83,-48.56,52.4,65.37,0.6027,LOW,EARLY,18.0959,18.4352,17.0795,0,178.3179,LAGGARD,52.6248
91,-3,SPHR,SPHERE ENTERTAINMENT CLASS A,Communication,,mid,131.51,91.67,-0.0492,-0.0124,-0.0038,STRONG_DOWN,68.73,247.63,272.76,-17.66,52.0,53.15,0.3145,LOW,-,135.4705,127.9276,91.2095,1,242.2761,LEADER,51.3874
92,6,DFTX,DEFINIUM THERAPEUTICS INC,Health Care,,mid,23.52,88.51,0.1242,0.1022,0.3776,FLAT,100.17,228.95,181.51,-24.79,52.0,52.42,0.9763,LOW,-,21.836,21.0582,15.1562,1,227.1166,LEADER,51.3597
93,-12,PLUG,PLUG POWER INC,Industrials,,mid,4.14,97.52,0.2173,0.353,1.1879,STRONG_DOWN,111.22,345.16,27.38,-56.66,44.0,99.91,1.2867,MED,-,3.494,2.9812,2.4376,1,152.0078,LEADER,51.1706
94,30,SCHL,SCHOLASTIC CORP,Communication,,small,41.23,83.33,0.0254,0.0186,0.078,FLAT,44.64,145.42,18.26,-12.02,56.4,33.29,0.3495,LOW,-,39.923,39.1434,31.8574,1,246.3698,LEADER,49.9412
95,-10,MRVL,Marvell Technology,Technology,Semiconductors,large,198.7,100.0,0.0748,0.3638,1.537,STRONG_DOWN,137.43,208.46,155.2,-26.36,54.0,71.75,1.8947,HIGH,-,176.0055,142.0332,97.0989,1,156.8931,LEADER,49.8261
96,23,KRYS,KRYSTAL BIOTECH INC,Health Care,,mid,306.63,81.23,0.0124,0.1352,0.1268,FLAT,42.69,148.57,92.85,-15.94,58.0,36.99,0.5119,LOW,-,295.481,275.1946,230.838,1,232.9489,LEADER,49.6536
97,7,BORR,BORR DRILLING LTD,Energy,,small,5.04,92.13,-0.1255,-0.1336,-0.2156,STRONG_UP,59.49,183.15,-26.11,-23.75,51.2,53.39,2.1632,HIGH,-,5.968,5.7448,4.2721,1,175.6336,LEADER,49.4603
98,-4,AEIS,ADVANCED ENERGY INDUSTRIES INC,Information Technology,,large,328.34,77.2,-0.0023,-0.2599,-0.288,STRONG_UP,59.45,184.29,206.99,-22.16,58.0,60.22,1.1224,MED,-,343.9206,348.8244,251.2917,1,177.4943,LEADER,49.224
99,15,BKD,BROOKDALE SENIOR LIVING INC,Health Care,,mid,13.5,74.33,0.0092,-0.0491,-0.0932,STRONG_UP,20.0,107.69,101.49,-23.61,57.2,28.45,0.4888,LOW,-,13.4985,13.701,11.4663,1,216.5202,CONTENDER,48.9388
100,107,PLAB,PHOTRONICS INC,Information Technology,,mid,53.51,80.83,0.0246,-0.038,0.125,FLAT,145.8,215.88,96.08,-24.72,52.8,68.99,1.6887,HIGH,-,50.9205,46.4282,32.8302,1,165.2187,LEADER,48.9146
101,11,CAT,Caterpillar Inc.,Industrials,Construction Machinery & Heavy Transportation Equipment,large,909.93,89.26,0.0094,0.0993,0.2311,STRONG_DOWN,63.29,163.18,169.78,-13.88,57.6,41.15,0.975,LOW,-,890.0005,806.6281,628.8965,1,228.4083,LEADER,48.8228
102,16,PACS,PACS GROUP INC,Health Care,,mid,39.2,91.95,0.0567,0.1793,-0.0424,FLAT,30.84,300.0,31.63,-42.03,48.0,77.81,0.5147,LOW,-,36.0785,34.7426,27.1769,1,185.0662,LEADER,48.7271
103,-17,AMAT,Applied Materials,Information Technology,Semiconductor Materials & Equipment,large,448.25,76.68,0.0022,0.0283,-0.0671,FLAT,94.61,179.43,105.95,-21.37,58.4,52.35,0.7464,LOW,-,421.6684,392.8484,289.212,1,200.1715,LEADER,47.1759
104,35,DHC,DIVERSIFIED HEALTHCARE TRUST,Real Estate,,small,8.82,100.0,-0.0424,0.1291,0.2646,STRONG_DOWN,91.51,176.21,274.7,-15.7,52.4,45.3,1.0275,MED,-,8.39,7.5942,5.6194,1,203.8246,LEADER,47.1337
105,-8,HP,HELMERICH & PAYNE INC,Energy,,mid,38.49,91.01,0.0006,0.0255,0.0574,STRONG_DOWN,45.91,162.72,10.67,-19.7,54.8,41.09,0.6634,LOW,-,39.591,37.258,29.4965,1,217.0065,LEADER,47.0973
106,-3,ANAB,ANAPTYSBIO INC,Health Care,,small,57.69,92.34,-0.0426,-0.1312,0.5595,FLAT,106.28,314.04,270.44,-28.15,52.0,78.02,0.6403,LOW,-,63.6618,53.0196,32.7912,1,209.3084,LEADER,46.9032
107,-1,MOD,MODINE MANUFACTURING,Industrials,,large,279.93,93.8,0.0544,0.1675,0.2433,STRONG_DOWN,84.59,208.26,178.98,-27.55,51.6,76.19,2.2363,HIGH,-,267.108,244.217,180.1231,1,141.0443,LEADER,46.6993
108,-7,ALB,Albemarle Corporation,Materials,Specialty Chemicals,large,177.47,95.59,-0.0042,-0.047,-0.0283,FLAT,53.99,211.09,43.89,-21.62,56.8,62.02,0.9101,LOW,-,187.8985,184.055,139.1327,1,193.3196,LEADER,46.4725
109,-18,FLNC,FLUENCE ENERGY INC CLASS A,Industrials,,mid,21.22,97.11,0.0869,0.7049,0.3302,FLAT,34.3,343.93,-10.95,-63.3,50.0,123.97,0.7977,LOW,-,18.4425,15.8629,16.7513,1,138.7162,LEADER,46.3961
110,56,NWPX,NWPX INFRASTRUCTURE INC,Industrials,,small,121.785,94.21,0.0784,0.3888,0.5117,STRONG_DOWN,113.92,209.89,249.76,-15.7,53.6,56.29,1.1194,MED,-,109.6987,91.8949,68.6817,1,199.8555,LEADER,46.3708
111,-31,AAMI,ACADIAN ASSET MANAGEMENT INC,Financials,,small,74.5,100.0,0.0438,0.1241,0.3199,STRONG_DOWN,68.43,149.01,229.47,-18.2,58.8,39.22,0.8264,LOW,-,69.6365,63.4676,52.3834,1,223.3991,LEADER,46.3535
112,-23,NVTS,NAVITAS SEMICONDUCTOR CORP,Information Technology,,mid,28.88,90.16,0.207,0.7607,1.7777,STRONG_DOWN,248.37,368.83,695.59,-58.25,49.6,146.82,1.1889,MED,-,20.8335,14.9883,10.2902,1,124.6017,LEADER,46.1699
113,-4,DOCN,DIGITALOCEAN HOLDINGS INC,Information Technology,,mid,150.42,91.71,-0.112,0.4444,1.5131,STRONG_DOWN,233.16,432.08,302.95,-24.11,52.4,113.49,0.4993,LOW,-,145.4735,109.988,62.2536,1,199.4993,LEADER,46.0975
114,32,REX,REX AMERICAN RESOURCES CORP,Energy,,small,49.18,86.52,0.0673,0.0798,0.3132,STRONG_DOWN,54.61,145.53,82.49,-9.83,58.8,36.99,0.7644,LOW,-,49.2755,46.0998,36.0537,1,231.3399,LEADER,46.0211
115,8,UUUU,ENERGY FUELS INC,Energy,,mid,18.35,94.38,0.1527,-0.07,-0.2635,STRONG_UP,31.35,244.92,169.06,-51.28,51.6,83.25,0.621,LOW,-,19.894,19.427,17.8508,1,151.8093,LEADER,46.0162
116,-5,SANM,SANMINA CORP,Information Technology,,mid,261.82,79.79,0.0833,0.0658,0.3627,FLAT,70.33,209.41,287.25,-32.69,57.2,64.27,0.8855,LOW,-,234.6535,183.4864,151.8559,1,186.371,LEADER,45.978
117,-9,WTTR,SELECT WATER SOLUTIONS INC CLASS A,Energy,,mid,18.66,80.9,-0.0034,0.1738,0.2904,STRONG_DOWN,88.84,133.93,79.92,-20.45,52.8,33.49,0.6059,LOW,-,18.1505,16.394,12.2406,1,211.1463,LEADER,45.9414
118,3,GOOGL,Alphabet Inc. (Class A),Communication Services,Interactive Media & Services,large,388.83,95.45,-0.011,0.1014,0.2733,STRONG_DOWN,22.22,126.37,122.25,-20.37,54.0,34.33,0.782,LOW,-,389.3625,344.5376,297.861,1,198.7823,LEADER,45.7731
119,-14,MTRN,MATERION CORP,Materials,,mid,222.04,94.12,0.0314,0.2576,0.3965,STRONG_DOWN,88.65,188.29,96.42,-20.73,56.0,50.97,0.8403,LOW,-,201.2245,175.3078,140.2461,1,206.868,LEADER,45.7093
120,-28,CRDO,CREDO TECHNOLOGY GROUP HOLDING LTD,Information Technology,,large,221.23,82.38,0.1598,0.184,0.6733,STRONG_DOWN,46.66,252.78,967.2,-53.59,54.0,104.47,0.5163,LOW,-,190.0323,154.0025,144.1569,1,130.662,LEADER,45.6904
121,9,BK,BNY Mellon,Financials,Asset Management & Custody Banks,large,141.05,92.33,0.0309,0.0596,0.1587,STRONG_DOWN,33.64,61.82,153.07,-10.15,60.24,19.21,1.0865,MED,-,134.7095,128.4678,115.5367,1,193.8748,LEADER,45.5313
122,-9,OUST,OUSTER INC,Information Technology,,small,44.23,83.94,0.3835,0.5434,0.994,STRONG_DOWN,106.97,270.44,264.63,-55.15,52.8,106.25,1.7233,HIGH,-,31.1488,25.7249,25.8693,1,134.3905,LEADER,45.3163
123,-27,KN,KNOWLES CORP,Information Technology,,mid,37.62,69.95,0.0183,0.091,0.0883,FLAT,72.25,130.09,117.71,-15.32,56.4,38.9,1.0852,MED,-,34.612,30.402,25.1283,1,188.6163,CONTENDER,45.3026
124,10,CSTM,CONSTELLIUM SE CLASS A,Materials,,mid,33.96,92.65,0.0107,0.0978,0.3283,STRONG_DOWN,118.53,177.68,55.71,-15.96,52.0,55.74,2.0894,HIGH,-,32.851,29.6916,21.2957,1,165.7562,LEADER,45.1252
125,3,BTSG,BRIGHTSPRING HEALTH SERVICES INC,Health Care,,mid,60.55,84.29,0.0307,0.2715,0.5262,STRONG_DOWN,71.87,160.99,436.79,-19.7,57.2,44.58,0.5778,LOW,-,55.3205,49.0008,37.4661,1,206.5659,LEADER,45.1125
126,-1,GOOG,Alphabet Inc. (Class C),Communication Services,Interactive Media & Services,large,384.83,90.91,-0.011,0.0972,0.2612,STRONG_DOWN,21.0,122.72,117.95,-20.75,53.2,33.51,0.8702,LOW,-,385.971,342.1172,297.6502,1,194.8363,LEADER,45.0975
127,28,SLS,SELLAS LIFE SCIENCES GROUP INC,Health Care,,small,8.58,94.25,-0.0463,0.7547,0.7612,STRONG_DOWN,453.55,382.02,521.74,-36.53,49.6,111.9,1.2124,MED,-,6.346,5.412,3.3867,1,169.3326,LEADER,45.0816
128,-29,ON,ON Semiconductor,Information Technology,Semiconductors,large,124.89,77.72,0.084,0.1893,0.5732,STRONG_DOWN,163.54,191.46,69.57,-28.1,51.6,64.02,1.3509,MED,-,108.9445,86.5124,62.8482,1,154.3153,LEADER,44.9393
129,14,LUMN,LUMEN TECHNOLOGIES INC,Communication,,mid,10.87,87.5,0.1422,0.2523,0.4118,STRONG_DOWN,40.99,175.89,749.22,-47.34,51.6,66.23,1.2037,MED,-,9.351,8.2776,7.5737,1,137.0351,LEADER,44.5786
130,5,GHM,GRAHAM CORP,Industrials,,small,99.98,88.02,0.0082,0.0674,0.2353,STRONG_DOWN,80.34,151.33,263.04,-18.21,54.4,48.89,1.9557,HIGH,-,96.586,91.008,70.5524,1,168.3878,LEADER,44.2522
131,-2,TCMD,TACTILE SYSTEMS TECHNOLOGY INC,Health Care,,small,25.07,82.38,0.0065,0.0601,-0.1449,FLAT,-1.96,154.78,97.71,-32.13,49.6,39.74,0.6353,LOW,-,24.088,24.8733,22.9592,1,193.1784,LEADER,43.9419
132,10,PUMP,PROPETRO HOLDING CORP,Energy,,small,15.81,93.26,-0.0127,-0.0536,0.2661,FLAT,68.01,190.09,61.0,-32.74,49.2,56.22,1.4399,MED,-,16.8085,15.5546,10.393,1,166.3556,LEADER,43.9367
133,17,VSCO,VICTORIA S SECRET,Consumer Discretionary,,mid,57.18,98.66,0.1529,0.1033,-0.0963,STRONG_UP,55.93,172.42,174.9,-35.55,51.6,63.5,1.0595,MED,-,49.3795,49.0916,43.9191,1,140.1045,LEADER,43.8648
134,-2,KALU,KAISER ALUMINIUM CORP,Materials,,mid,187.03,89.71,0.0608,0.0875,0.4534,STRONG_DOWN,103.07,163.24,104.91,-26.03,56.4,48.61,0.8041,LOW,-,174.9,151.3235,113.5047,1,189.4041,LEADER,43.8309
135,-33,KLAC,KLA Corporation,Information Technology,Semiconductor Materials & Equipment,large,1957.1899,74.09,0.0206,-0.0665,0.0265,FLAT,72.62,153.35,152.9,-22.41,61.2,51.85,0.9566,LOW,-,1819.3551,1712.6526,1335.7816,1,181.0045,CONTENDER,43.5349
136,39,GTX,GARRETT MOTION INC,Consumer Discretionary,,mid,33.66,100.0,0.0508,0.6569,0.6866,STRONG_DOWN,109.22,215.92,287.97,-19.87,50.4,64.23,1.1964,MED,-,29.2005,23.0104,17.861,1,169.428,LEADER,43.2143
137,-27,CECO,CECO ENVIRONMENTAL CORP,Industrials,,mid,86.95,93.39,0.0362,0.1571,0.3935,STRONG_DOWN,69.03,208.01,240.31,-35.08,54.8,67.54,0.911,LOW,-,81.3275,69.9354,59.5486,1,168.7698,LEADER,42.7732
138,-23,LBRT,LIBERTY ENERGY INC CLASS A,Energy,,mid,30.08,89.89,-0.0217,-0.0511,0.0184,FLAT,76.79,161.35,30.8,-26.19,51.6,47.03,0.6201,LOW,-,32.8615,30.6982,21.09,1,177.0308,LEADER,42.5001
139,58,STLD,Steel Dynamics,Materials,Steel,large,258.22,77.94,0.0848,0.1429,0.365,STRONG_DOWN,61.16,106.53,97.93,-20.33,55.6,37.29,1.1062,MED,-,234.5075,207.8297,172.0833,1,158.8377,LEADER,42.4405
140,37,RIOT,RIOT PLATFORMS INC,Information Technology,,mid,26.94,81.35,0.0889,0.4765,0.3172,FLAT,94.09,221.48,160.54,-48.57,53.2,84.25,0.9235,LOW,-,22.8498,18.4856,16.6743,1,139.8543,LEADER,41.9281
141,37,FCFS,FIRSTCASH HOLDINGS INC,Financials,,mid,231.32,98.26,0.0172,0.0932,0.2061,STRONG_DOWN,51.35,84.39,99.99,-12.75,57.6,27.68,1.327,MED,-,225.5253,209.6554,173.1375,1,175.6057,LEADER,41.8249
142,-22,PENG,PENGUIN SOLUTIONS INC,Information Technology,,small,54.44,78.76,0.0937,0.7867,1.3978,STRONG_DOWN,200.77,202.61,158.87,-44.57,53.6,72.5,1.0689,MED,-,43.2215,30.668,23.9022,1,149.7936,LEADER,41.7944
143,-27,KEYS,Keysight Technologies,Information Technology,Electronic Equipment & Instruments,large,347.65,67.88,-0.0352,-0.1036,-0.1256,STRONG_UP,95.67,119.28,144.0,-14.0,58.4,38.11,0.6857,LOW,-,352.0515,326.8772,232.2311,1,182.7888,CONTENDER,41.4688
144,14,HLIO,HELIOS TECHNOLOGIES INC,Industrials,,mid,82.5,91.74,0.0088,0.2008,0.1556,FLAT,56.4,176.96,72.02,-17.07,50.8,48.81,0.4132,LOW,-,73.6685,69.7961,61.0563,1,184.1734,LEADER,41.4057
145,-7,CRVS,CORVUS PHARMACEUTICALS INC,Health Care,,small,12.93,90.04,0.0579,-0.1761,-0.275,STRONG_UP,50.7,242.06,540.1,-54.94,49.2,80.52,0.7623,LOW,-,14.1658,14.6561,11.3245,1,147.9077,LEADER,41.2475
146,28,CORZ,CORE SCIENTIFIC INC,Information Technology,,mid,27.2,73.58,0.1242,0.2093,0.2536,STRONG_DOWN,72.7,152.32,448.39,-40.74,56.4,64.17,1.1564,MED,-,23.265,19.9916,17.6298,1,133.8756,CONTENDER,41.142
147,-10,OUT,OUTFRONT MEDIA INC,Real Estate,,mid,32.61,98.82,-0.0157,0.0526,0.1229,STRONG_DOWN,46.72,112.16,163.11,-11.25,55.2,31.57,0.5309,LOW,-,32.191,29.8282,23.6598,1,196.1165,LEADER,41.0178
148,-4,FTRE,FORTREA HOLDINGS INC,Health Care,,small,13.42,88.12,-0.0232,0.2437,0.2599,STRONG_DOWN,12.3,221.05,-46.75,-51.79,49.2,67.84,0.552,LOW,-,13.6815,11.3096,11.8346,1,160.3153,LEADER,41.0037
149,-16,CMPR,CIMPRESS PLC,Industrials,,small,104.48,86.78,0.0361,0.2504,0.4579,STRONG_DOWN,51.11,143.43,27.8,-17.5,53.2,44.27,1.24,MED,-,94.3075,83.6064,72.1892,1,172.3618,LEADER,40.8137
150,11,MYRG,MYR GROUP INC,Industrials,,mid,471.99,92.98,0.0255,0.4128,0.7526,STRONG_DOWN,122.65,196.72,200.76,-13.65,56.8,59.12,0.7302,LOW,-,445.0845,358.9842,256.9215,1,188.9987,LEADER,40.5983
151,2,IVZ,Invesco,Financials,Asset Management & Custody Banks,large,27.61,98.95,0.0196,0.0867,0.0088,FLAT,17.81,97.22,94.18,-22.03,57.6,34.65,0.3157,LOW,-,26.9672,25.2018,24.3967,1,161.6104,LEADER,40.5702
152,-4,AMLX,AMYLYX PHARMACEUTICALS INC,Health Care,,small,14.07,86.21,0.031,-0.1412,-0.0611,FLAT,-5.06,193.74,722.81,-30.61,51.2,56.83,0.4907,LOW,-,14.6012,15.2297,13.6163,1,174.5439,LEADER,40.5377
153,65,LUNR,INTUITIVE MACHINES INC CLASS A,Industrials,,mid,40.34,95.04,0.1647,0.6279,1.3033,STRONG_DOWN,348.22,229.58,687.89,-41.88,54.0,119.16,2.0188,HIGH,-,31.167,26.0462,16.4803,1,104.0371,LEADER,40.4036
154,56,AXSM,AXSOME THERAPEUTICS INC,Health Care,,mid,234.52,77.39,0.0141,0.2641,0.4544,STRONG_DOWN,55.11,127.71,205.52,-18.5,53.6,42.77,1.0042,MED,-,223.2025,193.0878,158.0064,1,160.0499,LEADER,40.1546
155,-1,LGN,LEGENCE CORP CLASS A,Industrials,,mid,88.0,92.56,0.0337,0.0788,0.5556,STRONG_DOWN,100.96,188.52,188.52,-21.4,57.95,60.81,0.7158,LOW,-,90.0962,73.8719,,0,179.658,LAGGARD,40.0828
156,56,DIOD,DIODES INC,Information Technology,,mid,109.13,71.5,0.0741,-0.0209,0.3081,FLAT,140.22,139.37,47.83,-27.44,52.8,58.61,1.6359,HIGH,-,104.8895,90.5176,64.0043,1,125.5567,CONTENDER,39.9947
157,-12,MPWR,Monolithic Power Systems,Information Technology,Semiconductors,large,1620.17,72.54,-0.0084,-0.0726,0.1165,FLAT,82.11,140.96,116.57,-22.45,54.4,55.39,1.4208,MED,-,1586.609,1398.8933,1084.2316,1,138.4443,CONTENDER,39.7275
158,-27,BKSY,BLACKSKY TECHNOLOGY INC CLASS A,Industrials,,small,51.0,96.69,0.0855,0.6203,1.5716,STRONG_DOWN,217.76,322.54,469.2,-58.46,53.6,121.43,0.9724,LOW,-,40.8735,35.0696,24.4398,1,142.3692,LEADER,39.5332
159,1,STRL,STERLING INFRASTRUCTURE INC,Industrials,,large,782.12,96.28,0.0066,0.6443,0.8252,STRONG_DOWN,128.4,316.18,541.77,-31.02,55.2,126.03,0.695,LOW,-,749.5525,564.5174,402.6421,1,138.4823,LEADER,39.4621
160,-3,PRM,PERIMETER SOLUTIONS INC,Materials,,mid,31.65,91.18,-0.102,0.0199,0.3664,STRONG_DOWN,18.32,164.41,321.44,-30.2,58.0,60.21,0.7094,LOW,-,31.5635,27.9094,25.4335,1,158.3763,LEADER,39.4169
161,-34,SITM,SITIME CORP,Information Technology,,mid,726.21,83.42,-0.0095,0.2589,0.5661,STRONG_DOWN,159.72,267.4,461.0,-29.39,56.0,94.75,0.7971,LOW,-,713.36,535.1726,373.1875,1,158.0433,LEADER,39.3513
162,57,TXG,10X GENOMICS INC CLASS A,Health Care,,mid,25.51,85.82,0.061,0.1902,0.17,FLAT,26.73,187.92,12.38,-28.03,50.0,69.87,1.3864,MED,-,22.326,21.9902,17.73,1,134.4807,LEADER,39.2732
163,19,ECPG,ENCORE CAPITAL GROUP INC,Financials,,small,81.85,99.65,0.0112,-0.0163,0.2618,FLAT,65.35,115.11,84.68,-12.63,54.0,33.57,0.4106,LOW,-,81.966,77.9538,57.5444,1,185.1663,LEADER,39.1974
164,-2,TRST,TRUSTCO BANK CORP,Financials,,small,50.8,96.17,0.0066,0.077,0.1237,STRONG_DOWN,24.05,70.72,98.11,-14.11,56.0,20.87,0.894,LOW,-,48.9545,46.553,41.8031,1,189.767,LEADER,39.1875
165,-6,MSGE,MADISON SQUARE GARDEN ENTERTAINMEN,Communication,,mid,69.99,70.83,-0.0218,0.0847,0.001,FLAT,48.25,90.5,98.5,-13.43,55.6,27.46,0.5414,LOW,-,67.4395,62.9252,53.5045,1,183.2427,CONTENDER,39.1609
166,-44,USAR,USA RARE EARTH INC CLASS A,Materials,,mid,26.7,97.06,0.1368,0.1777,0.346,STRONG_DOWN,115.84,220.53,153.08,-69.23,46.8,106.13,0.9281,LOW,-,25.1795,21.0001,19.1627,1,97.246,LEADER,39.1586
167,47,CMRE,COSTAMARE INC,Industrials,,mid,16.21,80.17,-0.1025,-0.0321,-0.0501,FLAT,7.78,97.08,12.67,-14.61,56.0,34.88,1.0456,MED,-,16.912,16.9026,14.8505,1,155.8614,LEADER,39.107
168,15,JNJ,Johnson & Johnson,Health Care,Pharmaceuticals,large,231.29,59.77,0.0116,0.0177,-0.0277,FLAT,14.22,55.53,69.55,-10.96,55.2,16.91,0.7535,LOW,-,226.43,231.6186,208.9215,1,181.2574,CONTENDER,38.7945
169,-2,ATRO,ASTRONICS CORP,Industrials,,mid,85.01,90.08,-0.0333,0.1745,0.0803,FLAT,68.44,168.68,299.48,-23.39,54.8,57.68,0.9883,LOW,-,77.853,73.7768,59.9072,1,160.2567,LEADER,38.7834
170,-14,INSW,INTERNATIONAL SEAWAYS INC,Energy,,mid,80.42,84.27,-0.0132,0.0218,0.081,STRONG_DOWN,54.77,139.92,52.41,-13.84,54.4,42.24,0.5935,LOW,-,85.5195,78.4786,57.7038,1,180.1966,LEADER,38.6824
171,23,DY,DYCOM INDUSTRIES INC,Industrials,,large,529.13,85.95,0.2484,0.2982,0.2786,FLAT,55.31,132.85,197.38,-24.43,56.0,69.03,2.9805,HIGH,-,432.58,397.4338,343.4962,1,107.774,LEADER,38.6509
172,-46,KGS,KODIAK GAS SERVICES INC,Energy,,mid,70.49,71.91,0.0201,0.1034,0.2313,STRONG_DOWN,112.4,107.39,189.65,-15.95,57.6,34.19,0.9812,LOW,-,71.8328,64.7931,44.8816,1,180.9238,CONTENDER,38.6222
173,-33,RMBS,RAMBUS INC,Information Technology,,large,148.66,75.65,0.0638,0.1867,0.1959,STRONG_DOWN,60.28,174.13,163.63,-36.69,54.8,90.26,1.1445,MED,-,129.089,116.1712,101.1157,1,105.7196,LEADER,38.5774
174,96,TVTX,TRAVERE THERAPEUTICS INC,Health Care,,mid,47.76,87.36,0.0954,0.1645,0.6243,STRONG_DOWN,33.45,219.46,606.51,-33.49,51.6,89.25,1.4474,MED,-,43.676,37.423,31.1425,1,126.8839,LEADER,38.5648
175,-34,HAL,Halliburton,Energy,Oil & Gas Equipment & Services,large,39.6,70.79,-0.0049,0.01,0.0519,STRONG_DOWN,56.0,104.86,14.02,-13.1,54.8,32.33,0.9672,LOW,-,41.351,39.4738,30.6467,1,177.7438,CONTENDER,38.4048
176,121,SHLS,SHOALS TECHNOLOGIES GROUP INC CLAS,Industrials,,small,12.12,90.5,0.2193,0.571,0.929,STRONG_DOWN,56.19,169.93,52.45,-47.37,53.2,80.74,1.7549,HIGH,-,9.1267,7.7623,8.1594,1,111.9699,LEADER,38.3787
177,12,GNRC,Generac,Industrials,Electrical Components & Equipment,large,280.53,85.12,0.1107,0.2787,0.2174,FLAT,93.83,125.23,85.46,-32.77,55.6,54.96,0.663,LOW,-,262.986,228.2862,189.5462,1,126.6932,LEADER,37.9854
178,85,FDX,FedEx,Industrials,Air Freight & Logistics,large,411.78,79.34,0.031,0.042,0.0868,STRONG_DOWN,55.66,93.84,73.26,-11.67,56.4,34.51,1.0163,MED,-,382.251,374.0734,303.8707,1,153.3698,LEADER,37.8681
179,55,IESC,IES INC,Industrials,,mid,694.2,90.91,0.025,0.1418,0.3681,STRONG_DOWN,72.36,174.42,344.52,-21.8,54.8,67.64,1.0339,MED,-,662.082,572.2242,450.8131,1,141.31,LEADER,37.8659
180,0,TALK,TALKSPACE INC,Health Care,,small,5.2,65.9,-0.0009,-0.0019,0.1006,FLAT,56.63,75.68,83.75,-33.43,46.0,21.43,0.2669,LOW,-,5.1925,5.1758,3.8474,1,162.4396,CONTENDER,37.5792
181,94,ODC,OIL DRI CORPORATION OF AMERICA,Consumer Staples,,small,79.21,93.55,0.0541,0.0534,0.2512,FLAT,46.88,64.33,97.54,-32.73,56.4,30.79,1.939,HIGH,-,75.4066,70.8736,61.4832,1,117.8392,LEADER,37.1868
182,13,STT,State Street Corporation,Financials,Asset Management & Custody Banks,large,157.92,95.47,0.0212,0.0463,0.1836,STRONG_DOWN,39.02,67.62,127.31,-11.79,62.4,25.11,0.6221,LOW,-,152.1695,142.1026,125.2823,1,168.0515,LEADER,37.0172
183,1,RHLD,RESOLUTE HOLDINGS MANAGEMENT INC,Industrials,,small,114.84,95.45,0.0064,-0.1576,-0.3734,STRONG_UP,-35.76,238.56,219.98,-54.59,53.2,98.71,0.8534,LOW,-,118.0545,138.4802,140.6623,0,128.5732,LAGGARD,36.9251
184,0,CALY,CALLAWAY GOLF COMPANY,Consumer Discretionary,,mid,15.77,97.99,-0.0332,0.02,0.1622,STRONG_DOWN,41.69,154.35,5.48,-20.37,51.2,57.12,1.2314,MED,-,15.3565,14.6676,12.2737,1,138.3573,LEADER,36.8717
185,43,DAN,DANA INCORPORATED INC,Consumer Discretionary,,mid,36.04,97.32,0.0181,-0.043,0.0754,FLAT,65.63,119.44,171.99,-17.13,51.6,38.92,0.819,LOW,-,34.483,34.7101,26.6294,1,158.3593,LEADER,36.6759
186,5,IMNM,IMMUNOME INC,Health Care,,mid,22.11,83.14,0.0242,-0.0713,0.0274,FLAT,18.55,156.2,51.23,-28.44,50.0,54.99,0.6033,LOW,-,22.174,22.0742,18.594,1,142.0252,LEADER,36.6522
187,12,ANDE,ANDERSONS INC,Consumer Staples,,mid,72.09,98.39,0.0041,-0.067,0.1798,FLAT,44.67,110.78,41.66,-14.09,58.4,39.89,0.534,LOW,-,72.8875,72.7778,56.4971,1,162.1902,LEADER,36.594
188,18,HASI,HA SUSTAINABLE INFRASTRUCTURE CAPI,Financials,,mid,41.7,97.21,0.0333,0.0309,0.1262,FLAT,32.27,73.63,42.32,-15.38,51.6,23.54,0.6421,LOW,-,41.3495,39.5235,33.3695,1,161.3981,LEADER,36.5835
189,-13,CAPR,CAPRICOR THERAPEUTICS INC,Health Care,,small,29.14,85.06,0.0017,-0.1463,0.0621,FLAT,528.02,173.62,377.7,-67.67,47.2,70.73,0.3746,LOW,-,30.768,31.605,19.7841,1,115.8579,LEADER,36.5159
190,-43,CMI,Cummins,Industrials,Construction Machinery & Heavy Transportation Equipment,large,667.85,83.06,-0.0335,0.0295,0.1595,STRONG_DOWN,38.42,110.05,149.11,-15.23,57.6,39.9,0.6296,LOW,-,674.6464,619.9406,517.7656,1,158.8689,LEADER,36.4889
191,-6,RGTI,RIGETTI COMPUTING INC,Information Technology,,mid,24.62,58.55,0.4093,0.3528,0.0617,STRONG_UP,-7.34,73.87,2244.76,-77.1,48.0,108.2,1.6052,HIGH,-,19.3545,17.2644,23.2076,1,32.7705,CONTENDER,36.4436
192,49,CYTK,CYTOKINETICS INC,Health Care,,mid,77.15,82.76,-0.0233,0.2677,0.2491,FLAT,14.79,154.79,60.03,-15.01,52.0,50.03,0.6672,LOW,-,73.8,68.0834,60.962,1,160.8837,LEADER,36.4267
193,8,LGND,LIGAND PHARMACEUTICALS INC,Health Care,,mid,235.89,78.54,0.0805,0.0118,0.2198,FLAT,14.02,135.44,174.35,-14.07,54.4,45.38,0.7529,LOW,-,222.9365,217.2854,194.3036,1,162.364,LEADER,36.3153
194,75,ARCB,ARCBEST CORP,Industrials,,mid,133.37,82.23,0.0333,0.0316,0.3337,FLAT,113.74,108.16,29.91,-30.6,52.0,48.1,1.0439,MED,-,122.0397,111.9101,87.3974,1,116.9328,LEADER,36.1638
195,5,CLMT,CALUMET INC,Energy,,mid,34.08,82.02,0.1268,0.1566,0.0653,FLAT,83.62,134.71,111.28,-22.81,55.2,50.51,0.4118,LOW,-,33.0255,32.428,23.4821,1,147.219,LEADER,36.0162
196,26,IBRX,IMMUNITYBIO INC,Health Care,,mid,7.89,87.74,-0.0227,0.1301,-0.1569,FLAT,266.98,220.73,19.18,-42.44,50.4,96.34,0.7365,LOW,-,7.7955,7.7189,4.7531,1,115.4752,LEADER,35.9719
197,19,GOLD,GOLD INC,Consumer Discretionary,,small,42.31,96.64,-0.015,-0.074,-0.2117,STRONG_UP,63.86,117.27,12.88,-40.58,54.4,47.56,0.5158,LOW,-,42.2227,43.3055,36.7117,1,134.1336,LEADER,35.8997
198,46,PTGX,PROTAGONIST THERAPEUTICS INC,Health Care,,mid,102.21,76.25,0.0104,0.0063,0.1737,FLAT,16.56,123.41,240.93,-16.38,55.6,44.08,0.5284,LOW,-,100.7605,101.5101,83.7438,1,155.6621,LEADER,35.659
199,6,AAPL,Apple Inc.,Information Technology,"Technology Hardware, Storage & Peripherals",large,310.85,51.3,-0.023,-0.0005,-0.1217,FLAT,12.87,55.71,65.03,-13.8,54.4,21.81,1.1425,MED,-,293.2854,272.692,261.9465,1,138.9672,CONTENDER,35.6063
200,3,VTRS,Viatris,Health Care,Pharmaceuticals,large,16.29,72.8,-0.0136,0.1037,0.1025,FLAT,56.57,97.11,70.66,-18.97,56.0,37.52,0.5814,LOW,-,16.214,14.7241,12.3164,1,144.9451,CONTENDER,35.5333
201,-30,THR,THERMON GROUP HOLDINGS INC,Industrials,,small,69.21,89.67,0.0243,0.1303,0.3341,STRONG_DOWN,102.25,168.67,98.42,-17.24,54.4,55.65,0.5658,LOW,-,65.378,57.4774,41.0523,1,164.8837,LEADER,35.4931
202,-10,RCUS,ARCUS BIOSCIENCES INC,Health Care,,mid,23.97,84.67,0.0069,-0.0373,0.244,FLAT,3.41,162.54,52.97,-27.78,55.2,65.99,0.6318,LOW,-,24.617,23.533,19.8531,1,135.964,LEADER,35.4801
203,-16,VECO,VEECO INSTRUMENTS INC,Information Technology,,mid,60.24,79.27,0.0143,0.1101,0.705,STRONG_DOWN,114.68,207.66,44.84,-20.27,54.4,74.42,0.8189,LOW,-,56.7815,46.211,33.5994,1,151.7973,LEADER,35.4605
204,-2,FN,FABRINET,Information Technology,,large,686.9,78.24,-0.0142,-0.0727,-0.0403,FLAT,64.98,196.35,180.31,-20.55,56.4,81.4,0.6663,LOW,-,680.084,637.1374,486.1374,1,136.0431,LEADER,35.4085
205,-26,RIG,TRANSOCEAN LTD,Energy,,mid,6.18,85.39,-0.0991,-0.0511,-0.0983,FLAT,53.73,140.47,1.15,-23.19,54.8,53.92,0.7256,LOW,-,6.7435,6.5642,4.8049,1,142.7594,LEADER,35.3939
206,-55,CGON,CG ONCOLOGY INC,Health Care,,mid,60.8,80.46,-0.0639,-0.0763,0.1009,FLAT,39.58,140.51,87.48,-17.89,50.8,47.21,0.7606,LOW,-,66.691,67.1528,49.3262,1,151.1909,LEADER,35.356
207,79,MS,Morgan Stanley,Financials,Investment Banking & Brokerage,large,201.61,92.68,0.0157,0.0754,0.1237,STRONG_DOWN,25.17,61.93,115.95,-18.83,59.6,29.38,1.057,MED,-,193.4755,181.5608,168.5909,1,125.6294,LEADER,35.3552
208,17,CFG,Citizens Financial Group,Financials,Regional Banks,large,63.08,94.08,0.0002,-0.0123,-0.0239,STRONG_UP,21.2,63.91,95.5,-18.32,56.4,26.46,0.3712,LOW,-,62.96,61.9993,56.8139,1,136.2188,LEADER,35.3457
209,87,GS,Goldman Sachs,Financials,Investment Banking & Brokerage,large,996.47,95.12,0.0108,0.0861,0.0599,FLAT,27.31,67.17,126.08,-19.42,58.0,32.74,1.0022,MED,-,948.583,904.3488,846.4456,1,118.9894,LEADER,35.3169
210,40,TDAY,USA TODAY INC,Communication,,small,7.82,79.17,0.0243,0.0639,0.0897,STRONG_DOWN,65.68,127.99,107.43,-20.32,50.0,39.34,0.5841,LOW,-,7.404,7.1524,5.5475,1,162.6695,LEADER,35.2739
211,-62,JBL,Jabil,Information Technology,Electronic Manufacturing Services,large,371.38,68.39,0.0267,-0.027,0.107,FLAT,88.48,121.69,213.83,-17.86,58.4,49.06,0.6213,LOW,-,351.1401,315.7353,247.9527,1,144.8587,CONTENDER,35.1489
212,-22,ELVN,ENLIVEN THERAPEUTICS INC,Health Care,,mid,41.41,83.52,-0.0135,-0.0404,0.4153,FLAT,90.22,157.69,78.34,-36.84,50.4,65.83,0.4066,LOW,-,41.501,40.5388,26.6905,1,120.7251,LEADER,35.1019
213,139,AUPH,AURINIA PHARMACEUTICALS INC,Health Care,,mid,15.54,72.03,-0.0254,-0.035,0.1297,FLAT,-3.54,94.74,193.76,-15.91,50.0,39.06,2.0144,HIGH,-,15.5875,15.4494,14.2783,1,121.2709,CONTENDER,35.0314
214,59,CLSK,CLEANSPARK INC,Information Technology,,mid,18.04,65.28,0.1222,0.3808,0.4688,STRONG_DOWN,57.14,98.02,1.98,-64.74,52.0,74.24,1.3382,MED,-,14.1785,11.8822,12.4619,1,68.6592,CONTENDER,34.8715
215,-51,DELL,Dell Technologies,Information Technology,"Technology Hardware, Storage & Peripherals",large,305.32,75.13,0.2076,0.3333,1.2626,STRONG_DOWN,141.79,172.45,89.91,-32.34,52.4,78.37,0.9177,LOW,-,243.8305,206.8835,151.1417,1,115.3018,LEADER,34.8415
216,-8,STNG,SCORPIO TANKERS INC,Energy,,mid,77.7,68.54,0.0104,-0.0031,-0.0521,STRONG_UP,29.83,101.73,0.91,-23.26,54.8,40.1,,LOW,-,82.272,77.5882,63.4545,1,139.0229,CONTENDER,34.7475
217,-13,PLPC,PREFORMED LINE PRODUCTS,Industrials,,small,380.05,88.84,0.0935,0.0528,0.4814,FLAT,95.06,161.34,190.32,-22.33,59.2,63.56,0.5261,LOW,-,346.851,318.1623,245.129,1,150.2764,LEADER,34.6819
218,-55,LPG,DORIAN LPG LTD,Energy,,small,43.47,77.53,-0.0301,0.1982,0.1517,FLAT,85.15,120.67,10.92,-24.99,53.6,49.56,1.0518,MED,-,40.8977,36.7411,29.8816,1,130.5119,LEADER,34.6697
219,-21,TRGP,Targa Resources,Energy,Oil & Gas Storage & Transportation,large,263.65,51.69,0.0331,0.1065,0.0835,FLAT,56.77,69.25,138.04,-16.3,57.2,26.88,0.6138,LOW,-,262.2615,249.4873,197.2963,1,147.353,CONTENDER,34.536
220,-47,NEM,Newmont,Materials,Gold,large,107.23,76.47,-0.0483,-0.0209,-0.1474,FLAT,24.53,104.57,162.07,-27.25,58.8,51.4,0.7202,LOW,-,111.5805,110.8312,99.5753,1,119.6301,LEADER,34.5255
221,-10,PDFS,PDF SOLUTIONS INC,Information Technology,,small,47.6,74.61,0.0137,0.0377,0.1429,STRONG_DOWN,85.94,162.55,32.66,-24.65,54.0,64.17,1.0766,MED,-,46.607,41.26,31.0643,1,136.7868,CONTENDER,34.4698
222,-5,MCY,MERCURY GENERAL CORP,Financials,,mid,99.34,94.77,-0.0387,0.0219,0.0913,STRONG_DOWN,7.61,65.99,84.38,-12.87,55.6,23.19,0.5935,LOW,-,99.11,94.6284,87.4952,1,158.2186,LEADER,34.3981
223,-51,JBIO,JADE BIOSCIENCES INC,Health Care,,small,21.5,86.59,-0.0816,-0.191,0.494,FLAT,76.95,196.55,-96.08,-39.23,50.8,75.97,0.6094,LOW,-,23.7322,20.4089,13.8942,1,131.4312,LEADER,34.3424
224,-56,SDRL,SEADRILL LTD,Energy,,mid,47.59,66.29,-0.0565,-0.0054,0.0376,STRONG_DOWN,58.05,101.06,-9.13,-16.54,52.8,34.09,0.5822,LOW,-,50.414,47.9892,37.5866,1,156.52,CONTENDER,34.2216
225,60,HCC,WARRIOR MET COAL INC,Materials,,mid,96.97,79.41,0.0992,0.0891,0.1658,FLAT,28.21,108.69,47.64,-24.41,52.8,49.2,1.3,MED,-,87.202,88.9494,79.45,1,116.6413,LEADER,34.2022
226,35,PARR,PAR PACIFIC HOLDINGS INC,Energy,,mid,56.45,88.76,-0.0126,-0.0596,0.3269,FLAT,26.54,160.14,107.69,-26.21,53.2,65.65,0.8133,LOW,-,62.0115,61.9224,44.5358,1,129.7693,LEADER,33.9882
227,-41,ADI,Analog Devices,Information Technology,Semiconductors,large,416.88,64.77,-0.0041,-0.0621,-0.0815,STRONG_UP,75.3,96.29,84.32,-15.73,55.2,38.54,0.9406,LOW,-,409.9905,369.4064,295.6832,1,137.914,CONTENDER,33.8466
228,-13,HPE,Hewlett Packard Enterprise,Information Technology,"Technology Hardware, Storage & Peripherals",large,37.2,66.84,0.0513,0.1816,0.5374,STRONG_DOWN,78.59,115.61,112.94,-23.73,56.4,49.74,0.8656,LOW,-,32.121,27.8526,23.9823,1,131.0877,CONTENDER,33.8155
229,24,MDGL,MADRIGAL PHARMACEUTICALS INC,Health Care,,large,527.67,72.41,0.0249,0.0177,0.2008,FLAT,-10.25,94.81,136.32,-29.36,50.0,41.3,0.452,LOW,-,518.7755,510.6608,486.3294,1,114.7768,CONTENDER,33.7741
230,9,STEL,STELLAR BANCORP INC,Financials,,small,37.32,83.28,-0.0065,0.0035,-0.0448,FLAT,20.03,41.13,69.39,-11.68,50.8,13.18,0.8552,LOW,-,37.2215,37.0124,33.3611,1,158.5148,LEADER,33.6394
231,64,BBIO,BRIDGEBIO PHARMA INC,Health Care,,large,66.44,73.95,-0.0289,-0.0508,-0.0004,FLAT,-6.41,105.95,138.82,-20.25,51.2,48.05,1.1329,MED,-,67.9725,71.1012,66.184,1,112.8975,CONTENDER,33.5943
232,4,NDSN,Nordson Corporation,Industrials,Industrial Machinery & Supplies & Components,large,288.74,64.46,0.012,0.0114,0.0101,STRONG_UP,24.72,49.57,26.67,-14.15,56.8,23.14,1.2866,MED,-,282.232,276.3976,252.7293,1,121.6798,CONTENDER,33.5514
233,-45,VAL,VALARIS LTD,Energy,,mid,91.96,83.15,-0.1019,-0.0594,-0.0943,FLAT,67.47,138.24,21.35,-18.92,54.4,54.04,0.8887,LOW,-,100.5145,97.6992,68.8905,1,139.1593,LEADER,33.541
234,-64,SVRA,SAVARA INC,Health Care,,small,5.21,80.84,0.0228,0.0343,-0.1104,FLAT,0.0,144.03,25.54,-31.99,48.8,51.75,0.5633,LOW,-,5.1165,5.2896,4.9091,1,135.8178,LEADER,33.5182
235,89,VLY,VALLEY NATIONAL,Financials,,mid,13.64,93.38,0.0172,0.0121,0.0114,STRONG_UP,24.96,62.45,107.98,-13.64,53.2,26.85,1.1083,MED,-,13.3525,12.9786,11.6743,1,123.7363,LEADER,33.4887
236,-40,ARM,Arm Holdings,Technology,Semiconductors,large,302.71,87.5,0.1902,0.5909,1.3717,STRONG_DOWN,124.71,123.34,142.28,-41.47,53.2,92.98,1.0281,MED,-,235.114,189.7793,148.8162,1,70.5688,LEADER,33.4771
237,0,EME,Emcor,Industrials,Construction & Engineering,large,855.26,76.86,-0.0311,-0.0238,0.1671,STRONG_DOWN,42.03,82.65,118.18,-25.15,57.6,38.59,0.53,LOW,-,894.1775,829.0573,707.9032,1,123.3693,LEADER,33.4599
238,93,APP,AppLovin,Information Technology,Application Software,large,567.83,50.26,0.1281,0.1152,0.0171,STRONG_UP,1.43,45.5,582.24,-49.99,54.0,68.53,1.731,HIGH,-,482.457,451.6942,534.969,1,35.8533,CONTENDER,33.4332
239,-16,RSI,RUSH STREET INTERACTIVE INC CLASS,Consumer Discretionary,,mid,27.08,95.97,-0.0673,0.1263,0.4061,STRONG_DOWN,54.57,116.81,207.73,-29.47,51.6,47.54,0.7505,LOW,-,27.621,24.3254,20.4456,1,126.7895,LEADER,33.3914
240,-104,BHE,BENCHMARK ELECTRONICS INC,Information Technology,,mid,86.02,72.02,-0.0206,0.1008,0.199,STRONG_DOWN,96.31,139.65,104.43,-12.85,56.0,50.31,0.6733,LOW,-,84.022,69.9864,51.6107,1,155.4391,CONTENDER,33.3016
241,23,XMTR,XOMETRY INC CLASS A,Industrials,,mid,94.56,91.32,-0.0034,1.0229,1.1096,STRONG_DOWN,70.47,175.44,479.77,-49.93,56.8,105.9,0.4485,LOW,-,76.5358,56.5365,55.2004,1,94.1004,LEADER,33.2057
242,-90,AMRC,AMERESCO INC CLASS A,Industrials,,small,35.94,88.43,0.1845,0.2823,0.148,FLAT,10.41,155.62,3.6,-44.48,53.2,68.84,0.9332,LOW,-,30.9845,28.193,30.7314,1,120.2632,LEADER,33.1845
243,47,CC,CHEMOURS,Materials,,mid,22.5,83.82,-0.0365,-0.118,0.33,FLAT,97.35,129.7,-9.17,-39.78,55.2,67.94,0.5538,LOW,-,24.0845,22.8642,16.7057,1,105.3828,LEADER,33.082
244,-75,ROG,ROGERS CORP,Information Technology,,small,145.85,67.36,0.0474,-0.0229,0.0872,FLAT,82.36,119.16,23.14,-14.4,52.0,39.96,0.9571,LOW,-,137.342,123.1484,98.0715,1,155.0611,CONTENDER,33.0624
245,0,APGE,APOGEE THERAPEUTICS INC,Health Care,,mid,77.75,74.71,-0.0475,-0.0931,0.1426,FLAT,14.59,113.6,62.45,-26.99,50.0,59.77,4.352,HIGH,-,82.0485,82.3858,65.543,1,95.03,CONTENDER,33.0568
246,-81,ZYME,ZYMEWORKS INC,Health Care,,small,24.79,75.48,-0.0048,-0.1166,0.0585,FLAT,-0.8,120.75,184.62,-20.28,53.2,44.23,0.7423,LOW,-,25.4255,25.7941,22.0492,1,145.2361,LEADER,32.965
247,-12,ACLS,AXCELIS TECHNOLOGIES INC,Information Technology,,mid,157.91,76.17,0.0066,0.0289,0.6302,STRONG_DOWN,100.16,174.39,36.92,-26.2,52.4,70.35,0.7362,LOW,-,153.166,126.2398,95.8354,1,129.892,LEADER,32.925
248,-18,ORA,ORMAT TECH INC,Utilities,,mid,139.69,100.0,0.0486,0.2485,0.3332,STRONG_DOWN,25.49,93.45,90.91,-20.05,57.6,39.05,0.8564,LOW,-,125.7061,117.1312,110.0027,1,137.8383,LEADER,32.8792
249,-4,SYNA,SYNAPTICS INC,Information Technology,,mid,141.64,73.06,0.0418,0.4938,0.4792,FLAT,116.21,141.46,51.2,-29.31,52.0,69.98,1.0927,MED,-,119.763,94.087,79.3446,1,105.1141,CONTENDER,32.8629
250,-29,ASML,ASML Holding,Technology,Industrial Machinery,large,1597.87,75.0,0.0419,0.2212,0.1101,FLAT,62.32,115.72,63.89,-17.85,56.8,50.98,0.7267,LOW,-,1521.6995,1444.4895,1182.9498,1,128.9339,LEADER,32.8119
251,82,GM,General Motors,Consumer Discretionary,Automobile Manufacturers,large,84.12,91.28,0.0592,0.0634,0.0786,STRONG_DOWN,19.0,76.55,99.17,-16.0,53.2,34.4,1.3429,MED,-,76.9485,76.541,72.1295,1,118.3927,LEADER,32.7424
252,-20,DCO,DUCOMMUN INC,Industrials,,small,148.66,83.88,0.0047,0.0255,0.2349,STRONG_DOWN,70.34,114.05,157.91,-16.03,58.4,43.88,0.7456,LOW,-,143.5745,136.8936,110.3309,1,151.7938,LEADER,32.6543
253,-11,MRCY,MERCURY SYSTEMS INC,Industrials,,mid,97.11,81.82,-0.0093,0.2556,0.1044,FLAT,45.66,100.89,210.65,-32.19,54.8,48.19,0.6615,LOW,-,89.9725,83.2044,79.5798,1,114.7281,LEADER,32.5715
254,3,AGX,ARGAN INC,Industrials,,mid,673.51,94.63,0.0348,0.0546,0.5098,STRONG_DOWN,81.45,223.05,889.51,-24.96,54.0,95.18,0.6218,LOW,-,682.247,609.9594,394.0112,1,126.547,LEADER,32.51
255,163,ADTN,ADTRAN HOLDINGS INC,Information Technology,,small,19.4,70.98,0.2915,0.0512,0.6985,FLAT,163.95,138.04,242.76,-31.67,54.0,73.97,2.8678,HIGH,-,15.942,14.9256,10.6199,1,100.7704,CONTENDER,32.4498
256,-1,APA,APA Corporation,Energy,Oil & Gas Exploration & Production,large,36.62,78.65,-0.0097,-0.0137,0.2044,FLAT,52.46,122.03,33.72,-19.49,52.4,51.89,0.4771,LOW,-,38.6635,38.9687,28.2328,1,123.231,LEADER,32.4246
257,2,C,Citigroup,Financials,Diversified Banks,large,125.39,96.52,0.0008,-0.0097,0.066,FLAT,27.03,70.91,112.28,-14.76,56.8,30.61,0.6239,LOW,-,125.5748,122.1221,109.1386,1,131.5783,LEADER,32.4015
258,-49,SEI,SOLARIS OILFIELD INFRASTRUCTURE IN,Energy,,mid,71.49,87.64,0.0596,-0.0009,0.3438,FLAT,56.54,155.75,735.25,-26.43,52.4,67.61,0.9506,LOW,-,74.326,67.4534,51.0226,1,120.7098,LEADER,32.3737
259,22,JBHT,J.B. Hunt,Industrials,Cargo Ground Transportation,large,270.87,80.58,-0.0032,0.0666,0.2094,STRONG_DOWN,63.17,97.26,74.51,-15.87,51.6,37.07,0.5213,LOW,-,251.3991,234.3492,191.9597,1,135.3855,LEADER,32.3476
260,-14,PWR,Quanta Services,Industrials,Construction & Engineering,large,733.62,84.3,-0.0002,0.1494,0.3189,STRONG_DOWN,65.81,115.78,162.95,-11.66,56.8,46.07,0.6234,LOW,-,742.136,646.2609,497.5507,1,142.7402,LEADER,32.3362
261,-12,OLMA,OLEMA PHARMACEUTICALS INC,Health Care,,small,12.91,83.91,-0.078,-0.119,-0.4538,STRONG_UP,-48.46,160.28,39.57,-64.0,46.8,78.18,0.6407,LOW,-,14.067,14.789,16.6505,0,95.9479,LAGGARD,32.1992
262,-10,PLXS,PLEXUS CORP,Information Technology,,mid,268.26,66.32,-0.0132,-0.0608,0.0889,FLAT,94.07,105.34,138.11,-15.51,55.2,41.18,0.4362,LOW,-,261.7535,235.9858,177.5447,1,141.2076,CONTENDER,32.1249
263,43,EGBN,EAGLE BANCORP INC,Financials,,small,27.0,90.94,0.0427,0.0318,0.0075,STRONG_UP,47.9,57.7,59.64,-26.57,55.2,24.74,0.8095,LOW,-,25.8245,25.8471,22.4009,1,128.7374,LEADER,32.0968
264,-51,KTOS,KRATOS DEFENSE AND SECURITY SOLUTI,Industrials,,large,57.3,66.53,-0.0071,-0.0847,-0.3611,STRONG_UP,-22.68,53.5,162.84,-60.15,55.2,69.82,0.7302,LOW,PROGRESS,57.226,67.1014,80.6513,0,42.294,LAGGARD,32.0538
265,1,IRMD,IRADIMED CORP,Health Care,,small,91.84,67.05,0.0132,0.086,-0.0844,FLAT,2.66,80.26,118.53,-20.62,54.8,30.67,0.8693,LOW,-,87.2982,91.7548,87.7774,1,143.3987,CONTENDER,31.9624
266,27,POWI,POWER INTEGRATIONS INC,Information Technology,,mid,86.9,61.14,0.2078,0.1669,0.5421,FLAT,164.4,77.42,15.94,-47.83,52.0,66.43,2.4477,HIGH,-,73.3825,62.6984,46.8991,1,60.5994,CONTENDER,31.9235
267,-9,ESPR,ESPERION THERAPEUTICS INC,Health Care,,small,3.13,91.57,-0.0028,0.6352,-0.0516,FLAT,-1.26,277.11,49.05,-53.19,47.6,130.04,0.5453,LOW,-,3.0105,2.6076,2.9348,1,101.4331,LEADER,31.8064
268,21,WSR,WHITESTONE REIT,Real Estate,,small,18.99,92.94,-0.0079,-0.0115,0.2157,FLAT,46.08,61.68,57.15,-12.73,52.8,28.72,2.7947,HIGH,-,18.9715,18.1124,14.5134,1,113.3997,LEADER,31.7454
269,7,FIGS,FIGS INC CLASS A,Consumer Discretionary,,mid,12.72,99.33,-0.0015,-0.1572,0.055,FLAT,32.5,194.44,140.0,-32.94,51.2,94.51,0.3283,LOW,-,13.0225,14.1964,10.8899,1,105.3386,LEADER,31.7035
270,-8,OII,OCEANEERING INTERNATIONAL INC,Energy,,mid,38.79,69.66,0.0692,0.0724,-0.0344,FLAT,60.22,103.41,62.71,-15.27,51.2,38.51,0.7518,LOW,-,37.864,36.9744,29.1961,1,137.4842,CONTENDER,31.407
271,-40,CSCO,Cisco,Information Technology,Communications Equipment,large,119.67,64.25,-0.0049,0.2284,0.2814,STRONG_DOWN,58.66,93.28,172.47,-13.57,56.8,38.33,0.9176,LOW,-,104.953,91.4071,77.7737,1,138.2308,CONTENDER,31.3203
272,5,ROST,Ross Stores,Consumer Discretionary,Apparel Retail,large,233.47,87.25,0.0264,0.0332,0.1847,STRONG_DOWN,34.67,68.79,73.14,-11.84,56.0,32.13,1.0444,MED,-,222.3025,220.64,183.9205,1,119.8949,LEADER,31.2951
273,10,CHRW,C.H. Robinson,Industrials,Air Freight & Logistics,large,176.49,78.51,-0.0565,-0.075,-0.021,FLAT,15.03,88.15,114.38,-20.07,54.0,40.93,0.5546,LOW,-,171.961,172.4856,158.1349,1,116.3021,LEADER,31.2761
274,-93,NE,NOBLE CORPORATION PLC,Energy,,mid,47.39,67.42,-0.063,-0.0316,0.0045,STRONG_DOWN,61.21,101.72,13.6,-16.56,51.2,37.24,0.9498,LOW,-,51.1855,49.7888,36.39,1,139.8536,CONTENDER,31.2354
275,7,MCHP,Microchip Technology,Information Technology,Semiconductors,large,96.85,58.03,-0.0162,0.0059,0.0392,STRONG_DOWN,91.04,73.12,3.48,-34.41,50.0,45.86,1.2825,MED,-,95.4314,81.036,69.433,1,79.7253,CONTENDER,31.1622
276,-83,DGII,DIGI INTERNATIONAL INC,Information Technology,,small,66.88,65.8,0.0251,0.0715,0.0803,STRONG_DOWN,63.52,103.28,163.93,-13.49,55.6,38.15,0.6168,LOW,-,61.891,56.0806,44.7252,1,150.5247,CONTENDER,31.1293
277,74,MIAX,MIAMI INTERNATIONAL HOLDINGS INC,Financials,,mid,50.21,93.73,-0.0381,0.0722,0.1814,STRONG_DOWN,12.25,63.34,63.34,-26.79,56.12,33.31,1.0991,MED,-,51.0365,45.5022,,0,106.71,LAGGARD,31.0682
278,-31,SSRM,SSR MINING INC,Materials,,mid,29.71,88.24,-0.0803,0.0216,-0.0659,FLAT,37.99,153.07,454.29,-30.88,56.0,80.42,0.4483,LOW,-,31.241,30.167,24.9597,1,106.5869,LEADER,31.0666
279,-59,CDE,COEUR MINING INC,Materials,,large,17.84,80.88,-0.0395,0.0057,-0.3178,FLAT,20.03,111.86,217.79,-40.44,52.0,73.99,0.4413,LOW,EARLY,18.1551,18.6055,18.4489,0,78.6169,LAGGARD,31.036
280,-37,PRLB,PROTO LABS INC,Industrials,,small,74.39,79.75,0.0124,0.1549,0.2017,STRONG_DOWN,51.02,97.06,140.67,-19.51,52.0,36.11,0.6069,LOW,-,69.6,63.9764,55.8223,1,139.7701,LEADER,30.9233
281,93,CWAN,CLEARWATER ANALYTICS HOLDINGS INC,Information Technology,,mid,24.42,36.79,-0.0506,-0.1382,-0.2207,STRONG_UP,12.53,11.0,29.62,-35.8,50.8,5.25,0.1832,LOW,-,24.312,24.0122,21.8481,1,106.4381,LAGGARD,30.8839
282,-34,NXT,NEXTPOWER INC CLASS A,Industrials,,large,135.78,87.19,0.0492,0.1518,0.291,STRONG_DOWN,56.32,144.16,145.4,-23.27,53.2,69.45,0.8505,LOW,-,127.351,120.632,98.4735,1,110.4329,LEADER,30.8223
283,27,ENVA,ENOVA INTERNATIONAL INC,Financials,,mid,161.26,96.86,-0.0241,-0.0552,0.0686,FLAT,27.84,72.73,167.12,-24.75,56.8,35.89,0.8973,LOW,-,166.0625,155.153,139.5276,1,115.1022,LEADER,30.8174
284,-16,AVGO,Broadcom,Information Technology,Semiconductors,large,421.86,61.66,-0.0416,-0.0947,0.0549,FLAT,12.06,77.62,204.77,-28.67,54.0,41.68,0.7263,LOW,-,420.382,380.9235,350.0871,1,100.5647,CONTENDER,30.7482
285,-61,BKR,Baker Hughes,Energy,Oil & Gas Equipment & Services,large,63.2,55.06,0.0053,-0.0242,-0.0898,STRONG_UP,28.95,75.28,102.94,-16.86,58.0,36.53,0.7126,LOW,-,66.0899,63.5022,53.2656,1,119.5172,CONTENDER,30.7168
286,-46,LINC,LINCOLN EDUCATIONAL SERVICES CORP,Consumer Discretionary,,small,48.1,93.96,-0.0326,0.2107,0.4284,STRONG_DOWN,141.59,102.78,305.22,-27.35,55.6,44.47,0.5645,LOW,-,46.546,42.8418,28.7482,1,128.507,LEADER,30.616
287,-60,GEV,GE Vernova,Industrials,Heavy Electrical Equipment,large,1031.89,83.47,-0.0264,-0.0663,0.1984,FLAT,78.0,113.22,481.57,-17.51,51.6,50.11,0.9054,LOW,-,1058.215,995.739,744.4605,1,116.5901,LEADER,30.5643
288,116,YOU,CLEAR SECURE INC CLASS A,Information Technology,,mid,56.54,70.47,-0.1397,-0.0983,-0.0525,STRONG_DOWN,59.7,136.64,250.04,-22.91,52.4,57.31,0.8948,LOW,-,58.009,54.1256,39.985,1,124.929,CONTENDER,30.4549
289,25,DD,DuPont,Materials,Specialty Chemicals,large,47.66,66.18,-0.0381,0.0607,-0.0361,FLAT,25.52,71.41,44.87,-17.31,52.4,35.84,1.2407,MED,-,48.2044,46.6992,40.6687,1,104.3986,CONTENDER,30.4369
290,4,NATL,NCR ATLEOS CORP,Financials,,mid,45.1,95.82,-0.0054,0.0255,0.0588,STRONG_DOWN,25.59,69.74,64.12,-15.31,53.6,28.38,0.203,LOW,-,44.6005,44.279,40.3281,1,131.7153,LEADER,30.3007
291,-65,FSLR,First Solar,Information Technology,Semiconductors,large,273.67,59.07,0.1013,0.2479,0.1085,FLAT,5.32,74.92,-2.32,-35.1,51.6,45.32,0.9243,LOW,-,229.599,208.6102,226.4302,1,85.3073,CONTENDER,30.2387
292,-21,EYPT,EYEPOINT INC,Health Care,,small,13.16,68.97,0.05,-0.0269,-0.2463,STRONG_UP,-8.61,86.93,18.24,-37.93,52.8,55.18,1.6179,HIGH,-,13.114,13.4526,13.9996,0,83.1823,LAGGARD,30.2253
293,-1,INSM,Insmed Incorporated,Health Care,Biotechnology,large,106.4,62.07,-0.0168,-0.2154,-0.2738,STRONG_UP,-48.58,60.34,121.39,-52.06,54.4,68.28,0.931,LOW,EARLY,117.183,135.9384,155.9745,0,48.0721,LAGGARD,30.1187
294,4,PHIN,PHINIA INC,Consumer Discretionary,,mid,77.9,92.62,-0.0015,0.0721,0.0904,STRONG_DOWN,45.64,81.15,77.26,-20.37,56.0,37.07,0.3463,LOW,-,76.1485,72.1692,63.4561,1,122.5947,LEADER,30.0303
295,23,DK,DELEK US HOLDINGS INC,Energy,,mid,43.04,79.78,0.0243,0.0941,0.1351,STRONG_DOWN,14.5,130.58,73.31,-36.02,50.8,67.33,0.4963,LOW,-,45.2345,43.5006,35.4575,1,98.5204,LEADER,29.8224
296,4,WT,WISDOMTREE INC,Financials,,mid,18.87,99.3,-0.0221,0.141,0.0698,FLAT,71.98,99.85,94.34,-26.67,52.8,49.91,0.5083,LOW,-,18.6256,16.7599,14.4213,1,105.6274,LEADER,29.7359
297,12,AMSC,AMERICAN SUPERCONDUCTOR CORP,Industrials,,small,52.68,78.93,0.0369,0.0957,0.5411,STRONG_DOWN,68.47,88.88,230.7,-61.08,56.0,81.02,1.5446,HIGH,-,52.839,43.1642,42.2753,1,61.4361,LEADER,29.6971
298,17,FSBC,FIVE STAR BANCORP,Financials,,small,42.2,90.24,0.0104,0.0639,0.0431,FLAT,26.49,54.85,91.65,-13.07,49.2,20.15,0.7402,LOW,-,41.1339,39.7227,36.1926,1,133.9159,LEADER,29.622
299,-21,TRVI,TREVI THERAPEUTICS INC,Health Care,,small,14.45,77.78,0.0383,0.0405,0.2716,STRONG_DOWN,26.64,130.83,464.45,-29.5,52.0,55.75,0.4944,LOW,-,14.258,13.3874,11.2754,1,122.0304,LEADER,29.6145
300,29,INCY,Incyte,Health Care,Biotechnology,large,97.34,55.17,-0.0001,-0.0079,-0.0106,STRONG_UP,-8.38,49.92,70.03,-18.33,54.4,24.45,0.6196,LOW,-,97.508,95.706,95.5363,1,111.059,CONTENDER,29.6018
301,-41,TWST,TWIST BIOSCIENCE CORP,Health Care,,mid,64.17,76.63,0.1931,0.0813,0.3347,FLAT,118.79,126.51,51.2,-38.24,51.6,73.25,0.9866,LOW,-,56.6715,53.8556,39.4689,1,89.1176,LEADER,29.5651
302,-23,MIRM,MIRUM PHARMACEUTICALS INC,Health Care,,mid,97.33,75.86,0.0011,0.0319,0.0731,STRONG_DOWN,34.81,122.57,293.09,-20.55,56.4,57.44,0.6497,LOW,-,101.9602,96.8275,83.9158,1,120.3511,LEADER,29.526
303,-49,AMRX,AMNEAL PHARMACEUTICALS INC CLASS A,Health Care,,mid,12.78,66.28,0.0422,-0.0003,-0.1011,STRONG_UP,5.19,77.25,88.22,-22.25,52.8,36.44,0.7392,LOW,-,12.693,12.6175,11.9717,1,111.9375,CONTENDER,29.4526
304,-48,ADEA,ADEIA INC,Information Technology,,mid,28.25,68.91,0.0224,-0.2136,0.1013,FLAT,133.07,121.85,150.19,-34.81,51.6,65.27,0.8759,LOW,-,29.4084,27.6092,19.2417,1,96.3339,CONTENDER,29.3323
305,-4,TPR,"Tapestry, Inc.",Consumer Discretionary,"Apparel, Accessories & Luxury Goods",large,138.83,89.93,-0.0243,-0.0389,-0.0986,STRONG_UP,32.17,75.13,249.21,-19.21,57.2,42.51,0.5288,LOW,-,136.8155,142.2192,126.2237,1,101.0933,LEADER,29.3164
306,24,ADM,Archer Daniels Midland,Consumer Staples,Agricultural Products & Services,large,79.55,95.16,0.0095,0.0957,0.2587,STRONG_DOWN,37.56,69.71,40.15,-12.79,52.0,29.34,0.7695,LOW,-,78.0012,73.1833,64.3412,1,123.5527,LEADER,29.2757
307,-42,NTRS,Northern Trust,Financials,Asset Management & Custody Banks,large,167.94,91.99,0.0082,0.0169,0.1259,STRONG_DOWN,31.96,61.27,116.62,-12.39,56.0,27.53,0.7022,LOW,-,164.2795,155.3694,139.5928,1,124.6302,LEADER,29.2742
308,-57,QBTS,D WAVE QUANTUM INC,Information Technology,,mid,27.48,51.81,0.3746,0.3681,0.1053,STRONG_UP,18.91,56.58,1862.86,-71.01,49.2,118.51,1.0945,MED,-,22.359,18.9912,23.0842,1,23.49,CONTENDER,29.2555
309,-25,PTEN,PATTERSON UTI ENERGY INC,Energy,,mid,11.48,76.4,-0.0062,0.0109,0.3188,STRONG_DOWN,110.71,116.02,14.12,-20.42,54.8,53.44,0.6683,LOW,-,12.1055,11.2524,7.6429,1,118.9735,LEADER,29.2147
310,9,GRC,GORMAN-RUPP,Industrials,,small,75.68,82.64,0.006,-0.0045,0.1942,FLAT,69.46,109.5,134.17,-14.39,54.4,46.02,0.4088,LOW,-,74.8758,69.5258,54.4749,1,129.4405,LEADER,29.1608
311,59,NBN,NORTHEAST BANK,Financials,,small,124.98,88.15,0.0211,-0.0225,0.0605,FLAT,49.01,49.59,115.11,-27.57,51.6,29.25,1.9526,HIGH,-,122.7924,119.3117,107.4046,1,87.4807,LEADER,29.1362
312,-45,APH,Amphenol,Information Technology,Electronic Components,large,140.24,52.85,0.0905,-0.174,-0.3152,STRONG_UP,2.11,60.26,112.73,-28.19,58.0,48.52,1.0222,MED,-,132.4325,135.1597,132.9109,1,72.0279,CONTENDER,29.0596
313,-2,DDOG,Datadog,Information Technology,Application Software,large,221.81,63.73,-0.0063,0.5368,0.6455,STRONG_DOWN,40.0,90.72,81.65,-48.62,48.0,78.57,0.8491,LOW,-,188.607,148.849,142.8022,1,55.4241,CONTENDER,28.9353
314,-40,NG,NOVAGOLD RESOURCES INC,Materials,,mid,8.06,82.35,-0.0355,-0.0112,-0.3541,FLAT,-7.36,125.14,110.44,-45.56,51.6,81.8,0.4492,LOW,EARLY,8.3045,8.7302,9.0616,0,78.939,LAGGARD,28.9074
315,24,GRDN,GUARDIAN PHARMACY SERVICES INC CLA,Health Care,,mid,39.12,67.82,0.0368,0.0372,0.2003,STRONG_DOWN,36.4,82.38,144.5,-22.74,54.8,38.42,0.4748,LOW,-,36.913,37.075,31.0581,1,117.4985,CONTENDER,28.85
316,-36,EWTX,EDGEWISE THERAPEUTICS INC,Health Care,,mid,33.54,80.08,0.0192,0.0788,0.1481,STRONG_DOWN,42.84,139.74,95.45,-19.94,48.4,57.82,0.4801,LOW,-,33.363,32.5134,24.2956,1,116.9759,LEADER,28.8196
317,20,IONQ,IONQ INC,Information Technology,,large,65.4,48.19,0.1972,0.3688,0.3407,FLAT,39.86,37.51,689.86,-67.61,47.2,105.11,0.9827,LOW,-,52.794,42.2126,47.5693,1,16.8442,LAGGARD,28.7988
318,-89,INVX,INNOVEX INTERNATIONAL INC,Energy,,small,27.65,65.17,-0.048,0.0219,-0.029,FLAT,21.43,97.36,47.94,-17.91,54.8,41.96,0.7132,LOW,-,28.32,26.7184,22.717,1,127.1514,CONTENDER,28.5778
319,19,VLO,Valero Energy,Energy,Oil & Gas Refining & Marketing,large,240.34,64.04,0.0107,0.0447,0.1225,STRONG_DOWN,39.34,94.19,56.48,-14.19,55.2,42.74,0.6177,LOW,-,246.5361,241.6608,190.2875,1,121.6533,CONTENDER,28.5446
320,25,MRK,Merck & Co.,Health Care,Pharmaceuticals,large,120.24,62.84,0.0613,0.0893,0.0326,FLAT,21.68,63.59,1.75,-11.37,52.8,27.31,0.7451,LOW,-,113.7865,115.8768,101.7387,1,122.9457,CONTENDER,28.5087
321,15,NAT,NORDIC AMERICAN TANKERS LTD,Energy,,small,5.22,73.03,-0.0089,-0.0324,-0.0701,STRONG_UP,41.27,108.42,44.7,-15.53,53.6,47.31,0.6042,LOW,-,5.6205,5.6814,4.1665,1,122.8341,CONTENDER,28.4428
322,0,SNEX,STONEX GROUP INC,Financials,,mid,112.4,98.61,-0.0085,0.0815,0.2691,STRONG_DOWN,100.71,95.3,235.23,-20.91,57.6,49.26,0.4011,LOW,-,112.1115,98.4797,75.4102,1,111.4315,LEADER,28.3398
323,4,VERA,VERA THERAPEUTICS INC CLASS A,Health Care,,mid,34.27,67.43,-0.0129,-0.0804,-0.1739,STRONG_UP,17.2,81.61,-7.7,-40.27,49.2,49.74,0.5256,LOW,EARLY,35.6953,38.5622,36.2487,0,80.725,LAGGARD,28.2537
324,-7,MBX,MBX BIOSCIENCES INC,Health Care,,small,31.88,81.99,0.0115,0.0943,-0.0733,FLAT,2.05,154.63,34.8,-37.6,50.4,77.65,0.7949,LOW,-,32.8943,31.7347,26.9721,1,100.3668,LEADER,28.2201
325,133,VVX,V2X INC,Industrials,,mid,77.33,72.31,0.0452,0.1788,0.1299,FLAT,46.29,70.18,68.29,-15.61,54.0,41.93,1.5561,HIGH,-,71.6105,69.3138,62.425,1,90.3827,CONTENDER,28.0791
326,-10,GRAL,GRAIL INC,Health Care,,mid,71.42,64.75,0.0789,0.3647,0.2466,FLAT,-35.89,73.81,422.84,-62.92,50.0,76.06,0.6944,LOW,-,61.196,54.688,69.093,1,48.5233,CONTENDER,28.0538
327,-25,ALNT,ALLIENT INC,Industrials,,small,75.47,86.36,0.1586,0.0027,0.1458,FLAT,45.97,141.78,184.18,-21.88,53.2,66.1,0.9923,LOW,-,68.1726,67.2555,57.456,1,114.1084,LEADER,27.9216
328,49,CGEM,CULLINAN THERAPEUTICS INC,Health Care,,small,15.52,73.18,0.0803,0.208,0.0377,FLAT,20.03,97.96,-32.61,-36.67,49.6,63.98,1.5375,HIGH,-,14.7567,14.2647,10.888,1,75.9421,CONTENDER,27.9112
329,-22,TDW,TIDEWATER INC,Energy,,mid,75.09,60.67,-0.053,-0.0948,-0.0994,STRONG_UP,40.51,83.01,-28.98,-25.16,52.4,44.03,0.8963,LOW,-,82.721,82.884,64.9001,1,98.7929,CONTENDER,27.7884
330,13,PRIM,PRIMORIS SERVICES CORP,Industrials,,mid,130.63,77.27,0.191,-0.2407,-0.123,FLAT,5.81,82.68,139.99,-50.11,55.6,118.29,1.7714,HIGH,PROGRESS,130.3545,144.9097,136.3454,0,38.8627,LAGGARD,27.7614
331,-11,OIS,OIL STATES INTERNATIONAL INC,Energy,,small,8.39,62.92,-0.0088,-0.2253,-0.4289,STRONG_UP,36.2,91.55,79.66,-41.7,53.2,51.73,0.6892,LOW,-,9.4465,10.621,8.1976,1,94.1541,CONTENDER,27.7447
332,0,ATEN,A10 NETWORKS INC,Information Technology,,small,29.15,57.51,-0.0351,-0.1113,0.2576,FLAT,73.98,72.12,94.37,-17.26,56.4,32.73,0.8133,LOW,-,27.789,25.8422,19.9578,1,124.2802,CONTENDER,27.7297
333,-46,ECVT,ECOVYST INC,Materials,,small,13.96,72.06,-0.0482,0.003,0.2388,STRONG_DOWN,63.08,82.96,50.27,-16.33,53.2,34.48,0.611,LOW,-,14.2495,13.6416,10.5825,1,128.004,CONTENDER,27.6047
334,-21,BTU,PEABODY ENERGY CORP,Energy,,mid,26.34,61.8,0.1867,0.0219,-0.2486,STRONG_UP,1.43,90.27,14.34,-40.67,50.0,59.39,0.8092,LOW,PROGRESS,24.8654,28.8068,28.6163,0,75.9992,LAGGARD,27.4481
335,127,LIND,LINDBLAD EXPEDITIONS HOLDINGS INC,Consumer Discretionary,,small,22.57,95.3,0.1305,0.2617,0.1506,FLAT,92.41,113.73,185.34,-23.67,53.2,64.45,1.1072,MED,-,19.681,18.879,15.6607,1,93.8788,LEADER,27.4027
336,-31,UEC,URANIUM ENERGY CORP,Energy,,mid,13.44,75.28,0.1132,-0.0318,-0.193,STRONG_UP,11.17,113.0,79.44,-40.86,50.0,76.74,0.713,LOW,EARLY,14.2905,14.0226,13.7731,0,73.6221,LAGGARD,27.396
337,16,NUVB,NUVATION BIO INC CLASS A,Health Care,,small,4.74,75.1,0.0482,0.0359,-0.1659,STRONG_UP,-36.03,115.45,60.14,-57.55,50.0,74.77,0.6331,LOW,-,4.624,4.5992,5.1469,0,77.2065,LAGGARD,27.3736
338,-17,MLYS,MINERALYS THERAPEUTICS INC,Health Care,,mid,30.01,70.88,0.0528,0.1556,0.0511,FLAT,-29.55,89.46,146.79,-51.66,46.4,65.68,0.7329,LOW,SHIFT,28.542,27.4064,32.2718,0,63.1974,LAGGARD,27.3392
339,141,DAL,Delta Air Lines,Industrials,Passenger Airlines,large,81.8,72.73,0.0702,0.2068,0.1835,FLAT,35.55,70.33,66.6,-22.9,49.6,45.4,1.0353,MED,-,72.0084,69.1591,64.6604,1,76.839,CONTENDER,27.2597
340,32,UNFI,UNITED NATURAL FOODS INC,Consumer Staples,,mid,51.94,96.77,0.0147,0.0765,0.398,STRONG_DOWN,46.1,70.74,340.54,-32.49,51.2,41.2,0.4726,LOW,-,50.8095,47.4178,38.273,1,87.9135,LEADER,27.0541
341,41,SHOO,STEVEN MADDEN LTD,Consumer Discretionary,,mid,43.48,89.26,0.0285,0.159,0.2218,STRONG_DOWN,8.14,74.25,4.83,-31.73,49.2,40.69,0.7879,LOW,-,39.379,37.3272,36.7937,1,89.778,LEADER,27.0439
342,-70,NTCT,NETSCOUT SYSTEMS INC,Information Technology,,mid,41.13,59.59,0.0127,0.1073,0.1432,STRONG_DOWN,55.85,75.92,99.37,-17.38,52.0,33.86,0.8615,LOW,-,38.0345,34.599,28.8401,1,116.5924,CONTENDER,27.0432
343,23,IOVA,IOVANCE BIOTHERAPEUTICS INC,Health Care,,small,4.37,81.61,0.2317,0.2894,0.1703,FLAT,74.8,149.71,-54.95,-54.41,46.4,90.09,0.7945,LOW,-,3.686,3.6394,2.8402,1,77.1089,LEADER,26.999
344,6,MRNA,Moderna,Health Care,Biotechnology,large,47.61,68.2,-0.0134,0.0064,-0.0624,FLAT,97.14,82.76,-68.92,-35.51,49.6,63.17,0.4826,LOW,-,48.4545,50.3992,37.2602,1,64.9848,CONTENDER,26.9028
345,99,BEAM,BEAM THERAPEUTICS INC,Health Care,,mid,31.89,70.11,0.1735,0.04,0.12,FLAT,35.01,88.92,31.67,-38.15,48.0,67.32,1.2728,MED,-,29.82,28.0275,25.8663,1,63.4024,CONTENDER,26.8634
346,83,PBF,PBF ENERGY INC CLASS A,Energy,,mid,38.8,74.16,-0.0117,-0.017,0.0208,FLAT,13.43,110.6,-15.12,-34.86,55.6,75.07,0.5818,LOW,-,41.6381,42.9627,34.2903,1,81.9166,CONTENDER,26.8406
347,-39,WELL,Welltower,Real Estate,Health Care REITs,large,214.18,81.18,-0.0287,-0.012,-0.0018,STRONG_DOWN,6.61,43.36,119.98,-12.61,59.6,23.19,0.4837,LOW,-,215.609,208.4353,190.2184,1,111.4324,LEADER,26.7512
348,9,KEY,KeyCorp,Financials,Regional Banks,large,21.5,82.23,0.0004,-0.0108,-0.0255,STRONG_UP,22.72,40.8,64.11,-17.76,52.8,23.63,0.7025,LOW,-,21.494,21.0742,19.6915,1,91.1579,LEADER,26.7042
349,-46,HG,HAMILTON INSURANCE GROUP LTD CLASS,Financials,,mid,30.61,90.59,-0.0588,-0.0495,0.0127,STRONG_DOWN,19.72,56.8,92.56,-8.48,54.4,25.21,0.82,LOW,-,31.262,30.8698,26.2987,1,122.5625,LEADER,26.6755
350,44,RUN,SUNRUN INC,Industrials,,mid,15.2,84.71,0.0769,0.1586,-0.2387,FLAT,-15.98,125.19,12.59,-47.08,50.4,98.57,0.8319,LOW,SHIFT,13.8032,13.2209,16.6485,0,64.0087,LAGGARD,26.6622
351,-47,LION,LIONSGATE STUDIOS CORP,Communication,,mid,14.0,75.0,0.0858,0.1514,0.5648,STRONG_DOWN,96.63,109.9,72.84,-24.05,47.6,61.6,1.0788,MED,-,12.8105,11.399,8.6117,1,84.9189,LEADER,26.6144
352,-24,AMBA,AMBARELLA INC,Information Technology,,mid,90.58,49.74,0.0421,0.2715,0.0184,FLAT,1.13,45.16,79.9,-49.06,50.0,58.75,2.2578,HIGH,-,78.6775,64.8002,72.0624,1,38.4343,LAGGARD,26.4883
353,32,IRON,DISC MEDICINE INC,Health Care,,mid,69.76,58.62,0.038,0.0336,0.0445,FLAT,-25.87,54.61,101.27,-40.55,53.6,38.19,0.655,LOW,SHIFT,67.6315,66.2703,72.3989,0,76.6455,LAGGARD,26.4788
354,24,HST,Host Hotels & Resorts,Real Estate,Hotel & Resort REITs,large,23.48,91.76,0.0447,0.1064,0.1366,STRONG_DOWN,39.6,60.76,43.91,-9.48,50.0,26.37,0.6988,LOW,-,21.8235,20.6186,18.1744,1,115.2005,LEADER,26.4693
355,5,HUM,Humana,Health Care,Managed Health Care,large,306.27,50.19,0.0044,0.3297,0.6649,STRONG_DOWN,34.76,36.58,-9.84,-47.18,56.4,44.9,0.3295,LOW,-,279.013,226.0176,242.6588,1,45.9436,CONTENDER,26.3473
356,-33,SLB,Schlumberger,Energy,Oil & Gas Equipment & Services,large,56.5,52.81,0.0455,0.0549,0.0349,FLAT,60.41,73.4,28.45,-14.3,51.6,35.78,0.9861,LOW,-,55.9925,53.2676,42.9829,1,105.8508,CONTENDER,26.3304
357,-69,TXN,Texas Instruments,Information Technology,Semiconductors,large,317.45,60.62,-0.0102,0.0547,0.2414,STRONG_DOWN,99.15,77.22,68.3,-29.57,52.0,50.75,0.9043,LOW,-,295.8984,246.4246,200.0125,1,79.1239,CONTENDER,26.2747
358,7,BG,Bunge Global,Consumer Staples,Agricultural Products & Services,large,121.18,87.1,-0.0009,-0.0435,0.0918,FLAT,31.12,56.96,20.99,-15.39,48.0,27.97,0.5819,LOW,-,123.5663,123.7715,102.7773,1,97.7445,LEADER,26.2393
359,66,AMR,ALPHA METALLURGICAL RESOURCE INC,Materials,,mid,200.9,69.12,0.1044,0.0333,0.2151,FLAT,31.01,73.86,-35.14,-34.85,51.2,57.94,1.2744,MED,-,184.909,194.234,181.4902,1,65.2717,CONTENDER,26.1992
360,228,RYAM,RAYONIER ADVANCED MATERIALS INC,Materials,,small,9.1,85.29,0.0256,-0.0774,-0.0374,FLAT,48.94,129.8,63.67,-28.4,51.2,67.64,0.5207,LOW,-,9.121,9.7762,7.7398,1,98.2504,LEADER,26.1604
361,-3,MYE,MYERS INDUSTRIES INC,Materials,,small,23.03,75.0,0.0011,0.0853,0.0429,FLAT,32.23,87.57,60.83,-12.47,55.2,41.74,0.5499,LOW,-,21.8285,21.4968,19.1296,1,115.8107,LEADER,26.1526
362,7,MATX,MATSON INC,Industrials,,mid,184.26,71.9,-0.0567,0.0386,0.1156,STRONG_DOWN,75.92,67.94,52.73,-24.05,53.6,36.29,0.4814,LOW,-,180.7503,172.4166,134.4983,1,100.3461,CONTENDER,26.127
363,-29,SNDX,SYNDAX PHARMACEUTICALS INC,Health Care,,mid,19.61,71.65,-0.0286,-0.0749,-0.0344,FLAT,-0.76,93.77,-2.34,-24.02,49.2,48.51,0.5417,LOW,-,20.2745,22.2788,19.2524,1,95.1086,CONTENDER,26.125
364,-20,MAZE,MAZE THERAPEUTICS INC,Health Care,,small,26.05,77.01,0.038,0.0003,-0.4148,STRONG_UP,-28.94,126.92,63.32,-52.81,50.0,85.33,0.4504,LOW,-,25.953,29.6798,32.9303,0,74.368,LAGGARD,26.0851
365,-24,BNL,BROADSTONE NET LEASE INC,Real Estate,,mid,20.42,77.65,-0.0089,0.0046,0.0365,STRONG_DOWN,14.28,38.55,56.49,-8.34,54.4,17.44,0.4186,LOW,-,20.021,19.5771,18.195,1,120.2585,LEADER,25.9244
366,13,AEO,AMERICAN EAGLE OUTFITTERS INC,Consumer Discretionary,,mid,17.56,85.23,0.0251,0.0089,-0.2562,STRONG_UP,-7.02,63.49,-21.75,-46.69,48.8,54.66,0.8726,LOW,SHIFT,16.329,17.1223,19.2145,0,56.6821,LAGGARD,25.911
367,0,HII,Huntington Ingalls Industries,Industrials,Aerospace & Defense,large,317.56,60.33,-0.0471,-0.1353,-0.2639,STRONG_UP,3.24,43.39,31.14,-30.64,56.4,36.08,0.6897,LOW,EARLY,331.4155,367.9914,342.6958,0,67.8259,LAGGARD,25.8888
368,-56,EBAY,eBay Inc.,Consumer Discretionary,Broadline Retail,large,110.36,81.88,-0.119,0.0976,0.2947,STRONG_DOWN,37.37,54.58,115.49,-20.67,56.0,33.88,0.8116,LOW,-,110.764,101.988,92.1721,1,90.2107,LEADER,25.8534
369,42,COCO,THE VITA COCO COMPANY INC,Consumer Staples,,mid,78.63,100.0,-0.0076,0.5188,0.4406,FLAT,53.75,121.68,191.76,-23.23,54.8,75.67,0.4858,LOW,-,73.1722,59.4656,50.3547,1,88.1205,LEADER,25.765
370,82,CMC,COMMERCIAL METALS,Materials,,mid,76.57,60.29,0.031,0.1153,0.0451,FLAT,27.87,65.16,41.85,-29.96,50.8,38.61,0.9092,LOW,-,70.665,66.6646,65.4482,1,85.7285,CONTENDER,25.7473
371,16,CSX,CSX Corporation,Industrials,Rail Transportation,large,47.14,65.7,-0.0074,0.0289,0.1292,STRONG_DOWN,38.03,52.71,45.03,-11.89,55.6,26.33,0.758,LOW,-,45.424,43.2096,37.9849,1,111.2953,CONTENDER,25.7363
372,-25,PLD,Prologis,Real Estate,Industrial REITs,large,146.52,78.82,0.0045,0.0204,0.003,FLAT,17.71,40.48,49.32,-9.59,53.2,20.1,0.8418,LOW,-,142.85,138.6666,126.9667,1,107.1515,LEADER,25.683
373,90,BANC,BANC OF CALIFORNIA INC,Financials,,mid,19.01,83.97,0.0074,0.0175,-0.0508,FLAT,8.05,41.53,46.85,-20.47,54.0,27.8,1.1574,MED,-,18.7575,18.2854,17.9891,1,80.6754,LEADER,25.6616
374,-12,LEU,CENTRUS ENERGY CORP CLASS A,Energy,,mid,180.13,30.34,0.123,-0.0851,-0.213,STRONG_UP,-27.9,41.01,253.4,-61.35,52.0,78.11,1.0506,MED,EARLY,194.077,194.5386,249.118,0,27.3035,WEAK,25.6566
375,-40,NHC,NATIONAL HEALTHCARE CORP,Health Care,,mid,192.0,69.73,-0.0404,0.0959,0.2208,STRONG_DOWN,46.58,88.37,95.44,-13.13,52.8,40.95,0.7874,LOW,-,186.094,173.4043,142.5005,1,113.9448,CONTENDER,25.6536
376,8,RF,Regions Financial Corporation,Financials,Regional Banks,large,28.09,77.35,0.0166,0.0022,-0.0528,STRONG_UP,15.33,37.27,60.37,-18.45,56.0,24.8,0.8577,LOW,-,27.5765,27.1604,26.5671,1,84.1598,LEADER,25.6212
377,-86,QCOM,Qualcomm,Information Technology,Semiconductors,large,233.4,53.89,0.1033,0.4067,0.3543,FLAT,43.04,61.84,14.35,-33.13,54.4,67.94,1.3643,MED,-,203.993,161.0236,160.3454,1,49.5118,CONTENDER,25.5235
378,70,LQDT,LIQUIDITY SERVICES INC,Industrials,,small,36.06,67.77,0.0133,-0.0022,0.168,FLAT,25.3,55.57,88.3,-21.53,56.4,29.43,,LOW,-,34.9815,33.0824,29.5508,1,106.4857,CONTENDER,25.4203
379,47,IBKR,Interactive Brokers,Financials,Investment Banking & Brokerage,large,80.95,89.2,-0.0377,0.0553,0.0685,STRONG_DOWN,29.96,54.38,154.72,-18.7,54.4,38.51,1.207,MED,-,83.5045,76.6194,70.0684,1,76.8252,LEADER,25.3906
380,20,NTAP,NetApp,Information Technology,"Technology Hardware, Storage & Peripherals",large,142.74,50.78,0.1506,0.1689,0.188,STRONG_DOWN,32.32,45.98,25.68,-24.83,50.8,39.17,2.3883,HIGH,-,119.844,109.6642,109.5078,1,59.636,CONTENDER,25.3734
381,22,PSMT,PRICESMART INC,Consumer Staples,,mid,169.89,90.32,0.0073,0.0882,0.1756,STRONG_DOWN,45.15,60.95,109.7,-10.62,56.4,30.73,0.8129,LOW,-,160.0345,155.89,134.4731,1,111.8615,LEADER,25.3552
382,24,BEN,Franklin Resources,Financials,Asset Management & Custody Banks,large,31.67,89.55,0.0113,0.0857,0.1531,STRONG_DOWN,47.86,54.65,54.3,-19.21,55.6,33.93,0.4057,LOW,-,31.039,27.4461,24.7375,1,89.5575,LEADER,25.345
383,33,PSX,Phillips 66,Energy,Oil & Gas Refining & Marketing,large,174.63,50.56,0.0328,0.1048,0.0913,FLAT,33.14,60.16,31.11,-17.28,55.2,35.07,0.7529,LOW,-,174.7441,171.1744,145.2616,1,94.697,CONTENDER,25.3397
384,-1,HLIT,HARMONIC INC,Information Technology,,small,17.11,62.18,0.3407,0.5265,0.3657,FLAT,89.9,86.59,42.35,-19.1,58.0,60.73,4.0242,HIGH,-,12.924,11.0126,10.2347,1,82.6944,CONTENDER,25.3317
385,292,POR,PORTLAND GENERAL ELECTRIC,Utilities,,mid,51.15,76.92,0.0175,0.0034,-0.0159,STRONG_UP,4.93,27.59,29.15,-12.8,53.2,19.58,1.6615,HIGH,-,49.2475,51.0029,47.6788,1,74.9763,LEADER,25.3176
386,-25,F,Ford Motor Company,Consumer Discretionary,Automobile Manufacturers,large,15.88,85.91,0.1556,0.2947,0.1509,FLAT,25.42,63.85,53.87,-22.31,51.2,50.7,1.324,MED,-,12.9657,12.3314,12.4333,1,64.4753,LEADER,25.3046
387,-62,GNK,GENCO SHIPPING AND TRADING LTD,Industrials,,small,23.32,78.1,-0.0659,-0.0424,0.0511,STRONG_DOWN,26.12,87.78,21.53,-19.16,55.6,44.77,0.816,LOW,-,24.459,23.5494,19.3966,1,109.0163,LEADER,25.2939
388,100,TK,TEEKAY CORPORATION CORP LTD,Energy,,small,11.99,59.55,-0.025,0.012,-0.0613,FLAT,27.2,79.34,70.92,-16.68,51.2,41.82,1.1171,MED,-,12.4868,11.857,9.5619,1,97.1405,CONTENDER,25.2845
389,-26,TPC,TUTOR PERINI CORP,Industrials,,mid,74.47,81.4,-0.0655,-0.156,-0.1485,FLAT,16.63,99.35,247.23,-25.17,54.0,63.26,0.6345,LOW,-,82.8085,80.9911,71.4208,1,84.8047,LEADER,25.2696
390,111,OPLN,OPENLANE INC,Industrials,,mid,36.9,70.66,0.0125,0.1522,0.3155,STRONG_DOWN,49.82,61.84,117.19,-17.32,51.6,34.74,1.4296,MED,-,35.0345,31.6966,29.0513,1,91.8553,CONTENDER,25.2436
391,21,TNK,TEEKAY TANKERS LTD CLASS A,Energy,,mid,73.98,53.93,0.0111,0.0033,-0.0871,STRONG_UP,23.69,74.8,8.43,-18.88,54.0,42.62,0.8066,LOW,-,77.5159,74.2438,61.2707,1,94.7728,CONTENDER,25.2327
392,1,NTB,BANK OF NT BUTTERFIELD & SON LTD,Financials,,mid,56.31,78.4,-0.006,0.0235,0.0587,STRONG_DOWN,24.83,37.84,79.61,-11.44,52.4,17.74,0.6589,LOW,-,55.4139,54.2917,48.5808,1,111.7643,LEADER,25.2254
393,2,EVRG,Evergy,Utilities,Electric Utilities,large,84.17,86.54,0.0092,0.0478,0.0499,STRONG_DOWN,11.13,32.44,70.69,-7.3,60.0,17.19,0.9424,LOW,-,82.0359,81.3834,76.0957,1,113.2352,LEADER,25.2248
394,-46,KSS,KOHLS CORP,Consumer Discretionary,,small,12.93,86.58,0.0133,-0.131,-0.2176,STRONG_UP,-16.54,65.51,-45.66,-51.84,49.2,56.88,1.0427,MED,-,13.188,13.4149,16.3863,0,56.6668,LAGGARD,25.187
395,12,DXPE,DXP ENTERPRISES INC,Industrials,,mid,149.72,74.79,-0.0128,-0.1366,0.0268,FLAT,73.11,77.84,201.61,-32.99,54.0,55.37,0.9384,LOW,-,155.058,150.975,127.6048,1,75.91,CONTENDER,25.1335
396,13,BTDR,BITDEER TECHNOLOGIES GROUP CLASS A,Information Technology,,mid,15.54,36.27,0.1209,0.2259,0.6931,STRONG_DOWN,34.9,8.67,154.34,-71.89,50.8,92.59,2.3698,HIGH,-,13.3905,11.5305,13.4007,1,4.7576,LAGGARD,25.0653
397,71,FISI,FINANCIAL INSTITUTIONS INC,Financials,,small,35.93,86.41,0.0199,0.0372,0.0854,STRONG_DOWN,23.64,46.04,122.49,-13.72,49.2,22.84,1.0362,MED,-,34.8075,33.6462,30.4024,1,99.1695,LEADER,24.9822
398,36,AES,AES Corporation,Utilities,Independent Power Producers & Energy Traders,large,14.68,98.08,-0.0154,0.038,-0.0681,FLAT,8.34,59.12,-22.91,-18.98,53.2,38.38,0.5961,LOW,-,14.4559,14.2584,13.9237,1,81.9496,LEADER,24.9408
399,-44,SXI,STANDEX INTERNATIONAL CORP,Industrials,,mid,275.44,76.45,0.0513,0.0114,0.086,FLAT,17.41,82.63,68.9,-12.72,52.8,42.77,0.7003,LOW,-,258.0886,261.476,238.4554,1,102.0097,LEADER,24.8449
400,66,SENEA,SENECA FOODS CORP CLASS A,Consumer Staples,,small,147.82,91.94,0.0383,0.08,0.1264,STRONG_DOWN,18.5,60.97,144.74,-21.04,58.8,45.84,2.9823,HIGH,-,140.5935,144.8782,123.5447,1,78.2093,LEADER,24.7726
401,93,AZZ,AZZ INC,Industrials,,mid,141.36,69.01,-0.0018,-0.0155,0.0737,FLAT,36.58,58.3,68.91,-18.16,51.6,36.17,1.0968,MED,-,142.3905,135.6259,119.0176,1,83.1726,CONTENDER,24.7119
402,-11,NPO,ENPRO INC,Industrials,,mid,316.42,74.38,0.0025,0.0855,0.2516,STRONG_DOWN,45.25,75.93,118.34,-13.45,54.8,38.62,0.3937,LOW,-,304.95,281.9774,243.533,1,107.7461,CONTENDER,24.6812
403,137,MITK,MITEK SYSTEMS INC,Information Technology,,small,17.19,62.69,0.1115,0.0733,-0.0898,STRONG_UP,92.93,86.64,36.54,-18.01,48.8,48.47,1.2858,MED,-,14.9345,14.4604,11.4525,1,87.2349,CONTENDER,24.6374
404,15,PFG,Principal Financial Group,Financials,Life & Health Insurance,large,104.57,80.49,0.0134,0.0557,0.0638,STRONG_DOWN,25.96,39.84,38.68,-11.96,53.6,21.07,0.4846,LOW,-,101.5095,95.8306,87.576,1,101.3522,LEADER,24.6236
405,5,SPY,SPDR S&P500 ETF,index,index,large,750.46,50.0,0.0124,0.0545,0.0917,STRONG_DOWN,12.86,29.15,45.09,-8.88,56.0,14.45,0.5824,LOW,-,735.2935,699.9613,677.4603,1,112.9752,CONTENDER,24.5913
406,68,DLX,DELUXE CORP,Industrials,,small,24.32,76.03,-0.0061,-0.1965,-0.1179,FLAT,25.69,81.69,23.55,-28.09,50.4,44.95,0.681,LOW,-,25.8392,27.1589,22.7679,1,91.5945,LEADER,24.5594
407,-10,LMND,LEMONADE INC,Financials,,mid,56.63,97.56,-0.0166,-0.1288,0.0081,FLAT,-22.42,74.09,244.26,-47.7,50.0,72.46,0.8373,LOW,PROGRESS,55.276,60.3106,63.9763,0,51.1216,LAGGARD,24.5537
408,73,TCBI,TEXAS CAPITAL BANCSHARES INC,Financials,,mid,98.14,77.0,-0.01,-0.0159,-0.0518,STRONG_UP,10.84,37.11,66.25,-14.21,56.4,26.11,1.4824,MED,-,98.915,98.4776,92.7482,1,80.1509,LEADER,24.5456
409,-28,FSLY,FASTLY INC CLASS A,Information Technology,,mid,16.77,69.43,-0.0719,-0.4689,-0.3279,FLAT,44.32,129.41,102.29,-51.28,47.2,136.84,0.4048,LOW,-,21.0012,24.5761,14.2028,1,44.6378,CONTENDER,24.4708
410,22,LLY,Lilly (Eli),Health Care,Pharmaceuticals,large,1082.92,56.7,0.0601,0.2376,0.0787,FLAT,1.54,51.6,35.92,-23.64,54.8,36.88,0.638,LOW,-,993.1692,945.4582,929.7254,1,76.6694,CONTENDER,24.4604
411,-3,BFH,BREAD FINANCIAL HOLDINGS INC,Financials,,mid,89.92,97.91,0.0217,0.0523,0.1193,STRONG_DOWN,38.57,76.01,122.57,-19.26,56.4,46.27,0.7585,LOW,-,86.1065,82.3284,71.0658,1,92.6481,LEADER,24.4205
412,3,EL,Estée Lauder Companies (The),Consumer Staples,Personal Care Products,large,91.2,80.65,0.15,0.1787,-0.1178,FLAT,-1.67,39.81,-24.84,-43.62,52.4,56.81,0.926,LOW,SHIFT,82.215,78.1358,93.1465,0,36.7211,LAGGARD,24.3796
413,24,PII,POLARIS INC,Consumer Discretionary,,mid,69.25,93.29,0.0525,0.0398,0.1318,FLAT,8.64,83.02,-7.47,-34.21,51.2,64.94,0.4675,LOW,-,65.7825,59.928,61.6815,1,65.4518,LEADER,24.3569
414,14,FITB,Fifth Third Bancorp,Financials,Regional Banks,large,49.89,75.96,0.0173,0.0023,-0.0501,STRONG_UP,19.93,36.65,46.17,-21.21,52.8,26.93,0.9637,LOW,-,49.1385,48.2856,46.2036,1,71.8513,LEADER,24.3432
415,-73,NPKI,NPK INTERNATIONAL INC,Industrials,,small,15.2,77.69,-0.0542,-0.0495,0.0411,STRONG_DOWN,27.2,87.42,93.14,-17.94,51.6,42.88,0.7745,LOW,-,15.461,14.9572,12.9829,1,105.2011,LEADER,24.3429
416,11,KRG,KITE REALTY GROUP TRUST REIT,Real Estate,,mid,27.53,69.41,0.0299,0.0379,0.036,FLAT,24.43,33.03,45.12,-9.27,53.6,16.34,0.587,LOW,-,26.5325,25.6826,23.38,1,108.3535,CONTENDER,24.3072
417,56,EIX,Edison International,Utilities,Electric Utilities,large,71.66,92.31,0.0161,0.0665,-0.0074,FLAT,24.35,37.76,7.19,-13.71,53.2,22.35,0.4465,LOW,-,69.856,70.6909,61.5001,1,89.8755,LEADER,24.2895
418,84,RDW,REDWIRE CORP,Industrials,,small,24.0,67.36,0.5915,1.6416,1.5334,FLAT,345.27,54.94,364.22,-75.4,50.0,124.08,4.0697,HIGH,-,12.956,10.9352,9.1508,1,22.1384,CONTENDER,24.2821
419,-29,DBD,DIEBOLD NIXDORF INC,Information Technology,,mid,78.03,53.37,0.0435,-0.2017,-0.3221,STRONG_UP,23.17,61.22,79.38,-22.53,55.2,40.16,0.4968,LOW,-,75.403,78.2208,68.6859,1,84.1456,CONTENDER,24.2572
420,35,NGVT,INGEVITY CORP,Materials,,mid,68.93,58.82,-0.0038,-0.0743,-0.0128,FLAT,35.26,61.81,44.02,-23.94,52.0,37.13,0.3161,LOW,-,71.34,71.8148,62.6017,1,86.5605,CONTENDER,24.244
421,-32,VTR,Ventas,Real Estate,Health Care REITs,large,88.05,80.0,-0.0146,-0.0097,-0.0076,STRONG_DOWN,13.14,40.53,97.71,-8.39,52.0,19.79,0.5682,LOW,-,87.996,85.3882,77.4846,1,106.4859,LEADER,24.2418
422,18,VSTS,VESTIS CORP,Industrials,,small,11.97,80.99,-0.0105,0.231,0.5491,STRONG_DOWN,97.2,98.18,4.05,-37.54,53.2,73.92,1.094,MED,-,10.7365,9.4212,6.8241,1,70.659,LEADER,24.1843
423,77,LIVN,LIVANOVA PLC,Health Care,,mid,73.9,63.98,-0.0002,0.2022,0.0582,FLAT,22.23,72.7,23.08,-18.89,51.2,46.83,1.0172,MED,-,68.8663,65.8048,60.8378,1,79.4884,CONTENDER,24.1471
424,-98,NVDA,Nvidia,Information Technology,Semiconductors,large,212.6,52.33,-0.1001,-0.1525,-0.1117,FLAT,16.47,57.74,86.76,-20.21,54.4,38.3,0.9486,LOW,-,214.6295,198.0876,187.3399,1,82.0128,CONTENDER,24.1273
425,79,SUPN,SUPERNUS PHARMACEUTICALS INC,Health Care,,mid,46.64,53.26,-0.0449,-0.046,-0.1465,STRONG_UP,3.3,45.07,72.29,-22.6,52.0,32.19,1.0428,MED,EARLY,49.3005,49.791,48.885,0,72.8064,LAGGARD,24.1068
426,-188,JOBY,JOBY AVIATION INC CLASS A,Industrials,,mid,11.48,50.0,0.1066,0.2722,0.1425,FLAT,-17.35,29.57,136.21,-61.06,48.4,68.87,1.032,MED,SHIFT,10.2055,9.3742,12.9042,0,20.7818,LAGGARD,24.0766
427,-73,SMCI,Supermicro,Information Technology,"Technology Hardware, Storage & Peripherals",large,38.19,29.53,0.0921,0.2521,-0.0785,FLAT,14.62,-8.98,-56.34,-66.18,48.0,105.64,0.9213,LOW,-,32.0895,28.1582,36.0035,1,-4.0824,LAGGARD,24.0212
428,125,MAR,Marriott International,Consumer Discretionary,"Hotels, Resorts & Cruise Lines",large,385.86,77.85,-0.0011,0.0769,0.1378,STRONG_DOWN,30.77,47.16,67.91,-12.65,50.4,28.56,1.1044,MED,-,358.6056,350.1877,308.2024,1,83.2178,LEADER,23.9532
429,12,HOOD,Robinhood Markets,Financials,Investment Banking & Brokerage,large,76.23,42.51,0.0024,-0.061,-0.0593,FLAT,-33.7,17.02,272.4,-57.26,52.8,65.11,0.893,LOW,PROGRESS,76.214,76.2437,104.1534,0,13.8061,WEAK,23.9504
430,49,OSCR,OSCAR HEALTH INC CLASS A,Financials,,mid,21.99,91.64,-0.0649,0.2296,0.5915,STRONG_DOWN,33.35,58.32,7.69,-51.71,47.2,64.43,0.7476,LOW,-,21.5565,17.0836,16.5976,1,42.7205,LEADER,23.9356
431,131,ZGN,ERMENEGILDO ZEGNA NV,Consumer Discretionary,,mid,14.41,88.59,0.0314,0.2202,0.2772,STRONG_DOWN,39.63,73.0,19.08,-21.88,47.6,46.86,1.1455,MED,-,12.7685,11.658,10.3567,1,74.1496,LEADER,23.9337
432,-18,XOM,ExxonMobil,Energy,Integrated Oil & Gas,large,147.9,41.57,0.0055,0.0286,-0.0645,FLAT,29.25,49.46,37.5,-15.69,57.6,30.46,0.7669,LOW,-,152.3873,154.4624,129.8351,1,93.5307,LAGGARD,23.9286
433,-35,ORCL,Oracle Corporation,Information Technology,Application Software,large,190.96,40.41,-0.0366,0.0013,0.0157,STRONG_DOWN,-4.07,17.71,56.66,-58.25,50.8,53.31,0.4479,LOW,SHIFT,186.4175,168.5054,206.3513,0,16.8808,WEAK,23.9069
434,0,UNIT,UNITI GROUP INC,Communication,,mid,11.47,62.5,0.0222,0.001,0.3992,FLAT,92.77,56.57,133.27,-44.37,49.2,52.69,0.7196,LOW,-,11.2505,10.4796,7.7659,1,52.8273,CONTENDER,23.7103
435,-55,FFIV,"F5, Inc.",Information Technology,Communications Equipment,large,388.15,47.15,-0.0365,0.1284,0.1395,STRONG_DOWN,64.37,37.02,130.58,-34.73,53.6,33.59,0.8778,LOW,-,359.557,322.3254,293.1606,1,59.0654,LAGGARD,23.6989
436,305,CLDX,CELLDEX THERAPEUTICS INC,Health Care,,mid,31.65,63.6,0.0215,-0.0514,0.0503,FLAT,20.25,69.61,-10.54,-24.23,48.0,40.44,0.4825,LOW,-,32.065,32.1282,27.388,1,82.6281,CONTENDER,23.6926
437,-138,OKLO,OKLO INC CLASS A,Utilities,,mid,67.82,67.31,0.0723,-0.0078,-0.0003,FLAT,-24.27,22.77,528.54,-73.83,48.8,99.05,0.8768,LOW,-,68.2105,61.9216,85.8792,0,11.22,LAGGARD,23.6865
438,-18,SGHC,SUPER GROUP LTD,Consumer Discretionary,,mid,12.88,79.19,-0.1093,0.0417,0.2071,STRONG_DOWN,7.03,49.18,269.21,-39.53,50.8,41.13,0.6247,LOW,-,13.173,11.9212,11.5173,1,60.7485,LEADER,23.6675
439,97,TSHA,TAYSHA GENE THERAPIES INC,Health Care,,small,5.75,78.93,0.0446,-0.0912,0.2755,FLAT,30.09,135.66,76.92,-31.13,50.8,84.36,0.5318,LOW,-,6.206,5.5264,4.6549,1,81.6893,LEADER,23.5738
440,0,CTRE,CARETRUST REIT INC,Real Estate,,mid,41.68,89.41,-0.0038,0.0347,-0.0088,FLAT,16.38,51.62,79.88,-12.25,56.8,31.02,0.3868,LOW,-,40.7605,39.2355,36.5647,1,94.5166,LEADER,23.5269
441,19,BKU,BANKUNITED INC,Financials,,mid,46.64,82.93,0.0038,-0.0024,-0.0696,STRONG_UP,13.72,41.03,75.45,-16.4,52.4,25.58,0.3041,LOW,-,46.4235,45.9246,43.0134,1,84.0515,LEADER,23.4693
442,-4,FCX,Freeport-McMoRan,Materials,Copper,large,63.63,61.76,-0.0015,0.0982,-0.0577,FLAT,56.73,65.52,21.75,-24.9,56.8,55.15,0.4962,LOW,-,61.3365,61.4804,52.1844,1,67.4781,CONTENDER,23.4188
443,-97,ANET,Arista Networks,Information Technology,Communications Equipment,large,154.31,55.44,0.0491,-0.2163,-0.0769,FLAT,26.31,66.3,100.73,-28.33,56.0,60.63,0.7856,LOW,-,151.7835,147.9344,139.9703,1,61.2372,CONTENDER,23.4121
444,20,HTBK,HERITAGE COMMERCE CORP,Financials,,small,13.45,88.85,0.0159,0.1042,0.0014,FLAT,41.04,54.28,82.23,-13.47,50.67,27.79,0.0,LOW,-,12.915,12.7046,11.0759,1,98.9751,LEADER,23.3909
445,-86,AHR,AMERICAN HEALTHCARE REIT INC,Real Estate,,mid,50.46,85.88,-0.032,-0.0124,-0.079,FLAT,4.5,48.84,283.66,-11.77,56.8,29.28,0.5759,LOW,-,50.5295,49.5641,46.8891,1,94.7438,LEADER,23.3646
446,80,IMKTA,INGLES MARKETS INC CLASS A,Consumer Staples,,small,89.11,85.48,0.0138,-0.0251,0.1259,FLAT,18.75,43.78,25.56,-11.7,53.2,26.46,1.1129,MED,-,87.485,88.6734,77.3707,1,88.0329,LEADER,23.3633
447,2,WSFS,WSFS FINANCIAL CORP,Financials,,mid,71.925,77.7,-0.0021,0.0067,0.0682,STRONG_DOWN,30.59,37.54,67.97,-14.91,51.6,20.12,0.6054,LOW,-,71.2655,68.8236,60.2636,1,96.2692,LEADER,23.3523
448,-6,PFS,PROVIDENT FINANCIAL SERVICES INC,Financials,,mid,22.17,80.84,-0.0029,-0.0149,-0.0068,FLAT,20.55,40.05,67.8,-14.49,50.0,21.87,0.6747,LOW,-,22.0337,21.6666,20.1124,1,91.5586,LEADER,23.3421
449,41,PRSU,PURSUIT ATTRACTIONS AND HOSPITALIT,Consumer Discretionary,,small,45.09,84.56,-0.0201,0.0884,0.3255,STRONG_DOWN,35.12,63.13,34.24,-13.94,55.2,33.75,0.6673,LOW,-,42.4945,40.3174,36.6899,1,103.2578,LEADER,23.3418
450,-19,ESE,ESCO TECHNOLOGIES INC,Industrials,,mid,302.75,71.49,-0.0123,-0.0589,0.1015,FLAT,35.03,66.65,181.02,-14.58,55.2,39.23,0.4747,LOW,-,308.268,300.8424,240.8341,1,93.7781,CONTENDER,23.2902
451,5,CUBI,CUSTOMERS BANCORP INC,Financials,,mid,76.12,87.46,0.0053,-0.0031,0.0387,FLAT,12.06,48.88,69.27,-20.31,50.4,30.23,0.6077,LOW,-,75.4355,73.5434,70.958,1,81.486,LEADER,23.255
452,-56,AROC,ARCHROCK INC,Energy,,mid,36.37,39.33,0.0344,0.0028,-0.0342,STRONG_UP,57.57,48.47,96.61,-15.92,53.6,28.02,0.6959,LOW,-,37.693,36.5227,29.0078,1,92.7221,LAGGARD,23.2532
453,22,PNC,PNC Financial Services,Financials,Diversified Banks,large,220.8,71.08,0.0145,0.0102,-0.0202,STRONG_UP,18.93,31.19,55.38,-17.21,52.8,21.46,0.5939,LOW,-,217.4815,215.071,204.4766,1,76.7341,CONTENDER,23.2247
454,62,BLBD,BLUE BIRD CORP,Industrials,,small,70.87,75.62,0.0519,0.1129,0.2246,STRONG_DOWN,29.18,81.3,28.39,-23.45,54.8,47.58,0.8546,LOW,-,67.526,62.7394,56.2045,1,93.6363,LEADER,23.2226
455,-20,CVS,CVS Health,Health Care,Health Care Services,large,92.07,57.09,-0.0157,0.1334,0.2079,STRONG_DOWN,20.21,52.82,86.18,-16.44,57.2,33.95,0.668,LOW,-,90.405,80.9524,77.0303,1,88.9964,CONTENDER,23.2203
456,-83,NTST,NETSTREIT CORP,Real Estate,,mid,20.06,65.88,-0.0318,-0.0418,-0.0488,STRONG_UP,13.13,31.25,31.1,-11.24,53.6,17.68,0.846,LOW,-,20.4745,20.0758,18.7043,1,94.741,CONTENDER,23.2189
457,-14,NXPI,NXP Semiconductors,Information Technology,Semiconductors,large,329.24,56.99,0.0123,0.2797,0.1659,FLAT,73.54,71.0,22.1,-24.58,50.0,64.86,1.128,MED,-,300.394,244.2056,226.0291,1,54.7321,CONTENDER,23.2022
458,52,DRH,DIAMONDROCK HOSPITALITY,Real Estate,,small,11.15,90.59,0.028,0.0719,0.0575,FLAT,29.03,52.76,43.77,-11.92,50.8,27.05,0.836,LOW,-,10.596,10.1187,8.9954,1,99.0868,LEADER,23.159
459,-20,DAWN,DAY ONE BIOPHARMACEUTICALS INC,Health Care,,mid,21.53,89.66,-0.0004,0.0025,0.807,STRONG_DOWN,192.53,241.2,58.19,-23.55,47.37,148.35,0.0,LOW,-,21.4675,18.4178,10.7963,1,77.0196,LEADER,23.1306
460,73,LNTH,LANTHEUS HOLDINGS INC,Health Care,,mid,99.09,49.04,0.0284,0.1825,0.331,STRONG_DOWN,75.41,33.58,24.74,-40.22,52.8,42.81,1.5384,HIGH,-,92.5585,84.7758,67.209,1,41.4167,LAGGARD,23.0917
461,119,SEZL,SEZZLE INC,Financials,,mid,116.05,26.48,0.1022,0.4393,0.3518,FLAT,117.2,4.2,906.8,-72.02,50.8,108.5,1.3759,MED,-,97.4265,81.4148,75.3468,1,1.9675,LAGGARD,23.0539
462,-9,USB,U.S. Bancorp,Financials,Diversified Banks,large,54.69,72.13,-0.0004,-0.0169,-0.0538,STRONG_UP,16.84,31.88,50.07,-16.21,54.0,22.19,0.8319,LOW,-,54.7885,54.2649,51.2167,1,77.573,CONTENDER,23.0478
463,-64,ZS,Zscaler,Technology,EDP Services,large,126.41,37.5,-0.2983,-0.1156,-0.3524,FLAT,-54.91,-50.16,-23.0,-64.89,50.4,90.53,8.5296,HIGH,EARLY,154.1765,144.4252,222.923,0,-27.9272,WEAK,23.0163
464,-17,PI,IMPINJ INC,Information Technology,,mid,157.79,47.67,0.101,0.1789,0.0255,FLAT,0.22,37.35,-0.46,-62.24,50.0,71.23,0.6585,LOW,-,145.7175,122.3332,155.2743,1,26.2193,LAGGARD,22.9668
465,67,ZETA,ZETA GLOBAL HOLDINGS CORP CLASS A,Information Technology,,mid,19.46,49.22,0.0118,-0.0547,-0.1841,STRONG_UP,11.33,44.15,14.47,-40.37,54.0,59.05,1.1775,MED,-,17.857,17.12,18.5357,1,40.3726,LAGGARD,22.8865
466,30,BIIB,Biogen,Health Care,Biotechnology,large,196.97,58.24,0.0461,0.0706,0.0649,FLAT,11.4,54.45,-9.95,-14.34,53.6,33.79,0.762,LOW,-,192.614,186.2254,169.8741,1,86.3722,CONTENDER,22.8861
467,-6,NJR,NEW JERSEY RESOURCES CORP,Utilities,,mid,56.76,82.69,-0.0232,0.0215,0.0877,STRONG_DOWN,19.82,30.34,45.47,-8.68,56.0,16.61,0.5744,LOW,-,56.6395,55.8762,49.4366,1,102.2791,LEADER,22.8555
468,9,MBIN,MERCHANTS BANCORP,Financials,,mid,46.71,86.06,0.011,-0.0487,0.047,FLAT,49.85,45.17,17.6,-18.94,54.8,30.51,0.4294,LOW,-,45.9025,45.7502,37.747,1,81.1245,LEADER,22.8211
469,117,REZI,RESIDEO TECHNOLOGIES INC,Industrials,,mid,30.61,62.4,0.0246,-0.2626,-0.2268,FLAT,-2.11,47.16,42.5,-39.8,53.6,56.84,1.0123,MED,EARLY,34.3685,35.8562,36.3461,0,44.4751,LAGGARD,22.8077
470,42,PEB,PEBBLEBROOK HOTEL TRUST REIT,Real Estate,,small,15.49,94.12,0.0293,0.0829,0.1438,STRONG_DOWN,39.16,69.15,12.27,-16.39,48.4,34.5,0.7296,LOW,-,14.483,13.6994,11.9877,1,97.0101,LEADER,22.7907
471,-25,DCOM,DIME COMMUNITY BANCSHARES INC,Financials,,small,37.1,88.5,0.0052,0.0369,0.1023,STRONG_DOWN,37.15,49.82,113.47,-18.15,52.0,26.99,0.6953,LOW,-,36.485,35.3598,31.3658,1,95.9813,LEADER,22.784
472,128,NUVL,NUVALENT INC CLASS A,Health Care,,mid,107.38,55.56,0.0467,0.0498,0.0505,STRONG_DOWN,-1.96,50.33,60.08,-15.79,51.2,30.84,1.0967,MED,-,102.619,102.4426,96.9505,1,83.5553,CONTENDER,22.7726
473,94,NTLA,INTELLIA THERAPEUTICS INC,Health Care,,small,13.44,50.96,0.0935,0.0146,-0.0419,STRONG_UP,60.96,39.13,-40.85,-71.27,52.4,78.02,1.1535,MED,-,13.2687,13.5535,13.2453,1,26.2809,CONTENDER,22.7099
474,80,LC,LENDINGCLUB CORP,Financials,,small,16.68,94.43,0.0466,-0.0011,-0.0211,STRONG_UP,-0.71,65.48,85.13,-38.28,51.2,48.19,0.7559,LOW,-,16.27,15.7488,16.8764,0,69.5659,LAGGARD,22.7085
475,34,TGT,Target Corporation,Consumer Staples,Consumer Staples Merchandise Retail,large,128.33,79.03,0.0328,0.0147,0.1995,FLAT,54.79,39.61,-5.71,-20.27,54.4,31.19,0.8187,LOW,-,124.8697,122.3924,103.3576,1,69.0942,LEADER,22.6889
476,35,EXPD,Expeditors International,Industrials,Air Freight & Logistics,large,161.51,61.57,-0.0141,0.0826,0.1363,STRONG_DOWN,12.55,45.79,38.94,-15.88,54.4,28.65,0.4627,LOW,-,154.0995,148.8182,140.81,1,86.9507,CONTENDER,22.6806
477,-54,PPTA,PERPETUA RESOURCES CORP,Materials,,mid,26.18,73.53,-0.0952,-0.0442,-0.2563,FLAT,10.32,85.15,316.88,-33.8,53.6,74.9,0.5774,LOW,-,28.0595,28.5955,26.0379,1,60.934,CONTENDER,22.6566
478,-7,RUSHA,RUSH ENTERPRISES INC CLASS A,Industrials,,mid,72.12,64.05,-0.0025,-0.0538,0.0322,FLAT,43.51,49.22,66.78,-20.81,52.0,31.39,0.8686,LOW,-,70.8304,69.6679,60.5349,1,81.541,CONTENDER,22.5442
479,-55,OBK,ORIGIN BANCORP INC,Financials,,small,47.32,84.32,-0.0051,0.0154,0.0866,STRONG_DOWN,34.75,42.34,58.93,-17.09,54.0,23.78,0.5798,LOW,-,46.6023,44.4853,39.4011,1,96.1471,LEADER,22.5389
480,-8,CFFN,CAPITOL FEDERAL FINANCIAL INC,Financials,,small,7.77,85.02,-0.0051,0.0077,0.0391,STRONG_DOWN,23.53,43.95,68.52,-10.59,50.0,21.39,0.5933,LOW,-,7.7041,7.4668,6.729,1,102.7289,LEADER,22.536
481,14,MPC,Marathon Petroleum,Energy,Oil & Gas Refining & Marketing,large,247.05,49.44,0.0153,0.1059,0.1709,STRONG_DOWN,31.05,58.81,43.71,-18.33,56.8,39.54,0.5849,LOW,-,250.2208,238.8318,198.477,1,84.4785,LAGGARD,22.5178
482,43,MD,PEDIATRIX MEDICAL GROUP INC,Health Care,,small,21.65,60.92,-0.0393,-0.0609,0.1074,FLAT,-9.15,57.8,196.17,-23.65,55.2,35.92,0.5534,LOW,-,22.53,21.9658,20.2307,1,88.8223,CONTENDER,22.4964
483,-143,SRRK,SCHOLAR ROCK HOLDING CORP,Health Care,,mid,50.64,65.52,0.0439,0.0801,0.1467,STRONG_DOWN,21.18,75.47,390.22,-34.86,49.2,57.48,0.5518,LOW,-,48.2252,47.4271,41.082,1,64.5966,CONTENDER,22.4834
484,44,ADPT,ADAPTIVE BIOTECHNOLOGIES CORP,Health Care,,mid,13.84,56.32,-0.0114,-0.0181,-0.1423,STRONG_UP,-32.36,51.26,279.18,-39.35,50.8,66.69,1.4358,MED,PROGRESS,13.7385,13.8466,15.1417,0,39.044,LAGGARD,22.4532
485,-28,AKAM,Akamai Technologies,Information Technology,Internet Services & Infrastructure,large,144.43,63.21,-0.0453,0.3641,0.1866,FLAT,63.49,89.0,55.99,-25.44,54.8,80.61,0.6455,LOW,-,135.4395,117.4106,93.8057,1,60.5003,CONTENDER,22.4498
486,-122,IMVT,IMMUNOVANT INC,Health Care,,mid,33.41,79.31,-0.0632,0.2343,0.2362,STRONG_DOWN,43.27,136.95,17.56,-20.98,50.0,85.54,0.8935,LOW,-,29.4523,27.2843,23.318,1,80.0505,LEADER,22.4443
487,-18,CBOE,Cboe Global Markets,Financials,Financial Exchanges & Data,large,347.69,89.9,-0.0405,0.1557,0.1741,STRONG_DOWN,36.95,54.66,97.81,-10.32,54.4,32.65,0.8016,LOW,-,347.253,314.4464,270.4476,1,91.0731,LEADER,22.4129
488,-23,EBC,EASTERN BANKSHARES INC,Financials,,mid,19.96,78.05,0.0023,0.0017,-0.0494,STRONG_UP,10.52,37.7,57.73,-15.04,50.8,23.74,0.4106,LOW,-,19.8095,19.8774,18.7896,1,80.6703,LEADER,22.3793
489,19,UE,URBAN EDGE PROPERTIES,Real Estate,,mid,22.68,64.71,0.0241,0.0104,0.0439,FLAT,22.22,31.1,43.84,-11.99,51.6,17.08,0.5186,LOW,-,21.876,21.2782,19.9621,1,93.955,CONTENDER,22.3403
490,-12,HSY,Hershey Company (The),Consumer Staples,Packaged Foods & Meats,large,197.82,77.42,0.0203,0.0566,-0.0743,FLAT,7.99,30.69,6.46,-22.97,52.0,25.68,0.8753,LOW,-,188.4994,196.236,190.9796,1,62.1427,LEADER,22.3269
491,-9,CTLP,CANTALOUPE INC,Financials,,small,11.2,70.03,-0.0038,0.0391,0.0423,STRONG_DOWN,6.16,30.99,59.09,-10.26,44.77,13.04,0.0,LOW,-,10.9465,10.7356,10.6922,1,106.4117,CONTENDER,22.326
492,886,VRRM,VERRA MOBILITY CORP CLASS A,Industrials,,mid,3.85,0.0,-0.7437,-0.7618,-0.7559,FLAT,-81.73,-83.99,-85.63,-84.99,40.8,143.04,25.5644,HIGH,EARLY,13.397,14.1972,20.0759,0,-23.9574,WEAK,22.3053
493,0,AMAL,AMALGAMATED FINANCIAL CORP,Financials,,small,41.39,81.53,0.008,0.0207,0.0195,FLAT,42.75,40.72,70.32,-24.41,51.2,25.18,0.5459,LOW,-,40.9588,40.4168,33.8083,1,82.7963,LEADER,22.2721
494,-89,SPG,Simon Property Group,Real Estate,Retail REITs,large,206.77,72.94,0.0049,0.005,-0.0004,FLAT,15.91,34.65,54.96,-11.54,52.8,20.92,0.8203,LOW,-,202.8765,197.457,185.0914,1,87.4457,CONTENDER,22.2575
495,-94,Q,Qnity Electronics,Information Technology,Semiconductor Materials & Equipment,large,159.11,55.96,-0.0118,0.0071,0.0168,STRONG_DOWN,116.66,67.19,67.19,-27.12,56.55,59.0,0.7987,LOW,-,151.9415,135.894,,0,64.4006,LAGGARD,22.2134
496,-9,FIBK,FIRST INTERSTATE BANCSYSTEM INC,Financials,,mid,35.66,81.88,0.0099,0.0231,-0.0368,FLAT,15.28,40.76,51.68,-16.87,50.4,25.33,0.8463,LOW,-,35.0129,34.0227,33.0949,1,81.1028,LEADER,22.1276
497,30,CAH,Cardinal Health,Health Care,Health Care Distributors,large,199.84,47.51,0.0003,-0.0319,-0.1011,STRONG_UP,-4.91,31.98,117.1,-20.42,55.2,25.64,0.5932,LOW,-,194.364,203.6132,191.7223,1,68.8401,LAGGARD,22.1095
498,-123,FBNC,FIRST BANCORP,Financials,,mid,58.75,85.37,-0.0121,-0.0053,-0.0383,FLAT,19.13,44.09,94.43,-16.25,48.8,26.37,0.408,LOW,-,58.37,57.4524,54.2981,1,81.596,LEADER,22.1094
499,-45,NRIX,NURIX THERAPEUTICS INC,Health Care,,small,17.47,65.13,0.0612,0.0193,0.1017,FLAT,1.87,74.0,12.42,-37.48,44.8,45.82,0.7225,LOW,-,16.5328,16.1375,14.5449,1,72.3566,CONTENDER,22.0625
500,-79,VIR,VIR BIOTECHNOLOGY INC,Health Care,,small,9.1,71.26,0.022,-0.1186,-0.0067,FLAT,48.69,91.18,-15.19,-27.82,48.4,54.68,0.5364,LOW,-,9.3973,9.5339,7.1148,1,80.7048,CONTENDER,22.031
501,-50,TMP,TOMPKINS FINANCIAL CORP,Financials,,small,87.01,87.11,0.0144,0.0355,0.0725,STRONG_DOWN,30.02,47.86,103.23,-13.03,51.6,25.49,0.647,LOW,-,84.3792,81.7888,73.2818,1,96.8878,LEADER,21.9899
502,-19,EXPE,Expedia Group,Consumer Discretionary,"Hotels, Resorts & Cruise Lines",large,226.56,74.5,-0.0055,-0.0685,0.0768,FLAT,-8.87,36.21,107.87,-37.44,51.2,51.12,0.6952,LOW,EARLY,230.0315,237.027,238.4917,0,36.2633,LAGGARD,21.9379
503,-70,AIR,AAR CORP,Industrials,,mid,112.82,75.21,0.016,0.0231,-0.0283,FLAT,41.61,79.88,59.35,-19.92,51.2,54.34,0.3613,LOW,-,110.326,112.2918,95.2624,1,75.2631,LEADER,21.9279
504,198,DLTR,Dollar Tree,Consumer Staples,Consumer Staples Merchandise Retail,large,95.87,56.45,0.0093,-0.0322,-0.1802,STRONG_UP,-4.37,7.31,-15.17,-38.53,49.6,38.86,1.8061,HIGH,PROGRESS,93.1865,100.238,109.4413,0,9.3292,LAGGARD,21.9253
505,70,HLF,HERBALIFE LTD,Consumer Staples,,small,12.29,88.71,-0.0395,-0.2692,-0.2979,STRONG_UP,2.85,59.82,13.59,-39.28,48.4,55.69,1.0921,MED,-,13.9515,14.8466,12.947,0,51.9876,LAGGARD,21.751
506,13,TFC,Truist Financial,Financials,Diversified Banks,large,48.46,64.46,0.0058,-0.0325,-0.0678,STRONG_UP,8.72,28.76,40.82,-20.67,54.0,24.95,0.5715,LOW,-,48.5045,47.8486,46.6514,1,62.249,CONTENDER,21.7458
507,-8,PCVX,VAXCYTE INC,Health Care,,mid,51.02,62.45,0.0788,-0.1351,-0.1328,FLAT,3.59,62.59,-25.74,-25.17,49.6,44.08,0.9705,LOW,-,52.7805,56.2632,47.6681,1,70.4253,CONTENDER,21.7183
508,149,RCAT,RED CAT HOLDINGS INC,Industrials,,small,10.67,73.97,0.1601,-0.073,-0.1616,STRONG_UP,47.58,74.06,977.78,-60.08,47.6,109.33,1.1004,MED,-,10.1505,12.0496,11.1823,0,32.245,LAGGARD,21.7166
509,15,REAL,THE REALREAL INC,Consumer Discretionary,,small,9.62,91.95,-0.0277,-0.1874,-0.1895,STRONG_UP,-28.21,79.48,135.78,-51.95,48.8,77.01,0.7543,LOW,-,10.463,10.2788,11.6986,0,50.3637,LAGGARD,21.6969
510,292,MGM,MGM Resorts,Consumer Discretionary,Casinos & Gaming,large,41.95,68.46,0.1034,0.0535,0.1501,FLAT,29.56,31.92,7.62,-22.76,48.8,38.47,2.0779,HIGH,-,37.972,37.7798,35.6942,1,40.489,CONTENDER,21.6553
511,-26,TRNO,TERRENO REALTY REIT CORP,Real Estate,,mid,66.75,50.59,0.0005,-0.0049,-0.0178,STRONG_UP,9.03,22.17,27.23,-10.85,57.2,16.67,1.2891,MED,-,65.75,64.4753,60.7175,1,76.0568,CONTENDER,21.6388
512,17,CATY,CATHAY GENERAL BANCORP,Financials,,mid,57.42,76.66,0.0001,0.041,0.0771,STRONG_DOWN,21.98,37.01,69.93,-12.33,53.6,21.93,0.7006,LOW,-,56.679,53.662,49.926,1,90.469,LEADER,21.6091
513,0,SWBI,SMITH WESSON BRANDS INC,Consumer Discretionary,,small,15.24,87.92,-0.0388,-0.0041,0.3277,STRONG_DOWN,81.31,69.24,4.35,-27.81,50.0,43.52,0.7888,LOW,-,15.0955,14.854,11.1504,1,79.5452,LEADER,21.6057
514,-84,IE,IVANHOE ELECTRIC INC,Materials,,small,13.04,70.59,0.0288,-0.0042,-0.2095,STRONG_UP,7.06,80.11,14.99,-45.93,55.2,76.78,0.4514,LOW,-,13.0865,12.9332,13.6846,0,57.5944,LAGGARD,21.5902
515,-26,RTX,RTX Corporation,Industrials,Aerospace & Defense,large,176.59,54.96,-0.0194,-0.0046,-0.0858,FLAT,2.72,35.04,73.59,-19.32,55.6,26.95,0.6252,LOW,PROGRESS,175.1085,185.7628,179.1325,0,72.2961,LAGGARD,21.5843
516,-140,SONO,SONOS INC,Consumer Discretionary,,small,15.93,81.21,0.015,0.0981,0.0464,FLAT,-9.69,52.15,-1.48,-33.72,51.2,38.53,0.712,LOW,-,14.947,14.2004,15.5874,1,69.2974,LEADER,21.5534
517,-58,CRWD,CrowdStrike,Information Technology,Systems Software,large,645.36,48.7,-0.0587,0.2691,0.4343,STRONG_DOWN,27.34,37.65,86.08,-37.18,54.4,48.73,0.877,LOW,-,557.028,471.8532,467.5422,1,42.0345,LAGGARD,21.5528
518,-4,CCNE,CNB FINANCIAL CORP,Financials,,small,30.8,84.67,0.0054,-0.0043,0.0304,FLAT,23.82,43.76,66.35,-13.55,49.6,24.35,0.4587,LOW,-,30.5365,30.0024,26.9924,1,89.1409,LEADER,21.5124
519,129,WTS,WATTS WATER TECHNOLOGIES INC CLASS,Industrials,,mid,314.8,54.13,0.0189,0.0424,-0.0278,FLAT,16.83,31.52,57.47,-15.45,51.6,22.21,1.0643,MED,-,298.931,297.83,289.1581,1,73.2236,CONTENDER,21.5044
520,-132,EQIX,Equinix,Real Estate,Data Center REITs,large,1070.22,55.29,-0.0036,-0.016,0.1021,FLAT,42.17,24.29,45.33,-19.63,51.2,18.04,0.7138,LOW,-,1071.5688,1040.9842,861.9734,1,68.9506,CONTENDER,21.4714
521,-24,KMT,KENNAMETAL INC,Industrials,,mid,34.76,71.07,-0.0615,-0.1233,-0.1117,FLAT,29.5,66.09,48.44,-22.3,52.8,57.85,1.4137,MED,-,36.7631,37.0385,30.136,1,60.3194,CONTENDER,21.4676
522,-46,MAC,MACERICH REIT,Real Estate,,mid,22.69,87.06,0.0034,0.0288,0.0717,STRONG_DOWN,39.88,49.37,64.77,-12.8,54.4,30.74,0.7343,LOW,-,21.963,20.9092,18.6114,1,87.3666,LEADER,21.4164
523,-167,KURA,KURA ONCOLOGY INC,Health Care,,small,10.24,68.58,-0.0124,0.1561,0.2011,STRONG_DOWN,-12.7,84.5,-52.35,-39.04,49.2,58.33,0.9095,LOW,-,9.6175,9.0844,9.2128,1,71.2776,CONTENDER,21.3886
524,-40,MUR,MURPHY OIL CORP,Energy,,mid,35.65,56.18,-0.0265,-0.0629,0.0652,FLAT,16.65,75.49,-8.3,-17.26,52.0,48.71,0.5313,LOW,-,38.995,38.9654,31.6073,1,80.5913,CONTENDER,21.3676
525,89,NEE,NextEra Energy,Utilities,Multi-Utilities,large,87.65,88.46,-0.019,-0.0812,-0.0233,FLAT,4.77,34.29,19.7,-10.45,54.0,26.99,1.0457,MED,-,92.8415,92.64,84.2795,1,68.6066,LEADER,21.3477
526,130,SNPS,Synopsys,Information Technology,Application Software,large,525.92,38.86,0.0048,-0.063,-0.0271,FLAT,29.98,13.73,-10.55,-41.04,52.8,40.77,1.1093,MED,-,505.5245,458.8782,470.4627,1,17.7808,LAGGARD,21.3323
527,-178,KALV,KALVISTA PHARMACEUTICALS INC,Health Care,,small,26.79,78.16,-0.0035,0.3889,0.7172,STRONG_DOWN,100.52,135.0,141.79,-32.79,50.0,93.28,0.7489,LOW,-,26.7375,22.0708,16.1393,1,72.3628,LEADER,21.2704
528,-126,NN,NEXTNAV INC,Information Technology,,mid,21.49,56.48,-0.1245,0.117,0.0109,FLAT,65.82,68.42,172.03,-36.62,54.8,96.14,1.434,MED,-,20.5807,18.857,16.1132,1,38.9978,CONTENDER,21.2368
529,2,APEI,AMERICAN PUBLIC EDUCATION INC,Consumer Discretionary,,small,52.01,90.6,-0.0647,-0.0973,0.1748,FLAT,51.68,75.53,188.46,-22.3,55.2,53.95,0.5551,LOW,-,54.7605,56.3318,42.3671,1,77.2816,LEADER,21.2242
530,-113,CTS,CTS CORP,Information Technology,,small,65.12,54.4,0.0469,0.0506,-0.0407,FLAT,54.18,62.1,22.29,-20.31,54.0,39.12,0.8588,LOW,-,59.4995,54.6449,47.193,1,85.7196,CONTENDER,21.2241
531,-139,ARQT,ARCUTIS BIOTHERAPEUTICS INC,Health Care,,mid,21.15,60.15,0.0304,-0.0957,-0.2428,STRONG_UP,-31.24,55.74,138.18,-37.5,49.6,58.9,0.9177,LOW,EARLY,21.6245,22.6585,23.4049,0,46.9421,LAGGARD,21.2044
532,-46,WST,West Pharmaceutical Services,Health Care,Health Care Supplies,large,312.71,54.02,0.0208,0.0677,0.274,STRONG_DOWN,14.32,48.42,-3.91,-24.7,48.4,37.75,0.5858,LOW,-,308.969,280.6039,264.9709,1,62.0779,CONTENDER,21.1983
533,-165,AEP,American Electric Power,Utilities,Electric Utilities,large,129.57,84.62,-0.0066,-0.0269,0.0065,FLAT,7.79,31.46,56.51,-8.14,52.4,19.48,0.8397,LOW,-,130.9655,131.2677,119.9931,1,84.6379,LEADER,21.1733
534,281,SMP,STANDARD MOTOR PRODUCTS INC,Consumer Discretionary,,small,40.1,75.17,0.0347,0.0736,0.0605,FLAT,8.77,39.42,40.4,-22.56,50.8,34.76,2.348,HIGH,-,37.9522,36.9312,38.1474,1,57.6124,LEADER,21.1239
535,-15,TEAM,Atlassian,Technology,Computer Software,large,89.07,0.0,0.0441,0.3448,0.1512,FLAT,-39.18,-58.19,-45.96,-74.13,45.6,89.69,0.6287,LOW,SHIFT,85.5682,75.0659,125.5934,0,-29.5843,WEAK,21.1125
536,-114,EXTR,EXTREME NETWORKS INC,Information Technology,,mid,26.67,54.92,0.0866,0.4149,0.6391,STRONG_DOWN,56.15,65.45,132.32,-39.87,53.6,69.47,0.6761,LOW,-,23.872,19.3726,18.2741,1,50.4958,CONTENDER,21.1107
537,143,UAL,United Airlines Holdings,Industrials,Passenger Airlines,large,112.62,61.16,0.1155,0.2324,-0.0157,FLAT,17.78,45.32,122.39,-27.5,50.0,58.86,1.3405,MED,-,96.453,94.6694,101.4256,1,38.4948,CONTENDER,21.1034
538,-33,ABCB,AMERIS BANCORP,Financials,,mid,84.96,79.79,-0.0017,0.0025,0.0136,STRONG_DOWN,15.03,39.48,83.19,-13.85,49.6,23.02,0.4775,LOW,-,84.8095,82.095,77.2235,1,85.0619,LEADER,21.0754
539,0,NWN,NORTHWEST NATURAL HOLDING COMPANY,Utilities,,mid,50.28,78.85,-0.0048,-0.0385,0.0281,FLAT,5.77,28.11,54.32,-12.41,56.0,25.88,1.5918,HIGH,-,50.5788,52.0729,46.9675,1,60.8291,LEADER,21.0521
540,24,WS,WORTHINGTON STEEL INC,Materials,,small,42.27,63.24,0.0332,0.1273,-0.012,FLAT,32.34,68.65,29.43,-42.0,54.0,59.9,0.4857,LOW,-,39.626,35.7504,35.1705,1,61.8873,CONTENDER,21.0212
541,-11,NWE,NORTHWESTERN ENERGY GROUP INC,Utilities,,mid,72.35,94.23,-0.0007,0.0113,0.0652,STRONG_DOWN,10.52,38.72,56.24,-10.09,57.2,25.01,0.8009,LOW,-,71.642,70.0196,64.2534,1,88.5655,LEADER,21.0164
542,-129,XPRO,EXPRO GROUP HOLDINGS NV,Energy,,small,15.08,58.43,-0.0524,-0.1239,-0.2002,STRONG_UP,9.83,78.67,-32.98,-18.0,48.4,46.92,0.7309,LOW,-,16.485,16.8024,14.7153,1,81.1546,CONTENDER,20.9684
543,-20,ROK,Rockwell Automation,Industrials,Electrical Components & Equipment,large,456.08,63.64,0.0121,0.1267,0.1326,STRONG_DOWN,19.44,48.06,82.14,-18.73,53.2,35.75,0.3173,LOW,-,438.4446,403.597,381.7001,1,71.522,CONTENDER,20.9641
544,2,CNC,Centene Corporation,Health Care,Managed Health Care,large,58.82,28.74,0.0065,0.1831,0.3874,STRONG_DOWN,54.1,5.17,-19.11,-55.5,54.0,59.01,0.4938,LOW,-,56.6935,44.7664,39.3296,1,4.7285,LAGGARD,20.9531
545,34,NSC,Norfolk Southern,Industrials,Rail Transportation,large,325.68,57.44,0.0109,0.0195,0.0653,STRONG_DOWN,16.04,36.77,52.25,-12.47,54.0,23.42,0.4834,LOW,-,314.5937,301.8892,291.706,1,84.7841,CONTENDER,20.9526
546,-110,CVX,Chevron Corporation,Energy,Integrated Oil & Gas,large,182.4,28.09,0.0124,0.0169,-0.0674,FLAT,24.12,39.71,24.92,-13.99,56.0,27.13,0.736,LOW,-,187.7535,191.2254,166.4398,1,81.9757,LAGGARD,20.9446
547,-12,TALO,TALOS ENERGY INC,Energy,,mid,14.38,57.3,-0.0534,-0.0341,0.1804,STRONG_DOWN,27.82,78.19,24.18,-18.53,54.8,52.93,0.4752,LOW,-,15.624,15.3172,11.9151,1,80.9533,CONTENDER,20.9308
548,3,FRT,Federal Realty Investment Trust,Real Estate,Retail REITs,mid,121.06,71.76,0.0349,0.0623,0.096,STRONG_DOWN,27.39,33.5,34.69,-6.96,51.6,17.68,0.7155,LOW,-,115.61,110.6265,101.5316,1,97.7707,CONTENDER,20.9046
549,17,GCT,GIGACLOUD TECHNOLOGY INC CLASS A,Consumer Discretionary,,small,38.36,94.63,-0.0194,-0.1116,-0.1494,STRONG_UP,10.2,112.4,25.28,-30.83,50.4,93.01,0.5431,LOW,-,39.9865,42.9456,36.6281,1,60.9087,LEADER,20.8746
550,104,LVS,Las Vegas Sands,Consumer Discretionary,Casinos & Gaming,large,51.06,65.1,-0.0177,-0.0576,-0.048,FLAT,-21.39,28.25,18.98,-28.08,53.2,30.09,0.7183,LOW,EARLY,51.5716,53.1067,56.5626,0,49.9518,LAGGARD,20.8524
551,26,AMZN,Amazon,Consumer Discretionary,Broadline Retail,large,271.85,69.8,-0.0209,0.0447,0.3424,STRONG_DOWN,20.14,32.79,49.25,-21.74,56.0,28.55,0.8804,LOW,-,267.9115,244.2782,231.0112,1,64.3189,CONTENDER,20.8323
552,-107,UFCS,UNITED FIRE GROUP INC,Financials,,small,45.04,93.03,-0.0663,0.0949,0.1428,STRONG_DOWN,24.15,62.25,105.33,-9.43,52.8,35.33,0.6884,LOW,-,45.653,41.3268,36.0044,1,93.0264,LEADER,20.816
553,8,VCYT,VERACYTE INC,Health Care,,mid,44.49,63.22,-0.0183,0.3273,0.1654,FLAT,-4.73,66.5,107.41,-39.23,47.6,71.72,0.8804,LOW,-,39.4385,35.443,36.8983,1,44.1385,CONTENDER,20.7928
554,-62,HWM,Howmet Aerospace,Industrials,Aerospace & Defense,large,258.02,65.29,-0.0458,0.0603,0.012,FLAT,29.06,51.83,204.15,-15.89,51.2,37.34,0.8635,LOW,-,257.8529,248.334,216.4532,1,71.0735,CONTENDER,20.7863
555,18,TPH,TRI POINTE HOMES INC,Consumer Discretionary,,mid,46.95,83.89,-0.0467,0.002,0.3188,STRONG_DOWN,45.85,59.15,23.94,-17.47,50.62,53.66,3.3933,HIGH,-,46.8875,46.7082,37.5656,1,55.8014,LEADER,20.7041
556,-7,LUV,Southwest Airlines,Industrials,Passenger Airlines,large,43.68,55.37,0.0668,0.1359,-0.1217,FLAT,32.39,35.49,72.04,-33.49,50.8,49.06,0.986,LOW,-,39.794,39.6376,38.2315,1,36.7476,CONTENDER,20.7026
557,-36,MSTR,MicroStrategy,Technology,Computer Software,large,154.2,12.5,-0.093,-0.1141,0.1857,FLAT,-13.87,-57.67,-7.96,-76.53,44.4,67.19,0.6381,LOW,EARLY,174.224,155.3826,210.1176,0,-38.1067,WEAK,20.6586
558,-16,RXO,RXO INC,Industrials,,mid,25.05,70.25,0.0169,0.27,0.6281,STRONG_DOWN,106.0,61.61,26.07,-43.07,54.8,81.08,0.6082,LOW,-,20.9315,18.0088,15.8166,1,41.6427,CONTENDER,20.6541
559,-56,LAUR,LAUREATE EDUCATION INC,Consumer Discretionary,,mid,33.27,78.52,-0.0566,0.0582,0.0141,FLAT,10.79,49.13,108.46,-16.33,56.0,37.4,0.4187,LOW,-,32.4732,33.1637,31.8042,1,73.5576,LEADER,20.6437
560,-93,NEOG,NEOGEN CORP,Health Care,,mid,9.2,55.94,0.0391,-0.0188,-0.1704,STRONG_UP,57.0,50.57,-31.95,-27.71,54.0,48.6,0.8966,LOW,-,8.9095,9.157,7.8158,1,56.192,CONTENDER,20.6212
561,-46,ETR,Entergy,Utilities,Electric Utilities,large,111.51,96.15,-0.0158,0.0025,0.079,STRONG_DOWN,18.2,39.79,119.69,-7.1,54.0,24.63,0.6841,LOW,-,112.9234,111.384,98.2117,1,87.2423,LEADER,20.6196
562,-18,GDOT,GREEN DOT CORP CLASS A,Financials,,small,12.96,80.14,0.0001,0.0782,0.0837,STRONG_DOWN,9.74,39.5,29.08,-30.95,48.8,26.85,0.5334,LOW,-,12.6505,12.0076,12.4598,1,71.8002,LEADER,20.519
563,-72,PANW,Palo Alto Networks,Information Technology,Systems Software,large,248.47,46.11,-0.0441,0.2235,0.404,STRONG_DOWN,35.12,32.31,61.34,-36.01,54.0,44.79,0.9809,LOW,-,219.486,187.3926,188.4297,1,38.9485,LAGGARD,20.5066
564,-6,AIZ,Assurant,Financials,Multi-line Insurance,large,252.06,66.2,-0.0202,0.0814,0.0803,FLAT,12.41,29.34,54.19,-12.57,57.2,22.08,0.5051,LOW,-,245.1905,230.919,224.2275,1,76.0091,CONTENDER,20.4689
565,-59,IRM,Iron Mountain,Real Estate,Other Specialized REITs,large,127.01,74.12,0.0013,0.1129,0.1386,STRONG_DOWN,52.7,35.12,70.24,-25.15,54.4,34.75,0.6344,LOW,-,126.6465,115.587,99.6537,1,54.9846,CONTENDER,20.4514
566,37,CTBI,COMMUNITY TRUST BANCORP INC,Financials,,small,66.71,74.91,0.0026,0.0144,0.0546,STRONG_DOWN,23.52,35.61,71.28,-12.48,52.0,22.73,1.1791,MED,-,65.6395,63.9412,58.5109,1,81.465,CONTENDER,20.4496
567,18,TRS,TRIMAS CORP,Materials,,small,41.16,55.88,0.0035,0.1253,0.1049,FLAT,25.55,55.94,55.79,-22.24,55.6,39.27,0.7751,LOW,-,39.7518,37.8652,36.4653,1,79.2081,CONTENDER,20.4183
568,-20,RYTM,RHYTHM PHARMACEUTICALS INC,Health Care,,mid,91.42,57.47,0.0058,0.0825,-0.0509,FLAT,-14.22,53.41,152.47,-35.54,50.8,53.69,0.5541,LOW,SHIFT,89.536,87.1331,98.6464,0,50.5398,LAGGARD,20.3769
569,-183,LILAK,LIBERTY LATIN AMERICA LTD CLASS C,Communication,,small,8.01,66.67,0.0176,-0.0544,-0.1128,STRONG_UP,-4.98,59.56,-7.08,-22.55,52.4,41.53,0.9918,LOW,-,7.952,8.2468,8.0819,0,75.1514,LAGGARD,20.3723
570,-33,DYN,DYNE THERAPEUTICS INC,Health Care,,mid,18.16,57.85,0.0314,-0.0039,0.139,FLAT,-16.2,54.42,-39.49,-44.65,47.6,75.28,0.5229,LOW,-,17.6715,18.2518,17.2215,1,34.4112,CONTENDER,20.3651
571,54,PBI,PITNEY BOWES INC,Industrials,,small,15.61,68.18,-0.0133,-0.0209,0.4803,FLAT,62.97,56.1,228.34,-28.28,52.0,40.72,0.4339,LOW,-,15.4964,13.3564,11.2326,1,71.6348,CONTENDER,20.3318
572,25,NI,NiSource,Utilities,Multi-Utilities,large,47.47,71.15,-0.0025,-0.0045,0.0414,FLAT,10.79,25.78,80.13,-9.14,56.4,17.83,0.4059,LOW,-,47.4285,47.0586,43.6803,1,81.5352,CONTENDER,20.2978
573,-55,INOD,INNODATA INC,Industrials,,small,89.0,85.54,-0.0939,1.1118,0.8908,FLAT,56.33,126.23,590.99,-63.03,47.6,192.34,0.9824,LOW,-,76.163,55.5442,57.0625,1,31.2399,LEADER,20.2911
574,18,MNST,Monster Beverage,Consumer Staples,Soft Drinks & Non-alcoholic Beverages,large,89.24,82.26,0.0109,0.1519,0.1008,FLAT,21.85,39.94,72.78,-17.7,56.0,37.13,0.7852,LOW,-,83.21,78.108,73.9874,1,60.2387,LEADER,20.2434
575,68,IVT,INVENTRUST PROPERTIES CORP,Real Estate,,mid,33.05,52.94,0.0093,-0.0026,0.0329,FLAT,19.79,22.89,47.61,-8.63,51.2,15.15,1.3048,MED,-,31.967,31.6615,29.3318,1,77.3552,CONTENDER,20.2224
576,133,VAC,MARRIOTT VACATIONS WORLDWIDE CORP,Consumer Discretionary,,mid,84.12,67.11,0.093,0.1794,0.2931,STRONG_DOWN,65.57,29.53,-2.57,-45.84,51.2,60.55,1.038,MED,-,74.1825,71.5296,64.4761,1,24.9736,CONTENDER,20.2191
577,-27,JOE,ST JOE,Real Estate,,mid,63.87,83.53,-0.0254,-0.1149,-0.1147,FLAT,10.45,47.25,17.49,-16.94,50.4,34.15,0.7255,LOW,-,64.551,65.7238,60.1718,1,69.7378,LEADER,20.1539
578,-207,SFL,SFL LTD,Energy,,small,11.5,32.58,-0.037,0.0493,0.01,FLAT,43.3,42.04,-7.11,-27.85,53.2,28.94,0.9213,LOW,-,12.1045,11.3152,9.0178,1,77.2879,LAGGARD,20.1414
579,10,SYF,Synchrony Financial,Financials,Consumer Finance,large,72.09,60.28,-0.0033,-0.0406,-0.0403,FLAT,-2.47,25.7,72.89,-27.61,54.0,29.45,0.7133,LOW,-,72.5026,71.6488,73.762,0,47.1167,LAGGARD,20.0842
580,18,SMBC,SOUTHERN MISSOURI BANCORP INC,Financials,,small,69.195,73.87,0.0054,0.0061,0.0576,STRONG_DOWN,26.1,33.36,69.93,-17.68,51.6,20.07,0.5806,LOW,-,68.272,66.2612,59.5715,1,85.7596,CONTENDER,20.0833
581,-40,COMP,COMPASS INC CLASS A,Real Estate,,mid,8.38,82.35,-0.0036,0.0472,-0.1948,FLAT,-20.94,43.99,110.55,-50.81,46.4,85.39,0.6044,LOW,SHIFT,8.0925,7.7924,9.2402,0,23.9017,LAGGARD,20.0793
582,12,CRSP,CRISPR THERAPEUTICS AG,Health Care,,mid,53.53,52.87,0.0998,0.0247,-0.1161,STRONG_UP,4.45,43.8,-2.39,-42.25,49.2,62.43,0.9546,LOW,SHIFT,51.575,51.1755,55.7127,0,34.519,LAGGARD,20.0731
583,-18,UNH,UnitedHealth Group,Health Care,Managed Health Care,large,384.01,47.89,-0.0009,0.0435,0.3673,STRONG_DOWN,22.11,32.45,-20.36,-28.96,51.6,33.16,0.5411,LOW,-,381.602,334.5112,322.4187,1,50.4909,LAGGARD,20.0572
584,181,PTCT,PTC THERAPEUTICS INC,Health Care,,mid,70.66,54.41,-0.0078,0.0022,0.0549,STRONG_DOWN,-11.49,49.45,93.75,-27.17,53.2,49.86,1.3547,MED,-,69.3975,69.1283,68.3341,1,52.7626,CONTENDER,20.0215
585,57,URI,United Rentals,Industrials,Trading Companies & Distributors,large,988.24,59.09,0.0221,0.0153,0.1744,FLAT,22.38,39.94,51.28,-30.04,54.8,55.87,0.647,LOW,-,947.0091,847.3064,871.1307,1,39.171,CONTENDER,20.0158
586,119,CDNS,Cadence Design Systems,Information Technology,Application Software,large,374.05,44.56,0.0168,0.0005,-0.0047,STRONG_UP,22.85,29.6,26.28,-28.85,52.8,38.67,0.998,LOW,-,353.892,318.6706,322.8565,1,40.4212,LAGGARD,19.9457
587,86,RLJ,RLJ LODGING TRUST REIT,Real Estate,,small,9.95,84.71,0.0402,0.2135,0.1923,FLAT,36.96,48.35,15.0,-14.61,52.4,32.19,0.5407,LOW,-,8.994,8.2224,7.4842,1,78.7123,LEADER,19.8685
588,5,BKH,BLACK HILLS CORP,Utilities,,mid,74.5,90.38,-0.0031,0.0113,0.0373,STRONG_DOWN,6.79,34.49,47.53,-10.45,57.6,24.21,0.5938,LOW,-,73.8842,72.5197,67.5277,1,82.0684,LEADER,19.8632
589,-30,GL,Globe Life,Financials,Life & Health Insurance,large,154.39,66.55,-0.0043,0.0219,0.041,STRONG_DOWN,16.35,29.7,87.2,-10.87,55.2,20.23,0.6243,LOW,-,154.062,148.286,140.8496,1,81.0436,CONTENDER,19.8527
590,-27,INDB,INDEPENDENT BANK CORP,Financials,,mid,78.92,73.52,-0.004,0.0125,-0.0484,FLAT,13.07,32.79,68.8,-14.3,47.6,20.57,0.7063,LOW,-,77.785,77.2745,73.576,1,75.8792,CONTENDER,19.8391
591,10,ODFL,Old Dominion,Industrials,Cargo Ground Transportation,large,219.45,56.61,0.0124,-0.0244,0.1281,FLAT,66.4,36.05,28.23,-26.06,53.6,41.67,0.7755,LOW,-,203.1425,203.017,169.4979,1,46.3693,CONTENDER,19.8092
592,-8,UVSP,UNIVEST FINANCIAL CORP,Financials,,small,39.41,75.61,0.0068,0.0466,0.1124,STRONG_DOWN,27.59,36.39,91.08,-14.01,49.6,21.19,0.6655,LOW,-,38.4934,36.6255,32.8625,1,85.1813,LEADER,19.7928
593,15,VC,VISTEON CORP,Consumer Discretionary,,mid,117.84,76.51,0.0333,0.0657,0.2332,STRONG_DOWN,16.89,41.51,8.79,-33.97,46.8,40.43,0.8517,LOW,-,112.141,101.5064,105.1647,1,48.0533,LEADER,19.7693
594,-39,CTRI,CENTURI HOLDINGS INC,Industrials,,mid,31.02,68.6,0.0177,-0.1392,0.0073,FLAT,51.17,56.9,16.84,-30.72,52.4,58.9,0.6113,LOW,-,33.7335,32.5648,26.3655,1,50.6246,CONTENDER,19.7681
595,-25,DHT,DHT HOLDINGS INC,Energy,,mid,16.91,48.31,0.0155,-0.0032,-0.1529,STRONG_UP,34.86,58.69,58.82,-15.22,50.8,40.61,0.9613,LOW,-,17.7,17.4546,13.8712,1,73.4164,LAGGARD,19.7624
596,17,PSKY,Paramount Skydance Corporation,Communication Services,Movies & Entertainment,large,10.62,22.73,0.0423,-0.0043,-0.045,STRONG_UP,-28.85,-10.75,-8.49,-55.05,45.6,68.32,0.5449,LOW,SHIFT,10.493,10.3338,13.2243,0,-7.1781,WEAK,19.7568
597,-19,XHR,XENIA HOTELS RESORTS REIT INC,Real Estate,,small,17.43,88.24,0.0231,0.0664,0.0696,STRONG_DOWN,28.68,50.09,32.82,-16.23,51.6,31.97,0.5836,LOW,-,16.611,15.8311,14.4504,1,80.8448,LEADER,19.7065
598,-41,MO,Altria,Consumer Staples,Tobacco,large,72.11,75.81,-0.0339,0.0594,0.1264,STRONG_DOWN,30.23,29.76,83.51,-16.4,55.6,25.18,0.72,LOW,-,71.8805,68.0665,62.8198,1,65.7195,LEADER,19.7056
599,28,TRMK,TRUSTMARK CORP,Financials,,mid,44.17,69.34,-0.0059,-0.0191,-0.0203,STRONG_UP,16.3,30.62,58.79,-10.67,48.8,19.68,0.8391,LOW,-,44.262,43.7372,40.8669,1,75.9335,CONTENDER,19.6965
600,-32,THFF,FIRST FINANCIAL CORPORATION CORP,Financials,,small,69.1,79.09,0.0096,0.0349,0.043,STRONG_DOWN,21.98,39.03,101.91,-13.18,51.2,23.64,0.5447,LOW,-,67.0295,65.4322,60.397,1,84.5422,LEADER,19.6149
601,-63,QCRH,QCR HOLDINGS INC,Financials,,small,91.4,75.26,-0.0029,-0.0008,0.002,STRONG_DOWN,16.72,36.0,60.92,-16.9,51.6,22.88,0.5356,LOW,-,90.2855,88.6222,83.1343,1,81.1947,LEADER,19.6057
602,-59,WHD,CACTUS INC CLASS A,Energy,,mid,60.64,38.2,0.0346,0.1242,0.1167,FLAT,47.94,47.91,21.22,-30.07,53.2,45.52,0.6693,LOW,-,57.794,53.6682,47.3699,1,55.9884,LAGGARD,19.5357
603,-56,STAA,STAAR SURGICAL,Health Care,,small,31.39,64.37,-0.053,0.1721,0.5621,STRONG_DOWN,18.27,73.62,-23.33,-43.65,50.4,65.31,0.8608,LOW,-,29.6465,25.071,24.2795,1,56.8107,CONTENDER,19.5102
604,26,KWR,QUAKER HOUGHTON CORP,Materials,,mid,147.27,52.94,0.0034,0.0626,0.0177,FLAT,8.94,36.37,-16.51,-36.46,48.0,40.84,0.4319,LOW,-,140.61,133.0881,138.9926,1,42.7424,CONTENDER,19.5037
605,60,SBH,SALLY BEAUTY HOLDINGS INC,Consumer Discretionary,,small,13.26,79.87,0.0084,-0.0883,-0.1672,STRONG_UP,-15.05,51.2,15.71,-30.47,52.4,43.92,0.7399,LOW,-,13.008,13.6346,14.7176,0,61.0823,LAGGARD,19.473
606,-34,TTD,Trade Desk (The),Communication Services,Advertising,large,22.29,0.0,0.0543,-0.0542,-0.0691,STRONG_UP,-42.93,-71.03,-76.56,-77.62,47.2,66.17,0.8348,LOW,EARLY,22.439,22.4502,36.3715,0,-50.6663,WEAK,19.4424
607,29,PAHC,PHIBRO ANIMAL HEALTH CORP CLASS A,Health Care,,mid,32.89,49.43,-0.03,-0.398,-0.3805,FLAT,-23.27,36.03,89.07,-44.8,48.4,71.62,1.1135,MED,EARLY,41.3505,49.7094,43.3956,0,24.3507,WEAK,19.4269
608,61,TROX,TRONOX HOLDINGS PLC,Materials,,small,7.81,64.71,-0.0669,-0.1943,0.1166,FLAT,133.4,69.29,-56.25,-51.47,50.8,81.92,0.6866,LOW,-,8.7549,8.8871,5.8047,1,42.9657,CONTENDER,19.3198
609,13,HAFC,HANMI FINANCIAL CORP,Financials,,small,30.47,79.44,0.0092,0.0005,0.1099,FLAT,14.08,39.19,115.46,-16.23,51.2,26.87,0.4365,LOW,-,29.8573,28.2196,26.4299,1,74.674,LEADER,19.2945
610,23,BLX,BANCO LATINOAMERICANO DE COMERCIO,Financials,,small,56.59,83.62,0.0205,0.0862,0.1018,STRONG_DOWN,30.59,41.32,109.26,-12.42,53.6,26.72,0.8173,LOW,-,53.8078,52.9278,46.917,1,82.8823,LEADER,19.2907
611,101,TXNM,TXNM ENERGY INC,Utilities,,mid,59.48,25.0,-0.012,0.0204,0.0314,STRONG_DOWN,3.75,8.32,70.68,-2.3,51.6,4.15,0.4817,LOW,-,59.2805,58.7328,57.4692,1,103.469,LAGGARD,19.2898
612,-36,WLDN,WILLDAN GROUP INC,Industrials,,small,93.05,73.55,-0.0287,0.2663,-0.205,FLAT,-6.6,71.96,190.96,-50.41,52.0,82.55,0.621,LOW,-,85.6175,81.0464,98.7416,0,45.332,LAGGARD,19.2845
613,8,ADAM,ADAMAS INC TRUST,Financials,,small,9.17,91.29,0.0277,0.1386,0.1241,FLAT,35.53,57.83,101.04,-17.07,53.2,42.74,0.6205,LOW,-,8.795,8.0647,7.276,1,71.9839,LEADER,19.2599
614,17,CVCO,CAVCO INDUSTRIES INC,Consumer Discretionary,,mid,546.24,62.42,0.0576,0.0169,-0.0181,STRONG_UP,-4.58,25.56,56.49,-34.68,54.4,46.75,1.4485,MED,SHIFT,489.5915,496.7708,548.1018,0,29.7469,LAGGARD,19.248
615,-165,WERN,WERNER ENTERPRISES INC,Industrials,,small,40.92,69.42,-0.0098,0.1762,0.2199,STRONG_DOWN,68.38,59.46,14.59,-28.28,51.6,43.58,0.9248,LOW,-,37.1445,33.2939,30.2872,1,70.4038,CONTENDER,19.2411
616,-17,LHX,L3Harris,Industrials,Aerospace & Defense,large,309.05,48.76,-0.0339,-0.0627,-0.1098,STRONG_UP,12.61,28.63,46.57,-20.55,52.8,27.42,0.5495,LOW,PROGRESS,308.333,332.595,311.757,0,55.1386,WEAK,19.2289
617,24,SHOP,Shopify,Technology,Computer Software,large,106.6,62.5,0.0184,-0.1712,-0.2612,STRONG_UP,-31.36,-0.48,83.19,-46.71,49.6,61.1,0.8074,LOW,EARLY,107.804,115.774,139.939,0,-0.3865,LAGGARD,19.2157
618,0,CURB,CURBLINE PROPERTIES,Real Estate,,mid,28.94,68.24,0.0104,-0.0089,0.0004,FLAT,25.05,32.38,52.73,-9.54,52.8,21.47,0.3843,LOW,-,27.895,27.2614,24.4827,1,79.6287,CONTENDER,19.1791
619,-36,COIN,Coinbase,Financials,Financial Exchanges & Data,large,173.78,5.92,-0.0954,-0.0946,-0.059,STRONG_DOWN,-32.11,-31.66,-29.07,-66.39,45.6,68.54,0.7475,LOW,EARLY,194.6785,190.1772,249.7859,0,-21.064,WEAK,19.1619
620,40,CCBG,CAPITAL CITY BANK INC,Financials,,small,46.53,59.93,-0.003,-0.007,0.0611,FLAT,14.87,25.34,81.22,-12.94,54.8,17.0,0.5589,LOW,-,46.257,45.3918,42.7702,1,81.6952,CONTENDER,19.1475
621,-1,CPF,CENTRAL PACIFIC FINANCIAL CORP,Financials,,small,34.83,74.56,-0.0076,0.017,0.0245,STRONG_DOWN,19.64,35.57,83.34,-12.3,52.0,21.57,0.4283,LOW,-,34.298,33.4482,31.253,1,85.7481,CONTENDER,19.1368
622,68,DOW,Dow Inc.,Materials,Commodity Chemicals,large,34.49,48.53,-0.0959,-0.0892,0.1868,STRONG_DOWN,57.2,29.94,-32.66,-32.02,48.0,50.04,1.074,MED,-,38.161,38.619,28.4739,1,28.7164,LAGGARD,19.1216
623,63,FE,FirstEnergy,Utilities,Electric Utilities,large,46.78,51.92,0.018,-0.0362,-0.0493,STRONG_UP,0.79,18.19,30.8,-14.71,56.8,17.01,0.8385,LOW,-,45.5013,48.0027,45.8588,1,60.724,CONTENDER,19.0871
624,-33,DVN,Devon Energy,Energy,Oil & Gas Exploration & Production,large,44.27,37.08,-0.0275,-0.0665,-0.0237,FLAT,24.65,47.17,-4.09,-15.06,54.0,37.24,0.8161,LOW,-,48.074,48.1878,39.5516,1,68.3983,LAGGARD,19.0565
625,30,CVI,CVR ENERGY INC,Energy,,mid,32.02,26.97,0.0155,0.0233,0.2967,STRONG_DOWN,-6.83,39.39,10.4,-48.21,49.6,60.17,0.3352,LOW,-,33.4279,32.5778,30.5705,1,32.4714,LAGGARD,19.0352
626,146,DG,Dollar General,Consumer Staples,Consumer Staples Merchandise Retail,large,104.33,62.9,-0.0199,-0.1075,-0.2547,STRONG_UP,3.52,8.88,-23.22,-34.57,49.6,36.72,1.2599,MED,EARLY,108.5935,116.1367,120.2343,0,11.9901,LAGGARD,19.0155
627,-8,FER,Ferrovial,Industrials,"Military, Government, Technical",large,69.52,58.26,-0.0023,0.0207,-0.0353,FLAT,8.16,37.56,80.51,-17.13,51.2,32.21,0.6434,LOW,-,68.1264,67.2513,63.9332,1,59.7102,CONTENDER,19.0093
628,-46,ULTA,Ulta Beauty,Consumer Discretionary,Other Specialty Retail,large,507.35,54.36,-0.0179,-0.0613,-0.2366,STRONG_UP,-1.41,21.66,33.12,-32.11,50.4,39.56,0.8743,LOW,EARLY,511.616,525.9226,567.2446,0,27.5999,LAGGARD,18.9377
629,126,CAC,CAMDEN NATIONAL CORP,Financials,,small,50.09,70.38,0.0143,-0.0013,0.0286,FLAT,27.36,31.0,68.88,-16.82,52.0,24.82,1.2196,MED,-,48.611,48.4721,43.3777,1,64.9566,CONTENDER,18.9069
630,132,CSTL,CASTLE BIOSCIENCES INC,Health Care,,small,21.26,47.13,0.0586,-0.1428,-0.3162,STRONG_UP,-44.76,30.99,-13.33,-57.83,53.2,63.4,1.2999,MED,-,21.075,23.2481,28.7151,0,26.0059,WEAK,18.8657
631,65,DECK,Deckers Brands,Consumer Discretionary,Footwear,large,114.37,42.95,0.1186,0.0751,-0.0082,STRONG_UP,37.58,9.63,-36.41,-35.81,46.4,41.54,1.0092,MED,-,100.1945,102.6806,103.0581,1,10.7609,LAGGARD,18.8377
632,-98,GILD,Gilead Sciences,Health Care,Biotechnology,large,133.69,44.06,0.0202,0.0307,-0.048,FLAT,8.04,26.56,122.7,-17.54,52.0,22.36,0.8286,LOW,-,132.274,135.403,127.543,1,61.774,LAGGARD,18.7904
633,-77,JCI,Johnson Controls,Industrials,Building Products,large,138.2,57.85,-0.0303,-0.0379,-0.0164,FLAT,21.4,37.09,95.18,-12.71,55.6,30.71,0.8445,LOW,-,141.0525,138.5098,122.4605,1,67.1452,CONTENDER,18.7869
634,105,SKT,TANGER INC,Real Estate,,mid,35.96,60.0,0.001,-0.0333,-0.069,STRONG_UP,10.26,26.61,42.47,-10.34,50.0,18.4,0.6368,LOW,-,35.9963,35.5356,33.7051,1,72.2985,CONTENDER,18.7813
635,-64,NPK,NATIONAL PRESTO INDUSTRIES INC,Industrials,,small,130.65,66.94,-0.1225,-0.1224,0.0059,STRONG_DOWN,39.92,54.38,78.33,-23.32,54.8,47.65,1.3477,MED,-,138.06,138.6768,118.8713,1,62.5378,CONTENDER,18.7759
636,130,NVAX,NOVAVAX INC,Health Care,,small,11.09,61.69,0.1936,0.3967,0.0084,FLAT,67.27,60.26,-28.54,-35.94,47.6,77.35,1.9818,HIGH,-,9.1185,8.8344,8.3689,1,37.0831,CONTENDER,18.761
637,-68,GNL,GLOBAL NET LEASE INC,Real Estate,,mid,9.48,70.59,-0.0042,-0.0225,-0.0127,FLAT,22.73,33.15,64.6,-10.5,47.6,20.88,0.8598,LOW,-,9.295,9.323,8.4248,1,75.5692,CONTENDER,18.7058
638,-64,KIM,Kimco Realty,Real Estate,Retail REITs,large,24.42,48.24,0.0174,0.0112,0.0122,FLAT,22.31,22.01,46.8,-12.7,51.6,16.07,0.5205,LOW,-,23.622,23.2942,21.5977,1,70.6667,LAGGARD,18.704
639,39,MARA,MARA HOLDINGS INC,Information Technology,,mid,14.33,30.57,0.0405,0.151,0.4367,STRONG_DOWN,27.83,-3.57,-30.87,-70.53,48.0,75.06,0.7129,LOW,-,12.758,10.9416,12.6891,1,-2.2808,LAGGARD,18.702
640,13,PLOW,DOUGLAS DYNAMICS INC,Industrials,,small,45.34,73.14,-0.001,-0.0106,-0.0073,FLAT,45.0,70.91,95.46,-15.37,50.0,47.43,0.6306,LOW,-,45.099,44.3462,36.7518,1,74.7487,CONTENDER,18.6931
641,20,LCII,LCI INDUSTRIES,Consumer Discretionary,,mid,112.95,70.47,-0.0185,-0.0476,-0.1246,STRONG_UP,2.54,33.29,14.4,-31.4,46.4,37.21,0.6379,LOW,EARLY,112.953,118.4276,115.684,0,41.5128,LAGGARD,18.6562
642,117,TMO,Thermo Fisher Scientific,Health Care,Life Sciences Tools & Services,large,456.21,34.87,0.007,-0.0336,-0.1051,STRONG_UP,-22.02,13.87,-19.8,-31.38,50.8,32.68,1.3457,MED,EARLY,457.216,478.7594,525.9557,0,21.554,WEAK,18.6237
643,-47,BUSE,FIRST BUSEY CORP,Financials,,mid,27.16,63.41,0.01,0.0344,0.0387,STRONG_DOWN,19.38,28.29,30.59,-11.82,49.6,20.49,1.0808,MED,-,26.4725,25.934,24.295,1,68.4848,CONTENDER,18.6203
644,56,IBP,INSTALLED BUILDING PRODUCTS INC,Consumer Discretionary,,mid,213.51,75.84,-0.0579,-0.2778,-0.2975,STRONG_UP,-17.16,39.74,5.18,-40.64,49.2,73.98,0.7895,LOW,EARLY,234.9215,263.0194,270.6842,0,26.4282,LAGGARD,18.5809
645,23,GVA,GRANITE CONSTRUCTION INC,Industrials,,mid,134.65,64.88,-0.0037,0.0658,0.0108,FLAT,28.86,50.0,118.8,-14.69,50.0,36.39,0.8956,LOW,-,136.71,128.1715,117.3717,1,68.7019,CONTENDER,18.5805
646,-35,INTU,Intuit,Information Technology,Application Software,large,307.73,2.59,-0.2499,-0.3812,-0.479,STRONG_UP,-52.66,-58.88,-47.96,-62.05,46.8,63.22,1.6584,HIGH,EARLY,376.4745,396.4825,552.1467,0,-43.5868,WEAK,18.5756
647,-52,DX,DYNEX CAPITAL REIT INC,Financials,,mid,13.05,61.32,0.0238,-0.0274,-0.0511,STRONG_UP,4.02,26.63,44.57,-15.27,52.0,21.83,0.512,LOW,-,13.0385,12.8615,12.5022,1,63.4329,CONTENDER,18.5584
648,69,HTH,HILLTOP HOLDINGS INC,Financials,,mid,37.65,68.99,0.0062,0.0038,-0.0438,STRONG_UP,12.76,30.39,26.69,-13.52,47.2,21.95,0.6054,LOW,-,37.2958,36.6972,34.9624,1,65.3576,CONTENDER,18.5408
649,36,LNT,Alliant Energy,Utilities,Electric Utilities,large,73.75,69.23,0.0058,0.0371,0.0585,STRONG_DOWN,9.5,23.96,57.73,-7.01,55.6,16.39,0.8759,LOW,-,72.7212,71.8416,67.4429,1,81.2853,CONTENDER,18.5378
650,-22,APLE,APPLE HOSPITALITY REIT INC,Real Estate,,mid,14.85,76.47,0.0131,0.1008,0.1721,STRONG_DOWN,30.93,36.4,20.16,-13.49,50.0,25.32,0.6209,LOW,-,13.975,12.8847,11.9417,1,71.8705,LEADER,18.5365
651,-144,SBRA,SABRA HEALTH CARE REIT INC,Real Estate,,mid,20.45,56.47,-0.0374,-0.0038,-0.0384,FLAT,13.08,25.02,63.57,-12.18,54.0,18.42,0.6845,LOW,-,20.5415,20.0803,18.7922,1,73.3475,CONTENDER,18.5337
652,-71,CRC,CALIFORNIA RESOURCES CORP,Energy,,mid,59.75,35.96,0.0248,-0.0642,-0.0179,FLAT,30.08,45.13,32.73,-24.04,54.0,40.84,0.3642,LOW,-,62.8615,64.563,53.8147,1,59.672,LAGGARD,18.5275
653,92,CDP,COPT DEFENSE PROPERTIES,Real Estate,,mid,32.32,54.12,0.0068,-0.008,-0.0176,STRONG_UP,8.31,23.11,48.21,-10.71,49.2,16.07,0.4438,LOW,-,31.6555,31.6213,29.7379,1,70.7635,CONTENDER,18.4793
654,-16,SOC,SABLE OFFSHORE CORP CLASS A,Energy,,mid,13.13,0.0,-0.0686,0.0389,0.5975,STRONG_DOWN,175.26,-52.92,-12.41,-87.0,46.4,113.52,0.5202,LOW,EARLY,14.06,14.6232,13.7491,0,-21.6313,WEAK,18.4734
655,21,MTB,M&T Bank,Financials,Regional Banks,large,215.1,54.36,0.0185,-0.001,-0.0576,STRONG_UP,16.39,22.13,53.44,-16.98,52.4,22.06,0.5283,LOW,-,211.6645,211.4928,202.4419,1,52.5666,CONTENDER,18.4545
656,2,NOC,Northrop Grumman,Industrials,Aerospace & Defense,large,551.34,40.91,-0.0351,-0.0598,-0.2075,STRONG_UP,-1.81,17.86,24.55,-29.6,51.6,27.37,0.4459,LOW,EARLY,556.424,623.3172,616.9616,0,33.6661,WEAK,18.431
657,-67,SD,SANDRIDGE ENERGY INC,Energy,,small,14.16,42.7,-0.0287,-0.0289,-0.2082,STRONG_UP,2.42,50.28,11.19,-19.9,55.6,40.26,0.6057,LOW,-,14.9306,15.217,13.7779,1,69.4349,LAGGARD,18.4303
658,-119,AVAV,AEROVIRONMENT INC,Industrials,,mid,181.28,30.99,0.0728,-0.0715,-0.2848,STRONG_UP,-34.55,2.78,-8.81,-61.45,49.2,69.78,0.6792,LOW,PROGRESS,171.3665,185.7866,262.7376,0,1.9588,WEAK,18.4047
659,4,ADNT,ADIENT PLC,Consumer Discretionary,,small,24.02,83.22,0.1204,0.132,0.0106,FLAT,24.01,56.18,-12.37,-31.19,47.2,48.9,0.8512,LOW,-,21.557,21.0884,22.0311,1,54.2239,LEADER,18.3995
660,-100,IDYA,IDEAYA BIOSCIENCES INC,Health Care,,mid,29.28,54.79,-0.0153,0.0047,-0.0653,FLAT,-15.55,49.69,-21.98,-25.91,49.2,44.98,0.3913,LOW,PROGRESS,28.705,30.5932,30.8296,0,54.3555,LAGGARD,18.3876
661,-54,KOS,KOSMOS ENERGY LTD,Energy,,small,2.67,47.19,-0.054,-0.0592,0.1512,FLAT,134.21,57.99,-56.01,-63.6,46.4,88.84,0.5069,LOW,-,3.023,2.8592,1.8702,1,30.2865,LAGGARD,18.3753
662,19,TSLA,"Tesla, Inc.",Consumer Discretionary,Automobile Manufacturers,large,440.36,58.39,0.0097,0.169,0.1127,FLAT,5.4,23.38,149.14,-29.93,53.2,40.52,0.7218,LOW,-,415.2215,390.0782,411.1379,1,30.7025,CONTENDER,18.3653
663,66,DHI,D. R. Horton,Consumer Discretionary,Homebuilding,large,147.81,63.76,-0.0041,-0.0562,-0.0333,FLAT,1.78,27.38,5.75,-27.56,48.8,35.68,0.8044,LOW,SHIFT,144.2261,144.1197,153.0016,0,37.444,LAGGARD,18.347
664,-40,IVR,INVESCO MORTGAGE CAPITAL REIT INC,Financials,,small,7.89,67.25,0.0104,-0.0222,-0.0464,STRONG_UP,13.69,29.79,26.13,-16.54,49.6,25.65,1.4815,MED,-,7.9373,7.909,7.4235,1,57.614,CONTENDER,18.291
665,79,CHTR,Charter Communications,Communication Services,Cable & Satellite,large,147.18,4.55,0.0117,-0.1636,-0.3554,STRONG_UP,-26.07,-63.87,-45.77,-66.45,48.0,67.23,1.1758,MED,EARLY,151.57,191.8436,221.9841,0,-45.6022,WEAK,18.2751
666,21,TILE,INTERFACE INC,Industrials,,small,29.7,62.81,-0.0005,0.0516,-0.0432,FLAT,10.37,47.35,93.23,-29.88,48.8,38.98,0.5865,LOW,-,28.247,27.1735,28.2042,1,59.2775,CONTENDER,18.2386
667,34,AMGN,Amgen,Health Care,Biotechnology,large,336.06,42.91,0.0108,-0.0067,-0.0905,STRONG_UP,1.99,24.34,19.03,-16.57,52.8,23.1,0.708,LOW,-,331.4883,340.4854,323.1168,1,55.6332,LAGGARD,18.2144
668,0,COP,ConocoPhillips,Energy,Oil & Gas Exploration & Production,large,115.13,29.21,-0.0001,-0.0283,-0.0192,FLAT,33.5,40.63,3.11,-14.9,52.8,33.01,0.6124,LOW,-,120.1421,122.718,102.0883,1,64.9905,LAGGARD,18.2095
669,5,NMRK,NEWMARK GROUP INC CLASS A,Real Estate,,mid,14.5,75.29,-0.0057,-0.1282,-0.0532,FLAT,-12.5,35.17,44.81,-29.08,50.0,37.6,0.6462,LOW,EARLY,15.3967,15.3133,16.6425,0,46.765,LAGGARD,18.2011
670,181,HLT,Hilton Worldwide,Consumer Discretionary,"Hotels, Resorts & Cruise Lines",large,336.72,72.48,-0.0066,0.0397,0.0954,STRONG_DOWN,22.86,34.54,69.12,-10.29,50.0,27.65,1.1876,MED,-,318.6192,316.8106,290.8212,1,62.4671,CONTENDER,18.1972
671,-19,AMTB,AMERANT BANCORP INC CLASS A,Financials,,small,22.58,72.47,-0.0003,0.0028,0.0089,STRONG_DOWN,24.93,31.98,6.64,-22.86,51.6,23.5,0.7685,LOW,-,22.7312,22.6498,20.5691,1,70.2252,CONTENDER,18.1893
672,43,FULT,FULTON FINANCIAL CORP,Financials,,mid,21.6,68.29,0.0051,0.0047,-0.0112,STRONG_UP,24.03,30.32,40.7,-15.52,51.6,25.98,0.4742,LOW,-,21.3045,21.0123,19.5158,1,60.2281,CONTENDER,18.1842
673,-22,FOXA,Fox Corporation (Class A),Communication Services,Broadcasting,large,65.48,63.64,0.015,0.0267,0.1655,STRONG_DOWN,2.33,17.73,99.59,-28.89,56.0,27.45,0.5267,LOW,-,64.298,62.3074,63.2189,1,36.1668,CONTENDER,18.1738
674,87,UNP,Union Pacific Corporation,Industrials,Rail Transportation,large,279.39,49.59,0.0177,0.0302,0.0783,STRONG_DOWN,25.83,28.72,27.68,-12.28,55.6,25.37,1.3692,MED,-,267.6785,255.8814,237.2042,1,62.9312,LAGGARD,18.1609
675,-123,HLX,HELIX ENERGY SOLUTIONS GROUP INC,Energy,,small,9.54,44.94,-0.0085,-0.0148,-0.0093,FLAT,47.22,52.15,-16.46,-20.83,50.4,36.51,0.7397,LOW,-,10.0745,9.83,7.7732,1,71.9944,LAGGARD,18.1587
676,-74,VCTR,VICTORY CAPITAL HOLDINGS CLASS A I,Financials,,mid,87.3,85.71,0.0399,0.1562,0.2056,STRONG_DOWN,42.84,44.38,76.04,-18.13,52.8,38.12,0.5871,LOW,-,83.786,75.192,68.631,1,61.4762,LEADER,18.1386
677,-33,ARDX,ARDELYX INC,Health Care,,small,6.17,61.3,-0.0187,0.03,-0.0525,FLAT,12.18,57.8,-10.58,-33.54,46.4,48.68,0.5715,LOW,-,6.5075,6.1514,6.1402,1,55.0933,CONTENDER,18.1331
678,-33,SOUN,SOUNDHOUND AI INC CLASS A,Information Technology,,mid,8.08,19.69,-0.0952,-0.1473,-0.3618,STRONG_UP,-32.38,-26.34,64.56,-72.43,42.0,79.31,0.6251,LOW,-,8.5765,7.7089,11.4335,0,-13.9512,WEAK,18.1325
679,-17,CVNA,Carvana,Consumer Discretionary,Automotive Retail,large,73.0,48.99,0.079,-0.106,0.0663,FLAT,10.31,13.95,248.98,-41.21,52.8,57.06,0.8206,LOW,SHIFT,72.4298,70.0259,73.7812,0,12.9105,WEAK,18.1167
680,131,HPQ,HP Inc.,Information Technology,"Technology Hardware, Storage & Peripherals",large,25.49,32.12,0.1605,0.1426,0.118,STRONG_UP,7.51,-1.55,-16.37,-36.62,48.0,49.04,1.5707,HIGH,-,21.7235,20.2244,22.6467,1,-1.5174,LAGGARD,18.1068
681,-58,HAS,Hasbro,Consumer Discretionary,Leisure Products,large,87.99,73.83,-0.0536,-0.0831,-0.0892,STRONG_UP,11.65,36.1,52.53,-16.37,50.0,36.3,0.6893,LOW,-,93.7385,92.9858,85.2487,1,49.7278,CONTENDER,18.1031
682,-66,FFBC,FIRST FINANCIAL BANCORP,Financials,,mid,30.82,73.17,0.0081,0.0106,0.0394,STRONG_DOWN,29.27,32.74,49.36,-14.19,47.6,21.82,0.616,LOW,-,30.2945,29.2606,26.6722,1,71.4219,CONTENDER,18.1006
683,-13,BY,BYLINE BANCORP INC,Financials,,small,33.18,64.81,0.0075,0.0162,0.0055,FLAT,21.77,29.05,47.72,-12.64,50.8,19.47,0.522,LOW,-,32.6833,32.3114,29.8716,1,75.7997,CONTENDER,18.0975
684,7,SWX,SOUTHWEST GAS HOLDINGS INC,Utilities,,mid,88.64,80.77,-0.0234,-0.0159,0.0284,STRONG_DOWN,11.78,28.62,24.31,-6.72,52.0,18.79,0.5954,LOW,-,89.9387,88.917,82.2092,1,79.204,LEADER,18.096
685,-35,HE,HAWAIIAN ELECTRIC INDUSTRIES INC,Utilities,,mid,13.55,75.0,-0.0266,-0.1003,-0.1084,STRONG_UP,18.03,25.93,30.16,-22.54,52.4,29.55,0.5027,LOW,-,14.202,14.748,13.3391,1,45.9797,LEADER,18.0771
686,-164,TARS,TARSUS PHARMACEUTICALS INC,Health Care,,mid,60.06,52.11,-0.0758,-0.0365,-0.1915,FLAT,-26.85,42.83,74.85,-27.71,50.0,42.6,0.948,LOW,EARLY,62.755,65.5587,67.859,0,50.2699,LAGGARD,18.0724
687,-47,LYB,LyondellBasell,Materials,Specialty Chemicals,large,67.67,45.59,-0.0977,-0.0499,0.2362,STRONG_DOWN,55.34,29.55,-20.39,-35.45,49.2,54.2,0.6224,LOW,-,72.9145,73.846,55.4541,1,26.8284,LAGGARD,18.0609
688,-218,FLNG,FLEX LNG LTD,Energy,,small,31.32,43.82,0.016,0.0286,0.1101,STRONG_DOWN,25.65,51.09,40.76,-11.05,52.0,30.91,0.7055,LOW,-,32.2805,31.1794,26.5332,1,85.9538,LAGGARD,18.0014
689,10,UVE,UNIVERSAL INSURANCE HOLDINGS INC,Financials,,small,38.16,86.76,-0.0479,-0.0613,0.1096,FLAT,16.52,47.49,110.35,-18.95,52.8,39.32,0.796,LOW,-,39.3236,36.539,31.4817,1,63.7755,LEADER,17.9984
690,32,HUBG,HUB GROUP INC CLASS A,Industrials,,mid,43.2,51.65,0.0267,-0.0317,0.0281,FLAT,17.01,29.94,3.47,-35.62,54.0,45.68,0.7053,LOW,-,40.9105,39.5432,39.3498,1,35.3975,CONTENDER,17.9624
691,-81,PH,Parker Hannifin,Industrials,Industrial Machinery & Supplies & Components,large,856.68,50.41,-0.0368,-0.1217,-0.1371,STRONG_UP,2.4,29.69,65.81,-16.47,54.8,30.44,0.7182,LOW,EARLY,877.0921,913.1395,861.8345,0,53.45,LAGGARD,17.9577
692,-55,GRMN,Garmin,Consumer Discretionary,Consumer Electronics,large,237.97,51.68,-0.0446,-0.0438,-0.0261,STRONG_DOWN,24.69,19.79,51.33,-27.97,56.8,29.75,0.643,LOW,-,238.314,244.4676,227.4541,1,37.7786,CONTENDER,17.932
693,17,OXY,Occidental Petroleum,Energy,Oil & Gas Exploration & Production,large,56.89,31.46,0.0255,0.0103,0.049,FLAT,38.77,41.35,-4.92,-19.94,51.6,40.26,0.675,LOW,-,57.853,58.8756,48.0115,1,52.9939,LAGGARD,17.8968
694,70,IQV,IQVIA,Health Care,Life Sciences Tools & Services,large,165.62,39.08,-0.0371,0.0382,-0.0125,FLAT,-27.42,19.34,-26.95,-35.87,49.6,41.05,0.8033,LOW,EARLY,169.29,169.3102,195.9382,0,23.3681,WEAK,17.8889
695,-86,SPXC,SPX TECHNOLOGIES INC,Industrials,,mid,215.34,59.5,0.0142,-0.0187,-0.0532,STRONG_UP,1.59,41.25,51.66,-23.15,52.4,45.53,0.8359,LOW,-,206.4055,207.8714,205.6829,1,47.4775,CONTENDER,17.8376
696,90,GOLF,ACUSHNET HOLDINGS CORP,Consumer Discretionary,,mid,90.42,71.14,-0.032,-0.075,-0.0864,STRONG_UP,9.53,33.93,45.86,-17.93,52.4,32.84,0.9258,LOW,-,89.5205,93.0876,86.6783,1,54.1314,CONTENDER,17.809
697,24,DCH,DAUCH CORPORATION,Consumer Discretionary,,small,6.89,82.55,0.1321,0.2004,0.0527,FLAT,10.06,54.83,-7.52,-42.44,50.8,70.51,0.9872,LOW,-,6.1255,5.9374,6.3563,1,39.5042,LEADER,17.7904
698,-19,UNF,UNIFIRST CORP,Industrials,,mid,265.55,59.92,-0.029,0.0172,0.1636,STRONG_DOWN,64.19,41.58,66.03,-21.06,50.4,34.7,0.5957,LOW,-,258.374,258.947,205.6182,1,60.3905,CONTENDER,17.7883
699,-10,LOB,LIVE OAK BANCSHARES INC,Financials,,small,37.72,76.31,0.0146,-0.0172,-0.0596,STRONG_UP,23.77,36.91,13.13,-23.99,48.0,32.78,0.5879,LOW,-,37.0295,35.6828,35.602,1,54.0541,LEADER,17.7864
700,100,HGV,HILTON GRAND VACATIONS INC,Consumer Discretionary,,mid,51.38,73.15,0.0079,0.1284,0.1305,STRONG_DOWN,27.62,35.32,22.95,-28.48,51.6,47.91,1.1976,MED,-,47.006,44.9222,44.4248,1,38.0375,CONTENDER,17.7718
701,2,FTNT,Fortinet,Information Technology,Systems Software,large,127.93,42.49,-0.0674,0.3431,0.3561,STRONG_DOWN,60.37,22.41,115.19,-30.9,55.2,52.51,1.126,MED,-,112.446,94.1262,84.6543,1,23.5573,LAGGARD,17.5629
702,-4,ALNY,Alnylam Pharmaceuticals,Health Care,Biotechnology,large,295.63,27.2,-0.0123,-0.0253,-0.0906,STRONG_UP,-31.92,3.53,97.01,-42.01,53.6,34.07,0.579,LOW,EARLY,295.8355,309.4932,386.9307,0,5.5479,WEAK,17.5569
703,-98,ANIP,ANI PHARMACEUTICALS INC,Health Care,,small,81.76,51.34,-0.0057,0.038,0.0771,STRONG_DOWN,0.96,41.43,29.31,-28.66,50.0,31.72,0.5438,LOW,-,81.0795,78.6286,83.8972,0,65.3039,LAGGARD,17.5368
704,-45,TCBK,TRICO BANCSHARES,Financials,,small,50.59,70.73,-0.004,0.0042,0.0058,STRONG_DOWN,9.58,31.1,43.34,-12.37,52.8,21.27,0.562,LOW,-,50.2405,49.3252,46.9556,1,77.1899,CONTENDER,17.5311
705,48,DVA,DaVita,Health Care,Health Care Services,mid,194.92,51.72,-0.0127,0.2953,0.2951,FLAT,63.13,42.63,35.67,-31.36,49.2,53.5,0.5021,LOW,-,186.3625,164.9632,137.2732,1,39.2049,CONTENDER,17.5013
706,-18,CNO,CNO FINANCIAL GROUP INC,Financials,,mid,46.36,60.63,-0.0223,0.0508,0.0625,STRONG_DOWN,14.5,25.94,71.29,-11.03,56.8,19.98,0.6161,LOW,-,46.223,43.6804,41.3153,1,73.7364,CONTENDER,17.4966
707,84,SRCE,1ST SOURCE CORP,Financials,,small,73.7,57.49,-0.0009,0.0074,0.0505,STRONG_DOWN,20.65,24.45,51.99,-11.84,52.4,18.5,1.0739,MED,-,72.9918,71.6728,65.2556,1,69.2647,CONTENDER,17.4926
708,-16,ASTH,ASTRANA HEALTH INC,Health Care,,small,38.52,60.54,-0.009,0.1005,0.8595,STRONG_DOWN,70.44,56.52,-3.6,-46.41,55.6,72.69,0.6822,LOW,-,37.417,31.6956,27.6355,1,43.233,CONTENDER,17.4793
709,-25,HIMS,HIMS HERS HEALTH INC CLASS A,Health Care,,mid,25.2,1.92,0.091,-0.101,0.6327,FLAT,-33.3,-52.76,31.94,-78.06,44.8,123.96,0.6541,LOW,-,25.3745,24.24,34.6662,0,-19.0663,WEAK,17.4421
710,-193,TDY,Teledyne Technologies,Information Technology,Electronic Equipment & Instruments,large,612.52,43.01,-0.0542,-0.1956,-0.3593,STRONG_UP,24.41,23.43,55.09,-18.39,53.2,26.15,0.9661,LOW,-,627.2325,631.2748,582.2071,1,47.6709,LAGGARD,17.4385
711,26,PLUS,EPLUS,Information Technology,,mid,89.19,43.52,0.026,-0.0839,-0.1404,STRONG_UP,-1.3,28.01,20.85,-20.65,48.4,30.98,1.0341,MED,-,85.119,81.9632,80.5424,1,43.7652,LAGGARD,17.4145
712,110,CCL,Carnival,Consumer Discretionary,"Hotels, Resorts & Cruise Lines",large,27.98,57.72,0.0293,0.0683,-0.1051,FLAT,14.22,22.96,80.71,-29.3,50.8,60.23,1.0953,MED,SHIFT,25.7942,26.0912,28.2932,0,19.3678,LAGGARD,17.3478
713,-64,MCB,METROPOLITAN BANK HOLDING CORP,Financials,,small,89.73,82.58,-0.0163,0.0011,0.0244,STRONG_DOWN,24.12,40.91,110.89,-18.71,48.8,30.18,0.2845,LOW,-,89.231,86.9772,80.6704,1,66.1497,LEADER,17.3477
714,85,STGW,STAGWELL INC CLASS A,Communication,,small,6.99,58.33,0.0985,0.0459,0.309,FLAT,27.32,43.83,-0.99,-36.78,50.0,57.47,1.489,MED,-,6.3695,6.4402,5.6297,1,38.1305,CONTENDER,17.324
715,-128,SMR,NUSCALE POWER CORP CLASS A,Industrials,,mid,12.07,0.41,0.1283,0.0078,-0.0775,STRONG_UP,-39.47,-65.88,27.32,-82.86,44.8,93.47,0.8001,LOW,SHIFT,11.8555,11.462,22.6838,0,-31.5738,WEAK,17.3123
716,-101,AUB,ATLANTIC UNION BANKSHARES CORP,Financials,,mid,37.64,71.78,0.0051,0.0084,-0.0566,FLAT,17.0,31.6,27.48,-18.33,48.0,27.14,0.6005,LOW,-,37.0804,36.5743,35.416,1,55.8908,CONTENDER,17.2972
717,-4,CWK,CUSHMAN AND WAKEFIELD LTD,Real Estate,,mid,12.89,61.18,-0.0061,-0.1262,-0.1021,FLAT,-19.89,29.16,21.49,-31.4,50.0,36.66,0.9953,LOW,EARLY,13.3945,13.2608,14.9317,0,39.7686,LAGGARD,17.2926
718,13,CMP,COMPASS MINERALS INTERNATIONAL INC,Materials,,small,31.7,57.35,0.0287,0.216,0.276,STRONG_DOWN,77.89,59.62,152.19,-26.29,50.8,48.31,0.8468,LOW,-,28.5795,25.9954,21.7376,1,62.6901,CONTENDER,17.2705
719,-37,XYZ,"Block, Inc.",Financials,Transaction & Payment Processing Services,large,71.42,40.77,0.0037,0.0377,0.2914,STRONG_DOWN,15.45,15.55,8.08,-39.48,51.2,53.65,0.8746,LOW,-,70.786,66.6364,67.6966,1,14.8376,LAGGARD,17.2342
720,20,SWK,Stanley Black & Decker,Industrials,Industrial Machinery & Supplies & Components,large,79.46,46.28,0.0263,0.0011,-0.0664,STRONG_UP,20.98,25.9,1.69,-26.14,49.6,41.67,0.5628,LOW,-,77.502,74.0088,74.286,1,30.8308,LAGGARD,17.2326
721,14,UMBF,UMB FINANCIAL CORP,Financials,,mid,131.76,65.16,0.0084,0.0618,0.0506,FLAT,21.56,29.09,68.57,-18.57,50.0,26.13,0.827,LOW,-,129.265,121.8916,118.3559,1,55.6674,CONTENDER,17.2116
722,-224,EOSE,EOS ENERGY ENTERPRISES INC CLASS A,Industrials,,small,8.61,60.74,0.1775,0.251,0.2978,STRONG_DOWN,-34.38,43.62,1130.0,-77.1,47.6,146.62,0.673,LOW,-,7.4492,6.491,10.6168,0,14.1611,LAGGARD,17.2057
723,168,BBAI,BIGBEAR.AI HOLDINGS INC,Information Technology,,small,4.37,35.23,0.0218,-0.0891,-0.2086,STRONG_UP,-30.3,5.56,173.12,-65.88,46.4,71.28,1.5661,HIGH,-,4.146,3.8202,5.311,0,3.6164,WEAK,17.1491
724,-112,TEL,TE Connectivity,Information Technology,Electronic Manufacturing Services,large,208.75,45.6,-0.0109,-0.1241,-0.3729,STRONG_UP,-4.55,31.6,42.69,-21.11,58.0,43.26,0.8691,LOW,PROGRESS,205.773,211.6885,219.6721,0,42.3714,WEAK,17.133
725,0,XNCR,XENCOR INC,Health Care,,small,11.72,59.39,0.0326,-0.0392,-0.1182,STRONG_UP,-29.99,55.23,-49.91,-42.61,46.4,67.3,0.5459,LOW,-,12.003,12.199,12.5392,0,38.0796,LAGGARD,17.1096
726,-29,LXP,LXP INDUSTRIAL TRUST,Real Estate,,mid,52.66,67.06,0.0002,0.0175,0.0372,STRONG_DOWN,14.36,32.09,41.36,-11.01,52.0,23.47,0.2851,LOW,-,51.691,49.7027,47.1315,1,71.0875,CONTENDER,17.109
727,7,CTRA,Coterra,Energy,Oil & Gas Exploration & Production,large,32.56,25.84,-0.0208,0.0122,0.0073,FLAT,28.45,35.91,25.3,-15.51,56.12,34.82,0.0,LOW,-,33.3905,33.1493,27.214,1,57.8731,LAGGARD,17.1002
728,-93,ASO,ACADEMY SPORTS AND OUTDOORS INC,Consumer Discretionary,,mid,52.86,67.79,-0.0021,-0.0322,-0.0989,STRONG_UP,17.66,30.43,-3.69,-26.42,51.6,41.66,0.8674,LOW,-,52.1485,54.3123,52.8117,1,37.6866,CONTENDER,17.0611
729,-103,IMAX,IMAX CORP,Communication,,mid,38.68,50.0,0.105,0.052,-0.2084,STRONG_UP,7.44,38.99,136.72,-22.74,50.0,55.1,1.1708,MED,-,35.622,36.709,34.9123,1,35.3781,CONTENDER,17.0536
730,-26,GBTG,GLOBAL BUSINESS TRAVEL GROUP INC C,Consumer Discretionary,,mid,9.44,80.54,-0.0435,0.6034,0.7513,STRONG_DOWN,28.96,52.01,59.73,-40.41,51.2,118.71,0.3113,LOW,-,8.8795,6.9466,7.2645,1,22.4333,LEADER,17.0465
731,-11,HTB,HOMETRUST BANCSHARES INC,Financials,,small,46.59,71.43,-0.003,0.0174,0.0491,STRONG_DOWN,16.68,31.41,72.88,-9.67,52.4,21.34,0.4465,LOW,-,45.9014,44.6013,42.3081,1,77.1224,CONTENDER,17.043
732,20,ACA,ARCOSA INC,Industrials,,mid,126.74,63.22,0.0206,0.0617,0.0148,FLAT,21.23,47.56,46.0,-21.45,51.2,48.74,0.3909,LOW,-,125.169,115.9891,107.5263,1,49.9619,CONTENDER,17.0046
733,-99,VTOL,BRISTOW GROUP INC,Energy,,small,42.18,33.71,0.0368,-0.0996,-0.183,STRONG_UP,15.35,42.76,15.73,-16.41,54.0,34.97,0.5064,LOW,-,44.1453,45.929,41.0527,1,66.0248,LAGGARD,16.985
734,36,FBK,FB FINANCIAL CORP,Financials,,mid,52.95,56.45,0.0004,-0.0201,-0.1017,STRONG_UP,-2.37,23.69,48.17,-17.08,54.0,23.36,0.6417,LOW,PROGRESS,52.868,53.0003,54.6196,0,54.7724,LAGGARD,16.958
735,-7,WSM,"Williams-Sonoma, Inc.",Consumer Discretionary,Homefurnishing Retail,large,203.18,60.4,0.0816,0.0821,-0.0009,FLAT,17.79,25.31,47.28,-23.27,50.4,35.35,0.7332,LOW,-,181.167,184.435,191.7995,1,36.092,CONTENDER,16.9557
736,41,MCRI,MONARCH CASINO AND RESORT INC,Consumer Discretionary,,small,120.29,77.18,-0.0112,0.016,0.2772,STRONG_DOWN,26.09,46.02,88.5,-17.47,52.8,37.21,0.754,LOW,-,117.7665,107.577,99.4837,1,65.3005,LEADER,16.9288
737,71,LYV,Live Nation Entertainment,Communication Services,Movies & Entertainment,large,166.56,68.18,0.0068,0.0661,0.0622,FLAT,32.6,18.78,75.53,-27.84,50.0,36.07,0.4966,LOW,-,163.8275,159.0608,153.2679,1,26.0393,CONTENDER,16.9043
738,25,GD,General Dynamics,Industrials,Aerospace & Defense,large,342.69,47.93,-0.0249,0.0792,0.0006,FLAT,2.24,27.54,19.82,-14.53,51.2,24.79,0.5575,LOW,-,343.3785,340.6626,339.1385,1,56.8708,LAGGARD,16.8902
739,62,UBSI,UNITED BANKSHARES INC,Financials,,mid,43.33,58.54,0.0006,-0.0073,-0.0148,STRONG_UP,19.01,24.88,46.29,-13.73,48.0,21.12,0.6734,LOW,-,43.0365,42.5878,39.3281,1,56.5533,CONTENDER,16.812
740,-4,ENSG,ENSIGN GROUP INC,Health Care,,large,171.97,37.93,-0.0381,-0.0906,-0.1742,STRONG_UP,-6.77,17.71,45.08,-21.48,49.6,21.28,0.9932,LOW,EARLY,176.7835,189.8786,183.7674,0,41.2814,WEAK,16.8064
741,-74,L,Loews Corporation,Financials,Multi-line Insurance,large,106.98,53.31,-0.0204,-0.0378,-0.0411,STRONG_UP,-0.09,21.65,45.35,-7.89,55.2,19.44,0.5259,LOW,-,107.151,108.0868,104.2174,1,61.4782,CONTENDER,16.7908
742,-17,O,Realty Income,Real Estate,Retail REITs,large,62.19,40.0,-0.0092,-0.0323,-0.087,STRONG_UP,13.07,17.61,34.68,-11.1,54.4,16.25,0.7702,LOW,-,62.5115,62.3906,59.3828,1,58.9566,LAGGARD,16.7812
743,-68,PLTR,Palantir Technologies,Information Technology,Application Software,large,132.51,35.75,-0.0853,-0.2112,-0.2868,STRONG_UP,-18.33,7.07,529.5,-38.19,54.4,48.8,0.6868,LOW,EARLY,136.6673,141.9527,162.1329,0,7.8815,WEAK,16.7756
744,-105,FLYW,FLYWIRE CORP,Financials,,small,15.81,87.8,-0.0101,0.1748,0.2111,STRONG_DOWN,18.07,49.43,-13.13,-28.16,50.0,56.97,1.4393,MED,-,15.781,13.794,13.3377,1,43.385,LEADER,16.7627
745,5,GLDD,GREAT LAKES DREDGE AND DOCK CORP,Industrials,,small,17.0,66.12,-0.0318,-0.011,0.316,STRONG_DOWN,42.74,53.02,84.18,-14.74,49.06,36.8,0.0,LOW,-,16.9545,16.4526,13.1936,1,70.6775,CONTENDER,16.7477
746,-27,GE,GE Aerospace,Industrials,Aerospace & Defense,large,317.21,52.48,0.0233,0.0835,-0.051,FLAT,8.16,30.87,90.45,-20.85,54.8,42.06,0.6059,LOW,-,295.328,294.5188,300.0607,1,40.2195,CONTENDER,16.7445
747,-53,OMCL,OMNICELL INC,Health Care,,small,43.12,53.64,-0.0386,-0.0564,0.0457,FLAT,18.98,46.82,33.09,-37.05,53.6,56.53,0.6898,LOW,-,43.4735,38.7488,38.0432,1,44.3899,CONTENDER,16.7256
748,64,GFF,GRIFFON CORP,Industrials,,mid,87.71,51.24,0.0187,-0.0613,0.0452,FLAT,22.83,29.88,34.19,-27.85,52.8,39.25,0.4373,LOW,-,86.658,81.9656,78.5663,1,40.1944,CONTENDER,16.7096
749,-66,GNW,GENWORTH FINANCIAL INC,Financials,,mid,8.84,63.76,-0.0543,-0.0087,0.0036,STRONG_DOWN,2.91,28.49,41.89,-14.07,48.4,21.42,0.546,LOW,-,9.0615,8.7072,8.665,1,64.3715,CONTENDER,16.6216
750,21,CNOB,CONNECTONE BANCORP INC,Financials,,small,29.85,74.22,-0.0045,0.0203,0.0637,STRONG_DOWN,23.6,34.41,63.92,-12.41,52.0,24.95,0.6067,LOW,-,29.4774,28.1995,26.1099,1,71.7109,CONTENDER,16.6196
751,183,ABUS,ARBUTUS BIOPHARMA CORP,Health Care,,small,4.64,49.81,0.059,0.1145,0.0045,FLAT,8.67,36.07,38.51,-25.86,49.6,43.12,1.6038,HIGH,-,4.348,4.3734,4.3461,1,41.491,LAGGARD,16.6173
752,-148,ALGT,ALLEGIANT TRAVEL,Industrials,,small,91.0,69.83,0.147,0.1562,-0.1286,FLAT,32.92,61.03,85.83,-39.13,46.4,70.56,0.9308,LOW,-,78.353,80.9986,77.7349,1,40.1354,CONTENDER,16.612
753,-37,HWC,HANCOCK WHITNEY CORP,Financials,,mid,67.77,62.37,0.0098,0.016,-0.0424,FLAT,16.39,27.52,57.18,-17.45,50.8,25.76,0.7615,LOW,-,66.8905,65.9724,63.5907,1,54.2761,CONTENDER,16.6101
754,89,NOW,ServiceNow,Information Technology,Systems Software,large,102.12,6.22,-0.0629,-0.0213,-0.3273,FLAT,-37.41,-50.0,-29.95,-60.28,48.8,65.55,1.0988,MED,SHIFT,94.584,97.5848,142.0174,0,-37.2271,WEAK,16.579
755,2,FMBH,FIRST MID BANCSHARES INC,Financials,,small,43.86,63.07,0.0099,0.0186,0.0132,FLAT,18.4,27.96,46.57,-13.93,49.6,20.93,0.79,LOW,-,42.9648,42.2359,39.8252,1,66.2631,CONTENDER,16.5671
756,68,PHM,PulteGroup,Consumer Discretionary,Homebuilding,large,119.1,57.05,-0.0223,-0.0507,-0.0861,STRONG_UP,0.27,22.87,6.76,-22.6,48.4,33.53,0.7942,LOW,SHIFT,116.279,119.0926,125.0335,0,33.0078,LAGGARD,16.5222
757,107,ETN,Eaton Corporation,Industrials,Electrical Components & Equipment,large,406.37,47.11,0.0368,-0.0275,0.1115,FLAT,23.71,26.23,23.49,-19.13,53.6,38.68,1.0752,MED,-,403.3717,391.1756,362.5649,1,36.3445,LAGGARD,16.504
758,-126,BAC,Bank of America,Financials,Diversified Banks,large,51.1,46.34,-0.0064,-0.0195,-0.0362,STRONG_UP,-0.53,18.59,36.16,-17.93,56.4,23.04,0.9437,LOW,-,51.6275,51.027,51.4567,0,45.499,WEAK,16.5033
759,-45,DNLI,DENALI THERAPEUTICS INC,Health Care,,mid,20.21,59.0,0.0705,0.0039,-0.0396,STRONG_UP,6.76,54.98,6.93,-20.49,48.4,60.61,0.715,LOW,-,19.138,19.6639,17.8879,1,43.9079,CONTENDER,16.4813
760,-33,PIPR,PIPER SANDLER COMPANIES,Financials,,mid,79.07,65.85,-0.016,-0.0903,-0.0005,FLAT,-1.21,29.15,56.84,-24.56,54.0,35.12,0.6963,LOW,EARLY,80.5825,81.0255,82.3206,0,44.8262,LAGGARD,16.4762
761,-18,HBNC,HORIZON BANCORP INC,Financials,,small,18.43,66.9,0.0017,0.0128,0.0371,STRONG_DOWN,14.4,29.75,66.9,-16.65,50.8,22.38,0.765,LOW,-,18.2025,17.4722,16.7019,1,67.5192,CONTENDER,16.4689
762,85,SRE,Sempra,Utilities,Multi-Utilities,large,91.26,65.38,-0.0142,-0.0071,-0.0173,FLAT,-1.43,21.35,28.8,-9.54,54.4,19.33,0.6065,LOW,-,92.466,94.2896,89.4972,1,60.0746,CONTENDER,16.4411
763,-17,VRSN,Verisign,Information Technology,Internet Services & Infrastructure,large,295.65,37.31,-0.0757,-0.0535,0.0566,STRONG_DOWN,19.22,11.21,75.47,-30.21,54.4,30.34,1.0244,MED,-,289.142,271.5379,255.9137,1,20.1052,LAGGARD,16.4401
764,-31,BFLY,BUTTERFLY NETWORK INC CLASS A,Health Care,,small,4.68,66.67,0.0633,-0.0969,0.0194,FLAT,42.68,77.95,354.37,-49.43,48.4,131.41,0.4413,LOW,-,4.422,4.477,3.2381,1,28.7088,CONTENDER,16.4313
765,9,LMT,Lockheed Martin,Industrials,Aerospace & Defense,large,531.14,39.67,-0.0172,0.0235,-0.1509,FLAT,19.27,16.1,22.13,-25.15,53.2,25.17,0.6348,LOW,-,519.401,568.4006,528.4192,1,34.0312,LAGGARD,16.4304
766,-102,PECO,PHILLIPS EDISON AND COMPANY INC,Real Estate,,mid,40.85,45.88,0.0133,0.0003,0.0137,FLAT,18.42,21.65,40.69,-8.29,48.8,14.82,0.881,LOW,-,39.9023,38.7239,35.8753,1,71.2756,LAGGARD,16.4109
767,-161,WMB,Williams Companies,Energy,Oil & Gas Storage & Transportation,large,74.37,20.22,0.014,0.0578,-0.0651,FLAT,27.08,26.7,96.5,-12.36,51.6,22.5,0.7452,LOW,-,75.8535,73.8098,64.8657,1,61.2332,LAGGARD,16.3961
768,-42,CRNX,CRINETICS PHARMACEUTICALS INC,Health Care,,mid,36.79,42.53,0.0116,-0.0395,-0.142,STRONG_UP,-16.08,23.0,-21.49,-40.33,46.4,50.97,0.6937,LOW,EARLY,38.0155,37.8126,41.3825,0,20.9399,WEAK,16.3742
769,20,FCF,FIRST COMMONWEALTH FINANCIAL CORP,Financials,,small,18.77,57.84,-0.0001,0.0123,0.0266,STRONG_DOWN,18.24,24.52,48.54,-15.15,50.8,17.94,0.4953,LOW,-,18.4213,18.1075,17.1155,1,69.4267,CONTENDER,16.3604
770,14,ATMU,ATMUS FILTRATION TECHNOLOGIES INC,Industrials,,mid,49.34,57.02,-0.0249,-0.2085,-0.213,STRONG_UP,1.84,36.37,66.17,-26.26,53.6,52.16,0.4082,LOW,EARLY,53.0263,57.2425,52.6513,0,37.3701,LAGGARD,16.3565
771,218,CRL,Charles River Laboratories,Health Care,Life Sciences Tools & Services,mid,164.49,40.23,0.0514,-0.0176,-0.0456,STRONG_UP,-3.49,20.73,-23.32,-33.88,52.8,51.21,1.0641,MED,EARLY,165.2035,168.0396,175.9853,0,21.3701,WEAK,16.3535
772,55,WRBY,WARBY PARKER INC CLASS A,Consumer Discretionary,,mid,25.68,64.43,0.0047,0.1378,0.0361,FLAT,36.81,27.89,49.82,-42.26,49.6,89.89,0.3291,LOW,-,25.5175,23.7834,24.0432,1,15.3884,CONTENDER,16.3367
773,36,AEE,Ameren,Utilities,Multi-Utilities,large,111.12,59.62,0.0109,0.0021,0.0172,FLAT,7.53,19.95,65.71,-7.9,56.0,17.67,0.5522,LOW,-,110.142,110.4742,104.2919,1,63.2126,CONTENDER,16.3212
774,-27,ARR,ARMOUR RESIDENTIAL REIT INC,Financials,,mid,17.02,59.23,0.0296,-0.0098,-0.039,STRONG_UP,10.29,25.29,24.25,-16.79,54.8,28.4,0.5776,LOW,-,17.0201,16.7791,15.7086,1,48.7919,CONTENDER,16.3162
775,80,MTX,MINERALS TECHNOLOGIES INC,Materials,,mid,78.51,50.0,-0.0136,0.0837,0.124,STRONG_DOWN,36.22,35.56,-5.73,-15.83,53.6,31.28,0.4277,LOW,-,77.4165,73.3062,65.6737,1,60.9392,CONTENDER,16.3036
776,-81,NEXT,NEXTDECADE CORP,Energy,,mid,7.97,7.87,-0.026,0.1167,0.4615,STRONG_DOWN,42.07,3.78,15.01,-60.0,46.8,74.87,0.5584,LOW,-,8.264,7.792,6.7853,1,2.3603,LAGGARD,16.3013
777,-148,VST,Vistra Corp.,Utilities,Electric Utilities,large,160.15,13.46,0.1007,0.0057,-0.0757,STRONG_UP,-8.31,-0.86,52.84,-38.01,49.6,50.68,1.0164,MED,SHIFT,150.8365,154.6427,173.3453,0,-0.8387,WEAK,16.298
778,25,BATRK,ATLANTA BRAVES HOLDINGS INC SERIES,Communication,,mid,49.92,41.67,-0.0338,0.01,0.0029,FLAT,31.2,23.26,27.71,-18.72,52.4,22.12,0.9608,LOW,-,50.1365,46.927,42.4468,1,55.0988,LAGGARD,16.2776
779,-71,BMY,Bristol Myers Squibb,Health Care,Pharmaceuticals,large,57.52,45.59,-0.0202,-0.0166,-0.032,FLAT,23.12,28.58,56.49,-13.68,48.4,24.96,0.8175,LOW,-,57.5365,58.1945,52.0958,1,55.4201,LAGGARD,16.2595
780,87,CPRX,CATALYST PHARMACEUTICALS INC,Health Care,,mid,31.32,44.83,-0.0005,0.0603,0.2761,STRONG_DOWN,33.22,27.63,89.02,-27.29,52.0,38.14,1.0674,MED,-,30.622,27.327,23.551,1,37.6684,LAGGARD,16.2478
781,151,CBT,CABOT CORP,Materials,,mid,86.12,38.24,0.0543,0.1256,0.1624,STRONG_DOWN,41.16,18.66,-10.97,-28.82,49.2,31.75,1.641,HIGH,-,81.0325,76.705,72.4245,1,28.9193,LAGGARD,16.2374
782,-14,FOX,Fox Corporation (Class B),Communication Services,Broadcasting,large,58.62,59.09,0.0155,0.0258,0.1402,STRONG_DOWN,2.12,15.02,92.87,-26.77,54.0,26.81,0.646,LOW,-,57.7245,55.9911,56.902,1,30.2448,CONTENDER,16.2349
783,24,JPM,JPMorgan Chase,Financials,Diversified Banks,large,299.28,41.46,-0.0128,-0.029,-0.0361,STRONG_UP,1.4,15.79,56.48,-15.47,54.8,21.41,1.0241,MED,EARLY,304.5965,302.0018,303.4516,0,40.4205,WEAK,16.2125
784,14,HOPE,HOPE BANCORP INC,Financials,,small,12.53,67.94,0.0084,-0.0083,0.0574,FLAT,23.33,30.16,33.61,-15.54,49.6,24.11,0.4852,LOW,-,12.2686,11.9075,11.0826,1,62.0461,CONTENDER,16.1934
785,86,EQBK,EQUITY BANCSHARES INC CLASS A,Financials,,small,46.23,52.61,0.0058,0.0113,-0.0074,FLAT,10.03,21.18,42.43,-17.02,48.8,16.61,0.4942,LOW,-,45.4895,45.1003,43.5517,1,62.2348,CONTENDER,16.1783
786,-62,CAKE,CHEESECAKE FACTORY INC,Consumer Discretionary,,mid,64.95,53.02,0.0315,0.0393,0.0427,STRONG_DOWN,45.74,20.17,78.91,-36.39,53.6,37.0,0.9549,LOW,-,60.6096,59.1998,56.0999,1,29.2139,CONTENDER,16.1432
787,59,RRR,RED ROCK RESORTS ORS CLASS A INC,Consumer Discretionary,,mid,57.51,52.35,0.0508,0.0336,-0.0419,STRONG_UP,6.33,20.03,27.16,-22.06,54.8,32.17,1.1528,MED,SHIFT,53.391,55.1158,58.0167,0,34.114,LAGGARD,16.1159
788,-56,RCL,Royal Caribbean Group,Consumer Discretionary,"Hotels, Resorts & Cruise Lines",large,275.17,44.97,0.0382,0.0733,-0.0986,FLAT,8.61,11.33,87.5,-32.36,49.2,50.09,1.0829,MED,SHIFT,263.72,269.0084,292.0421,0,11.1289,WEAK,16.1065
789,3,STBA,S AND T BANCORP INC,Financials,,small,44.95,62.02,-0.0041,0.031,0.0127,FLAT,14.96,27.28,49.07,-13.37,48.8,20.7,0.7094,LOW,-,44.1338,42.9684,39.9661,1,64.3049,CONTENDER,16.0852
790,46,MHO,M I HOMES INC,Consumer Discretionary,,mid,133.63,59.06,0.0028,-0.0161,-0.0187,STRONG_UP,3.45,24.91,7.34,-25.14,51.2,33.88,0.8583,LOW,SHIFT,128.5375,126.3622,134.6402,0,37.6462,LAGGARD,16.0777
791,-80,FICO,Fair Isaac,Information Technology,Application Software,large,1278.47,23.32,-0.0122,0.1159,-0.3408,FLAT,-26.87,-21.08,-7.7,-52.12,52.0,64.47,0.9547,LOW,SHIFT,1128.723,1083.2626,1445.3086,0,-17.002,WEAK,16.0647
792,28,SR,SPIRE INC,Utilities,,mid,85.65,61.54,-0.0242,-0.0469,-0.0307,FLAT,0.69,20.91,57.3,-10.25,56.4,19.04,0.9774,LOW,-,87.1975,89.8264,84.3507,1,61.9273,CONTENDER,16.055
793,3,ZWS,ZURN ELKAY WATER SOLUTIONS CORP,Industrials,,mid,48.8,56.2,-0.0131,-0.0756,-0.0231,FLAT,3.66,35.83,58.91,-17.02,50.4,34.54,0.3949,LOW,-,49.475,48.0251,47.2377,1,52.2841,CONTENDER,16.0507
794,-21,JXN,JACKSON FINANCIAL INC CLASS A,Financials,,mid,103.91,69.69,-0.0669,-0.0901,-0.1217,STRONG_UP,11.68,30.99,45.53,-16.31,55.6,36.8,0.6177,LOW,-,110.4085,108.2008,103.7946,1,46.8214,CONTENDER,16.0479
795,84,XENE,XENON PHARMACEUTICALS INC,Health Care,,mid,53.9,70.5,-0.017,-0.0154,0.2172,STRONG_DOWN,28.18,89.19,39.6,-14.95,48.8,104.4,1.5193,HIGH,-,55.486,56.0856,45.2619,1,41.69,CONTENDER,16.0355
796,29,TEX,TEREX CORP,Industrials,,mid,59.07,50.83,-0.0082,-0.0595,-0.1141,STRONG_UP,31.32,29.82,1.4,-28.29,49.2,47.39,0.5052,LOW,-,60.7215,60.5032,56.0619,1,30.9615,CONTENDER,16.0265
797,22,XEL,Xcel Energy,Utilities,Multi-Utilities,large,81.0,63.46,0.0028,0.0308,-0.005,FLAT,2.45,21.23,61.09,-11.5,53.6,21.07,0.9646,LOW,-,80.3225,79.91,77.2692,1,54.0007,CONTENDER,16.0112
798,-181,OSBC,OLD SECOND BANCORP INC,Financials,,small,21.23,67.6,0.0086,0.0294,0.0352,STRONG_DOWN,16.05,29.87,53.18,-12.91,52.4,22.83,0.7601,LOW,-,20.887,20.6497,19.3086,1,68.5609,CONTENDER,16.0107
799,78,BFC,BANK FIRST CORP,Financials,,small,139.38,56.1,-0.0295,-0.0524,-0.02,FLAT,13.64,23.42,82.59,-14.17,50.4,21.55,1.0411,MED,-,143.6275,140.4239,132.1476,1,54.7679,CONTENDER,16.0073
800,-24,SBCF,SEACOAST BANKING OF FLORIDA,Financials,,mid,30.37,58.89,-0.012,-0.0327,-0.0898,STRONG_UP,0.14,25.01,39.31,-16.26,49.6,24.49,0.6979,LOW,EARLY,30.6465,30.9022,31.1197,0,50.6488,LAGGARD,16.0034
801,-7,SPB,SPECTRUM BRANDS HOLDINGS INC,Consumer Staples,,small,77.58,83.87,0.0315,-0.0663,0.0688,FLAT,37.13,40.39,-9.42,-15.76,52.4,37.58,0.8881,LOW,-,78.8448,78.0073,64.3801,1,56.3186,LEADER,16.0008
802,120,PFE,Pfizer,Health Care,Pharmaceuticals,large,26.21,40.61,0.0135,0.0026,0.0004,STRONG_UP,7.41,20.97,5.71,-11.47,50.8,19.76,0.835,LOW,-,25.8568,26.4571,25.0644,1,53.9189,LAGGARD,15.9983
803,47,TROW,T. Rowe Price,Financials,Asset Management & Custody Banks,large,104.5,43.21,0.0225,0.0477,0.0812,STRONG_DOWN,6.88,17.17,-0.78,-19.76,53.6,19.58,0.5242,LOW,-,103.181,96.9654,99.2601,1,47.0075,LAGGARD,15.9969
804,-133,RES,RPC INC,Energy,,small,6.73,46.07,0.011,-0.1075,0.1068,FLAT,30.6,54.3,3.87,-20.83,51.6,47.01,0.3836,LOW,-,7.2143,7.1018,5.7259,1,59.6011,LAGGARD,15.9667
805,124,APTV,Aptiv,Consumer Discretionary,Automotive Parts & Equipment,large,61.9,23.49,0.0887,0.045,-0.1625,STRONG_UP,-17.3,-8.58,-25.54,-40.71,47.6,47.07,1.0321,MED,SHIFT,56.789,60.8088,75.0134,0,-8.6773,WEAK,15.96
806,140,PCAR,Paccar,Industrials,Construction Machinery & Heavy Transportation Equipment,large,112.26,44.21,-0.028,-0.0725,-0.0755,STRONG_UP,11.59,22.38,11.05,-15.29,46.4,28.09,1.0425,MED,-,112.9232,117.2476,109.4634,1,36.9728,LAGGARD,15.9483
807,-262,ATKR,ATKORE INC,Industrials,,mid,82.24,46.69,0.0576,0.0468,0.2848,FLAT,33.57,25.91,-43.44,-32.38,53.2,42.87,0.8826,LOW,-,76.1466,69.1684,64.9116,1,32.1558,LAGGARD,15.9431
808,-115,PCT,PURECYCLE TECHNOLOGIES INC,Materials,,small,12.66,42.65,0.0212,0.7908,0.5787,FLAT,51.25,23.51,147.27,-70.09,47.6,98.79,0.796,LOW,-,10.1625,7.7012,9.9663,1,11.3289,LAGGARD,15.9361
809,45,SAH,SONIC AUTOMOTIVE INC CLASS A,Consumer Discretionary,,mid,83.58,55.7,0.0886,0.1525,0.3609,STRONG_DOWN,39.28,22.04,55.01,-33.64,56.0,38.89,0.6292,LOW,-,77.3735,70.9788,68.31,1,31.7383,CONTENDER,15.9316
810,-144,AAP,ADVANCE AUTO PARTS INC,Consumer Discretionary,,mid,58.26,46.98,0.0914,0.0273,0.1603,FLAT,15.58,12.71,-13.28,-41.44,46.4,57.8,1.4513,MED,-,54.5925,54.2731,52.4572,1,10.2028,LAGGARD,15.927
811,-18,ASB,ASSOCIATED BANCORP,Financials,,mid,28.08,60.98,-0.0006,0.0081,-0.0096,FLAT,11.8,26.01,43.96,-16.37,51.2,25.52,0.4809,LOW,-,27.988,27.103,26.141,1,52.1854,CONTENDER,15.9154
812,-63,DAVE,DAVE INC CLASS A,Financials,,mid,256.26,45.3,0.0473,-0.0699,0.3141,FLAT,25.75,18.01,494.43,-44.67,52.0,67.28,0.8052,LOW,-,249.866,228.3691,212.1763,1,13.916,LAGGARD,15.914
813,25,ATO,Atmos Energy,Utilities,Gas Utilities,large,176.24,50.0,-0.005,-0.0423,-0.0174,FLAT,2.1,17.21,64.62,-8.47,58.0,16.46,0.6381,LOW,-,180.5584,183.1064,172.9891,1,60.6464,CONTENDER,15.8995
814,-58,FIHL,FIDELIS INSURANCE HOLDINGS LTD,Financials,,small,22.65,78.75,-0.0388,0.0954,0.1171,STRONG_DOWN,22.18,38.23,51.22,-15.99,54.22,39.75,1.226,MED,-,21.789,20.5366,18.81,1,52.1516,LEADER,15.8985
815,20,GHC,GRAHAM HOLDINGS COMPANY CLASS B,Consumer Discretionary,,mid,1114.09,53.69,-0.0373,-0.0575,0.0827,FLAT,5.21,20.75,52.65,-19.78,50.8,22.06,0.4619,LOW,-,1116.4645,1103.805,1093.8858,1,47.7851,CONTENDER,15.8902
816,107,PDD,PDD Holdings,Technology,EDP Services,large,86.61,50.0,-0.1405,-0.1544,-0.2859,STRONG_UP,-23.68,-11.51,-42.15,-37.3,50.4,39.48,5.2259,HIGH,EARLY,97.2985,99.1684,113.5424,0,-14.6988,LAGGARD,15.882
817,-36,VZ,Verizon,Communication Services,Integrated Telecommunication Services,large,48.24,72.73,0.0006,0.0109,0.009,FLAT,23.89,19.38,39.64,-13.32,49.2,19.51,0.602,LOW,-,47.544,47.7129,43.1749,1,48.8847,CONTENDER,15.8662
818,-88,SM,SM ENERGY,Energy,,mid,30.63,24.72,-0.0611,0.0857,0.3995,STRONG_DOWN,69.41,34.19,-33.67,-38.16,51.6,58.66,0.5489,LOW,-,31.565,30.1726,23.8699,1,30.0746,LAGGARD,15.8491
819,134,WYNN,Wynn Resorts,Consumer Discretionary,Casinos & Gaming,large,101.22,45.64,-0.0145,-0.0485,-0.0443,FLAT,-17.47,12.33,10.48,-28.44,46.4,32.38,1.057,MED,PROGRESS,100.3636,102.1374,114.206,0,17.6666,WEAK,15.8354
820,-114,AESI,ATLAS ENERGY SOLUTIONS INC,Energy,,small,18.16,40.45,-0.0216,0.1016,0.785,STRONG_DOWN,124.2,48.95,-18.47,-43.54,52.0,61.16,0.599,LOW,-,18.6205,15.4982,11.967,1,41.6197,LAGGARD,15.8011
821,-8,HRI,HERC HOLDINGS INC,Industrials,,mid,137.93,34.71,0.0066,0.0163,-0.0566,FLAT,4.31,9.75,1.63,-49.5,48.0,62.88,0.3203,LOW,-,133.282,116.6648,132.9164,1,7.4425,LAGGARD,15.7965
822,-18,LXU,LSB INDUSTRIES INC,Materials,,small,12.87,67.65,-0.0828,-0.1299,0.1349,FLAT,47.76,72.29,33.09,-23.76,52.4,74.77,0.4059,LOW,-,14.163,14.5144,10.5369,1,50.6614,CONTENDER,15.7954
823,-54,MTCH,Match Group,Communication Services,Interactive Media & Services,mid,36.1,81.82,-0.0078,-0.0385,0.1349,FLAT,12.26,21.01,27.42,-24.61,51.6,31.33,0.4165,LOW,-,36.4365,34.2753,33.3306,1,34.6072,LEADER,15.7868
824,128,NCLH,Norwegian Cruise Line Holdings,Consumer Discretionary,"Hotels, Resorts & Cruise Lines",mid,18.15,37.58,0.0866,0.0182,-0.2405,STRONG_UP,2.25,3.48,9.6,-45.1,46.0,61.89,1.3096,MED,PROGRESS,16.757,18.4,21.4562,0,2.5849,WEAK,15.7725
825,-19,WAFD,WAFD INC,Financials,,mid,35.55,65.51,0.0068,0.0175,0.0812,STRONG_DOWN,15.33,29.11,39.48,-12.9,51.6,24.62,0.6227,LOW,-,35.041,33.5122,31.5073,1,61.0163,CONTENDER,15.7643
826,6,HUBB,Hubbell Incorporated,Industrials,Industrial Machinery & Supplies & Components,large,484.25,44.63,0.0117,-0.1249,-0.0567,FLAT,14.88,24.05,24.86,-17.36,52.8,34.77,1.2256,MED,-,489.5105,504.947,466.3601,1,36.516,LAGGARD,15.764
827,-37,HWKN,HAWKINS INC,Materials,,mid,158.64,39.71,-0.024,-0.0412,0.0808,FLAT,25.89,19.0,83.05,-34.79,54.4,36.52,0.5363,LOW,-,161.7655,155.7578,153.5801,1,28.3091,LAGGARD,15.7617
828,-2,MPB,MID PENN BANCORP INC,Financials,,small,32.69,59.58,0.0043,-0.0294,-0.0329,STRONG_UP,13.94,25.3,60.06,-15.49,50.8,23.17,0.5261,LOW,-,32.3542,32.5042,30.6952,1,55.4681,CONTENDER,15.7432
829,-11,MC,MOELIS CLASS A,Financials,,mid,65.87,49.13,0.0218,-0.0352,0.0219,FLAT,7.43,19.99,23.23,-33.26,54.0,36.67,0.4575,LOW,-,64.2256,61.8451,65.6027,1,29.4337,LAGGARD,15.7206
830,-183,MATW,MATTHEWS INTERNATIONAL CORP CLASS,Consumer Discretionary,,small,27.18,66.44,-0.0445,-0.0321,0.0596,STRONG_DOWN,15.62,29.19,4.1,-15.87,50.8,26.76,1.2023,MED,-,27.4292,26.5827,25.1282,1,55.4076,CONTENDER,15.7091
831,77,D,Dominion Energy,Utilities,Multi-Utilities,large,67.2,73.08,-0.0198,0.0802,0.0906,STRONG_DOWN,11.5,25.83,39.43,-9.77,50.8,25.7,1.2615,MED,-,64.439,63.0116,60.5762,1,51.0533,CONTENDER,15.6916
832,0,EMR,Emerson Electric,Industrials,Electrical Components & Equipment,large,139.72,41.32,0.0182,-0.0003,-0.0644,STRONG_UP,9.49,18.58,28.99,-23.45,55.2,36.89,0.8043,LOW,-,137.2547,136.4513,136.1959,1,27.8084,LAGGARD,15.655
833,54,RYZ,RYERSON HOLDING CORP,Materials,,small,27.87,51.47,0.0632,0.0513,0.0345,STRONG_UP,30.47,35.6,20.06,-34.71,54.0,53.11,0.6048,LOW,-,26.381,24.542,24.2536,1,36.201,CONTENDER,15.6546
834,-47,ACLX,ARCELLX INC,Health Care,,mid,115.07,69.35,-0.0026,-0.0017,0.7031,STRONG_DOWN,31.52,88.18,124.31,-33.06,50.65,156.03,0.0,LOW,-,114.932,111.7098,83.9435,1,28.6236,CONTENDER,15.65
835,170,CRH,CRH plc,Materials,Construction Materials,large,106.25,36.76,0.0011,-0.0647,-0.1069,STRONG_UP,-5.0,16.37,37.11,-24.46,46.0,36.9,1.2321,MED,EARLY,108.185,109.1965,115.2065,0,20.4046,WEAK,15.6256
836,-51,PEP,PepsiCo,Consumer Staples,Soft Drinks & Non-alcoholic Beverages,large,147.74,66.13,-0.0276,-0.063,-0.0459,FLAT,3.45,17.59,-8.43,-13.79,46.8,20.04,1.1558,MED,EARLY,151.8785,153.605,149.025,0,41.0841,LAGGARD,15.5938
837,-54,TJX,TJX Companies,Consumer Discretionary,Apparel Retail,large,157.01,63.09,-0.0605,-0.002,0.0276,STRONG_DOWN,6.12,25.91,58.72,-10.89,50.4,22.59,0.9513,LOW,-,153.4928,156.2293,149.415,1,57.8174,CONTENDER,15.56
838,-56,THRM,GENTHERM INC,Consumer Discretionary,,small,34.71,61.07,0.0669,0.1584,0.0868,FLAT,-1.48,25.49,-32.09,-30.32,48.8,34.67,1.104,MED,-,31.0525,29.6456,33.7342,1,35.8759,CONTENDER,15.5505
839,1,SBUX,Starbucks,Consumer Discretionary,Restaurants,large,102.1,55.03,-0.088,0.0536,0.0821,STRONG_DOWN,24.02,21.85,38.62,-18.53,49.2,30.91,1.1415,MED,-,104.8309,98.7052,90.126,1,34.7853,CONTENDER,15.5491
840,-24,SNCY,SUN COUNTRY AIRLINES HOLDINGS INC,Industrials,,small,16.17,58.68,-0.0488,-0.1318,-0.2379,STRONG_UP,28.23,38.68,69.14,-30.08,48.15,47.1,0.0,LOW,-,16.3715,16.5948,14.8561,1,39.5415,CONTENDER,15.5107
841,-31,ACT,ENACT HOLDINGS INC,Financials,,mid,42.63,54.7,-0.0225,-0.0212,-0.0173,STRONG_DOWN,11.89,22.14,44.9,-10.96,55.6,19.46,0.9064,LOW,-,43.043,42.3052,39.5295,1,63.2536,CONTENDER,15.4595
842,-82,WAB,Wabtec,Industrials,Construction Machinery & Heavy Transportation Equipment,large,260.81,52.07,-0.0259,-0.0217,0.0116,STRONG_DOWN,30.72,30.18,56.1,-13.29,52.0,29.4,0.7839,LOW,-,263.0948,258.0584,224.9223,1,53.3832,CONTENDER,15.4573
843,148,LULU,Lululemon Athletica,Consumer Discretionary,"Apparel, Accessories & Luxury Goods",large,131.04,0.0,0.0011,-0.0838,-0.2618,STRONG_UP,-22.77,-58.5,-55.62,-64.46,47.6,44.55,1.6125,HIGH,PROGRESS,127.766,145.801,173.6728,0,-62.5038,WEAK,15.4278
844,68,NEO,NEOGENOMICS INC,Health Care,,small,9.57,46.36,0.0725,0.0574,-0.0421,STRONG_UP,-17.57,28.98,-32.27,-45.61,52.0,50.68,0.4336,LOW,-,8.8775,8.3738,9.6656,0,29.7304,WEAK,15.4181
845,62,A,Agilent Technologies,Health Care,Life Sciences Tools & Services,large,115.84,29.12,0.0153,0.0049,-0.0233,STRONG_UP,-24.28,5.33,-20.61,-29.75,51.6,29.53,1.1027,MED,SHIFT,114.1115,114.8751,129.0067,0,9.315,WEAK,15.3827
846,89,MCK,McKesson Corporation,Health Care,Health Care Distributors,large,756.47,31.42,-0.0004,-0.0979,-0.2062,STRONG_UP,-12.92,6.65,38.91,-27.17,54.0,25.71,1.1713,MED,EARLY,766.803,826.6762,816.5886,0,13.9593,WEAK,15.3548
847,1,MRTN,MARTEN TRANSPORT LTD,Industrials,,small,17.25,54.55,0.0184,0.1413,0.2999,STRONG_DOWN,77.82,33.92,1.41,-32.0,48.0,34.49,0.9414,LOW,-,15.6075,14.4362,12.2379,1,47.2052,CONTENDER,15.3429
848,-81,SWKS,Skyworks Solutions,Information Technology,Semiconductors,mid,78.68,39.9,0.0182,0.1521,0.0722,FLAT,27.39,17.51,-7.05,-35.24,50.4,53.69,1.3607,MED,-,70.1464,61.885,64.9208,1,16.4402,LAGGARD,15.2321
849,-70,GPGI,GPGI INC CLASS A,Information Technology,,mid,12.27,28.5,-0.0298,-0.3343,-0.7308,STRONG_UP,-35.53,-10.27,125.97,-55.48,49.2,81.27,0.4657,LOW,EARLY,13.4987,15.4682,19.4061,0,-6.2197,WEAK,15.2289
850,-45,CPRI,CAPRI HOLDINGS LTD,Consumer Discretionary,,mid,18.27,34.23,-0.0226,-0.0832,-0.0867,STRONG_UP,-23.87,1.27,-46.66,-39.3,47.6,40.18,3.3518,HIGH,PROGRESS,18.26,18.8026,21.3124,0,1.5104,WEAK,15.1336
851,-10,TXT,Textron,Industrials,Aerospace & Defense,large,92.32,45.87,-0.0023,0.0341,-0.0468,FLAT,12.1,24.89,5.75,-14.69,54.4,28.9,0.4333,LOW,-,91.4125,90.3734,87.5806,1,46.8557,LAGGARD,15.1273
852,-180,RL,Ralph Lauren Corporation,Consumer Discretionary,"Apparel, Accessories & Luxury Goods",large,376.23,71.81,0.0971,0.0235,0.0308,FLAT,8.07,33.95,113.41,-17.67,50.0,47.38,0.9152,LOW,-,351.8985,356.1742,341.2722,1,35.8271,CONTENDER,15.1249
853,0,AME,Ametek,Industrials,Electrical Components & Equipment,large,226.38,47.52,-0.0261,-0.0252,-0.0262,FLAT,16.33,27.32,36.27,-13.57,49.2,27.43,0.8393,LOW,-,229.8655,226.0634,208.0174,1,48.9946,LAGGARD,15.1007
854,-100,TRN,TRINITY INDUSTRIES INC,Industrials,,mid,32.14,53.31,-0.0818,0.0103,-0.0353,FLAT,28.01,31.07,13.07,-18.86,48.8,41.75,1.441,MED,-,34.5505,32.9339,29.2452,1,36.3154,CONTENDER,15.0996
855,-137,CRGY,CRESCENT ENERGY CLASS A,Energy,,mid,11.8,34.83,-0.0696,-0.05,0.0495,STRONG_DOWN,31.35,43.06,3.47,-22.34,56.4,50.53,0.7455,LOW,-,12.962,12.7993,9.9599,1,48.057,LAGGARD,15.0716
856,-81,XERS,XERIS BIOPHARMA HOLDINGS INC,Health Care,,small,6.23,46.74,-0.0028,0.0195,-0.0588,FLAT,-11.51,30.33,224.48,-46.57,50.0,47.68,0.5109,LOW,-,6.26,6.0146,7.1327,0,31.8107,WEAK,15.0591
857,111,SOLV,Solventum,Health Care,Health Care Technology,large,75.89,27.97,-0.0059,0.1206,0.0037,FLAT,-8.98,4.49,26.78,-27.46,50.4,27.93,1.6497,HIGH,-,72.901,69.119,73.9385,1,8.0996,LAGGARD,15.0538
858,39,PODD,Insulet Corporation,Health Care,Health Care Equipment,large,146.01,1.53,-0.0703,-0.2054,-0.4026,STRONG_UP,-56.74,-54.87,-17.89,-58.62,46.8,48.64,1.9082,HIGH,EARLY,157.236,186.7584,270.6842,0,-52.7967,WEAK,15.0345
859,-79,IDCC,INTERDIGITAL INC,Information Technology,,mid,252.45,41.45,-0.1028,-0.4349,-0.5874,STRONG_UP,-26.64,19.45,131.1,-36.05,52.8,52.44,0.8571,LOW,EARLY,275.7075,313.7595,330.5087,0,19.5791,WEAK,14.999
860,-23,WMT,Walmart,Consumer Staples,Consumer Staples Merchandise Retail,large,118.54,70.97,-0.1113,-0.0774,0.0275,STRONG_DOWN,14.6,22.92,85.67,-11.67,52.0,27.13,1.1351,MED,-,128.6031,126.4859,114.4601,1,43.938,CONTENDER,14.9867
861,35,ABBV,AbbVie,Health Care,Biotechnology,large,215.4,41.38,0.0118,0.0861,-0.0165,FLAT,-4.61,21.48,48.38,-17.32,51.2,25.05,0.6753,LOW,SHIFT,208.993,207.3717,216.5198,0,43.9028,WEAK,14.9707
862,-111,EOG,EOG Resources,Energy,Oil & Gas Exploration & Production,large,134.3,19.1,0.0073,0.0287,0.0549,STRONG_DOWN,28.19,25.93,13.92,-18.51,54.0,30.55,0.4709,LOW,-,137.796,137.5818,117.8609,1,45.8284,LAGGARD,14.9358
863,17,SEM,SELECT MEDICAL HOLDINGS CORP,Health Care,,mid,16.51,35.63,-0.0034,0.004,0.1328,STRONG_DOWN,18.8,14.65,-4.79,-24.02,52.4,16.9,0.3542,LOW,-,16.4374,16.3464,14.6774,1,45.4136,LAGGARD,14.9255
864,111,PFBC,PREFERRED BANK,Financials,,small,94.73,43.55,0.0009,-0.002,0.0344,FLAT,4.13,17.28,34.6,-18.58,52.4,18.64,1.0913,MED,-,93.827,92.6119,91.3336,1,48.5634,LAGGARD,14.8928
865,25,FBP,FIRST BANCORP,Financials,,mid,24.2,55.4,-0.0009,0.0115,0.0723,STRONG_DOWN,23.89,22.71,44.09,-13.83,52.8,25.21,1.2718,MED,-,23.897,22.886,21.528,1,47.567,CONTENDER,14.8892
866,-36,MRX,MAREX GROUP PLC,Financials,,mid,53.54,54.01,-0.0259,0.0279,0.2322,STRONG_DOWN,65.92,22.11,140.77,-36.33,48.8,48.11,0.3339,LOW,-,54.2919,49.2396,39.0867,1,22.4225,CONTENDER,14.8861
867,-109,ANF,ABERCROMBIE AND FITCH CLASS A,Consumer Discretionary,,mid,81.42,25.5,0.0439,-0.0488,-0.1434,STRONG_UP,24.1,-7.97,-46.57,-45.65,50.0,48.42,3.4194,HIGH,PROGRESS,76.8155,85.7986,90.9256,0,-8.2288,WEAK,14.8801
868,-71,SIG,SIGNET JEWELERS LTD,Consumer Discretionary,,mid,83.16,61.74,0.0135,-0.0492,-0.1328,STRONG_UP,-11.27,25.49,-18.49,-29.97,50.4,54.83,0.7863,LOW,PROGRESS,81.9195,86.0624,90.8036,0,23.4332,LAGGARD,14.8666
869,33,FELE,FRANKLIN ELECTRIC INC,Industrials,,mid,101.16,42.15,0.0084,-0.0296,0.0416,FLAT,9.89,19.2,5.42,-18.18,50.0,24.1,1.1682,MED,-,98.7121,97.4046,96.6443,1,39.8319,LAGGARD,14.8402
870,-49,IDXX,Idexx Laboratories,Health Care,Health Care Equipment,large,550.99,31.8,-0.0075,-0.0343,-0.1492,STRONG_UP,-26.74,7.13,9.02,-31.04,50.4,29.9,0.8733,LOW,EARLY,552.115,565.2624,639.1179,0,12.0146,WEAK,14.8387
871,-14,PEBO,PEOPLES BANCORP INC,Financials,,small,34.63,58.19,0.0041,0.0145,0.0369,STRONG_DOWN,22.04,24.56,32.52,-12.53,48.8,18.84,0.4441,LOW,-,33.991,33.3602,30.7436,1,63.6247,CONTENDER,14.8329
872,26,PNW,Pinnacle West Capital,Utilities,Multi-Utilities,large,102.8,57.69,-0.0035,0.0174,0.0605,STRONG_DOWN,17.1,18.6,45.54,-8.43,51.2,16.06,0.353,LOW,-,100.9337,100.7595,92.4397,1,59.3085,CONTENDER,14.8265
873,8,BRSP,BRIGHTSPIRE CAPITAL INC CLASS A,Financials,,small,5.76,62.72,0.0068,-0.0409,0.0004,FLAT,11.5,27.75,23.77,-12.12,49.2,23.43,0.5826,LOW,-,5.789,5.7453,5.4597,1,58.2724,CONTENDER,14.7923
874,-57,BRZE,BRAZE INC CLASS A,Information Technology,,mid,24.58,17.62,0.0279,-0.053,0.0211,FLAT,-10.26,-31.85,-40.61,-57.09,48.0,78.69,1.616,HIGH,SHIFT,22.3575,22.0189,25.6092,0,-19.431,WEAK,14.7904
875,-41,ORRF,ORRSTOWN FINANCIAL SERVICES INC,Financials,,small,37.08,64.11,0.0074,0.0103,-0.0186,FLAT,7.24,28.52,49.69,-13.19,50.0,25.18,0.6009,LOW,-,36.4296,36.4024,35.1297,1,56.6341,CONTENDER,14.725
876,-138,GTY,GETTY REALTY REIT CORP,Real Estate,,small,33.12,49.41,-0.0227,-0.0158,-0.0076,STRONG_DOWN,20.44,22.11,39.83,-10.16,50.0,16.08,0.5349,LOW,-,33.0165,32.9869,29.2551,1,68.7353,LAGGARD,14.7201
877,-14,CMPX,COMPASS THERAPEUTICS,Health Care,,small,2.27,32.57,0.1983,0.2302,-0.5904,FLAT,-54.14,8.1,48.37,-75.04,52.8,146.12,0.9164,LOW,-,1.9155,3.8595,4.5129,0,2.9252,WEAK,14.6743
878,-25,VSEC,VSE CORP,Industrials,,mid,173.55,55.79,-0.0156,-0.0285,-0.2165,STRONG_UP,-0.71,35.61,125.5,-30.31,48.0,76.82,0.4208,LOW,EARLY,177.061,186.53,183.1161,0,22.2497,LAGGARD,14.6531
879,-84,BKE,BUCKLE INC,Consumer Discretionary,,mid,49.76,59.73,-0.0122,-0.1238,-0.0464,FLAT,-0.89,25.24,62.27,-17.92,51.6,28.75,0.9306,LOW,EARLY,50.941,51.7743,52.1026,0,45.3085,LAGGARD,14.6244
880,-49,WVE,WAVE LIFE SCIENCES LTD,Health Care,,small,6.34,28.35,0.0215,-0.1608,-0.5704,STRONG_UP,-15.01,4.79,3.26,-71.19,50.0,113.74,0.5246,LOW,-,6.828,7.6966,10.076,0,2.1072,WEAK,14.6211
881,-13,HCSG,HEALTHCARE SERVICES GROUP INC,Industrials,,small,20.6,61.98,-0.0441,-0.0589,-0.0363,FLAT,10.75,47.04,91.99,-19.88,52.0,50.01,0.7369,LOW,-,21.393,20.2958,18.6303,1,48.9096,CONTENDER,14.5851
882,141,META,Meta Platforms,Communication Services,Interactive Media & Services,large,635.255,50.0,0.0438,-0.0675,-0.0321,FLAT,3.8,-0.99,33.26,-33.3,50.8,39.56,1.4488,MED,SHIFT,613.9867,617.9427,667.2482,0,-1.2656,LAGGARD,14.5709
883,-27,LIF,LIFE360 INC,Information Technology,,mid,41.7,16.06,0.0033,-0.1848,-0.462,STRONG_UP,-47.3,-33.6,54.44,-65.64,51.2,73.1,0.3439,LOW,EARLY,41.768,41.9774,67.5721,0,-23.5329,WEAK,14.5658
884,2,CON,CONCENTRA GROUP HOLDINGS PARENT IN,Health Care,,mid,25.8,41.76,0.0122,0.1429,0.1144,FLAT,26.78,21.56,17.08,-21.39,49.6,25.62,0.5423,LOW,-,24.5212,23.0328,21.6391,1,41.7338,LAGGARD,14.5631
885,167,DUK,Duke Energy,Utilities,Electric Utilities,large,125.35,40.38,0.001,0.0009,-0.0043,STRONG_UP,4.44,13.35,33.05,-10.88,54.4,15.43,0.7903,LOW,-,124.6151,126.8147,122.0189,1,47.0703,LAGGARD,14.554
886,7,WABC,WESTAMERICA BANCORPORATION,Financials,,small,55.62,48.08,-0.0008,0.0297,0.0553,STRONG_DOWN,19.23,19.46,24.9,-11.82,52.0,15.37,0.7593,LOW,-,54.7019,53.1837,49.4863,1,65.8407,LAGGARD,14.4824
887,-11,GBCI,GLACIER BANCORP INC,Financials,,mid,47.94,48.78,-0.0034,-0.0204,-0.0322,STRONG_UP,16.18,19.95,36.55,-19.56,52.4,27.37,0.3953,LOW,-,47.7975,46.9168,45.9934,1,38.1936,LAGGARD,14.4775
888,-49,MGY,MAGNOLIA OIL GAS CORP CLASS A,Energy,,mid,27.57,22.47,-0.0146,-0.0157,-0.0533,STRONG_UP,20.89,29.28,13.91,-15.34,53.6,33.67,0.5375,LOW,-,29.1714,29.6187,25.221,1,46.6098,LAGGARD,14.4238
889,-28,NOVT,NOVANTA INC,Information Technology,,mid,161.51,46.63,0.0023,0.1029,-0.0796,FLAT,48.53,32.31,-0.86,-26.97,50.8,51.86,0.8551,LOW,-,145.2635,131.9892,123.5787,1,31.6489,LAGGARD,14.3916
890,-142,UTI,UNIVERSAL TECHNICAL INSTITUTE INC,Consumer Discretionary,,mid,39.4,44.3,0.0169,0.1065,0.1803,STRONG_DOWN,80.98,10.21,140.98,-39.36,53.6,52.1,1.4227,MED,-,37.893,37.2072,30.9254,1,10.5037,LAGGARD,14.3716
891,-46,ORIC,ORIC PHARMACEUTICALS INC,Health Care,,small,8.58,52.49,0.0174,-0.1147,-0.3476,STRONG_UP,-27.23,43.72,-2.61,-48.13,46.4,111.29,0.4322,LOW,-,8.8185,9.8701,10.8381,0,18.2275,LAGGARD,14.3642
892,8,TPB,TURNING POINT BRANDS INC,Consumer Staples,,small,89.99,74.19,-0.0305,0.1582,-0.3004,FLAT,-6.92,26.23,178.1,-50.58,55.6,78.96,0.4842,LOW,-,87.7315,83.7652,99.2242,0,18.4712,LAGGARD,14.3595
893,-115,UPST,UPSTART HOLDINGS INC,Financials,,mid,30.72,4.88,0.0614,-0.055,0.0171,FLAT,-21.27,-34.65,30.67,-71.21,52.8,67.18,0.8166,LOW,SHIFT,29.553,29.1602,42.9932,0,-27.2348,WEAK,14.3127
894,-187,QUBT,QUANTUM COMPUTING INC,Information Technology,,small,11.42,27.46,0.1453,0.1832,0.0041,FLAT,-0.61,-10.71,1492.75,-74.37,47.6,97.33,1.1097,MED,-,10.29,8.805,12.1832,0,-5.2385,WEAK,14.3087
895,123,BA,Boeing,Industrials,Aerospace & Defense,large,224.3,36.78,-0.0241,-0.0418,-0.0053,FLAT,25.22,11.32,28.11,-24.96,50.0,37.22,1.283,MED,-,226.4775,218.3962,219.5026,1,15.2003,LAGGARD,14.3049
896,23,FCBC,FIRST COMMUNITY BANKSHARES INC,Financials,,small,42.5,47.74,-0.0003,-0.011,0.0329,FLAT,36.66,19.18,44.02,-23.43,52.4,20.88,0.7589,LOW,-,42.2772,41.9417,36.196,1,48.1451,LAGGARD,14.2835
897,48,CNR,CORE NATURAL RESOURCES INC,Energy,,mid,90.29,21.35,0.1461,0.0499,-0.0051,STRONG_UP,17.45,28.31,-6.85,-27.22,49.6,49.83,0.5398,LOW,-,86.231,92.7894,86.9928,1,28.1826,LAGGARD,14.2549
898,13,IBM,IBM,Information Technology,IT Consulting & Other Services,large,255.2,33.16,0.085,-0.0467,-0.1993,STRONG_UP,-14.99,0.57,58.94,-30.96,54.8,40.21,1.3,MED,SHIFT,230.0864,236.8382,266.6896,0,0.7788,WEAK,14.2532
899,-71,LFST,LIFESTANCE HEALTH GROUP INC,Health Care,,mid,7.61,43.3,-0.0119,-0.0117,0.1107,STRONG_DOWN,17.26,25.99,32.35,-37.25,48.8,61.01,0.6983,LOW,-,7.6765,7.0446,6.4215,1,20.7913,LAGGARD,14.2121
900,100,COF,Capital One,Financials,Consumer Finance,large,188.8,21.95,0.0046,-0.0028,-0.1092,STRONG_UP,-8.86,0.26,42.19,-31.47,55.6,29.85,1.0152,MED,SHIFT,187.3041,188.4103,210.4841,0,0.4872,WEAK,14.1815
901,29,TSCO,Tractor Supply,Consumer Discretionary,Other Specialty Retail,large,30.67,6.04,-0.0789,-0.1423,-0.3667,STRONG_UP,-41.91,-36.69,-43.98,-52.01,47.2,39.05,2.0022,HIGH,EARLY,31.6835,38.908,50.4903,0,-44.353,WEAK,14.1674
902,-32,SLNO,SOLENO THERAPEUTICS INC,Health Care,,mid,53.01,9.2,-0.0013,0.0029,0.3903,STRONG_DOWN,7.26,-30.04,29.99,-66.04,48.36,80.13,0.0,LOW,-,52.873,45.7885,52.3953,1,-18.1287,LAGGARD,14.1603
903,-15,EHAB,ENHABIT INC,Health Care,,small,13.8,48.66,-0.0021,0.0016,0.2539,STRONG_DOWN,71.43,33.2,51.82,-39.63,50.0,46.17,0.8456,LOW,-,13.7535,13.7624,10.2648,1,35.9591,LAGGARD,14.1515
904,-46,DLR,Digital Realty,Real Estate,Data Center REITs,large,191.71,38.82,-0.0029,-0.0299,0.062,FLAT,22.36,16.35,41.52,-16.83,51.2,21.93,0.948,LOW,-,194.2225,190.0452,171.281,1,38.166,LAGGARD,14.1471
905,-36,GEN,Gen Digital,Information Technology,Systems Software,large,24.6,27.98,-0.0674,0.1354,-0.1769,FLAT,-4.92,-10.62,2.93,-43.59,45.2,43.21,0.8125,LOW,SHIFT,22.258,20.5006,24.8518,0,-11.1078,WEAK,14.1152
906,-77,TRI,Thomson Reuters,Technology,Computer Software,large,82.17,25.0,-0.0603,-0.1071,-0.2661,STRONG_UP,-36.07,-56.55,-49.84,-61.95,43.2,47.26,0.6163,LOW,EARLY,87.9283,88.1795,121.7111,0,-51.6958,WEAK,14.082
907,-35,TKO,TKO Group Holdings,Communication Services,Movies & Entertainment,large,187.64,77.27,-0.045,0.0064,-0.158,FLAT,4.1,19.8,75.65,-18.28,52.0,33.28,0.7165,LOW,EARLY,188.392,191.0828,195.3944,0,30.9397,LAGGARD,14.0801
908,-14,ZBRA,Zebra Technologies,Information Technology,Electronic Equipment & Instruments,large,252.51,25.91,-0.0143,0.0024,-0.1872,FLAT,4.15,-13.17,-22.6,-41.62,49.6,43.1,1.1398,MED,SHIFT,239.0905,225.9064,258.9707,0,-15.1529,WEAK,14.079
909,-95,CF,CF Industries,Materials,Fertilizers & Agricultural Chemicals,large,116.34,47.06,-0.1033,-0.0415,0.2219,STRONG_DOWN,51.22,29.83,54.66,-24.87,54.0,63.25,0.5663,LOW,-,122.9437,123.9267,96.0936,1,25.4698,LAGGARD,14.0782
910,-58,SHEN,SHENANDOAH TELECOMMUNICATIONS,Communication,,small,16.31,45.83,-0.0134,-0.011,0.0361,STRONG_DOWN,51.44,30.93,-5.16,-36.32,53.2,42.23,0.9145,LOW,-,16.001,15.6074,13.2077,1,38.9637,LAGGARD,14.0662
911,9,RHP,RYMAN HOSPITALITY PROPERTIES REIT,Real Estate,,mid,115.03,57.65,0.0282,0.0937,0.1004,STRONG_DOWN,25.53,25.19,20.8,-16.72,49.6,26.8,0.4899,LOW,-,108.826,101.2954,94.7997,1,46.6147,CONTENDER,14.0298
912,-28,BCO,BRINKS,Industrials,,mid,106.18,48.35,-0.038,-0.0348,-0.1979,FLAT,-3.97,28.57,5.69,-27.95,48.4,45.39,0.4317,LOW,SHIFT,105.6869,105.4689,113.9569,0,30.4609,WEAK,13.9882
913,36,KOP,KOPPERS HOLDINGS INC,Materials,,small,42.73,54.41,0.0438,0.0358,0.1698,FLAT,50.43,36.59,3.6,-23.96,51.2,44.06,0.5516,LOW,-,41.253,39.2098,32.0167,1,42.5166,CONTENDER,13.9877
914,-191,AXON,Axon Enterprise,Industrials,Aerospace & Defense,large,391.32,2.48,-0.0514,-0.0508,-0.2718,FLAT,-25.41,-47.89,35.78,-60.28,51.2,58.04,0.9361,LOW,EARLY,394.1385,410.0118,569.2476,0,-42.2492,WEAK,13.979
915,0,CTVA,Corteva,Materials,Fertilizers & Agricultural Chemicals,large,79.89,33.82,-0.033,0.0172,0.0355,STRONG_DOWN,22.27,14.72,46.59,-20.71,55.2,23.38,0.8053,LOW,-,80.976,81.2664,72.2652,1,34.7603,LAGGARD,13.971
916,-174,CEG,Constellation Energy,Utilities,Electric Utilities,large,288.68,7.69,0.0149,-0.0437,-0.0878,STRONG_UP,-18.24,-5.8,26.51,-38.77,48.8,50.84,0.8828,LOW,EARLY,293.8021,293.1458,322.7527,0,-5.5627,WEAK,13.9627
917,80,BALL,Ball Corporation,Materials,"Metal, Glass & Plastic Containers",large,56.51,29.41,-0.0521,-0.0766,-0.1396,STRONG_UP,16.54,8.5,-13.89,-21.96,50.4,28.12,1.0318,MED,-,57.6935,59.7414,54.9944,1,15.2262,LAGGARD,13.9554
918,-95,HROW,HARROW INC,Health Care,,small,34.43,48.28,0.1129,-0.1533,-0.3454,STRONG_UP,-11.72,32.83,85.51,-47.03,51.6,85.09,0.7991,LOW,-,35.2945,36.2646,41.3278,0,19.9097,WEAK,13.9508
919,-36,AKR,ACADIA REALTY TRUST REIT,Real Estate,,mid,22.31,47.06,0.0333,0.0375,0.0533,STRONG_DOWN,13.05,21.82,47.28,-12.41,54.0,21.03,0.7579,LOW,-,21.6485,20.7523,19.9826,1,56.041,LAGGARD,13.9497
920,-54,BOH,BANK OF HAWAII CORP,Financials,,mid,77.86,52.96,-0.0084,0.01,-0.0204,FLAT,21.75,21.51,51.17,-15.03,46.4,22.52,0.531,LOW,-,78.264,76.9196,70.3253,1,44.3104,CONTENDER,13.9323
921,-77,KMI,Kinder Morgan,Energy,Oil & Gas Storage & Transportation,large,32.22,14.61,0.0183,0.0625,-0.0833,FLAT,22.42,20.06,84.31,-11.11,53.2,21.09,0.7005,LOW,-,32.711,32.5201,28.9,1,50.594,LAGGARD,13.9205
922,-4,VRDN,VIRIDIAN THERAPEUTICS ORS INC,Health Care,,small,17.26,45.21,-0.0238,0.2647,-0.3978,FLAT,-46.11,27.85,41.59,-60.63,48.8,117.1,0.3947,LOW,-,16.4195,17.9944,24.3155,0,11.6069,WEAK,13.9059
923,-41,ZTS,Zoetis,Health Care,Pharmaceuticals,large,79.48,2.68,-0.0057,-0.3225,-0.3679,STRONG_UP,-34.75,-51.2,-52.35,-55.74,48.0,53.24,1.4174,MED,EARLY,89.232,106.2619,125.7545,0,-46.1611,WEAK,13.8926
924,71,HAE,HAEMONETICS CORP,Health Care,,mid,67.16,26.05,0.1248,0.1188,0.0964,STRONG_UP,-15.67,-0.67,-24.51,-40.06,52.8,39.23,1.207,MED,-,58.1625,58.4874,62.3083,1,-0.8958,LAGGARD,13.8852
925,-33,ACHR,ARCHER AVIATION INC CLASS A,Industrials,,mid,6.55,4.55,0.0998,0.1083,-0.0955,FLAT,-11.96,-40.18,104.69,-63.78,47.6,59.26,1.6693,HIGH,SHIFT,6.1525,5.863,8.0102,0,-32.2763,WEAK,13.8435
926,29,UPS,United Parcel Service,Industrials,Air Freight & Logistics,large,104.47,39.26,0.0232,0.0087,-0.0722,STRONG_UP,15.13,15.42,-14.22,-20.28,54.4,34.49,0.9694,LOW,-,99.3777,99.3013,94.9688,1,24.3169,LAGGARD,13.8296
927,-11,EFC,ELLINGTON FINANCIAL INC,Financials,,small,13.6,50.17,0.0036,0.0411,0.0973,STRONG_DOWN,5.56,20.31,44.24,-17.71,52.8,20.04,0.7439,LOW,-,13.4005,12.653,12.6319,1,53.5129,CONTENDER,13.8215
928,-24,ARES,Ares Management,Financials,Asset Management & Custody Banks,large,126.58,9.76,0.0328,0.1307,0.0683,FLAT,-13.97,-20.22,-6.96,-49.3,51.6,46.39,0.5051,LOW,SHIFT,122.7015,114.8194,143.2127,0,-22.4951,WEAK,13.8162
929,-80,BX,Blackstone Inc.,Financials,Asset Management & Custody Banks,large,118.0,12.2,0.0063,-0.0098,-0.0091,FLAT,-14.81,-11.65,3.59,-44.76,45.6,38.94,0.4564,LOW,EARLY,120.5203,118.1564,140.6447,0,-13.6419,WEAK,13.7961
930,-2,TWO,TWO HARBORS INVESTMENT CORP,Financials,,small,12.49,68.64,-0.0054,0.1451,0.1999,STRONG_DOWN,37.02,30.36,30.84,-36.81,48.0,44.92,0.2073,LOW,-,12.39,11.4674,10.2282,1,32.4402,CONTENDER,13.7918
931,23,DASH,DoorDash,Consumer Discretionary,Specialized Consumer Services,large,157.58,10.74,-0.0663,-0.0877,-0.0925,STRONG_UP,-16.22,-23.72,40.15,-47.97,49.6,47.22,0.8297,LOW,EARLY,161.971,163.2171,209.5667,0,-24.919,WEAK,13.7881
932,-57,ALGN,Align Technology,Health Care,Health Care Supplies,large,162.88,19.92,-0.0058,-0.0851,-0.1222,STRONG_UP,13.4,-9.57,-35.82,-39.73,51.2,39.77,0.9833,LOW,-,166.2675,174.078,157.7263,1,-12.3158,LAGGARD,13.7709
933,-100,CBRE,CBRE Group,Real Estate,Real Estate Services,large,130.15,31.76,-0.0158,-0.1294,-0.1651,STRONG_UP,-17.65,5.23,50.01,-25.32,51.6,27.42,1.4829,MED,EARLY,137.6405,139.6958,153.2296,0,9.8443,WEAK,13.769
934,138,REGN,Regeneron Pharmaceuticals,Health Care,Biotechnology,large,627.74,31.03,-0.0367,-0.1447,-0.1675,STRONG_UP,-17.34,6.65,-34.96,-22.51,48.4,34.23,2.4149,HIGH,EARLY,682.8241,723.6933,692.2168,0,9.3962,WEAK,13.7659
935,15,ES,Eversource Energy,Utilities,Electric Utilities,large,69.62,44.23,-0.0038,0.0389,-0.034,FLAT,9.61,14.89,34.4,-15.13,57.2,22.06,0.8833,LOW,-,68.2768,68.1735,67.5368,1,38.6177,LAGGARD,13.7625
936,21,WWW,WOLVERINE WORLD WIDE INC,Consumer Discretionary,,small,17.84,39.6,0.1219,0.0315,-0.0676,STRONG_UP,17.05,5.48,35.72,-54.62,48.4,51.66,1.0454,MED,-,16.318,16.6787,20.2914,0,5.1331,WEAK,13.7485
937,93,NSIT,INSIGHT ENTERPRISES INC,Information Technology,,mid,102.83,22.28,0.0663,0.2406,-0.0456,FLAT,22.69,-23.24,-49.99,-56.07,51.2,59.93,1.2916,MED,-,84.531,76.8246,92.7829,1,-19.8581,LAGGARD,13.714
938,43,CNP,CenterPoint Energy,Utilities,Multi-Utilities,large,43.07,53.85,0.0138,0.0158,0.0254,STRONG_DOWN,9.63,18.45,53.16,-6.67,54.0,17.57,0.9498,LOW,-,42.3824,42.5556,39.8329,1,56.703,CONTENDER,13.6795
939,-13,SXT,SENSIENT TECHNOLOGIES CORP,Materials,,mid,117.79,44.12,-0.0144,-0.0361,0.2273,FLAT,23.3,26.82,63.14,-30.7,48.8,58.45,0.5783,LOW,-,115.6868,102.7611,98.6079,1,22.3888,LAGGARD,13.6489
940,1,PATK,PATRICK INDUSTRIES INC,Consumer Discretionary,,mid,93.72,43.62,-0.0081,-0.0053,-0.2218,FLAT,-9.53,9.71,29.47,-41.39,44.0,45.32,0.725,LOW,PROGRESS,91.7697,101.4364,109.4404,0,9.4278,WEAK,13.6384
941,-52,MCHB,MECHANICS BANCORP CLASS A,Financials,,mid,14.42,61.67,0.0177,-0.0201,0.0168,FLAT,11.1,26.83,73.43,-9.46,51.2,27.76,0.6725,LOW,-,14.0526,14.1578,13.3003,1,49.477,CONTENDER,13.5775
942,50,XPEL,XPEL INC,Consumer Discretionary,,small,47.56,69.13,0.0063,0.0312,0.0904,STRONG_DOWN,7.48,32.74,25.59,-31.79,52.0,47.36,0.4845,LOW,-,44.523,44.0534,43.1922,1,35.9454,CONTENDER,13.5726
943,-70,AFL,Aflac,Financials,Life & Health Insurance,large,114.85,39.72,-0.0241,0.0034,-0.0058,FLAT,5.14,15.01,37.19,-9.11,52.0,15.53,0.8648,LOW,-,115.1854,112.3798,109.574,1,50.2632,LAGGARD,13.564
944,-70,OKE,Oneok,Energy,Oil & Gas Storage & Transportation,large,88.21,13.48,0.0163,0.0338,-0.0045,FLAT,28.85,15.49,20.3,-21.02,55.2,29.71,0.7529,LOW,-,90.0504,88.154,76.5376,1,28.7721,LAGGARD,13.5414
945,-3,KO,Coca-Cola Company (The),Consumer Staples,Soft Drinks & Non-alcoholic Beverages,large,81.62,67.74,-0.0164,0.0376,0.0919,STRONG_DOWN,14.01,18.04,39.92,-7.89,48.8,16.82,0.5995,LOW,-,79.929,77.582,72.2639,1,52.342,CONTENDER,13.5354
946,-104,AVBP,ARRIVENT BIOPHARMA INC,Health Care,,small,27.47,50.57,0.0064,-0.0894,0.1998,FLAT,27.71,37.08,44.81,-33.32,48.0,57.19,0.8417,LOW,-,28.6035,27.0668,22.4794,1,31.118,CONTENDER,13.5246
947,37,FLG,FLAGSTAR BANK NATIONAL ASSOCIATION,Financials,,mid,14.0,50.87,0.0204,0.0099,0.0157,FLAT,23.32,20.97,42.7,-17.47,49.6,27.14,0.4787,LOW,-,13.8375,13.6996,12.7384,1,38.3282,CONTENDER,13.5035
948,-1,REG,Regency Centers,Real Estate,Retail REITs,large,78.95,36.47,0.0073,-0.0321,-0.0162,FLAT,13.28,14.79,45.13,-8.17,49.6,14.05,0.7754,LOW,-,78.028,77.795,72.4564,1,52.2099,LAGGARD,13.4951
949,133,ARRY,ARRAY TECHNOLOGIES INC,Industrials,,small,9.03,53.72,0.0598,0.1254,0.2607,STRONG_DOWN,28.09,31.44,-33.06,-44.31,50.0,92.11,1.3745,MED,-,8.299,7.746,8.5776,1,17.0671,CONTENDER,13.4756
950,-33,CBU,COMMUNITY FINANCIAL SYSTEM INC,Financials,,mid,64.04,44.95,0.0011,0.0244,0.0066,FLAT,14.81,17.82,51.08,-16.03,50.0,20.55,0.6233,LOW,-,63.074,61.3424,59.3267,1,43.3647,LAGGARD,13.457
951,-41,DAKT,DAKTRONICS INC,Information Technology,,small,20.43,44.04,-0.007,-0.0813,-0.4936,STRONG_UP,11.09,29.22,79.68,-31.34,48.4,45.71,0.3637,LOW,-,19.848,19.8184,20.3659,1,30.9417,LAGGARD,13.4442
952,-4,BBT,BEACON FINANCIAL CORP,Financials,,mid,29.01,52.26,0.0025,-0.0677,-0.0737,STRONG_UP,18.73,21.18,41.99,-13.9,51.2,28.73,0.4912,LOW,-,28.5292,29.616,26.9015,1,37.7416,CONTENDER,13.3742
953,100,TDS,TELEPHONE AND DATA SYSTEMS INC,Communication,,mid,39.49,37.5,-0.0784,-0.1128,-0.2508,STRONG_UP,4.15,13.76,109.08,-18.27,52.4,29.77,1.7003,HIGH,EARLY,42.8645,43.6066,41.3853,0,24.2154,WEAK,13.3684
954,129,OGS,ONE GAS INC,Utilities,,mid,81.35,42.31,-0.0295,-0.0582,-0.0348,FLAT,-0.07,14.37,47.67,-9.5,53.6,16.99,1.3053,MED,-,84.2851,85.7802,80.3011,1,45.3464,LAGGARD,13.359
955,35,TSN,Tyson Foods,Consumer Staples,Packaged Foods & Meats,large,66.02,72.58,-0.0248,0.0256,0.1173,STRONG_DOWN,17.45,23.48,22.18,-11.29,50.4,26.96,0.6775,LOW,-,66.442,64.6176,58.769,1,43.8861,CONTENDER,13.3585
956,-29,TR,TOOTSIE ROLL INDUSTRIES INC,Consumer Staples,,mid,37.79,64.52,-0.0816,-0.13,-0.0061,FLAT,3.33,10.54,38.61,-20.03,54.4,27.34,1.8176,HIGH,EARLY,40.979,41.9186,39.1727,0,20.9679,LAGGARD,13.287
957,20,LEN,Lennar,Consumer Discretionary,Homebuilding,large,90.96,20.13,-0.0049,-0.0188,-0.1495,STRONG_UP,-25.3,-11.98,-37.33,-41.39,48.8,37.14,0.7223,LOW,SHIFT,87.111,89.1191,111.6371,0,-15.7384,WEAK,13.2759
958,170,BBY,Best Buy,Consumer Discretionary,Computer & Electronics Retail,large,64.54,28.19,0.0128,0.0898,0.0773,FLAT,-12.21,-4.67,-1.9,-32.01,47.2,34.45,1.5723,HIGH,SHIFT,59.14,61.4691,68.3109,0,-6.4011,WEAK,13.245
959,-21,DOV,Dover Corporation,Industrials,Industrial Machinery & Supplies & Components,large,213.37,42.98,-0.0222,-0.062,-0.0415,FLAT,17.16,20.14,18.83,-15.34,49.2,27.78,0.5127,LOW,-,216.946,215.6766,196.8656,1,35.6625,LAGGARD,13.2306
960,-20,TPL,Texas Pacific Land Corporation,Energy,Oil & Gas Exploration & Production,large,406.09,5.62,0.0679,-0.0188,-0.2737,STRONG_UP,39.37,0.51,102.45,-32.37,52.0,49.66,0.7872,LOW,-,407.286,439.9538,364.5026,1,0.5363,LAGGARD,13.2207
961,-96,ARI,APOLLO COMMERCIAL REAL ESTATE FINA,Financials,,small,10.93,55.75,-0.0084,-0.0016,0.026,STRONG_DOWN,15.54,22.78,36.08,-10.04,49.2,19.53,0.9877,LOW,-,10.933,10.7749,10.0284,1,57.3922,CONTENDER,13.2161
962,-53,BDX,Becton Dickinson,Health Care,Health Care Equipment,large,147.24,33.72,-0.0008,-0.0191,-0.1443,STRONG_UP,-0.76,10.8,-14.0,-22.73,46.0,25.43,0.8766,LOW,PROGRESS,146.4745,151.995,153.4517,0,19.5314,WEAK,13.2083
963,178,BSX,Boston Scientific,Health Care,Health Care Equipment,large,50.46,2.3,-0.1124,-0.1406,-0.317,STRONG_UP,-48.53,-51.72,-32.87,-53.34,46.8,47.54,3.0762,HIGH,EARLY,55.489,60.9964,85.7619,0,-50.9125,WEAK,13.1567
964,100,MLM,Martin Marietta Materials,Materials,Construction Materials,large,574.39,22.06,0.0136,-0.0611,-0.1426,STRONG_UP,-4.75,4.89,1.84,-24.69,52.0,28.5,1.0128,MED,EARLY,579.0065,592.1818,619.6183,0,8.9291,WEAK,13.1426
965,-64,UCB,UNITED COMMUNITY BANKS INC,Financials,,mid,33.3,48.43,-0.0038,0.0005,-0.0406,FLAT,11.53,19.81,40.38,-17.95,51.2,26.54,0.5139,LOW,-,33.0895,32.6704,31.8477,1,38.2195,LAGGARD,13.1299
966,3,OTTR,OTTER TAIL CORP,Utilities,,mid,88.05,55.77,0.0078,0.0028,0.0541,FLAT,11.08,18.45,3.7,-12.7,52.0,22.43,0.5395,LOW,-,88.1092,87.6103,83.5187,1,42.7761,CONTENDER,13.117
967,-43,AGIO,AGIOS PHARMACEUTICALS INC,Health Care,,mid,28.62,21.07,0.0014,0.1505,-0.0285,FLAT,8.04,-7.17,-26.26,-50.89,52.8,67.47,0.8744,LOW,PROGRESS,28.084,29.4722,32.3643,0,-5.6097,WEAK,13.1092
968,-69,GEF,GREIF INC CLASS A,Materials,,mid,63.77,41.18,-0.037,-0.0346,-0.1065,FLAT,4.12,19.56,6.11,-19.51,49.2,24.65,0.769,LOW,EARLY,65.2505,66.3862,65.302,0,39.0441,WEAK,13.1001
969,-36,WGS,GENEDX HOLDINGS CORP CLASS A,Health Care,,small,48.21,8.81,0.075,-0.2742,-0.3907,STRONG_UP,-70.07,-31.15,134.83,-79.4,48.8,125.14,0.7125,LOW,-,46.4535,58.3988,104.8718,0,-12.1467,WEAK,13.0412
970,34,SKY,CHAMPION HOMES INC,Consumer Discretionary,,mid,74.12,47.65,0.017,-0.0769,-0.1665,STRONG_UP,-9.47,12.95,4.99,-33.07,46.4,46.41,0.9932,LOW,PROGRESS,71.1915,74.7544,79.5066,0,12.9506,WEAK,13.0319
971,36,DGX,Quest Diagnostics,Health Care,Health Care Services,large,193.99,36.4,-0.0015,-0.0093,-0.0602,STRONG_UP,2.7,15.23,45.05,-11.55,51.6,20.82,0.5345,LOW,-,191.058,194.1138,186.8672,1,37.7561,LAGGARD,13.0285
972,-28,HCA,HCA Healthcare,Health Care,Health Care Facilities,large,392.15,27.59,-0.0142,-0.0959,-0.2363,STRONG_UP,-21.5,4.32,24.88,-27.96,55.2,28.76,0.6651,LOW,EARLY,419.33,456.7588,461.54,0,8.2906,WEAK,13.0169
973,-114,PRCH,PORCH GROUP INC,Information Technology,,small,10.17,34.2,-0.0073,0.0346,-0.0199,FLAT,7.62,3.35,362.27,-66.39,47.6,68.89,0.754,LOW,-,10.277,8.5858,11.1145,0,2.3172,WEAK,12.9734
974,104,GRBK,GREEN BRICK PARTNERS INC,Consumer Discretionary,,mid,68.1,50.34,-0.0102,-0.0351,-0.0894,STRONG_UP,5.22,16.91,24.38,-23.99,48.4,35.19,0.5936,LOW,SHIFT,65.482,66.0836,68.3482,0,23.2577,LAGGARD,12.9663
975,-14,CCEP,Coca-Cola Europacific Partners,Consumer Staples,Soft Drinks,large,94.7,61.29,-0.002,-0.024,-0.052,STRONG_UP,6.61,8.73,38.2,-18.22,54.8,25.35,0.7988,LOW,-,92.5786,93.5305,91.4199,1,18.8774,CONTENDER,12.935
976,30,WDAY,"Workday, Inc.",Information Technology,Application Software,large,124.5,7.77,-0.0681,-0.1224,-0.3666,STRONG_UP,-45.07,-48.1,-42.21,-55.52,49.6,54.18,0.6893,LOW,EARLY,124.677,125.3122,186.6542,0,-44.0371,WEAK,12.9236
977,38,PGNY,PROGYNY INC,Health Care,,small,25.48,39.85,-0.009,0.3828,0.1625,FLAT,-3.23,19.91,-4.46,-42.65,53.2,71.36,1.3505,MED,-,22.2545,19.4434,21.8437,1,14.8401,LAGGARD,12.9066
978,-27,AX,AXOS FINANCIAL INC,Financials,,mid,87.1,57.14,0.0094,-0.1091,-0.1047,FLAT,8.77,24.02,56.18,-19.04,52.4,36.67,0.5786,LOW,PROGRESS,86.8075,88.8214,87.8026,0,34.3252,LAGGARD,12.9059
979,70,SFNC,SIMMONS FIRST NATIONAL CORP CLASS,Financials,,mid,21.35,47.39,-0.0001,-0.0019,-0.001,FLAT,20.36,19.13,35.27,-17.57,51.2,26.03,0.9207,LOW,-,21.1455,20.5206,19.4569,1,37.6199,LAGGARD,12.8982
980,-55,DOC,Healthpeak Properties,Real Estate,Health Care REITs,large,19.87,51.76,0.0025,0.2297,0.122,FLAT,15.34,22.37,18.97,-17.09,49.6,41.93,0.6164,LOW,-,18.7328,17.4668,17.0624,1,26.466,CONTENDER,12.8249
981,21,MAS,Masco,Industrials,Building Products,large,69.82,38.43,0.0187,-0.0703,-0.014,FLAT,14.12,13.64,7.15,-24.38,47.2,40.29,0.7017,LOW,-,68.7163,65.6307,67.0793,1,15.977,LAGGARD,12.8183
982,-4,AXP,American Express,Financials,Consumer Finance,large,312.54,30.66,0.005,-0.0005,-0.0837,STRONG_UP,-11.72,7.65,34.62,-23.9,52.0,26.97,0.8586,LOW,-,314.438,312.3512,335.4728,0,14.759,WEAK,12.7581
983,-98,MBWM,MERCANTILE BANK CORP,Financials,,small,52.45,53.66,0.0047,0.0199,-0.0274,FLAT,18.23,22.1,48.0,-12.91,50.0,23.46,0.9097,LOW,-,51.5805,51.4196,48.6487,1,47.0929,CONTENDER,12.7459
984,-21,ELV,Elevance Health,Health Care,Managed Health Care,large,391.47,29.89,-0.0147,0.0757,0.2366,STRONG_DOWN,20.12,5.79,-21.88,-30.6,50.8,32.97,0.5628,LOW,-,385.643,340.908,331.371,1,8.9192,LAGGARD,12.7375
985,66,FAST,Fastenal,Industrials,Trading Companies & Distributors,large,44.82,35.95,-0.0075,-0.0108,0.0067,FLAT,14.44,10.34,44.46,-21.9,54.0,27.33,0.6619,LOW,-,44.081,44.8507,44.2614,1,20.4339,LAGGARD,12.7324
986,-30,TMDX,TRANSMEDICS GROUP INC,Health Care,,mid,70.15,3.83,0.0288,-0.3111,-0.4618,STRONG_UP,-49.97,-45.46,-50.9,-58.76,46.4,73.14,1.0307,MED,EARLY,75.1777,95.5266,119.0265,0,-28.8395,WEAK,12.7189
987,-1,APO,Apollo Global Management,Financials,Asset Management & Custody Banks,large,130.27,22.3,-0.0187,0.0693,0.1252,STRONG_DOWN,0.96,0.64,16.04,-34.97,52.4,39.66,0.575,LOW,-,130.2862,120.4686,128.1511,1,0.8469,LAGGARD,12.7169
988,-52,OCUL,OCULAR THERAPEUTIX INC,Health Care,,small,8.54,32.95,0.0607,-0.0875,-0.0926,STRONG_UP,-29.42,8.24,44.01,-57.29,47.2,77.63,0.6499,LOW,-,9.0275,8.8312,10.7977,0,5.009,WEAK,12.7114
989,14,CDNA,CAREDX INC,Health Care,,small,22.16,43.68,0.045,0.0079,0.1948,FLAT,23.39,26.2,37.21,-43.92,52.0,70.94,0.679,LOW,-,21.1085,19.5862,17.4944,1,19.202,LAGGARD,12.7105
990,-47,BLK,BlackRock,Financials,Asset Management & Custody Banks,large,1070.34,36.93,0.0141,0.0302,-0.0316,FLAT,6.09,12.47,44.88,-22.45,52.0,29.97,0.6604,LOW,SHIFT,1070.3025,1028.199,1071.5255,0,21.6363,WEAK,12.7042
991,-86,EE,EXCELERATE ENERGY INC CLASS A,Energy,,mid,34.47,16.85,0.0265,0.0715,-0.1908,FLAT,28.85,20.86,105.66,-27.46,51.2,43.44,0.5656,LOW,-,35.1484,34.3077,30.535,1,24.5845,LAGGARD,12.6786
992,-97,STNE,STONECO LTD CLASS A,Financials,,mid,11.35,24.39,0.0234,-0.0165,-0.199,STRONG_UP,-8.89,2.99,-4.06,-40.22,49.6,59.66,0.9187,LOW,PROGRESS,10.7055,11.3823,13.0488,0,2.4865,WEAK,12.6532
993,0,OSW,ONESPAWORLD HOLDINGS LTD,Consumer Discretionary,,mid,24.45,65.77,-0.022,0.0296,0.1378,STRONG_DOWN,23.79,28.74,64.65,-16.73,52.0,39.59,0.5761,LOW,-,24.1153,23.6405,21.7498,1,37.7549,CONTENDER,12.6183
994,-81,TBBK,BANCORP INC,Financials,,mid,55.55,30.31,0.0081,-0.0756,-0.0473,FLAT,-12.24,7.26,69.31,-35.92,56.8,32.72,0.4888,LOW,EARLY,56.463,56.5316,64.8905,0,12.6031,WEAK,12.5999
995,128,LDOS,Leidos,Industrials,Diversified Support Services,large,130.62,20.66,0.0166,-0.1202,-0.2384,STRONG_UP,-29.75,-11.7,-9.67,-38.05,51.6,29.83,1.0311,MED,EARLY,131.9545,146.7882,175.4153,0,-20.2431,WEAK,12.5538
996,41,SBSI,SOUTHSIDE BANCSHARES INC,Financials,,small,32.88,55.05,0.0005,0.0096,0.0135,STRONG_DOWN,16.02,22.52,36.85,-15.77,50.0,23.45,0.5322,LOW,-,32.5734,31.9466,30.1771,1,48.0088,CONTENDER,12.5521
997,-30,NWBI,NORTHWEST BANCSHARES INC,Financials,,small,13.91,51.22,-0.0024,0.0071,0.0747,STRONG_DOWN,22.01,20.99,43.44,-13.97,50.4,21.08,0.6643,LOW,-,13.7508,13.1925,12.2784,1,50.1837,CONTENDER,12.5488
998,-24,CLB,CORE LABORATORIES INC,Energy,,small,14.02,23.6,0.0787,-0.1246,-0.2605,STRONG_UP,-4.76,30.07,-23.98,-33.47,50.4,53.68,0.6822,LOW,-,13.9326,15.5363,15.2935,0,28.2328,WEAK,12.5432
999,-68,CPAY,Corpay,Financials,Transaction & Payment Processing Services,large,352.6,29.97,0.0023,0.1423,0.037,FLAT,22.84,7.25,33.99,-27.27,51.6,40.21,0.7331,LOW,-,329.9305,315.172,309.4744,1,9.3056,LAGGARD,12.5222
1000,-41,LIN,Linde plc,Materials,Industrial Gases,large,507.87,30.88,-0.0444,-0.0009,0.0418,STRONG_DOWN,25.46,11.29,21.23,-19.18,52.4,19.58,0.664,LOW,-,505.7135,500.5808,463.1289,1,30.2102,LAGGARD,12.5107
1001,15,NBHC,NATIONAL BANK HOLDINGS CORP CLASS,Financials,,small,41.97,47.04,-0.0055,-0.0199,0.0124,FLAT,15.33,19.04,20.27,-14.41,49.6,19.93,0.2918,LOW,-,42.0595,41.0736,39.0783,1,47.3945,LAGGARD,12.4865
1002,-88,CLOV,CLOVER HEALTH INVESTMENTS CORP CLA,Health Care,,small,3.59,36.02,-0.0028,0.3563,0.6871,STRONG_DOWN,49.58,14.7,255.45,-55.5,46.0,53.7,0.7158,LOW,-,3.187,2.4896,2.5688,1,12.5892,LAGGARD,12.4713
1003,-66,BKV,BKV CORP,Energy,,mid,26.51,15.73,-0.0316,-0.0851,-0.1832,STRONG_UP,2.36,20.5,47.28,-19.71,52.8,36.07,0.6629,LOW,-,29.185,28.709,26.4414,1,30.0083,LAGGARD,12.4553
1004,123,PPG,PPG Industries,Materials,Specialty Chemicals,large,112.88,20.59,0.0351,0.0603,-0.0702,FLAT,17.61,4.83,-8.49,-25.68,50.4,39.36,1.0941,MED,-,106.5306,106.3864,106.2091,1,6.1823,LAGGARD,12.4436
1005,-6,NDAQ,"Nasdaq, Inc.",Financials,Financial Exchanges & Data,large,90.53,34.15,0.002,0.0021,0.0068,STRONG_DOWN,3.0,11.0,54.3,-21.76,55.6,25.48,0.725,LOW,-,90.475,88.0598,89.8434,1,24.0045,LAGGARD,12.4091
1006,-35,RNST,RENASANT CORP,Financials,,mid,40.77,45.99,-0.0124,0.0319,0.0093,FLAT,18.61,18.46,44.48,-17.19,49.2,25.43,0.463,LOW,-,40.1055,38.7308,37.1005,1,35.706,LAGGARD,12.4054
1007,20,ONB,OLD NATIONAL BANCORP,Financials,,mid,24.1,44.6,0.0101,0.0156,-0.0342,FLAT,14.78,17.36,51.68,-17.73,50.8,25.22,0.5338,LOW,-,23.8855,23.1836,22.4604,1,34.9741,LAGGARD,12.4049
1008,178,AVA,AVISTA CORP,Utilities,,mid,41.71,46.15,0.0019,0.0361,0.0801,STRONG_DOWN,4.17,15.0,26.31,-9.89,53.6,18.05,1.0487,MED,-,40.6046,40.3366,38.5131,1,44.5513,LAGGARD,12.3963
1009,41,GATX,GATX CORP,Industrials,,mid,172.34,43.8,-0.0248,-0.1411,-0.0606,FLAT,10.86,20.34,31.52,-16.74,54.4,28.75,0.4591,LOW,EARLY,182.086,182.4866,173.3422,0,38.4815,WEAK,12.3477
1010,11,AVNS,AVANOS MEDICAL INC,Health Care,,small,24.79,73.56,-0.0008,0.003,0.7281,STRONG_DOWN,106.93,99.44,22.72,-23.39,50.4,140.21,0.5699,LOW,-,24.717,20.5468,14.2793,1,35.7437,CONTENDER,12.3297
1011,0,IP,International Paper,Materials,Paper & Plastic Packaging Products & Materials,large,32.42,2.94,0.0193,-0.0294,-0.2274,STRONG_UP,-11.59,-28.81,-21.98,-45.52,45.6,48.58,0.5512,LOW,PROGRESS,31.3763,33.5045,39.8141,0,-27.0418,WEAK,12.3293
1012,-48,ASTE,ASTEC INDUSTRIES INC,Industrials,,small,51.07,52.89,0.0152,-0.1697,-0.1598,FLAT,20.92,30.99,59.94,-27.65,50.8,52.7,0.7567,LOW,-,53.21,55.0662,49.9759,1,29.8707,CONTENDER,12.3245
1013,-12,KNTK,KINETIK HOLDINGS INC CLASS A,Energy,,mid,47.4,12.36,0.0033,0.0095,-0.0411,FLAT,50.42,12.12,33.9,-30.3,52.0,33.3,0.5662,LOW,-,49.629,47.6519,40.3181,1,18.9231,LAGGARD,12.3213
1014,-20,EFSC,ENTERPRISE FINANCIAL SERVICES CORP,Financials,,mid,60.61,42.16,-0.0009,0.0314,0.0153,FLAT,14.0,16.74,65.85,-15.28,49.6,21.57,0.4604,LOW,-,59.3905,57.4692,56.4478,1,38.4942,LAGGARD,12.3201
1015,78,PRG,PROG HOLDINGS INC,Financials,,small,37.68,72.82,0.1127,0.3208,0.0138,FLAT,35.24,32.7,8.7,-31.21,48.4,65.09,0.9134,LOW,-,34.8473,31.6099,31.6655,1,24.3187,CONTENDER,12.3093
1016,55,IBOC,INTERNATIONAL BANCSHARES CORP,Financials,,mid,72.23,44.25,-0.0065,0.0068,0.0023,FLAT,10.97,17.32,31.36,-12.74,48.4,20.0,0.5882,LOW,-,72.094,70.5672,68.9307,1,41.9115,LAGGARD,12.2783
1017,-114,PDM,PIEDMONT REALTY TRUST INC CLASS A,Real Estate,,small,8.42,43.53,0.0456,-0.0269,0.0362,FLAT,0.96,20.8,26.64,-29.47,50.4,33.36,0.6984,LOW,-,8.204,7.5738,8.0956,1,31.4297,LAGGARD,12.274
1018,100,DJCO,DAILY JOURNAL CORP,Information Technology,,small,499.02,40.93,0.0254,-0.1991,-0.3338,STRONG_UP,11.38,19.4,30.94,-30.41,57.6,44.01,0.3553,LOW,-,488.54,502.8206,489.9754,1,25.3867,LAGGARD,12.2684
1019,-231,GLNG,GOLAR LNG LTD,Energy,,mid,50.28,17.98,-0.0345,-0.0097,0.1068,STRONG_DOWN,43.08,24.01,105.12,-21.95,51.6,35.08,0.7535,LOW,-,55.1645,53.8788,43.5265,1,35.3203,LAGGARD,12.2586
1020,43,NVR,"NVR, Inc.",Consumer Discretionary,Homebuilding,large,6098.0801,19.46,-0.0287,-0.0575,-0.1457,STRONG_UP,-16.05,-12.89,-17.1,-34.88,47.6,29.74,1.9051,HIGH,PROGRESS,5953.1885,6365.1822,7318.0201,0,-20.6246,WEAK,12.2548
1021,-159,NNE,NANO NUCLEAR ENERGY INC,Industrials,,small,27.36,19.01,0.092,0.1406,0.0073,FLAT,-9.67,-14.34,398.36,-66.45,47.2,100.78,1.1378,MED,-,25.6233,23.7564,31.6998,0,-6.7158,WEAK,12.2417
1022,-10,ENVX,ENOVIX CORP,Industrials,,small,7.5,23.55,0.1458,0.1641,0.2808,STRONG_DOWN,-1.06,-9.64,-30.43,-69.62,48.8,84.12,1.0588,MED,-,6.6295,6.1076,8.0293,0,-5.5916,WEAK,12.2261
1023,124,SHAK,SHAKE SHACK INC CLASS A,Consumer Discretionary,,mid,64.38,0.67,-0.0324,-0.3612,-0.3131,FLAT,-25.66,-49.13,-32.85,-57.97,46.4,75.12,2.0189,HIGH,EARLY,74.2635,86.4502,91.3738,0,-30.3495,WEAK,12.2122
1024,55,BGC,BGC GROUP INC CLASS A,Financials,,mid,10.54,39.37,-0.0653,-0.058,0.0796,STRONG_DOWN,24.11,14.56,26.59,-23.25,49.6,29.55,1.3143,MED,-,11.157,10.7944,9.6448,1,24.445,LAGGARD,12.2057
1025,-17,PKG,Packaging Corporation of America,Materials,Paper & Plastic Packaging Products & Materials,large,217.99,35.29,-0.0244,-0.0172,-0.0445,FLAT,11.81,16.19,26.55,-17.21,51.6,31.21,0.9156,LOW,-,217.412,213.0732,211.0479,1,26.7744,LAGGARD,12.1729
1026,-13,SYY,Sysco,Consumer Staples,Food Distributors,large,75.22,59.68,-0.0204,0.021,-0.085,FLAT,2.2,8.21,9.76,-23.98,50.0,37.28,0.6335,LOW,PROGRESS,73.9535,75.3161,77.7251,0,11.0147,LAGGARD,12.1693
1027,49,TNC,TENNANT,Industrials,,small,86.89,43.39,0.0147,0.0472,0.4213,STRONG_DOWN,23.91,20.26,-11.76,-27.71,54.0,29.25,0.3264,LOW,-,83.562,77.3146,76.6347,1,37.4039,LAGGARD,12.1605
1028,-66,FSS,FEDERAL SIGNAL CORP,Industrials,,mid,116.35,45.04,0.0032,0.0293,0.0121,FLAT,5.7,24.39,36.45,-19.04,49.6,38.39,0.4529,LOW,-,116.5933,113.3634,115.7672,1,31.5165,LAGGARD,12.1587
1029,-31,IT,Gartner,Information Technology,IT Consulting & Other Services,large,159.97,1.55,-0.0419,-0.0842,-0.2348,STRONG_UP,-30.52,-63.24,-63.2,-67.77,50.0,43.92,0.4961,LOW,SHIFT,152.551,153.5992,207.4534,0,-71.9951,WEAK,12.1383
1030,-11,TECH,Bio-Techne,Health Care,Life Sciences Tools & Services,mid,48.09,26.44,0.027,-0.1035,-0.1513,STRONG_UP,-24.01,0.94,-38.76,-39.26,49.2,57.32,0.8233,LOW,EARLY,48.7601,52.1572,57.3959,0,0.8079,WEAK,12.1177
1031,-48,NSSC,NAPCO SECURITY TECHNOLOGIES INC,Information Technology,,small,36.16,45.08,-0.0667,-0.3577,-0.4837,STRONG_UP,-6.12,31.57,-28.1,-23.89,50.4,47.86,0.5855,LOW,-,39.491,41.4142,41.031,0,33.247,WEAK,12.1134
1032,-6,DEA,EASTERLY GOVERNMENT PROPERTIES INC,Real Estate,,small,24.11,42.35,0.0074,0.0207,0.0318,STRONG_DOWN,15.38,19.88,-1.47,-11.2,52.4,19.42,0.6775,LOW,-,23.2651,22.5322,21.6696,1,53.6462,LAGGARD,12.0778
1033,-13,BWIN,BALDWIN INSURANCE GROUP INC CLASS,Financials,,mid,19.39,1.74,-0.0401,-0.1724,0.0303,FLAT,-29.31,-48.99,-43.52,-62.95,47.6,70.33,1.2467,MED,EARLY,20.626,21.9274,24.7018,0,-33.1549,WEAK,12.0689
1034,-55,HFWA,HERITAGE FINANCIAL CORP,Financials,,small,27.08,50.52,-0.0072,0.0008,-0.0221,FLAT,18.34,20.89,63.02,-14.76,49.2,24.56,0.5724,LOW,-,26.9908,26.5196,24.7042,1,41.8383,CONTENDER,12.065
1035,-157,ARVN,ARVINAS INC,Health Care,,small,8.85,41.0,-0.0303,-0.1379,-0.3217,STRONG_UP,-24.81,21.4,-74.89,-38.18,46.4,50.97,0.6318,LOW,-,9.6085,10.3282,10.631,0,19.4805,WEAK,12.0615
1036,62,GPN,Global Payments,Financials,Transaction & Payment Processing Services,large,73.46,20.91,0.0341,0.0927,-0.072,FLAT,1.55,-0.82,-25.97,-29.7,47.2,36.42,1.0709,MED,SHIFT,70.2395,69.1468,76.9337,0,-1.0574,WEAK,12.0555
1037,85,BHRB,BURKE HERBERT FINANCIAL SERVICES C,Financials,,small,63.2,41.11,-0.0038,-0.0053,-0.0652,STRONG_UP,1.71,15.62,26.85,-13.49,52.0,19.63,0.8735,LOW,-,62.6771,62.8061,62.3277,1,41.3707,LAGGARD,12.0391
1038,-14,GWW,W. W. Grainger,Industrials,Industrial Machinery & Supplies & Components,large,1246.03,40.08,-0.032,0.0629,0.1497,STRONG_DOWN,34.51,16.26,34.91,-15.7,50.0,24.21,0.6657,LOW,-,1218.0075,1155.4597,1049.0129,1,33.5863,LAGGARD,12.0275
1039,-63,IEX,IDEX Corporation,Industrials,Industrial Machinery & Supplies & Components,large,211.75,41.74,-0.0128,0.0215,0.0342,STRONG_DOWN,25.53,18.99,3.19,-15.17,46.4,25.68,0.4969,LOW,-,211.7879,202.1621,183.4561,1,34.3174,LAGGARD,11.9756
1040,168,BCRX,BIOCRYST PHARMACEUTICALS INC,Health Care,,mid,9.12,16.86,0.0407,0.0258,0.1717,FLAT,33.53,-13.64,47.33,-44.24,42.0,57.14,1.0771,MED,-,8.911,9.1858,7.9167,1,-10.0232,LAGGARD,11.97
1041,14,BLDR,Builders FirstSource,Industrials,Building Products,mid,77.47,9.09,0.0542,-0.1348,-0.2421,STRONG_UP,-22.94,-27.91,-52.38,-55.51,39.2,50.44,0.8536,LOW,PROGRESS,74.75,81.064,108.4822,0,-21.6891,WEAK,11.9496
1042,-77,JBTM,JBT MAREL CORP,Industrials,,mid,134.46,38.84,0.012,0.0292,-0.1287,FLAT,-3.13,15.35,44.8,-31.46,46.4,47.18,0.5486,LOW,SHIFT,128.1066,128.7549,141.3483,0,15.0998,WEAK,11.9342
1043,-5,ZD,ZIFF DAVIS INC,Communication,,small,45.73,54.17,0.055,-0.0326,0.5217,FLAT,39.29,43.67,-17.28,-33.79,49.6,102.32,0.6453,LOW,-,43.1915,43.948,37.7245,1,21.1689,CONTENDER,11.9213
1044,4,IART,INTEGRA LIFESCIENCES HOLDINGS CORP,Health Care,,small,15.19,39.46,-0.0158,0.4108,0.358,FLAT,21.71,19.61,-47.38,-44.79,51.6,69.88,0.6989,LOW,-,13.632,11.4054,12.5652,1,14.4775,LAGGARD,11.9134
1045,61,NX,QUANEX BUILDING PRODUCTS CORP,Industrials,,small,18.9,36.36,0.0783,-0.0825,-0.0723,FLAT,57.04,10.96,-38.8,-49.67,50.4,54.68,0.5254,LOW,-,18.742,18.7504,17.1442,1,10.1,LAGGARD,11.9061
1046,8,NKE,"Nike, Inc.",Consumer Discretionary,"Apparel, Accessories & Luxury Goods",large,45.98,11.41,-0.0062,0.019,-0.2422,FLAT,-24.78,-23.71,-47.81,-46.18,45.6,40.52,0.9889,LOW,PROGRESS,43.5935,46.0142,60.8197,0,-26.6789,WEAK,11.903
1047,-18,CARR,Carrier Global,Industrials,Building Products,large,64.51,24.79,-0.0191,0.0309,0.0519,STRONG_DOWN,25.64,-7.86,2.46,-37.38,49.2,45.93,0.946,LOW,-,65.0261,61.346,59.1047,1,-8.4144,LAGGARD,11.9029
1048,27,SO,Southern Company,Utilities,Electric Utilities,large,93.74,30.77,-0.0107,0.0128,-0.0017,FLAT,6.86,9.73,29.07,-14.99,52.0,16.82,0.4719,LOW,-,93.5271,94.1425,91.1448,1,30.0806,LAGGARD,11.8678
1049,45,PTC,PTC Inc.,Information Technology,Application Software,large,142.26,24.87,-0.09,-0.1123,-0.3566,STRONG_UP,-16.4,-15.01,-20.77,-38.37,50.4,30.28,1.0043,MED,-,142.4135,141.883,172.5889,0,-24.9799,WEAK,11.7934
1050,-92,CB,Chubb Limited,Financials,Property & Casualty Insurance,large,320.63,35.89,-0.0274,-0.0193,-0.0671,FLAT,8.71,11.65,24.47,-11.02,51.6,16.27,0.6713,LOW,-,324.255,326.0842,304.1037,1,36.9367,LAGGARD,11.7682
1051,-5,J,Jacobs Solutions,Industrials,Construction & Engineering,large,115.9,26.45,-0.0121,-0.0946,-0.1511,STRONG_UP,-12.06,-7.57,3.89,-34.44,50.8,34.81,,LOW,EARLY,118.7543,123.8316,138.0762,0,-11.0527,WEAK,11.7649
1052,-80,HBAN,Huntington Bancshares,Financials,Regional Banks,large,16.03,29.62,0.0095,-0.0213,-0.0955,STRONG_UP,2.68,6.98,27.21,-21.26,51.6,24.7,0.7442,LOW,SHIFT,16.0,16.0273,16.5329,0,14.5893,WEAK,11.7524
1053,-43,APD,Air Products,Materials,Industrial Gases,large,285.73,27.94,-0.0588,-0.0546,0.0605,STRONG_DOWN,12.88,7.96,13.68,-22.39,49.6,19.74,0.5573,LOW,-,296.766,294.2344,272.244,1,20.0041,LAGGARD,11.7391
1054,-22,SHO,SUNSTONE HOTEL INVESTORS REIT INC,Real Estate,,small,10.88,58.82,0.0231,0.1022,0.1053,STRONG_DOWN,21.04,25.77,14.53,-10.58,47.6,25.38,0.8205,LOW,-,10.2965,9.692,9.2255,1,48.333,CONTENDER,11.7343
1055,89,CMS,CMS Energy,Utilities,Multi-Utilities,large,74.22,38.46,0.0059,-0.0042,-0.0119,STRONG_UP,1.42,11.23,28.78,-9.69,53.2,17.55,0.5162,LOW,-,73.6938,75.4207,72.5478,1,34.0485,LAGGARD,11.7286
1056,24,SNA,Snap-on,Industrials,Industrial Machinery & Supplies & Components,large,372.13,42.56,-0.0093,-0.0215,-0.0141,FLAT,13.22,19.38,45.61,-8.47,50.0,23.7,0.4775,LOW,-,368.9322,369.0529,350.1247,1,40.879,LAGGARD,11.6933
1057,2,WSBC,WESBANCO INC,Financials,,mid,34.6,43.9,0.0088,0.006,-0.0545,STRONG_UP,12.23,17.28,39.48,-12.9,50.0,25.89,0.5973,LOW,-,33.9975,34.4006,33.0393,1,33.3749,LAGGARD,11.6929
1058,61,TFIN,TRIUMPH FINANCIAL INC,Financials,,small,70.17,51.57,0.0674,0.0479,0.1702,FLAT,31.09,21.09,-4.94,-28.76,49.6,40.82,0.9111,LOW,-,65.972,63.205,59.9893,1,25.6228,CONTENDER,11.6895
1059,-89,MIR,MIRION TECHNOLOGIES INC CLASS A,Information Technology,,mid,16.96,26.42,-0.1113,-0.2419,-0.4879,STRONG_UP,-31.97,-13.03,57.47,-42.99,50.0,48.48,1.0949,MED,EARLY,18.7995,18.9996,22.5241,0,-13.434,WEAK,11.6865
1060,-32,MTD,Mettler Toledo,Health Care,Life Sciences Tools & Services,large,1093.84,22.99,0.0075,-0.1374,-0.1889,STRONG_UP,-25.6,-5.5,-24.8,-31.9,48.4,44.27,0.6192,LOW,EARLY,1148.2315,1225.3876,1326.7012,0,-6.0129,WEAK,11.6813
1061,-101,CINF,Cincinnati Financial,Financials,Property & Casualty Insurance,large,162.94,37.28,-0.037,-0.0021,-0.0266,FLAT,-1.17,12.76,47.62,-10.46,55.2,18.96,0.641,LOW,-,164.268,162.5531,159.8755,1,37.1438,LAGGARD,11.6653
1062,-48,CHEF,CHEFS WAREHOUSE INC,Consumer Staples,,mid,76.83,69.35,-0.0239,0.1918,0.1368,FLAT,28.95,19.9,95.65,-20.49,54.0,50.03,0.6673,LOW,-,78.824,68.8816,64.0367,1,21.4759,CONTENDER,11.6539
1063,91,IFF,International Flavors & Fragrances,Materials,Specialty Chemicals,large,77.0,23.53,-0.0123,0.0932,-0.0333,FLAT,15.54,4.96,-15.61,-24.03,51.2,49.7,1.454,MED,-,75.0205,72.756,68.5791,1,5.113,LAGGARD,11.6371
1064,-158,WFC,Wells Fargo,Financials,Diversified Banks,large,76.11,27.87,0.0002,-0.0507,-0.1318,STRONG_UP,-9.14,5.49,33.91,-23.02,55.6,29.38,0.878,LOW,EARLY,76.7909,78.75,83.2242,0,10.3953,WEAK,11.6302
1065,9,SW,Smurfit Westrock,Materials,Paper & Plastic Packaging Products & Materials,large,39.88,11.76,0.0278,-0.0021,-0.1223,STRONG_UP,20.71,-5.54,-15.47,-32.21,47.2,45.1,0.783,LOW,SHIFT,38.9498,39.4663,40.5,0,-5.803,WEAK,11.6176
1066,-33,ADMA,ADMA BIOLOGICS INC,Health Care,,mid,7.92,0.77,-0.0775,-0.2772,-0.4614,STRONG_UP,-56.77,-59.41,-16.72,-63.97,47.2,79.42,0.4841,LOW,EARLY,8.9275,10.1104,15.0451,0,-35.3052,WEAK,11.5918
1067,-146,GKOS,GLAUKOS CORP,Health Care,,mid,109.88,36.78,-0.2388,-0.0854,-0.0782,STRONG_DOWN,12.05,15.71,0.53,-29.92,48.4,65.71,1.3454,MED,-,133.9125,122.0832,105.5506,1,11.5729,LAGGARD,11.573
1068,17,PFSI,PENNYMAC FINANCIAL SERVICES INC,Financials,,mid,87.39,16.03,-0.0004,-0.0281,-0.0751,STRONG_UP,-31.09,-7.81,-1.45,-47.06,50.4,29.52,0.7886,LOW,EARLY,87.6921,88.5161,111.0855,0,-13.3415,WEAK,11.4687
1069,-81,TENB,TENABLE HOLDINGS INC,Information Technology,,mid,24.45,21.24,-0.0926,0.0468,0.0025,FLAT,-4.79,-23.59,-43.07,-54.77,46.8,55.16,0.6263,LOW,SHIFT,22.4785,20.2236,24.5934,0,-20.0179,WEAK,11.4533
1070,27,WAT,Waters Corporation,Health Care,Life Sciences Tools & Services,large,342.18,24.52,-0.0003,0.1343,0.0772,FLAT,-14.36,-3.5,3.12,-31.32,49.2,44.1,0.6107,LOW,-,333.8425,319.633,339.0264,1,-3.9046,LAGGARD,11.4439
1071,-4,ORC,ORCHID ISLAND CAPITAL INC,Financials,,small,6.91,49.83,0.0154,-0.0067,-0.0651,STRONG_UP,5.6,20.31,18.05,-15.79,48.0,27.87,0.8084,LOW,-,6.912,6.9142,6.7832,1,34.9748,LAGGARD,11.4397
1072,-38,BIPC,BROOKFIELD INFRASTRUCTURE CORP CLA,Utilities,,mid,41.55,32.69,-0.0115,0.0562,-0.1448,FLAT,-3.42,10.74,27.58,-29.77,53.6,38.03,0.6978,LOW,SHIFT,39.72,40.243,43.1242,0,15.1364,WEAK,11.4219
1073,-86,DXCM,Dexcom,Health Care,Health Care Equipment,large,70.26,13.79,-0.0193,0.1809,-0.0385,FLAT,12.94,-19.22,-44.84,-38.75,49.2,39.56,1.1486,MED,-,63.405,63.6916,67.8889,1,-23.907,LAGGARD,11.4095
1074,91,VMC,Vulcan Materials Company,Materials,Construction Materials,large,275.65,25.0,0.0029,-0.0489,-0.0947,STRONG_UP,-3.65,5.76,10.16,-22.05,55.2,27.97,0.8228,LOW,EARLY,278.4565,279.2976,290.8048,0,11.3695,WEAK,11.402
1075,112,MBC,MASTERBRAND INC,Industrials,,small,9.31,24.38,0.2741,-0.0288,-0.1072,STRONG_UP,-10.14,-8.0,-41.08,-50.94,44.8,58.43,2.7681,HIGH,-,7.8175,8.2614,10.9965,0,-6.1369,WEAK,11.4006
1076,29,EXC,Exelon,Utilities,Electric Utilities,large,46.19,28.85,0.018,-0.0075,-0.028,STRONG_UP,0.77,9.54,33.95,-13.74,51.2,19.42,0.8784,LOW,-,45.206,46.867,45.3775,1,25.1629,LAGGARD,11.3902
1077,0,OCFC,OCEANFIRST FINANCIAL CORP,Financials,,small,18.82,45.64,-0.0028,-0.0127,-0.0198,STRONG_UP,4.94,18.26,39.05,-15.39,48.0,24.66,0.8802,LOW,-,18.684,18.4217,18.1309,1,35.547,LAGGARD,11.3879
1078,-31,COR,Cencora,Health Care,Health Care Distributors,large,267.01,21.46,0.0058,-0.1461,-0.2532,STRONG_UP,-27.98,-6.97,25.5,-32.44,52.8,41.75,0.6974,LOW,EARLY,273.0433,300.5871,325.0807,0,-8.8181,WEAK,11.3775
1079,-43,TGTX,TG THERAPEUTICS INC,Health Care,,mid,39.2,34.1,-0.0169,0.1301,0.2859,STRONG_DOWN,22.39,11.55,132.64,-34.12,50.8,54.13,0.7299,LOW,-,39.26,35.8504,32.3845,1,10.843,LAGGARD,11.3767
1080,-35,KKR,KKR & Co.,Financials,Asset Management & Custody Banks,large,95.03,9.41,0.0036,-0.0509,-0.0017,FLAT,-19.06,-20.97,-8.76,-44.62,48.4,38.27,0.5818,LOW,EARLY,98.4448,96.516,116.0661,0,-26.5171,WEAK,11.3696
1081,45,ICUI,ICU MEDICAL INC,Health Care,,mid,138.34,32.18,0.0671,0.1397,-0.0659,FLAT,-6.87,7.68,31.88,-27.18,48.4,36.29,1.0804,MED,-,124.1955,125.486,133.5821,1,10.2465,LAGGARD,11.3616
1082,2,CTSH,Cognizant,Information Technology,IT Consulting & Other Services,large,53.16,17.1,-0.0152,-0.1786,-0.4376,STRONG_UP,-28.18,-32.53,-17.58,-46.71,50.4,38.4,1.3707,MED,PROGRESS,50.6937,55.9881,68.2553,0,-42.701,WEAK,11.3597
1083,-98,BOOT,BOOT BARN HOLDINGS INC,Consumer Discretionary,,mid,165.35,35.57,0.1166,-0.0254,-0.1275,STRONG_UP,-10.36,2.12,47.4,-35.01,48.8,51.1,0.8125,LOW,SHIFT,156.931,156.895,177.1579,0,2.023,WEAK,11.3539
1084,5,BFST,BUSINESS FIRST BANCSHARES INC,Financials,,small,28.13,49.48,0.0052,0.0392,-0.0234,FLAT,11.11,20.17,39.8,-13.49,48.4,23.4,0.7957,LOW,-,27.3539,27.4049,26.02,1,41.7188,LAGGARD,11.3364
1085,-41,WLY,JOHN WILEY AND SONS INC CLASS A,Communication,,mid,41.84,33.33,-0.0161,0.026,0.2487,STRONG_DOWN,21.95,8.38,20.25,-34.42,47.6,38.19,0.4184,LOW,-,40.945,39.6836,35.7748,1,10.4454,LAGGARD,11.3321
1086,4,ALKS,ALKERMES,Health Care,,mid,38.09,44.44,0.0272,0.1122,0.2568,STRONG_DOWN,35.07,27.39,60.38,-22.2,49.2,49.73,0.9606,LOW,-,36.29,33.8652,31.0111,1,27.0994,LAGGARD,11.3132
1087,-46,FLR,FLUOR CORP,Industrials,,mid,47.3,37.19,0.0557,-0.0779,-0.075,FLAT,14.75,11.45,12.06,-30.19,50.4,52.53,0.765,LOW,-,47.4705,47.5848,45.2638,1,10.9871,LAGGARD,11.2932
1088,-22,FTDR,FRONTDOOR INC,Consumer Discretionary,,mid,61.97,46.31,-0.0639,-0.0047,-0.0236,FLAT,18.02,12.65,77.16,-29.23,52.4,58.28,0.5597,LOW,-,63.7895,60.523,60.3635,1,11.3757,LAGGARD,11.2905
1089,57,LEG,LEGGETT & PLATT INC,Consumer Discretionary,,small,10.3,51.01,0.0075,-0.0786,-0.091,STRONG_UP,11.54,16.98,3.76,-28.51,45.2,50.65,1.0511,MED,-,10.091,10.3376,10.3042,0,15.15,LAGGARD,11.2721
1090,2,KTB,KONTOOR BRANDS INC,Consumer Discretionary,,mid,73.16,42.28,0.0784,0.0133,0.1402,FLAT,5.12,8.26,8.32,-32.91,48.8,64.8,0.8496,LOW,-,69.4655,70.5836,70.872,1,6.2187,LAGGARD,11.235
1091,-33,GEO,GEO GROUP INC,Industrials,,mid,22.66,17.77,-0.0581,0.1907,0.5798,STRONG_DOWN,48.2,-15.86,63.02,-51.14,47.6,57.3,0.5727,LOW,-,21.548,19.2238,17.8817,1,-13.1718,LAGGARD,11.2281
1092,-31,AAT,AMERICAN ASSETS TRUST REIT INC,Real Estate,,small,22.53,44.71,0.0272,0.0296,0.1103,STRONG_DOWN,21.25,20.84,21.93,-13.97,52.8,23.99,0.8207,LOW,-,21.255,20.1858,19.1746,1,45.8718,LAGGARD,11.2265
1093,20,HTO,H2O AMERICA,Utilities,,mid,57.99,48.08,0.0075,-0.0034,0.1007,FLAT,31.01,15.01,13.82,-16.72,50.8,25.98,0.5856,LOW,-,56.925,57.6091,51.4253,1,29.3454,LAGGARD,11.1732
1094,54,WEC,WEC Energy Group,Utilities,Electric Utilities,large,113.14,34.62,0.011,-0.0039,0.004,FLAT,3.65,11.06,51.96,-11.22,52.0,17.26,0.8772,LOW,-,112.548,113.68,109.8617,1,33.3258,LAGGARD,11.1688
1095,-122,BULL,WEBULL CORP CLASS A,Financials,,mid,6.22,1.39,-0.114,-0.1138,0.0166,STRONG_DOWN,-28.26,-52.95,-43.86,-73.9,44.4,55.16,0.9414,LOW,-,6.9265,6.182,9.0147,0,-42.6212,WEAK,11.1652
1096,-236,INVA,INNOVIVA INC,Health Care,,small,22.13,37.16,-0.0077,-0.0697,-0.043,FLAT,3.95,15.74,42.41,-23.53,48.4,23.79,0.7904,LOW,-,22.5735,22.9298,20.8982,1,32.028,LAGGARD,11.1616
1097,-115,CSGP,CoStar Group,Real Estate,Real Estate Services,large,32.32,0.0,-0.0581,-0.1164,-0.3146,STRONG_UP,-52.15,-56.47,-61.18,-67.11,50.0,37.08,0.56,LOW,EARLY,33.5885,37.2654,61.375,0,-76.1401,WEAK,11.1511
1098,-21,MDT,Medtronic,Health Care,Health Care Equipment,large,75.98,24.14,-0.0305,-0.0761,-0.1937,STRONG_UP,-25.23,-3.5,-1.17,-28.14,48.8,21.64,1.1749,MED,EARLY,77.6605,82.6289,91.9316,0,-7.8977,WEAK,11.1333
1099,-77,FTV,Fortive,Industrials,Industrial Machinery & Supplies & Components,large,59.91,37.6,-0.0187,-0.0441,0.0233,FLAT,14.46,11.68,7.56,-15.62,47.6,23.2,0.4286,LOW,-,59.7665,58.6184,53.9466,1,23.9683,LAGGARD,11.0847
1100,-57,ESQ,ESQUIRE FINANCIAL HOLDINGS INC,Financials,,small,110.03,56.79,-0.0281,0.0433,0.0198,FLAT,10.64,24.02,139.6,-15.42,52.4,36.22,0.8876,LOW,-,107.6074,108.8187,103.9348,1,34.7435,CONTENDER,11.0597
1101,-10,RDNT,RADNET INC,Health Care,,mid,53.84,24.9,-0.0096,-0.0738,-0.2363,STRONG_UP,-36.27,-2.62,-9.38,-37.99,50.8,43.41,0.5441,LOW,EARLY,55.5065,57.0416,69.4146,0,-3.069,WEAK,11.0508
1102,92,STC,STEWART INFO SERVICES CORP,Financials,,small,68.05,42.86,-0.0049,-0.0355,-0.0371,STRONG_UP,-8.08,17.04,12.24,-24.48,48.8,30.53,0.3363,LOW,-,68.2905,65.6916,68.8682,0,27.2325,WEAK,11.0303
1103,-94,LTC,LTC PROPERTIES REIT INC,Real Estate,,small,38.38,37.65,-0.0195,-0.0116,-0.0675,FLAT,10.04,16.08,27.95,-9.46,54.0,19.3,0.5529,LOW,-,38.3406,38.1161,35.8611,1,44.9785,LAGGARD,11.0205
1104,47,DTE,DTE Energy,Utilities,Multi-Utilities,large,145.27,36.54,0.006,-0.0117,0.0173,FLAT,8.57,11.23,37.51,-10.13,57.6,18.91,0.6071,LOW,-,143.979,145.472,138.054,1,34.1944,LAGGARD,11.0183
1105,-166,HON,Honeywell,Industrials,Industrial Conglomerates,large,231.55,38.02,0.0317,0.0801,-0.0117,FLAT,24.02,11.77,28.68,-16.03,48.0,24.89,0.6633,LOW,-,217.0542,221.6752,209.7572,1,22.691,LAGGARD,11.0139
1106,-81,NIC,NICOLET BANKSHARES INC,Financials,,mid,139.61,38.68,-0.023,-0.0502,-0.1334,STRONG_UP,14.39,13.81,78.55,-17.88,50.0,30.49,0.5416,LOW,-,143.34,147.013,137.3015,1,22.6466,LAGGARD,10.9999
1107,-37,CIM,CHIMERA INVESTMENT CORP,Financials,,small,13.51,40.07,0.0159,-0.0052,0.0125,FLAT,18.43,15.4,42.2,-18.18,51.2,21.89,0.7139,LOW,-,13.4415,13.1688,12.5481,1,36.0177,LAGGARD,10.9931
1108,-128,FUL,HB FULLER,Materials,,mid,61.94,32.35,0.0024,0.0101,-0.0461,FLAT,10.02,13.03,-18.65,-26.97,49.2,43.93,0.8988,LOW,-,59.4732,59.4863,59.8229,1,14.5904,LAGGARD,10.9802
1109,-23,DE,Deere & Company,Industrials,Agricultural & Farm Machinery,large,529.39,33.47,-0.089,-0.0751,-0.1259,FLAT,9.35,5.58,47.4,-19.9,49.6,30.71,1.0714,MED,-,566.2715,574.1238,518.6,1,9.0099,LAGGARD,10.9497
1110,-1,BL,BLACKLINE INC,Information Technology,,mid,26.84,4.66,-0.1811,-0.3026,-0.4958,STRONG_UP,-52.28,-51.24,-44.91,-57.11,50.4,63.78,1.6278,HIGH,EARLY,29.535,32.4628,46.3625,0,-40.4941,WEAK,10.919
1111,100,MSCI,MSCI Inc.,Financials,Financial Exchanges & Data,large,603.47,32.4,0.0332,0.0289,0.0389,FLAT,9.24,8.75,24.9,-18.07,52.4,24.83,0.9968,LOW,-,582.3489,566.3564,561.5044,1,18.4594,LAGGARD,10.9142
1112,-81,SPNT,SIRIUSPOINT LTD,Financials,,mid,22.55,40.42,-0.0516,-0.0412,0.0423,STRONG_DOWN,10.43,15.52,72.8,-16.28,50.0,22.64,0.6329,LOW,-,23.194,22.628,20.5142,1,34.2812,LAGGARD,10.8997
1113,-2,CDW,CDW Corporation,Information Technology,Technology Distributors,large,114.19,14.51,0.0323,-0.2856,-0.3307,STRONG_UP,-18.29,-36.51,-47.64,-45.12,50.4,51.94,0.8853,LOW,PROGRESS,112.7374,120.7275,137.5387,0,-35.4305,WEAK,10.899
1114,-45,CRI,CARTERS INC,Consumer Discretionary,,small,39.36,56.38,0.0222,0.0527,-0.0172,FLAT,33.36,22.25,-34.95,-30.3,53.2,62.52,0.7133,LOW,-,35.2232,35.571,32.708,1,18.9337,CONTENDER,10.8858
1115,0,EVLV,EVOLV TECHNOLOGIES HOLDINGS INC CL,Information Technology,,small,6.31,38.34,0.0221,-0.2205,-0.0844,FLAT,1.77,13.29,119.86,-44.06,50.4,54.69,0.4244,LOW,-,6.5315,6.2815,6.7669,0,12.2433,WEAK,10.8761
1116,-6,COLL,COLLEGIUM PHARMACEUTICAL INC,Health Care,,small,33.68,37.55,-0.0186,0.023,-0.2215,FLAT,-26.1,16.5,-2.01,-35.81,52.0,42.54,0.486,LOW,-,34.8885,34.2375,39.6951,0,20.1686,WEAK,10.8294
1117,185,ECL,Ecolab,Materials,Specialty Chemicals,large,262.58,17.65,0.0098,-0.013,-0.132,STRONG_UP,-1.78,0.97,17.05,-20.09,52.4,24.27,1.6463,HIGH,SHIFT,253.848,262.224,270.7873,0,2.0999,WEAK,10.8206
1118,-31,PM,Philip Morris International,Consumer Staples,Tobacco,large,182.04,51.61,-0.0522,0.0932,0.0506,FLAT,22.69,5.43,96.85,-20.64,54.4,35.43,0.9401,LOW,-,179.829,169.0422,163.5074,1,8.3305,CONTENDER,10.818
1119,-38,PRA,PROASSURANCE CORP,Financials,,small,24.48,28.22,-0.0087,-0.0012,-0.022,FLAT,2.04,5.75,66.42,-2.22,45.6,5.62,1.1351,MED,-,24.6255,24.6016,24.2262,1,46.6154,LAGGARD,10.8105
1120,-13,OMC,Omnicom Group,Communication Services,Advertising,large,74.85,54.55,0.0352,-0.0402,-0.1074,STRONG_UP,2.02,5.04,-13.94,-17.85,51.2,23.42,0.378,LOW,EARLY,74.864,75.6972,75.8173,0,11.0231,LAGGARD,10.771
1121,-6,NBBK,NB BANCORP INC,Financials,,small,20.07,51.92,0.0073,0.0186,-0.1119,FLAT,4.57,21.15,34.51,-15.37,50.0,31.26,0.4808,LOW,-,19.8593,20.6382,19.7402,1,33.8315,CONTENDER,10.767
1122,-49,NRG,NRG Energy,Utilities,Independent Power Producers & Energy Traders,large,138.0,1.92,0.0185,-0.0953,-0.2193,STRONG_UP,-16.78,-10.56,69.54,-32.57,51.2,51.79,0.84,LOW,EARLY,140.2165,149.3943,157.1937,0,-10.4407,WEAK,10.7532
1123,51,MTH,MERITAGE CORP,Consumer Discretionary,,mid,66.47,40.94,-0.0029,-0.0459,-0.0782,STRONG_UP,-3.84,7.13,-19.28,-27.68,48.0,37.73,0.5155,LOW,SHIFT,63.814,64.196,69.542,0,9.0681,WEAK,10.7504
1124,7,OSIS,OSI SYSTEMS INC,Information Technology,,mid,217.48,33.68,-0.0225,-0.3928,-0.5115,STRONG_UP,-15.16,0.69,55.69,-33.67,51.6,52.74,0.5908,LOW,EARLY,233.836,264.7196,260.839,0,0.6704,WEAK,10.7347
1125,10,GABC,GERMAN AMERICAN BANCORP INC,Financials,,small,43.48,41.81,0.006,0.0235,0.0093,FLAT,12.9,16.24,43.39,-11.3,47.6,18.7,0.6479,LOW,-,42.9393,42.515,40.448,1,41.3281,LAGGARD,10.7125
1126,-66,RAMP,LIVERAMP HOLDINGS INC,Information Technology,,small,37.69,39.38,-0.0525,0.1176,0.1235,STRONG_DOWN,31.23,14.94,21.11,-34.44,52.8,63.85,2.5793,HIGH,-,32.448,29.421,27.9621,1,12.3574,LAGGARD,10.7083
1127,0,STKL,SUNOPTA INC,Consumer Staples,,small,6.5,54.84,-0.0173,-0.0052,0.0866,STRONG_DOWN,23.57,6.21,20.82,-50.22,42.19,65.13,0.0,LOW,-,6.4895,6.4751,5.5372,1,4.0222,CONTENDER,10.7028
1128,41,RJF,Raymond James Financial,Financials,Investment Banking & Brokerage,large,145.4,22.65,-0.0477,-0.056,-0.1048,STRONG_UP,-4.38,0.75,20.97,-19.64,56.0,25.59,1.6714,HIGH,EARLY,153.9065,150.1118,159.1968,0,1.6498,WEAK,10.6722
1129,0,GEHC,GE HealthCare,Health Care,Health Care Equipment,large,63.88,19.16,-0.0087,-0.0713,-0.2216,STRONG_UP,-18.28,-10.06,-18.6,-32.47,52.0,41.88,0.8646,LOW,PROGRESS,62.161,67.7723,75.4178,0,-12.4869,WEAK,10.6682
1130,-134,BBUC,BROOKFIELD BUSINESS CORP CLASS A,Industrials,,mid,33.22,40.5,-0.0232,-0.0202,-0.0329,FLAT,-0.03,16.83,67.38,-21.01,54.4,39.6,0.7918,LOW,-,33.29,33.0448,34.2173,0,23.1165,WEAK,10.6628
1131,-69,ALHC,ALIGNMENT HEALTHCARE INC,Health Care,,mid,15.93,30.27,-0.0466,-0.2765,-0.203,FLAT,-9.59,5.85,114.98,-33.94,51.2,61.03,0.5591,LOW,EARLY,17.824,18.8578,18.5348,0,4.9054,WEAK,10.6235
1132,-24,EW,Edwards Lifesciences,Health Care,Health Care Equipment,large,86.51,34.48,0.0399,0.0479,0.0244,FLAT,2.12,12.85,-0.61,-12.73,49.2,29.42,1.2908,MED,-,82.621,81.6316,81.4182,1,21.4877,LAGGARD,10.6225
1133,-33,DHR,Danaher Corporation,Health Care,Life Sciences Tools & Services,large,173.13,20.69,0.009,-0.0365,-0.1544,STRONG_UP,-23.46,-7.77,-32.3,-32.97,50.0,27.76,0.6196,LOW,PROGRESS,171.091,182.1909,205.7462,0,-13.9958,WEAK,10.5944
1134,-31,SFBS,SERVISFIRST BANCSHARES INC,Financials,,mid,77.64,28.92,0.0019,-0.0129,-0.109,STRONG_UP,12.15,6.75,29.99,-23.75,50.0,26.61,0.42,LOW,-,77.7375,76.5122,77.3718,1,12.6795,LAGGARD,10.5897
1135,-14,CALX,CALIX NETWORKS INC,Information Technology,,mid,40.98,26.94,0.0188,-0.1748,-0.4654,STRONG_UP,-24.86,-12.92,20.74,-43.92,50.4,44.81,0.6556,LOW,EARLY,41.573,45.8294,54.1281,0,-14.5314,WEAK,10.5848
1136,-32,PAGS,PAGSEGURO DIGITAL LTD CLASS A,Financials,,mid,9.27,33.8,-0.0092,-0.073,-0.1257,STRONG_UP,-3.53,10.91,-18.96,-26.36,49.2,50.37,0.7259,LOW,EARLY,9.522,9.9218,9.713,0,10.6571,WEAK,10.576
1137,-81,TRV,Travelers Companies (The),Financials,Property & Casualty Insurance,large,299.94,34.84,-0.0267,-0.0224,-0.0358,FLAT,3.91,11.34,47.4,-8.93,50.8,16.66,0.6591,LOW,-,301.948,299.6356,286.0441,1,34.5926,LAGGARD,10.5666
1138,-121,TTWO,Take-Two Interactive,Communication Services,Interactive Home Entertainment,large,218.46,45.45,-0.0876,0.0154,0.0317,STRONG_DOWN,-8.62,-4.32,39.33,-27.68,49.6,31.15,1.5187,HIGH,-,227.0175,213.0192,231.862,0,-6.883,WEAK,10.5414
1139,-104,GDDY,GoDaddy,Information Technology,Internet Services & Infrastructure,large,87.37,5.18,-0.1042,-0.1256,-0.248,STRONG_UP,-30.26,-51.24,-36.91,-56.75,48.4,41.78,0.6241,LOW,-,88.3075,85.2856,113.1668,0,-59.3546,WEAK,10.5406
1140,-174,RVTY,Revvity,Health Care,Health Care Equipment,mid,96.79,30.65,0.0182,0.1328,-0.0048,FLAT,-3.63,6.27,-13.0,-30.09,51.2,41.96,0.6113,LOW,-,94.451,91.0202,94.547,1,7.6519,LAGGARD,10.5367
1141,-4,DORM,DORMAN PRODUCTS INC,Consumer Discretionary,,mid,123.64,28.86,0.0109,0.113,0.0958,FLAT,-6.08,-2.84,34.95,-39.58,47.2,35.25,0.6388,LOW,SHIFT,117.8115,110.9324,129.9504,0,-3.7987,WEAK,10.4869
1142,-3,MET,MetLife,Financials,Life & Health Insurance,large,83.2,33.45,0.0046,0.0816,0.0857,STRONG_DOWN,12.3,9.88,24.26,-17.46,52.8,23.62,0.7236,LOW,-,80.1628,75.6097,76.6642,1,22.0951,LAGGARD,10.4756
1143,27,FMNB,FARMERS NATIONAL BANC CORP,Financials,,small,14.19,37.63,0.0041,-0.0024,0.0375,FLAT,9.32,12.91,26.0,-16.69,54.4,20.23,0.5896,LOW,-,14.0385,13.6978,13.5398,1,34.7033,LAGGARD,10.4642
1144,-45,MSFT,Microsoft,Information Technology,Systems Software,large,412.67,29.02,-0.0692,-0.1864,-0.2321,STRONG_UP,-12.55,-9.05,-2.59,-33.91,50.8,26.02,0.8085,LOW,-,414.6274,400.3102,457.2447,0,-17.6699,WEAK,10.424
1145,92,BHVN,BIOHAVEN LTD,Health Care,,small,11.29,11.11,0.2729,0.1713,0.0299,STRONG_UP,16.63,-25.03,-70.24,-56.99,44.8,74.52,2.0449,HIGH,-,9.451,9.4818,11.8545,0,-15.0495,WEAK,10.404
1146,-1,KAI,KADANT INC,Industrials,,mid,332.18,33.06,0.041,0.0598,-0.0206,FLAT,22.4,5.56,24.08,-30.91,48.4,48.32,0.9533,LOW,-,315.6135,312.4197,307.9672,1,5.5698,LAGGARD,10.399
1147,-18,LII,Lennox International,Industrials,Building Products,large,503.16,21.49,-0.0136,0.0021,-0.0561,FLAT,8.77,-10.53,1.9,-33.77,46.8,42.46,0.8233,LOW,-,510.2665,491.293,513.4634,0,-11.6071,WEAK,10.388
1148,-80,BLFS,BIOLIFE SOLUTIONS INC,Health Care,,small,24.5,33.33,0.0181,0.1687,0.1072,FLAT,-7.02,9.62,10.71,-36.96,50.4,54.51,1.423,MED,-,22.2175,20.998,23.8547,1,8.8944,LAGGARD,10.38
1149,68,LGIH,LGI HOMES INC,Consumer Discretionary,,small,49.56,29.53,0.0805,0.0102,-0.0121,STRONG_UP,2.59,-2.65,-47.83,-49.25,42.0,63.75,0.935,LOW,-,45.639,42.537,49.3476,1,-1.747,LAGGARD,10.3505
1150,92,ED,Consolidated Edison,Utilities,Multi-Utilities,large,108.01,26.92,0.0046,0.0053,0.0019,FLAT,10.97,9.29,23.89,-8.54,52.4,16.72,1.0959,MED,-,107.229,109.2781,102.3651,1,29.1251,LAGGARD,10.3406
1151,-56,LOW,Lowe's,Consumer Discretionary,Home Improvement Retail,large,216.84,31.54,-0.0658,-0.1018,-0.1419,STRONG_UP,-4.33,-1.52,4.6,-25.85,50.0,29.65,0.8517,LOW,EARLY,223.994,232.8647,246.7585,0,-2.5649,WEAK,10.3066
1152,-112,VRNS,VARONIS SYSTEMS INC,Information Technology,,mid,30.24,15.03,-0.0791,0.0393,0.0505,STRONG_DOWN,-3.91,-35.92,-33.86,-68.11,54.0,47.3,0.6363,LOW,SHIFT,28.529,25.2744,37.15,0,-41.0065,WEAK,10.2858
1153,-114,RELY,REMITLY GLOBAL INC,Financials,,mid,20.12,16.72,-0.0715,-0.0588,0.1764,STRONG_DOWN,61.09,-6.51,49.26,-43.39,48.0,45.15,0.6592,LOW,-,22.499,19.557,16.486,1,-6.9162,LAGGARD,10.2799
1154,-112,TT,Trane Technologies,Industrials,Building Products,large,457.68,34.3,-0.0203,-0.0619,0.0239,FLAT,11.91,6.44,41.76,-20.16,52.0,31.68,0.6996,LOW,-,469.392,456.1636,426.9199,1,10.5761,LAGGARD,10.2699
1155,-13,ROAD,CONSTRUCTION PARTNERS INC CLASS A,Industrials,,mid,116.29,35.54,0.0,-0.0207,-0.1256,STRONG_UP,12.42,10.09,91.33,-26.55,50.0,60.19,0.8066,LOW,EARLY,122.7325,117.915,117.9043,0,8.3833,WEAK,10.2535
1156,-91,SILA,SILA RLTY TR INC TRUST,Real Estate,,small,30.26,63.53,-0.0081,-0.0069,0.1647,STRONG_DOWN,33.27,29.7,51.29,-14.11,49.2,40.78,0.6418,LOW,-,30.1492,27.2503,24.3535,1,35.827,CONTENDER,10.2319
1157,-2,PJT,PJT PARTNERS INC CLASS A,Financials,,mid,154.32,23.69,-0.0101,0.0179,-0.0007,FLAT,-6.2,2.8,44.98,-32.47,53.6,27.61,0.8156,LOW,-,154.3535,149.4166,164.9571,0,5.4366,WEAK,10.2144
1158,-44,MNKD,MANNKIND CORP,Health Care,,small,3.55,17.62,0.0895,0.2689,0.113,FLAT,-30.8,-12.78,-23.33,-63.29,46.4,74.31,0.5613,LOW,-,3.1925,2.8286,4.5681,0,-7.9777,WEAK,10.195
1159,-57,IR,Ingersoll Rand,Industrials,Industrial Machinery & Supplies & Components,large,70.96,19.83,-0.0252,-0.1397,-0.232,STRONG_UP,-8.68,-13.21,-23.93,-30.56,46.8,36.78,1.0771,MED,EARLY,73.6643,79.1962,81.8686,0,-16.8052,WEAK,10.1747
1160,-35,INTA,INTAPP INC,Information Technology,,mid,19.14,0.52,-0.1383,-0.3063,-0.4121,STRONG_UP,-52.61,-65.23,-47.62,-67.17,43.2,59.08,0.7311,LOW,EARLY,22.034,23.0024,34.5562,0,-47.6935,WEAK,10.1644
1161,-37,BDC,BELDEN INC,Information Technology,,mid,107.45,32.64,-0.0331,-0.309,-0.5317,STRONG_UP,-4.1,-0.47,11.41,-32.41,51.6,44.43,0.9565,LOW,EARLY,110.1135,117.5492,121.7624,0,-0.5406,WEAK,10.1536
1162,-29,EAT,BRINKER INTERNATIONAL INC,Consumer Discretionary,,mid,141.48,18.12,0.0329,0.0935,-0.0329,FLAT,0.85,-14.24,108.43,-44.41,50.0,59.89,0.6809,LOW,PROGRESS,139.281,143.6418,143.4256,0,-11.8919,WEAK,10.125
1163,-106,FRME,FIRST MERCHANTS CORP,Financials,,mid,40.23,34.49,-0.0009,0.0045,-0.0295,FLAT,12.18,11.18,31.55,-15.73,50.4,21.29,0.609,LOW,-,40.095,39.6622,38.3753,1,26.4563,LAGGARD,10.1239
1164,-48,MSI,Motorola Solutions,Information Technology,Communications Equipment,large,408.71,31.61,-0.0191,-0.2097,-0.3933,STRONG_UP,11.63,-1.82,15.94,-25.45,51.6,31.2,0.5178,LOW,EARLY,411.6545,431.1615,426.4668,0,-3.0077,WEAK,10.0974
1165,-15,CCI,Crown Castle,Real Estate,Telecom Tower REITs,large,90.87,15.29,-0.0275,0.0397,0.0325,FLAT,4.58,-4.5,3.58,-30.0,52.0,29.43,0.7769,LOW,-,90.037,86.5486,88.984,1,-7.955,LAGGARD,10.0951
1166,55,BJRI,BJS RESTAURANTS INC,Consumer Discretionary,,small,46.26,38.93,0.0088,0.2378,0.1906,FLAT,30.75,4.0,32.63,-38.67,50.4,38.98,1.1835,MED,-,41.4775,38.725,37.1862,1,5.1742,LAGGARD,10.0674
1167,-50,NFLX,Netflix,Communication Services,Movies & Entertainment,large,87.35,9.09,-0.0192,-0.0671,0.0401,FLAT,-18.34,-27.72,34.59,-43.35,46.8,41.71,0.5022,LOW,EARLY,88.767,93.3724,101.5605,0,-31.1065,WEAK,10.0418
1168,59,JBLU,JETBLUE AIRWAYS CORP,Industrials,,small,5.4,31.4,0.1082,0.0667,-0.052,STRONG_UP,28.27,3.45,0.56,-37.62,45.2,77.36,1.1258,MED,-,4.8775,4.829,4.8998,1,2.0148,LAGGARD,10.0208
1169,-33,MEG,MONTROSE ENVIRONMENTAL GRP INC,Industrials,,small,15.9,13.64,0.0631,-0.2582,-0.303,STRONG_UP,-36.88,-21.83,-66.48,-53.32,47.79,76.51,1.7716,HIGH,-,17.7405,20.2392,24.8135,0,-13.6349,WEAK,10.0104
1170,-58,WK,WORKIVA INC CLASS A,Information Technology,,mid,47.51,18.65,-0.0731,-0.2731,-0.4915,STRONG_UP,-47.98,-28.59,-39.35,-52.51,48.0,46.45,0.6809,LOW,EARLY,50.2425,54.6854,74.2014,0,-29.5426,WEAK,9.9748
1171,-39,ACN,Accenture,Information Technology,IT Consulting & Other Services,large,176.36,10.36,-0.0674,-0.1576,-0.404,STRONG_UP,-26.99,-43.43,-38.9,-49.58,46.4,41.27,0.8194,LOW,PROGRESS,175.586,185.3237,230.7883,0,-48.8322,WEAK,9.9567
1172,-11,GIII,G III APPAREL GROUP LTD,Consumer Discretionary,,small,32.29,48.32,0.0438,0.025,0.0552,FLAT,15.14,13.57,9.48,-29.39,52.0,39.0,0.7409,LOW,-,30.5175,29.4911,28.6284,1,18.0938,LAGGARD,9.9337
1173,-7,BRSL,BRIGHTSTAR LOTTERY PLC,Consumer Discretionary,,mid,11.12,22.82,-0.0055,-0.142,-0.1442,STRONG_UP,-27.65,-8.65,-23.51,-40.22,48.4,34.06,0.8766,LOW,EARLY,11.7945,12.3626,14.4786,0,-12.2886,WEAK,9.9127
1174,27,KBH,KB HOME,Consumer Discretionary,,mid,49.7,30.2,0.0107,-0.0867,-0.1789,STRONG_UP,-17.97,-1.66,-25.86,-32.85,48.4,37.06,0.5366,LOW,PROGRESS,48.3383,50.8081,58.4621,0,-2.1659,WEAK,9.9029
1175,74,NWSA,News Corp (Class A),Communication Services,Publishing,large,26.61,40.91,0.0265,0.007,0.1062,FLAT,5.91,-5.39,1.44,-27.81,50.0,21.38,1.0683,MED,-,26.296,25.5248,26.2713,1,-12.6064,LAGGARD,9.8994
1176,1,SCSC,SCANSOURCE INC,Information Technology,,small,45.41,37.82,0.0043,-0.0336,-0.0403,STRONG_UP,12.96,11.74,-7.78,-24.52,52.0,32.39,0.7725,LOW,-,42.8075,39.7508,40.7385,1,18.8433,LAGGARD,9.8964
1177,15,PRU,Prudential Financial,Financials,Life & Health Insurance,large,101.49,26.13,-0.0072,0.0722,-0.0132,FLAT,-2.73,4.0,-4.81,-21.46,54.4,24.08,0.6536,LOW,SHIFT,99.9035,97.0335,101.5398,0,9.0272,WEAK,9.8748
1178,-29,CASH,PATHWARD FINANCIAL INC,Financials,,mid,83.03,31.01,0.0017,-0.0577,-0.1431,STRONG_UP,19.05,7.76,56.76,-20.68,52.4,31.84,0.3194,LOW,-,83.7935,88.921,80.5142,1,12.7665,LAGGARD,9.8393
1179,-17,NBTB,NBT BANCORP INC,Financials,,mid,46.09,38.33,0.0076,0.0447,0.0276,FLAT,14.03,13.71,34.43,-12.17,48.0,22.08,0.7269,LOW,-,44.9345,44.1174,42.62,1,29.8034,LAGGARD,9.8218
1180,10,CSR,CENTERSPACE,Real Estate,,small,67.71,35.29,0.0013,-0.025,0.0548,FLAT,4.1,14.31,11.24,-17.43,51.2,23.95,0.4233,LOW,-,67.671,63.8543,61.3588,1,30.5961,LAGGARD,9.7922
1181,-9,ITW,Illinois Tool Works,Industrials,Industrial Machinery & Supplies & Components,large,250.29,32.23,-0.0355,-0.0817,-0.1153,STRONG_UP,4.52,5.25,10.68,-16.91,50.4,21.73,0.5695,LOW,EARLY,252.932,260.201,258.3834,0,12.169,WEAK,9.7806
1182,24,VRTX,Vertex Pharmaceuticals,Health Care,Biotechnology,large,437.22,25.29,0.013,0.0129,-0.0725,STRONG_UP,3.12,-1.77,-2.16,-23.56,48.4,29.89,0.8993,LOW,-,433.882,439.0414,435.4005,1,-2.8667,LAGGARD,9.75
1183,-49,LMAT,LEMAITRE VASCULAR INC,Health Care,,mid,95.72,38.31,-0.0567,-0.1501,-0.1372,FLAT,14.12,19.24,21.51,-19.91,52.8,58.66,0.7503,LOW,-,103.1829,107.971,94.0458,1,17.3224,LAGGARD,9.7278
1184,-9,MFA,MFA FINANCIAL INC,Financials,,small,9.6,46.69,0.0057,-0.0569,-0.0439,FLAT,13.84,18.84,20.61,-10.87,50.8,26.96,0.6364,LOW,-,9.6945,9.7522,9.1687,1,35.5058,LAGGARD,9.7131
1185,-47,ATEC,ALPHATEC HOLDNGS INC,Health Care,,small,7.83,6.51,-0.0525,-0.1664,-0.4242,STRONG_UP,-62.05,-37.06,-23.83,-69.18,48.8,89.81,0.6817,LOW,-,8.338,10.0896,15.0444,0,-20.1361,WEAK,9.7009
1186,-90,CVSA,COVISTA INC,Consumer Discretionary,,mid,122.54,26.85,-0.0743,0.0808,0.2757,STRONG_DOWN,37.13,-7.62,85.27,-42.14,54.4,42.63,0.5587,LOW,-,122.7025,117.211,116.9088,1,-9.7258,LAGGARD,9.6726
1187,-4,CENTA,CENTRAL GARDEN AND PET CLASS A,Consumer Staples,,small,34.65,58.06,-0.0079,0.0167,0.0716,STRONG_DOWN,21.2,8.18,-11.11,-29.51,50.4,22.72,0.6123,LOW,-,34.0475,33.4494,31.3625,1,18.1454,CONTENDER,9.6561
1188,-36,CVBF,CVB FINANCIAL CORP,Financials,,mid,20.49,39.02,0.0056,0.0106,0.0179,STRONG_DOWN,6.5,14.03,37.91,-13.91,49.2,22.21,0.5151,LOW,-,20.201,19.9294,19.3332,1,31.0717,LAGGARD,9.6443
1189,-21,AVNT,AVIENT CORP,Materials,,mid,36.23,19.12,0.025,-0.0139,-0.1019,STRONG_UP,25.79,2.93,-14.11,-26.89,49.2,37.87,0.6657,LOW,-,35.405,35.845,34.359,1,3.8113,LAGGARD,9.6439
1190,0,ALLE,Allegion,Industrials,Building Products,large,131.22,26.03,-0.0183,-0.0621,-0.1619,STRONG_UP,-18.84,-7.62,11.44,-29.84,50.4,28.16,0.4317,LOW,EARLY,132.0275,139.363,159.3837,0,-13.6291,WEAK,9.6339
1191,-51,PNTG,PENNANT GROUP INC,Health Care,,small,34.0,42.15,-0.0402,0.1007,0.1324,STRONG_DOWN,26.87,22.04,41.96,-26.06,51.6,45.46,0.5281,LOW,-,33.9855,32.017,28.707,1,25.0154,LAGGARD,9.596
1192,6,FG,F&G ANNUITIES AND LIFE INC,Financials,,mid,27.95,15.68,-0.0013,-0.0133,0.18,FLAT,-9.92,-7.97,-27.09,-40.92,51.6,42.87,0.8437,LOW,-,28.1535,26.623,29.0183,0,-9.5934,WEAK,9.5895
1193,4,AZTA,AZENTA INC,Health Care,,small,21.34,13.03,0.1464,-0.1235,-0.2037,STRONG_UP,-41.85,-21.25,-58.22,-60.94,50.0,77.49,0.9011,LOW,-,19.8535,21.6886,29.2452,0,-13.7144,WEAK,9.5586
1194,-30,CRK,COMSTOCK RESOURCES INC,Energy,,mid,13.23,1.12,-0.0185,-0.196,-0.3613,STRONG_UP,-47.46,-44.39,17.7,-57.12,47.2,57.02,0.9823,LOW,EARLY,15.1945,17.5202,19.7183,0,-36.7438,WEAK,9.5437
1195,-4,MMM,3M,Industrials,Industrial Conglomerates,large,155.17,33.88,0.0079,0.0548,-0.0444,FLAT,-7.6,6.33,63.5,-18.77,51.2,27.25,0.7215,LOW,SHIFT,146.3997,146.3584,156.1395,0,11.8965,WEAK,9.542
1196,-36,SBAC,SBA Communications,Real Estate,Telecom Tower REITs,large,200.2,7.06,-0.0389,-0.0895,0.0229,FLAT,5.02,-10.53,11.5,-29.8,44.4,49.93,0.5884,LOW,-,209.9044,202.7423,194.8349,1,-9.3605,LAGGARD,9.5319
1197,-41,NHI,NATIONAL HEALTH INVESTORS REIT INC,Real Estate,,mid,74.93,34.12,-0.0413,-0.0372,-0.1686,FLAT,-2.65,8.33,27.47,-18.79,51.2,27.2,1.0918,MED,EARLY,75.4865,79.6848,78.0026,0,15.6767,WEAK,9.5001
1198,-68,PRDO,PERDOCEO EDUCATION CORP,Consumer Discretionary,,mid,33.54,36.91,-0.0547,-0.0123,0.0461,STRONG_DOWN,23.58,3.25,47.64,-27.22,50.8,30.89,1.0139,MED,-,34.3675,35.2194,32.9225,1,5.3378,LAGGARD,9.4927
1199,34,TMHC,TAYLOR MORRISON HOME CORP,Consumer Discretionary,,mid,59.31,40.27,-0.0147,-0.0607,-0.0647,STRONG_UP,-0.69,5.8,4.0,-23.8,46.8,33.75,0.5313,LOW,SHIFT,58.3985,59.177,62.424,0,8.039,WEAK,9.49
1200,3,PPL,PPL Corporation,Utilities,Electric Utilities,large,35.84,23.08,-0.0007,-0.0702,-0.0472,FLAT,-0.21,8.19,33.78,-12.38,54.0,17.8,0.7148,LOW,EARLY,36.374,37.6092,36.3216,0,24.8568,WEAK,9.412
1201,-8,DRI,Darden Restaurants,Consumer Discretionary,Restaurants,large,205.93,32.21,-0.0028,0.0459,0.0009,FLAT,20.62,-0.71,48.0,-23.92,50.4,26.99,0.5904,LOW,-,196.931,197.0194,193.7148,1,-1.3345,LAGGARD,9.4018
1202,-29,LH,Labcorp,Health Care,Health Care Services,large,258.25,29.5,0.0005,-0.0089,-0.083,STRONG_UP,-2.16,5.66,34.25,-15.22,51.6,21.78,0.6687,LOW,PROGRESS,255.9685,262.905,267.6467,0,13.4195,WEAK,9.3605
1203,-21,AMN,AMN HEALTHCARE INC,Health Care,,small,27.2,45.98,0.0099,0.296,0.4384,STRONG_DOWN,59.44,28.61,-50.79,-32.44,45.6,76.6,0.5151,LOW,-,25.8515,21.8494,19.4364,1,17.0287,LAGGARD,9.3454
1204,49,CL,Colgate-Palmolive,Consumer Staples,Household Products,large,91.29,50.0,-0.0069,0.0614,0.0127,FLAT,16.72,2.0,3.99,-18.64,49.6,22.74,0.5067,LOW,-,88.169,85.9006,83.2408,1,4.3675,CONTENDER,9.3002
1205,-25,PRAA,PRA GROUP INC,Financials,,small,15.05,32.06,0.0313,-0.311,0.1695,FLAT,-0.92,8.74,-31.87,-42.34,50.8,75.33,0.8292,LOW,-,17.6005,18.5084,16.272,0,5.8958,WEAK,9.2982
1206,-17,OPCH,OPTION CARE HEALTH INC,Health Care,,mid,21.64,8.43,-0.0293,-0.2246,-0.3045,STRONG_UP,-27.67,-31.82,-27.26,-46.65,44.4,60.65,0.7957,LOW,PROGRESS,20.9135,25.3288,29.1625,0,-23.2952,WEAK,9.2891
1207,15,RXRX,RECURSION PHARMACEUTICALS INC CLAS,Health Care,,small,3.17,10.34,0.0682,-0.0742,-0.1423,STRONG_UP,-26.79,-27.87,-64.74,-58.17,41.2,53.58,1.9321,HIGH,-,3.1725,3.2768,4.2929,0,-21.4324,WEAK,9.1903
1208,-50,LTH,LIFE TIME GROUP HOLDINGS INC,Consumer Discretionary,,mid,33.09,49.66,-0.0458,0.2566,0.2308,FLAT,26.68,15.66,111.57,-19.24,46.8,50.33,0.5005,LOW,-,31.536,28.8584,27.6134,1,14.5606,LAGGARD,9.1872
1209,-10,PRK,PARK NATIONAL CORP,Financials,,mid,169.79,31.36,0.0024,-0.0169,-0.0229,STRONG_UP,11.04,8.09,33.8,-15.31,50.4,23.63,0.9706,LOW,-,169.4702,166.9457,161.3035,1,17.2444,LAGGARD,9.1849
1210,-57,FISV,Fiserv,Financials,Transaction & Payment Processing Services,large,55.62,0.0,-0.0179,-0.087,-0.1201,STRONG_UP,-8.32,-65.4,-62.53,-70.17,50.2,35.29,0.7216,LOW,EARLY,56.9505,57.8528,81.5997,0,-93.028,WEAK,9.1825
1211,-52,QLYS,QUALYS INC,Information Technology,,mid,98.32,19.17,-0.0736,-0.0026,-0.2121,FLAT,-30.03,-27.8,-31.42,-50.46,48.4,51.81,0.6315,LOW,SHIFT,93.8575,90.0118,119.2579,0,-25.9716,WEAK,9.1799
1212,17,NNI,NELNET INC CLASS A,Financials,,mid,129.01,36.24,0.0014,-0.0954,-0.0339,FLAT,2.58,11.8,25.07,-15.27,52.0,32.32,1.0092,MED,EARLY,131.682,132.5216,130.4608,0,18.9889,WEAK,9.1708
1213,-4,GPC,Genuine Parts Company,Consumer Discretionary,Distributors,large,98.4,14.77,-0.0106,-0.0706,-0.1162,STRONG_UP,-20.88,-19.28,-26.07,-37.48,46.4,29.73,0.7229,LOW,EARLY,100.0705,103.9212,123.0429,0,-30.092,WEAK,9.1403
1214,6,USLM,UNITED STATES LIME AND MINERALS IN,Materials,,mid,111.91,26.47,0.0292,-0.1332,-0.0057,FLAT,-7.57,7.86,63.42,-26.55,52.8,52.24,0.8383,LOW,PROGRESS,108.4143,121.3567,122.0257,0,7.944,WEAK,9.1284
1215,-36,CNX,CNX RESOURCES CORP,Energy,,mid,33.74,8.99,-0.0174,-0.0999,-0.2168,STRONG_UP,-10.0,7.21,33.62,-20.82,52.4,28.57,0.4347,LOW,EARLY,36.511,38.2514,36.0569,0,13.2297,WEAK,9.1121
1216,61,MDLZ,Mondelez International,Consumer Staples,Packaged Foods & Meats,large,62.25,35.48,-0.0106,0.0592,0.1185,STRONG_DOWN,12.77,-3.45,-2.14,-25.93,49.2,23.43,1.0247,MED,-,61.444,58.9781,58.1734,1,-7.2402,LAGGARD,9.1118
1217,-29,CVLT,COMMVAULT SYSTEMS INC,Information Technology,,mid,107.24,13.47,-0.0256,-0.0553,-0.051,FLAT,-10.7,-39.34,-3.7,-61.53,52.0,48.14,0.6058,LOW,SHIFT,103.347,92.3628,125.8928,0,-42.4986,WEAK,9.0822
1218,-6,ALH,ALLIANCE LAUNDRY HOLDINGS INC,Industrials,,mid,25.5,30.58,0.0247,-0.004,0.1412,FLAT,7.96,2.74,2.74,-29.22,53.5,44.11,0.4734,LOW,-,24.926,23.4778,,0,3.323,WEAK,9.0793
1219,-43,VRSK,Verisk Analytics,Industrials,Research & Consulting Services,large,171.5,2.89,-0.0286,-0.0432,-0.1346,STRONG_UP,-21.63,-45.3,-30.14,-50.81,45.6,37.32,0.865,LOW,EARLY,172.243,178.8774,214.3952,0,-55.3486,WEAK,9.0782
1220,-25,BUR,BURFORD CAPITAL LTD,Financials,,small,4.54,0.7,-0.0185,-0.0312,-0.4786,STRONG_UP,-49.6,-64.27,-66.91,-72.84,47.6,117.21,0.3276,LOW,-,4.7473,5.1255,8.9632,0,-26.1017,WEAK,9.0725
1221,63,HD,Home Depot (The),Consumer Discretionary,Home Improvement Retail,large,317.85,21.48,-0.0233,-0.0381,-0.1129,STRONG_UP,-4.32,-11.46,1.61,-28.81,46.8,28.13,1.3689,MED,PROGRESS,313.0405,325.3952,362.2583,0,-19.0642,WEAK,9.0629
1222,48,APAM,ARTISAN PARTNERS ASSET MANAGEMENT,Financials,,mid,37.99,23.34,0.0385,0.0361,-0.0802,STRONG_UP,-2.23,2.23,2.37,-21.92,50.0,25.25,1.1559,MED,SHIFT,36.7759,36.3431,39.5331,0,4.4247,WEAK,8.9367
1223,-39,IIPR,INNOVATIVE INDUSTRIAL PROPERTIES I,Real Estate,,small,57.76,41.18,0.0195,0.0164,0.0662,FLAT,26.62,19.87,-30.98,-21.29,48.4,44.95,0.5293,LOW,-,55.813,53.211,49.5771,1,21.3986,LAGGARD,8.9323
1224,11,FRSH,FRESHWORKS INC CLASS A,Information Technology,,mid,8.98,12.95,-0.0754,-0.0666,-0.1335,FLAT,-25.54,-40.25,-32.83,-56.87,45.6,44.77,1.3752,MED,SHIFT,8.8155,8.4312,10.5968,0,-40.9991,WEAK,8.9152
1225,-47,TYL,Tyler Technologies,Information Technology,Application Software,large,302.55,8.29,-0.0978,-0.2612,-0.4048,STRONG_UP,-33.22,-47.26,-36.85,-53.08,46.0,35.31,0.7698,LOW,EARLY,319.4115,330.4488,428.9874,0,-61.565,WEAK,8.8702
1226,4,ARE,Alexandria Real Estate Equities,Real Estate,Office REITs,mid,49.93,2.35,0.0355,0.2207,-0.1126,FLAT,0.48,-23.58,-52.17,-51.61,55.6,46.48,0.6201,LOW,SHIFT,45.5725,45.7974,57.062,0,-28.204,WEAK,8.8658
1227,-27,ABNB,Airbnb,Consumer Discretionary,"Hotels, Resorts & Cruise Lines",large,132.1,36.24,-0.0722,-0.054,-0.0015,STRONG_DOWN,15.46,2.67,-10.14,-21.54,54.0,30.82,0.7919,LOW,-,136.3565,134.2984,128.4482,1,4.6707,LAGGARD,8.843
1228,6,RVLV,REVOLVE GROUP CLASS A INC,Consumer Discretionary,,small,20.22,34.9,0.0386,-0.2352,-0.1971,FLAT,-12.16,1.71,6.42,-44.32,48.0,59.92,0.7063,LOW,-,20.4885,22.7778,24.2302,0,1.37,WEAK,8.8406
1229,-58,PAX,PATRIA INVESTMENTS LTD CLASS A,Financials,,mid,11.48,15.33,0.0295,-0.0677,-0.156,STRONG_UP,-18.18,-8.07,-2.14,-36.28,51.6,35.35,0.5608,LOW,EARLY,11.7203,11.9817,13.6607,0,-11.7851,WEAK,8.8356
1230,-28,PSA,Public Storage,Real Estate,Self-Storage REITs,large,306.79,32.94,0.0047,0.0176,-0.0132,FLAT,16.41,5.83,22.89,-16.2,47.6,25.81,0.3435,LOW,-,303.082,293.9688,283.3985,1,10.7523,LAGGARD,8.8097
1231,12,PEG,Public Service Enterprise Group,Utilities,Electric Utilities,large,79.82,19.23,0.0111,0.0013,-0.0454,STRONG_UP,-1.26,5.51,13.96,-13.15,54.4,19.54,0.6249,LOW,PROGRESS,78.6855,80.2486,80.801,0,15.3482,WEAK,8.8023
1232,-131,UHS,Universal Health Services,Health Care,Health Care Facilities,large,154.29,14.56,-0.0638,-0.0546,-0.2273,FLAT,-34.77,-18.64,-11.22,-36.7,51.6,37.48,0.8222,LOW,EARLY,166.1555,175.7026,200.4577,0,-25.6633,WEAK,8.802
1233,-18,CMG,Chipotle Mexican Grill,Consumer Discretionary,Restaurants,large,32.69,6.71,-0.0549,-0.0095,-0.1068,FLAT,4.81,-34.71,-48.17,-48.82,45.6,32.6,0.8522,LOW,EARLY,32.7315,33.2912,36.7842,0,-48.5534,WEAK,8.7918
1234,-114,STEP,STEPSTONE GROUP INC CLASS A,Financials,,mid,52.3,13.59,0.002,0.0217,0.1016,STRONG_DOWN,-14.02,-10.89,23.31,-43.1,50.4,45.75,0.9055,LOW,-,53.8038,51.2561,58.904,0,-12.0002,WEAK,8.786
1235,-21,SLG,SL GREEN REALTY REIT CORP,Real Estate,,mid,45.2,3.53,0.082,0.0159,0.1373,FLAT,3.11,-17.31,-0.64,-45.4,48.4,43.53,0.9772,LOW,SHIFT,43.31,40.8109,46.3193,0,-19.2518,WEAK,8.7795
1236,24,IRTC,IRHYTHM HOLDINGS INC,Health Care,,mid,111.39,13.41,-0.0507,-0.1159,-0.1885,STRONG_UP,-39.2,-21.21,26.91,-41.38,48.0,42.41,1.143,MED,EARLY,117.5625,119.073,154.9449,0,-24.002,WEAK,8.777
1237,-6,PCG,PG&E Corporation,Utilities,Multi-Utilities,large,16.53,11.54,0.002,0.0283,-0.1046,FLAT,4.26,-1.26,-8.07,-23.71,49.6,25.71,0.4228,LOW,-,16.3725,17.0347,16.2435,1,-2.4361,LAGGARD,8.7467
1238,-33,BMI,BADGER METER INC,Information Technology,,mid,125.53,7.25,0.0176,-0.0862,-0.4531,STRONG_UP,-28.99,-48.39,-34.88,-55.06,47.6,59.53,0.4597,LOW,PROGRESS,119.7256,134.0823,162.6403,0,-38.6898,WEAK,8.7367
1239,68,KHC,Kraft Heinz,Consumer Staples,Packaged Foods & Meats,large,24.38,41.94,0.0198,0.0808,0.0799,FLAT,-0.19,-2.27,-22.32,-23.19,52.4,25.3,0.8618,LOW,-,23.248,22.656,23.9585,1,-4.71,LAGGARD,8.7189
1240,-44,CRM,Salesforce,Information Technology,Application Software,large,177.51,15.54,-0.0658,-0.1708,-0.3695,STRONG_UP,-21.42,-35.21,-33.34,-39.79,49.6,41.76,1.2634,MED,EARLY,178.5545,181.1054,221.0434,0,-41.8225,WEAK,8.7175
1241,-74,DRVN,DRIVEN BRANDS HOLDINGS INC,Consumer Discretionary,,mid,14.22,14.09,0.0491,0.1292,0.2769,STRONG_DOWN,0.71,-19.98,23.44,-46.38,42.8,50.51,0.495,LOW,SHIFT,13.416,12.778,14.7521,0,-16.9281,WEAK,8.6924
1242,-38,FIVN,FIVE9 INC,Information Technology,,small,22.34,24.35,-0.0492,0.1836,-0.067,FLAT,17.15,-17.59,-54.22,-53.96,46.4,80.14,0.6179,LOW,-,21.5905,17.8503,20.3957,1,-10.1873,LAGGARD,8.6716
1243,53,CCS,CENTURY COMMUNITIES INC,Consumer Discretionary,,small,54.16,38.26,0.0283,-0.0875,-0.1566,STRONG_UP,-8.95,3.61,-32.72,-35.02,48.8,41.56,0.5155,LOW,-,52.7335,56.3134,61.5266,0,4.2334,WEAK,8.6565
1244,31,MOH,Molina Healthcare,Health Care,Managed Health Care,mid,177.87,4.98,-0.0268,-0.0448,0.2326,FLAT,22.42,-40.97,-45.12,-59.96,52.0,48.22,0.5637,LOW,-,187.912,163.9402,166.291,1,-44.1835,LAGGARD,8.6463
1245,-38,HMN,HORACE MANN EDUCATORS CORP,Financials,,small,46.77,35.19,-0.0038,0.0245,0.0653,STRONG_DOWN,5.09,11.35,46.8,-10.73,57.2,18.19,0.9718,LOW,-,45.705,44.6076,44.2493,1,35.698,LAGGARD,8.6461
1246,71,KNF,KNIFE RIVER CORP,Materials,,mid,78.3,5.88,0.0188,-0.1072,-0.1143,STRONG_UP,8.61,-17.72,9.19,-37.15,46.8,54.14,0.4545,LOW,-,82.2375,83.4022,78.0179,1,-15.3155,LAGGARD,8.637
1247,-24,GBX,GREENBRIER INC,Industrials,,small,48.32,35.12,-0.0269,-0.016,-0.1466,FLAT,13.14,9.89,-3.45,-26.98,50.8,34.31,0.3178,LOW,-,49.03,49.9116,47.9246,1,14.6473,LAGGARD,8.6179
1248,-22,MCW,MISTER CAR WASH INC,Consumer Discretionary,,mid,7.1,32.89,-0.0467,0.0108,0.0507,STRONG_DOWN,40.32,-0.56,6.29,-34.45,42.11,5.6,0.0,LOW,-,7.07,7.017,6.0032,1,-4.2127,LAGGARD,8.6122
1249,-30,ASGN,ASGN INC,Information Technology,,small,19.26,1.04,-0.0281,-0.2322,-0.7923,STRONG_UP,-55.2,-63.45,-79.4,-68.82,46.18,117.62,0.8642,LOW,-,19.7445,29.6688,42.9913,0,-24.9104,WEAK,8.5597
1250,-26,OFG,OFG BANCORP,Financials,,small,45.59,37.98,-0.0041,0.0047,0.0807,STRONG_DOWN,17.09,13.22,30.74,-17.74,49.2,22.99,0.9052,LOW,-,45.133,43.1837,41.6587,1,28.2889,LAGGARD,8.5592
1251,-38,QDEL,QUIDELORTHO CORP,Health Care,,small,12.33,0.0,0.0325,0.0223,-0.44,STRONG_UP,-53.61,-61.1,-72.01,-71.85,46.0,100.8,0.7104,LOW,-,11.479,13.5322,23.6368,0,-27.8848,WEAK,8.5578
1252,-12,IBCP,INDEPENDENT BANK CORP,Financials,,small,34.13,36.59,0.0111,0.0176,-0.0611,FLAT,10.28,11.95,45.14,-13.5,49.6,21.61,0.6218,LOW,-,33.5697,33.4126,32.644,1,27.4312,LAGGARD,8.5157
1253,-2,PWP,PERELLA WEINBERG PARTNERS CLASS A,Financials,,small,18.38,27.18,0.0341,-0.1567,-0.0781,FLAT,5.07,5.32,19.07,-33.93,49.6,46.2,1.0259,MED,-,18.924,19.1546,19.6834,0,5.7084,WEAK,8.4885
1254,32,NWS,News Corp (Class B),Communication Services,Publishing,large,30.47,27.27,0.0198,-0.0021,0.1427,FLAT,5.97,-6.76,12.37,-26.84,52.4,21.52,1.0225,MED,-,30.2515,29.3094,29.916,1,-16.4534,LAGGARD,8.4877
1255,11,TOWN,TOWNEBANK,Financials,,mid,34.04,26.83,-0.0203,-0.0238,-0.0305,STRONG_UP,7.34,4.41,38.04,-14.28,48.4,19.87,1.2464,MED,-,34.483,34.0389,33.6653,1,10.7426,LAGGARD,8.4708
1256,75,HSIC,Henry Schein,Health Care,Health Care Distributors,mid,75.67,26.82,0.0305,-0.0098,-0.0543,STRONG_UP,1.63,3.09,6.35,-17.23,50.0,24.8,1.1769,MED,-,72.5855,74.2724,72.8511,1,6.2352,LAGGARD,8.4648
1257,-114,YUM,Yum! Brands,Consumer Discretionary,Restaurants,large,152.02,41.61,-0.0512,-0.0324,-0.0486,FLAT,1.56,7.71,15.72,-10.94,50.8,21.42,0.8893,LOW,-,153.8795,156.7702,152.0078,1,18.2882,LAGGARD,8.4642
1258,14,SCHW,Charles Schwab Corporation,Financials,Investment Banking & Brokerage,large,85.61,20.56,-0.0538,-0.044,-0.1377,FLAT,-4.76,-1.54,24.19,-19.59,54.4,28.11,2.1018,HIGH,EARLY,90.2786,92.1725,94.6936,0,-2.976,WEAK,8.4588
1259,0,MLKN,MILLERKNOLL INC,Industrials,,small,16.36,29.75,0.0522,-0.0583,-0.1905,STRONG_UP,9.05,1.56,-34.18,-37.8,48.8,61.9,0.5334,LOW,-,15.5,16.081,17.7601,0,1.2296,WEAK,8.4556
1260,-44,WAY,WAYSTAR HOLDING CORP,Health Care,,mid,19.06,3.07,-0.0106,-0.2484,-0.2506,STRONG_UP,-47.74,-50.38,-7.92,-56.44,47.6,57.06,0.886,LOW,EARLY,20.0335,22.5432,30.5064,0,-42.0254,WEAK,8.4265
1261,-15,PTON,PELOTON INTERACTIVE CLASS A INC,Consumer Discretionary,,small,5.98,16.78,0.111,0.1348,0.5006,STRONG_DOWN,-9.39,-16.6,100.0,-58.78,45.6,58.63,1.2226,MED,-,5.4,4.9146,6.1914,0,-12.9084,WEAK,8.3995
1262,36,CI,Cigna,Health Care,Health Care Services,large,285.75,21.84,0.0066,-0.0009,0.0121,FLAT,6.43,-6.13,-10.92,-26.54,50.0,27.3,0.6228,LOW,-,286.9635,277.8284,280.3852,1,-11.2318,LAGGARD,8.3537
1263,-19,RWT,REDWOOD TRUST REIT INC,Financials,,small,5.34,35.54,0.0057,-0.0612,-0.1016,STRONG_UP,11.11,11.46,7.01,-19.91,47.6,30.61,0.4423,LOW,-,5.4055,5.5782,5.4517,0,17.8229,WEAK,8.3513
1264,96,CARG,CARGURUS INC CLASS A,Communication,,mid,28.9,29.17,-0.0032,-0.2191,-0.2025,FLAT,-17.87,-9.26,23.14,-30.92,50.4,41.6,2.2572,HIGH,EARLY,32.3407,34.1769,34.4574,0,-11.2215,WEAK,8.3403
1265,-102,KDP,Keurig Dr Pepper,Consumer Staples,Soft Drinks & Non-alcoholic Beverages,large,30.1,33.87,0.0329,0.0413,0.0722,STRONG_DOWN,11.91,-4.95,-5.24,-27.48,51.2,26.57,0.9063,LOW,-,29.043,27.5516,27.7518,1,-9.5391,LAGGARD,8.3284
1266,-178,BOX,BOX INC CLASS A,Information Technology,,mid,24.67,16.58,-0.093,-0.1429,-0.2294,STRONG_UP,-17.9,-33.09,-1.48,-44.57,46.4,44.04,1.9603,HIGH,-,24.9875,24.2224,28.2433,0,-34.8624,WEAK,8.3179
1267,59,AIN,ALBANY INTERNATIONAL CORP CLASS A,Industrials,,small,63.74,28.51,0.0243,0.1435,0.1202,FLAT,41.66,-1.32,-24.68,-42.65,52.8,36.32,0.6444,LOW,-,60.873,56.9715,55.5144,1,-1.9173,LAGGARD,8.3155
1268,0,LW,Lamb Weston,Consumer Staples,Packaged Foods & Meats,mid,42.77,22.58,0.003,-0.0066,-0.026,STRONG_UP,-23.02,-17.43,-48.96,-41.37,50.8,38.65,0.3869,LOW,SHIFT,42.4998,42.0757,50.0024,0,-22.9154,WEAK,8.296
1269,112,LMB,LIMBACH HOLDINGS INC,Industrials,,small,80.57,6.61,0.0684,-0.1566,-0.1602,STRONG_UP,20.76,-35.8,37.89,-55.92,49.6,91.45,1.2044,MED,-,80.919,83.1748,88.0504,0,-19.4174,WEAK,8.2855
1270,-32,TNDM,TANDEM DIABETES CARE INC,Health Care,,small,14.82,9.58,-0.0174,-0.2084,-0.4085,STRONG_UP,-30.97,-29.93,-71.98,-54.92,46.0,73.58,1.2363,MED,-,16.0715,19.0553,18.0532,0,-18.7108,WEAK,8.2737
1271,21,SJM,J.M. Smucker Company (The),Consumer Staples,Packaged Foods & Meats,large,102.98,37.1,0.0086,0.0578,-0.0378,FLAT,0.86,-3.3,2.81,-22.82,49.2,28.01,0.3416,LOW,-,99.342,96.5282,101.6006,1,-5.8047,LAGGARD,8.2691
1272,1,BANR,BANNER CORP,Financials,,mid,65.145,33.1,0.0039,-0.0151,0.0454,FLAT,6.15,9.5,50.84,-14.3,48.0,24.57,0.685,LOW,-,64.7479,63.0825,62.6629,1,18.5528,LAGGARD,8.2625
1273,5,ADBE,Adobe Inc.,Information Technology,Application Software,large,238.24,10.88,-0.1112,-0.1702,-0.3419,STRONG_UP,-25.25,-42.21,-50.2,-45.95,48.0,39.59,0.6066,LOW,EARLY,247.4465,244.4426,304.7863,0,-51.1729,WEAK,8.2568
1274,108,TRNS,TRANSCAT INC,Industrials,,small,80.32,22.73,0.1502,0.048,0.0701,FLAT,50.05,-10.1,-39.95,-42.92,47.6,47.89,3.0967,HIGH,-,74.6875,75.746,70.6302,1,-10.0351,LAGGARD,8.2139
1275,-94,SERV,SERVE ROBOTICS INC,Consumer Discretionary,,small,8.84,8.72,0.0093,-0.0666,-0.1216,STRONG_UP,-7.72,-30.12,240.0,-56.28,45.2,66.77,1.0926,MED,-,8.85,8.9392,10.8754,0,-20.3888,WEAK,8.1842
1276,-51,XYL,Xylem Inc.,Industrials,Industrial Machinery & Supplies & Components,large,110.1,21.07,-0.0162,-0.0802,-0.1485,STRONG_UP,-21.89,-11.3,-19.71,-30.04,50.8,26.45,0.7696,LOW,EARLY,112.065,118.2584,134.0544,0,-21.7086,WEAK,8.1526
1277,-92,NVCR,NOVOCURE LTD,Health Care,,small,16.99,18.77,-0.0456,0.3983,0.2529,FLAT,35.59,-12.29,-23.88,-48.3,45.6,80.9,0.8958,LOW,-,17.0627,13.8057,12.9447,1,-6.9257,LAGGARD,8.1514
1278,-26,TDOC,TELADOC HEALTH INC,Health Care,,small,6.59,23.37,0.0142,0.0948,0.2491,STRONG_DOWN,-9.1,-5.45,-41.99,-52.75,44.8,54.3,0.5498,LOW,-,6.599,5.9448,6.7935,0,-4.4981,WEAK,8.1396
1279,-25,FA,FIRST ADVANTAGE CORP,Industrials,,small,15.35,23.14,-0.029,0.1629,0.3334,STRONG_DOWN,12.78,-9.97,-8.9,-51.86,48.4,76.43,0.3327,LOW,-,14.6045,12.8421,13.7127,1,-6.314,LAGGARD,8.1145
1280,19,DEC,DIVERSIFIED ENERGY COMPANY,Energy,,small,14.54,11.24,-0.0523,-0.0525,0.0621,FLAT,2.42,9.83,19.47,-24.8,52.8,44.28,1.1194,MED,-,15.9585,16.143,14.3093,1,11.7184,LAGGARD,8.0958
1281,32,MMS,MAXIMUS INC,Industrials,,mid,62.03,20.25,-0.002,-0.0599,-0.1585,STRONG_UP,-28.58,-13.12,-24.26,-39.65,45.6,28.28,0.6543,LOW,EARLY,62.1804,64.6716,79.5757,0,-21.1492,WEAK,8.0763
1282,-3,EYE,NATIONAL VISION HOLDINGS INC,Consumer Discretionary,,small,16.59,18.79,-0.0616,-0.3151,-0.3574,STRONG_UP,-40.73,-13.77,17.66,-43.69,48.0,67.3,1.0172,MED,-,19.7585,23.3016,25.6498,0,-9.8235,WEAK,8.074
1283,40,WGO,WINNEBAGO INDUSTRIES INC,Consumer Discretionary,,small,29.91,26.17,-0.0214,-0.084,-0.2414,STRONG_UP,-11.99,-7.77,-46.26,-42.83,50.4,38.5,1.0816,MED,-,30.333,31.5435,36.1753,0,-10.1707,WEAK,8.0282
1284,-8,MWA,MUELLER WATER PRODUCTS INC SERIES,Industrials,,mid,25.67,32.64,-0.0241,-0.0986,-0.1285,STRONG_UP,9.04,5.54,42.72,-17.46,49.6,27.41,0.6851,LOW,EARLY,26.1815,27.3613,26.2719,0,10.0313,WEAK,8.0237
1285,53,WY,Weyerhaeuser,Real Estate,Timber REITs,large,24.51,22.35,0.0464,-0.0276,-0.0245,FLAT,16.03,-2.02,-12.48,-21.96,48.0,24.36,0.5667,LOW,-,23.5885,24.0152,24.0928,1,-3.9883,LAGGARD,8.0147
1286,-29,MCO,Moody's Corporation,Financials,Financial Exchanges & Data,large,451.56,18.47,0.0126,-0.0016,-0.0727,STRONG_UP,-5.25,-4.84,13.04,-23.61,52.0,26.0,0.648,LOW,SHIFT,447.2691,444.0777,475.993,0,-9.6854,WEAK,7.9893
1287,-69,TRMB,Trimble Inc.,Information Technology,Electronic Equipment & Instruments,large,54.88,21.76,-0.0709,-0.3263,-0.4573,STRONG_UP,-30.58,-23.26,-1.68,-35.99,53.2,31.77,1.1325,MED,EARLY,59.72,63.66,73.6605,0,-38.9421,WEAK,7.9818
1288,-49,ADSK,Autodesk,Information Technology,Application Software,large,237.0,23.83,-0.0787,-0.1407,-0.2464,STRONG_UP,-18.23,-20.8,12.62,-33.15,51.2,36.66,0.7764,LOW,EARLY,240.6475,239.3548,275.4387,0,-29.0451,WEAK,7.9708
1289,-79,GENI,GENIUS SPORTS LTD,Consumer Discretionary,,small,5.51,2.01,0.052,0.2734,-0.1037,FLAT,-39.72,-45.17,5.35,-71.07,45.6,79.34,0.5923,LOW,-,4.6555,4.5584,8.854,0,-25.9635,WEAK,7.9531
1290,-35,ACAD,ACADIA PHARMACEUTICALS INC,Health Care,,mid,21.19,23.75,0.0087,-0.0691,-0.1231,STRONG_UP,-11.34,-3.77,40.42,-27.58,46.8,39.7,0.3816,LOW,EARLY,21.688,21.7116,23.6073,0,-4.4434,WEAK,7.9319
1291,-63,EQT,EQT Corporation,Energy,Oil & Gas Exploration & Production,large,55.17,6.74,0.0131,-0.0301,-0.1408,STRONG_UP,-3.58,0.57,37.43,-18.56,50.4,28.07,0.5951,LOW,EARLY,57.37,59.5475,56.1682,0,1.0237,WEAK,7.8928
1292,28,PHR,PHREESIA INC,Health Care,,small,9.13,0.38,0.0289,-0.0346,-0.2427,STRONG_UP,-54.98,-60.82,-59.62,-75.24,48.4,74.45,1.022,MED,-,9.2945,9.5734,17.2938,0,-39.5362,WEAK,7.8891
1293,-136,ESS,Essex Property Trust,Real Estate,Multi-Family Residential REITs,large,276.83,29.41,-0.0019,0.0185,0.0326,STRONG_DOWN,8.59,3.51,16.72,-16.49,55.6,19.42,0.6306,LOW,-,269.522,256.746,254.3269,1,10.0557,LAGGARD,7.8889
1294,-47,MELI,Mercado Libre,Consumer Discretionary,Catalog/Specialty Distribution,large,1696.17,8.05,-0.0195,-0.0575,0.0093,FLAT,-15.57,-33.5,-0.69,-40.82,49.2,43.45,0.7772,LOW,PROGRESS,1687.7485,1725.7206,2032.6766,0,-37.9356,WEAK,7.8839
1295,-54,ARLO,ARLO TECHNOLOGIES INC,Information Technology,,small,13.21,31.09,-0.0392,-0.2063,-0.1911,FLAT,-2.72,-2.51,-3.15,-42.23,51.2,72.26,0.5461,LOW,-,13.622,13.9848,14.968,0,-1.7779,WEAK,7.8428
1296,1,AHCO,ADAPTHEALTH CORP,Health Care,,small,10.36,35.25,-0.0142,-0.2296,0.1583,FLAT,5.07,14.1,2.47,-22.65,48.4,47.54,0.4533,LOW,-,11.3275,11.6694,10.1547,1,14.3519,LAGGARD,7.7812
1297,-49,PNR,Pentair,Industrials,Industrial Machinery & Supplies & Components,large,72.45,9.92,-0.057,-0.1396,-0.2595,STRONG_UP,-30.02,-25.93,-6.3,-35.56,48.0,32.95,1.2865,MED,EARLY,75.9185,83.3113,99.1921,0,-37.7724,WEAK,7.7442
1298,-5,DIS,Walt Disney Company (The),Communication Services,Movies & Entertainment,large,104.18,31.82,-0.0099,0.0165,-0.0128,FLAT,2.89,-5.55,3.76,-24.97,45.6,25.62,0.5632,LOW,SHIFT,104.145,101.5068,108.069,0,-9.8758,WEAK,7.7247
1299,47,BKNG,Booking Holdings,Consumer Discretionary,"Hotels, Resorts & Cruise Lines",large,168.37,12.08,0.0271,-0.033,0.0276,FLAT,-13.3,-22.53,12.84,-33.35,50.4,39.25,1.0889,MED,PROGRESS,162.584,170.7431,194.6126,0,-28.9343,WEAK,7.7086
1300,57,SIGI,SELECTIVE INSURANCE GROUP INC,Financials,,mid,88.99,27.53,-0.0064,0.0553,0.0491,FLAT,15.14,5.38,-2.79,-18.18,54.4,29.66,0.8731,LOW,-,85.9058,81.3212,80.2687,1,9.8722,LAGGARD,7.6901
1301,-38,EXR,Extra Space Storage,Real Estate,Self-Storage REITs,large,144.43,28.24,0.0071,0.0093,-0.0432,FLAT,13.45,1.8,10.63,-16.7,51.6,24.03,0.3978,LOW,-,142.1875,139.016,137.4348,1,3.874,LAGGARD,7.6885
1302,9,HURN,HURON CONSULTING GROUP INC,Industrials,,mid,104.74,10.33,-0.0566,-0.2048,-0.2521,STRONG_UP,-35.0,-24.77,18.94,-44.54,53.6,44.47,0.6627,LOW,EARLY,115.0225,122.2962,146.947,0,-29.8578,WEAK,7.6806
1303,12,ACIW,ACI WORLDWIDE INC,Information Technology,,mid,42.32,30.05,-0.0729,-0.1867,-0.1983,STRONG_UP,-9.48,-8.52,21.75,-28.25,50.8,35.99,1.0489,MED,-,43.049,42.1386,45.5775,0,-12.0219,WEAK,7.6456
1304,-15,TGLS,TECNOGLASS INC,Industrials,,mid,43.09,1.65,0.0206,-0.0236,-0.0432,STRONG_UP,-7.09,-49.88,-18.78,-56.77,45.2,48.23,0.3019,LOW,SHIFT,40.983,42.5932,53.2857,0,-46.7463,WEAK,7.6205
1305,-55,RDN,RADIAN GROUP INC,Financials,,mid,35.31,29.27,-0.0648,-0.0066,-0.019,FLAT,1.55,6.94,22.02,-14.34,50.8,23.41,0.9345,LOW,-,36.679,35.1282,34.4633,1,15.0702,LAGGARD,7.5935
1306,-45,PYPL,PayPal,Financials,Transaction & Payment Processing Services,large,43.76,3.48,-0.0177,-0.1083,-0.0547,FLAT,-27.52,-38.42,-29.24,-49.92,48.0,32.25,0.8643,LOW,EARLY,46.0245,46.5782,56.8065,0,-57.1807,WEAK,7.585
1307,-3,AORT,ARTIVION INC,Health Care,,small,22.76,12.64,0.0012,-0.3774,-0.3854,STRONG_UP,-50.32,-23.52,-2.94,-53.33,51.6,70.77,0.6813,LOW,-,27.443,32.8484,40.1388,0,-17.1501,WEAK,7.5696
1308,119,FOXF,FOX FACTORY HOLDING CORP,Consumer Discretionary,,small,18.16,10.07,0.0644,0.0245,0.0241,STRONG_UP,28.79,-26.18,-59.36,-56.63,50.8,54.66,1.0839,MED,-,17.045,16.9818,19.9535,0,-24.3302,WEAK,7.5646
1309,-38,FIS,Fidelity National Information Services,Financials,Transaction & Payment Processing Services,large,42.02,2.79,-0.0195,-0.0823,-0.1886,STRONG_UP,-33.8,-46.1,-41.54,-48.19,45.6,35.74,0.6782,LOW,EARLY,44.1225,46.044,58.0124,0,-58.8224,WEAK,7.505
1310,4,RMD,ResMed,Health Care,Health Care Equipment,large,206.1,16.09,-0.0207,-0.0519,-0.179,STRONG_UP,-17.3,-14.97,1.36,-32.01,50.0,22.8,1.1009,MED,EARLY,206.3386,217.3487,248.5929,0,-32.8305,WEAK,7.4998
1311,-28,NOG,NORTHERN OIL AND GAS INC,Energy,,mid,21.35,3.37,-0.0541,-0.1866,-0.2415,STRONG_UP,1.57,-16.41,-40.51,-34.26,50.8,43.55,1.1343,MED,EARLY,24.527,26.3352,24.0542,0,-19.1441,WEAK,7.4589
1312,10,SAFE,SAFEHOLD INC,Real Estate,,small,14.98,30.59,0.0136,-0.0766,-0.1051,STRONG_UP,13.97,4.72,-13.96,-22.9,51.6,32.24,0.4287,LOW,-,14.873,14.7044,14.5644,1,7.5503,LAGGARD,7.4131
1313,-7,EPAM,EPAM Systems,Information Technology,IT Consulting & Other Services,mid,101.68,11.92,-0.0766,-0.2591,-0.5281,STRONG_UP,-44.51,-41.68,-42.64,-59.49,51.2,39.78,0.5443,LOW,EARLY,102.3895,119.185,160.6533,0,-53.6461,WEAK,7.3813
1314,-20,HNI,HNI CORP,Industrials,,mid,31.61,8.68,0.005,-0.1797,-0.2838,STRONG_UP,-21.1,-30.31,-26.08,-43.91,45.6,46.22,0.5918,LOW,EARLY,32.756,34.4088,41.4365,0,-29.9079,WEAK,7.3798
1315,-59,EG,Everest Group,Financials,Reinsurance,large,343.33,24.04,-0.0459,-0.0007,0.0043,STRONG_DOWN,11.45,2.95,-8.63,-16.43,52.4,19.19,0.5508,LOW,-,351.637,340.46,333.226,1,8.0419,LAGGARD,7.3773
1316,51,BXMT,BLACKSTONE MORTGAGE TRUST REIT CLA,Financials,,mid,18.58,32.75,0.0308,-0.0613,-0.0491,FLAT,4.16,8.8,33.25,-12.02,50.4,26.13,0.94,LOW,-,18.5535,18.9479,18.4593,1,16.9786,LAGGARD,7.3763
1317,-53,CHD,Church & Dwight,Consumer Staples,Household Products,large,98.01,48.39,0.0034,0.0087,0.0195,STRONG_DOWN,19.21,1.36,-3.58,-17.63,51.6,21.69,0.8731,LOW,-,94.8768,94.5434,91.128,1,3.2393,LAGGARD,7.3702
1318,1,CHCO,CITY HOLDING,Financials,,small,124.52,31.71,0.0014,-0.001,-0.0004,FLAT,4.64,8.4,29.66,-11.76,47.2,16.89,0.6571,LOW,-,122.974,122.6104,121.5764,1,23.4843,LAGGARD,7.3698
1319,-32,URBN,URBAN OUTFITTERS INC,Consumer Discretionary,,mid,75.15,33.56,0.0029,0.0747,0.1279,STRONG_DOWN,20.78,0.55,80.09,-26.32,46.4,38.35,0.8394,LOW,-,70.3435,68.457,70.3618,1,0.6637,LAGGARD,7.3495
1320,-51,BXP,"BXP, Inc.",Real Estate,Office REITs,mid,60.72,14.12,0.0055,0.0115,-0.0266,FLAT,-12.0,-6.05,15.95,-33.56,52.4,28.41,0.277,LOW,SHIFT,59.266,56.1598,64.0782,0,-11.1522,WEAK,7.3078
1321,-39,WTW,Willis Towers Watson,Financials,Insurance Brokers,large,254.04,10.8,-0.0039,-0.1165,-0.192,STRONG_UP,-19.5,-17.35,3.79,-30.39,50.4,33.51,0.8221,LOW,EARLY,255.9705,276.1838,310.1907,0,-26.0923,WEAK,7.2793
1322,-19,CLX,Clorox,Consumer Staples,Household Products,large,97.11,17.74,0.014,-0.0019,-0.1604,STRONG_UP,-5.9,-22.03,-18.64,-31.75,48.8,36.52,0.7727,LOW,PROGRESS,92.005,98.0308,107.9361,0,-29.4364,WEAK,7.2607
1323,-55,MGNI,MAGNITE INC,Communication,,small,13.35,16.67,-0.0055,0.035,-0.1441,FLAT,-9.43,-18.99,7.06,-57.77,52.4,52.63,0.7058,LOW,-,13.3185,12.8164,16.2302,0,-18.9097,WEAK,7.2481
1324,-15,NSP,INSPERITY INC,Industrials,,small,32.95,3.31,0.009,-0.0792,0.4972,FLAT,1.36,-45.23,-63.0,-67.43,47.2,80.66,0.8692,LOW,-,31.396,29.3594,36.8074,0,-26.4687,WEAK,7.2446
1325,9,AMCR,Amcor,Materials,Paper & Plastic Packaging Products & Materials,large,39.67,8.82,-0.0053,0.0345,-0.1679,FLAT,-5.1,-10.98,-14.02,-26.51,48.8,39.84,0.6243,LOW,SHIFT,38.466,39.418,41.6374,0,-13.4546,WEAK,7.2302
1326,-94,SKYW,SKYWEST INC,Industrials,,mid,86.64,18.6,0.0068,0.0323,-0.186,FLAT,-9.93,-14.66,19.92,-36.63,46.0,41.74,0.8323,LOW,PROGRESS,84.099,88.9456,99.506,0,-16.1531,WEAK,7.2286
1327,-53,MGRC,MCGRATH RENT,Industrials,,mid,111.68,28.93,-0.0167,-0.0836,-0.0071,FLAT,13.03,-0.01,4.82,-24.87,49.2,29.71,0.4196,LOW,EARLY,112.503,111.7579,111.7117,0,-0.0168,WEAK,7.2254
1328,21,HLMN,HILLMAN SOLUTIONS CORP,Industrials,,small,7.51,30.17,0.0096,-0.1124,-0.0943,FLAT,-10.06,2.46,-17.92,-34.45,42.8,36.69,0.9379,LOW,-,7.579,8.082,8.9617,0,2.8646,WEAK,7.2037
1329,4,CPK,CHESAPEAKE UTILITIES CORP,Utilities,,mid,125.85,21.15,-0.0207,-0.0022,-0.0428,FLAT,-7.51,6.9,21.5,-12.54,52.4,19.29,0.6641,LOW,EARLY,126.422,126.9578,128.1251,0,18.7497,WEAK,7.1879
1330,-65,COST,Costco,Consumer Staples,Consumer Staples Merchandise Retail,large,1003.69,46.77,-0.0827,0.007,0.0897,STRONG_DOWN,13.59,-0.38,24.77,-19.35,48.0,20.1,0.7486,LOW,-,1027.1266,1006.9968,955.1707,1,-0.8957,LAGGARD,7.1773
1331,-23,LADR,LADDER CAPITAL CORP CLASS A,Financials,,small,10.24,28.57,0.0192,-0.0128,-0.023,STRONG_UP,-0.81,6.5,10.43,-14.68,50.0,18.97,0.7646,LOW,-,10.1335,10.0375,10.3612,0,17.1374,WEAK,7.1648
1332,-4,MOS,Mosaic Company (The),Materials,Fertilizers & Agricultural Chemicals,mid,23.72,0.0,0.0499,0.0384,-0.1006,STRONG_UP,3.33,-31.45,-18.08,-42.01,46.0,52.83,0.946,LOW,PROGRESS,22.3786,23.8726,27.0171,0,-27.3835,WEAK,7.1645
1333,10,KFY,KORN FERRY,Industrials,,mid,68.57,31.82,0.0014,0.0071,0.1194,STRONG_DOWN,8.18,4.0,8.47,-21.05,48.4,25.87,0.5182,LOW,-,66.361,64.7467,66.3802,1,7.4916,LAGGARD,7.1548
1334,-4,TIC,TIC SOLUTIONS INC,Industrials,,small,8.35,10.74,-0.0615,-0.0726,-0.1353,STRONG_UP,-10.7,-24.09,-30.42,-54.66,47.6,56.11,0.3858,LOW,-,9.124,8.2576,10.1696,0,-20.4371,WEAK,7.1451
1335,-90,CCOI,COGENT COMMUNICATIONS HOLDINGS INC,Communication,,small,21.62,0.0,0.1913,-0.1071,0.0357,FLAT,26.25,-52.32,-60.04,-69.3,52.4,95.22,0.778,LOW,-,18.2318,19.7791,26.6795,0,-28.7924,WEAK,7.1246
1336,-56,WKC,WORLD KINECT CORP,Energy,,small,28.78,10.11,0.0484,0.1123,0.0908,FLAT,22.67,7.74,21.77,-22.53,52.4,30.59,0.4992,LOW,-,27.934,25.2944,25.1128,1,13.2637,LAGGARD,7.1243
1337,-36,WOR,WORTHINGTON ENTERPRISES INC,Industrials,,mid,56.08,27.69,-0.0076,-0.0069,0.0047,STRONG_DOWN,4.06,-3.58,0.97,-29.83,50.8,33.35,0.3651,LOW,-,54.626,53.4284,55.6651,1,-5.453,LAGGARD,7.1153
1338,47,AOS,A. O. Smith,Industrials,Building Products,mid,58.01,25.21,-0.0101,-0.1011,-0.2268,STRONG_UP,-8.54,-7.78,-26.91,-30.08,47.6,28.65,0.844,LOW,EARLY,58.5415,62.251,68.0174,0,-12.9316,WEAK,7.0981
1339,-29,CDRE,CADRE HOLDINGS INC,Industrials,,small,30.7,27.27,0.0208,0.0235,-0.278,FLAT,-24.35,-4.88,-6.1,-40.57,51.6,64.59,0.4539,LOW,-,29.8854,30.7081,37.0283,0,-3.8955,WEAK,7.0891
1340,-5,CXW,CORECIVIC REIT INC,Industrials,,mid,21.19,28.1,-0.0429,0.0168,0.2326,STRONG_DOWN,22.2,-3.2,39.68,-28.41,48.0,41.28,0.4472,LOW,-,20.748,20.3196,19.3292,1,-3.7184,LAGGARD,7.0277
1341,3,ALL,Allstate,Financials,Property & Casualty Insurance,large,208.85,25.78,-0.063,-0.0248,-0.0322,FLAT,-0.69,3.92,31.93,-11.48,52.8,20.15,0.6491,LOW,-,216.4205,212.9106,205.7403,1,10.2685,LAGGARD,6.9345
1342,-51,MKC,McCormick & Company,Consumer Staples,Packaged Foods & Meats,large,47.55,8.06,0.0019,-0.0784,-0.2427,STRONG_UP,-27.81,-31.44,-29.78,-39.5,48.8,33.63,0.5589,LOW,EARLY,47.749,50.3104,61.8969,0,-45.6219,WEAK,6.9292
1343,-53,T,AT&T,Communication Services,Integrated Telecommunication Services,large,24.89,36.36,-0.0124,-0.0587,-0.0839,STRONG_UP,-0.68,-5.54,58.26,-20.59,49.6,24.17,0.8943,LOW,EARLY,25.218,26.372,26.0538,0,-11.3703,WEAK,6.8967
1344,-32,ENR,ENERGIZER HOLDINGS INC,Consumer Staples,,small,18.63,29.03,0.1067,-0.0443,-0.0707,STRONG_UP,8.78,-13.42,-27.09,-43.62,48.4,50.34,0.7272,LOW,-,17.693,17.7561,21.0061,0,-12.9038,WEAK,6.8887
1345,-87,ZBH,Zimmer Biomet,Health Care,Health Care Equipment,large,82.56,19.54,-0.0358,-0.0068,-0.1634,FLAT,-11.24,-9.61,-27.65,-25.54,51.6,33.38,0.5945,LOW,EARLY,83.3005,88.0167,93.5776,0,-14.8517,WEAK,6.8526
1346,-28,AMPL,AMPLITUDE INC CLASS A,Information Technology,,small,6.88,9.33,0.0108,-0.1753,-0.3204,STRONG_UP,-31.06,-45.4,-27.66,-57.79,46.0,73.33,1.0723,MED,-,6.737,6.7462,9.2351,0,-28.4775,WEAK,6.8275
1347,-62,AI,C3 AI INC CLASS A,Information Technology,,small,9.59,3.11,-0.018,-0.0807,-0.1199,STRONG_UP,-29.07,-58.34,-60.21,-73.39,46.8,69.18,0.7107,LOW,-,9.1895,8.8806,13.2198,0,-39.4672,WEAK,6.8233
1348,56,SCL,STEPAN,Materials,,small,53.64,16.18,0.0111,0.0925,0.0728,FLAT,24.05,0.38,-34.04,-32.78,54.8,30.33,0.47,LOW,-,51.249,50.4636,49.3607,1,0.6844,LAGGARD,6.8094
1349,-49,ERIE,Erie Indemnity,Financials,Insurance Brokers,large,220.71,4.53,-0.01,-0.03,-0.1926,STRONG_UP,-23.56,-35.43,-39.7,-42.22,49.2,33.89,0.3926,LOW,PROGRESS,218.29,234.6101,281.4366,0,-51.4346,WEAK,6.7878
1350,-45,EFX,Equifax,Industrials,Research & Consulting Services,large,163.69,5.79,-0.0372,-0.0574,-0.1906,STRONG_UP,-21.43,-36.9,-29.61,-41.59,49.6,36.29,0.5267,LOW,EARLY,166.5821,174.8984,208.4787,0,-50.4288,WEAK,6.763
1351,14,DOLE,DOLE PLC,Consumer Staples,,small,14.48,53.23,-0.0228,-0.0384,-0.0083,FLAT,3.88,5.58,21.38,-15.18,52.0,24.57,0.977,LOW,-,14.659,14.7557,14.417,1,11.8124,CONTENDER,6.7549
1352,-4,SYK,Stryker Corporation,Health Care,Health Care Equipment,large,305.94,14.18,-0.0511,-0.052,-0.1885,STRONG_UP,-16.93,-18.8,-8.12,-29.45,47.2,28.58,1.3126,MED,PROGRESS,303.796,322.0613,355.8173,0,-31.0419,WEAK,6.752
1353,-14,TDG,TransDigm Group,Industrials,Aerospace & Defense,large,1240.91,23.97,0.0023,0.062,-0.0388,FLAT,-7.1,-9.19,6.24,-25.3,52.8,30.87,0.9177,LOW,SHIFT,1192.848,1193.1948,1287.1444,0,-15.7258,WEAK,6.7009
1354,-29,AMT,American Tower,Real Estate,Telecom Tower REITs,large,184.98,10.59,-0.0032,0.022,-0.023,FLAT,5.05,-9.72,7.09,-26.67,52.4,25.99,0.6284,LOW,-,179.556,176.9659,181.113,1,-19.599,LAGGARD,6.7006
1355,-14,ALG,ALAMO GROUP INC,Industrials,,mid,153.84,12.81,-0.0225,-0.1024,-0.2711,STRONG_UP,-3.42,-22.72,-18.53,-36.3,45.6,45.32,0.7928,LOW,EARLY,158.2625,165.0942,182.6108,0,-22.8578,WEAK,6.6958
1356,27,APOG,APOGEE ENTERPRISES INC,Industrials,,small,37.6,29.34,0.0625,0.011,-0.0342,STRONG_UP,8.5,0.21,-40.04,-29.12,47.6,38.65,0.4563,LOW,-,35.5149,34.7379,37.6248,0,0.2586,WEAK,6.6954
1357,-76,BR,Broadridge Financial Solutions,Industrials,Data Processing & Outsourced Services,large,147.1,4.96,-0.0476,-0.0878,-0.1759,STRONG_UP,-34.34,-37.71,-22.51,-45.55,46.4,29.85,0.7398,LOW,EARLY,150.329,157.4552,204.8948,0,-58.6115,WEAK,6.6691
1358,-91,ORLY,O’Reilly Automotive,Consumer Discretionary,Automotive Retail,large,89.02,30.87,-0.0814,-0.0319,0.0097,STRONG_DOWN,-10.08,-1.64,39.46,-19.03,52.0,27.64,1.1679,MED,EARLY,92.4485,92.0288,96.7081,0,-3.0848,WEAK,6.6259
1359,3,ITRI,ITRON INC,Information Technology,,mid,85.3,20.73,-0.0029,-0.1694,-0.3738,STRONG_UP,-11.85,-24.7,-22.48,-43.64,52.8,36.72,0.5788,LOW,PROGRESS,82.3625,88.0242,103.2943,0,-35.5161,WEAK,6.5993
1360,-15,CME,CME Group,Financials,Financial Exchanges & Data,large,279.1,23.0,-0.0418,-0.009,-0.1157,FLAT,4.14,1.33,45.42,-12.46,54.4,23.9,1.2269,MED,-,289.9985,294.3776,277.3273,1,3.0272,LAGGARD,6.5988
1361,-37,CSW,CSW INDUSTRIALS INC,Industrials,,mid,289.18,26.86,0.0669,-0.0223,-0.0129,FLAT,11.03,-5.22,12.52,-25.35,54.0,42.21,0.7818,LOW,-,272.5875,275.1807,274.6268,1,-6.6807,LAGGARD,6.5927
1362,-30,APPN,APPIAN CORP CLASS A,Information Technology,,small,21.64,18.13,-0.0374,-0.1567,-0.4701,STRONG_UP,-47.6,-30.71,-27.53,-58.98,49.2,52.95,0.6221,LOW,-,21.385,22.3843,29.4351,0,-28.5329,WEAK,6.5891
1363,-13,CNK,CINEMARK HOLDINGS INC,Communication,,mid,27.18,20.83,0.0038,-0.072,-0.114,STRONG_UP,-2.2,-17.05,61.48,-34.65,48.8,33.73,0.6942,LOW,-,27.0685,28.132,26.4892,1,-24.6657,LAGGARD,6.5684
1364,-3,ESNT,ESSENT GROUP LTD,Financials,,mid,59.45,25.44,-0.0457,-0.0652,-0.0424,FLAT,-4.28,3.87,10.38,-13.93,51.6,22.25,1.02,MED,EARLY,61.0635,60.6072,61.5667,0,8.9852,WEAK,6.5163
1365,-23,QTWO,Q2 HOLDINGS INC,Information Technology,,mid,44.91,6.74,-0.0975,-0.2545,-0.3337,STRONG_UP,-36.58,-48.69,-27.96,-53.08,43.6,44.33,0.52,LOW,EARLY,48.185,48.4518,62.6781,0,-47.8843,WEAK,6.5009
1366,46,ROL,"Rollins, Inc.",Industrials,Environmental & Facilities Services,large,50.38,22.31,-0.0878,-0.107,-0.1371,STRONG_UP,-15.66,-10.1,11.89,-22.71,50.8,22.31,2.3221,HIGH,EARLY,53.6093,53.9793,57.4322,0,-23.0047,WEAK,6.4865
1367,-72,UDR,"UDR, Inc.",Real Estate,Multi-Family Residential REITs,large,38.03,21.18,-0.0031,0.0354,-0.0218,FLAT,9.35,-2.06,8.66,-18.18,49.6,19.64,0.5101,LOW,-,37.184,35.5268,35.789,1,-5.2104,LAGGARD,6.4271
1368,-52,HIG,Hartford (The),Financials,Property & Casualty Insurance,large,131.69,24.74,-0.0404,-0.041,-0.0812,STRONG_UP,-2.78,3.62,35.78,-9.16,51.6,19.19,0.8734,LOW,EARLY,134.4395,135.6536,133.4673,0,9.729,WEAK,6.4216
1369,-22,NTGR,NETGEAR INC,Information Technology,,small,25.8,25.39,0.0047,-0.1133,-0.0025,FLAT,1.65,-14.26,89.57,-44.82,47.6,49.09,0.6335,LOW,-,25.5305,24.4808,25.663,1,-13.8245,LAGGARD,6.4133
1370,-41,AVPT,AVEPOINT INC CLASS A,Information Technology,,mid,10.05,8.81,-0.0804,-0.1458,-0.2934,STRONG_UP,-20.24,-45.94,10.32,-54.04,52.4,47.55,0.5406,LOW,-,10.2225,9.9931,12.6071,0,-50.6243,WEAK,6.3932
1371,20,FFIN,FIRST FINANCIAL BANKSHARES INC,Financials,,mid,32.47,18.82,0.0078,0.0042,-0.0418,STRONG_UP,6.19,-4.81,12.55,-23.37,48.4,26.44,0.7947,LOW,-,31.996,31.1916,32.0614,1,-8.8129,LAGGARD,6.3806
1372,-32,PRCT,PROCEPT BIOROBOTICS CORP,Health Care,,small,26.46,1.15,-0.0615,0.1454,0.1371,FLAT,-11.83,-54.88,-58.96,-66.63,43.6,79.77,0.579,LOW,-,26.062,25.3356,31.128,0,-29.9943,WEAK,6.36
1373,0,KVUE,Kenvue,Consumer Staples,Personal Care Products,large,17.69,19.35,0.0051,0.0165,0.0133,FLAT,8.05,-21.39,-0.21,-40.32,49.2,19.91,1.2017,MED,-,17.2787,17.2353,17.1538,1,-52.8568,LAGGARD,6.3501
1374,16,CNXN,PC CONNECTION INC,Information Technology,,small,67.0,34.72,-0.0144,-0.0935,-0.1601,STRONG_UP,17.9,3.38,1.28,-17.13,50.0,23.79,0.8796,LOW,-,64.7931,62.4385,60.8271,1,7.0981,LAGGARD,6.3482
1375,-9,ISRG,Intuitive Surgical,Health Care,Health Care Equipment,large,418.55,11.88,-0.0707,-0.1069,-0.1574,STRONG_UP,-26.37,-24.23,4.37,-29.4,47.2,32.02,1.5356,HIGH,EARLY,441.2615,456.1886,495.5495,0,-35.7199,WEAK,6.3016
1376,-24,SPSC,SPS COMMERCE INC,Information Technology,,mid,53.02,2.07,-0.0648,-0.1909,-0.3355,STRONG_UP,-34.65,-62.86,-72.38,-65.58,47.6,44.51,0.726,LOW,EARLY,54.2755,55.338,82.0883,0,-67.2247,WEAK,6.2955
1377,-56,AMPH,AMPHASTAR PHARMACEUTICALS INC,Health Care,,small,19.1,11.49,0.0536,-0.1285,-0.2621,STRONG_UP,-28.49,-24.39,-54.5,-45.25,50.8,77.41,0.761,LOW,-,19.7275,20.2218,24.882,0,-16.0035,WEAK,6.2906
1378,25,ABG,ASBURY AUTOMOTIVE GROUP INC,Consumer Discretionary,,mid,193.96,17.45,0.0152,-0.037,-0.0776,STRONG_UP,-13.33,-15.15,-16.55,-33.72,50.4,29.75,1.0454,MED,PROGRESS,192.4225,196.0988,226.0132,0,-25.6711,WEAK,6.2742
1379,10,ROCK,GIBRALTAR INDUSTRIES INC,Industrials,,small,39.5,7.44,0.0903,-0.0306,-0.1774,STRONG_UP,-17.95,-33.32,-45.81,-54.65,46.4,54.81,1.1451,MED,-,37.5095,38.9972,51.7293,0,-28.2092,WEAK,6.2677
1380,-27,GERN,GERON CORP,Health Care,,small,1.26,17.24,-0.0028,-0.1694,-0.2195,STRONG_UP,8.62,-13.1,-62.39,-37.44,44.0,65.61,0.4458,LOW,-,1.398,1.5152,1.4069,0,-8.7876,WEAK,6.2666
1381,-7,CALM,CAL MAINE FOODS INC,Consumer Staples,,mid,76.03,27.42,-0.0458,-0.0199,-0.0245,FLAT,-9.3,-14.39,42.06,-37.0,50.8,31.37,0.8892,LOW,EARLY,76.8605,77.3627,86.335,0,-23.2958,WEAK,6.2457
1382,-31,PD,PAGERDUTY INC,Information Technology,,small,7.19,3.63,-0.0473,-0.0799,-0.2461,STRONG_UP,-51.62,-55.06,-63.48,-66.63,42.4,65.15,0.3731,LOW,-,7.014,6.676,11.5327,0,-35.835,WEAK,6.2418
1383,3,CPT,Camden Property Trust,Real Estate,Multi-Family Residential REITs,large,108.09,18.82,0.0087,0.0055,-0.0416,STRONG_UP,5.48,-2.66,14.8,-16.05,52.8,19.88,0.7322,LOW,-,105.203,102.2024,103.7318,1,-7.0763,LAGGARD,6.2086
1384,-12,UFPT,UFP TECHNOLOGIES INC,Health Care,,small,226.37,25.67,0.0045,0.1559,0.0669,FLAT,1.98,-1.12,-12.45,-30.69,49.2,45.5,0.8898,LOW,-,215.6285,203.7832,217.0114,1,-1.2139,LAGGARD,6.2065
1385,-97,ITGR,INTEGER HOLDINGS CORP,Health Care,,mid,88.97,10.73,-0.0303,0.0476,0.0427,FLAT,24.92,-25.48,-26.71,-48.51,52.4,31.75,0.8896,LOW,-,87.7915,86.9386,87.43,1,-42.0512,LAGGARD,6.1015
1386,13,UPBD,UPBOUND GROUP INC,Consumer Discretionary,,small,18.89,22.15,0.0332,-0.013,-0.0897,STRONG_UP,12.76,-11.34,-30.89,-40.17,46.4,40.2,0.8668,LOW,-,18.1885,18.3088,19.5943,0,-13.0846,WEAK,6.1009
1387,-151,AZO,AutoZone,Consumer Discretionary,Automotive Retail,large,3027.48,15.44,-0.1613,-0.1544,-0.1388,STRONG_DOWN,-21.4,-19.15,8.12,-30.48,48.8,35.17,1.4528,MED,EARLY,3422.3705,3443.7564,3730.1786,0,-26.5672,WEAK,6.0988
1388,-24,BRO,Brown & Brown,Financials,Insurance Brokers,large,56.81,2.09,-0.0146,-0.0875,-0.2187,STRONG_UP,-27.94,-48.3,-34.19,-51.62,46.8,30.78,0.8861,LOW,EARLY,57.3089,62.6878,77.3605,0,-73.4414,WEAK,6.0987
1389,-62,KR,Kroger,Consumer Staples,Food Retail,large,64.69,40.32,-0.0754,-0.0366,0.039,STRONG_DOWN,1.66,-2.44,28.96,-19.44,46.8,29.36,0.688,LOW,EARLY,66.5459,68.5978,66.3886,0,-3.887,WEAK,6.0869
1390,-3,UFPI,UFP INDUSTRIES INC,Industrials,,mid,82.68,19.42,0.0002,-0.1504,-0.1931,STRONG_UP,-7.33,-13.9,-27.58,-31.29,43.6,31.12,0.854,LOW,EARLY,82.9455,88.88,94.9362,0,-19.4726,WEAK,6.0852
1391,-23,INVH,Invitation Homes,Real Estate,Single-Family Residential REITs,large,29.41,11.76,-0.0002,0.0303,0.0995,STRONG_DOWN,6.96,-7.62,-6.93,-26.13,47.6,21.25,0.777,LOW,-,28.7485,26.9682,27.2733,1,-17.0648,LAGGARD,6.0478
1392,-21,CMCSA,Comcast,Communication Services,Cable & Satellite,large,25.22,18.18,0.0076,-0.1013,-0.1728,STRONG_UP,4.09,-18.89,-24.67,-25.72,49.2,37.8,0.7911,LOW,EARLY,25.6335,27.3776,28.0021,0,-24.5837,WEAK,5.9862
1393,1,FUN,SIX FLAGS ENTERTAINMENT CORP,Consumer Discretionary,,small,20.5,2.68,0.0019,0.1243,0.2275,STRONG_DOWN,41.97,-40.63,-52.88,-62.93,50.4,68.29,1.1151,MED,-,19.7505,18.8316,18.9878,1,-29.9871,LAGGARD,5.9837
1394,13,FDS,FactSet,Financials,Financial Exchanges & Data,mid,235.73,2.44,0.0501,0.0375,0.0875,FLAT,-12.46,-48.04,-43.47,-58.8,50.0,44.2,0.626,LOW,SHIFT,221.688,220.3012,266.3187,0,-54.3447,WEAK,5.9649
1395,-19,UBER,Uber,Industrials,Passenger Ground Transportation,large,70.73,14.46,-0.0854,-0.0596,-0.0374,STRONG_DOWN,-15.49,-19.86,11.35,-30.89,48.8,34.54,1.3508,MED,EARLY,74.4735,74.0712,83.8911,0,-28.0618,WEAK,5.9414
1396,-19,VICI,Vici Properties,Real Estate,Hotel & Resort REITs,large,28.63,17.65,-0.0003,-0.0158,-0.0558,STRONG_UP,2.95,-3.63,13.64,-17.88,50.0,19.0,0.8314,LOW,SHIFT,28.501,28.1284,29.0338,0,-9.5411,WEAK,5.924
1397,-38,ADP,Automatic Data Processing,Industrials,Human Resource & Employment Services,large,217.65,8.26,-0.0473,0.0795,0.0253,FLAT,-11.69,-31.16,-6.32,-40.78,48.4,30.86,0.5981,LOW,SHIFT,214.992,207.076,246.633,0,-48.8776,WEAK,5.9049
1398,-136,STZ,Constellation Brands,Consumer Staples,Distillers & Vintners,large,143.72,24.19,-0.0666,-0.0772,-0.0065,FLAT,10.23,-17.41,-38.66,-27.99,44.8,31.08,0.9647,LOW,EARLY,147.6915,151.9499,146.0719,0,-25.09,WEAK,5.8862
1399,-43,COUR,COURSERA INC,Consumer Discretionary,,small,5.32,4.03,-0.0334,-0.1843,-0.1695,FLAT,-32.06,-39.82,-32.23,-59.92,52.8,69.49,1.0422,MED,-,5.634,5.8098,7.888,0,-30.2553,WEAK,5.8823
1400,-64,AGYS,AGILYSYS INC,Information Technology,,small,79.37,20.21,-0.076,0.0444,-0.1795,FLAT,-34.4,-25.02,-20.51,-55.93,52.0,51.88,0.6699,LOW,-,71.7635,69.6982,97.8576,0,-25.0744,WEAK,5.8457
1401,-43,STE,Steris,Health Care,Health Care Equipment,large,212.87,18.39,-0.0171,-0.0352,-0.1474,STRONG_UP,-18.88,-12.46,-3.04,-24.67,48.8,25.84,0.5034,LOW,EARLY,213.2645,218.237,241.4033,0,-23.5328,WEAK,5.8207
1402,0,VYX,NCR VOYIX CORP,Information Technology,,small,6.56,12.44,-0.0375,-0.222,-0.4655,STRONG_UP,-33.74,-40.74,-50.71,-57.96,48.0,62.87,0.9208,LOW,-,7.017,6.7784,9.8259,0,-31.1047,WEAK,5.7932
1403,3,VERX,VERTEX INC CLASS A,Information Technology,,small,12.54,0.0,-0.1232,-0.157,-0.4166,STRONG_UP,-35.89,-68.29,-61.77,-74.21,44.0,65.84,0.6926,LOW,-,13.2315,12.5756,18.6575,0,-45.6341,WEAK,5.7438
1404,10,GPI,GROUP AUTOMOTIVE INC,Consumer Discretionary,,mid,331.7,12.75,0.0067,-0.0418,0.0286,FLAT,-16.82,-22.0,8.21,-38.91,47.2,34.05,1.3996,MED,EARLY,334.45,332.5986,385.1489,0,-30.491,WEAK,5.7138
1405,-68,EQR,Equity Residential,Real Estate,Multi-Family Residential REITs,large,66.63,25.88,-0.0031,0.0078,0.0194,STRONG_DOWN,12.61,0.88,11.84,-14.7,50.4,20.1,0.8742,LOW,-,65.7,62.5157,61.4917,1,2.2095,LAGGARD,5.7123
1406,19,MMI,MARCUS & MILLICHAP INC,Real Estate,,small,28.32,27.06,-0.0165,-0.0274,0.0434,FLAT,-2.94,1.18,-10.19,-24.06,49.2,24.29,0.7548,LOW,-,28.7405,27.5424,28.1749,1,2.3921,LAGGARD,5.6955
1407,-27,UPWK,UPWORK INC,Industrials,,small,8.64,4.13,-0.0359,-0.1816,-0.3592,STRONG_UP,-53.42,-44.62,-20.0,-63.46,48.0,58.89,0.6527,LOW,-,9.183,10.3228,15.5725,0,-36.3651,WEAK,5.6728
1408,35,PRKS,UNITED PARKS AND RESORTS INC,Consumer Discretionary,,small,39.62,16.11,0.0968,0.151,0.1355,FLAT,17.46,-16.92,-20.87,-46.15,48.4,51.6,0.8121,LOW,-,35.905,34.7406,40.2332,0,-15.8724,WEAK,5.6646
1409,2,PAYX,Paychex,Industrials,Human Resource & Employment Services,large,94.425,5.37,-0.0388,0.0378,0.0326,FLAT,-12.08,-37.38,-15.91,-44.95,46.0,29.6,0.6375,LOW,SHIFT,92.7504,91.1867,107.3907,0,-58.0896,WEAK,5.652
1410,-31,JBI,JANUS INTERNATIONAL GROUP INC,Industrials,,small,5.29,7.02,0.0183,-0.0397,-0.239,STRONG_UP,-11.39,-35.33,-63.64,-55.62,45.6,55.43,0.4112,LOW,-,5.0915,5.231,7.3217,0,-29.0646,WEAK,5.6395
1411,-36,LKFN,LAKELAND FINANCIAL CORP,Financials,,small,60.22,25.09,0.0038,-0.0134,-0.007,FLAT,5.4,3.69,5.23,-18.57,48.0,22.77,0.5879,LOW,-,60.058,59.0152,59.4973,1,7.771,LAGGARD,5.6383
1412,3,PZZA,PAPA JOHNS INTERNATIONAL INC,Consumer Discretionary,,small,33.24,13.42,-0.0189,-0.0827,0.1248,FLAT,-15.64,-20.02,-22.83,-43.11,49.6,62.58,1.2958,MED,-,33.3182,34.1665,38.9983,0,-15.8689,WEAK,5.6325
1413,0,PAYC,Paycom,Industrials,Human Resource & Employment Services,mid,132.28,2.07,-0.0723,0.0494,0.0451,FLAT,-16.46,-48.54,-19.37,-56.97,48.4,43.99,0.4049,LOW,-,134.0997,127.2881,161.5511,0,-53.4033,WEAK,5.6174
1414,-44,PRVA,PRIVIA HEALTH GROUP INC,Health Care,,mid,21.74,22.61,-0.0649,-0.1287,-0.1104,FLAT,-9.34,-5.77,25.81,-24.17,46.0,36.25,0.7819,LOW,EARLY,23.404,22.7584,23.2346,0,-7.3157,WEAK,5.5593
1415,3,DPZ,Domino's,Consumer Discretionary,Restaurants,large,311.72,7.38,-0.0602,-0.0885,-0.1813,STRONG_UP,-21.88,-34.38,-36.86,-36.93,44.8,32.22,0.6052,LOW,EARLY,319.1165,347.5276,398.3938,0,-47.808,WEAK,5.5516
1416,-32,BAX,Baxter International,Health Care,Health Care Equipment,mid,19.33,6.9,0.0271,0.0739,-0.0332,FLAT,6.43,-35.93,-40.57,-49.79,50.0,40.97,0.8352,LOW,SHIFT,17.857,17.5416,20.026,0,-43.8436,WEAK,5.5463
1417,-29,JBGS,JBG SMITH PROPERTIES,Real Estate,,small,14.82,8.24,0.0332,-0.053,-0.0858,STRONG_UP,-16.95,-10.48,15.34,-40.48,46.4,32.06,0.568,LOW,-,14.7094,14.7972,17.3995,0,-15.1708,WEAK,5.5338
1418,-16,SYBT,STOCK YARDS BANCORP INC,Financials,,small,71.95,21.6,0.0093,-0.0055,0.0646,FLAT,10.68,-0.54,63.56,-24.16,45.6,22.85,1.2455,MED,-,71.1955,69.3886,68.9885,1,-1.0821,LAGGARD,5.5014
1419,-24,AGM,FEDERAL AGRICULTURAL MORTGAGE NON,Financials,,small,177.85,21.25,0.0107,0.0283,0.0896,STRONG_DOWN,8.27,-0.64,9.22,-31.94,51.6,29.08,0.7224,LOW,-,175.692,164.1618,169.2875,1,-1.1309,LAGGARD,5.4902
1420,-66,AVB,AvalonBay Communities,Real Estate,Multi-Family Residential REITs,large,186.23,16.47,-0.0109,-0.0003,0.0157,STRONG_DOWN,5.37,-4.2,3.9,-20.87,52.0,20.73,0.5169,LOW,-,184.904,174.6701,177.9795,1,-10.5388,LAGGARD,5.4656
1421,-1,USPH,US PHYSICAL THERAPY INC,Health Care,,small,64.17,18.01,0.0358,-0.1127,-0.1635,STRONG_UP,-9.05,-12.77,-33.73,-35.89,50.4,50.92,0.8026,LOW,-,64.4666,70.6469,78.492,0,-12.64,WEAK,5.3668
1422,34,CBRL,CRACKER BARREL OLD COUNTRY STORE I,Consumer Discretionary,,small,34.57,4.7,0.1075,0.1214,0.1123,FLAT,34.13,-39.62,-22.26,-64.96,45.2,48.23,0.9972,LOW,-,30.7805,29.5223,34.455,1,-37.1298,LAGGARD,5.3582
1423,-26,VRTS,VIRTUS INVESTMENT PARTNERS INC,Financials,,small,144.01,13.24,0.0403,0.0202,-0.0027,STRONG_UP,-4.36,-10.9,-30.27,-38.95,52.0,36.35,0.7996,LOW,-,141.1925,136.4097,156.6353,0,-15.5999,WEAK,5.3201
1424,-61,WD,WALKER & DUNLOP INC,Financials,,small,50.6,9.06,0.0278,0.007,0.0787,FLAT,-14.71,-21.95,-41.43,-49.57,48.4,51.92,0.6946,LOW,-,51.1432,48.1411,62.9289,0,-20.4639,WEAK,5.3088
1425,-4,SHW,Sherwin-Williams,Materials,Specialty Chemicals,large,309.97,7.35,-0.0368,-0.0382,-0.1263,STRONG_UP,-7.85,-11.8,4.55,-19.94,47.2,29.63,1.4518,MED,EARLY,310.8217,319.3109,337.6426,0,-18.8003,WEAK,5.2877
1426,-26,DNOW,DNOW INC,Industrials,,mid,13.11,21.9,-0.0404,-0.0008,0.1257,STRONG_DOWN,-5.48,-10.21,-8.77,-34.08,56.4,29.67,0.926,LOW,-,13.2125,12.527,13.8705,0,-19.3997,WEAK,5.2247
1427,-4,AVY,Avery Dennison,Materials,Paper & Plastic Packaging Products & Materials,large,160.52,10.29,-0.0329,-0.0324,-0.1542,FLAT,-3.22,-7.76,-25.84,-21.49,47.2,24.9,0.7773,LOW,EARLY,160.6275,165.5118,172.8831,0,-14.7115,WEAK,5.2204
1428,10,IPAR,INTERPARFUMS INC,Consumer Staples,,mid,95.12,16.13,0.0374,0.0278,-0.0145,STRONG_UP,21.75,-26.35,-16.72,-43.01,51.2,30.54,0.8021,LOW,-,90.8385,91.579,93.641,1,-44.1683,LAGGARD,5.2187
1429,2,SPGI,S&P Global,Financials,Financial Exchanges & Data,large,415.8,10.45,-0.0067,-0.0306,-0.0683,STRONG_UP,-14.65,-18.22,-2.03,-30.48,52.8,25.31,0.9697,LOW,EARLY,418.8345,424.849,478.284,0,-37.9989,WEAK,5.1807
1430,-61,EPRT,ESSENTIAL PROPERTIES REALTY TRUST,Real Estate,,mid,31.27,24.71,-0.0097,-0.0177,-0.0949,STRONG_UP,1.16,0.15,28.17,-12.17,51.6,17.34,0.4128,LOW,-,31.1595,31.4679,30.5823,1,0.4529,LAGGARD,5.1771
1431,-2,FDP,FRESH DEL MONTE PRODUCE INC,Consumer Staples,,small,32.78,43.55,-0.0203,-0.2192,-0.1438,FLAT,-4.12,-1.8,51.53,-23.98,50.0,30.45,1.1383,MED,-,35.6989,38.9734,36.9662,0,-2.9506,WEAK,5.0697
1432,-39,HQY,HEALTHEQUITY INC,Health Care,,mid,86.56,16.48,-0.0141,0.0627,0.1358,STRONG_DOWN,-16.48,-14.7,9.31,-35.25,50.8,34.87,0.9815,LOW,SHIFT,83.7585,82.8902,88.4515,0,-21.4191,WEAK,5.013
1433,-35,CWST,CASELLA WASTE SYSTEMS INC CLASS A,Industrials,,mid,86.24,9.5,-0.047,0.0959,-0.047,FLAT,-8.75,-26.3,-13.27,-36.69,48.0,45.46,0.4435,LOW,SHIFT,85.344,83.0866,92.3882,0,-27.7662,WEAK,4.9667
1434,-29,OI,O I GLASS INC,Materials,,small,9.21,1.47,-0.0166,-0.0971,-0.2883,STRONG_UP,-27.14,-29.48,-27.54,-49.79,50.8,54.75,0.7366,LOW,-,8.925,9.8936,12.6762,0,-27.3525,WEAK,4.8663
1435,-25,AJG,Arthur J. Gallagher & Co.,Financials,Insurance Brokers,large,202.85,3.14,-0.0076,-0.0394,-0.1153,STRONG_UP,-17.81,-39.71,-16.82,-44.4,48.8,29.23,0.5579,LOW,PROGRESS,202.7825,211.2388,249.1484,0,-66.2997,WEAK,4.8528
1436,-27,TRIP,TRIPADVISOR INC,Communication,,small,10.19,8.33,-0.0006,-0.0629,-0.1432,STRONG_UP,-30.96,-30.11,-43.14,-51.72,45.6,45.69,0.8111,LOW,-,10.3055,10.4954,13.6751,0,-30.0504,WEAK,4.8025
1437,-82,ACGL,Arch Capital Group,Financials,Property & Casualty Insurance,large,91.4,20.21,-0.06,-0.0482,-0.1015,FLAT,-0.59,-1.7,-6.0,-12.0,53.6,20.8,1.581,HIGH,EARLY,94.4505,95.3214,93.4623,0,-4.3789,WEAK,4.7934
1438,-30,ACVA,ACV AUCTIONS INC CLASS A,Industrials,,small,6.0,0.83,-0.0269,0.1819,0.2996,STRONG_DOWN,-15.73,-64.11,-67.86,-75.43,48.0,72.39,0.6258,LOW,-,5.773,5.1184,7.5944,0,-42.5129,WEAK,4.7912
1439,-17,HRTG,HERITAGE INSURANCE HOLDINGS INC,Financials,,small,22.16,18.12,-0.0515,-0.2592,-0.2248,FLAT,-21.56,-4.85,181.22,-29.29,51.2,54.97,0.8145,LOW,-,24.9365,26.1782,26.0313,0,-4.5191,WEAK,4.7783
1440,-23,PCRX,PACIRA BIOSCIENCES INC,Health Care,,small,24.04,22.22,0.0424,-0.0578,0.0815,FLAT,3.8,-5.95,-20.0,-29.61,52.0,36.43,0.4092,LOW,-,23.64,23.5812,23.7175,1,-8.4884,LAGGARD,4.6484
1441,-45,FCPT,FOUR CORNERS PROPERTY INC TRUST,Real Estate,,mid,24.97,20.0,-0.01,-0.0367,-0.0414,STRONG_UP,7.51,-2.58,16.62,-15.49,47.2,17.76,0.6266,LOW,-,25.058,24.747,24.0665,1,-6.8603,LAGGARD,4.623
1442,-26,BCPC,BALCHEM CORP,Materials,,mid,160.92,13.24,-0.0485,-0.0888,-0.0977,STRONG_UP,5.37,-2.54,7.06,-16.52,44.4,21.81,0.5563,LOW,EARLY,161.3255,167.3794,161.375,0,-5.1712,WEAK,4.6084
1443,12,BCC,BOISE CASCADE,Industrials,,mid,70.29,16.94,0.0113,-0.1631,-0.1426,FLAT,-0.5,-18.1,-45.42,-29.6,42.0,38.2,0.8549,LOW,EARLY,70.652,74.7884,77.3865,0,-19.8983,WEAK,4.5781
1444,-20,V,Visa Inc.,Financials,Transaction & Payment Processing Services,large,327.61,14.98,-0.0133,0.072,0.0183,FLAT,-0.1,-8.21,22.74,-20.38,49.2,23.92,0.8107,LOW,SHIFT,326.034,313.8884,329.573,0,-16.8859,WEAK,4.5302
1445,-19,UMH,UMH PROPERTIES INC,Real Estate,,small,15.62,23.53,0.0074,0.0008,-0.0255,STRONG_UP,7.77,-0.89,15.1,-17.43,47.6,19.84,0.8021,LOW,-,15.3421,14.9833,14.8627,1,-2.1253,LAGGARD,4.5036
1446,38,PG,Procter & Gamble,Consumer Staples,Personal Care Products,large,147.49,32.26,0.0192,-0.0195,-0.0279,STRONG_UP,1.82,-9.34,-4.7,-17.62,48.8,21.98,1.0567,MED,SHIFT,144.386,144.0352,147.903,0,-20.7311,WEAK,4.4976
1447,-46,WINA,WINMARK CORP,Consumer Discretionary,,small,383.88,27.52,0.022,0.0305,-0.1134,FLAT,-6.15,-6.04,16.33,-30.1,54.8,41.44,0.6144,LOW,-,365.3723,393.6739,426.0075,0,-7.9937,WEAK,4.4959
1448,-14,FWRG,FIRST WATCH RESTAURANT GROUP INC,Consumer Discretionary,,small,11.5,9.4,0.0027,-0.1098,-0.0914,FLAT,-31.71,-27.26,-41.74,-47.26,44.8,53.83,0.992,LOW,-,11.7135,11.794,15.2552,0,-22.6881,WEAK,4.4472
1449,11,CBZ,CBIZ INC,Industrials,,small,31.92,1.24,-0.0231,-0.0312,0.0241,FLAT,-36.44,-57.03,-58.53,-67.69,47.2,64.09,0.2409,LOW,-,30.926,29.325,44.1343,0,-42.003,WEAK,4.4155
1450,28,PMT,PENNYMAC MORTGAGE INVESTMENT TRUST,Financials,,small,10.48,19.51,-0.0058,-0.1316,-0.138,STRONG_UP,-12.0,-2.89,-1.1,-22.99,52.0,27.34,0.5583,LOW,-,10.9715,11.3241,11.5822,0,-5.4982,WEAK,4.4073
1451,-32,PBH,PRESTIGE CONSUMER HEALTHCARE INC,Health Care,,mid,48.27,4.21,0.0201,-0.1822,-0.2956,STRONG_UP,-16.01,-42.77,-23.6,-46.99,47.6,40.33,0.7669,LOW,EARLY,50.9115,55.3764,61.5546,0,-50.4847,WEAK,4.4002
1452,6,QNST,QUINSTREET INC,Communication,,small,12.28,12.5,-0.0035,-0.0751,-0.0758,STRONG_UP,-9.57,-20.0,-32.9,-38.32,48.8,43.96,1.1362,MED,-,12.3535,12.3458,13.7377,0,-22.202,WEAK,4.3816
1453,0,JKHY,Jack Henry & Associates,Financials,Transaction & Payment Processing Services,large,136.26,8.71,-0.0293,-0.0981,-0.1698,STRONG_UP,-19.56,-24.14,-14.21,-30.16,50.0,27.52,1.1201,MED,EARLY,143.5825,151.2252,162.411,0,-43.8545,WEAK,4.3707
1454,-21,SMPL,THE SIMPLY GOOD FOODS COMPANY,Consumer Staples,,small,11.69,0.0,0.0293,-0.1605,-0.2498,STRONG_UP,-40.78,-65.95,-68.37,-69.75,45.2,60.8,0.5479,LOW,-,12.06,12.825,19.3182,0,-49.0272,WEAK,4.3495
1455,-1,AWR,AMERICAN STATES WATER,Utilities,,mid,76.82,17.31,-0.0007,-0.0162,0.067,FLAT,6.24,1.21,12.3,-11.55,50.0,24.07,0.6603,LOW,-,76.137,75.9512,73.3361,1,2.522,LAGGARD,4.3384
1456,-21,BANF,BANCFIRST CORP,Financials,,mid,110.8,14.29,-0.006,-0.0192,-0.0558,STRONG_UP,0.73,-8.94,30.59,-23.63,47.6,24.23,0.6149,LOW,-,111.01,110.7866,114.6595,0,-17.5656,WEAK,4.3217
1457,-18,DEI,DOUGLAS EMMETT REIT INC,Real Estate,,small,11.51,4.71,-0.011,0.0202,0.0866,STRONG_DOWN,2.23,-13.84,-2.81,-44.09,43.2,34.13,1.3316,MED,-,11.5585,10.5015,11.7521,0,-17.5165,WEAK,4.2855
1458,-22,HCI,HCI GROUP INC,Financials,,small,155.7,19.16,-0.0196,-0.0027,-0.1016,FLAT,-10.33,-3.24,60.57,-27.46,49.6,27.71,0.5998,LOW,-,154.5012,154.2323,170.3721,0,-5.804,WEAK,4.2277
1459,-27,GSHD,GOOSEHEAD INSURANCE INC CLASS A,Financials,,small,37.68,0.35,-0.0929,-0.22,-0.3205,STRONG_UP,-46.58,-65.31,-38.88,-67.57,47.2,61.21,1.0853,MED,-,41.1498,42.7389,63.0535,0,-50.3593,WEAK,4.1599
1460,-10,LRN,STRIDE INC,Consumer Discretionary,,mid,90.98,3.36,-0.0252,-0.0213,0.0946,STRONG_DOWN,44.02,-40.02,28.59,-64.07,53.2,31.44,0.8232,LOW,PROGRESS,90.47,91.0502,99.877,0,-67.7224,WEAK,4.1541
1461,20,WM,Waste Management,Industrials,Environmental & Facilities Services,large,215.59,25.62,-0.0518,-0.0657,-0.0576,FLAT,2.57,-7.71,7.54,-18.14,50.0,21.24,1.0032,MED,EARLY,220.9765,225.781,221.1133,0,-18.1586,WEAK,4.1058
1462,-21,TMUS,T-Mobile US,Communication Services,Wireless Telecommunication Services,large,190.81,13.64,-0.0074,0.0117,-0.1003,FLAT,-7.07,-19.64,17.63,-28.51,49.2,27.42,0.5472,LOW,EARLY,192.2905,197.154,211.4009,0,-35.2457,WEAK,4.087
1463,-26,CRVL,CORVEL CORP,Health Care,,mid,59.4,3.45,-0.0784,0.021,0.1614,STRONG_DOWN,-19.6,-46.22,-29.81,-58.86,45.6,35.24,0.9423,LOW,SHIFT,58.6875,56.3774,67.3053,0,-59.8017,WEAK,4.084
1464,-7,VCEL,VERICEL CORP,Health Care,,small,34.27,14.94,-0.0347,-0.0426,-0.0736,STRONG_UP,-11.86,-18.6,-28.56,-35.8,48.4,46.47,0.6679,LOW,-,34.5575,33.9248,35.4069,0,-19.371,WEAK,4.0448
1465,-16,POOL,Pool Corporation,Consumer Discretionary,Distributors,mid,184.41,5.37,-0.0325,-0.1451,-0.129,FLAT,-21.04,-36.94,-46.52,-46.86,43.6,33.87,0.9086,LOW,EARLY,186.9855,201.8239,248.4892,0,-47.5491,WEAK,3.9994
1466,-24,HRL,Hormel Foods,Consumer Staples,Packaged Foods & Meats,large,20.96,12.9,-0.0076,-0.0247,-0.0789,STRONG_UP,-4.73,-26.74,-34.15,-34.28,47.6,23.44,1.4558,MED,PROGRESS,20.642,21.2444,23.0751,0,-54.2992,WEAK,3.9792
1467,-75,CNS,COHEN & STEERS INC,Financials,,mid,70.88,17.42,-0.0136,0.0483,0.0583,STRONG_DOWN,16.66,-5.59,10.24,-23.32,49.2,22.91,0.401,LOW,-,70.8744,66.7079,65.7081,1,-11.9964,LAGGARD,3.9733
1468,4,PRGS,PROGRESS SOFTWARE CORP,Information Technology,,small,29.74,4.15,-0.0333,-0.0789,-0.555,STRONG_UP,-25.78,-51.53,-40.22,-61.2,50.4,59.61,0.5014,LOW,-,28.5855,28.7514,39.0458,0,-43.57,WEAK,3.9662
1469,-10,SMA,SMARTSTOP SELF STORAGE REIT INC,Real Estate,,mid,31.34,9.41,0.0086,-0.0332,-0.0711,STRONG_UP,3.08,-10.12,0.75,-21.77,52.0,31.78,0.7821,LOW,SHIFT,31.1869,31.2702,32.7522,0,-16.5633,WEAK,3.9474
1470,6,FIZZ,NATIONAL BEVERAGE CORP,Consumer Staples,,mid,36.79,25.81,0.0268,0.0619,0.0619,DOWN,10.05,-16.33,-14.19,-33.61,45.6,24.28,0.9766,LOW,-,34.9335,34.3854,35.6989,1,-30.6679,LAGGARD,3.9207
1471,-24,ALRM,ALARM.COM HOLDINGS INC,Information Technology,,mid,43.9,22.8,-0.0546,-0.1751,-0.36,STRONG_UP,-16.59,-23.14,-34.61,-29.38,46.4,36.87,0.5961,LOW,EARLY,44.4788,44.4675,49.634,0,-29.1265,WEAK,3.8845
1472,-24,IOSP,INNOSPEC INC,Materials,,small,82.29,14.71,-0.0007,0.0915,0.0928,STRONG_DOWN,17.18,-1.59,-33.33,-25.48,48.4,26.37,0.6006,LOW,-,78.0855,74.679,76.6632,1,-2.9275,LAGGARD,3.8541
1473,6,ENOV,ENOVIS CORP,Health Care,,small,23.11,9.96,-0.1294,-0.0162,-0.074,FLAT,-21.93,-29.05,-53.52,-40.29,48.0,64.89,1.1045,MED,-,24.8075,24.0552,26.9935,0,-21.4851,WEAK,3.824
1474,-30,ABT,Abbott Laboratories,Health Care,Health Care Equipment,large,85.68,7.66,-0.0333,-0.091,-0.2415,STRONG_UP,-31.87,-33.77,-12.52,-38.99,46.8,25.52,0.6791,LOW,EARLY,86.8335,94.8931,115.9116,0,-61.9384,WEAK,3.775
1475,2,CWT,CALIFORNIA WATER SERVICE GROUP,Utilities,,mid,44.06,9.62,0.0051,-0.0352,0.0144,FLAT,-1.43,-2.39,-5.16,-14.59,51.2,30.01,1.1922,MED,PROGRESS,43.1431,44.3258,44.6607,0,-4.08,WEAK,3.7558
1476,-15,AMP,Ameriprise Financial,Financials,Asset Management & Custody Banks,large,443.17,11.85,-0.0347,-0.0542,-0.1054,STRONG_UP,0.01,-11.96,4.56,-20.87,54.8,24.16,0.7384,LOW,EARLY,464.7156,454.9669,475.8698,0,-27.1296,WEAK,3.7433
1477,-24,MZTI,MARZETTI,Consumer Staples,,mid,114.93,11.29,0.0099,-0.1027,-0.2344,STRONG_UP,-30.37,-28.58,-34.81,-39.76,48.4,31.19,0.8894,LOW,EARLY,116.58,129.4598,157.7459,0,-44.3548,WEAK,3.7373
1478,-13,MCD,McDonald's,Consumer Discretionary,Restaurants,large,280.92,24.83,-0.0444,-0.0433,-0.1215,FLAT,-6.79,-8.13,16.12,-19.04,48.4,18.13,1.0814,MED,EARLY,281.49,296.587,305.6676,0,-21.6931,WEAK,3.7255
1479,-39,IIIN,INSTEEL INDUSTRIES INC,Industrials,,small,27.71,15.7,0.0381,0.0815,-0.2552,FLAT,-6.89,-18.84,-5.88,-36.11,52.8,59.18,0.4551,LOW,-,26.3695,29.4314,32.8684,0,-16.8068,WEAK,3.7146
1480,-10,WDFC,WD-40,Consumer Staples,,mid,205.53,30.65,-0.0292,-0.0712,-0.0823,STRONG_UP,7.51,-12.42,-7.19,-23.03,51.2,28.92,0.6764,LOW,EARLY,206.5415,210.1747,208.9167,0,-21.9805,WEAK,3.6794
1481,-36,ABR,ARBOR REALTY TRUST REIT INC,Financials,,small,5.5,3.83,-0.0241,-0.2864,-0.2102,FLAT,-30.86,-36.39,-46.83,-51.9,48.8,56.75,0.9514,LOW,-,6.4931,7.0919,8.4227,0,-31.2926,WEAK,3.6365
1482,-18,ICFI,ICF INTERNATIONAL INC,Industrials,,small,68.31,16.12,-0.0368,-0.0018,-0.1243,FLAT,-10.57,-18.73,-50.92,-40.22,49.6,43.53,0.4245,LOW,-,68.291,68.0052,82.5318,0,-21.3422,WEAK,3.6171
1483,-55,PAYO,PAYONEER GLOBAL INC,Financials,,small,4.99,7.67,0.0023,-0.0266,0.1503,FLAT,-9.44,-26.73,-17.38,-42.45,47.6,56.19,0.8497,LOW,-,4.957,4.9174,5.6249,0,-22.6398,WEAK,3.5861
1484,-21,GPOR,GULFPORT ENERGY CORP,Energy,,mid,170.35,4.49,-0.0159,-0.0719,-0.2236,STRONG_UP,-18.41,-12.51,5.83,-23.43,52.8,32.09,0.8713,LOW,EARLY,183.139,193.6706,192.2964,0,-20.5777,WEAK,3.5831
1485,-55,AIG,American International Group,Financials,Multi-line Insurance,large,75.27,16.38,-0.0392,0.0256,-0.0764,FLAT,1.33,-6.98,1.62,-16.98,51.6,22.88,0.7578,LOW,EARLY,76.799,76.2672,77.6285,0,-15.7498,WEAK,3.5619
1486,-24,NMIH,NMI HOLDINGS INC,Financials,,mid,36.87,17.77,-0.0399,-0.101,-0.0917,FLAT,-1.99,-5.24,13.69,-18.08,52.4,24.6,1.2124,MED,EARLY,37.9165,38.3452,38.5329,0,-11.1677,WEAK,3.5489
1487,-2,ICE,Intercontinental Exchange,Financials,Financial Exchanges & Data,large,149.71,11.15,-0.0169,-0.032,-0.0967,STRONG_UP,-1.48,-14.81,14.65,-22.53,48.8,21.85,1.086,MED,EARLY,154.5595,157.7306,161.5018,0,-33.0758,WEAK,3.5486
1488,-42,COO,Cooper Companies (The),Health Care,Health Care Supplies,large,60.8,12.26,-0.0182,-0.0402,-0.2594,STRONG_UP,-20.01,-24.11,-33.68,-30.05,46.8,24.49,0.913,LOW,EARLY,61.118,66.2004,73.2458,0,-46.0812,WEAK,3.5285
1489,3,UVV,UNIVERSAL CORP,Consumer Staples,,small,55.23,45.16,-0.0092,0.0192,0.1135,STRONG_DOWN,10.03,-1.14,33.28,-20.74,46.8,16.58,0.6943,LOW,-,54.035,52.799,52.4376,1,-3.2252,LAGGARD,3.4826
1490,-38,CCB,COASTAL FINANCIAL CORP,Financials,,small,70.805,10.1,-0.0007,-0.173,-0.1047,FLAT,-32.29,-18.79,61.54,-42.65,51.2,39.9,0.4477,LOW,-,71.8663,76.5182,97.3985,0,-24.1144,WEAK,3.4614
1491,-4,SDGR,SCHRODINGER INC,Health Care,,small,13.24,5.75,0.0719,0.0782,0.0549,FLAT,-22.62,-38.48,-40.12,-58.52,48.8,47.82,0.7559,LOW,-,12.664,12.1488,16.1578,0,-39.2643,WEAK,3.4202
1492,-12,HRMY,HARMONY BIOSCIENCES HLDG INC,Health Care,,small,30.76,20.31,-0.0225,-0.0167,0.0762,STRONG_DOWN,-12.79,-8.78,4.55,-34.49,48.8,33.3,0.5823,LOW,-,30.9705,29.7118,32.5917,0,-12.8641,WEAK,3.3158
1493,-19,EXPO,EXPONENT INC,Industrials,,mid,57.08,11.57,-0.0533,-0.1612,-0.1989,STRONG_UP,-18.71,-23.53,-38.0,-32.45,46.0,30.09,0.6428,LOW,EARLY,59.9835,63.7852,68.8319,0,-35.9776,WEAK,3.2731
1494,-21,CRAI,CRA INTERNATIONAL INC,Industrials,,small,145.26,13.22,-0.0484,-0.0717,-0.1091,STRONG_UP,-16.04,-21.84,-12.78,-38.12,49.2,40.81,0.6335,LOW,-,147.3732,153.8486,179.4354,0,-26.3314,WEAK,3.1741
1495,-26,EXE,Expand Energy,Energy,Oil & Gas Exploration & Production,large,92.64,2.25,-0.0039,0.0009,-0.1853,FLAT,-19.6,-17.13,8.33,-23.75,47.6,27.39,0.6553,LOW,EARLY,97.5325,100.1053,103.5439,0,-29.7708,WEAK,3.1485
1496,-8,HOMB,HOME BANCSHARES INC,Financials,,mid,26.68,19.86,-0.0001,0.0049,-0.0872,FLAT,-2.58,-2.85,19.78,-14.78,50.4,20.71,0.7009,LOW,SHIFT,26.357,26.6175,27.5391,0,-6.938,WEAK,3.0926
1497,-2,MAA,Mid-America Apartment Communities,Real Estate,Multi-Family Residential REITs,large,130.58,5.88,-0.006,-0.0136,-0.0599,STRONG_UP,0.28,-11.78,9.07,-20.47,47.6,19.28,0.5451,LOW,SHIFT,129.3555,125.9799,130.7051,0,-29.0852,WEAK,3.0757
1498,-9,WMK,WEIS MARKETS INC,Consumer Staples,,small,73.22,38.71,-0.001,0.0543,0.1792,STRONG_DOWN,14.75,-2.96,17.78,-20.22,51.2,30.32,0.5931,LOW,-,70.7761,69.5932,68.2647,1,-5.0034,LAGGARD,2.9859
1499,-48,ATRC,ATRICURE INC,Health Care,,small,27.45,15.33,-0.0562,-0.04,-0.1156,FLAT,-27.27,-18.16,21.09,-38.03,48.8,36.52,1.4116,MED,-,28.0115,28.5258,34.1564,0,-24.2629,WEAK,2.9754
1500,-3,UTL,UNITIL CORP,Utilities,,small,51.68,15.38,-0.0052,-0.005,0.0315,STRONG_DOWN,6.81,-0.2,8.96,-17.5,54.0,21.43,0.4208,LOW,-,50.9276,51.7984,48.9227,1,-0.5086,LAGGARD,2.9206
1501,-2,LZ,LEGALZOOM COM INC,Industrials,,small,6.39,7.85,-0.0398,-0.0384,-0.0715,FLAT,-30.39,-32.67,-25.18,-50.98,50.0,46.65,0.7791,LOW,-,6.3335,6.1892,8.6396,0,-35.0118,WEAK,2.898
1502,-1,MRSH,Marsh McLennan,Financials,Insurance Brokers,large,160.59,6.62,-0.0209,-0.0498,-0.1476,STRONG_UP,-9.66,-28.69,-18.59,-30.94,47.6,26.91,0.8058,LOW,EARLY,164.272,169.5829,182.6929,0,-50.7518,WEAK,2.8973
1503,-9,LZB,LA-Z-BOY INC,Consumer Discretionary,,small,37.57,24.16,0.0112,0.0378,0.0716,STRONG_DOWN,3.11,-8.48,9.06,-29.58,46.4,30.16,0.522,LOW,-,35.3485,34.2812,35.1716,1,-13.053,LAGGARD,2.8968
1504,-21,OTIS,Otis Worldwide,Industrials,Industrial Machinery & Supplies & Components,large,71.79,11.98,-0.0263,-0.0803,-0.1933,STRONG_UP,-16.56,-23.03,-21.83,-28.39,50.8,25.04,0.5743,LOW,EARLY,73.7135,76.6699,85.2368,0,-46.7183,WEAK,2.851
1505,-38,VLTO,Veralto,Industrials,Environmental & Facilities Services,large,84.46,18.18,-0.0536,-0.0273,-0.1201,FLAT,-13.7,-15.76,-15.35,-22.75,42.8,21.82,0.9324,LOW,EARLY,86.8005,88.0338,97.5658,0,-30.9184,WEAK,2.8304
1506,-8,DFIN,DONNELLEY FINANCIAL SOLUTIONS INC,Financials,,small,39.34,6.97,0.0011,-0.2194,-0.2278,STRONG_UP,-15.78,-28.68,-35.33,-41.51,53.6,46.97,1.235,MED,-,42.3665,46.2232,49.2275,0,-32.7285,WEAK,2.817
1507,-32,IRT,INDEPENDENCE REALTY INC TRUST,Real Estate,,mid,16.49,12.94,-0.021,-0.0047,-0.0459,FLAT,0.24,-6.12,10.15,-17.28,48.0,18.72,1.01,MED,-,16.436,15.8122,16.2962,1,-15.687,LAGGARD,2.7609
1508,-40,KMB,Kimberly-Clark,Consumer Staples,Household Products,large,100.18,14.52,0.0107,0.0135,-0.0166,FLAT,-2.27,-26.66,-16.1,-32.43,46.8,24.03,1.0531,MED,SHIFT,97.61,97.6792,106.7032,0,-51.9303,WEAK,2.7377
1509,-43,WRB,W. R. Berkley Corporation,Financials,Property & Casualty Insurance,large,65.29,14.63,-0.0471,-0.0171,-0.1066,FLAT,-14.33,-8.53,31.13,-16.39,52.0,21.42,1.0202,MED,EARLY,66.7665,66.4958,70.0637,0,-20.7195,WEAK,2.6906
1510,-6,JANX,JANUX THERAPEUTICS INC,Health Care,,small,14.44,5.36,0.0,-0.008,0.0637,FLAT,-54.2,-39.07,-69.45,-64.94,48.0,35.6,1.6279,HIGH,-,14.3222,14.4725,18.8597,0,-52.681,WEAK,2.621
1511,-29,AON,Aon plc,Financials,Insurance Brokers,large,318.54,12.54,-0.012,0.0035,-0.0517,FLAT,-7.35,-11.42,15.51,-17.66,50.4,26.33,0.6236,LOW,PROGRESS,316.9131,320.8369,340.589,0,-21.8633,WEAK,2.6104
1512,-6,ALKT,ALKAMI TECHNOLOGY INC,Information Technology,,small,16.8,11.4,-0.0538,-0.1173,-0.1868,STRONG_UP,-21.53,-41.85,-40.21,-50.5,46.4,46.47,0.4612,LOW,-,16.81,16.6548,20.3688,0,-41.7854,WEAK,2.4908
1513,-23,GT,GOODYEAR TIRE & RUBBER,Consumer Discretionary,,small,6.09,1.34,0.0458,-0.1475,-0.2452,STRONG_UP,-25.18,-47.27,-50.0,-53.27,41.2,44.85,0.9488,LOW,-,6.277,6.5694,7.8879,0,-43.4256,WEAK,2.4467
1514,-11,BV,BRIGHTVIEW HOLDINGS INC,Industrials,,small,12.87,17.36,0.0045,0.0288,-0.0565,FLAT,4.29,-17.71,-8.66,-32.82,46.0,39.69,0.4026,LOW,-,12.4895,12.1668,12.9457,0,-20.5267,WEAK,2.4255
1515,-19,MSEX,MIDDLESEX WATER,Utilities,,small,52.66,5.77,0.0158,0.004,0.0062,FLAT,7.03,-5.83,8.27,-21.04,51.2,27.9,0.5019,LOW,-,51.2858,51.7532,52.3394,1,-10.7031,LAGGARD,2.4043
1516,-5,MA,Mastercard,Financials,Transaction & Payment Processing Services,large,495.04,11.5,-0.0099,-0.0147,-0.0554,STRONG_UP,-7.66,-13.54,12.54,-18.92,50.8,22.53,0.8119,LOW,EARLY,498.794,501.1997,541.2809,0,-30.5203,WEAK,2.383
1517,-46,MQ,MARQETA INC CLASS A,Financials,,small,3.82,7.32,-0.0488,-0.1117,-0.0443,FLAT,-19.92,-27.51,-31.05,-44.22,46.8,38.05,2.3559,HIGH,-,4.083,4.1138,4.7004,0,-33.8414,WEAK,2.2881
1518,-13,AWK,American Water Works,Utilities,Water Utilities,large,123.78,3.85,-0.0003,-0.0498,-0.0545,STRONG_UP,-4.56,-9.82,3.0,-15.36,50.0,21.1,0.6163,LOW,EARLY,125.4419,130.6205,131.9603,0,-23.2654,WEAK,2.2758
1519,-33,MMSI,MERIT MEDICAL SYSTEMS INC,Health Care,,mid,62.52,7.28,-0.0333,-0.0671,-0.1818,STRONG_UP,-28.28,-33.79,-23.29,-37.18,48.0,33.52,0.9867,LOW,EARLY,62.8725,66.3858,79.4723,0,-48.3898,WEAK,2.2198
1520,-18,VEEV,VEEVA SYSTEMS INC,Health Care,Health Care Technology,,158.49,8.05,-0.042,-0.0039,-0.1164,FLAT,-32.77,-32.41,-21.96,-50.55,48.8,41.26,0.7759,LOW,-,162.316,167.1544,227.0929,0,-38.3336,WEAK,2.2164
1521,-28,CXM,SPRINKLR INC CLASS A,Information Technology,,small,5.28,13.99,-0.0495,-0.1084,-0.3481,STRONG_UP,-25.53,-37.29,-55.78,-48.24,48.0,43.07,0.4912,LOW,-,5.203,5.4606,6.8183,0,-41.5608,WEAK,2.2018
1522,-31,BBSI,BARRETT BUSINESS SERVICES INC,Industrials,,small,31.61,12.4,-0.0119,-0.0075,0.205,STRONG_DOWN,-9.05,-22.95,2.14,-45.31,52.4,41.19,0.563,LOW,-,30.4225,29.7366,36.4138,0,-29.1906,WEAK,2.1637
1523,-13,CPB,Campbell's Company (The),Consumer Staples,Packaged Foods & Meats,mid,20.5,3.23,0.0087,-0.0102,-0.1586,STRONG_UP,-30.81,-35.77,-49.16,-38.59,44.4,31.12,0.9287,LOW,PROGRESS,20.487,20.7515,26.6691,0,-51.0293,WEAK,2.013
1524,-24,TRUP,TRUPANION INC,Financials,,small,21.69,1.05,-0.0125,-0.1209,-0.2225,STRONG_UP,-38.73,-54.76,-22.37,-61.58,44.8,45.17,0.9047,LOW,-,23.474,25.1452,34.7577,0,-54.3074,WEAK,1.984
1525,0,CAG,Conagra Brands,Consumer Staples,Packaged Foods & Meats,mid,13.33,1.61,-0.0485,-0.0506,-0.2057,STRONG_UP,-20.46,-36.22,-48.7,-37.58,44.8,32.0,1.0751,MED,EARLY,13.836,14.3753,16.5841,0,-50.7123,WEAK,1.9668
1526,-14,GIS,General Mills,Consumer Staples,Packaged Foods & Meats,large,33.65,6.45,-0.0164,-0.0399,-0.1738,STRONG_UP,-26.09,-33.37,-44.59,-36.38,46.0,23.02,0.9552,LOW,EARLY,34.0705,35.1391,43.0935,0,-66.687,WEAK,1.9531
1527,-19,BLKB,BLACKBAUD INC,Information Technology,,small,30.04,5.7,-0.0843,-0.349,-0.6464,STRONG_UP,-45.26,-51.09,-61.51,-58.71,50.4,48.06,1.029,MED,-,33.619,36.7914,53.8063,0,-53.5784,WEAK,1.94
1528,6,FBRT,FRANKLIN BSP REALTY TRUST INC,Financials,,small,8.61,12.89,-0.0119,-0.053,-0.0656,STRONG_UP,-9.27,-11.14,-12.68,-23.51,49.2,26.92,0.55,LOW,-,8.937,8.81,9.5791,0,-20.3652,WEAK,1.6508
1529,-22,CTAS,Cintas,Industrials,Diversified Support Services,large,169.86,11.16,-0.0423,-0.0363,-0.124,FLAT,-6.28,-23.82,3.1,-27.68,47.6,23.79,1.2313,MED,PROGRESS,169.3756,172.9917,188.8955,0,-47.6547,WEAK,1.645
1530,-1,MGEE,MGE ENERGY INC,Utilities,,mid,76.38,0.0,-0.0046,-0.0467,-0.0498,STRONG_UP,-5.63,-12.66,1.96,-19.07,50.0,25.98,0.7132,LOW,EARLY,76.727,77.4524,80.2093,0,-24.3607,WEAK,1.6184
1531,-6,SLVM,SYLVAMO CORP,Materials,,small,39.08,4.41,-0.0004,-0.0996,-0.1375,STRONG_UP,-12.95,-25.37,-41.51,-33.87,45.2,38.12,0.6271,LOW,-,40.2325,40.863,44.1338,0,-30.0772,WEAK,1.5276
1532,-17,EPC,EDGEWELL PERSONAL CARE,Consumer Staples,,small,17.79,4.84,0.0339,-0.2276,-0.1495,FLAT,3.5,-34.05,-49.22,-41.44,48.0,49.39,0.732,LOW,-,19.287,20.6948,19.919,0,-33.0885,WEAK,1.4498
1533,-12,EIG,EMPLOYERS HOLDINGS INC,Financials,,small,43.83,17.07,0.0001,0.0306,0.0602,STRONG_DOWN,14.13,-6.42,13.42,-25.59,51.2,19.49,0.5772,LOW,-,42.261,41.5057,41.148,1,-16.8685,LAGGARD,1.4148
1534,-25,PLMR,PALOMAR HOLDINGS INC,Financials,,mid,109.45,5.57,-0.0588,-0.1289,-0.1205,FLAT,-11.32,-32.63,34.84,-38.43,51.2,32.52,1.5678,HIGH,EARLY,113.6975,120.2586,122.2668,0,-51.366,WEAK,1.3736
1535,-15,EVTC,EVERTEC INC,Financials,,small,23.88,5.23,-0.0335,-0.1925,-0.0885,FLAT,-17.19,-33.92,-32.01,-38.64,48.0,50.07,1.5225,HIGH,-,25.4649,27.519,29.7086,0,-32.5181,WEAK,1.2906
1536,0,TNET,TRINET GROUP INCINARY,Industrials,,small,43.62,3.72,-0.0101,0.029,0.1863,STRONG_DOWN,-23.17,-45.21,-57.89,-58.94,46.0,44.78,0.9653,LOW,-,42.349,39.7234,53.1804,0,-46.445,WEAK,1.2173
1537,-21,SGRY,SURGERY PARTNERS INC,Health Care,,small,13.48,4.6,-0.0035,-0.0645,-0.1061,STRONG_UP,-17.25,-41.1,-47.2,-51.8,50.8,41.96,0.5683,LOW,-,13.9587,13.3425,16.9614,0,-49.7549,WEAK,1.2102
1538,-21,PGR,Progressive Corporation,Financials,Property & Casualty Insurance,large,196.91,8.36,-0.0319,-0.02,-0.0883,FLAT,-6.91,-24.31,4.29,-29.4,47.2,21.66,1.0168,MED,EARLY,198.816,200.1365,211.271,0,-52.9687,WEAK,1.2082
1539,-16,ESRT,EMPIRE STATE REALTY REIT INC TRUST,Real Estate,,small,5.77,1.18,0.0258,-0.0082,-0.0727,STRONG_UP,-13.89,-23.93,-33.4,-41.89,50.0,29.83,0.5404,LOW,-,5.557,5.3838,6.4925,0,-40.1148,WEAK,1.1546
1540,-26,LNN,LINDSAY CORP,Industrials,,small,111.12,15.29,-0.0092,-0.0084,-0.1513,FLAT,-2.13,-19.48,1.13,-29.99,46.4,36.83,0.855,LOW,-,109.217,110.8101,122.8078,0,-24.539,WEAK,1.1539
1541,-28,CPRT,Copart,Industrials,Diversified Support Services,large,32.85,6.2,-0.0393,-0.0286,-0.0988,FLAT,-15.57,-36.89,-37.7,-37.94,47.2,24.61,1.1424,MED,EARLY,33.292,33.2284,39.7368,0,-70.7475,WEAK,0.9749
1542,-9,ABM,ABM INDUSTRIES INC,Industrials,,mid,40.02,14.05,-0.0217,-0.0243,-0.0826,STRONG_UP,-3.41,-21.25,-10.1,-27.81,49.2,24.11,0.5103,LOW,SHIFT,39.9705,39.3244,43.0418,0,-43.3637,WEAK,0.7724
1543,-21,RSG,Republic Services,Industrials,Environmental & Facilities Services,large,205.6,16.53,-0.0647,-0.0262,-0.065,FLAT,-3.89,-18.19,14.51,-22.54,48.8,21.09,0.832,LOW,EARLY,206.396,211.4935,217.2625,0,-42.0952,WEAK,0.7585
1544,-25,TAP,Molson Coors Beverage Company,Consumer Staples,Brewers,mid,41.87,20.97,-0.0381,-0.0245,-0.0548,FLAT,-7.55,-17.78,-15.16,-24.33,49.6,25.69,0.6576,LOW,EARLY,41.9465,42.7054,45.8386,0,-34.3311,WEAK,0.6993
1545,-17,IDT,IDT CORP CLASS B,Communication,,small,52.43,25.0,-0.0335,0.0103,-0.0951,FLAT,6.93,-14.91,34.36,-33.19,49.2,22.6,0.7782,LOW,-,52.314,50.7676,52.5553,0,-32.454,WEAK,0.5216
1546,-22,YELP,YELP INC,Communication,,small,23.45,4.17,0.0183,-0.1559,-0.0724,FLAT,-18.12,-39.5,-35.42,-48.97,49.2,42.28,0.6909,LOW,-,24.8855,25.5884,28.3062,0,-45.9644,WEAK,0.4667
1547,-21,STRA,STRATEGIC EDUCATION INC,Consumer Discretionary,,small,77.29,20.81,-0.0731,-0.0026,0.0355,STRONG_DOWN,3.8,-11.47,-27.71,-19.99,54.0,40.52,1.0519,MED,-,78.2652,79.6837,79.35,0,-15.2918,WEAK,0.3499
1548,-30,SKWD,SKYWARD SPECIALTY INSURANCE GROUP,Financials,,small,45.79,8.01,-0.0376,0.015,-0.0012,FLAT,-5.68,-24.76,23.56,-36.52,47.2,33.09,0.6954,LOW,-,45.8195,45.072,46.8288,0,-35.3205,WEAK,0.2457
1549,-17,EPAC,ENERPAC TOOL GROUP CORP CLASS A,Industrials,,small,34.46,14.88,-0.0149,-0.0588,-0.1466,STRONG_UP,-7.54,-19.65,-8.93,-24.87,47.6,31.22,0.6134,LOW,-,34.586,35.3662,39.159,0,-29.9605,WEAK,0.1592
1550,-14,ADUS,ADDUS HOMECARE CORP,Health Care,,small,94.02,15.71,-0.0,-0.0526,-0.0793,STRONG_UP,-18.88,-16.99,-15.91,-25.88,46.8,25.56,0.7574,LOW,-,95.5875,95.5834,108.064,0,-31.1172,WEAK,0.1501
1551,-21,SAFT,SAFETY INSURANCE GROUP INC,Financials,,small,71.26,13.94,-0.0259,-0.0671,-0.0912,STRONG_UP,-3.86,-9.46,1.57,-16.64,48.4,18.72,0.7082,LOW,-,72.756,73.676,73.3758,0,-24.4458,WEAK,-0.3026
1552,-21,ROP,Roper Technologies,Information Technology,Electronic Equipment & Instruments,large,316.62,9.84,-0.0716,-0.2557,-0.3602,STRONG_UP,-27.65,-43.94,-39.79,-44.66,51.2,23.34,0.6412,LOW,EARLY,335.2815,346.7547,419.8578,0,-96.3831,WEAK,-0.3416
1553,-26,CNMD,CONMED CORP,Health Care,,small,35.48,6.13,-0.0441,-0.0395,-0.2096,FLAT,-18.06,-37.37,-51.47,-43.17,48.8,40.61,1.0126,MED,-,36.4145,36.7252,42.9068,0,-44.9029,WEAK,-0.3854
1554,-17,AMSF,AMERISAFE INC,Financials,,small,30.85,6.27,-0.0204,-0.0179,-0.0898,FLAT,-20.03,-29.05,-18.55,-33.66,45.6,37.06,0.8306,LOW,-,30.5625,31.9192,37.1569,0,-35.7492,WEAK,-0.4074
1555,-17,JJSF,J AND J SNACK FOODS CORP,Consumer Staples,,small,77.39,9.68,0.0369,-0.1176,-0.0172,FLAT,-11.09,-29.03,-49.57,-39.93,52.0,33.93,0.9395,LOW,-,76.763,78.7732,88.946,0,-44.4977,WEAK,-0.7345
1556,-21,NAVI,NAVIENT CORP,Financials,,small,8.12,4.18,-0.0267,-0.1044,-0.0983,FLAT,-29.14,-35.86,-39.63,-47.14,51.2,32.72,1.267,MED,-,8.542,8.473,10.81,0,-56.1103,WEAK,-1.8419
