rank,delta_rank,ticker,name,sector,industry,cap_band,close,peer_rs_score,rs_5,rs_21,rs_63,rs_trend,ret_6m,ret_12m,ret_24m,max_dd,persist_frac,vol_63,rel_vol,vol_label,acc_watch,sma20,sma50,sma200,pass_trend,mqs,regime_label,score_final
1,0,FOLD,AMICUS THERAPEUTICS INC,Health Care,,mid,14.49,82.68,0.0187,0.029,0.0083,FLAT,67.13,140.7,60.29,-14.42,47.28,1.72,0.0,LOW,-,14.4595,14.403,10.8803,1,3867.5499,LEADER,703.3727
2,0,TERN,TERNS PHARMACEUTICALS INC,Health Care,,mid,52.95,100.0,0.017,0.0309,0.3962,STRONG_DOWN,191.09,1725.86,798.98,-27.56,55.87,30.88,0.0,LOW,-,52.83,49.9152,28.4599,1,3122.536,LEADER,578.0136
3,1,PKST,PEAKSTONE REALTY TRUST CLASS E,Real Estate,,small,20.99,95.12,0.0037,-0.0224,-0.0423,STRONG_UP,59.16,80.09,57.13,-16.14,51.43,2.22,1.8604,HIGH,-,20.9515,20.8946,15.9174,1,1855.3611,LEADER,416.941
4,-1,SNDK,Sandisk,Information Technology,"Technology Hardware, Storage & Peripherals",large,1452.02,100.0,0.0399,0.4063,1.2341,STRONG_DOWN,441.9,3357.19,3933.39,-31.34,58.4,96.74,0.9064,LOW,-,1142.22,872.5038,401.3985,1,2026.6687,LEADER,390.4943
5,0,DBRG,DIGITALBRIDGE GROUP INC CLASS A,Financials,,mid,15.63,97.5,0.0192,0.0133,0.0245,FLAT,43.06,72.11,7.39,-33.69,41.2,2.83,1.0725,MED,-,15.597,15.4908,13.3901,1,1049.7545,LEADER,223.7083
6,0,CELC,CELCUITY INC,Health Care,,mid,124.68,99.21,-0.0894,0.0551,0.1905,STRONG_DOWN,62.56,1052.31,643.47,-27.68,55.6,61.39,1.3022,MED,-,126.215,118.47,89.0445,1,953.0619,LEADER,205.6658
7,0,WDC,Western Digital,Information Technology,"Technology Hardware, Storage & Peripherals",large,488.74,98.95,0.0216,0.2034,0.5977,STRONG_DOWN,180.89,901.53,815.03,-20.59,63.6,68.02,0.8849,LOW,-,423.156,344.6537,205.2242,1,842.9474,LEADER,164.7419
8,0,TNGX,TANGO THERAPEUTICS INC,Health Care,,mid,23.5,99.61,0.0116,-0.0005,0.8579,FLAT,196.34,1578.57,221.48,-24.45,51.6,98.55,0.418,LOW,-,24.4945,21.0746,12.0044,1,826.5275,LEADER,164.2167
9,1,PRAX,PRAXIS PRECISION MEDICINES INC,Health Care,,mid,343.2,98.03,0.0318,0.0223,0.0559,FLAT,104.42,819.61,659.46,-36.33,53.2,57.38,0.8865,LOW,-,333.218,317.8186,212.429,1,759.9072,LEADER,152.6863
10,1,WBD,Warner Bros. Discovery,Communication Services,Broadcasting,large,27.2,100.0,0.0128,-0.0119,-0.0217,STRONG_UP,18.36,196.3,224.58,-21.31,48.8,12.43,0.5809,LOW,-,27.149,27.3596,23.2327,1,770.6564,LEADER,151.1356
11,-2,BE,BLOOM ENERGY CLASS A CORP,Industrials,,large,280.69,100.0,0.0069,0.2812,0.8407,STRONG_DOWN,101.6,1364.98,2330.22,-45.94,55.2,116.85,0.7072,LOW,-,252.2985,191.7954,123.1762,1,644.8169,LEADER,139.8162
12,0,MU,Micron Technology,Information Technology,Semiconductors,large,766.58,97.37,0.1601,0.5151,0.6804,STRONG_DOWN,202.89,692.75,527.61,-30.28,57.6,77.34,1.6353,HIGH,-,558.876,463.6368,297.1427,1,515.9366,LEADER,132.6531
13,1,COGT,COGENT BIOSCIENCES INC,Health Care,,mid,34.53,97.24,-0.0209,-0.0311,-0.0782,STRONG_UP,6.38,591.98,369.8,-20.73,47.6,42.22,0.5821,LOW,-,36.0902,36.0411,28.3136,1,667.4192,LEADER,131.8424
14,-1,STX,Seagate Technology,Information Technology,"Technology Hardware, Storage & Peripherals",large,808.795,96.32,0.0385,0.385,0.8009,STRONG_DOWN,176.31,676.73,805.24,-21.0,58.4,65.89,0.9392,LOW,-,657.9587,513.0494,327.2832,1,599.8049,LEADER,120.2205
15,5,HOLX,Hologic,Health Care,Health Care Equipment,large,76.01,48.43,0.0222,0.0289,0.009,FLAT,12.87,33.07,0.58,-8.19,50.67,2.62,0.0,LOW,-,75.4925,75.3052,71.338,1,639.5779,LAGGARD,119.5192
16,1,SATS,ECHOSTAR CORP CLASS A,Communication,,large,129.38,100.0,0.0795,0.0103,0.0649,FLAT,75.43,554.1,715.25,-31.64,54.4,53.59,0.9753,LOW,-,125.03,119.448,90.9964,1,562.4701,LEADER,117.8194
17,-2,INBX,INHIBRX BIOSCIENCES INC,Health Care,,small,108.65,98.43,-0.2175,0.3295,0.3195,FLAT,37.53,863.21,768.73,-37.56,57.2,112.74,3.5083,HIGH,-,116.1712,87.6331,65.1954,1,437.9596,LEADER,112.3071
18,11,CSGS,CSG SYSTEMS INTERNATIONAL INC,Industrials,,mid,80.69,52.54,0.028,0.0064,0.0542,FLAT,4.19,25.55,94.78,-7.98,53.6,2.96,3.425,HIGH,-,80.3565,80.0594,73.7691,1,462.7277,CONTENDER,106.8414
19,-3,SLAB,SILICON LABORATORIES INC,Information Technology,,mid,216.58,59.47,0.0103,-0.1067,-0.1481,STRONG_UP,65.8,62.17,70.41,-24.37,52.0,6.04,0.6393,LOW,-,215.715,210.1542,159.7312,1,535.2511,CONTENDER,106.0374
20,1,GTLS,CHART INDUSTRIES INC,Industrials,,mid,207.47,45.76,0.0222,-0.0055,0.0385,FLAT,2.23,18.49,,-18.76,52.0,2.03,1.0262,MED,-,207.821,207.4472,203.7687,1,473.5478,LAGGARD,101.8467
21,-3,PL,PLANET LABS CLASS A,Industrials,,large,40.68,99.58,0.0486,0.1986,0.915,STRONG_DOWN,203.81,976.19,1964.97,-29.01,51.6,106.77,0.6509,LOW,-,37.605,32.9514,19.569,1,471.7751,LEADER,101.1342
22,0,CIEN,Ciena,Information Technology,Communications Equipment,large,577.15,95.26,0.0107,0.1042,0.7531,STRONG_DOWN,176.49,616.16,1088.29,-16.84,62.0,76.34,0.569,LOW,-,522.3505,445.8084,253.6101,1,500.4148,LEADER,100.6279
23,4,SKYT,SKYWATER TECHNOLOGY INC,Information Technology,,small,35.59,90.0,0.051,0.0026,0.022,FLAT,50.55,324.7,358.63,-42.64,48.4,42.98,1.8831,HIGH,-,33.03,30.2194,21.8906,1,365.6482,LEADER,94.8645
24,-5,ARWR,ARROWHEAD PHARMACEUTICALS INC,Health Care,,mid,79.04,95.67,0.0154,0.2086,0.2785,STRONG_DOWN,98.34,417.28,258.3,-24.64,57.2,50.92,0.7045,LOW,-,73.57,65.6412,50.7042,1,468.7406,LEADER,94.7652
25,-1,VSAT,VIASAT INC,Information Technology,,mid,70.99,94.74,0.0649,0.1147,0.3775,STRONG_DOWN,91.97,581.94,308.69,-23.78,53.6,70.72,0.8801,LOW,-,64.119,55.181,40.1406,1,441.0634,LEADER,90.0947
26,0,NVTS,NAVITAS SEMICONDUCTOR CORP,Information Technology,,mid,19.25,97.89,0.1642,0.8192,1.0089,STRONG_DOWN,100.52,799.53,384.89,-58.25,48.4,138.36,1.7305,HIGH,-,16.3315,12.0393,9.4502,1,279.6862,LEADER,86.9574
27,-4,AEHR,AEHR TEST SYSTEMS,Information Technology,,small,96.72,99.47,0.01,0.1692,1.6687,STRONG_DOWN,293.33,945.62,732.36,-42.31,52.8,142.42,1.269,MED,-,90.5115,62.7376,34.6914,1,350.5745,LEADER,84.8768
28,14,BELFB,BEL FUSE INC CLASS B,Information Technology,,mid,298.22,85.79,0.0496,0.1257,0.0627,FLAT,78.7,272.15,383.91,-19.54,62.8,52.44,1.5817,HIGH,-,271.4915,234.6748,182.3356,1,325.9186,LEADER,83.0259
29,2,POWL,POWELL INDUSTRIES INC,Industrials,,mid,308.05,98.31,-0.0147,0.3138,0.5969,STRONG_DOWN,147.52,376.04,481.45,-30.88,57.6,63.55,1.2622,MED,-,269.3205,218.7937,142.6208,1,340.8356,LEADER,81.4775
30,-2,APLD,APPLIED DIGITAL CORP,Information Technology,,mid,43.93,96.84,0.0031,0.2648,0.0117,FLAT,39.73,683.07,1162.36,-50.31,48.4,96.46,0.939,LOW,-,35.8507,30.2263,27.3527,1,342.7368,LEADER,80.8141
31,13,VICR,VICOR CORP,Industrials,,mid,292.53,99.15,0.0671,0.5385,0.8563,STRONG_DOWN,216.63,556.34,778.73,-32.01,58.8,102.42,1.4752,MED,-,255.8685,207.4074,122.345,1,319.3975,LEADER,78.2789
32,1,ORKA,ORUKA THERAPEUTICS INC,Health Care,,mid,64.65,96.85,-0.0572,-0.0133,1.0015,STRONG_DOWN,131.22,572.04,194.62,-18.08,56.0,83.86,0.7947,LOW,-,67.976,54.2588,32.4745,1,381.995,LEADER,77.9473
33,1,GLUE,MONTE ROSA THERAPEUTICS INC,Health Care,,small,19.11,94.49,-0.0463,0.1154,0.0023,FLAT,35.92,373.02,286.06,-41.84,49.6,51.03,0.4973,LOW,-,19.56,17.8382,14.0922,1,362.5668,LEADER,77.1833
34,25,HL,HECLA MINING,Materials,,large,20.57,100.0,0.1468,0.0362,-0.1425,STRONG_UP,37.02,317.15,296.59,-46.39,53.6,67.99,1.1032,MED,-,18.6045,19.0623,16.5059,1,250.0274,LEADER,74.3661
35,1,FIX,Comfort Systems USA,Industrials,Construction & Engineering,large,2016.3101,97.03,0.026,0.2213,0.5431,STRONG_DOWN,107.22,334.62,509.95,-13.77,59.6,55.25,0.6701,LOW,-,1812.1595,1580.9731,1099.156,1,360.9707,LEADER,73.4195
36,20,ALMS,ALUMIS INC,Health Care,,mid,23.51,96.06,-0.0616,0.0505,-0.0892,FLAT,365.54,427.13,76.77,-52.94,50.0,70.66,0.4331,LOW,-,24.6825,24.6732,14.3543,1,302.2432,LEADER,73.3143
37,9,AMPX,AMPRIUS TECHNOLOGIES INC,Industrials,,mid,18.83,98.73,-0.1278,0.0522,0.7309,STRONG_DOWN,38.56,556.1,1226.06,-46.41,52.8,108.24,1.0595,MED,-,19.9445,18.214,12.2991,1,271.2671,LEADER,72.9034
38,-6,INTC,Intel,Information Technology,Semiconductors,large,120.61,91.05,0.0773,0.759,1.309,STRONG_DOWN,213.68,434.62,297.82,-24.17,52.4,86.77,1.5313,HIGH,-,90.419,65.2926,43.3705,1,262.4643,LEADER,72.8688
39,-4,VISN,VISTANCE NETWORKS INC,Information Technology,,mid,11.77,89.47,-0.0276,0.1397,0.0697,FLAT,43.66,324.66,2241.79,-16.25,54.0,55.57,1.4048,MED,-,10.6686,9.5641,8.5665,1,315.4838,LEADER,72.5998
40,5,ERAS,ERASCA INC,Health Care,,mid,10.38,97.64,-0.0312,-0.3959,-0.1085,FLAT,353.28,680.45,446.32,-59.46,53.6,129.44,0.5546,LOW,-,14.819,15.2448,7.1295,1,281.769,LEADER,72.3622
41,0,GLW,Corning Inc.,Information Technology,Electronic Components,large,198.24,88.42,0.1019,0.0159,0.3059,FLAT,125.03,322.57,502.48,-23.01,59.2,74.79,1.741,HIGH,-,170.8885,153.3804,104.4811,1,255.3307,LEADER,71.4129
42,-4,TTMI,TTM TECHNOLOGIES INC,Information Technology,,large,163.36,91.58,0.0023,0.2218,0.589,STRONG_DOWN,133.74,448.19,803.54,-23.26,55.6,86.33,1.0292,MED,-,143.756,117.6234,80.0084,1,288.6511,LEADER,71.2146
43,-18,WULF,TERAWULF INC,Information Technology,,mid,22.8,93.16,-0.1058,-0.0445,0.2338,STRONG_DOWN,59.44,495.3,917.86,-31.74,52.8,82.73,0.7775,LOW,-,21.5605,18.1424,13.7477,1,316.1109,LEADER,69.4049
44,8,NVRI,ENVIRI CORP,Industrials,,small,19.67,90.68,0.046,0.0007,0.051,FLAT,55.25,157.12,141.65,-13.04,53.2,27.35,1.0875,MED,-,19.3635,18.944,15.7387,1,305.6309,LEADER,67.7083
45,-15,LASR,NLIGHT INC,Information Technology,,mid,83.81,93.68,0.1857,0.1222,0.3397,FLAT,129.81,532.05,533.01,-24.74,56.0,97.83,0.9126,LOW,-,71.4995,67.0938,43.3725,1,304.5576,LEADER,66.5058
46,1,AAOI,APPLIED OPTOELECTRONICS INC,Information Technology,,mid,188.28,98.42,0.0646,0.155,2.7015,STRONG_DOWN,640.68,827.94,1782.8,-47.64,51.6,184.38,1.3832,MED,-,160.9075,129.0908,56.4547,1,231.706,LEADER,66.4294
47,-7,EA,Electronic Arts,Communication Services,Interactive Home Entertainment,large,200.19,90.48,0.0098,-0.0188,-0.0027,FLAT,-0.41,34.88,59.68,-7.46,53.6,5.6,0.7725,LOW,-,202.165,201.7964,194.528,1,333.8277,LEADER,65.9112
48,9,GSAT,GLOBALSTAR VOTING INC,Communication,,mid,82.67,95.83,0.0592,0.0532,0.2994,FLAT,43.57,336.95,371.05,-26.53,55.6,62.18,0.8679,LOW,-,81.422,71.238,54.5564,1,301.2889,LEADER,65.7334
49,-1,INDV,INDIVIOR PHARMACEUTICALS INC,Health Care,,mid,38.28,88.98,-0.0409,0.1845,0.1176,FLAT,23.96,242.09,114.21,-21.37,54.0,42.62,0.6585,LOW,-,35.6945,32.852,30.0982,1,306.7321,LEADER,64.8408
50,-11,HUT,HUT CORP,Information Technology,,mid,107.31,94.21,-0.0066,0.3647,0.8278,STRONG_DOWN,127.5,550.36,1263.53,-38.62,56.4,111.35,0.9485,LOW,-,82.8555,64.6552,47.7486,1,278.7652,LEADER,64.7898
51,-2,KOD,KODIAK SCIENCES INC,Health Care,,mid,39.49,98.82,-0.123,-0.1012,0.718,STRONG_DOWN,113.57,879.9,931.07,-32.4,52.8,167.98,0.376,LOW,-,43.53,36.0862,22.9734,1,276.5732,LEADER,63.9528
52,-15,FORM,FORMFACTOR INC,Information Technology,,mid,132.02,87.37,-0.1063,-0.1037,0.1856,STRONG_DOWN,146.54,307.59,139.95,-24.04,54.0,70.32,2.4883,HIGH,-,141.0805,116.555,68.7701,1,236.2077,LEADER,63.7685
53,9,VIAV,VIAVI SOLUTIONS INC,Information Technology,,mid,53.4,92.11,0.0176,0.1783,0.7966,STRONG_DOWN,194.05,462.7,626.53,-21.13,54.0,84.65,0.7569,LOW,-,48.1525,39.854,22.4151,1,295.1645,LEADER,62.6444
54,9,SYRE,SPYRE THERAPEUTICS INC,Health Care,,mid,75.04,95.28,0.0446,0.1958,1.2066,STRONG_DOWN,238.32,408.75,102.81,-20.91,54.4,76.12,0.9289,LOW,-,71.8657,56.3707,33.1947,1,292.1147,LEADER,61.9025
55,-12,CIFR,CIPHER DIGITAL INC,Information Technology,,mid,20.06,92.63,-0.076,-0.0456,0.0436,STRONG_DOWN,2.09,484.84,439.25,-51.38,48.8,97.18,0.8852,LOW,-,18.9483,16.3635,14.9229,1,243.4675,LEADER,61.5487
56,-6,UUUU,ENERGY FUELS INC,Energy,,mid,20.95,100.0,-0.122,0.0098,-0.2125,FLAT,27.05,363.5,247.43,-51.28,52.4,82.13,0.918,LOW,-,21.4,19.8056,17.4205,1,231.9149,LEADER,60.0705
57,24,RLAY,RELAY THERAPEUTICS INC,Health Care,,mid,12.93,93.7,0.0174,-0.1008,0.4075,FLAT,109.56,356.89,101.4,-25.54,53.6,71.83,0.6901,LOW,-,14.229,12.3692,7.9466,1,266.3139,LEADER,59.1861
58,84,PLUG,PLUG POWER INC,Industrials,,mid,3.56,97.46,0.0992,0.2105,0.8524,STRONG_DOWN,39.06,339.51,23.18,-56.66,44.8,93.25,2.3618,HIGH,-,3.1615,2.6836,2.3284,1,163.1086,LEADER,58.7124
59,16,STOK,STOKE THERAPEUTICS INC,Health Care,,small,32.49,90.55,-0.0073,-0.0713,0.0027,FLAT,45.24,263.83,181.3,-37.16,54.0,53.42,0.4055,LOW,-,34.0785,34.1106,28.9343,1,266.6943,LEADER,58.6595
60,9,AXGN,AXOGEN INC,Health Care,,small,40.93,92.13,-0.0422,0.2112,0.2017,FLAT,70.54,276.19,606.91,-21.47,55.6,54.72,0.587,LOW,-,40.204,35.197,26.8719,1,280.6366,LEADER,58.4322
61,15,DNTH,DIANTHUS THERAPEUTICS INC,Health Care,,mid,86.15,94.09,-0.0308,-0.0697,0.7201,FLAT,135.32,357.27,231.22,-19.03,50.8,67.51,0.3683,LOW,-,88.8745,83.7148,49.3146,1,268.8403,LEADER,57.8664
62,32,LQDA,LIQUIDIA CORP,Health Care,,mid,56.6,89.76,0.3598,0.4856,0.4034,FLAT,107.63,253.97,366.23,-37.82,54.8,77.7,2.6028,HIGH,-,40.614,38.3252,31.8362,1,179.12,LEADER,56.682
63,4,FET,FORUM ENERGY TECHNOLOGIES INC,Energy,,small,55.59,96.63,-0.0209,-0.1239,-0.0147,FLAT,88.31,238.96,204.6,-16.88,58.4,51.01,0.5864,LOW,-,58.87,58.6374,39.5857,1,273.5829,LEADER,56.3085
64,1,LRCX,Lam Research,Information Technology,Semiconductor Materials & Equipment,large,289.24,84.74,-0.0183,-0.0711,0.0431,FLAT,74.35,241.77,225.94,-20.01,59.2,57.52,0.8542,LOW,-,268.9285,243.3752,180.4848,1,248.8318,LEADER,55.8218
65,-10,TER,Teradyne,Information Technology,Semiconductor Materials & Equipment,large,358.45,88.95,-0.0544,-0.1522,-0.0783,FLAT,94.95,323.77,189.32,-26.73,57.6,80.11,,LOW,-,368.1995,334.2454,218.6394,1,232.7925,LEADER,55.7105
66,14,TYRA,TYRA BIOSCIENCES INC,Health Care,,mid,34.87,89.37,0.0483,0.0121,0.1567,FLAT,140.48,249.4,88.49,-16.94,54.8,52.76,0.4323,LOW,-,35.0932,35.9314,23.6474,1,259.042,LEADER,55.1011
67,-1,RAPP,RAPPORT THERAPEUTICS INC,Health Care,,small,37.24,91.34,0.0215,0.0536,0.3417,STRONG_DOWN,49.47,272.77,79.04,-28.82,52.8,55.91,0.8398,LOW,-,36.5365,32.7252,27.0406,1,257.5998,LEADER,54.6569
68,36,PACS,PACS GROUP INC,Health Care,,mid,41.01,91.73,0.2289,0.2609,0.0411,FLAT,228.08,274.52,63.52,-42.03,47.2,79.86,4.1236,HIGH,-,34.459,34.0786,25.8236,1,162.2511,LEADER,54.4103
69,-16,AMD,Advanced Micro Devices,Information Technology,Semiconductors,large,448.29,86.84,0.0739,0.6264,0.9104,STRONG_DOWN,83.74,298.62,197.75,-27.76,55.2,72.11,0.9817,LOW,-,346.4855,264.676,220.2454,1,228.5941,LEADER,54.2755
70,-6,ANAB,ANAPTYSBIO INC,Health Care,,small,65.58,94.88,-0.01,0.4243,0.7748,STRONG_DOWN,189.49,379.39,310.05,-28.15,52.0,77.92,0.9933,LOW,-,60.2538,49.0535,30.5765,1,253.1837,LEADER,54.1817
71,-20,CAPR,CAPRICOR THERAPEUTICS INC,Health Care,,small,31.52,93.31,-0.0667,-0.0695,0.2968,FLAT,466.91,331.78,479.41,-67.67,48.8,77.13,0.8142,LOW,-,33.631,31.7512,18.7251,1,209.9171,LEADER,54.1789
72,-11,MXL,MAXLINEAR INC,Information Technology,,small,91.93,95.79,0.1418,3.1328,3.5501,STRONG_DOWN,507.2,616.52,391.6,-26.81,56.4,181.92,1.8678,HIGH,-,60.103,34.6168,21.2343,1,191.1386,LEADER,53.3892
73,30,BORR,BORR DRILLING LTD,Energy,,small,6.16,95.51,0.0186,0.0183,-0.0703,STRONG_UP,91.9,232.97,12.7,-23.33,52.0,50.34,0.7323,LOW,-,5.818,5.6568,4.0826,1,240.6554,LEADER,52.3433
74,-14,DFTX,DEFINIUM THERAPEUTICS INC,Health Care,,mid,21.16,88.19,-0.08,-0.0125,0.2139,STRONG_DOWN,80.09,232.18,150.41,-24.79,53.2,52.06,0.5615,LOW,-,22.2415,20.3338,14.5404,1,237.2664,LEADER,52.3033
75,13,SITM,SITIME CORP,Information Technology,,mid,847.19,87.89,0.3692,0.7682,0.7533,FLAT,163.52,314.42,583.16,-29.39,56.4,93.25,1.4641,MED,-,600.3125,456.5942,345.8435,1,190.1667,LEADER,51.4298
76,-3,AMLX,AMYLYX PHARMACEUTICALS INC,Health Care,,small,14.44,87.4,-0.0844,-0.1239,0.0004,FLAT,18.56,221.6,693.41,-27.93,51.2,54.52,1.0185,MED,-,16.4625,15.387,13.3326,1,208.109,LEADER,51.3542
77,-5,PVLA,PALVELLA THERAPEUTICS INC,Health Care,,small,125.79,96.46,-0.0172,-0.0062,0.5838,STRONG_DOWN,56.67,444.07,1010.24,-29.93,54.0,102.48,0.5086,LOW,-,126.298,125.373,88.9934,1,233.997,LEADER,51.3278
78,19,TTI,TETRA TECHNOLOGIES INC,Energy,,small,10.26,98.88,0.0291,0.1576,-0.2301,FLAT,27.61,240.86,155.86,-37.66,54.8,58.66,0.6108,LOW,-,9.4855,8.8064,7.9095,1,225.0143,LEADER,51.3215
79,-9,GOOGL,Alphabet Inc. (Class A),Communication Services,Interactive Media & Services,large,387.35,95.24,-0.0155,0.1672,0.2557,STRONG_DOWN,33.7,143.65,130.9,-20.37,54.8,34.44,0.849,LOW,-,363.6095,326.8662,287.9756,1,228.5703,LEADER,51.2005
80,33,ICHR,ICHOR HOLDINGS LTD,Information Technology,,small,73.28,86.32,0.0207,0.0137,0.3512,FLAT,375.23,280.08,95.0,-40.8,56.0,81.33,1.0844,MED,-,68.241,56.0442,31.0877,1,192.8519,LEADER,51.1371
81,21,CRVS,CORVUS PHARMACEUTICALS INC,Health Care,,small,15.97,92.91,0.0503,0.0707,-0.1975,FLAT,101.9,310.54,656.87,-48.47,50.0,73.33,0.7114,LOW,-,15.761,15.3499,10.8939,1,211.7413,LEADER,50.9784
82,3,CENX,CENTURY ALUMINUM,Materials,,mid,63.27,97.1,0.0238,-0.0169,0.1797,FLAT,95.82,268.28,255.85,-23.56,52.4,62.72,0.7486,LOW,-,61.217,58.5398,39.7759,1,224.1345,LEADER,50.7906
83,-29,GPRE,GREEN PLAINS INC,Energy,,small,16.77,93.26,-0.0245,0.0273,-0.0634,FLAT,71.65,229.47,-15.22,-22.75,55.2,60.49,1.0515,MED,-,16.7025,16.1924,11.8607,1,209.4019,LEADER,50.7655
84,-16,FLNC,FLUENCE ENERGY INC CLASS A,Industrials,,mid,21.28,95.76,0.593,0.4375,0.2507,STRONG_UP,-2.34,268.17,22.23,-63.3,49.2,122.38,3.1052,HIGH,-,14.9827,14.9849,16.1548,1,107.8099,LEADER,50.635
85,-27,KLIC,KULICKE AND SOFFA INDUSTRIES INC,Information Technology,,mid,98.0,83.16,0.0551,0.0954,0.1245,STRONG_DOWN,151.91,188.54,112.01,-17.99,56.8,50.82,1.3869,MED,-,88.3685,75.6947,53.3766,1,210.7238,LEADER,50.5271
86,-4,MBX,MBX BIOSCIENCES INC,Health Care,,small,36.98,90.16,0.168,0.1505,0.0509,STRONG_UP,51.0,260.08,56.36,-37.6,50.8,81.3,1.8345,HIGH,-,32.9708,31.1366,26.0025,1,162.5087,LEADER,49.9106
87,2,KYMR,KYMERA THERAPEUTICS INC,Health Care,,mid,83.55,84.25,-0.015,-0.0476,0.0099,FLAT,36.39,168.3,117.81,-27.74,50.8,39.58,0.5593,LOW,-,85.172,83.5611,68.54,1,216.0148,LEADER,49.8521
88,11,SPHR,SPHERE ENTERTAINMENT CLASS A,Communication,,mid,135.96,91.67,-0.0116,0.0366,0.3236,STRONG_DOWN,76.76,261.98,252.59,-17.66,52.8,67.84,1.0645,MED,-,134.5855,123.8058,86.6445,1,203.9002,LEADER,49.4874
89,1,CAT,Caterpillar Inc.,Industrials,Construction Machinery & Heavy Transportation Equipment,large,912.14,91.1,0.0077,0.1503,0.2152,STRONG_DOWN,60.47,161.53,162.7,-13.88,57.2,40.83,0.8921,LOW,-,849.0824,770.217,605.8509,1,226.2979,LEADER,48.4665
90,-13,SEMR,SEMRUSH HOLDINGS INC CLASS A,Information Technology,,small,12.0,40.0,0.0109,-0.127,-0.1872,STRONG_UP,56.25,10.7,-22.18,-38.47,45.19,2.84,1.8761,HIGH,-,11.9625,11.917,9.9915,1,170.2757,LAGGARD,48.4482
91,26,GHM,GRAHAM CORP,Industrials,,small,99.12,92.37,0.0487,0.0696,0.159,STRONG_DOWN,59.87,165.38,247.91,-18.21,55.2,49.14,1.8456,HIGH,-,95.0325,88.2996,68.3587,1,185.7766,LEADER,48.2441
92,0,STRL,STERLING INFRASTRUCTURE INC,Industrials,,large,851.35,97.88,-0.0158,0.8323,0.9981,STRONG_DOWN,121.45,354.1,,-31.02,55.6,123.49,1.2329,MED,-,594.004,488.88,377.2229,1,159.4304,LEADER,48.2241
93,0,ENS,ENERSYS,Industrials,,mid,232.64,88.56,0.0618,0.1691,0.3535,STRONG_DOWN,73.14,133.7,145.81,-20.08,58.8,35.41,0.8335,LOW,-,211.512,187.7124,147.0135,1,222.0217,LEADER,47.9901
94,-15,ALB,Albemarle Corporation,Materials,Specialty Chemicals,large,205.52,94.2,0.0805,0.074,0.1702,FLAT,99.51,238.07,61.88,-20.05,56.4,65.68,0.8166,LOW,-,196.554,181.3284,133.693,1,204.4296,LEADER,47.9756
95,52,ATRO,ASTRONICS CORP,Industrials,,mid,78.26,91.53,0.0245,0.0286,0.0744,STRONG_DOWN,63.62,162.79,314.29,-23.39,53.6,53.17,1.5954,HIGH,-,74.3055,72.0034,57.5417,1,164.1104,LEADER,47.1425
96,29,LGN,LEGENCE CORP CLASS A,Industrials,,mid,97.66,94.92,-0.0215,0.478,0.8574,STRONG_DOWN,166.98,220.2,220.2,-19.79,59.04,67.26,1.0071,MED,-,85.5788,67.1331,,0,193.286,LAGGARD,46.9638
97,26,NBR,NABORS INDUSTRIES LTD,Energy,,small,101.97,92.13,0.014,0.223,0.2952,STRONG_DOWN,95.64,222.18,37.97,-24.17,54.4,55.36,0.5002,LOW,-,93.3065,86.275,59.2319,1,218.3273,LEADER,46.5973
98,11,IMNM,IMMUNOME INC,Health Care,,mid,22.69,84.65,-0.0085,0.0143,-0.0372,FLAT,38.02,186.85,45.36,-28.44,51.6,49.51,0.8902,LOW,-,23.278,22.0246,18.0455,1,194.7398,LEADER,46.2927
99,37,NUE,Nucor,Materials,Steel,large,229.83,73.91,-0.0069,0.2009,0.182,FLAT,62.2,96.13,36.51,-18.43,54.8,29.32,1.0185,MED,-,217.555,189.0854,162.9018,1,179.669,CONTENDER,46.2165
100,-2,CRDO,CREDO TECHNOLOGY GROUP HOLDING LTD,Information Technology,,large,198.57,84.21,0.0115,0.1136,0.3579,STRONG_DOWN,16.7,236.16,1018.07,-53.59,54.8,97.44,0.8867,LOW,-,182.6988,138.1183,140.2868,1,132.816,LEADER,46.0584
101,87,LINC,LINCOLN EDUCATIONAL SERVICES CORP,Consumer Discretionary,,small,50.21,98.61,0.1525,0.3115,0.9699,STRONG_DOWN,150.05,143.27,316.68,-27.35,57.2,50.27,1.5479,HIGH,-,42.289,40.3922,27.4565,1,163.0155,LEADER,45.3094
102,13,TE,T1 ENERGY INC,Industrials,,small,5.85,96.19,0.1337,0.2034,-0.112,FLAT,30.0,284.87,206.28,-58.59,48.4,111.0,2.2335,HIGH,-,5.273,5.8046,4.7522,1,124.2129,LEADER,45.2186
103,-19,PRM,PERIMETER SOLUTIONS INC,Materials,,mid,32.1,88.41,0.1846,0.2052,0.169,FLAT,25.24,163.76,313.13,-30.2,57.6,58.74,1.0367,MED,-,30.0125,26.057,24.6118,1,160.5851,LEADER,45.1763
104,88,JNJ,Johnson & Johnson,Health Care,Pharmaceuticals,large,224.26,58.66,0.0151,-0.0433,-0.0704,STRONG_UP,20.42,55.29,,-10.96,54.8,16.23,1.0373,MED,-,227.495,235.3858,206.887,1,186.6752,CONTENDER,45.1614
105,-10,AMAT,Applied Materials,Information Technology,Semiconductor Materials & Equipment,large,431.2,78.95,0.0161,-0.043,0.0817,FLAT,84.02,151.43,112.32,-21.37,57.6,53.18,1.2822,MED,-,404.7665,375.6418,277.0674,1,164.021,LEADER,45.1129
106,-6,PARR,PAR PACIFIC HOLDINGS INC,Energy,,mid,63.08,94.38,0.0012,-0.0674,0.3433,FLAT,45.61,230.09,120.17,-26.21,53.6,65.15,0.7469,LOW,-,63.725,60.1342,43.0912,1,189.2981,LEADER,45.0599
107,48,OLMA,OLEMA PHARMACEUTICALS INC,Health Care,,small,13.97,87.01,-0.0639,-0.1203,-0.4158,STRONG_UP,60.57,198.5,51.52,-62.55,47.6,77.56,1.5967,HIGH,-,15.3095,15.7954,16.2274,0,121.8257,LAGGARD,44.9739
108,-21,KLAC,KLA Corporation,Information Technology,Semiconductor Materials & Equipment,large,1811.35,74.74,0.0074,-0.1243,0.0373,FLAT,49.16,129.31,157.84,-22.41,60.4,48.12,1.0427,MED,-,1799.043,1629.147,1289.5284,1,162.3101,CONTENDER,44.5421
109,73,ACMR,ACM RESEARCH CLASS A INC,Information Technology,,mid,62.99,78.42,0.1475,0.11,-0.3027,STRONG_UP,91.17,150.56,173.63,-46.34,57.6,79.48,1.6759,HIGH,-,53.759,48.7623,42.4039,1,109.1102,LEADER,44.5177
110,-19,SANM,SANMINA CORP,Information Technology,,mid,235.84,81.58,-0.003,0.3956,0.3906,FLAT,35.21,176.58,263.28,-32.69,56.0,64.34,1.0335,MED,-,204.6135,161.1414,145.6255,1,153.6913,LEADER,44.4432
111,19,NEM,Newmont,Materials,Gold,large,119.69,81.16,0.0533,-0.0058,-0.0484,STRONG_UP,36.28,142.15,192.11,-27.25,60.4,51.45,0.5977,LOW,-,113.34,111.9332,97.3074,1,166.8808,LEADER,44.1648
112,100,DCO,DUCOMMUN INC,Industrials,,small,145.03,85.59,0.011,0.0261,0.2394,STRONG_DOWN,50.6,119.54,156.1,-16.03,58.8,41.38,1.7619,HIGH,-,140.6005,133.7002,107.5667,1,169.8676,LEADER,43.9532
113,37,MTRN,MATERION CORP,Materials,,mid,203.65,85.51,0.048,0.2229,0.2932,STRONG_DOWN,72.7,160.31,83.34,-20.73,55.2,50.87,1.0148,MED,-,185.1435,162.7274,134.915,1,173.9533,LEADER,43.9131
114,0,VSH,VISHAY INTERTECHNOLOGY INC,Information Technology,,mid,33.63,75.79,0.0122,0.3228,0.4867,STRONG_DOWN,132.06,132.58,55.22,-33.46,56.0,54.69,2.9802,HIGH,-,29.201,22.6768,17.6276,1,135.7576,LEADER,43.7752
115,3,URGN,UROGEN PHARMA LTD,Health Care,,small,29.8,86.61,0.1519,0.4278,0.404,FLAT,28.84,193.89,128.0,-61.24,49.2,69.81,1.0192,MED,-,24.921,21.3028,20.8254,1,136.6448,LEADER,43.5767
116,-8,DHC,DIVERSIFIED HEALTHCARE TRUST,Real Estate,,small,8.36,100.0,0.0117,0.121,0.2801,STRONG_DOWN,86.36,176.39,258.13,-15.7,53.2,44.83,0.6664,LOW,-,7.685,7.3061,5.3498,1,209.3277,LEADER,43.4188
117,-1,VTRS,Viatris,Health Care,Pharmaceuticals,large,17.17,74.8,0.0932,0.2578,0.0679,FLAT,72.25,104.44,65.14,-18.97,56.0,35.68,1.0126,MED,-,15.2955,14.3221,12.0147,1,163.9196,CONTENDER,43.3457
118,2,AAMI,ACADIAN ASSET MANAGEMENT INC,Financials,,small,70.53,100.0,0.058,0.0957,0.3707,STRONG_DOWN,56.31,132.33,214.41,-18.2,57.6,36.93,0.7399,LOW,-,67.477,59.5586,50.9162,1,206.3989,LEADER,43.2226
119,-13,KGS,KODIAK GAS SERVICES INC,Energy,,mid,75.14,77.53,0.0409,0.1464,0.3114,STRONG_DOWN,122.65,114.35,202.29,-15.95,57.6,32.46,0.9905,LOW,-,67.2595,61.5902,43.0163,1,202.9139,LEADER,43.1566
120,-9,KN,KNOWLES CORP,Information Technology,,mid,35.25,68.42,0.0481,0.0865,0.117,STRONG_DOWN,55.77,102.94,101.31,-15.32,56.0,35.58,2.1104,HIGH,-,31.8095,28.2906,24.3393,1,162.013,CONTENDER,42.7226
121,7,LBRT,LIBERTY ENERGY INC CLASS A,Energy,,mid,33.23,88.76,0.0119,0.1575,0.2196,STRONG_DOWN,95.99,168.85,53.22,-26.19,51.2,47.32,0.6288,LOW,-,31.4555,29.9174,20.0483,1,182.6932,LEADER,42.6224
122,-21,CMRE,COSTAMARE INC,Industrials,,mid,17.21,83.9,0.0202,-0.0054,0.0716,FLAT,23.74,102.24,35.02,-14.61,56.0,33.23,1.3014,MED,-,16.818,16.8636,14.5184,1,172.2949,LEADER,42.4889
123,18,SEI,SOLARIS OILFIELD INFRASTRUCTURE IN,Energy,,mid,76.23,97.75,-0.0284,0.1098,0.2788,STRONG_DOWN,52.07,240.7,791.62,-26.43,52.0,70.95,0.8473,LOW,-,71.215,62.9128,48.8673,1,176.4119,LEADER,41.9843
124,20,SSRM,SSR MINING INC,Materials,,mid,35.74,95.65,0.1091,0.0799,0.2945,FLAT,71.66,238.77,589.96,-30.88,57.6,83.54,0.9177,LOW,-,30.98,29.9532,24.0564,1,164.628,LEADER,41.9703
125,41,UAMY,UNITED STATES ANTIMONY CORP,Materials,,small,10.5,98.55,-0.1555,0.1122,0.2937,STRONG_DOWN,36.9,306.98,4672.73,-74.3,48.4,126.95,1.0942,MED,-,10.8665,9.8776,7.7162,1,117.0356,LEADER,41.95
126,-5,DOCN,DIGITALOCEAN HOLDINGS INC,Information Technology,,mid,155.72,90.53,-0.0243,0.9889,1.3069,STRONG_DOWN,201.37,394.19,313.38,-24.11,51.6,115.42,0.6382,LOW,-,113.374,91.0494,55.9872,1,176.2288,LEADER,41.7439
127,5,KALU,KAISER ALUMINIUM CORP,Materials,,mid,176.36,84.06,-0.0107,0.2353,0.2202,FLAT,87.04,153.93,88.88,-26.03,56.4,50.21,0.8841,LOW,-,166.9921,141.2653,108.5133,1,172.9036,LEADER,41.6256
128,-54,OUT,OUTFRONT MEDIA INC,Real Estate,,mid,31.84,98.78,0.0061,0.0692,0.1832,STRONG_DOWN,61.58,103.28,141.19,-11.25,53.6,31.41,1.0767,MED,-,30.8855,28.8858,22.8761,1,176.2517,LEADER,41.5501
129,-33,GH,GUARDANT HEALTH INC,Health Care,,large,99.94,83.07,0.1,0.1802,-0.0775,FLAT,2.06,141.63,316.42,-32.98,54.4,52.77,,LOW,-,89.796,88.8856,85.2569,1,146.0093,LEADER,41.5492
130,-44,INSW,INTERNATIONAL SEAWAYS INC,Energy,,mid,88.4,85.39,0.0192,0.1571,0.3063,STRONG_DOWN,72.82,147.31,74.35,-13.84,54.4,41.09,0.902,LOW,-,82.1545,75.5361,55.4515,1,195.0209,LEADER,41.3975
131,-9,UCTT,ULTRA CLEAN HOLDINGS INC,Information Technology,,mid,82.99,85.26,0.0044,-0.0539,0.2952,FLAT,207.26,266.24,90.74,-29.74,53.6,87.95,0.5662,LOW,-,79.3885,68.7324,40.851,1,162.2566,LEADER,41.1115
132,85,HLIO,HELIOS TECHNOLOGIES INC,Industrials,,mid,77.57,87.71,0.1348,0.0904,0.0878,STRONG_UP,44.3,131.76,54.09,-17.07,49.2,47.6,2.9653,HIGH,-,68.4735,67.407,59.1872,1,136.186,LEADER,40.8446
133,37,UEC,URANIUM ENERGY CORP,Energy,,mid,15.5,91.01,-0.0298,0.0345,-0.1705,FLAT,19.78,175.31,124.64,-39.97,50.8,72.0,1.0699,MED,-,14.98,14.1158,13.5607,1,123.6915,LEADER,40.7587
134,-8,PDFS,PDF SOLUTIONS INC,Information Technology,,small,50.95,80.0,0.0696,0.1016,0.3782,STRONG_DOWN,87.94,162.49,51.32,-24.65,54.0,59.98,2.2115,HIGH,-,45.1,38.5612,29.8885,1,146.293,LEADER,40.6764
135,0,KW,KENNEDY WILSON HOLDINGS INC,Real Estate,,small,11.0,96.34,0.0078,-0.0161,0.0864,FLAT,19.02,81.07,16.2,-17.27,48.4,20.71,0.3907,LOW,-,10.9225,10.849,9.343,1,189.4564,LEADER,40.5723
136,-29,KRYS,KRYSTAL BIOTECH INC,Health Care,,mid,310.31,81.1,0.0904,0.1727,0.1325,FLAT,55.52,130.66,100.43,-15.94,56.4,40.39,0.8473,LOW,-,279.4425,265.815,222.9223,1,182.4549,LEADER,40.4835
137,-25,AEIS,ADVANCED ENERGY INDUSTRIES INC,Information Technology,,large,339.42,82.63,-0.0509,-0.2529,-0.0943,FLAT,54.9,183.18,234.47,-16.35,56.8,60.5,0.9445,LOW,-,371.021,346.0014,242.2116,1,171.9748,LEADER,40.3994
138,64,FCFS,FIRSTCASH HOLDINGS INC,Financials,,mid,230.54,98.21,0.0375,0.1467,0.276,STRONG_DOWN,43.56,79.41,100.03,-12.75,57.2,27.02,1.3339,MED,-,217.0165,202.9916,168.5794,1,168.1058,LEADER,40.3
139,-10,NWPX,NWPX INFRASTRUCTURE INC,Industrials,,small,113.97,94.07,0.0486,0.3005,0.551,STRONG_DOWN,93.23,179.34,216.85,-15.7,52.4,55.29,1.2695,MED,-,94.8855,84.542,65.1894,1,169.9643,LEADER,40.2556
140,142,RGTI,RIGETTI COMPUTING INC,Information Technology,,mid,19.07,66.84,-0.0424,-0.0024,-0.0332,FLAT,-42.35,93.31,1401.57,-77.1,48.8,80.93,1.7042,HIGH,SHIFT,18.268,16.5738,22.9526,0,56.2648,LAGGARD,40.2391
141,-36,CBL,CBL ASSOCIATES PROPERTIES INC,Real Estate,,small,46.57,97.56,0.0583,0.0747,0.2887,STRONG_DOWN,49.57,95.48,147.07,-12.31,56.4,31.01,1.1353,MED,-,44.522,40.9268,34.3277,1,173.6514,LEADER,40.0894
142,-7,AGX,ARGAN INC,Industrials,,mid,681.01,96.61,-0.0404,0.1282,0.6492,STRONG_DOWN,103.13,290.24,930.89,-24.96,55.2,96.13,0.5905,LOW,-,658.2558,565.1994,371.8806,1,166.6621,LEADER,40.019
143,29,CDE,COEUR MINING INC,Materials,,large,20.17,89.86,0.0892,-0.0563,-0.137,STRONG_UP,35.64,164.01,288.63,-40.44,53.2,75.25,0.7423,LOW,-,18.7525,19.505,18.0482,1,115.9479,LEADER,39.9157
144,63,INSM,Insmed Incorporated,Health Care,Biotechnology,large,116.0,69.29,-0.1374,-0.2212,-0.225,STRONG_UP,-39.56,76.53,349.09,-52.06,54.8,69.76,3.0483,HIGH,EARLY,132.9805,142.6248,155.8975,0,60.1207,LAGGARD,39.6969
145,-12,CMI,Cummins,Industrials,Construction Machinery & Heavy Transportation Equipment,large,704.56,85.17,0.008,0.1442,0.2164,STRONG_DOWN,46.59,114.5,151.6,-15.23,56.8,37.1,0.7841,LOW,-,657.884,597.1496,503.9728,1,175.293,LEADER,39.492
146,27,MOD,MODINE MANUFACTURING,Industrials,,large,276.27,91.95,0.0311,0.0888,0.2947,STRONG_DOWN,72.95,163.94,172.83,-27.55,51.2,66.09,1.0595,MED,-,255.8835,230.5708,173.1647,1,127.0075,LEADER,39.4283
147,0,OKLO,OKLO INC CLASS A,Utilities,,mid,73.63,100.0,-0.0762,0.2829,0.0867,FLAT,-33.98,129.88,653.63,-73.83,50.4,94.05,1.3683,MED,SHIFT,70.529,61.305,86.5033,0,69.5998,LAGGARD,39.0925
148,-11,CECO,CECO ENVIRONMENTAL CORP,Industrials,,mid,80.45,94.49,-0.0437,0.2173,0.0921,FLAT,48.43,205.54,229.31,-35.08,55.2,79.98,0.6694,LOW,-,72.5725,64.2334,57.5697,1,141.8615,LEADER,38.8443
149,14,DY,DYCOM INDUSTRIES INC,Industrials,,large,429.4,86.02,-0.0384,0.0944,0.0354,FLAT,46.24,121.35,186.78,-24.43,56.4,46.31,0.7158,LOW,-,417.995,383.7554,335.1891,1,147.7916,LEADER,38.7901
150,-67,RHLD,RESOLUTE HOLDINGS MANAGEMENT INC,Industrials,,small,107.06,95.34,-0.2098,-0.3013,-0.4039,STRONG_UP,-38.74,259.74,198.3,-52.71,53.2,98.77,0.8677,LOW,-,134.4975,147.1068,137.2371,0,139.905,LAGGARD,38.7007
151,83,QBTS,D WAVE QUANTUM INC,Information Technology,,mid,22.35,68.95,-0.0537,0.1859,-0.0559,FLAT,-23.9,108.29,1531.39,-71.01,49.6,93.38,1.7458,HIGH,SHIFT,20.913,18.0554,22.7986,0,57.522,LAGGARD,38.6271
152,-18,REX,REX AMERICAN RESOURCES CORP,Energy,,small,49.35,82.02,0.0162,0.0842,0.2397,STRONG_DOWN,49.86,131.26,70.47,-9.83,58.4,40.26,0.552,LOW,-,47.2955,43.9428,34.9078,1,190.396,LEADER,38.5152
153,55,VECO,VEECO INSTRUMENTS INC,Information Technology,,mid,61.46,83.68,0.0007,0.3782,0.6967,STRONG_DOWN,97.88,189.91,62.98,-20.27,54.0,79.5,1.6949,HIGH,-,51.1575,40.7956,31.74,1,128.9925,LEADER,38.338
154,-15,COHU,COHU INC,Information Technology,,small,49.32,81.05,0.004,0.1496,0.2552,STRONG_DOWN,102.8,171.74,67.81,-20.23,56.0,54.27,0.9191,LOW,-,45.8205,36.922,27.0968,1,177.2101,LEADER,38.1204
155,4,RCUS,ARCUS BIOSCIENCES INC,Health Care,,mid,24.9,85.04,-0.0258,0.1056,0.1601,STRONG_DOWN,27.95,187.2,44.68,-27.78,56.4,68.22,0.4391,LOW,-,24.956,23.3318,19.127,1,154.7629,LEADER,38.0702
156,-10,BTSG,BRIGHTSPRING HEALTH SERVICES INC,Health Care,,mid,55.5,82.28,0.069,0.2289,0.3798,STRONG_DOWN,65.33,138.81,393.77,-20.75,56.4,47.33,0.9393,LOW,-,49.817,45.5032,35.5735,1,165.4135,LEADER,37.8653
157,-33,USAR,USA RARE EARTH INC CLASS A,Materials,,mid,25.55,92.75,-0.0948,0.4954,0.1694,FLAT,48.29,188.7,143.03,-69.23,46.8,102.82,0.9275,LOW,-,23.996,20.0273,18.6194,1,85.8898,LEADER,37.8223
158,-4,PWR,Quanta Services,Industrials,Construction & Engineering,large,765.81,86.44,-0.0012,0.288,0.4979,STRONG_DOWN,70.11,123.11,189.18,-11.66,56.4,46.19,1.1692,MED,-,679.3975,610.9691,480.4973,1,150.3178,LEADER,37.5128
159,70,SLS,SELLAS LIFE SCIENCES GROUP INC,Health Care,,small,5.22,90.94,0.0303,0.0975,0.4167,STRONG_DOWN,248.0,270.21,281.02,-36.53,49.6,86.75,,LOW,-,4.936,4.9672,3.0839,1,154.4963,LEADER,37.4408
160,1,GEV,GE Vernova,Industrials,Heavy Electrical Equipment,large,1071.98,89.41,-0.0184,0.0852,0.3383,STRONG_DOWN,85.14,147.92,566.11,-17.51,53.2,49.7,0.8431,LOW,-,1065.6195,952.3019,724.8447,1,158.3421,LEADER,37.4259
161,60,NXT,NEXTPOWER INC CLASS A,Industrials,,large,125.37,88.14,0.018,0.0906,0.0817,FLAT,16.7,131.78,191.08,-23.27,52.0,65.81,2.6324,HIGH,-,118.102,116.0943,94.7433,1,104.1267,LEADER,37.3376
162,-13,EME,Emcor,Industrials,Construction & Engineering,large,924.9,80.93,0.0037,0.1362,0.1806,STRONG_DOWN,41.07,96.17,148.65,-25.15,58.4,39.02,0.8877,LOW,-,877.0395,797.9069,695.3871,1,143.9361,LEADER,37.2911
163,5,ON,ON Semiconductor,Information Technology,Semiconductors,large,104.11,73.68,-0.0073,0.3138,0.2741,FLAT,114.48,127.46,43.94,-28.1,50.8,56.43,1.019,MED,-,95.6345,75.4584,59.7241,1,114.7464,CONTENDER,37.1807
164,12,PTGX,PROTAGONIST THERAPEUTICS INC,Health Care,,mid,99.95,79.53,-0.0222,-0.0229,0.1915,FLAT,20.09,125.77,240.89,-16.38,55.6,42.71,0.8577,LOW,-,101.731,100.0973,81.3549,1,163.7325,LEADER,37.1792
165,20,HAL,Halliburton,Energy,Oil & Gas Equipment & Services,large,41.7,70.79,0.0207,0.0493,0.0528,STRONG_DOWN,52.18,101.05,17.43,-13.1,54.4,32.26,0.7528,LOW,-,39.9255,38.0758,29.6386,1,170.3965,CONTENDER,37.065
166,85,ADEA,ADEIA INC,Information Technology,,mid,31.18,72.63,0.0794,0.011,0.4535,FLAT,121.13,125.43,188.49,-34.81,51.2,63.48,2.2327,HIGH,-,30.0208,26.3647,18.5122,1,101.1633,CONTENDER,37.0062
167,4,PUMP,PROPETRO HOLDING CORP,Energy,,small,16.11,87.64,0.0101,0.1161,0.243,STRONG_DOWN,51.69,165.4,69.05,-32.74,48.4,58.19,1.2053,MED,-,16.0615,14.7374,9.8026,1,137.5758,LEADER,36.9616
168,-3,SCHL,SCHOLASTIC CORP,Communication,,small,38.97,87.5,0.0274,-0.0048,-0.0159,STRONG_UP,40.67,113.16,14.79,-12.02,55.2,36.89,0.5557,LOW,-,39.807,38.0037,31.0771,1,169.329,LEADER,36.922
169,8,KTOS,KRATOS DEFENSE AND SECURITY SOLUTI,Industrials,,large,57.33,76.27,-0.0445,-0.2227,-0.3129,STRONG_UP,-27.6,69.72,193.7,-56.4,55.2,72.52,1.1671,MED,EARLY,63.764,73.8934,80.8652,0,53.0655,LAGGARD,36.5294
170,8,MYRG,MYR GROUP INC,Industrials,,mid,455.27,93.64,0.0247,0.4132,0.7177,STRONG_DOWN,96.09,177.1,196.63,-13.65,56.0,59.48,0.9067,LOW,-,382.691,320.926,243.6294,1,166.7354,LEADER,36.5249
171,20,IVZ,Invesco,Financials,Asset Management & Custody Banks,large,28.38,98.57,0.0568,0.1582,0.0916,FLAT,22.09,88.77,93.78,-22.03,57.2,36.56,0.7958,LOW,-,25.999,24.697,24.2409,1,138.8865,LEADER,36.439
172,42,ADI,Analog Devices,Information Technology,Semiconductors,large,419.65,65.79,0.0198,0.0727,0.0606,FLAT,82.09,87.95,107.85,-15.73,54.8,35.18,1.2169,MED,-,393.2165,351.0528,286.1851,1,137.0052,CONTENDER,36.4087
173,-20,DK,DELEK US HOLDINGS INC,Energy,,mid,46.08,89.89,0.0125,0.1151,0.2079,STRONG_DOWN,12.4,174.21,84.91,-36.02,50.8,66.58,0.6723,LOW,-,43.0526,43.0379,34.3109,1,132.9244,LEADER,36.3542
174,44,NE,NOBLE CORPORATION PLC,Energy,,mid,51.25,79.78,0.0327,0.0127,0.0327,FLAT,80.26,123.15,23.64,-16.56,52.0,40.46,0.6586,LOW,-,49.519,48.4594,35.0797,1,158.2733,LEADER,36.2078
175,45,HP,HELMERICH & PAYNE INC,Energy,,mid,39.17,76.4,-0.0293,0.0859,0.0067,FLAT,48.46,114.05,9.96,-19.7,53.2,39.92,0.441,LOW,-,37.952,36.3794,28.4716,1,151.9887,LEADER,35.8415
176,230,VAL,VALARIS LTD,Energy,,mid,97.2,86.52,0.0359,-0.0081,-0.046,STRONG_UP,73.6,150.06,31.3,-18.85,54.8,56.67,0.5112,LOW,-,95.0875,95.3768,66.1309,1,145.1125,LEADER,35.6005
177,22,BHE,BENCHMARK ELECTRONICS INC,Information Technology,,mid,83.38,74.21,-0.0288,0.1753,0.2308,STRONG_DOWN,86.48,127.98,114.81,-12.85,55.6,48.11,1.0416,MED,-,74.794,63.8992,49.2919,1,147.9014,CONTENDER,35.4874
178,-30,JBL,Jabil,Information Technology,Electronic Manufacturing Services,large,350.8,69.47,-0.0495,0.0154,0.1555,STRONG_DOWN,60.11,110.37,198.89,-17.86,58.0,48.63,1.1456,MED,-,338.696,295.3706,241.4535,1,131.6419,CONTENDER,35.3833
179,70,AUPH,AURINIA PHARMACEUTICALS INC,Health Care,,mid,15.99,75.2,0.001,0.0185,0.0963,STRONG_DOWN,7.39,104.48,218.53,-15.91,50.8,37.8,1.175,MED,-,15.8405,15.2346,14.0212,1,140.4065,LEADER,35.2842
180,-13,CSTM,CONSTELLIUM SE CLASS A,Materials,,mid,33.31,91.3,0.0129,0.0826,0.3444,STRONG_DOWN,105.36,170.37,64.9,-15.96,51.6,56.14,0.5716,LOW,-,31.539,28.171,20.3322,1,156.5954,LEADER,35.2175
181,62,RIG,TRANSOCEAN LTD,Energy,,mid,6.54,84.27,0.0383,-0.0046,-0.0553,STRONG_UP,55.71,139.56,,-23.19,54.4,55.79,0.5212,LOW,-,6.378,6.42,4.6067,1,136.0833,LEADER,35.0652
182,77,IONQ,IONQ INC,Information Technology,,large,55.87,61.05,0.0729,0.4312,0.4737,STRONG_DOWN,0.9,68.18,537.06,-67.61,47.6,102.21,1.4382,MED,-,46.9325,37.8934,46.7679,1,31.7528,CONTENDER,34.8643
183,-31,MRNA,Moderna,Health Care,Biotechnology,large,53.27,76.77,0.1085,0.0316,0.3093,FLAT,115.15,108.98,-57.61,-35.51,50.4,64.29,1.1625,MED,-,50.7685,51.5934,36.3113,1,85.4377,LEADER,34.7669
184,-10,MPWR,Monolithic Power Systems,Information Technology,Semiconductors,large,1599.52,70.53,-0.0236,0.042,0.1507,STRONG_DOWN,64.44,118.46,131.0,-22.45,53.2,52.85,1.2639,MED,-,1552.8405,1295.8993,1043.8993,1,119.2485,CONTENDER,34.7462
185,13,ASML,ASML Holding,Technology,Industrial Machinery,large,1520.9399,87.5,0.0313,-0.2064,0.0802,FLAT,46.93,100.66,68.69,-17.85,56.4,47.7,1.0831,MED,-,1461.4032,1404.2385,1140.0807,1,119.022,LEADER,34.661
186,-41,MSGE,MADISON SQUARE GARDEN ENTERTAINMEN,Communication,,mid,64.56,75.0,0.015,0.0586,-0.0341,FLAT,31.03,71.52,77.22,-13.43,55.6,29.24,1.2253,MED,-,64.1855,60.7904,51.9623,1,135.995,LEADER,34.5701
187,-47,ECPG,ENCORE CAPITAL GROUP INC,Financials,,small,81.61,99.64,-0.0121,0.0339,0.4313,STRONG_DOWN,64.54,102.41,72.5,-12.63,53.2,33.09,0.977,LOW,-,82.579,75.6114,55.3747,1,164.6415,LEADER,34.5499
188,35,SDRL,SEADRILL LTD,Energy,,mid,49.96,71.91,0.0224,0.0234,0.0182,FLAT,75.92,102.35,-1.54,-16.54,52.4,35.33,0.9815,LOW,-,48.272,46.2174,36.4679,1,151.8,CONTENDER,34.3742
189,0,INCY,Incyte,Health Care,Biotechnology,large,99.13,62.99,0.0095,0.0382,-0.0035,FLAT,-6.46,63.02,72.1,-18.33,55.2,24.59,0.9509,LOW,-,97.261,95.4442,94.5209,1,141.4591,CONTENDER,34.3689
190,-59,MIRM,MIRUM PHARMACEUTICALS INC,Health Care,,mid,106.88,81.5,-0.0126,0.1264,0.0644,FLAT,53.32,136.09,331.32,-20.55,54.8,52.71,0.7607,LOW,-,98.817,94.691,81.5577,1,141.4908,LEADER,34.367
191,6,FTRE,FORTREA HOLDINGS INC,Health Care,,small,14.61,85.43,-0.0494,0.5469,0.2549,FLAT,30.68,192.2,-48.03,-51.79,50.0,80.68,0.8048,LOW,-,11.9915,10.4988,11.4728,1,119.1125,LEADER,34.3421
192,-3,RIOT,RIOT PLATFORMS INC,Information Technology,,mid,24.51,80.53,0.0443,0.2215,0.4675,STRONG_DOWN,41.51,170.53,158.0,-48.57,52.0,85.78,0.9671,LOW,-,19.5305,16.569,16.0665,1,103.3755,LEADER,34.2529
193,3,CMPR,CIMPRESS PLC,Industrials,,small,91.51,82.63,0.0459,0.1366,0.2337,STRONG_DOWN,40.18,100.81,6.89,-17.5,52.0,37.31,1.2985,MED,-,85.917,78.1414,69.9654,1,140.5045,LEADER,34.1767
194,16,ESPR,ESPERION THERAPEUTICS INC,Health Care,,small,3.13,92.52,0.0103,0.5503,-0.1018,FLAT,8.68,301.28,40.36,-53.19,49.2,130.7,0.8835,LOW,-,2.438,2.5272,2.8585,1,113.413,LEADER,34.0813
195,-16,RMBS,RAMBUS INC,Information Technology,,large,130.28,75.26,0.0119,-0.0626,0.1224,FLAT,17.79,129.89,128.8,-36.69,53.6,88.23,1.2794,MED,-,126.2355,107.061,97.9272,1,78.91,LEADER,34.0188
196,-9,RSI,RUSH STREET INTERACTIVE INC CLASS,Consumer Discretionary,,mid,27.51,97.22,0.0242,0.2832,0.7156,STRONG_DOWN,58.01,126.42,218.77,-29.47,52.8,51.39,0.5341,LOW,-,25.67,23.0058,19.9989,1,129.8884,LEADER,34.0171
197,-40,BKD,BROOKDALE SENIOR LIVING INC,Health Care,,mid,12.98,70.87,-0.0682,-0.0449,-0.2325,FLAT,30.98,87.57,85.69,-23.61,56.0,35.31,0.5912,LOW,-,13.748,13.9474,11.1831,1,138.8855,CONTENDER,33.919
198,-47,FN,FABRINET,Information Technology,,large,634.48,82.11,-0.0573,-0.2021,0.1743,FLAT,35.8,179.1,188.7,-20.55,56.4,79.09,0.9849,LOW,-,674.408,603.0128,467.5707,1,127.7189,LEADER,33.9177
199,40,NG,NOVAGOLD RESOURCES INC,Materials,,mid,9.14,86.96,0.0256,-0.1068,-0.2344,STRONG_UP,6.4,161.14,218.47,-45.56,53.2,89.84,0.5888,LOW,-,8.9595,9.4448,8.9255,1,95.423,LEADER,33.9015
200,-73,STNG,SCORPIO TANKERS INC,Energy,,mid,83.51,73.03,-0.0012,0.073,0.0584,FLAT,30.18,102.65,11.13,-23.26,55.2,40.92,0.8226,LOW,-,80.133,76.2084,61.6965,1,138.469,CONTENDER,33.8355
201,-21,NAT,NORDIC AMERICAN TANKERS LTD,Energy,,small,5.83,83.15,-0.0023,-0.0435,0.1925,FLAT,64.7,133.66,64.33,-14.01,54.4,46.86,0.369,LOW,-,5.7595,5.6571,4.0307,1,155.1627,LEADER,33.8186
202,-9,PPTA,PERPETUA RESOURCES CORP,Materials,,mid,31.08,82.61,0.0529,-0.0411,0.0148,FLAT,35.54,153.2,469.23,-32.86,54.4,69.79,0.7638,LOW,-,29.6307,29.5685,25.472,1,119.4146,LEADER,33.7949
203,24,CALY,CALLAWAY GOLF COMPANY,Consumer Discretionary,,mid,15.73,97.92,0.101,0.1481,0.1513,STRONG_DOWN,49.1,140.15,2.88,-20.37,51.2,66.8,1.5096,HIGH,-,15.1715,14.3126,11.958,1,107.4224,LEADER,33.6891
204,-20,MRVL,Marvell Technology,Technology,Semiconductors,large,164.5,100.0,0.0014,0.1315,1.0418,STRONG_DOWN,76.66,151.9,139.77,-26.36,52.8,67.68,0.8578,LOW,-,158.1075,122.0435,91.627,1,118.5042,LEADER,33.6424
205,-24,DAN,DANA INCORPORATED INC,Consumer Discretionary,,mid,33.84,96.53,-0.0094,-0.0221,0.1271,FLAT,59.3,108.67,162.54,-14.68,51.2,38.33,0.498,LOW,-,36.1344,34.4059,25.7356,1,145.1598,LEADER,33.5819
206,61,OUST,OUSTER INC,Information Technology,,small,27.1,77.37,-0.0697,0.026,0.246,STRONG_DOWN,5.57,137.51,117.85,-55.15,51.2,83.38,2.0433,HIGH,-,26.5883,23.0105,25.2819,1,84.4394,LEADER,33.5801
207,-49,JBIO,JADE BIOSCIENCES INC,Health Care,,small,25.23,86.22,0.0206,0.3213,0.6696,STRONG_DOWN,171.88,193.03,-96.13,-39.23,51.2,74.73,0.6811,LOW,-,24.2675,18.6508,13.1214,1,132.2522,LEADER,33.5745
208,-13,TPC,TUTOR PERINI CORP,Industrials,,mid,82.69,87.29,-0.1238,-0.0413,0.0089,STRONG_DOWN,29.48,131.18,340.83,-24.13,55.6,62.16,1.0067,MED,-,87.3065,79.8792,70.0779,1,117.335,LEADER,33.5325
209,-45,CORZ,CORE SCIENTIFIC INC,Information Technology,,mid,22.79,71.58,-0.0663,0.0889,0.0712,FLAT,18.14,122.56,526.96,-40.74,56.4,63.26,0.7433,LOW,-,21.093,18.2398,17.0815,1,109.2682,CONTENDER,33.3553
210,-10,PENG,PENGUIN SOLUTIONS INC,Information Technology,,small,44.13,73.16,0.1419,0.5846,1.1426,STRONG_DOWN,96.31,127.24,129.6,-44.57,52.0,68.3,2.4,HIGH,-,32.364,24.441,22.604,1,96.8738,CONTENDER,33.309
211,-5,GTX,GARRETT MOTION INC,Consumer Discretionary,,mid,29.57,100.0,0.134,0.5857,0.5341,FLAT,70.37,152.22,224.78,-19.87,49.6,65.06,1.4116,MED,-,23.2955,20.2954,16.8991,1,116.0469,LEADER,33.2753
212,41,AMSC,AMERICAN SUPERCONDUCTOR CORP,Industrials,,small,54.51,86.86,-0.0213,0.3814,0.6271,STRONG_DOWN,47.68,131.17,289.08,-61.08,56.4,83.02,1.108,MED,-,48.839,38.825,42.2456,1,89.1112,LEADER,32.8641
213,-38,AVGO,Broadcom,Information Technology,Semiconductors,large,419.3,65.26,-0.006,-0.0317,0.0373,FLAT,17.47,81.87,219.9,-28.67,55.2,40.45,0.7391,LOW,-,414.533,362.8587,343.8714,1,111.7209,CONTENDER,32.8472
214,43,GS,Goldman Sachs,Financials,Investment Banking & Brokerage,large,945.9,94.29,0.0283,0.05,0.0162,FLAT,19.87,59.9,117.57,-19.42,58.0,32.71,1.01,MED,-,925.842,875.0458,833.5196,1,106.2133,LEADER,32.7161
215,81,AXSM,AXSOME THERAPEUTICS INC,Health Care,,mid,224.03,78.35,0.023,0.2398,0.1974,FLAT,62.58,112.01,196.18,-18.5,53.6,44.16,0.9002,LOW,-,200.112,178.9348,151.5596,1,135.9531,LEADER,32.6625
216,30,PLAB,PHOTRONICS INC,Information Technology,,mid,51.98,77.89,0.008,0.006,0.1757,FLAT,131.23,148.35,79.24,-24.72,51.6,71.2,1.0648,MED,-,50.1085,43.1778,31.3092,1,107.5133,LEADER,32.5859
217,-23,MIAX,MIAMI INTERNATIONAL HOLDINGS INC,Financials,,mid,52.47,96.79,0.1194,0.2329,0.2856,STRONG_DOWN,7.21,70.69,70.69,-26.79,57.53,30.93,0.4921,LOW,-,47.221,43.006,,0,131.4832,LAGGARD,32.5147
218,-99,CLMT,CALUMET INC,Energy,,mid,32.12,80.9,-0.0817,-0.0683,0.1069,STRONG_DOWN,67.73,129.43,111.18,-22.81,55.6,54.22,0.5633,LOW,-,32.6595,31.728,22.6338,1,132.7228,LEADER,32.4713
219,-10,GOLD,GOLD INC,Consumer Discretionary,,small,42.16,95.14,0.0149,-0.0027,-0.2229,STRONG_UP,57.27,90.34,18.97,-40.58,53.6,49.54,1.1933,MED,-,45.2225,45.5474,35.9024,1,97.7432,LEADER,32.4648
220,-30,ECVT,ECOVYST INC,Materials,,small,14.59,72.46,0.0073,0.0285,0.2471,STRONG_DOWN,70.05,94.79,50.88,-16.33,53.2,32.71,0.5826,LOW,-,14.1195,13.075,10.2992,1,154.1728,CONTENDER,32.3648
221,76,WELL,Welltower,Real Estate,Health Care REITs,large,217.5,91.46,0.008,0.0067,-0.0053,STRONG_UP,14.24,52.2,125.66,-12.61,60.0,23.99,0.9478,LOW,-,212.3645,207.0746,188.2413,1,130.549,LEADER,32.2126
222,-53,CYTK,CYTOKINETICS INC,Health Care,,mid,74.81,83.46,0.0163,0.151,0.1143,FLAT,20.27,144.4,29.23,-15.01,51.2,53.74,0.8991,LOW,-,67.7115,65.007,58.9107,1,137.5724,LEADER,32.1986
223,2,ZYME,ZYMEWORKS INC,Health Care,,small,23.9,75.98,-0.1179,-0.0915,0.0412,STRONG_DOWN,32.41,105.86,158.66,-20.28,53.6,44.36,1.0831,MED,-,27.044,25.7161,21.4478,1,127.9066,LEADER,32.1163
224,57,CTLP,CANTALOUPE INC,Financials,,small,11.2,89.29,0.0192,0.0386,0.0701,STRONG_DOWN,6.16,44.7,75.82,-10.26,45.38,13.04,0.0,LOW,-,10.9465,10.7356,10.6922,1,155.5686,LEADER,32.0257
225,41,NATL,NCR ATLEOS CORP,Financials,,mid,44.94,94.64,0.0227,0.0229,0.099,STRONG_DOWN,25.25,61.71,99.29,-15.31,53.6,30.35,2.154,HIGH,-,44.7105,44.3814,39.6486,1,108.9887,LEADER,31.973
226,125,HII,Huntington Ingalls Industries,Industrials,Aerospace & Defense,large,333.56,68.22,0.0675,-0.1631,-0.114,FLAT,5.47,50.53,37.11,-30.64,56.4,38.84,1.5222,HIGH,EARLY,357.7015,387.6992,339.6104,0,73.3711,LAGGARD,31.9668
227,49,UNFI,UNITED NATURAL FOODS INC,Consumer Staples,,mid,51.13,95.0,0.0072,0.0776,0.3374,STRONG_DOWN,29.28,79.53,411.3,-32.49,50.8,41.54,1.3798,MED,-,49.363,45.1098,37.0975,1,97.258,LEADER,31.9247
228,3,XMTR,XOMETRY INC CLASS A,Industrials,,mid,83.92,92.8,0.5116,0.92,0.3553,FLAT,26.4,174.61,407.38,-49.93,56.4,120.73,0.8761,LOW,-,55.7128,46.9191,52.5534,1,81.5692,LEADER,31.8701
229,26,VSCO,VICTORIA S SECRET,Consumer Discretionary,,mid,46.56,95.83,-0.0596,0.0102,-0.0695,FLAT,33.07,104.75,115.16,-35.55,51.2,61.86,1.1555,MED,-,51.191,49.2052,42.4668,1,86.6985,LEADER,31.8523
230,-47,ANDE,ANDERSONS INC,Consumer Staples,,mid,70.41,96.67,0.0522,-0.0415,0.0837,FLAT,38.99,96.93,39.98,-14.09,57.2,41.07,0.7527,LOW,-,74.503,71.9206,54.7244,1,134.9925,LEADER,31.6067
231,5,GNRC,Generac,Industrials,Electrical Components & Equipment,large,269.59,84.32,0.0318,0.2721,0.29,STRONG_DOWN,72.11,108.87,92.47,-32.77,54.4,61.76,0.4894,LOW,-,239.1125,217.8776,185.6992,1,95.8969,LEADER,31.4579
232,15,TSHA,TAYSHA GENE THERAPIES INC,Health Care,,small,6.85,85.83,-0.0022,0.4778,0.4643,FLAT,76.09,192.74,185.42,-31.13,51.2,80.11,0.5887,LOW,-,6.502,5.2887,4.5036,1,123.1811,LEADER,31.3756
233,67,ELVN,ENLIVEN THERAPEUTICS INC,Health Care,,mid,42.3,77.56,0.0434,-0.0342,0.5045,FLAT,126.08,111.18,72.72,-36.84,49.2,65.26,1.0484,MED,-,43.1405,38.0334,25.5536,1,83.8219,LEADER,31.3043
234,36,IE,IVANHOE ELECTRIC INC,Materials,,small,14.61,76.81,0.0846,0.0068,-0.1689,STRONG_UP,11.1,114.85,20.94,-45.93,55.2,72.31,1.0044,MED,-,13.9225,13.1224,13.5475,1,87.6764,LEADER,31.2689
235,120,ORA,ORMAT TECH INC,Utilities,,mid,126.2,98.04,0.0984,0.1258,0.001,FLAT,10.49,72.86,80.71,-20.05,56.8,38.67,1.3504,MED,-,114.897,112.2464,107.7791,1,107.0255,LEADER,31.2404
236,-80,TXNM,TXNM ENERGY INC,Utilities,,mid,59.29,47.06,0.0014,0.0362,-0.0193,FLAT,4.08,14.69,66.42,-2.3,51.6,4.68,0.6745,LOW,-,58.8869,58.5257,57.2632,1,162.007,LAGGARD,31.1466
237,184,CVS,CVS Health,Health Care,Health Care Services,large,95.15,63.39,0.1121,0.26,0.2406,FLAT,24.81,63.02,82.73,-16.44,58.4,33.83,1.3688,MED,-,81.7856,77.4579,75.3532,1,108.7986,CONTENDER,30.9396
238,18,LEU,CENTRUS ENERGY CORP CLASS A,Energy,,mid,202.34,78.65,-0.138,-0.0167,-0.1825,FLAT,-30.28,118.58,366.33,-61.35,51.2,91.16,0.7691,LOW,-,207.3755,198.9282,251.2592,0,66.6007,LAGGARD,30.856
239,39,LUMN,LUMEN TECHNOLOGIES INC,Communication,,mid,8.67,83.33,-0.0723,0.1302,-0.021,FLAT,-17.35,97.49,593.6,-47.34,50.4,59.56,0.6717,LOW,-,8.8505,7.6624,7.2864,1,82.5002,LEADER,30.8364
240,269,CGEM,CULLINAN THERAPEUTICS INC,Health Care,,small,16.15,77.95,0.0941,0.1489,0.3447,STRONG_DOWN,117.07,111.94,-38.19,-36.67,50.8,62.92,1.9318,HIGH,-,14.2155,14.2444,10.528,1,90.3793,LEADER,30.7171
241,-13,PHIN,PHINIA INC,Consumer Discretionary,,mid,78.38,93.75,0.037,0.1692,0.1192,FLAT,46.73,78.57,88.86,-20.37,54.8,35.61,0.6023,LOW,-,74.2835,70.3734,62.19,1,120.9065,LEADER,30.6266
242,12,STT,State Street Corporation,Financials,Asset Management & Custody Banks,large,150.45,93.57,0.0139,0.0713,0.1603,STRONG_DOWN,27.37,58.18,110.16,-11.79,61.6,26.98,0.4778,LOW,-,149.857,135.7973,123.0183,1,132.8273,LEADER,30.6014
243,-32,EWTX,EDGEWISE THERAPEUTICS INC,Health Care,,mid,34.01,79.92,-0.0641,0.0491,0.1036,STRONG_DOWN,86.05,128.41,94.57,-19.94,48.8,57.01,1.1306,MED,-,33.111,31.7702,23.3366,1,109.9163,LEADER,30.5653
244,79,WTTR,SELECT WATER SOLUTIONS INC CLASS A,Energy,,mid,18.05,75.28,0.0229,0.1614,0.2519,STRONG_DOWN,65.73,113.23,92.4,-20.45,51.2,45.73,0.709,LOW,-,16.4378,15.3198,11.7259,1,126.7732,LEADER,30.5641
245,-19,STEL,STELLAR BANCORP INC,Financials,,small,36.85,86.07,-0.0055,-0.006,-0.0593,STRONG_UP,22.98,38.17,68.81,-11.68,50.8,14.32,0.4632,LOW,-,37.5045,36.8722,32.9549,1,135.4059,LEADER,30.4193
246,229,Q,Qnity Electronics,Information Technology,Semiconductor Materials & Equipment,large,168.36,63.68,0.1367,0.1369,0.2826,STRONG_DOWN,74.53,76.91,76.91,-27.12,57.78,57.12,1.9721,HIGH,-,142.6205,127.3138,,0,77.7991,LAGGARD,30.3235
247,16,IESC,IES INC,Industrials,,mid,685.48,89.83,0.0409,0.2594,0.3687,STRONG_DOWN,70.17,151.12,320.67,-21.8,54.4,67.92,0.6605,LOW,-,609.006,528.1834,434.4317,1,121.0377,LEADER,30.3234
248,-47,MRCY,MERCURY SYSTEMS INC,Industrials,,mid,92.32,81.36,0.0308,0.0975,0.1853,STRONG_DOWN,23.67,97.56,221.11,-32.19,54.8,50.22,0.8152,LOW,-,83.154,81.2266,77.4706,1,106.4578,LEADER,30.1626
249,-8,ODC,OIL DRI CORPORATION OF AMERICA,Consumer Staples,,small,76.9,93.33,0.0459,0.0781,0.2311,STRONG_DOWN,38.14,65.65,101.99,-32.73,55.6,30.1,0.5536,LOW,-,73.4643,68.6066,60.4851,1,121.2646,LEADER,30.1357
250,-26,LGND,LIGAND PHARMACEUTICALS INC,Health Care,,mid,222.0,77.17,-0.0289,-0.0219,0.1881,STRONG_DOWN,6.07,110.17,164.07,-13.21,54.0,44.11,0.7091,LOW,-,227.4255,214.7992,190.1326,1,134.8685,LEADER,30.1147
251,42,MAZE,MAZE THERAPEUTICS INC,Health Care,,small,25.78,83.86,-0.0096,-0.046,-0.4605,STRONG_UP,-15.45,161.46,61.63,-50.86,50.8,84.94,0.4093,LOW,-,26.3635,34.1554,32.3845,0,96.5645,LAGGARD,29.9843
252,-20,PLPC,PREFORMED LINE PRODUCTS,Industrials,,small,344.24,88.98,-0.0361,0.0726,0.2703,STRONG_DOWN,60.92,143.75,167.85,-22.33,58.4,64.9,,LOW,-,336.1165,298.7831,235.1087,1,129.3503,LEADER,29.9472
253,-8,PLXS,PLEXUS CORP,Information Technology,,mid,264.49,67.89,0.008,0.0291,0.1048,STRONG_DOWN,81.18,98.34,146.7,-15.51,54.8,40.2,0.8514,LOW,-,250.6755,222.2108,170.876,1,134.0592,CONTENDER,29.9376
254,-51,MCHP,Microchip Technology,Information Technology,Semiconductors,large,97.7,58.95,-0.0423,0.1803,0.0285,FLAT,78.96,61.51,11.43,-34.41,50.0,44.77,1.3353,MED,-,89.8115,75.671,68.3407,1,68.6973,CONTENDER,29.9285
255,9,APH,Amphenol,Information Technology,Electronic Components,large,127.87,55.26,-0.0682,-0.273,-0.3044,STRONG_UP,-10.76,50.12,104.37,-28.19,57.2,44.24,1.5568,HIGH,EARLY,143.0625,136.3158,131.8496,0,64.806,LAGGARD,29.8264
256,-4,NVDA,Nvidia,Information Technology,Semiconductors,large,220.78,61.58,0.0724,-0.0093,-0.0321,STRONG_UP,10.93,69.96,144.37,-20.21,55.2,35.97,0.9269,LOW,-,205.9015,190.2608,185.1818,1,107.365,CONTENDER,29.8084
257,33,BKR,Baker Hughes,Energy,Oil & Gas Equipment & Services,large,65.24,55.06,-0.0341,0.0021,-0.0726,FLAT,34.64,73.82,109.49,-16.86,57.6,35.6,0.6379,LOW,-,64.8591,62.1187,52.1785,1,119.4462,CONTENDER,29.7952
258,26,STLD,Steel Dynamics,Materials,Steel,large,232.8,66.67,-0.0256,0.1836,0.1306,FLAT,53.65,74.24,77.69,-20.33,54.8,36.81,0.6574,LOW,-,223.963,197.1129,166.4506,1,110.5172,CONTENDER,29.6224
259,142,BIIB,Biogen,Health Care,Biotechnology,large,199.36,62.2,0.0622,0.1374,0.037,FLAT,27.58,61.87,-11.53,-14.34,53.6,31.09,1.0243,MED,-,187.473,184.8524,166.6952,1,106.6668,CONTENDER,29.5968
260,13,TRVI,TREVI THERAPEUTICS INC,Health Care,,small,14.76,80.31,0.0517,0.0747,0.3301,STRONG_DOWN,26.48,128.66,440.66,-29.5,51.2,54.18,0.7356,LOW,-,14.4255,12.9496,10.9354,1,121.5834,LEADER,29.5646
261,-75,DGII,DIGI INTERNATIONAL INC,Information Technology,,small,61.53,64.21,0.0556,-0.0155,0.1372,FLAT,73.08,80.55,127.47,-13.49,55.2,36.75,1.0196,MED,-,57.4295,53.1886,43.1293,1,120.983,CONTENDER,29.553
262,42,WLDN,WILLDAN GROUP INC,Industrials,,small,92.97,83.47,0.2516,0.1596,-0.1452,STRONG_UP,-1.27,102.15,191.9,-50.41,54.0,83.94,3.0431,HIGH,-,77.905,79.2042,98.6097,0,65.7165,LAGGARD,29.5276
263,104,EBAY,eBay Inc.,Consumer Discretionary,Broadline Retail,large,110.4,91.67,0.0575,0.1508,0.4433,STRONG_DOWN,30.5,61.85,119.34,-20.67,56.8,37.77,1.1512,MED,-,104.6745,97.2908,90.7924,1,93.019,LEADER,29.5206
264,-20,C,Citigroup,Financials,Diversified Banks,large,126.44,97.14,0.0101,-0.0098,0.0917,FLAT,25.83,71.11,110.85,-14.76,56.4,34.85,0.4969,LOW,-,128.2549,118.7953,107.4954,1,115.0792,LEADER,29.44
265,-52,FIGS,FIGS INC CLASS A,Consumer Discretionary,,mid,11.51,99.31,-0.1695,-0.1572,0.201,STRONG_DOWN,30.35,150.22,99.48,-32.77,51.2,93.75,1.1135,MED,-,14.855,14.951,10.6029,1,82.0387,LEADER,29.3378
266,-51,ROST,Ross Stores,Consumer Discretionary,Apparel Retail,large,217.67,86.11,-0.0124,0.026,0.2398,STRONG_DOWN,35.02,47.22,66.3,-17.68,56.4,27.0,1.1608,MED,-,225.2835,218.5743,179.9388,1,98.6345,LEADER,29.274
267,115,IRMD,IRADIMED CORP,Health Care,,small,84.75,61.42,-0.0008,-0.0715,-0.1827,STRONG_UP,-0.63,61.57,105.19,-20.62,54.0,30.1,1.1776,MED,-,87.7678,94.213,86.6962,0,110.4568,LAGGARD,29.23
268,-33,APA,APA Corporation,Energy,Oil & Gas Exploration & Production,large,37.09,74.16,-0.0443,-0.0562,0.1779,FLAT,54.8,109.29,33.78,-19.49,51.6,51.96,0.6718,LOW,-,38.1344,37.7913,27.238,1,108.531,CONTENDER,29.1947
269,-47,BBIO,BRIDGEBIO PHARMA INC,Health Care,,large,65.95,72.83,-0.015,-0.1311,-0.1071,FLAT,5.0,98.29,131.4,-20.25,51.6,47.39,0.8663,LOW,-,71.519,71.1984,65.132,1,107.0177,CONTENDER,29.1324
270,13,KEYS,Keysight Technologies,Information Technology,Electronic Equipment & Instruments,large,361.65,71.05,-0.0053,-0.0385,0.3308,FLAT,97.07,119.1,141.57,-14.0,58.4,58.54,0.8423,LOW,-,346.225,314.3732,222.9702,1,118.8173,CONTENDER,29.1104
271,-109,DELL,Dell Technologies,Information Technology,"Technology Hardware, Storage & Peripherals",large,238.94,72.11,0.0107,0.1679,0.7418,STRONG_DOWN,68.71,124.92,88.41,-32.34,52.0,74.91,0.7813,LOW,-,215.7086,184.2455,144.6341,1,86.7133,CONTENDER,29.0165
272,-24,IBRX,IMMUNITYBIO INC,Health Care,,mid,8.12,87.8,-0.0146,0.0919,0.2359,STRONG_DOWN,275.93,223.51,-5.91,-42.44,50.4,138.38,0.3855,LOW,-,7.702,7.8575,4.482,1,81.4041,LEADER,28.9502
273,-68,IMVT,IMMUNOVANT INC,Health Care,,mid,28.65,74.41,0.016,0.1025,0.0988,FLAT,22.59,104.35,-4.12,-20.98,50.8,46.36,0.8305,LOW,-,28.1463,26.2775,22.5778,1,114.3448,CONTENDER,28.8689
274,13,VLO,Valero Energy,Energy,Oil & Gas Refining & Marketing,large,247.12,65.17,0.0326,-0.0155,0.0685,FLAT,39.64,88.28,67.98,-14.19,54.8,40.92,0.5925,LOW,-,240.39,238.2088,185.4979,1,118.2236,CONTENDER,28.8227
275,-35,SNEX,STONEX GROUP INC,Financials,,mid,116.81,98.93,0.1171,0.1527,0.3838,STRONG_DOWN,93.12,96.52,248.16,-20.91,58.0,49.17,0.9106,LOW,-,108.241,90.8042,72.9011,1,113.8502,LEADER,28.7889
276,-116,TCMD,TACTILE SYSTEMS TECHNOLOGY INC,Health Care,,small,23.53,81.89,-0.0535,-0.0384,-0.1546,FLAT,-5.46,138.16,70.14,-32.13,48.8,61.68,0.9856,LOW,-,24.405,25.7233,22.2957,1,109.3078,LEADER,28.7694
277,-44,CFG,Citizens Financial Group,Financials,Regional Banks,large,61.95,91.43,-0.0368,-0.0283,-0.058,FLAT,20.03,52.74,85.16,-18.32,55.6,27.88,0.6022,LOW,-,64.1687,61.1546,56.0389,1,105.1841,LEADER,28.7644
278,2,WT,WISDOMTREE INC,Financials,,mid,18.72,99.29,0.0013,0.0941,0.1752,STRONG_DOWN,60.43,98.36,110.55,-26.67,52.8,49.55,0.7528,LOW,-,17.548,16.173,14.129,1,104.8075,LEADER,28.6828
279,92,EVRG,Evergy,Utilities,Electric Utilities,large,83.3,84.31,0.0282,0.0428,0.0341,FLAT,10.72,33.48,61.94,-7.3,59.2,17.84,1.336,MED,-,81.845,81.9337,76.056,1,111.1137,LEADER,28.5549
280,62,DD,DuPont,Materials,Specialty Chemicals,large,50.54,68.12,0.0229,0.0742,-0.0262,FLAT,26.74,74.58,59.26,-17.31,52.4,35.52,0.9305,LOW,-,47.2525,46.3592,39.8757,1,110.0273,CONTENDER,28.4528
281,-51,ACLS,AXCELIS TECHNOLOGIES INC,Information Technology,,mid,161.64,79.47,-0.0463,0.2985,0.5718,STRONG_DOWN,84.9,157.14,44.37,-26.2,51.6,77.17,0.8542,LOW,-,141.3835,112.2406,91.7944,1,105.0741,LEADER,28.4479
282,-78,LUNR,INTUITIVE MACHINES INC CLASS A,Industrials,,mid,32.09,93.22,0.2424,0.3554,0.9193,STRONG_DOWN,225.13,175.92,428.67,-41.88,53.2,118.01,0.8223,LOW,-,26.886,22.5612,15.2674,1,79.3083,LEADER,28.3732
283,52,CSCO,Cisco,Information Technology,Communications Equipment,large,99.29,60.0,0.0936,0.0708,-0.0269,STRONG_UP,39.22,64.41,114.93,-13.57,55.6,36.89,1.2609,MED,-,90.5635,83.815,75.3438,1,97.0848,CONTENDER,28.3586
284,-65,TXG,10X GENOMICS INC CLASS A,Health Care,,mid,20.92,78.74,-0.0636,-0.1338,0.0868,FLAT,22.48,116.79,-22.43,-28.03,49.2,70.25,1.0018,MED,-,22.5365,21.464,17.2491,1,81.7929,LEADER,28.3015
285,21,MLYS,MINERALYS THERAPEUTICS INC,Health Care,,mid,29.26,71.26,-0.0121,0.0945,-0.0239,FLAT,-34.25,92.63,126.3,-51.66,45.6,61.98,0.3375,LOW,SHIFT,28.831,27.2204,31.5373,0,68.1475,LAGGARD,28.2413
286,125,SGHC,SUPER GROUP LTD,Consumer Discretionary,,mid,12.92,88.19,0.036,0.2322,0.6304,STRONG_DOWN,7.1,50.69,301.49,-39.53,50.8,45.7,3.6628,HIGH,-,12.483,11.4234,11.3829,1,56.3425,LEADER,28.1622
287,-2,REZI,RESIDEO TECHNOLOGIES INC,Industrials,,mid,36.68,76.69,-0.084,-0.0672,0.0437,STRONG_DOWN,19.79,70.53,67.8,-35.21,53.6,49.6,1.1719,MED,-,39.9805,37.0494,36.2189,1,76.2129,LEADER,28.1575
288,40,TRGP,Targa Resources,Energy,Oil & Gas Storage & Transportation,large,255.16,47.19,0.0112,0.0093,0.0122,FLAT,52.07,53.98,135.68,-16.3,55.6,26.13,0.5782,LOW,-,245.682,242.8392,191.9059,1,114.8546,LAGGARD,28.086
289,3,NUVB,NUVATION BIO INC CLASS A,Health Care,,small,4.84,79.13,-0.0232,0.0214,-0.1603,FLAT,4.31,121.0,43.62,-57.55,50.4,71.51,0.5452,LOW,-,4.7935,4.5964,5.0367,0,85.2836,LAGGARD,28.0236
290,0,ADM,Archer Daniels Midland,Consumer Staples,Agricultural Products & Services,large,80.73,91.67,0.055,0.1725,0.2357,STRONG_DOWN,46.47,64.88,38.5,-12.79,51.2,28.45,0.8672,LOW,-,73.2945,71.5704,63.4946,1,116.7601,LEADER,27.9656
291,66,CC,CHEMOURS,Materials,,mid,24.67,78.26,0.0557,0.0693,0.1754,STRONG_DOWN,95.88,114.97,-7.07,-39.78,55.2,76.66,0.8379,LOW,-,24.9685,21.8516,16.2366,1,82.7868,LEADER,27.9616
292,-54,DIOD,DIODES INC,Information Technology,,mid,103.45,70.0,-0.1002,0.0509,0.1377,STRONG_DOWN,121.95,113.08,45.83,-27.44,52.4,77.45,1.5213,HIGH,-,103.312,83.218,61.4695,1,76.5056,CONTENDER,27.9504
293,41,COCO,THE VITA COCO COMPANY INC,Consumer Staples,,mid,74.61,100.0,0.1073,0.5031,0.3274,FLAT,78.92,125.07,170.03,-23.23,54.0,79.75,1.3127,MED,-,58.9585,55.1275,48.2125,1,84.6855,LEADER,27.9464
294,67,CLSK,CLEANSPARK INC,Information Technology,,mid,13.47,50.53,-0.0626,0.0641,0.2116,STRONG_DOWN,-10.38,34.7,-13.38,-64.74,50.4,72.42,1.554,HIGH,-,12.61,10.8276,12.2589,1,24.1491,CONTENDER,27.9457
295,79,VERA,VERA THERAPEUTICS INC CLASS A,Health Care,,mid,36.7,66.93,0.0195,-0.1501,-0.1522,STRONG_UP,32.25,70.06,-9.94,-39.83,48.8,44.23,0.5527,LOW,-,37.9528,39.4434,35.4938,1,77.3042,CONTENDER,27.915
296,-28,SNDX,SYNDAX PHARMACEUTICALS INC,Health Care,,mid,20.41,74.02,0.005,-0.1419,-0.0663,FLAT,29.83,100.29,-2.67,-24.02,50.8,48.86,0.7547,LOW,-,21.588,22.8966,18.8077,1,104.2766,CONTENDER,27.8558
297,-20,TDW,TIDEWATER INC,Energy,,mid,81.5,67.42,-0.0154,-0.0975,0.0019,FLAT,49.05,91.99,-21.07,-25.16,52.4,46.68,0.4161,LOW,-,85.0425,82.4472,63.5439,1,103.2628,CONTENDER,27.8468
298,54,CSX,CSX Corporation,Industrials,Rail Transportation,large,44.53,66.53,0.0002,0.0472,0.1168,STRONG_DOWN,27.68,48.03,32.88,-11.89,56.8,25.5,1.4812,MED,-,44.4895,42.156,37.4426,1,106.9821,CONTENDER,27.7431
299,138,MRK,Merck & Co.,Health Care,Pharmaceuticals,large,112.37,57.48,0.0062,-0.0406,-0.0577,STRONG_UP,31.61,51.97,-7.26,-11.37,52.8,23.98,0.9328,LOW,-,113.06,115.9826,99.8898,1,114.4219,CONTENDER,27.7361
300,3,AMRC,AMERESCO INC CLASS A,Industrials,,small,29.23,82.2,-0.05,0.1322,-0.0984,FLAT,-18.6,100.62,2.35,-44.48,52.0,54.18,0.5965,LOW,-,28.5265,27.107,30.0773,0,96.5692,LAGGARD,27.6987
301,133,PRLB,PROTO LABS INC,Industrials,,small,71.02,77.97,0.0546,0.1468,0.0937,FLAT,44.85,71.71,124.53,-19.51,50.4,35.5,1.1353,MED,-,65.5345,61.2268,54.3784,1,101.8105,LEADER,27.6143
302,36,GNK,GENCO SHIPPING AND TRADING LTD,Industrials,,small,27.08,80.51,0.0856,0.1365,0.2868,STRONG_DOWN,58.32,95.87,34.95,-19.16,54.8,43.47,0.8116,LOW,-,24.5305,23.3281,19.2351,1,120.8637,LEADER,27.4918
303,-43,MCY,MERCURY GENERAL CORP,Financials,,mid,101.72,95.36,0.0785,0.1001,0.1017,STRONG_DOWN,19.13,66.73,85.22,-12.87,55.2,30.96,0.9691,LOW,-,96.9005,92.4787,85.9513,1,118.981,LEADER,27.345
304,184,SFL,SFL LTD,Energy,,small,12.8,48.31,0.0751,0.1272,0.1613,STRONG_DOWN,71.0,54.29,4.0,-27.85,53.6,31.51,1.7644,HIGH,-,11.4125,10.9287,8.8552,1,92.3551,LAGGARD,27.2364
305,27,HCC,WARRIOR MET COAL INC,Materials,,mid,88.28,71.01,0.0219,0.0217,-0.0352,STRONG_UP,7.38,83.27,39.76,-24.41,52.4,45.63,0.5372,LOW,-,87.6448,87.9618,77.7913,1,95.6249,CONTENDER,27.2027
306,-27,NTCT,NETSCOUT SYSTEMS INC,Information Technology,,mid,38.22,60.53,0.0861,0.0467,0.1682,FLAT,30.58,66.03,87.63,-17.38,51.2,34.69,1.4757,MED,-,34.6875,32.6674,27.9271,1,97.455,CONTENDER,27.1917
307,2,ARM,Arm Holdings,Technology,Semiconductors,large,207.92,75.0,-0.0802,0.192,0.6781,STRONG_DOWN,34.28,64.13,77.36,-41.47,51.6,79.5,1.0104,MED,-,200.4625,161.9621,143.1915,1,41.6241,LEADER,27.1853
308,23,APGE,APOGEE THERAPEUTICS INC,Health Care,,mid,82.93,76.38,-0.0026,-0.04,0.2545,FLAT,46.08,108.68,57.27,-26.99,50.0,58.49,0.5463,LOW,-,85.9845,80.6802,63.3577,1,92.906,LEADER,27.1265
309,37,FDX,FedEx,Industrials,Air Freight & Logistics,large,376.42,75.42,0.0216,0.0166,0.0654,FLAT,49.63,66.47,47.19,-11.67,54.8,32.9,0.4347,LOW,-,383.2195,369.6785,295.7392,1,110.7092,LEADER,27.1189
310,93,HUM,Humana,Health Care,Managed Health Care,large,295.35,46.06,0.2157,0.5287,0.6868,STRONG_DOWN,24.93,31.07,-10.59,-47.18,56.4,46.92,1.3463,MED,-,233.0795,199.7455,239.7721,1,37.3513,LAGGARD,26.9518
311,6,PTCT,PTC THERAPEUTICS INC,Health Care,,mid,75.02,61.81,0.1436,0.051,0.0522,FLAT,3.5,61.72,136.66,-27.17,54.4,48.92,1.5692,HIGH,-,69.4855,68.0479,67.3003,1,68.6293,CONTENDER,26.8443
312,8,HG,HAMILTON INSURANCE GROUP LTD CLASS,Financials,,mid,30.71,93.93,0.0371,0.0082,0.0948,FLAT,25.14,58.98,103.99,-8.48,54.4,27.17,0.7051,LOW,-,31.6515,30.3283,25.7308,1,118.099,LEADER,26.8401
313,-97,DDOG,Datadog,Information Technology,Application Software,large,199.94,62.11,0.4014,0.6771,0.3817,FLAT,0.11,70.44,69.07,-48.62,46.8,83.66,0.8215,LOW,-,145.892,130.7976,139.1205,1,39.4031,CONTENDER,26.8385
314,72,FSBC,FIVE STAR BANCORP,Financials,,small,40.66,88.57,0.0034,0.0142,0.0267,STRONG_DOWN,19.47,41.83,93.15,-13.07,48.4,20.95,1.5308,HIGH,-,40.6287,38.9217,35.5957,1,96.6477,LEADER,26.8029
315,-65,ENVA,ENOVA INTERNATIONAL INC,Financials,,mid,166.88,96.07,-0.0138,0.0949,0.1039,STRONG_DOWN,31.34,68.19,165.35,-24.75,55.6,38.71,0.46,LOW,-,167.599,150.4254,136.5849,1,97.9455,LEADER,26.7878
316,42,INOD,INNODATA INC,Industrials,,small,92.09,90.25,1.0036,1.2284,1.064,FLAT,34.36,153.55,732.64,-63.03,48.0,190.94,2.954,HIGH,-,51.7345,45.7198,54.7203,1,38.601,LEADER,26.6479
317,-45,HWM,Howmet Aerospace,Industrials,Aerospace & Defense,large,269.76,77.12,0.0761,0.0456,0.2051,FLAT,28.75,70.8,238.05,-15.89,53.2,38.01,0.6245,LOW,-,250.738,246.0912,212.5575,1,99.088,LEADER,26.5781
318,-11,AMRX,AMNEAL PHARMACEUTICALS INC CLASS A,Health Care,,mid,12.6,65.75,-0.0584,-0.017,-0.1493,FLAT,9.76,68.0,87.78,-22.12,52.8,35.51,0.6554,LOW,-,13.0282,12.7252,11.7615,1,101.1096,CONTENDER,26.5256
319,-7,ROG,ROGERS CORP,Information Technology,,small,138.43,67.37,-0.007,0.0423,0.0676,STRONG_DOWN,62.74,94.97,15.3,-14.4,51.6,39.63,0.9691,LOW,-,130.8015,116.6592,94.5968,1,123.6575,CONTENDER,26.4193
320,-19,TNK,TEEKAY TANKERS LTD CLASS A,Energy,,mid,80.06,59.55,-0.0041,0.036,0.0111,FLAT,31.36,81.74,26.84,-18.88,55.2,42.94,0.5535,LOW,-,77.9205,74.2294,60.6383,1,105.0823,CONTENDER,26.3254
321,-59,HPE,Hewlett Packard Enterprise,Information Technology,"Technology Hardware, Storage & Peripherals",large,30.21,62.63,0.0048,0.1034,0.0884,FLAT,28.09,72.85,83.17,-23.73,55.6,47.24,0.5454,LOW,-,28.579,25.2172,23.2585,1,85.7391,CONTENDER,26.3158
322,174,OSCR,OSCAR HEALTH INC CLASS A,Financials,,mid,23.73,87.5,0.2152,0.5621,0.7544,STRONG_DOWN,62.42,40.25,8.11,-51.71,46.8,62.86,1.6683,HIGH,-,18.183,15.1862,16.1514,1,29.9653,LEADER,26.2736
323,-4,IBKR,Interactive Brokers,Financials,Investment Banking & Brokerage,large,84.59,95.71,-0.009,0.1072,0.1187,STRONG_DOWN,19.2,67.72,184.66,-18.7,54.8,39.12,0.9669,LOW,-,80.7335,73.3452,69.0857,1,94.857,LEADER,26.266
324,5,UFCS,UNITED FIRE GROUP INC,Financials,,small,48.43,97.86,0.1452,0.2418,0.2603,STRONG_DOWN,34.16,74.64,113.41,-9.43,52.8,36.55,1.31,MED,-,41.679,39.2422,34.9653,1,107.8308,LEADER,26.2359
325,-39,AHR,AMERICAN HEALTHCARE REIT INC,Real Estate,,mid,51.47,90.24,0.0322,0.0301,-0.0511,STRONG_UP,5.43,52.17,290.79,-11.77,56.4,28.0,0.8463,LOW,-,50.1295,49.8358,46.2769,1,105.0846,LEADER,26.2129
326,-68,THR,THERMON GROUP HOLDINGS INC,Industrials,,small,64.69,84.75,-0.0355,0.1746,0.2645,STRONG_DOWN,83.78,112.03,89.26,-21.01,53.2,53.61,0.5717,LOW,-,59.3525,53.5002,39.101,1,111.1721,LEADER,26.2004
327,52,BEN,Franklin Resources,Financials,Asset Management & Custody Banks,large,31.68,92.14,0.0358,0.2087,0.1763,FLAT,44.69,55.2,48.67,-19.21,54.8,34.02,0.6166,LOW,-,28.963,26.1548,24.3445,1,88.9224,LEADER,26.1721
328,20,MYE,MYERS INDUSTRIES INC,Materials,,small,22.35,69.57,0.0921,0.0006,-0.0067,STRONG_UP,27.96,83.19,49.67,-12.47,54.8,40.07,0.745,LOW,-,21.308,21.2785,18.7596,1,113.7707,CONTENDER,26.1183
329,-7,GRC,GORMAN-RUPP,Industrials,,small,75.9,81.78,-0.0001,0.0609,0.1845,STRONG_DOWN,71.8,97.64,138.84,-14.39,54.0,44.74,0.6134,LOW,-,73.4215,67.2134,52.9745,1,117.8548,LEADER,26.1136
330,-12,LPG,DORIAN LPG LTD,Energy,,small,40.2,61.8,0.0179,0.0998,0.0905,FLAT,53.87,85.18,11.02,-24.99,52.8,42.04,0.5331,LOW,-,38.101,35.4852,29.8032,1,106.9795,CONTENDER,26.0988
331,-94,NGVT,INGEVITY CORP,Materials,,mid,71.56,62.32,-0.0692,-0.0743,-0.0556,FLAT,43.52,65.61,31.06,-23.94,52.0,35.59,0.6879,LOW,-,74.984,71.5268,61.4928,1,95.8615,CONTENDER,25.9948
332,38,INVX,INNOVEX INTERNATIONAL INC,Energy,,small,27.41,58.43,-0.0024,-0.007,-0.0687,STRONG_UP,32.1,80.45,42.46,-17.91,54.0,40.09,0.345,LOW,-,27.087,26.0024,22.0747,1,108.3605,CONTENDER,25.906
333,-17,MS,Morgan Stanley,Financials,Investment Banking & Brokerage,large,191.88,91.07,0.0116,0.0623,0.1014,STRONG_DOWN,17.52,51.92,105.75,-18.83,58.4,32.63,0.7907,LOW,-,189.4817,174.1406,165.7272,1,92.9284,LEADER,25.8577
334,66,CBOE,Cboe Global Markets,Financials,Financial Exchanges & Data,large,355.8,95.0,0.0475,0.1931,0.3373,STRONG_DOWN,37.64,62.3,98.76,-10.32,55.6,31.64,0.9679,LOW,-,318.8225,301.535,264.7754,1,109.4726,LEADER,25.8549
335,-22,NDSN,Nordson Corporation,Industrials,Industrial Machinery & Supplies & Components,large,281.16,63.14,0.0035,0.0074,-0.0083,FLAT,20.55,40.71,5.5,-14.15,55.2,21.84,0.8829,LOW,-,282.148,275.0239,249.2583,1,102.9025,CONTENDER,25.8463
336,-6,HOOD,Robinhood Markets,Financials,Investment Banking & Brokerage,large,78.27,70.71,0.0093,-0.0006,0.0134,FLAT,-42.4,25.09,363.41,-57.26,52.4,70.69,0.5509,LOW,-,81.4032,76.5593,105.6581,0,18.5997,LAGGARD,25.7963
337,51,JBHT,J.B. Hunt,Industrials,Cargo Ground Transportation,large,236.79,72.46,-0.0123,0.0329,0.0658,STRONG_DOWN,41.09,62.28,42.67,-15.87,50.4,35.53,1.33,MED,-,244.6204,225.4948,186.0894,1,88.35,CONTENDER,25.7203
338,-1,BG,Bunge Global,Consumer Staples,Agricultural Products & Services,large,126.21,88.33,0.0216,0.0315,0.1022,STRONG_DOWN,34.5,56.92,24.69,-15.39,48.4,27.75,0.7129,LOW,-,125.0565,123.9924,101.1973,1,99.2823,LEADER,25.6417
339,458,VSTS,VESTIS CORP,Industrials,,small,12.0,80.08,0.3252,0.3012,0.4201,FLAT,120.59,86.92,-1.3,-37.54,52.8,74.52,5.9577,HIGH,-,9.684,8.5918,6.523,1,61.5829,LEADER,25.632
340,70,GVA,GRANITE CONSTRUCTION INC,Industrials,,mid,140.42,73.73,0.0099,0.1055,0.0917,FLAT,40.51,64.8,126.97,-14.69,50.8,35.69,1.0266,MED,-,131.2455,126.3063,115.4031,1,92.2297,CONTENDER,25.5947
341,36,NTRS,Northern Trust,Financials,Asset Management & Custody Banks,large,162.35,92.5,0.0135,0.052,0.1239,STRONG_DOWN,26.26,55.35,100.12,-12.39,55.2,29.4,0.7304,LOW,-,163.0115,150.0688,137.578,1,103.919,LEADER,25.5269
342,-37,MDGL,MADRIGAL PHARMACEUTICALS INC,Health Care,,large,510.26,67.72,-0.0381,-0.0054,0.0552,STRONG_DOWN,2.9,72.76,141.46,-29.36,48.4,47.14,,LOW,-,519.4975,493.4998,476.0669,1,74.7034,CONTENDER,25.4827
343,-2,CTRE,CARETRUST REIT INC,Real Estate,,mid,42.09,92.68,0.0694,0.0454,0.0293,STRONG_UP,17.14,55.0,84.72,-12.25,57.2,31.51,0.711,LOW,-,39.394,38.8093,36.0443,1,99.8493,LEADER,25.4614
344,71,PTEN,PATTERSON UTI ENERGY INC,Energy,,mid,12.06,69.66,0.0299,0.1582,0.2806,STRONG_DOWN,101.2,99.86,20.55,-20.42,54.4,53.45,0.5531,LOW,-,11.3115,10.6896,7.3062,1,101.6343,CONTENDER,25.4605
345,-24,QCOM,Qualcomm,Information Technology,Semiconductors,large,210.31,54.21,0.1022,0.452,0.3121,FLAT,24.0,42.22,19.18,-33.13,53.2,59.86,2.347,HIGH,-,166.275,144.9448,157.0186,1,37.5238,CONTENDER,25.346
346,52,NTST,NETSTREIT CORP,Real Estate,,mid,20.73,85.37,0.011,0.0123,0.0374,STRONG_DOWN,16.71,39.91,29.21,-11.24,54.4,19.41,0.495,LOW,-,20.5645,20.0658,18.5748,1,111.8574,LEADER,25.3391
347,-4,CHRW,C.H. Robinson,Industrials,Air Freight & Logistics,large,167.21,79.24,0.0155,-0.0087,-0.1114,STRONG_UP,11.03,76.96,106.86,-19.34,53.6,51.7,0.5503,LOW,-,177.3735,173.9705,155.0423,1,79.7919,LEADER,25.3107
348,-60,NHC,NATIONAL HEALTHCARE CORP,Health Care,,mid,189.47,70.08,0.1351,0.1823,0.1243,FLAT,46.14,83.37,103.98,-13.13,52.4,40.97,0.9803,LOW,-,172.6765,166.9544,137.4914,1,106.6257,CONTENDER,25.2209
349,162,CNC,Centene Corporation,Health Care,Managed Health Care,large,59.31,27.95,0.0886,0.6152,0.4613,FLAT,73.17,0.58,-23.12,-59.31,54.8,59.55,1.4429,MED,-,47.831,40.9806,37.6993,1,0.5306,LAGGARD,24.9394
350,77,EGBN,EAGLE BANCORP INC,Financials,,small,25.4,81.79,-0.0227,-0.0353,-0.0417,STRONG_UP,55.76,32.79,34.16,-26.57,52.8,26.61,1.5728,HIGH,-,26.5018,25.703,21.9278,1,65.0621,LEADER,24.8835
351,-25,HLF,HERBALIFE LTD,Consumer Staples,,small,13.63,98.33,-0.1516,-0.1848,-0.121,FLAT,50.61,100.15,25.39,-32.31,48.4,66.59,1.0277,MED,-,15.9605,15.5592,12.7808,1,72.7903,LEADER,24.8712
352,35,PCVX,VAXCYTE INC,Health Care,,mid,54.03,69.69,-0.0373,-0.1165,-0.0303,FLAT,25.89,79.8,-17.76,-20.6,49.2,41.91,0.8998,LOW,-,58.1145,57.8354,46.8297,1,93.6811,CONTENDER,24.8591
353,-29,TK,TEEKAY CORPORATION CORP LTD,Energy,,small,13.43,64.04,-0.0266,0.0512,0.0472,FLAT,36.21,87.65,104.76,-16.68,52.0,42.61,0.8748,LOW,-,13.238,12.547,10.0464,1,106.9665,CONTENDER,24.6426
354,204,KURA,KURA ONCOLOGY INC,Health Care,,small,9.68,65.35,0.0292,0.0825,0.229,STRONG_DOWN,-6.2,66.9,-53.03,-39.04,49.6,43.51,1.2752,MED,-,9.263,8.8572,9.0187,1,76.2599,CONTENDER,24.6306
355,-81,AAP,ADVANCE AUTO PARTS INC,Consumer Discretionary,,mid,52.62,90.97,-0.0572,-0.0105,-0.0094,STRONG_DOWN,11.81,61.47,-27.0,-41.44,46.4,46.14,0.8572,LOW,-,57.0915,54.0335,52.5985,1,61.8207,LEADER,24.5929
356,-62,TRS,TRIMAS CORP,Materials,,small,40.9,65.22,-0.0043,0.0405,0.1339,STRONG_DOWN,29.77,70.24,51.91,-22.24,55.6,36.91,0.7141,LOW,-,38.6349,37.4022,36.2344,1,105.8121,CONTENDER,24.5266
357,-3,ORCL,Oracle Corporation,Information Technology,Application Software,large,186.83,41.58,-0.0287,0.015,0.0034,FLAT,-21.95,16.29,63.97,-58.25,50.8,55.07,0.7659,LOW,SHIFT,179.2935,161.2586,209.3037,0,15.0273,WEAK,24.4892
358,81,LHX,L3Harris,Industrials,Aerospace & Defense,large,309.47,64.83,0.0477,-0.1306,-0.0534,FLAT,5.0,44.15,45.63,-20.55,53.6,27.87,0.9349,LOW,EARLY,322.7355,343.6893,309.8949,0,84.902,LAGGARD,24.4886
359,71,DG,Dollar General,Consumer Staples,Consumer Staples Merchandise Retail,large,102.98,63.33,-0.0957,-0.1414,-0.241,STRONG_UP,3.5,20.98,-21.83,-33.78,49.6,35.99,1.6854,HIGH,EARLY,117.5545,123.8871,120.435,0,28.9139,LAGGARD,24.3554
360,324,SPG,Simon Property Group,Real Estate,Retail REITs,large,205.66,78.05,0.004,-0.012,0.0173,FLAT,15.12,34.2,54.35,-11.54,52.4,21.7,1.0079,MED,-,202.89,195.3764,182.9202,1,82.5817,LEADER,24.3541
361,36,PSMT,PRICESMART INC,Consumer Staples,,mid,156.49,86.67,-0.002,-0.0039,0.0754,FLAT,36.18,54.51,88.95,-10.62,56.4,30.26,0.8524,LOW,-,157.636,152.929,131.7144,1,101.6055,LEADER,24.3203
362,-18,TXN,Texas Instruments,Information Technology,Semiconductors,large,295.17,58.42,0.0299,0.2243,0.1209,FLAT,85.95,61.24,66.3,-29.57,51.6,49.62,0.8942,LOW,-,264.8385,223.9979,193.7255,1,63.6811,CONTENDER,24.2942
363,-55,JOBY,JOBY AVIATION INC CLASS A,Industrials,,mid,10.49,65.68,0.0208,0.1917,0.0747,FLAT,-33.48,45.9,107.72,-61.06,48.0,66.39,0.9534,LOW,SHIFT,9.3545,9.2026,13.2572,0,33.1836,LAGGARD,24.2387
364,203,OIS,OIL STATES INTERNATIONAL INC,Energy,,small,8.95,62.92,-0.0082,-0.264,-0.1901,FLAT,39.41,86.07,90.83,-39.82,52.4,78.92,2.2266,HIGH,-,10.353,11.308,8.0115,1,57.1478,CONTENDER,24.2223
365,26,NTB,BANK OF NT BUTTERFIELD & SON LTD,Financials,,mid,55.35,81.43,0.004,-0.0004,0.0587,FLAT,21.54,31.94,67.57,-11.44,52.0,18.97,1.1467,MED,-,55.806,53.6426,48.4277,1,87.5629,LEADER,24.221
366,19,FER,Ferrovial,Industrials,"Military, Government, Technical",large,68.91,65.25,-0.0152,-0.0476,-0.0378,FLAT,8.07,44.46,89.01,-17.13,50.8,30.4,1.0221,MED,-,69.6925,67.5044,63.7227,1,74.292,CONTENDER,24.2012
367,-28,GM,General Motors,Consumer Discretionary,Automobile Manufacturers,large,76.44,88.89,0.008,0.0132,0.0668,STRONG_DOWN,8.06,53.03,72.65,-16.0,52.0,30.79,0.6457,LOW,-,77.8995,76.1356,70.8995,1,89.5559,LEADER,24.139
368,83,FCX,Freeport-McMoRan,Materials,Copper,large,66.03,63.77,0.0979,-0.0397,0.0067,FLAT,62.0,69.24,30.2,-24.9,56.4,54.85,0.8322,LOW,-,62.7335,61.1095,51.0712,1,71.1935,CONTENDER,24.1335
369,0,SYNA,SYNAPTICS INC,Information Technology,,mid,119.59,64.74,0.1251,0.4268,0.1292,FLAT,75.3,81.47,35.31,-29.31,50.8,65.21,1.0701,MED,-,95.841,82.543,75.8615,1,63.4684,CONTENDER,24.1154
370,58,OII,OCEANEERING INTERNATIONAL INC,Energy,,mid,38.07,66.29,0.0155,-0.005,-0.0351,STRONG_UP,61.45,90.16,63.39,-15.27,50.4,49.09,0.7136,LOW,-,37.303,36.2218,28.3664,1,92.5658,CONTENDER,24.1061
371,43,LMND,LEMONADE INC,Financials,,mid,55.14,96.43,0.0595,-0.1075,-0.1861,STRONG_UP,-30.09,69.14,195.97,-47.7,50.0,78.9,,LOW,EARLY,61.194,60.227,63.3095,0,43.8157,LAGGARD,24.1005
372,-25,AKAM,Akamai Technologies,Information Technology,Internet Services & Infrastructure,large,149.56,66.32,0.2361,0.5523,0.3891,FLAT,71.67,89.46,58.57,-25.44,54.0,86.38,1.0204,MED,-,108.9005,108.3736,90.1428,1,55.9257,CONTENDER,24.0854
373,-102,ALNT,ALLIENT INC,Industrials,,small,62.97,83.05,-0.1641,-0.1236,-0.0061,STRONG_DOWN,19.84,101.41,122.8,-19.27,52.4,60.26,1.4505,MED,-,72.2965,67.0712,56.268,1,88.1864,LEADER,24.0819
374,-1,NTLA,INTELLIA THERAPEUTICS INC,Health Care,,small,13.99,66.14,0.0268,-0.0308,0.1602,FLAT,43.78,68.15,-44.96,-71.27,52.4,73.87,0.8892,LOW,-,14.1652,13.642,13.1925,1,48.3418,CONTENDER,23.8876
375,-12,APP,AppLovin,Information Technology,Application Software,large,490.69,48.42,0.0567,-0.0002,-0.1197,STRONG_UP,-24.66,32.58,468.13,-49.99,53.6,79.32,0.8622,LOW,SHIFT,468.79,447.8718,529.8775,0,22.0178,WEAK,23.8809
376,219,PRIM,PRIMORIS SERVICES CORP,Industrials,,mid,113.3,66.95,0.1429,-0.3194,-0.2815,FLAT,-12.05,48.47,131.45,-50.11,54.8,116.68,1.8981,HIGH,EARLY,156.501,149.4131,135.5841,0,22.7628,LAGGARD,23.8331
377,17,EL,Estée Lauder Companies (The),Consumer Staples,Personal Care Products,large,84.89,76.67,-0.0012,0.1106,-0.1361,FLAT,-4.64,31.71,-34.53,-43.62,52.8,50.35,0.5339,LOW,SHIFT,79.4415,80.201,93.5718,0,33.2512,LAGGARD,23.6578
378,172,GL,Globe Life,Financials,Life & Health Insurance,large,154.91,80.0,0.0225,0.0554,0.0884,STRONG_DOWN,17.18,30.09,85.23,-10.87,54.4,16.66,0.7023,LOW,-,152.41,145.6144,140.0517,1,98.2688,LEADER,23.6395
379,-68,BLBD,BLUE BIRD CORP,Industrials,,small,69.33,77.54,0.0896,0.0678,0.2361,FLAT,34.73,70.81,42.19,-23.45,54.0,42.14,0.9686,LOW,-,64.404,59.9108,55.0786,1,90.7334,LEADER,23.5896
380,13,TR,TOOTSIE ROLL INDUSTRIES INC,Consumer Staples,,mid,40.58,75.0,-0.0108,-0.0614,0.1089,FLAT,10.08,31.42,47.89,-20.03,56.0,24.46,1.006,MED,-,42.073,42.2549,39.0377,1,71.9326,LEADER,23.5812
381,3,VLY,VALLEY NATIONAL,Financials,,mid,13.16,90.36,-0.0175,0.0147,0.0023,FLAT,21.66,49.07,84.77,-13.64,52.0,27.49,0.6116,LOW,-,13.4345,12.7319,11.4642,1,92.8142,LEADER,23.5605
382,-7,PII,POLARIS INC,Consumer Discretionary,,mid,64.72,93.06,0.0021,0.177,0.0874,FLAT,2.29,76.18,-18.97,-34.21,50.8,63.27,0.3624,LOW,-,62.4185,57.556,60.9394,1,61.1649,LEADER,23.5529
383,-88,SUPN,SUPERNUS PHARMACEUTICALS INC,Health Care,,mid,50.53,59.84,-0.0014,0.0318,-0.0222,FLAT,11.3,56.54,70.25,-22.6,52.8,35.28,0.7173,LOW,-,49.8445,50.6168,48.2956,1,84.6125,CONTENDER,23.5381
384,-34,MNST,Monster Beverage,Consumer Staples,Soft Drinks & Non-alcoholic Beverages,large,85.87,85.0,0.1326,0.1437,0.1249,FLAT,22.62,42.57,56.93,-17.7,56.4,36.88,1.0581,MED,-,77.956,76.1206,72.6594,1,65.1019,LEADER,23.5347
385,-5,RTX,RTX Corporation,Industrials,Aerospace & Defense,large,178.89,61.86,0.0358,-0.119,-0.0527,FLAT,0.65,39.16,,-18.56,55.2,26.59,0.5905,LOW,-,180.644,192.6174,178.813,1,81.2947,CONTENDER,23.5159
386,119,FBNC,FIRST BANCORP,Financials,,mid,58.77,88.21,0.0137,0.0104,-0.0164,STRONG_UP,16.32,40.75,92.96,-16.25,48.8,28.04,1.0953,MED,-,58.629,56.8066,53.8371,1,70.9233,LEADER,23.4749
387,37,WSR,WHITESTONE REIT,Real Estate,,small,18.98,93.9,0.0048,-0.0221,0.2309,FLAT,43.38,56.07,63.49,-12.73,52.8,29.77,0.4895,LOW,-,18.9465,17.4775,14.1591,1,99.4524,LEADER,23.4601
388,-127,PBF,PBF ENERGY INC CLASS A,Energy,,mid,42.43,68.54,0.0087,0.0267,0.0522,STRONG_DOWN,8.19,92.72,-4.81,-34.86,54.8,73.83,0.5826,LOW,-,41.606,43.5308,33.6113,1,68.8187,CONTENDER,23.4103
389,29,JCI,Johnson Controls,Industrials,Building Products,large,141.04,66.1,0.009,-0.0081,0.0397,FLAT,15.41,47.81,119.16,-12.71,56.4,29.58,0.7208,LOW,-,141.5585,137.4219,120.7516,1,91.1636,CONTENDER,23.3046
390,42,ARQT,ARCUTIS BIOTHERAPEUTICS INC,Health Care,,mid,20.69,55.91,-0.1275,-0.1527,-0.2284,STRONG_UP,-12.88,49.71,158.95,-33.78,49.6,60.24,1.5811,HIGH,EARLY,23.0765,23.2337,23.0989,0,40.9304,LAGGARD,23.2464
391,-55,NPO,ENPRO INC,Industrials,,mid,310.2,75.85,0.036,0.1149,0.1566,STRONG_DOWN,44.92,67.29,112.39,-13.45,54.4,37.92,0.726,LOW,-,291.1155,270.0818,238.7017,1,96.5298,LEADER,23.104
392,-127,TPR,"Tapestry, Inc.",Consumer Discretionary,"Apparel, Accessories & Luxury Goods",large,131.73,90.28,-0.0782,-0.0768,-0.0418,STRONG_DOWN,24.95,59.85,231.83,-18.46,55.6,42.47,0.9994,LOW,-,143.9625,144.653,124.8974,1,78.3574,LEADER,23.0908
393,29,DAWN,DAY ONE BIOPHARMACEUTICALS INC,Health Care,,mid,21.53,88.58,0.019,0.0295,0.784,STRONG_DOWN,192.53,240.13,34.14,-23.55,47.48,148.35,0.0,LOW,-,21.4675,18.4178,10.7963,1,76.8534,LEADER,23.0783
394,93,MTX,MINERALS TECHNOLOGIES INC,Materials,,mid,81.01,49.28,0.0352,0.1034,0.09,FLAT,43.08,38.88,2.83,-15.83,53.6,28.64,1.8155,HIGH,-,74.53,71.5732,64.6893,1,72.7645,LAGGARD,23.0769
395,-80,DXPE,DXP ENTERPRISES INC,Industrials,,mid,143.79,71.19,-0.1842,-0.0711,0.0071,STRONG_DOWN,42.39,59.98,184.68,-32.99,52.8,55.4,1.0157,MED,-,162.81,148.9996,125.8358,1,57.165,CONTENDER,23.0217
396,-7,SPY,SPDR S&P500 ETF,index,index,large,738.18,50.0,0.0059,0.063,0.0697,STRONG_DOWN,8.94,27.23,45.16,-8.88,56.0,14.64,0.6932,LOW,-,717.909,685.9061,671.64,1,104.1621,CONTENDER,22.998
397,-95,SMCI,Supermicro,Information Technology,"Technology Hardware, Storage & Peripherals",large,32.79,26.84,-0.0456,0.0744,-0.1705,FLAT,-18.41,-15.69,-58.11,-66.18,47.6,105.72,0.904,LOW,SHIFT,29.406,27.7718,37.0699,0,-7.0622,WEAK,22.9587
398,35,PBI,PITNEY BOWES INC,Industrials,,small,15.31,74.58,0.0423,0.3038,0.5276,STRONG_DOWN,66.54,65.44,211.32,-28.28,51.2,43.19,1.2352,MED,-,14.875,12.4088,11.0768,1,77.5811,CONTENDER,22.9376
399,37,BTU,PEABODY ENERGY CORP,Energy,,mid,24.77,52.81,-0.0203,-0.17,-0.4701,STRONG_UP,-17.24,64.38,14.2,-40.28,48.8,59.75,0.8793,LOW,EARLY,26.161,30.8438,28.2958,0,52.5832,LAGGARD,22.8621
400,91,UNIT,UNITI GROUP INC,Communication,,mid,11.22,66.67,0.041,0.0461,0.261,STRONG_DOWN,71.82,44.95,85.29,-44.37,49.2,55.12,1.1217,MED,-,11.5165,9.8636,7.6165,1,40.1179,CONTENDER,22.8398
401,4,GILD,Gilead Sciences,Health Care,Biotechnology,large,134.94,51.18,0.0067,-0.0166,-0.1354,STRONG_UP,15.62,36.57,112.81,-17.54,52.8,25.49,0.9502,LOW,-,133.336,138.1485,126.5183,1,75.7613,CONTENDER,22.8295
402,-62,MPC,Marathon Petroleum,Energy,Oil & Gas Refining & Marketing,large,251.99,50.56,0.0138,0.0629,0.0704,STRONG_DOWN,29.62,58.07,47.8,-18.33,57.2,39.89,0.6162,LOW,-,235.561,233.2916,194.8127,1,83.2636,CONTENDER,22.7702
403,52,HWKN,HAWKINS INC,Materials,,mid,168.59,50.72,0.0223,0.1296,0.1248,FLAT,31.88,40.89,119.41,-34.79,55.2,36.03,0.6278,LOW,-,164.032,153.982,154.0481,1,62.6508,CONTENDER,22.6774
404,110,AEP,American Electric Power,Utilities,Electric Utilities,large,131.94,96.08,0.0023,0.007,0.062,STRONG_DOWN,9.29,36.72,54.32,-8.14,52.4,19.89,0.7964,LOW,-,133.034,131.7951,119.0063,1,96.7381,LEADER,22.6765
405,-3,WST,West Pharmaceutical Services,Health Care,Health Care Supplies,large,312.07,53.54,0.0151,0.1891,0.2631,STRONG_DOWN,13.57,45.04,-12.33,-24.7,48.4,37.98,1.0194,MED,-,297.1923,267.3011,261.7075,1,57.3977,CONTENDER,22.5945
406,-50,MATX,MATSON INC,Industrials,,mid,179.01,69.07,-0.0002,0.0468,0.138,STRONG_DOWN,64.73,53.82,57.65,-25.28,52.4,35.53,0.5517,LOW,-,175.8269,166.9938,130.735,1,79.373,CONTENDER,22.5713
407,118,EIX,Edison International,Utilities,Electric Utilities,large,71.27,88.24,0.0356,0.0107,0.0506,FLAT,27.65,34.4,6.18,-17.58,53.2,25.06,0.8121,LOW,-,69.6225,70.8384,60.5504,1,73.0251,LEADER,22.5643
408,145,SRE,Sempra,Utilities,Multi-Utilities,large,93.41,78.43,-0.0038,-0.004,0.0065,FLAT,1.94,28.12,28.82,-8.81,54.4,19.43,1.2177,MED,-,93.5425,94.6733,88.9156,1,78.7394,LEADER,22.497
409,17,PLD,Prologis,Real Estate,Industrial REITs,large,143.76,79.27,0.0093,0.0148,-0.0193,FLAT,16.93,35.6,42.86,-9.59,53.2,21.19,0.5264,LOW,-,141.9895,136.8027,124.9786,1,89.3807,LEADER,22.4747
410,-65,ANET,Arista Networks,Information Technology,Communications Equipment,large,142.54,54.74,-0.0223,-0.2095,-0.1805,FLAT,3.85,46.57,84.0,-28.33,56.8,60.35,1.462,MED,-,162.5355,145.5444,138.8981,1,43.8312,CONTENDER,22.4473
411,307,QUBT,QUANTUM COMPUTING INC,Information Technology,,small,11.78,50.0,0.1363,0.3214,0.1908,FLAT,-7.24,34.02,1460.26,-74.37,48.0,83.92,9.5384,HIGH,-,9.5195,8.1565,12.4225,0,19.4562,LAGGARD,22.4194
412,-121,HASI,HA SUSTAINABLE INFRASTRUCTURE CAPI,Financials,,mid,40.97,93.21,-0.0349,0.0434,0.1229,STRONG_DOWN,24.22,57.76,42.67,-15.38,50.8,33.24,0.9528,LOW,-,41.427,38.5022,32.5784,1,88.274,LEADER,22.3848
413,7,DLX,DELUXE CORP,Industrials,,small,25.31,75.0,-0.0111,-0.1322,-0.0026,FLAT,24.5,65.77,24.23,-20.66,48.0,42.11,1.1862,MED,-,29.3285,28.2446,22.6759,1,74.9677,LEADER,22.3686
414,93,XOM,ExxonMobil,Energy,Integrated Oil & Gas,large,150.63,35.96,0.0015,-0.0552,-0.1705,STRONG_UP,29.39,42.34,36.6,-15.69,56.8,29.87,0.7488,LOW,-,150.0815,154.7646,128.2507,1,80.5129,LAGGARD,22.3516
415,91,IRM,Iron Mountain,Real Estate,Other Specialized REITs,large,126.21,76.83,-0.0414,0.0826,0.2188,STRONG_DOWN,25.64,34.15,71.56,-25.15,54.8,37.37,1.1614,MED,-,121.698,111.6492,97.9676,1,50.0755,LEADER,22.2963
416,-91,AIR,AAR CORP,Industrials,,mid,111.51,79.66,-0.0371,-0.116,0.0179,FLAT,33.85,81.67,55.41,-16.11,51.2,50.86,0.8002,LOW,-,114.3625,112.5966,93.5926,1,82.2175,LEADER,22.2375
417,101,ENSG,ENSIGN GROUP INC,Health Care,,large,176.04,40.16,0.0173,-0.0903,-0.1755,STRONG_UP,-2.95,22.81,50.02,-21.48,49.6,23.3,1.5009,HIGH,EARLY,185.496,196.7358,182.6995,0,48.5465,WEAK,22.2109
418,-42,AAPL,Apple Inc.,Information Technology,"Technology Hardware, Storage & Peripherals",large,294.8,52.11,0.0364,0.0089,-0.1229,STRONG_UP,9.62,39.0,59.63,-13.8,52.4,25.68,0.9875,LOW,-,276.4564,263.742,257.324,1,79.5764,CONTENDER,22.1917
419,58,YOU,CLEAR SECURE INC CLASS A,Information Technology,,mid,57.64,76.84,-0.0458,0.06,0.5963,STRONG_DOWN,59.34,135.35,240.77,-22.91,52.4,93.55,0.5348,LOW,-,55.6305,51.5093,38.5278,1,75.811,LEADER,22.1736
420,256,MAC,MACERICH REIT,Real Estate,,mid,22.24,87.8,0.0037,0.0121,0.1405,STRONG_DOWN,26.68,43.76,55.02,-12.8,53.6,34.12,3.0135,HIGH,-,21.694,20.303,18.3186,1,68.7502,LEADER,22.0628
421,202,AMGN,Amgen,Health Care,Biotechnology,large,336.29,44.49,0.0323,-0.0191,-0.0827,STRONG_UP,5.37,28.25,15.87,-16.57,52.4,22.97,1.1739,MED,-,339.604,350.44,323.2502,1,64.4349,LAGGARD,22.0418
422,-32,AZZ,AZZ INC,Industrials,,mid,148.11,69.92,0.035,0.069,0.1151,STRONG_DOWN,46.6,58.43,96.51,-18.16,51.2,34.64,0.8712,LOW,-,141.6867,132.8024,117.4496,1,86.3574,CONTENDER,21.9272
423,117,BNL,BROADSTONE NET LEASE INC,Real Estate,,mid,20.02,75.61,0.0103,-0.0287,-0.0106,FLAT,14.27,34.05,49.53,-8.34,54.4,19.85,0.7664,LOW,-,19.9505,19.3046,17.9659,1,93.3245,LEADER,21.9234
424,-32,TVTX,TRAVERE THERAPEUTICS INC,Health Care,,mid,42.84,75.59,-0.0264,0.0403,0.4119,STRONG_DOWN,24.61,104.58,575.71,-33.49,51.6,91.13,0.8345,LOW,-,41.793,34.2102,29.7431,1,59.2183,LEADER,21.9031
425,105,SLB,Schlumberger,Energy,Oil & Gas Equipment & Services,large,55.64,51.69,-0.004,0.0182,-0.0662,FLAT,52.83,58.79,20.74,-14.3,50.4,36.29,0.5836,LOW,-,54.5515,51.3028,41.8008,1,81.6549,CONTENDER,21.8916
426,-19,FOXA,Fox Corporation (Class A),Communication Services,Broadcasting,large,66.16,80.95,0.0763,0.047,0.0971,FLAT,-0.07,20.91,103.61,-28.89,56.4,33.57,1.2772,MED,-,63.9175,60.9448,62.7086,1,35.1309,LEADER,21.8488
427,-58,AROC,ARCHROCK INC,Energy,,mid,37.23,44.94,-0.0605,-0.04,0.006,STRONG_DOWN,50.0,49.83,98.64,-15.92,53.2,28.14,0.7344,LOW,-,37.3595,36.3876,28.4282,1,94.1972,LAGGARD,21.821
428,0,ARCB,ARCBEST CORP,Industrials,,mid,112.92,72.88,-0.0486,0.0257,0.1021,STRONG_DOWN,70.99,62.29,-2.37,-30.6,50.4,47.09,0.9583,LOW,-,120.1074,105.9932,84.9551,1,66.6686,CONTENDER,21.802
429,32,CMC,COMMERCIAL METALS,Materials,,mid,69.67,56.52,-0.0225,0.0481,-0.1709,FLAT,17.3,47.45,24.66,-29.96,50.4,37.12,0.693,LOW,-,68.551,65.4561,64.4415,1,64.4208,CONTENDER,21.7767
430,-7,NPKI,NPK INTERNATIONAL INC,Industrials,,small,15.1,78.81,-0.0152,0.0063,0.0682,STRONG_DOWN,21.09,75.79,105.72,-17.94,50.8,42.27,0.7835,LOW,-,15.188,14.605,12.6593,1,91.0792,LEADER,21.7721
431,-65,RYTM,RHYTHM PHARMACEUTICALS INC,Health Care,,mid,91.31,60.63,-0.0384,0.0696,-0.0792,FLAT,-6.47,60.79,127.14,-35.54,51.2,54.31,0.6264,LOW,SHIFT,87.5802,87.3087,98.5511,0,57.3045,LAGGARD,21.6816
432,37,LIVN,LIVANOVA PLC,Health Care,,mid,71.75,62.6,0.0995,0.1275,0.0744,FLAT,41.02,62.85,17.35,-18.89,50.4,46.97,1.1044,MED,-,64.72,63.763,59.4133,1,67.4355,CONTENDER,21.6615
433,113,XPRO,EXPRO GROUP HOLDINGS NV,Energy,,small,15.8,60.67,-0.035,-0.0934,-0.2082,STRONG_UP,14.33,82.66,-21.7,-16.82,48.8,47.15,0.7787,LOW,-,16.8795,16.9144,14.4386,1,85.5516,CONTENDER,21.6057
434,28,AMBA,AMBARELLA INC,Information Technology,,mid,78.19,47.37,0.046,0.2601,-0.0246,FLAT,-17.19,28.9,70.09,-49.06,49.6,54.03,1.05,MED,-,67.2695,58.839,71.1385,1,26.5293,LAGGARD,21.5829
435,124,RYAM,RAYONIER ADVANCED MATERIALS INC,Materials,,small,9.38,79.71,-0.033,-0.084,0.1151,FLAT,50.08,133.33,114.65,-28.4,50.0,109.28,1.0492,MED,-,9.505,10.1304,7.4933,1,61.0054,LEADER,21.5086
436,46,TWST,TWIST BIOSCIENCE CORP,Health Care,,mid,55.95,68.11,-0.0437,-0.0028,0.1215,STRONG_DOWN,80.72,73.27,17.96,-38.24,51.6,70.45,0.8256,LOW,-,58.8405,51.9416,38.2167,1,53.668,CONTENDER,21.4892
437,96,IDYA,IDEAYA BIOSCIENCES INC,Health Care,,mid,28.12,61.02,-0.0051,-0.1081,-0.125,STRONG_UP,-8.97,61.15,-31.53,-25.91,50.4,47.04,0.5219,LOW,EARLY,30.012,31.5988,30.5925,0,65.5137,LAGGARD,21.4603
438,104,SWX,SOUTHWEST GAS HOLDINGS INC,Utilities,,mid,89.87,92.16,-0.0114,0.0094,0.0277,STRONG_DOWN,15.13,36.22,26.43,-6.72,52.0,19.54,0.4564,LOW,-,90.9915,89.2348,82.1639,1,96.3868,LEADER,21.4213
439,78,MD,PEDIATRIX MEDICAL GROUP INC,Health Care,,small,23.68,64.57,0.0829,0.0708,0.0973,FLAT,4.92,64.22,177.61,-23.65,55.2,43.12,0.7315,LOW,-,22.7525,21.42,19.7625,1,82.2065,CONTENDER,21.3944
440,-2,CVX,Chevron Corporation,Energy,Integrated Oil & Gas,large,185.95,29.21,-0.0084,-0.0703,-0.1348,STRONG_UP,21.98,36.51,23.21,-13.99,54.8,25.17,0.67,LOW,-,186.98,193.0644,165.8558,1,79.4834,LAGGARD,21.3938
441,81,WMB,Williams Companies,Energy,Oil & Gas Storage & Transportation,large,74.73,26.97,0.0016,-0.0185,-0.087,STRONG_UP,25.23,32.9,102.48,-12.36,52.4,20.8,0.8758,LOW,-,72.8985,73.1255,63.88,1,82.894,LAGGARD,21.346
442,-26,ARDX,ARDELYX INC,Health Care,,small,6.61,72.05,-0.0526,0.0677,-0.096,FLAT,16.99,94.99,-17.58,-33.54,46.8,62.58,0.4578,LOW,-,6.4455,6.1208,6.0605,1,71.034,CONTENDER,21.3334
443,83,IOVA,IOVANCE BIOTHERAPEUTICS INC,Health Care,,small,3.56,73.23,-0.1131,0.0015,0.3636,STRONG_DOWN,50.21,98.88,-67.28,-54.41,46.0,105.8,1.2324,MED,-,3.632,3.7982,2.7872,1,42.9925,CONTENDER,21.3006
444,-27,NRIX,NURIX THERAPEUTICS INC,Health Care,,small,15.96,64.17,-0.038,0.0026,-0.0158,FLAT,30.29,64.03,14.49,-37.48,45.2,42.4,0.5781,LOW,-,16.6835,15.9512,14.2743,1,68.2571,CONTENDER,21.275
445,-2,KEY,KeyCorp,Financials,Regional Banks,large,21.28,83.93,-0.0236,-0.0064,-0.0378,FLAT,19.92,33.9,57.13,-17.76,51.6,26.56,0.5322,LOW,-,21.8085,20.7742,19.4944,1,65.8578,LEADER,21.2452
446,27,SVRA,SAVARA INC,Health Care,,small,5.08,67.32,-0.0196,-0.1405,-0.0569,FLAT,27.0,71.04,10.68,-38.12,49.6,52.85,0.4649,LOW,-,5.259,5.362,4.7871,1,66.6749,CONTENDER,21.227
447,55,NWE,NORTHWESTERN ENERGY GROUP INC,Utilities,,mid,71.5,94.12,0.0056,0.0017,0.03,FLAT,10.23,36.62,51.36,-10.09,56.8,24.57,0.5821,LOW,-,71.8175,69.4004,63.2895,1,84.6523,LEADER,21.1989
448,30,AEO,AMERICAN EAGLE OUTFITTERS INC,Consumer Discretionary,,mid,15.66,72.92,-0.0372,-0.0687,-0.2345,STRONG_UP,-10.92,27.12,-31.17,-44.32,48.0,53.63,1.0426,MED,EARLY,17.661,17.6926,18.9974,0,24.2691,LAGGARD,21.1967
449,-100,TEAM,Atlassian,Technology,Computer Software,large,85.0,0.0,0.0039,0.3258,-0.0464,FLAT,-46.58,-62.97,-53.51,-75.1,44.8,90.89,0.7537,LOW,SHIFT,77.7515,73.6404,130.6769,0,-31.0363,WEAK,21.176
450,-2,WRBY,WARBY PARKER INC CLASS A,Consumer Discretionary,,mid,26.95,84.72,0.2601,0.2158,0.3324,FLAT,54.97,45.83,73.87,-42.26,49.2,88.25,1.0435,MED,-,24.1595,23.5382,23.9105,1,25.5524,LEADER,21.1582
451,-124,KSS,KOHLS CORP,Consumer Discretionary,,small,12.73,92.36,-0.0799,-0.0153,-0.2112,FLAT,-27.83,63.76,-43.96,-50.57,49.6,58.74,0.9885,LOW,-,14.463,13.8003,16.3288,0,53.8396,LAGGARD,21.1321
452,-88,COIN,Coinbase,Financials,Financial Exchanges & Data,large,207.64,9.29,0.0681,0.1361,0.3649,STRONG_DOWN,-34.69,-19.17,4.07,-66.39,46.0,80.55,0.7733,LOW,SHIFT,199.1085,191.4868,257.0167,0,-10.9502,WEAK,21.0916
453,30,HTBK,HERITAGE COMMERCE CORP,Financials,,small,13.45,90.0,0.0389,0.1036,0.0292,FLAT,41.04,48.12,77.65,-13.47,49.79,27.79,0.0,LOW,-,12.915,12.7046,11.0759,1,86.2109,LEADER,21.0839
454,-5,DHT,DHT HOLDINGS INC,Energy,,mid,18.72,53.93,-0.0243,0.0272,0.0964,STRONG_DOWN,43.65,71.74,74.32,-15.22,51.2,42.05,0.3929,LOW,-,18.4145,18.1274,14.0333,1,87.3483,CONTENDER,21.0719
455,49,FLNG,FLEX LNG LTD,Energy,,small,32.93,49.44,0.0195,0.004,0.1577,FLAT,29.36,56.58,,-11.05,53.2,31.05,0.6554,LOW,-,31.8155,30.626,26.0873,1,96.9345,LAGGARD,21.0096
456,3,NSC,Norfolk Southern,Industrials,Rail Transportation,large,312.35,55.93,0.0125,0.0464,0.0247,FLAT,9.82,32.42,40.86,-12.47,54.8,22.17,0.426,LOW,-,309.8289,298.6791,289.6475,1,80.131,CONTENDER,20.9794
457,14,GLNG,GOLAR LNG LTD,Energy,,mid,57.36,42.7,0.0379,0.0201,0.1613,FLAT,48.64,47.4,130.62,-21.95,53.2,33.46,0.6717,LOW,-,54.2825,52.0389,42.8151,1,75.3719,LAGGARD,20.9115
458,0,NJR,NEW JERSEY RESOURCES CORP,Utilities,,mid,56.96,80.39,0.038,0.0415,0.0622,STRONG_DOWN,27.16,28.3,39.5,-8.68,55.6,17.17,0.7122,LOW,-,55.8145,55.2677,48.8086,1,91.6527,LEADER,20.8904
459,-63,TSLA,"Tesla, Inc.",Consumer Discretionary,Automobile Manufacturers,large,433.45,75.0,0.1238,0.2413,0.1189,FLAT,-2.65,29.75,152.17,-29.93,52.8,38.88,0.9505,LOW,-,394.853,384.6418,405.6707,1,40.3989,LEADER,20.8789
460,-16,HST,Host Hotels & Resorts,Real Estate,Hotel & Resort REITs,large,21.76,89.02,0.0069,0.0164,0.051,STRONG_DOWN,23.33,45.77,31.34,-9.48,49.2,26.58,0.9558,LOW,-,21.204,19.9902,17.8187,1,84.7148,LEADER,20.8714
461,-48,BEAM,BEAM THERAPEUTICS INC,Health Care,,mid,31.58,68.9,-0.007,0.0657,0.2094,STRONG_DOWN,45.87,74.96,31.47,-38.15,47.6,70.76,0.6436,LOW,-,30.5908,27.5313,25.3838,1,50.4243,CONTENDER,20.8653
462,-173,OPLN,OPENLANE INC,Industrials,,mid,36.11,71.61,0.0284,0.1751,0.2951,STRONG_DOWN,44.96,61.71,102.98,-17.32,51.6,39.15,0.7582,LOW,-,33.0595,30.2494,28.567,1,81.3352,CONTENDER,20.8423
463,142,URI,United Rentals,Industrials,Trading Companies & Distributors,large,955.76,57.2,0.0146,0.2393,0.1298,FLAT,12.33,33.55,39.31,-30.04,54.0,56.02,1.2338,MED,-,905.193,817.25,868.6351,1,32.3438,CONTENDER,20.803
464,26,CVI,CVR ENERGY INC,Energy,,mid,34.39,46.07,0.0404,0.0824,0.2685,STRONG_DOWN,-6.52,50.03,23.18,-48.21,50.0,62.69,0.4276,LOW,-,32.5431,31.343,30.2515,1,39.9059,LAGGARD,20.7591
465,0,RF,Regions Financial Corporation,Financials,Regional Banks,large,27.15,71.79,-0.0184,-0.0118,-0.1055,FLAT,10.62,26.11,48.24,-18.45,55.2,26.8,1.0346,MED,-,27.987,27.0128,26.4297,1,53.7875,CONTENDER,20.7298
466,63,SENEA,SENECA FOODS CORP CLASS A,Consumer Staples,,small,139.85,90.0,-0.0004,-0.1432,0.2015,FLAT,22.33,60.19,134.81,-21.04,58.8,46.59,0.9986,LOW,-,138.7015,145.1238,121.6472,1,75.9702,LEADER,20.7277
467,14,BKH,BLACK HILLS CORP,Utilities,,mid,74.3,86.27,0.0049,-0.0054,0.008,FLAT,6.49,34.14,42.15,-10.45,57.6,23.9,0.6626,LOW,-,74.8185,72.8266,67.2752,1,82.2698,LEADER,20.7242
468,112,NI,NiSource,Utilities,Multi-Utilities,large,47.19,76.47,-0.0077,0.0316,0.0382,STRONG_DOWN,9.36,28.11,73.47,-9.14,56.8,18.61,0.7603,LOW,-,47.5482,46.9326,43.3902,1,85.7916,LEADER,20.7217
469,79,KALV,KALVISTA PHARMACEUTICALS INC,Health Care,,small,26.73,80.71,0.017,0.3408,0.7177,STRONG_DOWN,145.45,129.64,,-32.79,50.0,93.97,0.8405,LOW,-,23.2415,20.1058,15.4614,1,68.979,LEADER,20.6879
470,-4,NEE,NextEra Energy,Utilities,Multi-Utilities,large,94.59,90.2,-0.0094,0.0619,0.0174,FLAT,13.11,35.08,34.28,-10.75,54.8,25.31,0.7347,LOW,-,94.128,92.9416,83.2455,1,75.9442,LEADER,20.683
471,28,MBIN,MERCHANTS BANCORP,Financials,,mid,45.69,87.86,-0.0018,-0.0287,-0.0073,FLAT,44.68,40.4,-2.0,-18.94,54.4,31.87,0.5156,LOW,-,47.567,45.0136,36.9944,1,68.9606,LEADER,20.6432
472,2,ROK,Rockwell Automation,Industrials,Electrical Components & Equipment,large,455.08,67.8,0.0143,0.1226,0.1587,STRONG_DOWN,17.15,49.77,74.22,-18.73,53.2,38.27,0.488,LOW,-,419.5655,390.174,377.5813,1,69.1871,CONTENDER,20.6249
473,-92,USB,U.S. Bancorp,Financials,Diversified Banks,large,54.48,76.43,-0.0108,-0.0189,-0.0576,STRONG_UP,16.8,28.0,43.29,-16.21,53.2,24.35,0.6076,LOW,-,55.9775,53.8523,50.6965,1,61.1637,LEADER,20.6004
474,-6,OBK,ORIGIN BANCORP INC,Financials,,small,46.43,85.71,0.0014,0.0437,0.0619,STRONG_DOWN,32.74,37.53,44.11,-17.09,54.0,23.77,0.5669,LOW,-,46.3495,43.5662,39.0634,1,85.2521,LEADER,20.5855
475,-71,SHOO,STEVEN MADDEN LTD,Consumer Discretionary,,mid,38.55,86.81,-0.0,0.0604,0.1114,STRONG_DOWN,3.35,47.91,-3.65,-31.73,48.4,42.43,0.7393,LOW,-,38.5235,36.0086,36.0125,1,54.6488,LEADER,20.5745
476,85,SRRK,SCHOLAR ROCK HOLDING CORP,Health Care,,mid,49.19,60.24,0.0608,0.0162,0.0378,FLAT,67.48,56.66,260.63,-34.86,48.0,54.51,0.8965,LOW,-,47.5937,46.3335,40.4091,1,49.8898,CONTENDER,20.5626
477,-23,PSX,Phillips 66,Energy,Oil & Gas Refining & Marketing,large,175.43,39.33,0.0101,0.0426,-0.0501,FLAT,28.65,44.84,29.69,-17.28,55.2,34.34,0.9409,LOW,-,167.9235,170.455,143.432,1,72.0734,LAGGARD,20.5602
478,-79,SEZL,SEZZLE INC,Financials,,mid,99.63,38.21,0.1774,0.4752,0.5945,STRONG_DOWN,71.75,10.04,665.4,-72.02,51.2,111.5,0.6562,LOW,-,84.6877,74.5024,77.1867,1,4.6102,LAGGARD,20.56
479,137,MO,Altria,Consumer Staples,Tobacco,large,69.89,78.33,0.0163,0.0649,0.14,STRONG_DOWN,25.74,32.47,79.6,-16.4,54.8,25.39,0.7194,LOW,-,68.1615,66.7239,62.109,1,70.0847,LEADER,20.5393
480,180,LXU,LSB INDUSTRIES INC,Materials,,small,15.44,75.36,0.1116,0.108,0.4905,FLAT,66.92,106.42,,-20.08,52.8,73.31,0.5842,LOW,-,14.5335,14.507,10.2434,1,76.6447,LEADER,20.5252
481,29,TARS,TARSUS PHARMACEUTICALS INC,Health Care,,mid,59.83,53.15,-0.0597,-0.1668,-0.0915,FLAT,-17.8,44.31,55.93,-27.71,50.8,43.16,1.0972,MED,EARLY,63.654,67.4617,66.8282,0,52.1509,LAGGARD,20.4914
482,45,EVLV,EVOLV TECHNOLOGIES HOLDINGS INC CL,Information Technology,,small,6.96,57.89,-0.0127,-0.0281,0.0261,FLAT,-3.06,57.11,188.8,-44.06,50.4,50.06,0.9407,LOW,-,6.8405,6.1383,6.8149,1,57.4985,CONTENDER,20.4317
483,96,DYN,DYNE THERAPEUTICS INC,Health Care,,mid,18.37,57.09,-0.0085,-0.0501,0.0957,FLAT,-0.76,51.82,-30.99,-44.65,48.4,72.02,0.4041,LOW,-,18.5455,18.1794,16.861,1,34.8237,CONTENDER,20.4235
484,-124,NPK,NATIONAL PRESTO INDUSTRIES INC,Industrials,,small,135.83,70.76,-0.0003,-0.0606,0.1639,FLAT,37.98,59.77,69.55,-23.32,54.0,42.16,0.8101,LOW,-,140.377,138.8013,116.8734,1,76.553,CONTENDER,20.402
485,-20,SMR,NUSCALE POWER CORP CLASS A,Industrials,,mid,12.0,3.81,-0.0888,0.1704,-0.1953,FLAT,-57.79,-44.55,88.09,-82.86,46.0,94.71,1.4237,MED,-,12.343,11.6184,24.4357,0,-21.6362,WEAK,20.3888
486,29,MUR,MURPHY OIL CORP,Energy,,mid,38.7,56.18,-0.0186,-0.0364,-0.0032,FLAT,37.35,74.38,-3.97,-17.26,51.2,50.73,0.4743,LOW,-,39.242,38.4508,31.1257,1,75.0666,CONTENDER,20.362
487,57,LFST,LIFESTANCE HEALTH GROUP INC,Health Care,,mid,7.93,49.61,0.0941,0.2416,0.1386,FLAT,23.33,35.09,10.6,-37.46,48.4,60.2,2.2245,HIGH,-,7.318,6.8644,6.2382,1,28.2149,LAGGARD,20.3473
488,-30,NBN,NORTHEAST BANK,Financials,,small,121.74,87.14,-0.0297,-0.0016,0.0141,STRONG_DOWN,43.12,39.84,124.08,-27.57,51.2,27.82,0.6852,LOW,-,123.8855,116.915,106.2117,1,73.328,LEADER,20.3344
489,-39,PI,IMPINJ INC,Information Technology,,mid,148.25,44.21,-0.036,0.263,0.1976,FLAT,-7.64,21.7,-7.24,-62.24,49.6,72.85,0.7727,LOW,SHIFT,131.8505,113.2887,155.4212,0,14.7717,WEAK,20.334
490,57,FFIV,"F5, Inc.",Information Technology,Communications Equipment,large,354.98,45.79,0.051,0.0714,0.0672,FLAT,47.44,25.33,107.11,-34.73,52.8,37.49,,LOW,-,323.0875,303.556,289.8007,1,35.6781,LAGGARD,20.3155
491,-15,LUV,Southwest Airlines,Industrials,Passenger Airlines,large,39.48,54.24,-0.0251,-0.0442,-0.195,STRONG_UP,21.93,28.72,47.38,-33.49,50.8,49.24,0.5795,LOW,-,39.808,40.1191,37.7269,1,29.6331,CONTENDER,20.2773
492,1,IRON,DISC MEDICINE INC,Health Care,,mid,68.53,55.12,0.0149,-0.005,-0.0545,STRONG_UP,-18.01,47.85,120.99,-40.55,53.2,67.65,0.9763,LOW,-,68.557,65.1815,71.9775,0,37.6319,LAGGARD,20.2655
493,235,ADAM,ADAMAS INC TRUST,Financials,,small,8.87,89.64,0.0237,0.1591,0.1575,FLAT,34.45,47.09,86.86,-17.07,52.8,43.26,2.2898,HIGH,-,8.2885,7.8443,7.133,1,57.4712,LEADER,20.2591
494,-52,FSLR,First Solar,Information Technology,Semiconductors,large,228.06,42.63,0.0562,0.0057,-0.1925,STRONG_UP,-16.35,19.03,20.32,-35.1,50.0,50.24,1.1596,MED,-,203.861,198.9942,223.3582,1,18.9383,LAGGARD,20.2564
495,-197,LILAK,LIBERTY LATIN AMERICA LTD CLASS C,Communication,,small,7.57,70.83,-0.0462,-0.0724,-0.2112,STRONG_UP,-7.12,51.7,-9.34,-22.55,52.4,36.57,0.7952,LOW,-,8.339,8.2598,8.054,0,74.0842,LAGGARD,20.2268
496,-67,ATEN,A10 NETWORKS INC,Information Technology,,small,27.35,56.84,0.0337,-0.041,0.122,FLAT,59.94,54.66,79.07,-17.26,54.4,35.81,0.6484,LOW,-,27.1825,24.3322,19.4748,1,83.0358,CONTENDER,20.2127
497,22,MSTR,MicroStrategy,Technology,Computer Software,large,184.42,12.5,0.0338,0.2444,0.4813,STRONG_DOWN,-22.8,-56.26,48.01,-76.53,44.8,70.56,0.7591,LOW,SHIFT,172.883,149.67,221.262,0,-35.7195,WEAK,20.197
498,152,REGN,Regeneron Pharmaceuticals,Health Care,Biotechnology,large,723.41,42.52,0.0199,-0.0199,-0.0767,STRONG_UP,10.76,26.68,-25.45,-21.43,49.6,28.94,1.1417,MED,-,728.7595,746.118,688.1684,1,45.7315,LAGGARD,20.1714
499,-140,ESE,ESCO TECHNOLOGIES INC,Industrials,,mid,299.82,72.03,-0.083,-0.0589,0.0951,STRONG_DOWN,35.64,61.95,187.53,-12.91,54.4,40.2,0.746,LOW,-,316.9195,295.6302,235.6205,1,83.8268,CONTENDER,20.1337
500,-3,SXI,STANDEX INTERNATIONAL CORP,Industrials,,mid,255.01,73.31,-0.0276,-0.0545,0.0097,FLAT,7.44,63.71,47.56,-12.72,52.0,42.02,0.6166,LOW,-,266.4839,261.7437,234.567,1,78.8422,CONTENDER,20.0929
501,105,OMCL,OMNICELL INC,Health Care,,small,43.7,59.45,0.0153,0.2263,0.1498,FLAT,18.72,56.07,41.88,-37.05,53.2,58.32,1.1603,MED,-,40.686,37.7234,37.3718,1,51.1488,CONTENDER,20.085
502,-49,DBD,DIEBOLD NIXDORF INC,Information Technology,,mid,75.36,56.32,-0.044,-0.2513,-0.1524,FLAT,15.94,54.62,78.37,-15.11,55.2,39.2,0.6351,LOW,-,81.599,78.8748,67.9119,1,76.9087,CONTENDER,20.0804
503,-108,CVNA,Carvana,Consumer Discretionary,Automotive Retail,large,73.72,70.83,-0.0167,0.0362,0.1193,STRONG_DOWN,14.37,25.78,215.31,-41.21,54.0,59.05,0.4109,LOW,-,78.2528,69.0494,73.9337,0,23.5719,LAGGARD,20.0323
504,0,ARVN,ARVINAS INC,Health Care,,small,9.57,57.87,-0.0508,-0.1074,-0.2754,STRONG_UP,-14.48,52.15,-69.69,-30.8,48.8,55.55,1.8591,HIGH,-,10.3905,11.1542,10.5353,0,45.8099,LAGGARD,19.9936
505,0,NUVL,NUVALENT INC CLASS A,Health Care,,mid,102.54,52.76,0.0001,-0.001,-0.0124,STRONG_UP,10.28,43.57,55.18,-15.79,50.0,30.59,0.8737,LOW,-,104.024,101.8761,95.6826,1,71.2214,CONTENDER,19.9897
506,28,LNT,Alliant Energy,Utilities,Electric Utilities,large,72.59,72.55,0.0036,0.0375,0.0468,STRONG_DOWN,10.11,23.83,50.8,-7.01,56.0,17.16,1.3742,MED,-,72.163,71.5423,66.9903,1,77.7607,CONTENDER,19.9625
507,82,MATW,MATTHEWS INTERNATIONAL CORP CLASS,Consumer Discretionary,,small,27.86,80.56,0.0383,0.0929,0.1779,STRONG_DOWN,22.77,36.6,4.16,-15.87,51.6,26.23,1.4305,MED,-,27.6233,26.2487,24.9187,1,72.0005,LEADER,19.8477
508,-48,EXTR,EXTREME NETWORKS INC,Information Technology,,mid,22.79,53.68,-0.0235,0.1689,0.3348,STRONG_DOWN,27.25,41.91,112.79,-39.87,53.2,67.52,1.0049,MED,-,20.368,17.3132,17.964,1,33.0179,CONTENDER,19.8378
509,115,LYB,LyondellBasell,Materials,Specialty Chemicals,large,74.31,46.38,0.0248,0.006,0.2605,FLAT,80.91,34.56,-14.83,-35.45,49.6,54.88,,LOW,-,72.5525,72.9182,54.4354,1,31.2326,LAGGARD,19.7895
510,25,TALO,TALOS ENERGY INC,Energy,,mid,15.35,57.3,0.0084,0.014,0.003,FLAT,48.74,76.64,23.69,-18.53,54.4,60.1,0.4237,LOW,-,15.099,14.8362,11.543,1,69.3712,CONTENDER,19.7368
511,-103,FSLY,FASTLY INC CLASS A,Information Technology,,mid,19.03,76.32,-0.3888,-0.2245,0.8555,STRONG_DOWN,59.51,132.93,118.74,-43.19,48.0,199.29,0.5191,LOW,-,24.9442,25.61,13.6919,1,32.0157,LEADER,19.7084
512,39,LAUR,LAUREATE EDUCATION INC,Consumer Discretionary,,mid,32.78,85.42,0.0447,0.0388,0.06,FLAT,5.23,45.88,103.1,-16.33,56.8,38.51,0.3943,LOW,-,32.2577,33.2099,31.3345,1,67.6753,LEADER,19.7046
513,90,ADPT,ADAPTIVE BIOTECHNOLOGIES CORP,Health Care,,mid,13.63,54.33,-0.039,-0.0393,-0.1339,STRONG_UP,-7.34,46.72,258.68,-39.35,51.2,65.81,0.6313,LOW,EARLY,14.128,14.0756,15.0213,0,36.3456,LAGGARD,19.6736
514,-102,PAHC,PHIBRO ANIMAL HEALTH CORP CLASS A,Health Care,,mid,36.58,56.3,-0.3582,-0.3576,-0.2948,STRONG_DOWN,-19.78,50.68,109.47,-39.04,50.0,71.4,1.4187,MED,EARLY,51.843,52.8996,43.0451,0,35.4901,LAGGARD,19.6387
515,45,WMT,Walmart,Consumer Staples,Consumer Staples Merchandise Retail,large,130.35,81.67,0.0243,0.0442,0.0783,STRONG_DOWN,28.04,37.09,119.81,-10.92,52.0,25.48,0.8871,LOW,-,128.942,126.0095,113.0517,1,75.6895,LEADER,19.6269
516,-91,AMR,ALPHA METALLURGICAL RESOURCE INC,Materials,,mid,188.03,55.07,-0.0345,-0.0028,-0.026,FLAT,13.75,47.28,-35.3,-34.85,50.8,53.3,0.8894,LOW,-,192.204,193.956,178.6643,1,45.0606,CONTENDER,19.5891
517,-149,EXPE,Expedia Group,Consumer Discretionary,"Hotels, Resorts & Cruise Lines",large,221.48,77.78,-0.0654,-0.0589,0.057,STRONG_DOWN,-17.05,31.83,98.59,-37.44,50.4,57.38,0.7556,LOW,EARLY,249.8425,239.9427,236.7419,0,27.9596,LAGGARD,19.5794
518,280,UNF,UNIFIRST CORP,Industrials,,mid,256.8,61.44,0.0333,-0.0165,0.13,FLAT,68.52,39.03,57.4,-21.06,49.2,35.51,1.0976,MED,-,257.167,258.3588,201.0218,1,54.0808,CONTENDER,19.5111
519,132,TROX,TRONOX HOLDINGS PLC,Materials,,small,8.75,60.87,-0.1186,-0.0608,0.0499,STRONG_DOWN,145.56,64.46,-49.22,-51.47,50.8,85.16,1.1958,MED,-,9.5522,8.6668,5.5936,1,38.449,CONTENDER,19.467
520,88,TDY,Teledyne Technologies,Information Technology,Electronic Equipment & Instruments,large,632.17,46.84,-0.0102,-0.1567,-0.2381,STRONG_UP,21.54,28.19,61.75,-18.39,52.4,25.45,0.5382,LOW,-,639.8305,638.674,578.7459,1,58.0312,LAGGARD,19.3822
521,181,CF,CF Industries,Materials,Fertilizers & Agricultural Chemicals,large,130.39,59.42,0.1022,0.0876,0.3482,FLAT,59.16,52.08,84.21,-24.87,54.8,62.46,0.7555,LOW,-,122.315,123.1068,94.7668,1,45.6949,CONTENDER,19.3785
522,-189,XYZ,"Block, Inc.",Financials,Transaction & Payment Processing Services,large,72.12,69.29,0.0374,0.1004,0.3498,STRONG_DOWN,7.96,23.98,3.41,-39.48,51.6,58.43,0.7884,LOW,-,71.223,65.386,68.0252,1,21.1782,CONTENDER,19.3728
523,103,PH,Parker Hannifin,Industrials,Industrial Machinery & Supplies & Components,large,881.34,55.51,0.0022,-0.1042,-0.079,FLAT,5.28,31.04,63.0,-15.79,54.0,31.14,1.0931,MED,-,929.2823,927.1758,854.4317,1,53.8261,CONTENDER,19.3556
524,320,UNH,UnitedHealth Group,Health Care,Managed Health Care,large,396.39,45.67,0.0959,0.2851,0.4266,STRONG_DOWN,25.06,30.89,-19.08,-28.96,52.0,34.38,0.9766,LOW,-,357.574,313.6172,315.3606,1,46.7225,LAGGARD,19.3369
525,-106,CTS,CTS CORP,Information Technology,,small,58.66,51.05,-0.0139,-0.0771,-0.1666,STRONG_UP,42.28,35.72,14.92,-20.31,52.0,35.96,1.5106,HIGH,-,56.7985,52.2275,46.1368,1,51.6509,CONTENDER,19.3337
526,-18,FITB,Fifth Third Bancorp,Financials,Regional Banks,large,48.63,75.0,-0.0243,-0.0131,-0.088,FLAT,14.74,27.76,36.81,-21.21,51.2,28.8,0.584,LOW,-,50.0665,47.7994,45.8082,1,49.3461,LEADER,19.3286
527,-82,RUSHA,RUSH ENTERPRISES INC CLASS A,Industrials,,mid,72.0,62.29,0.0239,0.0099,0.0259,FLAT,45.57,40.46,60.57,-20.81,51.2,32.44,0.7965,LOW,-,72.916,69.0222,59.9082,1,63.8602,CONTENDER,19.2912
528,-150,CTRI,CENTURI HOLDINGS INC,Industrials,,mid,31.68,69.49,-0.2185,-0.061,0.0443,STRONG_DOWN,46.46,57.38,28.1,-24.21,52.0,57.52,1.1156,MED,-,35.3395,32.3668,25.8959,1,51.8708,CONTENDER,19.2765
529,39,ADTN,ADTRAN HOLDINGS INC,Information Technology,,small,15.04,63.16,-0.0343,-0.1498,0.2604,FLAT,87.53,75.7,,-31.67,52.8,64.05,0.8161,LOW,-,16.525,13.8,10.2879,1,62.4045,CONTENDER,19.268
530,131,TEL,TE Connectivity,Information Technology,Electronic Manufacturing Services,large,213.73,48.95,-0.0029,-0.2306,-0.2555,STRONG_UP,-13.47,33.07,48.69,-21.11,57.6,44.12,1.3899,MED,-,218.1855,212.5516,220.4431,0,43.1716,WEAK,19.2656
531,-31,ZS,Zscaler,Technology,EDP Services,large,146.17,37.5,0.0995,0.0749,-0.1689,STRONG_UP,-55.56,-40.34,-16.47,-64.89,50.0,65.7,,LOW,SHIFT,139.1655,142.686,228.8033,0,-30.6992,WEAK,19.2643
532,168,DOW,Dow Inc.,Materials,Commodity Chemicals,large,39.43,47.83,0.0376,-0.0021,0.1692,FLAT,83.21,36.82,-24.73,-32.02,48.4,50.87,0.6132,LOW,-,38.707,38.0634,27.7151,1,35.0288,LAGGARD,19.2615
533,-76,BKU,BANKUNITED INC,Financials,,mid,46.2,82.14,-0.0169,-0.0137,-0.0474,FLAT,15.71,32.95,71.44,-16.4,52.8,26.43,0.4175,LOW,-,46.8295,45.6163,42.4909,1,65.825,LEADER,19.2488
534,165,HSY,Hershey Company (The),Consumer Staples,Packaged Foods & Meats,large,191.91,65.0,0.0498,-0.0317,-0.1073,STRONG_UP,15.24,21.13,-2.68,-22.97,51.6,23.65,0.7648,LOW,PROGRESS,188.3695,203.6616,191.9464,0,46.1009,LAGGARD,19.1778
535,-11,PNC,PNC Financial Services,Financials,Diversified Banks,large,215.21,71.43,-0.0133,-0.0173,-0.0703,STRONG_UP,18.07,25.3,45.97,-17.21,52.0,24.25,0.5012,LOW,-,221.235,212.919,202.949,1,54.2566,CONTENDER,19.1566
536,-42,GRDN,GUARDIAN PHARMACY SERVICES INC CLA,Health Care,,mid,34.91,51.97,-0.0292,-0.0536,0.0036,FLAT,17.34,41.68,118.19,-25.83,52.8,39.25,0.6637,LOW,-,36.834,36.2744,30.2199,1,56.0692,CONTENDER,19.0773
537,64,PSKY,Paramount Skydance Corporation,Communication Services,Movies & Entertainment,large,10.69,23.81,-0.0089,-0.0409,-0.0175,FLAT,-29.27,-9.42,-14.97,-55.05,46.4,70.11,0.6648,LOW,-,11.0765,10.4568,13.3195,0,-6.2324,WEAK,19.0584
538,-66,JOE,ST JOE,Real Estate,,mid,64.21,86.59,-0.0198,-0.0802,-0.1162,STRONG_UP,9.84,40.75,13.18,-16.94,50.0,34.88,0.5927,LOW,-,67.1025,67.0346,59.4859,1,58.4153,LEADER,19.0439
539,95,ULTA,Ulta Beauty,Consumer Discretionary,Other Specialty Retail,large,505.2,68.06,-0.0192,-0.0023,-0.1562,FLAT,-2.2,22.55,25.06,-28.52,50.0,39.87,1.4755,MED,EARLY,539.4815,551.2784,567.9299,0,28.2831,LAGGARD,19.016
540,-187,LIND,LINDBLAD EXPEDITIONS HOLDINGS INC,Consumer Discretionary,,small,19.02,94.44,-0.0868,0.0022,0.0541,STRONG_DOWN,55.77,80.28,148.3,-23.67,52.4,61.63,0.8961,LOW,-,19.3135,18.4462,15.2858,1,68.2606,LEADER,19.0081
541,-38,CRWD,CrowdStrike,Information Technology,Systems Software,large,546.18,45.26,0.177,0.2395,0.125,FLAT,-2.04,24.08,71.12,-37.18,53.6,54.97,0.8779,LOW,-,464.7705,432.3108,458.7864,1,23.4754,LAGGARD,18.9941
542,-57,ABCB,AMERIS BANCORP,Financials,,mid,84.03,83.57,-0.0179,0.0245,0.0171,FLAT,14.39,33.63,73.54,-13.85,49.2,24.33,0.5853,LOW,-,85.029,80.6226,76.3606,1,68.014,LEADER,18.9502
543,-45,BFH,BREAD FINANCIAL HOLDINGS INC,Financials,,mid,84.63,91.79,-0.0224,0.0342,0.1259,STRONG_DOWN,33.12,55.08,109.23,-19.26,55.2,48.02,,LOW,-,87.111,79.5534,69.708,1,63.3113,LEADER,18.9435
544,-7,BTDR,BITDEER TECHNOLOGIES GROUP CLASS A,Information Technology,,mid,12.83,29.47,-0.1419,-0.061,-0.1238,FLAT,-27.31,-11.09,135.41,-71.89,50.4,97.23,0.7917,LOW,SHIFT,12.4825,10.2437,13.3462,0,-5.7476,WEAK,18.8699
545,-65,LION,LIONSGATE STUDIOS CORP,Communication,,mid,12.08,79.17,-0.0094,0.1079,0.2198,STRONG_DOWN,72.57,72.08,18.66,-24.05,46.8,59.23,0.8482,LOW,-,12.0405,10.7426,8.2549,1,56.9531,LEADER,18.8508
546,54,CPRX,CATALYST PHARMACEUTICALS INC,Health Care,,mid,31.14,46.85,0.037,0.2124,0.2956,STRONG_DOWN,44.43,31.67,91.99,-27.29,52.0,39.41,1.8539,HIGH,-,28.4735,25.9006,23.043,1,41.7876,LAGGARD,18.841
547,49,LLY,Lilly (Eli),Health Care,Pharmaceuticals,large,989.87,48.82,0.0195,0.0965,-0.0298,FLAT,2.72,33.66,32.46,-23.64,54.0,37.09,0.7198,LOW,-,929.8795,939.5178,916.415,1,49.0092,LAGGARD,18.818
548,-64,DAVE,DAVE INC CLASS A,Financials,,mid,242.25,83.21,0.0024,0.1434,0.4378,STRONG_DOWN,-1.92,33.28,394.69,-44.67,52.8,68.11,0.8595,LOW,-,261.621,223.3852,211.1171,1,25.7993,LEADER,18.7976
549,60,UVE,UNIVERSAL INSURANCE HOLDINGS INC,Financials,,small,39.4,92.86,0.0002,0.1687,0.2638,STRONG_DOWN,15.96,56.9,102.06,-18.95,53.2,41.82,0.5221,LOW,-,37.935,35.64,30.6701,1,72.387,LEADER,18.7958
550,13,RCAT,RED CAT HOLDINGS INC,Industrials,,small,11.03,78.39,0.0622,-0.1284,-0.0472,FLAT,20.41,72.88,867.54,-60.08,46.8,104.31,0.4441,LOW,-,11.7312,13.2181,11.1574,0,32.7003,LAGGARD,18.7951
551,13,SWBI,SMITH WESSON BRANDS INC,Consumer Discretionary,,small,14.42,89.58,0.0039,0.0222,0.3414,STRONG_DOWN,71.16,56.33,-2.36,-27.81,49.2,43.34,,LOW,-,14.9675,14.4569,10.7736,1,63.9503,LEADER,18.7749
552,41,SOC,SABLE OFFSHORE CORP CLASS A,Energy,,mid,14.0,0.0,0.0325,0.0348,0.5173,STRONG_DOWN,133.33,-50.11,27.04,-87.52,46.0,110.86,0.3321,LOW,PROGRESS,13.734,14.6134,14.5187,0,-20.7913,WEAK,18.7716
553,30,DRH,DIAMONDROCK HOSPITALITY,Real Estate,,small,10.56,82.93,-0.0074,-0.0109,0.0133,FLAT,15.79,38.67,35.84,-11.92,49.6,25.34,0.5342,LOW,-,10.399,9.8841,8.8355,1,75.6976,LEADER,18.7495
554,-87,WSFS,WSFS FINANCIAL CORP,Financials,,mid,70.42,78.93,-0.0016,0.03,0.0561,STRONG_DOWN,29.1,29.33,57.1,-14.91,51.2,21.27,0.9557,LOW,-,70.8111,67.2467,59.4151,1,70.6038,LEADER,18.7215
555,52,CRSP,CRISPR THERAPEUTICS AG,Health Care,,mid,52.83,52.36,-0.0244,-0.0482,0.0877,FLAT,-3.21,41.94,-5.07,-42.25,48.8,63.85,0.509,LOW,-,53.8473,51.9305,56.0806,0,32.0542,LAGGARD,18.7099
556,43,CTVA,Corteva,Materials,Fertilizers & Agricultural Chemicals,large,82.59,40.58,0.0235,-0.0134,0.0948,FLAT,26.6,22.83,47.2,-20.71,56.0,23.3,0.5851,LOW,-,80.7405,80.7946,71.8019,1,54.863,LAGGARD,18.6476
557,-94,BANC,BANC OF CALIFORNIA INC,Financials,,mid,18.62,80.71,-0.0206,0.0155,-0.0723,FLAT,8.7,30.66,45.33,-20.47,53.2,29.01,0.6986,LOW,-,18.7515,17.9807,17.7706,1,56.2337,LEADER,18.5909
558,-186,KMT,KENNAMETAL INC,Industrials,,mid,35.82,74.15,-0.1486,-0.0868,-0.0763,STRONG_DOWN,32.98,65.31,46.78,-22.3,52.8,56.6,0.7268,LOW,-,38.6675,37.9506,29.6728,1,60.9286,CONTENDER,18.5832
559,-89,LVS,Las Vegas Sands,Consumer Discretionary,Casinos & Gaming,large,51.7,69.44,0.0082,-0.0133,0.0079,FLAT,-20.96,24.61,,-25.33,53.2,30.95,0.9744,LOW,EARLY,54.0674,53.8841,56.6303,0,42.3076,LAGGARD,18.5515
560,-114,CAH,Cardinal Health,Health Care,Health Care Distributors,large,182.56,40.94,-0.0302,-0.1281,-0.1904,STRONG_UP,-10.7,24.52,91.68,-20.42,54.8,25.75,,LOW,EARLY,198.9285,207.8078,189.6102,0,52.1912,WEAK,18.514
561,-49,CFFN,CAPITOL FEDERAL FINANCIAL INC,Financials,,small,7.68,86.79,-0.0,0.0293,0.0395,STRONG_DOWN,26.6,39.59,68.53,-10.59,49.6,24.46,0.7641,LOW,-,7.6625,7.3206,6.6267,1,80.2825,LEADER,18.5082
562,66,SYF,Synchrony Financial,Financials,Consumer Finance,large,70.84,54.64,-0.0382,-0.0487,-0.0159,FLAT,-4.39,17.38,63.49,-27.61,53.2,32.07,1.2351,MED,-,75.225,70.6026,73.6378,0,28.8261,LAGGARD,18.5035
563,260,XEL,Xcel Energy,Utilities,Multi-Utilities,large,79.9,60.78,-0.0091,0.0268,0.0079,FLAT,0.89,20.67,52.95,-11.5,52.8,22.1,1.8976,HIGH,-,80.1825,80.2504,76.8467,1,49.3753,CONTENDER,18.4815
564,20,IMKTA,INGLES MARKETS INC CLASS A,Consumer Staples,,small,84.49,83.33,-0.0249,-0.0698,0.0379,FLAT,15.73,38.19,16.77,-11.7,52.8,27.16,0.991,LOW,-,88.964,88.3688,76.1214,1,74.2358,LEADER,18.4811
565,37,GNL,GLOBAL NET LEASE INC,Real Estate,,mid,9.13,67.07,0.0143,-0.0632,-0.1127,STRONG_UP,21.21,25.81,52.41,-11.96,46.8,21.06,1.069,MED,-,9.394,9.3024,8.2897,1,57.3634,CONTENDER,18.4733
566,123,O,Realty Income,Real Estate,Retail REITs,large,62.53,53.66,-0.0202,-0.0411,-0.0734,STRONG_UP,13.91,19.95,27.07,-11.1,54.4,16.87,0.6824,LOW,-,63.381,62.9123,59.016,1,64.3346,CONTENDER,18.4535
567,-29,BLX,BANCO LATINOAMERICANO DE COMERCIO,Financials,,small,52.65,84.29,-0.0102,-0.0196,0.0876,FLAT,21.03,34.26,92.03,-12.42,53.6,25.09,0.4444,LOW,-,54.2856,51.6021,46.1862,1,73.1932,LEADER,18.4333
568,-47,IBP,INSTALLED BUILDING PRODUCTS INC,Consumer Discretionary,,mid,202.65,65.28,-0.2866,-0.2487,-0.2843,FLAT,-20.56,19.92,-8.48,-40.64,48.4,72.0,1.8732,HIGH,EARLY,278.2845,279.79,270.8038,0,13.3894,LAGGARD,18.4131
569,68,DLTR,Dollar Tree,Consumer Staples,Consumer Staples Merchandise Retail,large,89.05,51.67,-0.058,-0.1179,-0.2317,STRONG_UP,-16.22,3.9,-25.92,-36.94,50.0,38.96,1.3684,MED,EARLY,98.213,104.7474,110.601,0,5.0011,LAGGARD,18.3252
570,1,SHOP,Shopify,Technology,Computer Software,large,99.84,62.5,-0.0095,-0.3616,-0.1827,FLAT,-37.16,-7.28,69.85,-44.23,49.2,65.66,1.1776,MED,EARLY,120.764,121.0486,141.4512,0,-5.4556,LAGGARD,18.3138
571,-92,POWI,POWER INTEGRATIONS INC,Information Technology,,mid,70.91,47.89,-0.0852,0.1813,0.287,STRONG_DOWN,100.88,30.62,-4.56,-47.83,49.2,55.57,0.9726,LOW,-,69.3775,57.3998,45.6031,1,27.1103,LAGGARD,18.309
572,71,ALNY,Alnylam Pharmaceuticals,Health Care,Biotechnology,large,292.03,33.86,-0.0197,-0.117,-0.1003,FLAT,-33.88,9.43,94.83,-42.01,54.4,37.01,0.7042,LOW,EARLY,304.987,314.7536,391.8795,0,13.8637,WEAK,18.3021
573,-72,NXPI,NXP Semiconductors,Information Technology,Semiconductors,large,294.23,53.16,-0.0223,0.2707,-0.0097,FLAT,44.82,41.17,15.6,-24.58,48.4,63.73,1.4939,MED,-,260.6565,223.3586,221.2847,1,31.2645,CONTENDER,18.2968
574,-29,COMP,COMPASS INC CLASS A,Real Estate,,mid,8.36,71.95,-0.0924,0.1549,-0.3089,FLAT,-4.89,29.41,102.91,-50.81,46.0,90.46,0.6248,LOW,SHIFT,7.944,7.9374,9.2286,0,14.9562,LAGGARD,18.2258
575,-43,AMZN,Amazon,Consumer Discretionary,Broadline Retail,large,265.82,70.14,0.0034,0.1187,0.4094,STRONG_DOWN,7.01,25.76,42.48,-21.74,55.6,28.87,0.7544,LOW,-,261.8905,233.568,228.88,1,49.6115,CONTENDER,18.1621
576,-3,DVN,Devon Energy,Energy,Oil & Gas Exploration & Production,large,46.77,31.46,-0.009,-0.0309,-0.0996,STRONG_UP,39.5,39.93,-0.69,-15.06,52.4,35.39,0.7868,LOW,-,47.6475,47.6359,38.7943,1,59.1189,LAGGARD,18.1446
577,-1,TALK,TALKSPACE INC,Health Care,,small,5.18,66.54,0.0147,0.0254,0.3057,STRONG_DOWN,53.25,68.73,81.75,-33.43,46.8,54.32,0.3566,LOW,-,5.185,5.1412,3.7093,1,59.2148,CONTENDER,18.0924
578,242,VIR,VIR BIOTECHNOLOGY INC,Health Care,,small,9.4,73.62,-0.07,-0.0421,0.2612,STRONG_DOWN,75.05,100.0,,-27.82,49.6,78.56,0.355,LOW,-,10.1813,9.6328,6.9144,1,63.1365,CONTENDER,18.0537
579,-127,TTD,Trade Desk (The),Communication Services,Advertising,large,21.14,0.0,-0.1082,0.0094,-0.2171,FLAT,-51.13,-72.95,-75.85,-77.62,47.2,64.48,0.7059,LOW,EARLY,23.2765,23.6313,39.5086,0,-53.3972,WEAK,18.0439
580,410,PM,Philip Morris International,Consumer Staples,Tobacco,large,186.93,60.0,0.1165,0.172,0.0745,FLAT,22.73,18.15,103.69,-20.64,55.6,34.99,1.5724,HIGH,-,166.0315,165.7149,162.0865,1,28.841,CONTENDER,17.9881
581,0,AMAL,AMALGAMATED FINANCIAL CORP,Financials,,small,40.9,81.07,-0.0012,-0.0069,0.0239,FLAT,46.21,31.75,67.63,-24.41,50.4,27.06,0.5303,LOW,-,41.5018,39.8682,33.1754,1,59.1408,LEADER,17.9663
582,-135,LQDT,LIQUIDITY SERVICES INC,Industrials,,small,33.58,59.32,-0.0742,0.0148,0.1044,STRONG_DOWN,43.93,34.91,76.74,-21.53,55.6,31.63,1.0994,MED,-,35.046,32.4608,29.0473,1,61.372,CONTENDER,17.9625
583,2,GRMN,Garmin,Consumer Discretionary,Consumer Electronics,large,236.97,65.97,0.0127,-0.054,0.2584,FLAT,17.84,20.17,44.5,-27.97,56.4,36.22,0.5383,LOW,-,252.3295,245.6678,227.0079,1,31.4086,CONTENDER,17.9404
584,225,EHAB,ENHABIT INC,Health Care,,small,13.79,47.24,0.0181,0.0127,0.2212,FLAT,73.9,31.71,59.61,-39.63,49.6,46.17,1.9471,HIGH,-,13.746,13.7548,10.1941,1,34.0654,LAGGARD,17.9374
585,40,VCTR,VICTORY CAPITAL HOLDINGS CLASS A I,Financials,,mid,87.07,86.43,0.0772,0.2199,0.1597,FLAT,44.31,38.49,81.52,-18.13,51.6,35.83,0.8003,LOW,-,77.9763,71.5768,67.707,1,55.4291,LEADER,17.931
586,-37,TGT,Target Corporation,Consumer Staples,Consumer Staples Merchandise Retail,large,121.8,71.67,-0.0451,0.0188,0.1247,STRONG_DOWN,37.32,28.55,-18.39,-20.27,54.0,30.17,0.9943,LOW,-,127.422,122.2586,103.0461,1,51.1011,CONTENDER,17.9242
587,62,DVA,DaVita,Health Care,Health Care Services,mid,200.54,51.57,0.051,0.3653,0.3844,STRONG_DOWN,66.88,39.28,46.82,-31.36,49.6,53.3,1.4894,MED,-,162.871,155.955,134.3265,1,36.5563,CONTENDER,17.9038
588,-226,TDS,TELEPHONE AND DATA SYSTEMS INC,Communication,,mid,42.76,54.17,-0.0167,-0.0466,-0.1966,STRONG_UP,10.65,29.18,105.99,-13.75,52.8,29.26,1.4811,MED,-,44.9535,44.277,41.2536,1,52.6565,CONTENDER,17.8844
589,-46,NN,NEXTNAV INC,Information Technology,,mid,20.08,57.37,0.0489,0.1145,0.0247,FLAT,58.86,55.06,169.17,-36.62,54.0,91.94,0.8755,LOW,-,19.2965,17.7895,15.7605,1,32.3377,CONTENDER,17.8751
590,-2,MARA,MARA HOLDINGS INC,Information Technology,,mid,12.72,24.21,-0.0154,0.0814,0.494,STRONG_DOWN,-18.36,-22.3,-26.3,-70.53,46.0,77.49,1.05,MED,SHIFT,11.845,10.0536,12.8319,0,-13.236,WEAK,17.8668
591,-292,BKE,BUCKLE INC,Consumer Discretionary,,mid,49.26,79.86,-0.0603,-0.0198,0.0577,STRONG_DOWN,-9.39,36.23,49.51,-17.92,51.6,28.32,0.8927,LOW,EARLY,54.261,52.1728,52.0136,0,66.0181,LAGGARD,17.854
592,80,HIMS,HIMS HERS HEALTH INC CLASS A,Health Care,,mid,25.03,0.79,-0.0524,0.1953,0.494,STRONG_DOWN,-39.03,-60.89,94.18,-78.06,42.8,121.95,1.4647,MED,-,27.7685,23.6576,36.4071,0,-21.3704,WEAK,17.8442
593,-41,EBC,EASTERN BANKSHARES INC,Financials,,mid,19.49,76.07,-0.0189,-0.0473,-0.0794,STRONG_UP,13.56,27.95,49.23,-15.04,49.2,24.59,0.7047,LOW,-,20.2275,19.7698,18.5622,1,55.9186,LEADER,17.8388
594,-17,NWN,NORTHWEST NATURAL HOLDING COMPANY,Utilities,,mid,50.16,82.35,0.0305,-0.0478,0.0114,FLAT,8.86,29.16,42.7,-11.98,56.4,25.54,0.5624,LOW,-,52.1748,52.4592,46.4165,1,64.3983,LEADER,17.8212
595,3,TCBI,TEXAS CAPITAL BANCSHARES INC,Financials,,mid,97.45,76.79,-0.0287,-0.0455,-0.0453,FLAT,12.14,28.19,58.48,-14.21,55.2,30.05,1.3555,MED,-,101.273,97.5148,91.9819,1,51.7832,LEADER,17.8202
596,15,SR,SPIRE INC,Utilities,,mid,86.58,74.51,0.004,-0.0405,-0.0336,FLAT,-1.48,25.54,51.67,-10.16,56.8,20.59,0.9958,LOW,-,89.626,90.7794,83.6731,1,70.4512,CONTENDER,17.8187
597,218,ALHC,ALIGNMENT HEALTHCARE INC,Health Care,,mid,18.38,44.88,0.0299,-0.1137,-0.105,FLAT,12.21,30.82,165.61,-30.2,52.0,57.68,2.891,HIGH,-,20.192,19.1728,18.3748,1,27.7837,LAGGARD,17.7734
598,0,ATO,Atmos Energy,Utilities,Gas Utilities,large,181.94,64.71,-0.0162,-0.0085,0.0146,STRONG_DOWN,3.51,21.04,63.91,-7.2,58.0,15.84,0.8788,LOW,-,185.4625,185.7136,172.8289,1,77.0327,CONTENDER,17.7704
599,139,D,Dominion Energy,Utilities,Multi-Utilities,large,62.92,68.63,0.0205,0.0135,-0.0424,STRONG_UP,5.65,22.35,30.19,-9.77,52.0,18.82,0.7446,LOW,-,62.4765,62.3622,60.1741,1,61.7431,CONTENDER,17.7647
600,117,NOC,Northrop Grumman,Industrials,Aerospace & Defense,large,558.3,49.58,0.0213,-0.1801,-0.1409,FLAT,-0.11,20.52,21.06,-28.62,51.6,29.47,0.8212,LOW,EARLY,590.1875,661.6294,618.1399,0,35.9366,WEAK,17.7525
601,84,LIF,LIFE360 INC,Information Technology,,mid,38.62,18.42,-0.1013,-0.162,-0.4615,STRONG_UP,-58.61,-35.22,43.04,-65.64,51.2,75.19,1.591,HIGH,EARLY,44.626,42.8094,69.3694,0,-23.9849,WEAK,17.748
602,15,GE,GE Aerospace,Industrials,Aerospace & Defense,large,297.45,59.75,-0.0038,-0.0656,-0.0165,FLAT,-4.4,34.95,88.73,-20.85,55.2,40.65,0.7368,LOW,PROGRESS,292.7355,299.1307,298.7442,0,47.4611,LAGGARD,17.7471
603,-21,ACT,ENACT HOLDINGS INC,Financials,,mid,42.8,62.86,0.0131,0.0292,-0.0033,FLAT,15.65,21.11,41.56,-10.96,55.6,19.49,1.0512,MED,-,43.114,41.9364,39.1237,1,60.2291,CONTENDER,17.7315
604,-14,CCNE,CNB FINANCIAL CORP,Financials,,small,30.5,84.64,0.0049,-0.0025,0.0379,FLAT,24.19,34.89,62.41,-13.55,48.8,24.92,0.5341,LOW,-,30.6435,29.4328,26.5876,1,68.3328,LEADER,17.7272
605,-74,EOSE,EOS ENERGY ENTERPRISES INC CLASS A,Industrials,,small,8.1,48.31,0.2622,0.2813,-0.2665,FLAT,-57.79,19.12,1025.0,-77.1,48.0,144.56,1.1628,MED,-,7.0565,6.1465,10.5272,0,6.3479,WEAK,17.7123
606,36,AVAV,AEROVIRONMENT INC,Industrials,,mid,168.86,33.47,-0.008,-0.1329,-0.2723,STRONG_UP,-49.42,1.36,-9.84,-59.39,49.2,72.35,0.7529,LOW,EARLY,187.6045,196.223,267.5709,0,0.9225,WEAK,17.7015
607,40,CHTR,Charter Communications,Communication Services,Cable & Satellite,large,147.92,4.76,-0.0436,-0.3195,-0.3799,STRONG_UP,-29.71,-64.02,-46.14,-65.41,47.6,65.65,1.0752,MED,EARLY,188.905,207.765,228.2495,0,-46.419,WEAK,17.6953
608,197,TRI,Thomson Reuters,Technology,Computer Software,large,87.265,25.0,-0.0053,-0.2184,-0.0338,FLAT,-34.87,-51.75,-46.21,-61.67,44.4,52.05,1.5856,HIGH,EARLY,92.5503,93.6417,129.7653,0,-44.1459,WEAK,17.6834
609,58,GD,General Dynamics,Industrials,Aerospace & Defense,large,346.46,55.08,0.0213,0.019,0.041,FLAT,0.0,29.23,22.71,-14.53,52.0,26.28,0.4583,LOW,-,335.289,343.9135,337.5464,1,57.8402,CONTENDER,17.6567
610,-48,PFS,PROVIDENT FINANCIAL SERVICES INC,Financials,,mid,21.98,77.5,-0.0091,-0.0059,-0.0358,FLAT,20.84,28.44,,-14.49,48.8,22.93,0.8768,LOW,-,22.49,21.6414,20.1106,1,60.5331,LEADER,17.6449
611,-147,DCOM,DIME COMMUNITY BANCSHARES INC,Financials,,small,36.6,85.36,0.0033,0.0285,0.0445,STRONG_DOWN,39.84,37.48,98.55,-18.15,50.8,28.0,0.924,LOW,-,36.3394,34.4386,30.8935,1,68.0059,LEADER,17.6367
612,51,EQIX,Equinix,Real Estate,Data Center REITs,large,1080.63,70.73,-0.0039,-0.0033,0.2017,STRONG_DOWN,32.0,27.27,45.26,-19.63,51.6,27.58,0.6107,LOW,-,1085.7815,1024.26,851.1513,1,51.0156,CONTENDER,17.6353
613,-90,LCII,LCI INDUSTRIES,Consumer Discretionary,,mid,112.42,74.31,-0.002,-0.0703,-0.1712,STRONG_UP,4.35,29.02,5.69,-31.4,46.4,38.36,0.5433,LOW,EARLY,117.6585,121.7658,114.806,0,35.1027,LAGGARD,17.5561
614,194,CMP,COMPASS MINERALS INTERNATIONAL INC,Materials,,small,29.43,57.97,0.1257,0.1831,0.2104,STRONG_DOWN,67.12,49.16,135.82,-26.29,50.0,52.67,2.3519,HIGH,-,26.448,24.6748,21.2529,1,46.6715,CONTENDER,17.5432
615,31,ASTH,ASTRANA HEALTH INC,Health Care,,small,39.01,53.94,0.1233,0.3654,1.0443,STRONG_DOWN,73.92,46.1,-0.36,-46.41,55.2,73.28,1.1964,MED,-,34.3205,28.8562,26.8636,1,34.7296,CONTENDER,17.5431
616,-75,CUBI,CUSTOMERS BANCORP INC,Financials,,mid,73.91,85.0,-0.0362,-0.0169,0.0507,STRONG_DOWN,7.98,35.61,50.87,-20.31,49.2,31.72,0.7435,LOW,-,76.6085,72.1354,70.4073,1,55.2409,LEADER,17.5281
617,40,PFG,Principal Financial Group,Financials,Life & Health Insurance,large,100.84,77.14,0.0122,0.0813,0.1058,STRONG_DOWN,22.89,28.2,29.27,-11.96,52.8,23.99,0.6797,LOW,-,98.7695,93.2283,86.201,1,62.0686,LEADER,17.4432
618,30,WAB,Wabtec,Industrials,Construction Machinery & Heavy Transportation Equipment,large,269.02,56.36,0.0182,0.0024,0.0947,FLAT,28.41,32.63,64.74,-13.29,52.0,28.8,0.7976,LOW,-,264.3685,255.7008,221.6379,1,58.9068,CONTENDER,17.4376
619,73,PCT,PURECYCLE TECHNOLOGIES INC,Materials,,small,9.76,42.03,0.2943,0.4418,0.0743,FLAT,-4.13,23.08,84.85,-70.09,47.6,88.07,1.0944,MED,-,7.6735,6.4849,10.0315,0,12.4726,WEAK,17.4214
620,275,UTI,UNIVERSAL TECHNICAL INSTITUTE INC,Consumer Discretionary,,mid,37.67,63.89,0.056,0.1211,0.4943,STRONG_DOWN,27.05,18.95,151.3,-39.36,54.8,49.31,1.0023,MED,-,36.827,36.5178,30.5278,1,21.0547,CONTENDER,17.4205
621,-180,RUN,SUNRUN INC,Industrials,,mid,14.1,46.19,0.1226,0.1322,-0.2301,FLAT,-23.16,18.49,22.4,-55.02,49.6,98.89,0.8314,LOW,SHIFT,12.933,12.7702,16.4576,0,9.2727,WEAK,17.4189
622,94,SBRA,SABRA HEALTH CARE REIT INC,Real Estate,,mid,20.97,68.29,0.0262,0.0068,0.0352,FLAT,13.38,26.02,66.29,-12.18,53.2,20.99,0.5809,LOW,-,20.424,20.2582,18.8784,1,65.9516,CONTENDER,17.4116
623,-84,PLUS,EPLUS,Information Technology,,mid,84.28,46.32,0.02,-0.1176,-0.1863,STRONG_UP,-3.93,27.17,7.2,-20.65,49.2,30.99,1.2759,MED,-,85.1905,80.6786,79.5729,1,43.1323,LAGGARD,17.3485
624,235,CON,CONCENTRA GROUP HOLDINGS PARENT IN,Health Care,,mid,25.57,38.98,0.1372,0.1474,0.0552,FLAT,33.55,20.86,15.76,-21.39,48.4,25.32,1.8487,HIGH,-,23.0255,22.4816,21.4026,1,39.8682,LAGGARD,17.3114
625,178,GNW,GENWORTH FINANCIAL INC,Financials,,mid,9.09,78.21,0.0104,0.0671,0.0128,FLAT,5.33,28.75,38.78,-14.07,48.8,23.75,0.6577,LOW,-,8.899,8.5392,8.6095,1,59.081,LEADER,17.284
626,-137,FIBK,FIRST INTERSTATE BANCSYSTEM INC,Financials,,mid,34.59,79.64,-0.0179,0.0332,-0.0673,FLAT,10.88,29.66,41.73,-16.87,49.2,26.7,0.9754,LOW,-,34.6604,33.7654,32.7263,1,54.6621,LEADER,17.2772
627,83,DLR,Digital Realty,Real Estate,Data Center REITs,large,195.27,57.32,-0.0192,-0.0279,0.0754,FLAT,17.12,21.21,44.83,-16.83,52.4,21.79,0.93,LOW,-,198.4,187.5963,170.2133,1,51.0043,CONTENDER,17.2693
628,-41,FOX,Fox Corporation (Class B),Communication Services,Broadcasting,large,59.47,71.43,0.0706,0.0503,0.0875,FLAT,-0.43,17.64,97.9,-26.77,54.4,32.54,0.6866,LOW,-,57.39,54.9457,56.4955,1,29.4956,CONTENDER,17.2353
629,148,ALGT,ALLEGIANT TRAVEL,Industrials,,small,77.49,56.78,-0.0088,-0.1386,-0.2572,STRONG_UP,13.42,32.82,36.19,-37.3,46.4,61.3,2.0408,HIGH,-,80.5445,81.6942,76.2683,1,24.8462,CONTENDER,17.2262
630,-1,DX,DYNEX CAPITAL REIT INC,Financials,,mid,13.3,69.64,0.0154,0.0264,-0.0012,FLAT,5.49,24.04,44.78,-15.27,52.4,20.93,0.6715,LOW,-,13.4722,13.0509,12.5755,1,60.1753,CONTENDER,17.2161
631,-103,CRC,CALIFORNIA RESOURCES CORP,Energy,,mid,59.68,34.83,-0.0416,-0.1276,-0.0873,FLAT,28.63,40.69,31.67,-24.04,53.6,41.6,0.8893,LOW,-,64.6,64.7668,53.1146,1,52.4279,LAGGARD,17.1836
632,-116,DAL,Delta Air Lines,Industrials,Passenger Airlines,large,70.71,58.47,-0.0123,-0.0148,0.0288,FLAT,21.08,34.68,36.28,-22.9,48.0,43.66,0.3975,LOW,-,69.9985,66.6546,63.7895,1,38.1319,CONTENDER,17.1671
633,-59,XHR,XENIA HOTELS RESORTS REIT INC,Real Estate,,small,16.43,84.15,-0.0156,-0.0173,-0.0153,FLAT,21.21,38.84,19.47,-16.23,50.4,31.36,0.5074,LOW,-,16.322,15.4467,14.2359,1,62.4168,LEADER,17.1645
634,98,CDP,COPT DEFENSE PROPERTIES,Real Estate,,mid,31.69,59.76,0.002,-0.0451,-0.0667,STRONG_UP,12.01,22.41,40.93,-10.71,48.8,17.41,0.4326,LOW,-,31.7795,31.585,29.4835,1,62.8179,CONTENDER,17.1445
635,-69,NEOG,NEOGEN CORP,Health Care,,mid,8.61,47.64,-0.0456,-0.0814,-0.2055,STRONG_UP,35.38,32.67,-32.94,-29.65,52.8,45.9,0.6337,LOW,-,9.273,9.391,7.6224,1,37.5762,LAGGARD,17.1195
636,114,VC,VISTEON CORP,Consumer Discretionary,,mid,114.7,75.69,0.0454,0.2748,0.2391,FLAT,7.69,30.06,0.6,-33.97,45.2,47.35,0.5459,LOW,-,107.711,97.2614,105.1531,1,28.6987,LEADER,17.1151
637,0,SOUN,SOUNDHOUND AI INC CLASS A,Information Technology,,mid,8.06,21.58,-0.1314,0.0252,-0.1813,FLAT,-44.07,-28.42,46.01,-72.43,42.8,81.76,0.9986,LOW,-,8.424,7.6275,11.5652,0,-14.877,WEAK,17.0996
638,-44,KWR,QUAKER HOUGHTON CORP,Materials,,mid,139.95,44.93,-0.0016,0.0883,-0.2206,FLAT,0.71,29.58,-21.35,-36.46,47.2,42.66,0.824,LOW,-,139.2566,130.6576,137.945,1,32.7244,LAGGARD,17.0746
639,123,NEXT,NEXTDECADE CORP,Energy,,mid,8.5,8.99,0.1249,0.0847,0.4249,FLAT,47.57,2.41,31.38,-60.0,46.8,75.03,0.5849,LOW,-,7.5928,7.204,6.9072,1,1.503,LAGGARD,17.0622
640,0,IQV,IQVIA,Health Care,Life Sciences Tools & Services,large,175.06,36.22,0.0087,0.0222,-0.0184,FLAT,-17.83,16.18,-23.57,-35.87,50.4,42.73,0.4701,LOW,SHIFT,169.627,169.8146,196.7479,0,19.0843,WEAK,17.0622
641,-72,AMTB,AMERANT BANCORP INC CLASS A,Financials,,small,22.98,75.36,0.0025,-0.0295,0.0193,FLAT,33.28,27.84,3.51,-22.86,50.8,25.3,0.6251,LOW,-,23.283,22.4772,20.4691,1,55.8995,LEADER,16.9906
642,-88,TFC,Truist Financial,Financials,Diversified Banks,large,47.79,61.79,-0.0302,-0.0151,-0.0885,FLAT,9.37,20.81,33.8,-20.67,53.2,26.95,0.799,LOW,-,49.7945,47.5372,46.3626,1,41.0768,CONTENDER,16.951
643,-130,KOP,KOPPERS HOLDINGS INC,Materials,,small,43.55,53.62,0.0601,0.1245,0.2718,STRONG_DOWN,58.02,44.75,2.31,-23.96,51.2,42.11,1.2462,MED,-,40.202,38.593,31.588,1,54.4093,CONTENDER,16.9373
644,22,GBTG,GLOBAL BUSINESS TRAVEL GROUP INC C,Consumer Discretionary,,mid,9.39,87.5,0.0325,0.6986,0.8988,STRONG_DOWN,22.75,50.48,59.97,-40.41,51.2,122.55,0.636,LOW,-,7.125,6.1912,7.1309,1,21.0903,LEADER,16.9245
645,-262,HE,HAWAIIAN ELECTRIC INDUSTRIES INC,Utilities,,mid,13.5,70.59,-0.1175,-0.0913,-0.2123,FLAT,20.54,23.51,,-20.96,53.2,30.95,1.2319,MED,-,15.149,15.0708,13.2052,1,40.417,CONTENDER,16.9093
646,25,IVR,INVESCO MORTGAGE CAPITAL REIT INC,Financials,,small,8.17,78.57,0.0379,-0.0011,-0.034,STRONG_UP,16.98,29.23,28.47,-16.54,50.4,26.15,0.6278,LOW,-,8.1717,8.0334,7.469,1,56.334,LEADER,16.8904
647,111,KMI,Kinder Morgan,Energy,Oil & Gas Storage & Transportation,large,32.45,17.98,0.016,-0.0298,-0.104,STRONG_UP,22.2,22.89,84.85,-11.11,52.4,19.43,0.6957,LOW,-,31.7227,32.4659,28.5653,1,61.7379,LAGGARD,16.8901
648,104,PANW,Palo Alto Networks,Information Technology,Systems Software,large,215.6,40.53,0.1839,0.2031,0.1157,FLAT,-0.43,12.29,42.66,-36.01,54.4,45.36,0.8274,LOW,-,183.406,170.976,185.0002,1,14.7413,LAGGARD,16.8804
649,138,BMY,Bristol Myers Squibb,Health Care,Pharmaceuticals,large,56.45,42.91,0.0142,-0.0054,-0.0548,STRONG_UP,22.1,27.22,38.0,-13.68,48.8,24.54,0.7582,LOW,-,57.998,58.555,51.398,1,54.1247,LAGGARD,16.8768
650,25,WHD,CACTUS INC CLASS A,Energy,,mid,57.23,25.84,0.0384,0.0227,-0.1446,STRONG_UP,32.7,31.39,15.45,-30.07,52.4,43.52,0.457,LOW,-,54.9315,51.3828,46.4474,1,37.7957,LAGGARD,16.8719
651,17,HCA,HCA Healthcare,Health Care,Health Care Facilities,large,429.69,37.4,0.0172,-0.1157,-0.1968,STRONG_UP,-6.17,17.52,37.48,-21.67,55.6,30.86,1.0485,MED,EARLY,448.6195,482.3133,459.0574,0,31.5597,WEAK,16.854
652,0,NVAX,NOVAVAX INC,Health Care,,small,9.62,59.06,0.0444,0.17,0.0668,FLAT,35.3,55.41,-26.62,-35.94,47.6,72.43,1.2883,MED,-,8.6015,8.985,8.2593,1,36.416,CONTENDER,16.85
653,2,CATY,CATHAY GENERAL BANCORP,Financials,,mid,56.49,77.86,0.0047,0.0589,0.0791,STRONG_DOWN,21.41,28.71,60.86,-12.33,52.4,23.47,0.7946,LOW,-,55.4655,51.9946,49.3193,1,64.0971,LEADER,16.843
654,16,SD,SANDRIDGE ENERGY INC,Energy,,small,15.02,38.2,0.0258,-0.049,-0.2555,STRONG_UP,18.92,44.21,18.9,-19.9,54.8,39.78,0.4712,LOW,-,15.075,15.8838,13.8125,1,60.9015,LAGGARD,16.7842
655,134,FANG,Diamondback Energy,Energy,Oil & Gas Exploration & Production,large,198.15,30.34,0.0042,-0.0021,0.036,FLAT,38.68,39.26,4.88,-12.53,51.2,32.59,0.4852,LOW,-,195.6885,191.2203,158.8453,1,61.6798,LAGGARD,16.7614
656,130,SBH,SALLY BEAUTY HOLDINGS INC,Consumer Discretionary,,small,12.5,78.47,-0.0692,-0.0653,-0.0745,FLAT,-11.41,33.55,11.21,-26.47,51.6,44.87,1.8704,HIGH,-,14.101,14.1382,14.6355,0,38.5787,LAGGARD,16.7523
657,30,TEX,TEREX CORP,Industrials,,mid,63.92,61.02,0.0187,0.0026,-0.0383,STRONG_UP,40.66,38.29,5.88,-28.29,49.6,56.66,0.5001,LOW,-,61.742,61.2351,55.5636,1,33.5213,CONTENDER,16.7047
658,50,AUB,ATLANTIC UNION BANKSHARES CORP,Financials,,mid,37.04,67.14,-0.016,-0.0162,-0.0794,STRONG_UP,15.77,23.01,20.04,-18.33,46.8,27.85,1.0669,MED,-,37.782,36.5836,35.4566,1,38.6652,CONTENDER,16.6349
659,0,ATMU,ATMUS FILTRATION TECHNOLOGIES INC,Industrials,,mid,55.5,64.41,0.0467,-0.1336,-0.0843,FLAT,12.0,43.63,82.92,-22.71,53.6,51.07,0.4551,LOW,-,58.7635,59.0748,52.1121,1,45.7888,CONTENDER,16.6225
660,-63,PLTR,Palantir Technologies,Information Technology,Application Software,large,136.0,37.89,0.0266,-0.1306,-0.1915,STRONG_UP,-29.76,6.17,549.47,-38.19,54.4,50.06,0.7405,LOW,EARLY,141.467,145.5098,163.7292,0,6.7017,WEAK,16.5985
661,380,ELV,Elevance Health,Health Care,Managed Health Care,large,393.3,31.89,0.0663,0.2786,0.1926,FLAT,30.94,7.01,-24.37,-33.12,51.2,33.6,1.256,MED,-,355.1545,319.3523,325.5647,1,10.6746,LAGGARD,16.5607
662,-22,GLDD,GREAT LAKES DREDGE AND DOCK CORP,Industrials,,small,17.0,67.37,0.0254,0.0026,0.3318,FLAT,42.74,48.86,81.82,-14.74,48.65,36.8,0.0,LOW,-,16.9545,16.4526,13.1936,1,64.5956,CONTENDER,16.5568
663,212,AEE,Ameren,Utilities,Multi-Utilities,large,109.49,56.86,-0.0019,0.0048,0.0147,STRONG_DOWN,6.41,19.44,,-7.9,56.0,18.09,1.0973,MED,-,111.146,110.8117,103.7785,1,60.1773,CONTENDER,16.4704
664,58,XNCR,XENCOR INC,Health Care,,small,12.44,58.27,-0.0273,0.0178,0.0123,FLAT,-9.46,53.39,-41.71,-40.35,46.8,63.83,0.7976,LOW,-,12.641,12.2904,12.3723,1,39.1461,CONTENDER,16.4216
665,-38,WS,WORTHINGTON STEEL INC,Materials,,small,39.13,52.17,-0.0538,0.1472,-0.1992,FLAT,24.28,42.68,28.42,-42.0,52.4,58.81,0.6938,LOW,-,37.514,34.9388,34.6723,1,38.0269,CONTENDER,16.4191
666,187,WVE,WAVE LIFE SCIENCES LTD,Health Care,,small,6.79,31.5,-0.0521,-0.0586,-0.4948,STRONG_UP,-3.69,6.26,19.33,-70.91,50.8,114.06,1.1422,MED,-,7.265,9.0658,10.1702,0,2.788,WEAK,16.4026
667,150,WTS,WATTS WATER TECHNOLOGIES INC CLASS,Industrials,,mid,299.95,51.69,0.0509,-0.0295,-0.0115,FLAT,9.11,24.17,42.58,-15.45,50.4,25.3,1.4608,MED,-,297.8745,299.0356,286.9602,1,48.1392,CONTENDER,16.3973
668,-10,CLDX,CELLDEX THERAPEUTICS INC,Health Care,,mid,32.0,63.78,-0.053,-0.0173,0.2952,STRONG_DOWN,41.16,63.1,-20.22,-24.23,47.6,63.63,0.7454,LOW,-,33.4385,31.8998,26.922,1,47.2027,CONTENDER,16.3922
669,29,CRNX,CRINETICS PHARMACEUTICALS INC,Health Care,,mid,36.91,38.19,-0.0986,-0.0488,-0.2312,FLAT,-10.95,19.26,-22.99,-40.33,46.0,51.07,1.0562,MED,EARLY,39.3015,38.1058,40.9826,0,17.3451,WEAK,16.3688
670,-100,FISI,FINANCIAL INSTITUTIONS INC,Financials,,small,34.67,82.5,-0.0001,0.0197,0.0272,STRONG_DOWN,18.75,33.0,104.12,-13.72,48.4,24.26,0.8797,LOW,-,34.579,32.7815,29.8825,1,65.8331,LEADER,16.359
671,-231,TILE,INTERFACE INC,Industrials,,small,28.13,58.05,0.0337,0.0181,-0.1357,STRONG_UP,7.78,34.31,77.39,-29.88,47.6,36.85,,LOW,-,27.893,27.0526,27.942,1,44.3221,CONTENDER,16.3032
672,-34,VCYT,VERACYTE INC,Health Care,,mid,39.56,49.21,-0.0231,0.1768,0.0935,FLAT,-6.59,34.97,75.82,-39.23,46.4,68.32,0.7673,LOW,-,35.107,33.6738,36.0284,1,23.7508,LAGGARD,16.2965
673,-181,DCH,DAUCH CORPORATION,Consumer Discretionary,,small,6.48,81.25,0.154,0.0947,-0.1414,STRONG_UP,5.02,37.29,-15.51,-42.44,49.6,69.27,0.685,LOW,-,5.9035,5.8024,6.2687,1,26.6998,LEADER,16.2883
674,-118,AXON,Axon Enterprise,Industrials,Aerospace & Defense,large,393.66,3.39,0.0439,0.0333,-0.0599,STRONG_UP,-32.67,-45.68,31.12,-60.28,52.0,68.23,0.9443,LOW,EARLY,399.593,439.7262,589.2537,0,-34.8177,WEAK,16.2482
675,4,ACLX,ARCELLX INC,Health Care,,mid,115.07,72.44,0.0168,0.0256,0.6801,STRONG_DOWN,31.52,97.55,131.2,-33.06,50.21,156.03,0.0,LOW,-,114.932,111.7098,83.9435,1,31.3897,CONTENDER,16.2333
676,-140,TPB,TURNING POINT BRANDS INC,Consumer Staples,,small,92.96,80.0,0.1643,0.1403,-0.2168,STRONG_UP,-8.39,33.08,175.07,-50.58,55.6,79.47,0.6472,LOW,-,81.661,84.4529,98.9621,0,23.1417,LAGGARD,16.2294
677,-112,CTRA,Coterra,Energy,Oil & Gas Exploration & Production,large,32.56,28.09,-0.0924,-0.092,-0.0756,STRONG_DOWN,28.45,36.01,24.39,-15.51,55.87,34.82,0.0,LOW,-,33.3905,33.1493,27.214,1,57.7758,LAGGARD,16.2213
678,-59,NTAP,NetApp,Information Technology,"Technology Hardware, Storage & Peripherals",large,116.23,43.16,0.0503,0.0442,-0.0907,STRONG_UP,4.35,19.04,11.67,-24.83,50.8,34.38,0.8946,LOW,-,110.263,104.1796,108.3236,1,28.1306,LAGGARD,16.2049
679,-49,MRX,MAREX GROUP PLC,Financials,,mid,55.9,55.36,0.1354,0.0609,0.3978,FLAT,63.49,17.55,201.22,-41.13,48.4,48.57,0.7086,LOW,-,52.5685,45.6406,38.2524,1,17.4875,CONTENDER,16.1981
680,56,ORIC,ORIC PHARMACEUTICALS INC,Health Care,,small,8.83,64.96,-0.0341,-0.1388,-0.1408,STRONG_UP,-29.13,66.29,-1.56,-48.13,46.8,116.32,0.4872,LOW,-,9.8565,10.7499,10.9291,0,26.671,LAGGARD,16.1933
681,-16,BA,Boeing,Industrials,Aerospace & Defense,large,236.87,44.49,0.0538,0.0582,0.0386,FLAT,21.59,16.44,32.74,-24.96,50.4,34.96,1.0532,MED,-,228.4975,217.5888,219.6567,1,23.7062,LAGGARD,16.1848
682,-50,ZWS,ZURN ELKAY WATER SOLUTIONS CORP,Industrials,,mid,49.77,57.63,-0.0034,0.0082,0.0036,FLAT,5.04,34.06,55.81,-17.02,50.0,32.2,0.5604,LOW,-,50.4655,47.9842,47.0753,1,52.8895,CONTENDER,16.1755
683,96,BATRK,ATLANTA BRAVES HOLDINGS INC SERIES,Communication,,mid,49.52,45.83,0.0199,0.1133,0.0934,FLAT,27.24,19.67,31.01,-18.72,52.4,22.83,1.2207,MED,-,49.0735,45.5702,42.1704,1,45.1502,LAGGARD,16.1653
684,53,PEP,PepsiCo,Consumer Staples,Soft Drinks & Non-alcoholic Beverages,large,151.85,66.67,-0.007,-0.0273,-0.0383,STRONG_UP,8.47,21.2,-9.79,-11.58,46.8,19.99,0.9628,LOW,-,155.354,155.9035,148.4564,1,49.6273,CONTENDER,16.1493
685,-31,LC,LENDINGCLUB CORP,Financials,,small,16.28,88.93,-0.0266,0.0372,-0.0175,FLAT,-13.68,42.81,77.54,-38.28,50.4,55.11,0.351,LOW,-,17.008,15.5132,16.8427,0,39.1485,LAGGARD,16.1456
686,-108,NMRK,NEWMARK GROUP INC CLASS A,Real Estate,,mid,16.14,80.49,-0.0248,0.0019,0.0312,STRONG_DOWN,-4.79,37.1,63.11,-29.08,50.4,47.26,0.6778,LOW,-,16.253,15.3154,16.7338,0,39.5644,LAGGARD,16.1092
687,28,VTOL,BRISTOW GROUP INC,Energy,,small,42.31,32.58,-0.0324,-0.2094,-0.2109,STRONG_UP,11.84,40.41,22.82,-16.41,53.6,35.36,0.7041,LOW,-,47.047,46.4067,40.8299,1,61.2624,LAGGARD,16.0954
688,206,VZ,Verizon,Communication Services,Integrated Telecommunication Services,large,47.93,76.19,0.0231,0.0575,0.0027,FLAT,24.2,19.95,34.7,-13.32,48.8,20.6,0.5174,LOW,-,46.978,48.2196,42.8277,1,47.2667,LEADER,16.0857
689,-103,CCBG,CAPITAL CITY BANK INC,Financials,,small,45.95,66.43,0.005,-0.0039,0.0971,FLAT,14.13,22.75,77.84,-12.94,53.2,18.87,0.5499,LOW,-,46.374,44.6455,42.3885,1,64.1359,CONTENDER,16.0801
690,33,RELY,REMITLY GLOBAL INC,Financials,,mid,23.86,23.21,0.0246,0.3416,0.8103,STRONG_DOWN,88.47,-1.49,66.97,-49.63,48.0,66.91,1.6841,HIGH,-,21.9035,18.5395,16.2511,1,-1.0663,LAGGARD,16.0754
691,76,PFE,Pfizer,Health Care,Pharmaceuticals,large,25.87,39.37,0.0079,-0.0074,-0.0581,STRONG_UP,9.62,21.02,3.83,-11.47,51.2,19.79,0.6988,LOW,-,26.2776,26.579,24.9177,1,54.3885,LAGGARD,16.0643
692,-74,LXP,LXP INDUSTRIAL TRUST,Real Estate,,mid,51.53,74.39,-0.0109,0.0083,-0.0406,FLAT,11.82,31.11,32.04,-11.01,52.0,27.21,,LOW,-,51.127,48.7452,46.4353,1,59.4497,CONTENDER,16.0427
693,194,LMT,Lockheed Martin,Industrials,Aerospace & Defense,large,521.0,44.07,0.0367,-0.1491,-0.1329,FLAT,16.73,16.4,16.73,-25.15,54.0,26.13,0.6194,LOW,EARLY,536.119,594.6802,522.9538,0,33.8883,WEAK,16.0422
694,81,COP,ConocoPhillips,Energy,Oil & Gas Exploration & Production,large,117.87,24.72,-0.014,-0.0649,-0.0692,STRONG_UP,36.89,30.42,3.28,-14.9,52.0,32.55,0.684,LOW,-,119.92,122.0687,100.6464,1,48.5917,LAGGARD,16.033
695,81,MAR,Marriott International,Consumer Discretionary,"Hotels, Resorts & Cruise Lines",large,350.23,73.61,0.0122,0.0063,0.085,FLAT,21.09,28.96,50.36,-12.65,48.8,27.79,0.7777,LOW,-,360.9995,343.1956,303.6933,1,50.861,CONTENDER,16.0274
696,264,BCO,BRINKS,Industrials,,mid,105.73,47.03,-0.0065,-0.0097,-0.1572,STRONG_UP,-6.88,18.83,10.6,-27.95,48.0,43.57,1.5038,HIGH,EARLY,108.616,107.5768,113.5885,0,20.744,WEAK,15.9827
697,-53,LYV,Live Nation Entertainment,Communication Services,Movies & Entertainment,large,165.67,66.67,-0.0015,-0.0094,0.1056,FLAT,15.57,15.85,73.31,-27.84,49.6,37.24,0.5374,LOW,-,158.3915,157.826,152.4436,1,21.1148,CONTENDER,15.9766
698,-141,QCRH,QCR HOLDINGS INC,Financials,,small,89.3,73.57,-0.0087,-0.005,-0.0152,FLAT,15.67,26.55,54.04,-16.9,51.6,23.35,0.6133,LOW,-,90.637,87.4513,82.1837,1,58.6821,CONTENDER,15.939
699,70,KOS,KOSMOS ENERGY LTD,Energy,,small,3.1,43.82,0.0612,0.1776,0.5599,STRONG_DOWN,105.3,49.76,-48.42,-63.6,46.4,103.98,0.4789,LOW,-,2.876,2.7372,1.8199,1,22.2042,LAGGARD,15.9302
700,129,POR,PORTLAND GENERAL ELECTRIC,Utilities,,mid,48.4,66.67,-0.0096,-0.057,-0.0801,STRONG_UP,1.12,22.16,18.46,-10.81,52.8,21.27,0.9482,LOW,-,50.43,51.702,47.2397,1,55.01,CONTENDER,15.9255
701,64,SNCY,SUN COUNTRY AIRLINES HOLDINGS INC,Industrials,,small,16.17,52.97,0.0001,-0.1012,-0.1916,STRONG_UP,31.36,26.62,38.8,-30.08,47.6,47.73,1.7668,HIGH,-,16.61,16.7022,14.7947,1,26.5524,CONTENDER,15.9152
702,10,ACA,ARCOSA INC,Industrials,,mid,127.55,63.56,-0.0056,0.1167,0.0342,FLAT,27.6,41.22,46.17,-21.45,49.6,47.04,0.5086,LOW,-,121.492,113.1012,105.6872,1,43.4619,CONTENDER,15.8035
703,-208,GPGI,GPGI INC CLASS A,Information Technology,,mid,12.82,36.84,-0.2574,-0.3688,-0.6806,STRONG_UP,-38.97,4.41,146.85,-50.69,50.8,79.63,0.6346,LOW,EARLY,15.5475,17.0422,19.5261,0,2.8134,WEAK,15.7789
704,7,SNPS,Synopsys,Information Technology,Application Software,large,513.21,35.26,0.0275,0.0943,-0.0227,FLAT,28.06,-0.48,-7.93,-41.04,52.4,44.25,0.5581,LOW,-,484.1705,442.737,476.2322,1,-0.5741,LAGGARD,15.7756
705,-74,BAC,Bank of America,Financials,Diversified Banks,large,50.78,54.29,-0.0335,-0.0384,-0.0429,STRONG_UP,-3.91,17.26,39.24,-17.93,55.6,25.12,0.6718,LOW,-,52.799,50.5289,51.1997,0,38.2,LAGGARD,15.7706
706,104,GKOS,GLAUKOS CORP,Health Care,,mid,136.36,54.72,0.0247,0.1549,0.245,STRONG_DOWN,54.34,47.64,25.84,-29.92,49.2,64.6,0.5691,LOW,-,128.228,116.5838,103.3417,1,36.2828,CONTENDER,15.7586
707,-24,DAKT,DAKTRONICS INC,Information Technology,,small,20.49,51.58,0.031,-0.0679,-0.4106,STRONG_UP,7.22,37.42,82.13,-31.34,48.8,45.33,0.6305,LOW,-,19.6485,20.2154,20.2108,1,40.2894,CONTENDER,15.7457
708,-44,CPF,CENTRAL PACIFIC FINANCIAL CORP,Financials,,small,34.11,75.71,-0.0012,0.0142,0.0233,STRONG_DOWN,17.64,27.87,73.79,-12.3,51.6,22.37,0.5215,LOW,-,34.2675,32.8134,30.8328,1,64.292,LEADER,15.7141
709,300,NOVT,NOVANTA INC,Information Technology,,mid,159.19,43.68,0.1562,0.1043,-0.0715,STRONG_UP,53.07,19.78,-2.21,-26.97,49.6,52.6,3.5333,HIGH,-,132.8635,126.4232,121.7872,1,18.6536,LAGGARD,15.6975
710,-190,ZGN,ERMENEGILDO ZEGNA NV,Consumer Discretionary,,mid,12.39,83.33,-0.0058,0.1249,0.253,STRONG_DOWN,24.15,43.82,1.97,-21.88,46.8,47.91,0.6349,LOW,-,12.169,11.1206,10.1054,1,42.801,LEADER,15.6907
711,61,CNO,CNO FINANCIAL GROUP INC,Financials,,mid,46.17,63.57,0.0292,0.0873,0.0857,FLAT,13.81,21.5,70.05,-11.03,56.8,20.89,0.8285,LOW,-,44.577,42.4661,40.7637,1,58.4475,CONTENDER,15.6815
712,-131,TMP,TOMPKINS FINANCIAL CORP,Financials,,small,83.65,82.86,0.0015,0.01,0.0148,STRONG_DOWN,25.82,33.24,91.84,-13.03,50.4,26.77,0.6844,LOW,-,83.7998,79.8564,72.1546,1,62.5762,LEADER,15.6739
713,-121,MTCH,Match Group,Communication Services,Interactive Media & Services,mid,35.36,85.71,-0.0582,0.0564,0.1424,STRONG_DOWN,7.45,25.69,18.32,-24.61,51.6,34.57,0.5838,LOW,-,36.5247,33.2207,33.2492,1,38.3503,LEADER,15.6474
714,71,IDCC,INTERDIGITAL INC,Information Technology,,mid,269.82,44.74,-0.021,-0.367,-0.4508,STRONG_UP,-25.75,22.44,159.03,-31.71,51.2,55.56,1.1712,MED,EARLY,327.653,333.6758,329.9343,0,20.6794,WEAK,15.6454
715,-103,BFC,BANK FIRST CORP,Financials,,small,144.29,72.14,0.0091,0.0225,-0.0059,FLAT,16.78,26.22,86.29,-14.17,51.2,22.41,0.9629,LOW,-,143.646,139.1097,130.9165,1,59.9126,CONTENDER,15.6386
716,-26,TMO,Thermo Fisher Scientific,Health Care,Life Sciences Tools & Services,large,459.3,32.68,-0.0124,-0.1062,-0.1344,STRONG_UP,-20.17,7.47,-21.73,-29.15,50.4,32.9,1.2683,MED,EARLY,484.0805,488.3081,526.8756,0,11.4425,WEAK,15.636
717,-12,DEA,EASTERLY GOVERNMENT PROPERTIES INC,Real Estate,,small,22.98,52.44,0.0094,-0.0161,-0.0662,STRONG_UP,10.74,19.93,-10.13,-11.2,51.6,20.11,1.0561,MED,-,22.9195,22.2112,21.5149,1,51.137,CONTENDER,15.6119
718,62,HLIT,HARMONIC INC,Information Technology,,small,12.95,49.47,0.0733,0.193,0.1051,FLAT,28.34,33.09,14.0,-19.1,56.4,43.04,5.7331,HIGH,-,11.2415,10.1726,9.9807,1,43.3661,LAGGARD,15.5969
719,-37,MCRI,MONARCH CASINO AND RESORT INC,Consumer Discretionary,,small,115.66,82.64,0.02,0.2194,0.3106,STRONG_DOWN,23.04,42.33,76.86,-17.47,51.6,38.07,0.8945,LOW,-,112.677,103.7428,98.6053,1,57.3698,LEADER,15.5755
720,61,UMBF,UMB FINANCIAL CORP,Financials,,mid,128.98,63.21,-0.018,0.0793,-0.0116,FLAT,17.9,21.2,58.73,-18.57,48.4,26.79,1.0658,MED,-,126.255,118.8505,117.3393,1,38.2934,CONTENDER,15.5627
721,-1,FRT,Federal Realty Investment Trust,Real Estate,Retail REITs,mid,115.55,64.63,-0.0076,0.0243,0.0413,STRONG_DOWN,22.05,24.7,22.96,-6.96,50.4,18.04,0.8085,LOW,-,112.9045,108.538,100.1786,1,69.0116,CONTENDER,15.5572
722,207,STAA,STAAR SURGICAL,Health Care,,small,28.18,55.51,0.0322,0.1769,0.628,STRONG_DOWN,2.81,48.32,-35.32,-43.65,49.6,66.26,0.7053,LOW,-,26.2535,22.3162,23.7636,1,36.1676,CONTENDER,15.5367
723,83,OGS,ONE GAS INC,Utilities,,mid,84.78,58.82,-0.0152,-0.0221,-0.001,FLAT,5.76,19.68,42.79,-8.65,54.8,17.49,0.7107,LOW,-,87.4635,87.2374,80.3823,1,61.6631,CONTENDER,15.5077
724,-29,EXPD,Expeditors International,Industrials,Air Freight & Logistics,large,154.43,60.17,0.0447,0.0654,-0.0121,FLAT,10.54,35.56,34.52,-15.88,52.8,44.17,0.6261,LOW,-,149.3155,146.1768,138.698,1,42.5048,CONTENDER,15.5039
725,82,AVBP,ARRIVENT BIOPHARMA INC,Health Care,,small,28.97,56.69,-0.0055,0.0716,0.3343,STRONG_DOWN,55.75,51.68,61.57,-33.32,49.2,55.41,0.8423,LOW,-,30.0507,26.4961,22.0694,1,45.8839,CONTENDER,15.456
726,-87,AES,AES Corporation,Utilities,Independent Power Producers & Energy Traders,large,14.42,62.75,0.0053,0.0397,-0.1381,FLAT,3.95,20.81,-19.84,-23.27,51.2,38.72,0.6097,LOW,-,14.3097,14.1472,13.8239,1,27.5141,CONTENDER,15.4449
727,317,ZBRA,Zebra Technologies,Information Technology,Electronic Equipment & Instruments,large,241.79,25.79,0.0624,-0.0663,-0.2363,STRONG_UP,-7.23,-20.04,-23.48,-41.62,48.4,48.15,3.4161,HIGH,SHIFT,228.058,218.689,262.6769,0,-20.1417,WEAK,15.4432
728,229,GDOT,GREEN DOT CORP CLASS A,Financials,,small,12.6,61.07,0.0223,0.077,0.0755,FLAT,6.6,20.57,27.92,-30.95,48.0,28.36,1.0207,MED,-,12.372,11.728,12.3212,1,34.8223,CONTENDER,15.4382
729,93,IDXX,Idexx Laboratories,Health Care,Health Care Equipment,large,533.92,30.71,-0.0618,-0.0632,-0.1834,STRONG_UP,-24.76,4.87,6.14,-30.61,50.8,32.27,1.2447,MED,EARLY,566.298,577.1816,642.0264,0,7.665,WEAK,15.4187
730,-29,INDB,INDEPENDENT BANK CORP,Financials,,mid,76.92,64.64,-0.0026,-0.0292,-0.0694,STRONG_UP,12.23,22.06,59.33,-14.3,46.4,21.74,0.8753,LOW,-,78.0035,76.8969,72.7963,1,47.0873,CONTENDER,15.3473
731,134,SM,SM ENERGY,Energy,,mid,31.35,22.47,0.0866,0.0714,0.3003,FLAT,73.39,26.79,-32.11,-38.16,50.0,58.9,0.5213,LOW,-,29.3165,28.733,23.5635,1,22.7395,LAGGARD,15.3472
732,-79,TCBK,TRICO BANCSHARES,Financials,,small,49.96,70.0,0.0026,-0.0005,0.0035,FLAT,12.27,24.91,41.22,-12.37,51.6,21.33,0.5838,LOW,-,50.2195,48.8139,46.4794,1,60.2678,CONTENDER,15.3389
733,-20,PLOW,DOUGLAS DYNAMICS INC,Industrials,,small,44.94,70.34,0.0131,-0.0397,0.1246,FLAT,46.4,58.82,92.06,-13.03,48.4,48.23,0.8359,LOW,-,45.743,44.0834,35.9566,1,59.0296,CONTENDER,15.3342
734,233,KO,Coca-Cola Company (The),Consumer Staples,Soft Drinks & Non-alcoholic Beverages,large,80.03,61.67,0.0304,0.0542,0.0872,STRONG_DOWN,15.07,19.42,33.4,-7.89,48.4,17.3,1.2102,MED,-,77.2695,76.8302,71.592,1,54.3227,CONTENDER,15.3156
735,-100,HWC,HANCOCK WHITNEY CORP,Financials,,mid,65.85,53.21,-0.0214,-0.0069,-0.062,FLAT,13.69,16.95,47.7,-17.45,50.0,25.94,1.599,HIGH,-,67.6225,65.3578,63.1641,1,32.6693,CONTENDER,15.2909
736,-91,SMP,STANDARD MOTOR PRODUCTS INC,Consumer Discretionary,,small,38.35,76.39,0.0231,0.0636,-0.0399,FLAT,2.42,30.3,27.19,-22.56,50.4,32.8,0.5357,LOW,-,38.0965,37.0734,38.2073,1,46.551,LEADER,15.2777
737,-124,THFF,FIRST FINANCIAL CORPORATION CORP,Financials,,small,66.42,79.29,0.0048,0.0053,0.0263,STRONG_DOWN,18.79,29.55,89.84,-13.18,50.0,24.38,0.8148,LOW,-,66.5445,64.259,59.633,1,60.5966,LEADER,15.2634
738,28,BFLY,BUTTERFLY NETWORK INC CLASS A,Health Care,,small,4.16,68.5,-0.0693,-0.0404,0.2626,STRONG_DOWN,87.39,74.79,335.6,-49.43,47.2,130.21,0.5704,LOW,-,4.964,4.3856,3.1043,1,27.1107,CONTENDER,15.2544
739,52,SBUX,Starbucks,Consumer Discretionary,Restaurants,large,106.58,71.53,0.0381,0.1336,0.189,STRONG_DOWN,27.71,26.06,47.43,-18.53,49.6,32.31,0.8145,LOW,-,102.047,98.0102,89.8295,1,40.0052,CONTENDER,15.2495
740,48,DHI,D. R. Horton,Consumer Discretionary,Homebuilding,large,143.27,59.03,0.0001,0.0406,-0.0188,FLAT,-0.01,14.7,-0.3,-27.56,48.0,34.03,0.531,LOW,EARLY,151.1522,145.0112,153.3784,0,20.7349,LAGGARD,15.2013
741,-100,SONO,SONOS INC,Consumer Discretionary,,small,14.71,77.08,0.0334,0.1281,-0.0043,FLAT,-11.7,30.87,-14.58,-33.72,50.8,39.53,0.9545,LOW,-,14.6395,14.0266,15.3839,0,39.6735,LAGGARD,15.1666
742,198,APD,Air Products,Materials,Industrial Gases,large,303.6,34.78,0.0248,0.0151,0.038,FLAT,19.08,13.93,27.73,-22.39,50.0,20.97,0.5653,LOW,-,299.385,291.0845,271.7862,1,33.2028,LAGGARD,15.1631
743,0,AME,Ametek,Industrials,Electrical Components & Equipment,large,231.2,54.66,-0.0186,-0.0145,0.0202,STRONG_DOWN,17.13,28.92,37.7,-13.57,48.8,27.65,0.736,LOW,-,232.899,225.448,205.7459,1,51.0486,CONTENDER,15.1512
744,90,BLK,BlackRock,Financials,Asset Management & Custody Banks,large,1092.5,52.5,0.0368,0.0461,0.024,FLAT,1.97,16.25,44.34,-22.45,51.6,29.3,0.5986,LOW,-,1057.6135,1008.2611,1072.678,1,28.6119,CONTENDER,15.15
745,-125,ANIP,ANI PHARMACEUTICALS INC,Health Care,,small,79.5,44.09,-0.0378,0.0389,0.037,FLAT,-10.6,28.23,18.06,-28.66,49.6,33.23,1.4789,MED,-,80.244,77.3424,83.2177,0,42.1306,WEAK,15.1488
746,229,DUK,Duke Energy,Utilities,Electric Utilities,large,125.07,45.1,-0.0047,-0.0117,-0.0186,STRONG_UP,3.5,14.53,30.73,-10.88,54.0,15.74,0.8162,LOW,-,126.893,129.2516,122.8032,1,49.8477,LAGGARD,15.1395
747,-20,F,Ford Motor Company,Consumer Discretionary,Automobile Manufacturers,large,11.99,63.19,0.022,-0.0066,-0.0207,STRONG_UP,-7.9,17.21,8.68,-22.31,48.8,33.5,0.704,LOW,EARLY,12.3075,12.0764,12.4129,0,25.0756,LAGGARD,15.0838
748,-42,RL,Ralph Lauren Corporation,Consumer Discretionary,"Apparel, Accessories & Luxury Goods",large,337.14,72.22,-0.0574,-0.0461,0.0472,STRONG_DOWN,1.26,26.43,109.3,-14.94,50.0,39.61,1.5272,HIGH,EARLY,365.8075,355.3415,338.6371,0,33.3576,LAGGARD,15.0674
749,-3,CEG,Constellation Energy,Utilities,Electric Utilities,large,293.6,15.69,-0.0914,0.0158,0.0369,STRONG_DOWN,-18.45,1.22,39.1,-38.77,48.8,49.56,1.1774,MED,EARLY,302.997,300.6386,326.2277,0,1.2052,WEAK,15.0557
750,-73,GEF,GREIF INC CLASS A,Materials,,mid,65.58,39.13,-0.0269,-0.0514,-0.1377,STRONG_UP,13.28,20.59,9.54,-18.03,48.4,22.3,0.8471,LOW,-,67.221,67.3112,65.2593,1,44.6993,LAGGARD,15.0281
751,-82,SMBC,SOUTHERN MISSOURI BANCORP INC,Financials,,small,67.92,71.07,0.0008,0.026,0.0747,STRONG_DOWN,25.91,25.26,67.61,-17.68,51.2,22.27,0.7724,LOW,-,67.8755,65.2208,59.0136,1,58.0765,CONTENDER,15.0172
752,176,TYL,Tyler Technologies,Information Technology,Application Software,large,309.65,12.11,-0.0259,-0.1721,-0.2812,STRONG_UP,-33.33,-45.46,-35.64,-53.08,46.0,48.63,5.003,HIGH,EARLY,334.7795,340.197,442.7151,0,-43.0061,WEAK,15.0162
753,0,ADNT,ADIENT PLC,Consumer Discretionary,,small,22.03,81.94,0.0238,0.1243,-0.0698,FLAT,11.71,38.55,-25.25,-31.19,46.0,43.3,0.7871,LOW,-,21.5475,21.0024,22.0551,0,40.9575,LAGGARD,15.0143
754,36,CSGP,CoStar Group,Real Estate,Real Estate Services,large,33.05,0.0,-0.0271,-0.1463,-0.3649,STRONG_UP,-50.84,-56.04,-62.69,-66.16,50.0,45.61,1.2423,MED,EARLY,36.2185,39.9082,64.4964,0,-61.4326,WEAK,14.9533
755,-269,SHLS,SHOALS TECHNOLOGIES GROUP INC CLAS,Industrials,,small,8.63,63.98,0.0597,0.195,-0.0845,FLAT,-8.09,43.12,21.04,-47.37,52.4,96.96,0.8435,LOW,-,7.836,6.9746,7.9182,1,23.3021,CONTENDER,14.9494
756,-123,CAKE,CHEESECAKE FACTORY INC,Consumer Discretionary,,mid,60.75,59.72,0.0389,0.0429,0.0982,STRONG_DOWN,32.81,15.23,62.46,-36.39,52.4,36.28,0.4882,LOW,-,61.579,59.5822,56.4529,1,21.9922,CONTENDER,14.9353
757,-6,AESI,ATLAS ENERGY SOLUTIONS INC,Energy,,small,18.28,37.08,-0.0187,0.4622,0.3787,FLAT,71.8,42.41,-11.94,-43.54,50.8,66.7,0.8256,LOW,-,16.5585,14.0906,11.6345,1,32.3016,LAGGARD,14.9288
758,58,HRI,HERC HOLDINGS INC,Industrials,,mid,139.21,34.75,0.0472,0.3429,-0.1925,FLAT,-0.0,3.9,-8.67,-49.5,48.0,69.06,0.7409,LOW,-,123.3415,113.9934,132.0668,1,2.7109,LAGGARD,14.9245
759,-155,RXO,RXO INC,Industrials,,mid,20.05,50.0,0.0456,0.2343,0.2638,STRONG_DOWN,74.05,20.64,-4.43,-43.07,52.8,85.95,0.8099,LOW,-,19.4405,16.3968,15.4966,1,12.678,CONTENDER,14.9104
760,103,UE,URBAN EDGE PROPERTIES,Real Estate,,mid,21.69,54.88,-0.0135,-0.0041,0.0083,STRONG_DOWN,17.26,20.23,35.09,-11.99,50.0,17.21,0.4862,LOW,-,21.752,20.9826,19.8178,1,58.7773,CONTENDER,14.8779
761,89,FICO,Fair Isaac,Information Technology,Application Software,large,1086.0,7.37,0.0279,-0.0547,-0.3973,STRONG_UP,-38.17,-49.16,-18.5,-58.19,50.4,64.34,0.7105,LOW,PROGRESS,1049.154,1109.1894,1456.668,0,-38.5074,WEAK,14.8764
762,-38,PRDO,PERDOCEO EDUCATION CORP,Consumer Discretionary,,mid,35.12,58.33,0.0664,0.0538,0.2647,FLAT,15.57,14.26,52.98,-27.22,52.0,33.21,1.0621,MED,-,34.674,35.2996,32.6679,1,22.3213,CONTENDER,14.8739
763,91,ETN,Eaton Corporation,Industrials,Electrical Components & Equipment,large,401.53,50.42,-0.0209,0.0015,0.0557,STRONG_DOWN,6.41,22.81,25.3,-19.13,52.0,38.94,1.0778,MED,-,411.4623,383.2321,361.5144,1,30.4584,CONTENDER,14.8633
764,105,CAC,CAMDEN NATIONAL CORP,Financials,,small,48.05,62.14,-0.0024,-0.0425,-0.0156,FLAT,25.91,20.86,61.35,-16.82,51.2,27.39,1.5938,HIGH,-,49.2915,47.8626,42.7645,1,38.998,CONTENDER,14.852
765,-18,SHEN,SHENANDOAH TELECOMMUNICATIONS,Communication,,small,15.59,62.5,0.0118,0.0463,0.1218,STRONG_DOWN,41.47,31.31,-7.28,-36.32,52.0,41.54,0.9431,LOW,-,16.1475,15.359,13.0795,1,39.1913,CONTENDER,14.8477
766,5,BOOT,BOOT BARN HOLDINGS INC,Consumer Discretionary,,mid,144.8,52.08,-0.121,-0.0403,-0.1323,FLAT,-22.6,7.18,35.5,-35.01,48.0,47.78,2.1655,HIGH,EARLY,164.271,161.6852,178.2394,0,7.2129,LAGGARD,14.8455
767,-157,ARR,ARMOUR RESIDENTIAL REIT INC,Financials,,mid,17.56,66.07,0.0266,0.0112,0.0454,FLAT,13.79,22.63,26.42,-16.79,55.2,27.99,0.8258,LOW,-,17.499,17.0335,15.7955,1,44.6376,CONTENDER,14.7856
768,-38,MTB,M&T Bank,Financials,Regional Banks,large,208.75,51.07,-0.0207,-0.0435,-0.0957,STRONG_UP,12.55,15.31,44.1,-16.98,51.2,24.0,0.6928,LOW,-,215.9265,211.0856,201.197,1,32.6592,CONTENDER,14.7766
769,-38,TRMK,TRUSTMARK CORP,Financials,,mid,43.8,68.93,-0.0058,-0.0134,0.0217,FLAT,15.66,23.85,52.82,-10.67,47.6,21.15,0.7811,LOW,-,44.656,43.323,40.4912,1,53.6694,CONTENDER,14.7464
770,23,CWK,CUSHMAN AND WAKEFIELD LTD,Real Estate,,mid,13.35,62.2,-0.0739,-0.0751,-0.0997,STRONG_UP,-15.02,23.61,26.3,-31.4,50.0,57.4,0.4169,LOW,-,14.2025,13.2306,14.928,0,20.5672,LAGGARD,14.7347
771,-91,FLYW,FLYWIRE CORP,Financials,,small,16.66,90.71,-0.0294,0.3723,0.5064,STRONG_DOWN,22.59,50.09,-3.2,-28.16,50.8,62.12,0.9283,LOW,-,14.5585,13.1718,13.1002,1,40.9623,LEADER,14.7123
772,-32,TRNO,TERRENO REALTY REIT CORP,Real Estate,,mid,65.91,46.34,0.0005,-0.0213,-0.0394,STRONG_UP,9.61,15.95,28.1,-10.85,56.4,17.1,0.9555,LOW,-,65.835,63.8247,60.1066,1,52.6225,LAGGARD,14.7007
773,28,TPL,Texas Pacific Land Corporation,Energy,Oil & Gas Exploration & Production,large,401.39,3.37,-0.0564,-0.0908,-0.1736,STRONG_UP,21.52,-12.12,104.03,-42.34,50.8,56.93,0.5726,LOW,-,426.0345,466.5814,360.4335,1,-10.8117,LAGGARD,14.6705
774,-122,MCB,METROPOLITAN BANK HOLDING CORP,Financials,,small,87.88,80.36,-0.0122,-0.008,-0.0506,FLAT,29.53,30.34,107.41,-18.71,48.0,31.3,0.2869,LOW,-,89.0348,85.1306,79.6718,1,46.5277,LEADER,14.6305
775,-203,XERS,XERIS BIOPHARMA HOLDINGS INC,Health Care,,small,6.26,43.7,-0.0008,0.0547,-0.1005,FLAT,-18.91,27.76,231.22,-46.57,49.6,46.6,0.9124,LOW,-,6.2005,5.918,7.0996,0,29.5419,WEAK,14.5831
776,-80,TGTX,TG THERAPEUTICS INC,Health Care,,mid,42.54,43.31,0.0302,0.2543,0.4704,STRONG_DOWN,40.4,27.48,145.61,-34.12,52.8,53.29,,LOW,-,37.2915,33.6084,31.9789,1,27.2271,LAGGARD,14.567
777,93,MCHB,MECHANICS BANCORP CLASS A,Financials,,mid,14.49,74.29,-0.0038,-0.0216,-0.0229,STRONG_UP,12.43,27.32,47.46,-9.35,50.8,28.39,0.8876,LOW,-,15.068,14.7823,13.8364,1,48.8794,CONTENDER,14.5656
778,53,TPH,TRI POINTE HOMES INC,Consumer Discretionary,,mid,46.97,84.03,0.0372,0.0548,0.3794,STRONG_DOWN,48.03,45.55,18.64,-17.47,50.4,53.66,0.3469,LOW,-,46.878,46.6964,37.489,1,42.7857,LEADER,14.5485
779,-44,JPM,JPMorgan Chase,Financials,Diversified Banks,large,304.88,57.5,-0.0127,-0.0103,-0.0053,STRONG_DOWN,-2.86,18.17,60.02,-15.47,55.2,23.16,0.9881,LOW,-,309.619,299.4975,302.8484,1,43.3162,CONTENDER,14.5133
780,-19,ACAD,ACADIA PHARMACEUTICALS INC,Health Care,,mid,21.72,42.13,0.0278,0.0098,-0.0398,STRONG_UP,-2.16,26.28,43.08,-27.58,47.2,41.82,0.5782,LOW,EARLY,22.0725,21.8746,23.7271,0,29.6598,WEAK,14.5131
781,2,MIR,MIRION TECHNOLOGIES INC CLASS A,Information Technology,,mid,18.96,38.95,-0.0617,-0.1733,-0.2932,STRONG_UP,-30.14,8.78,79.89,-41.78,51.6,51.79,0.7243,LOW,EARLY,19.4665,19.5186,22.6965,0,8.7458,WEAK,14.5019
782,-39,HUBB,Hubbell Incorporated,Industrials,Industrial Machinery & Supplies & Components,large,485.98,53.81,-0.009,-0.1103,-0.0217,FLAT,5.76,27.25,23.95,-13.8,53.2,34.64,0.928,LOW,-,524.536,505.7424,463.8899,1,41.844,CONTENDER,14.4954
783,-58,BGC,BGC GROUP INC CLASS A,Financials,,mid,11.02,58.93,0.0311,-0.0386,0.2774,FLAT,19.41,19.01,30.04,-23.25,49.2,35.54,1.1909,MED,-,11.3325,10.4546,9.5733,1,26.3165,CONTENDER,14.4849
784,-39,VSEC,VSE CORP,Industrials,,mid,182.13,60.59,-0.0985,-0.1815,-0.082,FLAT,2.57,37.74,142.32,-29.65,48.4,75.33,0.7488,LOW,-,190.515,194.1623,182.0319,1,24.2475,CONTENDER,14.4821
785,-112,GATX,GATX CORP,Industrials,,mid,183.83,52.12,-0.0552,-0.0635,0.0128,FLAT,18.16,25.01,40.16,-16.74,54.0,30.39,0.9116,LOW,-,194.7415,183.1988,172.219,1,44.4327,CONTENDER,14.4819
786,185,LIN,Linde plc,Materials,Industrial Gases,large,503.87,31.88,0.0174,-0.0006,0.0772,FLAT,20.62,13.31,18.93,-19.18,52.4,19.47,0.5593,LOW,-,501.058,496.2043,460.721,1,35.8287,LAGGARD,14.4473
787,106,ZTS,Zoetis,Health Care,Pharmaceuticals,large,76.94,1.97,-0.2918,-0.3393,-0.4059,STRONG_UP,-35.22,-51.29,-52.95,-54.28,48.0,52.39,2.9971,HIGH,EARLY,109.4816,114.6759,129.1768,0,-46.9924,WEAK,14.4405
788,-166,CCL,Carnival,Consumer Discretionary,"Hotels, Resorts & Cruise Lines",large,24.85,53.47,-0.0603,-0.0838,-0.1414,STRONG_UP,-7.16,9.78,71.46,-29.3,50.0,57.46,0.7491,LOW,EARLY,26.8465,26.3116,28.6415,0,8.5137,LAGGARD,14.4281
789,57,CMPX,COMPASS THERAPEUTICS,Health Care,,small,1.87,24.41,0.0167,-0.6336,-0.7161,STRONG_UP,-56.31,-6.5,19.87,-75.04,52.0,143.2,0.7622,LOW,-,3.3363,4.5559,4.5614,0,-2.3603,WEAK,14.4163
790,-51,PEB,PEBBLEBROOK HOTEL TRUST REIT,Real Estate,,small,14.27,81.71,-0.0191,-0.0139,0.0598,STRONG_DOWN,24.08,37.3,-2.93,-16.39,47.2,33.7,0.5614,LOW,-,14.1335,13.263,11.752,1,52.2441,LEADER,14.384
791,-65,TRN,TRINITY INDUSTRIES INC,Industrials,,mid,36.14,62.71,0.0206,0.0521,0.1871,STRONG_DOWN,42.72,40.67,26.2,-18.86,48.0,43.84,0.3877,LOW,-,33.573,32.4336,28.7947,1,44.5287,CONTENDER,14.3646
792,93,BX,Blackstone Inc.,Financials,Asset Management & Custody Banks,large,122.76,12.14,0.0037,-0.0095,-0.0629,STRONG_UP,-13.14,-14.39,6.96,-44.76,44.8,41.9,0.4613,LOW,-,123.9012,116.2272,143.0459,0,-15.3842,WEAK,14.3644
793,-90,HTB,HOMETRUST BANCSHARES INC,Financials,,small,45.9,72.5,0.0181,0.0283,0.0549,STRONG_DOWN,14.95,26.26,65.87,-9.67,52.0,21.98,0.655,LOW,-,45.5455,43.958,42.0545,1,62.1328,CONTENDER,14.3421
794,108,OXY,Occidental Petroleum,Energy,Oil & Gas Exploration & Production,large,56.27,23.6,0.0094,-0.0485,0.0534,FLAT,36.04,29.51,-7.0,-19.94,50.8,43.74,0.6017,LOW,-,56.917,58.2117,47.2533,1,34.271,LAGGARD,14.3354
795,7,CRGY,CRESCENT ENERGY CLASS A,Energy,,mid,12.72,33.71,-0.0417,-0.0202,0.0747,STRONG_DOWN,45.29,40.65,13.26,-22.34,55.2,50.82,,LOW,-,12.804,12.6466,9.8479,1,44.1491,LAGGARD,14.3285
796,-118,CTBI,COMMUNITY TRUST BANCORP INC,Financials,,small,64.85,74.64,-0.0023,0.0168,0.0381,STRONG_DOWN,22.96,27.58,60.79,-12.48,51.6,24.15,0.9541,LOW,-,65.566,62.6379,57.8487,1,58.9219,CONTENDER,14.3095
797,-48,EMR,Emerson Electric,Industrials,Electrical Components & Equipment,large,137.28,42.37,-0.0488,-0.0514,-0.075,STRONG_UP,6.47,14.88,23.75,-23.45,54.4,39.97,0.8691,LOW,-,141.028,137.6,136.923,1,20.2482,LAGGARD,14.2925
798,27,TSN,Tyson Foods,Consumer Staples,Packaged Foods & Meats,large,67.46,70.0,0.011,0.0383,0.119,STRONG_DOWN,27.29,26.17,20.93,-11.29,51.2,27.22,0.6704,LOW,-,65.4715,63.6696,58.1075,1,49.2227,CONTENDER,14.2895
799,-178,VRDN,VIRIDIAN THERAPEUTICS ORS INC,Health Care,,small,16.86,46.46,-0.0218,0.1334,-0.4458,FLAT,-39.02,31.62,17.57,-60.63,48.8,115.38,0.8736,LOW,-,15.0455,20.396,24.3207,0,13.372,WEAK,14.2597
800,86,INTU,Intuit,Information Technology,Application Software,large,387.74,13.68,0.008,-0.0758,-0.2208,STRONG_UP,-40.35,-40.48,-37.27,-56.24,48.0,50.18,0.6552,LOW,EARLY,395.9295,415.1648,573.1291,0,-38.7261,WEAK,14.2582
801,-186,PRSU,PURSUIT ATTRACTIONS AND HOSPITALIT,Consumer Discretionary,,small,41.67,79.17,0.0313,0.0661,0.2318,STRONG_DOWN,22.88,35.07,17.48,-13.94,52.4,34.02,0.9636,LOW,-,41.354,38.9974,36.0497,1,54.0218,LEADER,14.256
802,-18,CDNS,Cadence Design Systems,Information Technology,Application Software,large,358.04,41.05,0.0189,0.0935,0.0063,FLAT,8.85,12.36,25.87,-28.85,52.8,45.04,0.7676,LOW,-,335.3735,306.2892,322.8917,1,14.4872,LAGGARD,14.2523
803,38,EE,EXCELERATE ENERGY INC CLASS A,Energy,,mid,36.55,19.1,0.0528,0.0368,-0.2562,STRONG_UP,31.78,23.96,96.99,-27.46,52.0,44.5,0.905,LOW,-,34.309,34.4148,30.0399,1,27.9971,LAGGARD,14.2517
804,-48,SAH,SONIC AUTOMOTIVE INC CLASS A,Consumer Discretionary,,mid,78.58,60.42,0.0314,0.2029,0.4064,STRONG_DOWN,28.12,16.12,41.07,-33.64,55.2,40.31,0.6399,LOW,-,74.323,67.9181,68.0788,1,22.0714,CONTENDER,14.248
805,71,INVA,INNOVIVA INC,Health Care,,small,22.74,41.34,0.0264,-0.0373,0.0059,FLAT,8.96,24.53,40.46,-23.53,49.6,25.13,0.7974,LOW,-,23.2575,22.9164,20.7037,1,48.4246,LAGGARD,14.2307
806,-132,IMAX,IMAX CORP,Communication,,mid,33.94,58.33,-0.0035,-0.0651,-0.1953,STRONG_UP,-4.82,29.79,93.5,-20.99,50.0,44.55,0.8434,LOW,EARLY,36.074,37.5676,34.4063,0,33.434,LAGGARD,14.1926
807,-48,FFBC,FIRST FINANCIAL BANCORP,Financials,,mid,29.92,68.57,-0.0053,0.0299,0.001,FLAT,26.17,23.44,36.36,-14.19,46.4,23.95,0.8655,LOW,-,30.0265,28.6622,26.3291,1,45.4143,CONTENDER,14.1921
808,-12,WGS,GENEDX HOLDINGS CORP CLASS A,Health Care,,small,39.49,9.45,0.1544,-0.3867,-0.5746,STRONG_UP,-72.31,-35.19,68.91,-79.4,49.2,125.21,1.2844,MED,-,58.109,66.106,107.7483,0,-13.8267,WEAK,14.1549
809,-56,HTH,HILLTOP HOLDINGS INC,Financials,,mid,37.16,67.86,-0.0009,0.0102,-0.0311,FLAT,11.46,23.03,23.61,-13.52,46.0,22.89,0.7742,LOW,-,37.4148,36.5021,34.584,1,46.272,CONTENDER,14.1477
810,-148,BY,BYLINE BANCORP INC,Financials,,small,32.68,64.29,0.0029,-0.0063,0.013,FLAT,19.98,22.06,44.43,-12.64,50.0,20.45,0.504,LOW,-,32.8662,31.9458,29.53,1,53.9273,CONTENDER,14.1187
811,72,AGIO,AGIOS PHARMACEUTICALS INC,Health Care,,mid,28.42,27.56,0.07,-0.1239,0.02,FLAT,-31.32,-1.11,-15.27,-50.89,53.2,67.9,0.7165,LOW,PROGRESS,28.1285,29.4116,32.7824,0,-0.8724,WEAK,14.1041
812,-8,PATK,PATRICK INDUSTRIES INC,Consumer Discretionary,,mid,94.35,49.31,0.0206,-0.1029,-0.2462,STRONG_UP,-9.08,6.74,29.51,-41.39,43.6,45.72,0.9387,LOW,EARLY,96.591,106.9572,110.3832,0,6.4266,WEAK,14.0863
813,15,HCSG,HEALTHCARE SERVICES GROUP INC,Industrials,,small,22.12,68.64,0.0259,0.162,0.0289,FLAT,25.75,52.34,96.45,-19.88,51.6,59.63,0.5091,LOW,-,21.2375,20.1976,18.2645,1,45.2931,CONTENDER,14.0695
814,-57,AIZ,Assurant,Financials,Multi-line Insurance,large,243.43,65.0,0.048,0.1053,0.1411,STRONG_DOWN,8.52,22.13,42.34,-12.57,58.0,28.12,0.7979,LOW,-,232.672,224.6702,221.0253,1,45.6442,CONTENDER,14.0628
815,-81,GEN,Gen Digital,Information Technology,Systems Software,large,22.04,23.68,0.1369,0.0344,-0.2957,STRONG_UP,-15.51,-22.86,-4.71,-43.59,44.8,43.54,1.2288,MED,SHIFT,20.001,20.0952,25.2163,0,-23.5206,WEAK,14.062
816,21,DNLI,DENALI THERAPEUTICS INC,Health Care,,mid,19.46,50.79,-0.0301,-0.0121,-0.0182,FLAT,24.74,36.47,0.83,-20.49,47.6,60.17,1.0206,MED,-,19.764,19.9697,17.6318,1,28.8477,CONTENDER,14.0542
817,-75,SBCF,SEACOAST BANKING OF FLORIDA,Financials,,mid,30.46,61.43,-0.0095,-0.0492,-0.088,STRONG_UP,-0.35,20.73,33.34,-16.26,48.8,25.49,0.9979,LOW,EARLY,31.5475,30.9487,30.9845,0,39.6788,LAGGARD,14.0519
818,230,SOLV,Solventum,Health Care,Health Care Technology,large,75.1,29.13,0.0746,0.1115,-0.0849,FLAT,4.61,2.15,18.94,-27.46,50.4,31.41,1.673,HIGH,-,69.6775,67.7074,73.7941,1,3.4484,LAGGARD,14.0458
819,36,OCUL,OCULAR THERAPEUTIX INC,Health Care,,small,9.16,45.28,-0.0402,0.0691,-0.0065,FLAT,-15.42,30.86,62.41,-57.29,46.8,91.85,0.7018,LOW,-,9.449,9.079,10.9715,0,15.7225,WEAK,14.0396
820,1,UBSI,UNITED BANKSHARES INC,Financials,,mid,42.52,58.21,-0.0083,-0.0154,-0.0213,STRONG_UP,18.35,18.76,35.03,-13.73,47.6,21.64,0.9318,LOW,-,43.555,41.9892,38.9271,1,41.2749,CONTENDER,14.0303
821,-48,PIPR,PIPER SANDLER COMPANIES,Financials,,mid,80.4,68.21,0.017,-0.0693,-0.0322,FLAT,-2.04,23.36,60.2,-24.56,52.8,39.79,0.696,LOW,-,85.1705,79.6512,82.2239,0,30.9951,LAGGARD,13.9974
822,70,KIM,Kimco Realty,Real Estate,Retail REITs,large,23.55,41.46,-0.0076,-0.0274,0.0321,FLAT,18.65,15.03,34.77,-12.7,50.4,16.69,0.6973,LOW,-,23.669,23.1876,21.4411,1,45.3858,LAGGARD,13.9954
823,-4,SLNO,SOLENO THERAPEUTICS INC,Health Care,,mid,52.93,12.2,0.0165,0.0293,0.3159,STRONG_DOWN,14.29,-28.9,23.67,-66.04,47.6,81.2,0.5294,LOW,SHIFT,52.8045,44.6313,53.0384,0,-16.9389,WEAK,13.9758
824,-131,MCK,McKesson Corporation,Health Care,Health Care Distributors,large,734.69,32.28,0.0046,-0.1258,-0.2351,STRONG_UP,-14.36,7.24,33.61,-27.17,53.6,26.48,0.8654,LOW,EARLY,810.514,864.2302,813.4892,0,14.6603,WEAK,13.9596
825,195,CB,Chubb Limited,Financials,Property & Casualty Insurance,large,322.04,46.43,0.0196,-0.0016,-0.0097,STRONG_UP,12.05,13.58,29.0,-11.02,51.6,16.33,0.7344,LOW,-,325.8475,326.7417,301.1981,1,42.9099,LAGGARD,13.94
826,46,PODD,Insulet Corporation,Health Care,Health Care Equipment,large,158.35,2.76,0.0634,-0.1915,-0.3752,STRONG_UP,-50.57,-49.64,-1.66,-57.12,48.0,48.88,1.1125,MED,EARLY,178.5975,203.5674,277.6433,0,-48.7501,WEAK,13.9346
827,-28,TROW,T. Rowe Price,Financials,Asset Management & Custody Banks,large,102.84,41.79,-0.0119,0.0831,0.1224,STRONG_DOWN,2.57,11.53,0.81,-19.76,52.4,21.5,1.207,MED,-,101.18,94.2013,99.152,1,28.0906,LAGGARD,13.928
828,84,TXT,Textron,Industrials,Aerospace & Defense,large,90.82,46.61,-0.0008,-0.0208,-0.0322,STRONG_UP,10.72,18.8,3.55,-14.69,53.2,28.47,0.6269,LOW,-,91.0135,91.1009,86.9309,1,35.1315,LAGGARD,13.8975
829,61,UPST,UPSTART HOLDINGS INC,Financials,,mid,27.84,2.14,-0.0108,-0.0474,-0.1501,STRONG_UP,-28.19,-48.14,1.49,-71.21,51.6,73.09,0.6542,LOW,EARLY,31.867,28.8928,45.4336,0,-33.9838,WEAK,13.8892
830,327,ALKS,ALKERMES,Health Care,,mid,38.29,40.55,0.1008,0.1539,0.0912,FLAT,17.27,24.16,54.96,-22.2,50.0,53.01,1.6911,HIGH,-,34.4395,32.0194,30.4716,1,22.7853,LAGGARD,13.8872
831,-18,ZETA,ZETA GLOBAL HOLDINGS CORP CLASS A,Information Technology,,mid,16.25,39.47,-0.0485,-0.1298,-0.1789,STRONG_UP,-18.3,8.99,2.98,-40.37,52.8,64.84,0.8623,LOW,EARLY,17.646,17.168,18.4679,0,7.3184,WEAK,13.8852
832,-141,NSSC,NAPCO SECURITY TECHNOLOGIES INC,Information Technology,,small,38.29,52.63,-0.0631,-0.266,-0.3003,STRONG_UP,-8.97,40.94,-11.29,-19.47,52.0,48.54,0.5342,LOW,-,43.795,42.5833,40.6983,0,43.8563,LAGGARD,13.8615
833,-89,BUSE,FIRST BUSEY CORP,Financials,,mid,26.15,62.5,-0.0025,-0.0048,0.008,FLAT,16.4,21.0,20.51,-11.82,48.0,21.15,0.9239,LOW,-,26.34,25.5994,24.0534,1,47.654,CONTENDER,13.8517
834,-198,FTNT,Fortinet,Information Technology,Systems Software,large,113.87,38.42,0.276,0.3157,0.1081,FLAT,38.39,8.4,90.96,-30.9,54.0,54.46,0.7789,LOW,-,90.7245,85.4072,83.0438,1,8.3251,LAGGARD,13.8303
835,-141,DASH,DoorDash,Consumer Discretionary,Specialized Consumer Services,large,155.19,18.06,-0.0394,-0.001,-0.0114,FLAT,-23.96,-21.54,33.2,-47.97,49.6,51.81,0.9658,LOW,EARLY,173.2893,166.2497,214.4001,0,-20.6231,WEAK,13.801
836,151,HLX,HELIX ENERGY SOLUTIONS GROUP INC,Energy,,small,9.91,41.57,-0.0066,-0.0103,-0.0255,STRONG_UP,47.03,47.25,-12.76,-20.83,48.8,53.26,0.4671,LOW,-,9.813,9.6144,7.5692,1,43.2943,LAGGARD,13.7999
837,-42,NNE,NANO NUCLEAR ENERGY INC,Industrials,,small,27.09,31.36,-0.0445,0.1514,0.0716,FLAT,-28.52,-0.84,555.93,-66.45,46.4,94.8,1.0883,MED,-,25.2323,23.4325,32.2223,0,-0.4121,WEAK,13.7954
838,-117,GFF,GRIFFON CORP,Industrials,,mid,83.32,41.95,-0.0764,0.0069,-0.0768,FLAT,16.31,14.52,22.64,-27.85,50.8,36.69,1.1774,MED,-,89.5645,80.375,78.2399,1,20.1013,LAGGARD,13.7803
839,-158,MITK,MITEK SYSTEMS INC,Information Technology,,small,14.67,55.79,-0.0284,-0.1211,0.1259,FLAT,57.57,51.39,3.46,-18.01,48.0,62.78,1.2032,MED,-,14.704,14.3814,11.161,1,39.2939,CONTENDER,13.7622
840,16,BDX,Becton Dickinson,Health Care,Health Care Equipment,large,147.51,34.25,0.0357,-0.0302,-0.1846,STRONG_UP,4.52,9.53,-17.54,-22.29,46.0,27.72,1.1707,MED,EARLY,150.942,155.8331,153.1622,0,15.8073,WEAK,13.7606
841,136,UNP,Union Pacific Corporation,Industrials,Rail Transportation,large,265.6,47.88,0.0138,0.0535,0.0519,FLAT,19.95,19.11,13.15,-12.28,54.8,23.85,0.8355,LOW,-,261.72,252.515,234.6938,1,43.9045,LAGGARD,13.7474
842,-123,HUBG,HUB GROUP INC CLASS A,Industrials,,mid,36.62,35.59,-0.1293,-0.0821,-0.1019,FLAT,4.09,4.51,-14.0,-35.62,52.4,45.99,2.7751,HIGH,EARLY,42.442,39.247,39.0861,0,5.1373,WEAK,13.714
843,91,XENE,XENON PHARMACEUTICALS INC,Health Care,,mid,55.0,70.47,-0.0448,-0.0507,0.2806,FLAT,43.19,85.81,35.87,-14.95,48.8,104.79,0.5593,LOW,-,56.5715,55.6086,44.1502,1,39.9615,CONTENDER,13.6961
844,35,BRSP,BRIGHTSPIRE CAPITAL INC CLASS A,Financials,,small,5.73,60.0,-0.0178,-0.0239,0.0178,FLAT,11.73,19.76,19.48,-12.12,48.4,24.64,1.5981,HIGH,-,5.931,5.7137,5.4129,1,38.8189,CONTENDER,13.6959
845,-53,VRSN,Verisign,Information Technology,Internet Services & Infrastructure,large,285.8,37.37,0.0465,-0.0678,0.1415,FLAT,16.19,4.86,69.13,-30.21,54.4,29.09,0.7623,LOW,-,275.068,259.6316,255.0645,1,9.0917,LAGGARD,13.6919
846,-52,FULT,FULTON FINANCIAL CORP,Financials,,mid,21.13,59.64,-0.0111,-0.0174,-0.0296,STRONG_UP,21.75,19.38,31.69,-15.52,50.4,26.83,0.831,LOW,-,21.625,20.7719,19.3277,1,36.4086,CONTENDER,13.6908
847,136,CNP,CenterPoint Energy,Utilities,Multi-Utilities,large,42.13,54.9,-0.0057,0.008,0.0069,FLAT,7.9,17.58,49.41,-6.67,52.8,17.95,0.6277,LOW,-,42.7395,43.0012,39.8246,1,51.6977,CONTENDER,13.6835
848,-234,JXN,JACKSON FINANCIAL INC CLASS A,Financials,,mid,109.08,73.21,-0.0315,0.0484,-0.0296,FLAT,19.15,26.53,55.19,-16.31,55.6,38.55,0.5889,LOW,-,111.918,108.0464,102.6493,1,38.2707,CONTENDER,13.6561
849,71,VRE,VERIS RESIDENTIAL INC,Real Estate,,small,18.96,69.51,0.0038,-0.0221,0.1131,FLAT,27.61,26.46,26.47,-12.16,50.4,26.08,0.2575,LOW,-,18.939,18.8777,15.9722,1,51.1273,CONTENDER,13.6417
850,-5,CDNA,CAREDX INC,Health Care,,small,21.4,48.03,0.0381,0.2373,0.0795,FLAT,28.14,32.67,42.86,-43.92,52.4,72.35,0.6304,LOW,-,21.052,18.9244,17.0705,1,23.663,LAGGARD,13.6187
851,20,GWW,W. W. Grainger,Industrials,Industrial Machinery & Supplies & Components,large,1238.29,44.92,0.0843,0.0736,0.0679,STRONG_UP,30.86,17.13,32.64,-16.26,50.0,27.85,0.8512,LOW,-,1167.5375,1126.2475,1035.0864,1,30.7575,LAGGARD,13.6102
852,63,WAFD,WAFD INC,Financials,,mid,35.17,65.71,0.006,0.0853,0.0848,FLAT,17.74,22.37,32.08,-12.9,51.2,26.01,0.8727,LOW,-,35.065,32.9508,31.4225,1,44.035,CONTENDER,13.5834
853,35,SXT,SENSIENT TECHNOLOGIES CORP,Materials,,mid,115.95,43.48,-0.0114,0.2381,0.1328,FLAT,25.82,27.15,59.12,-30.7,48.8,60.22,0.6336,LOW,-,110.4995,98.0884,98.4468,1,22.0035,LAGGARD,13.5692
854,-22,HLT,Hilton Worldwide,Consumer Discretionary,"Hotels, Resorts & Cruise Lines",large,313.57,68.75,0.012,-0.0037,0.0717,FLAT,14.34,22.75,52.88,-10.29,49.2,26.48,0.4814,LOW,-,325.5915,312.7782,288.1667,1,42.2737,CONTENDER,13.5259
855,-169,RCL,Royal Caribbean Group,Consumer Discretionary,"Hotels, Resorts & Cruise Lines",large,258.12,47.22,-0.0642,-0.0331,-0.1183,FLAT,-1.74,5.7,87.49,-32.36,48.8,50.31,0.856,LOW,EARLY,268.285,273.491,294.8501,0,5.5336,WEAK,13.5053
856,-102,VAC,MARRIOTT VACATIONS WORLDWIDE CORP,Consumer Discretionary,,mid,72.42,45.83,-0.0379,0.1211,0.4263,STRONG_DOWN,47.93,5.0,-21.26,-45.84,49.6,61.23,0.7657,LOW,-,73.341,70.1892,64.3815,1,4.0537,LAGGARD,13.4958
857,-89,CRH,CRH plc,Materials,Construction Materials,large,111.39,36.23,-0.0188,-0.0603,-0.1365,STRONG_UP,-1.93,14.32,38.82,-23.82,46.0,35.55,0.6745,LOW,-,115.0885,110.1285,115.3944,0,18.5323,WEAK,13.4787
858,0,PKG,Packaging Corporation of America,Materials,Paper & Plastic Packaging Products & Materials,large,219.95,37.68,-0.0185,0.0393,-0.1062,FLAT,10.9,19.37,27.33,-17.21,51.6,29.88,0.4322,LOW,-,216.246,214.4497,209.9616,1,33.4487,LAGGARD,13.4287
859,-20,BALL,Ball Corporation,Materials,"Metal, Glass & Plastic Containers",large,57.57,28.99,-0.0124,-0.1026,-0.1535,STRONG_UP,24.92,10.66,-14.56,-21.96,50.4,26.84,0.6442,LOW,-,60.9785,61.0558,54.967,1,20.0098,LAGGARD,13.4211
860,-172,UVSP,UNIVEST FINANCIAL CORP,Financials,,small,38.1,70.36,0.0021,0.0404,0.1144,STRONG_DOWN,26.34,24.92,78.6,-14.01,48.8,22.91,0.7809,LOW,-,37.6439,35.4978,32.328,1,53.0759,CONTENDER,13.4208
861,130,AVNS,AVANOS MEDICAL INC,Health Care,,small,24.73,71.65,0.0171,0.0275,0.6299,STRONG_DOWN,116.17,94.57,24.4,-24.56,50.4,142.55,1.1582,MED,-,24.6835,18.3128,13.5968,1,33.4366,CONTENDER,13.4146
862,42,EOG,EOG Resources,Energy,Oil & Gas Exploration & Production,large,134.13,15.73,-0.0168,-0.0527,-0.0019,FLAT,28.05,19.08,10.65,-18.51,52.4,30.57,0.5899,LOW,-,134.4295,135.7735,116.6767,1,32.7101,LAGGARD,13.3749
863,-20,ODFL,Old Dominion,Industrials,Cargo Ground Transportation,large,191.12,40.68,-0.0238,-0.0927,0.0202,FLAT,39.2,12.32,6.33,-26.16,52.0,42.81,0.8654,LOW,-,209.423,200.7208,166.6161,1,14.9695,LAGGARD,13.3567
864,17,KNTK,KINETIK HOLDINGS INC CLASS A,Energy,,mid,48.9,14.61,0.0026,-0.0067,0.0445,FLAT,49.42,17.18,41.33,-30.3,52.4,37.29,0.6558,LOW,-,48.0389,46.5783,39.8175,1,24.1465,LAGGARD,13.3238
865,-25,SPXC,SPX TECHNOLOGIES INC,Industrials,,mid,198.99,53.39,-0.041,-0.1159,-0.1137,FLAT,-11.53,26.7,43.16,-23.15,52.4,45.44,0.6605,LOW,EARLY,213.475,208.6094,205.0683,0,30.7859,LAGGARD,13.3207
866,59,GTY,GETTY REALTY REIT CORP,Real Estate,,small,32.98,65.85,0.0001,-0.0466,0.0269,FLAT,25.12,25.17,34.12,-10.16,50.4,24.57,0.5653,LOW,-,33.389,32.9315,28.9443,1,51.6341,CONTENDER,13.3025
867,-19,CURB,CURBLINE PROPERTIES,Real Estate,,mid,27.7,58.54,0.0047,-0.011,0.0399,FLAT,19.59,21.83,46.18,-9.54,51.2,23.22,0.5066,LOW,-,27.7545,27.0554,24.1723,1,48.1436,CONTENDER,13.2848
868,-164,UAL,United Airlines Holdings,Industrials,Passenger Airlines,large,95.84,43.64,-0.0184,-0.015,-0.1249,FLAT,-0.31,16.03,76.18,-27.5,49.2,56.54,0.4264,LOW,SHIFT,94.6035,93.626,100.9487,0,13.9482,WEAK,13.2467
869,168,LULU,Lululemon Athletica,Consumer Discretionary,"Apparel, Accessories & Luxury Goods",large,125.13,0.0,-0.0156,-0.1708,-0.1843,STRONG_UP,-26.55,-59.71,-63.96,-62.67,48.0,45.63,1.0447,MED,EARLY,144.08,154.3458,177.4785,0,-62.8163,WEAK,13.2459
870,-96,LOB,LIVE OAK BANCSHARES INC,Financials,,small,36.61,73.93,-0.0108,0.0098,-0.0932,FLAT,13.75,26.74,5.13,-23.99,47.6,34.63,0.5931,LOW,-,37.244,35.123,35.3468,1,36.7591,CONTENDER,13.2403
871,-130,ACHR,ARCHER AVIATION INC CLASS A,Industrials,,mid,6.39,4.66,0.0205,0.1266,-0.0492,FLAT,-24.38,-42.74,70.4,-63.78,47.6,57.92,1.7672,HIGH,SHIFT,6.0245,5.8958,8.2042,0,-35.1263,WEAK,13.2077
872,-45,CBT,CABOT CORP,Materials,,mid,84.53,33.33,0.0392,0.1251,0.1157,FLAT,40.18,13.42,-13.72,-28.82,49.2,27.65,0.6405,LOW,-,77.9325,74.4898,72.0376,1,23.8824,LAGGARD,13.1713
873,9,FIHL,FIDELIS INSURANCE HOLDINGS LTD,Financials,,small,20.71,63.93,0.011,0.0435,0.0879,STRONG_DOWN,10.7,21.57,19.98,-15.99,55.42,23.92,0.9179,LOW,-,20.817,19.7796,18.5253,1,49.9711,CONTENDER,13.1502
874,10,WERN,WERNER ENTERPRISES INC,Industrials,,small,34.12,51.27,-0.0391,0.074,0.0308,FLAT,35.8,24.0,-6.1,-28.28,49.6,44.3,1.0797,MED,-,34.4685,31.7025,29.7089,1,26.8715,CONTENDER,13.1477
875,43,FAST,Fastenal,Industrials,Trading Companies & Distributors,large,43.32,39.83,-0.0075,-0.025,-0.0398,STRONG_UP,5.91,10.61,34.23,-21.9,53.2,28.52,0.578,LOW,EARLY,44.5768,45.2717,44.3507,0,19.7911,WEAK,13.1303
876,0,ALGN,Align Technology,Health Care,Health Care Supplies,large,165.79,19.29,-0.0304,-0.0797,-0.1671,STRONG_UP,19.94,-12.93,-39.21,-39.73,51.6,41.64,0.4987,LOW,-,180.1105,176.5652,157.552,1,-16.0284,LAGGARD,13.0827
877,33,FE,FirstEnergy,Utilities,Electric Utilities,large,44.71,41.18,-0.0093,-0.0904,-0.0836,FLAT,-1.14,12.85,22.18,-13.72,55.2,17.48,0.8686,LOW,EARLY,47.4068,49.0197,45.659,0,40.5659,WEAK,13.0753
878,-26,ARI,APOLLO COMMERCIAL REAL ESTATE FINA,Financials,,small,10.79,60.71,0.0045,-0.0155,0.0444,FLAT,16.29,20.35,33.13,-10.04,49.6,19.74,0.6005,LOW,-,11.008,10.6344,9.9381,1,51.1404,CONTENDER,13.0749
879,-165,VVX,V2X INC,Industrials,,mid,70.14,58.9,-0.0599,0.0159,0.109,STRONG_DOWN,24.74,34.88,48.82,-16.34,52.4,44.2,0.9606,LOW,-,68.276,69.0096,61.3112,1,41.3564,CONTENDER,13.0633
880,145,ADMA,ADMA BIOLOGICS INC,Health Care,,mid,8.41,1.18,-0.1492,-0.1757,-0.4899,STRONG_UP,-42.83,-57.7,-4.32,-63.97,48.0,80.12,1.1564,MED,EARLY,10.206,11.5842,15.5448,0,-34.5659,WEAK,13.0506
881,195,CSR,CENTERSPACE,Real Estate,,small,68.89,56.1,0.0284,0.0782,0.0327,FLAT,20.23,20.98,8.45,-17.43,51.6,24.67,0.6372,LOW,-,66.639,62.6343,60.6104,1,43.8893,CONTENDER,13.0372
882,-49,RES,RPC INC,Energy,,small,7.06,40.45,-0.0504,0.0039,0.0939,STRONG_DOWN,30.51,46.23,10.58,-20.83,50.0,47.09,0.6753,LOW,-,7.3715,6.9454,5.5997,1,49.0894,LAGGARD,13.03
883,-120,TJX,TJX Companies,Consumer Discretionary,Apparel Retail,large,150.26,61.11,0.0034,-0.0125,0.1064,FLAT,3.0,16.26,56.09,-10.13,49.6,19.82,0.8046,LOW,-,156.3785,157.6668,148.5645,1,40.6939,CONTENDER,13.0266
884,17,DOC,Healthpeak Properties,Real Estate,Health Care REITs,large,19.78,60.98,0.0176,0.1553,0.1368,FLAT,15.85,23.01,13.83,-17.09,50.0,43.34,0.7456,LOW,-,17.3128,17.0394,16.9763,1,26.5447,CONTENDER,13.0109
885,37,ES,Eversource Energy,Utilities,Electric Utilities,large,68.73,43.14,0.0028,0.0219,-0.0369,FLAT,-3.14,14.32,22.98,-15.13,57.2,23.76,0.8713,LOW,-,68.558,69.8392,68.047,1,34.4664,LAGGARD,12.9936
886,0,ARES,Ares Management,Financials,Asset Management & Custody Banks,large,123.66,7.14,0.0175,0.1082,-0.0788,FLAT,-17.73,-25.91,-6.39,-49.3,50.8,49.37,0.5866,LOW,SHIFT,118.9935,111.1978,146.1216,0,-26.6594,WEAK,12.9918
887,97,PHM,PulteGroup,Consumer Discretionary,Homebuilding,large,114.55,52.78,-0.0095,-0.0162,-0.0718,STRONG_UP,-4.28,8.47,-0.07,-20.06,46.8,32.9,1.0308,MED,EARLY,122.135,121.2839,125.1699,0,12.0491,LAGGARD,12.9913
888,151,ABUS,ARBUTUS BIOPHARMA CORP,Health Care,,small,4.31,50.0,-0.0084,0.0142,0.0304,STRONG_DOWN,-6.1,35.11,49.13,-25.86,49.2,42.5,0.4639,LOW,-,4.3735,4.4144,4.2952,1,40.6447,CONTENDER,12.99
889,-59,COR,Cencora,Health Care,Health Care Distributors,large,260.93,24.8,0.0491,-0.1617,-0.2917,STRONG_UP,-28.2,-5.81,18.68,-32.44,53.6,41.57,1.1589,MED,EARLY,298.8025,319.6756,326.8804,0,-7.4862,WEAK,12.9875
890,-48,OSBC,OLD SECOND BANCORP INC,Financials,,small,20.85,67.5,0.004,-0.0221,0.0351,FLAT,13.98,23.02,46.63,-12.91,51.2,25.13,0.9038,LOW,-,20.9222,20.3834,19.1038,1,46.902,CONTENDER,12.9748
891,-31,FCF,FIRST COMMONWEALTH FINANCIAL CORP,Financials,,small,18.29,55.71,0.0105,-0.0099,0.0144,FLAT,17.85,17.56,40.66,-15.15,49.6,18.93,0.5225,LOW,-,18.4599,17.819,16.9865,1,46.0005,CONTENDER,12.9695
892,-18,MGY,MAGNOLIA OIL GAS CORP CLASS A,Energy,,mid,28.64,20.22,-0.013,-0.0631,-0.083,STRONG_UP,29.21,25.21,15.78,-15.34,52.4,34.06,0.7422,LOW,-,29.092,29.7386,25.0785,1,38.7836,LAGGARD,12.9492
893,-27,CHEF,CHEFS WAREHOUSE INC,Consumer Staples,,mid,80.0,73.33,0.0183,0.2084,0.3091,STRONG_DOWN,27.8,30.55,108.33,-20.49,54.8,50.76,0.9932,LOW,-,72.1625,65.9092,63.3753,1,32.9797,CONTENDER,12.9418
894,-82,RRR,RED ROCK RESORTS ORS CLASS A INC,Consumer Discretionary,,mid,53.03,61.81,0.0386,-0.0293,-0.062,STRONG_UP,-8.04,16.68,13.37,-21.08,53.2,34.05,0.6209,LOW,EARLY,54.58,56.1293,58.1657,0,26.0648,LAGGARD,12.9347
895,-4,PNW,Pinnacle West Capital,Utilities,Multi-Utilities,large,99.83,49.02,-0.0044,0.0067,0.0238,STRONG_DOWN,15.96,16.51,40.46,-8.43,51.6,16.35,0.9016,LOW,-,101.2904,100.7539,91.8026,1,52.1004,LAGGARD,12.9191
896,-72,FBK,FB FINANCIAL CORP,Financials,,mid,52.04,46.07,-0.0223,-0.0388,-0.1183,STRONG_UP,-5.26,13.36,39.33,-17.08,53.2,24.61,1.307,MED,EARLY,53.834,53.1368,54.6022,0,28.8844,WEAK,12.9077
897,40,AMN,AMN HEALTHCARE INC,Health Care,,small,29.47,50.39,0.422,0.5927,0.5025,FLAT,69.47,35.99,-50.06,-34.18,46.4,84.81,1.2989,MED,-,22.082,20.3468,18.9362,1,19.6928,CONTENDER,12.8903
898,235,SWKS,Skyworks Solutions,Information Technology,Semiconductors,mid,66.31,32.11,0.0307,0.0265,-0.1401,STRONG_UP,-1.78,-4.68,-23.89,-35.24,49.6,46.91,1.8752,HIGH,-,64.098,58.773,65.1503,1,-4.9493,LAGGARD,12.8718
899,-88,BKV,BKV CORP,Energy,,mid,28.32,21.35,-0.0639,0.0087,-0.2463,FLAT,10.54,26.54,57.33,-19.71,52.8,38.3,0.4124,LOW,-,29.1645,29.011,26.0458,1,36.5899,LAGGARD,12.8629
900,143,INTA,INTAPP INC,Information Technology,,mid,22.77,3.16,-0.0046,-0.0648,-0.2463,STRONG_UP,-43.34,-59.78,-37.84,-66.6,43.6,66.12,1.433,MED,EARLY,23.0875,24.1586,35.5169,0,-39.4177,WEAK,12.8566
901,18,FLR,FLUOR CORP,Industrials,,mid,44.73,42.8,-0.1511,-0.0932,-0.0211,STRONG_DOWN,-1.89,15.37,15.4,-30.19,48.8,55.12,1.5459,HIGH,EARLY,49.3385,47.687,45.4078,0,13.6101,WEAK,12.853
902,-2,GDDY,GoDaddy,Information Technology,Internet Services & Infrastructure,large,87.03,4.74,0.0316,-0.0356,-0.2344,STRONG_UP,-33.79,-53.58,-34.84,-58.4,48.8,52.57,0.4243,LOW,SHIFT,86.6775,85.0354,116.5319,0,-49.739,WEAK,12.8526
903,128,ABBV,AbbVie,Health Care,Biotechnology,large,207.86,35.83,0.0305,0.0202,-0.0577,STRONG_UP,-3.4,14.17,37.91,-17.32,51.2,26.18,0.6987,LOW,PROGRESS,204.293,210.1424,215.3866,0,27.7039,WEAK,12.8286
904,60,OKE,Oneok,Energy,Oil & Gas Storage & Transportation,large,88.43,11.24,0.0216,-0.0097,-0.0912,STRONG_UP,33.6,7.85,21.14,-23.63,53.2,28.9,0.7226,LOW,-,86.5919,86.6615,75.7126,1,14.4529,LAGGARD,12.7177
905,-249,GOLF,ACUSHNET HOLDINGS CORP,Consumer Discretionary,,mid,84.79,67.36,0.0232,-0.0839,-0.044,FLAT,5.76,22.08,37.36,-17.7,50.8,32.65,0.9359,LOW,EARLY,94.79,94.7301,86.2302,0,34.3602,LAGGARD,12.713
906,15,DOV,Dover Corporation,Industrials,Industrial Machinery & Supplies & Components,large,216.71,45.34,-0.0225,-0.0091,-0.0341,FLAT,19.62,18.04,20.18,-15.34,48.8,27.04,0.5132,LOW,-,221.686,215.6326,195.1291,1,32.556,LAGGARD,12.7027
907,29,KKR,KKR & Co.,Financials,Asset Management & Custody Banks,large,99.47,8.93,0.0061,0.0005,-0.0427,STRONG_UP,-16.91,-21.25,0.26,-44.62,48.4,42.69,0.8117,LOW,-,102.229,95.46,118.7719,0,-24.0914,WEAK,12.6966
908,-46,URBN,URBAN OUTFITTERS INC,Consumer Discretionary,,mid,67.01,56.94,-0.0277,0.0688,0.0571,FLAT,8.05,12.94,61.0,-26.32,46.0,38.21,1.1461,MED,EARLY,71.136,67.2118,70.6682,0,15.5836,LAGGARD,12.6633
909,245,VRTX,Vertex Pharmaceuticals,Health Care,Biotechnology,large,448.29,29.92,0.0649,0.0325,-0.0345,STRONG_UP,6.43,3.77,4.27,-23.56,48.8,32.41,1.0284,MED,-,432.4105,446.0954,434.948,1,5.6778,LAGGARD,12.661
910,-128,HAFC,HANMI FINANCIAL CORP,Financials,,small,29.38,72.86,-0.015,0.0799,0.1132,STRONG_DOWN,10.98,26.45,98.38,-16.23,50.0,28.59,0.5213,LOW,-,29.3265,27.3491,26.0386,1,46.2614,CONTENDER,12.6552
911,-6,MC,MOELIS CLASS A,Financials,,mid,63.97,36.79,0.0319,-0.0166,-0.0464,STRONG_UP,2.95,8.86,25.77,-33.26,52.4,40.96,0.5577,LOW,-,65.6224,59.849,65.7582,0,11.3409,WEAK,12.6373
912,331,PCG,PG&E Corporation,Utilities,Multi-Utilities,large,16.81,13.73,0.0374,-0.0181,-0.0402,STRONG_UP,2.12,0.05,-4.68,-27.12,49.2,25.28,1.1718,MED,-,16.639,17.4104,16.1457,1,0.1061,LAGGARD,12.636
913,-165,TKO,TKO Group Holdings,Communication Services,Movies & Entertainment,large,183.33,61.9,-0.0262,-0.0673,-0.1186,STRONG_UP,3.12,13.01,87.53,-18.28,52.0,34.66,0.4824,LOW,EARLY,186.137,193.9606,194.013,0,19.5257,LAGGARD,12.6245
914,-15,WDAY,"Workday, Inc.",Information Technology,Application Software,large,118.62,4.21,-0.0243,-0.1264,-0.3733,STRONG_UP,-47.97,-56.07,-51.99,-59.05,50.0,53.27,0.5182,LOW,EARLY,123.995,128.7242,191.8821,0,-52.628,WEAK,12.5589
915,179,TRV,Travelers Companies (The),Financials,Property & Casualty Insurance,large,298.26,47.5,0.0081,0.0057,0.0106,FLAT,6.42,14.37,42.38,-8.93,50.4,16.35,0.6218,LOW,-,301.7815,299.9261,283.8339,1,44.2956,LAGGARD,12.5483
916,15,BULL,WEBULL CORP CLASS A,Financials,,mid,7.02,1.43,-0.0218,0.2163,0.1345,FLAT,-27.7,-49.82,-36.59,-73.9,45.6,56.7,0.6455,LOW,SHIFT,6.9895,5.9378,9.4046,0,-40.0679,WEAK,12.5476
917,37,PDM,PIEDMONT REALTY TRUST INC CLASS A,Real Estate,,small,8.15,50.0,-0.0326,0.0683,-0.0942,FLAT,-0.73,18.29,23.87,-29.47,50.0,40.02,1.3894,MED,-,8.1785,7.3724,8.0717,1,22.8478,CONTENDER,12.5367
918,-71,HROW,HARROW INC,Health Care,,small,29.03,34.65,-0.2627,-0.2114,-0.4099,FLAT,-14.97,10.51,140.51,-47.03,50.0,84.64,6.8167,HIGH,-,39.368,37.1484,41.3963,0,6.2065,WEAK,12.5206
919,-186,VST,Vistra Corp.,Utilities,Electric Utilities,large,146.87,5.88,-0.0731,-0.0797,-0.1077,STRONG_UP,-21.78,-4.76,65.08,-34.51,50.0,47.13,0.9569,LOW,EARLY,157.9075,157.5806,176.2062,0,-5.0507,WEAK,12.5032
920,272,AFL,Aflac,Financials,Life & Health Insurance,large,116.16,45.0,0.0435,0.0478,0.0141,FLAT,3.35,12.99,41.08,-9.11,51.6,15.33,0.9318,LOW,-,114.48,111.5848,109.212,1,43.7401,LAGGARD,12.474
921,57,SYY,Sysco,Consumer Staples,Food Distributors,large,72.98,53.33,0.0155,-0.0168,-0.1089,STRONG_UP,-0.68,6.04,,-23.98,50.4,36.92,0.4269,LOW,EARLY,74.2175,77.3543,77.9041,0,8.2493,LAGGARD,12.453
922,26,SKT,TANGER INC,Real Estate,,mid,36.05,51.22,-0.0188,-0.0335,0.0237,FLAT,7.11,19.27,39.18,-10.34,48.8,21.94,0.6568,LOW,-,36.4149,35.5763,33.4358,1,42.8579,CONTENDER,12.3867
923,23,LTC,LTC PROPERTIES REIT INC,Real Estate,,small,38.58,43.9,0.0061,-0.0405,-0.0616,STRONG_UP,9.68,15.56,27.93,-9.46,54.0,21.0,1.4653,MED,-,38.5526,38.2685,35.7661,1,40.006,LAGGARD,12.3734
924,-47,ASB,ASSOCIATED BANCORP,Financials,,mid,27.92,57.14,-0.0141,0.0246,0.0055,FLAT,10.9,17.95,35.9,-16.37,49.6,26.9,0.5824,LOW,-,28.0495,26.6036,25.9463,1,33.0918,CONTENDER,12.366
925,-99,PRCH,PORCH GROUP INC,Information Technology,,small,10.33,34.21,-0.061,0.332,0.1724,FLAT,-1.99,-1.62,272.92,-66.39,48.0,74.46,0.7838,LOW,-,9.271,8.1514,11.2899,0,-1.0437,WEAK,12.3543
926,-59,TGNA,TEGNA INC,Communication,,mid,20.03,41.67,0.0296,-0.0192,-0.0947,STRONG_UP,-3.6,15.97,36.77,-14.51,45.33,20.65,0.0,LOW,-,20.5762,19.8735,19.0759,1,35.0618,LAGGARD,12.3444
927,-113,CSTL,CASTLE BIOSCIENCES INC,Health Care,,small,18.63,33.46,-0.2308,-0.2129,-0.4304,FLAT,-46.37,9.4,-23.18,-56.71,52.8,63.0,,LOW,-,23.602,24.6657,28.5977,0,7.8741,WEAK,12.2864
928,-48,SRCE,1ST SOURCE CORP,Financials,,small,72.3,56.79,-0.0014,-0.0107,0.0668,FLAT,19.52,17.88,46.37,-11.84,51.2,20.21,0.7155,LOW,-,73.1959,70.5774,64.5326,1,45.2887,CONTENDER,12.2805
929,78,TT,Trane Technologies,Industrials,Building Products,large,467.66,40.25,-0.0184,-0.0072,0.0281,STRONG_DOWN,8.14,11.62,45.59,-20.16,51.6,31.2,1.0644,MED,-,478.0875,450.3501,425.8324,1,19.215,LAGGARD,12.2745
930,-17,PCAR,Paccar,Industrials,Construction Machinery & Heavy Transportation Equipment,large,113.03,49.15,-0.0063,-0.0999,-0.0931,FLAT,16.34,20.43,12.93,-14.07,45.6,28.75,0.7103,LOW,-,120.3155,119.2452,109.0301,1,32.4091,LAGGARD,12.2675
931,42,TSCO,Tractor Supply,Consumer Discretionary,Other Specialty Retail,large,30.59,5.56,-0.0229,-0.2705,-0.3323,STRONG_UP,-44.35,-40.51,-41.81,-51.29,46.8,36.73,2.0917,HIGH,EARLY,36.4175,42.6728,51.847,0,-51.6177,WEAK,12.2206
932,68,OTTR,OTTER TAIL CORP,Utilities,,mid,89.7,50.98,0.0088,0.0415,0.0258,FLAT,7.27,17.15,1.91,-12.7,51.2,22.93,0.9107,LOW,-,88.4215,88.0148,83.4744,1,38.2998,CONTENDER,12.2132
933,36,CARR,Carrier Global,Industrials,Building Products,large,65.56,25.42,-0.0109,0.0172,0.0169,FLAT,15.26,-10.88,4.68,-37.38,48.8,45.27,0.569,LOW,-,63.3569,60.1765,59.2937,1,-11.7326,LAGGARD,12.2025
934,241,SO,Southern Company,Utilities,Electric Utilities,large,93.47,39.22,-0.0014,-0.0014,0.0117,DOWN,4.65,12.82,26.92,-14.99,52.4,20.14,0.6121,LOW,-,94.0025,95.5406,91.8177,1,33.3473,LAGGARD,12.1726
935,168,CCI,Crown Castle,Real Estate,Telecom Tower REITs,large,91.5,23.17,0.0172,0.0364,0.0256,FLAT,2.08,-2.55,1.86,-30.0,52.4,30.83,1.186,MED,-,88.0205,86.0796,89.6073,1,-4.3326,LAGGARD,12.1107
936,210,CDW,CDW Corporation,Information Technology,Technology Distributors,large,99.3,10.0,-0.0806,-0.3692,-0.4545,STRONG_UP,-30.05,-47.05,-53.97,-47.05,48.8,52.11,2.1886,HIGH,EARLY,128.089,124.29,141.5073,0,-44.0607,WEAK,12.1084
937,73,SEM,SELECT MEDICAL HOLDINGS CORP,Health Care,,mid,16.45,35.43,0.0179,0.0277,0.0122,FLAT,24.23,11.09,-6.45,-24.02,50.8,22.61,0.5041,LOW,-,16.4295,16.346,14.5462,1,24.9271,LAGGARD,12.1072
938,15,CBRE,CBRE Group,Real Estate,Real Estate Services,large,144.06,35.37,-0.0047,-0.0457,-0.0917,STRONG_UP,-5.12,9.67,63.46,-23.22,51.6,42.7,0.5513,LOW,-,146.577,140.7426,154.4047,0,11.6832,WEAK,12.048
939,72,DE,Deere & Company,Industrials,Agricultural & Farm Machinery,large,589.19,48.73,0.0195,-0.0125,-0.0011,FLAT,24.99,19.72,48.48,-16.83,49.6,38.65,0.606,LOW,-,580.276,582.11,516.2642,1,25.313,LAGGARD,12.0097
940,128,WEC,WEC Energy Group,Utilities,Electric Utilities,large,112.58,37.25,-0.0129,-0.0091,-0.0225,FLAT,1.8,12.38,40.81,-11.22,52.0,17.08,0.7492,LOW,-,114.781,115.3394,110.5244,1,37.701,LAGGARD,12.0085
941,-17,NSIT,INSIGHT ENTERPRISES INC,Information Technology,,mid,87.02,17.89,0.2711,0.0483,-0.2274,STRONG_UP,-4.83,-37.15,,-56.07,49.2,60.64,1.0735,MED,SHIFT,75.544,74.9394,94.4856,0,-30.139,WEAK,11.9944
942,74,SHAK,SHAKE SHACK INC CLASS A,Consumer Discretionary,,mid,66.03,4.17,-0.2792,-0.3074,-0.2154,FLAT,-29.7,-42.05,-35.32,-54.59,48.4,75.65,1.6153,HIGH,EARLY,93.623,92.5784,94.2911,0,-26.9021,WEAK,11.9854
943,0,SPB,SPECTRUM BRANDS HOLDINGS INC,Consumer Staples,,small,80.64,68.33,-0.0323,0.0047,0.1359,STRONG_DOWN,52.92,23.98,,-23.7,51.2,34.71,,LOW,-,82.2895,78.2022,63.5865,1,35.3683,CONTENDER,11.9594
944,24,FTDR,FRONTDOOR INC,Consumer Discretionary,,mid,63.47,62.5,-0.0034,0.1168,0.2346,STRONG_DOWN,27.25,16.95,75.04,-29.23,53.2,58.02,0.5554,LOW,-,63.3335,61.2282,60.1261,1,15.544,CONTENDER,11.9048
945,77,MSFT,Microsoft,Information Technology,Systems Software,large,407.77,30.53,-0.0066,-0.0956,-0.1832,STRONG_UP,-19.08,-8.52,0.07,-33.91,51.6,27.0,1.0864,MED,-,418.291,398.7298,463.377,0,-16.2748,WEAK,11.9016
946,-128,CVSA,COVISTA INC,Consumer Discretionary,,mid,128.48,41.67,0.151,0.1825,0.4569,STRONG_DOWN,34.97,0.73,97.36,-42.14,56.0,44.17,0.5006,LOW,-,117.198,112.6638,116.4467,1,0.9244,LAGGARD,11.9009
947,-36,TMDX,TRANSMEDICS GROUP INC,Health Care,,mid,63.93,3.54,-0.1068,-0.4247,-0.5269,STRONG_UP,-47.77,-47.65,-51.58,-57.5,46.4,71.35,1.3034,MED,EARLY,97.229,108.7093,121.4795,0,-30.9846,WEAK,11.8973
948,-18,CCEP,Coca-Cola Europacific Partners,Consumer Staples,Soft Drinks,large,92.92,56.67,-0.0036,-0.0389,0.0138,FLAT,3.44,9.13,30.3,-17.89,55.6,26.48,0.8329,LOW,-,95.3885,96.2282,92.4854,1,19.174,CONTENDER,11.8951
949,-189,CRL,Charles River Laboratories,Health Care,Life Sciences Tools & Services,mid,168.69,37.01,-0.0553,-0.0366,0.0107,STRONG_DOWN,-0.17,17.13,-26.15,-32.98,53.2,53.01,0.4854,LOW,EARLY,175.143,170.296,176.3996,0,17.191,WEAK,11.8556
950,213,BBUC,BROOKFIELD BUSINESS CORP CLASS A,Industrials,,mid,32.72,41.1,-0.0413,-0.0556,-0.0664,STRONG_UP,1.14,13.91,55.97,-21.01,53.6,41.12,1.435,MED,EARLY,33.6945,32.9667,34.072,0,18.1374,WEAK,11.8441
951,55,CWAN,CLEARWATER ANALYTICS HOLDINGS INC,Information Technology,,mid,24.34,35.79,0.013,-0.1212,-0.1625,STRONG_UP,45.84,0.12,32.07,-35.8,49.6,7.67,0.4281,LOW,-,24.192,23.81,21.6487,1,0.7981,LAGGARD,11.8007
952,-91,WAT,Waters Corporation,Health Care,Life Sciences Tools & Services,large,352.21,26.38,0.0243,0.0876,0.0642,FLAT,-6.47,-1.9,0.84,-31.32,49.2,43.55,0.7908,LOW,-,325.418,312.508,336.6218,1,-2.1429,LAGGARD,11.8003
953,-44,SIG,SIGNET JEWELERS LTD,Consumer Discretionary,,mid,80.35,64.58,-0.0453,-0.0861,-0.0224,FLAT,-20.47,19.25,-17.19,-25.69,50.0,54.66,0.8247,LOW,EARLY,88.0191,88.0984,90.7166,0,17.611,LAGGARD,11.788
954,-21,NDAQ,"Nasdaq, Inc.",Financials,Financial Exchanges & Data,large,89.49,40.71,0.0224,0.0422,0.1258,STRONG_DOWN,2.53,11.04,51.48,-21.76,55.6,27.6,0.7593,LOW,SHIFT,89.317,87.2147,90.0596,0,22.2475,WEAK,11.7611
955,-16,UCB,UNITED COMMUNITY BANKS INC,Financials,,mid,32.77,46.79,-0.0153,-0.021,-0.0463,STRONG_UP,10.67,13.67,31.84,-17.95,50.8,26.88,0.5852,LOW,-,33.428,32.2474,31.6848,1,25.8286,LAGGARD,11.7443
956,47,BRZE,BRAZE INC CLASS A,Information Technology,,mid,19.26,8.95,-0.1138,-0.1938,-0.1064,FLAT,-31.61,-47.65,-53.84,-57.2,46.0,81.23,1.3317,MED,EARLY,22.7085,21.4132,25.8626,0,-26.9832,WEAK,11.7118
957,-157,RLJ,RLJ LODGING TRUST REIT,Real Estate,,small,8.83,63.41,0.009,0.0553,0.0205,FLAT,25.87,23.98,,-14.61,50.4,31.31,0.8473,LOW,-,8.326,7.8781,7.3631,1,38.6019,CONTENDER,11.7095
958,-41,MHO,M I HOMES INC,Consumer Discretionary,,mid,127.99,55.56,0.0088,0.082,-0.0155,FLAT,-0.91,12.09,3.86,-25.14,50.4,32.13,0.5249,LOW,-,129.568,127.7612,134.5468,0,18.957,LAGGARD,11.6972
959,-91,A,Agilent Technologies,Health Care,Life Sciences Tools & Services,large,112.9,27.17,-0.0242,-0.0396,-0.1286,STRONG_UP,-22.55,-1.38,-22.39,-29.75,50.8,30.36,0.5413,LOW,EARLY,116.5635,115.2303,129.084,0,-2.3098,WEAK,11.6855
960,61,ATEC,ALPHATEC HOLDNGS INC,Health Care,,small,7.74,6.69,0.124,-0.3055,-0.4319,STRONG_UP,-61.76,-39.15,-30.52,-69.18,48.0,90.13,1.6428,HIGH,-,9.6925,11.02,15.308,0,-20.8504,WEAK,11.6854
961,2,STBA,S AND T BANCORP INC,Financials,,small,44.03,56.07,0.0077,0.0137,0.0208,STRONG_DOWN,15.93,17.67,47.11,-13.37,47.6,21.47,1.0863,MED,-,44.007,42.5604,39.8518,1,39.185,CONTENDER,11.6791
962,-255,COLL,COLLEGIUM PHARMACEUTICAL INC,Health Care,,small,35.69,38.58,-0.006,0.0248,-0.2158,FLAT,-18.01,19.77,11.01,-35.81,53.2,42.65,0.9132,LOW,-,34.512,34.7949,39.5556,0,24.6542,WEAK,11.678
963,-2,APO,Apollo Global Management,Financials,Asset Management & Custody Banks,large,131.93,17.86,0.0377,0.1591,0.053,FLAT,1.58,-7.66,23.72,-34.97,52.4,42.77,0.4103,LOW,-,126.9705,115.8678,129.2042,1,-9.3903,LAGGARD,11.6644
964,51,ENVX,ENOVIX CORP,Industrials,,small,6.97,24.15,0.0655,0.0956,0.1731,STRONG_DOWN,-24.89,-12.11,-20.62,-69.62,49.2,70.02,1.1882,MED,-,6.665,5.8036,8.314,0,-8.5063,WEAK,11.6493
965,-59,NIC,NICOLET BANKSHARES INC,Financials,,mid,142.45,53.93,-0.0185,-0.091,-0.0502,FLAT,14.13,17.07,79.44,-17.88,49.6,31.3,0.5605,LOW,-,148.413,148.972,136.619,1,27.0508,CONTENDER,11.6253
966,-8,HTO,H2O AMERICA,Utilities,,mid,57.26,52.94,0.0014,0.019,0.0849,STRONG_DOWN,24.7,17.41,5.09,-16.72,50.8,26.17,0.6225,LOW,-,58.0156,57.6715,50.9618,1,33.7982,CONTENDER,11.6209
967,-26,VRNS,VARONIS SYSTEMS INC,Information Technology,,mid,27.84,16.32,0.0184,0.1483,-0.1349,FLAT,-19.16,-39.32,-36.89,-68.11,53.6,54.43,0.5162,LOW,SHIFT,25.995,24.1866,38.4287,0,-38.7204,WEAK,11.6046
968,-95,LMAT,LEMAITRE VASCULAR INC,Health Care,,mid,97.22,37.8,-0.1015,-0.1492,0.1044,FLAT,11.25,17.81,29.77,-19.91,52.4,57.87,2.5253,HIGH,-,110.5655,109.9933,93.5878,1,16.1228,LAGGARD,11.6037
969,24,STEP,STEPSTONE GROUP INC CLASS A,Financials,,mid,56.2,22.14,0.0671,0.0779,-0.0378,FLAT,-8.59,-2.62,55.03,-43.1,51.6,55.55,0.4217,LOW,SHIFT,54.0183,49.6675,59.1304,0,-2.4301,WEAK,11.6031
970,-28,RNST,RENASANT CORP,Financials,,mid,39.6,45.36,-0.0062,0.0051,-0.0141,FLAT,15.77,13.1,35.89,-17.19,48.4,25.37,1.1804,MED,-,39.884,38.0036,36.8734,1,24.9925,LAGGARD,11.5991
971,52,LDOS,Leidos,Industrials,Diversified Support Services,large,128.39,19.92,-0.0247,-0.1789,-0.222,STRONG_UP,-34.47,-16.6,-10.31,-35.71,51.2,41.98,1.3604,MED,EARLY,144.808,156.6108,177.3856,0,-20.2451,WEAK,11.579
972,101,IVT,INVENTRUST PROPERTIES CORP,Real Estate,,mid,31.24,40.24,-0.0197,-0.0484,-0.025,FLAT,16.59,14.03,34.36,-8.63,49.2,15.47,0.6785,LOW,-,32.082,31.3834,29.0612,1,44.611,LAGGARD,11.5777
973,98,CINF,Cincinnati Financial,Financials,Property & Casualty Insurance,large,163.79,44.29,0.0401,0.0128,0.0175,FLAT,-0.47,12.78,45.14,-10.46,55.2,19.63,0.9155,LOW,-,163.7525,162.1475,158.9169,1,35.9425,LAGGARD,11.5753
974,-85,EFC,ELLINGTON FINANCIAL INC,Financials,,small,13.48,52.14,0.0125,0.0812,0.0829,STRONG_DOWN,7.78,16.24,46.25,-17.71,51.6,20.47,0.701,LOW,-,13.1148,12.3165,12.5461,1,40.9325,CONTENDER,11.567
975,-97,AXP,American Express,Financials,Consumer Finance,large,314.31,32.14,-0.0044,-0.0289,-0.1005,STRONG_UP,-14.1,5.06,34.59,-23.9,51.2,32.06,0.4889,LOW,-,321.1615,310.7563,334.7909,0,8.0852,WEAK,11.5669
976,19,IP,International Paper,Materials,Paper & Plastic Packaging Products & Materials,large,32.87,2.9,-0.0076,-0.1095,-0.336,STRONG_UP,-11.39,-28.62,-9.97,-43.59,44.8,46.65,0.5114,LOW,EARLY,33.607,35.5834,41.2194,0,-27.4821,WEAK,11.548
977,86,NKE,"Nike, Inc.",Consumer Discretionary,"Apparel, Accessories & Luxury Goods",large,42.35,10.42,0.0019,0.0093,-0.2121,FLAT,-29.44,-30.42,-52.3,-45.58,45.2,40.8,1.0034,MED,EARLY,44.5915,48.5916,62.3584,0,-33.6973,WEAK,11.5313
978,-26,GHC,GRAHAM HOLDINGS COMPANY CLASS B,Consumer Discretionary,,mid,1109.92,57.64,0.0254,0.0295,0.1093,STRONG_DOWN,1.31,13.44,48.07,-19.78,49.6,23.52,0.6089,LOW,-,1135.2045,1093.9757,1085.5593,1,28.3419,CONTENDER,11.5244
979,192,CME,CME Group,Financials,Financial Exchanges & Data,large,285.75,40.36,0.0102,-0.0282,-0.0239,FLAT,6.0,10.56,47.88,-11.79,55.6,21.76,1.2992,MED,-,287.092,297.8465,276.2139,1,26.9932,LAGGARD,11.5201
980,182,ED,Consolidated Edison,Utilities,Multi-Utilities,large,106.9,29.41,-0.0007,-0.018,-0.0454,STRONG_UP,10.58,9.83,17.08,-8.85,51.6,17.4,1.3976,MED,-,108.851,111.112,102.8813,1,29.1557,LAGGARD,11.5147
981,110,PECO,PHILLIPS EDISON AND COMPANY INC,Real Estate,,mid,39.65,42.68,-0.0128,0.0088,0.0099,STRONG_DOWN,15.51,15.15,29.36,-8.39,47.6,14.59,0.8225,LOW,-,39.5848,38.5034,35.6175,1,49.4115,LAGGARD,11.5105
982,20,IT,Gartner,Information Technology,IT Consulting & Other Services,large,152.96,1.05,0.0227,-0.107,-0.247,STRONG_UP,-33.1,-65.91,-65.24,-68.03,50.0,43.37,0.6658,LOW,PROGRESS,152.472,155.8116,214.7656,0,-75.9862,WEAK,11.4949
983,-147,HBNC,HORIZON BANCORP INC,Financials,,small,18.07,58.57,-0.0104,0.0287,0.0153,FLAT,14.68,18.92,56.73,-16.65,49.2,25.85,0.6649,LOW,-,18.067,17.0756,16.5444,1,36.0071,CONTENDER,11.4934
984,-22,GBCI,GLACIER BANCORP INC,Financials,,mid,46.62,37.14,-0.0438,-0.0163,-0.083,FLAT,11.44,8.99,27.85,-19.56,51.6,28.33,1.9482,HIGH,-,48.6385,46.2778,45.8048,1,16.3753,LAGGARD,11.4816
985,-82,GEO,GEO GROUP INC,Industrials,,mid,21.41,17.8,-0.012,0.1958,0.3885,STRONG_DOWN,42.92,-19.48,63.69,-51.87,47.6,72.08,0.5998,LOW,-,19.352,17.5344,17.9547,1,-12.8648,LAGGARD,11.4679
986,40,CLOV,CLOVER HEALTH INVESTMENTS CORP CLA,Health Care,,small,3.28,25.59,0.2405,0.6313,0.5943,FLAT,26.15,-3.53,259.65,-55.5,46.0,52.8,1.303,MED,-,2.6005,2.186,2.5263,1,-3.0749,LAGGARD,11.4427
987,103,J,Jacobs Solutions,Industrials,Construction & Engineering,large,114.15,27.54,-0.0749,-0.0908,-0.1621,STRONG_UP,-25.64,-8.29,1.62,-30.23,49.6,37.94,1.4711,MED,EARLY,126.2525,128.2896,139.9782,0,-10.8391,WEAK,11.4378
988,68,EYE,NATIONAL VISION HOLDINGS INC,Consumer Discretionary,,small,20.94,54.17,-0.0396,-0.1246,-0.153,STRONG_UP,-13.26,11.03,40.16,-28.92,49.2,55.32,2.1032,HIGH,-,23.6515,25.3478,26.01,0,9.8085,LAGGARD,11.4017
989,-75,FMBH,FIRST MID BANCSHARES INC,Financials,,small,42.75,55.0,0.0003,-0.0092,0.0046,FLAT,16.78,17.5,36.76,-13.93,48.8,22.22,0.4062,LOW,-,43.233,41.8822,39.7622,1,38.4439,CONTENDER,11.3695
990,-58,CNOB,CONNECTONE BANCORP INC,Financials,,small,29.46,65.36,-0.0041,0.0449,0.0894,STRONG_DOWN,21.05,22.36,57.21,-12.41,51.6,26.56,0.766,LOW,-,29.177,27.6214,25.9259,1,43.4415,CONTENDER,11.3246
991,8,CENTA,CENTRAL GARDEN AND PET CLASS A,Consumer Staples,,small,34.4,55.0,0.0423,0.0248,0.0892,FLAT,20.28,7.17,-14.17,-29.51,50.8,22.46,1.0657,MED,-,33.996,33.082,31.3815,1,16.2061,CONTENDER,11.2799
992,9,NFLX,Netflix,Communication Services,Movies & Entertainment,large,87.66,9.52,0.0059,-0.1809,0.1102,FLAT,-21.74,-23.0,42.17,-43.35,48.4,45.46,0.8923,LOW,EARLY,92.809,95.1324,103.0204,0,-24.4873,WEAK,11.2724
993,-58,DJCO,DAILY JOURNAL CORP,Information Technology,,small,487.78,42.11,0.0094,-0.1906,-0.3197,STRONG_UP,22.18,18.1,28.49,-29.75,56.8,50.4,0.2793,LOW,-,517.9615,511.1336,486.4573,1,20.4026,LAGGARD,11.2618
994,39,MLM,Martin Marietta Materials,Materials,Construction Materials,large,581.14,26.09,-0.044,-0.0878,-0.1315,STRONG_UP,-5.54,7.42,-3.36,-20.72,52.8,29.77,0.668,LOW,EARLY,609.3335,603.8522,621.2636,0,13.1639,WEAK,11.2502
995,84,BIPC,BROOKFIELD INFRASTRUCTURE CORP CLA,Utilities,,mid,40.59,21.57,0.0271,-0.0233,-0.2229,STRONG_UP,-7.39,7.36,28.22,-29.77,53.6,38.11,0.5509,LOW,PROGRESS,39.6435,41.4488,43.0027,0,10.3463,WEAK,11.2474
996,143,LTH,LIFE TIME GROUP HOLDINGS INC,Consumer Discretionary,,mid,33.61,56.25,0.0373,0.2524,0.2385,FLAT,34.44,12.52,128.33,-19.24,46.8,51.04,1.5938,HIGH,-,28.7005,27.4766,27.3514,1,11.4808,CONTENDER,11.2324
997,55,SILA,SILA RLTY TR INC TRUST,Real Estate,,small,30.57,73.17,0.0029,0.2001,0.1637,FLAT,32.76,29.96,50.84,-14.11,50.0,42.43,0.6281,LOW,-,29.6915,26.4408,24.3389,1,35.3033,CONTENDER,11.2193
998,-42,PRA,PROASSURANCE CORP,Financials,,small,24.61,34.64,0.0196,0.0093,0.0206,FLAT,2.54,7.0,69.72,-2.22,45.2,5.86,0.5154,LOW,-,24.666,24.6022,24.1868,1,53.9932,LAGGARD,11.1739
999,-76,NX,QUANEX BUILDING PRODUCTS CORP,Industrials,,small,19.52,36.44,-0.0062,0.0007,-0.0886,FLAT,49.52,5.88,-41.62,-49.67,49.2,47.63,0.4372,LOW,-,19.97,18.7672,17.2227,1,6.0699,LAGGARD,11.1531
1000,-74,FSS,FEDERAL SIGNAL CORP,Industrials,,mid,115.43,50.85,-0.0502,-0.0163,0.0058,STRONG_DOWN,2.79,22.92,35.24,-19.04,49.2,37.3,0.6557,LOW,-,117.1125,112.8348,116.2921,0,30.2357,LAGGARD,11.1238
1001,0,SPNT,SIRIUSPOINT LTD,Financials,,mid,22.84,52.86,0.0003,0.0234,0.1324,STRONG_DOWN,13.29,16.89,82.87,-16.28,50.4,26.89,,LOW,-,23.276,22.1284,20.3037,1,31.654,CONTENDER,11.1092
1002,53,TWO,TWO HARBORS INVESTMENT CORP,Financials,,small,12.66,60.36,0.0526,0.1506,0.2136,STRONG_DOWN,39.89,20.17,30.54,-36.81,47.2,51.24,0.4639,LOW,-,11.651,10.7946,10.0535,1,18.5804,CONTENDER,11.1042
1003,82,BWIN,BALDWIN INSURANCE GROUP INC CLASS,Financials,,mid,20.07,2.5,-0.0061,-0.0882,0.2252,FLAT,-24.21,-47.87,-33.26,-62.95,46.4,69.55,0.6356,LOW,EARLY,23.0815,22.1818,25.4653,0,-31.9364,WEAK,11.0882
1004,-96,WFC,Wells Fargo,Financials,Diversified Banks,large,75.18,25.71,-0.0407,-0.0647,-0.1412,STRONG_UP,-11.75,1.1,28.43,-22.85,54.4,31.33,1.1906,MED,EARLY,79.442,79.394,83.3539,0,1.9185,WEAK,11.0863
1005,31,ATKR,ATKORE INC,Industrials,,mid,74.05,36.86,-0.005,0.0746,0.1418,STRONG_DOWN,14.37,7.74,-50.88,-32.38,51.6,34.45,0.8619,LOW,-,73.375,65.9356,64.6907,1,11.5872,LAGGARD,11.084
1006,-108,ASO,ACADEMY SPORTS AND OUTDOORS INC,Consumer Discretionary,,mid,51.12,54.86,-0.0246,-0.0765,-0.0336,FLAT,14.58,11.04,-7.52,-26.42,50.4,41.17,0.9593,LOW,EARLY,55.276,55.7647,52.8095,0,13.5121,LAGGARD,11.0464
1007,-56,SW,Smurfit Westrock,Materials,Paper & Plastic Packaging Products & Materials,large,40.58,11.59,-0.0194,-0.0451,-0.1967,STRONG_UP,15.32,-9.24,-9.25,-32.21,46.8,48.17,0.3975,LOW,PROGRESS,40.553,40.6646,41.2446,0,-8.9756,WEAK,11.0266
1008,32,SBAC,SBA Communications,Real Estate,Telecom Tower REITs,large,213.61,21.95,-0.0192,-0.0458,0.0755,FLAT,8.44,-3.29,12.4,-29.8,44.8,50.03,0.8298,LOW,-,217.6635,201.3246,196.8345,1,-2.9505,LAGGARD,10.9833
1009,104,PGNY,PROGYNY INC,Health Care,,small,23.45,33.07,0.2707,0.3892,0.0825,FLAT,-0.72,8.16,-14.42,-42.65,52.4,70.64,1.4523,MED,-,19.0895,18.1096,21.7803,1,6.0561,LAGGARD,10.9593
1010,-24,CRK,COMSTOCK RESOURCES INC,Energy,,mid,14.72,1.12,-0.0307,-0.1587,-0.4244,STRONG_UP,-37.71,-37.76,42.08,-54.13,48.0,59.0,1.0924,MED,EARLY,16.507,18.785,19.8915,0,-30.7192,WEAK,10.9465
1011,131,PPL,PPL Corporation,Utilities,Electric Utilities,large,36.35,33.33,-0.0154,-0.0577,-0.0088,FLAT,0.22,11.0,32.89,-11.69,53.6,18.99,0.7358,LOW,-,37.923,38.1003,36.2985,1,31.047,LAGGARD,10.9188
1012,-33,CPAY,Corpay,Financials,Transaction & Payment Processing Services,large,338.34,21.07,0.1269,0.0658,-0.0151,STRONG_UP,20.37,-4.64,17.68,-28.13,50.4,44.33,0.6973,LOW,-,320.4815,311.3322,308.3236,1,-5.2806,LAGGARD,10.8924
1013,-47,HBAN,Huntington Bancshares,Financials,Regional Banks,large,15.84,27.14,-0.0289,-0.0354,-0.0988,STRONG_UP,2.1,2.23,23.0,-21.26,50.8,27.71,1.2794,MED,EARLY,16.5135,16.0612,16.5402,0,4.0944,WEAK,10.8826
1014,16,UPS,United Parcel Service,Industrials,Air Freight & Logistics,large,98.44,36.02,0.0091,-0.0473,-0.1342,STRONG_UP,9.12,5.37,,-20.28,53.2,33.58,0.7395,LOW,-,103.864,101.3718,95.7405,1,8.5047,LAGGARD,10.8781
1015,-3,GPC,Genuine Parts Company,Consumer Discretionary,Distributors,large,100.74,25.0,-0.0083,-0.0333,-0.2147,STRONG_UP,-18.13,-14.13,-31.89,-34.84,46.8,40.42,0.6547,LOW,EARLY,107.3085,106.8772,124.682,0,-16.3597,WEAK,10.868
1016,-246,WYNN,Wynn Resorts,Consumer Discretionary,Casinos & Gaming,large,97.25,43.06,-0.0592,-0.0289,-0.0521,FLAT,-24.22,1.39,1.29,-27.27,45.6,37.74,0.9208,LOW,EARLY,105.47,103.3002,115.0241,0,1.6839,WEAK,10.8608
1017,-25,MTD,Mettler Toledo,Health Care,Life Sciences Tools & Services,large,1072.45,22.05,-0.1754,-0.178,-0.2364,STRONG_UP,-25.14,-8.89,-26.63,-28.79,48.8,42.03,1.1437,MED,EARLY,1262.941,1257.9454,1335.2935,0,-10.318,WEAK,10.8459
1018,204,DGX,Quest Diagnostics,Health Care,Health Care Services,large,190.18,35.04,0.0222,0.0029,-0.0939,STRONG_UP,4.11,10.96,40.31,-11.19,51.2,21.11,0.6344,LOW,-,193.8305,196.0837,185.7409,1,26.576,LAGGARD,10.843
1019,-155,APTV,Aptiv,Consumer Discretionary,Automotive Parts & Equipment,large,54.95,19.44,0.0042,-0.0197,-0.2398,STRONG_UP,-33.44,-20.12,-33.59,-38.16,47.2,42.11,0.7602,LOW,EARLY,58.672,63.9474,75.5455,0,-22.5511,WEAK,10.8307
1020,18,FUL,HB FULLER,Materials,,mid,60.42,27.54,0.0048,-0.0456,-0.1042,STRONG_UP,5.43,7.81,-21.82,-26.97,48.4,40.39,0.5527,LOW,-,61.4578,59.4424,59.686,1,9.3633,LAGGARD,10.8267
1021,21,MGM,MGM Resorts,Consumer Discretionary,Casinos & Gaming,large,36.9,47.92,0.0025,0.0558,0.1217,STRONG_DOWN,12.33,5.73,-9.85,-22.76,46.4,41.96,1.1125,MED,-,38.7065,37.4568,35.6104,1,6.337,LAGGARD,10.8167
1022,6,IEX,IDEX Corporation,Industrials,Industrial Machinery & Supplies & Components,large,213.85,41.53,0.0038,0.0433,0.0473,STRONG_DOWN,27.15,14.12,-2.39,-16.83,45.6,26.09,,LOW,-,210.1555,200.4788,181.8461,1,24.6861,LAGGARD,10.8111
1023,-245,JBTM,JBT MAREL CORP,Industrials,,mid,129.32,38.98,-0.0292,-0.018,-0.1834,FLAT,-8.96,9.19,39.63,-31.46,45.6,46.61,0.5536,LOW,EARLY,129.328,131.8074,141.8203,0,8.9932,WEAK,10.8081
1024,22,MAS,Masco,Industrials,Building Products,large,69.8,35.17,-0.0063,0.075,-0.0494,FLAT,14.04,4.48,2.05,-24.38,45.6,38.54,0.9128,LOW,-,70.4135,65.3096,67.4181,1,5.299,LAGGARD,10.7902
1025,80,VMC,Vulcan Materials Company,Materials,Construction Materials,large,279.33,21.74,-0.0436,-0.0681,-0.1358,STRONG_UP,-4.43,4.74,4.95,-22.05,55.6,32.19,0.5149,LOW,EARLY,290.8335,281.6266,291.8411,0,8.18,WEAK,10.7692
1026,-2,PTC,PTC Inc.,Information Technology,Application Software,large,144.22,27.37,0.0645,-0.0538,-0.267,STRONG_UP,-18.74,-15.64,-19.48,-38.37,50.8,32.56,0.8355,LOW,PROGRESS,139.5335,145.151,175.8645,0,-24.4032,WEAK,10.7642
1027,0,BCRX,BIOCRYST PHARMACEUTICALS INC,Health Care,,mid,8.8,19.69,0.0133,-0.0673,0.2809,FLAT,22.22,-12.52,56.31,-44.24,43.2,51.49,0.6227,LOW,-,9.0,9.1274,7.8871,1,-10.5083,LAGGARD,10.7514
1028,-47,ORRF,ORRSTOWN FINANCIAL SERVICES INC,Financials,,small,36.13,59.29,-0.0033,-0.0428,-0.009,FLAT,7.31,19.23,44.81,-13.19,48.8,26.74,0.4884,LOW,-,36.9238,36.1143,34.9021,1,35.0886,CONTENDER,10.7158
1029,-82,META,Meta Platforms,Communication Services,Interactive Media & Services,large,603.0,28.57,-0.0048,-0.0955,-0.0909,FLAT,-4.39,-7.8,29.72,-33.3,50.0,39.72,0.7308,LOW,EARLY,644.097,624.4527,673.8897,0,-9.8146,WEAK,10.7076
1030,-103,EAT,BRINKER INTERNATIONAL INC,Consumer Discretionary,,mid,135.33,26.39,-0.0434,-0.1001,-0.0829,FLAT,26.94,-10.86,122.07,-44.41,49.2,56.05,0.8338,LOW,EARLY,145.318,144.7882,144.6282,0,-9.529,WEAK,10.7042
1031,-66,UHS,Universal Health Services,Health Care,Health Care Facilities,large,169.63,20.47,0.0234,-0.0451,-0.2724,STRONG_UP,-23.67,-11.38,-4.26,-33.31,52.0,41.71,0.8623,LOW,EARLY,172.972,181.601,200.4604,0,-14.1878,WEAK,10.6833
1032,84,DTE,DTE Energy,Utilities,Multi-Utilities,large,142.58,31.37,0.0007,-0.0103,0.0035,FLAT,4.22,10.93,32.26,-10.13,57.2,19.03,0.6301,LOW,-,145.538,146.3619,137.6585,1,32.8382,LAGGARD,10.6765
1033,-136,OSW,ONESPAWORLD HOLDINGS LTD,Consumer Discretionary,,mid,23.47,66.67,-0.0364,-0.0017,0.1511,STRONG_DOWN,7.94,21.8,61.56,-16.73,50.8,40.95,0.6136,LOW,-,24.2235,23.0495,21.6976,1,27.0443,CONTENDER,10.6708
1034,-177,FCBC,FIRST COMMUNITY BANKSHARES INC,Financials,,small,42.12,44.64,-0.0054,-0.0077,0.0692,FLAT,32.14,12.82,38.27,-23.43,50.8,22.84,0.8054,LOW,-,42.8625,41.7672,36.0656,1,28.5223,LAGGARD,10.6583
1035,66,STKL,SUNOPTA INC,Consumer Staples,,small,6.5,48.33,0.0203,0.0029,0.0776,FLAT,23.57,3.01,10.73,-50.22,42.11,65.13,0.0,LOW,-,6.4895,6.4751,5.5372,1,1.9468,LAGGARD,10.6498
1036,-28,PRG,PROG HOLDINGS INC,Financials,,small,34.78,66.79,-0.0238,0.1478,0.0431,FLAT,28.11,22.98,0.93,-31.21,47.6,68.94,0.4257,LOW,-,33.49,31.1233,31.645,1,15.8659,CONTENDER,10.637
1037,-93,CNR,CORE NATURAL RESOURCES INC,Energy,,mid,85.89,13.48,-0.0341,-0.0841,-0.2173,STRONG_UP,-2.33,15.37,-0.16,-25.01,48.8,50.27,0.4689,LOW,EARLY,87.858,94.565,86.5165,0,14.9239,WEAK,10.6262
1038,-83,SERV,SERVE ROBOTICS INC,Consumer Discretionary,,small,8.76,39.58,-0.0489,0.03,0.0006,FLAT,-17.75,-1.57,162.28,-56.28,45.6,69.46,0.9345,LOW,-,9.3675,9.1661,10.9711,0,-1.0327,WEAK,10.6117
1039,-34,COF,Capital One,Financials,Consumer Finance,large,183.71,18.21,-0.031,-0.0709,-0.131,STRONG_UP,-15.99,-7.38,32.35,-31.47,55.2,36.72,0.702,LOW,EARLY,194.4395,189.1544,212.5362,0,-11.0886,WEAK,10.5813
1040,-43,CALX,CALIX NETWORKS INC,Information Technology,,mid,41.71,31.05,-0.0509,-0.278,-0.4023,STRONG_UP,-34.95,-7.1,36.66,-39.08,50.8,46.02,0.3219,LOW,EARLY,44.856,48.1468,54.9701,0,-7.8426,WEAK,10.5805
1041,-37,CBU,COMMUNITY FINANCIAL SYSTEM INC,Financials,,mid,62.45,42.14,-0.0034,0.0175,-0.0414,FLAT,12.41,11.6,41.51,-16.03,49.6,20.87,0.9733,LOW,-,62.965,60.4159,58.7779,1,27.5606,LAGGARD,10.5357
1042,23,PJT,PJT PARTNERS INC CLASS A,Financials,,mid,154.24,30.0,0.033,-0.041,-0.0224,FLAT,-7.54,3.43,54.86,-32.47,52.8,27.77,0.6333,LOW,-,155.1905,146.1378,166.1065,0,6.5251,WEAK,10.519
1043,71,MSI,Motorola Solutions,Information Technology,Communications Equipment,large,391.39,32.63,-0.0891,-0.2435,-0.2621,STRONG_UP,-0.07,-4.26,11.61,-25.45,51.6,33.47,1.4425,MED,EARLY,431.131,444.0881,428.1439,0,-6.5701,WEAK,10.5175
1044,-30,PNTG,PENNANT GROUP INC,Health Care,,small,35.42,39.76,0.1055,0.1791,0.1149,FLAT,43.98,21.43,51.43,-26.97,51.6,45.24,0.9201,LOW,-,31.5505,31.745,28.1052,1,24.4383,LAGGARD,10.5107
1045,102,AVA,AVISTA CORP,Utilities,,mid,40.81,35.29,0.0054,0.0046,-0.0367,STRONG_UP,1.59,11.64,17.79,-9.89,53.2,19.32,,LOW,-,40.9565,40.4792,38.7103,1,32.0619,LAGGARD,10.4974
1046,-58,DEC,DIVERSIFIED ENERGY COMPANY,Energy,,small,15.87,16.85,0.0224,-0.0582,0.0621,FLAT,17.84,22.87,43.04,-24.8,53.6,42.83,0.5964,LOW,-,15.805,15.8748,14.2154,1,28.6241,LAGGARD,10.4844
1047,121,PSA,Public Storage,Real Estate,Self-Storage REITs,large,311.28,34.15,0.0107,-0.0013,0.0194,FLAT,16.55,7.39,21.79,-16.2,47.6,25.13,1.2324,MED,-,305.114,293.665,282.0128,1,13.9972,LAGGARD,10.468
1048,-105,IFF,International Flavors & Fragrances,Materials,Specialty Chemicals,large,78.47,23.19,-0.0419,0.0726,0.0213,FLAT,26.5,5.07,-15.24,-24.03,50.4,49.99,0.538,LOW,-,73.578,72.2852,68.2489,1,5.107,LAGGARD,10.4593
1049,100,MCW,MISTER CAR WASH INC,Consumer Discretionary,,mid,7.07,27.08,0.0396,0.0612,0.2793,STRONG_DOWN,41.4,-10.28,-10.05,-40.61,42.4,33.53,3.1905,HIGH,-,7.036,7.0084,5.9626,1,-12.9984,LAGGARD,10.4586
1050,47,TTWO,Take-Two Interactive,Communication Services,Interactive Home Entertainment,large,225.99,52.38,0.0308,0.1055,0.1176,STRONG_DOWN,-3.45,-0.08,56.99,-27.68,50.4,31.97,0.9437,LOW,SHIFT,217.3535,208.6912,231.3953,0,-0.1185,LAGGARD,10.4396
1051,21,CIM,CHIMERA INVESTMENT CORP,Financials,,small,13.43,51.79,0.0045,0.0005,0.0734,FLAT,19.3,16.21,28.72,-18.18,51.2,28.38,0.6289,LOW,-,13.576,13.1147,12.5021,1,29.2484,CONTENDER,10.4385
1052,-107,AX,AXOS FINANCIAL INC,Financials,,mid,84.37,49.29,-0.0224,-0.0923,-0.1004,STRONG_UP,2.97,14.65,38.2,-19.04,51.6,39.59,0.5227,LOW,EARLY,92.7835,89.1288,87.8153,0,19.0926,WEAK,10.4318
1053,-8,SNA,Snap-on,Industrials,Industrial Machinery & Supplies & Components,large,369.23,43.22,-0.0207,-0.0239,0.007,FLAT,9.08,15.87,,-8.47,49.6,23.35,0.4673,LOW,-,378.149,372.9966,349.9641,1,33.7209,LAGGARD,10.4005
1054,-36,ANF,ABERCROMBIE AND FITCH CLASS A,Consumer Discretionary,,mid,73.06,27.78,-0.0432,-0.1494,-0.0972,FLAT,1.94,-10.26,-44.83,-44.3,48.4,44.29,0.8205,LOW,EARLY,85.231,88.5192,92.1599,0,-11.2085,WEAK,10.3922
1055,-139,RDNT,RADNET INC,Health Care,,mid,56.0,23.62,-0.0286,-0.0078,-0.2004,FLAT,-30.74,-7.48,0.5,-35.39,50.0,46.06,2.2346,HIGH,EARLY,57.72,59.1268,69.4808,0,-8.1241,WEAK,10.3781
1056,-27,PFBC,PREFERRED BANK,Financials,,small,92.66,42.5,-0.0164,-0.0138,0.0551,STRONG_DOWN,2.47,11.6,26.93,-18.58,51.2,19.03,1.175,MED,-,94.706,91.6948,91.1244,1,31.2086,LAGGARD,10.3661
1057,147,PYPL,PayPal,Financials,Transaction & Payment Processing Services,large,45.44,4.64,0.0012,-0.0429,0.136,FLAT,-31.04,-36.81,-28.56,-49.92,49.6,38.21,1.3088,MED,EARLY,49.008,46.8844,58.0513,0,-47.7775,WEAK,10.3541
1058,26,IART,INTEGRA LIFESCIENCES HOLDINGS CORP,Health Care,,small,13.77,28.74,0.0002,0.2685,0.226,FLAT,13.05,1.92,-47.46,-44.79,50.8,68.3,1.1438,MED,-,11.621,10.3802,12.4605,1,1.4314,LAGGARD,10.3348
1059,15,REG,Regency Centers,Real Estate,Retail REITs,large,77.61,36.59,-0.0157,-0.0499,-0.0305,FLAT,13.07,10.63,40.54,-8.17,48.4,14.8,,LOW,-,79.24,77.7981,72.0598,1,34.7698,LAGGARD,10.3323
1060,77,LOW,Lowe's,Consumer Discretionary,Home Improvement Retail,large,224.52,40.28,-0.0012,-0.0419,-0.1099,STRONG_UP,-2.75,-0.79,0.12,-21.84,50.0,31.06,1.1975,MED,EARLY,237.7162,238.8068,247.3218,0,-1.2792,WEAK,10.2826
1061,27,OPCH,OPTION CARE HEALTH INC,Health Care,,mid,19.59,7.87,-0.0256,-0.2752,-0.4414,STRONG_UP,-30.51,-37.93,-34.9,-46.46,43.2,58.98,2.3036,HIGH,EARLY,24.7065,27.1666,29.5678,0,-27.7802,WEAK,10.2516
1062,60,MEG,MONTROSE ENVIRONMENTAL GRP INC,Industrials,,small,15.92,21.19,-0.2551,-0.2599,-0.3259,STRONG_UP,-38.58,-14.41,-63.88,-48.74,48.59,77.86,2.7565,HIGH,-,20.525,22.5248,25.165,0,-8.992,WEAK,10.2318
1063,0,FISV,Fiserv,Financials,Transaction & Payment Processing Services,large,54.88,0.0,-0.0028,-0.0603,-0.1076,STRONG_UP,-13.85,-71.27,-64.18,-71.78,49.4,38.99,0.7872,LOW,EARLY,60.4095,58.8054,85.7113,0,-90.2947,WEAK,10.2258
1064,34,CMG,Chipotle Mexican Grill,Consumer Discretionary,Restaurants,large,32.67,8.33,0.0346,-0.0144,-0.0181,STRONG_UP,7.19,-35.5,-48.88,-48.82,45.2,35.04,0.6215,LOW,EARLY,33.7555,33.7272,37.3014,0,-45.7915,WEAK,10.2117
1065,-310,PRAA,PRA GROUP INC,Financials,,small,16.78,39.29,-0.1927,-0.1444,0.5476,STRONG_DOWN,10.03,10.25,-37.32,-42.34,50.8,74.63,1.472,MED,-,20.7605,19.0584,16.3069,1,6.9769,LAGGARD,10.1982
1066,-17,MBWM,MERCANTILE BANK CORP,Financials,,small,51.27,50.71,0.0017,-0.0324,-0.0298,FLAT,14.63,15.22,40.22,-12.91,49.6,22.9,0.92,LOW,-,51.723,51.2344,48.2895,1,32.9622,CONTENDER,10.121
1067,-5,ORC,ORCHID ISLAND CAPITAL INC,Financials,,small,6.96,53.57,0.0192,-0.023,-0.0178,FLAT,4.91,17.0,18.35,-15.79,48.0,27.51,0.5166,LOW,-,6.9535,6.968,6.7472,1,29.6607,CONTENDER,10.0886
1068,109,HON,Honeywell,Industrials,Industrial Conglomerates,large,218.54,37.71,0.0314,-0.064,-0.0611,FLAT,12.68,8.53,18.68,-16.03,48.4,23.44,0.9348,LOW,-,217.951,226.055,209.9983,1,17.6206,LAGGARD,10.0876
1069,-97,HOPE,HOPE BANCORP INC,Financials,,small,12.02,57.86,-0.0184,0.0065,0.01,STRONG_DOWN,17.97,18.76,22.48,-15.54,48.4,26.41,0.7939,LOW,-,12.3312,11.642,10.9523,1,34.3799,CONTENDER,10.0802
1070,-232,PAX,PATRIA INVESTMENTS LTD CLASS A,Financials,,mid,11.55,21.79,-0.0869,-0.0587,-0.1667,FLAT,-20.39,-3.61,-1.65,-35.64,52.0,35.52,1.1574,MED,EARLY,12.731,12.2674,13.9604,0,-5.2819,WEAK,10.077
1071,69,DECK,Deckers Brands,Consumer Discretionary,Footwear,large,94.89,12.5,-0.0502,-0.0698,-0.0733,STRONG_UP,18.85,-26.65,-33.07,-38.52,45.2,37.49,1.1613,MED,EARLY,104.351,103.5052,103.3594,0,-32.1334,WEAK,10.0767
1072,-92,CNX,CNX RESOURCES CORP,Energy,,mid,35.79,12.36,-0.0335,-0.1318,-0.2499,STRONG_UP,-2.11,9.65,52.49,-20.14,52.8,30.56,0.6899,LOW,-,37.968,39.3976,35.7467,1,16.6741,LAGGARD,10.0716
1073,27,FG,F&G ANNUITIES AND LIFE INC,Financials,,mid,28.04,18.57,-0.0294,0.1063,0.0095,FLAT,-12.45,-7.11,,-40.92,50.8,49.62,0.5411,LOW,SHIFT,27.868,25.421,29.2018,0,-7.2803,WEAK,10.0538
1074,3,PPG,PPG Industries,Materials,Specialty Chemicals,large,106.38,17.39,-0.0281,-0.0404,-0.1891,STRONG_UP,12.26,-3.64,-17.66,-25.68,49.2,38.44,0.6869,LOW,-,108.647,106.6087,106.1278,1,-4.6591,LAGGARD,10.0489
1075,-6,IBOC,INTERNATIONAL BANCSHARES CORP,Financials,,mid,72.4,45.71,0.017,0.0145,0.0289,FLAT,11.1,13.2,26.59,-12.74,47.6,21.32,0.7336,LOW,-,71.913,69.6366,68.7103,1,29.4668,LAGGARD,10.0425
1076,-80,PFSI,PENNYMAC FINANCIAL SERVICES INC,Financials,,mid,88.63,14.64,0.0371,-0.0338,-0.0076,FLAT,-29.96,-9.97,0.05,-47.06,50.0,30.77,0.4892,LOW,EARLY,90.4485,88.9642,111.9128,0,-16.1969,WEAK,10.0184
1077,-139,HGV,HILTON GRAND VACATIONS INC,Consumer Discretionary,,mid,45.14,51.39,-0.0347,-0.0012,0.0797,STRONG_DOWN,12.51,7.07,7.84,-28.48,50.0,46.47,,LOW,-,46.795,44.036,44.3665,1,7.6052,CONTENDER,10.009
1078,32,NCLH,Norwegian Cruise Line Holdings,Consumer Discretionary,"Hotels, Resorts & Cruise Lines",mid,16.0,22.22,-0.0619,-0.1913,-0.1986,STRONG_UP,-15.97,-17.27,1.01,-40.61,45.6,64.21,0.906,LOW,EARLY,18.36,19.2284,21.87,0,-12.2646,WEAK,9.9553
1079,-66,EQBK,EQUITY BANCSHARES INC CLASS A,Financials,,small,45.09,41.43,0.0024,-0.0207,-0.0097,FLAT,9.04,11.41,,-17.02,48.0,17.42,0.5165,LOW,-,45.4855,44.8807,43.1213,1,31.4469,LAGGARD,9.9429
1080,13,ALLE,Allegion,Industrials,Building Products,large,131.3,28.39,-0.0062,-0.1079,-0.2313,STRONG_UP,-21.02,-7.4,6.82,-26.69,49.6,31.86,1.1122,MED,EARLY,139.303,143.3473,161.1149,0,-11.5156,WEAK,9.9071
1081,48,RHP,RYMAN HOSPITALITY PROPERTIES REIT,Real Estate,,mid,107.5,39.02,-0.0282,0.0295,0.0102,FLAT,16.3,12.56,12.53,-16.72,48.8,26.35,0.4836,LOW,-,104.8415,98.0532,93.8732,1,23.2661,LAGGARD,9.8891
1082,61,DRI,Darden Restaurants,Consumer Discretionary,Restaurants,large,199.12,40.97,0.0542,0.057,0.0498,FLAT,16.45,0.1,42.39,-23.92,50.4,26.67,,LOW,-,197.7385,197.9286,193.7748,1,0.1972,LAGGARD,9.8381
1083,196,CALM,CAL MAINE FOODS INC,Consumer Staples,,mid,78.88,31.67,0.0575,0.0486,0.0147,STRONG_UP,-9.85,-11.65,55.15,-37.0,51.2,31.62,1.5711,HIGH,PROGRESS,76.1704,79.4563,87.5975,0,-18.8625,WEAK,9.8189
1084,222,PEG,Public Service Enterprise Group,Utilities,Electric Utilities,large,78.62,17.65,-0.0102,-0.0172,-0.0843,STRONG_UP,-4.03,4.6,13.85,-12.73,53.6,20.4,2.0035,HIGH,EARLY,79.8165,81.2682,81.202,0,12.0768,WEAK,9.8062
1085,4,FRSH,FRESHWORKS INC CLASS A,Information Technology,,mid,8.5,10.53,-0.0355,-0.0459,-0.0295,FLAT,-24.98,-46.81,-38.14,-56.95,44.8,57.78,1.1594,MED,-,8.614,8.3017,10.8137,0,-36.2932,WEAK,9.7977
1086,0,FTV,Fortive,Industrials,Industrial Machinery & Supplies & Components,large,60.27,38.56,0.0215,0.009,0.0637,FLAT,17.68,9.09,5.01,-16.03,47.6,27.47,0.5376,LOW,-,60.6015,58.0319,53.4002,1,15.7487,LAGGARD,9.7608
1087,-180,RVTY,Revvity,Health Care,Health Care Equipment,mid,99.3,29.53,0.0188,0.0862,-0.0235,FLAT,7.76,2.97,-5.41,-30.09,50.8,43.52,0.8422,LOW,-,91.7644,90.0808,94.2136,1,3.4702,LAGGARD,9.7484
1088,-69,CPRI,CAPRI HOLDINGS LTD,Consumer Discretionary,,mid,17.34,33.33,-0.0644,-0.0729,-0.0569,FLAT,-19.8,-7.32,-51.51,-39.3,46.4,43.14,0.7614,LOW,EARLY,19.625,18.933,21.3745,0,-7.8756,WEAK,9.7346
1089,19,NWBI,NORTHWEST BANCSHARES INC,Financials,,small,13.71,50.36,0.0069,0.0495,0.0785,STRONG_DOWN,19.84,15.21,38.85,-13.97,49.6,21.8,0.7917,LOW,-,13.4795,12.8736,12.148,1,34.5971,CONTENDER,9.6997
1090,-141,ASTE,ASTEC INDUSTRIES INC,Industrials,,small,50.06,47.46,-0.0425,-0.1888,-0.101,FLAT,9.07,18.92,48.39,-23.01,49.2,52.11,1.3917,MED,-,58.305,56.8805,49.659,1,17.8643,LAGGARD,9.6917
1091,115,AZO,AutoZone,Consumer Discretionary,Automotive Retail,large,3409.8101,34.03,-0.0006,0.0231,0.0196,FLAT,-8.54,-6.45,16.06,-25.48,49.6,31.41,2.0362,HIGH,EARLY,3547.626,3510.6062,3760.7584,0,-10.1789,WEAK,9.6877
1092,46,BLDR,Builders FirstSource,Industrials,Building Products,mid,72.78,5.93,-0.067,-0.1718,-0.3927,STRONG_UP,-32.02,-41.22,-56.52,-51.22,38.0,47.95,1.0804,MED,EARLY,82.921,85.0544,111.4012,0,-32.6637,WEAK,9.667
1093,-329,TBBK,BANCORP INC,Financials,,mid,53.55,22.5,-0.0956,-0.0907,-0.0524,STRONG_DOWN,-14.24,-2.03,57.96,-35.92,55.2,36.7,1.3652,MED,EARLY,59.1955,56.329,65.334,0,-3.0544,WEAK,9.659
1094,12,DRVN,DRIVEN BRANDS HOLDINGS INC,Consumer Discretionary,,mid,12.84,11.81,-0.0001,0.0144,-0.1365,FLAT,-6.82,-28.07,14.23,-46.38,42.8,74.22,0.7994,LOW,-,13.1265,12.2176,14.9288,0,-16.1854,WEAK,9.656
1095,182,COST,Costco,Consumer Staples,Consumer Staples Merchandise Retail,large,1021.88,46.67,0.0465,0.0496,0.1082,STRONG_DOWN,11.93,2.86,33.26,-19.35,47.6,18.3,1.1414,MED,-,1003.5699,997.7103,950.2484,1,7.4469,LAGGARD,9.6502
1096,-46,WWW,WOLVERINE WORLD WIDE INC,Consumer Discretionary,,small,15.71,35.42,-0.0526,-0.036,-0.0088,STRONG_DOWN,-2.73,-4.91,17.05,-54.62,47.6,49.64,1.3366,MED,-,17.31,16.7972,20.6953,0,-4.7105,WEAK,9.6467
1097,-62,TENB,TENABLE HOLDINGS INC,Information Technology,,mid,21.01,17.37,0.003,0.0446,-0.2622,FLAT,-25.12,-37.26,-53.21,-54.77,45.6,57.7,0.5982,LOW,SHIFT,20.5105,19.5874,24.9542,0,-29.4502,WEAK,9.6258
1098,-38,WSM,"Williams-Sonoma, Inc.",Consumer Discretionary,Homefurnishing Retail,large,175.39,44.44,-0.0227,-0.0415,-0.0697,STRONG_UP,-9.25,2.02,14.53,-20.56,48.8,34.19,0.6635,LOW,EARLY,187.3667,185.4582,192.3122,0,2.8786,WEAK,9.6161
1099,91,ZD,ZIFF DAVIS INC,Communication,,small,40.85,50.0,-0.0209,-0.0912,0.1879,FLAT,26.78,20.18,-26.58,-33.79,48.4,106.3,0.5224,LOW,-,45.656,43.7322,37.2173,1,9.1894,CONTENDER,9.5945
1100,-66,BOH,BANK OF HAWAII CORP,Financials,,mid,77.5,48.57,-0.0204,-0.0107,0.0224,STRONG_DOWN,19.89,14.54,42.97,-15.03,46.0,23.68,0.6969,LOW,-,78.8855,76.468,69.4962,1,28.2443,LAGGARD,9.5827
1101,-107,STGW,STAGWELL INC CLASS A,Communication,,small,6.06,37.5,-0.0092,-0.0628,0.0285,FLAT,27.04,12.01,-13.18,-36.78,48.8,58.78,0.7754,LOW,-,6.66,6.304,5.5882,1,9.9749,LAGGARD,9.5733
1102,111,CVLT,COMMVAULT SYSTEMS INC,Information Technology,,mid,102.23,12.63,0.0202,0.0097,-0.0297,STRONG_UP,-21.59,-43.62,-5.66,-61.53,51.2,49.81,0.6202,LOW,SHIFT,97.901,88.1592,129.8807,0,-44.8394,WEAK,9.5231
1103,153,GERN,GERON CORP,Health Care,,small,1.4,36.61,-0.0975,-0.1864,-0.1369,FLAT,20.69,16.67,-62.57,-33.95,44.8,75.34,1.4203,MED,-,1.539,1.5694,1.4029,0,9.9106,WEAK,9.519
1104,15,LII,Lennox International,Industrials,Building Products,large,508.55,20.76,-0.037,-0.0238,-0.0511,FLAT,4.49,-14.69,6.7,-33.77,46.0,41.28,0.6574,LOW,SHIFT,507.2045,494.1644,518.8617,0,-16.3715,WEAK,9.4951
1105,-73,HPQ,HP Inc.,Information Technology,"Technology Hardware, Storage & Peripherals",large,21.08,23.16,-0.007,-0.0228,-0.1098,STRONG_UP,-14.29,-23.05,-23.45,-36.62,46.0,39.04,0.7272,LOW,SHIFT,20.549,19.5252,22.7472,0,-27.1625,WEAK,9.4918
1106,-24,ONB,OLD NATIONAL BANCORP,Financials,,mid,24.15,39.64,0.0021,0.0404,-0.0161,FLAT,16.27,10.32,46.91,-17.73,49.6,26.29,0.9551,LOW,-,23.9305,22.906,22.3039,1,19.4796,LAGGARD,9.4905
1107,-109,FBP,FIRST BANCORP,Financials,,mid,23.36,48.93,-0.0187,0.0365,0.047,STRONG_DOWN,15.94,14.55,37.54,-13.83,52.0,25.98,0.5345,LOW,-,23.8065,22.2706,21.3557,1,29.1165,LAGGARD,9.4762
1108,95,MDLZ,Mondelez International,Consumer Staples,Packaged Foods & Meats,large,61.7,43.33,0.0175,0.0665,0.0744,STRONG_DOWN,11.66,-0.6,-8.67,-25.93,50.4,25.88,0.7164,LOW,-,59.3055,58.0021,58.2447,1,-1.1699,LAGGARD,9.4556
1109,64,WK,WORKIVA INC CLASS A,Information Technology,,mid,46.85,18.95,-0.0824,-0.2829,-0.4726,STRONG_UP,-47.45,-34.95,-43.71,-50.25,47.2,48.22,1.4375,MED,EARLY,53.8205,57.564,75.4874,0,-34.2094,WEAK,9.4443
1110,54,WLY,JOHN WILEY AND SONS INC CLASS A,Communication,,mid,40.05,33.33,0.0354,0.0255,0.2592,FLAT,11.06,-4.05,12.36,-34.42,45.6,37.77,0.5663,LOW,-,40.9775,38.4394,35.5902,1,-4.8928,LAGGARD,9.4084
1111,-161,HFWA,HERITAGE FINANCIAL CORP,Financials,,small,26.75,49.64,-0.0067,0.0051,-0.0205,FLAT,21.59,14.92,56.17,-14.76,48.8,24.45,0.8625,LOW,-,27.1024,26.2082,24.4568,1,29.7862,LAGGARD,9.4048
1112,-123,KAI,KADANT INC,Industrials,,mid,326.86,33.05,0.0216,-0.0159,0.0133,FLAT,23.17,0.19,16.68,-30.91,47.6,48.59,0.8052,LOW,-,317.4075,314.5117,308.6315,1,0.1829,LAGGARD,9.4026
1113,-62,LEN,Lennar,Consumer Discretionary,Homebuilding,large,85.86,16.67,-0.015,0.0229,-0.1824,FLAT,-29.63,-22.18,-43.42,-39.92,47.2,36.26,0.9138,LOW,EARLY,90.121,91.7037,113.0884,0,-28.869,WEAK,9.3698
1114,-12,MFA,MFA FINANCIAL INC,Financials,,small,9.57,51.43,-0.0013,-0.0408,0.0323,FLAT,11.4,16.13,17.89,-10.87,50.4,26.51,0.8771,LOW,-,10.043,9.798,9.1077,1,30.6603,CONTENDER,9.3629
1115,83,MOH,Molina Healthcare,Health Care,Managed Health Care,mid,191.58,7.48,-0.0132,0.3222,0.5563,STRONG_DOWN,35.97,-38.29,-45.63,-62.39,53.2,51.94,0.4247,LOW,-,176.8795,156.5668,164.9965,1,-39.2184,LAGGARD,9.3616
1116,-59,MPB,MID PENN BANCORP INC,Financials,,small,31.74,47.14,-0.0117,-0.0446,-0.0337,FLAT,10.28,13.86,55.2,-15.49,50.0,23.91,0.8817,LOW,-,33.1802,32.4073,30.4149,1,28.9855,LAGGARD,9.354
1117,-132,GEHC,GE HealthCare,Health Care,Health Care Equipment,large,62.29,16.93,0.0257,-0.1432,-0.2196,STRONG_UP,-15.15,-15.48,-22.86,-32.47,51.6,41.05,0.9431,LOW,EARLY,66.5395,70.0355,75.8801,0,-19.4573,WEAK,9.3503
1118,-11,QLYS,QUALYS INC,Information Technology,,mid,90.12,19.47,0.0022,-0.0499,-0.3767,STRONG_UP,-40.71,-34.1,-39.44,-50.46,48.0,54.55,0.6727,LOW,PROGRESS,88.0045,90.1708,121.0679,0,-30.0044,WEAK,9.3331
1119,4,FELE,FRANKLIN ELECTRIC INC,Industrials,,mid,97.83,39.41,-0.0049,-0.0495,-0.071,STRONG_UP,4.01,10.3,-1.94,-18.18,48.8,38.94,0.472,LOW,-,100.2379,96.8424,96.3974,1,12.9089,LAGGARD,9.3179
1120,-25,ESQ,ESQUIRE FINANCIAL HOLDINGS INC,Financials,,small,105.37,56.43,-0.0146,-0.0621,-0.0227,FLAT,8.95,17.73,118.89,-15.42,52.8,37.39,0.9142,LOW,-,108.856,107.806,103.4001,1,25.0329,CONTENDER,9.2863
1121,70,OSIS,OSI SYSTEMS INC,Information Technology,,mid,227.41,34.74,-0.0451,-0.3668,-0.3428,FLAT,-20.36,-1.23,66.98,-26.57,52.0,51.33,1.9417,HIGH,EARLY,275.661,277.6374,261.2858,0,-1.2495,WEAK,9.2741
1122,115,DXCM,Dexcom,Health Care,Health Care Equipment,large,61.14,12.6,0.0296,-0.0061,-0.1093,STRONG_UP,11.49,-27.31,-51.07,-38.75,48.8,36.15,1.3292,MED,PROGRESS,61.1355,64.0052,68.6069,0,-36.8659,WEAK,9.2576
1123,-3,STNE,STONECO LTD CLASS A,Financials,,mid,10.38,15.36,-0.0679,-0.1302,-0.2801,STRONG_UP,-26.69,-9.54,-24.54,-35.43,48.8,57.93,0.8814,LOW,EARLY,11.6051,11.5847,13.0658,0,-8.037,WEAK,9.2508
1124,52,MSCI,MSCI Inc.,Financials,Financial Exchanges & Data,large,581.09,31.43,0.0174,0.075,0.1493,STRONG_DOWN,1.43,4.44,22.74,-18.07,52.4,25.22,1.3615,MED,-,585.279,563.2696,561.9099,1,9.2331,LAGGARD,9.245
1125,-78,SBSI,SOUTHSIDE BANCSHARES INC,Financials,,small,32.67,50.0,-0.0018,-0.0014,0.0111,STRONG_DOWN,15.88,14.98,28.96,-15.77,48.8,24.12,0.5245,LOW,-,33.0635,31.8778,30.2964,1,30.3158,CONTENDER,9.2386
1126,-30,DORM,DORMAN PRODUCTS INC,Consumer Discretionary,,mid,119.52,31.94,0.0115,0.1366,0.0037,FLAT,-10.81,-8.7,28.05,-39.58,46.8,37.3,0.8089,LOW,SHIFT,113.7095,109.016,130.4459,0,-10.9166,WEAK,9.2364
1127,-10,WABC,WESTAMERICA BANCORPORATION,Financials,,small,53.96,43.21,0.0062,0.0262,0.0593,STRONG_DOWN,13.8,12.27,16.9,-11.82,51.2,16.84,0.5099,LOW,-,54.0644,52.2112,49.0686,1,37.3107,LAGGARD,9.2263
1128,188,BRSL,BRIGHTSTAR LOTTERY PLC,Consumer Discretionary,,mid,11.55,29.86,-0.051,-0.0325,-0.0704,FLAT,-29.54,-9.45,-23.65,-34.93,48.0,34.08,2.3097,HIGH,EARLY,12.7795,12.7741,14.6527,0,-13.3128,WEAK,9.1914
1129,-68,TECH,Bio-Techne,Health Care,Life Sciences Tools & Services,mid,47.42,23.23,0.0169,-0.169,-0.2581,STRONG_UP,-17.25,-7.58,-41.62,-33.49,49.2,58.46,0.7038,LOW,EARLY,54.2075,53.7594,57.9004,0,-6.3816,WEAK,9.1773
1130,-38,IBM,IBM,Information Technology,IT Consulting & Other Services,large,219.22,28.95,-0.0133,-0.2137,-0.3844,STRONG_UP,-28.16,-13.06,38.24,-29.49,54.0,44.39,0.9477,LOW,EARLY,234.176,239.8972,267.388,0,-15.8832,WEAK,9.1675
1131,-61,FDP,FRESH DEL MONTE PRODUCE INC,Consumer Staples,,small,35.48,58.33,-0.0345,-0.1496,-0.049,FLAT,-4.28,11.84,55.27,-16.99,50.4,29.53,1.1822,MED,-,40.0945,41.0214,37.427,0,20.2022,LAGGARD,9.1564
1132,63,QDEL,QUIDELORTHO CORP,Health Care,,small,11.12,0.0,0.0313,-0.3353,-0.6204,STRONG_UP,-43.64,-68.68,-73.59,-71.95,44.8,104.15,1.3747,MED,-,12.049,15.1182,24.2655,0,-29.5447,WEAK,9.1543
1133,94,ORLY,O’Reilly Automotive,Consumer Discretionary,Automotive Retail,large,91.84,45.14,0.0057,0.0332,0.0827,STRONG_DOWN,-6.38,4.3,36.03,-19.03,52.4,28.57,1.2023,MED,EARLY,93.637,92.6102,97.214,0,7.8874,WEAK,9.1335
1134,-59,WSBC,WESBANCO INC,Financials,,mid,33.47,36.07,-0.009,-0.0636,-0.0736,STRONG_UP,9.43,8.4,29.55,-12.9,48.4,27.0,1.09,MED,-,34.5645,34.3694,32.8048,1,15.0543,LAGGARD,9.1199
1135,145,AHCO,ADAPTHEALTH CORP,Health Care,,small,11.25,41.73,0.0018,-0.0964,0.0617,FLAT,19.68,24.65,18.42,-17.4,48.4,56.57,1.2138,MED,-,12.425,11.5211,10.0939,1,21.0932,LAGGARD,9.1159
1136,48,IRTC,IRHYTHM HOLDINGS INC,Health Care,,mid,118.31,17.32,0.0218,-0.0173,-0.2287,STRONG_UP,-32.89,-15.36,19.66,-40.29,49.2,45.89,0.7868,LOW,EARLY,121.9835,120.3696,156.8202,0,-16.4677,WEAK,9.0634
1137,13,SCHW,Charles Schwab Corporation,Financials,Investment Banking & Brokerage,large,90.18,33.21,0.0013,-0.0703,-0.0398,FLAT,-4.72,5.92,23.97,-17.51,55.2,28.14,0.6627,LOW,EARLY,91.096,92.8793,94.9821,0,11.6122,WEAK,9.0597
1138,80,EXR,Extra Space Storage,Real Estate,Self-Storage REITs,large,144.79,29.27,0.0098,-0.0015,-0.0273,STRONG_UP,13.6,3.08,6.76,-16.7,51.6,24.99,0.4428,LOW,-,142.502,139.3321,137.162,1,6.3562,LAGGARD,9.0585
1139,-12,BDC,BELDEN INC,Information Technology,,mid,109.97,33.68,-0.0324,-0.2886,-0.4204,STRONG_UP,-7.44,-3.27,19.87,-27.1,51.2,44.83,1.0315,MED,EARLY,122.246,121.1457,122.523,0,-3.7303,WEAK,9.0565
1140,-76,NWSA,News Corp (Class A),Communication Services,Publishing,large,26.54,38.1,0.0258,0.064,0.157,STRONG_DOWN,-0.56,-5.24,5.83,-27.81,50.4,22.82,1.157,MED,-,26.255,25.0919,26.41,1,-11.5688,LAGGARD,9.0553
1141,201,STE,Steris,Health Care,Health Care Equipment,large,210.85,22.44,-0.0004,-0.0396,-0.1382,STRONG_UP,-19.93,-8.1,-7.75,-24.67,48.0,25.6,2.0059,HIGH,EARLY,217.0695,220.7356,242.0561,0,-15.1802,WEAK,9.0512
1142,47,GBX,GREENBRIER INC,Industrials,,small,50.03,37.29,0.0171,-0.0441,-0.0507,STRONG_UP,18.48,8.11,-1.14,-26.98,50.4,34.54,0.503,LOW,-,49.5406,51.0307,47.7285,1,11.8348,LAGGARD,9.0407
1143,35,MELI,Mercado Libre,Consumer Discretionary,Catalog/Specialty Distribution,large,1578.78,6.25,-0.1058,-0.0922,-0.1135,FLAT,-24.53,-37.23,,-40.42,49.2,46.18,2.0176,HIGH,EARLY,1796.565,1749.253,2069.9022,0,-39.663,WEAK,9.0238
1144,106,CMS,CMS Energy,Utilities,Multi-Utilities,large,73.31,27.45,-0.0033,-0.0381,-0.0272,FLAT,0.5,9.11,24.85,-8.46,53.2,17.56,0.7177,LOW,-,75.0542,76.1012,72.4513,1,27.5898,LAGGARD,9.0174
1145,139,T,AT&T,Communication Services,Integrated Telecommunication Services,large,25.23,47.62,-0.002,-0.0209,-0.098,STRONG_UP,3.88,-0.45,60.51,-20.59,50.4,25.0,0.8306,LOW,EARLY,25.8445,26.9585,26.1516,0,-0.9059,WEAK,9.0085
1146,87,NHI,NATIONAL HEALTH INVESTORS REIT INC,Real Estate,,mid,74.43,32.93,0.0104,-0.149,-0.2024,STRONG_UP,-0.71,4.61,24.54,-18.79,51.2,28.1,1.1746,MED,EARLY,78.0555,81.409,77.6859,0,8.3931,WEAK,9.0046
1147,46,AAT,AMERICAN ASSETS TRUST REIT INC,Real Estate,,small,21.12,45.12,0.0028,0.0239,0.1107,STRONG_DOWN,13.96,15.95,7.37,-13.97,52.0,24.68,,LOW,-,20.8325,19.6821,19.0049,1,33.6097,LAGGARD,9.0019
1148,-14,ADBE,Adobe Inc.,Information Technology,Application Software,large,240.83,15.79,-0.0289,-0.1112,-0.2574,STRONG_UP,-26.77,-39.4,-50.15,-46.43,48.8,39.55,0.5552,LOW,EARLY,247.6305,249.6314,310.0859,0,-48.6132,WEAK,8.996
1149,-69,MNKD,MANNKIND CORP,Health Care,,small,3.28,10.63,-0.0622,0.2205,-0.435,FLAT,-39.48,-30.51,-25.62,-63.29,45.2,101.76,0.8114,LOW,-,2.9455,2.7346,4.5932,0,-13.5513,WEAK,8.9913
1150,115,BL,BLACKLINE INC,Information Technology,,mid,26.21,5.79,-0.1046,-0.2882,-0.5684,STRONG_UP,-51.88,-52.48,-54.75,-55.45,50.4,61.8,1.1566,MED,EARLY,31.0685,34.1128,47.6052,0,-42.8022,WEAK,8.9844
1151,-169,RYZ,RYERSON HOLDING CORP,Materials,,small,24.16,30.43,-0.1323,-0.0313,-0.198,FLAT,19.08,11.07,16.31,-34.71,52.8,64.34,0.8233,LOW,-,26.1475,24.1372,23.9955,1,9.0838,LAGGARD,8.9457
1152,-71,MGNI,MAGNITE INC,Communication,,small,13.82,16.67,0.0828,0.1278,0.0606,FLAT,-5.08,-15.27,51.2,-57.77,52.0,54.17,1.2982,MED,-,13.3965,12.8294,16.704,0,-14.6551,WEAK,8.9153
1153,-194,PEBO,PEOPLES BANCORP INC,Financials,,small,33.52,48.21,-0.0039,0.0107,0.0276,STRONG_DOWN,18.62,14.52,22.61,-12.53,48.0,20.21,0.6931,LOW,-,33.9345,32.8918,30.4114,1,34.4875,LAGGARD,8.9152
1154,-39,EFSC,ENTERPRISE FINANCIAL SERVICES CORP,Financials,,mid,59.07,38.57,0.0123,0.0233,0.0125,FLAT,11.78,10.08,55.03,-15.28,48.4,24.37,0.8799,LOW,-,58.588,56.3631,56.1603,1,20.0286,LAGGARD,8.8969
1155,-56,BHRB,BURKE HERBERT FINANCIAL SERVICES C,Financials,,small,62.33,37.5,0.0031,-0.0442,-0.084,STRONG_UP,3.54,9.44,35.24,-13.49,50.4,21.82,1.3383,MED,-,64.207,63.4324,62.5609,0,21.7959,WEAK,8.8489
1156,10,OMC,Omnicom Group,Communication Services,Advertising,large,76.04,57.14,0.0015,-0.0115,0.1171,FLAT,6.62,2.07,-15.37,-17.85,50.4,40.51,0.5254,LOW,-,77.0435,77.3598,75.6968,1,2.5726,CONTENDER,8.8286
1157,74,FIS,Fidelity National Information Services,Financials,Transaction & Payment Processing Services,large,43.01,3.21,-0.0452,-0.0747,-0.0933,STRONG_UP,-33.31,-43.21,-40.65,-47.5,46.8,36.66,1.2019,MED,EARLY,46.396,47.5395,59.6198,0,-55.1582,WEAK,8.8277
1158,-23,BSX,Boston Scientific,Health Care,Health Care Equipment,large,54.1,3.94,-0.0175,-0.1297,-0.2701,STRONG_UP,-46.39,-47.45,-25.7,-50.65,46.4,38.89,0.9816,LOW,EARLY,59.093,64.1492,88.2536,0,-56.6133,WEAK,8.8113
1159,-100,FLG,FLAGSTAR BANK NATIONAL ASSOCIATION,Financials,,mid,13.89,42.86,-0.0149,-0.003,0.0053,STRONG_DOWN,26.93,12.01,25.93,-17.47,50.0,29.02,0.5159,LOW,-,14.162,13.4828,12.6238,1,20.6994,LAGGARD,8.8075
1160,0,NVCR,NOVOCURE LTD,Health Care,,small,18.31,28.35,0.1267,0.6438,0.7382,STRONG_DOWN,62.47,0.94,1.84,-48.3,47.2,106.92,0.6829,LOW,-,14.4698,12.8389,12.6299,1,0.4137,LAGGARD,8.8069
1161,27,BOX,BOX INC CLASS A,Information Technology,,mid,24.05,22.63,0.0022,-0.0553,-0.163,STRONG_UP,-24.73,-24.18,-9.31,-44.57,46.0,45.37,0.7708,LOW,EARLY,24.4565,24.2152,28.5925,0,-24.5161,WEAK,8.8053
1162,111,CHD,Church & Dwight,Consumer Staples,Household Products,large,93.51,45.0,0.005,-0.0236,-0.0104,FLAT,11.21,0.67,-10.63,-17.63,52.0,22.31,1.0005,MED,-,94.65,95.7062,91.2468,1,1.552,LAGGARD,8.7851
1163,23,FA,FIRST ADVANTAGE CORP,Industrials,,small,15.56,23.73,0.2393,0.292,0.4545,STRONG_DOWN,18.06,-12.73,-2.08,-51.86,48.0,81.47,1.0649,MED,-,13.301,12.1019,13.8095,1,-7.501,LAGGARD,8.7755
1164,56,MDT,Medtronic,Health Care,Health Care Equipment,large,76.82,24.02,0.0066,-0.1056,-0.2403,STRONG_UP,-15.8,-6.87,-1.89,-28.14,49.2,22.32,0.984,LOW,EARLY,81.0295,85.1911,92.5018,0,-15.1472,WEAK,8.7043
1165,-98,RDN,RADIAN GROUP INC,Financials,,mid,37.2,43.93,0.0603,0.0831,0.1044,STRONG_DOWN,6.88,12.64,25.57,-14.34,50.8,26.08,0.5613,LOW,-,35.982,34.479,34.2549,1,24.6129,LAGGARD,8.6956
1166,-35,PAGS,PAGSEGURO DIGITAL LTD CLASS A,Financials,,mid,9.78,31.79,-0.0414,-0.0714,-0.0946,STRONG_UP,5.64,4.56,-18.55,-21.92,48.4,47.66,0.7802,LOW,-,10.3177,10.0397,9.652,1,4.6294,LAGGARD,8.6759
1167,-114,DIS,Walt Disney Company (The),Communication Services,Movies & Entertainment,large,106.16,42.86,-0.0063,0.0385,-0.0116,FLAT,-4.78,-3.63,2.34,-24.97,45.2,28.03,0.6082,LOW,SHIFT,104.2125,100.9904,108.7111,0,-5.8577,WEAK,8.65
1168,-57,AORT,ARTIVION INC,Health Care,,small,23.1,15.35,-0.3184,-0.3687,-0.4304,STRONG_UP,-48.64,-20.1,-0.43,-51.5,52.4,72.38,1.3978,MED,-,34.6595,35.6906,40.6291,0,-14.5493,WEAK,8.6408
1169,5,BUR,BURFORD CAPITAL LTD,Financials,,small,4.6,0.36,-0.1129,-0.0136,-0.4874,FLAT,-48.78,-67.79,-67.83,-72.84,47.6,114.43,1.1262,MED,-,4.893,5.9084,9.5019,0,-28.199,WEAK,8.6402
1170,72,LH,Labcorp,Health Care,Health Care Services,large,257.35,30.31,0.0183,-0.0202,-0.1165,STRONG_UP,-0.94,4.04,25.22,-15.22,53.2,23.5,0.7515,LOW,EARLY,261.6095,266.0614,267.8712,0,9.1481,WEAK,8.6148
1171,58,ITW,Illinois Tool Works,Industrials,Industrial Machinery & Supplies & Components,large,251.41,34.32,-0.0114,-0.0776,-0.1172,STRONG_UP,4.24,3.46,5.45,-15.55,50.8,21.7,0.8789,LOW,EARLY,262.6685,264.9843,258.4601,0,8.1103,WEAK,8.5953
1172,115,CPK,CHESAPEAKE UTILITIES CORP,Utilities,,mid,126.15,25.49,0.0023,0.0014,-0.0533,STRONG_UP,-4.49,8.33,19.35,-12.54,52.4,20.79,0.9058,LOW,EARLY,126.4735,127.8857,127.7327,0,20.989,WEAK,8.5742
1173,-15,EPAM,EPAM Systems,Information Technology,IT Consulting & Other Services,mid,95.14,7.89,-0.1022,-0.3861,-0.6594,STRONG_UP,-47.84,-49.1,-50.12,-57.03,50.8,52.35,1.0216,MED,EARLY,115.6055,127.7238,163.6264,0,-47.6421,WEAK,8.55
1174,-96,SHO,SUNSTONE HOTEL INVESTORS REIT INC,Real Estate,,small,10.24,48.78,0.0023,0.0271,0.0638,STRONG_DOWN,5.95,17.59,7.79,-10.58,47.2,24.2,0.5203,LOW,-,9.8545,9.4362,9.127,1,34.3051,LAGGARD,8.5455
1175,-66,BFST,BUSINESS FIRST BANCSHARES INC,Financials,,small,27.08,41.07,-0.0015,-0.046,-0.0596,STRONG_UP,9.01,11.15,33.96,-13.49,48.0,24.17,0.8533,LOW,-,27.802,27.364,25.9385,1,22.1405,LAGGARD,8.5249
1176,0,PRCT,PROCEPT BIOROBOTICS CORP,Health Care,,small,28.69,4.72,0.1735,0.1902,0.001,FLAT,-7.27,-45.91,-54.82,-66.63,44.4,74.81,1.6893,HIGH,-,24.891,25.1514,32.1734,0,-27.247,WEAK,8.5045
1177,105,YUM,Yum! Brands,Consumer Discretionary,Restaurants,large,152.86,50.0,0.0165,-0.0039,0.0723,FLAT,4.07,6.92,16.48,-10.63,50.0,21.92,0.8378,LOW,-,157.631,158.1962,151.4795,1,15.7806,CONTENDER,8.4922
1178,0,PRU,Prudential Financial,Financials,Life & Health Insurance,large,102.58,24.64,0.0433,0.0488,-0.0034,FLAT,-1.55,0.6,-4.11,-21.46,54.8,24.3,0.5576,LOW,SHIFT,98.5495,96.9076,102.7063,0,1.359,WEAK,8.4591
1179,-55,SLG,SL GREEN REALTY REIT CORP,Real Estate,,mid,43.65,3.66,-0.0208,0.0493,0.0462,FLAT,-11.41,-20.25,-9.17,-45.4,47.6,45.89,0.6551,LOW,SHIFT,43.198,39.8125,46.8841,0,-21.0018,WEAK,8.4491
1180,-210,ARRY,ARRAY TECHNOLOGIES INC,Industrials,,small,8.17,30.93,0.0286,0.0904,-0.23,FLAT,-10.91,-0.97,-35.47,-44.31,49.6,90.68,0.7769,LOW,-,7.9605,7.4402,8.4621,0,-0.5304,WEAK,8.43
1181,-63,XPEL,XPEL INC,Consumer Discretionary,,small,40.8,46.53,-0.026,-0.0735,-0.1533,STRONG_UP,5.56,5.02,14.93,-31.79,49.6,47.68,0.7708,LOW,-,45.9375,43.3393,42.6761,0,5.2214,WEAK,8.4141
1182,25,ACN,Accenture,Information Technology,IT Consulting & Other Services,large,169.77,11.05,-0.0191,-0.2411,-0.4509,STRONG_UP,-29.99,-46.65,-43.03,-46.76,46.4,41.8,0.7986,LOW,EARLY,182.591,191.316,234.9307,0,-51.785,WEAK,8.4109
1183,85,CVCO,CAVCO INDUSTRIES INC,Consumer Discretionary,,mid,475.87,28.47,-0.0118,-0.0348,-0.0596,STRONG_UP,-16.94,-9.87,27.85,-34.05,52.8,42.48,0.5526,LOW,EARLY,510.0175,505.1178,545.1529,0,-12.2674,WEAK,8.3875
1184,76,ALL,Allstate,Financials,Property & Casualty Insurance,large,215.47,36.43,0.0079,0.0128,0.0673,STRONG_DOWN,6.72,8.47,31.93,-11.48,52.4,20.01,0.8827,LOW,-,215.626,211.3442,204.7976,1,22.1728,LAGGARD,8.3817
1185,139,AMT,American Tower,Real Estate,Telecom Tower REITs,large,178.82,9.76,-0.0046,-0.0116,-0.0546,STRONG_UP,1.47,-9.09,3.54,-26.67,52.4,27.44,1.0777,MED,SHIFT,178.793,177.8977,182.4154,0,-17.3589,WEAK,8.3791
1186,-35,ADSK,Autodesk,Information Technology,Application Software,large,234.87,24.74,-0.0254,-0.1054,-0.1841,STRONG_UP,-21.37,-20.92,8.41,-33.15,51.2,39.83,0.6984,LOW,EARLY,241.2955,242.6442,278.5422,0,-26.8943,WEAK,8.3738
1187,-26,SFNC,SIMMONS FIRST NATIONAL CORP CLASS,Financials,,mid,20.9,35.36,-0.0128,0.0261,-0.017,FLAT,18.08,7.81,27.1,-17.57,50.0,27.97,0.7177,LOW,-,21.214,20.1502,19.3326,1,13.9587,LAGGARD,8.3711
1188,60,DHR,Danaher Corporation,Health Care,Life Sciences Tools & Services,large,166.26,18.11,-0.033,-0.1403,-0.2491,STRONG_UP,-20.99,-14.85,-33.15,-31.17,50.0,27.5,1.2037,MED,EARLY,180.613,187.5987,207.2587,0,-27.0071,WEAK,8.3694
1189,30,FRME,FIRST MERCHANTS CORP,Financials,,mid,39.93,32.5,-0.0,-0.013,-0.0327,STRONG_UP,12.39,5.38,21.4,-15.73,49.2,21.99,0.8384,LOW,-,40.325,39.1602,38.2318,1,12.0414,LAGGARD,8.3617
1190,64,LW,Lamb Weston,Consumer Staples,Packaged Foods & Meats,mid,41.41,28.33,-0.0142,-0.0471,-0.1125,STRONG_UP,-30.21,-16.7,-48.66,-41.37,50.8,36.67,0.5952,LOW,EARLY,43.0535,42.2375,50.5625,0,-23.1403,WEAK,8.3617
1191,-11,ECL,Ecolab,Materials,Specialty Chemicals,large,251.7,20.29,-0.0327,-0.0875,-0.1795,STRONG_UP,-2.12,1.12,10.82,-18.35,52.4,23.36,0.7864,LOW,EARLY,263.629,268.4603,271.4203,0,2.5086,WEAK,8.3484
1192,-5,AKR,ACADIA REALTY TRUST REIT,Real Estate,,mid,21.59,37.8,-0.0228,0.0054,0.0116,STRONG_DOWN,11.22,11.19,35.88,-12.41,52.8,22.64,0.3792,LOW,-,21.47,20.5546,19.8186,1,26.1002,LAGGARD,8.3446
1193,-40,THRM,GENTHERM INC,Consumer Discretionary,,small,30.3,50.69,0.0183,0.0839,0.0417,FLAT,-17.55,6.99,-40.17,-30.32,47.2,38.98,0.5367,LOW,-,29.8985,29.1688,33.797,0,8.4659,LAGGARD,8.3439
1194,116,PNR,Pentair,Industrials,Industrial Machinery & Supplies & Components,large,75.26,14.83,-0.0346,-0.1697,-0.215,STRONG_UP,-30.37,-22.78,-7.0,-32.63,47.6,32.52,1.5363,HIGH,EARLY,83.8681,86.96,100.5901,0,-33.3475,WEAK,8.3204
1195,40,ARE,Alexandria Real Estate Equities,Real Estate,Office REITs,mid,46.5,1.22,0.0179,-0.0006,-0.1767,STRONG_UP,-11.66,-31.51,-56.84,-51.61,54.8,48.05,0.544,LOW,SHIFT,45.272,46.3254,58.3571,0,-35.938,WEAK,8.3176
1196,-300,ARLO,ARLO TECHNOLOGIES INC,Information Technology,,small,12.95,31.58,-0.1028,-0.2025,-0.0737,FLAT,-17.88,-5.61,14.7,-42.23,50.8,72.33,1.3571,MED,-,14.463,14.2268,15.1335,0,-3.9417,WEAK,8.2748
1197,-37,TRMB,Trimble Inc.,Information Technology,Electronic Equipment & Instruments,large,56.51,25.26,-0.1006,-0.2832,-0.3263,STRONG_UP,-29.1,-20.69,-0.96,-33.7,54.0,33.42,1.3146,MED,EARLY,65.952,66.2804,75.0804,0,-33.4272,WEAK,8.257
1198,36,NOG,NORTHERN OIL AND GAS INC,Energy,,mid,23.87,2.25,-0.0475,-0.135,-0.234,STRONG_UP,11.61,-13.77,-32.31,-34.26,50.0,45.31,1.4192,MED,EARLY,25.781,27.1488,24.1373,0,-15.1991,WEAK,8.2281
1199,-5,RJF,Raymond James Financial,Financials,Investment Banking & Brokerage,large,153.48,26.07,-0.0178,0.0117,-0.0199,FLAT,-4.54,1.63,25.5,-19.64,54.8,25.36,0.5589,LOW,-,154.7015,149.6029,159.8252,0,3.5164,WEAK,8.2217
1200,15,GPN,Global Payments,Financials,Transaction & Payment Processing Services,large,68.61,11.43,0.0045,0.0102,-0.0381,FLAT,-8.78,-16.06,-35.86,-29.7,44.8,49.96,0.5358,LOW,EARLY,70.2075,69.8529,77.453,0,-14.4026,WEAK,8.2007
1201,58,HMN,HORACE MANN EDUCATORS CORP,Financials,,small,44.42,38.93,-0.0078,0.0115,0.0622,STRONG_DOWN,-1.05,10.23,35.84,-10.73,56.0,17.44,0.5004,LOW,-,45.3515,43.8722,44.0043,1,32.8537,LAGGARD,8.1866
1202,68,KDP,Keurig Dr Pepper,Consumer Staples,Soft Drinks & Non-alcoholic Beverages,large,29.17,35.0,0.0416,0.1209,0.0465,FLAT,13.6,-8.86,-9.27,-27.48,50.4,29.08,0.8309,LOW,-,28.087,27.2754,27.9242,1,-15.3585,LAGGARD,8.18
1203,-75,KNF,KNIFE RIVER CORP,Materials,,mid,82.41,5.8,-0.0876,-0.0793,0.0181,STRONG_DOWN,14.68,-19.9,6.73,-41.75,46.0,61.01,0.8389,LOW,-,88.512,84.7416,78.481,1,-15.0077,LAGGARD,8.1179
1204,-79,CRM,Salesforce,Information Technology,Application Software,large,171.31,14.74,-0.0461,-0.1329,-0.2656,STRONG_UP,-28.83,-40.32,-37.45,-42.92,50.0,43.37,0.7477,LOW,EARLY,181.4645,185.2472,224.8842,0,-46.4791,WEAK,8.1051
1205,11,NBBK,NB BANCORP INC,Financials,,small,20.06,47.86,-0.0014,-0.0979,-0.0593,FLAT,10.23,14.42,32.01,-15.37,49.2,32.11,0.9854,LOW,-,20.5218,20.9045,19.6104,1,22.0956,LAGGARD,8.1
1206,-74,CLB,CORE LABORATORIES INC,Energy,,small,13.18,10.11,-0.0478,-0.2538,-0.4485,STRONG_UP,-14.64,6.08,-23.76,-33.21,48.4,51.98,0.7338,LOW,-,15.4507,16.0132,15.1434,0,5.6656,WEAK,8.0871
1207,-37,USLM,UNITED STATES LIME AND MINERALS IN,Materials,,mid,109.45,24.64,0.0366,-0.2118,0.012,FLAT,-8.2,6.63,49.06,-23.67,52.8,52.59,0.5414,LOW,EARLY,121.6145,124.298,122.0938,0,6.6542,WEAK,8.0812
1208,20,TNDM,TANDEM DIABETES CARE INC,Health Care,,small,14.69,9.06,-0.1688,-0.2815,-0.2593,FLAT,-10.26,-36.49,-66.56,-56.99,45.2,99.82,1.0148,MED,-,19.0368,20.5877,18.0797,0,-16.523,WEAK,8.0806
1209,0,ASGN,ASGN INC,Information Technology,,small,18.9,0.0,-0.0925,-0.6326,-0.8108,STRONG_UP,-56.73,-66.73,-80.95,-66.73,45.78,120.16,0.9624,LOW,-,27.302,34.0196,44.6469,0,-25.4241,WEAK,8.0568
1210,11,ALH,ALLIANCE LAUNDRY HOLDINGS INC,Industrials,,mid,25.25,33.9,-0.0041,0.0105,0.0816,STRONG_DOWN,-5.57,1.73,1.73,-29.22,53.06,44.15,0.924,LOW,-,25.194,22.7772,,0,2.0821,WEAK,8.0082
1211,-9,BMI,BADGER METER INC,Information Technology,,mid,115.04,5.26,-0.062,-0.4199,-0.4589,STRONG_UP,-38.34,-53.11,-39.88,-55.06,46.8,58.58,0.7284,LOW,EARLY,123.3665,140.029,166.4818,0,-42.4329,WEAK,8.0029
1212,129,EXC,Exelon,Utilities,Electric Utilities,large,44.98,23.53,-0.0019,-0.051,-0.0055,FLAT,-0.21,7.44,25.82,-12.69,50.4,23.35,0.8862,LOW,EARLY,46.1565,47.7392,45.3102,0,16.0679,WEAK,7.9146
1213,-61,FIVN,FIVE9 INC,Information Technology,,small,20.93,22.11,-0.0359,0.3193,0.073,FLAT,0.82,-25.94,-60.84,-53.96,46.0,84.91,,LOW,-,18.705,16.8949,20.6069,1,-14.0518,LAGGARD,7.9021
1214,31,ROL,"Rollins, Inc.",Industrials,Environmental & Facilities Services,large,52.98,30.08,0.0046,-0.0309,-0.1532,STRONG_UP,-8.94,-2.21,17.03,-19.79,52.0,29.62,0.611,LOW,EARLY,54.6551,54.72,57.6365,0,-3.873,WEAK,7.8788
1215,25,WAY,WAYSTAR HOLDING CORP,Health Care,,mid,19.39,2.36,-0.0092,-0.1129,-0.1894,STRONG_UP,-46.3,-50.42,-6.33,-52.89,48.0,60.63,0.6766,LOW,EARLY,23.2807,23.8321,31.3163,0,-39.9184,WEAK,7.8379
1216,-242,KTB,KONTOOR BRANDS INC,Consumer Discretionary,,mid,67.71,34.72,-0.0598,-0.0228,0.1189,STRONG_DOWN,-4.51,-5.42,4.4,-32.91,47.6,62.9,0.9182,LOW,EARLY,73.3115,71.5664,70.4361,0,-4.1051,WEAK,7.8306
1217,-18,AGYS,AGILYSYS INC,Information Technology,,small,69.24,26.32,0.02,-0.0704,-0.3849,STRONG_UP,-45.59,-18.22,-13.68,-55.93,51.6,47.53,0.9857,LOW,-,67.8855,69.6346,99.858,0,-19.7842,WEAK,7.8288
1218,81,KR,Kroger,Consumer Staples,Food Retail,large,64.62,41.67,-0.0017,-0.0407,0.0079,FLAT,1.32,-2.3,22.07,-19.44,46.4,28.36,1.0855,MED,EARLY,67.0705,70.0016,66.8908,0,-3.7568,WEAK,7.8129
1219,-50,BBT,BEACON FINANCIAL CORP,Financials,,mid,28.29,37.86,-0.0003,-0.0978,-0.0694,FLAT,9.3,9.59,30.78,-13.9,49.6,29.63,0.615,LOW,-,30.3245,30.025,26.9703,1,16.0459,LAGGARD,7.8036
1220,-20,MGRC,MCGRATH RENT,Industrials,,mid,113.71,32.63,0.0294,-0.0014,0.0236,FLAT,10.35,0.17,8.94,-24.87,49.6,29.02,,LOW,-,114.0673,110.5958,112.1502,1,0.2859,LAGGARD,7.8007
1221,-109,NWS,News Corp (Class B),Communication Services,Publishing,large,30.41,33.33,0.0188,0.0585,0.1498,STRONG_DOWN,0.67,-6.8,17.26,-26.84,52.8,23.07,1.153,MED,-,30.277,28.6969,30.0762,1,-15.5611,LAGGARD,7.7912
1222,-81,EQT,EQT Corporation,Energy,Oil & Gas Exploration & Production,large,55.78,6.74,-0.0402,-0.0782,-0.16,STRONG_UP,-4.83,0.42,44.01,-18.39,49.6,27.26,0.4155,LOW,EARLY,57.8592,60.6512,55.8963,0,0.7562,WEAK,7.7757
1223,-27,NRG,NRG Energy,Utilities,Independent Power Producers & Energy Traders,large,137.34,1.96,-0.0893,-0.1696,-0.1684,FLAT,-17.11,-11.36,71.57,-25.16,50.8,49.84,1.1387,MED,EARLY,153.0147,153.8438,158.5658,0,-11.5768,WEAK,7.7504
1224,8,NSP,INSPERITY INC,Industrials,,small,31.57,1.69,0.1217,0.1439,0.118,FLAT,0.57,-51.39,-66.86,-70.39,46.4,90.57,0.3205,LOW,-,31.616,27.3389,37.8207,0,-26.326,WEAK,7.7445
1225,-89,GRBK,GREEN BRICK PARTNERS INC,Consumer Discretionary,,mid,64.28,43.75,-0.0013,0.0042,-0.0641,FLAT,1.92,1.97,16.09,-23.99,47.6,35.47,0.6179,LOW,EARLY,67.8455,66.5826,68.3339,0,2.6397,WEAK,7.7254
1226,-100,AVNT,AVIENT CORP,Materials,,mid,35.26,14.49,-0.0563,-0.0792,-0.1412,STRONG_UP,21.02,-6.15,-18.11,-28.08,47.6,36.13,0.8129,LOW,-,37.074,36.2651,34.2625,1,-8.1019,LAGGARD,7.6903
1227,-10,VRSK,Verisk Analytics,Industrials,Research & Consulting Services,large,166.32,4.24,-0.0034,-0.0263,-0.0065,FLAT,-21.53,-44.42,-31.56,-48.48,46.0,37.95,0.8199,LOW,EARLY,177.2775,186.7312,219.6201,0,-53.8415,WEAK,7.6417
1228,2,PDD,PDD Holdings,Technology,EDP Services,large,95.73,50.0,-0.0207,-0.2727,-0.1083,FLAT,-30.7,-19.86,-31.87,-30.7,49.2,32.29,1.1356,MED,EARLY,99.7105,100.491,114.4355,0,-30.257,LAGGARD,7.6412
1229,-64,GABC,GERMAN AMERICAN BANCORP INC,Financials,,small,42.57,40.0,-0.0003,-0.015,0.0052,FLAT,9.25,10.36,39.7,-11.3,46.4,19.59,0.8581,LOW,-,43.162,41.9843,40.1853,1,24.5484,LAGGARD,7.6276
1230,125,LMB,LIMBACH HOLDINGS INC,Industrials,,small,72.32,6.36,-0.0368,-0.1767,-0.2016,STRONG_UP,-7.4,-40.8,43.29,-55.92,50.4,90.21,1.2155,MED,-,91.0625,84.7808,90.7892,0,-22.7969,WEAK,7.5926
1231,80,ADP,Automatic Data Processing,Industrials,Human Resource & Employment Services,large,213.81,10.17,0.0555,0.0957,0.0269,FLAT,-14.6,-28.88,-9.65,-40.78,48.8,32.01,1.0794,MED,SHIFT,205.9545,206.4687,250.6938,0,-44.0272,WEAK,7.5824
1232,115,AZTA,AZENTA INC,Health Care,,small,17.53,8.66,-0.0298,-0.2548,-0.4308,STRONG_UP,-42.07,-37.17,-65.86,-57.25,48.8,74.32,1.3857,MED,-,23.353,22.636,29.8877,0,-24.4056,WEAK,7.5814
1233,41,TRNS,TRANSCAT INC,Industrials,,small,76.06,28.81,0.0356,-0.0714,0.01,FLAT,29.44,-6.59,-35.71,-44.83,47.2,39.68,0.8392,LOW,-,76.9845,75.7538,70.8019,1,-7.8444,LAGGARD,7.577
1234,23,BXP,"BXP, Inc.",Real Estate,Office REITs,mid,59.01,15.85,-0.011,0.0481,-0.0871,FLAT,-15.61,-6.3,4.32,-33.56,52.0,33.4,0.3325,LOW,SHIFT,58.3495,54.7956,64.3063,0,-9.8091,WEAK,7.5762
1235,-11,MMS,MAXIMUS INC,Industrials,,mid,61.18,19.07,-0.0197,-0.104,-0.155,STRONG_UP,-25.75,-17.52,-26.0,-37.88,44.8,31.09,1.4161,MED,EARLY,65.8355,67.9302,80.6806,0,-25.2528,WEAK,7.5727
1236,26,AMCR,Amcor,Materials,Paper & Plastic Packaging Products & Materials,large,39.22,7.25,-0.0128,-0.0527,-0.2177,STRONG_UP,-5.73,-12.11,-18.41,-26.07,48.4,37.88,0.5792,LOW,EARLY,39.4545,40.3434,42.0701,0,-15.476,WEAK,7.572
1237,-54,PWP,PERELLA WEINBERG PARTNERS CLASS A,Financials,,small,17.94,19.64,-0.0532,-0.1558,-0.2321,STRONG_UP,-4.96,-6.29,23.3,-33.93,48.0,47.9,1.7741,HIGH,-,20.556,18.9528,19.8317,0,-6.3062,WEAK,7.5596
1238,37,BAX,Baxter International,Health Care,Health Care Equipment,mid,17.89,5.91,0.0703,0.0405,-0.2028,STRONG_UP,0.89,-41.78,-47.45,-49.79,48.4,54.07,0.5323,LOW,SHIFT,17.8015,17.4628,20.3159,0,-37.4022,WEAK,7.5525
1239,22,BBY,Best Buy,Consumer Discretionary,Computer & Electronics Retail,large,57.2,20.83,0.0114,-0.0283,-0.0301,STRONG_UP,-24.71,-18.09,-15.56,-29.96,45.2,33.43,0.6434,LOW,EARLY,60.8405,62.2836,68.5228,0,-24.4595,WEAK,7.5495
1240,29,IR,Ingersoll Rand,Industrials,Industrial Machinery & Supplies & Components,large,73.21,22.88,-0.0456,-0.1721,-0.2092,STRONG_UP,-5.18,-13.28,-19.26,-25.85,46.4,37.11,0.9749,LOW,EARLY,80.392,82.3876,82.3785,0,-16.6012,WEAK,7.5494
1241,-93,NBHC,NATIONAL BANK HOLDINGS CORP CLASS,Financials,,small,41.53,43.57,-0.0141,-0.0001,0.0174,STRONG_DOWN,13.6,12.27,24.07,-14.41,48.4,23.42,0.3091,LOW,-,42.417,40.6924,38.8082,1,25.3668,LAGGARD,7.5239
1242,-266,ABNB,Airbnb,Consumer Discretionary,"Hotels, Resorts & Cruise Lines",large,135.48,38.89,0.0053,0.0634,0.2401,STRONG_DOWN,12.71,-1.86,-9.15,-21.54,53.6,34.45,0.9828,LOW,-,140.3665,134.0576,128.3221,1,-2.8965,LAGGARD,7.5087
1243,101,BR,Broadridge Financial Solutions,Industrials,Data Processing & Outsourced Services,large,149.53,8.05,0.0021,-0.0583,-0.0687,STRONG_UP,-32.34,-35.89,-21.85,-43.36,46.8,29.2,1.6316,HIGH,EARLY,156.301,164.8786,210.1005,0,-57.526,WEAK,7.5067
1244,58,CTSH,Cognizant,Information Technology,IT Consulting & Other Services,large,47.73,15.26,-0.0617,-0.3379,-0.5174,STRONG_UP,-33.89,-40.22,-27.3,-44.67,49.2,37.08,0.8715,LOW,EARLY,54.8695,58.9594,69.7454,0,-53.3683,WEAK,7.4976
1245,-191,RVLV,REVOLVE GROUP CLASS A INC,Consumer Discretionary,,small,18.68,32.64,-0.0381,-0.2051,-0.1675,FLAT,-15.7,-8.07,-14.31,-40.76,46.4,60.3,1.4317,MED,-,24.382,23.83,24.3122,0,-6.2104,WEAK,7.4944
1246,-188,CARG,CARGURUS INC CLASS A,Communication,,mid,31.57,29.17,-0.1122,-0.104,0.037,STRONG_DOWN,-10.87,-5.96,31.27,-30.92,51.6,44.68,1.0417,MED,EARLY,36.5462,34.9093,34.6169,0,-6.8804,WEAK,7.4755
1247,31,TOWN,TOWNEBANK,Financials,,mid,34.21,29.29,0.0033,-0.0106,-0.0067,FLAT,6.97,3.25,36.14,-14.28,48.0,21.8,2.1276,HIGH,-,34.8213,33.692,33.6354,1,7.1493,LAGGARD,7.4719
1248,18,CCOI,COGENT COMMUNICATIONS HOLDINGS INC,Communication,,small,16.11,0.0,0.0211,-0.2719,-0.5172,STRONG_UP,-27.02,-66.91,-69.64,-68.64,50.8,109.65,0.6513,LOW,-,21.2375,20.4994,27.9167,0,-30.9994,WEAK,7.4416
1249,47,EG,Everest Group,Financials,Reinsurance,large,351.67,28.57,0.0185,0.0407,0.0741,STRONG_DOWN,7.69,2.83,-4.62,-16.43,51.6,19.11,0.8213,LOW,-,349.0445,335.1897,332.0242,1,7.634,LAGGARD,7.3778
1250,-38,STZ,Constellation Brands,Consumer Staples,Distillers & Vintners,large,142.53,23.33,-0.0447,-0.1302,-0.0649,FLAT,12.41,-21.99,,-33.85,44.4,34.45,0.8464,LOW,EARLY,153.6401,152.5335,147.1181,0,-28.3438,WEAK,7.3745
1251,158,ACGL,Arch Capital Group,Financials,Property & Casualty Insurance,large,94.31,25.0,0.015,-0.0098,-0.0348,STRONG_UP,5.03,0.95,1.3,-12.0,53.2,18.93,1.1516,MED,-,95.6445,95.564,93.1016,1,2.6774,LAGGARD,7.3713
1252,-29,BKNG,Booking Holdings,Consumer Discretionary,"Hotels, Resorts & Cruise Lines",large,160.56,15.97,-0.0094,-0.0635,0.0398,FLAT,-18.71,-23.14,,-33.2,50.4,43.69,0.6706,LOW,EARLY,175.076,173.8336,197.6508,0,-26.6924,WEAK,7.3551
1253,-187,BJRI,BJS RESTAURANTS INC,Consumer Discretionary,,small,41.42,38.19,0.071,0.1298,0.0803,FLAT,14.29,-3.31,18.14,-38.67,49.6,40.33,0.7319,LOW,-,38.865,37.0692,36.7725,1,-4.0766,LAGGARD,7.3487
1254,-1,SPSC,SPS COMMERCE INC,Information Technology,,mid,51.98,0.53,-0.0612,-0.1437,-0.4355,STRONG_UP,-36.34,-65.95,-73.01,-66.3,46.8,49.61,0.8495,LOW,EARLY,56.1265,57.1942,85.3404,0,-62.217,WEAK,7.3453
1255,59,RXRX,RECURSION PHARMACEUTICALS INC CLAS,Health Care,,small,3.15,11.42,-0.0652,-0.0875,-0.1574,STRONG_UP,-30.16,-30.16,-66.77,-58.17,42.0,55.92,0.9986,LOW,-,3.474,3.3708,4.4294,0,-22.6488,WEAK,7.3188
1256,-173,TDOC,TELADOC HEALTH INC,Health Care,,small,6.77,20.87,0.0123,0.3154,0.4409,STRONG_DOWN,-9.73,-11.15,-45.62,-52.75,44.4,56.7,0.7005,LOW,-,6.2415,5.6922,6.8264,0,-8.735,WEAK,7.3078
1257,-153,GIII,G III APPAREL GROUP LTD,Consumer Discretionary,,small,29.67,48.61,-0.0347,0.0583,0.0946,STRONG_DOWN,7.2,6.17,6.17,-29.39,51.6,37.61,0.6999,LOW,-,31.024,29.2159,28.3224,1,8.4684,LAGGARD,7.2761
1258,-91,VYX,NCR VOYIX CORP,Information Technology,,small,7.6,20.0,0.0912,-0.0201,-0.3956,STRONG_UP,-32.92,-31.59,-40.67,-57.96,48.4,64.13,0.81,LOW,-,7.1845,6.9258,10.1616,0,-23.8439,WEAK,7.2728
1259,46,AI,C3 AI INC CLASS A,Information Technology,,small,8.79,2.11,-0.076,-0.0864,-0.383,STRONG_UP,-45.34,-63.36,,-73.39,45.6,70.69,1.1303,MED,-,9.1895,8.8816,13.9398,0,-40.8715,WEAK,7.2485
1260,-63,FUN,SIX FLAGS ENTERTAINMENT CORP,Consumer Discretionary,,small,18.9,1.39,-0.0034,-0.0096,0.1563,FLAT,15.6,-49.14,-57.61,-66.04,48.4,73.34,1.6707,HIGH,-,19.247,18.0836,19.4198,0,-32.4287,WEAK,7.1913
1261,-244,SCSC,SCANSOURCE INC,Information Technology,,small,43.5,36.32,0.0729,-0.0062,0.0661,FLAT,5.35,3.42,-7.07,-24.52,51.2,34.07,1.428,MED,-,41.079,38.3904,40.5574,1,5.1451,LAGGARD,7.1851
1262,-21,TDG,TransDigm Group,Industrials,Aerospace & Defense,large,1191.1899,26.27,-0.0106,-0.0823,-0.0678,FLAT,-7.58,-10.08,4.96,-25.3,52.4,30.54,1.26,MED,EARLY,1197.0855,1208.105,1298.7061,0,-17.2982,WEAK,7.1694
1263,-37,IIPR,INNOVATIVE INDUSTRIAL PROPERTIES I,Real Estate,,small,55.76,47.56,-0.0307,0.0653,0.1841,STRONG_DOWN,16.99,16.33,-32.92,-21.29,48.8,50.1,0.7064,LOW,-,54.9205,52.4462,49.0665,1,15.9038,LAGGARD,7.1489
1264,-134,IBCP,INDEPENDENT BANK CORP,Financials,,small,33.55,34.29,0.0115,-0.0163,-0.0512,STRONG_UP,9.59,6.8,38.37,-13.5,49.2,22.25,0.8933,LOW,-,33.588,33.4439,32.4546,1,15.028,LAGGARD,7.1195
1265,-93,ACVA,ACV AUCTIONS INC CLASS A,Industrials,,small,5.84,0.0,0.1424,0.2529,-0.1549,FLAT,4.66,-65.48,-66.46,-75.65,46.8,87.98,0.9126,LOW,-,5.337,4.9664,8.0009,0,-34.8338,WEAK,7.0824
1266,-27,CRI,CARTERS INC,Consumer Discretionary,,small,33.32,37.5,-0.0683,0.0087,-0.0084,FLAT,3.84,-3.4,-48.69,-35.72,52.8,62.69,0.6969,LOW,-,36.3525,35.4567,32.3435,1,-2.8667,LAGGARD,7.0515
1267,121,EQR,Equity Residential,Real Estate,Multi-Family Residential REITs,large,65.89,25.61,-0.0012,0.0496,-0.0238,FLAT,13.31,-1.07,7.11,-16.36,50.0,20.15,1.2835,MED,-,64.0465,61.5398,61.3096,1,-2.6568,LAGGARD,7.0206
1268,15,MMM,3M,Industrials,Industrial Conglomerates,large,143.21,29.66,0.0009,-0.0622,-0.1338,STRONG_UP,-13.84,-3.24,,-18.77,50.4,25.17,0.7302,LOW,EARLY,146.101,147.8216,156.8083,0,-6.4969,WEAK,7.0136
1269,-61,AVPT,AVEPOINT INC CLASS A,Information Technology,,mid,10.06,6.32,-0.0111,-0.0626,-0.2412,STRONG_UP,-20.6,-49.67,21.2,-55.03,50.4,47.83,1.1297,MED,EARLY,10.1488,10.1341,12.9977,0,-52.344,WEAK,6.9719
1270,18,VERX,VERTEX INC CLASS A,Information Technology,,small,13.53,1.58,0.0788,0.0505,-0.1393,STRONG_UP,-29.49,-64.33,-57.32,-74.21,45.2,74.27,0.547,LOW,-,12.9215,12.8582,19.5738,0,-39.15,WEAK,6.9645
1271,-90,PTON,PELOTON INTERACTIVE CLASS A INC,Consumer Discretionary,,small,5.39,18.75,0.0733,0.1812,0.3545,STRONG_DOWN,-27.55,-20.85,28.64,-58.78,44.8,56.99,0.9963,LOW,-,5.241,4.5972,6.2697,0,-16.3916,WEAK,6.9455
1272,-34,SKYW,SKYWEST INC,Industrials,,mid,85.11,18.64,-0.0073,-0.1334,-0.1519,STRONG_UP,-13.47,-18.04,11.63,-34.93,45.2,40.57,0.7539,LOW,EARLY,88.1845,90.9076,100.9729,0,-20.0959,WEAK,6.9412
1273,44,SKY,CHAMPION HOMES INC,Consumer Discretionary,,mid,68.97,13.19,-0.0549,-0.074,-0.143,STRONG_UP,-17.25,-25.69,-12.87,-35.0,45.2,43.77,1.732,HIGH,EARLY,76.832,77.3718,79.3097,0,-26.5344,WEAK,6.9368
1274,52,SJM,J.M. Smucker Company (The),Consumer Staples,Packaged Foods & Meats,large,100.33,40.0,0.0564,0.0879,-0.0317,FLAT,-4.53,-6.38,-6.56,-22.82,48.8,28.53,0.8996,LOW,SHIFT,96.7955,98.8662,102.9022,0,-10.9144,WEAK,6.9368
1275,95,PZZA,PAPA JOHNS INTERNATIONAL INC,Consumer Discretionary,,small,34.07,25.69,0.0453,0.0249,0.1086,FLAT,-20.58,-13.95,-28.92,-43.11,49.2,63.6,1.0825,MED,-,35.6935,34.6894,39.8856,0,-10.7938,WEAK,6.9132
1276,-30,DNOW,DNOW INC,Industrials,,mid,13.36,21.61,0.0133,0.1167,-0.1597,FLAT,1.75,-14.19,-3.05,-34.08,56.0,52.96,0.807,LOW,SHIFT,12.799,12.2522,13.9746,0,-15.0087,WEAK,6.8919
1277,0,NVR,"NVR, Inc.",Consumer Discretionary,Homebuilding,large,5795.6602,17.36,-0.0132,-0.1031,-0.1801,STRONG_UP,-21.01,-21.71,-23.31,-32.16,46.8,31.42,0.5816,LOW,EARLY,6380.691,6559.6414,7414.4522,0,-32.3343,WEAK,6.863
1278,49,WM,Waste Management,Industrials,Environmental & Facilities Services,large,217.65,32.2,0.0106,-0.0426,-0.0348,FLAT,9.42,-0.64,6.32,-18.14,51.2,21.44,0.6332,LOW,EARLY,224.672,230.142,221.619,0,-1.5378,WEAK,6.8417
1279,28,MET,MetLife,Financials,Life & Health Insurance,large,78.64,23.57,0.0002,0.0443,0.0064,FLAT,2.62,-0.95,14.26,-17.46,52.4,25.28,0.5901,LOW,-,78.3185,73.8748,76.8415,1,-1.9773,LAGGARD,6.8221
1280,-121,SFBS,SERVISFIRST BANCSHARES INC,Financials,,mid,76.83,23.93,-0.0165,-0.0088,-0.0918,FLAT,7.63,-0.06,23.12,-23.75,48.8,27.69,0.4875,LOW,-,78.621,76.2569,77.4022,0,-0.0973,WEAK,6.8147
1281,-137,JBLU,JETBLUE AIRWAYS CORP,Industrials,,small,4.73,29.24,-0.0379,-0.1564,-0.1519,FLAT,7.26,-4.06,-21.56,-37.62,44.8,76.92,0.9234,LOW,-,5.1375,4.7592,4.8764,0,-2.3628,WEAK,6.8112
1282,38,RMD,ResMed,Health Care,Health Care Equipment,large,203.79,16.14,-0.0114,-0.094,-0.2197,STRONG_UP,-18.13,-17.15,-4.99,-32.01,50.0,26.4,0.9719,LOW,EARLY,215.1735,225.8838,252.9157,0,-32.4834,WEAK,6.8054
1283,-73,TNC,TENNANT,Industrials,,small,82.27,38.14,-0.0332,0.0444,0.0488,STRONG_DOWN,12.31,8.7,-19.5,-27.71,52.8,55.2,0.3854,LOW,-,82.029,73.2326,76.5298,1,8.3241,LAGGARD,6.7792
1284,-35,CASH,PATHWARD FINANCIAL INC,Financials,,mid,82.59,25.36,-0.0351,-0.1378,-0.0688,FLAT,19.39,0.98,54.02,-20.68,51.2,33.31,0.8794,LOW,-,90.0515,90.6479,80.1931,1,1.5023,LAGGARD,6.7748
1285,54,SCL,STEPAN,Materials,,small,51.1,15.94,-0.022,-0.0222,-0.2315,STRONG_UP,18.15,-4.11,-38.86,-32.78,54.4,50.91,0.6587,LOW,-,51.323,49.8236,49.2964,1,-4.3955,LAGGARD,6.7709
1286,-85,TFIN,TRIUMPH FINANCIAL INC,Financials,,small,64.42,28.93,-0.0225,0.0508,-0.06,FLAT,20.28,3.17,-12.95,-28.76,49.2,46.0,0.6606,LOW,-,66.286,61.8098,59.5504,1,3.3916,LAGGARD,6.7622
1287,47,EW,Edwards Lifesciences,Health Care,Health Care Equipment,large,79.73,31.1,-0.0252,0.043,-0.0014,FLAT,-5.17,5.6,,-12.73,49.2,31.18,0.8149,LOW,EARLY,81.4145,81.7612,81.2098,0,8.8406,WEAK,6.7469
1288,52,QTWO,Q2 HOLDINGS INC,Information Technology,,mid,47.0,6.84,-0.039,-0.1575,-0.3638,STRONG_UP,-35.78,-49.32,-23.56,-52.32,43.2,46.95,0.3619,LOW,EARLY,50.5495,49.3936,64.4256,0,-45.3763,WEAK,6.7431
1289,-25,MOS,Mosaic Company (The),Materials,Fertilizers & Agricultural Chemicals,mid,22.39,1.45,-0.0378,-0.0738,-0.2859,STRONG_UP,-11.99,-32.58,-19.11,-40.95,46.4,53.36,0.9689,LOW,EARLY,23.4535,25.151,27.8661,0,-28.3268,WEAK,6.7341
1290,107,ZBH,Zimmer Biomet,Health Care,Health Care Equipment,large,83.37,18.9,0.0232,-0.1136,-0.1321,STRONG_UP,-5.54,-13.59,-28.93,-25.54,51.6,34.42,0.8396,LOW,EARLY,87.331,89.8785,94.0229,0,-20.3723,WEAK,6.7331
1291,31,DEI,DOUGLAS EMMETT REIT INC,Real Estate,,small,11.96,6.1,-0.0144,0.1888,0.1379,FLAT,1.79,-14.04,-7.55,-44.09,42.8,37.25,1.5004,HIGH,-,11.088,10.1513,11.8883,1,-16.1284,LAGGARD,6.6948
1292,9,HD,Home Depot (The),Consumer Discretionary,Home Improvement Retail,large,310.46,23.61,-0.0023,-0.044,-0.0958,STRONG_UP,-15.08,-14.8,-4.32,-25.71,45.6,27.17,1.0348,MED,EARLY,329.2805,334.3657,365.5174,0,-24.839,WEAK,6.6852
1293,119,ESS,Essex Property Trust,Real Estate,Multi-Family Residential REITs,large,268.64,26.83,0.0084,0.0443,-0.0166,FLAT,5.41,-0.49,10.99,-16.49,55.2,20.52,0.4088,LOW,-,260.607,252.2689,253.4595,1,-1.3208,LAGGARD,6.6766
1294,-112,NTGR,NETGEAR INC,Information Technology,,small,25.67,28.42,0.0144,-0.0677,0.0618,FLAT,-13.36,-13.83,112.5,-44.82,46.8,50.89,0.4853,LOW,-,25.845,23.6544,25.6156,1,-12.7186,LAGGARD,6.6612
1295,-139,OCFC,OCEANFIRST FINANCIAL CORP,Financials,,small,18.24,35.71,-0.0229,-0.0149,-0.0361,FLAT,3.51,8.18,28.19,-15.39,46.8,24.67,0.8797,LOW,-,18.8252,18.2766,18.0027,1,15.5204,LAGGARD,6.6573
1296,67,HURN,HURON CONSULTING GROUP INC,Industrials,,mid,110.23,11.86,-0.0587,-0.1437,-0.1253,FLAT,-33.68,-26.42,26.22,-40.6,54.0,50.04,1.012,MED,EARLY,126.3465,128.841,148.1842,0,-28.5056,WEAK,6.6504
1297,-210,DOLE,DOLE PLC,Consumer Staples,,small,14.41,50.0,-0.0142,-0.0661,-0.0279,FLAT,5.03,3.36,22.07,-15.18,52.4,23.98,1.7501,HIGH,-,14.964,14.836,14.4117,0,7.3383,LAGGARD,6.6452
1298,-8,CVBF,CVB FINANCIAL CORP,Financials,,mid,19.84,29.64,-0.0191,-0.0219,-0.019,FLAT,8.95,3.34,26.27,-13.91,47.6,23.46,1.0055,MED,-,20.3385,19.688,19.2456,1,6.783,LAGGARD,6.6118
1299,19,ALG,ALAMO GROUP INC,Industrials,,mid,151.63,13.56,-0.0889,-0.1376,-0.2435,STRONG_UP,-7.99,-24.67,-21.85,-34.41,44.8,45.67,1.1664,MED,EARLY,168.101,169.3942,186.0538,0,-24.1997,WEAK,6.6036
1300,54,CDRE,CADRE HOLDINGS INC,Industrials,,small,28.38,17.37,-0.0562,-0.1441,-0.2785,STRONG_UP,-34.1,-20.32,-3.27,-40.57,51.2,61.06,3.736,HIGH,-,29.8654,32.557,37.1202,0,-17.0375,WEAK,6.5831
1301,0,ERIE,Erie Indemnity,Financials,Insurance Brokers,large,218.5,4.29,0.0423,-0.1142,-0.2077,STRONG_UP,-20.43,-38.02,-43.99,-42.57,49.6,35.42,0.6786,LOW,EARLY,229.954,241.4149,287.9322,0,-53.2384,WEAK,6.579
1302,-97,ESNT,ESSENT GROUP LTD,Financials,,mid,60.87,30.36,0.0104,0.0096,-0.0564,STRONG_UP,-0.89,3.53,11.47,-13.93,51.6,25.19,0.7548,LOW,-,62.1385,60.1501,61.3636,0,7.2307,WEAK,6.5362
1303,-118,STC,STEWART INFO SERVICES CORP,Financials,,small,66.84,32.86,-0.012,0.0408,-0.0393,FLAT,-5.56,5.39,12.49,-24.48,48.0,30.51,0.7883,LOW,-,68.7635,65.2792,68.738,0,8.4814,WEAK,6.5259
1304,69,KVUE,Kenvue,Consumer Staples,Personal Care Products,large,17.47,20.0,0.0084,0.005,0.0025,STRONG_UP,6.7,-22.98,-7.94,-41.09,49.2,21.5,0.9642,LOW,PROGRESS,17.4475,17.5218,17.5357,0,-52.5892,WEAK,6.4964
1305,46,WOR,WORTHINGTON ENTERPRISES INC,Industrials,,mid,54.08,25.85,-0.009,-0.0234,-0.0386,STRONG_UP,-1.04,-10.61,-5.68,-29.83,49.6,32.62,0.7836,LOW,-,54.59,52.4911,56.0158,0,-16.1382,WEAK,6.4727
1306,24,CWST,CASELLA WASTE SYSTEMS INC CLASS A,Industrials,,mid,84.88,13.98,0.0272,0.0169,-0.1753,STRONG_UP,-3.39,-24.37,-12.01,-36.69,49.2,47.91,0.6308,LOW,SHIFT,82.13,84.1076,93.255,0,-25.0258,WEAK,6.4584
1307,-55,PRK,PARK NATIONAL CORP,Financials,,mid,169.04,30.71,-0.013,-0.0034,-0.0056,FLAT,9.92,3.71,30.34,-15.31,49.6,25.65,0.7599,LOW,-,172.5885,166.3676,161.7831,1,7.1788,LAGGARD,6.4384
1308,-19,UBER,Uber,Industrials,Passenger Ground Transportation,large,76.36,19.49,-0.0119,0.047,0.1114,STRONG_DOWN,-18.85,-16.75,15.66,-30.89,48.8,36.16,0.9365,LOW,SHIFT,75.7935,74.2948,84.6648,0,-22.6005,WEAK,6.432
1309,-33,RAMP,LIVERAMP HOLDINGS INC,Information Technology,,small,28.68,33.16,-0.0174,-0.0382,0.0466,FLAT,-5.91,-3.47,-11.65,-34.44,52.0,38.54,0.5369,LOW,-,29.3345,28.144,27.7856,1,-4.6776,LAGGARD,6.4096
1310,56,INVH,Invitation Homes,Real Estate,Single-Family Residential REITs,large,28.46,7.32,-0.0069,0.051,0.0083,FLAT,3.88,-12.01,-11.7,-26.99,46.4,22.51,1.0416,MED,-,27.8425,26.292,27.3138,1,-24.7501,LAGGARD,6.4084
1311,17,PAYX,Paychex,Industrials,Human Resource & Employment Services,large,93.71,7.63,0.0491,0.0544,0.0241,FLAT,-15.07,-36.32,-20.58,-44.95,46.4,31.1,0.8911,LOW,SHIFT,92.4215,92.5336,111.0107,0,-54.1857,WEAK,6.4028
1312,-31,SAFE,SAFEHOLD INC,Real Estate,,small,15.23,31.71,0.0125,-0.0395,-0.03,FLAT,17.35,4.52,-16.7,-22.9,50.8,33.84,0.7049,LOW,-,15.408,14.7838,14.5171,1,6.7804,LAGGARD,6.3867
1313,-46,MLKN,MILLERKNOLL INC,Industrials,,small,15.08,24.58,-0.0351,-0.0707,-0.2977,STRONG_UP,9.21,-11.9,-41.29,-37.8,47.2,59.74,0.8306,LOW,-,16.5175,16.9358,17.952,0,-9.4014,WEAK,6.3862
1314,-11,FMNB,FARMERS NATIONAL BANC CORP,Financials,,small,13.95,35.0,0.0009,0.0094,0.0631,STRONG_DOWN,7.47,7.02,23.27,-16.69,52.8,21.22,0.6282,LOW,-,14.0465,13.4274,13.4964,1,17.4672,LAGGARD,6.3788
1315,-64,CNK,CINEMARK HOLDINGS INC,Communication,,mid,26.28,20.83,-0.0084,-0.1238,-0.113,FLAT,-12.1,-13.17,47.99,-34.65,48.8,34.99,0.7455,LOW,EARLY,28.4525,28.2314,26.4575,0,-18.3688,WEAK,6.3658
1316,-8,CMCSA,Comcast,Communication Services,Cable & Satellite,large,24.9,14.29,-0.0469,-0.1208,-0.2179,STRONG_UP,0.27,-20.28,-27.8,-25.72,48.0,38.0,1.0599,MED,EARLY,27.6155,28.5026,28.2246,0,-25.6231,WEAK,6.348
1317,-25,AMPL,AMPLITUDE INC CLASS A,Information Technology,,small,6.18,9.47,-0.1698,-0.1361,-0.2729,FLAT,-42.4,-47.63,-31.18,-57.79,44.8,82.37,1.4579,MED,-,7.0055,6.9838,9.5278,0,-25.9038,WEAK,6.3241
1318,31,EPRT,ESSENTIAL PROPERTIES REALTY TRUST,Real Estate,,mid,31.27,30.49,-0.0013,-0.0571,-0.0541,FLAT,4.51,3.56,24.03,-12.17,52.0,17.26,0.2799,LOW,-,31.7845,31.9473,30.513,1,10.7307,LAGGARD,6.2471
1319,-19,NBTB,NBT BANCORP INC,Financials,,mid,44.98,31.07,0.0143,0.0055,0.0105,FLAT,10.29,3.89,28.04,-12.17,46.0,24.01,1.3484,MED,-,44.692,43.424,42.3686,1,7.4465,LAGGARD,6.2372
1320,60,POOL,Pool Corporation,Consumer Discretionary,Distributors,mid,182.33,4.86,0.0061,-0.1135,-0.2202,STRONG_UP,-25.93,-40.81,-49.53,-44.75,42.8,43.36,1.0535,MED,EARLY,211.8385,209.4321,256.6172,0,-40.2791,WEAK,6.2312
1321,-2,LEG,LEGGETT & PLATT INC,Consumer Discretionary,,small,9.52,42.36,-0.126,-0.1221,-0.1243,FLAT,9.81,1.35,-20.76,-25.78,44.8,51.98,1.007,MED,-,10.98,10.519,10.266,0,1.1607,WEAK,6.1887
1322,0,EFX,Equifax,Industrials,Research & Consulting Services,large,166.76,7.2,-0.0136,-0.1065,-0.1198,STRONG_UP,-19.74,-38.54,-30.83,-40.02,49.6,37.75,0.5217,LOW,EARLY,177.725,182.4654,213.0862,0,-50.6332,WEAK,6.1805
1323,-60,XYL,Xylem Inc.,Industrials,Industrial Machinery & Supplies & Components,large,111.54,25.0,-0.0359,-0.1408,-0.0832,FLAT,-25.7,-11.05,-19.18,-26.62,49.6,25.84,0.6926,LOW,EARLY,118.482,121.175,135.5384,0,-21.2087,WEAK,6.1723
1324,11,PHR,PHREESIA INC,Health Care,,small,9.61,0.39,0.0251,0.1409,-0.2377,FLAT,-57.52,-63.18,-56.32,-75.24,47.6,75.62,0.4241,LOW,-,9.461,10.126,18.1953,0,-39.7695,WEAK,6.1427
1325,12,LGIH,LGI HOMES INC,Consumer Discretionary,,small,45.6,15.28,0.0111,0.176,-0.1474,FLAT,-0.33,-23.46,-54.6,-49.25,40.8,59.96,0.989,LOW,-,45.6875,42.4638,49.9382,0,-15.9663,WEAK,6.0988
1326,3,VICI,Vici Properties,Real Estate,Hotel & Resort REITs,large,28.55,20.73,-0.0006,-0.0186,-0.0607,STRONG_UP,-3.11,-3.37,8.16,-17.88,49.6,18.79,0.6455,LOW,-,28.5725,28.2122,29.1918,0,-8.9062,WEAK,6.0911
1327,21,GENI,GENIUS SPORTS LTD,Consumer Discretionary,,small,4.45,0.69,0.0481,0.0934,-0.1722,FLAT,-57.21,-57.0,-13.42,-71.07,45.2,65.47,1.1578,MED,-,4.5135,4.6856,9.1846,0,-39.3557,WEAK,6.0806
1328,53,FDS,FactSet,Financials,Financial Exchanges & Data,mid,215.92,1.07,0.0387,-0.0243,0.1297,FLAT,-17.8,-51.48,-49.74,-59.47,49.2,46.43,0.5659,LOW,EARLY,227.3585,219.2298,274.9293,0,-54.5462,WEAK,6.0653
1329,-25,HSIC,Henry Schein,Health Care,Health Care Distributors,mid,69.35,26.77,-0.0262,-0.0791,-0.1575,STRONG_UP,-5.0,-1.69,-5.17,-17.23,48.8,26.45,1.1696,MED,EARLY,74.9725,75.1464,72.5903,0,-3.1125,WEAK,6.0632
1330,-185,CXW,CORECIVIC REIT INC,Industrials,,mid,19.6,26.69,-0.0506,-0.0186,0.0955,STRONG_DOWN,12.32,-9.76,28.69,-28.97,47.6,47.71,0.7214,LOW,-,20.3835,19.724,19.2712,1,-9.7381,LAGGARD,6.0427
1331,-10,ITRI,ITRON INC,Information Technology,,mid,81.26,21.05,-0.0122,-0.2896,-0.3798,STRONG_UP,-19.47,-29.4,-23.62,-41.38,52.0,43.52,0.6489,LOW,EARLY,87.748,90.1044,105.6255,0,-35.1293,WEAK,6.0404
1332,-34,MCO,Moody's Corporation,Financials,Financial Exchanges & Data,large,451.75,20.0,0.0261,0.0414,0.1078,STRONG_DOWN,-6.46,-6.06,15.42,-23.61,51.2,29.23,0.6256,LOW,-,455.1485,447.1306,480.4891,0,-10.6165,WEAK,6.0376
1333,-10,BRO,Brown & Brown,Financials,Insurance Brokers,large,55.77,1.79,0.0081,-0.1496,-0.1566,STRONG_UP,-28.59,-48.39,-35.32,-50.75,47.6,29.43,1.5813,HIGH,EARLY,62.2343,65.3055,79.132,0,-78.2611,WEAK,6.0126
1334,73,HCI,HCI GROUP INC,Financials,,small,153.21,21.43,0.0146,0.0089,-0.059,STRONG_UP,-18.36,-4.47,52.41,-27.46,49.2,29.91,1.6493,HIGH,-,153.9945,156.6564,169.8643,0,-7.3468,WEAK,5.9679
1335,-42,UPWK,UPWORK INC,Industrials,,small,8.35,1.27,-0.148,-0.246,-0.3901,STRONG_UP,-52.56,-52.29,-30.82,-62.23,46.4,62.12,1.5657,HIGH,-,10.3985,11.1686,15.7672,0,-39.0544,WEAK,5.9569
1336,-89,CCS,CENTURY COMMUNITIES INC,Consumer Discretionary,,small,53.08,36.11,0.0148,-0.0701,-0.169,STRONG_UP,-9.53,-4.89,-35.14,-30.65,48.4,39.28,0.7426,LOW,-,57.5925,58.2442,61.8835,0,-6.0247,WEAK,5.9505
1337,40,AVB,AvalonBay Communities,Real Estate,Multi-Family Residential REITs,large,187.02,18.29,0.0064,0.0695,-0.003,FLAT,8.01,-5.07,1.83,-20.87,52.4,20.3,0.4787,LOW,-,179.362,172.2007,177.9544,1,-13.0956,LAGGARD,5.9385
1338,-127,WTW,Willis Towers Watson,Financials,Insurance Brokers,large,251.44,11.07,0.0153,-0.1186,-0.0905,FLAT,-21.34,-16.37,1.49,-28.2,50.8,33.96,0.9587,LOW,EARLY,276.02,284.4526,313.2451,0,-24.4809,WEAK,5.893
1339,-26,KBH,KB HOME,Consumer Discretionary,,mid,46.93,24.31,-0.0137,-0.0417,-0.1579,STRONG_UP,-21.99,-14.72,-30.85,-30.04,47.2,35.73,0.6284,LOW,EARLY,51.887,52.6108,58.9348,0,-19.4421,WEAK,5.8706
1340,-49,AIN,ALBANY INTERNATIONAL CORP CLASS A,Industrials,,small,61.73,27.97,0.0388,0.0574,0.0918,STRONG_DOWN,31.09,-7.85,-28.99,-42.65,51.2,37.87,0.5966,LOW,-,58.1335,55.8497,55.5036,1,-10.6069,LAGGARD,5.8038
1341,11,AMPH,AMPHASTAR PHARMACEUTICALS INC,Health Care,,small,17.5,12.99,-0.2513,-0.1589,-0.3944,FLAT,-33.0,-26.72,-58.7,-43.2,50.0,75.8,2.1282,HIGH,-,21.593,20.465,25.0641,0,-17.6233,WEAK,5.7951
1342,-128,ACIW,ACI WORLDWIDE INC,Information Technology,,mid,42.18,27.89,-0.0168,-0.1152,-0.148,STRONG_UP,-11.16,-14.2,15.69,-28.25,50.8,40.53,0.7896,LOW,-,43.7585,42.0038,45.6134,0,-17.7963,WEAK,5.7823
1343,24,TGLS,TECNOGLASS INC,Industrials,,mid,38.02,0.85,-0.1133,-0.1693,-0.2394,STRONG_UP,-18.63,-56.31,-27.75,-56.77,44.0,43.61,0.6164,LOW,EARLY,42.964,43.2941,55.082,0,-56.8164,WEAK,5.7595
1344,-58,CLX,Clorox,Consumer Staples,Household Products,large,89.11,10.0,0.0103,-0.1385,-0.2277,STRONG_UP,-12.85,-31.69,-31.9,-33.98,47.6,36.57,0.9802,LOW,EARLY,94.7475,101.8066,109.2566,0,-41.2487,WEAK,5.7523
1345,-101,OFG,OFG BANCORP,Financials,,small,44.25,33.93,-0.0181,0.0433,0.0717,STRONG_DOWN,9.6,6.25,23.49,-17.74,49.2,23.27,0.5809,LOW,-,44.86,42.0356,41.5056,1,13.2223,LAGGARD,5.7493
1346,-37,PAYC,Paycom,Industrials,Human Resource & Employment Services,mid,137.6,2.54,0.1126,0.1479,0.1983,STRONG_DOWN,-17.09,-46.69,-19.69,-56.97,48.4,47.31,0.6919,LOW,SHIFT,129.808,126.7226,166.6429,0,-47.7655,WEAK,5.7473
1347,22,WY,Weyerhaeuser,Real Estate,Timber REITs,large,23.45,10.98,-0.0217,-0.0789,-0.1825,STRONG_UP,5.28,-9.07,-20.15,-21.96,46.8,23.83,0.9083,LOW,EARLY,24.342,24.1372,24.168,0,-17.8146,WEAK,5.7352
1348,-17,EXE,Expand Energy,Energy,Oil & Gas Exploration & Production,large,96.43,4.49,-0.0178,-0.0568,-0.2079,STRONG_UP,-15.16,-12.08,15.66,-22.9,48.0,30.45,0.6588,LOW,EARLY,97.4265,102.604,104.2239,0,-19.0493,WEAK,5.7344
1349,88,ISRG,Intuitive Surgical,Health Care,Health Care Equipment,large,431.87,14.17,-0.0275,-0.053,-0.136,STRONG_UP,-25.05,-23.42,13.39,-29.15,47.2,31.15,1.1985,MED,EARLY,458.7495,467.1398,497.9734,0,-35.4879,WEAK,5.7241
1350,10,ENR,ENERGIZER HOLDINGS INC,Consumer Staples,,small,17.69,26.67,-0.0481,-0.0709,-0.1692,STRONG_UP,-23.48,-18.35,-35.57,-42.96,48.0,47.81,,LOW,-,19.2665,18.2418,21.7798,0,-18.4234,WEAK,5.7126
1351,68,VRRM,VERRA MOBILITY CORP CLASS A,Industrials,,mid,13.57,5.08,-0.0288,-0.0964,-0.2357,STRONG_UP,-41.15,-42.38,-49.89,-47.1,41.2,37.65,1.1343,MED,EARLY,14.7975,14.9134,20.699,0,-46.3737,WEAK,5.6993
1352,35,CBZ,CBIZ INC,Industrials,,small,29.66,0.42,0.0233,0.0193,0.0095,STRONG_UP,-42.69,-59.83,-61.32,-67.69,46.4,69.49,0.2981,LOW,-,30.893,28.6742,45.9217,0,-39.9476,WEAK,5.6534
1353,-56,BLFS,BIOLIFE SOLUTIONS INC,Health Care,,small,21.23,22.83,-0.0074,0.0708,-0.0523,FLAT,-19.25,-8.06,2.76,-36.96,49.6,51.63,0.6923,LOW,-,21.555,20.2866,23.7782,0,-7.7387,WEAK,5.6382
1354,-99,NNI,NELNET INC CLASS A,Financials,,mid,122.2,33.57,-0.1107,-0.087,-0.0534,STRONG_DOWN,-5.71,6.13,20.74,-15.27,51.6,32.13,0.971,LOW,EARLY,137.6615,133.2946,130.2658,0,9.842,WEAK,5.6352
1355,-83,NMIH,NMI HOLDINGS INC,Financials,,mid,37.39,22.86,-0.0033,-0.0278,-0.0775,STRONG_UP,-0.4,-1.61,11.78,-18.08,53.6,25.01,0.8998,LOW,EARLY,39.268,38.434,38.5454,0,-3.4403,WEAK,5.6004
1356,50,WD,WALKER & DUNLOP INC,Financials,,small,55.18,8.21,0.057,0.1547,-0.0801,FLAT,-14.57,-24.09,-39.64,-49.57,48.4,53.3,1.3319,MED,-,51.429,48.0591,64.9486,0,-21.8785,WEAK,5.5901
1357,-11,HNI,HNI CORP,Industrials,,mid,31.65,9.32,-0.0257,-0.1282,-0.3494,STRONG_UP,-18.37,-33.01,-26.74,-39.31,44.8,44.55,0.8078,LOW,EARLY,36.0295,36.5514,42.2353,0,-33.1978,WEAK,5.5402
1358,37,BANR,BANNER CORP,Financials,,mid,64.5,27.5,-0.007,0.025,0.0144,FLAT,6.21,2.32,47.23,-14.3,46.8,26.69,0.8092,LOW,-,65.0224,62.1061,62.508,1,4.0621,LAGGARD,5.5167
1359,-26,ICE,Intercontinental Exchange,Financials,Financial Exchanges & Data,large,155.81,16.07,0.0349,-0.0286,0.038,FLAT,4.87,-8.79,19.27,-22.53,49.6,27.49,0.5464,LOW,EARLY,157.8505,159.4674,163.066,0,-15.8671,WEAK,5.5087
1360,22,PRVA,PRIVIA HEALTH GROUP INC,Health Care,,mid,23.01,25.2,-0.0244,0.0187,0.0596,STRONG_DOWN,-1.71,-5.31,27.9,-24.62,46.0,36.81,1.0037,MED,-,23.941,22.7592,23.0726,0,-6.634,WEAK,5.502
1361,-18,AGM,FEDERAL AGRICULTURAL MORTGAGE NON,Financials,,small,178.4,20.36,0.0164,0.104,0.0192,FLAT,11.63,-4.74,7.84,-31.94,50.4,40.76,0.5729,LOW,-,173.8965,160.2727,168.9544,1,-5.8621,LAGGARD,5.497
1362,3,KHC,Kraft Heinz,Consumer Staples,Packaged Foods & Meats,large,23.37,33.33,0.0333,0.0568,0.0129,FLAT,-0.99,-9.89,-28.48,-23.19,51.6,26.77,0.8784,LOW,SHIFT,22.564,22.6473,24.1028,0,-19.0589,WEAK,5.4965
1363,30,AMP,Ameriprise Financial,Financials,Asset Management & Custody Banks,large,470.12,16.79,0.0083,0.0314,-0.0203,FLAT,3.03,-8.33,11.7,-20.87,54.4,28.15,1.0898,MED,SHIFT,465.9257,453.7695,478.057,0,-16.0985,WEAK,5.4748
1364,28,MKC,McCormick & Company,Consumer Staples,Packaged Foods & Meats,large,46.83,5.0,-0.0149,-0.1249,-0.2742,STRONG_UP,-26.02,-35.57,-34.89,-37.87,47.6,33.81,0.7695,LOW,EARLY,50.3759,53.3211,63.0092,0,-50.0712,WEAK,5.4607
1365,33,FCPT,FOUR CORNERS PROPERTY INC TRUST,Real Estate,,mid,25.05,24.39,-0.0113,-0.0192,-0.0478,STRONG_UP,7.05,-1.14,13.53,-15.49,47.2,18.93,0.5502,LOW,-,25.28,24.8232,24.0536,1,-2.8478,LAGGARD,5.4294
1366,76,ATRC,ATRICURE INC,Health Care,,small,26.69,17.72,-0.0307,-0.0696,-0.1952,STRONG_UP,-16.57,-15.22,18.78,-38.03,48.8,42.87,1.0376,MED,-,28.2245,28.8964,34.4999,0,-17.3208,WEAK,5.4234
1367,-82,TMHC,TAYLOR MORRISON HOME CORP,Consumer Discretionary,,mid,58.24,36.81,0.0018,0.03,-0.0094,FLAT,-2.13,-4.88,-1.74,-22.2,45.2,33.27,0.7161,LOW,EARLY,60.7575,59.9372,62.6904,0,-6.6343,WEAK,5.4016
1368,23,TMUS,T-Mobile US,Communication Services,Wireless Telecommunication Services,large,193.3,19.05,0.0135,0.021,-0.0666,FLAT,-5.19,-17.16,22.05,-28.51,50.0,29.96,0.6723,LOW,PROGRESS,193.2295,202.6428,213.7402,0,-28.6451,WEAK,5.3886
1369,5,UFPI,UFP INDUSTRIES INC,Industrials,,mid,82.27,18.22,-0.0,-0.1451,-0.2511,STRONG_UP,-9.4,-19.44,-28.98,-30.3,42.4,30.5,1.7821,HIGH,EARLY,90.0785,91.3476,95.8139,0,-27.0205,WEAK,5.3862
1370,-134,JBGS,JBG SMITH PROPERTIES,Real Estate,,small,14.91,12.2,-0.0535,-0.0418,-0.1298,FLAT,-17.13,-7.7,9.77,-40.48,46.0,30.62,0.7885,LOW,-,15.3305,14.9952,17.865,0,-11.5691,WEAK,5.3598
1371,5,WKC,WORLD KINECT CORP,Energy,,small,27.39,7.87,0.0101,0.1116,-0.1356,FLAT,8.9,2.24,15.98,-22.53,52.0,32.56,0.7059,LOW,-,25.768,24.2549,24.958,1,3.5817,LAGGARD,5.3178
1372,-78,ICUI,ICU MEDICAL INC,Health Care,,mid,123.23,18.5,0.0471,-0.0135,-0.1723,STRONG_UP,-11.49,-14.18,13.71,-27.18,46.4,37.27,0.8946,LOW,EARLY,123.3855,126.6306,133.5146,0,-17.6527,WEAK,5.3107
1373,0,COUR,COURSERA INC,Consumer Discretionary,,small,5.74,6.94,-0.0114,0.0175,0.1068,STRONG_DOWN,-31.18,-36.85,-33.95,-58.43,52.8,66.09,2.0662,HIGH,-,6.051,5.973,8.2357,0,-29.4428,WEAK,5.2985
1374,30,AWR,AMERICAN STATES WATER,Utilities,,mid,77.69,19.61,0.0241,0.0501,0.0774,STRONG_DOWN,4.98,4.74,4.67,-11.7,50.0,25.27,1.0049,MED,-,77.3,76.1434,73.6319,1,9.3705,LAGGARD,5.2952
1375,35,TRIP,TRIPADVISOR INC,Communication,,small,9.45,8.33,-0.1108,-0.1474,-0.3483,STRONG_UP,-38.36,-39.69,-49.3,-51.72,45.6,60.2,1.0146,MED,-,11.0215,10.5376,14.038,0,-30.067,WEAK,5.2944
1376,20,ITGR,INTEGER HOLDINGS CORP,Health Care,,mid,84.98,11.81,0.0015,-0.0186,-0.0317,STRONG_UP,23.59,-29.77,-24.59,-48.51,52.0,31.45,0.4446,LOW,EARLY,86.2825,85.9168,88.3078,0,-49.2199,WEAK,5.2615
1377,22,BHVN,BIOHAVEN LTD,Health Care,,small,9.2,1.57,-0.0672,-0.0961,-0.2255,STRONG_UP,18.1,-52.84,-72.76,-60.38,44.8,67.27,0.7126,LOW,-,9.942,9.6568,12.1217,0,-35.1931,WEAK,5.2249
1378,-10,HAE,HAEMONETICS CORP,Health Care,,mid,54.01,14.96,0.0421,-0.0844,-0.0672,FLAT,-23.37,-21.88,-43.86,-40.06,50.8,34.56,0.9532,LOW,EARLY,58.1885,58.886,62.844,0,-32.1662,WEAK,5.224
1379,32,JBI,JANUS INTERNATIONAL GROUP INC,Industrials,,small,4.96,5.51,-0.0406,-0.1153,-0.293,STRONG_UP,-23.22,-41.65,-64.08,-53.93,44.4,53.22,2.4066,HIGH,-,5.295,5.3578,7.5176,0,-34.745,WEAK,5.1971
1380,79,SYK,Stryker Corporation,Health Care,Health Care Equipment,large,294.45,14.57,0.0239,-0.1261,-0.1947,STRONG_UP,-16.63,-23.29,-7.56,-29.45,46.0,27.63,1.2491,MED,EARLY,314.2855,331.461,359.4121,0,-38.7675,WEAK,5.1848
1381,-9,PD,PAGERDUTY INC,Information Technology,,small,6.75,2.63,-0.0062,0.0286,-0.2445,FLAT,-57.03,-60.29,-67.44,-66.63,42.4,69.87,0.579,LOW,-,6.8035,6.7782,11.982,0,-36.589,WEAK,5.1693
1382,-70,HQY,HEALTHEQUITY INC,Health Care,,mid,80.46,16.54,-0.0171,0.0124,0.0404,STRONG_DOWN,-19.4,-17.04,4.01,-35.25,50.8,36.95,1.1401,MED,EARLY,82.878,81.6905,88.8821,0,-23.4312,WEAK,5.1594
1383,-68,APPN,APPIAN CORP CLASS A,Information Technology,,small,20.52,16.84,-0.1064,-0.1415,-0.3174,STRONG_UP,-51.5,-37.63,-38.36,-55.7,48.4,55.05,0.8695,LOW,-,21.8248,23.4667,29.8196,0,-33.0836,WEAK,5.1242
1384,-113,KFY,KORN FERRY,Industrials,,mid,65.97,31.78,0.0232,0.0418,0.1022,STRONG_DOWN,4.34,-0.82,,-21.05,48.4,32.17,0.3993,LOW,-,66.34,63.9118,66.5448,0,-1.228,WEAK,5.1172
1385,49,KMB,Kimberly-Clark,Consumer Staples,Household Products,large,97.34,18.33,0.0016,0.001,-0.0283,STRONG_UP,-3.25,-24.14,-22.75,-32.43,47.2,25.03,1.0878,MED,EARLY,97.659,98.4701,108.1593,0,-45.5301,WEAK,5.108
1386,49,UDR,"UDR, Inc.",Real Estate,Multi-Family Residential REITs,large,37.37,17.07,0.0122,0.0532,-0.1039,FLAT,10.75,-5.98,4.29,-19.08,49.2,21.08,0.7272,LOW,-,35.8845,35.2592,35.7892,1,-13.9595,LAGGARD,5.0846
1387,29,DPZ,Domino's,Consumer Discretionary,Restaurants,large,310.16,9.03,-0.008,-0.1098,-0.084,FLAT,-23.21,-34.89,-37.32,-36.6,44.4,34.41,0.8563,LOW,EARLY,345.27,365.5818,405.5181,0,-45.0136,WEAK,5.0601
1388,72,WRB,W. R. Berkley Corporation,Financials,Property & Casualty Insurance,large,66.56,20.71,0.0258,0.0187,-0.0596,STRONG_UP,-10.72,-4.66,33.62,-16.39,52.4,20.72,0.4363,LOW,PROGRESS,66.5435,66.924,70.1224,0,-11.7884,WEAK,5.0561
1389,-6,CSW,CSW INDUSTRIALS INC,Industrials,,mid,261.47,16.53,-0.0463,-0.1485,-0.1532,STRONG_UP,5.98,-21.94,8.83,-31.03,52.8,41.91,1.1818,MED,EARLY,285.0938,274.883,274.2671,0,-27.6357,WEAK,5.0527
1390,-26,BCPC,BALCHEM CORP,Materials,,mid,159.47,18.84,0.0016,-0.1007,-0.1184,STRONG_UP,3.36,-2.72,4.42,-17.69,44.4,23.91,0.8422,LOW,EARLY,168.882,170.0106,161.0483,0,-5.0538,WEAK,5.0455
1391,-55,MMI,MARCUS & MILLICHAP INC,Real Estate,,small,30.08,28.05,0.0401,0.089,0.112,STRONG_DOWN,0.93,1.92,-7.92,-24.06,48.8,25.63,0.8075,LOW,-,28.418,27.0417,28.2711,1,3.6596,LAGGARD,5.0405
1392,-21,HLMN,HILLMAN SOLUTIONS CORP,Industrials,,small,7.56,27.12,-0.0243,-0.126,-0.232,STRONG_UP,-13.7,-9.57,-20.5,-30.17,41.6,42.42,0.6711,LOW,-,8.3015,8.2517,9.0328,0,-9.3844,WEAK,5.0195
1393,-3,CCB,COASTAL FINANCIAL CORP,Financials,,small,70.29,9.64,-0.043,-0.1334,-0.1891,STRONG_UP,-34.47,-18.83,60.44,-40.92,51.6,44.98,1.1435,MED,-,78.5895,78.0878,98.7444,0,-21.6056,WEAK,4.9963
1394,34,V,Visa Inc.,Financials,Transaction & Payment Processing Services,large,326.42,17.5,0.0431,0.0584,0.001,FLAT,-2.12,-7.81,18.59,-20.38,49.2,26.22,0.6907,LOW,SHIFT,318.5605,311.7018,330.8933,0,-14.659,WEAK,4.9779
1395,-9,SMA,SMARTSTOP SELF STORAGE REIT INC,Real Estate,,mid,31.75,13.41,-0.0077,-0.0388,-0.0691,STRONG_UP,-2.04,-7.51,2.07,-21.77,51.6,33.61,0.3988,LOW,-,32.0306,31.5254,32.9105,0,-11.5225,WEAK,4.9326
1396,-64,UFPT,UFP TECHNOLOGIES INC,Health Care,,small,220.59,21.26,0.0276,0.1487,-0.1691,FLAT,-5.94,-10.98,-14.9,-30.69,48.8,51.02,1.1529,MED,-,203.782,200.6836,217.1915,1,-10.4994,LAGGARD,4.9074
1397,-36,SPGI,S&P Global,Financials,Financial Exchanges & Data,large,424.17,10.71,0.0206,0.0076,0.0976,FLAT,-13.74,-17.08,0.64,-30.48,53.2,25.95,,LOW,EARLY,432.478,429.8764,484.9782,0,-35.0084,WEAK,4.8314
1398,33,HRMY,HARMONY BIOSCIENCES HLDG INC,Health Care,,small,30.15,20.08,-0.0638,0.0528,-0.1825,FLAT,-5.25,-12.28,-0.23,-34.49,48.8,49.21,1.0198,MED,-,31.0975,29.2756,32.8166,0,-12.1759,WEAK,4.8033
1399,54,JKHY,Jack Henry & Associates,Financials,Transaction & Payment Processing Services,large,144.73,10.0,0.0321,-0.0344,-0.1143,STRONG_UP,-10.37,-17.72,-11.38,-25.55,50.8,27.24,1.2367,MED,EARLY,150.947,157.261,163.8475,0,-33.0518,WEAK,4.7467
1400,56,AIG,American International Group,Financials,Multi-line Insurance,large,76.4,19.29,0.0026,0.0021,-0.0115,STRONG_UP,0.43,-6.6,1.02,-16.98,51.2,23.24,0.5649,LOW,-,76.63,76.3828,77.6182,0,-14.5473,WEAK,4.7285
1401,35,USPH,US PHYSICAL THERAPY INC,Health Care,,small,60.85,15.75,-0.1573,-0.1884,-0.312,STRONG_UP,-15.96,-19.31,-39.43,-35.89,49.6,45.7,1.6514,HIGH,-,71.082,74.5859,79.6352,0,-20.9589,WEAK,4.642
1402,15,PAYO,PAYONEER GLOBAL INC,Financials,,small,5.12,5.71,0.0727,0.0403,-0.1219,STRONG_UP,-9.7,-31.37,-10.96,-42.76,46.8,60.03,1.3992,MED,-,5.0875,4.8704,5.7144,0,-24.4543,WEAK,4.6179
1403,71,AWK,American Water Works,Utilities,Water Utilities,large,127.65,7.84,0.0154,-0.0184,0.007,FLAT,0.31,-2.81,-0.48,-15.36,50.8,24.14,0.9594,LOW,EARLY,129.6165,133.7706,133.6208,0,-5.9107,WEAK,4.6039
1404,-15,FWRG,FIRST WATCH RESTAURANT GROUP INC,Consumer Discretionary,,small,11.35,9.72,-0.0307,0.033,-0.2112,FLAT,-35.8,-33.16,-42.33,-47.26,44.4,67.41,0.7315,LOW,-,12.545,12.0246,15.5725,0,-21.8388,WEAK,4.581
1405,-110,MWA,MUELLER WATER PRODUCTS INC SERIES,Industrials,,mid,25.36,30.51,-0.0395,-0.1588,-0.1023,FLAT,6.42,-1.24,35.4,-16.27,48.8,26.32,0.77,LOW,EARLY,27.5285,27.909,26.2324,0,-2.2914,WEAK,4.5144
1406,-56,PRKS,UNITED PARKS AND RESORTS INC,Consumer Discretionary,,small,35.15,11.11,0.0197,-0.0176,0.0887,FLAT,0.89,-28.61,-34.69,-46.15,47.6,52.15,1.6545,HIGH,-,35.392,34.1086,40.8279,0,-26.1183,WEAK,4.4991
1407,-50,MQ,MARQETA INC CLASS A,Financials,,small,3.99,10.36,-0.0159,-0.0074,-0.0298,FLAT,-16.53,-17.39,-28.88,-43.78,47.6,42.02,0.7873,LOW,-,4.299,4.1438,4.7983,0,-19.7008,WEAK,4.4365
1408,47,CWT,CALIFORNIA WATER SERVICE GROUP,Utilities,,mid,43.44,11.76,0.0171,-0.0054,-0.0345,STRONG_UP,-3.59,-2.08,-12.96,-14.59,50.8,30.65,0.517,LOW,EARLY,44.358,44.6675,44.7289,0,-3.4436,WEAK,4.4309
1409,-9,PRGS,PROGRESS SOFTWARE CORP,Information Technology,,small,27.17,3.68,-0.0274,-0.1687,-0.5304,STRONG_UP,-35.98,-56.54,-46.23,-61.2,49.6,68.68,0.5611,LOW,-,28.8675,30.4878,39.9334,0,-40.834,WEAK,4.425
1410,3,SHW,Sherwin-Williams,Materials,Specialty Chemicals,large,311.58,8.7,-0.0254,-0.075,-0.16,STRONG_UP,-8.63,-11.71,0.35,-18.74,46.0,28.96,0.9813,LOW,EARLY,326.125,324.9646,340.2281,0,-18.593,WEAK,4.3781
1411,-58,WGO,WINNEBAGO INDUSTRIES INC,Consumer Discretionary,,small,29.55,21.53,-0.0384,-0.0545,-0.2651,STRONG_UP,-15.11,-17.63,-51.09,-40.09,49.6,38.66,0.6276,LOW,-,32.0675,32.7542,36.1871,0,-22.6215,WEAK,4.3648
1412,-4,GPOR,GULFPORT ENERGY CORP,Energy,,mid,180.29,5.62,-0.0135,-0.1206,-0.2496,STRONG_UP,-12.5,-9.04,21.06,-21.77,52.4,33.9,0.87,LOW,EARLY,188.1225,198.0328,191.8032,0,-13.9748,WEAK,4.3526
1413,-88,BXMT,BLACKSTONE MORTGAGE TRUST REIT CLA,Financials,,mid,18.33,27.86,-0.0306,-0.0723,-0.0523,FLAT,6.27,2.39,23.95,-9.53,50.0,25.96,1.0284,MED,EARLY,19.4875,19.0361,18.4263,0,4.6088,WEAK,4.3475
1414,-9,MBC,MASTERBRAND INC,Industrials,,small,7.18,8.47,-0.0439,-0.1776,-0.3707,STRONG_UP,-32.83,-35.66,-57.99,-48.05,43.2,53.61,0.9407,LOW,-,8.6255,8.5142,11.1986,0,-28.738,WEAK,4.339
1415,-56,FOXF,FOX FACTORY HOLDING CORP,Consumer Discretionary,,small,16.83,7.64,-0.0376,0.0074,-0.0556,FLAT,5.19,-36.08,-64.78,-56.63,50.8,52.29,1.2893,MED,-,17.4365,16.9952,20.6109,0,-35.0524,WEAK,4.332
1416,-13,CHCO,CITY HOLDING,Financials,,small,121.61,28.21,0.0082,-0.0287,-0.021,FLAT,2.23,2.77,22.75,-11.76,45.6,17.88,0.6532,LOW,-,124.106,121.5363,121.3798,1,7.067,LAGGARD,4.317
1417,-72,LKFN,LAKELAND FINANCIAL CORP,Financials,,small,59.79,24.29,-0.0214,0.0027,0.0028,STRONG_DOWN,4.77,0.57,3.31,-18.57,47.2,22.44,1.8994,HIGH,-,60.6116,58.5433,59.6169,1,1.1944,LAGGARD,4.3042
1418,-56,RWT,REDWOOD TRUST REIT INC,Financials,,small,5.31,26.43,-0.0275,-0.1125,0.0003,FLAT,8.17,1.69,4.41,-19.91,46.4,52.27,0.7712,LOW,-,5.695,5.6829,5.4476,0,1.5021,WEAK,4.3036
1419,-40,PG,Procter & Gamble,Consumer Staples,Personal Care Products,large,143.91,36.67,-0.0076,0.0041,-0.0379,FLAT,0.36,-6.73,-8.56,-17.62,48.8,22.03,0.6454,LOW,EARLY,145.189,146.0549,148.2296,0,-14.9048,WEAK,4.2854
1420,58,PCRX,PACIRA BIOSCIENCES INC,Health Care,,small,22.84,25.98,-0.0194,-0.0157,0.0454,STRONG_DOWN,-1.0,-2.39,-24.82,-29.61,52.4,35.1,0.7884,LOW,-,24.3935,23.4736,23.6836,0,-3.5727,WEAK,4.2673
1421,-6,ENOV,ENOVIS CORP,Health Care,,small,25.99,11.02,0.0625,0.0589,0.1343,FLAT,-14.11,-30.41,-49.74,-42.54,47.2,60.94,2.1728,HIGH,-,24.593,23.918,27.0949,0,-23.5574,WEAK,4.254
1422,-8,AVY,Avery Dennison,Materials,Paper & Plastic Packaging Products & Materials,large,160.11,10.14,-0.0276,-0.0719,-0.1763,STRONG_UP,-6.8,-10.2,-26.09,-18.51,46.8,24.87,0.8455,LOW,EARLY,165.5,169.4512,173.3,0,-19.2018,WEAK,4.2243
1423,-1,TNET,TRINET GROUP INCINARY,Industrials,,small,41.45,2.12,0.0373,0.0988,-0.0428,FLAT,-23.0,-49.54,-58.04,-60.35,46.4,62.91,0.5543,LOW,-,41.3425,38.7147,54.3208,0,-36.5392,WEAK,4.1134
1424,6,IDT,IDT CORP CLASS B,Communication,,small,52.66,25.0,0.0516,0.048,-0.0342,STRONG_UP,2.54,-8.39,37.68,-33.19,49.2,23.41,0.8313,LOW,-,51.9495,50.3454,52.8624,0,-17.6366,WEAK,4.1122
1425,-67,IPAR,INTERPARFUMS INC,Consumer Staples,,mid,90.17,16.67,-0.0296,-0.0644,-0.0428,FLAT,5.51,-25.37,-20.48,-43.01,51.6,28.95,1.2869,MED,EARLY,92.8075,92.1573,95.0048,0,-45.2166,WEAK,4.1076
1426,64,ABT,Abbott Laboratories,Health Care,Health Care Equipment,large,84.35,10.24,-0.0061,-0.1374,-0.2592,STRONG_UP,-32.24,-33.3,-16.2,-38.99,47.2,25.01,1.1723,MED,EARLY,90.768,99.5759,117.9528,0,-62.85,WEAK,4.0696
1427,-52,ROCK,GIBRALTAR INDUSTRIES INC,Industrials,,small,37.91,6.78,0.0239,-0.0882,-0.2655,STRONG_UP,-38.22,-39.91,-48.95,-50.5,44.4,50.96,1.182,MED,-,38.9025,40.0174,53.0937,0,-34.7735,WEAK,4.0653
1428,-10,LADR,LADDER CAPITAL CORP CLASS A,Financials,,small,10.06,26.79,-0.0032,-0.0163,-0.0148,FLAT,-0.34,1.81,6.07,-14.68,50.0,19.44,0.7522,LOW,-,10.278,10.0223,10.3756,0,4.6617,WEAK,3.9703
1429,32,CPRT,Copart,Industrials,Diversified Support Services,large,33.44,2.97,0.0251,0.0042,-0.1196,STRONG_UP,-19.25,-46.4,-38.74,-49.2,47.6,27.34,0.6247,LOW,EARLY,33.4405,33.864,40.3847,0,-80.7871,WEAK,3.9351
1430,-28,CBRL,CRACKER BARREL OLD COUNTRY STORE I,Consumer Discretionary,,small,29.74,2.78,0.0048,0.1187,0.024,FLAT,3.81,-43.71,-45.34,-64.96,44.8,46.27,0.8441,LOW,-,30.405,29.0959,35.8219,0,-42.3239,WEAK,3.9204
1431,-11,OI,O I GLASS INC,Materials,,small,8.78,0.0,-0.0223,-0.1983,-0.4474,STRONG_UP,-31.62,-36.28,-35.58,-47.99,49.6,59.03,0.8824,LOW,-,9.817,10.4294,12.9006,0,-30.4881,WEAK,3.9161
1432,34,MZTI,MARZETTI,Consumer Staples,,mid,114.52,13.33,-0.0065,-0.1977,-0.206,STRONG_UP,-32.77,-30.07,-38.66,-39.61,48.4,31.94,1.3784,MED,EARLY,125.0115,138.3542,160.8625,0,-45.5718,WEAK,3.8989
1433,-4,FFIN,FIRST FINANCIAL BANKSHARES INC,Financials,,mid,31.7,15.0,-0.0085,0.0197,-0.0425,FLAT,2.71,-9.71,6.39,-23.37,47.2,27.27,1.0207,MED,-,32.1025,30.7922,32.1689,0,-16.8058,WEAK,3.883
1434,7,VLTO,Veralto,Industrials,Environmental & Facilities Services,large,86.73,23.31,0.0219,-0.0623,-0.0517,FLAT,-11.49,-13.06,-8.73,-22.34,44.0,23.04,0.6516,LOW,EARLY,88.5195,89.399,98.5511,0,-24.9381,WEAK,3.8721
1435,28,TRUP,TRUPANION INC,Financials,,small,23.78,2.86,-0.0266,-0.0846,-0.2557,STRONG_UP,-39.54,-47.84,-22.72,-57.87,46.4,54.41,,LOW,-,26.1115,26.0024,36.0551,0,-40.7967,WEAK,3.8201
1436,-51,LRN,STRIDE INC,Consumer Discretionary,,mid,87.42,3.47,-0.0233,-0.0153,0.1249,STRONG_DOWN,34.1,-43.14,23.7,-64.07,52.4,32.41,0.6805,LOW,EARLY,94.7055,90.294,102.1437,0,-69.7445,WEAK,3.7737
1437,8,AOS,A. O. Smith,Industrials,Building Products,mid,58.09,20.34,-0.0251,-0.1282,-0.2378,STRONG_UP,-11.28,-15.41,-29.8,-27.4,46.8,27.01,0.7398,LOW,EARLY,62.0517,64.7544,68.6376,0,-26.7059,WEAK,3.7728
1438,-44,ALRM,ALARM.COM HOLDINGS INC,Information Technology,,mid,42.13,20.53,-0.0644,-0.1723,-0.2867,STRONG_UP,-16.51,-30.57,-38.05,-30.57,44.0,38.56,1.7104,HIGH,EARLY,45.5135,45.5201,50.2221,0,-34.883,WEAK,3.765
1439,-16,BCC,BOISE CASCADE,Industrials,,mid,67.93,11.02,-0.0614,-0.1698,-0.2042,STRONG_UP,-2.18,-26.74,-46.95,-29.35,40.8,38.54,0.8422,LOW,EARLY,78.0755,76.0808,78.1886,0,-28.3117,WEAK,3.7477
1440,9,CPT,Camden Property Trust,Real Estate,Multi-Family Residential REITs,large,105.23,14.63,0.0073,0.0097,-0.0949,FLAT,4.93,-6.57,6.29,-16.85,51.6,20.07,0.4467,LOW,-,103.6045,101.7445,103.7182,1,-16.8797,LAGGARD,3.7318
1441,72,RSG,Republic Services,Industrials,Environmental & Facilities Services,large,202.38,22.03,0.0371,-0.0452,-0.0679,STRONG_UP,-0.28,-14.03,9.89,-22.54,49.6,20.73,1.3613,MED,EARLY,206.0605,215.0881,218.458,0,-33.5677,WEAK,3.6829
1442,43,HRL,Hormel Foods,Consumer Staples,Packaged Foods & Meats,large,20.18,15.0,-0.0058,-0.0304,-0.0895,STRONG_UP,-6.42,-27.61,-38.11,-32.89,46.8,25.23,0.7874,LOW,EARLY,21.0165,21.7896,23.4116,0,-51.2142,WEAK,3.6636
1443,25,GIS,General Mills,Consumer Staples,Packaged Foods & Meats,large,34.13,8.33,-0.0075,-0.0189,-0.2359,STRONG_UP,-23.85,-32.92,-46.95,-35.21,46.0,26.32,1.0531,MED,EARLY,34.8805,36.7101,43.7886,0,-57.5433,WEAK,3.5702
1444,13,MCD,McDonald's,Consumer Discretionary,Restaurants,large,274.84,31.25,0.0042,-0.0435,-0.0407,FLAT,-7.04,-8.91,6.16,-19.04,48.4,18.55,1.2394,MED,EARLY,292.5245,306.2502,306.5851,0,-23.2372,WEAK,3.5419
1445,7,HRTG,HERITAGE INSURANCE HOLDINGS INC,Financials,,small,23.01,13.93,-0.1797,-0.1176,-0.0839,STRONG_DOWN,-20.41,-11.4,,-28.77,51.2,64.31,1.8132,HIGH,-,27.486,27.0958,25.9253,0,-9.0743,WEAK,3.5026
1446,1,SMPL,THE SIMPLY GOOD FOODS COMPANY,Consumer Staples,,small,11.34,0.0,-0.0828,-0.0069,-0.2535,FLAT,-41.0,-68.43,-70.27,-71.46,44.8,60.26,0.9209,LOW,-,12.5785,13.6083,20.2678,0,-50.8738,WEAK,3.4124
1447,-1,DFIN,DONNELLEY FINANCIAL SOLUTIONS INC,Financials,,small,40.58,6.79,-0.0365,-0.1571,-0.0079,FLAT,-13.92,-26.72,-34.39,-41.38,53.2,61.77,0.9286,LOW,-,48.6315,48.4164,50.0702,0,-23.0167,WEAK,3.3602
1448,-15,UMH,UMH PROPERTIES INC,Real Estate,,small,15.46,19.51,-0.0143,-0.0207,-0.0833,STRONG_UP,5.62,-4.06,9.3,-17.43,46.8,19.25,1.0248,MED,-,15.5795,15.0762,15.0987,1,-9.8739,LAGGARD,3.3532
1449,-22,BANF,BANCFIRST CORP,Financials,,mid,109.97,13.21,-0.0205,-0.0283,-0.0433,STRONG_UP,-1.56,-12.94,25.52,-23.63,46.8,26.64,0.6747,LOW,EARLY,113.26,110.5639,115.267,0,-22.729,WEAK,3.3513
1450,0,LZ,LEGALZOOM COM INC,Industrials,,small,6.16,8.9,0.0045,0.0246,-0.0996,FLAT,-39.43,-35.23,-36.82,-50.98,50.4,49.34,2.6746,HIGH,-,6.4135,6.2242,8.776,0,-35.9829,WEAK,3.3446
1451,-13,WINA,WINMARK CORP,Consumer Discretionary,,small,360.36,29.17,0.0067,-0.0858,-0.0644,FLAT,-13.69,-9.78,2.13,-28.46,54.8,41.64,0.7322,LOW,-,380.797,412.8578,427.6442,0,-12.8737,WEAK,3.3386
1452,41,MA,Mastercard,Financials,Transaction & Payment Processing Services,large,499.81,13.57,0.0353,-0.0162,-0.0597,STRONG_UP,-9.32,-12.8,10.48,-18.92,51.6,25.68,0.7195,LOW,EARLY,506.496,504.4227,544.6182,0,-25.7281,WEAK,3.2927
1453,-10,APOG,APOGEE ENTERPRISES INC,Industrials,,small,35.62,22.46,0.0014,-0.0154,-0.1116,STRONG_UP,4.69,-13.87,-43.69,-29.12,46.0,35.12,0.5544,LOW,-,36.0715,34.9272,38.1911,0,-18.1648,WEAK,3.1903
1454,-6,ALKT,ALKAMI TECHNOLOGY INC,Information Technology,,small,16.79,11.58,0.0125,-0.099,-0.1981,STRONG_UP,-14.73,-46.17,-33.98,-51.11,46.0,52.79,1.2706,MED,-,16.8815,16.7956,20.6805,0,-40.2303,WEAK,3.1829
1455,26,BBSI,BARRETT BUSINESS SERVICES INC,Industrials,,small,29.22,9.75,0.0162,-0.0017,-0.0516,STRONG_UP,-15.68,-29.31,-4.73,-45.31,51.6,45.0,0.9294,LOW,-,30.2465,29.276,37.2399,0,-33.6121,WEAK,3.09
1456,28,AON,Aon plc,Financials,Insurance Brokers,large,316.35,14.29,0.0454,-0.0083,0.0328,FLAT,-8.03,-10.48,11.01,-17.66,50.4,27.13,0.839,LOW,EARLY,320.3701,322.5165,342.5419,0,-19.4733,WEAK,3.0755
1457,51,COO,Cooper Companies (The),Health Care,Health Care Supplies,large,59.95,13.39,-0.0027,-0.1402,-0.2846,STRONG_UP,-15.23,-26.68,-35.42,-30.05,46.0,24.35,1.2495,MED,EARLY,64.037,69.135,73.732,0,-50.3934,WEAK,3.0624
1458,-80,GPI,GROUP AUTOMOTIVE INC,Consumer Discretionary,,mid,336.14,13.89,0.014,0.0458,0.1059,STRONG_DOWN,-13.49,-24.72,8.44,-38.91,45.6,30.44,0.5565,LOW,-,344.455,330.9058,389.7939,0,-37.0351,WEAK,3.0608
1459,-75,AJG,Arthur J. Gallagher & Co.,Financials,Insurance Brokers,large,197.4,3.93,0.0216,-0.0926,-0.0268,FLAT,-20.92,-40.08,-19.43,-42.98,48.8,28.48,0.7058,LOW,EARLY,211.6785,214.1795,253.375,0,-68.6758,WEAK,3.0268
1460,4,UPBD,UPBOUND GROUP INC,Consumer Discretionary,,small,17.96,14.58,-0.0185,-0.0213,0.0333,FLAT,7.08,-23.68,-38.47,-40.17,44.4,43.48,0.8191,LOW,-,19.125,18.5469,19.7667,0,-24.177,WEAK,3.0055
1461,-22,GSHD,GOOSEHEAD INSURANCE INC CLASS A,Financials,,small,39.65,0.71,-0.0154,-0.0112,-0.1903,FLAT,-42.64,-62.45,-30.57,-65.17,47.2,62.05,0.5433,LOW,-,44.243,44.2922,65.4519,0,-47.5063,WEAK,2.9422
1462,-36,ABG,ASBURY AUTOMOTIVE GROUP INC,Consumer Discretionary,,mid,193.68,20.14,0.0164,-0.0123,-0.062,STRONG_UP,-13.0,-19.24,-17.53,-30.41,48.8,26.18,,LOW,EARLY,201.8265,199.3942,227.9463,0,-35.8627,WEAK,2.9379
1463,32,UTL,UNITIL CORP,Utilities,,small,50.78,9.8,0.0302,-0.0352,-0.0218,FLAT,8.74,-2.58,,-17.99,53.2,23.2,0.4508,LOW,-,51.993,52.5142,49.265,1,-5.911,LAGGARD,2.8201
1464,-43,WDFC,WD-40,Consumer Staples,,mid,204.68,30.0,-0.0101,0.0044,-0.0728,FLAT,4.41,-12.91,-9.21,-23.27,50.8,29.11,0.9699,LOW,EARLY,212.5641,215.5985,209.3335,0,-22.5336,WEAK,2.7276
1465,0,SDGR,SCHRODINGER INC,Health Care,,small,12.69,4.33,-0.0059,0.0889,0.0536,FLAT,-30.62,-46.59,-45.25,-58.52,48.8,53.07,0.6725,LOW,-,12.4345,12.1582,16.5331,0,-42.8422,WEAK,2.7214
1466,5,OTIS,Otis Worldwide,Industrials,Industrial Machinery & Supplies & Components,large,74.1,16.1,-0.0104,-0.0963,-0.1335,STRONG_UP,-17.14,-22.19,-20.59,-25.75,50.4,26.25,0.767,LOW,EARLY,77.652,80.0954,86.4062,0,-42.5968,WEAK,2.7161
1467,16,PLMR,PALOMAR HOLDINGS INC,Financials,,mid,108.63,6.43,0.0,-0.1603,-0.166,STRONG_UP,-16.12,-30.22,30.69,-38.16,52.0,33.13,0.7256,LOW,EARLY,122.1665,122.3392,122.921,0,-47.4361,WEAK,2.6896
1468,33,IRT,INDEPENDENCE REALTY INC TRUST,Real Estate,,mid,16.46,8.54,0.0057,0.0242,-0.0655,FLAT,3.06,-9.36,5.06,-21.5,47.6,21.57,0.5605,LOW,-,16.141,15.7313,16.3009,1,-20.6545,LAGGARD,2.6356
1469,13,LZB,LA-Z-BOY INC,Consumer Discretionary,,small,35.5,22.92,0.0404,0.0919,0.0607,FLAT,16.19,-16.58,3.92,-32.97,45.2,32.58,0.6545,LOW,-,35.3455,33.9958,35.182,1,-23.0028,LAGGARD,2.5538
1470,-38,CNXN,PC CONNECTION INC,Information Technology,,small,63.67,30.0,-0.0089,-0.14,-0.2135,STRONG_UP,9.78,-9.13,-0.67,-20.57,48.0,23.87,1.0596,MED,-,64.4195,61.7404,60.8086,1,-18.3542,LAGGARD,2.4867
1471,1,CXM,SPRINKLR INC CLASS A,Information Technology,,small,5.06,14.21,-0.0278,-0.1835,-0.3031,STRONG_UP,-32.08,-40.4,-58.46,-48.24,47.2,45.94,1.1029,MED,-,5.2245,5.5976,7.0024,0,-41.5085,WEAK,2.4409
1472,16,BLKB,BLACKBAUD INC,Information Technology,,small,32.48,8.42,-0.072,-0.2276,-0.5491,STRONG_UP,-44.71,-48.98,-57.99,-54.64,50.4,52.0,1.0458,MED,-,37.306,40.001,55.5419,0,-47.4719,WEAK,2.4101
1473,-6,ROP,Roper Technologies,Information Technology,Electronic Equipment & Instruments,large,323.94,13.16,-0.0667,-0.2178,-0.221,STRONG_UP,-27.65,-43.43,-37.07,-45.59,50.4,26.23,0.694,LOW,EARLY,353.661,353.4506,430.8782,0,-83.4496,WEAK,2.3756
1474,-5,MRSH,Marsh McLennan,Financials,Insurance Brokers,large,163.39,7.5,0.016,-0.0449,-0.0419,FLAT,-7.33,-25.58,-17.8,-29.88,47.6,25.94,0.8892,LOW,EARLY,170.2725,172.4895,184.4948,0,-46.9472,WEAK,2.3276
1475,-25,VRTS,VIRTUS INVESTMENT PARTNERS INC,Financials,,small,140.85,11.79,0.0019,0.0203,0.0347,STRONG_DOWN,-10.37,-15.67,-32.42,-38.95,50.4,36.02,0.9084,LOW,-,140.8077,134.4168,158.7494,0,-21.9221,WEAK,2.3244
1476,0,IOSP,INNOSPEC INC,Materials,,small,80.44,13.04,0.0491,0.061,-0.1012,FLAT,8.46,-9.13,-35.46,-25.56,48.0,27.07,0.8508,LOW,-,76.974,73.8876,77.5347,1,-16.1822,LAGGARD,2.3219
1477,12,ADUS,ADDUS HOMECARE CORP,Health Care,,small,98.49,21.65,0.0358,0.0799,-0.1323,FLAT,-12.71,-10.25,-10.93,-25.38,47.6,33.36,0.7328,LOW,-,96.4905,97.5226,108.8859,0,-14.6274,WEAK,2.2667
1478,37,MSEX,MIDDLESEX WATER,Utilities,,small,51.93,3.92,0.015,0.0273,-0.0152,FLAT,-0.15,-5.25,-5.8,-21.04,50.8,29.39,0.9018,LOW,-,52.0455,52.3876,52.6728,0,-9.0689,WEAK,2.2137
1479,1,VEEV,VEEVA SYSTEMS INC,Health Care,Health Care Technology,,159.42,9.84,-0.0309,0.0255,-0.106,FLAT,-46.1,-33.91,-21.8,-50.55,48.8,42.89,0.6419,LOW,-,164.373,172.8506,233.3185,0,-38.5775,WEAK,2.1993
1480,24,PBH,PRESTIGE CONSUMER HEALTHCARE INC,Health Care,,mid,50.41,5.51,-0.0553,-0.0877,-0.2423,STRONG_UP,-16.62,-42.04,-28.5,-43.42,47.2,33.76,1.1991,MED,EARLY,56.0455,58.9088,62.8201,0,-58.7728,WEAK,2.1855
1481,15,CTAS,Cintas,Industrials,Diversified Support Services,large,165.42,15.25,0.0004,-0.0619,-0.1385,STRONG_UP,-10.28,-22.52,-2.55,-27.18,48.0,22.42,0.7612,LOW,EARLY,172.7705,179.0546,191.9657,0,-48.211,WEAK,2.1823
1482,24,MMSI,MERIT MEDICAL SYSTEMS INC,Health Care,,mid,61.145,8.27,0.0088,-0.1106,-0.2543,STRONG_UP,-30.78,-37.36,-24.35,-38.98,47.6,33.68,1.0484,MED,EARLY,65.7333,68.0025,80.5288,0,-52.7979,WEAK,2.1264
1483,-25,SYBT,STOCK YARDS BANCORP INC,Financials,,small,70.47,18.93,-0.0071,-0.0035,0.0457,STRONG_DOWN,5.62,-6.95,53.64,-24.16,44.8,24.75,1.2116,MED,-,71.543,68.0055,69.1263,1,-12.5737,LAGGARD,2.1161
1484,3,ABR,ARBOR REALTY TRUST REIT INC,Financials,,small,5.85,3.57,-0.2752,-0.2402,-0.1933,STRONG_DOWN,-32.2,-40.34,-45.07,-49.67,48.8,56.97,3.5911,HIGH,-,7.7905,7.7522,8.9085,0,-34.5553,WEAK,2.1131
1485,-8,IIIN,INSTEEL INDUSTRIES INC,Industrials,,small,26.26,10.59,0.0068,-0.3024,-0.2583,FLAT,-14.29,-27.18,-15.57,-35.51,51.2,57.13,0.6188,LOW,-,26.6215,30.8763,33.289,0,-24.3592,WEAK,2.1107
1486,-85,QNST,QUINSTREET INC,Communication,,small,11.94,12.5,-0.039,-0.0055,-0.0126,FLAT,-17.2,-27.11,-33.48,-38.32,48.4,47.95,,LOW,-,12.939,12.402,13.9677,0,-27.3606,WEAK,2.0857
1487,-47,EPC,EDGEWELL PERSONAL CARE,Consumer Staples,,small,19.27,11.67,-0.12,-0.1437,-0.0203,FLAT,3.96,-30.34,-50.37,-43.18,47.6,43.31,1.0088,MED,-,22.3085,21.3849,20.2379,0,-33.349,WEAK,2.0542
1488,-26,VCEL,VERICEL CORP,Health Care,,small,32.94,13.78,-0.0879,-0.04,-0.0553,FLAT,-15.52,-24.52,-32.11,-35.8,49.2,47.36,0.7315,LOW,-,34.977,33.755,35.5705,0,-25.4714,WEAK,2.0117
1489,13,CAG,Conagra Brands,Consumer Staples,Packaged Foods & Meats,mid,14.0,6.67,0.0153,0.0049,-0.2271,STRONG_UP,-13.8,-33.37,-48.24,-35.33,45.2,32.32,0.77,LOW,EARLY,14.0866,15.1214,16.7852,0,-46.6678,WEAK,1.9956
1490,-20,ICFI,ICF INTERNATIONAL INC,Industrials,,small,64.36,13.14,-0.1017,-0.0846,-0.1435,FLAT,-22.3,-24.73,-55.96,-35.77,48.4,44.99,1.2727,MED,-,70.0415,69.5218,83.6402,0,-26.6024,WEAK,1.9814
1491,12,CRAI,CRA INTERNATIONAL INC,Industrials,,small,140.65,12.71,-0.055,-0.1362,-0.1061,FLAT,-23.27,-25.09,-12.72,-37.5,49.2,44.91,0.9966,LOW,-,153.7395,159.8657,181.8248,0,-27.4903,WEAK,1.933
1492,-6,WMK,WEIS MARKETS INC,Consumer Staples,,small,68.85,38.33,-0.015,-0.0059,0.0434,STRONG_DOWN,9.07,-6.62,8.83,-20.22,50.4,30.79,0.8404,LOW,-,69.5654,68.0285,68.2322,1,-10.8321,LAGGARD,1.9095
1493,23,PGR,Progressive Corporation,Financials,Property & Casualty Insurance,large,198.42,7.86,0.0274,0.0194,-0.0385,STRONG_UP,-2.94,-25.23,1.52,-29.4,47.6,22.48,0.8379,LOW,EARLY,200.6305,201.7103,212.7092,0,-53.4176,WEAK,1.8979
1494,-15,TAP,Molson Coors Beverage Company,Consumer Staples,Brewers,mid,41.34,21.67,-0.0139,-0.0556,-0.16,STRONG_UP,-9.9,-22.09,-24.5,-25.62,48.8,30.27,1.403,MED,EARLY,42.77,43.4312,46.1522,0,-35.6097,WEAK,1.8971
1495,-3,LNN,LINDSAY CORP,Industrials,,small,108.07,16.95,-0.0263,-0.0401,-0.1612,STRONG_UP,-2.46,-21.32,-7.01,-29.99,45.6,36.26,1.2461,MED,-,109.5895,115.0974,124.54,0,-26.8066,WEAK,1.8464
1496,23,EVTC,EVERTEC INC,Financials,,small,23.97,5.36,-0.1279,-0.1682,-0.0742,FLAT,-11.01,-34.0,-34.94,-39.69,48.0,51.32,1.7013,HIGH,-,28.5039,28.4496,30.2256,0,-31.7989,WEAK,1.6824
1497,10,SGRY,SURGERY PARTNERS INC,Health Care,,small,13.97,7.09,-0.026,0.0899,-0.0751,FLAT,-12.88,-39.08,-46.02,-52.01,50.4,45.16,1.0746,MED,-,14.1925,13.2476,17.3941,0,-43.6094,WEAK,1.6696
1498,0,PMT,PENNYMAC MORTGAGE INVESTMENT TRUST,Financials,,small,10.46,17.14,-0.0325,-0.1236,-0.1157,FLAT,-8.42,-7.88,-8.55,-21.65,51.2,26.92,0.9185,LOW,-,11.764,11.5322,11.6054,0,-14.9821,WEAK,1.4912
1499,15,EXPO,EXPONENT INC,Industrials,,mid,57.19,11.44,-0.0857,-0.1544,-0.1653,STRONG_UP,-18.54,-26.55,-37.88,-28.02,46.0,30.51,1.3689,MED,EARLY,65.47,66.6656,69.483,0,-40.0329,WEAK,1.482
1500,-3,HOMB,HOME BANCSHARES INC,Financials,,mid,26.28,16.43,-0.0086,-0.0503,-0.1066,STRONG_UP,-3.2,-8.72,12.5,-14.34,48.8,21.53,0.756,LOW,EARLY,26.7825,26.9222,27.8097,0,-19.7607,WEAK,1.4684
1501,8,SKWD,SKYWARD SPECIALTY INSURANCE GROUP,Financials,,small,45.37,8.57,0.0541,-0.0007,-0.0178,STRONG_UP,-5.14,-24.07,24.51,-36.52,47.2,32.81,1.0187,MED,-,45.6095,45.1097,46.9737,0,-34.6224,WEAK,1.4267
1502,10,MAA,Mid-America Apartment Communities,Real Estate,Multi-Family Residential REITs,large,129.22,4.88,-0.0054,0.0111,-0.0937,FLAT,2.11,-16.01,3.36,-23.66,46.8,19.02,0.5691,LOW,SHIFT,127.902,125.9368,131.1912,0,-39.4036,WEAK,1.4263
1503,-9,FIZZ,NATIONAL BEVERAGE CORP,Consumer Staples,,mid,34.58,25.0,0.0094,0.0097,0.0388,STRONG_DOWN,5.39,-20.6,-23.43,-33.61,44.8,22.85,1.161,MED,SHIFT,34.244,34.4532,36.2579,0,-40.3828,WEAK,1.3721
1504,-53,GT,GOODYEAR TIRE & RUBBER,Consumer Discretionary,,small,5.86,2.08,-0.1606,-0.0932,-0.2777,FLAT,-22.69,-48.1,-54.89,-50.92,41.2,46.19,1.2653,MED,-,6.8915,6.882,8.0997,0,-42.8998,WEAK,1.3653
1505,5,CPB,Campbell's Company (The),Consumer Staples,Packaged Foods & Meats,mid,20.39,1.67,-0.0078,0.0193,-0.2363,FLAT,-31.25,-38.64,-51.63,-40.67,44.4,32.62,0.7452,LOW,EARLY,20.7765,21.4154,27.2085,0,-52.5879,WEAK,1.3557
1506,-52,BV,BRIGHTVIEW HOLDINGS INC,Industrials,,small,12.85,14.41,-0.0044,0.0652,-0.0468,FLAT,8.16,-23.05,2.8,-32.82,44.8,39.51,0.6028,LOW,-,12.3735,12.1484,13.1086,0,-26.1406,WEAK,1.3319
1507,-8,FBRT,FRANKLIN BSP REALTY TRUST INC,Financials,,small,8.8,12.86,-0.0191,0.0067,-0.1034,FLAT,-5.01,-13.9,-14.72,-23.51,48.4,39.03,0.4878,LOW,-,9.0605,8.8422,9.6191,0,-17.2318,WEAK,1.2971
1508,-17,YELP,YELP INC,Communication,,small,23.09,4.17,-0.1405,-0.105,-0.1306,FLAT,-20.95,-43.1,-39.19,-51.67,48.8,46.63,1.1082,MED,-,27.8555,25.9336,28.8847,0,-45.1058,WEAK,1.2118
1509,-9,EIG,EMPLOYERS HOLDINGS INC,Financials,,small,41.33,12.5,0.0184,-0.001,-0.0229,STRONG_UP,8.54,-13.96,0.14,-26.96,50.4,25.94,0.5758,LOW,-,42.002,41.2142,41.3824,0,-27.1269,WEAK,1.0483
1510,-37,STRA,STRATEGIC EDUCATION INC,Consumer Discretionary,,small,78.53,30.56,0.0361,0.0406,0.1306,STRONG_DOWN,1.66,-9.42,-31.3,-19.99,54.8,42.01,0.6461,LOW,-,79.046,80.689,79.7304,0,-12.2859,WEAK,1.0461
1511,0,ABM,ABM INDUSTRIES INC,Industrials,,mid,39.25,15.68,-0.0106,-0.0106,-0.1201,UP,-5.87,-22.51,-10.42,-27.81,48.4,27.42,0.6219,LOW,EARLY,40.218,39.6775,43.3524,0,-39.7375,WEAK,0.9927
1512,8,MGEE,MGE ENERGY INC,Utilities,,mid,75.3,0.0,-0.0691,-0.0329,-0.0782,FLAT,-8.5,-14.61,-3.71,-20.77,49.2,27.09,1.7934,HIGH,EARLY,78.482,77.8322,80.5707,0,-26.5328,WEAK,0.9438
1513,-38,SLVM,SYLVAMO CORP,Materials,,small,39.73,4.35,-0.1019,-0.0814,-0.2395,FLAT,-5.39,-26.19,-37.68,-33.74,45.6,42.36,0.6866,LOW,-,42.58,41.9648,44.4891,0,-28.1881,WEAK,0.9438
1514,3,JANX,JANUX THERAPEUTICS INC,Health Care,,small,14.41,5.12,0.0023,-0.0318,0.0935,FLAT,-47.77,-43.11,-71.17,-64.94,47.6,34.34,0.636,LOW,-,14.8122,14.3972,19.3478,0,-59.7577,WEAK,0.8482
1515,-10,CRVL,CORVEL CORP,Health Care,,mid,57.69,3.15,0.0586,0.0701,0.2337,STRONG_DOWN,-23.71,-49.54,-33.54,-59.86,45.6,28.43,0.6221,LOW,SHIFT,57.0585,54.9868,68.6812,0,-79.4534,WEAK,0.7994
1516,2,CNMD,CONMED CORP,Health Care,,small,35.97,6.3,-0.0197,-0.072,-0.1567,STRONG_UP,-18.16,-39.65,-49.64,-44.04,48.0,40.17,0.5816,LOW,-,37.4385,37.3736,43.682,0,-47.3823,WEAK,0.251
1517,5,AMSF,AMERISAFE INC,Financials,,small,30.31,6.07,0.0431,-0.0905,-0.1923,STRONG_UP,-22.21,-30.73,-24.51,-34.43,45.6,36.65,1.0806,MED,-,31.1635,32.4108,37.7352,0,-38.2324,WEAK,0.194
1518,5,SAFT,SAFETY INSURANCE GROUP INC,Financials,,small,70.36,15.71,-0.0339,-0.0519,-0.0965,STRONG_UP,-6.54,-9.21,-5.57,-17.39,48.0,18.63,1.0477,MED,-,74.796,74.048,73.1682,0,-23.7365,WEAK,-0.012
1519,2,ESRT,EMPIRE STATE REALTY REIT INC TRUST,Real Estate,,small,5.56,2.44,-0.0165,0.017,-0.178,FLAT,-23.15,-27.45,-40.9,-41.89,50.0,31.69,1.0835,MED,-,5.5655,5.358,6.5753,0,-43.3115,WEAK,-0.3453
1520,4,EPAC,ENERPAC TOOL GROUP CORP CLASS A,Industrials,,small,34.41,12.29,-0.0144,-0.0554,-0.1661,STRONG_UP,-14.47,-25.25,-8.31,-25.4,46.0,31.71,0.9415,LOW,-,35.25,36.0312,39.4047,0,-36.6314,WEAK,-1.0273
1521,4,NAVI,NAVIENT CORP,Financials,,small,8.32,5.0,-0.0278,0.0149,-0.1296,FLAT,-26.84,-36.19,-41.33,-46.81,50.4,31.53,0.7893,LOW,-,8.8385,8.4743,11.0131,0,-57.8423,WEAK,-2.0225
1522,4,JJSF,J AND J SNACK FOODS CORP,Consumer Staples,,small,69.9,3.33,-0.092,-0.1469,-0.0865,FLAT,-13.06,-38.02,-54.86,-39.93,50.8,33.07,1.1946,MED,-,81.2565,80.7786,90.8131,0,-58.4043,WEAK,-3.7723
