rank,delta_rank,ticker,name,sector,industry,cap_band,close,peer_rs_score,rs_5,rs_21,rs_63,rs_trend,ret_6m,ret_12m,ret_24m,max_dd,persist_frac,vol_63,rel_vol,vol_label,acc_watch,sma20,sma50,sma200,pass_trend,mqs,regime_label,score_final
1,0,TERN,TERNS PHARMACEUTICALS INC,Health Care,,mid,52.68,100.0,-0.0196,0.1004,0.5383,STRONG_DOWN,542.44,2095.0,941.11,-27.56,57.03,42.11,0.714,LOW,-,51.498,45.0648,24.3739,1,2837.2796,LEADER,528.0068
2,0,FOLD,AMICUS THERAPEUTICS INC,Health Care,,mid,14.46,77.34,-0.02,-0.0389,0.019,FLAT,76.77,109.57,35.65,-26.56,48.19,2.56,0.6101,LOW,-,14.4325,14.3724,10.502,1,2062.4796,LEADER,381.5378
3,0,GTLS,CHART INDUSTRIES INC,Industrials,,mid,208.4,62.98,-0.0216,-0.0656,-0.0364,FLAT,4.18,65.88,38.84,-18.76,54.62,1.87,0.9477,LOW,-,207.2865,207.2054,199.8222,1,1924.3749,CONTENDER,353.7651
4,0,SNDK,Sandisk,Information Technology,"Technology Hardware, Storage & Peripherals",large,944.46,100.0,0.188,0.2866,1.4344,STRONG_DOWN,601.63,2742.19,2523.5,-31.34,58.63,99.38,0.9984,LOW,-,733.814,663.745,291.5839,1,1617.7767,LEADER,314.6818
5,0,DBRG,DIGITALBRIDGE GROUP INC CLASS A,Financials,,mid,15.58,97.89,-0.0106,-0.0687,-0.0356,FLAT,33.91,101.92,-13.74,-33.69,42.97,2.99,0.4094,LOW,-,15.4355,15.414,12.8996,1,1464.7491,LEADER,276.1668
6,0,CELC,CELCUITY INC,Health Care,,mid,120.85,98.44,0.0138,0.0087,0.1689,FLAT,154.9,1095.35,568.05,-27.68,56.22,53.0,0.6689,LOW,-,113.159,110.7978,77.7769,1,1161.8989,LEADER,223.7366
7,1,PRAX,PRAXIS PRECISION MEDICINES INC,Health Care,,mid,343.6,98.05,0.0534,0.0835,0.2327,STRONG_DOWN,556.48,1058.07,543.57,-36.33,55.02,59.07,1.486,MED,-,307.187,315.052,184.2025,1,985.5278,LEADER,214.748
8,2,TNGX,TANGO THERAPEUTICS INC,Health Care,,mid,24.06,99.22,0.1798,0.3026,1.3138,STRONG_DOWN,184.06,1649.82,228.69,-27.15,52.21,102.56,1.0555,MED,-,20.197,16.2188,10.165,1,839.8694,LEADER,185.2247
9,-2,ERAS,ERASCA INC,Health Care,,mid,17.85,98.83,0.0341,0.2782,1.3876,STRONG_DOWN,643.75,1400.0,792.5,-31.65,53.41,82.43,0.9357,LOW,-,15.8505,14.2837,5.7969,1,907.1212,LEADER,179.1269
10,1,WBD,Warner Bros. Discovery,Communication Services,Broadcasting,large,27.37,100.0,-0.0222,-0.0422,-0.0443,STRONG_UP,53.94,231.76,227.39,-21.31,51.0,14.94,0.8036,LOW,-,27.375,27.7444,21.7253,1,791.1404,LEADER,154.9702
11,8,BE,BLOOM ENERGY CLASS A CORP,Industrials,,large,219.03,100.0,0.4691,0.3534,0.524,FLAT,99.28,1096.23,2038.96,-45.94,55.82,112.34,2.1131,HIGH,-,150.0465,152.6922,100.5188,1,544.7004,LEADER,148.7851
12,0,WDC,Western Digital,Information Technology,"Technology Hardware, Storage & Peripherals",large,366.22,98.94,0.0596,0.2239,0.7237,STRONG_DOWN,208.51,923.66,590.9,-20.59,63.86,79.51,0.6947,LOW,-,306.8425,287.0469,169.5275,1,741.8549,LEADER,146.6271
13,1,KOD,KODIAK SCIENCES INC,Health Care,,mid,45.07,99.61,0.0586,0.8904,0.6006,FLAT,288.53,1851.08,1064.6,-32.4,55.82,170.54,1.2413,MED,-,34.2375,28.5298,19.1211,1,605.8837,LEADER,141.8515
14,-5,VISN,VISTANCE NETWORKS INC,Information Technology,,mid,18.98,92.06,-0.0047,0.0191,-0.0197,FLAT,24.87,421.43,1798.0,-17.03,54.62,33.7,0.7935,LOW,-,18.324,18.2654,16.163,1,683.0394,LEADER,132.111
15,-2,COGT,COGENT BIOSCIENCES INC,Health Care,,mid,36.49,97.27,-0.0324,-0.0224,0.0435,STRONG_DOWN,125.25,649.28,461.38,-20.73,50.6,50.4,,LOW,-,35.8335,36.727,25.7464,1,651.8579,LEADER,127.4752
16,1,ORKA,ORUKA THERAPEUTICS INC,Health Care,,mid,67.06,97.66,0.0618,0.5631,1.1489,STRONG_DOWN,162.88,683.41,226.75,-17.81,55.42,76.23,2.4475,HIGH,-,50.198,40.3846,27.0419,1,496.847,LEADER,120.9488
17,4,HOLX,Hologic,Health Care,Health Care Equipment,large,76.01,45.31,-0.0144,-0.0397,0.0239,FLAT,12.87,31.37,-1.97,-9.65,50.82,2.62,0.0,LOW,-,75.4925,75.3052,71.338,1,608.4594,LAGGARD,114.3826
18,4,PL,PLANET LABS CLASS A,Industrials,,large,33.93,99.57,-0.0964,0.3074,0.2969,FLAT,122.49,934.45,1774.59,-29.01,53.01,104.63,1.1505,MED,-,32.164,27.2618,16.4643,1,473.4327,LEADER,113.5498
19,-4,CIEN,Ciena,Information Technology,Communications Equipment,large,467.19,95.77,-0.0777,0.2283,0.9074,STRONG_DOWN,183.52,686.78,953.89,-16.84,62.25,76.64,0.9936,LOW,-,426.969,359.9968,209.6205,1,557.8296,LEADER,111.2282
20,9,MU,Micron Technology,Information Technology,Semiconductors,large,465.66,94.18,0.1235,-0.008,0.3893,FLAT,141.76,557.06,286.36,-30.28,58.23,72.11,1.2107,MED,-,398.6906,403.6531,253.0612,1,449.8341,LEADER,107.773
21,-3,SEMR,SEMRUSH HOLDINGS INC CLASS A,Information Technology,,small,11.95,44.44,-0.0234,-0.0608,0.0166,FLAT,68.31,33.37,-0.67,-38.47,47.39,2.87,0.3247,LOW,-,11.939,11.893,9.859,1,551.0208,LAGGARD,107.4549
22,-2,CSGS,CSG SYSTEMS INTERNATIONAL INC,Industrials,,mid,80.15,46.81,-0.024,-0.066,-0.0307,FLAT,26.93,36.68,76.01,-7.98,54.22,3.46,0.7587,LOW,-,80.0145,79.6781,72.0079,1,574.7842,LAGGARD,107.0784
23,11,WULF,TERAWULF INC,Information Technology,,mid,20.95,97.88,0.1393,0.221,0.4931,STRONG_DOWN,49.64,814.85,979.9,-31.74,54.62,101.47,1.0664,MED,-,16.3825,15.7808,12.0895,1,438.6218,LEADER,103.0095
24,61,APLD,APPLIED DIGITAL CORP,Information Technology,,mid,31.47,97.35,0.111,0.08,-0.1318,STRONG_UP,-8.09,814.83,1151.29,-50.31,49.8,115.28,1.5536,HIGH,-,26.054,28.8709,24.7948,1,351.9979,LEADER,102.5166
25,-9,LASR,NLIGHT INC,Information Technology,,mid,66.87,98.41,0.0872,-0.0863,0.5768,FLAT,118.39,822.34,488.64,-24.74,57.03,95.13,0.6354,LOW,-,64.413,60.1518,38.1436,1,492.992,LEADER,101.5635
26,0,STX,Seagate Technology,Information Technology,"Technology Hardware, Storage & Peripherals",large,533.44,95.24,0.0534,0.2844,0.6896,STRONG_DOWN,144.08,650.44,563.03,-21.0,58.23,76.4,0.8131,LOW,-,437.3001,415.5549,276.1387,1,495.7461,LEADER,101.3743
27,-4,ARWR,ARROWHEAD PHARMACEUTICALS INC,Health Care,,mid,66.69,95.7,0.0166,0.1194,0.0266,FLAT,83.97,418.18,177.76,-24.64,57.03,47.77,0.4962,LOW,-,60.632,62.0253,45.0463,1,499.2445,LEADER,101.1581
28,2,INBX,INHIBRX BIOSCIENCES INC,Health Care,,small,83.19,96.88,0.2196,0.158,0.1444,STRONG_UP,141.97,605.6,565.16,-37.56,56.63,73.18,0.9547,LOW,-,67.257,73.3702,55.6251,1,468.6392,LEADER,97.3495
29,-1,SATS,ECHOSTAR CORP CLASS A,Communication,,large,130.47,100.0,0.032,0.0454,-0.0438,FLAT,74.31,467.75,820.75,-34.06,54.22,59.14,0.7453,LOW,-,118.14,114.2704,81.4767,1,428.8409,LEADER,94.3249
30,-5,AAOI,APPLIED OPTOELECTRONICS INC,Information Technology,,mid,146.39,99.47,0.0818,0.5005,3.2944,STRONG_DOWN,403.06,1178.52,1211.74,-47.64,52.21,179.54,1.0902,MED,-,109.4715,85.5408,43.1146,1,342.7107,LEADER,90.0597
31,6,CIFR,CIPHER DIGITAL INC,Information Technology,,mid,18.45,96.3,0.1751,0.163,0.0225,STRONG_UP,-9.29,695.26,405.48,-51.38,52.21,102.2,0.9479,LOW,-,14.719,15.0784,13.6276,1,355.1806,LEADER,84.3113
32,-5,PARR,PAR PACIFIC HOLDINGS INC,Energy,,mid,63.26,100.0,0.0817,0.171,0.4473,STRONG_DOWN,77.4,417.25,89.34,-26.21,55.82,57.78,0.9854,LOW,-,61.596,51.2952,39.8876,1,403.0987,LEADER,83.439
33,12,SKYT,SKYWATER TECHNOLOGY INC,Information Technology,,small,31.39,90.48,0.0693,0.0711,0.084,STRONG_DOWN,66.79,354.93,236.08,-42.64,46.99,49.63,1.3869,MED,-,28.2305,28.7768,19.6172,1,336.0476,LEADER,79.4367
34,1,VSAT,VIASAT INC,Information Technology,,mid,56.98,94.71,-0.0119,0.1432,0.3806,STRONG_DOWN,64.21,567.21,263.39,-23.78,53.41,79.87,0.6498,LOW,-,50.7415,47.5958,35.2485,1,379.302,LEADER,78.9224
35,1,FIX,Comfort Systems USA,Industrials,Construction & Engineering,large,1650.48,98.3,0.059,0.0953,0.4957,STRONG_DOWN,95.32,364.65,446.57,-13.77,59.84,56.38,0.7661,LOW,-,1452.1135,1386.7482,972.5929,1,387.0317,LEADER,78.2436
36,-3,TYRA,TYRA BIOSCIENCES INC,Health Care,,mid,35.27,92.58,-0.0701,-0.0921,0.2334,FLAT,145.61,307.27,139.12,-18.78,56.22,51.5,1.413,MED,-,37.1292,34.3879,21.1653,1,335.4367,LEADER,77.3642
37,-6,FET,FORUM ENERGY TECHNOLOGIES INC,Energy,,small,59.1,96.63,0.0282,0.0507,0.202,STRONG_DOWN,120.19,312.71,202.3,-16.88,59.44,47.25,0.463,LOW,-,59.2335,56.016,35.6755,1,393.3852,LEADER,77.2478
38,5,INDV,INDIVIOR PHARMACEUTICALS INC,Health Care,,mid,32.97,89.45,0.0126,0.0215,-0.0227,FLAT,38.12,261.91,67.02,-21.37,53.82,37.98,0.493,LOW,-,30.4825,32.1504,28.0903,1,371.1426,LEADER,76.5129
39,3,SYRE,SPYRE THERAPEUTICS INC,Health Care,,mid,64.01,95.31,0.2118,0.4094,1.0393,STRONG_DOWN,238.41,403.62,72.07,-20.91,54.22,75.37,1.9723,HIGH,-,48.545,42.6806,27.6241,1,290.3574,LEADER,75.2481
40,-1,TTMI,TTM TECHNOLOGIES INC,Information Technology,,large,120.74,93.65,0.1193,0.1954,0.3065,STRONG_DOWN,117.43,541.55,746.11,-23.26,56.22,89.49,0.6594,LOW,-,102.182,100.239,70.031,1,340.2171,LEADER,73.7539
41,-9,RLAY,RELAY THERAPEUTICS INC,Health Care,,mid,14.75,96.09,-0.0034,0.413,0.8669,STRONG_DOWN,135.25,434.42,115.96,-19.55,54.22,74.93,1.2795,MED,-,11.584,10.2632,6.8846,1,314.3503,LEADER,72.9367
42,4,STOK,STOKE THERAPEUTICS INC,Health Care,,small,35.86,94.14,0.0087,0.0129,0.1818,STRONG_DOWN,18.19,362.71,193.69,-37.16,56.22,60.31,0.8136,LOW,-,33.37,33.8092,26.7531,1,338.1121,LEADER,71.0552
43,-3,AMPX,AMPRIUS TECHNOLOGIES INC,Industrials,,mid,17.89,99.15,0.0342,-0.1154,0.8069,FLAT,38.68,633.2,905.06,-46.41,52.21,112.42,0.8425,LOW,-,17.3585,14.7124,10.9551,1,294.0687,LEADER,70.8972
44,39,RAPP,RAPPORT THERAPEUTICS INC,Health Care,,small,36.15,90.23,0.0534,0.2658,0.3431,STRONG_DOWN,38.03,276.56,73.8,-28.82,52.21,52.29,1.5048,HIGH,-,30.6805,29.4617,24.7775,1,276.1394,LEADER,70.8673
45,8,TPC,TUTOR PERINI CORP,Industrials,,mid,86.16,95.32,0.0466,0.1364,0.1295,FLAT,38.62,302.55,533.22,-24.13,57.43,52.38,0.5688,LOW,-,76.955,78.0236,66.1799,1,331.7221,LEADER,70.4469
46,-8,AEHR,AEHR TEST SYSTEMS,Information Technology,,small,74.38,96.83,0.1562,0.9289,1.7859,STRONG_DOWN,191.46,770.96,543.98,-42.31,52.21,143.12,1.2579,MED,-,46.508,39.1156,27.2267,1,281.2453,LEADER,70.2536
47,-3,TER,Teradyne,Information Technology,Semiconductor Materials & Equipment,large,365.51,91.53,-0.0033,0.1698,0.6064,STRONG_DOWN,163.02,395.36,252.74,-20.35,57.03,69.28,0.745,LOW,-,319.4865,310.2423,191.1025,1,325.4543,LEADER,69.4919
48,3,SPHR,SPHERE ENTERTAINMENT CLASS A,Communication,,mid,133.56,95.83,-0.0109,0.1084,0.296,STRONG_DOWN,119.53,406.87,232.24,-17.66,53.82,64.77,0.4503,LOW,-,118.5655,112.5612,77.5645,1,338.0839,LEADER,69.2974
49,-2,AEIS,ADVANCED ENERGY INDUSTRIES INC,Information Technology,,large,385.73,89.95,0.0298,0.1955,0.661,STRONG_DOWN,111.94,333.58,309.04,-16.35,58.63,59.38,0.5554,LOW,-,338.852,319.7413,219.0285,1,329.3708,LEADER,68.5204
50,-1,KYMR,KYMERA THERAPEUTICS INC,Health Care,,mid,89.865,87.89,0.0117,0.0859,0.2214,STRONG_DOWN,50.05,252.97,161.31,-27.74,53.41,42.19,0.7708,LOW,-,82.3938,83.1655,64.525,1,320.239,LEADER,68.1062
51,20,CRDO,CREDO TECHNOLOGY GROUP HOLDING LTD,Information Technology,,large,159.52,88.89,0.426,0.3092,-0.0006,STRONG_UP,6.42,307.15,720.58,-53.59,55.02,101.04,2.5498,HIGH,-,106.8585,112.7222,131.617,1,167.2526,LEADER,66.4874
52,-11,FORM,FORMFACTOR INC,Information Technology,,mid,128.28,91.01,0.0676,0.3642,0.7797,STRONG_DOWN,218.47,373.18,190.95,-24.04,53.82,73.17,1.3979,MED,-,105.426,96.965,58.185,1,274.494,LEADER,65.9619
53,-5,HUT,HUT CORP,Information Technology,,mid,71.74,93.12,0.1464,0.3458,0.1784,FLAT,46.08,527.65,890.88,-38.62,56.63,106.78,0.8847,LOW,-,53.916,53.1387,41.5658,1,279.8335,LEADER,65.7828
54,7,CGON,CG ONCOLOGY INC,Health Care,,mid,67.28,87.11,-0.0431,-0.0242,0.2887,STRONG_DOWN,56.61,234.56,78.75,-25.3,52.21,44.78,1.3161,MED,-,66.6655,60.9662,43.1441,1,273.4786,LEADER,65.4883
55,3,LRCX,Lam Research,Information Technology,Semiconductor Materials & Equipment,large,272.41,88.36,0.0837,0.186,0.2837,STRONG_DOWN,98.23,300.94,193.22,-20.01,60.64,61.37,0.7491,LOW,-,232.492,229.2413,163.4611,1,297.3641,LEADER,63.9488
56,43,GSAT,GLOBALSTAR VOTING INC,Communication,,mid,79.91,91.67,0.0365,0.2625,0.1741,FLAT,80.38,305.43,309.79,-26.53,55.02,73.8,12.2387,HIGH,-,67.412,62.5634,49.0159,1,227.7058,LEADER,63.916
57,-2,DAN,DANA INCORPORATED INC,Consumer Discretionary,,mid,36.6,98.63,0.0189,0.1094,0.4052,STRONG_DOWN,101.85,237.15,224.51,-14.68,54.22,40.8,0.3421,LOW,-,33.7315,33.2276,23.8705,1,315.154,LEADER,63.8084
58,8,SCHL,SCHOLASTIC CORP,Communication,,small,39.9,87.5,-0.018,0.0805,0.1056,STRONG_DOWN,44.16,154.6,20.39,-12.02,55.82,32.8,1.5042,HIGH,-,38.2205,35.7518,29.3695,1,263.0987,LEADER,63.7454
59,-3,GLUE,MONTE ROSA THERAPEUTICS INC,Health Care,,small,17.5,92.19,0.0025,0.0273,-0.263,FLAT,68.27,295.03,166.36,-41.84,48.59,49.58,0.5578,LOW,-,16.399,17.6276,12.6653,1,289.1427,LEADER,63.6357
60,2,GPRE,GREEN PLAINS INC,Energy,,small,15.39,97.75,0.0269,-0.0216,0.1246,FLAT,54.52,325.14,-26.47,-22.75,54.22,58.5,0.7859,LOW,-,16.0565,14.9692,10.9374,1,301.3503,LEADER,62.656
61,12,DNTH,DIANTHUS THERAPEUTICS INC,Health Care,,mid,94.91,94.92,0.0653,0.1737,1.1249,STRONG_DOWN,175.74,394.07,275.58,-22.91,51.0,79.0,1.0499,MED,-,83.8015,68.4922,42.4083,1,254.3968,LEADER,61.737
62,0,BELFB,BEL FUSE INC CLASS B,Information Technology,,mid,237.34,85.71,0.0182,0.1015,0.2365,STRONG_DOWN,63.8,242.71,308.62,-19.54,61.85,50.52,0.6847,LOW,-,214.737,217.0994,165.3982,1,297.1405,LEADER,61.7343
63,-4,DHC,DIVERSIFIED HEALTHCARE TRUST,Real Estate,,small,7.31,100.0,0.0171,-0.0326,0.2979,FLAT,79.02,248.79,195.51,-15.7,53.82,44.47,0.5856,LOW,-,6.9445,6.7892,4.9476,1,301.101,LEADER,61.1042
64,0,POWL,POWELL INDUSTRIES INC,Industrials,,mid,234.42,96.6,0.0518,0.3022,0.7198,STRONG_DOWN,122.84,307.35,461.07,-30.88,57.43,65.62,0.7162,LOW,-,192.604,183.5362,123.0192,1,268.9865,LEADER,60.1173
65,-8,CLMT,CALUMET INC,Energy,,mid,32.24,92.13,-0.0262,0.1201,0.3726,STRONG_DOWN,76.37,241.16,114.93,-22.81,57.03,48.68,0.4238,LOW,-,32.1215,29.4714,21.0087,1,282.5305,LEADER,60.054
66,-12,RHLD,RESOLUTE HOLDINGS MANAGEMENT INC,Industrials,,small,153.0,98.72,-0.0497,0.1578,-0.3543,FLAT,107.2,458.39,326.3,-50.93,53.82,96.75,0.8059,LOW,-,156.6375,168.7102,127.6116,1,254.9951,LEADER,59.8781
67,-4,NESR,NATIONAL ENERGY SERVICES REUNITED,Energy,,mid,23.25,95.51,0.0065,0.1082,0.0601,FLAT,126.39,296.76,158.33,-27.39,55.82,62.09,0.9845,LOW,-,21.975,22.1467,14.1976,1,266.7904,LEADER,59.6075
68,8,TTI,TETRA TECHNOLOGIES INC,Energy,,small,8.41,93.26,0.0493,0.0406,-0.4556,STRONG_UP,35.65,262.5,88.57,-37.66,56.22,63.88,1.0873,MED,-,8.345,9.3886,7.3074,1,231.023,LEADER,59.214
69,-4,ECPG,ENCORE CAPITAL GROUP INC,Financials,,small,79.71,100.0,0.0555,0.1191,0.3722,STRONG_DOWN,80.83,166.41,90.06,-12.63,53.41,33.24,1.301,MED,-,71.8335,66.1534,51.0638,1,267.3881,LEADER,59.2034
70,22,CMPX,COMPASS THERAPEUTICS,Health Care,,small,5.44,86.72,-0.0126,-0.0396,-0.0175,FLAT,26.95,220.0,244.3,-24.66,53.01,52.27,1.5297,HIGH,-,5.322,5.7148,4.5163,1,223.1146,LEADER,59.0694
71,-11,GLW,Corning Inc.,Information Technology,Electronic Components,large,172.82,89.42,0.0253,0.2531,0.9379,STRONG_DOWN,103.2,319.88,475.42,-23.01,59.84,73.4,0.77,LOW,-,145.642,138.3965,92.6723,1,260.7833,LEADER,58.5243
72,5,ALMS,ALUMIS INC,Health Care,,mid,22.89,93.75,-0.012,-0.1715,0.0445,FLAT,396.53,347.95,72.11,-52.94,49.0,78.39,0.7154,LOW,-,23.5565,25.7961,12.2294,1,217.4935,LEADER,57.7237
73,-1,ALNT,ALLIENT INC,Industrials,,small,71.77,94.89,0.0861,0.0423,0.1288,FLAT,48.91,242.21,132.62,-14.59,54.62,52.75,1.064,MED,-,63.6575,64.4737,52.8932,1,250.8007,LEADER,57.491
74,-22,DFTX,DEFINIUM THERAPEUTICS INC,Health Care,,mid,21.93,91.8,0.0236,0.154,0.484,STRONG_DOWN,79.02,291.61,124.23,-24.79,53.01,58.8,0.916,LOW,-,19.5405,18.2968,13.1375,1,262.8928,LEADER,57.1933
75,-6,ALB,Albemarle Corporation,Materials,Specialty Chemicals,large,189.86,96.92,0.0613,0.1008,0.0409,FLAT,98.16,257.7,63.21,-20.05,58.23,59.96,0.7016,LOW,-,174.533,171.2985,121.2075,1,250.2631,LEADER,56.3617
76,8,STRL,STERLING INFRASTRUCTURE INC,Industrials,,large,464.54,94.04,0.0742,0.0401,0.4013,FLAT,30.76,229.46,362.64,-31.02,55.82,65.34,1.0332,MED,-,423.5115,418.1698,341.8917,1,196.0287,LEADER,55.9706
77,1,UUUU,ENERGY FUELS INC,Energy,,mid,19.54,98.88,0.1029,-0.0073,-0.2542,STRONG_UP,-17.8,373.12,226.21,-51.28,53.82,99.65,0.9245,LOW,-,18.1125,19.9708,16.0282,1,201.5204,LEADER,55.5267
78,-8,PACS,PACS GROUP INC,Health Care,,mid,33.14,89.06,-0.0833,-0.0996,-0.2058,STRONG_UP,167.26,260.22,37.28,-42.03,48.59,58.09,0.7184,LOW,-,33.27,35.6988,23.6222,1,217.6616,LEADER,55.3044
79,0,CAT,Caterpillar Inc.,Industrials,Construction Machinery & Heavy Transportation Equipment,large,794.25,89.36,0.0062,0.0631,0.2076,STRONG_DOWN,58.17,174.4,124.59,-13.88,58.23,38.6,0.6503,LOW,-,725.2755,728.5738,562.2918,1,263.0945,LEADER,55.1142
80,-12,GEV,GE Vernova,Industrials,Heavy Electrical Equipment,large,987.5,91.91,0.0318,0.1224,0.4722,STRONG_DOWN,52.6,201.44,652.31,-17.51,55.02,43.6,0.6182,LOW,-,901.937,852.9232,673.5907,1,254.2066,LEADER,54.9355
81,-6,EA,Electronic Arts,Communication Services,Interactive Home Entertainment,large,202.85,86.36,-0.0213,-0.0239,0.0062,FLAT,1.47,39.91,61.2,-8.12,54.62,8.04,0.4064,LOW,-,202.351,201.1244,189.5812,1,271.1155,LEADER,54.8137
82,0,NVTS,NAVITAS SEMICONDUCTOR CORP,Information Technology,,mid,9.87,92.59,0.0121,-0.1216,0.0554,FLAT,-1.0,467.24,135.56,-58.25,46.59,118.39,0.7982,LOW,-,9.0793,8.9505,8.5095,1,183.8734,LEADER,53.4927
83,7,AMLX,AMYLYX PHARMACEUTICALS INC,Health Care,,small,16.92,92.97,-0.02,0.1336,0.352,STRONG_DOWN,19.83,336.08,717.39,-27.93,52.61,71.78,0.6804,LOW,-,14.801,14.5346,12.4392,1,246.3263,LEADER,52.723
84,26,DY,DYCOM INDUSTRIES INC,Industrials,,large,392.25,88.09,0.0064,0.0239,0.0559,STRONG_DOWN,34.84,157.92,188.78,-24.43,58.23,46.78,1.2328,MED,-,357.8805,381.2224,318.6668,1,196.5772,LEADER,52.0632
85,10,CSTM,CONSTELLIUM SE CLASS A,Materials,,mid,30.53,98.46,0.0484,0.1378,0.3545,STRONG_DOWN,102.32,263.89,45.31,-15.96,52.61,56.34,0.7135,LOW,-,26.1845,25.468,18.5734,1,246.415,LEADER,51.8597
86,25,TSHA,TAYSHA GENE THERAPIES INC,Health Care,,small,4.71,89.84,0.0155,-0.0054,-0.0312,STRONG_UP,-6.73,270.87,77.07,-31.13,51.81,61.07,0.7664,LOW,-,4.443,4.5407,4.1051,1,229.7949,LEADER,51.825
87,-37,ECVT,ECOVYST INC,Materials,,small,14.07,80.0,0.062,0.1154,0.2897,STRONG_DOWN,69.52,138.47,40.42,-16.33,55.02,29.73,0.8506,LOW,-,12.893,11.9572,9.7484,1,256.2688,LEADER,51.5015
88,1,NGVT,INGEVITY CORP,Materials,,mid,76.56,81.54,0.0343,0.0982,0.1284,STRONG_DOWN,42.86,140.83,70.4,-23.94,55.02,32.87,0.5983,LOW,-,70.695,70.4662,58.6025,1,235.7314,LEADER,51.3653
89,-2,DK,DELEK US HOLDINGS INC,Energy,,mid,39.35,91.01,-0.0401,-0.0662,0.0901,FLAT,16.93,238.05,39.54,-36.02,51.81,58.84,0.5938,LOW,-,43.965,39.6195,32.5212,1,209.605,LEADER,51.3157
90,13,MBX,MBX BIOSCIENCES INC,Health Care,,small,32.81,93.36,0.0167,0.0579,-0.0888,FLAT,126.28,344.58,38.73,-37.6,52.61,81.38,0.736,LOW,-,30.097,32.7003,23.9657,1,222.7618,LEADER,51.1596
91,-17,ANAB,ANAPTYSBIO INC,Health Care,,small,70.22,91.41,0.0518,0.0409,0.4683,FLAT,116.33,287.96,230.14,-28.15,52.61,65.57,0.8029,LOW,-,63.2783,58.6326,39.3619,1,231.0409,LEADER,50.7099
92,-1,ATRO,ASTRONICS CORP,Industrials,,mid,76.06,93.62,0.0209,0.0353,0.0862,STRONG_DOWN,57.74,227.42,353.55,-23.39,53.82,53.27,0.5015,LOW,-,69.321,73.3148,53.482,1,229.7695,LEADER,50.6621
93,8,PVLA,PALVELLA THERAPEUTICS INC,Health Care,,small,129.53,96.48,0.032,-0.0175,0.2602,FLAT,69.94,441.29,,-29.93,53.01,104.13,0.3832,LOW,-,120.157,112.5046,79.2201,1,224.6483,LEADER,50.5265
94,41,TE,T1 ENERGY INC,Industrials,,small,4.86,97.87,0.1423,-0.443,-0.4249,FLAT,38.86,345.87,161.29,-58.59,49.8,117.7,2.1955,HIGH,-,5.5635,6.5286,4.3672,1,146.3416,LEADER,50.4077
95,9,GOOGL,Alphabet Inc. (Class A),Communication Services,Interactive Media & Services,large,332.91,95.45,0.0386,0.0658,0.0031,FLAT,36.54,113.72,116.75,-20.37,54.62,28.39,0.7955,LOW,-,301.6185,307.7987,269.8063,1,218.7861,LEADER,50.2338
96,2,HL,HECLA MINING,Materials,,large,19.69,92.31,-0.0021,-0.0781,-0.2327,STRONG_UP,46.14,234.9,271.11,-45.95,54.22,79.47,0.5464,LOW,-,18.6065,20.8461,15.248,1,160.2665,LEADER,50.1852
97,11,GOOG,Alphabet Inc. (Class C),Communication Services,Interactive Media & Services,large,330.58,90.91,0.0398,0.0622,-0.0093,FLAT,35.31,109.05,113.2,-20.75,54.22,27.27,0.8544,LOW,-,300.0055,307.2079,270.1737,1,216.8232,LEADER,49.9151
98,-5,DCO,DUCOMMUN INC,Industrials,,small,141.29,87.23,-0.0019,0.0414,0.2393,STRONG_DOWN,49.81,149.41,155.13,-16.03,59.04,35.81,0.6304,LOW,-,128.4945,126.6456,102.1521,1,246.3302,LEADER,49.8642
99,-3,BKSY,BLACKSKY TECHNOLOGY INC CLASS A,Industrials,,small,32.04,97.45,-0.0657,0.2631,0.208,FLAT,13.22,340.11,215.35,-58.46,53.01,108.25,1.2875,MED,-,28.632,24.7388,21.6991,1,166.5517,LEADER,49.8419
100,40,PRM,PERIMETER SOLUTIONS INC,Materials,,mid,26.45,86.15,0.0375,0.1348,-0.1009,FLAT,19.36,166.63,272.01,-30.2,56.63,51.36,1.0677,MED,-,23.394,24.5092,23.211,1,183.7311,LEADER,49.7621
101,-21,CENX,CENTURY ALUMINUM,Materials,,mid,63.77,100.0,-0.0372,0.0779,0.341,STRONG_DOWN,93.77,305.4,259.27,-23.56,51.81,71.15,0.8551,LOW,-,57.727,54.4106,35.659,1,222.3888,LEADER,49.7569
102,-16,SMTC,SEMTECH CORP,Information Technology,,mid,90.12,84.66,0.015,-0.0499,0.1976,FLAT,32.01,230.11,178.23,-26.68,53.01,64.98,1.1729,MED,-,80.2025,84.564,69.466,1,187.7212,LEADER,49.692
103,40,JNJ,Johnson & Johnson,Health Care,Pharmaceuticals,large,240.1,58.59,-0.0249,-0.0578,0.139,FLAT,27.24,60.65,72.58,-7.22,55.82,15.35,1.1575,MED,-,239.5635,240.7549,199.8239,1,220.5506,CONTENDER,49.4707
104,-16,PAHC,PHIBRO ANIMAL HEALTH CORP CLASS A,Health Care,,mid,59.02,88.67,-0.0138,0.1103,0.4713,STRONG_DOWN,62.16,255.78,363.33,-18.5,52.21,58.99,0.803,LOW,-,55.3825,52.3929,40.7649,1,226.3795,LEADER,48.7301
105,1,VICR,VICOR CORP,Industrials,,mid,190.1,96.17,0.033,-0.0473,0.3284,FLAT,265.86,304.12,438.37,-32.01,59.04,90.41,0.5203,LOW,-,172.6395,173.0784,101.4374,1,198.6007,LEADER,48.6481
106,-1,MYRG,MYR GROUP INC,Industrials,,mid,322.07,90.21,0.0489,0.1325,0.3351,STRONG_DOWN,56.34,183.86,93.19,-13.65,56.22,44.46,,LOW,-,286.415,275.2576,224.0807,1,232.4951,LEADER,48.3263
107,68,OKLO,OKLO INC CLASS A,Utilities,,mid,58.58,100.0,0.1755,-0.0181,-0.5093,STRONG_UP,-65.74,154.7,368.64,-73.83,50.2,88.36,1.9316,HIGH,PROGRESS,52.0935,60.1158,85.4891,0,87.8873,LAGGARD,48.232
108,-14,GHM,GRAHAM CORP,Industrials,,small,92.64,92.77,0.011,0.0847,0.2268,STRONG_DOWN,60.19,209.01,213.5,-18.21,56.22,56.87,1.1696,MED,-,83.988,82.7792,64.041,1,206.6172,LEADER,48.2191
109,-2,OLMA,OLEMA PHARMACEUTICALS INC,Health Care,,small,16.3,91.02,0.0192,-0.0632,-0.408,STRONG_UP,51.63,287.17,50.23,-62.55,49.8,80.51,0.4839,LOW,-,14.9055,19.3814,15.1559,1,177.633,LEADER,48.1533
110,27,REZI,RESIDEO TECHNOLOGIES INC,Industrials,,mid,39.28,87.66,0.0501,0.0821,0.0013,FLAT,-2.72,153.09,93.12,-35.21,55.42,50.59,1.3213,MED,-,35.1195,35.7182,34.593,1,167.7091,LEADER,48.0246
111,33,SEI,SOLARIS OILFIELD INFRASTRUCTURE IN,Energy,,mid,65.03,94.38,0.1051,0.1212,-0.0253,FLAT,25.83,273.57,700.84,-26.43,51.81,81.18,1.3147,MED,-,60.1875,55.155,44.7737,1,174.5934,LEADER,47.3476
112,0,HLIO,HELIOS TECHNOLOGIES INC,Industrials,,mid,71.12,88.51,-0.0056,0.0188,0.1085,STRONG_DOWN,46.81,168.45,57.18,-17.07,50.6,38.37,0.5922,LOW,-,66.6968,69.0709,55.9003,1,222.1471,LEADER,47.2504
113,1,BTSG,BRIGHTSPRING HEALTH SERVICES INC,Health Care,,mid,46.04,83.98,-0.0258,0.1359,0.2013,STRONG_DOWN,56.17,169.56,343.12,-20.75,56.22,44.43,0.5202,LOW,-,43.6025,41.5032,32.7035,1,214.5484,LEADER,46.8492
114,31,FLNC,FLUENCE ENERGY INC CLASS A,Industrials,,mid,14.8,95.74,0.1049,-0.1906,-0.4219,STRONG_UP,-6.86,302.72,-5.91,-59.66,49.0,100.47,0.7183,LOW,PROGRESS,14.453,16.7194,15.4946,0,147.6394,LAGGARD,46.8374
115,2,CDE,COEUR MINING INC,Materials,,large,21.17,93.85,0.0648,-0.058,-0.0328,FLAT,-0.05,247.05,372.54,-40.44,53.41,86.2,0.5255,LOW,-,18.79,21.2586,17.0921,1,153.0731,LEADER,46.0709
116,7,PRIM,PRIMORIS SERVICES CORP,Industrials,,mid,166.23,90.64,0.0384,0.1049,0.1621,STRONG_DOWN,21.95,188.46,274.17,-21.91,56.63,52.51,0.5589,LOW,-,148.3058,150.0491,128.4742,1,203.2478,LEADER,45.32
117,2,CECO,CECO ENVIRONMENTAL CORP,Industrials,,mid,66.07,93.19,0.0321,0.086,-0.0136,FLAT,36.17,222.77,186.64,-35.08,55.42,69.82,0.6397,LOW,-,60.85,63.6924,53.4104,1,176.8209,LEADER,45.1775
118,-2,TPR,"Tapestry, Inc.",Consumer Discretionary,"Apparel, Accessories & Luxury Goods",large,150.87,96.58,-0.0132,0.0237,0.1901,STRONG_DOWN,33.09,139.37,284.89,-15.71,59.04,40.31,0.4438,LOW,-,144.1905,147.025,120.217,1,204.1309,LEADER,45.1707
119,15,MAZE,MAZE THERAPEUTICS INC,Health Care,,small,27.68,87.5,-0.0346,-0.5051,-0.3237,FLAT,-3.12,241.73,73.54,-48.51,53.01,91.19,3.0387,HIGH,-,34.9925,42.0978,31.2468,0,140.52,LAGGARD,45.1583
120,9,AAMI,ACADIAN ASSET MANAGEMENT INC,Financials,,small,64.97,99.3,0.0828,0.2004,0.187,FLAT,41.27,145.56,188.6,-18.2,58.23,40.05,0.8157,LOW,-,55.544,53.6797,48.0064,1,211.6324,LEADER,45.1053
121,-54,CAPR,CAPRICOR THERAPEUTICS INC,Health Care,,small,34.72,88.28,0.0791,0.093,0.4097,STRONG_DOWN,416.67,253.56,492.49,-67.67,49.4,75.39,0.7248,LOW,-,30.89,28.5666,16.2149,1,166.1503,LEADER,45.0341
122,54,MIRM,MIRUM PHARMACEUTICALS INC,Health Care,,mid,96.9,81.64,-0.0307,0.0029,0.0806,STRONG_DOWN,34.27,150.84,305.27,-20.55,56.22,47.59,1.0326,MED,-,92.9345,95.834,76.8437,1,178.195,LEADER,44.6024
123,130,QBTS,D WAVE QUANTUM INC,Information Technology,,mid,16.97,76.72,0.1433,-0.0906,-0.4003,STRONG_UP,-58.22,145.23,974.05,-71.01,48.19,91.65,1.6116,HIGH,PROGRESS,15.0195,17.4774,22.398,0,76.3632,LAGGARD,44.1902
124,-3,VSCO,VICTORIA S SECRET,Consumer Discretionary,,mid,48.55,97.95,-0.0736,0.0373,-0.1633,FLAT,67.07,204.77,177.75,-35.55,52.21,63.07,0.6834,LOW,-,46.9495,53.0524,39.3246,1,169.5114,LEADER,43.9807
125,-25,TDAY,USA TODAY INC,Communication,,small,7.19,83.33,0.0028,0.0347,0.1357,STRONG_DOWN,106.02,149.65,209.91,-20.32,48.59,34.68,0.895,LOW,-,6.8175,6.3974,5.0082,1,209.6779,LEADER,43.8756
126,1,KALU,KAISER ALUMINIUM CORP,Materials,,mid,142.46,87.69,0.026,0.1332,0.0987,FLAT,80.87,170.26,72.76,-26.03,55.42,51.1,0.5518,LOW,-,124.783,128.9106,100.747,1,184.6561,LEADER,43.8563
127,148,DAVE,DAVE INC CLASS A,Financials,,mid,213.76,99.65,0.1879,-0.0616,-0.0416,FLAT,5.6,154.96,510.22,-44.67,54.22,76.12,1.77,HIGH,-,188.8623,189.5082,207.9456,1,110.3788,LEADER,43.595
128,49,COHU,COHU INC,Information Technology,,small,38.51,80.95,0.0981,0.2918,0.3948,STRONG_DOWN,80.97,167.62,24.99,-20.23,55.82,51.15,1.1855,MED,-,32.2685,30.907,24.499,1,182.9198,LEADER,43.4776
129,-1,UCTT,ULTRA CLEAN HOLDINGS INC,Information Technology,,mid,76.92,87.3,0.0991,0.3248,1.0578,STRONG_DOWN,176.89,289.27,80.82,-29.74,54.22,87.37,0.4215,LOW,-,64.5305,59.109,35.3617,1,179.5157,LEADER,43.4434
130,-6,AMAT,Applied Materials,Information Technology,Semiconductor Materials & Equipment,large,395.64,82.54,0.0043,0.0872,0.3109,STRONG_DOWN,80.84,174.44,95.71,-21.37,57.03,54.27,0.6649,LOW,-,362.277,353.5212,255.5899,1,183.3161,LEADER,43.3171
131,2,LQDA,LIQUIDIA CORP,Health Care,,mid,38.71,85.16,-0.0064,0.0412,0.0255,FLAT,62.85,184.63,182.97,-37.82,54.22,61.1,,LOW,-,37.2035,37.014,29.2193,1,163.8423,LEADER,43.2886
132,78,TXG,10X GENOMICS INC CLASS A,Health Care,,mid,24.8,86.33,0.0577,0.4428,0.2178,FLAT,113.79,203.92,-24.53,-28.03,50.6,66.98,1.1232,MED,-,20.939,20.2354,16.2491,1,154.0524,LEADER,43.2678
133,-2,FN,FABRINET,Information Technology,,large,681.68,86.77,0.0958,0.2736,0.4056,STRONG_DOWN,78.17,261.61,294.31,-20.55,57.43,83.71,0.9947,LOW,-,569.4555,538.0436,429.8586,1,179.4832,LEADER,42.7255
134,-25,MOD,MODINE MANUFACTURING,Industrials,,large,253.66,94.47,0.057,0.2096,0.9531,STRONG_DOWN,69.5,229.64,179.48,-27.55,53.01,73.71,0.6619,LOW,-,220.7585,215.6128,157.2906,1,165.152,LEADER,42.6496
135,55,CORZ,CORE SCIENTIFIC INC,Information Technology,,mid,18.68,82.01,0.0363,0.0451,0.0476,STRONG_DOWN,-2.76,172.7,560.07,-40.74,55.82,70.4,1.2721,MED,-,16.5635,16.7533,16.4234,1,136.934,LEADER,42.498
136,-11,INSW,INTERNATIONAL SEAWAYS INC,Energy,,mid,72.49,75.28,-0.012,0.0691,0.0899,STRONG_DOWN,72.93,150.33,68.19,-13.84,54.22,40.55,0.4922,LOW,-,71.921,68.0051,50.8932,1,201.0034,LEADER,42.3016
137,27,MSGE,MADISON SQUARE GARDEN ENTERTAINMEN,Communication,,mid,62.08,75.0,-0.0147,-0.0276,-0.0522,STRONG_UP,43.07,101.62,60.87,-13.43,56.63,29.91,0.5387,LOW,-,58.6265,59.7088,49.5226,1,192.4093,LEADER,42.2853
138,19,INSM,Insmed Incorporated,Health Care,Biotechnology,large,153.4,78.12,-0.0623,0.0178,-0.0555,FLAT,-6.43,115.84,471.96,-35.67,55.82,44.44,0.5194,LOW,-,152.0525,150.3398,152.6539,1,145.5082,LEADER,42.2583
139,117,WT,WISDOMTREE INC,Financials,,mid,17.27,98.59,0.0995,0.0834,0.2439,FLAT,30.91,108.6,97.92,-26.67,55.02,45.23,1.6958,HIGH,-,14.78,15.7517,13.6293,1,132.1092,LEADER,42.2172
140,-25,NE,NOBLE CORPORATION PLC,Energy,,mid,47.67,77.53,-0.0134,0.0117,0.303,STRONG_DOWN,77.39,159.32,12.62,-16.56,52.21,42.41,0.4885,LOW,-,48.903,45.5757,32.8273,1,196.1337,LEADER,42.2142
141,5,OUT,OUTFRONT MEDIA INC,Real Estate,,mid,29.12,98.77,-0.0022,0.0416,0.1516,STRONG_DOWN,71.0,116.12,117.84,-11.25,53.82,30.98,0.6953,LOW,-,27.377,26.9571,21.4647,1,201.7366,LEADER,42.0304
142,-4,INTC,Intel,Information Technology,Semiconductors,large,63.81,83.6,0.061,0.3388,0.3609,STRONG_DOWN,71.44,221.46,77.57,-24.17,51.81,78.41,1.0261,MED,-,50.054,47.8848,36.6122,1,146.332,LEADER,42.0103
143,84,MRVL,Marvell Technology,Technology,Semiconductors,large,133.83,100.0,0.167,0.5317,0.8638,STRONG_DOWN,49.9,151.67,98.34,-26.36,52.21,64.97,1.6644,HIGH,-,103.8054,90.4065,83.155,1,121.8843,LEADER,41.8546
144,-8,TDW,TIDEWATER INC,Energy,,mid,84.28,78.65,-0.0013,0.115,0.2342,STRONG_DOWN,69.82,160.85,-9.99,-25.16,53.82,47.86,,LOW,-,81.505,77.1186,59.9812,1,180.8784,LEADER,41.8304
145,-4,KLAC,KLA Corporation,Information Technology,Semiconductor Materials & Equipment,large,1795.91,80.42,0.0525,0.193,0.2587,STRONG_DOWN,75.73,167.6,169.08,-22.41,61.04,59.12,0.6483,LOW,-,1558.5915,1492.2407,1200.8122,1,173.0413,LEADER,41.8153
146,6,AGX,ARGAN INC,Industrials,,mid,603.91,97.02,0.0034,0.2226,0.882,STRONG_DOWN,105.55,317.27,937.91,-24.96,56.63,102.54,0.3608,LOW,-,528.9155,465.1196,327.4872,1,175.2173,LEADER,41.6765
147,15,ZYME,ZYMEWORKS INC,Health Care,,small,26.98,81.25,-0.0099,0.0992,0.1371,STRONG_DOWN,48.98,146.62,196.81,-20.28,54.22,40.26,0.7932,LOW,-,25.0893,24.1279,20.0869,1,197.4571,LEADER,41.671
148,43,C,Citigroup,Financials,Diversified Banks,large,129.58,98.24,0.0389,0.1268,0.0698,FLAT,36.35,106.67,134.87,-14.76,57.83,38.83,1.0961,MED,-,115.489,113.9966,103.925,1,158.8597,LEADER,41.6457
149,1,LEU,CENTRUS ENERGY CORP CLASS A,Energy,,mid,193.11,87.64,0.0554,-0.1156,-0.613,STRONG_UP,-51.81,203.35,361.32,-61.35,52.61,90.13,0.6999,LOW,PROGRESS,189.0465,205.9662,251.0619,0,118.6955,LAGGARD,41.6127
150,-20,BORR,BORR DRILLING LTD,Energy,,small,5.7,86.52,-0.0155,0.1224,0.0531,FLAT,114.29,203.19,5.94,-23.33,51.41,55.82,0.7786,LOW,-,5.589,5.5754,3.7026,1,187.1386,LEADER,41.5359
151,3,VLO,Valero Energy,Energy,Oil & Gas Refining & Marketing,large,235.58,70.79,0.0228,-0.01,0.0559,FLAT,47.77,125.48,46.3,-14.19,55.02,36.92,0.7657,LOW,-,242.184,221.6855,175.6449,1,186.9983,CONTENDER,41.4392
152,121,LGND,LIGAND PHARMACEUTICALS INC,Health Care,,mid,232.34,78.52,0.0969,0.075,0.2399,FLAT,29.16,117.55,191.26,-13.21,53.41,41.72,2.3988,HIGH,-,205.3105,200.0578,179.9029,1,150.4836,LEADER,41.3978
153,-35,NBR,NABORS INDUSTRIES LTD,Energy,,small,79.33,82.02,-0.0126,0.0235,0.0271,STRONG_DOWN,95.83,178.16,1.39,-24.17,53.82,50.21,0.8288,LOW,-,83.292,77.9578,53.0841,1,190.9647,LEADER,41.3263
154,20,UEC,URANIUM ENERGY CORP,Energy,,mid,14.13,88.76,0.0519,0.0268,-0.3517,STRONG_UP,-7.77,206.51,97.07,-39.97,52.21,74.98,0.5131,LOW,-,13.3385,14.507,12.7874,1,143.7952,LEADER,41.286
155,-8,EWTX,EDGEWISE THERAPEUTICS INC,Health Care,,mid,33.16,82.81,-0.0163,0.0704,0.3382,STRONG_DOWN,125.42,154.69,101.21,-25.43,51.41,51.88,1.1022,MED,-,31.7065,30.437,21.3798,1,153.2837,LEADER,41.0748
156,-14,EME,Emcor,Industrials,Construction & Engineering,large,814.18,80.43,0.0085,0.0487,0.1718,STRONG_DOWN,20.38,109.14,135.34,-25.15,59.04,39.22,0.868,LOW,-,757.6995,755.9774,663.5068,1,164.2992,LEADER,40.9999
157,-2,NG,NOVAGOLD RESOURCES INC,Materials,,mid,10.13,95.38,0.0852,-0.0705,-0.0603,FLAT,1.2,251.74,222.61,-45.56,54.22,99.93,0.5134,LOW,-,8.784,10.1606,8.5249,1,136.5869,LEADER,40.8979
158,-38,APA,APA Corporation,Energy,Oil & Gas Exploration & Production,large,37.03,79.78,-0.0051,0.0522,0.2052,STRONG_DOWN,65.65,161.54,21.77,-16.58,52.21,46.83,0.9081,LOW,-,40.3205,33.9312,25.4446,1,180.1017,LEADER,40.8746
159,141,RGTI,RIGETTI COMPUTING INC,Information Technology,,mid,16.87,64.55,0.1396,-0.0173,-0.2997,STRONG_UP,-69.28,95.71,1462.04,-77.1,49.0,86.75,1.9678,HIGH,SHIFT,14.736,15.9873,22.5359,0,54.0597,LAGGARD,40.8163
160,-7,PWR,Quanta Services,Industrials,Construction & Engineering,large,594.4,83.4,0.0084,-0.0369,0.2953,FLAT,37.98,117.91,139.37,-11.66,57.03,36.43,0.5782,LOW,-,566.9034,549.9261,451.4912,1,184.5918,LEADER,40.7631
161,-10,PBF,PBF ENERGY INC CLASS A,Energy,,mid,38.96,83.15,-0.0553,-0.1287,-0.0669,FLAT,35.89,180.82,-28.46,-34.86,56.22,66.58,0.7898,LOW,-,46.06,40.7387,31.8562,1,152.6877,LEADER,40.4496
162,-4,AVGO,Broadcom,Information Technology,Semiconductors,large,380.78,71.43,0.0646,0.1187,0.0876,FLAT,7.18,114.51,196.45,-28.67,56.22,42.47,0.8755,LOW,-,327.5813,328.1165,330.0844,1,151.5833,CONTENDER,40.2601
163,-3,ANDE,ANDERSONS INC,Consumer Staples,,mid,73.27,98.39,-0.0087,0.0695,0.2552,STRONG_DOWN,75.52,99.39,32.08,-17.38,55.42,30.11,0.5774,LOW,-,71.8765,68.4489,50.9528,1,182.9283,LEADER,40.2473
164,7,ENS,ENERSYS,Industrials,,mid,198.94,86.81,0.0362,0.1565,0.171,STRONG_DOWN,72.74,140.1,124.14,-20.08,59.84,47.62,0.5873,LOW,-,177.0665,172.9379,134.7166,1,176.0481,LEADER,39.7157
165,2,CMRE,COSTAMARE INC,Industrials,,mid,17.4,77.45,-0.0383,-0.0218,0.0231,STRONG_DOWN,54.53,99.35,64.96,-26.33,57.03,33.62,0.7258,LOW,-,17.0985,16.9272,13.8506,1,168.5267,LEADER,39.7089
166,7,NAT,NORDIC AMERICAN TANKERS LTD,Energy,,small,5.71,76.4,-0.0075,0.0575,0.2019,STRONG_DOWN,82.28,151.73,74.82,-14.01,54.62,43.01,0.6845,LOW,-,5.7115,5.1811,3.7169,1,192.6902,LEADER,39.6191
167,26,PLOW,DOUGLAS DYNAMICS INC,Industrials,,small,46.75,78.72,0.01,0.066,0.2427,STRONG_DOWN,57.23,105.98,134.49,-13.03,49.8,30.6,1.0077,MED,-,42.9435,42.5631,34.2942,1,172.4757,LEADER,39.5975
168,18,HWM,Howmet Aerospace,Industrials,Aerospace & Defense,large,258.03,79.57,0.009,-0.0007,0.1323,FLAT,35.97,107.81,308.62,-15.89,56.22,35.61,0.3662,LOW,-,239.528,242.1396,205.8836,1,170.2103,LEADER,39.5846
169,-72,SENEA,SENECA FOODS CORP CLASS A,Consumer Staples,,small,162.76,95.16,0.0332,0.1311,0.3882,STRONG_DOWN,42.68,94.85,188.38,-17.28,58.23,29.34,0.6932,LOW,-,152.93,140.5262,118.0686,1,188.2495,LEADER,39.5737
170,-4,FIGS,FIGS INC CLASS A,Consumer Discretionary,,mid,14.52,99.32,-0.0234,-0.0665,0.2449,FLAT,104.8,240.05,206.98,-21.73,51.0,74.5,0.6695,LOW,-,14.556,13.5616,9.7173,1,164.3274,LEADER,39.457
171,30,AUPH,AURINIA PHARMACEUTICALS INC,Health Care,,mid,16.07,76.17,-0.0086,0.0799,0.0812,STRONG_DOWN,44.77,107.35,218.85,-15.91,51.0,34.43,1.2311,MED,-,15.003,14.6878,13.2878,1,159.0211,LEADER,39.04
172,-50,RIG,TRANSOCEAN LTD,Energy,,mid,6.17,84.27,-0.0398,-0.0278,0.19,STRONG_DOWN,92.81,181.74,1.98,-23.19,54.62,59.47,0.5993,LOW,-,6.571,6.2464,4.2464,1,166.914,LEADER,38.9685
173,23,OUST,OUSTER INC,Information Technology,,small,23.42,85.19,0.1346,0.0439,-0.1252,STRONG_UP,-24.62,235.05,206.95,-55.15,51.0,85.28,0.8688,LOW,-,20.0105,20.0488,25.1802,0,140.567,LAGGARD,38.9677
174,5,AMD,Advanced Micro Devices,Information Technology,Semiconductors,large,255.07,81.48,0.0789,0.2419,0.1658,FLAT,17.86,167.68,59.1,-27.76,54.62,64.65,0.6497,LOW,-,216.037,209.6108,200.4876,1,141.6636,LEADER,38.9549
175,-10,SITM,SITIME CORP,Information Technology,,mid,446.04,84.13,0.108,0.2497,0.2836,STRONG_DOWN,51.49,222.66,468.13,-29.39,55.42,78.8,0.8267,LOW,-,364.8435,378.414,306.4252,1,156.594,LEADER,38.9369
176,-20,OIS,OIL STATES INTERNATIONAL INC,Energy,,small,11.18,89.89,0.0162,-0.085,0.1354,FLAT,89.81,228.82,91.44,-22.86,53.41,71.24,0.5157,LOW,-,11.7365,11.4014,7.5244,1,171.5534,LEADER,38.8169
177,-18,MPWR,Monolithic Power Systems,Information Technology,Semiconductors,large,1363.42,78.31,0.017,0.2123,0.4009,STRONG_DOWN,39.4,152.42,114.09,-22.45,53.82,52.4,0.9002,LOW,-,1156.5796,1145.3217,961.4674,1,156.5475,LEADER,38.7032
178,4,SNDX,SYNDAX PHARMACEUTICALS INC,Health Care,,mid,24.43,77.73,-0.0253,-0.0289,0.2026,FLAT,60.72,115.62,13.0,-38.3,52.21,43.19,0.6409,LOW,-,24.1195,22.5942,17.5922,1,139.7693,LEADER,38.6847
179,-10,CFG,Citizens Financial Group,Financials,Regional Banks,large,64.87,96.83,0.0067,0.0707,0.0426,FLAT,31.18,86.27,112.2,-18.32,57.03,31.23,0.8372,LOW,-,60.2505,61.6488,54.6274,1,157.5321,LEADER,38.4177
180,77,ICHR,ICHOR HOLDINGS LTD,Information Technology,,small,64.01,86.24,0.1939,0.4473,1.4612,STRONG_DOWN,212.7,257.6,68.09,-40.8,56.63,108.82,1.1827,MED,-,50.2635,45.9692,26.4792,1,134.0541,LEADER,38.2923
181,-33,SDRL,SEADRILL LTD,Energy,,mid,46.01,73.03,-0.0081,0.0461,0.0562,STRONG_DOWN,54.19,142.67,-10.35,-16.54,53.82,43.3,0.7061,LOW,-,45.8565,43.7762,34.5449,1,177.331,CONTENDER,38.2479
182,7,CMI,Cummins,Industrials,Construction Machinery & Heavy Transportation Equipment,large,615.56,83.83,0.0086,0.0575,0.0453,FLAT,51.66,118.2,,-15.23,57.03,41.35,0.4013,LOW,-,559.291,569.7496,471.9763,1,163.0151,LEADER,38.1732
183,88,HOOD,Robinhood Markets,Financials,Investment Banking & Brokerage,large,79.09,95.42,0.0906,-0.0308,-0.3935,STRONG_UP,-43.78,79.42,,-57.26,53.01,73.26,1.3668,MED,SHIFT,71.129,75.3882,107.3711,0,57.47,LAGGARD,38.1542
184,-1,CBL,CBL ASSOCIATES PROPERTIES INC,Real Estate,,small,42.38,97.53,-0.0025,0.1091,0.0833,FLAT,50.94,94.66,127.02,-12.31,56.22,29.6,0.6731,LOW,-,39.2411,37.6405,32.3987,1,179.7964,LEADER,38.0815
185,77,TVTX,TRAVERE THERAPEUTICS INC,Health Care,,mid,42.13,84.77,0.3102,0.4599,0.4564,FLAT,60.8,182.56,566.61,-34.61,53.82,96.98,6.935,HIGH,-,29.7095,29.5355,27.138,1,101.3146,LEADER,38.0707
186,-8,ASML,ASML Holding,Technology,Industrial Machinery,large,1518.3,87.5,0.0655,0.1733,0.4485,STRONG_DOWN,54.67,124.19,61.75,-17.85,57.83,44.77,0.9542,LOW,-,1372.579,1395.1873,1072.7146,1,160.4208,LEADER,37.8443
187,59,VERA,VERA THERAPEUTICS INC CLASS A,Health Care,,mid,44.36,75.39,0.0803,0.0645,-0.089,STRONG_UP,45.49,105.47,-4.66,-39.83,50.6,49.92,1.0511,MED,-,40.6902,41.3215,34.0183,1,106.9021,LEADER,37.7651
188,18,NXT,NEXTPOWER INC CLASS A,Industrials,,large,114.92,89.79,-0.0375,-0.0994,0.1033,FLAT,32.15,183.26,156.35,-23.27,52.61,67.53,0.7776,LOW,-,117.031,115.4655,89.1148,1,142.7735,LEADER,37.7259
189,-26,SLS,SELLAS LIFE SCIENCES GROUP INC,Health Care,,small,4.86,90.62,-0.02,-0.1384,0.1803,FLAT,143.0,276.74,265.41,-36.53,49.8,91.53,0.4915,LOW,-,4.748,4.6312,2.7855,1,150.5721,LEADER,37.654
190,-9,STT,State Street Corporation,Financials,Asset Management & Custody Banks,large,141.78,95.07,0.0311,0.1069,0.0245,FLAT,25.81,79.06,101.3,-11.79,63.05,29.99,0.8856,LOW,-,128.3516,127.4295,118.6684,1,166.2064,LEADER,37.6249
191,1,APH,Amphenol,Information Technology,Electronic Components,large,148.72,73.54,0.0776,0.0336,0.0118,STRONG_UP,20.49,127.76,168.93,-28.19,59.84,58.04,0.6635,LOW,-,130.8607,136.7542,127.5116,1,131.7188,CONTENDER,37.53
192,21,NEM,Newmont,Materials,Gold,large,119.3,75.38,0.001,0.0147,0.0077,FLAT,34.1,121.42,221.6,-27.25,60.24,53.82,0.5388,LOW,-,108.6635,115.2066,91.8908,1,135.9031,LEADER,37.5087
193,9,BK,BNY Mellon,Financials,Asset Management & Custody Banks,large,130.51,92.25,0.0097,0.0508,0.0162,FLAT,23.93,71.35,148.37,-10.15,61.85,26.11,0.6465,LOW,-,120.654,119.6076,110.3005,1,169.0104,LEADER,37.4499
194,-14,RCUS,ARCUS BIOSCIENCES INC,Health Care,,mid,23.01,85.55,-0.0041,-0.0202,0.021,FLAT,38.28,187.27,41.25,-27.78,55.42,71.37,0.4044,LOW,-,21.9255,21.5118,17.5374,1,145.4151,LEADER,37.2882
195,3,MCHP,Microchip Technology,Information Technology,Semiconductors,large,74.5,65.61,0.0319,0.1115,0.0233,FLAT,17.43,98.11,-8.25,-34.41,50.6,39.79,0.8125,LOW,-,66.4415,70.4465,66.4837,1,124.7638,CONTENDER,37.2847
196,-12,ADI,Analog Devices,Information Technology,Semiconductors,large,348.6,65.08,-0.0165,0.0655,0.1921,STRONG_DOWN,49.54,97.13,89.08,-15.73,55.02,32.09,0.5792,LOW,-,324.014,328.615,270.5684,1,166.5263,CONTENDER,37.2038
197,-58,GRC,GORMAN-RUPP,Industrials,,small,71.52,82.98,0.0396,0.1017,0.3638,STRONG_DOWN,60.12,116.72,102.72,-14.39,55.42,41.02,1.371,MED,-,63.93,63.4254,49.3683,1,157.6995,LEADER,37.0986
198,-10,JBL,Jabil,Information Technology,Electronic Manufacturing Services,large,305.97,73.02,0.0442,0.1303,0.2956,STRONG_DOWN,53.17,126.14,131.59,-17.86,58.23,46.38,0.7991,LOW,-,273.8515,263.303,229.7048,1,158.373,CONTENDER,36.7793
199,96,LIND,LINDBLAD EXPEDITIONS HOLDINGS INC,Consumer Discretionary,,small,20.0,97.26,0.0447,0.1409,0.2436,STRONG_DOWN,69.2,148.76,167.74,-23.67,55.02,49.72,0.6323,LOW,-,17.9785,18.6252,14.6095,1,164.6132,LEADER,36.6724
200,94,PLPC,PREFORMED LINE PRODUCTS,Industrials,,small,320.85,85.96,0.0352,0.2133,0.2957,STRONG_DOWN,50.53,132.4,161.24,-22.33,58.63,52.87,1.101,MED,-,283.9648,270.4076,217.2413,1,146.8212,LEADER,36.6653
201,15,BKD,BROOKDALE SENIOR LIVING INC,Health Care,,mid,13.92,79.69,-0.0341,-0.0635,0.252,FLAT,59.63,124.15,120.25,-20.1,57.83,46.44,0.4987,LOW,-,13.8725,14.7422,10.5493,1,154.6051,LEADER,36.5578
202,-2,IVZ,Invesco,Financials,Asset Management & Custody Banks,large,24.72,97.54,0.0106,-0.0076,-0.1707,STRONG_UP,7.94,96.73,77.8,-22.03,57.03,41.12,0.6362,LOW,-,23.7575,24.8649,23.3958,1,134.1608,LEADER,36.497
203,-6,KTOS,KRATOS DEFENSE AND SECURITY SOLUTI,Industrials,,large,73.66,85.53,-0.0354,-0.2498,-0.4279,STRONG_UP,-23.49,123.48,315.22,-50.06,56.63,83.47,0.5962,LOW,EARLY,76.595,85.5856,79.605,0,83.7767,LAGGARD,36.4952
204,0,REX,REX AMERICAN RESOURCES CORP,Energy,,small,43.04,68.54,0.0063,0.055,0.0331,FLAT,35.82,119.31,57.34,-9.83,57.83,38.78,0.6082,LOW,-,43.3935,38.843,32.8304,1,177.9221,CONTENDER,36.4291
205,0,IONQ,IONQ INC,Information Technology,,large,35.76,49.21,0.2121,0.0185,-0.2584,STRONG_UP,-56.44,40.79,374.9,-67.61,46.59,97.84,2.7473,HIGH,SHIFT,30.2765,32.9786,46.4318,0,19.4224,WEAK,36.3459
206,87,KSS,KOHLS CORP,Consumer Discretionary,,small,13.62,93.84,-0.007,0.0144,-0.266,FLAT,-10.95,125.59,-30.09,-50.57,49.0,53.14,1.04,MED,-,12.9027,15.1852,15.8711,0,115.8055,LAGGARD,36.1443
207,-20,STNG,SCORPIO TANKERS INC,Energy,,mid,73.55,69.66,-0.0032,0.0551,-0.0294,FLAT,36.61,124.44,9.88,-23.26,55.02,45.33,0.7784,LOW,-,73.3445,72.1788,57.9303,1,151.0407,CONTENDER,36.1146
208,0,LINC,LINCOLN EDUCATIONAL SERVICES CORP,Consumer Discretionary,,small,39.84,94.52,-0.0295,0.0285,0.6478,STRONG_DOWN,88.37,130.16,308.62,-27.35,57.03,46.92,0.8119,LOW,-,40.376,35.49,25.5099,1,158.2011,LEADER,36.0824
209,-10,PTGX,PROTAGONIST THERAPEUTICS INC,Health Care,,mid,104.72,79.3,0.0061,0.0393,0.2963,STRONG_DOWN,32.27,123.05,293.98,-16.38,55.82,42.22,0.8788,LOW,-,101.2947,93.3709,76.5467,1,162.6816,LEADER,36.078
210,-16,HG,HAMILTON INSURANCE GROUP LTD CLASS,Financials,,mid,30.77,94.01,-0.0209,-0.0319,0.1994,FLAT,37.48,77.69,149.44,-8.08,54.62,25.06,0.4357,LOW,-,29.764,28.9701,24.5476,1,169.3344,LEADER,36.0252
211,56,AMRC,AMERESCO INC CLASS A,Industrials,,small,25.81,88.94,-0.0029,-0.064,-0.2259,STRONG_UP,-38.12,169.42,28.41,-44.48,52.61,66.1,0.8514,LOW,-,26.0465,28.4908,28.9718,0,134.8403,LAGGARD,35.862
212,17,VTRS,Viatris,Health Care,Pharmaceuticals,large,13.91,71.88,0.0054,-0.0155,0.0585,FLAT,43.93,94.63,34.26,-18.97,56.63,36.57,0.6365,LOW,-,13.4655,14.302,11.3739,1,146.5385,CONTENDER,35.8003
213,24,DXPE,DXP ENTERPRISES INC,Industrials,,mid,154.62,74.89,0.016,0.1023,0.3199,STRONG_DOWN,28.32,92.5,191.9,-32.99,53.82,41.66,1.1335,MED,-,141.407,142.4486,119.0923,1,119.5059,CONTENDER,35.7042
214,117,PII,POLARIS INC,Consumer Discretionary,,mid,57.49,86.99,0.024,0.0651,-0.1168,FLAT,-4.28,83.52,-29.73,-30.71,49.4,40.04,1.6676,HIGH,PROGRESS,54.7175,58.4966,59.2875,0,103.0476,LAGGARD,35.6295
215,5,PH,Parker Hannifin,Industrials,Industrial Machinery & Supplies & Components,large,985.0,66.38,-0.0051,0.0291,0.0085,FLAT,35.72,74.94,84.87,-15.79,57.03,28.07,0.7161,LOW,-,923.0305,954.5773,834.214,1,152.2606,CONTENDER,35.5192
216,-84,GS,Goldman Sachs,Financials,Investment Banking & Brokerage,large,909.63,96.13,-0.0063,0.0642,-0.0765,FLAT,16.8,82.81,136.72,-19.42,59.04,35.13,0.9697,LOW,-,849.732,869.2723,810.7143,1,139.172,LEADER,35.502
217,60,MS,Morgan Stanley,Financials,Investment Banking & Brokerage,large,183.34,91.9,0.0312,0.0972,-0.0425,FLAT,19.56,70.46,123.6,-18.83,59.44,34.74,1.1436,MED,-,167.022,168.8414,161.4915,1,120.563,LEADER,35.3589
218,12,NTRS,Northern Trust,Financials,Asset Management & Custody Banks,large,155.82,94.72,0.0165,0.0613,0.0286,FLAT,24.1,78.95,97.07,-12.39,56.22,29.05,0.7605,LOW,-,142.4105,143.3501,133.7627,1,152.7839,LEADER,35.3566
219,5,ROG,ROGERS CORP,Information Technology,,small,117.97,71.96,0.0129,0.103,0.2235,STRONG_DOWN,39.49,117.66,7.06,-14.4,53.82,36.78,0.6984,LOW,-,108.0365,106.9248,88.4212,1,172.1667,CONTENDER,35.3352
220,25,AIR,AAR CORP,Industrials,,mid,125.99,86.38,0.02,0.1208,0.2463,STRONG_DOWN,55.01,136.69,107.7,-15.71,55.42,47.82,0.5177,LOW,-,112.604,112.4518,89.6536,1,158.4139,LEADER,35.3019
221,-6,ACMR,ACM RESEARCH CLASS A INC,Information Technology,,mid,50.75,77.78,0.0785,0.026,0.0006,STRONG_UP,31.39,147.56,79.9,-46.34,57.43,82.5,0.5064,LOW,-,44.2572,52.3353,39.9041,1,102.7203,LEADER,35.2496
222,-73,CRC,CALIFORNIA RESOURCES CORP,Energy,,mid,63.7,58.43,-0.0015,-0.0115,0.1432,FLAT,29.9,91.09,23.22,-24.04,53.82,33.37,0.4978,LOW,-,66.186,61.5333,51.3252,1,146.9123,CONTENDER,35.2491
223,-38,LUNR,INTUITIVE MACHINES INC CLASS A,Industrials,,mid,23.67,92.34,-0.0127,0.2662,0.3041,STRONG_DOWN,93.22,203.85,387.04,-41.88,52.61,131.66,1.6811,HIGH,-,20.554,18.7768,13.7163,1,81.4568,LEADER,35.248
224,-15,FDX,FedEx,Industrials,Air Freight & Logistics,large,370.14,69.79,-0.0335,-0.0221,0.157,STRONG_DOWN,62.66,82.48,44.82,-11.67,54.22,27.4,0.7897,LOW,-,359.37,365.25,280.4535,1,163.2085,CONTENDER,35.1698
225,-30,PUMP,PROPETRO HOLDING CORP,Energy,,small,13.67,80.9,0.0275,-0.052,0.1039,FLAT,163.39,162.88,63.91,-32.74,48.19,54.65,0.4293,LOW,-,14.275,12.9376,8.8071,1,143.6306,LEADER,35.123
226,8,KW,KENNEDY WILSON HOLDINGS INC,Real Estate,,small,10.9,93.83,-0.0203,-0.0202,0.0565,STRONG_DOWN,47.0,70.9,47.94,-17.27,49.8,21.73,0.3757,LOW,-,10.8264,10.5823,8.9603,1,162.4915,LEADER,34.7495
227,-24,TK,TEEKAY CORPORATION CORP LTD,Energy,,small,12.06,67.42,-0.0149,0.0408,-0.031,FLAT,50.56,118.07,117.3,-16.68,53.01,38.67,0.8111,LOW,-,12.125,11.8512,9.4836,1,161.8537,CONTENDER,34.7018
228,188,LCII,LCI INDUSTRIES,Consumer Discretionary,,mid,127.8,79.45,-0.0082,-0.0204,0.0309,FLAT,53.71,74.64,27.9,-24.53,48.59,34.97,4.3733,HIGH,-,122.9715,133.3609,112.5254,1,103.7039,LEADER,34.6205
229,22,ELVN,ENLIVEN THERAPEUTICS INC,Health Care,,mid,44.85,83.2,0.0251,0.5944,0.7509,STRONG_DOWN,116.88,163.05,124.92,-36.84,50.6,67.11,0.6203,LOW,-,37.338,31.906,23.3852,1,122.9373,LEADER,34.6155
230,-8,ADEA,ADEIA INC,Information Technology,,mid,27.3,74.07,0.0206,0.1334,0.4699,STRONG_DOWN,74.44,128.69,175.89,-34.81,50.2,49.7,,LOW,-,24.9745,21.93,16.9164,1,129.9885,CONTENDER,34.595
231,-20,JCI,Johnson Controls,Industrials,Building Products,large,142.05,69.36,-0.0027,0.0068,0.2281,STRONG_DOWN,33.94,81.96,126.42,-12.71,58.63,30.55,0.6981,LOW,-,134.984,136.159,117.279,1,157.3008,CONTENDER,34.511
232,-24,ESE,ESCO TECHNOLOGIES INC,Industrials,,mid,318.24,80.0,0.007,0.1237,0.4432,STRONG_DOWN,49.74,108.58,218.81,-12.91,55.02,37.48,0.7424,LOW,-,286.861,275.6195,223.1222,1,159.3938,LEADER,34.5027
233,27,TRS,TRIMAS CORP,Materials,,small,39.03,67.69,0.0208,0.0324,0.0873,STRONG_DOWN,9.03,90.61,55.62,-22.24,55.42,31.4,0.6671,LOW,-,36.345,36.5471,35.3933,1,159.9232,CONTENDER,34.3828
234,35,PLUG,PLUG POWER INC,Industrials,,mid,2.94,91.49,0.0863,0.2406,0.2464,STRONG_DOWN,-24.62,194.0,3.16,-56.66,44.58,95.33,0.9515,LOW,-,2.4345,2.1918,2.1719,1,90.7219,LEADER,34.3746
235,-14,DYN,DYNE THERAPEUTICS INC,Health Care,,mid,19.81,82.03,0.0582,0.0496,0.1717,FLAT,41.2,152.36,-22.13,-44.65,49.8,72.14,0.9121,LOW,-,18.33,17.3108,15.9077,1,105.1755,LEADER,34.3603
236,103,AXSM,AXSOME THERAPEUTICS INC,Health Care,,mid,184.18,64.84,0.0438,0.1209,0.0657,FLAT,52.03,77.39,170.02,-18.5,54.62,32.33,1.0387,MED,-,166.691,170.4973,142.2991,1,130.7401,CONTENDER,34.3506
237,-19,FSLY,FASTLY INC CLASS A,Information Technology,,mid,20.95,87.83,-0.3837,-0.1432,1.2715,STRONG_DOWN,154.87,290.13,59.56,-37.46,50.2,176.74,1.5338,HIGH,-,27.9825,21.3921,11.8997,1,82.4066,LEADER,34.2523
238,10,RMBS,RAMBUS INC,Information Technology,,large,121.73,78.84,0.1787,0.2564,0.2865,STRONG_DOWN,25.48,156.44,106.32,-36.69,53.41,81.02,0.8332,LOW,-,96.0725,97.4058,91.8286,1,103.1255,LEADER,34.234
239,1,GTX,GARRETT MOTION INC,Consumer Discretionary,,mid,19.27,93.15,-0.0031,0.062,0.081,STRONG_DOWN,55.65,119.7,111.87,-19.87,49.4,40.57,0.5356,LOW,-,18.27,18.8237,15.6931,1,145.7567,LEADER,34.1533
240,-1,KLIC,KULICKE AND SOFFA INDUSTRIES INC,Information Technology,,mid,79.9,79.89,0.0828,0.156,0.458,STRONG_DOWN,101.08,167.13,,-17.99,56.22,63.37,0.7905,LOW,-,68.5034,67.846,48.0565,1,148.2757,LEADER,34.0926
241,20,NUE,Nucor,Materials,Steel,large,190.04,61.54,0.0345,0.1037,0.09,FLAT,39.69,74.62,1.08,-18.43,54.22,29.16,0.5903,LOW,-,170.5511,175.3943,154.9489,1,138.7514,CONTENDER,33.9244
242,17,SSRM,SSR MINING INC,Materials,,mid,32.84,90.77,-0.0736,0.0884,0.3424,STRONG_DOWN,39.63,203.79,532.76,-30.88,56.22,90.8,0.6294,LOW,-,28.835,28.598,22.2201,1,126.1809,LEADER,33.9237
243,-18,KMT,KENNAMETAL INC,Industrials,,mid,39.18,81.7,0.0098,-0.0355,0.14,FLAT,86.45,112.39,74.88,-22.3,53.41,43.95,,LOW,-,36.667,38.1717,28.1911,1,136.5795,LEADER,33.8612
244,11,GCT,GIGACLOUD TECHNOLOGY INC CLASS A,Consumer Discretionary,,small,44.96,100.0,-0.0281,0.0217,0.1415,STRONG_DOWN,68.39,263.46,38.47,-23.85,51.81,93.68,0.8146,LOW,-,43.651,41.2782,33.5352,1,145.7073,LEADER,33.7351
245,-38,NTB,BANK OF NT BUTTERFIELD & SON LTD,Financials,,mid,55.92,83.8,-0.0067,0.0211,0.0778,STRONG_DOWN,35.26,56.5,96.01,-11.44,53.82,19.26,0.551,LOW,-,53.0435,52.1748,47.3179,1,157.8881,LEADER,33.7048
246,38,CALY,CALLAWAY GOLF COMPANY,Consumer Discretionary,,mid,14.34,95.21,-0.0235,0.0418,0.0778,STRONG_DOWN,61.49,131.29,-8.66,-24.56,53.01,51.35,0.4918,LOW,-,13.8095,13.9306,11.3461,1,135.5346,LEADER,33.6909
247,21,APGE,APOGEE THERAPEUTICS INC,Health Care,,mid,88.47,83.59,0.0447,0.2014,0.129,FLAT,63.92,169.32,66.7,-26.99,50.6,67.33,0.5407,LOW,-,79.4025,73.3585,58.7927,1,127.2441,LEADER,33.6608
248,-43,SNEX,STONEX GROUP INC,Financials,,mid,102.23,97.18,0.1054,0.3772,0.4366,STRONG_DOWN,57.49,93.74,252.68,-20.91,59.84,45.85,1.4301,MED,-,81.6802,80.6559,68.3167,1,122.3421,LEADER,33.6584
249,-79,DBD,DIEBOLD NIXDORF INC,Information Technology,,mid,85.49,66.67,0.0498,0.1129,0.2281,STRONG_DOWN,49.77,99.23,158.28,-13.97,57.03,36.08,0.9093,LOW,-,77.6035,76.9448,65.603,1,156.8498,CONTENDER,33.6254
250,60,RIOT,RIOT PLATFORMS INC,Information Technology,,mid,18.12,83.07,0.1034,0.2027,0.0933,FLAT,-16.5,176.64,111.44,-48.57,52.21,97.61,0.9431,LOW,-,14.4583,14.885,15.3839,1,94.4825,LEADER,33.6218
251,-79,APEI,AMERICAN PUBLIC EDUCATION INC,Consumer Discretionary,,small,57.32,95.89,-0.0219,-0.0053,0.4992,STRONG_DOWN,54.0,137.65,354.56,-22.3,56.63,52.31,0.5237,LOW,-,56.819,49.9956,38.4844,1,149.0125,LEADER,33.5675
252,-84,DGII,DIGI INTERNATIONAL INC,Information Technology,,small,55.07,69.31,-0.0066,0.037,0.3018,STRONG_DOWN,51.54,107.26,81.15,-13.49,55.82,36.65,0.8042,LOW,-,50.6085,49.2768,40.8023,1,163.3688,CONTENDER,33.5207
253,37,AXGN,AXOGEN INC,Health Care,,small,34.46,78.91,-0.0064,0.0062,0.1233,STRONG_DOWN,121.04,120.19,390.18,-45.77,54.22,51.24,0.6666,LOW,-,32.4905,32.6162,24.0288,1,127.1818,LEADER,33.4724
254,29,MPC,Marathon Petroleum,Energy,Oil & Gas Refining & Marketing,large,223.93,57.3,0.005,-0.0448,0.0315,FLAT,23.33,87.13,12.84,-18.33,58.63,37.56,0.465,LOW,-,236.9555,218.1278,188.4581,1,136.0124,CONTENDER,33.4038
255,17,HAS,Hasbro,Consumer Discretionary,Leisure Products,large,92.75,86.3,-0.0269,-0.0421,0.1394,FLAT,30.17,83.03,80.57,-15.8,53.41,32.63,0.7714,LOW,-,91.557,95.2511,82.3254,1,135.9066,LEADER,33.3842
256,77,NUVB,NUVATION BIO INC CLASS A,Health Care,,small,4.85,80.86,0.051,0.0347,-0.252,STRONG_UP,31.79,140.1,,-57.55,52.61,70.96,0.428,LOW,-,4.4185,4.9614,4.7787,1,103.8699,LEADER,33.2889
257,6,DD,DuPont,Materials,Specialty Chemicals,large,46.68,66.15,-0.0342,-0.0403,0.0351,FLAT,48.23,88.32,57.98,-17.31,53.01,34.28,0.4226,LOW,-,45.587,47.033,38.2102,1,136.5766,CONTENDER,33.2511
258,-23,KEYS,Keysight Technologies,Information Technology,Electronic Equipment & Instruments,large,330.46,76.19,0.0167,0.1,0.5904,STRONG_DOWN,102.3,141.41,115.54,-14.0,59.04,58.29,0.5621,LOW,-,296.672,276.4636,204.7628,1,143.2249,LEADER,33.2323
259,-23,THR,THERMON GROUP HOLDINGS INC,Industrials,,small,55.06,84.68,0.026,0.0712,0.3037,STRONG_DOWN,113.91,120.15,81.0,-21.01,55.02,44.15,0.2663,LOW,-,51.1135,49.8716,35.9809,1,149.7341,LEADER,33.1859
260,21,AMRX,AMNEAL PHARMACEUTICALS INC CLASS A,Health Care,,mid,13.12,67.58,0.0126,0.0557,0.0207,FLAT,34.56,82.98,136.82,-22.12,54.22,32.77,,LOW,-,12.3695,13.3231,11.2791,1,137.3033,CONTENDER,33.1402
261,-33,ODC,OIL DRI CORPORATION OF AMERICA,Consumer Staples,,small,71.51,91.94,0.0175,0.1684,0.3183,STRONG_DOWN,16.63,67.36,113.45,-32.73,57.03,27.91,0.6014,LOW,-,65.771,65.0331,59.1966,1,137.6334,LEADER,33.0761
262,-36,TRST,TRUSTCO BANK CORP,Financials,,small,46.67,92.61,-0.0004,-0.0084,0.059,FLAT,33.74,72.15,92.86,-14.11,55.42,26.49,0.7193,LOW,-,44.2515,44.3596,39.6243,1,150.9536,LEADER,33.037
263,78,CVNA,Carvana,Consumer Discretionary,Automotive Retail,large,374.21,80.14,0.0904,0.1826,-0.139,FLAT,10.62,75.02,435.89,-41.21,57.43,66.66,1.2608,MED,-,314.8845,333.366,364.8213,1,64.6323,LEADER,32.8876
264,-10,AHR,AMERICAN HEALTHCARE REIT INC,Real Estate,,mid,48.82,90.12,-0.0153,-0.1027,-0.0419,FLAT,19.5,64.74,294.17,-11.77,57.83,25.51,0.4937,LOW,-,48.4578,50.0799,44.902,1,146.7708,LEADER,32.8724
265,-53,LBRT,LIBERTY ENERGY INC CLASS A,Energy,,mid,27.24,74.16,0.0071,-0.1155,0.098,FLAT,123.23,144.57,28.1,-26.19,50.6,57.16,0.7727,LOW,-,29.0185,27.8006,18.0878,1,127.9806,CONTENDER,32.8685
266,-19,FCFS,FIRSTCASH HOLDINGS INC,Financials,,mid,202.84,91.55,0.0097,-0.0055,0.1756,FLAT,32.68,69.52,58.5,-12.75,56.63,27.17,0.6626,LOW,-,194.276,189.1366,160.0095,1,144.8966,LEADER,32.8317
267,-26,MCY,MERCURY GENERAL CORP,Financials,,mid,93.32,95.77,-0.007,-0.0492,0.0025,FLAT,18.31,80.23,86.36,-12.87,55.82,31.11,0.4315,LOW,-,89.3925,89.8586,82.9242,1,143.9573,LEADER,32.8023
268,76,XHR,XENIA HOTELS RESORTS REIT INC,Real Estate,,small,16.3,95.06,0.051,0.1131,0.05,FLAT,30.85,73.51,20.72,-16.23,52.61,30.08,1.404,MED,-,14.9138,15.0991,13.8677,1,128.5712,LEADER,32.6816
269,48,HLF,HERBALIFE LTD,Consumer Staples,,small,16.67,100.0,0.1179,0.1119,0.0259,STRONG_UP,94.74,154.12,100.84,-30.41,49.0,60.15,0.8565,LOW,-,14.8705,16.2822,12.1464,1,125.5474,LEADER,32.6681
270,16,IESC,IES INC,Industrials,,mid,544.14,91.06,0.0173,0.1313,0.2159,STRONG_DOWN,40.3,189.3,354.4,-21.8,53.41,75.9,0.9561,LOW,-,486.288,477.7968,404.6239,1,133.2067,LEADER,32.6644
271,84,IBKR,Interactive Brokers,Financials,Investment Banking & Brokerage,large,77.1,94.37,0.0558,0.0489,0.0432,STRONG_UP,9.58,78.73,185.81,-18.7,56.63,43.72,1.0175,MED,-,68.676,70.5953,66.949,1,101.9844,LEADER,32.6455
272,8,ATMU,ATMUS FILTRATION TECHNOLOGIES INC,Industrials,,mid,63.98,74.47,-0.0112,0.0455,0.1098,STRONG_DOWN,48.53,91.01,100.96,-16.39,54.62,33.77,0.9198,LOW,-,59.2905,60.8353,49.9955,1,147.2028,CONTENDER,32.6315
273,9,NWPX,NWPX INFRASTRUCTURE INC,Industrials,,small,87.61,80.85,0.0454,0.1379,0.2589,STRONG_DOWN,73.52,111.47,168.91,-15.7,52.21,43.46,1.0656,MED,-,78.5405,76.2424,59.878,1,133.9069,LEADER,32.5063
274,37,LIVN,LIVANOVA PLC,Health Care,,mid,64.99,68.75,-0.0149,0.0149,0.0689,STRONG_DOWN,25.51,86.75,21.77,-17.66,51.0,30.51,0.4949,LOW,-,63.304,64.8464,57.3966,1,145.0146,CONTENDER,32.4296
275,-61,NPO,ENPRO INC,Industrials,,mid,278.15,74.04,-0.0088,0.0527,0.1414,STRONG_DOWN,26.36,90.03,79.05,-13.45,55.42,37.75,1.1555,MED,-,258.359,259.9703,229.6914,1,132.1642,CONTENDER,32.3629
276,22,ORCL,Oracle Corporation,Information Technology,Application Software,large,163.0,41.27,0.1172,-0.0138,-0.1805,STRONG_UP,-46.75,22.92,38.87,-58.25,51.81,58.45,2.0546,HIGH,SHIFT,146.9491,149.851,214.644,0,20.3138,WEAK,32.2277
277,15,TEL,TE Connectivity,Information Technology,Electronic Manufacturing Services,large,236.88,62.43,0.0407,0.1087,0.0158,FLAT,8.31,84.88,71.55,-21.11,60.24,41.46,0.7636,LOW,-,210.955,216.4558,216.4175,1,123.3295,CONTENDER,32.2204
278,-117,TNK,TEEKAY TANKERS LTD CLASS A,Energy,,mid,72.89,64.04,-0.0146,0.0811,-0.0567,FLAT,47.81,102.07,37.91,-18.88,55.42,41.32,0.6249,LOW,-,72.1995,71.2363,57.1836,1,136.8937,CONTENDER,32.2074
279,-13,FCX,Freeport-McMoRan,Materials,Copper,large,68.27,69.23,0.04,0.1105,0.1182,STRONG_DOWN,60.56,106.51,39.75,-24.9,57.43,51.12,0.4967,LOW,-,59.665,61.7342,49.3695,1,119.6562,CONTENDER,32.1986
280,36,ROST,Ross Stores,Consumer Discretionary,Apparel Retail,large,223.29,68.49,-0.0204,0.0333,0.2224,STRONG_DOWN,44.91,59.91,70.53,-17.68,57.03,25.33,0.6788,LOW,-,216.3425,207.0351,170.488,1,134.8807,CONTENDER,32.1551
281,-48,HAL,Halliburton,Energy,Oil & Gas Equipment & Services,large,37.51,55.06,0.0321,0.0782,-0.1046,FLAT,68.58,81.36,0.88,-14.07,53.01,31.29,0.4636,LOW,-,37.947,35.9386,27.7687,1,137.8311,CONTENDER,32.0859
282,39,USB,U.S. Bancorp,Financials,Diversified Banks,large,56.09,79.93,0.0028,0.0274,-0.0028,FLAT,23.95,51.36,47.71,-16.21,54.22,25.15,1.2315,MED,-,52.6932,54.376,49.6079,1,110.7215,LEADER,31.9745
283,14,BBIO,BRIDGEBIO PHARMA INC,Health Care,,large,77.93,80.47,0.0315,0.0541,-0.0074,FLAT,39.26,127.6,202.41,-20.25,53.41,57.64,0.8361,LOW,-,72.3585,71.0664,62.5195,1,118.2352,LEADER,31.8608
284,-42,IRMD,IRADIMED CORP,Health Care,,small,93.56,67.19,-0.0587,-0.1251,-0.048,FLAT,30.39,82.72,135.22,-11.14,55.02,33.86,1.0151,MED,-,97.3195,99.0918,83.7025,1,134.4214,CONTENDER,31.8372
285,-35,VTOL,BRISTOW GROUP INC,Energy,,small,49.48,50.56,0.0426,0.1297,-0.0161,FLAT,31.87,76.66,97.47,-16.41,55.82,28.86,0.3564,LOW,-,46.767,45.806,39.6131,1,148.2765,CONTENDER,31.782
286,33,UNFI,UNITED NATURAL FOODS INC,Consumer Staples,,mid,47.44,96.77,0.0295,0.1651,0.3624,STRONG_DOWN,14.76,97.26,390.59,-32.49,51.81,44.42,0.641,LOW,-,43.843,41.049,34.6472,1,113.4358,LEADER,31.749
287,14,NDSN,Nordson Corporation,Industrials,Industrial Machinery & Supplies & Components,large,279.01,57.45,-0.0085,-0.031,0.0138,FLAT,21.83,54.52,8.93,-14.15,57.03,22.89,0.7438,LOW,-,268.2495,278.2319,242.6977,1,135.8288,CONTENDER,31.7368
288,-36,KGS,KODIAK GAS SERVICES INC,Energy,,mid,62.16,60.67,0.0718,0.1076,0.4575,STRONG_DOWN,86.84,95.25,158.05,-15.95,57.03,37.77,0.6104,LOW,-,58.7015,54.6138,39.4196,1,143.8194,CONTENDER,31.6922
289,2,SXI,STANDEX INTERNATIONAL CORP,Industrials,,mid,269.75,75.32,-0.036,-0.0181,0.0739,STRONG_DOWN,19.75,94.58,60.1,-12.72,53.41,34.96,0.6301,LOW,-,259.327,257.0093,224.2422,1,144.493,LEADER,31.6201
290,13,KN,KNOWLES CORP,Information Technology,,mid,28.95,67.2,0.039,0.1183,0.2487,STRONG_DOWN,26.53,99.79,85.93,-15.32,55.02,38.32,0.6219,LOW,-,26.232,26.3004,22.9769,1,143.2831,CONTENDER,31.5414
291,15,ANET,Arista Networks,Information Technology,Communications Equipment,large,154.37,70.9,0.0427,0.0849,0.1996,STRONG_DOWN,4.69,110.89,134.6,-28.33,58.23,59.37,0.7619,LOW,-,133.841,134.751,133.3486,1,108.7588,CONTENDER,31.5249
292,74,ADTN,ADTRAN HOLDINGS INC,Information Technology,,small,15.3,66.14,0.0929,0.4255,0.7115,STRONG_DOWN,77.49,98.7,226.92,-31.67,52.61,50.54,2.0347,HIGH,-,12.9715,11.1982,9.5671,1,102.7439,CONTENDER,31.4891
293,-17,CTRI,CENTURI HOLDINGS INC,Industrials,,mid,33.7,75.74,0.0274,0.0598,0.2134,STRONG_DOWN,63.59,95.48,40.71,-16.44,51.81,35.8,0.3733,LOW,-,30.7245,30.3666,24.4939,1,138.173,LEADER,31.4833
294,43,SYF,Synchrony Financial,Financials,Consumer Finance,large,75.55,88.73,0.0393,0.0998,-0.0795,FLAT,8.6,61.92,93.78,-27.61,55.82,34.28,0.5389,LOW,-,68.536,69.6537,73.2841,1,100.8225,LEADER,31.3101
295,-6,ROK,Rockwell Automation,Industrials,Electrical Components & Equipment,large,405.27,67.23,0.0161,0.0414,-0.0677,FLAT,20.33,76.56,46.62,-18.73,55.42,34.59,0.4936,LOW,-,369.058,384.4081,369.8853,1,122.6712,CONTENDER,31.2582
296,-38,IDYA,IDEAYA BIOSCIENCES INC,Health Care,,mid,32.35,70.7,0.0252,-0.1153,-0.0705,FLAT,20.84,90.52,-22.07,-20.05,53.01,49.06,3.3591,HIGH,-,31.9955,32.4818,29.8164,1,97.8062,CONTENDER,31.2207
297,74,LMND,LEMONADE INC,Financials,,mid,62.47,98.94,0.0495,0.0016,-0.284,STRONG_UP,24.05,132.49,282.08,-47.7,49.8,85.85,0.6437,LOW,-,62.014,61.4058,61.3097,1,76.8549,LEADER,31.219
298,-60,VSH,VISHAY INTERTECHNOLOGY INC,Information Technology,,mid,23.13,69.84,0.1074,0.2752,0.4655,STRONG_DOWN,47.54,108.97,13.19,-33.46,54.62,52.84,0.5697,LOW,-,18.88,18.7914,16.3844,1,112.639,CONTENDER,31.0002
299,-35,GH,GUARDANT HEALTH INC,Health Care,,large,86.4,71.09,-0.0893,-0.0541,-0.1841,FLAT,39.96,92.64,406.45,-32.98,53.01,53.32,0.8967,LOW,-,87.5925,94.0286,81.1467,1,92.1035,CONTENDER,30.9917
300,25,RTX,RTX Corporation,Industrials,Aerospace & Defense,large,202.81,60.43,-0.028,-0.0883,0.0053,FLAT,28.6,60.32,110.71,-11.99,57.03,25.4,0.3949,LOW,-,197.646,200.4369,175.4556,1,135.4314,CONTENDER,30.9622
301,21,ACLS,AXCELIS TECHNOLOGIES INC,Information Technology,,mid,113.06,75.66,0.059,0.2815,0.1766,FLAT,38.84,139.69,8.37,-26.2,52.21,63.6,0.5565,LOW,-,96.7345,89.8788,84.9341,1,114.6701,LEADER,30.9493
302,-58,VAL,VALARIS LTD,Energy,,mid,92.01,85.39,-0.0404,-0.0178,0.4632,STRONG_DOWN,86.1,202.96,31.73,-18.85,55.02,87.68,0.783,LOW,-,97.528,90.7628,61.3521,1,127.3614,LEADER,30.7774
303,46,GM,General Motors,Consumer Discretionary,Automobile Manufacturers,large,79.46,84.93,0.0214,0.0488,0.0212,FLAT,43.49,80.22,89.9,-16.0,54.62,36.22,0.5797,LOW,-,74.943,77.5806,68.3045,1,120.9668,LEADER,30.7431
304,-87,PHIN,PHINIA INC,Consumer Discretionary,,mid,70.11,85.62,-0.0516,0.0549,0.0785,STRONG_DOWN,37.55,81.34,100.6,-20.37,54.22,34.87,0.9615,LOW,-,68.185,70.3412,59.4903,1,126.4794,LEADER,30.5882
305,-62,IE,IVANHOE ELECTRIC INC,Materials,,small,14.39,76.92,0.0872,0.0759,-0.2139,STRONG_UP,-9.89,122.07,35.12,-45.93,54.62,79.28,1.0755,MED,-,12.032,14.2774,13.1954,1,84.0988,LEADER,30.5786
306,29,CSX,CSX Corporation,Industrials,Rail Transportation,large,42.51,57.87,-0.0159,-0.0039,0.1539,STRONG_DOWN,20.35,54.69,24.61,-11.89,58.23,22.99,0.6902,LOW,-,40.566,40.7907,36.3494,1,138.5099,CONTENDER,30.5248
307,-3,EYPT,EYEPOINT INC,Health Care,,small,14.34,82.42,-0.008,0.0231,-0.0923,FLAT,7.5,152.91,-32.61,-37.14,53.41,72.02,0.4332,LOW,-,13.394,14.368,13.4975,1,113.398,LEADER,30.5116
308,171,BTDR,BITDEER TECHNOLOGIES GROUP CLASS A,Information Technology,,mid,11.97,59.26,0.134,0.4041,-0.0517,FLAT,-41.47,66.25,111.86,-71.89,52.61,100.22,1.0288,MED,SHIFT,9.3037,9.3172,13.4273,0,34.7776,LAGGARD,30.4988
309,-10,LXU,LSB INDUSTRIES INC,Materials,,small,13.83,84.62,-0.0727,-0.1328,0.3995,FLAT,56.45,163.93,70.74,-20.08,54.22,68.53,0.6536,LOW,-,14.9105,12.7336,9.6243,1,129.7002,LEADER,30.4617
310,14,ON,ON Semiconductor,Information Technology,Semiconductors,large,72.05,67.72,0.0323,0.1476,0.2243,STRONG_DOWN,43.78,100.98,9.77,-28.1,50.6,49.08,0.8729,LOW,-,63.119,64.1634,55.9274,1,104.1035,CONTENDER,30.4425
311,-92,DOCN,DIGITALOCEAN HOLDINGS INC,Information Technology,,mid,73.45,79.37,-0.2017,-0.0425,0.362,STRONG_DOWN,85.81,161.48,115.21,-24.11,51.41,81.38,1.1884,MED,-,83.698,70.4454,47.5324,1,102.012,LEADER,30.3828
312,2,WAB,Wabtec,Industrials,Construction Machinery & Heavy Transportation Equipment,large,268.29,58.72,-0.0298,0.0497,0.1377,STRONG_DOWN,38.96,56.22,86.53,-13.29,53.01,25.23,1.2348,MED,-,251.1875,251.4854,216.192,1,118.1257,CONTENDER,30.3705
313,10,LVS,Las Vegas Sands,Consumer Discretionary,Casinos & Gaming,large,55.52,78.77,0.0028,-0.0072,-0.0057,FLAT,20.59,73.48,14.99,-25.33,55.42,38.48,,LOW,SHIFT,53.8835,55.176,56.3235,0,105.8244,LAGGARD,30.3484
314,-26,KEY,KeyCorp,Financials,Regional Banks,large,21.63,84.86,0.0055,0.0605,-0.0036,FLAT,25.78,58.74,64.69,-17.76,53.41,27.17,0.7677,LOW,-,20.2475,20.7538,19.0826,1,115.4634,LEADER,30.2966
315,60,NEOG,NEOGEN CORP,Health Care,,mid,9.61,71.48,-0.0906,0.0118,0.0549,STRONG_DOWN,61.51,94.14,-19.98,-29.65,53.82,44.31,0.9984,LOW,-,9.262,10.0422,7.2038,1,114.3464,CONTENDER,30.2478
316,12,WELL,Welltower,Real Estate,Health Care REITs,large,210.99,81.48,0.008,-0.0302,0.059,FLAT,27.4,46.32,145.92,-12.61,59.84,22.21,0.3784,LOW,-,201.866,203.2065,182.4313,1,124.8072,LEADER,30.0769
317,25,HII,Huntington Ingalls Industries,Industrials,Aerospace & Defense,large,398.07,71.49,-0.057,-0.117,-0.0732,FLAT,39.31,86.03,51.09,-18.66,56.63,42.18,0.3963,LOW,-,399.782,412.942,328.8857,1,115.4964,CONTENDER,30.0631
318,9,SVRA,SAVARA INC,Health Care,,small,6.07,75.78,0.0022,0.1175,0.0345,FLAT,78.01,107.17,20.44,-42.94,51.81,52.12,0.777,LOW,-,5.4295,5.499,4.4938,1,106.5298,LEADER,30.0207
319,-1,AZZ,AZZ INC,Industrials,,mid,138.71,63.83,0.0161,0.0471,0.0971,STRONG_DOWN,37.75,70.5,82.86,-18.16,53.01,28.41,0.7638,LOW,-,127.4155,129.6901,113.8601,1,131.545,CONTENDER,30.0111
320,23,GE,GE Aerospace,Industrials,Aerospace & Defense,large,318.0,65.53,0.0091,-0.0265,-0.07,STRONG_UP,7.16,72.18,109.38,-20.85,57.83,39.22,0.4656,LOW,-,294.7855,312.2554,295.1032,1,106.4269,CONTENDER,29.9727
321,17,INCY,Incyte,Health Care,Biotechnology,large,97.69,61.33,-0.0012,0.0073,-0.0479,FLAT,15.3,67.11,82.84,-18.33,55.42,31.77,0.8003,LOW,-,93.572,97.2916,91.6765,1,117.0601,CONTENDER,29.9639
322,-48,BTU,PEABODY ENERGY CORP,Energy,,mid,27.69,71.91,-0.0432,-0.2334,-0.433,STRONG_UP,-16.75,126.99,24.16,-29.9,50.6,63.15,0.755,LOW,-,33.85,34.0871,27.1774,1,101.7522,CONTENDER,29.9453
323,-45,PDFS,PDF SOLUTIONS INC,Information Technology,,small,41.33,75.13,0.0971,0.1964,0.284,STRONG_DOWN,55.79,130.51,30.67,-24.65,53.82,54.51,0.9922,LOW,-,35.0235,33.2552,27.6843,1,128.8555,LEADER,29.9375
324,-101,DELL,Dell Technologies,Information Technology,"Technology Hardware, Storage & Peripherals",large,184.51,72.49,-0.0286,0.123,0.5602,STRONG_DOWN,21.24,119.83,61.92,-32.34,51.81,67.77,0.7222,LOW,-,171.6115,147.3824,135.8925,1,91.6121,CONTENDER,29.8851
325,47,CMPR,CIMPRESS PLC,Industrials,,small,80.49,73.19,0.0088,0.0599,-0.0022,FLAT,28.6,87.53,-12.12,-17.5,51.41,33.51,0.6151,LOW,-,73.955,73.4158,66.0817,1,134.2934,CONTENDER,29.868
326,26,GNRC,Generac,Industrials,Electrical Components & Equipment,large,211.87,72.34,0.0209,-0.0262,0.3004,FLAT,21.68,87.45,64.87,-32.77,54.62,55.73,0.6152,LOW,-,200.4575,206.4004,176.7627,1,85.7041,CONTENDER,29.7824
327,9,MRK,Merck & Co.,Health Care,Pharmaceuticals,large,119.96,56.64,-0.0461,-0.0059,0.1255,STRONG_DOWN,42.22,58.59,1.44,-13.77,53.01,23.74,0.7416,LOW,-,118.8175,118.5262,96.5735,1,130.8252,CONTENDER,29.7633
328,85,ARQT,ARCUTIS BIOTHERAPEUTICS INC,Health Care,,mid,25.09,70.31,-0.0005,0.0593,-0.0293,FLAT,21.09,90.22,148.66,-31.99,50.2,52.08,1.1897,MED,-,23.1342,24.6318,22.2477,1,86.9631,CONTENDER,29.7587
329,-80,PSX,Phillips 66,Energy,Oil & Gas Refining & Marketing,large,158.76,48.31,-0.0157,-0.1078,-0.098,FLAT,24.37,71.07,5.88,-15.68,55.02,31.31,0.5866,LOW,-,174.6035,165.0187,138.9584,1,124.8948,LAGGARD,29.7465
330,33,PPTA,PERPETUA RESOURCES CORP,Materials,,mid,32.11,83.08,0.0691,-0.0367,-0.0077,FLAT,17.23,142.16,422.11,-32.86,55.42,81.26,0.7687,LOW,-,28.1265,29.8867,23.9684,1,96.9522,LEADER,29.7296
331,-2,BG,Bunge Global,Consumer Staples,Agricultural Products & Services,large,122.33,90.32,-0.0275,0.0112,0.1573,STRONG_DOWN,53.05,65.49,25.14,-15.39,49.0,26.45,0.9623,LOW,-,125.0775,121.7586,96.1888,1,121.3282,LEADER,29.682
332,-53,TR,TOOTSIE ROLL INDUSTRIES INC,Consumer Staples,,mid,43.12,82.26,-0.0144,0.0386,0.1454,STRONG_DOWN,6.55,43.81,54.45,-20.03,57.43,20.49,0.4675,LOW,-,42.7185,41.2431,38.3194,1,122.7962,LEADER,29.6667
333,-48,PSMT,PRICESMART INC,Consumer Staples,,mid,156.72,93.55,0.0111,0.0584,0.1083,STRONG_DOWN,27.46,72.85,103.98,-10.62,56.63,30.52,0.7542,LOW,-,150.398,150.9854,126.4904,1,135.1778,LEADER,29.6552
334,0,DLX,DELUXE CORP,Industrials,,small,29.13,81.28,0.0033,0.0135,0.202,STRONG_DOWN,64.24,111.52,,-14.29,50.2,40.75,0.5358,LOW,-,27.5615,27.3884,21.3259,1,137.385,LEADER,29.6178
335,-103,HP,HELMERICH & PAYNE INC,Energy,,mid,34.11,53.93,0.0044,-0.0385,-0.1612,STRONG_UP,51.93,80.91,-10.92,-25.38,49.8,36.84,0.605,LOW,-,35.7605,35.0649,26.2536,1,109.3733,CONTENDER,29.6
336,-29,RL,Ralph Lauren Corporation,Consumer Discretionary,"Apparel, Accessories & Luxury Goods",large,373.0,87.67,-0.0216,0.0621,0.086,STRONG_DOWN,18.2,85.66,139.44,-14.94,52.21,36.88,0.724,LOW,-,350.6794,353.9245,330.3988,1,121.2605,LEADER,29.5616
337,11,NVDA,Nvidia,Information Technology,Semiconductors,large,196.51,60.32,0.0578,0.0169,0.0692,FLAT,4.36,75.18,128.63,-20.21,55.02,37.58,0.8928,LOW,-,178.538,182.1162,181.1076,1,110.075,CONTENDER,29.3907
338,97,PCVX,VAXCYTE INC,Health Care,,mid,62.76,76.56,0.0246,0.0853,0.3729,STRONG_DOWN,43.25,107.61,0.59,-20.6,49.4,44.52,0.696,LOW,-,57.5245,57.532,44.5205,1,119.4037,LEADER,29.2647
339,71,TRVI,TREVI THERAPEUTICS INC,Health Care,,small,14.04,80.08,0.0546,0.215,0.2528,STRONG_DOWN,44.59,126.45,399.64,-29.5,50.6,61.89,1.0395,MED,-,11.932,11.6258,10.1497,1,103.3843,LEADER,29.1903
340,-70,MTRN,MATERION CORP,Materials,,mid,165.39,72.31,0.0116,0.0799,0.1493,STRONG_DOWN,32.14,113.27,33.61,-20.73,55.02,51.55,0.4907,LOW,-,148.1445,150.0528,125.133,1,120.8998,CONTENDER,29.1136
341,6,MLYS,MINERALYS THERAPEUTICS INC,Health Care,,mid,27.32,72.66,-0.0358,0.0187,-0.1631,FLAT,-36.54,96.83,121.39,-51.66,46.59,62.78,0.427,LOW,PROGRESS,25.563,27.4206,30.0649,0,71.859,LAGGARD,28.9586
342,19,GNK,GENCO SHIPPING AND TRADING LTD,Industrials,,small,23.82,77.87,-0.0452,0.0496,0.2375,STRONG_DOWN,52.57,100.53,31.92,-19.16,54.62,42.68,0.665,LOW,-,22.9925,22.2877,18.1871,1,128.6519,LEADER,28.8613
343,30,NSSC,NAPCO SECURITY TECHNOLOGIES INC,Information Technology,,small,44.17,68.78,0.0157,-0.0314,0.134,FLAT,4.39,107.21,16.68,-19.47,54.62,46.3,0.5141,LOW,-,41.3605,42.732,39.315,1,126.4736,CONTENDER,28.8354
344,-36,CTLP,CANTALOUPE INC,Financials,,small,10.84,64.44,-0.0041,-0.0516,-0.0494,FLAT,2.36,40.6,73.16,-10.26,46.18,13.61,0.6075,LOW,-,10.7005,10.5274,10.7013,1,137.7482,CONTENDER,28.8132
345,-80,LUMN,LUMEN TECHNOLOGIES INC,Communication,,mid,7.8,79.17,0.0699,0.0701,-0.1411,FLAT,15.56,129.41,469.34,-47.34,50.2,91.45,0.5855,LOW,-,6.951,7.182,6.8481,1,71.0385,LEADER,28.8115
346,44,SHOO,STEVEN MADDEN LTD,Consumer Discretionary,,mid,38.2,90.41,0.0125,0.1437,-0.0998,FLAT,12.53,93.61,2.44,-31.73,50.6,50.38,0.5965,LOW,-,34.608,35.7876,34.6788,1,94.0195,LEADER,28.8104
347,-13,UAMY,UNITED STATES ANTIMONY CORP,Materials,,small,9.37,89.23,0.0512,-0.2152,0.1739,FLAT,-43.93,187.42,3804.17,-74.3,49.0,140.97,0.6973,LOW,-,8.8615,8.8248,6.9216,1,65.1468,LEADER,28.7223
348,35,RSI,RUSH STREET INTERACTIVE INC CLASS,Consumer Discretionary,,mid,22.33,88.36,-0.0098,0.0656,0.254,STRONG_DOWN,18.15,88.44,241.44,-29.47,52.21,45.24,0.624,LOW,-,21.546,19.9176,18.924,1,102.0643,LEADER,28.7072
349,18,URGN,UROGEN PHARMA LTD,Health Care,,small,21.22,73.44,0.0913,0.0899,0.0793,STRONG_UP,26.61,97.4,40.53,-66.24,47.39,62.57,0.7744,LOW,-,18.6755,19.68,19.8244,1,73.7664,CONTENDER,28.6502
350,26,CMP,COMPASS MINERALS INTERNATIONAL INC,Materials,,small,24.7,78.46,-0.0213,0.0401,0.0392,FLAT,28.78,126.4,80.03,-26.29,52.21,57.77,0.573,LOW,-,23.539,23.6544,20.7492,1,114.2328,LEADER,28.5313
351,6,AMSC,AMERICAN SUPERCONDUCTOR CORP,Industrials,,small,39.45,82.13,0.1716,0.2048,0.2069,STRONG_DOWN,-35.93,116.16,227.11,-61.08,56.63,74.35,0.8518,LOW,-,33.121,32.155,41.3904,0,88.4787,LAGGARD,28.4268
352,7,GVA,GRANITE CONSTRUCTION INC,Industrials,,mid,126.98,62.55,-0.0164,-0.0396,-0.016,FLAT,19.42,64.28,135.23,-14.69,51.81,27.14,0.4122,LOW,-,121.7413,126.2964,111.6317,1,122.7044,CONTENDER,28.3267
353,-57,DIOD,DIODES INC,Information Technology,,mid,87.52,77.25,0.0921,0.2724,0.6245,STRONG_DOWN,69.68,145.7,28.93,-27.44,52.21,74.09,0.9632,LOW,-,72.7465,68.5306,56.6357,1,102.6757,LEADER,28.2754
354,58,HASI,HA SUSTAINABLE INFRASTRUCTURE CAPI,Financials,,mid,39.65,93.66,0.0178,0.026,0.1276,STRONG_DOWN,36.59,76.23,78.36,-15.38,51.81,32.79,0.6367,LOW,-,36.9771,36.4825,31.05,1,120.441,LEADER,28.2586
355,10,FER,Ferrovial,Industrials,"Military, Government, Technical",large,72.28,61.28,0.0061,0.0453,0.0237,FLAT,20.29,63.48,99.94,-17.13,52.21,30.11,0.8583,LOW,-,65.99,68.4406,61.9957,1,110.0802,CONTENDER,28.2327
356,140,DAL,Delta Air Lines,Industrials,Passenger Airlines,large,71.7,68.09,0.03,0.1066,-0.0062,FLAT,22.81,77.76,57.27,-22.9,49.8,47.27,1.3775,MED,-,66.373,66.5838,62.1035,1,81.9267,CONTENDER,28.2162
357,128,FSLR,First Solar,Information Technology,Semiconductors,large,200.61,56.61,-0.0243,-0.0568,-0.1579,STRONG_UP,-11.29,58.18,14.01,-35.1,51.0,52.84,1.0729,MED,PROGRESS,195.507,207.7576,220.0989,0,56.1587,LAGGARD,28.1467
358,67,HST,Host Hotels & Resorts,Real Estate,Hotel & Resort REITs,large,20.91,88.89,0.0381,0.1005,0.076,FLAT,32.5,62.44,18.99,-9.48,50.6,26.55,,LOW,-,19.2516,19.3006,17.2521,1,118.9985,LEADER,28.0127
359,39,CHRW,C.H. Robinson,Industrials,Air Freight & Logistics,large,168.51,72.77,-0.0474,-0.0841,-0.0682,FLAT,36.48,87.53,155.17,-19.18,54.22,46.15,0.6862,LOW,-,168.002,177.9157,147.0534,1,102.8392,CONTENDER,27.9788
360,-14,BKE,BUCKLE INC,Consumer Discretionary,,mid,53.31,73.29,-0.0236,0.0405,0.0882,STRONG_DOWN,5.77,68.03,71.34,-17.92,51.41,29.28,0.9472,LOW,-,51.157,51.6406,51.3351,1,119.4389,CONTENDER,27.9142
361,83,ALNY,Alnylam Pharmaceuticals,Health Care,Biotechnology,large,339.41,52.34,0.0175,0.0212,-0.075,FLAT,-27.0,46.98,129.8,-37.57,55.82,37.0,0.8554,LOW,SHIFT,321.7435,324.9598,393.6603,0,70.8692,LAGGARD,27.8953
362,2,SMP,STANDARD MOTOR PRODUCTS INC,Consumer Discretionary,,small,37.88,76.71,0.0215,0.0008,0.0467,FLAT,0.69,71.8,27.04,-22.56,52.21,32.41,0.5223,LOW,-,36.009,39.0793,37.5818,1,115.6716,LEADER,27.8909
363,7,LHX,L3Harris,Industrials,Aerospace & Defense,large,355.56,62.13,-0.0424,-0.1017,0.0025,FLAT,22.11,63.68,81.61,-10.86,54.62,28.91,0.6363,LOW,-,354.4905,354.235,303.3524,1,120.3113,CONTENDER,27.8548
364,-55,SEZL,SEZZLE INC,Financials,,mid,68.0,87.32,-0.0321,-0.063,-0.1596,STRONG_UP,-11.7,60.15,525.67,-72.02,52.21,108.01,0.935,LOW,SHIFT,66.2058,66.8061,83.9997,0,29.0757,LAGGARD,27.8372
365,55,GOLF,ACUSHNET HOLDINGS CORP,Consumer Discretionary,,mid,97.9,71.23,-0.021,-0.0044,0.1768,STRONG_DOWN,23.35,63.72,64.9,-13.29,51.41,26.02,0.5827,LOW,-,94.1395,96.9915,84.5138,1,125.8965,CONTENDER,27.7739
366,-40,ESPR,ESPERION THERAPEUTICS INC,Health Care,,small,2.05,75.0,-0.1401,-0.283,-0.3712,STRONG_UP,-24.63,105.0,5.67,-49.75,49.8,72.8,1.4779,MED,-,2.518,2.9136,2.7335,0,71.8269,LAGGARD,27.7334
367,-14,NRG,NRG Energy,Utilities,Independent Power Producers & Energy Traders,large,170.96,98.0,0.0753,0.1245,0.0287,FLAT,1.87,78.23,142.01,-23.26,53.82,48.01,,LOW,-,154.4525,159.4954,158.9697,1,87.701,LEADER,27.5898
368,25,CC,CHEMOURS,Materials,,mid,22.89,70.77,0.0594,0.2296,0.531,STRONG_DOWN,72.42,111.49,-4.87,-39.78,53.01,70.25,0.3637,LOW,-,20.9865,19.2836,15.0472,1,84.129,CONTENDER,27.5861
369,48,BEN,Franklin Resources,Financials,Asset Management & Custody Banks,large,26.43,83.1,0.0519,0.0192,0.0106,STRONG_UP,19.02,55.49,19.11,-19.21,55.02,32.99,0.6462,LOW,-,23.8823,25.3372,23.8035,1,92.5532,LEADER,27.5659
370,53,MRNA,Moderna,Health Care,Biotechnology,large,52.84,74.22,-0.0058,-0.0539,0.3435,FLAT,97.61,101.37,-49.12,-35.51,51.41,77.38,0.5134,LOW,-,51.2185,49.618,34.4037,1,67.3499,CONTENDER,27.5202
371,62,LEG,LEGGETT & PLATT INC,Consumer Discretionary,,small,11.5,80.82,0.1417,0.0739,0.0032,STRONG_UP,36.71,75.84,-32.11,-25.78,46.99,46.09,6.2898,HIGH,-,10.012,10.9204,10.1463,1,77.3179,LEADER,27.5102
372,-60,NHC,NATIONAL HEALTHCARE CORP,Health Care,,mid,163.5,66.41,-0.0714,-0.05,0.2192,STRONG_DOWN,37.99,79.8,93.93,-13.13,53.41,34.17,0.9375,LOW,-,163.2279,161.9437,130.2491,1,124.7297,CONTENDER,27.5098
373,8,HCSG,HEALTHCARE SERVICES GROUP INC,Industrials,,small,19.03,76.17,-0.0335,-0.1277,-0.0562,FLAT,21.68,97.2,64.9,-19.88,52.21,43.86,0.6795,LOW,-,19.0485,19.9362,17.5393,1,115.7073,LEADER,27.4966
374,-12,VLY,VALLEY NATIONAL,Financials,,mid,13.1,90.49,0.0004,0.0187,0.0838,STRONG_DOWN,26.5,67.71,94.1,-13.64,52.61,29.89,0.6135,LOW,-,12.3795,12.6058,11.0381,1,119.1779,LEADER,27.4809
375,5,NATL,NCR ATLEOS CORP,Financials,,mid,44.37,93.31,-0.0126,-0.074,0.0742,FLAT,17.51,75.86,117.39,-15.31,55.02,37.65,0.8157,LOW,-,43.561,42.9804,38.0206,1,110.8614,LEADER,27.4366
376,89,RUN,SUNRUN INC,Industrials,,mid,12.45,71.06,-0.1271,-0.0984,-0.371,FLAT,-41.19,85.54,16.46,-55.02,51.41,101.79,1.1046,MED,EARLY,13.0005,15.1858,16.1733,0,43.2048,LAGGARD,27.4244
377,-27,EYE,NATIONAL VISION HOLDINGS INC,Consumer Discretionary,,small,25.37,92.47,-0.0288,-0.1,-0.0475,FLAT,-3.79,117.58,32.0,-19.77,52.21,51.94,0.9187,LOW,-,26.079,26.847,26.1082,0,118.1927,LAGGARD,27.3909
378,51,JBHT,J.B. Hunt,Industrials,Cargo Ground Transportation,large,229.61,65.11,-0.0025,0.0607,0.0782,STRONG_DOWN,67.01,71.81,26.67,-15.87,51.0,32.76,0.6839,LOW,-,212.0445,217.8616,176.8716,1,111.7991,CONTENDER,27.2766
379,20,CAH,Cardinal Health,Health Care,Health Care Distributors,large,214.95,58.98,-0.0208,-0.0549,0.0438,FLAT,39.98,61.92,106.73,-12.88,57.83,31.72,0.7822,LOW,-,211.2644,217.3083,185.7689,1,112.8851,CONTENDER,27.2111
380,-20,BKR,Baker Hughes,Energy,Oil & Gas Equipment & Services,large,61.49,43.82,0.0133,0.0942,0.0121,FLAT,36.33,64.4,97.85,-16.86,57.43,34.0,0.6383,LOW,-,61.381,60.7875,49.8216,1,108.7816,LAGGARD,27.1878
381,19,XMTR,XOMETRY INC CLASS A,Industrials,,mid,43.7,78.3,-0.0398,0.0985,-0.3749,FLAT,-12.6,103.16,163.73,-49.93,56.22,91.45,0.4978,LOW,PROGRESS,41.004,47.0823,50.3713,0,63.4197,LAGGARD,27.1834
382,-80,AEO,AMERICAN EAGLE OUTFITTERS INC,Consumer Discretionary,,mid,17.77,82.88,-0.0381,-0.0134,-0.2674,FLAT,17.54,77.27,-16.41,-42.74,49.0,50.79,0.7272,LOW,PROGRESS,17.1132,20.2507,18.2273,0,74.5493,LAGGARD,27.1697
383,-9,GLDD,GREAT LAKES DREDGE AND DOCK CORP,Industrials,,small,17.0,73.62,-0.0229,-0.0696,0.2526,FLAT,42.74,89.1,119.92,-14.74,50.21,36.8,0.0,LOW,-,16.9545,16.4526,13.1936,1,121.5669,CONTENDER,27.083
384,40,AAP,ADVANCE AUTO PARTS INC,Consumer Discretionary,,mid,56.01,81.51,0.0182,0.0173,0.3922,FLAT,4.7,76.33,-16.51,-41.44,46.99,50.48,0.5743,LOW,-,52.2176,52.9664,52.5704,1,71.0571,LEADER,27.044
385,121,KRYS,KRYSTAL BIOTECH INC,Health Care,,mid,270.0,58.2,0.0022,0.0362,-0.0676,FLAT,46.15,59.64,59.06,-27.68,55.02,40.38,1.2998,MED,-,256.781,263.1264,209.6099,1,81.2635,CONTENDER,27.0095
386,28,SD,SANDRIDGE ENERGY INC,Energy,,small,14.79,46.07,0.0077,-0.1191,-0.2353,STRONG_UP,26.89,67.4,8.08,-17.61,55.02,35.87,1.0482,MED,-,16.1247,16.5603,13.341,1,103.3782,LAGGARD,26.9388
387,-10,AROC,ARCHROCK INC,Energy,,mid,36.34,41.57,0.0577,0.0043,0.1568,FLAT,52.82,59.44,94.9,-15.92,54.62,27.67,0.5343,LOW,-,35.706,34.4903,27.0053,1,117.3309,LAGGARD,26.8718
388,-48,ORA,ORMAT TECH INC,Utilities,,mid,114.74,96.0,0.0199,0.0494,-0.159,FLAT,7.18,62.25,90.39,-20.05,57.83,35.84,0.7911,LOW,-,111.2605,113.8686,105.0185,1,100.4475,LEADER,26.8666
389,-33,HTBK,HERITAGE COMMERCE CORP,Financials,,small,13.3,89.79,-0.0038,0.0142,0.0479,STRONG_DOWN,42.65,66.03,88.38,-13.47,51.81,27.85,0.5533,LOW,-,12.6026,12.6868,10.9874,1,122.8295,LEADER,26.8541
390,-3,PNC,PNC Financial Services,Financials,Diversified Banks,large,221.2,75.0,-0.0086,0.0216,-0.0021,FLAT,20.34,47.54,57.34,-17.21,53.82,25.99,0.7168,LOW,-,210.0,217.2014,201.2962,1,98.4403,LEADER,26.8204
391,-59,PLD,Prologis,Real Estate,Industrial REITs,large,138.36,80.25,-0.017,0.0113,0.0053,FLAT,24.7,45.38,27.86,-9.59,54.62,21.99,0.7378,LOW,-,132.7465,135.0332,121.3129,1,112.7086,LEADER,26.7394
392,29,TCBI,TEXAS CAPITAL BANCSHARES INC,Financials,,mid,103.15,87.68,0.0168,0.0405,0.0258,FLAT,24.98,60.64,82.79,-14.21,57.03,31.62,0.624,LOW,-,95.9715,97.8706,90.4522,1,109.3792,LEADER,26.7348
393,-14,RF,Regions Financial Corporation,Financials,Regional Banks,large,27.75,77.11,-0.0004,0.0152,-0.0449,FLAT,15.28,48.87,57.11,-18.45,55.82,28.7,0.5983,LOW,-,26.2485,27.5862,26.0502,1,95.0497,LEADER,26.7172
394,-79,PTEN,PATTERSON UTI ENERGY INC,Energy,,mid,9.88,51.69,-0.0043,-0.0486,0.15,FLAT,78.78,80.13,-5.97,-20.42,52.61,46.37,1.0779,MED,-,10.6935,9.4425,6.7663,1,90.9174,CONTENDER,26.6899
395,7,CTVA,Corteva,Materials,Fertilizers & Agricultural Chemicals,large,82.95,49.23,-0.0218,-0.0191,0.1724,STRONG_DOWN,33.01,40.31,57.84,-20.71,58.23,22.75,0.5963,LOW,-,82.16,78.789,71.1103,1,103.1671,LAGGARD,26.681
396,22,MRX,MAREX GROUP PLC,Financials,,mid,53.2,63.73,0.076,0.4345,0.3201,FLAT,72.55,40.43,188.93,-41.13,50.2,42.91,1.6123,HIGH,-,43.1885,41.0467,36.8128,1,47.3042,CONTENDER,26.662
397,10,EXPE,Expedia Group,Consumer Discretionary,"Hotels, Resorts & Cruise Lines",large,248.57,71.92,0.0352,0.0335,-0.1073,STRONG_UP,15.71,65.31,,-37.44,51.81,62.14,0.7551,LOW,-,233.6085,228.0535,229.7136,1,54.4534,CONTENDER,26.626
398,13,CYTK,CYTOKINETICS INC,Health Care,,mid,66.35,63.28,-0.0112,0.0477,0.0569,STRONG_DOWN,11.34,72.07,-2.43,-30.48,52.21,40.16,0.7488,LOW,-,63.9695,63.9064,55.7654,1,93.6939,CONTENDER,26.5129
399,61,SPXC,SPX TECHNOLOGIES INC,Industrials,,mid,224.82,64.68,0.0362,0.0333,0.022,STRONG_UP,24.41,71.67,88.64,-23.15,55.42,42.11,0.8339,LOW,-,203.3185,215.1516,201.0518,1,94.3242,CONTENDER,26.4999
400,30,JOE,ST JOE,Real Estate,,mid,67.94,87.65,-0.0177,-0.0759,-0.0234,FLAT,43.57,61.38,23.17,-16.94,51.41,30.29,0.6674,LOW,-,65.2245,67.8868,57.7328,1,104.1846,LEADER,26.4884
401,66,NTLA,INTELLIA THERAPEUTICS INC,Health Care,,small,14.78,73.83,0.046,0.0615,0.2681,STRONG_DOWN,-37.79,100.82,-35.51,-71.27,52.61,79.95,0.6673,LOW,-,13.271,13.0913,12.9435,1,66.3401,CONTENDER,26.4852
402,17,MATX,MATSON INC,Industrials,,mid,171.28,65.96,-0.0317,0.06,0.2714,STRONG_DOWN,91.13,72.34,59.52,-25.28,54.22,38.91,0.5101,LOW,-,164.028,162.724,124.3743,1,100.808,CONTENDER,26.4567
403,146,TCMD,TACTILE SYSTEMS TECHNOLOGY INC,Health Care,,small,25.06,69.53,0.0185,-0.1272,-0.1557,STRONG_UP,75.24,87.72,77.73,-35.39,49.8,55.93,1.1926,MED,-,25.6542,27.3349,20.8608,1,78.1016,CONTENDER,26.4378
404,-22,ENVA,ENOVA INTERNATIONAL INC,Financials,,mid,153.84,90.14,0.0331,0.0671,-0.0755,FLAT,45.16,66.95,160.08,-24.75,55.42,40.55,0.7016,LOW,-,139.114,143.5874,131.2276,1,91.4945,LEADER,26.4138
405,-36,ABCB,AMERIS BANCORP,Financials,,mid,82.84,86.62,-0.0028,0.0237,0.0114,FLAT,14.84,59.82,88.21,-13.85,49.8,27.47,0.604,LOW,-,78.198,79.5621,74.4765,1,108.445,LEADER,26.3823
406,36,IDXX,Idexx Laboratories,Health Care,Health Care Equipment,large,584.05,50.39,-0.0331,-0.0491,-0.1745,STRONG_UP,-7.78,44.56,18.88,-27.34,52.61,29.94,0.797,LOW,PROGRESS,574.0165,606.5872,638.9977,0,78.2994,LAGGARD,26.3772
407,69,NSC,Norfolk Southern,Industrials,Rail Transportation,large,299.7,49.36,-0.0056,-0.0416,0.0014,FLAT,4.46,40.46,27.32,-12.47,56.63,20.29,0.4572,LOW,-,287.826,299.9835,286.0961,1,112.9247,LAGGARD,26.3595
408,-23,NEE,NextEra Energy,Utilities,Multi-Utilities,large,91.31,84.0,-0.0221,-0.0157,0.016,STRONG_DOWN,9.79,38.97,54.07,-10.75,56.22,19.43,0.7494,LOW,-,92.232,91.7129,81.0583,1,112.7517,LEADER,26.3236
409,65,DLTR,Dollar Tree,Consumer Staples,Consumer Staples Merchandise Retail,large,100.67,77.42,-0.0364,-0.1029,-0.3115,STRONG_UP,8.73,40.21,-19.7,-29.5,51.41,36.66,1.0351,MED,EARLY,106.2855,115.8426,111.5094,0,56.3868,LAGGARD,26.3007
410,-24,WTTR,SELECT WATER SOLUTIONS INC CLASS A,Energy,,mid,14.81,56.18,0.0039,0.026,0.0315,STRONG_DOWN,48.4,84.43,71.28,-20.45,51.0,46.07,1.0549,MED,-,14.9925,13.997,11.0407,1,93.4633,CONTENDER,26.299
411,-5,CMC,COMMERCIAL METALS,Materials,,mid,65.94,56.92,0.0166,0.0054,-0.1499,STRONG_UP,12.53,60.11,21.39,-29.96,51.0,36.42,0.4757,LOW,-,62.2251,69.4465,62.7398,1,84.1674,CONTENDER,26.2893
412,52,JOBY,JOBY AVIATION INC CLASS A,Industrials,,mid,8.8,56.17,-0.005,-0.1764,-0.449,STRONG_UP,-47.53,49.91,88.03,-61.06,49.8,62.25,0.6702,LOW,PROGRESS,8.741,9.5066,13.6895,0,39.9319,LAGGARD,26.2129
413,198,SHLS,SHOALS TECHNOLOGIES GROUP INC CLAS,Industrials,,small,7.22,84.26,0.0157,0.0927,-0.295,FLAT,-21.95,119.45,-17.2,-47.37,54.22,92.35,1.1591,MED,-,6.583,7.5173,7.6976,0,70.1325,LAGGARD,26.2057
414,-46,TRGP,Targa Resources,Energy,Oil & Gas Storage & Transportation,large,239.28,28.09,0.0204,-0.0224,0.0856,FLAT,59.5,45.74,118.56,-17.43,54.62,24.0,0.4621,LOW,-,244.0115,233.8992,184.8584,1,104.0959,LAGGARD,26.1739
415,253,IMVT,IMMUNOVANT INC,Health Care,,mid,26.55,62.89,0.0539,0.0189,0.0233,FLAT,53.03,71.68,-12.87,-20.98,50.6,48.55,1.6803,HIGH,-,24.5845,25.6238,21.5013,1,74.7045,CONTENDER,26.164
416,102,BOOT,BOOT BARN HOLDINGS INC,Consumer Discretionary,,mid,159.19,77.4,0.0338,-0.0249,-0.1173,STRONG_UP,-10.32,72.86,62.19,-35.01,50.6,48.59,0.5586,LOW,PROGRESS,153.02,173.0176,178.482,0,75.8776,LAGGARD,26.1216
417,-63,BAC,Bank of America,Financials,Diversified Banks,large,53.35,70.42,0.0179,0.0533,-0.0675,FLAT,10.38,43.59,55.49,-17.93,57.83,26.3,0.9581,LOW,-,49.335,50.5516,50.5947,1,95.8489,CONTENDER,26.1026
418,-105,ZWS,ZURN ELKAY WATER SOLUTIONS CORP,Industrials,,mid,49.35,63.4,0.0134,0.0202,0.0283,STRONG_DOWN,7.99,69.08,58.84,-17.02,51.41,31.82,0.7233,LOW,-,45.755,48.0954,45.7367,1,111.6164,CONTENDER,26.0889
419,15,LGN,LEGENCE CORP CLASS A,Industrials,,mid,66.06,82.55,0.121,0.1971,0.4008,STRONG_DOWN,106.24,116.59,116.59,-19.79,57.53,72.77,1.1146,MED,-,56.204,53.3372,,0,92.173,LAGGARD,26.0643
420,7,LPG,DORIAN LPG LTD,Energy,,small,34.59,59.55,0.028,0.0934,-0.0285,FLAT,37.89,91.98,8.45,-24.99,51.41,44.31,0.5755,LOW,-,33.917,33.6089,28.557,1,106.7199,CONTENDER,26.0235
421,47,GDOT,GREEN DOT CORP CLASS A,Financials,,small,11.81,84.51,0.0192,0.0286,-0.0895,FLAT,-3.28,58.31,47.63,-30.95,49.0,28.15,0.3907,LOW,-,11.2595,11.5308,12.1542,0,101.5005,LAGGARD,26.0132
422,-135,EXTR,EXTREME NETWORKS INC,Information Technology,,mid,17.53,51.85,0.041,0.1264,0.097,FLAT,-12.09,49.19,57.5,-39.87,54.22,35.46,0.8964,LOW,SHIFT,15.7405,14.9588,17.7068,0,75.2161,LAGGARD,25.9022
423,130,MCB,METROPOLITAN BANK HOLDING CORP,Financials,,small,89.73,92.96,0.0048,0.0522,0.0776,STRONG_DOWN,18.57,73.66,171.15,-18.71,50.2,43.15,1.9914,HIGH,-,83.99,86.7392,78.3542,1,85.6947,LEADER,25.8905
424,118,ULTA,Ulta Beauty,Consumer Discretionary,Other Specialty Retail,large,533.09,64.38,-0.0147,-0.0094,-0.1359,FLAT,-1.81,48.87,23.05,-27.83,51.41,39.69,1.0238,MED,PROGRESS,526.238,608.785,562.4746,0,63.3013,LAGGARD,25.7894
425,16,SPY,SPDR S&P500 ETF,index,index,large,694.46,50.0,0.0273,0.0408,0.0037,FLAT,5.34,30.66,41.02,-8.88,57.03,15.31,0.6833,LOW,-,660.3597,672.9542,661.8278,1,114.195,CONTENDER,25.7255
426,12,REAL,THE REALREAL INC,Consumer Discretionary,,small,10.57,91.78,0.0263,0.0392,-0.3123,FLAT,3.83,107.66,239.87,-51.95,50.6,70.69,0.5582,LOW,-,9.3415,10.7546,10.8908,0,77.0647,LAGGARD,25.7177
427,-35,LION,LIONSGATE STUDIOS CORP,Communication,,mid,11.09,70.83,0.031,0.0301,0.1567,FLAT,82.1,72.47,3.16,-31.41,47.39,50.46,1.4193,MED,-,9.8565,9.41,7.6722,1,68.0635,CONTENDER,25.7161
428,-98,LAUR,LAUREATE EDUCATION INC,Consumer Discretionary,,mid,33.19,76.03,-0.0774,-0.062,0.0046,STRONG_DOWN,13.35,71.35,137.24,-11.95,55.82,35.35,0.5256,LOW,-,34.167,33.9598,30.4648,1,112.6623,LEADER,25.6335
429,32,COIN,Coinbase,Financials,Financial Exchanges & Data,large,184.41,20.42,0.0428,-0.174,-0.3215,STRONG_UP,-48.34,5.04,-17.46,-66.39,45.38,85.65,0.8593,LOW,SHIFT,180.5465,178.8728,275.2373,0,2.6677,WEAK,25.6247
430,-15,SUPN,SUPERNUS PHARMACEUTICALS INC,Health Care,,mid,50.11,57.03,-0.049,-0.0471,-0.0185,STRONG_DOWN,3.58,59.28,67.09,-22.6,54.62,31.96,0.4798,LOW,-,50.2015,51.313,46.5773,1,101.313,CONTENDER,25.6199
431,49,WLDN,WILLDAN GROUP INC,Industrials,,small,80.15,79.15,-0.0331,-0.053,-0.4124,STRONG_UP,-14.35,106.2,198.29,-44.29,55.42,73.51,0.5388,LOW,-,78.9265,93.4208,98.268,0,80.0655,LAGGARD,25.5898
432,38,LUV,Southwest Airlines,Industrials,Passenger Airlines,large,41.26,60.85,-0.0034,-0.047,-0.084,STRONG_UP,30.47,63.09,54.8,-33.49,54.22,59.43,0.6964,LOW,-,39.2735,44.7891,37.2264,1,57.5588,CONTENDER,25.5774
433,-42,BHE,BENCHMARK ELECTRONICS INC,Information Technology,,mid,63.82,61.38,0.0333,0.1262,0.3557,STRONG_DOWN,73.62,80.82,123.39,-15.0,55.82,40.51,0.4115,LOW,-,57.7631,57.0674,45.7228,1,111.3675,CONTENDER,25.5443
434,16,XPEL,XPEL INC,Consumer Discretionary,,small,46.55,84.25,0.0266,0.1756,-0.0822,FLAT,35.99,79.04,-13.56,-31.79,51.0,43.61,0.7403,LOW,-,42.3175,45.2153,41.7075,1,92.432,LEADER,25.52
435,-51,AUB,ATLANTIC UNION BANKSHARES CORP,Financials,,mid,38.03,88.03,-0.0024,0.0317,-0.004,FLAT,12.36,60.76,29.05,-18.33,48.59,30.64,0.436,LOW,-,35.9115,37.4089,34.8696,1,96.3554,LEADER,25.4337
436,15,STLD,Steel Dynamics,Materials,Steel,large,195.3,60.0,0.0325,0.0561,0.1183,STRONG_DOWN,35.0,67.41,42.6,-20.33,53.82,39.0,0.7264,LOW,-,177.5148,185.4631,157.1363,1,93.0229,CONTENDER,25.42
437,40,NPK,NATIONAL PRESTO INDUSTRIES INC,Industrials,,small,144.44,64.26,-0.0185,-0.0363,0.1938,FLAT,32.44,71.01,85.25,-23.32,54.62,37.01,0.3438,LOW,-,137.786,133.9022,113.2523,1,104.8033,CONTENDER,25.4161
438,8,GRAL,GRAIL INC,Health Care,,mid,50.49,72.27,-0.0257,0.0605,-0.4973,FLAT,-28.32,94.68,269.62,-62.92,50.2,135.62,0.4269,LOW,PROGRESS,49.6185,62.8264,66.2583,0,35.0456,LAGGARD,25.3901
439,-94,FSBC,FIVE STAR BANCORP,Financials,,small,40.74,85.56,0.003,0.0271,0.0706,STRONG_DOWN,30.11,59.34,100.98,-13.07,49.8,25.56,0.6844,LOW,-,38.2035,38.9346,34.6739,1,115.607,LEADER,25.3637
440,100,ARCB,ARCBEST CORP,Industrials,,mid,110.16,70.21,-0.0079,0.2375,0.2171,FLAT,54.96,82.91,-25.72,-30.6,50.6,51.61,0.5392,LOW,-,98.1895,99.7172,81.1052,1,81.2917,CONTENDER,25.3622
441,7,SANM,SANMINA CORP,Information Technology,,mid,154.47,68.25,0.0831,0.1932,-0.0653,FLAT,23.23,101.79,164.82,-32.69,55.42,72.61,0.4907,LOW,-,134.122,139.2608,135.3052,1,77.6916,CONTENDER,25.3545
442,46,BFH,BREAD FINANCIAL HOLDINGS INC,Financials,,mid,82.64,96.48,0.0403,0.1016,0.1374,STRONG_DOWN,47.43,83.72,152.25,-19.26,56.63,48.48,0.5051,LOW,-,75.397,74.4984,67.0146,1,97.7957,LEADER,25.3511
443,-47,BLX,BANCO LATINOAMERICANO DE COMERCIO,Financials,,small,54.94,78.17,0.0194,0.0527,0.2382,STRONG_DOWN,23.97,49.5,105.08,-12.42,55.02,23.31,0.3431,LOW,-,51.443,49.9745,45.4001,1,116.8476,LEADER,25.3486
444,-56,TALO,TALOS ENERGY INC,Energy,,mid,14.26,65.17,-0.005,0.0263,-0.0161,FLAT,49.79,106.37,5.08,-18.0,54.62,58.2,0.5966,LOW,-,15.331,13.8506,10.9001,1,99.8247,CONTENDER,25.326
445,46,EL,Estée Lauder Companies (The),Consumer Staples,Personal Care Products,large,76.42,80.65,0.0807,-0.1222,-0.3798,STRONG_UP,-17.03,42.69,-42.15,-43.62,53.41,61.91,0.7935,LOW,PROGRESS,74.767,91.9737,94.2459,0,36.8288,LAGGARD,25.3185
446,3,VSEC,VSE CORP,Industrials,,mid,222.33,76.6,0.0311,0.0737,0.0282,FLAT,41.11,98.37,188.31,-27.4,51.0,60.9,0.3395,LOW,-,189.914,202.4436,176.0033,1,82.379,LEADER,25.3182
447,-43,BEAM,BEAM THERAPEUTICS INC,Health Care,,mid,30.3,64.06,0.1714,0.1456,-0.1155,STRONG_UP,19.34,75.35,17.9,-38.15,49.0,72.22,1.1157,MED,-,25.1005,26.413,24.3486,1,51.1218,CONTENDER,25.2419
448,53,MAR,Marriott International,Consumer Discretionary,"Hotels, Resorts & Cruise Lines",large,366.7,72.6,0.0379,0.0989,0.202,STRONG_DOWN,39.89,66.31,50.51,-12.65,51.0,31.83,0.8965,LOW,-,333.895,335.5707,295.0519,1,106.2417,CONTENDER,25.232
449,-54,CVX,Chevron Corporation,Energy,Integrated Oil & Gas,large,187.02,26.97,0.0093,-0.0728,-0.108,STRONG_UP,25.68,45.26,29.38,-11.43,55.82,23.89,0.9429,LOW,-,200.0415,191.0883,161.7314,1,105.7579,LAGGARD,25.202
450,88,CLSK,CLEANSPARK INC,Information Technology,,mid,11.27,55.56,0.1193,0.0691,-0.0911,STRONG_UP,-43.76,54.81,-23.28,-64.74,49.8,95.82,0.9289,LOW,SHIFT,9.5545,9.7745,12.215,0,28.4849,LAGGARD,25.1527
451,-12,CUBI,CUSTOMERS BANCORP INC,Financials,,mid,75.94,91.2,0.0186,0.0637,-0.0683,FLAT,17.39,68.01,62.89,-20.31,50.6,37.71,0.5566,LOW,-,70.0305,70.8084,69.0474,1,91.2556,LEADER,25.1515
452,32,IBP,INSTALLED BUILDING PRODUCTS INC,Consumer Discretionary,,mid,288.98,83.56,0.0112,-0.0388,-0.003,FLAT,21.39,78.56,25.55,-24.57,48.59,44.64,0.5926,LOW,-,272.747,296.7491,262.2034,1,85.506,LEADER,25.1492
453,-45,WTS,WATTS WATER TECHNOLOGIES INC CLASS,Industrials,,mid,308.74,59.15,0.0021,-0.0461,0.0231,FLAT,14.22,56.87,57.11,-15.45,49.8,27.1,0.6458,LOW,-,295.4595,308.5758,282.1853,1,104.4984,CONTENDER,25.1488
454,2,SPG,Simon Property Group,Real Estate,Retail REITs,large,202.96,77.78,0.0232,0.043,0.0477,STRONG_DOWN,17.75,42.64,57.22,-11.54,53.82,21.8,0.8815,LOW,-,189.1635,192.5584,178.4164,1,105.2757,LEADER,25.142
455,-18,HCC,WARRIOR MET COAL INC,Materials,,mid,85.77,63.08,-0.0499,-0.0561,-0.1904,STRONG_UP,29.19,82.16,37.97,-24.41,51.41,49.71,0.6666,LOW,-,91.2705,87.8946,74.2219,1,84.9656,CONTENDER,25.1284
456,-20,ADM,Archer Daniels Midland,Consumer Staples,Agricultural Products & Services,large,68.84,85.48,-0.0297,-0.0102,0.0523,STRONG_DOWN,13.47,54.69,22.22,-12.79,49.8,26.78,0.7047,LOW,-,71.004,69.3692,61.4831,1,101.7106,LEADER,25.096
457,-14,IVR,INVESCO MORTGAGE CAPITAL REIT INC,Financials,,small,8.38,80.63,0.0203,-0.0368,-0.0748,STRONG_UP,24.22,52.19,45.63,-16.54,52.21,27.02,0.6718,LOW,-,8.0259,8.2201,7.4126,1,100.845,LEADER,25.0384
458,-11,OPLN,OPENLANE INC,Industrials,,mid,30.72,61.7,0.0033,0.0522,-0.0442,FLAT,17.66,63.58,76.05,-17.32,52.61,33.27,0.4274,LOW,-,28.478,28.4466,27.7672,1,100.5366,CONTENDER,25.036
459,34,ARM,Arm Holdings,Technology,Semiconductors,large,161.22,75.0,0.0798,0.3943,0.7465,STRONG_DOWN,-6.23,55.32,31.8,-41.47,51.41,63.45,0.89,LOW,-,144.8588,130.6901,138.599,1,44.821,LEADER,25.0088
460,107,SMCI,Supermicro,Information Technology,"Technology Hardware, Storage & Peripherals",large,27.2,20.63,0.1425,-0.2088,-0.038,FLAT,-50.32,-18.76,-69.19,-66.18,47.79,100.35,1.0758,MED,PROGRESS,24.226,28.701,39.1675,0,-8.9329,WEAK,25.0009
461,-35,FBNC,FIRST BANCORP,Financials,,mid,58.75,89.44,0.0041,0.0307,0.0368,STRONG_DOWN,18.75,62.75,92.54,-16.25,49.4,30.48,0.6262,LOW,-,55.7615,57.3388,52.5972,1,101.6932,LEADER,24.9727
462,11,TXN,Texas Instruments,Information Technology,Semiconductors,large,218.87,52.91,0.0263,0.0718,0.18,STRONG_DOWN,26.93,49.35,,-29.57,52.21,35.2,0.7359,LOW,-,198.478,206.711,188.7141,1,73.192,CONTENDER,24.9697
463,3,MDGL,MADRIGAL PHARMACEUTICALS INC,Health Care,,large,524.99,59.77,-0.0099,0.1478,0.0721,FLAT,22.74,63.5,126.9,-29.36,48.59,45.78,0.8113,LOW,-,496.516,470.808,455.2444,1,67.3948,CONTENDER,24.8924
464,25,BKU,BANKUNITED INC,Financials,,mid,47.31,86.97,0.0036,0.0268,0.022,FLAT,24.23,59.85,102.44,-16.4,53.41,33.35,0.3878,LOW,-,44.9555,46.3888,41.4712,1,95.8567,LEADER,24.8438
465,-43,PLTR,Palantir Technologies,Information Technology,Application Software,large,135.7,47.62,-0.0594,-0.1739,-0.2308,STRONG_UP,-23.42,37.91,519.63,-38.19,55.02,56.36,1.0082,MED,EARLY,145.9785,143.7268,164.0629,0,37.0052,WEAK,24.8313
466,-72,ADAM,ADAMAS INC TRUST,Financials,,small,7.72,88.38,0.0027,-0.0666,-0.0368,FLAT,18.54,60.96,45.36,-17.07,53.41,31.61,0.6188,LOW,-,7.4202,7.6572,6.9191,1,103.0063,LEADER,24.8047
467,11,CEG,Constellation Energy,Utilities,Electric Utilities,large,296.61,90.0,0.0522,-0.0288,-0.2221,STRONG_UP,-21.94,43.03,61.9,-38.77,51.81,52.28,0.5801,LOW,SHIFT,291.2605,294.8731,327.5251,0,42.6481,LAGGARD,24.7751
468,32,PI,IMPINJ INC,Information Technology,,mid,106.34,57.67,-0.0166,0.0239,-0.4562,FLAT,-45.9,60.2,-10.26,-62.24,49.8,86.29,0.3632,LOW,PROGRESS,101.596,110.9953,153.8124,0,34.7422,LAGGARD,24.7614
469,76,BA,Boeing,Industrials,Aerospace & Defense,large,223.77,51.49,0.0043,-0.0243,-0.1282,STRONG_UP,3.81,43.89,33.34,-24.96,51.81,31.8,0.672,LOW,-,205.9955,220.5408,219.2332,1,71.4995,CONTENDER,24.7566
470,11,VECO,VEECO INSTRUMENTS INC,Information Technology,,mid,40.72,70.37,0.0474,0.2441,0.2036,FLAT,42.73,110.66,13.77,-20.27,51.81,61.79,0.708,LOW,-,35.1,32.6028,28.7219,1,92.7843,CONTENDER,24.7554
471,-68,OII,OCEANEERING INTERNATIONAL INC,Energy,,mid,35.93,66.29,0.029,0.0466,0.0869,STRONG_DOWN,58.91,111.98,53.28,-15.27,51.41,54.5,0.6493,LOW,-,35.8595,34.8964,26.7737,1,105.6276,CONTENDER,24.7449
472,-32,FISI,FINANCIAL INSTITUTIONS INC,Financials,,small,34.34,86.27,0.0031,0.0467,0.0643,STRONG_DOWN,31.38,59.64,126.67,-13.72,49.4,26.47,0.7945,LOW,-,32.0825,32.2831,29.031,1,111.3005,LEADER,24.7158
473,-72,DVN,Devon Energy,Energy,Oil & Gas Exploration & Production,large,45.25,42.7,-0.0163,-0.0529,-0.0257,FLAT,37.85,62.71,-8.98,-14.19,51.81,32.25,0.7357,LOW,-,49.062,45.8945,37.2731,1,100.7485,LAGGARD,24.7038
474,-12,AMAL,AMALGAMATED FINANCIAL CORP,Financials,,small,41.77,89.08,-0.0041,0.0189,0.2114,STRONG_DOWN,57.21,62.05,98.74,-24.41,51.81,32.13,0.639,LOW,-,39.3285,39.4514,32.3558,1,100.0514,LEADER,24.6962
475,-43,TFC,Truist Financial,Financials,Diversified Banks,large,49.53,69.37,-0.0057,0.0322,-0.0444,FLAT,17.84,42.27,48.46,-20.67,53.82,27.47,0.512,LOW,-,46.5205,48.8198,46.1591,1,82.8165,CONTENDER,24.6834
476,-31,MTB,M&T Bank,Financials,Regional Banks,large,220.51,69.72,-0.0039,0.0315,0.0114,FLAT,22.5,42.34,66.09,-16.98,53.41,25.08,0.612,LOW,-,208.115,215.551,198.9462,1,90.1744,CONTENDER,24.6823
477,13,CRL,Charles River Laboratories,Health Care,Life Sciences Tools & Services,mid,179.31,62.11,0.0046,0.1368,-0.1736,FLAT,5.08,69.29,-24.0,-32.98,54.62,50.62,0.561,LOW,-,166.3765,170.67,174.7792,1,74.7633,CONTENDER,24.671
478,25,TSLA,"Tesla, Inc.",Consumer Discretionary,Automobile Manufacturers,large,364.2,60.27,0.0469,-0.1203,-0.1233,STRONG_UP,-16.45,43.32,125.54,-29.93,53.01,36.71,,LOW,EARLY,367.3435,391.6988,397.6701,0,62.5604,LAGGARD,24.6536
479,-101,ADPT,ADAPTIVE BIOTECHNOLOGIES CORP,Health Care,,mid,14.53,69.92,-0.0409,0.0478,-0.1884,FLAT,-6.26,87.73,399.31,-39.35,50.6,66.89,0.654,LOW,PROGRESS,13.764,14.9102,14.7318,0,66.3618,LAGGARD,24.5994
480,0,FANG,Diamondback Energy,Energy,Oil & Gas Exploration & Production,large,186.51,34.83,0.04,0.003,-0.0196,STRONG_UP,32.94,50.7,-3.49,-12.53,51.0,30.2,1.3446,MED,-,192.7975,180.2645,153.1232,1,85.6187,LAGGARD,24.5451
481,89,SONO,SONOS INC,Consumer Discretionary,,small,13.66,78.08,0.0145,-0.0171,-0.1337,STRONG_UP,-17.16,73.35,-19.12,-33.72,49.8,42.57,0.4696,LOW,-,13.3075,14.4672,15.0054,0,85.8079,LAGGARD,24.5327
482,-24,NTCT,NETSCOUT SYSTEMS INC,Information Technology,,mid,32.45,58.73,-0.058,0.0196,0.1881,STRONG_DOWN,26.26,60.96,68.4,-17.38,51.0,30.2,0.9779,LOW,-,31.9515,30.2876,26.7903,1,102.9496,CONTENDER,24.5091
483,-24,PTCT,PTC THERAPEUTICS INC,Health Care,,mid,73.01,56.25,0.0049,0.0514,-0.0242,FLAT,10.52,55.54,184.31,-27.55,54.62,36.69,0.9593,LOW,-,68.0332,68.5855,65.1609,1,82.6803,CONTENDER,24.475
484,-164,HPE,Hewlett Packard Enterprise,Information Technology,"Technology Hardware, Storage & Peripherals",large,24.47,59.79,-0.0439,0.0715,0.1164,STRONG_DOWN,-0.1,67.15,49.4,-23.73,55.82,46.56,0.5571,LOW,-,23.776,22.5596,22.4283,1,80.5036,CONTENDER,24.4038
485,-2,FE,FirstEnergy,Utilities,Electric Utilities,large,51.04,70.0,0.0018,-0.0134,0.0274,FLAT,10.78,29.43,48.11,-7.73,56.22,15.46,0.7388,LOW,-,50.4905,49.8877,45.2757,1,107.0286,CONTENDER,24.3699
486,19,GOLD,GOLD INC,Consumer Discretionary,,small,44.51,91.1,-0.0425,-0.0883,0.1359,FLAT,63.69,100.15,19.95,-40.58,53.01,69.82,0.5059,LOW,-,42.958,50.2902,33.6,1,76.0392,LEADER,24.3689
487,-78,XPRO,EXPRO GROUP HOLDINGS NV,Energy,,small,16.27,62.92,-0.0098,-0.0345,-0.1984,STRONG_UP,30.89,101.61,-14.86,-16.82,49.8,50.61,0.3723,LOW,-,17.088,16.911,13.6373,1,99.9847,CONTENDER,24.3214
488,75,MAC,MACERICH REIT,Real Estate,,mid,21.46,85.19,0.015,0.1047,0.1268,STRONG_DOWN,30.56,56.44,45.37,-12.8,53.82,33.86,1.0188,MED,-,19.486,19.3468,17.7675,1,89.7098,LEADER,24.2497
489,40,HCA,HCA Healthcare,Health Care,Health Care Facilities,large,498.66,53.91,-0.0328,-0.0942,0.0511,FLAT,21.78,49.61,56.85,-14.17,57.43,30.12,0.5322,LOW,-,489.348,511.2363,450.9158,1,94.5899,CONTENDER,24.2432
490,273,BKH,BLACK HILLS CORP,Utilities,,mid,76.6,76.0,0.0464,0.0715,-0.0193,FLAT,30.06,32.73,60.62,-10.45,56.63,23.66,2.4062,HIGH,-,70.919,72.0687,65.3045,1,78.3331,LEADER,24.2207
491,48,DLR,Digital Realty,Real Estate,Data Center REITs,large,195.79,72.84,0.032,0.0512,0.1608,STRONG_DOWN,15.82,37.8,49.97,-16.83,54.62,22.35,,LOW,-,181.1245,177.5205,167.3864,1,92.3703,CONTENDER,24.1742
492,-37,PLXS,PLEXUS CORP,Information Technology,,mid,227.95,64.02,0.0188,0.1168,0.3341,STRONG_DOWN,65.11,86.57,140.58,-15.51,54.62,46.1,0.6152,LOW,-,208.636,202.2114,159.2527,1,102.5683,CONTENDER,24.1556
493,30,DHT,DHT HOLDINGS INC,Energy,,mid,17.18,52.81,-0.0245,-0.0406,0.0574,FLAT,54.77,80.58,72.17,-15.22,52.21,42.35,0.5626,LOW,-,17.847,17.2518,13.2647,1,99.3429,CONTENDER,24.1517
494,62,DRH,DIAMONDROCK HOSPITALITY,Real Estate,,small,10.41,86.42,0.0438,0.0856,0.0453,FLAT,39.94,57.28,21.83,-11.92,51.0,27.89,0.4442,LOW,-,9.5552,9.6154,8.5686,1,104.739,LEADER,24.1194
495,-32,BRSP,BRIGHTSPIRE CAPITAL INC CLASS A,Financials,,small,5.93,78.87,0.0138,0.0078,0.0132,FLAT,19.82,49.85,20.68,-12.12,49.8,23.55,0.6727,LOW,-,5.5729,5.6039,5.2823,1,105.405,LEADER,24.1018
496,32,DCH,DAUCH CORPORATION,Consumer Discretionary,,small,6.21,89.73,0.0158,0.1032,-0.1364,FLAT,14.79,92.86,-11.16,-42.44,51.81,66.13,0.3856,LOW,-,5.772,6.4842,6.1333,1,72.7496,LEADER,24.0498
497,44,HUBB,Hubbell Incorporated,Industrials,Industrial Machinery & Supplies & Components,large,545.62,60.0,0.0118,0.0825,0.0927,STRONG_DOWN,31.1,59.38,38.96,-13.8,54.62,32.91,0.8392,LOW,-,500.843,500.7775,453.1684,1,98.5485,CONTENDER,24.0421
498,53,EBAY,eBay Inc.,Consumer Discretionary,Broadline Retail,large,100.4,66.44,0.0232,0.0579,0.1318,STRONG_DOWN,13.13,55.44,103.79,-20.67,56.22,37.04,0.9252,LOW,-,92.8675,89.7464,88.0061,1,84.1494,CONTENDER,24.0396
499,-68,SGHC,SUPER GROUP LTD,Consumer Discretionary,,mid,10.94,65.07,-0.0143,-0.0031,0.1624,STRONG_DOWN,-18.64,50.98,271.16,-39.53,51.41,47.0,1.1955,MED,SHIFT,10.639,10.2447,11.2692,0,55.7662,LAGGARD,24.0317
500,50,IRM,Iron Mountain,Real Estate,Other Specialized REITs,large,114.03,76.54,0.0432,0.0316,0.182,FLAT,13.7,41.69,62.35,-25.15,55.82,34.8,0.6148,LOW,-,104.198,103.8874,95.4788,1,66.8695,LEADER,24.0207
501,-73,ARR,ARMOUR RESIDENTIAL REIT INC,Financials,,mid,17.78,73.24,0.0155,-0.037,-0.0604,STRONG_UP,23.53,46.51,36.34,-16.79,55.42,28.73,,LOW,-,16.755,17.1392,15.7138,1,89.7202,CONTENDER,24.0175
502,-50,FITB,Fifth Third Bancorp,Financials,Regional Banks,large,49.77,73.94,-0.0019,0.0585,-0.0078,FLAT,20.01,47.01,54.49,-21.21,53.01,32.19,0.4503,LOW,-,46.3991,48.6609,44.9806,1,77.4113,CONTENDER,23.9969
503,-49,OBK,ORIGIN BANCORP INC,Financials,,small,44.92,79.58,0.0154,0.018,0.0979,STRONG_DOWN,35.37,51.26,64.74,-17.09,55.42,27.23,0.8025,LOW,-,42.002,42.5285,38.1279,1,104.331,LEADER,23.9715
504,-2,FSS,FEDERAL SIGNAL CORP,Industrials,,mid,117.22,58.3,0.0133,0.0244,-0.0432,FLAT,0.84,55.99,42.01,-19.04,51.41,31.1,0.8345,LOW,-,109.9925,112.6045,115.4016,1,92.5623,CONTENDER,23.9657
505,-33,MUR,MURPHY OIL CORP,Energy,,mid,37.64,61.8,0.0024,0.0303,-0.1172,FLAT,33.59,96.66,-11.82,-17.26,52.21,53.72,0.5631,LOW,-,39.616,35.6713,29.609,1,93.9429,CONTENDER,23.9502
506,-31,CVI,CVR ENERGY INC,Energy,,mid,30.13,47.19,-0.0388,0.0478,0.0744,STRONG_DOWN,-14.69,69.94,-9.46,-48.21,50.6,62.62,0.5357,LOW,-,32.439,27.6406,30.0054,1,56.5133,LAGGARD,23.8457
507,-12,AX,AXOS FINANCIAL INC,Financials,,mid,93.96,85.21,-0.0019,0.0323,-0.0266,FLAT,16.19,59.34,89.78,-19.04,53.41,36.75,0.3622,LOW,-,86.748,90.346,86.8729,1,86.2339,LEADER,23.791
508,47,IBRX,IMMUNITYBIO INC,Health Care,,mid,7.6,84.38,0.0692,-0.1194,1.7042,FLAT,206.45,173.38,45.04,-42.44,49.4,174.81,0.398,LOW,-,7.6528,7.8804,3.9887,1,48.9963,LEADER,23.7657
509,-10,CF,CF Industries,Materials,Fertilizers & Agricultural Chemicals,large,118.96,58.46,-0.0668,-0.0961,0.408,FLAT,36.39,66.47,59.86,-24.87,57.03,54.42,0.7669,LOW,-,127.1175,112.3502,91.7881,1,69.6624,CONTENDER,23.7473
510,9,EVLV,EVOLV TECHNOLOGIES HOLDINGS INC CL,Information Technology,,small,6.3,63.49,0.0097,0.1582,-0.0446,FLAT,-22.13,85.84,58.29,-44.06,49.0,54.56,0.6747,LOW,-,5.8848,5.5831,6.7329,0,77.093,LAGGARD,23.7004
511,-114,ARI,APOLLO COMMERCIAL REAL ESTATE FINA,Financials,,small,11.07,73.59,0.0184,0.0174,0.0998,FLAT,17.5,46.72,30.13,-10.04,51.81,22.47,0.9418,LOW,-,10.4632,10.3985,9.7506,1,107.7255,CONTENDER,23.6069
512,186,AMZN,Amazon,Consumer Discretionary,Broadline Retail,large,249.02,56.85,0.1114,0.1356,0.0908,FLAT,13.15,38.66,35.62,-21.74,55.02,33.86,1.368,MED,-,215.674,213.5602,225.1565,1,62.8201,CONTENDER,23.6019
513,-26,XOM,ExxonMobil,Energy,Integrated Oil & Gas,large,149.24,33.71,-0.0054,-0.0737,-0.0732,FLAT,35.02,49.73,33.34,-12.96,57.43,29.17,0.7993,LOW,-,160.7975,154.1963,124.0987,1,97.9013,LAGGARD,23.5905
514,3,MRCY,MERCURY SYSTEMS INC,Industrials,,mid,84.09,66.81,0.0175,-0.0307,-0.195,STRONG_UP,9.65,75.08,196.09,-32.19,55.82,65.36,0.638,LOW,-,77.286,82.4706,74.3373,1,64.1196,CONTENDER,23.5581
515,-7,IDCC,INTERDIGITAL INC,Information Technology,,mid,352.32,60.85,-0.0021,-0.077,0.1384,FLAT,-0.79,75.22,273.2,-25.52,53.01,50.02,0.462,LOW,-,324.8188,345.4126,319.6093,1,79.7133,CONTENDER,23.532
516,5,CGEM,CULLINAN THERAPEUTICS INC,Health Care,,small,14.35,67.97,-0.0607,-0.0223,0.3465,STRONG_DOWN,83.27,83.97,-13.29,-36.67,50.6,59.14,1.1121,MED,-,13.927,13.8196,9.8833,1,71.8482,CONTENDER,23.4049
517,7,TEX,TEREX CORP,Industrials,,mid,63.73,71.91,-0.0158,0.0014,0.0104,STRONG_DOWN,22.3,86.81,4.81,-28.29,50.2,55.48,0.291,LOW,-,59.965,62.9082,54.3604,1,78.5448,CONTENDER,23.385
518,-9,AORT,ARTIVION INC,Health Care,,small,37.95,60.55,0.0328,-0.0304,-0.1078,STRONG_UP,-6.6,64.86,86.49,-29.77,53.41,40.84,,LOW,-,36.048,37.2924,40.2736,0,84.8186,LAGGARD,23.33
519,-48,THFF,FIRST FINANCIAL CORPORATION CORP,Financials,,small,66.74,84.15,-0.0058,0.0153,0.0582,STRONG_DOWN,27.97,56.97,102.89,-13.18,50.6,27.7,0.8001,LOW,-,63.2761,63.9175,58.4176,1,104.0618,LEADER,23.2787
520,2,EHAB,ENHABIT INC,Health Care,,small,13.94,65.62,-0.0235,-0.0209,0.2822,STRONG_DOWN,75.13,78.95,33.65,-39.63,52.21,50.63,,LOW,-,13.834,12.9932,9.5553,1,81.4111,CONTENDER,23.2727
521,5,ASTE,ASTEC INDUSTRIES INC,Industrials,,small,61.63,68.51,0.0223,0.0987,0.2234,STRONG_DOWN,38.09,80.77,49.17,-21.86,51.0,41.67,0.6626,LOW,-,55.249,56.6553,47.8312,1,98.8541,CONTENDER,23.2615
522,15,VST,Vistra Corp.,Utilities,Electric Utilities,large,163.97,88.0,0.0606,0.0169,-0.1548,STRONG_UP,-21.54,42.38,143.6,-34.51,52.61,52.09,0.7383,LOW,SHIFT,155.2138,159.7173,179.5302,0,42.806,LAGGARD,23.2387
523,-19,EMR,Emerson Electric,Industrials,Electrical Components & Equipment,large,144.56,54.04,-0.0114,0.0143,-0.0516,FLAT,13.7,46.32,33.88,-23.45,57.83,38.05,0.4032,LOW,-,133.439,141.8054,136.7326,1,70.4016,CONTENDER,23.2242
524,24,BBUC,BROOKFIELD BUSINESS CORP CLASS A,Industrials,,mid,34.61,51.91,0.0175,0.0601,-0.0612,FLAT,-4.06,44.43,67.42,-21.01,54.22,38.42,1.5317,HIGH,-,32.3336,33.6934,33.7854,1,62.7063,CONTENDER,23.2126
525,-28,CFFN,CAPITOL FEDERAL FINANCIAL INC,Financials,,small,7.62,83.45,-0.0053,0.0098,0.1209,STRONG_DOWN,26.76,55.61,64.61,-10.59,51.0,26.69,0.6008,LOW,-,7.2375,7.3004,6.5229,1,106.2545,LEADER,23.1933
526,139,FTRE,FORTREA HOLDINGS INC,Health Care,,small,9.59,73.05,-0.0241,-0.0106,-0.4404,FLAT,-2.34,97.33,-74.79,-51.79,49.4,73.6,0.3838,LOW,-,9.464,10.5732,10.7963,0,65.3242,LAGGARD,23.1904
527,187,NRIX,NURIX THERAPEUTICS INC,Health Care,,small,16.3,60.94,0.0252,0.0167,-0.1314,STRONG_UP,67.7,65.99,5.43,-37.48,44.98,48.8,1.0904,MED,-,15.406,15.7098,13.8084,1,60.8223,CONTENDER,23.093
528,-17,AME,Ametek,Industrials,Electrical Components & Equipment,large,234.36,54.89,-0.0079,0.0207,0.0655,STRONG_DOWN,29.0,47.24,32.61,-13.57,50.6,25.29,0.4694,LOW,-,218.9285,225.3263,200.4078,1,94.5116,CONTENDER,23.0608
529,-43,SRRK,SCHOLAR ROCK HOLDING CORP,Health Care,,mid,49.55,60.16,-0.0288,0.1877,0.1417,FLAT,44.57,63.96,271.72,-34.86,48.59,61.34,1.0518,MED,-,46.368,45.9246,39.4485,1,50.6688,CONTENDER,23.0367
530,74,OSBC,OLD SECOND BANCORP INC,Financials,,small,21.61,76.41,0.0094,0.0217,0.0412,STRONG_DOWN,26.28,48.36,66.44,-12.91,52.61,27.95,1.0115,MED,-,20.3085,20.2186,18.9035,1,91.0318,LEADER,23.0361
531,41,PIPR,PIPER SANDLER COMPANIES,Financials,,mid,87.31,85.92,0.0601,0.1186,-0.056,FLAT,4.63,59.63,95.38,-24.56,53.82,43.6,0.7003,LOW,-,77.4862,77.8991,81.0494,1,73.6117,LEADER,23.0269
532,194,NWE,NORTHWESTERN ENERGY GROUP INC,Utilities,,mid,73.28,78.0,0.0478,0.0827,0.005,FLAT,30.38,33.34,66.02,-13.55,56.63,24.12,1.2624,MED,-,67.4515,67.9919,61.1676,1,78.2744,LEADER,22.9795
533,169,BIIB,Biogen,Health Care,Biotechnology,large,178.96,55.08,-0.0252,-0.0686,0.0129,FLAT,23.69,52.98,-9.07,-14.34,52.21,37.28,1.1791,MED,-,181.4705,186.2194,160.9645,1,74.2024,CONTENDER,22.9121
534,-36,INDB,INDEPENDENT BANK CORP,Financials,,mid,80.04,79.23,-0.0117,-0.0013,0.0485,STRONG_DOWN,20.0,49.94,76.89,-14.3,48.19,25.48,0.8002,LOW,-,76.2097,78.5393,71.4592,1,94.4453,LEADER,22.9008
535,25,OMER,OMEROS CORP,Health Care,,small,11.84,63.67,0.009,0.0198,-0.0543,FLAT,182.58,72.34,250.3,-59.59,46.59,61.38,0.6418,LOW,-,10.9575,11.3124,8.165,1,54.9118,CONTENDER,22.8861
536,18,RCAT,RED CAT HOLDINGS INC,Industrials,,small,12.64,85.11,-0.0553,-0.2592,-0.0754,FLAT,-17.82,120.59,1230.53,-60.08,48.59,120.9,0.5061,LOW,-,13.6962,13.5372,10.8561,1,48.4668,LEADER,22.8419
537,21,GRMN,Garmin,Consumer Discretionary,Consumer Electronics,large,264.48,57.53,0.0322,0.0858,0.3055,STRONG_DOWN,6.08,39.79,92.84,-27.97,58.63,36.52,0.5497,LOW,-,241.7275,234.577,223.4956,1,63.8818,CONTENDER,22.8244
538,48,WWW,WOLVERINE WORLD WIDE INC,Consumer Discretionary,,small,17.19,70.55,0.0085,0.048,-0.0172,FLAT,-31.42,63.28,93.91,-54.62,50.2,51.8,0.4403,LOW,-,16.4383,17.0577,20.9537,0,61.3245,LAGGARD,22.8195
539,-29,NWN,NORTHWEST NATURAL HOLDING COMPANY,Utilities,,mid,54.58,80.0,-0.0003,0.0396,0.0885,STRONG_DOWN,27.17,34.51,67.82,-9.85,57.83,19.93,0.2757,LOW,-,53.6235,51.6722,45.578,1,100.1347,LEADER,22.7685
540,-33,CRVS,CORVUS PHARMACEUTICALS INC,Health Care,,small,15.25,94.53,0.0052,-0.075,1.3553,FLAT,114.49,370.68,937.41,-48.47,49.4,341.17,0.3629,LOW,-,14.4215,16.5881,9.7393,1,53.6728,LEADER,22.7663
541,108,ASO,ACADEMY SPORTS AND OUTDOORS INC,Consumer Discretionary,,mid,58.53,69.86,0.0274,-0.0024,0.1123,FLAT,11.29,60.91,-0.08,-26.42,51.0,42.24,0.6602,LOW,-,54.8868,57.2264,52.3602,1,73.5452,CONTENDER,22.7573
542,103,QCRH,QCR HOLDINGS INC,Financials,,small,90.64,59.51,-0.0066,0.0179,0.0321,STRONG_DOWN,28.09,38.4,64.58,-16.9,53.41,25.75,1.9149,HIGH,-,85.9389,87.7525,80.3977,1,79.6504,CONTENDER,22.7568
543,139,SBH,SALLY BEAUTY HOLDINGS INC,Consumer Discretionary,,small,14.13,82.19,-0.0023,-0.0439,-0.0451,STRONG_UP,-2.55,76.85,36.52,-21.82,51.81,45.8,0.4485,LOW,-,13.8105,14.9298,14.2124,0,86.93,LAGGARD,22.6974
544,-75,L,Loews Corporation,Financials,Multi-line Insurance,large,110.28,44.37,-0.0062,-0.0645,0.0235,FLAT,8.96,28.36,51.01,-7.25,56.63,15.49,0.4449,LOW,-,107.5075,108.6956,101.6632,1,103.6912,LAGGARD,22.6849
545,33,IMKTA,INGLES MARKETS INC CLASS A,Consumer Staples,,small,90.59,83.87,-0.0255,0.0647,0.2544,STRONG_DOWN,25.56,48.6,25.9,-11.7,54.62,25.99,0.7752,LOW,-,89.215,87.0093,73.803,1,102.1299,LEADER,22.6656
546,-64,BANC,BANC OF CALIFORNIA INC,Financials,,mid,18.52,74.3,-0.009,0.011,-0.1301,FLAT,10.41,47.29,40.29,-20.47,54.22,31.44,0.5324,LOW,-,17.6085,18.3846,17.3427,1,81.5557,CONTENDER,22.6526
547,91,ALGT,ALLEGIANT TRAVEL,Industrials,,small,89.85,77.02,0.0152,0.1316,0.0008,FLAT,47.2,99.22,49.46,-34.96,47.79,64.52,0.9115,LOW,-,82.3515,91.6398,73.646,1,73.4952,LEADER,22.5956
548,-16,ETR,Entergy,Utilities,Electric Utilities,large,115.57,86.0,0.0172,0.0919,0.1226,STRONG_DOWN,22.34,42.27,140.6,-6.73,53.82,22.85,0.4702,LOW,-,109.6645,105.6339,94.3487,1,99.5627,LEADER,22.5286
549,13,MSTR,MicroStrategy,Technology,Computer Software,large,137.41,12.5,0.0681,-0.0248,-0.0115,FLAT,-56.44,-55.78,2.86,-76.53,46.59,92.23,0.9034,LOW,SHIFT,131.6555,132.4604,245.6835,0,-28.1757,WEAK,22.4727
550,63,PENG,PENGUIN SOLUTIONS INC,Information Technology,,small,25.72,53.44,0.1413,0.4107,0.288,FLAT,15.23,50.67,36.3,-44.57,51.81,57.02,1.7602,HIGH,-,19.5285,19.1948,21.6805,1,46.0436,CONTENDER,22.4535
551,80,HTB,HOMETRUST BANCSHARES INC,Financials,,small,45.08,58.1,-0.0053,-0.0128,0.0042,FLAT,16.13,37.82,91.56,-9.67,51.81,24.28,1.6001,HIGH,-,43.171,43.2135,41.3539,1,80.7097,CONTENDER,22.4481
552,9,GNL,GLOBAL NET LEASE INC,Real Estate,,mid,9.49,75.31,-0.0103,-0.0277,0.0087,FLAT,30.48,38.99,77.26,-13.05,47.39,20.68,0.8746,LOW,-,9.2466,9.3326,8.0332,1,89.3524,LEADER,22.4294
553,16,CCNE,CNB FINANCIAL CORP,Financials,,small,30.88,80.99,-0.0074,0.0459,0.1484,STRONG_DOWN,31.16,52.36,72.22,-13.55,49.0,25.85,0.6806,LOW,-,29.163,28.7856,25.865,1,99.254,LEADER,22.392
554,-8,SBCF,SEACOAST BANKING OF FLORIDA,Financials,,mid,32.37,74.65,-0.0016,-0.0074,-0.044,STRONG_UP,7.18,47.32,53.42,-16.26,50.6,29.4,0.6476,LOW,-,30.572,31.6322,30.6701,1,81.4337,CONTENDER,22.3677
555,68,GPGI,GPGI INC CLASS A,Information Technology,,mid,16.78,58.2,-0.0294,-0.0655,-0.206,STRONG_UP,-15.58,60.59,217.29,-38.22,53.82,62.68,0.6771,LOW,EARLY,17.0555,20.2457,19.4244,0,52.0286,LAGGARD,22.3347
556,-31,DG,Dollar General,Consumer Staples,Consumer Staples Merchandise Retail,large,119.59,75.81,-0.0177,-0.0922,-0.2499,STRONG_UP,18.45,37.98,-13.46,-25.58,50.2,33.52,0.8152,LOW,EARLY,120.6771,136.6651,119.7048,0,56.884,LAGGARD,22.301
557,-43,WFC,Wells Fargo,Financials,Diversified Banks,large,81.7,47.18,-0.0456,-0.0025,-0.1737,FLAT,4.58,29.34,50.08,-22.75,55.42,32.58,1.8295,HIGH,PROGRESS,80.3185,83.2828,83.8851,0,49.902,WEAK,22.2151
558,-28,PFS,PROVIDENT FINANCIAL SERVICES INC,Financials,,mid,22.33,82.04,0.0018,0.0159,0.0935,STRONG_DOWN,21.01,52.85,76.64,-14.49,50.2,29.59,0.6999,LOW,-,21.188,21.7032,19.6415,1,89.6537,LEADER,22.1687
559,12,IRON,DISC MEDICINE INC,Health Care,,mid,70.48,62.5,0.0439,0.1144,-0.0582,FLAT,-2.06,70.61,130.93,-40.55,54.62,74.51,0.4989,LOW,SHIFT,63.3002,65.7759,70.7857,0,51.7629,LAGGARD,22.1366
560,55,JXN,JACKSON FINANCIAL INC CLASS A,Financials,,mid,105.06,77.82,-0.0352,-0.066,-0.1116,STRONG_UP,11.88,49.23,75.49,-16.31,56.63,36.3,0.5271,LOW,-,104.353,108.9716,100.0343,1,76.806,LEADER,22.1164
561,14,FOXA,Fox Corporation (Class A),Communication Services,Broadcasting,large,63.41,72.73,0.0424,0.0788,-0.1225,FLAT,9.67,27.88,113.34,-28.89,57.83,31.12,0.5485,LOW,-,59.3575,59.3275,61.8534,1,51.8014,CONTENDER,22.1046
562,56,BHRB,BURKE HERBERT FINANCIAL SERVICES C,Financials,,small,65.89,55.63,0.0122,-0.0298,-0.0096,FLAT,13.02,36.17,36.83,-13.49,52.21,25.11,2.4164,HIGH,-,62.704,64.7279,62.3103,1,75.2091,CONTENDER,22.0211
563,-47,BKV,BKV CORP,Energy,,mid,26.44,40.45,0.0047,-0.0984,-0.2454,STRONG_UP,26.45,58.13,46.89,-19.71,54.22,39.51,0.7184,LOW,-,28.4725,29.3958,25.3306,1,79.7779,LAGGARD,22.0071
564,-12,SRCE,1ST SOURCE CORP,Financials,,small,74.25,65.85,0.0035,0.0137,0.1273,STRONG_DOWN,27.18,40.98,60.65,-11.84,51.81,20.63,0.8791,LOW,-,69.9645,69.2912,63.8036,1,102.9124,CONTENDER,22.0045
565,28,CCL,Carnival,Consumer Discretionary,"Hotels, Resorts & Cruise Lines",large,28.69,69.18,0.0095,0.1202,-0.0076,FLAT,2.61,60.13,105.0,-29.3,51.81,59.12,0.7897,LOW,SHIFT,25.898,28.3744,28.8667,0,52.6913,LAGGARD,21.9604
566,-72,WSR,WHITESTONE REIT,Real Estate,,small,18.92,82.72,0.0941,0.1198,0.3164,STRONG_DOWN,63.59,49.92,86.09,-12.73,52.61,30.85,1.3647,MED,-,16.8415,15.8491,13.4891,1,85.1346,LEADER,21.9531
567,23,AEP,American Electric Power,Utilities,Electric Utilities,large,135.46,74.0,0.0144,0.0131,0.0606,FLAT,17.81,31.21,79.67,-8.32,52.61,17.84,0.9022,LOW,-,131.6425,129.6936,116.803,1,92.0516,CONTENDER,21.9324
568,-34,HE,HAWAIIAN ELECTRIC INDUSTRIES INC,Utilities,,mid,15.27,92.0,-0.0084,0.0365,-0.0037,FLAT,38.69,47.11,43.25,-17.68,54.62,33.24,0.335,LOW,-,14.9525,15.4678,12.7659,1,77.4109,LEADER,21.9247
569,171,KURA,KURA ONCOLOGY INC,Health Care,,small,9.14,54.69,0.0202,0.0039,0.0015,STRONG_UP,-7.96,51.58,-51.92,-39.04,50.2,47.98,1.1463,MED,-,8.4495,8.4508,8.7079,1,53.9618,CONTENDER,21.9025
570,110,F,Ford Motor Company,Consumer Discretionary,Automobile Manufacturers,large,12.71,58.22,0.0294,0.045,-0.0187,FLAT,12.62,41.41,17.56,-22.31,51.0,32.39,0.7284,LOW,-,11.7855,12.6857,12.287,1,65.1975,CONTENDER,21.8732
571,8,JPM,JPMorgan Chase,Financials,Diversified Banks,large,311.12,55.28,-0.0004,0.0125,-0.0454,FLAT,2.0,36.05,77.44,-15.47,56.63,25.85,0.7507,LOW,-,294.7964,298.3464,300.4673,1,78.9728,CONTENDER,21.8688
572,-28,PEB,PEBBLEBROOK HOTEL TRUST REIT,Real Estate,,small,14.11,91.36,0.0318,0.1537,0.0777,FLAT,37.22,67.18,-5.23,-16.39,47.79,36.98,0.9993,LOW,-,12.7885,12.5758,11.3911,1,86.8154,LEADER,21.7934
573,57,CWK,CUSHMAN AND WAKEFIELD LTD,Real Estate,,mid,14.05,92.59,0.0149,0.1068,-0.2261,FLAT,-6.58,70.51,46.66,-31.4,50.6,58.74,0.7341,LOW,SHIFT,12.5595,13.2144,14.6568,0,60.7387,LAGGARD,21.7868
574,-17,PLUS,EPLUS,Information Technology,,mid,83.01,50.79,-0.002,0.0279,-0.0516,FLAT,18.68,43.19,9.29,-20.65,50.2,27.43,0.8361,LOW,-,77.5845,79.6843,77.9589,1,79.0384,CONTENDER,21.7739
575,-63,HWC,HANCOCK WHITNEY CORP,Financials,,mid,66.97,66.55,-0.0112,-0.0038,-0.0432,FLAT,12.35,41.75,67.21,-17.45,51.41,26.15,0.6323,LOW,-,64.13,66.3456,62.2802,1,82.0856,CONTENDER,21.7478
576,38,DAWN,DAY ONE BIOPHARMACEUTICALS INC,Health Care,,mid,21.46,85.94,-0.019,-0.0404,1.0356,FLAT,198.47,198.47,54.95,-26.86,46.99,154.03,0.2997,LOW,-,21.417,16.7718,10.2033,1,60.5474,LEADER,21.7351
577,42,CATY,CATHAY GENERAL BANCORP,Financials,,mid,53.86,71.48,0.0077,0.0557,0.0545,FLAT,15.09,44.69,63.08,-12.33,52.21,26.19,0.5819,LOW,-,50.312,50.7855,48.4389,1,89.0809,CONTENDER,21.7311
578,10,TXT,Textron,Industrials,Aerospace & Defense,large,92.65,50.64,-0.0107,-0.064,-0.0521,FLAT,13.4,41.76,-0.25,-14.69,55.42,28.89,0.5032,LOW,-,89.5675,93.3432,86.1476,1,80.1045,CONTENDER,21.7178
579,-15,INVX,INNOVEX INTERNATIONAL INC,Energy,,small,25.92,49.44,0.0456,0.0402,-0.2055,STRONG_UP,47.11,71.54,,-17.91,53.82,43.46,0.3606,LOW,-,25.0185,25.4662,20.964,1,88.5962,LAGGARD,21.703
580,-123,BFC,BANK FIRST CORP,Financials,,small,142.52,72.89,-0.0006,-0.0314,0.1063,FLAT,11.38,46.2,92.5,-14.17,52.61,26.13,0.7958,LOW,-,136.2137,139.2277,128.7887,1,93.024,CONTENDER,21.6968
581,198,META,Meta Platforms,Communication Services,Interactive Media & Services,large,662.49,68.18,0.0712,0.0321,0.0632,FLAT,-7.28,27.43,33.33,-33.3,51.41,44.28,1.0774,MED,SHIFT,594.0895,630.1269,681.0062,0,31.8432,LAGGARD,21.676
582,-8,NIC,NICOLET BANKSHARES INC,Financials,,mid,158.42,80.28,0.0097,-0.0154,0.203,FLAT,21.86,52.11,108.27,-17.88,50.6,34.33,0.5255,LOW,-,148.6775,151.1923,134.8819,1,76.8109,LEADER,21.6416
583,-18,PATK,PATRICK INDUSTRIES INC,Consumer Discretionary,,mid,111.39,58.9,-0.0953,-0.0702,-0.0001,STRONG_DOWN,15.78,42.04,63.61,-27.23,45.78,37.74,1.5557,HIGH,-,112.382,122.2052,110.3762,1,50.9931,CONTENDER,21.6387
584,43,GEF,GREIF INC CLASS A,Materials,,mid,68.48,47.69,-0.0286,-0.0392,-0.0731,STRONG_UP,19.94,38.26,16.14,-18.03,49.4,23.61,0.4844,LOW,-,66.8785,69.8984,65.0712,1,80.063,LAGGARD,21.6202
585,21,AVAV,AEROVIRONMENT INC,Industrials,,mid,194.52,48.94,0.0174,-0.1545,-0.5086,STRONG_UP,-52.54,38.94,33.12,-56.82,51.0,82.21,0.5448,LOW,PROGRESS,193.325,223.992,274.9394,0,24.1587,WEAK,21.6201
586,-9,IMAX,IMAX CORP,Communication,,mid,36.83,66.67,-0.0668,-0.1624,-0.0293,FLAT,18.46,70.04,125.54,-16.18,51.41,43.55,0.8398,LOW,-,37.9345,38.109,33.5624,1,82.6774,CONTENDER,21.6154
587,-4,REGN,Regeneron Pharmaceuticals,Health Care,Biotechnology,large,755.51,47.27,-0.0458,-0.047,0.0059,FLAT,35.79,36.16,-15.35,-21.43,51.0,26.68,0.8837,LOW,-,753.709,765.9093,670.1119,1,69.1172,LAGGARD,21.5959
588,28,EIX,Edison International,Utilities,Electric Utilities,large,72.37,82.0,-0.0183,0.0071,0.097,STRONG_DOWN,38.53,34.75,18.24,-17.73,55.82,26.7,0.4724,LOW,-,71.9162,70.3865,58.5035,1,72.6415,LEADER,21.5617
589,155,CRSP,CRISPR THERAPEUTICS AG,Health Care,,mid,56.86,51.56,0.0789,0.1312,0.0213,FLAT,-16.74,45.98,-3.17,-42.25,49.0,67.45,1.0536,MED,-,49.007,51.5984,56.4214,1,33.4043,CONTENDER,21.561
590,15,CTRE,CARETRUST REIT INC,Real Estate,,mid,39.35,79.01,-0.009,-0.0427,-0.0054,FLAT,22.0,44.25,81.71,-12.25,57.03,29.8,0.6141,LOW,-,37.9168,38.6784,35.0928,1,84.6852,LEADER,21.5456
591,12,SHOP,Shopify,Technology,Computer Software,large,117.64,62.5,-0.0656,-0.028,-0.1491,FLAT,-23.44,40.2,71.56,-38.18,51.41,62.01,0.7476,LOW,PROGRESS,117.6275,120.3882,141.2256,0,33.3264,LAGGARD,21.476
592,-3,TCBK,TRICO BANCSHARES,Financials,,small,50.48,66.9,-0.0042,-0.0088,0.0074,FLAT,21.24,41.78,65.1,-12.37,52.21,23.15,0.874,LOW,-,48.0595,48.7753,45.5852,1,94.2245,CONTENDER,21.4615
593,16,SLAB,SILICON LABORATORIES INC,Information Technology,,mid,211.06,74.6,-0.0201,-0.0313,0.4527,FLAT,63.55,130.41,69.7,-24.37,51.81,100.25,0.3834,LOW,-,208.1365,203.3844,152.5051,1,67.3994,CONTENDER,21.4404
594,43,AES,AES Corporation,Utilities,Independent Power Producers & Energy Traders,large,14.4,94.0,0.0088,0.0174,-0.0697,FLAT,2.19,48.24,-1.38,-23.27,52.61,46.53,0.411,LOW,-,14.214,14.9598,13.7486,1,54.5391,LEADER,21.4334
595,150,FTDR,FRONTDOOR INC,Consumer Discretionary,,mid,59.56,63.7,0.0305,-0.1136,0.0579,FLAT,-8.65,48.71,97.15,-29.23,53.41,48.89,1.0016,MED,SHIFT,56.869,59.2066,59.6335,0,53.2179,LAGGARD,21.4155
596,24,VTR,Ventas,Real Estate,Health Care REITs,large,85.34,69.14,-0.0086,-0.0557,0.0507,FLAT,28.11,29.37,114.04,-10.89,51.81,18.0,0.4573,LOW,-,83.4166,83.8927,74.1341,1,84.5331,CONTENDER,21.4029
597,-12,LILAK,LIBERTY LATIN AMERICA LTD CLASS C,Communication,,small,8.28,62.5,-0.044,-0.0607,0.0845,FLAT,4.81,58.02,13.74,-22.55,51.81,35.85,0.3478,LOW,-,8.3655,8.1216,7.871,1,83.843,CONTENDER,21.4009
598,-62,UVE,UNIVERSAL INSURANCE HOLDINGS INC,Financials,,small,34.14,82.39,-0.0231,-0.088,0.0995,FLAT,18.76,53.59,90.31,-18.95,52.21,33.78,0.5675,LOW,-,33.9795,33.289,29.4622,1,82.8237,LEADER,21.3651
599,-3,CBOE,Cboe Global Markets,Financials,Financial Exchanges & Data,large,300.75,59.86,0.0024,-0.0503,0.0799,FLAT,23.82,38.72,72.53,-10.32,54.22,24.42,0.718,LOW,-,287.792,286.3583,256.4364,1,85.9609,CONTENDER,21.343
600,1,TILE,INTERFACE INC,Industrials,,small,27.62,53.62,0.0291,-0.0578,-0.133,STRONG_UP,3.99,46.14,79.81,-29.88,49.8,31.73,0.8583,LOW,-,25.7443,29.0309,27.2712,1,72.4104,CONTENDER,21.3417
601,341,TWST,TWIST BIOSCIENCE CORP,Health Care,,mid,57.41,51.17,0.1023,0.2324,0.4366,STRONG_DOWN,90.48,45.34,96.34,-39.86,49.8,72.82,2.2535,HIGH,-,47.903,47.9482,35.9981,1,31.0082,CONTENDER,21.2986
602,-59,USAR,USA RARE EARTH INC CLASS A,Materials,,mid,16.99,36.92,0.0038,-0.1968,-0.0236,FLAT,-56.08,25.67,61.66,-69.23,45.38,112.59,0.4396,LOW,PROGRESS,16.3807,18.6612,17.4175,0,10.3447,WEAK,21.2695
603,-150,UFCS,UNITED FIRE GROUP INC,Financials,,small,39.32,75.35,-0.0009,-0.0263,0.0678,FLAT,29.75,47.83,91.13,-9.43,53.41,27.6,0.7028,LOW,-,37.692,37.7722,33.5335,1,92.5572,LEADER,21.2669
604,-4,ENSG,ENSIGN GROUP INC,Health Care,,large,198.45,55.86,-0.0509,-0.0974,0.1252,FLAT,12.19,53.96,67.76,-12.76,53.01,35.45,0.6066,LOW,-,201.5131,204.0728,178.5868,1,80.6831,CONTENDER,21.2434
605,52,LYB,LyondellBasell,Materials,Specialty Chemicals,large,73.25,50.77,-0.0228,-0.038,0.4882,FLAT,64.84,41.15,-15.33,-35.45,47.79,54.39,0.7405,LOW,-,76.2115,66.1441,53.0699,1,36.1592,CONTENDER,21.2128
606,-24,SMBC,SOUTHERN MISSOURI BANCORP INC,Financials,,small,66.86,62.32,-0.0166,-0.0014,0.0722,STRONG_DOWN,33.44,40.07,72.27,-17.68,52.21,25.75,1.2725,MED,-,64.1465,63.7785,57.817,1,81.2351,CONTENDER,21.2118
607,28,DOW,Dow Inc.,Materials,Commodity Chemicals,large,39.16,53.85,-0.0128,0.0198,0.4573,STRONG_DOWN,87.73,50.94,-22.58,-32.02,47.39,50.86,0.8776,LOW,-,39.309,34.9779,26.5555,1,47.4637,CONTENDER,21.1999
608,-73,AMR,ALPHA METALLURGICAL RESOURCE INC,Materials,,mid,186.86,55.38,-0.0719,-0.0706,-0.2659,FLAT,11.42,58.34,-42.47,-34.85,50.2,54.52,0.6136,LOW,-,202.5905,191.697,171.4523,1,53.7196,CONTENDER,21.1877
609,-10,EVRG,Evergy,Utilities,Electric Utilities,large,81.92,64.0,-0.0099,-0.0153,0.0073,FLAT,7.6,25.26,76.16,-8.01,59.84,16.97,0.8042,LOW,-,81.73,81.0009,74.5887,1,89.0638,CONTENDER,21.1466
610,71,SYNA,SYNAPTICS INC,Information Technology,,mid,76.76,56.08,-0.0126,-0.0362,-0.0898,STRONG_UP,16.43,55.48,-12.71,-29.31,50.2,49.07,0.9795,LOW,-,73.0305,78.3264,72.9883,1,56.7566,CONTENDER,21.1409
611,-91,TEAM,Atlassian,Technology,Computer Software,large,59.71,0.0,-0.1065,-0.1735,-0.4186,STRONG_UP,-60.03,-71.19,-68.88,-75.13,44.98,66.87,1.0117,MED,EARLY,67.2725,76.9876,143.0529,0,-47.8854,WEAK,21.14
612,5,WYNN,Wynn Resorts,Consumer Discretionary,Casinos & Gaming,large,105.59,59.59,-0.0119,0.0088,-0.0286,FLAT,-5.76,42.26,8.37,-27.27,49.0,38.6,0.8479,LOW,PROGRESS,101.9405,105.8664,115.1104,0,53.6502,LAGGARD,21.14
613,-45,WSFS,WSFS FINANCIAL CORP,Financials,,mid,69.24,76.06,-0.0019,0.0236,0.1949,STRONG_DOWN,31.39,48.29,67.31,-14.91,51.41,29.6,0.5051,LOW,-,65.8735,65.8565,58.1977,1,83.8684,LEADER,21.1276
614,8,MIAX,MIAMI INTERNATIONAL HOLDINGS INC,Financials,,mid,42.91,61.62,0.0059,0.0063,-0.0259,FLAT,-0.46,39.59,39.59,-26.79,54.82,32.18,0.8121,LOW,-,40.0195,40.5864,,0,67.4434,LAGGARD,21.1182
615,48,SIG,SIGNET JEWELERS LTD,Consumer Discretionary,,mid,93.38,73.97,0.0182,0.0736,0.1206,STRONG_DOWN,-6.43,70.19,0.48,-25.69,51.81,52.16,0.6933,LOW,-,88.0105,91.0258,90.4136,1,69.7142,CONTENDER,21.0853
616,-83,UCB,UNITED COMMUNITY BANKS INC,Financials,,mid,33.81,70.07,-0.0001,0.0501,-0.0016,FLAT,9.11,42.38,44.99,-17.95,52.21,28.72,0.6734,LOW,-,31.815,32.6008,31.3938,1,77.0495,CONTENDER,21.0491
617,7,PRDO,PERDOCEO EDUCATION CORP,Consumer Discretionary,,mid,35.03,55.48,-0.061,-0.0307,0.1779,STRONG_DOWN,2.55,37.61,116.15,-27.22,51.81,27.99,0.6555,LOW,-,36.2985,34.1667,32.1696,1,69.613,CONTENDER,21.0301
618,21,PSKY,Paramount Skydance Corporation,Communication Services,Movies & Entertainment,large,11.08,40.91,0.0135,0.1426,-0.0752,FLAT,-34.62,3.66,5.2,-55.05,47.79,65.86,0.7002,LOW,SHIFT,9.6555,10.3968,13.4876,0,2.6535,WEAK,21.0253
619,-12,SOC,SABLE OFFSHORE CORP CLASS A,Energy,,mid,12.76,0.0,-0.0307,-0.2319,0.0163,FLAT,-31.43,-35.46,17.39,-87.52,46.59,121.51,0.6318,LOW,-,15.6385,12.524,15.6324,0,-13.5954,WEAK,21.0249
620,-105,GRDN,GUARDIAN PHARMACY SERVICES INC CLA,Health Care,,mid,37.79,59.38,-0.0759,0.1045,0.2181,STRONG_DOWN,57.46,62.05,136.19,-25.83,54.62,48.06,,LOW,-,37.2115,34.7894,28.612,1,70.5193,CONTENDER,21.0014
621,170,ESQ,ESQUIRE FINANCIAL HOLDINGS INC,Financials,,small,113.53,72.18,-0.0231,-0.0525,0.0382,FLAT,13.43,45.07,154.99,-15.42,55.02,37.2,1.988,HIGH,-,109.1655,107.8939,102.3661,1,66.6635,CONTENDER,20.9999
622,24,PCAR,Paccar,Industrials,Construction Machinery & Heavy Transportation Equipment,large,125.43,52.34,-0.0147,0.0129,0.0098,FLAT,37.07,44.84,13.45,-14.07,45.38,26.26,0.9735,LOW,-,118.0235,121.6378,106.5146,1,77.4888,CONTENDER,20.9751
623,3,TALK,TALKSPACE INC,Health Care,,small,5.17,68.36,-0.018,-0.0393,0.3082,FLAT,77.05,85.97,61.56,-33.43,47.79,59.18,0.246,LOW,-,5.157,4.7626,3.4536,1,69.4249,CONTENDER,20.934
624,-29,EQIX,Equinix,Real Estate,Data Center REITs,large,1057.37,71.6,0.0163,0.0451,0.261,STRONG_DOWN,32.65,37.38,48.4,-19.63,53.01,28.88,0.774,LOW,-,993.294,949.1068,819.2109,1,68.6202,CONTENDER,20.8689
625,31,RRR,RED ROCK RESORTS ORS CLASS A INC,Consumer Discretionary,,mid,57.6,63.01,-0.0059,-0.044,0.0062,FLAT,5.62,47.55,3.49,-20.3,54.22,34.14,,LOW,PROGRESS,56.5255,59.2511,58.0151,0,75.5227,LAGGARD,20.8684
626,3,ETN,Eaton Corporation,Industrials,Electrical Components & Equipment,large,401.9,54.47,0.0192,0.0413,0.1698,STRONG_DOWN,7.4,46.41,30.35,-19.36,53.41,35.15,0.6573,LOW,-,370.985,368.9103,358.0284,1,70.5215,CONTENDER,20.8417
627,35,SNCY,SUN COUNTRY AIRLINES HOLDINGS INC,Industrials,,small,17.97,67.66,0.0049,0.0778,0.0102,FLAT,61.6,77.57,25.66,-28.85,49.0,51.65,0.3975,LOW,-,16.793,18.1556,14.3834,1,73.5893,CONTENDER,20.8272
628,26,CPRI,CAPRI HOLDINGS LTD,Consumer Discretionary,,mid,19.77,61.64,0.0018,0.0364,-0.1814,FLAT,-1.05,46.44,-49.73,-39.3,50.2,49.5,0.7443,LOW,SHIFT,18.4785,19.3204,21.3077,0,47.1012,LAGGARD,20.8177
629,-32,SFL,SFL LTD,Energy,,small,10.76,35.96,0.0117,0.0444,0.0543,STRONG_DOWN,58.26,51.2,-0.89,-27.85,53.01,31.75,0.5255,LOW,-,10.691,10.3166,8.5953,1,85.4907,LAGGARD,20.81
630,-9,MNST,Monster Beverage,Consumer Staples,Soft Drinks & Non-alcoholic Beverages,large,75.07,67.74,0.0101,-0.0089,-0.0872,STRONG_UP,11.79,28.02,38.74,-17.7,55.42,24.85,0.9217,LOW,-,73.795,78.0142,70.9159,1,62.4861,CONTENDER,20.7885
631,-65,ATO,Atmos Energy,Utilities,Gas Utilities,large,188.16,56.0,0.0009,0.0051,0.0134,STRONG_DOWN,8.4,23.09,74.42,-7.2,59.84,14.63,0.2184,LOW,-,185.8535,182.2632,169.507,1,94.4235,CONTENDER,20.7679
632,4,DDOG,Datadog,Information Technology,Application Software,large,110.57,39.68,-0.0743,-0.1889,-0.1081,FLAT,-32.66,19.47,-12.12,-48.62,46.59,66.14,0.7158,LOW,EARLY,119.3225,119.2945,138.7429,0,13.7153,WEAK,20.7256
633,25,ACAD,ACADIA PHARMACEUTICALS INC,Health Care,,mid,22.02,51.95,-0.0439,-0.0157,-0.1603,FLAT,9.77,46.9,30.37,-27.58,48.19,42.09,1.1635,MED,PROGRESS,21.5735,22.5444,23.7185,0,53.6947,LAGGARD,20.7214
634,67,ORC,ORCHID ISLAND CAPITAL INC,Financials,,small,7.3,63.38,0.0063,-0.0591,-0.0718,STRONG_UP,11.96,40.41,31.26,-15.79,49.0,24.09,0.6535,LOW,-,7.0116,7.1775,6.7543,1,82.2018,CONTENDER,20.7159
635,-62,DX,DYNEX CAPITAL REIT INC,Financials,,mid,13.25,50.7,0.0026,-0.0571,-0.0713,STRONG_UP,8.57,32.15,52.73,-15.27,53.41,22.52,0.5022,LOW,-,12.7582,13.2301,12.4928,1,76.239,CONTENDER,20.7049
636,-105,SWBI,SMITH WESSON BRANDS INC,Consumer Discretionary,,small,14.85,74.66,-0.0118,0.0364,0.4718,STRONG_DOWN,50.71,70.49,-1.03,-27.81,49.8,44.87,0.9372,LOW,-,14.5559,13.1227,10.0892,1,78.2307,CONTENDER,20.6832
637,30,MIR,MIRION TECHNOLOGIES INC CLASS A,Information Technology,,mid,19.76,50.26,-0.0423,0.0096,-0.2487,FLAT,-19.12,41.75,88.73,-41.78,53.82,51.45,0.4827,LOW,PROGRESS,18.978,20.7182,22.8602,0,43.6736,LAGGARD,20.6812
638,-10,FBK,FB FINANCIAL CORP,Financials,,mid,54.7,57.75,-0.0321,-0.0193,-0.099,FLAT,-2.19,37.65,62.86,-17.08,54.22,31.01,1.3784,MED,-,52.951,55.0845,53.9383,1,65.8305,CONTENDER,20.6379
639,115,WRBY,WARBY PARKER INC CLASS A,Consumer Discretionary,,mid,23.14,67.12,0.0723,-0.0314,-0.1422,STRONG_UP,4.14,56.56,77.59,-42.26,49.0,77.18,0.8347,LOW,PROGRESS,22.0235,23.378,23.7867,0,35.9106,LAGGARD,20.6269
640,269,QUBT,QUANTUM COMPUTING INC,Information Technology,,small,8.11,38.62,0.1489,0.0448,-0.2953,STRONG_UP,-62.21,18.74,975.6,-74.37,46.59,86.83,1.8095,HIGH,-,7.064,7.7897,13.3303,0,10.0557,WEAK,20.5682
641,-57,TMP,TOMPKINS FINANCIAL CORP,Financials,,small,84.32,81.69,-0.0092,0.0526,0.1069,STRONG_DOWN,33.74,52.71,106.33,-13.03,51.41,30.31,0.7317,LOW,-,78.939,79.4608,70.6309,1,89.406,LEADER,20.5614
642,0,TTD,Trade Desk (The),Communication Services,Advertising,large,21.02,0.0,0.0275,-0.2608,-0.4267,STRONG_UP,-59.01,-57.31,-74.05,-77.62,49.4,62.86,0.6616,LOW,EARLY,22.1175,24.7065,44.9526,0,-45.0393,WEAK,20.5244
643,5,ADNT,ADIENT PLC,Consumer Discretionary,,small,20.53,89.04,-0.0253,-0.001,0.0215,STRONG_DOWN,-8.88,88.52,-29.67,-31.19,47.79,56.7,0.3847,LOW,-,20.3895,22.3424,22.1077,0,74.611,LAGGARD,20.4957
644,-68,ASB,ASSOCIATED BANCORP,Financials,,mid,27.52,71.13,0.0006,0.0388,0.0175,FLAT,10.48,44.13,46.31,-16.37,49.8,28.84,0.7408,LOW,-,25.83,26.5136,25.6217,1,76.2076,CONTENDER,20.4747
645,-53,MBWM,MERCANTILE BANK CORP,Financials,,small,53.53,60.56,-0.0006,-0.0121,0.0582,FLAT,20.61,39.24,61.06,-12.91,50.6,25.71,1.327,MED,-,51.0355,51.8563,47.8523,1,77.2296,CONTENDER,20.4021
646,169,ARRY,ARRAY TECHNOLOGIES INC,Industrials,,small,7.49,70.64,0.0029,0.0528,-0.2942,FLAT,-14.79,84.48,-38.3,-44.31,51.0,93.19,1.0692,MED,-,7.1405,8.534,8.3763,0,46.2348,LAGGARD,20.3697
647,87,CAKE,CHEESECAKE FACTORY INC,Consumer Discretionary,,mid,61.26,50.68,0.0504,-0.0064,0.0945,FLAT,15.13,32.9,90.67,-36.39,53.82,37.15,0.887,LOW,-,56.802,59.8113,56.6144,1,47.6616,CONTENDER,20.3694
648,-23,BY,BYLINE BANCORP INC,Financials,,small,33.34,67.61,-0.0031,0.011,0.0769,STRONG_DOWN,25.8,41.98,70.15,-12.64,53.01,24.11,0.4614,LOW,-,31.68,31.9402,29.0884,1,92.3024,CONTENDER,20.2848
649,-51,BALL,Ball Corporation,Materials,"Metal, Glass & Plastic Containers",large,63.51,44.62,0.014,-0.0458,0.1126,FLAT,35.97,35.38,1.04,-21.96,51.81,30.14,0.5114,LOW,-,60.2795,62.9295,54.6313,1,60.8233,LAGGARD,20.2506
650,-59,STEL,STELLAR BANCORP INC,Financials,,small,37.44,78.52,-0.0069,-0.0275,0.1404,FLAT,24.46,49.52,70.76,-11.68,51.81,30.46,0.5182,LOW,-,36.497,37.2139,32.2056,1,84.224,LEADER,20.2206
651,-64,SWX,SOUTHWEST GAS HOLDINGS INC,Utilities,,mid,91.38,72.0,0.0138,0.0384,0.0127,FLAT,20.08,29.53,34.85,-10.94,53.41,19.02,0.415,LOW,-,88.1435,87.1062,80.5382,1,82.9238,CONTENDER,20.2131
652,-50,DCOM,DIME COMMUNITY BANCSHARES INC,Financials,,small,36.19,77.46,0.0027,0.044,0.1769,STRONG_DOWN,25.77,48.96,112.73,-18.15,51.41,30.42,0.6868,LOW,-,34.0115,33.9008,30.2259,1,82.7365,LEADER,20.1928
653,-94,FIBK,FIRST INTERSTATE BANCSYSTEM INC,Financials,,mid,34.25,66.2,-0.0044,-0.05,-0.1007,STRONG_UP,12.71,41.08,55.92,-16.87,49.4,29.34,0.6569,LOW,-,33.3805,34.9764,32.5551,1,69.1724,CONTENDER,20.14
654,10,KRG,KITE REALTY GROUP TRUST REIT,Real Estate,,mid,25.65,70.37,0.0094,-0.0168,0.0418,FLAT,21.98,30.21,41.69,-9.27,51.41,18.23,0.6761,LOW,-,24.625,24.9037,22.6371,1,85.186,CONTENDER,20.1245
655,0,HIMS,HIMS HERS HEALTH INC CLASS A,Health Care,,mid,21.36,8.98,0.0819,-0.1866,-0.3291,STRONG_UP,-60.97,-27.49,61.57,-78.06,44.18,117.18,0.4786,LOW,SHIFT,20.931,19.854,38.704,0,-10.3663,WEAK,20.1205
656,13,ORRF,ORRSTOWN FINANCIAL SERVICES INC,Financials,,small,38.45,75.7,0.0003,0.0313,0.0294,FLAT,18.48,48.03,63.23,-13.19,49.8,29.05,0.4439,LOW,-,36.2445,36.5445,34.7463,1,82.3313,LEADER,20.0775
657,-24,GLNG,GOLAR LNG LTD,Energy,,mid,52.99,30.34,0.0055,0.1613,0.108,FLAT,35.79,46.47,125.4,-21.95,53.01,34.23,0.3599,LOW,-,53.134,47.6589,41.4016,1,71.9636,LAGGARD,20.0704
658,14,TROX,TRONOX HOLDINGS PLC,Materials,,small,9.28,64.62,0.0088,0.3212,0.6492,STRONG_DOWN,161.35,87.96,-36.81,-51.47,49.8,84.55,0.5056,LOW,-,8.733,7.7993,5.1972,1,51.8099,CONTENDER,20.0684
659,34,AXON,Axon Enterprise,Industrials,Aerospace & Defense,large,380.86,3.83,-0.0519,-0.2947,-0.4495,STRONG_UP,-46.36,-34.16,25.57,-60.28,52.61,70.88,1.3884,MED,EARLY,430.4615,462.3746,625.3715,0,-25.3513,WEAK,20.0078
660,-9,MCRI,MONARCH CASINO AND RESORT INC,Consumer Discretionary,,small,99.01,51.37,-0.0097,-0.0352,0.1441,FLAT,4.42,33.41,44.34,-17.47,53.82,21.78,0.7457,LOW,-,97.4105,96.7999,96.6787,1,82.5643,CONTENDER,19.9855
661,96,GATX,GATX CORP,Industrials,,mid,196.08,45.96,0.0356,0.1005,0.0754,FLAT,15.74,35.12,56.08,-16.74,54.62,24.72,0.632,LOW,-,175.0945,180.814,168.18,1,77.598,LAGGARD,19.9327
662,-19,TARS,TARSUS PHARMACEUTICALS INC,Health Care,,mid,73.81,54.3,0.0071,0.0282,-0.0178,FLAT,4.93,50.26,111.25,-26.34,51.41,43.28,0.5006,LOW,-,68.8338,68.9603,64.5762,1,59.7067,CONTENDER,19.93
663,3,SLB,Schlumberger,Energy,Oil & Gas Equipment & Services,large,51.49,38.2,0.0322,0.1253,-0.132,FLAT,61.77,57.18,5.42,-14.3,49.0,37.52,0.5598,LOW,-,50.2815,49.7509,39.7895,1,74.6752,LAGGARD,19.924
664,9,FOX,Fox Corporation (Class B),Communication Services,Broadcasting,large,56.82,63.64,0.0324,0.0658,-0.1339,FLAT,9.96,23.9,108.18,-26.77,55.02,29.19,0.5911,LOW,-,53.4892,53.7657,55.8391,1,45.0454,CONTENDER,19.9221
665,53,VAC,MARRIOTT VACATIONS WORLDWIDE CORP,Consumer Discretionary,,mid,67.69,52.05,-0.0082,-0.0137,0.138,FLAT,6.91,33.87,-24.51,-45.84,51.0,55.94,0.6443,LOW,-,68.1635,63.599,64.7944,1,30.8812,CONTENDER,19.9033
666,9,RNST,RENASANT CORP,Financials,,mid,39.8,72.54,0.0124,0.0424,0.0833,STRONG_DOWN,13.89,46.12,45.24,-17.19,50.2,30.34,0.5734,LOW,-,36.7995,37.9447,36.5945,1,76.3096,CONTENDER,19.8506
667,52,ES,Eversource Energy,Utilities,Electric Utilities,large,69.01,60.0,-0.0051,-0.0567,-0.0931,STRONG_UP,-0.63,24.54,29.93,-15.13,57.83,22.51,,LOW,-,69.155,70.7799,67.4954,1,63.0514,CONTENDER,19.8349
668,42,HGV,HILTON GRAND VACATIONS INC,Consumer Discretionary,,mid,47.58,60.96,0.0909,0.1111,0.0542,FLAT,14.35,43.75,8.88,-28.48,50.6,40.09,0.6907,LOW,-,41.7655,44.0224,44.3671,1,55.2148,CONTENDER,19.7884
669,91,TGT,Target Corporation,Consumer Staples,Consumer Staples Merchandise Retail,large,119.53,70.97,-0.0187,0.0428,0.0695,STRONG_DOWN,39.99,35.76,-21.91,-20.27,53.82,31.37,0.6798,LOW,-,118.633,116.8261,100.3104,1,61.3494,CONTENDER,19.7807
670,135,ZETA,ZETA GLOBAL HOLDINGS CORP CLASS A,Information Technology,,mid,16.2,46.03,0.0091,-0.158,-0.3,STRONG_UP,-14.24,35.23,41.36,-40.37,54.22,68.79,1.2238,MED,PROGRESS,16.0745,16.7614,18.2272,0,27.7645,WEAK,19.7676
671,-1,BUSE,FIRST BUSEY CORP,Financials,,mid,26.8,64.08,-0.0061,-0.0137,0.0921,FLAT,20.09,40.57,31.52,-11.82,49.8,25.32,0.4968,LOW,-,25.4575,25.698,23.9584,1,79.8006,CONTENDER,19.7532
672,-159,UNIT,UNITI GROUP INC,Communication,,mid,10.92,54.17,0.0078,0.3187,0.3606,STRONG_DOWN,100.37,42.29,26.27,-44.37,50.6,58.14,0.712,LOW,-,9.1365,8.467,7.2552,1,36.8063,CONTENDER,19.7377
673,-41,EBC,EASTERN BANKSHARES INC,Financials,,mid,20.67,71.83,-0.0121,0.0093,0.0404,STRONG_DOWN,15.02,44.83,74.26,-15.04,50.2,28.52,0.6885,LOW,-,19.6555,20.0933,18.0951,1,78.9027,CONTENDER,19.7194
674,190,A,Agilent Technologies,Health Care,Life Sciences Tools & Services,large,120.39,35.94,0.01,0.0359,-0.1678,FLAT,-12.55,17.71,-12.79,-29.75,51.41,26.04,1.1548,MED,SHIFT,113.8828,119.0839,129.2219,0,34.956,WEAK,19.6949
675,16,ZGN,ERMENEGILDO ZEGNA NV,Consumer Discretionary,,mid,11.54,75.34,0.0303,0.1252,0.1329,STRONG_DOWN,31.74,71.1,7.66,-21.88,49.4,54.01,0.6932,LOW,-,10.411,10.5828,9.7812,1,65.0348,LEADER,19.6706
676,-5,LOB,LIVE OAK BANCSHARES INC,Financials,,small,36.62,82.75,0.02,0.0413,-0.0278,FLAT,2.99,53.91,-1.71,-23.99,50.2,39.64,0.66,LOW,-,33.594,36.2097,34.8021,1,68.2669,LEADER,19.6416
677,-37,COP,ConocoPhillips,Energy,Oil & Gas Exploration & Production,large,118.79,23.6,-0.0121,-0.0438,-0.0193,FLAT,36.1,43.33,-2.94,-13.47,53.01,30.14,0.9683,LOW,-,127.6415,118.2855,98.4117,1,76.2009,LAGGARD,19.6232
678,5,LYV,Live Nation Entertainment,Communication Services,Movies & Entertainment,large,166.28,77.27,0.0061,0.035,0.1513,STRONG_DOWN,8.07,28.92,66.66,-27.84,52.21,35.69,0.4891,LOW,-,155.917,155.5718,151.4928,1,42.3052,LEADER,19.6022
679,57,NMRK,NEWMARK GROUP INC CLASS A,Real Estate,,mid,15.73,83.95,-0.0012,0.0619,-0.1427,FLAT,-9.34,50.76,63.34,-29.08,50.2,47.99,0.5879,LOW,SHIFT,14.859,14.9924,16.3606,0,53.1011,LAGGARD,19.5554
680,-46,MCHB,MECHANICS BANCORP CLASS A,Financials,,mid,14.96,67.96,-0.0271,-0.045,0.0303,FLAT,13.54,41.98,24.72,-9.35,51.0,30.16,1.2918,MED,-,14.6925,14.677,13.5977,1,70.9894,CONTENDER,19.54
681,51,WSM,"Williams-Sonoma, Inc.",Consumer Discretionary,Homefurnishing Retail,large,193.84,56.16,0.0196,0.0225,-0.0032,FLAT,2.7,37.75,38.47,-20.56,51.41,34.69,0.5865,LOW,-,183.3725,195.7082,191.3219,1,55.9417,CONTENDER,19.5306
682,-101,COCO,THE VITA COCO COMPANY INC,Consumer Staples,,mid,49.63,88.71,0.0206,-0.1642,-0.1465,FLAT,24.67,58.16,106.62,-23.23,53.41,55.65,0.7608,LOW,-,51.0455,53.9063,46.0884,1,55.8171,LEADER,19.506
683,5,LMT,Lockheed Martin,Industrials,Aerospace & Defense,large,611.58,45.53,-0.0516,-0.1247,0.0581,FLAT,22.95,33.8,42.31,-15.56,55.42,27.15,0.5494,LOW,-,622.1845,636.1444,514.0368,1,68.9902,LAGGARD,19.4598
684,-43,OXY,Occidental Petroleum,Energy,Oil & Gas Exploration & Production,large,55.38,32.58,-0.0342,-0.0556,0.0365,FLAT,31.93,49.68,-15.74,-18.62,51.0,39.67,0.8256,LOW,-,61.077,54.7401,45.892,1,63.8702,LAGGARD,19.4241
685,19,CASH,PATHWARD FINANCIAL INC,Financials,,mid,96.89,59.15,0.0102,-0.0052,0.2661,FLAT,31.27,38.14,100.06,-20.68,51.41,30.16,0.544,LOW,-,91.4025,91.6219,79.3487,1,65.0076,CONTENDER,19.3997
686,75,D,Dominion Energy,Utilities,Multi-Utilities,large,63.71,58.0,0.0169,0.0079,-0.0217,STRONG_UP,6.16,24.21,45.9,-9.77,53.01,17.9,0.9893,LOW,-,61.9885,62.6083,59.4806,1,71.6836,CONTENDER,19.3785
687,-11,URI,United Rentals,Industrials,Trading Companies & Distributors,large,771.01,43.4,-0.0111,-0.0351,-0.2213,STRONG_UP,-20.54,30.25,17.71,-30.04,55.42,44.97,0.5007,LOW,PROGRESS,741.4775,799.4547,857.8201,0,37.2761,WEAK,19.363
688,-29,TDY,Teledyne Technologies,Information Technology,Electronic Equipment & Instruments,large,647.59,48.15,-0.0427,-0.0595,0.1783,FLAT,14.05,38.19,61.9,-18.39,53.82,32.97,0.6157,LOW,-,628.4855,646.1886,568.1218,1,62.3425,LAGGARD,19.3306
689,212,TMO,Thermo Fisher Scientific,Health Care,Life Sciences Tools & Services,large,527.22,38.67,0.0275,0.0787,-0.1231,FLAT,0.68,19.99,-4.87,-27.31,49.8,28.27,1.1255,MED,-,489.007,505.8146,521.2278,1,35.2157,LAGGARD,19.3185
690,82,TKO,TKO Group Holdings,Communication Services,Movies & Entertainment,large,195.37,81.82,-0.0242,-0.0591,-0.0536,FLAT,4.4,32.37,103.51,-15.92,55.02,37.12,1.461,MED,-,196.2425,203.3535,192.4565,1,47.9821,LEADER,19.2805
691,76,APTV,Aptiv,Consumer Discretionary,Automotive Parts & Equipment,large,59.07,35.62,-0.0425,-0.2157,-0.2684,STRONG_UP,-27.7,16.42,-19.09,-34.34,49.4,43.32,1.1663,MED,EARLY,65.3435,72.4872,76.7199,0,18.7212,WEAK,19.2523
692,-42,LIF,LIFE360 INC,Information Technology,,mid,39.78,34.39,-0.1187,-0.093,-0.349,FLAT,-61.45,7.46,47.33,-65.64,53.82,85.82,0.4875,LOW,EARLY,40.332,45.9332,71.7706,0,4.6755,WEAK,19.2446
693,143,KALV,KALVISTA PHARMACEUTICALS INC,Health Care,,small,20.29,61.72,0.0333,0.1632,0.3673,STRONG_DOWN,79.24,68.8,72.83,-32.79,49.4,60.83,1.4976,MED,-,18.546,16.993,14.5812,1,55.8741,CONTENDER,19.2364
694,13,NBBK,NB BANCORP INC,Financials,,small,22.56,61.97,0.0062,-0.0047,0.0945,FLAT,31.71,40.04,69.49,-12.31,50.6,24.55,0.8126,LOW,-,21.2815,21.5098,19.4553,1,82.5288,CONTENDER,19.236
695,28,COF,Capital One,Financials,Consumer Finance,large,199.84,40.14,0.0279,0.0252,-0.1844,STRONG_UP,-3.01,23.86,47.72,-31.47,57.83,40.57,0.445,LOW,SHIFT,185.338,195.2688,214.5637,0,34.0105,WEAK,19.23
696,42,LXP,LXP INDUSTRIAL TRUST,Real Estate,,mid,49.91,74.07,-0.0157,0.0309,-0.0609,FLAT,14.58,37.89,26.03,-11.01,52.61,25.98,0.652,LOW,-,47.1914,47.8019,45.3088,1,76.7182,CONTENDER,19.1751
697,-45,TRMK,TRUSTMARK CORP,Financials,,mid,44.84,68.31,-0.0032,0.0028,0.0794,STRONG_DOWN,18.38,42.03,81.38,-10.67,49.4,25.06,0.5756,LOW,-,42.6815,42.9348,39.7761,1,82.8497,CONTENDER,19.1693
698,10,SOUN,SOUNDHOUND AI INC CLASS A,Information Technology,,mid,6.97,23.28,0.0051,-0.1381,-0.36,STRONG_UP,-63.58,-15.31,75.57,-72.43,43.78,74.92,0.8144,LOW,PROGRESS,6.6832,7.4983,11.8884,0,-8.9464,WEAK,19.1537
699,-105,EOSE,EOS ENERGY ENTERPRISES INC CLASS A,Industrials,,small,6.32,42.13,0.3538,0.0648,-0.6675,STRONG_UP,-62.93,25.15,659.62,-77.1,48.59,138.17,1.2327,MED,-,5.2058,7.7225,10.3517,0,8.8439,WEAK,19.1179
700,24,CSCO,Cisco,Information Technology,Communications Equipment,large,82.61,51.32,-0.0365,-0.0098,0.1121,STRONG_DOWN,23.78,47.75,80.45,-13.57,55.42,36.47,0.589,LOW,-,79.9127,79.5628,73.0126,1,72.5571,CONTENDER,19.0899
701,2,OSIS,OSI SYSTEMS INC,Information Technology,,mid,296.86,54.5,0.0077,0.0108,0.0923,STRONG_DOWN,20.12,53.73,116.2,-18.47,54.62,41.03,0.4724,LOW,-,279.3225,277.5122,255.956,1,71.5316,CONTENDER,19.0786
702,-90,CRH,CRH plc,Materials,Construction Materials,large,117.41,46.15,0.0228,0.0717,-0.1179,FLAT,0.24,37.62,49.62,-23.82,47.79,35.66,0.7355,LOW,-,107.1105,113.3308,113.3292,1,50.4153,LAGGARD,19.0462
703,55,ACA,ARCOSA INC,Industrials,,mid,114.24,55.32,0.0145,0.0071,-0.0151,STRONG_UP,25.94,47.63,42.83,-21.45,50.6,42.22,0.4231,LOW,-,106.7905,113.5788,102.5118,1,57.0887,CONTENDER,19.0401
704,-8,POR,PORTLAND GENERAL ELECTRIC,Utilities,,mid,52.7,68.0,-0.0109,-0.0066,-0.023,FLAT,24.57,27.78,41.3,-8.24,54.22,18.63,0.4509,LOW,-,52.5073,52.1828,46.1335,1,80.847,CONTENDER,19.0392
705,0,CRGY,CRESCENT ENERGY CLASS A,Energy,,mid,12.18,44.94,-0.0069,0.0123,0.2342,STRONG_DOWN,44.94,64.87,17.33,-22.34,53.82,50.81,0.7695,LOW,-,12.9735,11.6266,9.4237,1,68.716,LAGGARD,19.0275
706,19,AXP,American Express,Financials,Consumer Finance,large,326.96,43.66,0.0231,0.0196,-0.1351,STRONG_UP,1.73,28.13,52.99,-23.9,53.82,31.85,0.6005,LOW,SHIFT,304.118,318.4056,333.993,0,47.5282,WEAK,18.9806
707,28,XYZ,"Block, Inc.",Financials,Transaction & Payment Processing Services,large,66.15,32.04,0.0424,0.025,-0.0678,STRONG_UP,-11.82,20.1,-10.0,-39.48,53.82,61.37,0.6507,LOW,SHIFT,60.384,58.8496,68.0343,0,17.6255,WEAK,18.9688
708,34,AMBA,AMBARELLA INC,Information Technology,,mid,56.2,42.33,0.0334,0.0171,-0.1329,STRONG_UP,-30.57,24.53,23.27,-49.06,48.19,53.48,0.6701,LOW,PROGRESS,52.8205,58.0164,71.1472,0,22.1028,WEAK,18.9587
709,-32,UBSI,UNITED BANKSHARES INC,Financials,,mid,43.62,60.92,-0.0097,0.0274,0.0537,STRONG_DOWN,23.26,39.31,43.78,-13.73,49.8,25.18,0.5971,LOW,-,41.534,41.9072,38.1981,1,77.7385,CONTENDER,18.9363
710,-26,CPF,CENTRAL PACIFIC FINANCIAL CORP,Financials,,small,33.97,67.25,0.01,0.0287,0.0544,STRONG_DOWN,19.96,41.86,93.34,-12.3,53.01,26.07,0.3286,LOW,-,32.1425,32.477,30.2011,1,85.1089,CONTENDER,18.9219
711,-67,WHD,CACTUS INC CLASS A,Energy,,mid,52.74,29.21,0.0405,0.1392,-0.2494,FLAT,51.49,46.41,7.04,-30.07,52.61,45.73,0.5641,LOW,-,49.144,52.087,45.3926,1,53.3972,LAGGARD,18.8968
712,-185,LC,LENDINGCLUB CORP,Financials,,small,15.85,90.85,0.0448,0.0624,-0.265,FLAT,3.39,67.72,103.21,-38.28,52.61,66.54,0.7252,LOW,-,14.4755,15.1264,16.4063,0,53.5468,LAGGARD,18.8814
713,-18,PAX,PATRIA INVESTMENTS LTD CLASS A,Financials,,mid,12.4,44.72,-0.0098,0.0084,-0.325,FLAT,-10.96,28.54,0.09,-35.64,55.02,34.14,0.5565,LOW,PROGRESS,11.9845,12.6799,14.0273,0,45.9885,WEAK,18.8536
714,1,DOV,Dover Corporation,Industrials,Industrial Machinery & Supplies & Components,large,218.48,46.38,-0.0164,-0.0192,0.0282,FLAT,36.26,35.26,30.81,-15.34,50.2,26.79,0.4606,LOW,-,211.728,217.3507,191.5924,1,66.078,LAGGARD,18.83
715,-54,ZS,Zscaler,Technology,EDP Services,large,122.68,37.5,-0.1551,-0.1591,-0.2859,STRONG_UP,-60.81,-40.05,-29.84,-64.89,51.41,61.54,0.9293,LOW,EARLY,139.0995,154.2206,244.6957,0,-33.4581,WEAK,18.7814
716,-69,MARA,MARA HOLDINGS INC,Information Technology,,mid,10.49,21.16,0.0828,0.0809,-0.0311,STRONG_UP,-48.17,-16.61,,-70.53,47.39,96.76,0.9494,LOW,SHIFT,8.898,8.5586,13.4495,0,-8.1369,WEAK,18.776
717,76,MTD,Mettler Toledo,Health Care,Life Sciences Tools & Services,large,1341.53,43.36,-0.0058,0.0761,-0.0889,FLAT,4.42,28.18,7.88,-22.44,51.0,27.68,0.7697,LOW,-,1265.7245,1302.7508,1329.8381,1,51.9254,LAGGARD,18.7659
718,-58,MGY,MAGNOLIA OIL GAS CORP CLASS A,Energy,,mid,28.6,25.84,-0.0029,-0.0498,0.0306,FLAT,24.29,44.69,14.54,-15.34,53.01,31.58,0.668,LOW,-,30.7475,28.7924,24.4485,1,75.0221,LAGGARD,18.7489
719,56,LNT,Alliant Energy,Utilities,Electric Utilities,large,72.3,52.0,-0.0011,-0.0095,-0.0111,STRONG_UP,8.54,21.15,61.02,-7.01,56.63,16.22,0.5137,LOW,-,71.578,70.7664,66.3466,1,73.8369,CONTENDER,18.686
720,19,TT,Trane Technologies,Industrials,Building Products,large,470.57,48.09,0.0238,0.0446,0.163,STRONG_DOWN,12.64,37.75,62.83,-20.16,54.22,34.03,0.8879,LOW,-,432.4625,441.5148,421.9887,1,60.1516,LAGGARD,18.6744
721,38,PBI,PITNEY BOWES INC,Industrials,,small,11.74,55.74,0.0412,0.0646,0.0811,STRONG_DOWN,8.76,47.91,206.77,-28.28,50.2,34.92,0.5897,LOW,-,10.887,10.6587,10.7227,1,68.8693,CONTENDER,18.6645
722,29,CDP,COPT DEFENSE PROPERTIES,Real Estate,,mid,32.33,66.67,-0.0047,-0.0122,0.032,FLAT,18.71,28.45,54.09,-10.71,49.8,18.8,0.3368,LOW,-,31.2872,31.4909,29.0233,1,75.3586,CONTENDER,18.6569
723,-12,SR,SPIRE INC,Utilities,,mid,92.61,66.0,-0.0054,0.0088,0.0361,STRONG_DOWN,13.95,25.57,72.82,-9.46,57.03,17.8,0.6059,LOW,-,91.8055,90.1046,81.9918,1,81.9282,CONTENDER,18.6446
724,-50,CAC,CAMDEN NATIONAL CORP,Financials,,small,51.12,65.14,0.0057,0.0322,0.1194,STRONG_DOWN,40.97,40.86,87.87,-16.82,52.21,30.96,1.0112,MED,-,47.921,47.97,42.2655,1,68.906,CONTENDER,18.6335
725,-16,LLY,Lilly (Eli),Health Care,Pharmaceuticals,large,922.5,41.8,-0.0523,-0.1125,-0.1346,STRONG_UP,12.94,22.74,24.59,-30.26,54.62,40.71,0.5952,LOW,-,921.619,981.4092,901.3192,1,30.5042,LAGGARD,18.6102
726,36,NNI,NELNET INC CLASS A,Financials,,mid,135.29,45.77,0.0042,-0.0284,-0.0473,STRONG_UP,5.98,28.92,47.07,-10.11,51.41,19.69,0.5794,LOW,-,129.7855,130.5567,128.5981,1,75.4989,LAGGARD,18.6101
727,26,ORIC,ORIC PHARMACEUTICALS INC,Health Care,,small,10.53,76.95,0.1439,-0.1834,0.0476,FLAT,-24.3,108.93,10.38,-48.13,48.59,123.49,0.47,LOW,-,10.6537,11.3587,11.038,0,42.8605,LAGGARD,18.5928
728,40,SCHW,Charles Schwab Corporation,Financials,Investment Banking & Brokerage,large,98.38,46.13,0.0069,-0.0303,-0.0756,STRONG_UP,5.89,29.02,41.79,-14.61,58.63,27.96,0.8629,LOW,-,94.605,95.7089,95.4066,1,60.8525,LAGGARD,18.5755
729,-30,FLR,FLUOR CORP,Industrials,,mid,49.27,52.77,-0.0222,0.0523,0.0688,STRONG_DOWN,4.34,44.95,22.02,-30.19,49.4,42.93,0.4563,LOW,-,47.183,47.6522,45.7825,1,51.7295,CONTENDER,18.5689
730,0,CLDX,CELLDEX THERAPEUTICS INC,Health Care,,mid,33.33,66.8,0.0087,0.0609,0.2946,STRONG_DOWN,22.85,81.44,-14.69,-24.23,48.19,67.13,0.8334,LOW,-,31.313,28.6096,25.8069,1,58.4605,CONTENDER,18.5443
731,-14,ATEN,A10 NETWORKS INC,Information Technology,,small,25.05,57.14,-0.0226,0.1516,0.4655,STRONG_DOWN,41.16,58.85,99.12,-17.26,53.41,40.02,0.6814,LOW,-,23.2875,21.2599,18.6321,1,78.5415,CONTENDER,18.5153
732,54,ODFL,Old Dominion,Industrials,Cargo Ground Transportation,large,210.41,48.51,-0.0108,0.0814,0.1844,STRONG_DOWN,55.03,38.62,-3.12,-28.01,52.21,46.29,0.49,LOW,-,194.932,195.4014,162.1725,1,43.5591,LAGGARD,18.5063
733,-33,CALX,CALIX NETWORKS INC,Information Technology,,mid,48.79,49.74,-0.0445,-0.1068,-0.0914,FLAT,-16.77,41.67,65.84,-34.71,53.41,49.8,0.3346,LOW,EARLY,49.823,51.166,55.7726,0,44.6871,WEAK,18.4914
734,-48,FCF,FIRST COMMONWEALTH FINANCIAL CORP,Financials,,small,18.8,53.17,0.0014,0.0401,0.0623,STRONG_DOWN,18.42,35.55,58.65,-15.15,51.41,22.44,0.6058,LOW,-,17.705,17.8209,16.8953,1,81.4399,CONTENDER,18.4839
735,54,CRNX,CRINETICS PHARMACEUTICALS INC,Health Care,,mid,39.75,46.88,-0.0252,0.0232,-0.2605,FLAT,-10.53,34.02,-9.0,-40.33,46.59,42.94,0.6405,LOW,PROGRESS,36.9335,40.3174,40.1312,0,36.9106,WEAK,18.4686
736,-44,UVSP,UNIVEST FINANCIAL CORP,Financials,,small,37.2,70.77,-0.0003,0.0436,0.0897,STRONG_DOWN,29.75,43.79,111.07,-14.01,50.2,27.38,0.757,LOW,-,34.754,34.4829,31.8115,1,80.2792,CONTENDER,18.4053
737,-48,RYTM,RHYTHM PHARMACEUTICALS INC,Health Care,,mid,87.28,49.61,0.0014,-0.0808,-0.1828,STRONG_UP,-13.39,40.57,117.71,-35.54,51.0,54.31,0.602,LOW,PROGRESS,85.161,92.6532,97.8338,0,38.0975,WEAK,18.4014
738,33,OSW,ONESPAWORLD HOLDINGS LTD,Consumer Discretionary,,mid,24.75,62.33,0.004,0.15,0.2452,STRONG_DOWN,21.5,47.05,102.47,-16.73,52.21,35.28,0.5563,LOW,-,23.0575,22.0414,21.3969,1,69.6305,CONTENDER,18.3618
739,-34,TPB,TURNING POINT BRANDS INC,Consumer Staples,,small,81.51,79.03,0.1082,-0.1004,-0.309,STRONG_UP,-9.03,42.56,208.43,-49.88,56.22,67.31,0.4241,LOW,-,82.7025,103.9999,98.3508,0,35.5453,LAGGARD,18.3583
740,-87,CCBG,CAPITAL CITY BANK INC,Financials,,small,46.59,63.03,0.0053,0.0123,0.0271,STRONG_DOWN,14.76,40.29,87.41,-12.94,53.82,26.55,0.6565,LOW,-,44.0085,43.1317,41.7669,1,81.6635,CONTENDER,18.3426
741,130,BGC,BGC GROUP INC CLASS A,Financials,,mid,11.58,57.39,0.0549,0.1222,0.2913,STRONG_DOWN,28.24,37.58,55.19,-23.25,51.0,38.27,1.1118,MED,-,10.0865,9.6481,9.4635,1,50.078,CONTENDER,18.2987
742,40,SERV,SERVE ROBOTICS INC,Consumer Discretionary,,small,8.95,65.75,0.0552,-0.1324,-0.317,STRONG_UP,-45.66,52.73,102.03,-56.28,46.99,82.12,0.6279,LOW,-,8.6985,9.3895,11.141,0,30.1729,LAGGARD,18.2578
743,69,MPB,MID PENN BANCORP INC,Financials,,small,33.79,58.45,-0.013,-0.01,0.0372,STRONG_DOWN,24.93,37.98,82.91,-15.49,51.41,28.3,1.1063,MED,-,32.2735,32.6794,30.1059,1,68.9928,CONTENDER,18.2316
744,55,IIIN,INSTEEL INDUSTRIES INC,Industrials,,small,37.59,53.19,0.039,0.1065,0.0787,FLAT,6.75,45.02,18.55,-24.12,51.81,35.46,0.885,LOW,-,33.813,34.9713,34.2929,1,65.7851,CONTENDER,18.2187
745,24,JBTM,JBT MAREL CORP,Industrials,,mid,131.56,47.66,-0.0148,-0.0534,-0.2009,STRONG_UP,-5.15,37.06,42.31,-27.1,48.19,35.65,0.4255,LOW,PROGRESS,128.3925,145.0493,141.7991,0,50.0926,WEAK,18.2087
746,97,WMT,Walmart,Consumer Staples,Consumer Staples Merchandise Retail,large,125.05,69.35,-0.0069,0.0162,-0.0032,FLAT,22.96,34.26,112.89,-10.92,52.21,26.9,0.5148,LOW,-,123.8843,125.4907,109.9345,1,66.4857,CONTENDER,18.1901
747,-69,NBN,NORTHEAST BANK,Financials,,small,123.15,65.49,0.0111,0.0424,0.0851,STRONG_DOWN,33.06,40.93,142.65,-27.57,51.0,31.61,0.9219,LOW,-,113.95,114.76,103.308,1,66.0355,CONTENDER,18.1842
748,37,PKST,PEAKSTONE REALTY TRUST CLASS E,Real Estate,,small,20.94,96.3,-0.023,-0.0287,0.4343,FLAT,63.46,85.52,74.71,-16.14,51.81,67.22,0.2834,LOW,-,20.8845,20.844,15.3504,1,65.9137,LEADER,18.1772
749,-37,FULT,FULTON FINANCIAL CORP,Financials,,mid,21.72,64.79,0.0079,0.0389,0.0846,STRONG_DOWN,25.36,40.86,58.6,-15.52,51.0,29.62,0.6907,LOW,-,20.3188,20.766,19.014,1,70.3503,CONTENDER,18.1758
750,48,GILD,Gilead Sciences,Health Care,Biotechnology,large,140.45,48.05,-0.0277,-0.0779,0.1692,FLAT,20.28,36.43,120.81,-13.34,52.21,28.76,0.9104,LOW,-,139.28,144.3488,124.1045,1,66.1429,LAGGARD,18.1741
751,140,MITK,MITEK SYSTEMS INC,Information Technology,,small,14.5,62.96,0.0077,-0.0297,0.3978,FLAT,59.69,85.42,-2.23,-18.01,49.4,70.75,1.3493,MED,-,13.9435,13.461,10.6661,1,59.6445,CONTENDER,18.1258
752,400,JBLU,JETBLUE AIRWAYS CORP,Industrials,,small,5.6,59.57,0.088,0.2427,0.1139,FLAT,23.08,57.3,-17.53,-37.62,46.59,81.56,1.7502,HIGH,-,4.5055,5.0408,4.8028,1,32.7337,CONTENDER,18.103
753,-31,UMBF,UMB FINANCIAL CORP,Financials,,mid,120.63,52.82,-0.0059,0.0067,-0.032,FLAT,4.59,35.32,55.93,-18.57,49.4,28.3,0.7184,LOW,-,114.003,118.9142,115.4893,1,61.6463,CONTENDER,18.0827
754,-13,CTS,CTS CORP,Information Technology,,small,55.56,52.38,0.0648,0.1529,0.1966,STRONG_DOWN,52.61,49.34,23.04,-20.31,52.61,35.23,0.5348,LOW,-,49.5582,51.2584,44.6722,1,73.6801,CONTENDER,18.0622
755,-58,WMB,Williams Companies,Energy,Oil & Gas Storage & Transportation,large,71.44,16.85,0.0182,-0.0561,-0.0709,STRONG_UP,15.75,26.03,102.88,-12.36,53.01,21.04,0.5162,LOW,-,72.9865,72.2092,62.3248,1,65.5905,LAGGARD,18.03
756,0,IVT,INVENTRUST PROPERTIES CORP,Real Estate,,mid,31.98,55.56,-0.0026,-0.016,0.0628,FLAT,19.22,22.43,42.12,-8.63,50.6,14.92,0.7623,LOW,-,30.9748,30.7058,28.5078,1,76.0787,CONTENDER,18.0105
757,-30,BBT,BEACON FINANCIAL CORP,Financials,,mid,31.7,61.27,-0.0087,0.0211,0.1498,STRONG_DOWN,33.43,39.58,61.84,-13.9,50.2,27.57,0.4659,LOW,-,30.169,30.1242,26.4794,1,72.063,CONTENDER,17.9715
758,8,UE,URBAN EDGE PROPERTIES,Real Estate,,mid,21.24,61.73,0.0073,-0.0148,0.0805,FLAT,12.15,25.28,41.18,-11.99,49.8,17.94,0.3408,LOW,-,20.465,20.5092,19.4985,1,70.1838,CONTENDER,17.9707
759,-31,MBIN,MERCHANTS BANCORP,Financials,,mid,47.52,76.76,0.0164,0.056,0.3272,STRONG_DOWN,50.48,48.41,27.3,-18.94,54.22,43.7,0.8761,LOW,-,43.99,43.6939,35.6919,1,60.0676,LEADER,17.9699
760,154,PJT,PJT PARTNERS INC CLASS A,Financials,,mid,162.5,39.08,0.097,0.1659,-0.1328,FLAT,-6.16,23.66,78.8,-32.47,54.62,35.39,1.0994,MED,SHIFT,140.5385,146.2482,168.196,0,36.5234,WEAK,17.9681
761,97,BDC,BELDEN INC,Information Technology,,mid,130.25,47.09,0.0321,0.076,0.108,STRONG_DOWN,17.26,37.42,54.14,-26.52,53.01,42.43,1.2374,MED,-,118.424,128.8402,122.6278,1,46.7476,LAGGARD,17.9271
762,0,AGIO,AGIOS PHARMACEUTICALS INC,Health Care,,mid,33.3,38.28,-0.0339,0.1116,0.207,STRONG_DOWN,-18.62,19.7,13.81,-50.89,52.61,43.45,0.6973,LOW,SHIFT,31.3525,29.5176,33.7706,0,23.8507,WEAK,17.9169
763,-69,STAA,STAAR SURGICAL,Health Care,,small,24.43,52.73,0.1504,0.3081,0.1654,FLAT,-10.35,47.88,-47.14,-43.65,49.0,67.92,1.4142,MED,-,20.3525,19.0084,22.895,1,34.5434,CONTENDER,17.8748
764,40,DHI,D. R. Horton,Consumer Discretionary,Homebuilding,large,145.25,41.78,0.0039,-0.0188,-0.0321,STRONG_UP,-4.24,22.66,-0.51,-27.56,49.0,32.13,0.4968,LOW,PROGRESS,139.03,148.9615,152.166,0,34.5631,WEAK,17.8676
765,25,DIS,Walt Disney Company (The),Communication Services,Movies & Entertainment,large,102.59,59.09,0.0238,0.0161,-0.0846,STRONG_UP,-6.34,22.01,-7.34,-24.97,46.99,29.17,0.8595,LOW,SHIFT,97.6865,101.665,110.3805,0,35.4632,LAGGARD,17.8384
766,37,NUVL,NUVALENT INC CLASS A,Health Care,,mid,105.02,53.52,-0.0202,0.0121,0.0472,STRONG_DOWN,17.01,48.38,60.88,-15.79,51.41,36.03,0.7695,LOW,-,100.5405,101.4821,93.407,1,69.025,CONTENDER,17.838
767,-19,NI,NiSource,Utilities,Multi-Utilities,large,47.22,54.0,-0.01,-0.0047,0.0099,STRONG_DOWN,12.01,22.93,87.01,-9.14,56.63,17.44,0.8406,LOW,-,46.76,46.2788,42.8328,1,74.4671,CONTENDER,17.8087
768,85,KIM,Kimco Realty,Real Estate,Retail REITs,large,23.6,54.32,0.0183,-0.0163,0.0949,FLAT,14.83,21.92,43.37,-12.7,51.41,18.01,,LOW,-,22.716,22.6216,21.1487,1,62.5738,CONTENDER,17.8046
769,18,STKL,SUNOPTA INC,Consumer Staples,,small,6.49,87.1,0.0125,0.0279,0.4034,STRONG_DOWN,14.06,57.14,9.08,-50.22,43.78,68.33,0.1613,LOW,-,6.4775,6.3208,5.5119,1,36.6122,LEADER,17.7973
770,-50,FMBH,FIRST MID BANCSHARES INC,Financials,,small,43.58,62.68,-0.0051,0.0127,0.0632,STRONG_DOWN,22.69,40.09,55.23,-13.93,50.6,26.08,0.5815,LOW,-,41.3645,41.8341,39.2581,1,77.7905,CONTENDER,17.7877
771,23,HON,Honeywell,Industrials,Industrial Conglomerates,large,233.24,42.55,-0.0214,-0.078,0.0716,FLAT,23.3,27.14,33.03,-16.03,50.6,23.3,0.7543,LOW,-,228.0095,234.5096,210.0707,1,58.9459,LAGGARD,17.7001
772,-39,DEC,DIVERSIFIED ENERGY COMPANY,Energy,,small,15.77,37.08,-0.0079,0.0852,-0.0134,FLAT,26.86,52.24,42.45,-24.8,54.22,42.88,0.5967,LOW,-,16.6335,14.7788,14.0101,1,66.0579,LAGGARD,17.6979
773,-57,OSCR,OSCAR HEALTH INC CLASS A,Financials,,mid,15.29,37.32,0.034,0.071,-0.1715,FLAT,-25.05,22.81,3.31,-51.71,45.38,62.26,,LOW,SHIFT,12.9265,13.2166,15.9342,0,16.6266,WEAK,17.6668
774,122,WVE,WAVE LIFE SCIENCES LTD,Health Care,,small,7.39,35.55,0.0212,-0.4496,-0.4728,STRONG_UP,-5.13,17.68,28.75,-70.91,52.61,112.95,1.4871,MED,-,8.731,11.5638,10.2018,0,8.2328,WEAK,17.6364
775,-1,HRTG,HERITAGE INSURANCE HOLDINGS INC,Financials,,small,26.37,81.34,-0.02,-0.1541,-0.0163,FLAT,4.77,52.43,179.34,-26.9,51.81,50.11,0.3253,LOW,-,26.487,26.4746,25.3968,1,54.2064,LEADER,17.6183
776,64,MC,MOELIS CLASS A,Financials,,mid,66.37,51.06,0.0689,0.1995,-0.1406,FLAT,2.96,32.16,39.06,-33.26,52.21,42.39,0.792,LOW,SHIFT,57.2465,60.2887,66.4218,0,39.6154,LAGGARD,17.6157
777,-21,NFLX,Netflix,Communication Services,Movies & Entertainment,large,106.28,45.45,0.0588,0.0926,0.1893,STRONG_DOWN,-12.82,8.86,75.05,-43.35,51.41,40.7,0.8352,LOW,SHIFT,96.546,90.5548,106.2915,0,11.1943,WEAK,17.5837
778,-8,HTH,HILLTOP HOLDINGS INC,Financials,,mid,37.35,51.41,-0.013,-0.0181,0.0219,FLAT,17.06,32.79,33.68,-13.52,47.39,23.32,0.3482,LOW,-,36.0055,37.1214,34.06,1,66.6276,CONTENDER,17.5633
779,63,PFG,Principal Financial Group,Financials,Life & Health Insurance,large,94.14,52.11,-0.0113,0.0086,0.0168,STRONG_DOWN,20.35,33.78,28.31,-11.96,52.21,26.1,0.5855,LOW,-,89.551,91.1264,84.145,1,67.5769,CONTENDER,17.5489
780,-95,DAKT,DAKTRONICS INC,Information Technology,,small,19.24,55.03,-0.0757,-0.1212,-0.0729,FLAT,-0.98,54.04,115.94,-31.09,51.0,48.14,0.6555,LOW,-,20.007,22.8386,19.8627,0,57.2539,LAGGARD,17.546
781,58,BBAI,BIGBEAR.AI HOLDINGS INC,Information Technology,,small,3.52,46.56,-0.0148,-0.1714,-0.4111,STRONG_UP,-60.05,36.96,122.78,-65.88,46.99,81.49,0.4591,LOW,-,3.49,3.899,5.773,0,21.3153,WEAK,17.5392
782,38,URBN,URBAN OUTFITTERS INC,Consumer Discretionary,,mid,65.85,54.79,-0.0499,-0.0211,-0.0376,FLAT,-4.59,36.31,72.34,-26.32,47.79,35.18,0.9545,LOW,PROGRESS,64.424,66.5408,70.8128,0,49.3212,LAGGARD,17.5313
783,-5,SHAK,SHAKE SHACK INC CLASS A,Consumer Discretionary,,mid,102.76,43.84,0.036,0.0944,0.1081,STRONG_DOWN,12.43,24.47,5.86,-45.7,51.0,47.26,0.6644,LOW,-,91.241,92.5654,98.7519,1,26.4033,LAGGARD,17.5278
784,18,UNF,UNIFIRST CORP,Industrials,,mid,260.84,56.6,-0.015,-0.1199,0.2644,FLAT,65.11,50.47,65.42,-21.06,51.81,48.42,0.5423,LOW,-,258.714,245.5481,192.8418,1,54.006,CONTENDER,17.5241
785,-33,FLG,FLAGSTAR BANK NATIONAL ASSOCIATION,Financials,,mid,14.07,56.69,-0.0013,0.0498,0.049,FLAT,21.59,36.77,62.64,-17.47,51.81,31.96,0.5059,LOW,-,13.268,13.3077,12.3423,1,59.6145,CONTENDER,17.5166
786,31,SWK,Stanley Black & Decker,Industrials,Industrial Machinery & Supplies & Components,large,72.19,42.98,-0.0149,-0.057,-0.1627,STRONG_UP,14.51,28.53,-13.62,-26.03,46.99,37.75,0.8941,LOW,PROGRESS,70.275,77.7605,73.0214,0,35.5129,WEAK,17.5124
787,22,BIPC,BROOKFIELD INFRASTRUCTURE CORP CLA,Utilities,,mid,42.63,62.0,0.0304,-0.0775,-0.1426,STRONG_UP,-4.7,24.8,57.54,-25.28,55.82,30.86,0.6476,LOW,PROGRESS,40.381,45.1433,43.0898,0,44.86,LAGGARD,17.5081
788,44,TMDX,TRANSMEDICS GROUP INC,Health Care,,mid,115.68,46.09,0.0381,-0.1174,-0.1819,STRONG_UP,3.55,32.69,25.99,-37.3,49.4,52.17,0.4936,LOW,PROGRESS,108.0733,123.8095,123.5983,0,30.9552,WEAK,17.4848
789,6,SPNT,SIRIUSPOINT LTD,Financials,,mid,22.54,58.8,-0.0407,0.0289,0.0802,STRONG_DOWN,19.83,38.03,90.86,-16.28,51.81,29.87,0.396,LOW,-,21.703,21.125,19.908,1,65.9605,CONTENDER,17.4801
790,-6,MFA,MFA FINANCIAL INC,Financials,,small,10.08,52.46,0.014,-0.0276,0.0315,FLAT,19.14,35.28,27.36,-10.87,51.0,23.92,0.825,LOW,-,9.6001,9.5852,8.945,1,75.2208,CONTENDER,17.4766
791,-60,WS,WORTHINGTON STEEL INC,Materials,,small,33.86,52.31,0.0017,-0.0196,-0.1142,STRONG_UP,13.54,43.63,7.27,-42.0,53.01,56.54,0.5273,LOW,-,31.973,37.8246,34.0633,0,40.9055,LAGGARD,17.3987
792,15,PRCH,PORCH GROUP INC,Information Technology,,small,7.06,43.92,-0.0402,-0.162,-0.2209,STRONG_UP,-53.09,29.78,96.66,-66.39,48.19,70.5,0.8409,LOW,-,7.21,7.5486,11.6405,0,20.3556,WEAK,17.3957
793,-1,CIM,CHIMERA INVESTMENT CORP,Financials,,small,13.56,57.04,0.0263,-0.0183,0.028,FLAT,12.5,37.12,40.61,-18.18,52.21,28.99,0.5463,LOW,-,12.7144,12.7456,12.4216,1,66.8544,CONTENDER,17.3864
794,-48,HBAN,Huntington Bancshares,Financials,Regional Banks,large,16.59,45.07,0.0042,0.0165,-0.0936,FLAT,6.33,28.57,35.62,-21.26,52.21,32.17,0.8204,LOW,-,15.7058,16.5354,16.5451,1,46.3652,LAGGARD,17.3833
795,5,MLM,Martin Marietta Materials,Materials,Construction Materials,large,630.8,41.54,0.0016,0.0097,-0.0941,FLAT,-0.97,27.08,6.44,-20.72,54.62,31.15,0.3919,LOW,-,593.578,630.1557,616.2907,1,47.4806,LAGGARD,17.3425
796,-83,XERS,XERIS BIOPHARMA HOLDINGS INC,Health Care,,small,6.07,48.83,0.0057,0.0626,-0.2052,FLAT,-23.65,38.58,228.11,-46.57,49.4,43.17,0.6044,LOW,-,5.7225,6.1698,6.9825,0,44.1527,WEAK,17.3425
797,80,XEL,Xcel Energy,Utilities,Multi-Utilities,large,79.83,44.0,-0.0117,-0.0215,-0.0395,STRONG_UP,1.1,17.2,60.46,-11.5,54.62,18.39,1.201,MED,-,79.662,79.8499,75.6212,1,51.08,LAGGARD,17.311
798,29,NOC,Northrop Grumman,Industrials,Aerospace & Defense,large,680.13,43.83,-0.0353,-0.1484,0.0477,FLAT,10.7,30.55,55.76,-15.56,53.41,28.54,0.4629,LOW,-,692.358,708.7525,610.7222,1,57.1644,LAGGARD,17.2708
799,31,POWI,POWER INTEGRATIONS INC,Information Technology,,mid,54.03,40.21,-0.0208,0.0996,0.3384,STRONG_DOWN,26.56,20.91,-16.98,-47.83,47.79,44.79,0.5459,LOW,-,50.698,48.3331,44.1613,1,22.3134,LAGGARD,17.2597
800,48,AAPL,Apple Inc.,Information Technology,"Technology Hardware, Storage & Peripherals",large,258.83,43.39,-0.0237,-0.0387,0.0039,FLAT,4.71,28.6,51.25,-13.8,53.01,25.03,0.8415,LOW,-,254.0395,260.8572,250.8886,1,60.5771,LAGGARD,17.233
801,153,NN,NEXTNAV INC,Information Technology,,mid,16.12,44.97,0.0835,-0.092,0.1499,FLAT,19.94,33.67,128.49,-36.62,53.01,77.05,1.1396,MED,-,16.8498,16.4637,15.3853,1,23.1614,LAGGARD,17.1824
802,87,SLNO,SOLENO THERAPEUTICS INC,Health Care,,mid,52.62,10.16,-0.0196,0.5328,0.2768,FLAT,-18.13,-25.1,36.6,-66.04,47.39,87.62,1.3567,MED,SHIFT,39.903,39.4845,56.2833,0,-13.5734,WEAK,17.174
803,199,GHC,GRAHAM HOLDINGS COMPANY CLASS B,Consumer Discretionary,,mid,1136.4301,44.52,0.0386,0.0361,0.0495,FLAT,19.99,24.64,62.78,-19.78,49.8,25.23,1.1144,MED,-,1072.554,1081.4913,1065.3182,1,48.6404,LAGGARD,17.149
804,27,ZBRA,Zebra Technologies,Information Technology,Electronic Equipment & Instruments,large,226.7,29.63,0.0037,0.0558,-0.122,FLAT,-19.6,-0.62,-19.89,-41.62,49.8,44.88,1.0896,MED,SHIFT,210.8255,226.0264,272.2834,0,-0.6859,WEAK,17.0989
805,1,ALGN,Align Technology,Health Care,Health Care Supplies,large,184.69,30.47,0.0248,0.0469,0.0943,STRONG_DOWN,42.57,12.51,-39.39,-39.73,52.61,45.94,0.6926,LOW,-,174.588,178.1756,159.155,1,14.3297,LAGGARD,17.0491
806,12,INVA,INNOVIVA INC,Health Care,,small,24.19,46.48,0.0045,0.049,0.2491,STRONG_DOWN,42.8,33.57,67.99,-23.53,51.41,25.3,0.7363,LOW,-,22.9065,22.6706,20.3198,1,68.2201,LAGGARD,17.0352
807,-11,NOW,ServiceNow,Information Technology,Systems Software,large,87.79,5.82,-0.1228,-0.2983,-0.3538,STRONG_UP,-52.48,-46.24,-40.34,-60.28,47.79,55.32,1.1895,MED,EARLY,102.0725,106.6396,156.8768,0,-39.946,WEAK,17.0321
808,-20,BCRX,BIOCRYST PHARMACEUTICALS INC,Health Care,,mid,9.67,44.14,-0.0312,-0.0053,0.4418,STRONG_DOWN,37.36,30.68,107.07,-44.24,44.58,52.76,0.4784,LOW,-,9.5185,8.383,7.8671,1,25.9197,LAGGARD,17.0165
809,-32,FDP,FRESH DEL MONTE PRODUCE INC,Consumer Staples,,small,41.6,74.19,-0.0028,0.0328,0.1033,STRONG_DOWN,27.36,37.15,78.76,-15.42,52.21,27.45,0.6476,LOW,-,41.496,41.1612,36.7151,1,70.6681,CONTENDER,16.9849
810,76,VVX,V2X INC,Industrials,,mid,69.02,50.21,-0.0466,-0.0447,0.0103,STRONG_DOWN,20.43,41.64,51.99,-16.34,53.01,34.62,0.4659,LOW,-,68.7385,68.7558,59.3264,1,63.7553,CONTENDER,16.9685
811,36,RYAM,RAYONIER ADVANCED MATERIALS INC,Materials,,small,10.14,73.85,0.07,-0.1829,0.3223,FLAT,38.52,116.2,127.87,-28.4,48.19,109.55,0.6054,LOW,-,10.475,9.6422,6.9622,1,51.1173,CONTENDER,16.9445
812,0,LMAT,LEMAITRE VASCULAR INC,Health Care,,mid,117.39,49.22,0.0247,0.0169,0.421,FLAT,38.24,39.98,85.28,-19.91,52.61,54.29,1.5357,HIGH,-,110.467,102.4643,90.7501,1,38.7405,LAGGARD,16.9307
813,53,CARG,CARGURUS INC CLASS A,Communication,,mid,35.77,50.0,0.0045,0.0558,-0.1136,FLAT,5.24,32.09,64.99,-30.92,51.41,44.65,0.3144,LOW,-,34.51,31.9296,34.3359,1,36.9485,CONTENDER,16.9273
814,46,ATKR,ATKORE INC,Industrials,,mid,68.89,40.0,0.0221,0.1548,-0.042,FLAT,9.26,23.43,-59.47,-32.38,52.21,32.01,0.7304,LOW,-,61.3935,63.2041,64.705,1,38.2224,LAGGARD,16.8969
815,-32,HBNC,HORIZON BANCORP INC,Financials,,small,17.74,60.21,0.012,0.0433,0.0015,FLAT,18.49,38.8,69.24,-16.65,50.2,29.88,0.8417,LOW,-,16.5474,16.9302,16.2726,1,65.1792,CONTENDER,16.8545
816,-79,VC,VISTEON CORP,Consumer Discretionary,,mid,93.74,54.11,-0.049,0.0002,0.0096,STRONG_DOWN,-16.07,35.68,-13.0,-33.97,48.19,43.94,0.5406,LOW,SHIFT,89.93,93.5773,104.9974,0,39.1309,LAGGARD,16.8516
817,-62,WSBC,WESBANCO INC,Financials,,mid,36.12,56.34,-0.0109,0.0008,0.0377,STRONG_DOWN,14.01,36.29,45.34,-12.9,49.8,26.61,0.7621,LOW,-,34.475,34.9878,32.5116,1,67.9113,CONTENDER,16.85
818,75,GBX,GREENBRIER INC,Industrials,,small,52.64,44.68,0.0505,-0.0585,0.0513,FLAT,18.35,32.14,7.68,-26.98,51.41,33.46,1.1007,MED,-,51.447,53.8514,48.0793,1,49.3816,LAGGARD,16.8086
819,-8,EOG,EOG Resources,Energy,Oil & Gas Exploration & Production,large,133.59,19.1,0.0005,-0.0298,-0.0121,FLAT,24.1,28.9,6.89,-18.51,52.61,29.75,0.5362,LOW,-,141.0215,130.1266,115.7738,1,51.1071,LAGGARD,16.7842
820,-19,Q,Qnity Electronics,Information Technology,Semiconductor Materials & Equipment,large,132.77,48.68,0.0051,0.1272,0.4931,STRONG_DOWN,,39.51,39.51,-27.12,57.39,60.19,0.5273,LOW,-,118.912,114.5132,,0,37.6748,WEAK,16.7297
821,14,UTI,UNIVERSAL TECHNICAL INSTITUTE INC,Consumer Discretionary,,mid,35.21,45.89,-0.0239,-0.0654,0.392,FLAT,16.01,25.26,140.67,-39.36,54.22,52.57,0.8175,LOW,-,36.738,33.9706,30.0511,1,26.0507,LAGGARD,16.7213
822,-93,COLL,COLLEGIUM PHARMACEUTICAL INC,Health Care,,small,35.64,45.7,0.0465,-0.0446,-0.2386,STRONG_UP,11.24,31.42,1.42,-35.81,54.22,36.55,0.9887,LOW,-,34.0357,39.2181,39.254,0,46.6039,WEAK,16.7082
823,-1,CINF,Cincinnati Financial,Financials,Property & Casualty Insurance,large,163.35,41.2,-0.01,-0.0946,-0.0307,FLAT,4.62,25.33,46.65,-10.46,56.63,22.29,0.7545,LOW,-,159.3569,162.2954,157.1177,1,64.3457,LAGGARD,16.6903
824,9,RUSHA,RUSH ENTERPRISES INC CLASS A,Industrials,,mid,71.27,47.23,-0.0094,0.071,0.1674,STRONG_DOWN,41.09,37.04,48.87,-20.81,50.6,32.09,0.4977,LOW,-,66.7465,68.4411,57.8798,1,58.4109,LAGGARD,16.6716
825,-6,SXT,SENSIENT TECHNOLOGIES CORP,Materials,,mid,93.34,40.0,-0.0161,-0.0128,-0.0595,FLAT,0.59,27.02,40.49,-30.7,49.8,32.08,0.3046,LOW,SHIFT,89.152,92.4738,98.317,0,41.9521,WEAK,16.6559
826,56,TPH,TRI POINTE HOMES INC,Consumer Discretionary,,mid,46.8,67.81,-0.0135,-0.0313,0.3771,FLAT,51.46,59.73,31.42,-17.47,50.2,56.48,0.5587,LOW,-,46.692,44.5112,36.1248,1,53.0859,CONTENDER,16.6098
827,27,OGS,ONE GAS INC,Utilities,,mid,88.93,50.0,-0.0017,0.0256,0.05,STRONG_DOWN,13.49,20.08,54.23,-11.75,57.03,16.66,0.4349,LOW,-,87.1475,85.7988,78.7619,1,68.7466,CONTENDER,16.5825
828,-52,CTBI,COMMUNITY TRUST BANCORP INC,Financials,,small,64.42,69.01,-0.0072,0.0095,0.0684,STRONG_DOWN,20.67,42.07,73.93,-12.48,53.01,31.08,0.8696,LOW,-,61.397,61.4281,56.6896,1,71.7492,CONTENDER,16.582
829,409,AVNS,AVANOS MEDICAL INC,Health Care,,small,24.63,74.61,0.7497,0.7391,1.1697,FLAT,127.21,104.74,30.66,-24.56,49.8,143.94,24.9568,HIGH,-,14.3225,14.2306,12.3248,1,36.237,CONTENDER,16.5754
830,-9,ACLX,ARCELLX INC,Health Care,,mid,114.89,69.14,-0.0191,-0.0418,0.7304,FLAT,33.24,87.03,101.7,-33.06,51.81,156.94,0.248,LOW,-,114.698,101.533,81.3078,1,28.7295,CONTENDER,16.5716
831,37,EQBK,EQUITY BANCSHARES INC CLASS A,Financials,,small,46.51,49.3,-0.0061,-0.0261,-0.0264,STRONG_UP,15.89,31.44,49.64,-17.02,50.2,25.54,0.8056,LOW,-,44.5672,45.1422,42.663,1,61.8038,LAGGARD,16.5407
832,-6,FRT,Federal Realty Investment Trust,Real Estate,Retail REITs,mid,110.21,60.49,0.0035,0.0184,0.0254,STRONG_DOWN,16.19,24.88,22.56,-6.96,51.41,17.11,0.9476,LOW,-,105.3357,105.3748,98.0391,1,74.7543,CONTENDER,16.526
833,17,CARR,Carrier Global,Industrials,Building Products,large,64.66,27.66,0.0861,0.0859,0.1331,FLAT,14.62,8.47,19.7,-37.38,49.8,36.49,0.4674,LOW,-,58.153,60.5168,60.6888,1,11.5564,LAGGARD,16.5135
834,-87,TGNA,TEGNA INC,Communication,,mid,20.03,45.83,-0.0519,-0.1348,-0.0675,FLAT,-3.6,27.32,58.52,-14.51,47.21,20.65,0.0,LOW,-,20.5762,19.8735,19.0759,1,62.4549,LAGGARD,16.5078
835,21,UPST,UPSTART HOLDINGS INC,Financials,,mid,29.53,3.87,0.0709,-0.0184,-0.4243,STRONG_UP,-40.46,-27.0,34.59,-71.21,53.01,70.89,0.8317,LOW,SHIFT,26.5425,29.2118,49.8369,0,-20.1872,WEAK,16.4926
836,136,PWP,PERELLA WEINBERG PARTNERS CLASS A,Financials,,small,21.5,54.93,0.1076,0.1987,0.0768,FLAT,13.83,35.98,46.3,-33.93,51.0,49.45,1.3126,MED,-,18.219,19.1699,19.7638,1,37.1093,CONTENDER,16.4604
837,-23,GL,Globe Life,Financials,Life & Health Insurance,large,148.2,35.21,-0.0082,-0.0186,-0.0046,FLAT,9.07,21.72,170.34,-10.87,54.22,18.69,0.6518,LOW,-,140.895,142.2285,136.9707,1,63.0187,LAGGARD,16.4565
838,45,ANF,ABERCROMBIE AND FITCH CLASS A,Consumer Discretionary,,mid,91.26,47.95,-0.1202,0.0332,-0.0518,FLAT,25.19,29.45,-19.12,-36.96,49.0,47.08,0.6016,LOW,EARLY,92.0875,92.9518,92.6658,0,30.6477,WEAK,16.4559
839,-29,PRLB,PROTO LABS INC,Industrials,,small,61.91,68.94,-0.0015,0.0495,0.1025,STRONG_DOWN,21.3,81.02,94.62,-19.51,51.41,65.82,0.6288,LOW,-,58.4365,60.0916,51.8291,1,63.2849,CONTENDER,16.4484
840,-75,MO,Altria,Consumer Staples,Tobacco,large,65.62,64.52,-0.0072,0.0097,0.0672,STRONG_DOWN,4.6,22.11,85.47,-16.4,54.62,23.47,0.7109,LOW,-,65.4959,65.7256,60.8878,1,51.4498,CONTENDER,16.4475
841,18,NEXT,NEXTDECADE CORP,Energy,,mid,7.41,4.49,-0.0437,0.271,0.1632,FLAT,21.28,-2.37,19.13,-60.0,46.99,72.25,0.6629,LOW,-,7.5733,6.2773,7.1765,1,-1.5424,LAGGARD,16.4176
842,-5,TRI,Thomson Reuters,Technology,Computer Software,large,87.98,25.0,-0.0045,-0.0421,-0.1511,STRONG_UP,-41.64,-50.67,-40.46,-61.67,44.98,59.23,0.7074,LOW,EARLY,89.491,92.8129,140.5779,0,-38.4805,WEAK,16.3971
843,-46,TRN,TRINITY INDUSTRIES INC,Industrials,,mid,34.65,49.79,0.0137,0.0843,0.2106,STRONG_DOWN,28.38,41.59,39.86,-18.86,48.19,33.7,0.2935,LOW,-,32.1105,32.3148,28.3267,1,59.4742,LAGGARD,16.3772
844,23,DASH,DoorDash,Consumer Discretionary,Specialized Consumer Services,large,163.55,15.07,0.0037,-0.0663,-0.1854,STRONG_UP,-40.21,-9.91,23.06,-47.97,53.41,45.46,0.5621,LOW,PROGRESS,156.1975,168.219,221.173,0,-11.6485,WEAK,16.3387
845,47,WST,West Pharmaceutical Services,Health Care,Health Care Supplies,large,267.93,42.58,-0.0124,0.0719,-0.0059,FLAT,2.25,26.53,-28.84,-24.7,47.79,37.1,0.792,LOW,-,250.4685,246.2822,254.7528,1,34.174,LAGGARD,16.3354
846,56,HROW,HARROW INC,Health Care,,small,37.9,57.42,0.0122,0.0426,-0.1893,FLAT,-2.24,59.31,206.88,-39.27,51.41,72.74,0.528,LOW,-,35.3485,41.2826,40.8344,0,41.9186,LAGGARD,16.3237
847,74,CNOB,CONNECTONE BANCORP INC,Financials,,small,28.47,54.23,-0.0078,0.0155,0.0567,STRONG_DOWN,17.08,35.91,69.1,-12.41,51.81,29.59,1.0726,MED,-,26.94,26.9516,25.4231,1,62.8744,CONTENDER,16.3032
848,25,PHM,PulteGroup,Consumer Discretionary,Homebuilding,large,122.68,49.32,0.0045,-0.0347,-0.0179,FLAT,2.24,30.46,14.49,-20.06,47.39,32.12,0.5497,LOW,PROGRESS,118.311,127.0597,124.0487,0,44.9389,WEAK,16.2845
849,49,EXPD,Expeditors International,Industrials,Air Freight & Logistics,large,144.91,45.11,-0.0363,-0.0577,-0.1414,STRONG_UP,27.82,33.3,27.2,-15.88,52.61,38.18,0.4399,LOW,-,143.9535,147.7158,135.2714,1,45.8924,LAGGARD,16.2828
850,53,ARLO,ARLO TECHNOLOGIES INC,Information Technology,,small,13.92,53.97,0.0021,-0.0589,0.0188,FLAT,-18.98,51.63,27.12,-42.23,52.61,70.0,0.5809,LOW,-,14.048,13.3692,15.3405,0,38.8066,LAGGARD,16.2174
851,-10,TJX,TJX Companies,Consumer Discretionary,Apparel Retail,large,160.28,46.58,-0.0236,-0.0137,0.0808,STRONG_DOWN,14.01,26.25,76.83,-10.13,51.41,20.14,0.8763,LOW,-,158.564,157.3814,145.2544,1,67.0141,LAGGARD,16.205
852,71,IRTC,IRHYTHM HOLDINGS INC,Health Care,,mid,123.23,41.02,0.0031,0.0401,-0.1997,FLAT,-30.52,22.31,12.56,-40.29,52.21,46.74,0.6539,LOW,PROGRESS,118.4555,130.3118,158.4673,0,24.9239,WEAK,16.2032
853,-25,TBBK,BANCORP INC,Financials,,mid,59.53,46.83,0.0243,0.041,-0.1943,FLAT,-22.04,29.24,86.56,-35.92,55.82,53.59,0.461,LOW,SHIFT,54.815,55.9152,65.798,0,30.4614,WEAK,16.1821
854,-16,O,Realty Income,Real Estate,Retail REITs,large,63.81,45.68,-0.0077,-0.0467,0.0256,FLAT,11.64,18.26,38.04,-11.1,53.01,16.14,0.4468,LOW,-,61.8839,63.4431,58.4063,1,59.9828,LAGGARD,16.158
855,75,BFST,BUSINESS FIRST BANCSHARES INC,Financials,,small,28.68,50.35,0.0037,0.0081,0.0514,STRONG_DOWN,24.95,32.02,48.18,-13.49,50.2,26.13,1.084,MED,-,27.2605,27.7608,25.6996,1,61.515,CONTENDER,16.1381
856,-1,FIHL,FIDELIS INSURANCE HOLDINGS LTD,Financials,,small,20.15,41.9,0.0129,-0.0177,0.0425,FLAT,10.4,25.7,14.0,-15.99,56.22,21.88,0.6004,LOW,-,19.2805,19.2393,18.0558,1,66.0374,LAGGARD,16.1176
857,-5,IT,Gartner,Information Technology,IT Consulting & Other Services,large,149.1,0.53,-0.0255,-0.1321,-0.3567,STRONG_UP,-39.23,-63.06,-67.84,-68.03,49.4,61.95,0.5826,LOW,EARLY,154.803,158.1082,237.3125,0,-50.2839,WEAK,16.1168
858,-115,PFE,Pfizer,Health Care,Pharmaceuticals,large,27.11,43.75,-0.0331,-0.0263,0.1052,STRONG_DOWN,13.42,29.58,19.26,-11.47,51.81,24.0,0.5394,LOW,-,27.424,27.1714,25.0378,1,63.8565,LAGGARD,16.0836
859,25,BFLY,BUTTERFLY NETWORK INC CLASS A,Health Care,,small,4.44,64.45,0.0528,0.0925,0.0183,FLAT,93.04,76.19,373.85,-49.43,46.59,130.99,0.5711,LOW,-,4.111,3.7516,2.7994,1,27.0991,CONTENDER,16.0789
860,134,MSFT,Microsoft,Information Technology,Systems Software,large,393.11,31.22,0.0288,-0.0796,-0.152,STRONG_UP,-23.21,2.69,-3.5,-33.91,52.61,33.51,1.0024,MED,SHIFT,376.2245,391.9356,471.5573,0,4.2287,WEAK,16.071
861,34,IQV,IQVIA,Health Care,Life Sciences Tools & Services,large,175.28,35.16,-0.0041,0.0199,-0.2669,FLAT,-13.98,17.52,-24.17,-33.72,49.0,47.69,0.4472,LOW,SHIFT,168.988,173.5114,196.6088,0,18.0005,WEAK,16.0662
862,56,MTX,MINERALS TECHNOLOGIES INC,Materials,,mid,72.86,43.08,-0.0071,-0.0182,0.0666,FLAT,24.11,29.33,2.68,-15.83,53.01,26.89,0.5341,LOW,-,69.9565,70.3591,63.0596,1,57.8229,LAGGARD,16.0403
863,-40,ROAD,CONSTRUCTION PARTNERS INC CLASS A,Industrials,,mid,114.91,51.06,-0.0253,-0.104,-0.0487,FLAT,-7.34,43.71,108.93,-26.55,51.41,55.23,0.7192,LOW,PROGRESS,112.0015,121.4201,115.259,0,40.6862,LAGGARD,16.0311
864,-83,CTRA,Coterra,Energy,Oil & Gas Exploration & Production,large,31.67,20.22,-0.0142,-0.0446,0.0176,FLAT,38.85,29.36,24.46,-15.51,56.22,31.42,0.6597,LOW,-,34.2285,32.0749,26.4219,1,52.5417,LAGGARD,16.0168
865,-101,KMI,Kinder Morgan,Energy,Oil & Gas Storage & Transportation,large,31.65,13.48,-0.0005,-0.0728,-0.0932,STRONG_UP,18.21,21.29,93.36,-11.11,52.61,19.53,0.7366,LOW,-,33.1865,32.6866,28.3351,1,57.3579,LAGGARD,16.0168
866,61,VIR,VIR BIOTECHNOLOGY INC,Health Care,,small,10.05,65.23,0.036,-0.0064,0.6019,FLAT,71.5,78.83,17.27,-31.96,49.0,87.89,0.762,LOW,-,9.149,8.7557,6.4456,1,43.9465,CONTENDER,16.0121
867,-18,VMC,Vulcan Materials Company,Materials,Construction Materials,large,296.86,32.31,0.0059,0.0482,-0.0866,FLAT,-1.59,22.26,15.65,-22.05,57.03,33.18,0.3492,LOW,-,275.027,290.2377,289.281,1,38.262,LAGGARD,16.0001
868,22,ARES,Ares Management,Financials,Asset Management & Custody Banks,large,112.61,7.75,0.0638,0.0553,-0.3767,STRONG_UP,-20.01,-17.64,-7.6,-49.3,49.8,57.85,0.8925,LOW,PROGRESS,105.94,114.0893,151.6041,0,-15.1882,WEAK,15.9883
869,153,PCT,PURECYCLE TECHNOLOGIES INC,Materials,,small,6.73,18.46,0.2105,0.0904,-0.3951,STRONG_UP,-48.9,5.82,26.98,-70.09,45.38,86.52,1.0528,MED,-,5.5925,6.9406,10.7773,0,3.0514,WEAK,15.9746
870,-36,HWKN,HAWKINS INC,Materials,,mid,148.14,33.85,-0.0027,-0.0371,-0.0681,STRONG_UP,-14.58,22.32,94.42,-34.79,53.41,43.32,0.6841,LOW,SHIFT,147.2525,145.0236,153.0837,0,27.5166,WEAK,15.9666
871,7,BX,Blackstone Inc.,Financials,Asset Management & Custody Banks,large,126.33,14.08,0.0632,0.099,-0.2281,FLAT,-18.48,-2.18,10.67,-44.76,45.38,44.11,0.8577,LOW,SHIFT,113.4665,117.7487,147.6959,0,-2.2411,WEAK,15.9142
872,9,ARVN,ARVINAS INC,Health Care,,small,11.0,50.78,-0.0387,-0.1494,-0.0974,FLAT,12.24,45.12,-68.32,-36.9,51.0,56.95,0.96,LOW,-,10.892,12.1244,10.2701,1,40.4048,CONTENDER,15.9003
873,-44,SM,SM ENERGY,Energy,,mid,27.65,21.35,-0.001,0.0134,0.2865,STRONG_DOWN,23.09,33.15,-41.66,-38.16,50.2,54.16,0.5589,LOW,-,29.7715,25.5988,23.2081,1,30.7231,LAGGARD,15.8888
874,-101,SNPS,Synopsys,Information Technology,Application Software,large,418.8,29.1,-0.0024,-0.0791,-0.1708,STRONG_UP,-6.52,-1.61,-23.0,-41.04,51.81,44.93,0.5824,LOW,PROGRESS,407.9175,421.6756,484.1613,0,-1.8557,WEAK,15.8747
875,-59,KWR,QUAKER HOUGHTON CORP,Materials,,mid,128.11,38.46,-0.0139,0.0272,-0.2062,FLAT,-0.38,26.61,-31.61,-36.46,46.18,42.4,0.8374,LOW,PROGRESS,123.572,141.9346,136.6087,0,28.9805,WEAK,15.8144
876,-4,YOU,CLEAR SECURE INC CLASS A,Information Technology,,mid,48.39,61.9,-0.0635,-0.0274,0.4469,STRONG_DOWN,60.33,81.45,172.86,-22.91,51.0,91.28,0.4613,LOW,-,50.032,43.4719,35.8373,1,45.5055,CONTENDER,15.7931
877,11,KKR,KKR & Co.,Financials,Asset Management & Custody Banks,large,100.43,13.03,0.0584,0.0861,-0.2778,FLAT,-16.33,-3.04,6.06,-44.62,49.8,48.62,0.7487,LOW,SHIFT,91.659,94.7825,122.5975,0,-3.1175,WEAK,15.7238
878,-54,FFBC,FIRST FINANCIAL BANCORP,Financials,,mid,29.34,53.52,-0.0065,0.01,0.1167,STRONG_DOWN,19.95,35.58,50.08,-14.19,47.39,28.07,0.4604,LOW,-,27.9695,28.4768,25.7594,1,60.0699,CONTENDER,15.7118
879,-22,FFIV,"F5, Inc.",Information Technology,Communications Equipment,large,295.19,37.57,-0.0548,-0.0221,0.1056,STRONG_DOWN,-13.34,12.01,60.62,-34.73,51.81,38.38,0.6819,LOW,-,293.0905,284.5648,287.284,1,16.2177,LAGGARD,15.7078
880,78,SPB,SPECTRUM BRANDS HOLDINGS INC,Consumer Staples,,small,80.25,72.58,0.0315,0.1032,0.2207,STRONG_DOWN,60.39,36.95,7.48,-23.7,51.41,34.29,0.5129,LOW,-,75.2925,75.4437,60.8758,1,55.4051,CONTENDER,15.6911
881,24,RHP,RYMAN HOSPITALITY PROPERTIES REIT,Real Estate,,mid,102.02,64.2,0.0306,0.1012,0.0289,FLAT,17.76,26.14,2.47,-16.72,49.8,25.96,0.8363,LOW,-,93.4005,95.664,93.1343,1,50.1474,CONTENDER,15.6888
882,-102,FLYW,FLYWIRE CORP,Financials,,small,12.23,68.66,0.0208,-0.0939,-0.196,STRONG_UP,-2.63,42.04,-41.57,-28.16,51.0,49.09,0.8789,LOW,-,11.922,11.9262,12.7985,0,43.68,LAGGARD,15.6774
883,2,NXPI,NXP Semiconductors,Information Technology,Semiconductors,large,209.89,42.86,0.0061,0.0438,-0.1067,FLAT,-2.21,24.62,-5.41,-24.58,48.19,35.88,0.8737,LOW,PROGRESS,196.96,211.7871,217.481,0,33.0713,WEAK,15.6455
884,65,DNLI,DENALI THERAPEUTICS INC,Health Care,,mid,20.16,55.47,0.0079,-0.065,0.1224,FLAT,34.58,53.08,13.0,-23.42,49.0,65.18,0.4591,LOW,-,19.8617,20.3105,17.0928,1,39.9,CONTENDER,15.5859
885,-23,MGNI,MAGNITE INC,Communication,,small,12.46,37.5,-0.0062,-0.0792,-0.3238,STRONG_UP,-28.8,22.88,41.27,-57.77,53.01,62.68,0.4734,LOW,-,12.0935,12.3116,17.7247,0,19.3499,WEAK,15.566
886,-23,TPL,Texas Pacific Land Corporation,Energy,Oil & Gas Exploration & Production,large,412.2,5.62,-0.0412,-0.2406,0.034,FLAT,39.01,-1.59,117.19,-42.34,53.01,60.64,0.732,LOW,-,476.396,470.5923,351.567,1,-1.3857,LAGGARD,15.5655
887,-7,KOS,KOSMOS ENERGY LTD,Energy,,small,2.5,39.33,-0.0582,0.0577,0.7679,STRONG_DOWN,51.52,57.23,-58.68,-63.6,44.58,124.53,0.5154,LOW,-,2.761,2.3036,1.7353,1,20.4885,LAGGARD,15.5511
888,25,XYL,Xylem Inc.,Industrials,Industrial Machinery & Supplies & Components,large,129.66,37.87,-0.0115,-0.0016,-0.1147,FLAT,-10.64,20.26,4.27,-23.57,52.21,30.33,0.519,LOW,SHIFT,122.682,126.4284,136.6924,0,34.8684,WEAK,15.536
889,15,KTB,KONTOOR BRANDS INC,Consumer Discretionary,,mid,73.03,53.42,-0.0004,0.045,0.301,STRONG_DOWN,-5.69,35.58,43.13,-32.91,49.4,56.84,0.2986,LOW,-,69.7535,68.5852,69.6509,1,30.9218,CONTENDER,15.5359
890,98,NNE,NANO NUCLEAR ENERGY INC,Industrials,,small,23.52,25.53,0.0227,-0.0015,-0.3177,STRONG_UP,-56.8,6.19,353.18,-66.45,46.59,79.18,1.3512,MED,-,21.2335,23.9589,33.2455,0,3.6394,WEAK,15.5191
891,19,NOG,NORTHERN OIL AND GAS INC,Energy,,mid,25.68,14.61,-0.0456,-0.0718,-0.0996,STRONG_UP,15.03,22.46,-31.87,-34.26,51.0,45.2,0.7743,LOW,-,28.262,27.1754,24.2974,1,25.3416,LAGGARD,15.5145
892,39,BATRK,ATLANTA BRAVES HOLDINGS INC SERIES,Communication,,mid,45.24,29.17,-0.0053,-0.0608,0.0589,FLAT,12.34,18.77,18.86,-18.72,53.41,19.29,0.5436,LOW,-,43.103,42.7098,41.8963,1,51.9739,LAGGARD,15.483
893,114,CHEF,CHEFS WAREHOUSE INC,Consumer Staples,,mid,66.19,66.13,0.0568,0.0547,0.0612,FLAT,14.89,23.6,101.49,-20.49,55.02,38.01,1.0221,MED,-,60.82,64.1824,62.5747,1,34.1673,CONTENDER,15.4477
894,103,BULL,WEBULL CORP CLASS A,Financials,,mid,5.82,0.0,0.1352,0.0157,-0.3406,STRONG_UP,-50.43,-85.77,-47.43,-88.68,42.57,62.2,1.1663,MED,SHIFT,5.0775,5.6032,10.0975,0,-58.7015,WEAK,15.4463
895,60,MEG,MONTROSE ENVIRONMENTAL GRP INC,Industrials,,small,21.66,57.02,-0.0641,-0.1528,-0.2098,STRONG_UP,-25.46,52.64,-49.21,-34.03,50.6,71.36,0.319,LOW,-,22.207,23.7532,25.3585,0,37.3279,LAGGARD,15.4157
896,45,RXO,RXO INC,Industrials,,mid,16.24,37.45,-0.0259,0.286,0.0302,FLAT,-0.61,20.03,-19.8,-43.07,52.61,74.45,0.9318,LOW,-,14.638,14.8486,15.2193,1,14.1539,LAGGARD,15.3963
897,0,NDAQ,"Nasdaq, Inc.",Financials,Financial Exchanges & Data,large,86.71,31.34,-0.0263,-0.071,-0.1716,STRONG_UP,-2.4,19.95,47.82,-21.76,57.83,34.97,0.7039,LOW,SHIFT,85.3515,85.1013,90.0345,0,32.9849,WEAK,15.3773
898,38,ACHR,ARCHER AVIATION INC CLASS A,Industrials,,mid,5.67,8.09,-0.0085,-0.1461,-0.3738,STRONG_UP,-55.6,-20.37,45.76,-63.78,48.59,63.51,0.6268,LOW,PROGRESS,5.5265,6.311,8.7054,0,-15.5809,WEAK,15.3757
899,80,TDS,TELEPHONE AND DATA SYSTEMS INC,Communication,,mid,45.49,41.67,-0.0362,-0.0396,-0.0296,FLAT,18.51,23.7,199.18,-15.67,53.41,27.48,1.1123,MED,-,43.637,44.5226,40.5099,1,46.0561,LAGGARD,15.3745
900,-54,STBA,S AND T BANCORP INC,Financials,,small,43.87,51.76,-0.0076,0.0118,0.0707,STRONG_DOWN,24.67,33.74,60.22,-13.37,49.4,25.42,0.7233,LOW,-,41.942,42.384,39.2443,1,65.5687,CONTENDER,15.2567
901,24,CBRE,CBRE Group,Real Estate,Real Estate Services,large,147.07,59.26,0.0094,0.0599,-0.1771,FLAT,-3.83,23.92,69.07,-23.22,53.01,43.41,0.7068,LOW,SHIFT,136.9235,143.582,153.8803,0,29.2116,LAGGARD,15.2472
902,59,HUBG,HUB GROUP INC CLASS A,Industrials,,mid,39.85,40.43,0.009,0.095,-0.1883,FLAT,19.16,23.57,0.57,-35.62,53.01,52.12,0.7629,LOW,-,36.517,39.6585,38.3104,1,23.9718,LAGGARD,15.222
903,4,TRV,Travelers Companies (The),Financials,Property & Casualty Insurance,large,299.59,35.92,-0.0172,-0.0976,0.0585,FLAT,11.65,21.9,40.11,-8.93,51.81,18.89,,LOW,-,295.807,298.711,279.377,1,60.0698,LAGGARD,15.2191
904,30,XENE,XENON PHARMACEUTICALS INC,Health Care,,mid,59.35,66.02,0.0118,0.0427,0.4797,STRONG_DOWN,48.41,79.69,43.67,-25.75,49.4,104.64,0.6094,LOW,-,56.3985,49.9735,41.6844,1,37.6189,CONTENDER,15.1937
905,11,PYPL,PayPal,Financials,Transaction & Payment Processing Services,large,47.97,6.69,0.0358,-0.0249,-0.2006,STRONG_UP,-29.96,-22.22,-24.06,-49.92,50.6,54.18,0.4411,LOW,SHIFT,45.2515,44.4143,60.6125,0,-20.7475,WEAK,15.1825
906,46,VRSN,Verisign,Information Technology,Internet Services & Infrastructure,large,268.34,35.98,-0.0329,0.0566,0.1049,STRONG_DOWN,2.31,8.58,48.3,-30.21,54.22,33.4,1.1815,MED,-,254.588,239.0658,255.9341,1,13.9208,LAGGARD,15.1643
907,37,IEX,IDEX Corporation,Industrials,Industrial Machinery & Supplies & Components,large,204.9,41.28,0.0125,0.009,0.0547,FLAT,27.86,24.36,-8.54,-17.02,46.18,26.0,0.5526,LOW,-,192.4105,199.8998,178.832,1,43.2627,LAGGARD,15.1608
908,12,ONB,OLD NATIONAL BANCORP,Financials,,mid,23.44,38.03,-0.0024,0.0094,-0.0067,FLAT,11.69,23.41,57.58,-17.73,50.2,27.71,1.108,MED,-,22.187,23.1997,22.1194,1,42.4056,LAGGARD,15.1564
909,20,XNCR,XENCOR INC,Health Care,,small,12.51,44.53,0.0016,-0.0052,-0.095,STRONG_UP,-10.39,31.13,-37.79,-40.35,46.99,64.16,1.0457,MED,-,12.1465,11.99,11.983,1,22.8008,LAGGARD,15.1152
910,1,INTU,Intuit,Information Technology,Application Software,large,366.8,9.52,-0.0788,-0.249,-0.3812,STRONG_UP,-43.78,-37.76,-39.2,-56.24,48.59,54.48,0.5917,LOW,EARLY,416.8322,419.3765,609.7759,0,-33.6733,WEAK,15.108
911,34,AKAM,Akamai Technologies,Information Technology,Internet Services & Infrastructure,large,88.84,39.15,-0.2576,-0.2199,0.0113,STRONG_DOWN,20.38,19.23,-13.09,-25.44,53.82,65.69,1.7322,HIGH,-,110.153,104.4844,87.1736,1,15.7571,LAGGARD,15.0981
912,-87,CRWD,CrowdStrike,Information Technology,Systems Software,large,398.49,30.16,-0.0891,-0.1223,-0.1376,STRONG_UP,-21.65,1.45,33.05,-37.18,51.81,55.92,0.7312,LOW,EARLY,402.3115,405.7953,460.875,0,1.3421,WEAK,15.0908
913,-13,EE,EXCELERATE ENERGY INC CLASS A,Energy,,mid,33.25,17.98,-0.0039,-0.0409,-0.2048,STRONG_UP,21.89,27.34,121.14,-27.46,52.61,44.32,0.5598,LOW,-,33.74,36.6465,29.2795,1,32.452,LAGGARD,15.0511
914,33,CNP,CenterPoint Energy,Utilities,Multi-Utilities,large,42.9,46.0,-0.0095,-0.0276,0.0074,FLAT,10.69,18.11,64.69,-8.39,54.22,16.64,0.562,LOW,-,42.9855,42.5633,39.1516,1,59.0204,LAGGARD,15.0253
915,-102,ALLE,Allegion,Industrials,Building Products,large,147.02,34.47,-0.0072,-0.0643,-0.1305,STRONG_UP,-15.03,16.72,18.45,-22.16,51.0,28.19,0.4253,LOW,PROGRESS,144.341,154.609,162.182,0,30.2541,WEAK,15.013
916,41,NCLH,Norwegian Cruise Line Holdings,Consumer Discretionary,"Hotels, Resorts & Cruise Lines",mid,21.09,47.26,0.032,0.0226,-0.0523,STRONG_UP,-8.46,29.31,21.63,-35.04,48.19,68.49,0.4972,LOW,PROGRESS,19.5595,21.2306,22.2855,0,20.6207,WEAK,15.0124
917,-18,NTAP,NetApp,Information Technology,"Technology Hardware, Storage & Peripherals",large,98.89,40.74,-0.0293,-0.0903,-0.0626,FLAT,-15.97,22.66,0.37,-24.83,51.0,39.77,0.8535,LOW,EARLY,100.7175,100.2554,107.7373,0,29.0603,WEAK,14.9936
918,-67,RDW,REDWIRE CORP,Industrials,,small,9.81,19.15,-0.0039,-0.0443,-0.0757,STRONG_UP,8.28,-3.63,,-75.4,49.8,120.09,0.923,LOW,-,9.2815,9.2024,9.6714,1,-1.5072,LAGGARD,14.9805
919,32,GNW,GENWORTH FINANCIAL INC,Financials,,mid,8.6,47.89,-0.03,-0.0047,-0.0383,FLAT,-0.92,29.71,46.76,-14.07,49.4,27.15,0.5152,LOW,-,8.3025,8.4812,8.4782,1,54.0642,LAGGARD,14.944
920,65,GEHC,GE HealthCare,Health Care,Health Care Equipment,large,74.67,37.11,-0.0075,-0.01,-0.1112,STRONG_UP,4.08,18.61,-12.98,-21.96,53.01,33.06,0.5755,LOW,PROGRESS,71.4268,76.065,76.7744,0,29.8405,WEAK,14.939
921,-9,TRNO,TERRENO REALTY REIT CORP,Real Estate,,mid,65.65,53.09,0.0021,0.0223,0.0392,STRONG_DOWN,17.17,21.74,17.75,-10.85,55.82,20.01,0.4154,LOW,-,62.3668,63.3896,59.0731,1,60.6595,CONTENDER,14.9345
922,-172,FICO,Fair Isaac,Information Technology,Application Software,large,1007.28,5.29,-0.1011,-0.1953,-0.3685,STRONG_UP,-38.95,-47.64,-12.45,-58.19,51.41,64.01,0.8518,LOW,EARLY,1066.766,1232.5396,1515.7477,0,-38.2661,WEAK,14.8969
923,198,APLE,APPLE HOSPITALITY REIT INC,Real Estate,,mid,12.66,46.91,0.0305,0.0532,-0.0273,FLAT,15.76,19.31,-5.95,-13.49,48.59,23.5,1.7076,HIGH,-,11.8316,11.9528,11.6701,1,39.9278,LAGGARD,14.8873
924,13,HIG,Hartford (The),Financials,Property & Casualty Insurance,large,138.77,32.39,-0.0116,-0.0512,0.0068,FLAT,8.73,20.43,47.53,-9.16,53.82,18.95,0.5197,LOW,-,135.563,137.8993,131.4537,1,58.0191,LAGGARD,14.882
925,-60,AMTB,AMERANT BANCORP INC CLASS A,Financials,,small,23.92,50.0,-0.0089,0.0631,0.1512,STRONG_DOWN,30.06,31.84,17.96,-22.86,51.0,30.07,0.5089,LOW,-,22.2785,22.0988,20.0721,1,54.0103,CONTENDER,14.8603
926,6,CNC,Centene Corporation,Health Care,Managed Health Care,large,37.26,4.69,-0.0205,0.0288,-0.1782,FLAT,2.48,-40.17,-48.76,-59.93,52.61,53.2,0.4683,LOW,-,34.866,38.5386,36.3299,1,-39.7279,LAGGARD,14.8371
927,87,LULU,Lululemon Athletica,Consumer Discretionary,"Apparel, Accessories & Luxury Goods",large,160.6,1.37,-0.0042,-0.0367,-0.1798,STRONG_UP,-5.45,-37.18,-52.03,-56.49,50.2,42.8,1.0164,MED,PROGRESS,158.502,168.0602,186.312,0,-43.6051,WEAK,14.7557
928,-20,MATW,MATTHEWS INTERNATIONAL CORP CLASS,Consumer Discretionary,,small,26.99,52.74,0.0083,0.0558,0.0587,STRONG_DOWN,24.75,35.12,9.64,-15.87,51.81,30.39,0.6062,LOW,-,25.5545,25.8858,24.778,1,59.8696,CONTENDER,14.7252
929,95,TNDM,TANDEM DIABETES CARE INC,Health Care,,small,21.11,37.89,0.0713,-0.0816,0.0192,FLAT,52.2,19.2,-33.74,-56.99,47.39,90.92,1.1187,MED,-,21.4218,21.5874,17.7931,1,10.0066,LAGGARD,14.7078
930,0,NJR,NEW JERSEY RESOURCES CORP,Utilities,,mid,56.09,48.0,-0.009,0.025,0.0949,STRONG_DOWN,26.69,19.71,45.76,-10.65,54.62,17.14,0.4074,LOW,-,55.1625,53.9506,47.6662,1,62.8028,LAGGARD,14.7065
931,28,GD,General Dynamics,Industrials,Aerospace & Defense,large,339.88,41.7,-0.0491,-0.109,-0.0995,FLAT,2.53,24.89,24.09,-8.35,51.81,22.39,0.8401,LOW,-,345.947,349.8364,333.6318,1,57.6006,LAGGARD,14.6806
932,44,HSY,Hershey Company (The),Consumer Staples,Packaged Foods & Meats,large,197.68,62.9,-0.0437,-0.0851,-0.0254,FLAT,5.98,21.32,15.03,-17.0,51.41,30.69,0.9794,LOW,-,209.279,217.4851,189.9691,1,35.7088,CONTENDER,14.6692
933,-64,CNX,CNX RESOURCES CORP,Energy,,mid,38.37,15.73,0.0343,-0.1085,-0.2022,STRONG_UP,17.56,24.42,61.35,-20.14,54.62,32.15,0.6475,LOW,-,39.776,40.0306,35.26,1,41.4812,LAGGARD,14.667
934,78,MGM,MGM Resorts,Consumer Discretionary,Casinos & Gaming,large,36.73,43.15,-0.0252,-0.0202,0.1244,STRONG_DOWN,16.34,23.63,-14.28,-22.76,48.59,45.13,1.0331,MED,-,36.8795,36.339,35.476,1,25.4399,LAGGARD,14.6354
935,196,TECH,Bio-Techne,Health Care,Life Sciences Tools & Services,mid,58.66,32.81,0.0428,0.1587,-0.1073,FLAT,-1.39,15.53,-9.56,-31.53,50.6,39.94,1.0243,MED,-,53.338,56.5199,57.7782,1,19.6773,LAGGARD,14.6188
936,55,LOW,Lowe's,Consumer Discretionary,Home Improvement Retail,large,248.44,34.25,0.0055,-0.0149,-0.0277,STRONG_UP,6.95,14.94,12.21,-21.84,51.81,29.56,0.4906,LOW,-,236.5115,254.7798,246.6954,1,26.1797,LAGGARD,14.6113
937,-13,TRMB,Trimble Inc.,Information Technology,Electronic Equipment & Instruments,large,66.51,37.04,-0.0269,-0.0638,-0.1602,STRONG_UP,-13.69,11.61,11.95,-26.63,55.82,34.78,0.7023,LOW,PROGRESS,65.4545,66.5272,76.5083,0,18.6377,WEAK,14.6025
938,29,GFF,GRIFFON CORP,Industrials,,mid,82.72,37.02,0.0682,0.0649,-0.0458,STRONG_UP,14.08,19.46,26.48,-27.85,50.6,35.85,0.9986,LOW,-,73.3385,79.9611,77.0056,1,27.469,LAGGARD,14.5557
939,-52,INOD,INNODATA INC,Industrials,,small,41.32,33.19,0.0138,-0.1373,-0.3842,STRONG_UP,-49.41,15.74,570.78,-63.03,48.19,83.18,0.9491,LOW,-,40.489,43.5404,54.4852,0,9.1202,WEAK,14.5248
940,-191,WINA,WINMARK CORP,Consumer Discretionary,,small,417.0,50.0,-0.0674,-0.1041,0.0551,FLAT,0.03,32.13,27.36,-24.17,58.63,39.47,0.5731,LOW,-,424.9565,440.0595,425.9525,0,47.7327,LAGGARD,14.4858
941,12,ITW,Illinois Tool Works,Industrials,Industrial Machinery & Supplies & Components,large,272.25,38.3,-0.0145,-0.0527,0.0239,FLAT,12.8,20.58,12.6,-14.49,52.21,24.15,0.5392,LOW,-,262.885,275.7199,257.4276,1,44.4882,LAGGARD,14.4576
942,-20,DECK,Deckers Brands,Consumer Discretionary,Footwear,large,107.81,26.71,-0.0015,0.0195,0.1243,STRONG_DOWN,9.66,3.48,-20.67,-38.52,47.39,53.11,0.419,LOW,-,102.1165,108.3308,103.34,1,3.1091,LAGGARD,14.4467
943,109,RES,RPC INC,Energy,,small,6.66,24.72,0.0368,-0.003,-0.1463,STRONG_UP,56.39,43.5,-9.71,-20.83,49.8,53.45,1.0061,MED,-,6.9095,6.3502,5.3738,1,40.5248,LAGGARD,14.4373
944,-68,HOPE,HOPE BANCORP INC,Financials,,small,12.2,55.99,-0.0081,0.0472,0.0513,STRONG_DOWN,17.08,36.24,27.74,-15.54,48.59,30.18,0.7829,LOW,-,11.4475,11.5981,10.9067,1,58.3459,CONTENDER,14.4251
945,-70,NWBI,NORTHWEST BANCSHARES INC,Financials,,small,13.38,42.96,-0.0173,0.0146,0.0835,STRONG_DOWN,13.5,27.29,40.56,-13.97,51.0,21.96,0.7149,LOW,-,12.8005,12.7714,12.2144,1,63.375,LAGGARD,14.3526
946,114,APD,Air Products,Materials,Industrial Gases,large,296.63,26.15,-0.0097,-0.0363,0.0862,FLAT,15.26,14.81,35.11,-22.39,50.6,25.39,0.6638,LOW,-,289.6655,283.3682,270.4255,1,29.5128,LAGGARD,14.3521
947,-102,PEBO,PEOPLES BANCORP INC,Financials,,small,33.91,48.59,-0.0174,-0.0153,0.081,STRONG_DOWN,19.51,30.3,37.04,-12.53,49.0,23.1,0.5452,LOW,-,32.868,32.8856,30.3391,1,64.2725,LAGGARD,14.3491
948,-8,FBP,FIRST BANCORP,Financials,,mid,22.76,47.54,-0.0022,0.0262,0.0481,STRONG_DOWN,6.67,29.7,45.47,-13.83,53.01,28.22,0.6107,LOW,-,21.508,21.6601,21.0979,1,55.7895,LAGGARD,14.3159
949,90,DEA,EASTERLY GOVERNMENT PROPERTIES INC,Real Estate,,small,23.22,51.85,0.0256,0.0165,-0.0123,STRONG_UP,13.61,21.54,-2.47,-11.2,50.6,20.69,0.5829,LOW,-,22.0445,22.6163,21.7503,1,52.6725,CONTENDER,14.3133
950,30,AHCO,ADAPTHEALTH CORP,Health Care,,small,12.77,57.81,0.0288,0.1824,0.2128,STRONG_DOWN,46.78,59.63,29.25,-17.4,48.59,52.61,0.9279,LOW,-,11.4755,10.5672,9.7831,1,55.069,CONTENDER,14.287
951,-8,WOR,WORTHINGTON ENTERPRISES INC,Industrials,,mid,55.32,35.74,-0.0146,0.0756,0.0019,FLAT,0.48,17.78,-1.75,-29.83,53.01,30.89,0.5194,LOW,SHIFT,51.6015,53.5041,56.8381,0,30.5078,WEAK,14.2799
952,-19,ABBV,AbbVie,Health Care,Biotechnology,large,210.26,40.23,-0.0263,-0.0956,-0.0323,FLAT,-7.3,21.79,38.03,-14.86,52.21,25.26,0.6614,LOW,PROGRESS,209.669,219.9518,215.1322,0,45.0364,WEAK,14.2786
953,11,AEE,Ameren,Utilities,Multi-Utilities,large,111.86,42.0,-0.0005,-0.0083,-0.0021,FLAT,9.53,16.22,66.0,-7.9,56.63,16.42,0.3837,LOW,-,110.3695,109.4249,102.1775,1,55.944,LAGGARD,14.238
954,0,WAFD,WAFD INC,Financials,,mid,32.71,39.79,-0.014,-0.0245,-0.0317,STRONG_UP,14.79,23.84,29.71,-12.9,51.41,25.7,0.6372,LOW,-,31.7565,32.0003,30.8604,1,47.6809,LAGGARD,14.2303
955,-81,GBCI,GLACIER BANCORP INC,Financials,,mid,47.87,41.55,0.0003,0.0314,-0.0029,FLAT,2.55,25.48,40.58,-19.56,53.01,31.88,0.7199,LOW,-,45.0705,46.8033,45.3822,1,42.3648,LAGGARD,14.2236
956,124,REG,Regency Centers,Real Estate,Retail REITs,large,79.57,44.44,-0.002,-0.0058,0.0827,FLAT,13.67,17.76,48.77,-8.17,48.59,15.59,0.8607,LOW,-,76.3885,76.334,70.9478,1,55.3612,LAGGARD,14.2074
957,59,STEP,STEPSTONE GROUP INC CLASS A,Financials,,mid,52.63,25.35,0.0738,0.0919,-0.3209,FLAT,-18.7,13.02,55.41,-43.1,51.41,58.79,0.7424,LOW,SHIFT,47.381,49.9932,59.5736,0,11.3852,WEAK,14.2022
958,25,DTE,DTE Energy,Utilities,Multi-Utilities,large,147.74,38.0,0.0018,-0.0096,0.0162,FLAT,7.27,14.87,49.76,-10.13,59.04,17.02,0.4695,LOW,-,146.5525,144.3352,136.2115,1,51.5828,LAGGARD,14.2006
959,-44,DE,Deere & Company,Industrials,Agricultural & Farm Machinery,large,596.04,44.26,-0.0465,-0.0284,0.1536,STRONG_DOWN,36.61,30.91,55.62,-16.83,50.6,36.69,0.5509,LOW,-,579.076,591.2897,508.7209,1,42.6335,LAGGARD,14.1962
960,18,BCO,BRINKS,Industrials,,mid,106.66,40.85,-0.0212,-0.0671,-0.1727,STRONG_UP,-3.61,23.63,25.77,-27.95,48.59,41.96,0.9938,LOW,PROGRESS,103.0185,115.706,111.972,0,27.364,WEAK,14.1797
961,26,CURB,CURBLINE PROPERTIES,Real Estate,,mid,27.31,58.02,-0.0258,-0.005,0.0728,STRONG_DOWN,22.77,23.33,44.13,-9.54,51.0,20.53,0.7341,LOW,-,26.3255,26.4484,23.6264,1,57.9647,CONTENDER,14.1468
962,19,EAT,BRINKER INTERNATIONAL INC,Consumer Discretionary,,mid,159.25,29.45,0.0224,0.0648,0.0221,FLAT,23.93,5.45,253.73,-44.41,50.6,43.18,0.5458,LOW,-,146.522,149.2512,146.9359,1,6.3861,LAGGARD,14.1453
963,105,CHTR,Charter Communications,Communication Services,Cable & Satellite,large,215.57,4.55,-0.043,-0.0466,0.1019,FLAT,-16.68,-37.18,-16.09,-57.21,49.8,42.65,1.2424,MED,EARLY,218.457,224.7762,248.7357,0,-43.4183,WEAK,14.1406
964,86,UPS,United Parcel Service,Industrials,Air Freight & Logistics,large,103.22,31.91,0.0044,-0.0128,-0.0612,STRONG_UP,28.01,14.27,-19.95,-20.28,51.81,27.49,0.5548,LOW,-,98.3495,105.9419,95.0277,1,26.9025,LAGGARD,14.1353
965,53,BMY,Bristol Myers Squibb,Health Care,Pharmaceuticals,large,58.08,40.62,-0.0389,-0.0624,0.0585,FLAT,36.36,21.96,31.89,-13.68,49.4,24.6,0.4276,LOW,-,58.5442,59.1934,50.1637,1,44.1071,LAGGARD,14.1189
966,20,SAH,SONIC AUTOMOTIVE INC CLASS A,Consumer Discretionary,,mid,68.23,38.36,0.0203,0.081,0.1499,STRONG_DOWN,-3.89,19.3,44.38,-33.64,55.42,37.64,0.4346,LOW,SHIFT,64.8805,62.782,68.7819,0,28.4227,WEAK,14.1076
967,2,UNH,UnitedHealth Group,Health Care,Managed Health Care,large,314.19,3.52,0.0072,0.0574,-0.0443,FLAT,-11.12,-44.64,-26.35,-59.07,49.0,52.46,0.4567,LOW,-,284.2245,283.09,308.773,1,-41.6999,LAGGARD,14.1029
968,74,SBUX,Starbucks,Consumer Discretionary,Restaurants,large,98.47,40.41,-0.0022,-0.0344,0.1587,FLAT,24.73,20.88,21.83,-18.53,50.2,30.58,0.5552,LOW,-,93.4465,95.6784,88.838,1,34.2733,LAGGARD,14.0943
969,-108,WABC,WESTAMERICA BANCORPORATION,Financials,,small,53.57,38.73,-0.013,-0.0269,0.0675,FLAT,18.83,23.65,24.04,-11.82,52.21,20.74,0.7645,LOW,-,51.894,51.6262,48.9351,1,59.5239,LAGGARD,14.0941
970,-91,CDNS,Cadence Design Systems,Information Technology,Application Software,large,292.37,36.51,-0.0135,-0.0637,-0.0841,STRONG_UP,-12.0,10.62,-3.05,-28.85,51.41,46.82,,LOW,SHIFT,282.429,288.4634,321.2347,0,11.6571,WEAK,14.0924
971,-163,CSGP,CoStar Group,Real Estate,Real Estate Services,large,37.6,0.0,-0.0554,-0.172,-0.4617,STRONG_UP,-49.99,-53.3,-57.04,-62.33,50.6,53.43,0.9699,LOW,EARLY,40.4335,44.9496,69.3678,0,-50.4747,WEAK,14.0669
972,24,IR,Ingersoll Rand,Industrials,Industrial Machinery & Supplies & Components,large,88.32,39.15,0.02,-0.0188,-0.014,FLAT,16.11,21.39,-3.06,-22.08,49.0,38.58,0.7227,LOW,-,82.294,88.4672,82.9842,1,27.1617,LAGGARD,14.0606
973,101,VRDN,VIRIDIAN THERAPEUTICS ORS INC,Health Care,,small,15.19,37.5,0.0301,-0.5171,-0.5176,STRONG_UP,-28.92,18.67,-2.88,-58.85,49.8,92.46,0.7958,LOW,-,21.4315,26.1326,24.4514,0,10.0569,WEAK,14.0437
974,-12,GKOS,GLAUKOS CORP,Health Care,,mid,120.52,42.97,-0.004,0.175,0.1025,FLAT,45.05,27.51,24.45,-29.92,50.6,54.32,0.5862,LOW,-,110.307,111.6184,100.5626,1,25.6236,LAGGARD,14.0185
975,125,GDDY,GoDaddy,Information Technology,Internet Services & Infrastructure,large,79.32,3.17,-0.042,-0.0964,-0.2632,STRONG_UP,-40.1,-54.67,-34.67,-58.87,49.0,51.64,1.0041,MED,EARLY,82.037,86.911,125.0687,0,-51.8792,WEAK,14.0069
976,19,AVBP,ARRIVENT BIOPHARMA INC,Health Care,,small,27.64,53.12,0.075,0.0939,0.2673,STRONG_DOWN,32.25,48.36,62.59,-33.32,49.8,63.08,,LOW,-,23.8778,23.4973,21.218,1,38.1812,CONTENDER,13.9987
977,0,ATEC,ALPHATEC HOLDNGS INC,Health Care,,small,11.52,33.98,-0.032,-0.1308,-0.2921,STRONG_UP,-12.99,16.25,-12.06,-52.25,51.0,49.51,0.6576,LOW,-,11.5455,12.6158,15.4309,0,16.7352,WEAK,13.9965
978,-13,BRZE,BRAZE INC CLASS A,Information Technology,,mid,20.51,15.87,-0.0682,0.0255,-0.2852,FLAT,-21.6,-29.3,-49.27,-57.2,47.79,82.77,1.0381,MED,-,21.1327,19.5212,26.3989,0,-16.9175,WEAK,13.9546
979,-40,SBRA,SABRA HEALTH CARE REIT INC,Real Estate,,mid,20.34,50.62,-0.011,-0.0613,-0.0063,FLAT,19.7,20.74,70.72,-12.18,51.41,21.89,0.4662,LOW,-,19.9455,19.9488,18.5871,1,48.706,CONTENDER,13.9542
980,20,NX,QUANEX BUILDING PRODUCTS CORP,Industrials,,small,19.5,36.17,-0.0127,0.0625,0.0569,FLAT,45.61,18.79,-43.23,-49.67,49.4,43.44,0.5076,LOW,-,18.035,19.253,17.1604,1,21.3693,LAGGARD,13.9504
981,38,PDD,PDD Holdings,Technology,EDP Services,large,102.1,50.0,-0.061,0.0528,0.1606,STRONG_DOWN,-19.95,8.54,-10.67,-30.36,51.41,31.69,0.8548,LOW,PROGRESS,100.359,102.1036,115.2678,0,13.8481,LAGGARD,13.9157
982,17,AVNT,AVIENT CORP,Materials,,mid,37.92,35.38,0.0147,0.0449,0.0671,STRONG_DOWN,24.24,23.78,-4.31,-28.48,49.4,35.68,0.3537,LOW,-,35.3975,37.6113,33.8347,1,32.9211,LAGGARD,13.8824
983,48,LH,Labcorp,Health Care,Health Care Services,large,268.87,39.45,-0.0413,-0.0375,0.0705,STRONG_DOWN,-2.3,20.24,35.36,-15.22,55.42,25.23,0.6376,LOW,-,267.758,273.6093,267.001,1,44.4493,LAGGARD,13.8618
984,-13,ECL,Ecolab,Materials,Specialty Chemicals,large,273.13,27.69,-0.0111,-0.0658,-0.0417,FLAT,1.63,15.86,27.23,-16.6,54.22,22.77,0.5094,LOW,-,266.4305,282.1576,271.7758,1,37.7756,LAGGARD,13.8191
985,-115,LIN,Linde plc,Materials,Industrial Gases,large,499.65,23.08,-0.0114,-0.064,0.0968,FLAT,10.19,12.29,15.29,-19.18,52.61,19.47,0.7194,LOW,-,494.9185,487.6112,457.0612,1,33.206,LAGGARD,13.8151
986,-60,IBOC,INTERNATIONAL BANCSHARES CORP,Financials,,mid,72.08,42.25,0.0134,-0.0039,0.017,FLAT,8.97,25.98,42.76,-12.74,49.0,25.25,0.6322,LOW,-,68.5055,69.3536,68.3128,1,50.4149,LAGGARD,13.8095
987,83,TROW,T. Rowe Price,Financials,Asset Management & Custody Banks,large,95.84,27.46,0.0335,0.0165,-0.1116,STRONG_UP,-6.55,15.34,-7.35,-19.76,53.01,28.15,0.6958,LOW,SHIFT,89.8825,91.4418,98.877,0,28.8854,WEAK,13.7896
988,-42,NKE,"Nike, Inc.",Consumer Discretionary,"Apparel, Accessories & Luxury Goods",large,44.2,8.22,0.0107,-0.2343,-0.2666,STRONG_UP,-33.54,-17.36,-50.42,-45.23,46.59,42.15,0.9592,LOW,EARLY,48.674,55.8978,65.1669,0,-19.1932,WEAK,13.7828
989,-51,EGBN,EAGLE BANCORP INC,Financials,,small,26.61,54.58,-0.0136,0.0071,0.1793,STRONG_DOWN,28.86,35.96,34.56,-26.57,53.01,43.7,0.3778,LOW,-,25.291,25.702,21.3069,1,43.6181,CONTENDER,13.7728
990,-17,ADMA,ADMA BIOLOGICS INC,Health Care,,mid,10.49,2.34,0.0475,-0.3829,-0.3998,STRONG_UP,-27.9,-52.64,75.42,-66.18,48.59,74.07,1.0891,MED,EARLY,10.8895,13.9752,16.3095,0,-34.5326,WEAK,13.7696
991,158,WGO,WINNEBAGO INDUSTRIES INC,Consumer Discretionary,,small,33.35,34.93,0.0216,-0.061,-0.2083,STRONG_UP,12.54,15.59,-44.02,-39.4,51.41,39.05,1.3762,MED,-,32.476,38.4188,36.3921,0,20.5185,WEAK,13.7587
992,-42,SBSI,SOUTHSIDE BANCSHARES INC,Financials,,small,33.04,42.61,-0.0002,0.013,0.0188,STRONG_DOWN,23.26,26.93,34.03,-15.77,50.2,23.18,0.4413,LOW,-,31.3445,31.6617,29.951,1,58.3154,LAGGARD,13.7511
993,41,RLJ,RLJ LODGING TRUST REIT,Real Estate,,small,8.18,67.9,0.0396,0.0765,0.0253,FLAT,26.86,28.69,-17.9,-14.61,49.4,34.01,1.0505,MED,-,7.5431,7.7078,7.2477,1,41.6726,CONTENDER,13.7233
994,122,BJRI,BJS RESTAURANTS INC,Consumer Discretionary,,small,38.4,39.73,-0.011,0.0867,-0.0895,FLAT,23.12,20.87,17.04,-38.67,52.21,35.92,,LOW,-,36.249,38.1974,37.1061,1,30.3329,LAGGARD,13.6807
995,51,ENVX,ENOVIX CORP,Industrials,,small,6.36,25.11,0.0868,0.1826,-0.2502,FLAT,-51.15,5.82,-5.07,-69.62,50.2,79.43,0.9441,LOW,-,5.3415,5.5585,8.9971,0,3.6805,WEAK,13.6688
996,114,CSR,CENTERSPACE,Real Estate,,small,62.49,40.74,0.0013,0.0108,-0.095,FLAT,9.02,14.78,11.67,-17.43,49.4,19.3,3.3628,HIGH,-,59.1873,60.9823,59.6881,1,37.8402,LAGGARD,13.6642
997,14,CRK,COMSTOCK RESOURCES INC,Energy,,mid,16.25,1.12,-0.0847,-0.231,-0.5337,STRONG_UP,-17.05,-15.8,75.11,-51.11,51.0,60.99,1.395,MED,EARLY,20.1505,20.1664,20.5722,0,-13.2146,WEAK,13.6593
998,-14,PPG,PPG Industries,Materials,Specialty Chemicals,large,110.54,24.62,-0.0091,0.0005,-0.0095,FLAT,13.29,13.9,-14.12,-25.68,50.6,36.76,0.489,LOW,-,104.969,113.6076,107.2709,1,19.1321,LAGGARD,13.6372
999,45,UNP,Union Pacific Corporation,Industrials,Rail Transportation,large,252.04,34.89,-0.0129,-0.032,0.0618,FLAT,12.84,17.22,12.76,-12.28,55.02,21.28,0.478,LOW,-,243.041,250.9519,231.277,1,44.5305,LAGGARD,13.6215
1000,-2,PNR,Pentair,Industrials,Industrial Machinery & Supplies & Components,large,90.81,30.21,-0.0216,-0.0498,-0.1614,STRONG_UP,-16.16,11.46,15.43,-25.05,49.4,32.66,0.4134,LOW,PROGRESS,87.8765,93.474,102.942,0,17.3321,WEAK,13.6174
1001,-27,COMP,COMPASS INC CLASS A,Real Estate,,mid,7.09,16.05,-0.071,-0.1715,-0.4874,STRONG_UP,2.46,-9.8,116.16,-50.81,46.99,66.3,0.3646,LOW,EARLY,7.4805,9.1084,9.0989,0,-6.9432,WEAK,13.5955
1002,-12,CWAN,CLEARWATER ANALYTICS HOLDINGS INC,Information Technology,,mid,24.06,31.75,-0.0218,-0.0352,0.0095,FLAT,34.94,2.95,49.07,-35.8,49.8,9.15,,LOW,-,23.6535,23.5196,21.4118,1,16.0693,LAGGARD,13.5888
1003,-97,BOH,BANK OF HAWAII CORP,Financials,,mid,79.12,48.24,0.0009,0.0152,0.1002,STRONG_DOWN,27.12,30.06,48.51,-15.03,46.59,27.95,0.501,LOW,-,74.8015,75.7588,68.2565,1,50.1105,LAGGARD,13.5738
1004,54,PFSI,PENNYMAC FINANCIAL SERVICES INC,Financials,,mid,92.67,13.38,0.0011,-0.0094,-0.4126,STRONG_UP,-20.24,-2.8,8.84,-47.06,51.41,75.36,0.4138,LOW,SHIFT,88.23,90.0211,112.7853,0,-1.9094,WEAK,13.506
1005,0,ALHC,ALIGNMENT HEALTHCARE INC,Health Care,,mid,21.28,28.91,-0.0214,0.1722,0.0264,FLAT,22.93,9.52,351.8,-40.25,51.81,58.18,0.6211,LOW,-,18.7255,19.361,17.6705,1,8.4789,LAGGARD,13.4146
1006,85,VCYT,VERACYTE INC,Health Care,,mid,34.3,28.12,0.0302,-0.0032,-0.1957,STRONG_UP,0.62,8.0,,-39.23,46.99,48.11,0.5558,LOW,SHIFT,32.354,34.1666,35.0967,0,7.8113,WEAK,13.406
1007,-30,CCEP,Coca-Cola Europacific Partners,Consumer Staples,Soft Drinks,large,96.43,58.06,0.0008,-0.0247,0.0358,FLAT,11.46,12.06,51.73,-17.89,55.42,24.47,0.8704,LOW,-,94.2615,98.71,92.4019,1,27.3174,CONTENDER,13.3948
1008,-4,OCUL,OCULAR THERAPEUTIX INC,Health Care,,small,8.76,34.38,0.0207,-0.0301,-0.1526,STRONG_UP,-26.08,16.33,12.31,-57.29,48.59,95.53,0.4136,LOW,-,8.35,8.7973,11.0994,0,8.3084,WEAK,13.3727
1009,103,VSTS,VESTIS CORP,Industrials,,small,9.22,36.6,0.1068,0.1826,0.3841,STRONG_DOWN,99.57,18.81,-50.06,-54.79,53.41,56.77,0.4886,LOW,-,7.9445,7.7574,6.167,1,17.7009,LAGGARD,13.3556
1010,-17,ARDX,ARDELYX INC,Health Care,,small,6.33,47.66,0.0181,0.0408,-0.0933,FLAT,26.35,36.42,-6.91,-40.42,47.79,67.25,0.9353,LOW,-,5.812,6.292,5.8515,1,25.8829,LAGGARD,13.3536
1011,161,CPRX,CATALYST PHARMACEUTICALS INC,Health Care,,mid,26.19,31.64,0.0151,0.081,0.181,STRONG_DOWN,28.38,12.74,70.18,-27.29,53.01,36.22,1.6761,HIGH,-,24.225,24.2484,22.327,1,18.6488,LAGGARD,13.3437
1012,17,VCTR,VICTORY CAPITAL HOLDINGS CLASS A I,Financials,,mid,71.97,46.48,0.0666,-0.0126,0.0306,FLAT,8.75,29.15,79.18,-18.13,50.6,37.87,0.5232,LOW,-,66.9843,69.5744,66.4098,1,38.9481,LAGGARD,13.3027
1013,-12,KNTK,KINETIK HOLDINGS INC CLASS A,Energy,,mid,47.02,11.24,0.0709,0.0336,0.0409,FLAT,33.07,17.22,41.3,-30.3,51.81,36.59,0.5696,LOW,-,46.8455,44.9779,39.6059,1,24.385,LAGGARD,13.3009
1014,-44,DJCO,DAILY JOURNAL CORP,Information Technology,,small,517.66,45.5,-0.0599,0.0529,-0.1593,FLAT,22.32,34.58,53.15,-29.75,56.63,54.4,0.5976,LOW,-,501.586,517.8216,475.2321,1,36.0006,LAGGARD,13.2883
1015,-40,SW,Smurfit Westrock,Materials,Paper & Plastic Packaging Products & Materials,large,42.1,16.92,-0.014,-0.0005,-0.0477,FLAT,2.27,5.32,-1.23,-32.21,48.19,49.31,0.5251,LOW,-,39.9215,43.1084,41.7465,1,5.1952,LAGGARD,13.2881
1016,-122,STNE,STONECO LTD CLASS A,Financials,,mid,14.61,36.62,0.0287,-0.0382,-0.0437,STRONG_UP,-14.21,22.26,-6.76,-31.4,48.19,60.75,0.6872,LOW,PROGRESS,14.025,15.1882,15.9214,0,17.6573,WEAK,13.2793
1017,65,GTY,GETTY REALTY REIT CORP,Real Estate,,small,33.7,62.96,-0.0074,-0.0187,0.0992,FLAT,35.94,25.72,44.1,-10.16,52.21,26.03,0.3455,LOW,-,32.5658,32.1176,28.2153,1,51.5832,CONTENDER,13.2595
1018,27,ABNB,Airbnb,Consumer Discretionary,"Hotels, Resorts & Cruise Lines",large,133.85,36.3,0.0046,0.0027,0.02,FLAT,12.61,16.76,-13.98,-21.54,54.22,38.19,0.6538,LOW,-,128.7855,128.0733,128.0257,1,23.7904,LAGGARD,13.2384
1019,-63,CLB,CORE LABORATORIES INC,Energy,,small,16.27,22.47,0.0105,0.0118,-0.4036,FLAT,48.76,36.1,-5.9,-27.03,49.4,43.53,0.6598,LOW,-,16.5035,17.2267,14.8244,1,40.9634,LAGGARD,13.2178
1020,63,VRE,VERIS RESIDENTIAL INC,Real Estate,,small,18.9,65.43,-0.025,-0.0287,0.2307,FLAT,30.87,26.55,38.92,-15.1,50.2,28.91,0.3411,LOW,-,18.8646,18.0911,15.5197,1,46.1064,CONTENDER,13.1923
1021,-73,HAFC,HANMI FINANCIAL CORP,Financials,,small,27.72,53.87,-0.0074,0.0017,-0.0477,FLAT,17.36,35.59,106.24,-16.23,51.0,39.66,0.7112,LOW,-,26.557,26.5879,25.7854,1,45.7601,CONTENDER,13.165
1022,6,HRI,HERC HOLDINGS INC,Industrials,,mid,103.64,15.32,-0.0038,-0.1262,-0.4087,STRONG_UP,-13.33,-10.04,-32.07,-49.5,46.99,64.27,0.2641,LOW,PROGRESS,101.1985,127.9715,133.424,0,-7.3394,WEAK,13.1564
1023,-95,CBU,COMMUNITY FINANCIAL SYSTEM INC,Financials,,mid,61.99,32.75,-0.0017,0.0005,-0.0116,FLAT,12.1,20.58,55.52,-16.03,51.0,24.6,0.389,LOW,-,58.932,60.8215,58.1152,1,42.6724,LAGGARD,13.1317
1024,54,MTCH,Match Group,Communication Services,Interactive Media & Services,mid,33.59,54.55,0.0167,0.0921,0.0795,FLAT,5.85,18.25,8.88,-24.61,51.0,37.11,0.5046,LOW,-,31.267,30.9747,32.7992,1,25.0833,CONTENDER,13.1163
1025,-90,WDAY,"Workday, Inc.",Information Technology,Application Software,large,117.86,4.23,-0.0344,-0.1805,-0.3985,STRONG_UP,-50.19,-49.49,-54.6,-59.05,51.41,51.12,0.6903,LOW,EARLY,127.1055,137.7308,203.0015,0,-49.7664,WEAK,13.1107
1026,-37,SNA,Snap-on,Industrials,Industrial Machinery & Supplies & Components,large,377.87,32.77,-0.0319,-0.0502,0.0116,FLAT,15.4,15.16,39.36,-13.26,50.2,18.93,0.6218,LOW,-,367.5225,373.4268,343.7182,1,40.1916,LAGGARD,13.1043
1027,-10,SBAC,SBA Communications,Real Estate,Telecom Tower REITs,large,218.08,27.16,-0.0268,0.1334,0.1019,FLAT,17.36,-0.85,13.7,-30.63,45.78,50.19,1.0227,MED,-,189.9395,190.9509,198.0784,1,-0.7791,LAGGARD,13.0938
1028,23,RJF,Raymond James Financial,Financials,Investment Banking & Brokerage,large,153.23,26.06,0.0262,-0.0116,-0.1313,STRONG_UP,-3.47,14.0,28.54,-19.64,55.42,30.67,0.9668,LOW,SHIFT,144.5481,151.8714,160.09,0,25.2946,WEAK,13.0917
1029,108,RELY,REMITLY GLOBAL INC,Financials,,mid,17.92,9.51,0.0646,0.0944,0.2982,STRONG_DOWN,20.67,-11.24,-3.24,-50.18,47.39,67.13,1.2297,MED,-,16.129,15.5871,15.8427,1,-7.9371,LAGGARD,13.0857
1030,109,APO,Apollo Global Management,Financials,Asset Management & Custody Banks,large,114.82,11.27,0.0622,0.0296,-0.2464,STRONG_UP,-5.47,-8.81,9.88,-34.97,53.01,43.74,1.1347,MED,SHIFT,109.3285,114.05,131.0873,0,-10.6756,WEAK,13.0731
1031,-5,AMGN,Amgen,Health Care,Biotechnology,large,350.95,41.41,-0.0167,-0.0869,0.0989,FLAT,21.72,22.57,40.48,-12.41,52.21,29.11,0.7495,LOW,-,350.3115,363.0913,318.2995,1,40.4869,LAGGARD,13.0518
1032,-23,CVSA,COVISTA INC,Consumer Discretionary,,mid,113.57,30.82,-0.0527,0.0405,0.0557,STRONG_DOWN,-21.74,6.78,149.11,-42.14,56.63,36.12,0.2904,LOW,SHIFT,113.1215,105.338,116.6543,0,10.6281,WEAK,13.0297
1033,-25,EFC,ELLINGTON FINANCIAL INC,Financials,,small,12.71,30.63,0.0229,-0.0046,-0.0955,STRONG_UP,0.1,18.48,47.08,-17.71,51.0,21.6,0.444,LOW,-,11.9035,12.1118,12.5508,1,43.6283,LAGGARD,13.0178
1034,9,PAGS,PAGSEGURO DIGITAL LTD CLASS A,Financials,,mid,10.9,49.65,0.0026,0.0563,0.0258,FLAT,23.16,31.83,-8.23,-21.92,48.59,49.4,0.587,LOW,-,10.1805,10.4068,9.6956,1,31.3103,LAGGARD,12.9999
1035,-72,PTC,PTC Inc.,Information Technology,Application Software,large,133.65,26.46,-0.0974,-0.2054,-0.2,FLAT,-33.99,-9.12,-24.85,-38.37,51.81,32.88,1.0206,MED,EARLY,143.1245,151.3652,180.9112,0,-14.3687,WEAK,12.9851
1036,72,HAE,HAEMONETICS CORP,Health Care,,mid,60.48,26.56,-0.004,-0.0321,-0.2251,STRONG_UP,20.38,3.74,-28.75,-39.02,52.21,34.24,0.4482,LOW,SHIFT,57.753,60.1472,64.5443,0,5.7017,WEAK,12.9731
1037,-77,MWA,MUELLER WATER PRODUCTS INC SERIES,Industrials,,mid,30.19,39.57,0.0165,0.0192,0.1553,STRONG_DOWN,21.16,22.79,103.79,-16.11,50.2,24.97,0.7523,LOW,-,28.2075,28.6874,26.0,1,45.8151,LAGGARD,12.9425
1038,-28,PPL,PPL Corporation,Utilities,Electric Utilities,large,39.61,40.0,0.0205,0.0258,0.0307,STRONG_DOWN,7.46,15.55,59.82,-11.69,54.62,18.3,0.5055,LOW,-,38.276,37.6007,35.9156,1,46.4163,LAGGARD,12.9309
1039,146,ABUS,ARBUTUS BIOPHARMA CORP,Health Care,,small,4.35,48.44,-0.0268,-0.0474,-0.0747,STRONG_UP,1.64,37.66,46.46,-25.86,49.4,56.55,0.6015,LOW,-,4.3745,4.3558,4.1763,1,32.8968,LAGGARD,12.9283
1040,7,PRK,PARK NATIONAL CORP,Financials,,mid,171.3,36.97,-0.0154,0.0052,0.0493,STRONG_DOWN,11.65,22.5,45.1,-15.31,50.6,28.53,1.1044,MED,-,163.0595,165.8751,161.2669,1,39.9042,LAGGARD,12.9092
1041,0,CME,CME Group,Financials,Financial Exchanges & Data,large,297.03,29.58,-0.0297,-0.1345,0.0827,FLAT,12.63,17.32,56.46,-10.13,57.43,22.02,0.7194,LOW,-,302.179,302.5497,274.2446,1,45.1728,LAGGARD,12.8896
1042,19,PANW,Palo Alto Networks,Information Technology,Systems Software,large,161.59,26.98,-0.0936,-0.0975,-0.1424,STRONG_UP,-24.24,-6.89,18.75,-36.01,53.41,44.78,0.683,LOW,-,161.981,160.4876,186.4615,0,-8.2195,WEAK,12.8756
1043,-3,TYL,Tyler Technologies,Information Technology,Application Software,large,322.31,7.41,-0.0404,-0.138,-0.2618,STRONG_UP,-36.37,-44.28,-19.56,-53.08,46.59,52.3,0.5406,LOW,EARLY,336.2285,339.8528,466.2611,0,-39.4442,WEAK,12.8521
1044,5,DFIN,DONNELLEY FINANCIAL SOLUTIONS INC,Financials,,small,48.71,34.15,-0.0331,-0.089,-0.1298,STRONG_UP,-7.92,20.9,-20.34,-41.38,56.22,56.6,0.6957,LOW,-,47.4635,47.707,51.488,0,20.7582,WEAK,12.8308
1045,-25,PFBC,PREFERRED BANK,Financials,,small,94.9,40.49,0.0128,-0.0067,-0.0479,STRONG_UP,9.39,24.16,41.02,-18.58,51.81,30.86,,LOW,-,90.3278,89.5452,90.611,1,40.561,LAGGARD,12.8275
1046,-40,CSTL,CASTLE BIOSCIENCES INC,Health Care,,small,24.37,33.2,-0.0525,-0.1016,-0.3777,STRONG_UP,6.84,15.77,26.73,-46.26,51.81,50.2,0.473,LOW,-,24.7008,28.1709,28.1054,0,16.2778,WEAK,12.8275
1047,0,FAST,Fastenal,Industrials,Trading Companies & Distributors,large,44.62,31.06,-0.0986,-0.0958,0.0146,STRONG_DOWN,6.54,11.59,34.28,-21.9,53.82,32.34,1.2851,MED,-,45.843,46.0656,44.4979,1,19.2906,LAGGARD,12.8239
1048,-11,CB,Chubb Limited,Financials,Property & Casualty Insurance,large,325.74,27.11,-0.0314,-0.0943,0.0363,FLAT,15.63,15.1,35.87,-11.02,53.01,18.41,0.7287,LOW,-,326.697,328.0852,296.392,1,43.475,LAGGARD,12.8121
1049,-36,GPC,Genuine Parts Company,Consumer Discretionary,Distributors,large,109.9,23.29,0.0091,0.0162,-0.0973,FLAT,-15.12,-0.68,-19.13,-34.84,47.79,40.89,0.5865,LOW,PROGRESS,104.4705,116.555,126.2695,0,-0.789,WEAK,12.7973
1050,13,AIZ,Assurant,Financials,Multi-line Insurance,large,222.27,28.52,-0.017,-0.0805,-0.1016,STRONG_UP,3.04,16.49,32.8,-12.57,57.43,27.28,0.4626,LOW,-,217.6545,222.901,216.5296,1,34.7165,LAGGARD,12.7638
1051,-36,EFSC,ENTERPRISE FINANCIAL SERVICES CORP,Financials,,mid,58.3,40.85,-0.0075,0.0178,0.0299,STRONG_DOWN,4.91,24.95,59.07,-15.28,49.8,27.06,0.7266,LOW,-,55.128,56.5397,55.9213,1,45.9136,LAGGARD,12.7634
1052,32,QCOM,Qualcomm,Information Technology,Semiconductors,large,132.84,28.57,0.0204,-0.0358,-0.1802,STRONG_UP,-16.94,-1.91,-18.35,-33.13,52.61,28.38,0.6255,LOW,PROGRESS,128.7695,135.1023,155.9188,0,-3.541,WEAK,12.7203
1053,-20,OCFC,OCEANFIRST FINANCIAL CORP,Financials,,small,18.9,43.31,-0.0148,-0.0222,0.0242,FLAT,8.28,27.32,41.22,-15.39,48.19,27.51,0.5698,LOW,-,18.12,18.5594,18.0697,1,47.8542,LAGGARD,12.6956
1054,64,SYY,Sysco,Consumer Staples,Food Distributors,large,74.04,51.61,-0.0043,-0.1006,-0.0635,FLAT,-3.99,6.86,3.5,-23.98,49.0,43.46,1.2513,MED,EARLY,76.7322,82.6803,78.0795,0,7.733,LAGGARD,12.6882
1055,47,RDNT,RADNET INC,Health Care,,mid,57.76,28.52,0.0134,-0.144,-0.2134,STRONG_UP,-19.46,8.82,20.81,-35.39,49.8,47.85,0.6976,LOW,EARLY,58.0175,63.8924,69.3855,0,9.1762,WEAK,12.6503
1056,-20,DUK,Duke Energy,Utilities,Electric Utilities,large,129.78,30.0,-0.0055,-0.027,0.0049,FLAT,4.71,11.52,48.28,-10.88,54.62,14.83,0.4249,LOW,-,130.4035,128.6177,121.6287,1,42.4444,LAGGARD,12.6299
1057,75,MDT,Medtronic,Health Care,Health Care Equipment,large,88.12,29.69,-0.0259,-0.0383,-0.0711,STRONG_UP,-6.37,10.38,17.15,-17.61,51.0,19.86,0.6549,LOW,PROGRESS,86.8574,92.3014,93.1436,0,26.6577,WEAK,12.6188
1058,90,SKYW,SKYWEST INC,Industrials,,mid,98.1,32.34,0.0079,0.0071,-0.0312,STRONG_UP,-0.05,14.76,46.64,-28.96,47.79,38.79,0.8383,LOW,SHIFT,92.3625,97.3458,103.1292,0,18.1891,WEAK,12.6086
1059,0,LDOS,Leidos,Industrials,Diversified Support Services,large,156.17,30.64,-0.0525,-0.1399,-0.2443,STRONG_UP,-15.61,11.51,27.63,-23.02,53.41,39.65,0.782,LOW,EARLY,159.343,170.2021,178.9829,0,15.5069,WEAK,12.6021
1060,7,LFST,LIFESTANCE HEALTH GROUP INC,Health Care,,mid,6.51,20.31,-0.0246,-0.0358,-0.0945,STRONG_UP,27.4,-4.55,11.28,-44.43,46.59,35.8,0.5893,LOW,-,6.4495,6.7516,5.9624,1,-5.9154,LAGGARD,12.5999
1061,12,SOLV,Solventum,Health Care,Health Care Technology,large,69.02,27.34,0.0381,-0.0171,-0.13,STRONG_UP,-2.62,4.69,11.88,-27.46,49.8,32.28,0.6992,LOW,PROGRESS,65.329,70.1614,74.3133,0,7.2305,WEAK,12.5943
1062,64,APAM,ARTISAN PARTNERS ASSET MANAGEMENT,Financials,,mid,37.86,28.87,0.0184,-0.0133,-0.1353,STRONG_UP,-7.63,16.53,4.1,-21.92,50.2,28.8,0.6956,LOW,PROGRESS,36.3195,38.8088,41.1562,0,28.8097,WEAK,12.5851
1063,23,MHO,M I HOMES INC,Consumer Discretionary,,mid,124.16,36.99,-0.0129,-0.0799,-0.0496,FLAT,-4.29,16.98,7.45,-25.14,50.6,30.6,0.6455,LOW,PROGRESS,122.6785,132.7798,133.3109,0,28.074,WEAK,12.5735
1064,26,CNR,CORE NATURAL RESOURCES INC,Energy,,mid,87.6,12.36,-0.0348,-0.1257,-0.3542,STRONG_UP,-12.35,19.12,4.26,-24.13,48.59,52.71,1.0558,MED,-,101.788,94.9931,85.1079,1,17.6245,LAGGARD,12.5735
1065,1,J,Jacobs Solutions,Industrials,Construction & Engineering,large,125.41,28.09,-0.0684,-0.0991,-0.1419,STRONG_UP,-18.11,8.84,7.25,-24.91,50.6,37.39,0.5201,LOW,EARLY,127.685,133.4153,140.851,0,11.9642,WEAK,12.564
1066,-149,DXCM,Dexcom,Health Care,Health Care Equipment,large,62.95,17.58,-0.0633,-0.0962,-0.0964,STRONG_UP,-3.45,-9.07,-53.22,-38.75,50.2,31.78,0.9257,LOW,EARLY,64.705,68.0728,70.9816,0,-14.329,WEAK,12.5564
1067,-5,MCK,McKesson Corporation,Health Care,Health Care Distributors,large,862.79,42.19,-0.0296,-0.1304,0.0571,FLAT,12.32,25.02,66.49,-13.97,55.82,41.06,0.798,LOW,-,877.128,914.2952,803.9299,1,34.0113,LAGGARD,12.5031
1068,-102,CVLT,COMMVAULT SYSTEMS INC,Information Technology,,mid,89.61,7.94,0.1119,0.0639,-0.2756,STRONG_UP,-48.99,-42.0,-4.92,-61.53,51.41,77.04,0.6967,LOW,SHIFT,80.6665,83.7726,137.1131,0,-28.0298,WEAK,12.4721
1069,82,HSIC,Henry Schein,Health Care,Health Care Distributors,mid,77.2,39.06,0.0025,-0.0104,0.0274,FLAT,22.54,20.1,9.15,-16.93,50.6,27.68,0.5846,LOW,-,74.1635,76.808,72.3343,1,36.7427,LAGGARD,12.4156
1070,-78,VRNS,VARONIS SYSTEMS INC,Information Technology,,mid,21.76,4.76,-0.0695,-0.1603,-0.3604,STRONG_UP,-65.14,-47.79,-49.31,-68.11,53.41,66.6,0.6311,LOW,EARLY,22.4405,23.5512,40.9591,0,-38.3275,WEAK,12.3351
1071,10,IBM,IBM,Information Technology,IT Consulting & Other Services,large,240.27,30.69,-0.0295,-0.0985,-0.192,STRONG_UP,-12.35,2.3,40.43,-28.69,55.02,45.94,0.6382,LOW,EARLY,242.94,253.382,273.6839,0,2.7579,WEAK,12.3307
1072,-8,CVCO,CAVCO INDUSTRIES INC,Consumer Discretionary,,mid,519.99,32.88,0.004,-0.024,-0.1704,STRONG_UP,5.4,9.34,40.37,-34.05,53.82,57.45,0.4227,LOW,PROGRESS,487.468,524.7846,537.7868,0,8.7545,WEAK,12.3292
1073,61,CPAY,Corpay,Financials,Transaction & Payment Processing Services,large,320.48,18.31,0.0441,-0.0479,-0.0833,STRONG_UP,13.44,2.44,8.16,-28.13,51.41,47.4,,LOW,-,296.0315,316.9062,309.5165,1,2.6488,LAGGARD,12.3046
1074,43,LMB,LIMBACH HOLDINGS INC,Industrials,,small,87.73,29.79,0.0216,0.0358,0.0311,FLAT,-4.73,9.83,124.83,-55.92,51.81,55.56,0.7246,LOW,-,79.846,84.6788,95.6525,0,9.164,WEAK,12.303
1075,70,WAT,Waters Corporation,Health Care,Life Sciences Tools & Services,large,330.98,25.39,0.0194,0.0981,-0.1525,FLAT,-1.59,2.33,3.56,-31.32,49.8,39.42,0.465,LOW,SHIFT,305.249,317.5856,336.3023,0,2.945,WEAK,12.2689
1076,142,TDG,TransDigm Group,Industrials,Aerospace & Defense,large,1296.58,22.13,0.0397,-0.0335,-0.105,STRONG_UP,0.27,1.82,21.16,-25.3,55.02,31.78,1.0356,MED,SHIFT,1186.979,1252.809,1324.5274,0,3.1567,WEAK,12.2514
1077,-8,FRSH,FRESHWORKS INC CLASS A,Information Technology,,mid,7.82,8.99,-0.0508,-0.1036,-0.3201,STRONG_UP,-30.49,-39.05,-54.27,-56.95,45.38,60.95,1.4624,MED,EARLY,8.008,8.0811,11.4139,0,-29.0738,WEAK,12.2476
1078,-37,GABC,GERMAN AMERICAN BANCORP INC,Financials,,small,43.96,44.01,-0.0092,0.0116,0.082,STRONG_DOWN,17.24,28.29,45.99,-11.3,48.19,25.12,0.7853,LOW,-,42.005,42.1004,40.0712,1,54.2752,LAGGARD,12.2313
1079,-25,FUL,HB FULLER,Materials,,mid,62.97,30.77,-0.0067,0.0826,-0.0897,FLAT,9.42,19.46,-14.69,-26.97,47.39,43.02,0.347,LOW,-,58.108,61.251,59.8271,1,21.4389,LAGGARD,12.1913
1080,0,OKE,Oneok,Energy,Oil & Gas Storage & Transportation,large,84.84,7.87,0.0175,-0.0286,-0.1021,STRONG_UP,25.55,6.43,20.36,-23.78,53.41,29.73,0.6152,LOW,-,88.9165,86.0572,75.6495,1,11.5459,LAGGARD,12.1845
1081,12,GIII,G III APPAREL GROUP LTD,Consumer Discretionary,,small,29.46,41.1,-0.0025,0.1084,0.0494,FLAT,15.88,22.48,9.39,-29.39,52.21,37.71,0.6975,LOW,-,27.6952,29.0402,27.551,1,31.1284,LAGGARD,12.1839
1082,16,MELI,Mercado Libre,Consumer Discretionary,Catalog/Specialty Distribution,large,1840.66,12.33,0.0225,0.0221,-0.05,STRONG_UP,-15.41,-13.11,30.0,-38.8,49.4,40.78,0.5932,LOW,SHIFT,1706.0025,1814.3736,2134.0328,0,-15.8782,WEAK,12.1793
1083,16,LII,Lennox International,Industrials,Building Products,large,520.42,18.3,0.0654,0.0181,-0.0603,STRONG_UP,-0.18,-5.42,14.74,-33.77,48.59,39.91,0.5887,LOW,SHIFT,472.5194,508.7955,528.7142,0,-6.6047,WEAK,12.1655
1084,90,PECO,PHILLIPS EDISON AND COMPANY INC,Real Estate,,mid,38.49,37.04,-0.0124,-0.0272,0.0471,FLAT,16.79,12.5,26.3,-8.41,46.99,14.02,1.2459,MED,-,37.53,37.9545,35.1377,1,41.906,LAGGARD,12.1649
1085,22,WEC,WEC Energy Group,Utilities,Electric Utilities,large,116.5,28.0,0.0021,-0.0113,-0.0039,FLAT,3.01,11.25,58.33,-11.22,53.01,15.15,,LOW,-,115.6065,114.8621,109.3929,1,39.3555,LAGGARD,12.1448
1086,2,INTA,INTAPP INC,Information Technology,,mid,21.32,1.59,-0.0738,-0.2323,-0.4722,STRONG_UP,-42.63,-60.15,-31.4,-66.6,43.78,72.82,0.7003,LOW,EARLY,24.1535,24.4902,37.7408,0,-36.1624,WEAK,12.1289
1087,16,BKNG,Booking Holdings,Consumer Discretionary,"Hotels, Resorts & Cruise Lines",large,181.12,21.23,-0.0145,0.0143,-0.0838,FLAT,-13.45,-1.08,31.99,-33.2,51.81,44.88,0.5104,LOW,SHIFT,172.6512,172.1841,202.8531,0,-1.2448,WEAK,12.1225
1088,-85,GEN,Gen Digital,Information Technology,Systems Software,large,18.91,18.52,-0.0224,-0.145,-0.2657,STRONG_UP,-28.46,-22.28,-4.75,-43.59,45.38,38.71,0.7265,LOW,EARLY,19.3485,21.3079,26.1751,0,-26.114,WEAK,12.1035
1089,-14,HUM,Humana,Health Care,Managed Health Care,large,196.21,8.2,-0.031,0.117,-0.2726,FLAT,-26.98,-30.5,-35.89,-47.18,53.41,59.21,0.4158,LOW,SHIFT,179.3865,180.4949,239.563,0,-27.5136,WEAK,12.1008
1090,50,TSN,Tyson Foods,Consumer Staples,Packaged Foods & Meats,large,64.96,56.45,0.0158,0.0723,0.048,FLAT,26.81,10.28,19.52,-16.76,51.0,23.08,0.4191,LOW,-,63.004,62.9947,56.9052,1,22.7115,CONTENDER,12.0838
1091,-19,FMNB,FARMERS NATIONAL BANC CORP,Financials,,small,13.96,34.51,0.0071,0.0312,0.0265,FLAT,3.13,20.98,28.61,-16.69,53.01,25.51,0.56,LOW,-,13.1995,13.1082,13.4479,1,43.5992,LAGGARD,12.0259
1092,-5,ALG,ALAMO GROUP INC,Industrials,,mid,175.96,23.4,-0.0266,-0.0371,-0.1099,STRONG_UP,-2.98,4.31,-17.3,-31.99,46.99,43.18,1.064,MED,PROGRESS,169.4375,185.8378,191.5869,0,4.6872,WEAK,11.9896
1093,2,LEN,Lennar,Consumer Discretionary,Homebuilding,large,88.83,11.64,-0.0129,-0.1153,-0.2142,STRONG_UP,-24.4,-13.96,-39.38,-39.87,47.79,35.19,0.667,LOW,EARLY,89.9215,102.3137,115.7735,0,-18.9523,WEAK,11.9812
1094,-38,SHEN,SHENANDOAH TELECOMMUNICATIONS,Communication,,small,15.17,25.0,0.0218,-0.0737,0.2224,FLAT,15.19,17.75,1.23,-36.32,51.41,36.84,0.7138,LOW,-,14.824,14.0642,12.9185,1,24.7741,LAGGARD,11.9735
1095,-65,EQT,EQT Corporation,Energy,Oil & Gas Exploration & Production,large,56.71,8.99,-0.0184,-0.1411,-0.1581,STRONG_UP,6.3,13.09,59.69,-18.39,51.81,32.64,0.4736,LOW,-,62.645,60.751,55.7986,1,20.7811,LAGGARD,11.9362
1096,-2,UBER,Uber,Industrials,Passenger Ground Transportation,large,72.91,19.57,-0.0174,-0.096,-0.1896,STRONG_UP,-22.5,-1.5,-0.67,-30.89,49.8,31.18,,LOW,PROGRESS,72.658,73.4474,86.3766,0,-2.3951,WEAK,11.9343
1097,68,CMG,Chipotle Mexican Grill,Consumer Discretionary,Restaurants,large,34.92,4.79,0.0194,-0.0164,-0.0516,STRONG_UP,-14.62,-28.44,-40.54,-48.82,44.98,35.49,0.5339,LOW,PROGRESS,33.108,35.3752,39.3373,0,-36.0482,WEAK,11.9252
1098,91,ZD,ZIFF DAVIS INC,Communication,,small,45.62,58.33,0.0185,-0.0173,0.1891,FLAT,27.0,45.29,-14.07,-33.79,49.4,108.83,0.3906,LOW,-,43.0635,37.8402,35.8438,1,20.5565,CONTENDER,11.8899
1099,-44,NBHC,NATIONAL BANK HOLDINGS CORP CLASS,Financials,,small,41.95,37.68,0.0122,-0.0059,0.0229,FLAT,14.97,23.36,33.69,-14.41,49.8,25.98,0.2183,LOW,-,39.471,40.1157,38.4197,1,44.7756,LAGGARD,11.8639
1100,-79,CVBF,CVB FINANCIAL CORP,Financials,,mid,20.49,39.44,-0.0013,0.0088,0.0309,STRONG_DOWN,12.7,23.67,38.51,-13.91,49.4,27.22,0.6796,LOW,-,19.443,19.6243,19.2005,1,42.9606,LAGGARD,11.8283
1101,-4,IOVA,IOVANCE BIOTHERAPEUTICS INC,Health Care,,small,3.64,31.25,0.0293,-0.1441,0.5581,FLAT,70.09,12.69,-69.39,-54.41,46.59,105.96,0.8229,LOW,-,3.6015,3.5148,2.6474,1,5.5813,LAGGARD,11.8259
1102,-49,IBCP,INDEPENDENT BANK CORP,Financials,,small,34.74,36.27,-0.0028,-0.0446,0.0257,FLAT,14.94,22.08,60.2,-13.5,50.6,24.61,0.6867,LOW,-,33.4265,34.6288,32.6347,1,45.3914,LAGGARD,11.7882
1103,-76,FRME,FIRST MERCHANTS CORP,Financials,,mid,40.86,33.45,-0.0104,0.0312,0.0585,STRONG_DOWN,13.44,20.69,33.94,-15.73,50.6,25.82,0.7167,LOW,-,38.8715,39.4415,38.1361,1,40.5482,LAGGARD,11.7778
1104,23,ACT,ENACT HOLDINGS INC,Financials,,mid,42.0,35.56,-0.0175,-0.0526,0.0647,FLAT,18.82,21.75,49.16,-10.96,55.42,28.55,0.5331,LOW,-,41.116,41.5773,38.3469,1,42.2156,LAGGARD,11.7752
1105,-13,PNW,Pinnacle West Capital,Utilities,Multi-Utilities,large,102.69,34.0,0.0046,-0.0032,0.0281,FLAT,13.73,13.33,54.66,-8.43,51.81,16.35,0.6995,LOW,-,100.953,99.6014,91.2345,1,42.2349,LAGGARD,11.7634
1106,5,GRBK,GREEN BRICK PARTNERS INC,Consumer Discretionary,,mid,67.45,37.67,-0.0266,-0.0073,-0.0276,FLAT,7.34,19.04,23.02,-23.99,48.19,36.44,0.3744,LOW,PROGRESS,64.8565,69.9594,68.0595,0,25.1839,WEAK,11.7407
1107,2,EFX,Equifax,Industrials,Research & Consulting Services,large,186.43,8.94,-0.0136,-0.0658,-0.184,STRONG_UP,-16.89,-16.6,-22.09,-39.04,50.2,45.01,0.4587,LOW,PROGRESS,179.9635,189.2955,220.9283,0,-18.5133,WEAK,11.725
1108,30,MAS,Masco,Industrials,Building Products,large,64.91,25.96,0.0199,-0.0273,-0.1099,STRONG_UP,-0.72,6.9,-8.04,-24.38,45.38,35.61,0.9048,LOW,PROGRESS,60.865,66.3854,66.8966,0,8.7872,WEAK,11.709
1109,20,QLYS,QUALYS INC,Information Technology,,mid,83.22,13.76,-0.0708,-0.1864,-0.364,STRONG_UP,-34.94,-32.87,-48.65,-50.46,49.0,56.93,1.6215,HIGH,EARLY,88.739,97.418,126.4237,0,-28.2921,WEAK,11.6746
1110,-191,PCG,PG&E Corporation,Utilities,Multi-Utilities,large,17.56,18.0,-0.0368,-0.045,0.0094,FLAT,10.62,3.3,9.23,-27.12,51.41,27.7,0.9906,LOW,-,17.7483,17.7426,15.8348,1,6.1255,LAGGARD,11.6644
1111,8,LTC,LTC PROPERTIES REIT INC,Real Estate,,small,39.37,49.38,-0.0155,-0.019,0.0532,FLAT,19.56,20.0,41.84,-9.46,53.82,22.77,0.3406,LOW,-,38.0949,38.274,35.4274,1,47.2739,LAGGARD,11.6573
1112,24,PZZA,PAPA JOHNS INTERNATIONAL INC,Consumer Discretionary,,small,34.99,39.04,-0.0259,-0.0609,0.0095,FLAT,-21.39,20.29,-38.36,-43.11,51.0,60.16,0.3703,LOW,-,34.1685,33.6106,40.8173,0,17.2042,WEAK,11.6413
1113,100,CHCO,CITY HOLDING,Financials,,small,127.35,27.82,-0.0002,-0.0043,0.0001,FLAT,7.74,15.67,34.75,-11.76,47.79,18.28,1.0503,MED,-,121.565,122.3452,122.1278,1,40.9546,LAGGARD,11.6399
1114,-35,DORM,DORMAN PRODUCTS INC,Consumer Discretionary,,mid,110.12,20.55,0.0228,0.0224,-0.0646,STRONG_UP,-20.43,-1.16,22.68,-39.58,49.4,32.87,0.6342,LOW,PROGRESS,104.691,114.1274,131.4186,0,-1.7402,WEAK,11.6337
1115,-80,HFWA,HERITAGE FINANCIAL CORP,Financials,,small,27.12,48.94,-0.0212,-0.0091,0.0975,STRONG_DOWN,20.09,30.62,70.64,-14.76,49.8,32.77,0.5899,LOW,-,26.0205,26.5092,24.3544,1,46.5257,LAGGARD,11.5708
1116,-45,LKFN,LAKELAND FINANCIAL CORP,Financials,,small,60.76,33.1,0.0007,-0.0149,0.0231,FLAT,-0.2,20.66,9.19,-18.57,47.79,24.96,0.5524,LOW,-,57.9045,58.8618,60.3339,1,39.5632,LAGGARD,11.5643
1117,-85,CDW,CDW Corporation,Information Technology,Technology Distributors,large,130.04,25.93,0.0047,0.0445,-0.0181,FLAT,-11.0,-12.34,-44.55,-39.49,50.6,36.36,0.5691,LOW,SHIFT,122.435,124.618,146.3978,0,-17.1683,WEAK,11.5538
1118,-14,MSI,Motorola Solutions,Information Technology,Communications Equipment,large,440.08,32.28,-0.0405,-0.1253,0.14,FLAT,-2.97,3.31,32.69,-25.45,53.01,24.4,0.5057,LOW,-,445.8261,449.58,426.7093,1,7.1888,LAGGARD,11.526
1119,35,GERN,GERON CORP,Health Care,,small,1.77,50.0,0.0154,0.0296,0.3603,STRONG_DOWN,39.37,41.6,-48.7,-33.95,45.78,78.33,0.961,LOW,-,1.6045,1.6236,1.3829,1,24.3131,CONTENDER,11.4991
1120,41,SEM,SELECT MEDICAL HOLDINGS CORP,Health Care,,mid,16.38,25.78,-0.0181,-0.0371,0.1124,FLAT,25.3,2.34,13.82,-35.8,51.81,24.79,0.4101,LOW,-,16.3125,15.954,14.3567,1,4.8949,LAGGARD,11.4858
1121,25,MMS,MAXIMUS INC,Industrials,,mid,68.2,21.7,0.0243,-0.1195,-0.3314,STRONG_UP,-19.31,1.76,-12.32,-36.66,46.18,45.62,0.6309,LOW,PROGRESS,66.409,72.5984,81.1812,0,1.7766,WEAK,11.4805
1122,-7,ADBE,Adobe Inc.,Information Technology,Application Software,large,235.72,14.29,-0.0384,-0.1266,-0.2285,STRONG_UP,-30.53,-32.72,-49.86,-46.43,49.8,39.53,1.0484,MED,EARLY,240.8625,256.2076,322.6755,0,-41.2264,WEAK,11.4796
1123,-10,NHI,NATIONAL HEALTH INVESTORS REIT INC,Real Estate,,mid,84.94,48.15,-0.0216,-0.038,0.031,FLAT,19.95,19.41,58.52,-10.16,51.41,24.48,0.4897,LOW,-,83.222,84.4734,76.7033,1,40.7614,LAGGARD,11.4795
1124,4,FCBC,FIRST COMMUNITY BANKSHARES INC,Financials,,small,42.87,30.99,-0.0069,-0.0217,0.263,FLAT,36.0,19.94,55.69,-23.43,50.2,29.17,0.9172,LOW,-,41.5805,40.5403,35.6077,1,34.3093,LAGGARD,11.4745
1125,50,AKR,ACADIA REALTY TRUST REIT,Real Estate,,mid,20.97,39.51,0.0174,0.0105,-0.0505,STRONG_UP,11.69,14.69,31.45,-12.41,53.01,23.5,0.7204,LOW,-,19.6488,20.115,19.4731,1,33.1324,LAGGARD,11.4557
1126,15,UHS,Universal Health Services,Health Care,Health Care Facilities,large,181.95,26.95,-0.0457,-0.1047,-0.09,FLAT,-7.83,4.09,10.21,-27.51,53.01,38.02,0.5414,LOW,EARLY,184.208,200.6763,200.6516,0,5.6957,WEAK,11.4557
1127,-50,BWIN,BALDWIN INSURANCE GROUP INC CLASS,Financials,,mid,22.25,1.41,-0.033,-0.027,-0.178,FLAT,-17.84,-48.32,-18.23,-62.95,47.39,76.3,0.6851,LOW,SHIFT,21.774,20.2856,27.2736,0,-30.0091,WEAK,11.4228
1128,-27,USPH,US PHYSICAL THERAPY INC,Health Care,,small,77.13,32.42,-0.0149,-0.056,-0.0873,STRONG_UP,-11.95,13.44,-20.22,-26.57,51.0,24.32,0.5135,LOW,-,75.367,79.7236,80.0325,0,28.1914,WEAK,11.398
1129,-7,BXMT,BLACKSTONE MORTGAGE TRUST REIT CLA,Financials,,mid,19.97,31.69,0.0238,0.0073,0.0357,FLAT,14.89,20.07,34.68,-9.53,51.41,24.08,0.6314,LOW,-,18.7997,18.8791,18.2979,1,42.8381,LAGGARD,11.3893
1130,40,CVS,CVS Health,Health Care,Health Care Services,large,77.62,34.77,-0.0348,-0.0216,-0.0225,FLAT,0.58,16.92,22.18,-16.44,57.03,40.78,0.4069,LOW,-,74.0405,76.0158,74.0694,1,23.662,LAGGARD,11.3776
1131,-11,GWW,W. W. Grainger,Industrials,Industrial Machinery & Supplies & Components,large,1155.42,34.04,-0.0171,0.0177,0.0679,STRONG_DOWN,24.04,16.6,22.98,-16.26,50.2,28.31,0.5257,LOW,-,1096.0585,1119.1409,1023.6286,1,29.4306,LAGGARD,11.3754
1132,-36,OFG,OFG BANCORP,Financials,,small,42.83,38.38,-0.0059,0.0194,0.0034,FLAT,2.39,23.59,31.95,-17.74,50.2,30.68,0.3155,LOW,-,40.6563,40.5702,41.373,1,38.5939,LAGGARD,11.3677
1133,139,DRI,Darden Restaurants,Consumer Discretionary,Restaurants,large,197.98,26.03,0.0056,-0.0758,0.0303,FLAT,8.64,2.24,36.98,-23.92,49.8,29.31,1.0652,MED,-,195.89,203.3416,194.6463,1,3.8135,LAGGARD,11.3583
1134,23,DGX,Quest Diagnostics,Health Care,Health Care Services,large,194.16,36.72,-0.0434,-0.0649,0.0928,FLAT,7.18,18.2,56.77,-9.81,51.0,25.25,0.6487,LOW,-,195.6899,198.8974,183.3222,1,36.7549,LAGGARD,11.333
1135,20,PRG,PROG HOLDINGS INC,Financials,,small,30.57,34.86,0.0372,-0.0027,-0.0778,STRONG_UP,-0.05,21.14,0.02,-31.21,49.0,45.5,0.3897,LOW,-,28.759,31.8044,31.2538,0,22.762,WEAK,11.3095
1136,-3,FISV,Fiserv,Financials,Transaction & Payment Processing Services,large,59.02,0.35,0.0318,-0.0558,-0.1671,STRONG_UP,-51.87,-72.27,-60.17,-75.17,49.19,38.99,0.4866,LOW,SHIFT,56.5005,58.979,96.3275,0,-91.1749,WEAK,11.2886
1137,16,STZ,Constellation Brands,Consumer Staples,Distillers & Vintners,large,164.5,38.71,0.1058,0.1109,0.039,FLAT,17.98,-8.21,-33.51,-33.85,46.18,34.27,0.7927,LOW,-,154.237,155.321,149.3054,1,-11.0592,LAGGARD,11.2782
1138,-156,OTTR,OTTER TAIL CORP,Utilities,,mid,88.33,36.0,-0.0178,0.0172,-0.0695,FLAT,17.6,13.63,11.73,-12.7,51.81,23.05,1.146,MED,-,87.8525,87.1838,82.3113,1,30.6327,LAGGARD,11.2292
1139,-4,DHR,Danaher Corporation,Health Care,Life Sciences Tools & Services,large,198.61,27.73,-0.0076,-0.0052,-0.1475,FLAT,-2.84,5.3,-16.16,-24.85,51.81,28.26,0.8004,LOW,PROGRESS,190.5777,200.5143,208.9314,0,9.7098,WEAK,11.2283
1140,85,SWKS,Skyworks Solutions,Information Technology,Semiconductors,mid,57.28,33.33,-0.0104,-0.0123,0.0024,FLAT,-20.09,4.14,-38.41,-35.24,50.6,34.67,0.6325,LOW,SHIFT,55.0465,57.042,65.9839,0,6.0462,WEAK,11.2234
1141,-35,HLX,HELIX ENERGY SOLUTIONS GROUP INC,Energy,,small,9.4,31.46,0.0128,0.0199,0.0627,STRONG_DOWN,48.73,47.1,-15.39,-20.83,47.79,56.24,0.5577,LOW,-,9.711,9.213,7.2311,1,40.0274,LAGGARD,11.2203
1142,67,SHO,SUNSTONE HOTEL INVESTORS REIT INC,Real Estate,,small,9.74,56.79,0.0336,0.051,-0.0177,FLAT,10.78,22.98,-0.77,-10.58,46.59,26.33,0.4598,LOW,-,9.1226,9.1494,9.0096,1,40.6577,CONTENDER,11.197
1143,55,MCW,MISTER CAR WASH INC,Consumer Discretionary,,mid,7.0,19.86,-0.0138,-0.0367,0.233,FLAT,49.57,-3.31,6.22,-41.06,42.57,40.71,0.6015,LOW,-,6.978,6.7664,5.9035,1,-3.4664,LAGGARD,11.1909
1144,-2,FTV,Fortive,Industrials,Industrial Machinery & Supplies & Components,large,59.71,38.72,-0.0191,0.0388,0.0501,STRONG_DOWN,23.18,20.99,-2.04,-16.14,49.0,36.54,0.5198,LOW,-,56.3605,57.0612,52.5249,1,28.1432,LAGGARD,11.1897
1145,-40,NOVT,NOVANTA INC,Information Technology,,mid,128.85,38.1,0.0309,0.0362,-0.009,FLAT,24.95,12.94,-20.06,-26.97,50.2,43.19,0.564,LOW,-,119.312,129.3996,121.3276,1,15.0369,LAGGARD,11.1727
1146,-108,GPOR,GULFPORT ENERGY CORP,Energy,,mid,191.0,10.11,-0.0165,-0.0668,-0.1839,STRONG_UP,5.68,14.85,24.46,-21.77,53.82,35.2,0.7451,LOW,EARLY,206.0695,203.7062,191.2945,0,22.6988,WEAK,11.1335
1147,40,PEP,PepsiCo,Consumer Staples,Soft Drinks & Non-alcoholic Beverages,large,155.72,61.29,0.0169,0.009,0.053,FLAT,6.55,13.38,0.24,-11.21,46.99,22.53,0.7459,LOW,-,154.2275,159.682,146.3365,1,27.9145,CONTENDER,11.0845
1148,40,RVLV,REVOLVE GROUP CLASS A INC,Consumer Discretionary,,small,25.08,45.21,-0.01,0.0634,-0.1377,FLAT,20.06,24.65,33.05,-30.3,47.79,49.36,0.6345,LOW,-,23.16,24.3536,24.0001,1,23.868,LAGGARD,11.0829
1149,13,KNF,KNIFE RIVER CORP,Materials,,mid,88.64,7.69,0.0579,0.03,0.0904,FLAT,27.52,-6.13,10.06,-41.75,47.79,64.22,0.416,LOW,-,82.327,82.7734,77.6708,1,-4.5628,LAGGARD,10.9977
1150,-7,BBY,Best Buy,Consumer Discretionary,Computer & Electronics Retail,large,62.06,32.19,-0.0527,-0.0392,-0.004,STRONG_DOWN,-17.58,7.23,-10.3,-26.04,47.79,32.32,0.62,LOW,EARLY,62.9737,63.7429,69.1084,0,10.6867,WEAK,10.9836
1151,8,DOLE,DOLE PLC,Consumer Staples,,small,15.39,59.68,0.0282,0.0929,0.019,FLAT,20.94,13.36,37.11,-16.01,53.41,21.24,0.9238,LOW,-,14.7338,15.192,14.3114,1,33.5952,CONTENDER,10.982
1152,6,SO,Southern Company,Utilities,Electric Utilities,large,95.96,26.0,-0.0041,-0.0312,-0.008,FLAT,-0.58,8.89,49.94,-14.99,52.61,18.26,0.8752,LOW,-,96.157,94.968,91.5,1,25.6059,LAGGARD,10.9789
1153,-130,NMIH,NMI HOLDINGS INC,Financials,,mid,38.85,25.7,-0.0122,-0.0389,0.0174,FLAT,8.88,13.93,31.07,-18.08,54.62,26.92,0.5719,LOW,-,37.79,38.6494,38.5789,1,28.2628,LAGGARD,10.9732
1154,-69,THRM,GENTHERM INC,Consumer Discretionary,,small,29.34,42.47,-0.0045,0.0063,-0.1784,FLAT,-12.78,23.02,-43.24,-30.32,49.0,43.57,0.3995,LOW,-,28.3685,30.1402,33.8815,0,25.8876,WEAK,10.9557
1155,29,NVAX,NOVAVAX INC,Health Care,,small,8.39,44.92,-0.0235,-0.2128,-0.0247,FLAT,-2.67,31.3,103.64,-35.94,46.99,84.35,0.5859,LOW,-,8.7605,9.1554,8.0972,1,17.4361,LAGGARD,10.9518
1156,11,PODD,Insulet Corporation,Health Care,Health Care Equipment,large,201.49,11.33,-0.0299,-0.1482,-0.2681,STRONG_UP,-35.95,-21.42,15.84,-44.18,49.4,31.69,0.662,LOW,EARLY,212.2865,231.2936,289.1798,0,-33.3983,WEAK,10.9145
1157,-1,COR,Cencora,Health Care,Health Care Distributors,large,319.9,32.03,-0.0354,-0.1202,-0.066,FLAT,1.25,13.23,38.8,-17.16,53.82,31.75,0.6286,LOW,EARLY,321.8795,344.3014,326.4057,0,22.4321,WEAK,10.8739
1158,10,IP,International Paper,Materials,Paper & Plastic Packaging Products & Materials,large,36.54,1.54,-0.024,-0.0952,-0.1757,STRONG_UP,-18.16,-18.73,7.57,-37.4,46.18,44.78,0.4672,LOW,PROGRESS,35.749,40.2971,42.824,0,-19.3195,WEAK,10.8124
1159,-15,PRSU,PURSUIT ATTRACTIONS AND HOSPITALIT,Consumer Discretionary,,small,41.06,48.63,-0.0164,0.0963,0.2717,STRONG_DOWN,13.87,30.39,15.89,-13.94,51.0,36.04,0.4957,LOW,-,37.7185,37.0108,34.9701,1,43.0056,LAGGARD,10.794
1160,-112,EPAM,EPAM Systems,Information Technology,IT Consulting & Other Services,mid,127.41,22.75,-0.0433,-0.1328,-0.3881,STRONG_UP,-13.15,-15.93,-50.0,-44.68,53.41,59.7,0.7342,LOW,EARLY,133.077,146.4584,169.3555,0,-14.2505,WEAK,10.7814
1161,16,ITRI,ITRON INC,Information Technology,,mid,96.36,27.51,0.0148,-0.0068,-0.0185,STRONG_UP,-24.88,-5.6,7.14,-39.4,54.22,42.98,0.5624,LOW,SHIFT,91.424,94.4476,110.3323,0,-7.0688,WEAK,10.7786
1162,34,YUM,Yum! Brands,Consumer Discretionary,Restaurants,large,161.57,33.56,-0.0081,-0.0423,0.1025,FLAT,16.1,13.81,21.97,-10.22,50.6,21.01,0.5103,LOW,-,158.1405,159.8421,150.3611,1,33.2716,LAGGARD,10.7773
1163,0,AGYS,AGILYSYS INC,Information Technology,,small,65.17,28.04,-0.0301,-0.1075,-0.4224,STRONG_UP,-40.97,-4.79,-21.29,-55.93,53.41,60.49,0.5973,LOW,-,68.9935,74.5336,104.5492,0,-4.231,WEAK,10.724
1164,-39,PDM,PIEDMONT REALTY TRUST INC CLASS A,Real Estate,,small,7.46,41.98,0.0759,0.0928,-0.1902,FLAT,-6.87,15.3,21.73,-29.47,49.8,39.22,1.0969,MED,-,6.7165,7.3614,7.9999,0,19.4291,WEAK,10.6786
1165,51,IPAR,INTERPARFUMS INC,Consumer Staples,,mid,96.12,43.55,0.0725,0.0756,0.0625,FLAT,5.84,-5.18,-18.58,-43.01,52.21,27.3,0.5546,LOW,SHIFT,91.2225,95.0941,98.6235,0,-9.9106,WEAK,10.6139
1166,41,OMCL,OMNICELL INC,Health Care,,small,36.33,33.59,0.0017,0.0164,-0.2855,FLAT,23.32,15.89,35.16,-37.05,52.21,53.29,0.6869,LOW,-,34.324,37.5252,36.1716,1,15.5632,LAGGARD,10.6021
1167,76,CMS,CMS Energy,Utilities,Multi-Utilities,large,78.82,32.0,0.0088,0.0104,0.0153,STRONG_DOWN,8.78,11.68,45.45,-8.31,55.42,15.83,0.944,LOW,-,77.46,76.2874,72.3788,1,40.9024,LAGGARD,10.5709
1168,8,MGRC,MCGRATH RENT,Industrials,,mid,114.24,28.94,-0.0071,0.0189,0.0052,FLAT,-0.22,9.05,,-24.87,49.0,27.97,0.5951,LOW,-,109.942,111.4944,112.8439,1,15.8481,LAGGARD,10.562
1169,-19,SFBS,SERVISFIRST BANCSHARES INC,Financials,,mid,78.29,26.76,-0.007,-0.0136,-0.0036,FLAT,1.38,15.04,36.16,-23.75,48.59,41.65,0.7726,LOW,-,74.3196,78.6606,77.5869,1,17.5512,LAGGARD,10.5449
1170,59,ACN,Accenture,Information Technology,IT Consulting & Other Services,large,190.37,13.23,-0.033,-0.0992,-0.2955,STRONG_UP,-21.18,-33.16,-37.31,-43.7,48.19,46.18,0.5405,LOW,EARLY,193.8938,206.7973,245.3481,0,-34.6018,WEAK,10.5062
1171,-48,HTO,H2O AMERICA,Utilities,,mid,58.1,24.0,0.0071,-0.0093,0.0143,FLAT,23.67,8.77,17.26,-19.77,49.0,24.22,1.2137,MED,-,58.012,56.1772,50.4986,1,17.7506,LAGGARD,10.4862
1172,10,BSX,Boston Scientific,Health Care,Health Care Equipment,large,63.82,7.03,0.0005,-0.1307,-0.3145,STRONG_UP,-32.79,-32.27,,-43.33,48.19,46.55,0.5904,LOW,EARLY,65.812,71.2776,92.7907,0,-33.4091,WEAK,10.4792
1173,-97,FIS,Fidelity National Information Services,Financials,Transaction & Payment Processing Services,large,46.98,3.52,-0.0113,-0.1496,-0.3135,STRONG_UP,-29.17,-31.24,-30.56,-46.24,47.79,38.39,0.7735,LOW,EARLY,47.3545,48.7198,62.874,0,-38.8862,WEAK,10.4779
1174,26,MTH,MERITAGE CORP,Consumer Discretionary,,mid,66.64,30.14,0.0104,0.0065,-0.0839,STRONG_UP,1.15,6.75,-10.17,-27.68,47.39,36.9,0.4112,LOW,PROGRESS,62.52,68.6179,70.1992,0,8.6665,WEAK,10.4769
1175,4,SKY,CHAMPION HOMES INC,Consumer Discretionary,,mid,78.74,18.49,-0.014,-0.0502,-0.1116,STRONG_UP,18.44,-3.55,0.78,-35.0,46.99,45.79,0.255,LOW,-,75.537,82.7528,78.1679,1,-3.6453,LAGGARD,10.4368
1176,84,PRU,Prudential Financial,Financials,Life & Health Insurance,large,98.76,19.01,0.0114,-0.0216,-0.1926,STRONG_UP,0.17,3.78,0.36,-21.46,54.22,26.42,0.7875,LOW,SHIFT,95.8345,98.4038,103.0103,0,7.7675,WEAK,10.4175
1177,26,TENB,TENABLE HOLDINGS INC,Information Technology,,mid,17.87,6.35,-0.0268,-0.1734,-0.1998,STRONG_UP,-39.09,-45.77,-61.1,-54.77,45.38,60.08,1.3362,MED,EARLY,18.1845,19.6568,26.2565,0,-34.5685,WEAK,10.415
1178,23,DRVN,DRIVEN BRANDS HOLDINGS INC,Consumer Discretionary,,mid,13.33,7.53,0.0498,0.2376,-0.081,FLAT,-11.9,-19.31,-9.01,-46.38,44.18,72.11,0.94,LOW,SHIFT,12.126,13.2328,15.3669,0,-11.8307,WEAK,10.4067
1179,-211,PM,Philip Morris International,Consumer Staples,Tobacco,large,159.47,48.39,0.0019,-0.0627,-0.0742,STRONG_UP,1.81,3.14,94.73,-20.64,55.82,28.11,0.8193,LOW,EARLY,162.469,172.3458,162.6506,0,6.24,WEAK,10.3883
1180,51,VLTO,Veralto,Industrials,Environmental & Facilities Services,large,92.39,22.55,-0.0035,-0.0581,-0.134,STRONG_UP,-8.67,3.09,3.73,-22.34,46.99,25.52,0.724,LOW,SHIFT,88.6356,91.6052,99.8927,0,5.6977,WEAK,10.3579
1181,-3,CNO,CNO FINANCIAL GROUP INC,Financials,,mid,42.86,26.41,-0.0085,-0.0201,-0.0314,STRONG_UP,9.7,14.26,76.27,-11.03,56.22,26.66,0.5713,LOW,-,41.121,41.6499,40.0067,1,30.0785,LAGGARD,10.3249
1182,-11,MOH,Molina Healthcare,Health Care,Managed Health Care,mid,147.51,0.78,-0.0202,-0.0382,-0.1772,STRONG_UP,-24.07,-56.03,-59.12,-63.44,51.81,69.29,0.3687,LOW,SHIFT,141.2345,145.1606,169.4997,0,-41.8972,WEAK,10.3159
1183,21,PRAA,PRA GROUP INC,Financials,,small,19.84,28.17,0.0432,0.0792,0.1464,STRONG_DOWN,45.78,16.02,-13.81,-46.01,52.61,81.02,0.4382,LOW,-,18.1085,15.4948,15.7954,1,10.4047,LAGGARD,10.2929
1184,-70,TOWN,TOWNEBANK,Financials,,mid,35.62,29.23,0.0027,0.0029,0.0053,STRONG_DOWN,9.09,17.04,44.81,-14.28,50.6,24.76,0.471,LOW,-,33.8061,34.4014,34.2261,1,34.823,LAGGARD,10.2666
1185,26,KAI,KADANT INC,Industrials,,mid,332.15,24.26,0.0264,0.0279,0.0227,FLAT,19.32,4.45,15.03,-30.91,49.0,38.87,0.4272,LOW,-,304.7545,321.6386,310.0023,1,5.6121,LAGGARD,10.2496
1186,55,PSA,Public Storage,Real Estate,Self-Storage REITs,large,304.0,35.8,0.0255,0.02,0.0317,FLAT,3.62,9.68,23.94,-16.2,48.59,25.66,0.897,LOW,-,278.9485,288.6803,279.5587,1,18.3248,LAGGARD,10.247
1187,-122,HPQ,HP Inc.,Information Technology,"Technology Hardware, Storage & Peripherals",large,18.99,22.22,-0.0181,-0.0459,-0.0736,STRONG_UP,-28.6,-15.97,-26.15,-36.62,47.79,32.68,0.8414,LOW,SHIFT,18.869,18.7762,23.1267,0,-23.3473,WEAK,10.2033
1188,31,TTWO,Take-Two Interactive,Communication Services,Interactive Home Entertainment,large,205.1,22.73,0.0032,-0.0495,-0.1639,STRONG_UP,-20.1,-4.43,41.16,-27.68,50.6,37.62,0.7174,LOW,SHIFT,198.5185,203.091,233.2625,0,-5.9542,WEAK,10.1916
1189,1,TFIN,TRIUMPH FINANCIAL INC,Financials,,small,61.9,33.8,-0.0172,-0.0062,-0.1239,FLAT,31.06,20.9,-18.1,-28.76,50.2,48.71,0.6631,LOW,-,59.032,60.417,59.1698,1,21.5377,LAGGARD,10.189
1190,-24,ICE,Intercontinental Exchange,Financials,Financial Exchanges & Data,large,162.04,18.66,-0.0449,-0.0744,-0.076,STRONG_UP,2.71,2.5,,-22.53,52.61,30.85,0.4748,LOW,SHIFT,159.902,160.2232,165.2991,0,4.2577,WEAK,10.1455
1191,48,IFF,International Flavors & Fragrances,Materials,Specialty Chemicals,large,72.59,13.85,-0.0257,-0.0268,0.0138,FLAT,22.24,2.57,-8.36,-24.03,53.01,33.48,0.4424,LOW,-,70.8025,74.1281,68.3162,1,4.0676,LAGGARD,10.1186
1192,55,CRVL,CORVEL CORP,Health Care,,mid,55.12,1.17,0.0089,-0.0192,-0.1867,STRONG_UP,-22.81,-53.55,-30.66,-61.23,45.38,61.4,0.6045,LOW,SHIFT,53.903,52.2758,72.746,0,-39.5766,WEAK,10.095
1193,17,MCO,Moody's Corporation,Financials,Financial Exchanges & Data,large,438.06,17.25,-0.032,-0.0686,-0.2305,STRONG_UP,-7.14,1.49,19.1,-23.61,50.6,36.45,0.5089,LOW,PROGRESS,436.3105,445.2817,484.8647,0,2.0659,WEAK,10.0927
1194,-11,MOS,Mosaic Company (The),Materials,Fertilizers & Agricultural Chemicals,mid,23.94,6.15,-0.1104,-0.2033,-0.1218,FLAT,-21.38,-6.49,-17.7,-37.16,50.6,56.19,1.0293,MED,EARLY,25.6545,27.1897,29.0843,0,-5.8453,WEAK,10.082
1195,-48,LNTH,LANTHEUS HOLDINGS INC,Health Care,,mid,82.74,12.5,0.0142,0.0109,0.2659,FLAT,51.57,-19.5,37.33,-53.92,51.41,35.42,0.6437,LOW,-,77.6355,74.985,64.8928,1,-28.3001,LAGGARD,10.0819
1196,39,BMI,BADGER METER INC,Information Technology,,mid,161.35,25.4,0.0245,0.0068,-0.0475,STRONG_UP,-8.5,-12.42,6.9,-42.92,49.4,39.04,0.7048,LOW,SHIFT,152.7535,152.2659,177.198,0,-15.7165,WEAK,10.0665
1197,39,AESI,ATLAS ENERGY SOLUTIONS INC,Energy,,small,11.99,2.25,0.0989,-0.1139,-0.1409,STRONG_UP,10.61,-6.73,-40.93,-43.54,49.8,60.89,2.1746,HIGH,-,12.6255,11.9686,11.3293,1,-5.5047,LAGGARD,10.0355
1198,46,CSW,CSW INDUSTRIALS INC,Industrials,,mid,307.02,22.98,0.0827,0.1435,-0.0795,FLAT,30.44,3.54,31.39,-31.03,53.41,45.96,0.7907,LOW,-,269.6815,279.6272,274.9552,1,4.1133,LAGGARD,10.0256
1199,41,CON,CONCENTRA GROUP HOLDINGS PARENT IN,Health Care,,mid,22.75,29.3,0.0187,-0.0394,0.1341,FLAT,13.46,10.36,2.99,-21.39,47.79,27.74,0.496,LOW,-,21.817,22.6438,21.1005,1,17.8556,LAGGARD,9.9841
1200,-8,RYZ,RYERSON HOLDING CORP,Materials,,small,24.71,29.23,0.0196,0.0954,-0.1685,FLAT,10.2,16.47,-19.95,-34.71,53.41,59.47,0.4819,LOW,-,22.2495,24.8114,23.6472,1,14.7919,LAGGARD,9.9765
1201,25,MQ,MARQETA INC CLASS A,Financials,,small,4.06,19.37,-0.0131,-0.0583,-0.153,STRONG_UP,-13.62,3.84,-23.25,-43.78,48.59,39.66,0.4542,LOW,-,4.034,4.0498,4.9547,0,4.7001,WEAK,9.9762
1202,13,FELE,FRANKLIN ELECTRIC INC,Industrials,,mid,103.1,35.32,0.0148,0.0544,-0.0053,FLAT,11.66,17.29,4.9,-18.18,49.4,39.17,0.4625,LOW,-,94.6155,97.529,95.6898,1,21.7994,LAGGARD,9.9751
1203,-1,SPGI,S&P Global,Financials,Financial Exchanges & Data,large,425.24,10.92,-0.0374,-0.0842,-0.2651,STRONG_UP,-10.91,-8.94,5.44,-30.48,53.41,41.06,0.7223,LOW,PROGRESS,423.642,429.1306,494.0623,0,-11.6349,WEAK,9.9736
1204,76,TIC,TIC SOLUTIONS INC,Industrials,,small,7.93,13.19,0.0514,-0.0291,-0.3352,STRONG_UP,-37.8,-12.47,-33.92,-54.66,49.8,57.21,1.277,MED,-,7.2475,8.4408,10.5124,0,-10.857,WEAK,9.9725
1205,1,PRA,PROASSURANCE CORP,Financials,,small,24.63,21.13,0.0027,-0.0786,-0.0314,FLAT,2.71,5.94,89.32,-2.23,44.58,6.14,1.3734,MED,-,24.5405,24.5136,24.08,1,43.0951,LAGGARD,9.9572
1206,-7,ALKS,ALKERMES,Health Care,,mid,33.87,39.84,-0.0459,0.1666,0.1711,STRONG_DOWN,5.28,21.22,41.01,-22.2,49.8,52.59,0.7437,LOW,-,31.468,31.433,29.8949,1,20.0981,LAGGARD,9.9534
1207,20,ALL,Allstate,Financials,Property & Casualty Insurance,large,214.88,25.0,0.0028,-0.047,0.0425,FLAT,5.52,12.63,34.84,-11.48,53.41,25.1,0.4918,LOW,-,208.1585,207.6769,202.4947,1,26.8741,LAGGARD,9.9463
1208,51,KO,Coca-Cola Company (The),Consumer Staples,Soft Drinks & Non-alcoholic Beverages,large,75.9,54.84,-0.0075,-0.0079,0.0307,FLAT,15.21,8.68,38.35,-9.82,48.19,16.74,0.6915,LOW,-,76.139,77.3066,70.7215,1,24.9986,CONTENDER,9.937
1209,5,GEO,GEO GROUP INC,Industrials,,mid,17.9,2.98,-0.0185,0.0927,-0.0001,FLAT,3.29,-40.65,17.76,-58.13,47.39,61.35,0.4319,LOW,SHIFT,17.217,15.7704,18.5272,0,-31.4001,WEAK,9.9269
1210,41,QDEL,QUIDELORTHO CORP,Health Care,,small,17.32,6.25,0.1109,-0.0638,-0.4723,STRONG_UP,-34.17,-34.79,-58.21,-62.99,44.58,85.6,1.0854,MED,-,16.0085,20.4024,25.9057,0,-18.118,WEAK,9.906
1211,35,CTSH,Cognizant,Information Technology,IT Consulting & Other Services,large,60.04,24.34,-0.0392,-0.079,-0.2747,STRONG_UP,-8.64,-14.24,-9.28,-32.85,51.41,40.66,0.631,LOW,EARLY,60.821,64.5086,71.8978,0,-18.0063,WEAK,9.8844
1212,-39,SFNC,SIMMONS FIRST NATIONAL CORP CLASS,Financials,,mid,20.57,29.93,-0.0038,0.0185,0.0601,STRONG_DOWN,11.12,17.6,25.93,-17.57,51.81,33.09,0.6325,LOW,-,19.5595,20.0121,19.1291,1,27.5555,LAGGARD,9.8723
1213,4,KBH,KB HOME,Consumer Discretionary,,mid,51.93,27.4,-0.0051,-0.0847,-0.1045,STRONG_UP,-9.78,3.5,-15.18,-28.19,46.99,33.61,0.3993,LOW,PROGRESS,51.8,57.2257,59.4665,0,4.8932,WEAK,9.8708
1214,-33,PNTG,PENNANT GROUP INC,Health Care,,small,30.65,36.33,-0.0316,-0.1299,0.0753,FLAT,27.76,17.88,53.94,-26.97,52.61,44.58,0.3798,LOW,-,30.9865,31.6852,27.4705,1,21.1061,LAGGARD,9.8455
1215,15,BRSL,BRIGHTSTAR LOTTERY PLC,Consumer Discretionary,,mid,12.59,24.66,-0.008,-0.0551,-0.0656,STRONG_UP,-22.37,0.25,-15.94,-30.98,47.79,26.24,0.8342,LOW,EARLY,12.6565,13.0978,14.7463,0,0.4538,WEAK,9.7712
1216,4,CRM,Salesforce,Information Technology,Application Software,large,171.31,14.81,-0.0497,-0.1966,-0.2767,STRONG_UP,-30.85,-32.3,-36.39,-42.92,50.2,43.22,0.9439,LOW,EARLY,183.354,188.8838,233.1983,0,-37.516,WEAK,9.7504
1217,78,AZTA,AZENTA INC,Health Care,,small,24.26,19.53,0.0682,0.1171,-0.3623,FLAT,-20.51,-6.37,-54.7,-51.48,47.79,66.51,1.0286,MED,-,21.675,25.0586,30.8111,0,-4.5758,WEAK,9.7239
1218,16,DVA,DaVita,Health Care,Health Care Services,mid,149.45,25.0,-0.0132,-0.0368,0.4397,FLAT,20.61,2.17,15.0,-31.36,48.59,53.48,0.3209,LOW,-,151.0825,148.9844,132.3686,1,1.9689,LAGGARD,9.7167
1219,-28,SCSC,SCANSOURCE INC,Information Technology,,small,38.61,41.8,-0.0117,0.0335,-0.0578,FLAT,-6.31,23.16,-4.88,-24.52,52.21,49.17,0.8187,LOW,-,36.6615,37.0502,40.6098,0,24.5897,WEAK,9.6954
1220,-56,STGW,STAGWELL INC CLASS A,Communication,,small,6.56,33.33,-0.0263,-0.004,0.1328,STRONG_DOWN,29.9,21.03,17.77,-36.78,49.4,65.55,0.5203,LOW,-,6.267,5.6298,5.4008,1,15.8511,LAGGARD,9.6939
1221,12,BANF,BANCFIRST CORP,Financials,,mid,114.33,22.54,0.0023,-0.0101,0.0031,FLAT,-4.52,9.67,42.9,-23.63,51.0,31.03,0.7691,LOW,SHIFT,108.8595,111.2044,116.6974,0,15.888,WEAK,9.6895
1222,2,RWT,REDWOOD TRUST REIT INC,Financials,,small,6.05,45.42,0.022,-0.0063,0.051,FLAT,14.71,28.88,36.42,-19.91,48.59,54.46,0.5202,LOW,-,5.6164,5.7084,5.4261,1,25.7693,LAGGARD,9.5811
1223,25,CDRE,CADRE HOLDINGS INC,Industrials,,small,33.23,26.81,-0.0137,-0.0613,-0.2583,STRONG_UP,-14.33,8.29,1.13,-36.21,53.01,52.39,0.6638,LOW,-,31.94,37.6638,37.4786,0,8.3865,WEAK,9.4669
1224,21,VRSK,Verisk Analytics,Industrials,Research & Consulting Services,large,170.63,2.55,-0.052,-0.2392,-0.273,STRONG_UP,-29.19,-41.72,-22.15,-48.48,46.18,39.61,0.8505,LOW,EARLY,185.9385,190.8888,231.9865,0,-48.6387,WEAK,9.4592
1225,-3,LQDT,LIQUIDITY SERVICES INC,Industrials,,small,33.08,28.51,0.0109,0.1066,0.0001,FLAT,36.13,8.85,87.32,-30.9,55.42,30.99,0.8648,LOW,-,30.549,31.1156,27.9885,1,15.8295,LAGGARD,9.4551
1226,30,AZO,AutoZone,Consumer Discretionary,Automotive Retail,large,3508.5,19.18,-0.0026,-0.0354,0.0652,FLAT,-14.38,-3.38,20.84,-25.48,49.0,30.08,1.1191,MED,PROGRESS,3403.1595,3584.4932,3779.2765,0,-5.5031,WEAK,9.4515
1227,15,BLDR,Builders FirstSource,Industrials,Building Products,mid,87.77,6.38,0.0332,-0.064,-0.3403,STRONG_UP,-27.29,-25.76,-52.44,-47.16,40.16,45.19,0.5227,LOW,PROGRESS,83.539,97.7544,115.9033,0,-22.8901,WEAK,9.4465
1228,-5,IIPR,INNOVATIVE INDUSTRIAL PROPERTIES I,Real Estate,,small,51.18,43.21,0.015,-0.0091,-0.0042,FLAT,5.49,17.33,-32.97,-21.29,49.4,35.63,0.68,LOW,-,50.2446,49.2034,48.4807,1,24.0237,LAGGARD,9.4412
1229,33,MET,MetLife,Financials,Life & Health Insurance,large,76.04,21.48,0.0124,0.0192,-0.0577,FLAT,-4.56,7.69,16.1,-17.46,53.82,27.88,0.6382,LOW,SHIFT,70.968,73.2628,76.6874,0,14.8481,WEAK,9.407
1230,28,HQY,HEALTHEQUITY INC,Health Care,,mid,81.36,22.27,-0.0272,-0.0109,-0.0271,FLAT,-12.73,-2.01,1.41,-35.25,50.2,34.63,0.6055,LOW,-,81.8345,79.7236,90.5115,0,-2.9156,WEAK,9.3881
1231,-37,ALH,ALLIANCE LAUNDRY HOLDINGS INC,Industrials,,mid,24.98,21.28,0.0371,0.1666,0.1247,FLAT,-1.65,0.64,0.64,-29.22,52.76,42.95,1.4322,MED,-,21.27,21.9904,,0,0.7919,WEAK,9.3802
1232,38,CCI,Crown Castle,Real Estate,Telecom Tower REITs,large,86.27,14.81,-0.0152,-0.0483,-0.0638,STRONG_UP,-8.03,-10.12,0.45,-30.0,51.81,36.48,0.6144,LOW,SHIFT,83.176,85.0093,90.9301,0,-14.3745,WEAK,9.359
1233,50,WERN,WERNER ENTERPRISES INC,Industrials,,small,31.76,33.62,-0.021,0.0983,-0.083,FLAT,21.33,16.34,-8.97,-28.28,49.0,45.86,0.8444,LOW,-,29.4698,31.7579,29.0751,1,17.4546,LAGGARD,9.3372
1234,50,WLY,JOHN WILEY AND SONS INC CLASS A,Communication,,mid,39.78,16.67,-0.0005,-0.0076,0.2149,FLAT,11.0,-3.39,15.25,-34.42,46.99,41.18,0.6624,LOW,-,37.6234,33.8191,35.5297,1,-3.8631,LAGGARD,9.3088
1235,20,ANIP,ANI PHARMACEUTICALS INC,Health Care,,small,78.29,30.86,-0.0291,0.0417,-0.0409,FLAT,-11.65,12.57,18.08,-28.66,49.4,31.58,0.4952,LOW,-,75.888,76.4848,81.7642,0,19.6575,WEAK,9.2925
1236,18,GBTG,GLOBAL BUSINESS TRAVEL GROUP INC C,Consumer Discretionary,,mid,5.7,10.27,0.0185,-0.0159,-0.2243,STRONG_UP,-26.17,-14.29,,-40.41,50.6,48.78,0.5817,LOW,SHIFT,5.5355,5.5462,7.0617,0,-14.8187,WEAK,9.2822
1237,97,ISRG,Intuitive Surgical,Health Care,Health Care Equipment,large,467.22,21.48,-0.0093,-0.0787,-0.1608,STRONG_UP,7.23,-4.31,23.81,-24.09,49.4,23.93,1.0174,MED,PROGRESS,464.4685,480.9148,504.1887,0,-8.8997,WEAK,9.2624
1238,-78,HOMB,HOME BANCSHARES INC,Financials,,mid,27.96,22.89,-0.0174,-0.0207,-0.0478,STRONG_UP,4.5,10.21,29.44,-14.34,50.2,22.89,0.8368,LOW,SHIFT,27.054,27.879,27.9986,0,22.4024,WEAK,9.2548
1239,-46,NBTB,NBT BANCORP INC,Financials,,mid,45.19,30.28,-0.0059,0.0099,0.0318,STRONG_DOWN,16.0,18.17,43.72,-12.17,46.99,26.43,0.6184,LOW,-,42.969,43.4495,42.0865,1,32.2986,LAGGARD,9.233
1240,50,HNI,HNI CORP,Industrials,,mid,36.26,14.89,0.0248,-0.1548,-0.2289,STRONG_UP,-15.7,-10.33,-7.48,-38.43,46.59,38.47,0.6208,LOW,PROGRESS,34.646,41.7178,43.645,0,-12.5064,WEAK,9.2251
1241,41,AOS,A. O. Smith,Industrials,Building Products,mid,66.93,26.38,-0.0223,-0.0646,-0.0901,STRONG_UP,-0.08,6.97,-18.4,-20.86,48.19,27.53,0.546,LOW,PROGRESS,65.3915,71.4336,69.5999,0,12.1959,WEAK,9.2111
1242,32,VZ,Verizon,Communication Services,Integrated Telecommunication Services,large,45.48,50.0,-0.0547,-0.1314,0.1959,FLAT,18.15,9.14,29.19,-13.32,48.19,30.66,0.9881,LOW,-,48.4887,48.4578,42.1444,1,14.3633,CONTENDER,9.1972
1243,-113,ADSK,Autodesk,Information Technology,Application Software,large,228.59,24.87,-0.0736,-0.1473,-0.1444,FLAT,-25.78,-13.85,-0.45,-33.15,51.41,40.21,0.6917,LOW,EARLY,237.6315,239.994,284.51,0,-17.7079,WEAK,9.1571
1244,-12,NTGR,NETGEAR INC,Information Technology,,small,24.1,33.86,-0.0402,0.0478,0.0612,STRONG_DOWN,-30.12,7.16,68.77,-44.82,48.59,46.21,0.8121,LOW,-,22.714,21.5816,25.8837,0,7.5274,WEAK,9.1451
1245,5,NWSA,News Corp (Class A),Communication Services,Publishing,large,25.03,27.27,-0.01,0.0078,-0.0488,FLAT,-3.66,-4.4,4.66,-27.81,51.41,29.85,0.5967,LOW,SHIFT,24.4535,24.0251,26.7215,0,-7.5712,WEAK,9.1365
1246,70,JBGS,JBG SMITH PROPERTIES,Real Estate,,small,15.16,30.86,0.0185,0.0386,-0.1947,FLAT,-24.69,3.94,10.41,-40.48,46.99,26.44,0.3199,LOW,-,14.786,15.2488,18.0867,0,6.9944,WEAK,9.088
1247,-19,VYX,NCR VOYIX CORP,Information Technology,,small,6.83,21.69,0.0576,-0.0712,-0.3642,STRONG_UP,-40.14,-16.61,-43.04,-57.96,49.0,56.84,0.9502,LOW,-,6.4565,7.746,10.7907,0,-14.3152,WEAK,9.0777
1248,1,SCL,STEPAN,Materials,,small,51.78,21.54,-0.0053,0.0347,-0.0228,FLAT,10.83,12.23,-34.48,-32.78,53.01,51.77,0.3469,LOW,-,49.3055,53.2856,49.7802,1,12.5196,LAGGARD,9.0628
1249,81,AMPL,AMPLITUDE INC CLASS A,Information Technology,,small,6.2,16.4,-0.0346,-0.2108,-0.3986,STRONG_UP,-38.37,-26.97,-35.62,-57.79,45.38,66.17,1.2292,MED,-,6.6445,7.05,10.0893,0,-18.4983,WEAK,9.0322
1250,27,JBI,JANUS INTERNATIONAL GROUP INC,Industrials,,small,5.6,14.47,0.0415,-0.0219,-0.2328,STRONG_UP,-41.24,-10.69,-60.98,-53.93,47.79,51.6,0.3479,LOW,-,5.2585,6.0634,7.8708,0,-9.8968,WEAK,9.0281
1251,76,IDT,IDT CORP CLASS B,Communication,,small,51.16,20.83,0.0033,-0.0305,-0.0944,STRONG_UP,9.65,4.68,40.64,-33.19,50.6,24.7,0.763,LOW,-,48.6924,49.1893,53.851,0,9.5896,WEAK,8.9975
1252,69,LZ,LEGALZOOM COM INC,Industrials,,small,6.01,9.79,-0.0112,-0.0873,-0.447,STRONG_UP,-40.08,-15.23,-51.61,-50.98,50.2,64.39,1.4831,MED,-,5.921,6.5342,9.0301,0,-11.8758,WEAK,8.9577
1253,-32,BL,BLACKLINE INC,Information Technology,,mid,31.03,15.34,-0.0899,-0.1904,-0.4304,STRONG_UP,-38.2,-31.41,-49.0,-48.51,51.41,55.45,0.5918,LOW,EARLY,35.911,37.2882,50.1275,0,-29.1218,WEAK,8.9315
1254,12,PTON,PELOTON INTERACTIVE CLASS A INC,Consumer Discretionary,,small,4.77,8.9,0.0139,0.1921,-0.2563,FLAT,-35.28,-16.75,44.98,-58.78,43.78,77.3,0.7709,LOW,-,4.342,4.2925,6.3987,0,-9.4888,WEAK,8.9163
1255,-75,WK,WORKIVA INC CLASS A,Information Technology,,mid,55.12,20.11,-0.0598,-0.1618,-0.3651,STRONG_UP,-37.72,-20.6,-29.51,-43.89,48.59,43.73,0.4571,LOW,EARLY,58.7765,61.6824,76.8884,0,-22.8886,WEAK,8.9055
1256,59,AAT,AMERICAN ASSETS TRUST REIT INC,Real Estate,,small,20.15,38.27,0.0267,0.0243,0.0418,FLAT,9.24,14.08,11.07,-13.97,51.41,25.35,0.648,LOW,-,18.8165,18.8126,18.8529,1,28.5499,LAGGARD,8.8558
1257,8,UPWK,UPWORK INC,Industrials,,small,11.06,11.49,-0.0247,-0.147,-0.497,STRONG_UP,-35.32,-13.59,-1.25,-52.78,48.19,69.36,0.533,LOW,-,11.16,12.9836,16.0658,0,-9.4447,WEAK,8.8419
1258,43,WGS,GENEDX HOLDINGS CORP CLASS A,Health Care,,small,66.86,6.64,-0.0006,-0.1667,-0.3837,STRONG_UP,-44.68,-34.59,576.72,-65.92,49.0,77.95,0.7681,LOW,-,65.869,77.7428,110.4061,0,-21.7448,WEAK,8.8375
1259,16,BUR,BURFORD CAPITAL LTD,Financials,,small,4.71,0.7,0.0293,-0.4959,-0.5581,STRONG_UP,-57.72,-65.15,-67.81,-72.84,46.59,109.6,0.964,LOW,-,5.803,7.6516,10.4089,0,-27.6946,WEAK,8.7735
1260,8,TRIP,TRIPADVISOR INC,Communication,,small,11.26,12.5,-0.0007,0.087,-0.3394,FLAT,-26.79,-5.06,-55.81,-51.72,48.19,59.45,0.6217,LOW,-,10.334,10.6158,14.6296,0,-4.1008,WEAK,8.762
1261,43,SLG,SL GREEN REALTY REIT CORP,Real Estate,,mid,40.66,4.94,0.0303,0.0959,-0.2215,FLAT,-24.63,-17.6,,-45.4,48.19,43.34,0.8719,LOW,SHIFT,37.3697,38.2656,48.4865,0,-19.5672,WEAK,8.7452
1262,35,STE,Steris,Health Care,Health Care Equipment,large,224.83,26.17,-0.0209,-0.0187,-0.1251,FLAT,-4.28,2.48,13.7,-20.76,49.4,27.83,0.5739,LOW,PROGRESS,221.1315,233.9631,243.3074,0,4.4015,WEAK,8.7405
1263,0,HURN,HURON CONSULTING GROUP INC,Industrials,,mid,128.57,16.17,-0.0357,-0.058,-0.3424,STRONG_UP,-12.97,-9.7,41.05,-35.14,54.62,48.75,0.4641,LOW,PROGRESS,126.661,135.6898,148.9986,0,-10.8673,WEAK,8.7294
1264,45,TGLS,TECNOGLASS INC,Industrials,,mid,45.71,4.26,0.0181,-0.0268,-0.1646,STRONG_UP,-27.41,-32.93,-21.12,-54.2,46.18,40.62,0.2913,LOW,PROGRESS,43.2695,46.1771,58.3789,0,-37.4347,WEAK,8.7195
1265,29,AVY,Avery Dennison,Materials,Paper & Plastic Packaging Products & Materials,large,170.85,15.38,-0.0352,-0.0749,-0.1283,STRONG_UP,9.62,2.96,-15.98,-17.97,47.79,24.06,0.4567,LOW,PROGRESS,169.1615,180.2124,174.4821,0,5.8778,WEAK,8.6948
1266,-61,EW,Edwards Lifesciences,Health Care,Health Care Equipment,large,78.2,30.08,-0.0629,-0.1093,-0.0597,FLAT,7.2,10.51,-12.33,-12.73,49.8,26.79,0.9685,LOW,EARLY,80.9315,81.4102,80.7883,0,19.5453,WEAK,8.6784
1267,11,GPN,Global Payments,Financials,Transaction & Payment Processing Services,large,68.6,7.04,0.0438,-0.0729,-0.1628,STRONG_UP,-18.03,-18.69,-43.05,-29.7,45.78,52.46,0.404,LOW,PROGRESS,67.5645,71.4834,78.5009,0,-16.3077,WEAK,8.6781
1268,13,BCPC,BALCHEM CORP,Materials,,mid,175.57,20.0,-0.001,-0.0257,0.0689,FLAT,23.44,8.31,21.0,-17.69,46.18,22.37,0.5402,LOW,-,169.2385,173.0386,159.8437,1,17.1506,LAGGARD,8.6689
1269,-57,LADR,LADDER CAPITAL CORP CLASS A,Financials,,small,10.33,24.3,0.0246,-0.0223,-0.0746,STRONG_UP,1.57,11.37,17.51,-14.68,51.41,22.7,0.6873,LOW,-,9.7958,10.0058,10.3813,0,25.7501,WEAK,8.6684
1270,69,COUR,COURSERA INC,Consumer Discretionary,,small,5.94,9.59,0.0601,-0.0608,-0.0308,FLAT,-41.19,-14.78,-52.1,-57.8,54.62,52.34,1.1552,MED,-,5.812,5.9912,8.5141,0,-15.4213,WEAK,8.6546
1271,31,HD,Home Depot (The),Consumer Discretionary,Home Improvement Retail,large,342.71,21.92,0.0054,-0.0407,-0.0292,FLAT,-8.47,-0.77,6.56,-23.72,47.39,25.53,0.4961,LOW,PROGRESS,330.5835,354.5901,368.7348,0,-1.4349,WEAK,8.6492
1272,53,SMA,SMARTSTOP SELF STORAGE REIT INC,Real Estate,,mid,32.32,32.1,0.0049,-0.0387,-0.0563,STRONG_UP,-5.97,4.07,3.47,-21.77,53.01,31.24,0.493,LOW,SHIFT,30.9793,31.8655,33.345,0,6.9077,WEAK,8.6408
1273,-87,HMN,HORACE MANN EDUCATORS CORP,Financials,,small,44.36,24.65,-0.016,-0.0273,-0.012,FLAT,1.74,12.38,39.28,-10.73,56.22,22.09,0.3079,LOW,-,43.1045,42.9184,43.5218,1,31.5048,LAGGARD,8.5965
1274,12,TGTX,TG THERAPEUTICS INC,Health Care,,mid,34.56,16.02,-0.0097,0.1582,0.2492,STRONG_DOWN,0.99,-11.45,145.63,-42.01,52.21,41.86,0.6825,LOW,-,32.402,30.4422,31.9699,1,-14.2844,LAGGARD,8.5885
1275,-11,CCB,COASTAL FINANCIAL CORP,Financials,,small,82.04,17.96,-0.004,-0.0189,-0.3081,STRONG_UP,-22.26,2.01,115.44,-38.31,52.21,45.02,0.4502,LOW,-,77.829,80.2332,100.9922,0,2.3361,WEAK,8.5667
1276,29,WY,Weyerhaeuser,Real Estate,Timber REITs,large,24.78,28.4,-0.0288,0.0153,-0.0878,FLAT,5.44,-0.79,-19.44,-21.96,48.19,23.67,0.4363,LOW,-,24.014,24.6931,24.2608,1,-1.6114,LAGGARD,8.5576
1277,-4,TMHC,TAYLOR MORRISON HOME CORP,Consumer Discretionary,,mid,59.5,31.51,-0.0069,-0.049,-0.0258,FLAT,-1.82,7.05,6.9,-22.2,46.59,29.88,0.9505,LOW,PROGRESS,58.645,61.9894,62.9466,0,10.9971,WEAK,8.5354
1278,15,BR,Broadridge Financial Solutions,Industrials,Data Processing & Outsourced Services,large,158.61,4.68,-0.0393,-0.1844,-0.3223,STRONG_UP,-31.17,-31.55,-16.21,-42.6,47.39,35.17,0.5324,LOW,EARLY,163.5005,174.1054,218.2153,0,-42.5154,WEAK,8.5304
1279,13,OI,O I GLASS INC,Materials,,small,10.83,12.31,0.0015,-0.0351,-0.353,STRONG_UP,-5.25,0.28,-29.26,-40.71,51.81,47.24,0.3077,LOW,-,10.506,12.5386,13.4211,0,0.3046,WEAK,8.5215
1280,62,FOXF,FOX FACTORY HOLDING CORP,Consumer Discretionary,,small,17.6,15.75,0.036,0.0756,0.006,FLAT,-22.33,-9.88,-58.27,-56.63,51.41,46.95,0.8272,LOW,-,16.7705,17.5827,21.6426,0,-10.821,WEAK,8.5062
1281,18,MNKD,MANNKIND CORP,Health Care,,small,2.74,4.3,0.0302,-0.0559,-0.5066,STRONG_UP,-46.27,-40.95,-33.5,-63.29,45.78,91.42,0.6031,LOW,-,2.5015,3.642,4.6804,0,-20.5055,WEAK,8.4932
1282,25,ROL,"Rollins, Inc.",Industrials,Environmental & Facilities Services,large,54.8,20.85,-0.0228,-0.0762,-0.1515,STRONG_UP,-1.7,0.17,29.79,-19.79,53.01,29.12,0.5516,LOW,PROGRESS,53.9115,57.6117,57.8986,0,0.3134,WEAK,8.4838
1283,-4,NWS,News Corp (Class B),Communication Services,Publishing,large,28.83,18.18,-0.0111,0.03,-0.0473,FLAT,-2.08,-4.9,16.91,-26.84,53.01,29.91,0.5296,LOW,SHIFT,27.9605,27.2737,30.4394,0,-8.6772,WEAK,8.4372
1284,34,MRTN,MARTEN TRANSPORT LTD,Industrials,,small,14.11,27.23,-0.0268,0.1341,0.0942,FLAT,34.86,8.39,-14.12,-32.0,44.18,38.22,0.7884,LOW,-,13.1355,13.1077,11.8474,1,9.6949,LAGGARD,8.423
1285,15,UVV,UNIVERSAL CORP,Consumer Staples,,small,52.53,53.23,-0.0,0.0141,-0.0906,FLAT,1.49,7.56,18.52,-20.74,47.79,26.89,1.1671,MED,-,52.4705,53.3344,53.1689,0,13.4415,LAGGARD,8.4091
1286,3,LRN,STRIDE INC,Consumer Discretionary,,mid,93.53,3.42,0.0272,0.0868,0.4193,STRONG_DOWN,-35.49,-32.03,60.13,-64.07,53.01,38.2,0.5017,LOW,SHIFT,88.3885,86.4436,106.2252,0,-44.4515,WEAK,8.371
1287,49,RDN,RADIAN GROUP INC,Financials,,mid,34.67,23.24,-0.0077,-0.0224,0.053,FLAT,5.52,10.33,23.43,-14.34,51.0,26.5,0.4406,LOW,-,33.4485,33.4813,34.058,1,19.8734,LAGGARD,8.3635
1288,23,NEO,NEOGENOMICS INC,Health Care,,small,8.35,15.62,-0.0042,-0.0318,-0.3467,STRONG_UP,-10.6,-12.11,-39.27,-52.87,50.6,47.83,0.9674,LOW,-,7.8875,9.2294,9.3356,0,-12.8063,WEAK,8.3544
1289,-2,TNC,TENNANT,Industrials,,small,78.75,31.49,0.0295,0.1981,-0.0298,FLAT,0.95,12.67,-30.27,-27.71,54.22,54.7,0.8874,LOW,-,69.7455,70.9868,76.3365,1,12.5637,LAGGARD,8.3497
1290,-38,BAX,Baxter International,Health Care,Health Care Equipment,mid,17.59,5.86,0.0007,-0.0153,-0.0968,STRONG_UP,-20.36,-35.86,-54.28,-49.79,48.59,52.35,0.5988,LOW,PROGRESS,16.8425,18.6849,21.4366,0,-33.2867,WEAK,8.3154
1291,38,SYK,Stryker Corporation,Health Care,Health Care Equipment,large,345.88,24.22,-0.0027,-0.053,-0.0178,FLAT,-4.72,0.7,3.93,-18.8,48.19,22.89,1.0965,MED,PROGRESS,335.0806,354.0074,367.0175,0,1.4671,WEAK,8.2825
1292,39,PMT,PENNYMAC MORTGAGE INVESTMENT TRUST,Financials,,small,12.07,21.83,0.0301,-0.0092,-0.1039,STRONG_UP,8.7,7.72,15.87,-18.9,51.81,31.82,1.033,MED,-,11.3297,11.5727,11.575,1,12.5691,LAGGARD,8.2794
1293,-26,TSCO,Tractor Supply,Consumer Discretionary,Other Specialty Retail,large,45.02,14.38,-0.0209,-0.1181,-0.064,FLAT,-17.29,-10.2,-3.84,-29.73,49.4,34.23,0.7055,LOW,EARLY,45.3915,49.3939,53.7937,0,-14.7202,WEAK,8.2699
1294,-3,BDX,Becton Dickinson,Health Care,Health Care Equipment,large,155.73,23.83,-0.0286,-0.0734,-0.0032,FLAT,7.38,0.35,-12.11,-20.25,46.99,24.79,0.8373,LOW,-,156.1835,164.7417,151.7932,1,0.6603,LAGGARD,8.262
1295,-38,BOX,BOX INC CLASS A,Information Technology,,mid,22.32,17.46,-0.0605,-0.1459,-0.1973,STRONG_UP,-31.85,-25.48,-15.04,-44.57,45.38,42.57,0.6097,LOW,EARLY,23.537,23.8714,29.4519,0,-27.1574,WEAK,8.2266
1296,112,ZBH,Zimmer Biomet,Health Care,Health Care Equipment,large,96.52,23.44,0.0181,-0.0078,0.1047,FLAT,2.05,0.27,-20.65,-20.02,53.82,23.78,0.9956,LOW,-,90.5383,92.8232,94.6421,1,0.603,LAGGARD,8.223
1297,35,SAFE,SAFEHOLD INC,Real Estate,,small,15.45,34.57,0.0487,0.0294,0.0042,STRONG_UP,6.28,7.43,-9.15,-22.9,51.0,32.9,0.5207,LOW,-,14.0735,14.7197,14.4505,1,11.5189,LAGGARD,8.2034
1298,10,OMC,Omnicom Group,Communication Services,Advertising,large,76.48,36.36,-0.0207,-0.0655,0.0091,FLAT,1.96,3.46,-9.48,-17.85,49.8,47.65,0.5075,LOW,-,75.6265,76.3581,75.1365,1,3.6162,LAGGARD,8.1921
1299,24,AMP,Ameriprise Financial,Financials,Asset Management & Custody Banks,large,461.99,14.44,0.0092,-0.0287,-0.1159,STRONG_UP,-3.5,-1.77,15.3,-20.87,54.62,32.62,0.5633,LOW,PROGRESS,442.835,465.7937,485.9982,0,-2.9657,WEAK,8.1745
1300,-47,BANR,BANNER CORP,Financials,,mid,64.07,23.59,-0.0039,0.004,-0.0304,FLAT,5.59,10.49,56.13,-14.3,48.19,27.29,0.4696,LOW,-,61.099,61.616,62.9761,1,18.52,LAGGARD,8.0907
1301,-104,SYBT,STOCK YARDS BANCORP INC,Financials,,small,71.42,22.18,0.0103,0.0457,0.031,FLAT,5.96,9.49,69.12,-24.16,46.18,27.41,0.9675,LOW,-,66.542,66.5293,69.8357,1,15.9828,LAGGARD,8.0747
1302,-17,MKC,McCormick & Company,Consumer Staples,Packaged Foods & Meats,large,53.84,11.29,0.0769,-0.0499,-0.2457,STRONG_UP,-16.47,-27.03,-21.85,-36.38,49.4,39.9,0.7997,LOW,PROGRESS,52.4515,60.8822,65.6753,0,-33.4694,WEAK,8.0728
1303,-66,ESNT,ESSENT GROUP LTD,Financials,,mid,60.9,23.94,-0.0147,-0.0299,-0.0099,FLAT,3.41,10.53,17.95,-13.93,52.21,26.01,,LOW,SHIFT,58.9795,60.1194,60.9114,0,21.1412,WEAK,8.0552
1304,46,QTWO,Q2 HOLDINGS INC,Information Technology,,mid,48.19,10.58,-0.0241,-0.0778,-0.2888,STRONG_UP,-21.74,-37.32,-4.33,-52.32,43.78,41.84,0.2798,LOW,PROGRESS,47.6365,50.362,68.5321,0,-39.0482,WEAK,7.9978
1305,74,UPBD,UPBOUND GROUP INC,Consumer Discretionary,,small,19.34,25.34,0.0532,0.0698,0.0666,FLAT,-3.52,1.81,-29.4,-40.17,45.38,43.32,0.8081,LOW,-,17.8385,19.0445,20.2539,0,1.8989,WEAK,7.9935
1306,-10,KR,Kroger,Consumer Staples,Food Retail,large,67.19,46.77,-0.0427,-0.0812,0.0565,FLAT,1.13,0.62,26.56,-19.44,47.39,30.97,0.7914,LOW,EARLY,71.6755,70.2922,67.2163,0,0.9495,WEAK,7.9899
1307,-46,HLMN,HILLMAN SOLUTIONS CORP,Industrials,,small,8.64,29.36,0.0104,-0.0092,-0.1497,STRONG_UP,-6.9,9.09,-10.28,-27.75,43.37,44.63,0.6159,LOW,-,8.2455,8.6924,8.9759,0,8.8343,WEAK,7.9867
1308,9,MA,Mastercard,Financials,Transaction & Payment Processing Services,large,513.16,16.55,0.0032,-0.0701,-0.108,STRONG_UP,-7.94,-0.23,12.93,-18.92,53.01,26.37,0.5772,LOW,SHIFT,498.2771,512.9059,549.6308,0,-0.4619,WEAK,7.9522
1309,10,VRTX,Vertex Pharmaceuticals,Health Care,Biotechnology,large,444.28,16.41,-0.0192,-0.0919,-0.0153,FLAT,9.06,-11.23,11.81,-28.06,49.4,34.7,0.9804,LOW,-,446.045,463.2358,438.1325,1,-15.9888,LAGGARD,7.9232
1310,42,HRMY,HARMONY BIOSCIENCES HLDG INC,Health Care,,small,29.29,24.61,0.0092,0.0082,-0.1734,STRONG_UP,11.12,1.88,-0.78,-34.49,50.2,47.01,0.7699,LOW,-,27.941,30.342,33.1432,0,2.0057,WEAK,7.9208
1311,30,NVR,"NVR, Inc.",Consumer Discretionary,Homebuilding,large,6843.71,17.81,-0.0021,0.0019,-0.0458,FLAT,-9.77,-5.02,-11.82,-25.44,48.59,28.54,0.7684,LOW,PROGRESS,6599.2265,7085.5726,7535.5595,0,-8.541,WEAK,7.9108
1312,-14,AVPT,AVEPOINT INC CLASS A,Information Technology,,mid,9.4,11.64,-0.0643,-0.169,-0.2928,STRONG_UP,-35.66,-36.61,21.76,-55.03,50.6,42.02,0.5509,LOW,EARLY,9.7855,10.295,13.8539,0,-44.0913,WEAK,7.9048
1313,45,ROP,Roper Technologies,Information Technology,Electronic Equipment & Instruments,large,354.0,11.11,-0.0286,-0.0548,-0.1567,STRONG_UP,-30.64,-37.09,-32.08,-45.59,51.0,35.9,0.5456,LOW,SHIFT,351.9218,348.7278,450.9115,0,-52.693,WEAK,7.9031
1314,-4,ELV,Elevance Health,Health Care,Managed Health Care,large,313.35,9.38,-0.0353,0.0298,-0.1419,FLAT,-9.82,-26.89,-35.08,-36.98,49.8,43.9,0.6141,LOW,SHIFT,299.845,309.8992,322.5913,0,-30.5073,WEAK,7.8917
1315,41,MLKN,MILLERKNOLL INC,Industrials,,small,16.21,23.83,0.0561,-0.2217,-0.189,FLAT,0.32,4.42,-30.51,-37.8,47.79,58.31,0.8293,LOW,-,16.1285,18.886,18.2616,0,3.6264,WEAK,7.8817
1316,-40,EXE,Expand Energy,Energy,Oil & Gas Exploration & Production,large,95.69,3.37,-0.0056,-0.1345,-0.3261,STRONG_UP,-5.85,-5.33,15.86,-22.9,49.4,36.28,0.9753,LOW,EARLY,105.5885,105.6048,104.8872,0,-7.2641,WEAK,7.8725
1317,53,FA,FIRST ADVANTAGE CORP,Industrials,,small,12.04,11.06,0.0433,0.0959,-0.2297,FLAT,-14.97,-13.82,-20.53,-51.86,47.39,72.87,0.6635,LOW,-,11.2097,11.1487,14.2139,0,-8.9846,WEAK,7.8434
1318,36,EXC,Exelon,Utilities,Electric Utilities,large,48.66,22.0,-0.0021,-0.0319,0.0228,FLAT,5.67,7.81,44.52,-10.29,51.0,22.08,0.875,LOW,-,48.5455,47.7705,44.919,1,18.0466,LAGGARD,7.8359
1319,25,CENTA,CENTRAL GARDEN AND PET CLASS A,Consumer Staples,,small,33.56,50.0,0.0389,0.0555,0.0929,STRONG_DOWN,27.75,4.03,-1.81,-29.51,51.41,23.54,0.9843,LOW,-,32.434,33.011,31.4192,1,8.8008,CONTENDER,7.8231
1320,-49,FDS,FactSet,Financials,Financial Exchanges & Data,mid,223.55,1.76,-0.008,-0.0035,-0.2811,FLAT,-21.12,-48.01,-46.01,-59.47,49.4,52.75,0.786,LOW,SHIFT,212.998,210.9875,295.4098,0,-44.961,WEAK,7.8174
1321,22,SHW,Sherwin-Williams,Materials,Specialty Chemicals,large,333.6,10.77,-0.0159,-0.0348,-0.1037,STRONG_UP,0.89,-0.09,8.09,-18.74,47.39,26.98,0.3852,LOW,PROGRESS,320.862,339.3904,341.8874,0,-0.1562,WEAK,7.7883
1322,4,EPRT,ESSENTIAL PROPERTIES REALTY TRUST,Real Estate,,mid,32.3,33.33,-0.0044,-0.0456,0.0226,FLAT,11.45,6.8,38.71,-12.17,53.01,19.33,0.8988,LOW,-,31.3728,32.0287,30.3601,1,18.6565,LAGGARD,7.7456
1323,36,RVTY,Revvity,Health Care,Health Care Equipment,mid,93.51,22.66,0.0148,0.0382,-0.1429,FLAT,2.92,-1.85,-8.12,-28.75,50.2,38.99,0.3329,LOW,SHIFT,87.982,93.2504,94.9315,0,-2.3783,WEAK,7.7374
1324,16,CBT,CABOT CORP,Materials,,mid,74.57,9.23,-0.033,0.0184,0.0117,FLAT,8.58,-2.53,-16.45,-28.82,47.79,34.13,0.6071,LOW,-,72.9615,73.3149,71.8047,1,-3.5468,LAGGARD,7.7301
1325,62,CRI,CARTERS INC,Consumer Discretionary,,small,34.8,23.97,-0.0088,-0.0487,0.029,FLAT,18.85,0.16,-46.89,-37.64,53.41,59.34,0.5922,LOW,-,35.073,36.4766,31.7767,1,0.1408,LAGGARD,7.7133
1326,7,BHVN,BIOHAVEN LTD,Health Care,,small,10.44,3.91,0.0934,0.0399,-0.0408,STRONG_UP,-31.76,-43.75,-76.68,-66.71,46.59,72.01,0.5327,LOW,-,9.121,10.3036,12.5318,0,-28.306,WEAK,7.6949
1327,1,AI,C3 AI INC CLASS A,Information Technology,,small,8.4,2.65,-0.0667,-0.1079,-0.3696,STRONG_UP,-56.63,-57.94,-59.69,-73.39,44.58,74.87,0.717,LOW,-,8.4625,9.3458,15.6888,0,-34.4975,WEAK,7.691
1328,-16,RAMP,LIVERAMP HOLDINGS INC,Information Technology,,small,26.2,32.8,-0.0351,-0.1173,0.0138,FLAT,-3.53,3.72,-18.76,-34.44,53.01,41.25,0.498,LOW,-,26.646,26.2848,28.1543,0,4.7822,WEAK,7.6909
1329,6,ED,Consolidated Edison,Utilities,Multi-Utilities,large,111.66,16.0,-0.0085,-0.0324,0.0129,FLAT,12.51,3.2,33.69,-14.23,52.61,17.14,0.4516,LOW,-,112.6215,111.4768,101.8326,1,9.8211,LAGGARD,7.6636
1330,8,ASTH,ASTRANA HEALTH INC,Health Care,,small,29.07,14.84,0.0409,0.1386,0.0811,FLAT,-0.85,-13.89,-25.75,-46.41,53.01,90.9,0.6352,LOW,-,25.593,23.2704,25.8615,1,-8.1015,LAGGARD,7.5897
1331,-28,MSCI,MSCI Inc.,Financials,Financial Exchanges & Data,large,545.69,16.2,-0.0308,-0.0888,-0.1187,STRONG_UP,0.22,-0.63,9.09,-18.07,53.01,33.9,0.6855,LOW,PROGRESS,544.433,549.7739,559.7555,0,-0.9889,WEAK,7.5436
1332,-63,HCI,HCI GROUP INC,Financials,,small,153.39,20.07,-0.0169,-0.1502,-0.1778,STRONG_UP,-18.05,4.7,42.68,-27.33,50.6,32.34,0.926,LOW,-,153.9895,159.4391,168.6821,0,7.3464,WEAK,7.5253
1333,18,CCOI,COGENT COMMUNICATIONS HOLDINGS INC,Communication,,small,22.54,0.0,0.1128,0.0703,-0.107,STRONG_UP,-48.2,-55.58,-60.16,-68.95,51.41,91.46,0.9223,LOW,-,19.3055,21.2915,30.6335,0,-31.244,WEAK,7.4997
1334,31,VRRM,VERRA MOBILITY CORP CLASS A,Industrials,,mid,15.0,5.11,-0.0118,-0.0652,-0.3859,STRONG_UP,-37.58,-29.64,-37.94,-45.89,42.17,39.3,0.5115,LOW,PROGRESS,14.5205,16.2566,21.7226,0,-31.8083,WEAK,7.4796
1335,-47,COST,Costco,Consumer Staples,Consumer Staples Merchandise Retail,large,974.8,45.16,-0.0434,-0.0101,-0.008,STRONG_DOWN,4.48,0.33,37.2,-19.35,48.19,19.19,0.9158,LOW,-,992.691,993.9498,947.4004,1,0.8283,LAGGARD,7.4629
1336,-23,VRTS,VIRTUS INVESTMENT PARTNERS INC,Financials,,small,141.79,13.73,0.0351,0.0502,-0.1994,FLAT,-22.31,-2.66,-30.53,-38.95,51.81,39.11,1.1328,MED,-,132.144,136.7776,166.4438,0,-3.5264,WEAK,7.3668
1337,8,KVUE,Kenvue,Consumer Staples,Personal Care Products,large,17.38,24.19,0.0133,0.0012,-0.0108,STRONG_UP,9.75,-20.87,-1.49,-41.2,49.0,21.11,0.2901,LOW,EARLY,17.39,17.9119,17.8747,0,-48.4417,WEAK,7.3638
1338,24,AMCR,Amcor,Materials,Paper & Plastic Packaging Products & Materials,large,41.01,4.62,-0.0418,-0.0584,-0.0932,STRONG_UP,4.13,-9.97,-1.04,-23.67,48.59,41.62,0.434,LOW,PROGRESS,39.983,43.812,42.861,0,-11.6355,WEAK,7.3614
1339,59,LW,Lamb Weston,Consumer Staples,Packaged Foods & Meats,mid,43.73,27.42,0.0625,0.1185,0.0111,FLAT,-30.48,-17.69,-42.55,-41.37,50.2,37.57,0.6006,LOW,PROGRESS,41.1395,44.5768,51.7837,0,-23.6338,WEAK,7.3475
1340,8,PLMR,PALOMAR HOLDINGS INC,Financials,,mid,130.89,8.1,0.0094,0.0082,-0.0252,STRONG_UP,10.79,-15.19,74.03,-37.44,53.82,34.05,0.5008,LOW,-,122.1905,123.6686,124.9024,1,-24.0155,LAGGARD,7.2615
1341,-17,NSIT,INSIGHT ENTERPRISES INC,Information Technology,,mid,73.78,6.88,0.002,-0.1561,-0.1133,FLAT,-30.9,-44.65,-59.51,-56.07,49.8,51.0,,LOW,PROGRESS,69.9615,78.7122,101.1013,0,-43.5965,WEAK,7.2528
1342,15,AFL,Aflac,Financials,Life & Health Insurance,large,111.94,20.77,-0.02,-0.0551,-0.0089,FLAT,2.6,5.87,45.44,-9.63,51.0,18.37,0.4639,LOW,-,109.257,111.2928,107.8853,1,16.2855,LAGGARD,7.2522
1343,43,KFY,KORN FERRY,Industrials,,mid,63.3,24.68,-0.0341,-0.0169,-0.0944,FLAT,-7.36,4.55,9.6,-21.05,47.39,34.42,0.4008,LOW,SHIFT,62.4728,62.6311,67.116,0,6.259,WEAK,7.2472
1344,11,GENI,GENIUS SPORTS LTD,Consumer Discretionary,,small,4.27,0.0,-0.0403,-0.2199,-0.5187,STRONG_UP,-63.09,-57.97,-17.09,-71.07,46.18,77.35,0.4885,LOW,-,4.4385,5.4614,9.7852,0,-34.6111,WEAK,7.2195
1345,1,HLIT,HARMONIC INC,Information Technology,,small,9.78,35.45,-0.0058,-0.0308,-0.0331,STRONG_UP,-1.51,8.31,-5.32,-19.1,55.02,38.57,0.7869,LOW,-,9.3785,9.812,9.7915,0,11.848,WEAK,7.1838
1346,0,PAYC,Paycom,Industrials,Human Resource & Employment Services,mid,119.84,2.13,-0.0076,-0.102,-0.2802,STRONG_UP,-40.17,-44.91,-36.82,-56.97,49.8,44.82,0.4582,LOW,EARLY,121.228,124.499,176.5069,0,-49.8963,WEAK,7.1754
1347,-25,WM,Waste Management,Industrials,Environmental & Facilities Services,large,227.09,20.43,-0.0434,-0.1142,0.0115,FLAT,5.43,-0.41,13.88,-18.14,51.81,20.02,0.8689,LOW,-,230.4575,232.4973,221.5924,1,-1.0609,LAGGARD,7.172
1348,5,SPSC,SPS COMMERCE INC,Information Technology,,mid,52.55,2.12,-0.0776,-0.1786,-0.4179,STRONG_UP,-51.38,-59.81,-68.33,-66.3,47.39,44.61,0.5755,LOW,EARLY,56.014,61.2628,93.5445,0,-63.536,WEAK,7.1639
1349,11,CDNA,CAREDX INC,Health Care,,small,17.63,18.75,-0.0362,-0.0272,-0.1192,FLAT,21.34,-7.99,115.0,-43.92,51.81,47.93,0.9092,LOW,-,17.4015,18.2611,16.6731,1,-8.6318,LAGGARD,7.1269
1350,-30,FFIN,FIRST FINANCIAL BANKSHARES INC,Financials,,mid,31.4,15.14,-0.0045,-0.0162,-0.0565,STRONG_UP,-3.13,-1.16,11.96,-23.37,47.39,28.19,0.7227,LOW,SHIFT,29.936,31.1194,32.5871,0,-1.9427,WEAK,7.1051
1351,0,T,AT&T,Communication Services,Integrated Telecommunication Services,large,25.62,31.82,-0.0691,-0.1035,0.1236,FLAT,2.35,-2.77,73.23,-20.59,51.41,27.33,0.735,LOW,EARLY,27.672,27.6237,26.2442,0,-5.2112,WEAK,7.0499
1352,14,CCS,CENTURY COMMUNITIES INC,Consumer Discretionary,,small,60.33,28.77,0.0057,-0.0076,-0.0621,STRONG_UP,5.41,4.25,-24.39,-25.54,46.99,34.86,0.2714,LOW,-,57.6605,63.0398,62.0375,0,5.7311,WEAK,7.0349
1353,-39,ACGL,Arch Capital Group,Financials,Property & Casualty Insurance,large,96.2,19.72,-0.035,-0.0543,0.0096,FLAT,4.28,4.04,12.71,-12.0,52.61,20.7,0.8754,LOW,-,95.206,96.8904,92.4437,1,10.2805,LAGGARD,7.0135
1354,17,AIN,ALBANY INTERNATIONAL CORP CLASS A,Industrials,,small,58.36,17.02,0.0205,0.013,-0.017,STRONG_UP,5.65,-8.58,-32.65,-42.65,51.41,34.05,0.3038,LOW,-,53.3297,55.6323,56.6313,1,-12.953,LAGGARD,6.9836
1355,14,AJG,Arthur J. Gallagher & Co.,Financials,Insurance Brokers,large,219.91,2.82,-0.0146,-0.043,-0.193,STRONG_UP,-25.78,-33.82,-3.51,-40.88,50.2,35.53,,LOW,SHIFT,215.278,218.6416,263.3483,0,-47.7779,WEAK,6.9476
1356,-93,TRNS,TRANSCAT INC,Industrials,,small,81.82,18.72,0.0118,0.0277,0.2419,STRONG_DOWN,17.12,-5.17,-25.67,-44.83,48.19,45.98,0.9102,LOW,-,75.165,75.1862,71.6029,1,-5.4177,LAGGARD,6.9463
1357,-51,APPN,APPIAN CORP CLASS A,Information Technology,,small,20.7,17.99,-0.1277,-0.2555,-0.3332,STRONG_UP,-27.42,-24.54,-45.51,-55.7,48.19,50.68,0.8825,LOW,-,23.764,24.7752,30.6091,0,-23.3297,WEAK,6.9459
1358,3,FG,F&G ANNUITIES AND LIFE INC,Financials,,mid,25.58,5.63,0.0148,0.0883,-0.1139,FLAT,-9.85,-23.24,-24.84,-41.19,50.2,49.9,0.5833,LOW,SHIFT,24.736,24.7828,29.4822,0,-23.3792,WEAK,6.9325
1359,13,GPI,GROUP AUTOMOTIVE INC,Consumer Discretionary,,mid,337.98,10.96,0.002,0.0868,-0.0877,FLAT,-20.03,-14.04,27.44,-38.91,45.78,31.37,0.2621,LOW,SHIFT,325.9815,327.8402,399.6261,0,-20.4956,WEAK,6.9252
1360,44,PEG,Public Service Enterprise Group,Utilities,Electric Utilities,large,82.05,14.0,0.0009,-0.0328,-0.0621,STRONG_UP,2.0,1.4,33.92,-12.73,53.41,19.49,0.7685,LOW,-,81.729,82.6616,81.3665,1,3.8286,LAGGARD,6.9097
1361,3,AVA,AVISTA CORP,Utilities,,mid,41.7,20.0,0.0083,0.0477,-0.037,FLAT,15.89,5.1,36.08,-13.03,53.01,19.29,0.4769,LOW,-,40.395,40.6416,38.2586,1,14.0208,LAGGARD,6.8973
1362,-25,PAYX,Paychex,Industrials,Human Resource & Employment Services,large,88.85,3.4,-0.0362,-0.1182,-0.2245,STRONG_UP,-28.86,-37.69,-22.65,-44.95,46.59,31.22,0.6787,LOW,EARLY,91.1435,93.4496,115.8817,0,-56.243,WEAK,6.8531
1363,19,NVCR,NOVOCURE LTD,Health Care,,small,11.3,7.42,0.0276,-0.1324,-0.1646,STRONG_UP,-14.65,-31.35,-11.16,-48.3,44.98,92.59,0.5193,LOW,-,11.1915,11.7364,12.8551,0,-15.2291,WEAK,6.8283
1364,-15,CXW,CORECIVIC REIT INC,Industrials,,mid,19.95,15.74,-0.0458,-0.0226,-0.0427,FLAT,11.27,-9.73,31.25,-30.05,48.19,42.6,0.4871,LOW,-,19.865,18.8084,19.3531,1,-11.0051,LAGGARD,6.8146
1365,19,COO,Cooper Companies (The),Health Care,Health Care Supplies,large,71.61,19.14,-0.0216,-0.0371,-0.116,STRONG_UP,3.33,-7.96,-22.2,-23.83,49.4,23.52,0.7977,LOW,PROGRESS,70.8725,76.4912,74.6578,0,-16.7109,WEAK,6.7813
1366,34,TRUP,TRUPANION INC,Financials,,small,26.26,4.58,0.0126,-0.0455,-0.309,STRONG_UP,-36.35,-24.37,18.5,-56.53,46.99,47.99,0.7895,LOW,-,25.698,27.486,38.5946,0,-23.8586,WEAK,6.7485
1367,11,JBIO,JADE BIOSCIENCES INC,Health Care,,small,19.44,0.0,0.1403,0.3211,0.4179,STRONG_DOWN,113.86,-78.81,-97.75,-92.84,49.4,66.95,1.9006,HIGH,-,15.3215,14.8715,11.6552,1,-58.151,LAGGARD,6.7282
1368,25,BXP,"BXP, Inc.",Real Estate,Office REITs,mid,55.03,17.28,0.0246,0.0378,-0.2288,FLAT,-19.61,-9.25,4.05,-33.56,51.81,32.84,0.4429,LOW,PROGRESS,52.245,55.7356,65.1923,0,-14.5989,WEAK,6.7274
1369,5,RXRX,RECURSION PHARMACEUTICALS INC CLAS,Health Care,,small,3.54,5.47,0.0246,0.0003,-0.2377,STRONG_UP,-35.99,-37.23,-54.56,-58.17,42.17,62.24,0.5124,LOW,-,3.219,3.466,4.6417,0,-25.2275,WEAK,6.7236
1370,7,TDOC,TELADOC HEALTH INC,Health Care,,small,5.24,9.77,-0.0257,-0.0729,-0.2428,STRONG_UP,-36.48,-26.61,-61.33,-52.75,43.78,56.73,,LOW,-,5.3445,5.138,7.0362,0,-20.5361,WEAK,6.7226
1371,19,AGM,FEDERAL AGRICULTURAL MORTGAGE NON,Financials,,small,163.08,15.49,0.0356,0.0086,-0.0661,STRONG_UP,1.92,-0.99,-2.96,-31.94,50.6,40.77,0.6451,LOW,-,148.8445,157.4983,169.6864,0,-1.224,WEAK,6.7095
1372,88,EG,Everest Group,Financials,Reinsurance,large,341.24,14.79,0.0135,-0.0164,0.0231,FLAT,-2.18,-1.28,-1.88,-16.43,51.0,19.25,1.1003,MED,-,325.9255,328.9707,330.543,1,-3.3851,LAGGARD,6.6957
1373,19,BCC,BOISE CASCADE,Industrials,,mid,81.72,13.62,0.0083,0.0676,-0.0662,FLAT,14.01,-12.02,-42.08,-30.94,41.77,36.81,0.4459,LOW,-,75.1265,79.1011,79.1972,1,-13.6424,LAGGARD,6.476
1374,7,NSP,INSPERITY INC,Industrials,,small,27.59,0.43,0.0356,0.1984,-0.4092,FLAT,-38.13,-64.64,-71.25,-74.5,44.98,78.31,0.4606,LOW,-,26.26,26.0923,40.2814,0,-37.1288,WEAK,6.4567
1375,40,CRAI,CRA INTERNATIONAL INC,Industrials,,small,162.63,20.0,-0.0501,-0.0256,-0.3025,FLAT,-7.26,-1.37,15.88,-31.75,51.0,45.6,1.4073,MED,-,160.31,165.933,185.032,0,-1.5306,WEAK,6.4484
1376,27,AMN,AMN HEALTHCARE INC,Health Care,,small,18.78,23.05,-0.0305,-0.0398,0.235,FLAT,-2.03,-0.95,-67.1,-34.18,46.59,82.58,0.2612,LOW,-,18.534,19.2564,18.8011,0,-0.5356,WEAK,6.4368
1377,-9,ABG,ASBURY AUTOMOTIVE GROUP INC,Consumer Discretionary,,mid,206.57,17.12,0.0153,0.0411,-0.0964,FLAT,-13.7,-7.02,-3.97,-30.41,49.8,29.88,0.4777,LOW,PROGRESS,195.4805,208.7592,232.4706,0,-11.6958,WEAK,6.3866
1378,17,PRCT,PROCEPT BIOROBOTICS CORP,Health Care,,small,24.59,1.56,0.0105,-0.1666,-0.1883,STRONG_UP,-25.48,-53.53,-51.4,-65.12,42.97,68.81,0.6187,LOW,-,24.9445,26.2248,35.4699,0,-33.4303,WEAK,6.3762
1379,1,AMPH,AMPHASTAR PHARMACEUTICALS INC,Health Care,,small,21.38,17.97,0.0284,0.0584,-0.2529,FLAT,-9.06,-9.02,-47.57,-40.99,49.8,62.1,0.6827,LOW,-,19.958,22.8194,25.1284,0,-7.2345,WEAK,6.3652
1380,29,PRKS,UNITED PARKS AND RESORTS INC,Consumer Discretionary,,small,37.7,13.7,0.0557,0.1351,0.07,FLAT,-27.93,-11.77,-28.29,-46.15,48.59,47.44,0.7646,LOW,-,33.301,34.1024,42.1708,0,-12.0569,WEAK,6.3283
1381,20,FTNT,Fortinet,Information Technology,Systems Software,large,78.7,19.05,-0.081,-0.131,0.0162,FLAT,-6.53,-20.67,21.58,-31.56,52.61,36.68,0.8446,LOW,EARLY,81.0035,81.5602,84.4129,0,-29.6402,WEAK,6.3184
1382,-35,WAY,WAYSTAR HOLDING CORP,Health Care,,mid,22.43,5.08,-0.0297,-0.1337,-0.259,STRONG_UP,-37.98,-39.26,8.36,-47.76,48.59,46.18,0.8115,LOW,EARLY,23.5775,24.3314,32.7815,0,-41.3125,WEAK,6.2964
1383,48,CL,Colgate-Palmolive,Consumer Staples,Household Products,large,84.16,37.1,-0.0058,-0.0512,-0.0236,FLAT,10.73,-8.51,2.25,-20.74,46.18,24.28,1.118,MED,-,85.246,90.7048,83.6704,1,-16.1952,LAGGARD,6.2267
1384,-21,PHR,PHREESIA INC,Health Care,,small,8.6,0.39,-0.0371,-0.2626,-0.4738,STRONG_UP,-61.33,-64.11,-62.2,-75.24,49.8,71.76,0.7142,LOW,-,9.992,11.2594,20.01,0,-44.4889,WEAK,6.2096
1385,4,CBRL,CRACKER BARREL OLD COUNTRY STORE I,Consumer Discretionary,,small,27.86,2.74,-0.046,-0.0245,-0.0553,FLAT,-29.33,-34.02,-52.01,-64.96,44.98,51.34,0.9518,LOW,-,27.9487,29.7836,39.2231,0,-29.8097,WEAK,6.2087
1386,16,ALRM,ALARM.COM HOLDINGS INC,Information Technology,,mid,43.86,23.81,-0.042,-0.1117,-0.1359,STRONG_UP,-11.32,-14.74,-33.31,-30.22,45.38,31.51,1.1379,MED,EARLY,43.963,45.9267,51.263,0,-21.2219,WEAK,6.1927
1387,-2,CMCSA,Comcast,Communication Services,Cable & Satellite,large,28.14,13.64,-0.0092,-0.0988,0.0238,FLAT,4.49,-8.89,-17.85,-25.72,49.0,23.8,0.5229,LOW,EARLY,28.3216,29.8006,28.656,0,-18.3052,WEAK,6.1688
1388,30,CALM,CAL MAINE FOODS INC,Consumer Staples,,mid,75.56,30.65,-0.0091,-0.1223,0.0101,FLAT,-15.88,-14.99,43.48,-37.0,51.81,32.07,0.6152,LOW,EARLY,78.8585,82.8004,90.259,0,-24.2188,WEAK,6.1446
1389,32,LGIH,LGI HOMES INC,Consumer Discretionary,,small,40.54,6.16,0.0267,-0.0691,-0.184,STRONG_UP,-6.22,-26.95,-58.02,-49.25,40.16,54.07,0.5897,LOW,-,38.451,46.4426,50.8009,0,-20.0205,WEAK,6.0866
1390,40,MDLZ,Mondelez International,Consumer Staples,Packaged Foods & Meats,large,57.84,35.48,-0.0064,0.0423,-0.0005,FLAT,-3.75,-10.84,-6.72,-25.93,49.4,24.78,0.5789,LOW,PROGRESS,57.4172,58.1961,59.0043,0,-21.6035,WEAK,6.0404
1391,14,POOL,Pool Corporation,Consumer Discretionary,Distributors,mid,217.98,5.48,0.0266,0.0036,-0.1007,STRONG_UP,-24.46,-27.65,-39.74,-39.78,43.78,39.27,0.5236,LOW,PROGRESS,205.842,222.1399,265.4077,0,-30.8212,WEAK,6.0359
1392,25,FUN,SIX FLAGS ENTERTAINMENT CORP,Consumer Discretionary,,small,20.1,2.05,0.0946,0.1859,0.343,STRONG_DOWN,-2.43,-36.67,-47.95,-66.35,49.8,66.46,0.8952,LOW,-,17.8295,17.3254,20.574,0,-27.4799,WEAK,5.9997
1393,-26,ICUI,ICU MEDICAL INC,Health Care,,mid,127.85,18.36,0.0121,-0.0381,-0.1302,STRONG_UP,9.97,-8.44,31.67,-25.11,47.39,36.55,0.5554,LOW,PROGRESS,126.443,137.4742,134.1926,0,-10.9472,WEAK,5.9858
1394,-19,WDFC,WD-40,Consumer Staples,,mid,204.77,41.94,-0.0559,-0.0849,0.0065,FLAT,7.36,-5.69,-9.94,-23.27,51.41,31.49,1.0177,MED,EARLY,211.779,227.55,211.1218,0,-9.284,WEAK,5.9544
1395,11,CNXN,PC CONNECTION INC,Information Technology,,small,64.13,34.92,0.0066,0.01,0.106,STRONG_DOWN,8.45,7.56,4.14,-20.57,48.59,32.81,0.7532,LOW,-,59.5795,60.927,60.9188,1,11.1981,LAGGARD,5.9113
1396,18,V,Visa Inc.,Financials,Transaction & Payment Processing Services,large,311.37,11.97,-0.0028,-0.0769,-0.0996,STRONG_UP,-8.93,-6.58,16.5,-20.38,51.0,23.73,0.7024,LOW,PROGRESS,303.6155,312.9649,334.1349,0,-14.1502,WEAK,5.8905
1397,39,PGNY,PROGYNY INC,Health Care,,small,17.17,11.72,-0.0058,-0.0595,-0.3122,STRONG_UP,-15.96,-21.27,-49.22,-42.65,50.6,56.61,1.3379,MED,-,17.318,18.9516,22.1474,0,-19.016,WEAK,5.8821
1398,-7,UFPT,UFP TECHNOLOGIES INC,Health Care,,small,196.03,21.88,-0.0422,-0.0795,-0.216,STRONG_UP,0.29,-4.12,-14.3,-30.2,49.8,44.44,0.9319,LOW,-,194.487,216.7118,220.8542,0,-4.6204,WEAK,5.8815
1399,14,ACVA,ACV AUCTIONS INC CLASS A,Industrials,,small,4.66,0.0,-0.0072,-0.1157,-0.51,STRONG_UP,-45.11,-67.41,-72.52,-75.65,48.19,69.76,0.4677,LOW,-,4.5085,5.3886,9.0462,0,-46.5684,WEAK,5.8757
1400,-1,ROCK,GIBRALTAR INDUSTRIES INC,Industrials,,small,41.53,7.66,0.0015,-0.0797,-0.2922,STRONG_UP,-34.65,-22.1,-43.37,-48.66,45.78,47.77,0.5666,LOW,-,40.303,45.1654,55.4932,0,-21.1766,WEAK,5.8674
1401,10,FIVN,FIVE9 INC,Information Technology,,small,14.43,10.05,-0.0344,-0.1451,-0.2232,STRONG_UP,-33.19,-37.59,-74.6,-53.96,44.98,63.33,0.7377,LOW,-,14.9617,16.3367,21.4761,0,-26.6957,WEAK,5.808
1402,-5,BRO,Brown & Brown,Financials,Insurance Brokers,large,66.54,2.11,-0.0286,-0.1193,-0.2077,STRONG_UP,-29.26,-43.92,-16.81,-46.54,47.39,31.99,0.3965,LOW,PROGRESS,66.139,68.664,83.6885,0,-65.0676,WEAK,5.7986
1403,7,WRB,W. R. Berkley Corporation,Financials,Property & Casualty Insurance,large,65.99,15.85,-0.0289,-0.1181,-0.0796,FLAT,-13.33,-0.89,26.99,-16.39,53.01,20.14,0.5491,LOW,EARLY,66.143,68.5797,70.3127,0,-2.3352,WEAK,5.7893
1404,-10,ERIE,Erie Indemnity,Financials,Insurance Brokers,large,249.43,2.46,-0.0262,-0.0663,-0.1598,STRONG_UP,-21.06,-39.42,-32.03,-42.99,50.6,34.06,0.938,LOW,PROGRESS,246.6468,259.1496,299.3682,0,-58.5574,WEAK,5.7438
1405,7,VERX,VERTEX INC CLASS A,Information Technology,,small,11.45,0.0,-0.0364,-0.1983,-0.4088,STRONG_UP,-53.7,-71.18,-62.11,-74.21,43.37,67.61,0.4541,LOW,-,12.0115,13.3156,21.8148,0,-45.6604,WEAK,5.723
1406,23,CNS,COHEN & STEERS INC,Financials,,mid,66.28,11.62,0.0268,-0.0336,-0.0649,STRONG_UP,1.35,-8.05,3.15,-27.8,48.59,24.47,0.4624,LOW,SHIFT,63.0375,63.9715,66.7803,0,-15.9769,WEAK,5.6977
1407,-11,ZTS,Zoetis,Health Care,Pharmaceuticals,large,121.11,13.28,-0.0086,-0.0201,-0.0165,FLAT,-14.21,-17.66,-17.08,-32.7,51.0,25.66,0.3986,LOW,PROGRESS,117.608,122.1628,134.048,0,-35.0941,WEAK,5.6395
1408,-32,PRVA,PRIVIA HEALTH GROUP INC,Health Care,,mid,23.12,21.09,-0.0019,0.0097,0.0122,STRONG_DOWN,-4.23,-4.42,25.99,-24.77,45.78,39.32,0.549,LOW,-,21.5375,22.113,22.7763,1,-5.15,LAGGARD,5.6366
1409,0,PAYO,PAYONEER GLOBAL INC,Financials,,small,4.97,5.99,0.0584,0.0025,-0.1064,STRONG_UP,-14.9,-22.71,3.54,-42.76,47.79,64.96,0.3851,LOW,-,4.764,5.0181,5.886,0,-16.7045,WEAK,5.5962
1410,24,CHD,Church & Dwight,Consumer Staples,Household Products,large,95.53,40.32,0.0251,-0.0106,0.0473,FLAT,11.14,-7.9,-3.69,-21.87,51.41,20.96,0.5185,LOW,-,94.404,98.4404,91.4164,1,-19.3689,LAGGARD,5.5468
1411,26,ATRC,ATRICURE INC,Health Care,,small,29.4,17.19,0.0222,-0.0793,-0.1848,STRONG_UP,-17.42,-9.15,28.38,-33.86,49.4,46.57,0.6126,LOW,-,28.9645,31.112,34.7805,0,-9.703,WEAK,5.5194
1412,12,WTW,Willis Towers Watson,Financials,Insurance Brokers,large,288.48,10.21,-0.0187,-0.088,-0.1673,STRONG_UP,-13.78,-10.78,14.28,-19.74,49.4,36.39,0.6033,LOW,PROGRESS,287.9761,295.1804,316.0977,0,-14.6292,WEAK,5.5127
1413,26,CLX,Clorox,Consumer Staples,Household Products,large,104.44,17.74,-0.0012,-0.0515,-0.0743,STRONG_UP,-11.36,-22.04,-20.1,-30.11,48.59,29.82,0.68,LOW,EARLY,104.7895,113.7746,113.293,0,-35.9135,WEAK,5.5025
1414,-31,OPCH,OPTION CARE HEALTH INC,Health Care,,mid,27.9,15.23,-0.0632,-0.0961,-0.1896,STRONG_UP,4.61,-13.52,-9.74,-27.6,44.98,35.74,0.9452,LOW,EARLY,28.242,30.9456,30.1527,0,-17.0093,WEAK,5.4706
1415,55,CNMD,CONMED CORP,Health Care,,small,39.73,13.67,0.0662,0.0189,0.0017,STRONG_UP,-8.46,-17.45,-46.17,-44.44,48.59,42.28,0.6071,LOW,-,36.226,39.637,45.0251,0,-20.0592,WEAK,5.4591
1416,3,CPRT,Copart,Industrials,Diversified Support Services,large,33.29,1.7,-0.0211,-0.09,-0.2082,STRONG_UP,-24.46,-44.93,-39.2,-49.2,47.39,29.35,0.7542,LOW,PROGRESS,33.042,35.7442,41.7847,0,-72.5458,WEAK,5.3991
1417,6,QNST,QUINSTREET INC,Communication,,small,12.17,8.33,-0.0455,-0.0821,-0.2847,STRONG_UP,-11.68,-22.09,-28.87,-44.3,49.0,54.37,0.6847,LOW,-,12.052,11.8182,14.2663,0,-19.9056,WEAK,5.3524
1418,36,DOC,Healthpeak Properties,Real Estate,Health Care REITs,large,16.87,25.93,-0.0126,-0.0565,-0.056,FLAT,-2.66,-3.63,4.91,-17.09,49.4,24.86,0.5242,LOW,PROGRESS,16.8395,16.9305,17.0721,0,-7.2075,WEAK,5.3033
1419,-12,DNOW,DNOW INC,Industrials,,mid,11.96,7.23,-0.0523,-0.0047,-0.1527,FLAT,-15.06,-22.14,-20.16,-34.08,55.42,54.2,0.6105,LOW,EARLY,11.963,13.0486,14.1508,0,-22.6337,WEAK,5.2268
1420,8,BLFS,BIOLIFE SOLUTIONS INC,Health Care,,small,20.27,16.8,0.0088,0.0193,-0.1443,FLAT,-26.08,-9.63,29.27,-36.96,49.4,49.1,0.7461,LOW,-,19.462,20.7116,23.8086,0,-9.6888,WEAK,5.1711
1421,11,ALKT,ALKAMI TECHNOLOGY INC,Information Technology,,small,16.24,12.7,-0.0374,-0.1403,-0.2441,STRONG_UP,-29.82,-34.91,-31.07,-51.11,46.99,58.67,0.3241,LOW,-,16.3725,16.777,21.8853,0,-27.96,WEAK,5.1428
1422,39,PD,PAGERDUTY INC,Information Technology,,small,5.82,1.06,-0.0908,-0.2239,-0.4988,STRONG_UP,-63.87,-62.35,-72.23,-66.63,43.37,57.77,2.0088,HIGH,-,6.3965,7.0196,12.8236,0,-46.8117,WEAK,5.1361
1423,20,PRGS,PROGRESS SOFTWARE CORP,Information Technology,,small,28.18,3.7,-0.0433,-0.2241,-0.3212,STRONG_UP,-39.88,-50.63,-43.34,-61.2,50.6,67.89,0.5839,LOW,-,28.696,34.9264,42.2249,0,-37.7362,WEAK,5.0132
1424,21,LZB,LA-Z-BOY INC,Consumer Discretionary,,small,34.11,16.44,0.0287,-0.0262,-0.0489,STRONG_UP,7.54,-8.11,7.98,-32.97,44.98,31.91,0.5409,LOW,-,32.55,34.5919,35.4317,0,-11.432,WEAK,4.9984
1425,23,MBC,MASTERBRAND INC,Industrials,,small,8.72,6.81,0.0237,0.0007,-0.3366,STRONG_UP,-31.23,-24.63,-49.36,-44.36,43.78,49.94,0.5787,LOW,-,8.279,9.8242,11.4855,0,-21.5943,WEAK,4.9757
1426,69,SJM,J.M. Smucker Company (The),Consumer Staples,Packaged Foods & Meats,large,92.21,29.03,-0.0064,-0.1049,-0.1277,STRONG_UP,-7.31,-17.5,-9.53,-22.82,47.39,29.41,1.1016,MED,EARLY,95.7825,103.8514,103.4101,0,-28.1908,WEAK,4.9744
1427,-11,STC,STEWART INFO SERVICES CORP,Financials,,small,64.85,16.9,-0.0049,-0.068,-0.0621,FLAT,-2.99,0.9,15.54,-24.48,48.19,31.36,0.3593,LOW,-,61.644,65.2475,67.9454,0,1.3756,WEAK,4.9451
1428,36,BV,BRIGHTVIEW HOLDINGS INC,Industrials,,small,12.06,16.6,-0.0035,-0.0751,-0.1069,STRONG_UP,-6.37,-9.05,7.3,-32.82,46.99,36.41,0.4342,LOW,-,11.7525,12.6512,13.4534,0,-11.6795,WEAK,4.9444
1429,12,FWRG,FIRST WATCH RESTAURANT GROUP INC,Consumer Discretionary,,small,11.56,0.68,0.0218,-0.0721,-0.2268,STRONG_UP,-28.86,-37.41,-48.98,-49.68,45.38,64.55,0.6794,LOW,-,11.3645,13.1777,16.0429,0,-26.3014,WEAK,4.9441
1430,48,TNET,TRINET GROUP INCINARY,Industrials,,small,37.71,1.28,0.0163,-0.0491,-0.4254,STRONG_UP,-38.89,-51.12,-69.28,-60.35,46.18,62.8,0.3697,LOW,-,37.034,40.0632,56.987,0,-37.5915,WEAK,4.8012
1431,13,SAFT,SAFETY INSURANCE GROUP INC,Financials,,small,74.99,17.61,-0.0063,-0.0612,-0.0382,FLAT,11.48,1.9,4.16,-17.39,50.2,19.26,0.8178,LOW,-,73.421,75.2991,72.825,1,4.9566,LAGGARD,4.798
1432,20,VICI,Vici Properties,Real Estate,Hotel & Resort REITs,large,28.36,18.52,-0.0012,-0.027,-0.0336,STRONG_UP,-5.25,-6.08,15.35,-17.88,48.59,18.71,0.5133,LOW,PROGRESS,27.5721,28.371,29.4973,0,-15.7986,WEAK,4.7918
1433,16,NAVI,NAVIENT CORP,Financials,,small,8.28,6.34,-0.0501,-0.0786,-0.3522,STRONG_UP,-29.82,-22.35,-43.42,-46.81,52.61,45.63,0.6145,LOW,-,8.2175,8.6585,11.5301,0,-25.7673,WEAK,4.7448
1434,4,CWST,CASELLA WASTE SYSTEMS INC CLASS A,Industrials,,mid,83.44,5.53,-0.0624,-0.1293,-0.2095,STRONG_UP,-7.04,-29.31,-12.76,-37.72,49.0,40.67,0.6996,LOW,PROGRESS,82.285,91.1374,96.1468,0,-35.3158,WEAK,4.7126
1435,-8,UFPI,UFP INDUSTRIES INC,Industrials,,mid,96.12,17.87,-0.0115,-0.0036,-0.1075,FLAT,7.22,-7.61,-14.23,-24.68,43.37,27.12,0.5337,LOW,PROGRESS,91.592,99.1664,97.0759,0,-12.1753,WEAK,4.7066
1436,30,ICFI,ICF INTERNATIONAL INC,Industrials,,small,70.23,12.77,-0.0098,-0.043,-0.2868,STRONG_UP,-18.83,-12.52,-49.34,-35.36,49.4,40.64,0.7859,LOW,-,67.2235,74.0871,85.2288,0,-15.2169,WEAK,4.7052
1437,20,DPZ,Domino's,Consumer Discretionary,Restaurants,large,369.17,6.85,-0.034,-0.0999,-0.0347,FLAT,-8.75,-19.88,-21.99,-28.84,46.59,29.21,0.6288,LOW,PROGRESS,368.2175,384.1114,416.857,0,-31.704,WEAK,4.6967
1438,17,WD,WALKER & DUNLOP INC,Financials,,small,48.21,3.17,0.0545,-0.0205,-0.2752,STRONG_UP,-39.29,-32.06,-42.5,-49.57,47.39,54.06,0.3197,LOW,-,45.051,51.2197,66.9622,0,-28.1052,WEAK,4.6818
1439,-13,AIG,American International Group,Financials,Multi-line Insurance,large,77.02,12.68,-0.0159,-0.0747,0.0215,FLAT,-4.81,-3.9,10.12,-16.98,52.21,21.91,0.6661,LOW,SHIFT,75.5555,76.8196,78.0273,0,-9.3018,WEAK,4.6726
1440,28,INVH,Invitation Homes,Real Estate,Single-Family Residential REITs,large,26.47,7.41,0.0028,0.038,-0.0485,FLAT,-4.11,-16.27,-14.96,-29.15,45.38,22.47,0.52,LOW,SHIFT,25.1489,25.5719,27.6592,0,-32.865,WEAK,4.6115
1441,-8,ENOV,ENOVIS CORP,Health Care,,small,25.1,12.11,0.0354,0.0383,0.027,FLAT,-15.57,-20.27,-55.82,-42.54,47.39,54.54,0.3899,LOW,-,23.0575,23.1908,27.7508,0,-17.6099,WEAK,4.6089
1442,9,CBZ,CBIZ INC,Industrials,,small,29.09,0.85,0.0312,0.0596,-0.5009,FLAT,-45.4,-63.41,-60.95,-68.38,47.39,72.36,0.4054,LOW,-,27.0725,29.0188,50.1881,0,-41.5277,WEAK,4.597
1443,19,ABT,Abbott Laboratories,Health Care,Health Care Equipment,large,101.05,12.89,-0.0442,-0.1261,-0.1754,STRONG_UP,-22.35,-18.82,-4.01,-26.34,49.0,27.79,0.9938,LOW,EARLY,103.82,108.6444,122.4467,0,-33.1755,WEAK,4.5661
1444,2,WKC,WORLD KINECT CORP,Energy,,small,23.33,6.74,0.0179,0.0218,-0.4072,FLAT,-5.58,1.05,-1.05,-22.53,51.41,28.28,0.3845,LOW,-,23.1079,24.4043,25.1897,0,1.9044,WEAK,4.536
1445,5,CPK,CHESAPEAKE UTILITIES CORP,Utilities,,mid,129.33,12.0,-0.0059,-0.0079,-0.0707,STRONG_UP,-3.12,-2.16,34.38,-14.39,52.61,21.49,0.488,LOW,-,127.5845,130.1004,127.1007,1,-5.2861,LAGGARD,4.5155
1446,-11,YELP,YELP INC,Communication,,small,26.19,4.17,0.0013,0.0116,-0.2071,FLAT,-22.58,-22.7,-34.61,-51.67,49.4,42.19,0.3906,LOW,-,24.963,23.87,29.5723,0,-26.5767,WEAK,4.5047
1447,34,ARE,Alexandria Real Estate Equities,Real Estate,Office REITs,mid,45.39,1.23,-0.0117,-0.0796,-0.2261,STRONG_UP,-36.66,-38.82,-57.33,-48.98,55.42,40.42,0.8451,LOW,EARLY,45.5519,49.5391,61.2671,0,-53.2323,WEAK,4.4739
1448,-26,STRA,STRATEGIC EDUCATION INC,Consumer Discretionary,,small,79.37,28.08,-0.0643,-0.0397,0.0187,STRONG_DOWN,2.68,4.02,-13.86,-19.93,54.62,32.56,0.6797,LOW,-,82.1015,80.2768,79.7257,0,6.7433,WEAK,4.4627
1449,23,CPT,Camden Property Trust,Real Estate,Multi-Family Residential REITs,large,101.78,19.75,-0.0287,-0.013,-0.1137,FLAT,2.08,-4.85,13.57,-17.71,52.21,19.29,0.4875,LOW,PROGRESS,99.0334,103.1845,104.3763,0,-13.1215,WEAK,4.3717
1450,24,EQR,Equity Residential,Real Estate,Multi-Family Residential REITs,large,61.36,24.69,-0.0147,0.005,-0.0382,FLAT,1.26,-4.34,9.76,-16.54,51.41,19.68,0.5815,LOW,SHIFT,59.3977,60.9659,61.395,0,-11.3356,WEAK,4.3555
1451,-9,AMT,American Tower,Real Estate,Telecom Tower REITs,large,176.41,6.17,-0.0226,-0.079,-0.0559,FLAT,-2.77,-16.93,5.04,-26.67,51.41,29.16,0.6447,LOW,PROGRESS,175.427,180.6228,188.1255,0,-29.8399,WEAK,4.2928
1452,44,PBH,PRESTIGE CONSUMER HEALTHCARE INC,Health Care,,mid,56.66,8.59,-0.0,-0.1149,-0.1167,STRONG_UP,-8.38,-30.0,-16.85,-41.09,47.79,33.35,0.7665,LOW,EARLY,58.5335,63.435,64.9714,0,-42.986,WEAK,4.2836
1453,-6,GSHD,GOOSEHEAD INSURANCE INC CLASS A,Financials,,small,40.5,1.06,-0.123,-0.1796,-0.4851,STRONG_UP,-39.47,-63.61,-24.79,-64.43,47.39,67.85,0.6791,LOW,-,42.7265,48.0039,71.0097,0,-44.4299,WEAK,4.2666
1454,11,ABM,ABM INDUSTRIES INC,Industrials,,mid,39.63,11.91,-0.0098,-0.0295,-0.1353,STRONG_UP,-10.64,-13.58,-6.79,-27.81,49.4,28.03,0.5638,LOW,PROGRESS,38.2561,41.6213,44.0323,0,-23.9289,WEAK,4.2616
1455,1,ADUS,ADDUS HOMECARE CORP,Health Care,,small,93.23,19.92,-0.0099,-0.1215,-0.1422,STRONG_UP,-17.19,-6.06,-3.62,-25.38,48.19,34.22,0.5785,LOW,-,95.968,102.552,110.3175,0,-8.5283,WEAK,4.2538
1456,-31,PCRX,PACIRA BIOSCIENCES INC,Health Care,,small,23.75,20.7,0.0019,0.0036,0.1087,STRONG_DOWN,6.69,-4.54,-10.48,-29.61,51.0,41.83,,LOW,-,22.95,22.5054,23.5291,1,-5.5375,LAGGARD,4.2483
1457,1,CI,Cigna,Health Care,Health Care Services,large,272.6,14.45,-0.0378,-0.0293,0.0176,STRONG_DOWN,-6.69,-15.29,-18.84,-27.41,49.0,27.37,0.3817,LOW,PROGRESS,268.717,275.4449,281.779,0,-27.3813,WEAK,4.235
1458,19,ESS,Essex Property Trust,Real Estate,Multi-Family Residential REITs,large,251.42,23.46,-0.0259,-0.0138,-0.0531,FLAT,-0.36,-4.35,14.89,-16.49,53.82,19.58,0.6719,LOW,SHIFT,244.6574,249.104,255.1252,0,-11.9442,WEAK,4.2275
1459,42,SMPL,THE SIMPLY GOOD FOODS COMPANY,Consumer Staples,,small,11.39,0.0,-0.1991,-0.2348,-0.5086,STRONG_UP,-52.78,-69.78,-64.13,-72.3,46.18,56.94,2.1438,HIGH,-,13.7225,15.2931,22.2678,0,-56.5934,WEAK,4.2064
1460,13,AWK,American Water Works,Utilities,Water Utilities,large,133.39,6.0,-0.0135,-0.0407,-0.0895,STRONG_UP,-3.2,-6.9,20.64,-16.12,51.41,23.97,0.7012,LOW,EARLY,136.4945,133.6774,134.5407,0,-14.7968,WEAK,4.1356
1461,33,HRL,Hormel Foods,Consumer Staples,Packaged Foods & Meats,large,20.76,9.68,-0.0166,-0.0552,-0.1483,STRONG_UP,-8.32,-28.25,-33.26,-31.82,46.18,26.94,1.1047,MED,EARLY,21.8266,23.1095,24.1888,0,-48.4257,WEAK,4.0853
1462,13,UDR,"UDR, Inc.",Real Estate,Multi-Family Residential REITs,large,35.12,12.35,-0.0211,-0.0483,-0.0979,STRONG_UP,-1.7,-11.5,5.63,-21.65,48.59,20.97,0.564,LOW,PROGRESS,34.556,36.2796,36.5603,0,-26.6558,WEAK,4.0642
1463,29,LNN,LINDSAY CORP,Industrials,,small,112.46,14.04,0.0141,-0.1233,-0.1293,STRONG_UP,-14.63,-11.5,0.28,-29.99,47.39,34.36,1.1181,MED,-,114.11,124.7321,127.5239,0,-15.8606,WEAK,4.0346
1464,-11,SILA,SILA RLTY TR INC TRUST,Real Estate,,small,24.97,29.63,0.0082,-0.0264,-0.01,FLAT,9.36,1.11,23.21,-14.11,50.2,20.94,0.4461,LOW,-,24.0395,24.5504,23.6848,1,2.6712,LAGGARD,4.0098
1465,41,AVB,AvalonBay Communities,Real Estate,Multi-Family Residential REITs,large,171.0,13.58,-0.0091,-0.0118,-0.103,STRONG_UP,-5.48,-11.39,1.49,-22.13,51.81,20.88,0.6587,LOW,SHIFT,164.8648,170.316,179.6432,0,-28.2536,WEAK,4.0009
1466,3,OTIS,Otis Worldwide,Industrials,Industrial Machinery & Supplies & Components,large,81.9,9.36,0.0064,-0.093,-0.1268,STRONG_UP,-7.31,-15.56,-11.74,-23.79,53.01,26.5,0.5199,LOW,PROGRESS,79.032,85.2325,88.3135,0,-31.1297,WEAK,4.0006
1467,23,CXM,SPRINKLR INC CLASS A,Information Technology,,small,5.33,16.93,-0.0801,-0.1339,-0.2539,STRONG_UP,-29.12,-25.97,-53.04,-44.17,49.0,42.01,1.1083,MED,-,5.834,5.7908,7.3642,0,-30.2937,WEAK,4.0
1468,-48,GT,GOODYEAR TIRE & RUBBER,Consumer Discretionary,,small,6.84,4.11,-0.045,-0.0262,-0.1885,FLAT,1.63,-29.85,-43.61,-48.49,42.97,49.54,0.8651,LOW,-,6.6365,7.8162,8.5155,0,-25.888,WEAK,3.9716
1469,-10,GIS,General Mills,Consumer Staples,Packaged Foods & Meats,large,34.7,4.84,-0.0255,-0.078,-0.2473,STRONG_UP,-25.68,-36.61,-43.41,-37.1,44.98,28.84,0.8879,LOW,EARLY,36.2403,41.0474,45.186,0,-57.105,WEAK,3.8872
1470,1,CLOV,CLOVER HEALTH INVESTMENTS CORP CLA,Health Care,,small,2.04,3.12,0.0428,-0.0096,-0.1893,STRONG_UP,-22.43,-45.16,220.75,-55.5,42.97,50.88,0.5807,LOW,-,1.8565,1.9762,2.5629,0,-38.1403,WEAK,3.8551
1471,14,CTAS,Cintas,Industrials,Diversified Support Services,large,176.14,10.21,-0.0158,-0.1587,-0.1271,FLAT,-5.84,-14.67,7.73,-26.72,48.59,21.75,0.9214,LOW,PROGRESS,175.592,188.5097,196.4472,0,-32.7776,WEAK,3.8375
1472,15,MCD,McDonald's,Consumer Discretionary,Restaurants,large,303.22,22.6,-0.0275,-0.1128,0.0497,FLAT,2.21,-0.72,19.36,-10.6,49.0,16.2,0.71,LOW,EARLY,309.0815,319.9037,306.4779,0,-2.1734,WEAK,3.82
1473,-10,SIGI,SELECTIVE INSURANCE GROUP INC,Financials,,mid,80.9,12.32,-0.0168,-0.0243,-0.0584,STRONG_UP,-0.84,-6.5,-16.98,-18.19,53.41,22.39,0.4121,LOW,-,76.882,80.9197,80.288,1,-15.5116,LAGGARD,3.6983
1474,9,ABR,ARBOR REALTY TRUST REIT INC,Financials,,small,7.8,7.39,0.0282,-0.068,-0.008,FLAT,-28.04,-18.62,-17.86,-40.49,49.0,43.73,0.4749,LOW,-,7.5625,7.5707,9.1513,0,-20.8634,WEAK,3.5898
1475,1,ACIW,ACI WORLDWIDE INC,Information Technology,,mid,41.45,19.58,-0.0218,-0.0145,-0.0807,FLAT,-18.73,-20.62,31.59,-29.9,51.0,39.57,0.6324,LOW,SHIFT,40.4935,40.7394,45.7607,0,-26.5817,WEAK,3.5755
1476,-9,FCPT,FOUR CORNERS PROPERTY INC TRUST,Real Estate,,mid,24.9,20.99,-0.003,-0.0474,-0.0331,FLAT,7.75,-4.78,19.6,-17.9,46.59,19.58,0.4227,LOW,-,24.1656,24.6089,24.0751,1,-11.3752,LAGGARD,3.5654
1477,22,ITGR,INTEGER HOLDINGS CORP,Health Care,,mid,88.63,10.55,-0.0068,0.0105,0.0804,STRONG_DOWN,-13.19,-24.16,-25.3,-50.11,53.41,25.24,0.2531,LOW,SHIFT,86.181,85.8038,91.4036,0,-51.1185,WEAK,3.562
1478,1,EPAC,ENERPAC TOOL GROUP CORP CLASS A,Industrials,,small,36.39,17.45,-0.0191,-0.0682,-0.1387,STRONG_UP,-7.94,-8.2,3.99,-25.4,48.19,32.14,0.5396,LOW,-,36.1065,38.7038,39.6928,0,-12.2961,WEAK,3.527
1479,5,LTH,LIFE TIME GROUP HOLDINGS INC,Consumer Discretionary,,mid,27.98,13.01,-0.0341,0.0308,0.0852,STRONG_DOWN,10.24,-12.75,93.9,-25.42,48.19,35.93,0.5126,LOW,-,26.861,27.5076,27.4418,1,-17.105,LAGGARD,3.5065
1480,0,AON,Aon plc,Financials,Insurance Brokers,large,323.02,8.8,-0.0311,-0.0924,-0.1138,STRONG_UP,-8.59,-14.44,7.16,-17.89,50.2,32.94,0.8171,LOW,PROGRESS,322.4835,326.2338,346.8571,0,-22.0013,WEAK,3.4884
1481,7,MRSH,Marsh McLennan,Financials,Insurance Brokers,large,172.85,4.93,-0.0224,-0.0811,-0.0955,STRONG_UP,-14.97,-24.19,-9.42,-27.03,48.19,29.43,0.4543,LOW,PROGRESS,172.3133,176.2708,188.3602,0,-39.6032,WEAK,3.4876
1482,22,BBSI,BARRETT BUSINESS SERVICES INC,Industrials,,small,29.24,5.96,-0.0105,-0.0151,-0.2872,STRONG_UP,-31.4,-27.04,-1.28,-45.31,52.61,45.66,0.4206,LOW,-,28.954,30.3552,38.5276,0,-31.1594,WEAK,3.4805
1483,6,KHC,Kraft Heinz,Consumer Staples,Packaged Foods & Meats,large,22.11,25.81,-0.0262,-0.0096,-0.0881,FLAT,-9.05,-20.05,-32.0,-25.28,51.41,30.14,0.9507,LOW,EARLY,22.3195,23.2247,24.4484,0,-34.198,WEAK,3.3503
1484,16,UTL,UNITIL CORP,Utilities,,small,54.01,8.0,0.0086,0.0239,-0.0028,FLAT,15.95,-3.32,18.22,-23.67,53.41,20.64,0.6524,LOW,-,52.907,52.2556,49.1107,1,-8.5939,LAGGARD,3.3264
1485,12,EVTC,EVERTEC INC,Financials,,small,29.22,9.15,0.0156,-0.0898,-0.0563,FLAT,-3.58,-12.74,-21.45,-34.26,49.0,38.08,0.4035,LOW,-,28.306,27.8797,30.9086,0,-16.3944,WEAK,3.3256
1486,16,EXPO,EXPONENT INC,Industrials,,mid,67.55,10.64,-0.0127,-0.06,-0.1131,STRONG_UP,3.41,-14.07,-11.44,-18.86,45.78,41.04,0.7878,LOW,PROGRESS,65.793,69.0256,70.2632,0,-15.6977,WEAK,3.2695
1487,25,CPB,Campbell's Company (The),Consumer Staples,Packaged Foods & Meats,mid,20.0,1.61,-0.0229,-0.0316,-0.2647,STRONG_UP,-30.67,-43.86,-48.62,-44.1,44.18,35.89,1.2821,MED,EARLY,20.9879,24.0391,28.1199,0,-53.9939,WEAK,3.2298
1488,-6,VCEL,VERICEL CORP,Health Care,,small,35.14,14.06,0.013,0.0452,-0.044,FLAT,4.93,-16.37,-27.84,-35.8,48.59,41.67,0.8184,LOW,-,32.6905,34.3818,36.0258,0,-19.0922,WEAK,3.1889
1489,20,EPC,EDGEWELL PERSONAL CARE,Consumer Staples,,small,22.44,19.35,0.0518,0.1303,0.1836,STRONG_DOWN,15.42,-21.77,-33.88,-47.46,48.59,36.66,0.4132,LOW,-,20.9155,20.9942,20.511,1,-28.858,LAGGARD,3.1556
1490,26,ASGN,ASGN INC,Information Technology,,small,38.04,12.17,-0.0125,-0.0183,-0.2096,STRONG_UP,-18.87,-35.46,-59.88,-40.42,45.38,57.12,0.597,LOW,-,37.695,41.2778,46.8747,0,-28.1717,WEAK,3.1545
1491,-5,AWR,AMERICAN STATES WATER,Utilities,,mid,75.86,10.0,-0.0076,0.0108,-0.0779,FLAT,5.15,-2.27,17.87,-12.36,49.0,23.67,0.974,LOW,-,75.471,74.2378,73.3451,1,-4.7079,LAGGARD,3.1026
1492,6,FBRT,FRANKLIN BSP REALTY TRUST INC,Financials,,small,8.83,10.56,0.0187,-0.073,-0.1361,STRONG_UP,-12.27,-10.43,-8.16,-23.51,48.19,38.37,0.3009,LOW,-,8.548,8.9322,9.6946,0,-13.0935,WEAK,2.9112
1493,0,SKWD,SKYWARD SPECIALTY INSURANCE GROUP,Financials,,small,45.85,8.45,0.0042,-0.0551,-0.0369,FLAT,-6.7,-14.95,28.18,-36.52,49.4,35.31,0.6495,LOW,-,43.776,45.0447,47.8343,0,-20.9168,WEAK,2.9015
1494,13,KMB,Kimberly-Clark,Consumer Staples,Household Products,large,97.16,8.06,0.0126,-0.0141,-0.0481,STRONG_UP,-16.53,-28.27,-16.19,-32.43,45.78,24.05,0.5983,LOW,EARLY,97.689,101.7916,110.882,0,-53.8065,WEAK,2.895
1495,0,ENR,ENERGIZER HOLDINGS INC,Consumer Staples,,small,18.99,12.9,0.0815,0.1413,-0.135,FLAT,-17.54,-24.96,-23.99,-42.96,46.18,41.78,0.345,LOW,-,17.265,19.4902,21.9938,0,-27.5895,WEAK,2.8747
1496,34,IART,INTEGRA LIFESCIENCES HOLDINGS CORP,Health Care,,small,11.06,7.81,0.13,0.1844,-0.0962,FLAT,-18.8,-31.22,-65.5,-48.7,50.2,45.31,1.1318,MED,-,9.4935,10.2536,12.5513,0,-34.5881,WEAK,2.8557
1497,18,MAA,Mid-America Apartment Communities,Real Estate,Multi-Family Residential REITs,large,126.34,8.64,-0.022,-0.0343,-0.1195,STRONG_UP,-3.94,-15.72,7.28,-25.74,47.39,17.98,0.8656,LOW,PROGRESS,123.9725,129.3094,134.4676,0,-41.4254,WEAK,2.7853
1498,10,KDP,Keurig Dr Pepper,Consumer Staples,Soft Drinks & Non-alcoholic Beverages,large,26.02,14.52,0.018,-0.0304,-0.0973,STRONG_UP,0.18,-24.01,-9.25,-27.55,49.0,24.85,1.0666,MED,EARLY,26.1989,27.6473,28.3785,0,-47.3434,WEAK,2.7357
1499,12,PG,Procter & Gamble,Consumer Staples,Personal Care Products,large,144.38,32.26,0.0074,-0.0341,-0.0362,STRONG_UP,-0.72,-11.95,-2.22,-17.62,48.19,20.57,0.3711,LOW,EARLY,144.4315,152.7398,150.1912,0,-27.9896,WEAK,2.7265
1500,5,WMK,WEIS MARKETS INC,Consumer Staples,,small,69.42,33.87,-0.0331,0.0623,0.0037,FLAT,2.71,-11.36,16.83,-29.37,51.41,29.17,0.8016,LOW,-,68.849,69.1541,69.0294,1,-20.0215,LAGGARD,2.7142
1501,25,SDGR,SCHRODINGER INC,Health Care,,small,11.91,1.95,0.016,-0.1073,-0.342,STRONG_UP,-39.54,-53.47,-53.37,-58.52,49.0,52.35,1.1431,MED,-,11.6075,12.131,17.4351,0,-50.046,WEAK,2.5099
1502,1,CAG,Conagra Brands,Consumer Staples,Packaged Foods & Meats,mid,14.28,3.23,-0.073,-0.0924,-0.1655,STRONG_UP,-18.3,-39.91,-45.84,-39.91,44.98,34.71,1.1985,MED,EARLY,15.4265,17.387,17.6331,0,-51.7128,WEAK,2.4852
1503,10,JANX,JANUX THERAPEUTICS INC,Health Care,,small,15.24,2.73,0.0292,0.0549,0.1143,STRONG_DOWN,-42.03,-47.56,-70.61,-64.94,48.59,50.67,0.5898,LOW,-,14.224,13.8047,20.3995,0,-45.6046,WEAK,2.4456
1504,-13,PGR,Progressive Corporation,Financials,Property & Casualty Insurance,large,196.59,5.28,-0.0182,-0.1202,-0.0921,FLAT,-11.47,-24.18,3.41,-29.4,47.79,25.25,0.9396,LOW,EARLY,199.9004,203.6571,216.2788,0,-45.7619,WEAK,2.335
1505,9,MMSI,MERIT MEDICAL SYSTEMS INC,Health Care,,mid,70.54,10.94,-0.0012,-0.0253,-0.1224,STRONG_UP,-11.19,-23.29,-1.97,-32.5,48.59,27.35,0.7351,LOW,PROGRESS,68.567,73.9502,82.9563,0,-41.3819,WEAK,2.3266
1506,11,UMH,UMH PROPERTIES INC,Real Estate,,small,15.39,22.22,0.0012,0.0165,-0.0871,FLAT,11.5,-4.44,11.5,-18.38,46.59,20.08,0.9792,LOW,-,14.6955,15.155,15.1681,1,-10.3012,LAGGARD,2.2575
1507,21,ESRT,EMPIRE STATE REALTY REIT INC TRUST,Real Estate,,small,5.34,3.7,0.0081,0.0059,-0.2057,STRONG_UP,-25.17,-22.27,-39.51,-41.89,50.6,32.48,0.5258,LOW,-,5.1255,5.632,6.8016,0,-34.6943,WEAK,2.1871
1508,15,DEI,DOUGLAS EMMETT REIT INC,Real Estate,,small,9.86,2.47,0.0043,0.0183,-0.1575,FLAT,-25.81,-24.55,-14.88,-44.09,41.77,32.27,,LOW,-,9.3869,9.7324,12.268,0,-31.7714,WEAK,2.0994
1509,11,SLVM,SYLVAMO CORP,Materials,,small,42.83,0.0,0.0218,-0.0375,-0.2147,STRONG_UP,2.59,-25.58,-20.74,-37.14,46.59,39.79,0.277,LOW,-,40.6645,44.2728,45.1416,0,-29.9567,WEAK,2.0702
1510,11,MZTI,MARZETTI,Consumer Staples,,mid,142.31,20.97,-0.0039,-0.0112,-0.1862,STRONG_UP,-12.16,-21.18,-23.74,-27.25,49.0,28.38,0.9959,LOW,PROGRESS,141.7135,152.3988,165.7943,0,-36.569,WEAK,1.9673
1511,11,CWT,CALIFORNIA WATER SERVICE GROUP,Utilities,,mid,45.13,4.0,-0.0057,0.0056,-0.0912,FLAT,-1.15,-8.67,6.96,-16.03,49.4,26.37,0.8198,LOW,-,45.1535,45.2361,45.0798,1,-16.247,LAGGARD,1.889
1512,-2,TMUS,T-Mobile US,Communication Services,Wireless Telecommunication Services,large,190.0,9.09,-0.0543,-0.1526,0.0191,FLAT,-14.75,-27.54,22.62,-30.32,50.2,27.32,0.9993,LOW,EARLY,204.545,209.0916,217.5239,0,-50.6124,WEAK,1.8712
1513,5,EIG,EMPLOYERS HOLDINGS INC,Financials,,small,41.78,9.86,-0.0287,-0.026,-0.0933,FLAT,2.09,-10.88,3.52,-26.96,51.81,27.79,0.7364,LOW,-,40.918,41.36,41.7293,1,-20.2888,LAGGARD,1.8054
1514,11,FIZZ,NATIONAL BEVERAGE CORP,Consumer Staples,,mid,34.24,22.58,-0.0008,0.0067,-0.0045,FLAT,-5.41,-21.11,-20.29,-33.61,43.78,21.96,0.6365,LOW,PROGRESS,34.092,35.2182,37.397,0,-42.0774,WEAK,1.7752
1515,17,IRT,INDEPENDENCE REALTY INC TRUST,Real Estate,,mid,15.7,9.88,0.0095,-0.0238,-0.1408,STRONG_UP,-2.0,-12.99,6.52,-21.7,46.59,21.14,0.4882,LOW,PROGRESS,15.1505,15.8253,16.3798,0,-28.6347,WEAK,1.7051
1516,15,MGEE,MGE ENERGY INC,Utilities,,mid,79.89,2.0,0.0099,0.0618,-0.0953,FLAT,-3.69,-10.01,11.11,-20.77,48.19,21.13,0.5671,LOW,SHIFT,77.355,78.6076,81.3216,0,-22.8361,WEAK,1.4811
1517,7,BLKB,BLACKBAUD INC,Information Technology,,small,35.88,8.47,-0.0613,-0.2377,-0.3988,STRONG_UP,-43.6,-41.71,-54.66,-52.14,51.41,43.67,0.8175,LOW,-,39.3315,44.45,58.2874,0,-49.0978,WEAK,1.4626
1518,15,RSG,Republic Services,Industrials,Environmental & Facilities Services,large,211.73,12.34,-0.0468,-0.1252,-0.0304,FLAT,-4.52,-12.63,15.58,-20.5,50.6,17.78,1.2101,MED,EARLY,218.0719,221.0197,221.8474,0,-35.9464,WEAK,1.213
1519,8,IOSP,INNOSPEC INC,Materials,,small,75.22,3.08,-0.0169,0.0362,-0.1047,FLAT,2.17,-11.89,-36.1,-27.91,48.59,26.97,0.7853,LOW,-,71.8915,76.4262,78.3442,0,-21.4149,WEAK,1.1691
1520,9,TAP,Molson Coors Beverage Company,Consumer Staples,Brewers,mid,43.66,16.13,0.0055,0.0587,-0.1478,FLAT,-3.17,-23.7,-27.66,-28.07,49.0,31.49,0.9318,LOW,PROGRESS,43.1115,46.2805,46.706,0,-36.8829,WEAK,1.136
1521,13,MMI,MARCUS & MILLICHAP INC,Real Estate,,small,27.02,11.11,-0.0101,0.0138,-0.0105,FLAT,-3.8,-12.39,-13.78,-24.06,46.99,29.51,0.3495,LOW,-,26.142,25.9787,28.5181,0,-19.7213,WEAK,0.9093
1522,0,JJSF,J AND J SNACK FOODS CORP,Consumer Staples,,small,81.7,6.45,0.0293,0.0214,-0.1822,STRONG_UP,-9.59,-36.49,-35.93,-43.74,49.4,40.55,0.7539,LOW,-,79.019,81.9716,94.0494,0,-44.4523,WEAK,0.7511
1523,12,APOG,APOGEE ENTERPRISES INC,Industrials,,small,36.14,8.51,0.0074,0.021,0.0074,FLAT,-5.42,-19.63,-33.19,-29.44,46.59,31.07,0.6351,LOW,-,33.6695,36.7232,38.7568,0,-29.4391,WEAK,0.052
1524,12,AMSF,AMERISAFE INC,Financials,,small,33.69,4.23,-0.0112,-0.0666,-0.1425,STRONG_UP,-14.36,-26.69,-19.08,-31.15,46.18,31.18,0.6177,LOW,-,33.16,34.7211,38.7895,0,-39.5293,WEAK,-0.6626
1525,12,MSEX,MIDDLESEX WATER,Utilities,,small,51.86,0.0,-0.0251,-0.0019,-0.1195,FLAT,-5.54,-15.32,,-21.68,48.59,28.95,1.5289,HIGH,-,52.291,52.8406,52.812,0,-25.7213,WEAK,-0.972
