rank,delta_rank,ticker,name,sector,industry,cap_band,close,peer_rs_score,rs_5,rs_21,rs_63,rs_trend,ret_6m,ret_12m,ret_24m,max_dd,persist_frac,vol_63,rel_vol,vol_label,acc_watch,sma20,sma50,sma200,pass_trend,mqs,regime_label,score_final
1,0,TERN,TERNS PHARMACEUTICALS INC,Health Care,,mid,52.56,100.0,-0.0284,0.1193,0.4331,STRONG_DOWN,536.32,2356.07,901.14,-27.56,57.03,46.76,2.0908,HIGH,-,50.4435,43.9676,23.6436,1,2873.5445,LEADER,654.4686
2,0,FOLD,AMICUS THERAPEUTICS INC,Health Care,,mid,14.47,76.95,-0.0233,0.0027,0.0548,STRONG_DOWN,75.18,122.27,28.39,-26.56,49.0,2.58,0.5105,LOW,-,14.419,14.3616,10.3704,1,2322.2472,LEADER,427.442
3,0,GTLS,CHART INDUSTRIES INC,Industrials,,mid,207.89,63.98,-0.0464,-0.029,-0.0306,FLAT,3.88,70.77,30.71,-18.76,54.62,1.8,0.7956,LOW,-,207.119,207.1614,199.0134,1,2147.3419,CONTENDER,393.9347
4,0,DBRG,DIGITALBRIDGE GROUP INC CLASS A,Financials,,mid,15.57,98.6,-0.0416,-0.0632,-0.0114,FLAT,31.9,112.5,-13.7,-33.69,43.37,2.99,1.0428,MED,-,15.406,15.403,12.8199,1,1631.8145,LEADER,340.3256
5,1,SNDK,Sandisk,Information Technology,"Technology Hardware, Storage & Peripherals",large,851.57,100.0,0.177,0.2868,1.5865,STRONG_DOWN,545.72,2640.37,2265.47,-31.34,58.63,100.68,0.8595,LOW,-,695.581,641.634,278.5504,1,1537.5933,LEADER,299.8822
6,-1,CELC,CELCUITY INC,Health Care,,mid,124.64,98.44,0.0817,0.0724,0.2323,FLAT,151.8,1340.92,543.14,-27.68,56.63,52.57,,LOW,-,112.234,110.3514,76.165,1,1444.485,LEADER,275.4898
7,0,PRAX,PRAXIS PRECISION MEDICINES INC,Health Care,,mid,320.24,98.05,0.0069,0.0741,0.1294,STRONG_DOWN,489.87,1024.83,533.26,-36.33,55.02,57.67,0.5686,LOW,-,303.466,314.2812,179.9755,1,977.7409,LEADER,191.7519
8,0,COGT,COGENT BIOSCIENCES INC,Health Care,,mid,37.35,97.66,0.0359,0.0309,0.0916,FLAT,139.73,829.1,461.65,-20.73,51.41,50.41,1.12,MED,-,35.615,36.7778,25.3077,1,845.5517,LEADER,182.1131
9,5,ERAS,ERASCA INC,Health Care,,mid,17.36,99.22,-0.0506,0.1157,2.0295,STRONG_DOWN,614.4,1530.05,681.98,-31.65,53.41,89.59,0.5587,LOW,-,15.381,13.8793,5.5615,1,912.1532,LEADER,180.5079
10,-1,WBD,Warner Bros. Discovery,Communication Services,Broadcasting,large,27.53,100.0,-0.0069,-0.0021,-0.0042,FLAT,53.88,239.88,230.89,-21.31,51.81,15.94,0.54,LOW,-,27.369,27.7628,21.4789,1,779.674,LEADER,152.0428
11,1,TNGX,TANGO THERAPEUTICS INC,Health Care,,mid,20.7,98.83,-0.0684,0.2141,0.914,STRONG_DOWN,199.57,1498.46,177.11,-27.15,52.21,102.89,0.8549,LOW,-,19.535,15.5966,9.9134,1,760.3691,LEADER,151.8402
12,-2,VISN,VISTANCE NETWORKS INC,Information Technology,,mid,18.73,93.65,-0.0386,0.0421,0.0945,STRONG_DOWN,24.37,444.48,1542.98,-17.03,54.62,34.71,1.0987,MED,-,18.113,18.2254,15.9931,1,699.433,LEADER,149.1927
13,-2,WDC,Western Digital,Information Technology,"Technology Hardware, Storage & Peripherals",large,337.88,98.94,0.1087,0.2445,0.8422,STRONG_DOWN,179.18,873.15,521.38,-20.59,63.45,81.86,0.6571,LOW,-,294.836,282.0097,165.1668,1,676.7842,LEADER,134.7289
14,1,KOD,KODIAK SCIENCES INC,Health Care,,mid,42.36,99.61,0.0177,0.7219,0.6328,FLAT,192.95,1917.14,845.54,-32.4,55.82,170.09,0.571,LOW,-,31.2455,27.4126,18.5258,1,629.1664,LEADER,132.095
15,-7,ORKA,ORUKA THERAPEUTICS INC,Health Care,,mid,63.6,97.27,0.1681,0.844,1.4506,STRONG_DOWN,181.17,762.96,213.84,-17.81,55.82,76.54,1.3551,MED,-,46.484,38.7172,26.2769,1,556.419,LEADER,122.1822
16,0,ARWR,ARROWHEAD PHARMACEUTICALS INC,Health Care,,mid,66.23,95.7,0.0603,0.1356,0.0604,FLAT,79.29,496.13,160.85,-24.64,57.83,46.85,0.521,LOW,-,59.2225,62.1935,44.3067,1,612.4051,LEADER,121.8149
17,0,HOLX,Hologic,Health Care,Health Care Equipment,large,76.01,42.58,-0.0198,0.0011,0.0562,STRONG_DOWN,12.87,32.98,-2.06,-10.38,51.01,2.62,0.0,LOW,-,75.4925,75.3052,71.338,1,642.0565,LAGGARD,119.7512
18,4,SEMR,SEMRUSH HOLDINGS INC CLASS A,Information Technology,,small,11.96,46.03,-0.0378,-0.0168,0.0469,STRONG_DOWN,62.72,36.69,-7.43,-38.47,47.79,2.84,0.4707,LOW,-,11.936,11.8906,9.8146,1,617.3276,LAGGARD,118.5343
19,27,CSGS,CSG SYSTEMS INTERNATIONAL INC,Industrials,,mid,80.07,48.73,-0.05,-0.0251,-0.0237,STRONG_DOWN,24.92,39.68,71.86,-7.98,54.62,3.45,0.7525,LOW,-,79.929,79.6344,71.7512,1,628.1616,LAGGARD,115.8352
20,-7,CIEN,Ciena,Information Technology,Communications Equipment,large,487.38,96.83,0.0517,0.4212,1.2051,STRONG_DOWN,205.26,735.13,942.75,-16.84,62.65,81.07,0.9475,LOW,-,406.718,346.3874,203.6064,1,568.0979,LEADER,113.2733
21,0,INBX,INHIBRX BIOSCIENCES INC,Health Care,,small,75.75,96.48,0.1675,0.0263,0.0488,FLAT,125.38,569.17,505.67,-37.56,56.63,72.29,2.484,HIGH,-,65.826,73.108,54.6678,1,445.8719,LEADER,112.7049
22,-4,NVRI,ENVIRI CORP,Industrials,,small,19.63,95.34,-0.0638,0.062,0.0381,FLAT,67.35,261.51,136.22,-13.04,55.82,25.6,0.4531,LOW,-,18.795,18.7386,14.5473,1,570.2147,LEADER,109.0458
23,1,BE,BLOOM ENERGY CLASS A CORP,Industrials,,large,160.13,99.58,0.1306,-0.0268,0.2791,FLAT,82.84,850.33,1302.19,-45.94,55.82,105.98,0.8652,LOW,-,145.1945,150.9096,98.0412,1,447.8696,LEADER,103.4109
24,3,LASR,NLIGHT INC,Information Technology,,mid,62.72,98.41,0.0065,-0.0769,0.6079,FLAT,105.17,793.45,424.41,-24.74,56.63,94.45,0.8402,LOW,-,64.0015,58.8838,37.4125,1,475.7324,LEADER,98.3491
25,0,PL,PLANET LABS CLASS A,Industrials,,large,34.23,100.0,-0.0962,0.3133,0.4902,STRONG_DOWN,119.42,918.75,1577.94,-29.01,53.01,106.97,0.7897,LOW,-,30.736,26.7874,16.0349,1,455.2953,LEADER,97.9813
26,0,WULF,TERAWULF INC,Information Technology,,mid,19.03,97.88,0.2421,0.2378,0.5231,FLAT,54.72,749.55,772.94,-31.74,54.62,100.89,1.4014,MED,-,15.7065,15.4558,11.8533,1,405.7946,LEADER,97.1829
27,9,TYRA,TYRA BIOSCIENCES INC,Health Care,,mid,36.69,92.97,-0.0991,-0.0008,0.2504,STRONG_DOWN,169.19,385.96,139.18,-18.78,57.03,51.46,1.0266,MED,-,37.2832,34.1497,20.7805,1,427.7363,LEADER,95.1548
28,-8,RLAY,RELAY THERAPEUTICS INC,Health Care,,mid,15.0,96.88,0.1713,0.3846,0.9165,STRONG_DOWN,145.5,575.68,117.39,-19.55,55.02,74.97,1.1234,MED,-,10.8885,9.8246,6.7093,1,422.4847,LEADER,95.1524
29,-6,STX,Seagate Technology,Information Technology,"Technology Hardware, Storage & Peripherals",large,500.77,95.77,0.1296,0.2872,0.8045,STRONG_DOWN,124.19,627.31,493.35,-21.0,57.83,79.6,0.7138,LOW,-,417.5304,410.4565,270.4481,1,455.7437,LEADER,94.0965
30,-5,SATS,ECHOSTAR CORP CLASS A,Communication,,large,120.09,100.0,-0.076,0.0288,-0.0952,FLAT,57.5,443.39,794.19,-34.06,54.62,58.4,0.7819,LOW,-,115.4285,113.6832,79.9303,1,414.6945,LEADER,91.6944
31,0,AAOI,APPLIED OPTOELECTRONICS INC,Information Technology,,mid,133.3,99.47,0.2461,0.037,3.0792,FLAT,313.72,1037.37,1034.47,-47.64,51.81,180.81,1.7907,HIGH,-,101.816,79.1054,41.2501,1,297.2526,LEADER,89.5395
32,2,CIFR,CIPHER DIGITAL INC,Information Technology,,mid,16.36,96.3,0.2394,0.147,0.0295,STRONG_UP,-7.05,636.94,288.6,-51.38,51.81,101.77,1.0575,MED,-,14.2285,15.0762,13.4233,1,324.2577,LEADER,87.2574
33,2,INDV,INDIVIOR PHARMACEUTICALS INC,Health Care,,mid,32.31,87.89,0.0355,-0.0208,-0.0498,STRONG_UP,34.23,261.41,58.62,-21.37,53.82,34.93,0.3483,LOW,-,30.374,32.3486,27.8215,1,402.7786,LEADER,83.0775
34,3,FET,FORUM ENERGY TECHNOLOGIES INC,Energy,,small,59.88,97.73,0.0353,-0.0021,0.2351,FLAT,126.3,325.89,199.25,-16.88,59.44,46.58,0.6843,LOW,-,58.4245,55.0808,35.0639,1,415.8618,LEADER,82.2608
35,-16,STOK,STOKE THERAPEUTICS INC,Health Care,,small,35.15,94.53,0.0487,-0.0784,0.0852,FLAT,15.25,439.11,175.47,-37.16,56.63,64.44,0.594,LOW,-,33.2895,33.5206,26.4027,1,385.8911,LEADER,80.8412
36,-3,TER,Teradyne,Information Technology,Semiconductor Materials & Equipment,large,364.21,92.06,0.1396,0.1935,0.7255,STRONG_DOWN,152.17,405.69,244.94,-20.35,57.43,69.71,1.2652,MED,-,307.87,303.0315,186.9396,1,334.2205,LEADER,79.0223
37,-7,VSAT,VIASAT INC,Information Technology,,mid,55.39,95.24,-0.0069,0.1815,0.4716,STRONG_DOWN,55.37,570.58,227.95,-23.78,53.41,80.57,0.5919,LOW,-,49.2615,46.9798,34.6083,1,378.2392,LEADER,78.7528
38,0,KYMR,KYMERA THERAPEUTICS INC,Health Care,,mid,87.35,89.84,-0.0025,0.0672,0.2065,STRONG_DOWN,55.18,289.96,147.24,-27.74,53.82,41.64,0.6712,LOW,-,81.028,82.2518,63.9044,1,374.7694,LEADER,78.0936
39,-7,FIX,Comfort Systems USA,Industrials,Construction & Engineering,large,1574.45,98.31,0.0609,0.0866,0.5863,STRONG_DOWN,86.62,367.96,421.78,-13.77,59.84,58.49,0.8447,LOW,-,1416.217,1358.9417,955.908,1,376.4527,LEADER,76.3515
40,5,AEHR,AEHR TEST SYSTEMS,Information Technology,,small,68.86,97.35,0.5169,0.6097,2.0745,STRONG_DOWN,166.38,746.99,497.22,-42.31,51.81,146.78,3.4882,HIGH,-,41.2245,36.3962,26.3263,1,263.6692,LEADER,73.3138
41,3,HUT,HUT CORP,Information Technology,,mid,63.42,93.12,0.2815,0.2281,0.1354,STRONG_UP,42.2,440.66,643.49,-38.62,55.82,106.12,1.7036,HIGH,-,50.9392,52.6262,40.7947,1,231.7934,LEADER,70.5407
42,7,BELFB,BEL FUSE INC CLASS B,Information Technology,,mid,235.0,87.3,0.1115,0.1574,0.3453,STRONG_DOWN,60.12,252.84,300.95,-19.54,61.85,51.03,1.188,MED,-,209.084,215.2676,163.2308,1,306.4546,LEADER,70.5288
43,-14,PARR,PAR PACIFIC HOLDINGS INC,Energy,,mid,59.46,98.86,-0.0652,0.131,0.2938,STRONG_DOWN,60.62,335.6,69.93,-26.21,55.02,56.57,0.8285,LOW,-,60.008,49.6674,39.3297,1,326.4089,LEADER,69.3131
44,-4,RHLD,RESOLUTE HOLDINGS MANAGEMENT INC,Industrials,,small,162.31,98.73,0.0012,0.024,-0.2159,FLAT,84.46,481.34,352.24,-50.93,53.82,97.59,1.0647,MED,-,150.593,171.6446,125.7348,1,265.4544,LEADER,68.715
45,120,GLUE,MONTE ROSA THERAPEUTICS INC,Health Care,,small,18.05,92.19,0.0313,0.0537,-0.2465,FLAT,134.11,334.94,151.74,-41.84,49.4,53.21,0.6642,LOW,-,16.193,17.8372,12.4735,1,310.957,LEADER,67.7133
46,4,DNTH,DIANTHUS THERAPEUTICS INC,Health Care,,mid,91.66,95.31,0.0409,0.0635,1.446,STRONG_DOWN,163.77,487.56,301.67,-22.91,51.41,78.35,0.6042,LOW,-,81.8765,66.1436,41.308,1,319.9192,LEADER,67.7047
47,-4,AMPX,AMPRIUS TECHNOLOGIES INC,Industrials,,mid,16.15,99.15,-0.0409,-0.1638,0.7127,FLAT,30.03,590.17,777.72,-46.41,52.21,111.55,0.7937,LOW,-,17.43,14.4024,10.7468,1,276.2243,LEADER,67.5303
48,4,TPC,TUTOR PERINI CORP,Industrials,,mid,81.5,96.19,0.0043,0.1349,0.1272,FLAT,28.4,292.87,470.11,-24.13,57.03,53.04,0.3105,LOW,-,74.703,77.7161,65.5847,1,314.9064,LEADER,67.3973
49,42,PVLA,PALVELLA THERAPEUTICS INC,Health Care,,small,130.2,96.09,0.0297,-0.0728,0.3785,FLAT,73.95,555.26,819.49,-29.93,53.01,106.2,1.1372,MED,-,120.11,109.5376,77.612,1,277.159,LEADER,67.0907
50,11,AEIS,ADVANCED ENERGY INDUSTRIES INC,Information Technology,,large,374.98,89.95,0.0916,0.1785,0.8188,STRONG_DOWN,114.55,333.46,290.76,-16.35,59.04,61.49,0.7242,LOW,-,327.444,312.6151,215.3022,1,320.1723,LEADER,66.8679
51,0,CLMT,CALUMET INC,Energy,,mid,33.45,93.18,-0.0274,0.1135,0.3812,STRONG_DOWN,80.32,265.57,,-22.81,57.43,48.18,0.5759,LOW,-,31.4625,28.8234,20.7495,1,316.5609,LEADER,66.2898
52,17,DAN,DANA INCORPORATED INC,Consumer Discretionary,,mid,36.13,98.63,0.0376,0.1083,0.3953,STRONG_DOWN,95.94,246.91,209.7,-14.68,54.62,41.34,0.4829,LOW,-,32.999,32.7676,23.5734,1,326.227,LEADER,65.8403
53,0,TTMI,TTM TECHNOLOGIES INC,Information Technology,,large,107.53,94.71,0.0663,0.1142,0.6493,STRONG_DOWN,83.72,471.36,660.47,-23.26,56.22,89.22,0.4087,LOW,-,97.7805,98.778,68.787,1,297.0172,LEADER,65.7444
54,6,POWL,POWELL INDUSTRIES INC,Industrials,,mid,230.81,97.03,0.2139,0.3118,0.8901,STRONG_DOWN,119.83,301.88,433.29,-30.88,57.43,66.1,1.0159,MED,-,183.3547,178.6046,120.5087,1,262.2882,LEADER,65.4441
55,-7,SKYT,SKYWATER TECHNOLOGY INC,Information Technology,,small,28.43,89.42,-0.0365,-0.0102,0.082,STRONG_DOWN,47.23,323.07,186.02,-42.64,46.99,50.3,0.5135,LOW,-,27.9005,28.9566,19.3173,1,301.8061,LEADER,65.1958
56,-15,NESR,NATIONAL ENERGY SERVICES REUNITED,Energy,,mid,23.81,96.59,0.0717,0.1253,0.0678,FLAT,132.97,294.21,164.56,-27.39,55.02,63.47,1.0448,MED,-,21.453,21.9305,13.9392,1,255.0366,LEADER,63.8831
57,0,GLW,Corning Inc.,Information Technology,Electronic Components,large,169.8,88.89,0.1112,0.2762,1.0347,STRONG_DOWN,96.05,313.43,453.68,-23.01,59.84,73.82,1.0117,MED,-,139.2275,134.2109,90.8415,1,254.0737,LEADER,63.6487
58,-19,EA,Electronic Arts,Communication Services,Interactive Home Entertainment,large,202.2,86.36,-0.0215,0.0219,0.0183,FLAT,1.29,45.68,57.89,-8.12,55.02,8.02,0.9103,LOW,-,201.87,201.186,188.9008,1,313.3988,LEADER,62.4491
59,26,TTI,TETRA TECHNOLOGIES INC,Energy,,small,8.68,94.32,0.0143,-0.0323,-0.4066,STRONG_UP,55.28,280.7,80.08,-37.66,56.63,65.05,1.086,MED,-,8.304,9.5704,7.2323,1,244.368,LEADER,61.9811
60,-18,AMLX,AMYLYX PHARMACEUTICALS INC,Health Care,,small,17.32,93.75,0.1336,0.1558,0.5056,STRONG_DOWN,28.49,396.28,604.07,-27.93,52.61,70.88,0.9073,LOW,-,14.451,14.4125,12.2863,1,294.1314,LEADER,61.5586
61,-7,SYRE,SPYRE THERAPEUTICS INC,Health Care,,mid,51.77,91.8,0.0632,0.2432,0.7592,STRONG_DOWN,192.82,333.95,33.81,-20.91,54.22,62.1,0.7917,LOW,-,45.835,41.0832,26.967,1,291.5727,LEADER,61.4714
62,0,DHC,DIVERSIFIED HEALTHCARE TRUST,Real Estate,,small,7.29,100.0,0.0221,-0.0381,0.2962,FLAT,72.23,249.49,189.01,-15.7,53.41,44.02,0.8499,LOW,-,6.963,6.7024,4.8931,1,302.7041,LEADER,61.3916
63,15,LRCX,Lam Research,Information Technology,Semiconductor Materials & Equipment,large,258.76,88.36,0.1478,0.1698,0.3302,STRONG_DOWN,82.05,292.38,174.05,-20.01,60.64,63.48,0.8518,LOW,-,224.377,227.5804,160.8796,1,279.2964,LEADER,60.6657
64,2,PACS,PACS GROUP INC,Health Care,,mid,35.97,89.06,0.0943,0.0401,-0.09,STRONG_UP,176.69,286.77,56.39,-42.03,48.59,56.72,0.5605,LOW,-,33.41,35.729,23.3098,1,245.6692,LEADER,60.4413
65,18,DFTX,DEFINIUM THERAPEUTICS INC,Health Care,,mid,21.42,91.02,0.0109,0.1455,0.4987,STRONG_DOWN,67.21,316.73,96.51,-24.79,53.41,60.46,0.8681,LOW,-,18.973,18.0018,12.9125,1,279.7987,LEADER,60.3163
66,-19,SPHR,SPHERE ENTERTAINMENT CLASS A,Communication,,mid,129.03,95.65,0.0058,0.093,0.2943,STRONG_DOWN,117.63,351.63,188.53,-17.66,53.01,64.91,0.6139,LOW,-,115.349,110.468,76.2208,1,287.1634,LEADER,59.9223
67,-9,NPKI,NPK INTERNATIONAL INC,Industrials,,small,15.03,90.68,-0.0079,0.0697,0.1663,STRONG_DOWN,34.8,192.41,97.24,-17.94,53.41,38.93,1.1054,MED,-,14.2425,14.1796,11.9073,1,263.9802,LEADER,59.5014
68,-13,OLMA,OLEMA PHARMACEUTICALS INC,Health Care,,small,16.64,93.36,0.08,0.0617,-0.3089,STRONG_UP,55.08,387.98,52.1,-62.55,50.6,83.69,0.6092,LOW,-,14.8,19.9418,14.9843,1,234.5754,LEADER,58.8152
69,13,RAPP,RAPPORT THERAPEUTICS INC,Health Care,,small,34.22,90.62,-0.0063,0.1162,0.2503,STRONG_DOWN,26.46,296.52,64.52,-28.82,52.21,55.27,0.6053,LOW,-,29.6385,28.9583,24.4323,1,280.1069,LEADER,58.7754
70,16,ECVT,ECOVYST INC,Materials,,small,13.43,75.0,-0.0061,0.1705,0.2369,STRONG_DOWN,61.22,135.61,28.52,-16.33,55.02,28.32,1.0792,MED,-,12.5125,11.752,9.6618,1,263.4705,LEADER,58.5528
71,8,MBX,MBX BIOSCIENCES INC,Health Care,,small,32.86,94.14,-0.0293,0.1312,0.1112,FLAT,107.19,424.08,38.94,-37.6,53.01,86.33,0.7436,LOW,-,29.5535,32.9583,23.6538,1,260.4035,LEADER,58.2389
72,-4,ECPG,ENCORE CAPITAL GROUP INC,Financials,,small,76.36,100.0,0.0236,0.0602,0.3309,STRONG_DOWN,78.95,159.55,73.27,-12.63,53.41,32.62,1.4526,MED,-,70.1685,64.7784,50.4854,1,261.2396,LEADER,57.9462
73,1,TSHA,TAYSHA GENE THERAPIES INC,Health Care,,small,4.63,90.23,0.0346,0.0212,-0.0589,STRONG_UP,-8.5,295.73,47.45,-31.13,52.21,60.05,0.4994,LOW,-,4.4435,4.5395,4.0731,1,257.1171,LEADER,56.8431
74,21,GEV,GE Vernova,Industrials,Heavy Electrical Equipment,large,968.02,92.8,0.0272,0.1105,0.5062,STRONG_DOWN,55.04,213.24,602.19,-17.51,55.82,45.26,0.7265,LOW,-,876.5905,836.6053,666.326,1,262.9916,LEADER,56.5825
75,6,FORM,FORMFACTOR INC,Information Technology,,mid,121.07,91.01,0.1369,0.3061,0.9175,STRONG_DOWN,217.02,361.57,167.14,-24.04,53.41,74.61,0.9165,LOW,-,99.8445,93.6864,56.8044,1,258.8325,LEADER,56.5012
76,-13,CENX,CENTURY ALUMINUM,Materials,,mid,66.31,100.0,0.0264,0.0992,0.4865,STRONG_DOWN,109.84,352.94,296.12,-23.56,51.81,70.64,0.633,LOW,-,56.198,53.3024,34.9301,1,258.8572,LEADER,56.4924
77,-13,DCO,DUCOMMUN INC,Industrials,,small,140.59,87.71,0.0566,0.0559,0.2964,FLAT,44.25,154.55,152.81,-16.03,59.44,37.34,1.1539,MED,-,126.266,124.9232,101.2885,1,246.0276,LEADER,56.3783
78,-13,UUUU,ENERGY FUELS INC,Energy,,mid,18.32,100.0,0.0522,-0.1253,-0.2961,STRONG_UP,1.78,383.38,193.59,-51.28,53.41,100.04,0.4628,LOW,-,18.134,20.3256,15.8275,1,204.6799,LEADER,56.1488
79,21,CMPX,COMPASS THERAPEUTICS,Health Care,,small,5.45,86.33,-0.0254,-0.03,0.0957,FLAT,39.74,230.3,240.62,-24.66,53.01,52.19,1.1592,MED,-,5.321,5.7774,4.4768,1,233.9215,LEADER,55.8942
80,-7,CAT,Caterpillar Inc.,Industrials,Construction Machinery & Heavy Transportation Equipment,large,787.07,88.98,0.0473,0.0801,0.2621,STRONG_DOWN,57.57,175.94,117.68,-13.88,57.83,38.9,0.9951,LOW,-,711.1665,720.3586,555.9913,1,261.5538,LEADER,54.832
81,-22,GSAT,GLOBALSTAR VOTING INC,Communication,,mid,73.13,91.3,-0.0685,0.2281,0.1059,FLAT,60.62,278.91,272.16,-26.53,55.02,72.54,1.2304,MED,-,64.845,61.9206,48.2381,1,211.5486,LEADER,54.7606
82,-11,SCHL,SCHOLASTIC CORP,Communication,,small,39.44,82.61,-0.0032,0.1159,0.0999,FLAT,39.02,146.03,17.24,-12.02,55.02,33.24,1.4093,MED,-,37.33,35.4713,29.09,1,241.7184,LEADER,54.5342
83,9,VIAV,VIAVI SOLUTIONS INC,Information Technology,,mid,42.74,90.48,0.1218,0.4079,1.539,STRONG_DOWN,233.39,334.35,401.64,-21.13,55.82,83.98,1.2965,MED,-,34.602,30.538,18.1512,1,222.2362,LEADER,54.4914
84,-17,APLD,APPLIED DIGITAL CORP,Information Technology,,mid,25.57,91.53,0.0044,-0.1236,-0.1594,STRONG_UP,-8.48,398.44,755.18,-50.31,49.4,118.07,1.3408,MED,-,25.8995,29.4077,24.5216,1,166.7059,LEADER,54.3525
85,-15,ANAB,ANAPTYSBIO INC,Health Care,,small,68.54,91.41,0.1634,0.0555,0.6063,FLAT,115.33,322.04,209.16,-28.15,53.01,68.2,0.6786,LOW,-,62.4948,57.3058,38.6663,1,250.3163,LEADER,54.3058
86,8,TXNM,TXNM ENERGY INC,Utilities,,mid,59.06,40.38,-0.0167,-0.0374,-0.1331,STRONG_UP,5.44,21.47,71.45,-3.54,52.21,4.43,1.1075,MED,-,58.5935,58.8457,57.2279,1,253.0081,LAGGARD,54.0792
87,-31,GPRE,GREEN PLAINS INC,Energy,,small,15.21,95.45,-0.0847,-0.0706,0.1962,STRONG_DOWN,47.96,285.06,-34.18,-22.75,53.82,59.87,0.6522,LOW,-,16.1105,14.753,10.7916,1,256.257,LEADER,53.45
88,-1,DK,DELEK US HOLDINGS INC,Energy,,mid,41.11,90.91,-0.0683,-0.0565,0.0769,STRONG_DOWN,20.25,254.92,43.37,-36.02,52.21,58.92,0.5623,LOW,-,44.0965,38.9067,32.2159,1,225.8886,LEADER,53.4093
89,1,IMNM,IMMUNOME INC,Health Care,,mid,22.46,88.28,0.0035,0.0452,0.1398,STRONG_DOWN,60.31,262.26,10.48,-28.44,53.01,58.6,0.5676,LOW,-,20.892,22.182,16.4676,1,237.2406,LEADER,53.3924
90,23,HLIO,HELIOS TECHNOLOGIES INC,Industrials,,mid,72.39,88.56,0.026,0.038,0.192,STRONG_DOWN,43.82,170.36,59.79,-17.07,50.6,38.94,1.4629,MED,-,65.8835,68.8084,55.4037,1,221.3665,LEADER,52.3529
91,6,CSTM,CONSTELLIUM SE CLASS A,Materials,,mid,29.47,97.06,0.0336,0.1207,0.4083,STRONG_DOWN,95.04,272.1,35.18,-15.96,52.21,57.1,0.7953,LOW,-,25.382,25.0308,18.3193,1,248.7939,LEADER,52.2886
92,-16,HL,HECLA MINING,Materials,,large,19.3,94.12,-0.0298,-0.1326,-0.1406,STRONG_UP,44.75,253.47,253.84,-45.95,54.62,82.65,0.4543,LOW,-,18.6865,21.198,15.044,1,167.5104,LEADER,51.5921
93,32,AAMI,ACADIAN ASSET MANAGEMENT INC,Financials,,small,61.86,99.65,0.0693,0.1463,0.194,STRONG_DOWN,40.36,140.89,174.3,-18.2,57.83,40.84,1.7863,HIGH,-,53.5945,53.1831,47.5564,1,199.497,LEADER,51.3417
94,-1,ZYME,ZYMEWORKS INC,Health Care,,small,27.35,83.2,0.0352,0.0836,0.2255,STRONG_DOWN,63.97,189.72,200.88,-20.28,54.62,41.65,,LOW,-,24.6023,23.8829,19.8791,1,248.8057,LEADER,51.1076
95,29,MYE,MYERS INDUSTRIES INC,Materials,,small,22.29,80.88,0.0235,0.0125,0.0975,FLAT,34.29,145.74,9.36,-12.38,56.22,32.53,0.4324,LOW,-,21.0133,21.4279,17.9845,1,251.8826,LEADER,50.9538
96,12,MYRG,MYR GROUP INC,Industrials,,mid,315.03,89.83,0.0527,0.1391,0.3852,STRONG_DOWN,52.19,181.55,87.04,-13.65,55.82,46.39,1.2853,MED,-,277.7345,271.1852,221.9669,1,218.4588,LEADER,50.8678
97,6,GOOGL,Alphabet Inc. (Class A),Communication Services,Interactive Media & Services,large,318.49,95.45,0.0649,0.0422,0.0065,STRONG_UP,30.37,109.13,105.66,-20.37,54.62,27.53,0.6984,LOW,-,298.615,308.6004,267.4982,1,216.5183,LEADER,50.709
98,65,TDAY,USA TODAY INC,Communication,,small,6.73,86.96,-0.0614,-0.0201,0.0133,STRONG_DOWN,73.9,146.52,180.42,-20.32,48.19,36.11,2.2191,HIGH,-,6.7105,6.3266,4.954,1,195.536,LEADER,50.5762
99,-22,NVTS,NAVITAS SEMICONDUCTOR CORP,Information Technology,,mid,9.42,92.59,0.0337,-0.1512,-0.0236,FLAT,21.71,435.23,118.56,-58.25,45.78,118.55,0.7469,LOW,-,9.1463,8.9305,8.4683,1,168.0701,LEADER,50.5256
100,7,GOOG,Alphabet Inc. (Class C),Communication Services,Interactive Media & Services,large,316.37,90.91,0.0624,0.0363,-0.0052,STRONG_UP,29.06,104.33,102.31,-20.75,54.22,26.47,0.6637,LOW,-,297.1845,308.1528,267.9087,1,213.7,LEADER,50.2359
101,43,PRIM,PRIMORIS SERVICES CORP,Industrials,,mid,163.71,90.25,0.0574,0.1937,0.2769,STRONG_DOWN,17.66,190.99,264.51,-21.91,56.63,53.45,1.0673,MED,-,144.0857,149.2153,127.1868,1,202.349,LEADER,50.178
102,21,NGVT,INGEVITY CORP,Materials,,mid,74.98,77.94,0.0213,0.1259,0.1286,STRONG_DOWN,37.91,139.78,58.96,-23.94,54.62,33.42,0.476,LOW,-,69.022,69.8696,58.0998,1,228.4537,LEADER,49.9832
103,-5,SENEA,SENECA FOODS CORP CLASS A,Consumer Staples,,small,164.62,95.16,-0.0032,0.1549,0.389,STRONG_DOWN,46.92,96.14,200.13,-17.28,58.23,28.78,1.6565,HIGH,-,150.0855,137.6256,117.0472,1,194.5174,LEADER,49.7525
104,-24,GHM,GRAHAM CORP,Industrials,,small,91.78,91.95,0.0795,0.0434,0.2882,FLAT,62.93,211.65,207.16,-18.21,56.63,57.3,1.0921,MED,-,82.1815,81.4374,63.385,1,209.1721,LEADER,49.7283
105,-30,BKSY,BLACKSKY TECHNOLOGY INC CLASS A,Industrials,,small,32.65,97.46,0.0097,0.3495,0.2734,FLAT,8.58,333.02,202.31,-58.46,53.01,106.95,1.4048,MED,-,27.1615,24.2098,21.471,1,165.064,LEADER,49.5162
106,-17,NAT,NORDIC AMERICAN TANKERS LTD,Energy,,small,5.94,77.27,-0.0156,0.0968,0.29,STRONG_DOWN,89.04,168.59,78.59,-14.01,54.62,42.01,1.161,MED,-,5.6125,5.0796,3.6696,1,219.1906,LEADER,49.4061
107,3,ATRO,ASTRONICS CORP,Industrials,,mid,73.79,94.49,0.0065,-0.0244,0.1034,FLAT,55.54,232.69,332.03,-23.39,54.22,58.35,0.4742,LOW,-,68.201,73.44,52.8672,1,216.2176,LEADER,49.1609
108,8,APA,APA Corporation,Energy,Oil & Gas Exploration & Production,large,38.97,79.55,-0.0545,0.1452,0.2702,STRONG_DOWN,61.71,180.71,21.24,-15.28,52.61,47.29,1.1648,MED,-,39.694,33.2018,25.1318,1,201.0422,LEADER,49.1604
109,-25,INSM,Insmed Incorporated,Health Care,Biotechnology,large,159.59,80.08,-0.0429,0.1405,-0.0224,FLAT,-1.37,146.24,462.13,-35.67,56.63,45.65,0.5938,LOW,-,150.266,150.5644,151.9196,1,181.418,LEADER,48.874
110,2,ALB,Albemarle Corporation,Materials,Specialty Chemicals,large,172.35,89.71,-0.0683,-0.0167,0.0443,STRONG_DOWN,89.0,220.55,39.86,-20.05,57.83,59.35,0.5006,LOW,-,171.2938,171.0066,119.3744,1,214.9062,LEADER,48.8304
111,-23,STRL,STERLING INFRASTRUCTURE INC,Industrials,,large,435.65,94.07,-0.0039,0.0036,0.4286,STRONG_DOWN,18.71,229.02,319.06,-31.02,55.42,66.25,0.9915,LOW,-,416.039,412.9846,338.4554,1,191.5783,LEADER,48.6678
112,59,CBL,CBL ASSOCIATES PROPERTIES INC,Real Estate,,small,42.68,97.65,0.025,0.1207,0.0781,FLAT,51.23,99.11,123.97,-12.31,56.22,29.56,1.512,HIGH,-,38.5575,37.3347,32.2634,1,188.5024,LEADER,48.4815
113,55,NBR,NABORS INDUSTRIES LTD,Energy,,small,82.92,84.09,0.0567,0.0166,0.0011,STRONG_UP,92.26,201.09,-1.29,-24.17,53.82,49.7,0.5845,LOW,-,82.495,77.0738,52.2897,1,217.7591,LEADER,48.0692
114,-13,CGON,CG ONCOLOGY INC,Health Care,,mid,68.56,89.45,-0.0094,0.056,0.6766,STRONG_DOWN,68.41,288.88,78.08,-25.3,53.41,73.07,0.6675,LOW,-,66.1895,60.0988,42.5203,1,211.1567,LEADER,47.97
115,30,NE,NOBLE CORPORATION PLC,Energy,,mid,49.62,80.68,0.0152,0.0579,0.3797,STRONG_DOWN,71.99,181.73,11.02,-16.56,52.61,42.14,,LOW,-,48.5085,44.7554,32.4849,1,226.8837,LEADER,47.8902
116,6,PTGX,PROTAGONIST THERAPEUTICS INC,Health Care,,mid,104.085,81.25,-0.0224,0.0745,0.3393,STRONG_DOWN,59.4,154.55,273.33,-16.38,56.63,38.65,0.8491,LOW,-,100.4657,92.2145,75.8579,1,226.445,LEADER,47.7112
117,4,LQDA,LIQUIDIA CORP,Health Care,,mid,40.32,85.94,0.0452,0.0413,0.311,FLAT,67.44,225.42,171.88,-37.82,54.62,65.68,0.659,LOW,-,36.895,37.239,28.8398,1,187.4641,LEADER,47.705
118,-22,ALNT,ALLIENT INC,Industrials,,small,68.82,93.22,0.0867,-0.0035,0.1922,FLAT,54.75,220.08,,-14.59,54.22,52.23,0.9764,LOW,-,62.4438,63.8169,52.3529,1,228.4665,LEADER,47.6084
119,-20,VICR,VICOR CORP,Industrials,,mid,184.92,96.61,0.1381,0.0019,0.3234,FLAT,259.07,299.4,397.77,-32.01,58.63,91.1,0.7831,LOW,-,170.833,171.754,99.3215,1,192.6843,LEADER,47.5703
120,-14,CDE,COEUR MINING INC,Materials,,large,19.72,95.59,-0.003,-0.1636,-0.0542,FLAT,-6.14,259.2,317.8,-40.44,53.41,86.85,0.4988,LOW,-,18.8455,21.4368,16.9176,1,159.3989,LEADER,47.2846
121,-49,DY,DYCOM INDUSTRIES INC,Industrials,,large,391.62,88.14,0.0748,0.0351,0.1177,FLAT,33.16,159.23,184.69,-24.43,57.83,47.69,0.8943,LOW,-,351.8925,379.5754,316.3345,1,193.087,LEADER,47.1307
122,9,TPR,"Tapestry, Inc.",Consumer Discretionary,"Apparel, Accessories & Luxury Goods",large,152.62,96.58,0.0368,0.0284,0.1826,FLAT,31.46,142.22,283.62,-15.71,59.44,40.32,0.3798,LOW,-,142.961,145.5867,119.243,1,209.6679,LEADER,47.0812
123,10,INSW,INTERNATIONAL SEAWAYS INC,Energy,,mid,74.95,76.14,0.0143,0.0605,0.1371,STRONG_DOWN,78.15,164.82,73.97,-13.84,54.22,39.42,0.8714,LOW,-,70.6046,67.0391,50.3205,1,226.6962,LEADER,46.994
124,-7,CAPR,CAPRICOR THERAPEUTICS INC,Health Care,,small,31.61,87.5,-0.041,-0.0633,0.2787,FLAT,322.59,255.97,401.75,-67.67,49.8,74.36,0.5076,LOW,-,30.591,27.8788,15.86,1,171.4259,LEADER,46.8819
125,-5,JNJ,Johnson & Johnson,Health Care,Pharmaceuticals,large,241.31,58.98,-0.0325,-0.0118,0.2206,STRONG_DOWN,28.7,66.81,70.43,-7.22,56.22,15.99,0.4982,LOW,-,240.075,239.9975,198.4808,1,234.9089,CONTENDER,46.2409
126,-17,PAHC,PHIBRO ANIMAL HEALTH CORP CLASS A,Health Care,,mid,59.09,87.11,0.0394,0.1759,0.5326,STRONG_DOWN,60.03,237.91,363.18,-18.5,52.21,58.54,0.766,LOW,-,54.04,51.2345,40.2526,1,212.1816,LEADER,46.082
127,-25,CECO,CECO ENVIRONMENTAL CORP,Industrials,,mid,65.02,93.64,-0.0046,0.1524,0.0344,FLAT,24.97,226.57,180.99,-35.08,55.82,69.89,0.5934,LOW,-,59.284,63.8918,52.8679,1,180.9574,LEADER,45.9475
128,0,FSLY,FASTLY INC CLASS A,Information Technology,,mid,29.46,94.18,-0.1592,0.2125,2.0018,STRONG_DOWN,243.36,447.58,112.55,-35.49,50.2,168.52,1.9275,HIGH,-,28.1425,20.6001,11.6613,1,133.3296,LEADER,45.6377
129,0,UCTT,ULTRA CLEAN HOLDINGS INC,Information Technology,,mid,72.78,87.83,0.1156,0.255,1.2763,STRONG_DOWN,156.45,269.63,62.89,-29.74,53.82,87.91,1.0186,MED,-,61.3835,57.2452,34.5498,1,165.0716,LEADER,45.3096
130,26,AMAT,Applied Materials,Information Technology,Semiconductor Materials & Equipment,large,397.81,83.6,0.1048,0.1206,0.4553,STRONG_DOWN,83.48,190.34,93.43,-21.37,57.43,56.41,0.7117,LOW,-,353.983,349.6873,252.3529,1,193.7837,LEADER,45.2812
131,20,ALMS,ALUMIS INC,Health Care,,mid,22.94,86.72,-0.0438,-0.134,0.3033,FLAT,417.83,235.87,72.48,-59.0,48.19,80.93,0.5069,LOW,-,23.9355,26.0081,11.9333,1,140.4502,LEADER,44.9548
132,-21,KALU,KAISER ALUMINIUM CORP,Materials,,mid,142.04,88.24,0.0458,0.0709,0.1184,STRONG_DOWN,75.57,181.53,68.85,-26.03,55.02,51.38,0.8664,LOW,-,121.214,127.7966,99.7456,1,194.389,LEADER,44.7551
133,25,RIG,TRANSOCEAN LTD,Energy,,mid,6.56,85.23,0.0155,0.0029,0.2558,FLAT,92.94,202.3,2.02,-23.19,54.62,57.32,0.4451,LOW,-,6.5465,6.155,4.1896,1,192.7748,LEADER,44.6148
134,-5,SMTC,SEMTECH CORP,Information Technology,,mid,88.66,86.24,0.036,0.0206,0.2692,FLAT,25.69,228.37,166.81,-26.68,53.41,65.36,0.9503,LOW,-,79.707,84.0866,68.799,1,186.6166,LEADER,44.5497
135,12,VLO,Valero Energy,Energy,Oil & Gas Refining & Marketing,large,235.1,67.05,-0.0183,-0.0206,-0.0452,STRONG_UP,46.53,122.01,41.83,-14.19,54.62,38.35,1.0296,MED,-,241.3085,218.2481,174.0637,1,173.77,CONTENDER,44.3052
136,14,DBD,DIEBOLD NIXDORF INC,Information Technology,,mid,84.51,70.37,0.0562,0.1113,0.2838,STRONG_DOWN,46.97,108.72,155.63,-13.97,57.03,36.35,16.2682,HIGH,-,75.7615,75.9876,65.1307,1,170.5694,CONTENDER,44.2392
137,27,FN,FABRINET,Information Technology,,large,618.26,86.77,0.0713,0.1667,0.4368,STRONG_DOWN,61.24,238.22,249.6,-20.55,57.43,83.55,1.1902,MED,-,544.1585,527.1036,423.9967,1,163.7436,LEADER,44.2313
138,2,AGX,ARGAN INC,Industrials,,mid,609.29,97.88,0.0093,0.2563,0.9078,STRONG_DOWN,116.99,344.99,1157.09,-24.96,56.63,103.79,0.6004,LOW,-,507.8125,450.2256,321.6372,1,188.2347,LEADER,44.1349
139,-34,BTSG,BRIGHTSPRING HEALTH SERVICES INC,Health Care,,mid,45.92,81.64,0.0405,0.1068,0.2159,STRONG_DOWN,58.95,163.76,339.85,-20.75,55.82,45.76,0.5678,LOW,-,42.5325,41.1282,32.3594,1,199.7571,LEADER,44.1202
140,-14,MPWR,Monolithic Power Systems,Information Technology,Semiconductors,large,1334.21,82.01,0.1561,0.2357,0.4349,STRONG_DOWN,36.52,177.35,103.26,-22.45,54.22,52.32,0.9147,LOW,-,1109.9825,1132.7749,951.8108,1,183.7916,LEADER,43.7671
141,33,EWTX,EDGEWISE THERAPEUTICS INC,Health Care,,mid,33.52,82.81,-0.0197,0.0773,0.3839,STRONG_DOWN,118.37,189.71,110.42,-25.43,51.81,51.66,0.606,LOW,-,31.181,30.1528,21.0914,1,190.2656,LEADER,43.7538
142,-4,MAZE,MAZE THERAPEUTICS INC,Health Care,,small,27.88,88.67,-0.0543,-0.4522,-0.2439,FLAT,-2.5,266.84,74.8,-46.21,53.01,91.16,1.1528,MED,-,38.5682,43.1008,31.0103,0,155.17,LAGGARD,43.6469
143,40,DOCN,DIGITALOCEAN HOLDINGS INC,Information Technology,,mid,87.17,84.66,-0.0702,0.2565,0.7024,STRONG_DOWN,130.36,208.89,142.68,-24.11,51.41,74.09,1.5528,HIGH,-,82.5955,69.2996,46.8068,1,144.9489,LEADER,43.1922
144,8,CRDO,CREDO TECHNOLOGY GROUP HOLDING LTD,Information Technology,,large,107.93,83.07,0.0271,-0.089,-0.1977,STRONG_UP,-27.5,182.24,409.1,-53.59,55.02,88.88,0.6038,LOW,PROGRESS,103.492,112.141,130.9455,0,112.8156,LAGGARD,43.1457
145,-13,NG,NOVAGOLD RESOURCES INC,Materials,,mid,9.34,98.53,-0.0051,-0.2469,-0.1328,FLAT,-9.41,272.11,197.45,-45.56,54.22,99.57,0.5257,LOW,-,8.9045,10.193,8.4367,1,148.176,LEADER,43.114
146,-42,OUT,OUTFRONT MEDIA INC,Real Estate,,mid,29.35,98.82,0.0512,0.0584,0.1502,STRONG_DOWN,69.15,118.9,110.97,-11.25,54.22,31.07,,LOW,-,27.0425,26.6579,21.2596,1,207.4986,LEADER,43.082
147,-1,SLS,SELLAS LIFE SCIENCES GROUP INC,Health Care,,small,5.05,92.58,0.1979,-0.0834,0.3498,FLAT,161.66,354.95,263.31,-36.53,50.6,100.73,0.7546,LOW,-,4.817,4.5762,2.7418,1,178.3056,LEADER,42.9701
148,-12,FIGS,FIGS INC CLASS A,Consumer Discretionary,,mid,14.48,99.32,-0.0573,-0.0998,0.2636,FLAT,109.86,263.82,176.86,-21.73,51.0,74.57,0.5984,LOW,-,14.632,13.363,9.5871,1,180.4314,LEADER,42.4413
149,-6,PRM,PERIMETER SOLUTIONS INC,Materials,,mid,25.04,83.82,-0.0575,0.0324,-0.2047,FLAT,12.34,158.14,236.11,-30.2,56.63,52.39,0.5864,LOW,-,22.9155,24.534,23.0318,1,170.9432,LEADER,42.4115
150,4,GCT,GIGACLOUD TECHNOLOGY INC CLASS A,Consumer Discretionary,,small,46.5,100.0,-0.0066,0.0401,0.1513,STRONG_DOWN,58.06,301.55,49.9,-23.85,52.61,93.74,1.0342,MED,-,43.2368,41.0451,33.1543,1,169.2423,LEADER,42.3508
151,130,NHC,NATIONAL HEALTHCARE CORP,Health Care,,mid,176.81,71.88,0.0615,0.1311,0.4209,STRONG_DOWN,48.62,98.92,107.02,-13.13,54.62,33.22,1.6652,HIGH,-,162.0493,160.279,129.3203,1,162.6386,CONTENDER,42.1808
152,-11,PBF,PBF ENERGY INC CLASS A,Energy,,mid,40.55,81.82,-0.0881,-0.0724,-0.0103,STRONG_DOWN,38.26,182.31,-26.14,-34.86,56.22,71.22,1.0474,MED,-,46.5465,40.3103,31.5707,1,143.9109,LEADER,42.168
153,0,SEI,SOLARIS OILFIELD INFRASTRUCTURE IN,Energy,,mid,61.01,92.05,0.1134,0.0655,-0.0717,STRONG_UP,27.13,260.7,613.6,-26.43,51.81,81.5,0.9195,LOW,-,58.84,54.6646,44.2463,1,165.7306,LEADER,41.8293
154,35,FLNC,FLUENCE ENERGY INC CLASS A,Industrials,,mid,13.56,94.92,-0.0307,-0.24,-0.3954,STRONG_UP,-9.36,251.3,-19.0,-59.66,48.59,101.05,0.5756,LOW,EARLY,14.8205,17.7414,15.3754,0,120.8356,LAGGARD,41.8091
155,21,BORR,BORR DRILLING LTD,Energy,,small,5.93,86.36,0.0372,0.0317,0.1247,FLAT,118.82,202.55,,-23.33,51.41,55.19,0.7682,LOW,-,5.466,5.5012,3.6425,1,188.6782,LEADER,41.8078
156,4,CMRE,COSTAMARE INC,Industrials,,mid,17.34,78.39,-0.0468,-0.0004,0.0306,STRONG_DOWN,55.1,104.63,62.78,-26.33,57.43,33.56,0.9081,LOW,-,16.932,16.8892,13.7265,1,179.0426,LEADER,41.6413
157,-20,UEC,URANIUM ENERGY CORP,Energy,,mid,13.71,87.5,0.0304,-0.0692,-0.3406,STRONG_UP,-2.07,213.01,92.29,-39.97,52.21,76.46,0.584,LOW,-,13.308,14.7944,12.6816,1,145.4544,LEADER,41.5854
158,-40,VSCO,VICTORIA S SECRET,Consumer Discretionary,,mid,51.54,97.95,0.0763,0.12,-0.1472,FLAT,70.55,193.01,175.91,-35.55,52.21,64.43,0.8135,LOW,-,46.2505,53.4142,38.8668,1,156.401,LEADER,41.5785
159,-20,REX,REX AMERICAN RESOURCES CORP,Energy,,small,44.28,70.45,-0.0064,0.0797,0.0737,FLAT,42.65,135.34,53.22,-9.1,58.63,38.55,0.6334,LOW,-,42.873,38.2722,32.5481,1,205.8424,CONTENDER,41.4226
160,-25,EME,Emcor,Industrials,Construction & Engineering,large,800.4,81.78,0.0082,0.0792,0.2396,STRONG_DOWN,15.27,113.77,129.68,-25.15,59.04,40.43,0.7438,LOW,-,743.608,750.9706,658.9231,1,166.1362,LEADER,41.3715
161,29,TDW,TIDEWATER INC,Energy,,mid,87.69,75.0,0.0593,0.1094,0.2661,STRONG_DOWN,65.58,160.36,-11.54,-25.16,53.82,48.33,0.6697,LOW,-,79.9655,75.6728,59.3722,1,178.5784,LEADER,41.349
162,-48,SSRM,SSR MINING INC,Materials,,mid,33.41,91.18,0.0245,0.0592,0.473,STRONG_DOWN,42.11,228.19,535.17,-30.88,56.63,90.64,1.0662,MED,-,28.236,28.1936,21.917,1,142.57,LEADER,41.0807
163,19,CORZ,CORE SCIENTIFIC INC,Information Technology,,mid,17.98,79.89,0.0711,0.0746,0.119,STRONG_DOWN,2.57,163.64,474.44,-40.74,55.42,70.66,1.0969,MED,-,16.263,16.7655,16.3492,1,128.3431,LEADER,40.6972
164,-30,NEM,Newmont,Materials,Gold,large,119.01,76.47,0.0101,-0.0211,0.0686,FLAT,35.29,136.66,215.73,-27.25,59.84,53.64,0.6225,LOW,-,107.541,115.4822,90.9768,1,152.4611,LEADER,40.56
165,-38,ANDE,ANDERSONS INC,Consumer Staples,,mid,74.22,98.39,-0.0152,0.1117,0.3057,STRONG_DOWN,78.99,102.35,33.98,-17.53,55.82,30.99,0.8425,LOW,-,71.3599,67.7105,50.3836,1,184.3558,LEADER,40.559
166,34,MOD,MODINE MANUFACTURING,Industrials,,large,241.52,92.37,0.0512,0.1716,0.9775,STRONG_DOWN,56.28,212.16,162.41,-27.55,53.01,73.03,0.6163,LOW,-,212.074,210.7362,155.0502,1,154.0014,LEADER,40.5418
167,30,KLAC,KLA Corporation,Information Technology,Semiconductor Materials & Equipment,large,1727.26,80.42,0.102,0.1665,0.3467,STRONG_DOWN,63.04,164.99,155.54,-22.41,60.64,60.35,0.834,LOW,-,1506.8155,1480.8753,1187.6605,1,165.784,LEADER,40.496
168,-15,SDRL,SEADRILL LTD,Energy,,mid,47.62,72.73,0.0637,0.0722,0.0778,STRONG_DOWN,53.76,154.11,-10.02,-16.54,53.82,43.82,0.6742,LOW,-,45.1755,43.2288,34.2247,1,189.2775,CONTENDER,40.4341
169,22,PLOW,DOUGLAS DYNAMICS INC,Industrials,,small,46.58,82.63,0.0614,0.0523,0.2808,FLAT,54.31,117.44,126.22,-13.03,50.2,30.64,0.565,LOW,-,42.1177,41.9941,34.0209,1,192.4089,LEADER,40.2409
170,14,REZI,RESIDEO TECHNOLOGIES INC,Industrials,,mid,37.82,86.44,0.0417,0.0559,-0.0096,FLAT,-10.89,142.75,75.25,-35.21,55.02,51.85,0.5622,LOW,-,34.419,35.44,34.3493,1,151.4744,LEADER,40.2371
171,47,CFG,Citizens Financial Group,Financials,Regional Banks,large,64.97,97.55,0.0155,0.0346,0.0436,STRONG_DOWN,26.93,93.58,107.43,-18.32,57.43,31.21,0.6988,LOW,-,59.0075,61.5341,54.2934,1,172.1929,LEADER,40.1996
172,-57,LEU,CENTRUS ENERGY CORP CLASS A,Energy,,mid,180.17,82.95,0.0035,-0.1389,-0.6521,STRONG_UP,-50.53,198.39,315.71,-61.35,52.21,93.3,0.8499,LOW,EARLY,192.297,212.8706,250.9419,0,111.0196,LAGGARD,40.1252
173,22,RCUS,ARCUS BIOSCIENCES INC,Health Care,,mid,23.28,85.16,-0.0114,-0.0516,0.1319,FLAT,54.68,210.4,39.15,-27.78,55.42,72.68,0.3394,LOW,-,21.8945,21.4476,17.328,1,160.4343,LEADER,40.0679
174,-8,NXT,NEXTPOWER INC CLASS A,Industrials,,large,113.59,91.53,-0.0457,-0.0591,0.238,FLAT,44.7,200.9,128.92,-23.27,52.61,68.09,0.6585,LOW,-,117.4905,115.7395,88.2596,1,155.2267,LEADER,40.0623
175,34,OIS,OIL STATES INTERNATIONAL INC,Energy,,small,11.5,89.77,0.0459,-0.1355,0.1697,FLAT,84.0,239.23,87.91,-22.86,53.01,71.41,0.5957,LOW,-,11.812,11.2224,7.4321,1,177.5906,LEADER,39.9353
176,1,TK,TEEKAY CORPORATION CORP LTD,Energy,,small,12.56,71.59,0.0067,0.0276,0.013,FLAT,57.0,135.73,127.57,-16.68,53.01,37.85,0.6929,LOW,-,11.957,11.723,9.4138,1,190.0946,CONTENDER,39.9238
177,31,MIRM,MIRUM PHARMACEUTICALS INC,Health Care,,mid,98.95,80.86,0.0259,0.0742,0.2541,STRONG_DOWN,35.83,152.94,286.07,-20.55,56.22,48.71,0.5012,LOW,-,92.159,96.202,76.1598,1,176.5196,LEADER,39.8341
178,65,IVZ,Invesco,Financials,Asset Management & Custody Banks,large,23.57,97.2,-0.0736,-0.0921,-0.1846,STRONG_UP,-0.12,93.35,62.26,-22.03,57.03,40.78,1.2724,MED,-,23.574,25.0511,23.2573,1,130.5423,LEADER,39.8081
179,7,MSGE,MADISON SQUARE GARDEN ENTERTAINMEN,Communication,,mid,60.9,73.91,0.0009,0.0137,-0.013,FLAT,42.72,100.73,54.33,-13.43,56.22,30.73,0.7232,LOW,-,57.955,59.7222,49.2106,1,184.2749,CONTENDER,39.4446
180,-5,INTC,Intel,Information Technology,Semiconductors,large,61.72,85.19,0.1883,0.2739,0.5424,STRONG_DOWN,64.89,210.46,67.64,-24.17,51.41,81.3,1.4088,MED,-,47.3245,46.9356,35.9916,1,133.086,LEADER,39.345
181,21,ADEA,ADEIA INC,Information Technology,,mid,27.06,74.6,0.0426,0.1509,0.5519,STRONG_DOWN,64.65,132.25,167.43,-34.81,50.6,49.91,1.4417,MED,-,24.3555,21.401,16.7204,1,134.078,CONTENDER,39.2856
182,-34,BKD,BROOKDALE SENIOR LIVING INC,Health Care,,mid,13.77,79.3,-0.0383,-0.0546,0.271,FLAT,69.58,136.19,106.76,-20.1,57.43,46.32,0.8792,LOW,-,13.92,14.773,10.4476,1,168.8582,LEADER,39.156
183,-13,IRMD,IRADIMED CORP,Health Care,,small,95.56,70.7,-0.0323,-0.057,-0.0022,FLAT,25.45,93.56,138.61,-11.06,55.02,33.86,1.6333,HIGH,-,98.332,99.3701,83.1975,1,152.0272,CONTENDER,39.0015
184,8,ESE,ESCO TECHNOLOGIES INC,Industrials,,mid,309.8,80.93,0.0099,0.1127,0.4467,STRONG_DOWN,47.85,111.06,204.25,-12.91,54.62,37.39,1.1088,MED,-,279.3882,270.3248,221.2477,1,162.2383,LEADER,38.9297
185,-66,STNG,SCORPIO TANKERS INC,Energy,,mid,76.01,69.32,0.0146,0.0002,0.0803,FLAT,41.31,134.04,14.26,-23.26,55.02,44.42,0.9225,LOW,-,72.2305,71.4568,57.4103,1,166.0221,CONTENDER,38.8397
186,20,HG,HAMILTON INSURANCE GROUP LTD CLASS,Financials,,mid,31.22,96.15,-0.0206,0.0158,0.2161,STRONG_DOWN,35.58,88.96,168.55,-8.08,55.02,25.89,0.5131,LOW,-,29.4895,28.6654,24.384,1,189.049,LEADER,38.7565
187,-20,ENS,ENERSYS,Industrials,,mid,189.55,85.59,0.0187,0.1382,0.1738,STRONG_DOWN,65.99,135.94,112.78,-20.08,59.84,47.64,0.7111,LOW,-,171.9603,172.1499,133.0645,1,170.7468,LEADER,38.7246
188,-58,LINC,LINCOLN EDUCATIONAL SERVICES CORP,Consumer Discretionary,,small,40.24,95.89,-0.081,0.0706,0.6656,STRONG_DOWN,83.74,139.52,309.36,-27.35,57.43,46.58,0.801,LOW,-,39.9545,34.669,25.2513,1,172.0235,LEADER,38.6324
189,-16,AVGO,Broadcom,Information Technology,Semiconductors,large,354.91,69.84,0.0916,0.0287,0.1107,FLAT,3.14,107.65,173.87,-28.67,55.82,42.62,0.7321,LOW,-,320.0269,325.3386,328.3942,1,140.9943,CONTENDER,38.2972
190,49,CRC,CALIFORNIA RESOURCES CORP,Energy,,mid,66.0,62.5,-0.0069,0.0206,0.1458,STRONG_DOWN,25.56,103.49,23.32,-24.04,54.62,33.66,0.7808,LOW,-,65.7143,60.7356,51.0139,1,167.9292,CONTENDER,38.2572
191,13,HWM,Howmet Aerospace,Industrials,Aerospace & Defense,large,254.06,78.81,0.0418,-0.023,0.1752,FLAT,32.72,105.08,291.48,-15.89,56.22,36.29,0.7166,LOW,-,237.251,239.3526,204.692,1,162.7823,LEADER,38.224
192,30,STT,State Street Corporation,Financials,Asset Management & Custody Banks,large,138.49,94.06,0.0255,0.0307,0.0249,FLAT,20.26,80.22,98.11,-11.79,63.05,29.84,0.6377,LOW,-,125.3281,126.7274,118.0748,1,169.4896,LEADER,38.2018
193,19,ADI,Analog Devices,Information Technology,Semiconductors,large,351.36,68.25,0.067,0.0882,0.2192,STRONG_DOWN,48.66,100.0,84.71,-15.73,55.82,32.69,,LOW,-,317.7895,326.525,268.8222,1,170.7562,CONTENDER,38.0398
194,36,AMD,Advanced Micro Devices,Information Technology,Semiconductors,large,236.64,81.48,0.0512,0.1428,0.1972,STRONG_DOWN,0.46,166.79,41.58,-27.76,54.62,64.45,0.7089,LOW,-,208.0755,209.505,198.8804,1,141.3484,LEADER,37.995
195,15,C,Citigroup,Financials,Diversified Banks,large,124.92,98.25,0.0342,0.0683,0.0163,FLAT,30.63,108.1,120.33,-14.76,58.23,38.95,0.5812,LOW,-,112.4035,113.258,103.2427,1,161.6054,LEADER,37.9843
196,75,SITM,SITIME CORP,Information Technology,,mid,406.69,85.71,0.1351,0.1464,0.262,STRONG_DOWN,30.02,212.72,395.36,-29.39,55.42,78.07,0.8252,LOW,-,348.7065,373.9414,303.1297,1,151.0035,LEADER,37.9233
197,31,CMI,Cummins,Industrials,Construction Machinery & Heavy Transportation Equipment,large,610.99,83.9,0.0615,0.0664,0.0907,STRONG_DOWN,41.1,120.89,110.35,-15.23,57.03,41.53,0.7016,LOW,-,547.7665,567.4457,467.4991,1,166.0057,LEADER,37.8225
198,34,NTB,BANK OF NT BUTTERFIELD & SON LTD,Financials,,mid,56.51,87.06,0.0071,0.0437,0.097,STRONG_DOWN,35.07,64.44,97.82,-11.44,54.62,19.53,0.7011,LOW,-,52.233,51.874,47.1293,1,180.2255,LEADER,37.82
199,96,MRVL,Marvell Technology,Technology,Semiconductors,large,119.93,100.0,0.146,0.4265,0.7184,STRONG_DOWN,29.83,127.6,68.97,-26.36,51.81,63.76,1.7288,HIGH,-,97.522,87.453,82.3806,1,103.6827,LEADER,37.7399
200,76,KLIC,KULICKE AND SOFFA INDUSTRIES INC,Information Technology,,mid,76.8,80.95,0.1617,0.1623,0.469,STRONG_DOWN,90.0,166.11,66.71,-17.99,56.22,63.44,1.2663,MED,-,66.4017,66.6187,47.4002,1,147.2088,LEADER,37.6844
201,13,GS,Goldman Sachs,Financials,Investment Banking & Brokerage,large,903.72,95.8,-0.0029,0.0213,-0.0533,FLAT,17.57,88.33,135.25,-19.42,59.44,34.77,0.7451,LOW,-,832.546,871.0602,807.1133,1,151.0026,LEADER,37.649
202,-60,PSMT,PRICESMART INC,Consumer Staples,,mid,161.26,93.55,0.0323,0.1185,0.144,STRONG_DOWN,33.58,77.53,107.75,-10.62,56.63,31.07,2.4314,HIGH,-,149.1465,150.0968,125.6953,1,141.311,LEADER,37.6152
203,-54,AHR,AMERICAN HEALTHCARE REIT INC,Real Estate,,mid,49.11,95.29,-0.0106,-0.075,-0.0134,FLAT,23.53,73.62,298.61,-11.77,58.23,24.97,0.7801,LOW,-,48.956,49.9504,44.702,1,171.6799,LEADER,37.4846
204,-43,EYPT,EYEPOINT INC,Health Care,,small,14.23,83.59,0.037,-0.0512,-0.1265,STRONG_UP,2.52,196.46,-34.45,-37.14,53.82,72.61,0.6446,LOW,-,13.2755,14.3732,13.4327,1,145.6189,LEADER,37.3929
205,36,FDX,FedEx,Industrials,Air Freight & Logistics,large,377.0,69.49,-0.0077,0.011,0.1898,STRONG_DOWN,58.57,86.71,45.56,-11.67,55.02,27.26,0.8213,LOW,-,356.4225,361.9872,278.184,1,175.0197,CONTENDER,37.3129
206,1,AUPH,AURINIA PHARMACEUTICALS INC,Health Care,,mid,15.96,75.78,-0.003,0.0734,0.0826,STRONG_DOWN,38.42,117.44,219.84,-15.91,51.41,35.37,0.838,LOW,-,14.74,14.605,13.1719,1,170.6962,LEADER,37.2705
207,138,AXSM,AXSOME THERAPEUTICS INC,Health Care,,mid,178.9,68.36,0.0368,0.1173,0.1093,FLAT,50.7,87.04,152.08,-18.5,55.02,33.12,1.0098,MED,-,163.0815,170.7786,141.1487,1,144.5871,CONTENDER,37.233
208,57,PUMP,PROPETRO HOLDING CORP,Energy,,small,13.65,78.41,-0.0023,0.006,0.1857,STRONG_DOWN,139.89,176.88,57.62,-32.74,48.59,54.44,0.5422,LOW,-,14.345,12.781,8.6907,1,157.8695,LEADER,36.7952
209,-24,ASML,ASML Holding,Technology,Industrial Machinery,large,1448.64,87.5,0.1261,0.1451,0.4948,STRONG_DOWN,47.11,124.97,51.2,-17.85,57.83,46.76,0.8681,LOW,-,1351.3815,1391.16,1062.2961,1,154.5611,LEADER,36.7924
210,47,SXI,STANDEX INTERNATIONAL CORP,Industrials,,mid,272.65,75.42,0.0079,0.0079,0.1067,DOWN,24.56,97.44,62.83,-12.72,53.82,35.0,1.3132,MED,-,257.1675,255.3457,222.5532,1,149.8274,LEADER,36.7178
211,-12,TXG,10X GENOMICS INC CLASS A,Health Care,,mid,23.0,83.98,0.0051,0.1198,0.2338,STRONG_DOWN,90.56,198.7,-34.86,-28.03,50.2,68.06,0.8258,LOW,-,20.0775,20.044,16.0621,1,146.559,LEADER,36.6275
212,-40,BK,BNY Mellon,Financials,Asset Management & Custody Banks,large,128.58,90.91,0.0031,0.0221,0.0509,STRONG_DOWN,22.43,71.37,142.11,-10.15,61.85,26.08,0.5166,LOW,-,118.7265,119.0694,109.7009,1,169.2574,LEADER,36.5703
213,57,PHIN,PHINIA INC,Consumer Discretionary,,mid,74.03,90.41,0.0347,0.1201,0.1304,STRONG_DOWN,39.13,98.84,99.08,-20.37,55.02,34.25,0.7885,LOW,-,66.933,70.2122,59.0558,1,158.775,LEADER,36.5578
214,26,JCI,Johnson Controls,Industrials,Building Products,large,141.85,70.34,0.0167,0.0219,0.2433,STRONG_DOWN,31.23,87.33,122.61,-12.71,59.04,30.66,0.6504,LOW,-,133.2134,134.7147,116.6941,1,168.1718,CONTENDER,36.5084
215,-17,LGND,LIGAND PHARMACEUTICALS INC,Health Care,,mid,205.64,73.05,0.0054,-0.0754,0.0693,FLAT,11.46,103.02,154.57,-13.21,53.82,37.5,1.063,MED,-,203.885,198.5936,178.3975,1,147.8558,CONTENDER,36.4454
216,36,VTRS,Viatris,Health Care,Pharmaceuticals,large,13.61,71.09,-0.0127,-0.0307,0.1309,FLAT,39.27,96.2,26.99,-18.97,56.63,36.28,0.5389,LOW,-,13.446,14.2538,11.2985,1,150.1653,CONTENDER,36.4446
217,-60,TNK,TEEKAY TANKERS LTD CLASS A,Energy,,mid,74.87,65.91,-0.009,0.0413,-0.0107,FLAT,52.54,116.95,44.55,-18.88,55.42,40.64,0.8774,LOW,-,70.831,70.6263,56.7227,1,159.488,CONTENDER,36.3616
218,87,IESC,IES INC,Industrials,,mid,535.72,91.1,0.0602,0.1795,0.3986,STRONG_DOWN,33.93,196.53,333.01,-21.8,53.01,78.23,1.0415,MED,-,471.9935,472.0678,400.8367,1,133.1754,LEADER,36.3133
219,63,PH,Parker Hannifin,Industrials,Industrial Machinery & Supplies & Components,large,982.99,68.64,0.0325,0.013,0.0513,FLAT,31.01,77.1,80.51,-15.79,57.03,28.24,0.5508,LOW,-,909.428,951.3089,829.5577,1,155.7022,CONTENDER,36.1871
220,1,APEI,AMERICAN PUBLIC EDUCATION INC,Consumer Discretionary,,small,58.12,97.26,-0.0371,0.2496,0.4859,STRONG_DOWN,56.24,147.85,339.64,-22.3,57.03,52.09,0.7313,LOW,-,56.201,49.047,38.0626,1,161.8676,LEADER,35.9464
221,-5,GTX,GARRETT MOTION INC,Consumer Discretionary,,mid,19.41,93.15,0.0102,0.0507,0.1089,STRONG_DOWN,50.28,127.67,100.52,-19.87,49.8,41.04,0.8675,LOW,-,18.002,18.7461,15.552,1,154.9165,LEADER,35.8344
222,-29,GH,GUARDANT HEALTH INC,Health Care,,large,87.17,75.39,-0.0964,-0.0147,-0.158,FLAT,33.45,111.89,356.15,-28.73,53.01,47.84,0.855,LOW,-,88.0665,95.7694,80.6603,1,123.9776,LEADER,35.7957
223,94,WAB,Wabtec,Industrials,Construction Machinery & Heavy Transportation Equipment,large,270.94,58.9,0.017,0.0693,0.1843,STRONG_DOWN,36.16,61.43,85.43,-13.29,53.41,25.47,1.6426,HIGH,-,246.773,249.2097,215.2372,1,128.82,CONTENDER,35.7916
224,30,KMT,KENNAMETAL INC,Industrials,,mid,39.1,83.47,0.0363,-0.0623,0.2737,FLAT,83.9,120.28,74.81,-22.3,53.82,44.16,0.5039,LOW,-,36.5235,37.8793,27.9357,1,146.5973,LEADER,35.7284
225,10,JBL,Jabil,Information Technology,Electronic Manufacturing Services,large,293.02,73.54,0.0544,0.1345,0.3625,STRONG_DOWN,41.98,122.26,115.77,-17.86,57.83,46.46,0.8713,LOW,-,266.349,259.5762,228.3568,1,152.1848,CONTENDER,35.6572
226,-21,DGII,DIGI INTERNATIONAL INC,Information Technology,,small,54.43,73.02,0.0527,0.0653,0.3257,STRONG_DOWN,48.88,116.42,75.58,-13.49,56.22,37.54,0.7828,LOW,-,49.8495,48.6612,40.499,1,174.3531,CONTENDER,35.6012
227,7,TE,T1 ENERGY INC,Industrials,,small,4.18,95.76,-0.0526,-0.519,-0.4219,FLAT,42.66,280.0,107.96,-58.59,49.4,114.03,0.7364,LOW,-,5.9845,6.7694,4.3136,0,121.3014,LAGGARD,35.5567
228,-5,LBRT,LIBERTY ENERGY INC CLASS A,Energy,,mid,27.2,73.86,-0.0135,-0.1293,0.152,FLAT,112.21,159.96,25.14,-26.19,51.0,57.36,0.7229,LOW,-,29.408,27.5768,17.8465,1,142.2255,CONTENDER,35.4862
229,38,APGE,APOGEE THERAPEUTICS INC,Health Care,,mid,86.52,82.42,0.001,0.1542,0.1582,STRONG_DOWN,83.15,188.98,63.96,-26.99,50.6,67.38,0.7297,LOW,-,77.1535,72.2525,58.137,1,141.9158,LEADER,35.4514
230,96,HP,HELMERICH & PAYNE INC,Energy,,mid,35.22,61.36,0.0318,-0.0243,-0.1517,STRONG_UP,50.54,99.78,-10.95,-25.38,50.6,35.91,0.6286,LOW,-,35.7415,34.9726,25.9587,1,140.5943,CONTENDER,35.4287
231,-11,ATMU,ATMUS FILTRATION TECHNOLOGIES INC,Industrials,,mid,63.51,71.19,0.0522,0.0609,0.1363,STRONG_DOWN,41.95,89.78,98.06,-16.39,54.22,34.13,1.3249,MED,-,58.3005,60.4736,49.5869,1,142.6232,CONTENDER,35.2667
232,24,AIR,AAR CORP,Industrials,,mid,123.04,86.02,0.0707,0.1037,0.2637,STRONG_DOWN,46.46,136.16,98.42,-15.71,55.42,47.99,0.5788,LOW,-,109.641,111.3728,88.8191,1,157.2423,LEADER,35.0826
233,-7,VTOL,BRISTOW GROUP INC,Energy,,small,49.37,54.55,0.0651,0.0699,-0.0397,FLAT,34.29,88.19,88.91,-16.41,56.22,29.94,0.8541,LOW,-,45.7343,45.4738,39.354,1,165.6077,CONTENDER,35.0186
234,32,ACMR,ACM RESEARCH CLASS A INC,Information Technology,,mid,46.97,79.37,0.1219,-0.0392,-0.0051,FLAT,11.86,154.99,64.17,-46.34,57.43,83.88,0.6012,LOW,-,43.7637,52.7383,39.5555,1,106.1199,LEADER,35.0169
235,-2,NTRS,Northern Trust,Financials,Asset Management & Custody Banks,large,152.63,93.36,0.0232,0.0075,0.0383,FLAT,18.1,77.93,89.2,-12.39,56.22,29.02,0.7058,LOW,-,139.844,143.0659,133.245,1,150.9803,LEADER,35.0039
236,-25,OKLO,OKLO INC CLASS A,Utilities,,mid,47.75,100.0,-0.0281,-0.2858,-0.6504,STRONG_UP,-64.57,110.17,262.57,-73.83,49.8,85.72,0.6097,LOW,EARLY,52.8375,62.0614,85.5359,0,64.0029,LAGGARD,34.9994
237,-59,COHU,COHU INC,Information Technology,,small,35.4,78.31,0.0647,0.2235,0.3994,STRONG_DOWN,77.98,147.55,11.85,-20.23,55.42,50.93,0.8578,LOW,-,30.7605,30.3754,24.226,1,160.5607,LEADER,34.9819
238,-23,TR,TOOTSIE ROLL INDUSTRIES INC,Consumer Staples,,mid,44.81,83.87,-0.0015,0.1072,0.1858,STRONG_DOWN,7.47,52.33,57.23,-20.03,58.23,20.11,0.4812,LOW,-,42.4475,40.7851,38.1511,1,151.5291,LEADER,34.9055
239,44,VAL,VALARIS LTD,Energy,,mid,98.09,88.64,0.0206,0.0137,0.5599,FLAT,91.02,226.53,34.87,-18.85,55.02,86.35,0.409,LOW,-,96.9985,88.4574,60.5386,1,144.3399,LEADER,34.8769
240,-21,IDYA,IDEAYA BIOSCIENCES INC,Health Care,,mid,31.0,71.48,-0.0785,-0.0945,-0.1087,STRONG_UP,15.5,96.58,-26.71,-20.05,53.41,47.27,1.5079,HIGH,-,32.2475,32.545,29.6685,1,109.1202,CONTENDER,34.8579
241,9,VERA,VERA THERAPEUTICS INC CLASS A,Health Care,,mid,40.93,68.75,-0.0237,-0.0313,-0.1014,STRONG_UP,34.2,87.67,-1.66,-39.83,50.6,46.32,1.4235,MED,-,40.0937,41.3267,33.6986,1,95.7666,CONTENDER,34.834
242,55,RL,Ralph Lauren Corporation,Consumer Discretionary,"Apparel, Accessories & Luxury Goods",large,385.14,91.1,0.0626,0.1183,0.0943,FLAT,17.67,100.16,137.86,-14.94,53.41,36.98,0.7659,LOW,-,344.3024,352.4992,328.8128,1,144.6564,LEADER,34.7976
243,53,URGN,UROGEN PHARMA LTD,Health Care,,small,20.53,76.17,0.066,0.0854,-0.0849,FLAT,18.47,118.64,58.53,-66.24,47.79,62.86,1.3934,MED,-,18.32,19.651,19.7122,1,90.195,LEADER,34.7628
244,24,MCHP,Microchip Technology,Information Technology,Semiconductors,large,71.22,62.96,0.0489,0.07,0.0153,FLAT,8.02,89.0,-14.66,-34.41,49.8,39.9,0.8415,LOW,-,64.886,70.7379,66.4268,1,111.0792,CONTENDER,34.7337
245,35,HAS,Hasbro,Consumer Discretionary,Leisure Products,large,93.06,88.36,-0.0129,-0.035,0.0876,FLAT,25.15,89.01,77.37,-15.8,53.41,33.28,0.9177,LOW,-,91.7765,95.0678,81.9968,1,142.8444,LEADER,34.6916
246,105,NDSN,Nordson Corporation,Industrials,Industrial Machinery & Supplies & Components,large,276.25,56.36,-0.0003,-0.0201,0.0504,FLAT,18.67,54.72,4.42,-14.15,56.63,23.29,1.0241,MED,-,266.7063,277.9633,241.7082,1,133.0554,CONTENDER,34.6835
247,-92,ROST,Ross Stores,Consumer Discretionary,Apparel Retail,large,224.91,75.34,-0.0226,0.0377,0.2273,STRONG_DOWN,48.6,63.55,66.01,-17.68,57.43,25.09,0.6247,LOW,-,214.2543,204.9271,169.0587,1,145.4621,LEADER,34.6497
248,-3,TVTX,TRAVERE THERAPEUTICS INC,Health Care,,mid,31.44,78.52,0.008,0.1,-0.0765,FLAT,20.0,133.06,371.36,-34.61,54.22,59.02,0.7078,LOW,-,28.789,29.3669,26.8556,1,122.2399,LEADER,34.6282
249,191,ELVN,ENLIVEN THERAPEUTICS INC,Health Care,,mid,45.59,84.77,0.1492,0.4807,1.0024,STRONG_DOWN,124.36,205.77,130.02,-36.84,51.0,120.89,1.6368,HIGH,-,34.8365,30.776,23.0361,1,86.8076,LEADER,34.5862
250,1,APH,Amphenol,Information Technology,Electronic Components,large,137.68,72.49,0.0389,0.0129,0.0535,FLAT,9.88,116.21,143.82,-28.19,59.84,58.18,0.6729,LOW,-,129.1935,136.8345,126.7792,1,119.5244,CONTENDER,34.3745
251,-63,KTOS,KRATOS DEFENSE AND SECURITY SOLUTI,Industrials,,large,68.33,82.2,-0.0351,-0.2641,-0.3789,STRONG_UP,-35.34,115.48,277.51,-50.06,55.82,89.97,0.8503,LOW,EARLY,79.0435,87.7114,79.1394,0,71.6497,LAGGARD,34.2163
252,0,FCX,Freeport-McMoRan,Materials,Copper,large,66.45,73.53,0.0492,0.0371,0.1816,FLAT,56.02,114.91,34.01,-24.9,57.03,52.37,0.6232,LOW,-,58.136,61.432,48.9835,1,125.1355,CONTENDER,34.1889
253,38,THR,THERMON GROUP HOLDINGS INC,Industrials,,small,54.37,84.75,-0.0063,0.1261,0.3859,STRONG_DOWN,104.4,122.74,72.99,-21.01,55.82,44.17,0.4873,LOW,-,49.98,49.2772,35.5743,1,155.1088,LEADER,34.1711
254,-1,MCY,MERCURY GENERAL CORP,Financials,,mid,94.1,95.1,0.017,-0.0103,0.0146,FLAT,11.2,83.31,90.52,-12.87,56.22,30.94,0.534,LOW,-,88.7755,89.4545,82.4895,1,151.3713,LEADER,34.1394
255,-11,HAL,Halliburton,Energy,Oil & Gas Equipment & Services,large,37.69,55.68,0.0075,0.0122,-0.1043,FLAT,59.34,91.04,-3.6,-14.07,53.41,32.73,0.8067,LOW,-,37.396,35.6601,27.5028,1,148.5583,CONTENDER,34.0664
256,-53,HII,Huntington Ingalls Industries,Industrials,Aerospace & Defense,large,403.37,77.97,-0.0332,-0.0575,0.0339,FLAT,39.74,104.54,53.02,-18.66,56.63,44.18,0.4121,LOW,-,402.778,414.5984,326.4402,1,133.9979,LEADER,34.0267
257,4,ODC,OIL DRI CORPORATION OF AMERICA,Consumer Staples,,small,72.78,88.71,0.0518,0.1353,0.3676,STRONG_DOWN,20.74,70.45,113.4,-32.73,57.43,28.27,0.994,LOW,-,64.51,64.2367,58.972,1,143.1117,LEADER,34.0188
258,58,RMBS,RAMBUS INC,Information Technology,,large,105.58,74.07,0.0981,0.1285,0.1969,STRONG_DOWN,6.19,128.33,76.7,-36.69,53.41,79.31,1.0631,MED,-,92.6345,97.6966,91.0355,1,86.422,CONTENDER,33.9892
259,-79,HOOD,Robinhood Markets,Financials,Investment Banking & Brokerage,large,70.12,91.96,-0.0323,-0.1851,-0.4174,STRONG_UP,-53.52,73.09,282.33,-57.26,53.01,69.52,0.8528,LOW,EARLY,71.3725,77.0716,107.5177,0,55.7345,LAGGARD,33.9413
260,52,KW,KENNEDY WILSON HOLDINGS INC,Real Estate,,small,10.86,94.12,-0.0327,0.0001,0.0495,STRONG_DOWN,43.62,70.28,42.02,-17.27,49.4,22.05,0.1775,LOW,-,10.8046,10.512,8.8934,1,157.4421,LEADER,33.8399
261,-82,AMRC,AMERESCO INC CLASS A,Industrials,,small,26.0,87.29,0.0073,-0.0256,-0.1477,STRONG_UP,-32.63,154.4,12.46,-44.48,52.21,65.06,0.61,LOW,-,26.024,28.8906,28.8129,0,123.907,LAGGARD,33.8066
262,-33,TRS,TRIMAS CORP,Materials,,small,38.63,63.24,0.0493,0.0033,0.0597,FLAT,3.64,86.84,51.93,-22.24,55.02,31.39,0.6759,LOW,-,35.814,36.2859,35.2283,1,152.2129,CONTENDER,33.7976
263,40,WT,WISDOMTREE INC,Financials,,mid,15.85,97.9,0.0472,-0.0648,0.1826,FLAT,16.63,101.32,76.5,-26.67,55.42,43.84,0.6956,LOW,-,14.5675,15.754,13.544,1,128.0877,LEADER,33.7824
264,13,SRE,Sempra,Utilities,Multi-Utilities,large,99.75,92.31,-0.0147,0.0373,0.0037,FLAT,8.37,53.65,51.17,-8.81,57.83,20.52,0.6777,LOW,-,95.978,92.9643,86.6805,1,151.2001,LEADER,33.6628
265,-23,CALY,CALLAWAY GOLF COMPANY,Consumer Discretionary,,mid,14.5,94.52,0.0013,0.0221,0.1042,STRONG_DOWN,59.87,131.26,-10.66,-24.56,53.01,51.44,0.5927,LOW,-,13.6765,13.9552,11.2538,1,135.2662,LEADER,33.6301
266,100,EXTR,EXTREME NETWORKS INC,Information Technology,,mid,17.66,55.03,0.113,0.1996,0.1552,FLAT,-14.11,54.24,61.13,-39.87,54.62,35.5,2.0382,HIGH,SHIFT,15.2925,14.7874,17.7114,0,83.4468,LAGGARD,33.5655
267,-43,PPTA,PERPETUA RESOURCES CORP,Materials,,mid,30.13,86.76,-0.0122,-0.1103,-0.0352,FLAT,23.79,171.2,367.86,-32.86,55.42,81.15,0.522,LOW,-,28.098,29.8925,23.6996,1,116.9161,LEADER,33.4939
268,34,KEYS,Keysight Technologies,Information Technology,Electronic Equipment & Instruments,large,322.94,77.25,0.0721,0.1236,0.6036,STRONG_DOWN,87.56,142.07,105.63,-14.0,59.44,58.6,0.5586,LOW,-,289.8095,269.9286,202.303,1,144.1022,LEADER,33.4153
269,-100,LXU,LSB INDUSTRIES INC,Materials,,small,13.49,85.29,-0.1313,-0.0459,0.4066,STRONG_DOWN,52.77,166.6,59.08,-20.08,54.22,68.28,1.2317,MED,-,15.0615,12.4574,9.529,1,132.2949,LEADER,33.3894
270,-74,PLPC,PREFORMED LINE PRODUCTS,Industrials,,small,318.76,85.17,0.0027,0.1616,0.3236,STRONG_DOWN,59.32,133.89,155.58,-22.33,58.63,52.85,0.8806,LOW,-,275.3303,266.6296,214.8467,1,148.5292,LEADER,33.2974
271,-23,MLYS,MINERALYS THERAPEUTICS INC,Health Care,,mid,27.17,77.73,-0.018,-0.0335,-0.1395,STRONG_UP,-27.52,122.89,111.6,-51.66,46.59,63.7,0.7805,LOW,PROGRESS,25.4535,27.705,29.8713,0,89.8797,LAGGARD,33.2874
272,53,NPO,ENPRO INC,Industrials,,mid,278.81,73.31,0.0554,0.0634,0.1799,STRONG_DOWN,24.76,92.3,76.27,-13.45,55.82,37.74,1.0922,MED,-,252.921,257.3811,228.324,1,136.5252,CONTENDER,33.2337
273,11,KGS,KODIAK GAS SERVICES INC,Energy,,mid,60.38,59.09,0.0622,0.0278,0.3905,FLAT,70.47,97.07,143.08,-15.95,57.43,37.83,0.7265,LOW,-,57.6015,53.348,38.9867,1,147.3701,CONTENDER,33.2131
274,-10,DELL,Dell Technologies,Information Technology,"Technology Hardware, Storage & Peripherals",large,181.46,75.66,0.0039,0.2188,0.579,STRONG_DOWN,11.17,134.14,52.06,-32.34,52.61,66.25,0.5171,LOW,-,166.91,143.3454,134.9453,1,106.5209,LEADER,33.1344
275,29,GRC,GORMAN-RUPP,Industrials,,small,69.23,81.36,0.0576,0.1063,0.3288,STRONG_DOWN,51.33,112.96,91.72,-14.39,56.22,40.63,0.6699,LOW,-,62.1935,62.4036,48.8486,1,156.3025,LEADER,33.1018
276,-7,NUVB,NUVATION BIO INC CLASS A,Health Care,,small,4.63,82.03,0.025,0.0044,-0.4117,STRONG_UP,24.46,164.57,51.8,-57.55,52.61,80.93,0.3405,LOW,-,4.3765,4.996,4.7375,0,106.9826,LAGGARD,33.0584
277,29,AMRX,AMNEAL PHARMACEUTICALS INC CLASS A,Health Care,,mid,12.8,66.02,0.0008,0.0028,0.0112,STRONG_DOWN,22.14,83.64,124.56,-22.12,54.22,32.08,0.3988,LOW,-,12.2393,13.3881,11.2082,1,141.3712,CONTENDER,32.9467
278,44,ROG,ROGERS CORP,Information Technology,,small,115.55,70.9,0.0585,0.0879,0.2719,STRONG_DOWN,36.7,109.22,1.46,-14.4,53.41,36.67,0.6695,LOW,-,105.6585,105.675,87.6784,1,159.0736,CONTENDER,32.9253
279,-19,OUST,OUSTER INC,Information Technology,,small,20.03,82.54,-0.0109,-0.2109,-0.2364,STRONG_UP,-34.65,182.11,143.38,-55.15,50.2,84.48,0.5252,LOW,-,19.9775,20.0928,25.2159,0,108.2156,LAGGARD,32.8989
280,-5,PSX,Phillips 66,Energy,Oil & Gas Refining & Marketing,large,161.07,44.32,-0.0674,-0.0879,-0.1555,STRONG_UP,24.73,72.17,4.6,-14.45,55.42,32.87,1.068,MED,-,176.6985,163.9748,138.3157,1,121.6757,LAGGARD,32.8444
281,163,LUMN,LUMEN TECHNOLOGIES INC,Communication,,mid,7.48,78.26,0.0617,0.0831,-0.2065,FLAT,6.25,111.3,442.03,-47.34,49.8,91.42,1.5533,HIGH,-,6.788,7.2596,6.7977,1,60.6291,LEADER,32.8198
282,-24,MPC,Marathon Petroleum,Energy,Oil & Gas Refining & Marketing,large,223.52,53.41,-0.0568,-0.0523,-0.0129,STRONG_DOWN,19.64,87.87,10.39,-18.33,59.04,37.78,0.875,LOW,-,237.623,215.1175,187.5529,1,137.312,CONTENDER,32.674
283,179,DIOD,DIODES INC,Information Technology,,mid,82.29,75.13,0.1632,0.2787,0.5394,STRONG_DOWN,56.5,132.72,17.78,-27.44,52.21,73.4,1.5489,HIGH,-,69.3755,66.9422,56.13,1,94.4052,LEADER,32.6355
284,46,KEY,KeyCorp,Financials,Regional Banks,large,21.65,87.41,0.0079,0.026,-0.0081,FLAT,22.21,64.78,60.29,-17.76,53.82,27.24,0.4956,LOW,-,19.861,20.7342,19.004,1,127.9927,LEADER,32.6233
285,-91,UAMY,UNITED STATES ANTIMONY CORP,Materials,,small,8.77,92.65,-0.0268,-0.2107,0.1365,FLAT,-7.88,243.92,3408.0,-74.3,49.4,141.49,0.5662,LOW,-,9.0045,8.7908,6.8252,1,85.1631,LEADER,32.5938
286,-13,SVRA,SAVARA INC,Health Care,,small,5.87,77.34,0.0309,0.0572,0.0606,STRONG_DOWN,69.16,122.35,23.84,-42.94,51.81,50.6,0.5983,LOW,-,5.337,5.4778,4.439,1,125.2742,LEADER,32.5774
287,75,USB,U.S. Bancorp,Financials,Diversified Banks,large,56.33,81.12,0.0141,0.0138,-0.0002,STRONG_UP,22.29,57.64,46.26,-16.21,55.02,25.13,0.9118,LOW,-,51.8837,54.3401,49.414,1,126.192,LEADER,32.513
288,22,MS,Morgan Stanley,Financials,Investment Banking & Brokerage,large,178.16,91.26,0.0248,0.0316,-0.0551,FLAT,15.79,71.65,106.24,-18.83,59.84,34.47,0.6965,LOW,-,163.163,168.9098,160.8099,1,124.3788,LEADER,32.5062
289,74,CTRI,CENTURI HOLDINGS INC,Industrials,,mid,33.41,76.69,0.07,0.0826,0.2303,STRONG_DOWN,64.34,99.58,39.5,-16.44,51.81,35.91,0.4248,LOW,-,30.0625,30.0112,24.3205,1,143.6741,LEADER,32.5053
290,-53,TRST,TRUSTCO BANK CORP,Financials,,small,46.82,92.66,0.0019,0.0118,0.0939,STRONG_DOWN,30.63,74.13,94.89,-14.11,55.82,27.07,0.8821,LOW,-,43.797,44.1152,39.3995,1,152.8581,LEADER,32.4914
291,55,INCY,Incyte,Health Care,Biotechnology,large,96.96,62.5,-0.0146,0.02,-0.0442,FLAT,13.56,75.75,76.29,-18.33,55.82,32.48,0.569,LOW,-,92.985,97.552,91.2668,1,130.1797,CONTENDER,32.3812
292,72,LIND,LINDBLAD EXPEDITIONS HOLDINGS INC,Consumer Discretionary,,small,19.02,95.21,0.0708,0.0566,0.3277,FLAT,55.39,136.57,141.98,-23.67,54.62,54.99,0.5417,LOW,-,17.5555,18.4528,14.4856,1,135.6483,LEADER,32.2743
293,25,UNFI,UNITED NATURAL FOODS INC,Consumer Staples,,mid,47.43,96.77,0.0325,0.1774,0.3673,STRONG_DOWN,11.57,99.87,364.09,-32.49,51.81,44.68,0.6849,LOW,-,42.981,40.4728,34.2676,1,115.8113,LEADER,32.186
294,14,DXPE,DXP ENTERPRISES INC,Industrials,,mid,151.64,74.15,0.0078,0.0817,0.3429,STRONG_DOWN,21.88,94.11,172.39,-32.99,54.22,42.63,0.9518,LOW,-,137.851,140.9318,118.0515,1,119.6981,CONTENDER,32.1644
295,91,ESPR,ESPERION THERAPEUTICS INC,Health Care,,small,2.18,78.12,-0.1901,-0.1632,-0.4021,FLAT,-15.18,127.08,-13.49,-46.57,49.8,73.06,1.5585,HIGH,-,2.576,2.9928,2.7168,0,86.624,LAGGARD,32.1283
296,84,NATL,NCR ATLEOS CORP,Financials,,mid,44.15,95.45,-0.0397,-0.083,0.0646,FLAT,10.07,84.81,104.87,-15.31,55.02,39.32,1.0777,MED,-,43.5315,42.5354,37.8026,1,118.6671,LEADER,32.1248
297,-8,BBIO,BRIDGEBIO PHARMA INC,Health Care,,large,75.52,78.91,0.0075,0.0536,0.0645,STRONG_DOWN,36.56,133.74,176.33,-20.25,53.41,57.69,0.8255,LOW,-,71.26,71.1358,62.0373,1,123.8139,LEADER,31.959
298,25,MRK,Merck & Co.,Health Care,Pharmaceuticals,large,122.68,57.81,-0.0104,0.0592,0.155,STRONG_DOWN,44.27,63.94,3.28,-13.77,53.41,24.02,0.5569,LOW,-,118.0034,117.758,95.9296,1,142.1777,CONTENDER,31.8506
299,-63,CMP,COMPASS MINERALS INTERNATIONAL INC,Materials,,small,25.14,79.41,0.0726,0.0513,0.0718,FLAT,29.79,145.03,79.19,-26.29,52.61,57.73,0.7225,LOW,-,23.166,23.6996,20.6713,1,132.1668,LEADER,31.8472
300,65,NUE,Nucor,Materials,Steel,large,184.0,60.29,0.0335,0.0319,0.0527,FLAT,34.4,70.68,-4.19,-18.43,53.41,29.67,0.8363,LOW,-,166.7705,174.6578,154.0259,1,127.2308,CONTENDER,31.8067
301,89,PCVX,VAXCYTE INC,Health Care,,mid,61.69,76.56,0.0318,0.068,0.4027,STRONG_DOWN,51.42,120.01,-1.36,-20.6,49.4,44.57,0.837,LOW,-,56.5755,56.9794,44.0939,1,133.0122,LEADER,31.7589
302,-77,LIVN,LIVANOVA PLC,Health Care,,mid,63.37,66.8,-0.032,0.0135,0.0172,STRONG_DOWN,18.74,85.62,14.72,-17.66,50.6,30.63,0.782,LOW,-,62.646,64.886,57.1233,1,141.4389,CONTENDER,31.7432
303,-141,FCFS,FIRSTCASH HOLDINGS INC,Financials,,mid,198.9,89.86,-0.0534,-0.0419,0.1813,STRONG_DOWN,28.21,68.45,57.34,-12.75,56.63,26.96,0.803,LOW,-,192.459,187.0807,158.9619,1,143.7888,LEADER,31.6981
304,70,VLY,VALLEY NATIONAL,Financials,,mid,13.25,91.61,0.0171,0.0453,0.065,STRONG_DOWN,24.53,71.74,99.0,-13.64,53.01,30.58,1.3103,MED,-,12.1875,12.5614,10.9713,1,124.3608,LEADER,31.6134
305,235,CUBI,CUSTOMERS BANCORP INC,Financials,,mid,74.95,90.56,0.0147,0.0489,-0.0778,FLAT,16.15,70.77,51.2,-20.31,50.6,37.62,1.6651,HIGH,-,68.6705,71.002,68.7811,1,95.1848,LEADER,31.6033
306,37,NEE,NextEra Energy,Utilities,Multi-Utilities,large,94.48,86.54,-0.006,-0.0158,0.0594,FLAT,13.96,45.82,56.28,-10.75,56.63,19.02,,LOW,-,92.214,91.3964,80.7112,1,136.4184,LEADER,31.5576
307,-20,RTX,RTX Corporation,Industrials,Aerospace & Defense,large,203.19,60.17,-0.0147,-0.0522,0.054,FLAT,21.42,62.6,108.32,-11.99,57.43,25.94,0.4546,LOW,-,198.038,200.287,174.5315,1,138.6009,CONTENDER,31.5399
308,-36,BKR,Baker Hughes,Energy,Oil & Gas Equipment & Services,large,63.42,46.59,0.0704,0.0387,-0.0134,STRONG_UP,33.67,76.5,93.91,-16.86,58.23,35.12,0.58,LOW,-,60.3045,60.4251,49.4487,1,126.8382,LAGGARD,31.4386
309,0,ROK,Rockwell Automation,Industrials,Electrical Components & Equipment,large,394.9,66.53,0.0318,0.0258,-0.054,STRONG_UP,14.25,74.21,44.81,-18.73,55.02,34.37,0.592,LOW,-,362.7645,385.4053,368.6601,1,118.7913,CONTENDER,31.4351
310,-64,QBTS,D WAVE QUANTUM INC,Information Technology,,mid,13.87,65.61,-0.07,-0.2867,-0.4863,STRONG_UP,-59.5,92.64,662.09,-71.01,47.39,85.19,0.6472,LOW,EARLY,15.368,17.9482,22.3847,0,51.5337,LAGGARD,31.2898
311,259,SD,SANDRIDGE ENERGY INC,Energy,,small,15.38,45.45,0.0155,-0.0994,-0.172,STRONG_UP,29.65,73.51,9.71,-17.22,54.62,36.14,1.9505,HIGH,-,16.3295,16.5803,13.2752,1,111.0945,LAGGARD,31.2533
312,-24,SEZL,SEZZLE INC,Financials,,mid,69.12,96.85,0.0343,-0.0781,-0.1149,STRONG_UP,-15.21,89.79,503.67,-72.02,52.61,102.05,0.9297,LOW,SHIFT,66.675,67.0872,85.4499,0,46.2874,LAGGARD,31.2172
313,11,PTCT,PTC THERAPEUTICS INC,Health Care,,mid,70.85,62.89,0.0206,0.0746,-0.0377,FLAT,9.88,75.85,163.29,-27.55,55.02,35.07,0.7808,LOW,-,67.1552,68.8943,64.8406,1,118.9983,CONTENDER,31.2085
314,30,TEL,TE Connectivity,Information Technology,Electronic Manufacturing Services,large,228.63,60.85,0.0568,0.102,0.0467,FLAT,2.18,81.51,62.24,-21.11,59.84,41.47,0.6271,LOW,-,205.9405,215.8114,215.413,1,117.6177,CONTENDER,31.1481
315,-114,IE,IVANHOE ELECTRIC INC,Materials,,small,12.87,82.35,0.0224,-0.1272,-0.2789,STRONG_UP,-10.93,157.4,25.81,-45.93,54.22,79.15,0.73,LOW,-,11.8575,14.5798,13.1264,0,107.8235,LAGGARD,31.1125
316,-37,LUNR,INTUITIVE MACHINES INC CLASS A,Industrials,,mid,21.97,89.41,-0.1344,0.1586,0.084,FLAT,76.04,180.23,339.4,-41.88,52.61,131.68,1.3387,MED,-,19.618,18.5996,13.5168,1,72.007,LEADER,31.0006
317,137,FSBC,FIVE STAR BANCORP,Financials,,small,40.75,89.16,0.014,0.0312,0.0766,STRONG_DOWN,30.72,66.28,102.26,-13.07,50.2,25.95,1.32,MED,-,37.634,38.8418,34.48,1,128.2219,LEADER,30.8087
318,-69,BG,Bunge Global,Consumer Staples,Agricultural Products & Services,large,122.96,90.32,-0.0761,0.0157,0.1982,STRONG_DOWN,51.11,73.09,21.45,-15.39,49.4,28.42,0.9057,LOW,-,125.299,121.2109,95.5539,1,127.0481,LEADER,30.7425
319,12,PLUG,PLUG POWER INC,Industrials,,mid,2.74,86.86,0.0869,0.1965,0.1459,FLAT,-25.14,144.64,-10.75,-56.66,44.18,95.75,0.8419,LOW,-,2.342,2.161,2.147,1,66.7396,LEADER,30.6931
320,-26,CSX,CSX Corporation,Industrials,Rail Transportation,large,42.49,56.78,-0.0194,0.0211,0.1718,STRONG_DOWN,19.02,55.06,23.6,-11.89,58.23,22.98,0.8958,LOW,-,40.126,40.5015,36.1963,1,139.5124,CONTENDER,30.6869
321,18,LVS,Las Vegas Sands,Consumer Discretionary,Casinos & Gaming,large,54.48,81.51,-0.0425,-0.0276,-0.0831,FLAT,3.22,75.33,9.33,-25.33,55.82,39.16,0.643,LOW,PROGRESS,53.746,55.2165,56.1411,0,107.3725,LAGGARD,30.6866
322,-29,EYE,NATIONAL VISION HOLDINGS INC,Consumer Discretionary,,small,26.34,93.84,0.0678,-0.0352,0.0234,FLAT,-4.36,129.04,37.69,-19.77,52.61,51.95,0.8128,LOW,-,26.2405,26.9006,26.0745,1,130.6829,LEADER,30.6087
323,222,VSH,VISHAY INTERTECHNOLOGY INC,Information Technology,,mid,21.33,64.55,0.1113,0.2134,0.3751,STRONG_DOWN,34.54,91.19,2.84,-33.46,53.82,52.02,1.1108,MED,-,18.046,18.6075,16.2715,1,94.3468,CONTENDER,30.6013
324,234,ADTN,ADTRAN HOLDINGS INC,Information Technology,,small,14.82,67.2,0.1139,0.4348,0.7194,STRONG_DOWN,63.04,96.55,200.0,-31.67,52.61,51.55,2.4056,HIGH,-,12.2175,10.8548,9.4722,1,98.5371,CONTENDER,30.5775
325,23,GNRC,Generac,Industrials,Electrical Components & Equipment,large,207.34,72.46,0.0182,-0.0574,0.3583,FLAT,21.02,91.26,51.49,-32.77,55.02,56.32,0.3744,LOW,-,199.61,204.1636,175.731,1,89.149,CONTENDER,30.422
326,-48,WELL,Welltower,Real Estate,Health Care REITs,large,206.34,78.82,-0.012,-0.0052,0.0552,STRONG_DOWN,22.9,47.92,137.56,-12.61,60.24,21.9,0.8681,LOW,-,201.7985,201.8159,181.5821,1,131.8173,LEADER,30.4002
327,112,TRGP,Targa Resources,Energy,Oil & Gas Storage & Transportation,large,244.75,29.55,0.0215,-0.0033,0.1111,FLAT,46.96,54.22,122.89,-17.43,55.82,23.84,0.6795,LOW,-,243.7355,231.4742,183.7695,1,126.9529,LAGGARD,30.3558
328,-14,DAVE,DAVE INC CLASS A,Financials,,mid,181.88,99.3,0.0034,-0.2617,-0.2563,FLAT,-12.56,120.43,401.32,-44.67,54.22,75.42,0.8626,LOW,EARLY,190.8753,187.8218,208.4668,0,86.5808,LAGGARD,30.3544
329,3,TRVI,TREVI THERAPEUTICS INC,Health Care,,small,13.3,80.47,0.089,0.1096,0.2279,STRONG_DOWN,35.44,151.89,387.18,-29.5,51.0,61.74,0.8147,LOW,-,11.5725,11.448,10.0324,1,125.4712,LEADER,30.3491
330,-113,SNEX,STONEX GROUP INC,Financials,,mid,93.28,96.5,0.056,0.2313,0.3313,STRONG_DOWN,39.18,89.13,219.7,-20.91,60.24,43.74,0.913,LOW,-,77.4185,79.1966,67.734,1,122.7555,LEADER,30.3417
331,23,GM,General Motors,Consumer Discretionary,Automobile Manufacturers,large,76.73,83.56,0.0137,0.0049,-0.0643,STRONG_UP,36.64,77.25,78.16,-16.0,54.22,36.78,0.7969,LOW,-,74.247,78.0176,67.8673,1,113.8769,LEADER,30.328
332,-119,ANET,Arista Networks,Information Technology,Communications Equipment,large,146.05,68.78,0.1161,0.0441,0.2215,FLAT,-7.19,101.03,102.69,-28.33,57.83,60.0,0.9117,LOW,-,131.3015,134.477,132.5443,1,97.3783,CONTENDER,30.2991
333,-47,RIOT,RIOT PLATFORMS INC,Information Technology,,mid,16.69,77.78,0.2611,0.1145,0.1441,FLAT,-24.1,145.8,69.1,-48.57,51.81,97.96,0.9293,LOW,-,14.0008,14.843,15.2761,1,77.1135,LEADER,30.2855
334,140,AMSC,AMERICAN SUPERCONDUCTOR CORP,Industrials,,small,36.15,79.66,0.0765,0.1469,0.147,STRONG_DOWN,-40.44,107.04,185.09,-61.08,56.63,73.58,1.315,MED,-,31.9315,31.7194,41.3368,0,82.3857,LAGGARD,30.2808
335,50,TFC,Truist Financial,Financials,Diversified Banks,large,50.48,69.93,0.0207,0.03,-0.0243,FLAT,16.86,48.46,48.08,-20.67,54.22,27.26,1.1101,MED,-,45.6995,48.8674,46.0196,1,96.3805,CONTENDER,30.1787
336,45,BAC,Bank of America,Financials,Diversified Banks,large,52.71,72.73,0.0177,0.0106,-0.0815,STRONG_UP,6.91,50.34,50.69,-17.93,58.63,26.3,0.7337,LOW,-,48.4185,50.5108,50.4919,1,112.2136,CONTENDER,30.0213
337,-4,HCC,WARRIOR MET COAL INC,Materials,,mid,85.7,67.65,-0.1329,-0.0332,-0.1621,FLAT,32.32,96.81,40.27,-24.41,51.81,50.4,1.2624,MED,-,90.934,88.0809,73.5398,1,99.5226,CONTENDER,29.9859
338,23,BLX,BANCO LATINOAMERICANO DE COMERCIO,Financials,,small,54.12,84.27,-0.0148,0.0494,0.2167,STRONG_DOWN,21.9,61.34,100.86,-12.42,55.42,24.04,0.728,LOW,-,50.4605,49.5446,45.1886,1,141.4069,LEADER,29.9253
339,54,RF,Regions Financial Corporation,Financials,Regional Banks,large,28.15,79.02,0.0137,-0.0022,-0.0396,STRONG_UP,13.56,54.43,55.65,-18.45,56.22,28.49,0.7475,LOW,-,25.877,27.6049,25.9703,1,107.4152,LEADER,29.901
340,-39,GRDN,GUARDIAN PHARMACY SERVICES INC CLA,Health Care,,mid,40.65,67.58,0.0451,0.2088,0.3553,STRONG_DOWN,71.52,86.81,154.06,-25.83,55.42,47.18,1.1879,MED,-,36.3295,34.2836,28.3401,1,101.9722,CONTENDER,29.8965
341,-13,IDXX,Idexx Laboratories,Health Care,Health Care Equipment,large,584.75,51.95,0.0018,-0.0312,-0.1388,STRONG_UP,-7.17,53.14,15.99,-27.34,52.61,28.75,0.859,LOW,PROGRESS,574.534,612.8644,638.3358,0,97.249,LAGGARD,29.8471
342,146,PLAB,PHOTRONICS INC,Information Technology,,mid,44.48,78.84,0.0521,0.2809,0.4406,STRONG_DOWN,88.87,150.73,58.8,-24.72,49.8,76.17,1.0411,MED,-,38.8275,37.5082,27.8533,1,98.5492,LEADER,29.8036
343,39,BKE,BUCKLE INC,Consumer Discretionary,,mid,55.71,78.08,0.067,0.0825,0.1028,STRONG_DOWN,4.29,71.78,73.77,-17.92,51.81,29.35,0.6149,LOW,-,50.5385,51.2358,51.1413,1,126.7054,LEADER,29.7755
344,-25,LPG,DORIAN LPG LTD,Energy,,small,34.93,63.64,0.029,0.069,0.001,FLAT,32.87,109.64,10.71,-24.99,51.41,44.5,0.7394,LOW,-,33.193,33.2411,28.385,1,126.6674,CONTENDER,29.7513
345,26,ACLS,AXCELIS TECHNOLOGIES INC,Information Technology,,mid,108.24,76.72,0.1015,0.2429,0.2452,STRONG_DOWN,28.14,139.36,2.95,-26.2,51.81,64.37,0.7414,LOW,-,92.672,88.6254,84.3168,1,112.1703,LEADER,29.6136
346,10,AEO,AMERICAN EAGLE OUTFITTERS INC,Consumer Discretionary,,mid,18.54,85.62,0.0568,-0.0018,-0.2967,STRONG_UP,20.61,80.14,-16.1,-42.74,49.8,51.58,0.4697,LOW,-,17.13,20.6924,18.2202,1,77.3736,LEADER,29.5449
347,89,KSS,KOHLS CORP,Consumer Discretionary,,small,13.7,92.47,0.0245,-0.0188,-0.3319,STRONG_UP,-11.57,107.67,-32.64,-50.57,48.19,55.35,0.562,LOW,-,12.8398,15.3996,15.7898,0,93.7451,LAGGARD,29.3625
348,-28,KN,KNOWLES CORP,Information Technology,,mid,27.94,65.08,0.0433,0.0875,0.2806,STRONG_DOWN,18.09,92.03,77.62,-15.32,54.62,38.32,0.7501,LOW,-,25.628,26.033,22.8098,1,131.1728,CONTENDER,29.2918
349,96,HTBK,HERITAGE COMMERCE CORP,Financials,,small,13.46,92.31,0.0076,0.0438,0.0609,STRONG_DOWN,41.43,73.32,91.13,-13.47,53.01,28.6,0.6241,LOW,-,12.4104,12.6304,10.926,1,135.8956,LEADER,29.2884
350,5,ATO,Atmos Energy,Utilities,Gas Utilities,large,192.29,59.62,-0.0027,-0.0033,0.0199,FLAT,10.65,31.67,75.12,-7.2,60.64,14.11,0.3357,LOW,-,185.6995,180.8495,168.9484,1,136.0981,CONTENDER,29.2726
351,-16,GE,GE Aerospace,Industrials,Aerospace & Defense,large,313.02,65.68,0.0633,-0.0699,-0.0387,FLAT,3.73,73.37,102.63,-20.85,57.83,39.55,0.9433,LOW,-,293.3925,311.4269,294.1404,1,107.2759,CONTENDER,29.2325
352,-45,CHRW,C.H. Robinson,Industrials,Air Freight & Logistics,large,170.2,72.88,-0.0362,-0.0643,-0.0069,FLAT,27.92,92.12,147.0,-19.18,54.22,45.62,0.5005,LOW,-,168.7425,179.3972,145.9526,1,109.4863,CONTENDER,29.1938
353,-26,MTRN,MATERION CORP,Materials,,mid,162.97,72.06,0.0595,0.094,0.1504,STRONG_DOWN,28.73,113.69,32.96,-20.73,55.02,51.65,0.8663,LOW,-,144.265,148.4324,123.8489,1,121.1086,CONTENDER,29.1482
354,-7,ON,ON Semiconductor,Information Technology,Semiconductors,large,68.49,66.67,0.0645,0.1437,0.1658,STRONG_DOWN,34.61,96.36,-1.07,-28.1,50.6,50.26,0.6859,LOW,-,61.339,63.6694,55.6768,1,97.0108,CONTENDER,29.1303
355,-46,RSI,RUSH STREET INTERACTIVE INC CLASS,Consumer Discretionary,,mid,21.41,89.04,-0.101,-0.006,0.1533,STRONG_DOWN,17.38,89.64,215.32,-29.47,52.21,45.01,0.3984,LOW,-,21.367,19.6646,18.8167,1,103.9756,LEADER,29.0678
356,50,AROC,ARCHROCK INC,Energy,,mid,35.87,40.91,0.055,-0.0406,0.1054,FLAT,40.92,66.05,84.58,-15.92,55.02,28.14,0.717,LOW,-,35.526,34.0459,26.8251,1,129.1489,LAGGARD,29.0146
357,-110,DLX,DELUXE CORP,Industrials,,small,28.2,80.51,-0.0311,-0.0003,0.1978,STRONG_DOWN,52.46,109.64,63.88,-14.29,50.2,41.27,0.5254,LOW,-,27.2615,27.1993,21.1216,1,133.366,LEADER,28.8738
358,-18,PLTR,Palantir Technologies,Information Technology,Application Software,large,130.49,52.38,-0.1596,-0.1594,-0.2222,FLAT,-28.91,47.3,482.03,-37.81,55.02,55.74,1.8185,HIGH,EARLY,149.0305,144.9202,164.2342,0,46.6856,LAGGARD,28.8729
359,71,HASI,HA SUSTAINABLE INFRASTRUCTURE CAPI,Financials,,mid,38.58,93.71,-0.0104,0.0051,0.1666,STRONG_DOWN,28.58,79.01,62.24,-15.38,51.81,33.14,0.4463,LOW,-,36.4124,36.1929,30.8456,1,123.5279,LEADER,28.8251
360,151,BHE,BENCHMARK ELECTRONICS INC,Information Technology,,mid,62.19,60.32,0.0626,0.126,0.4436,STRONG_DOWN,64.3,81.0,122.59,-15.0,56.22,40.12,1.0718,MED,-,56.2105,56.2985,45.3382,1,113.5035,CONTENDER,28.7933
361,-50,LHX,L3Harris,Industrials,Aerospace & Defense,large,357.97,63.56,-0.0447,-0.0498,0.0676,FLAT,17.59,70.53,80.82,-10.86,55.02,31.03,0.4466,LOW,-,355.288,354.0029,301.6792,1,125.0613,CONTENDER,28.7638
362,0,SUPN,SUPERNUS PHARMACEUTICALS INC,Health Care,,mid,51.5,58.59,-0.0052,-0.0372,0.048,FLAT,7.29,65.75,61.75,-22.6,54.62,31.68,0.6403,LOW,-,50.1935,51.2214,46.2942,1,113.3688,CONTENDER,28.7413
363,83,CTLP,CANTALOUPE INC,Financials,,small,10.85,60.14,-0.0435,-0.039,-0.011,STRONG_DOWN,1.78,42.58,73.05,-10.26,46.18,13.79,0.5541,LOW,-,10.631,10.52,10.7033,1,142.5772,CONTENDER,28.7121
364,6,GVA,GRANITE CONSTRUCTION INC,Industrials,,mid,127.7,61.02,0.0004,-0.0098,0.0365,FLAT,19.55,66.11,133.24,-14.69,51.81,27.42,0.5701,LOW,-,121.0343,125.9031,111.0883,1,124.9086,CONTENDER,28.7025
365,-52,RGTI,RIGETTI COMPUTING INC,Information Technology,,mid,14.31,54.5,-0.0301,-0.1755,-0.3933,STRONG_UP,-66.9,51.91,1035.71,-77.1,47.79,83.08,0.7231,LOW,EARLY,14.821,16.2543,22.471,0,29.8606,LAGGARD,28.6899
366,-68,FE,FirstEnergy,Utilities,Electric Utilities,large,51.91,71.15,-0.0086,-0.0217,0.0354,FLAT,13.37,34.76,48.89,-7.73,57.03,15.16,0.7214,LOW,-,50.5015,49.632,45.0924,1,130.7534,CONTENDER,28.6875
367,-46,CAH,Cardinal Health,Health Care,Health Care Distributors,large,215.8,60.16,-0.0172,-0.0007,0.1098,STRONG_DOWN,37.45,69.33,105.79,-12.88,58.23,32.1,0.4447,LOW,-,211.6409,217.1145,184.9859,1,125.7687,CONTENDER,28.6817
368,29,DVN,Devon Energy,Energy,Oil & Gas Exploration & Production,large,47.88,47.73,-0.014,0.0243,0.0531,STRONG_DOWN,38.52,77.01,-6.93,-14.19,52.61,31.92,0.7374,LOW,-,48.989,45.4754,37.0474,1,126.925,LAGGARD,28.6648
369,-10,HPE,Hewlett Packard Enterprise,Information Technology,"Technology Hardware, Storage & Peripherals",large,24.83,61.38,-0.0297,0.1536,0.1759,STRONG_DOWN,-3.6,85.28,45.37,-23.73,56.63,46.64,0.7243,LOW,-,23.2972,22.3727,22.3277,1,103.5524,CONTENDER,28.6538
370,-107,CTVA,Corteva,Materials,Fertilizers & Agricultural Chemicals,large,83.56,48.53,-0.0583,0.02,0.147,STRONG_DOWN,33.06,45.63,49.3,-20.71,58.63,23.53,0.6467,LOW,-,81.5455,78.1672,70.955,1,113.7011,LAGGARD,28.5873
371,45,NVDA,Nvidia,Information Technology,Semiconductors,large,183.91,59.26,-0.0018,-0.0316,0.035,FLAT,-2.74,71.01,111.42,-20.21,54.62,36.73,0.6498,LOW,-,177.146,182.1298,180.5212,1,105.5938,CONTENDER,28.5464
372,-38,IBKR,Interactive Brokers,Financials,Investment Banking & Brokerage,large,71.93,93.01,0.0121,-0.0245,0.0014,FLAT,0.06,76.01,156.45,-18.7,57.03,42.31,0.9493,LOW,-,67.6025,70.6531,66.6184,1,102.4479,LEADER,28.5337
373,247,MCB,METROPOLITAN BANK HOLDING CORP,Financials,,small,90.06,94.76,0.0292,0.0619,0.0842,STRONG_DOWN,19.84,83.14,160.42,-18.71,51.0,43.67,1.7214,HIGH,-,82.3205,86.8172,78.0256,1,97.0912,LEADER,28.4878
374,-5,MRNA,Moderna,Health Care,Biotechnology,large,51.28,74.61,0.0174,-0.0887,0.556,FLAT,83.67,109.31,-52.14,-35.51,51.81,78.15,0.4249,LOW,-,51.4575,49.253,34.0373,1,72.4651,CONTENDER,28.4801
375,24,PLD,Prologis,Real Estate,Industrial REITs,large,138.02,82.35,0.0004,0.0252,0.0274,STRONG_DOWN,20.88,50.51,22.44,-9.59,55.42,22.04,0.5792,LOW,-,131.8388,134.4793,120.7972,1,126.9978,LEADER,28.4749
376,-35,GOLF,ACUSHNET HOLDINGS CORP,Consumer Discretionary,,mid,98.6,76.03,0.0062,0.014,0.1843,STRONG_DOWN,21.15,63.94,63.13,-13.29,51.41,25.98,0.4181,LOW,-,93.525,96.8698,84.131,1,126.5304,LEADER,28.4252
377,217,BKU,BANKUNITED INC,Financials,,mid,47.63,87.76,-0.0041,0.0087,0.0244,STRONG_DOWN,20.76,65.13,98.27,-16.4,53.82,33.52,1.3001,MED,-,44.622,46.7142,41.5647,1,104.5702,LEADER,28.388
378,-42,RUN,SUNRUN INC,Industrials,,mid,13.33,84.32,-0.0628,0.0232,-0.3073,FLAT,-31.29,121.06,8.46,-55.02,52.21,102.56,0.6519,LOW,PROGRESS,12.9205,15.6194,16.092,0,61.6284,LAGGARD,28.372
379,-79,GNK,GENCO SHIPPING AND TRADING LTD,Industrials,,small,23.04,77.12,-0.0974,0.0629,0.1644,STRONG_DOWN,43.91,102.37,27.85,-19.16,54.22,44.06,0.6853,LOW,-,22.4775,22.0797,18.0229,1,125.981,LEADER,28.3701
380,138,NSC,Norfolk Southern,Industrials,Rail Transportation,large,295.3,49.15,-0.0249,-0.0401,-0.0119,FLAT,0.48,39.85,23.4,-12.47,56.22,20.7,1.287,MED,-,286.715,299.3537,285.4156,1,108.2286,LAGGARD,28.3383
381,14,NTCT,NETSCOUT SYSTEMS INC,Information Technology,,mid,32.75,58.73,-0.0237,0.0673,0.2451,STRONG_DOWN,23.87,64.0,64.08,-17.38,51.41,30.37,1.1611,MED,-,31.5995,30.012,26.6754,1,108.3317,CONTENDER,28.325
382,5,SMP,STANDARD MOTOR PRODUCTS INC,Consumer Discretionary,,small,37.72,80.82,0.0169,0.0178,0.0126,FLAT,-3.23,75.23,25.1,-22.56,52.21,33.4,0.3974,LOW,-,35.82,39.1954,37.4601,1,117.5931,LEADER,28.323
383,1,TCBI,TEXAS CAPITAL BANCSHARES INC,Financials,,mid,101.37,88.46,0.0065,0.0391,0.015,FLAT,17.53,65.53,77.41,-14.21,57.43,31.9,0.6324,LOW,-,94.505,97.7676,90.09,1,117.9729,LEADER,28.3169
384,-5,DAL,Delta Air Lines,Industrials,Passenger Airlines,large,67.83,66.95,-0.0342,0.1148,-0.0816,FLAT,19.44,74.45,50.1,-22.9,50.2,45.34,1.0,MED,-,64.9225,66.4069,61.7981,1,82.4308,CONTENDER,28.285
385,-95,ORA,ORMAT TECH INC,Utilities,,mid,113.82,96.15,-0.0116,0.0049,-0.1403,FLAT,6.66,66.94,78.28,-20.05,58.23,36.03,0.476,LOW,-,110.655,114.634,104.588,1,108.1855,LEADER,28.2826
386,-112,FER,Ferrovial,Industrials,"Military, Government, Technical",large,71.47,60.59,0.0252,0.056,0.0243,FLAT,18.43,64.02,97.38,-17.13,52.21,30.31,0.6947,LOW,-,64.849,68.2268,61.698,1,110.2818,CONTENDER,28.2585
387,35,PNC,PNC Financial Services,Financials,Diversified Banks,large,223.23,74.83,0.0047,0.0097,0.0039,FLAT,19.38,52.05,54.74,-17.21,54.22,25.98,0.6778,LOW,-,206.962,217.2778,200.6507,1,108.632,CONTENDER,28.2217
388,84,ICHR,ICHOR HOLDINGS LTD,Information Technology,,small,55.21,84.13,0.1106,0.2191,1.4894,STRONG_DOWN,181.54,195.08,44.19,-40.8,56.22,109.19,0.642,LOW,-,47.4475,44.2238,25.855,1,100.4447,LEADER,28.1467
389,-52,GLDD,GREAT LAKES DREDGE AND DOCK CORP,Industrials,,small,17.0,74.58,-0.0485,-0.0296,0.2605,STRONG_DOWN,42.74,95.63,,-14.74,50.82,36.8,0.0,LOW,-,16.9545,16.4526,13.1936,1,132.059,CONTENDER,28.1179
390,191,AUB,ATLANTIC UNION BANKSHARES CORP,Financials,,mid,38.78,90.21,0.0248,0.0354,0.0193,FLAT,9.66,69.49,29.24,-18.33,49.0,30.77,0.8158,LOW,-,35.3375,37.4382,34.7502,1,110.6578,LEADER,28.0824
391,98,OMER,OMEROS CORP,Health Care,,small,11.91,73.44,0.0678,-0.0066,-0.0741,STRONG_UP,171.3,103.24,227.2,-59.59,46.99,62.91,0.9392,LOW,-,10.9095,11.3272,8.0425,1,77.1158,CONTENDER,28.0735
392,-93,LAUR,LAUREATE EDUCATION INC,Consumer Discretionary,,mid,33.39,82.19,-0.0501,-0.0197,-0.027,FLAT,13.57,75.64,128.7,-11.95,56.63,35.56,0.9225,LOW,-,34.2875,34.0266,30.3098,1,120.4652,LEADER,28.0716
393,63,HLF,HERBALIFE LTD,Consumer Staples,,small,15.17,100.0,0.0669,-0.0266,-0.0389,STRONG_UP,65.79,123.75,76.4,-30.41,47.79,58.83,0.3492,LOW,-,14.794,16.3478,12.0341,1,100.5242,LEADER,28.0438
394,-52,NWN,NORTHWEST NATURAL HOLDING COMPANY,Utilities,,mid,55.8,82.69,0.0011,0.0379,0.063,STRONG_DOWN,29.19,43.22,71.66,-9.85,59.04,19.88,0.6818,LOW,-,53.244,51.1541,45.3379,1,128.3574,LEADER,27.9392
395,304,FOXA,Fox Corporation (Class A),Communication Services,Broadcasting,large,62.76,77.27,0.0587,0.098,-0.143,FLAT,4.83,27.95,107.6,-28.89,57.83,30.54,1.8032,HIGH,-,58.6455,59.8841,61.7539,1,52.9165,LEADER,27.9123
396,-21,NSSC,NAPCO SECURITY TECHNOLOGIES INC,Information Technology,,small,42.08,69.31,0.0187,-0.0277,0.0405,FLAT,-3.52,103.32,9.91,-19.47,54.22,46.18,0.514,LOW,-,41.1925,42.3796,39.0941,1,121.312,CONTENDER,27.8983
397,-39,EVRG,Evergy,Utilities,Electric Utilities,large,84.41,69.23,-0.0013,-0.0048,0.0297,FLAT,10.38,33.78,76.99,-8.01,61.04,16.46,0.7389,LOW,-,81.713,80.5985,74.3489,1,125.2532,CONTENDER,27.7963
398,39,AAP,ADVANCE AUTO PARTS INC,Consumer Discretionary,,mid,56.53,84.93,0.0466,0.0389,0.3783,FLAT,8.67,79.79,-24.34,-41.44,47.39,50.59,0.7827,LOW,-,51.9435,52.762,52.6609,1,74.7463,LEADER,27.7856
399,87,HST,Host Hotels & Resorts,Real Estate,Hotel & Resort REITs,large,19.91,88.24,0.0088,0.0386,0.0488,STRONG_DOWN,26.25,56.28,10.09,-9.48,50.2,26.29,1.1968,MED,-,18.9521,19.175,17.1676,1,107.4658,LEADER,27.7771
400,-11,OII,OCEANEERING INTERNATIONAL INC,Energy,,mid,36.45,68.18,0.0451,-0.0067,0.0746,FLAT,50.56,123.35,49.26,-15.27,51.41,54.25,0.8187,LOW,-,35.502,34.5086,26.5364,1,116.8884,CONTENDER,27.7468
401,-109,USAR,USA RARE EARTH INC CLASS A,Materials,,mid,16.72,69.12,0.0168,-0.2524,-0.0599,FLAT,-38.12,96.94,59.39,-69.23,45.38,112.52,0.4564,LOW,EARLY,16.8192,19.056,17.3569,0,39.0955,LAGGARD,27.7308
402,62,SYF,Synchrony Financial,Financials,Consumer Finance,large,72.49,81.47,0.0098,0.0358,-0.1954,FLAT,2.98,58.29,81.58,-27.61,55.82,37.52,0.5193,LOW,SHIFT,67.037,69.5894,73.1407,0,86.7213,LAGGARD,27.7281
403,12,XPRO,EXPRO GROUP HOLDINGS NV,Energy,,small,16.69,64.77,0.0218,-0.0552,-0.1415,STRONG_UP,26.92,116.75,-17.05,-16.82,50.6,50.07,0.6196,LOW,-,17.014,16.865,13.5164,1,117.9891,CONTENDER,27.6572
404,-28,GDOT,GREEN DOT CORP CLASS A,Financials,,small,11.62,83.92,-0.0022,-0.0596,-0.1144,STRONG_UP,-6.82,60.5,42.4,-30.95,49.0,28.06,0.6108,LOW,-,11.125,11.5654,12.1377,0,105.6438,LAGGARD,27.6562
405,-143,HCSG,HEALTHCARE SERVICES GROUP INC,Industrials,,small,19.33,75.85,0.0033,-0.068,-0.0247,FLAT,20.81,97.65,62.85,-19.88,52.21,43.75,0.7133,LOW,-,19.118,19.9018,17.4714,1,116.5307,LEADER,27.6406
406,7,NWPX,NWPX INFRASTRUCTURE INC,Industrials,,small,83.81,77.54,0.0018,0.0869,0.2815,STRONG_DOWN,64.11,104.46,149.88,-15.7,52.21,43.5,0.8544,LOW,-,76.384,75.0588,59.1851,1,125.3814,LEADER,27.6363
407,-13,WLDN,WILLDAN GROUP INC,Industrials,,small,84.0,83.05,-0.0047,-0.0323,-0.2903,STRONG_UP,-11.83,119.26,209.96,-44.29,55.82,73.4,0.9992,LOW,-,79.025,96.568,97.9934,0,90.6991,LAGGARD,27.6247
408,23,APP,AppLovin,Information Technology,Application Software,large,379.14,50.79,-0.0573,-0.1986,-0.345,STRONG_UP,-39.79,43.71,396.65,-49.99,53.01,95.49,1.0674,MED,EARLY,419.349,434.8282,517.0508,0,24.2629,LAGGARD,27.5693
409,154,FIBK,FIRST INTERSTATE BANCSYSTEM INC,Financials,,mid,34.27,70.28,-0.0264,-0.0611,-0.1005,STRONG_UP,10.96,48.48,55.32,-16.87,49.8,29.54,1.7579,HIGH,-,33.2235,35.0613,32.449,1,81.7255,CONTENDER,27.504
410,-81,ADM,Archer Daniels Midland,Consumer Staples,Agricultural Products & Services,large,70.35,87.1,-0.0733,0.007,0.0884,STRONG_DOWN,14.88,63.74,18.31,-12.79,50.2,27.93,0.7718,LOW,-,71.346,69.2039,61.2141,1,114.5619,LEADER,27.4746
411,-1,BNL,BROADSTONE NET LEASE INC,Real Estate,,mid,19.74,76.47,0.0287,0.0472,0.0452,FLAT,10.83,41.67,54.06,-8.34,55.82,21.43,1.2732,MED,-,18.7528,18.7782,17.4198,1,108.5411,LEADER,27.4645
412,-16,LMND,LEMONADE INC,Financials,,mid,55.63,98.95,-0.145,-0.0476,-0.3362,FLAT,0.23,113.06,236.95,-47.7,49.8,85.01,0.8384,LOW,EARLY,61.52,63.294,61.0755,0,66.2321,LAGGARD,27.4371
413,101,ABCB,AMERIS BANCORP,Financials,,mid,83.56,88.11,0.0161,0.0325,0.0357,STRONG_DOWN,13.23,65.28,88.84,-13.85,50.6,27.85,0.7885,LOW,-,76.999,79.3993,74.1765,1,118.5985,LEADER,27.3636
414,-26,THFF,FIRST FINANCIAL CORPORATION CORP,Financials,,small,67.49,84.97,0.0058,0.0399,0.0621,STRONG_DOWN,28.08,62.19,107.38,-13.18,51.41,28.8,1.494,MED,-,62.3746,63.7038,58.1826,1,111.0078,LEADER,27.2998
415,-1,SPY,SPDR S&P500 ETF,index,index,large,679.91,50.0,0.0367,0.008,-0.0112,STRONG_UP,1.59,31.1,35.47,-8.88,57.03,15.04,0.6362,LOW,-,656.9557,673.269,660.5797,1,117.9131,CONTENDER,27.2964
416,9,WTS,WATTS WATER TECHNOLOGIES INC CLASS,Industrials,,mid,304.19,59.32,0.0028,-0.0452,0.0289,FLAT,8.87,61.65,54.16,-15.45,50.6,26.91,0.5714,LOW,-,294.505,307.9383,281.2479,1,115.9317,CONTENDER,27.2343
417,212,INDB,INDEPENDENT BANK CORP,Financials,,mid,81.25,79.72,0.0085,0.0122,0.0507,STRONG_DOWN,18.86,54.72,84.14,-14.3,48.59,25.79,1.019,MED,-,75.3413,78.5143,71.1684,1,103.1046,LEADER,27.2101
418,33,PLXS,PLEXUS CORP,Information Technology,,mid,223.37,62.43,0.0405,0.1322,0.4819,STRONG_DOWN,51.66,87.42,133.46,-15.51,55.02,46.01,1.2642,MED,-,203.083,200.0474,157.8522,1,104.542,CONTENDER,27.2099
419,254,UCB,UNITED COMMUNITY BANKS INC,Financials,,mid,34.84,74.48,0.036,0.0779,0.0307,FLAT,10.6,51.8,49.4,-17.95,52.61,28.64,1.4694,MED,-,31.2055,32.6115,31.3134,1,95.1497,CONTENDER,27.1378
420,203,TRMK,TRUSTMARK CORP,Financials,,mid,45.35,71.68,0.0151,0.0244,0.1014,STRONG_DOWN,16.18,49.42,80.26,-10.67,50.6,25.24,1.5657,HIGH,-,42.121,42.7671,39.6295,1,99.0662,CONTENDER,27.1167
421,135,XHR,XENIA HOTELS RESORTS REIT INC,Real Estate,,small,15.59,92.94,0.0213,0.0535,-0.0042,FLAT,24.08,66.46,,-16.23,52.21,29.87,0.6716,LOW,-,14.6273,15.0066,13.8067,1,116.1728,LEADER,27.1146
422,-167,CF,CF Industries,Materials,Fertilizers & Agricultural Chemicals,large,119.38,61.76,-0.1175,-0.0514,0.4286,STRONG_DOWN,33.13,74.58,54.84,-24.87,57.43,55.06,1.2946,MED,-,128.4145,110.6899,91.3387,1,77.7933,CONTENDER,27.1145
423,-11,PII,POLARIS INC,Consumer Discretionary,,mid,56.46,84.25,0.0004,0.0345,-0.192,FLAT,-10.38,77.81,-33.0,-30.71,49.0,41.38,0.7326,LOW,PROGRESS,54.0105,58.9645,59.0282,0,92.1343,LAGGARD,27.1135
424,-51,GNL,GLOBAL NET LEASE INC,Real Estate,,mid,9.63,85.88,-0.0084,0.0134,0.0505,STRONG_DOWN,26.68,53.45,72.99,-13.05,47.79,21.47,0.6497,LOW,-,9.4005,9.5054,8.1529,1,118.9711,LEADER,27.1067
425,4,JOE,ST JOE,Real Estate,,mid,67.85,91.76,0.01,-0.0537,0.0148,FLAT,43.14,64.77,22.62,-16.94,51.41,31.08,0.6724,LOW,-,65.618,67.7742,57.4349,1,107.1384,LEADER,27.1063
426,8,SHOO,STEVEN MADDEN LTD,Consumer Discretionary,,mid,38.18,86.99,0.0792,0.1006,-0.1252,FLAT,13.03,85.01,1.04,-31.73,50.6,50.84,0.6546,LOW,-,33.731,36.1204,34.459,1,84.6112,LEADER,27.0244
427,40,AZZ,AZZ INC,Industrials,,mid,135.99,63.14,0.026,0.0476,0.1286,STRONG_DOWN,28.83,69.51,76.93,-18.16,53.01,32.06,0.6785,LOW,-,125.1225,128.8214,113.1496,1,114.9382,CONTENDER,27.0059
428,-17,NRG,NRG Energy,Utilities,Independent Power Producers & Energy Traders,large,161.78,98.08,0.0398,0.0433,-0.009,FLAT,-2.88,76.33,128.29,-23.26,53.82,48.65,0.8219,LOW,-,152.0615,158.5905,158.7666,1,84.4363,LEADER,26.9967
429,-144,CVI,CVR ENERGY INC,Energy,,mid,30.53,50.0,-0.0169,0.0394,0.0104,FLAT,-16.95,81.83,-9.62,-48.21,50.6,63.12,0.888,LOW,-,32.1115,27.1388,29.9453,1,65.6024,CONTENDER,26.9251
430,-25,ZWS,ZURN ELKAY WATER SOLUTIONS CORP,Industrials,,mid,48.11,61.86,0.0186,-0.0091,0.0157,FLAT,2.12,66.3,54.36,-17.02,51.81,30.84,0.5128,LOW,-,45.259,47.931,45.5451,1,111.3885,CONTENDER,26.9138
431,-27,LCII,LCI INDUSTRIES,Consumer Discretionary,,mid,126.77,77.4,-0.0119,-0.0048,0.031,STRONG_DOWN,45.5,70.73,24.16,-24.53,48.59,34.05,0.4975,LOW,-,122.645,134.6104,111.9523,1,100.9268,LEADER,26.875
432,48,CC,CHEMOURS,Materials,,mid,21.84,70.59,-0.0226,0.1781,0.5379,STRONG_DOWN,47.01,107.39,-14.15,-39.78,53.01,70.92,0.7531,LOW,-,20.1995,18.8128,14.872,1,80.2686,CONTENDER,26.8733
433,80,BANC,BANC OF CALIFORNIA INC,Financials,,mid,18.69,81.82,0.0104,0.0461,-0.1054,FLAT,6.83,58.47,38.79,-20.47,55.02,31.8,0.6964,LOW,-,17.3475,18.4711,17.2706,1,101.165,LEADER,26.815
434,56,FITB,Fifth Third Bancorp,Financials,Regional Banks,large,50.22,77.97,0.0163,0.0488,-0.0079,FLAT,17.37,53.77,55.13,-21.21,53.82,32.25,0.46,LOW,-,45.4489,48.6497,44.8284,1,89.7398,LEADER,26.7702
435,104,SWBI,SMITH WESSON BRANDS INC,Consumer Discretionary,,small,14.49,80.14,-0.0699,0.0229,0.4137,STRONG_DOWN,43.77,74.55,-5.99,-27.81,49.8,45.35,1.942,HIGH,-,14.4256,12.8984,9.9932,1,81.862,LEADER,26.7667
436,-33,NTLA,INTELLIA THERAPEUTICS INC,Health Care,,small,13.83,73.83,0.0284,0.0587,0.3561,STRONG_DOWN,-43.48,104.28,-44.57,-71.27,52.61,81.47,0.2949,LOW,-,13.094,13.0581,12.8745,1,67.3421,CONTENDER,26.678
437,-70,IONQ,IONQ INC,Information Technology,,large,28.08,35.45,-0.0802,-0.2008,-0.4034,STRONG_UP,-62.21,8.46,251.0,-67.61,46.18,88.31,0.7701,LOW,EARLY,30.526,33.6728,46.5607,0,4.4234,WEAK,26.67
438,-21,IMKTA,INGLES MARKETS INC CLASS A,Consumer Staples,,small,95.23,82.26,0.0198,0.1317,0.2932,STRONG_DOWN,31.86,50.17,30.89,-11.7,55.02,25.18,1.212,MED,-,88.585,85.991,73.4828,1,109.6298,LEADER,26.662
439,208,PFS,PROVIDENT FINANCIAL SERVICES INC,Financials,,mid,22.46,82.87,0.0047,0.0188,0.0888,STRONG_DOWN,18.7,59.02,84.51,-14.49,50.2,29.84,1.1435,MED,-,20.9095,21.6869,19.5581,1,99.2878,LEADER,26.6
440,119,SRCE,1ST SOURCE CORP,Financials,,small,74.41,59.44,0.003,0.0272,0.1315,STRONG_DOWN,24.57,42.1,60.66,-11.84,51.41,21.24,1.6796,HIGH,-,69.0355,68.7942,63.5931,1,101.8945,CONTENDER,26.53
441,-126,CMPR,CIMPRESS PLC,Industrials,,small,75.14,67.37,-0.0369,0.0379,-0.0174,FLAT,18.05,74.95,-19.59,-17.5,50.6,37.25,1.0636,MED,-,72.7855,73.4064,65.601,1,101.808,CONTENDER,26.5148
442,-183,GRAL,GRAIL INC,Health Care,,mid,47.56,74.22,-0.1605,0.0223,-0.4745,FLAT,-34.66,109.1,248.17,-62.92,50.6,135.49,0.6738,LOW,EARLY,49.068,65.9392,66.235,0,40.7447,LAGGARD,26.5066
443,-60,CVNA,Carvana,Consumer Discretionary,Automotive Retail,large,326.93,73.97,-0.0036,0.0353,-0.2291,FLAT,-9.42,60.53,,-41.21,57.03,64.98,0.4852,LOW,PROGRESS,306.333,336.742,364.1984,0,53.1221,LAGGARD,26.4602
444,-76,VECO,VEECO INSTRUMENTS INC,Information Technology,,mid,38.96,71.43,0.0971,0.2189,0.2677,STRONG_DOWN,31.0,111.62,7.3,-20.27,51.81,62.76,1.1345,MED,-,33.7435,32.1106,28.431,1,92.1486,CONTENDER,26.4039
445,-44,XPEL,XPEL INC,Consumer Discretionary,,small,46.49,78.77,0.0087,0.1731,-0.1167,FLAT,34.87,72.44,-20.56,-31.79,51.0,44.41,1.1671,MED,-,41.0778,45.5571,41.5499,1,83.1901,LEADER,26.3712
446,-89,DLTR,Dollar Tree,Consumer Staples,Consumer Staples Merchandise Retail,large,102.6,75.81,-0.0801,-0.0844,-0.2934,STRONG_UP,16.82,43.02,-20.3,-27.42,51.81,36.73,1.4138,MED,EARLY,107.844,116.8756,111.4855,0,60.6774,LAGGARD,26.3098
447,83,FISI,FINANCIAL INSTITUTIONS INC,Financials,,small,34.39,85.31,0.0176,0.0683,0.0538,FLAT,29.77,63.21,125.11,-13.72,49.8,27.34,0.985,LOW,-,31.5065,32.1744,28.8904,1,115.1408,LEADER,26.3063
448,34,JBHT,J.B. Hunt,Industrials,Cargo Ground Transportation,large,225.22,62.71,-0.0023,0.0385,0.0634,STRONG_DOWN,54.39,69.5,22.21,-15.87,50.2,32.76,0.7865,LOW,-,208.037,216.4117,175.581,1,106.4919,CONTENDER,26.2625
449,22,MATX,MATSON INC,Industrials,,mid,172.1,64.41,-0.0159,0.0858,0.2806,STRONG_DOWN,77.54,70.93,61.66,-25.28,54.62,38.8,0.4611,LOW,-,160.792,162.0127,123.4268,1,99.8442,CONTENDER,26.2538
450,7,ETR,Entergy,Utilities,Electric Utilities,large,117.44,90.38,0.0024,0.086,0.159,STRONG_DOWN,23.11,50.3,139.18,-6.73,54.62,23.0,0.7805,LOW,-,108.1095,104.4168,93.8184,1,119.4502,LEADER,26.2233
451,24,ASTE,ASTEC INDUSTRIES INC,Industrials,,small,61.18,71.61,0.0611,0.0555,0.253,FLAT,27.69,89.86,45.17,-21.86,51.41,42.12,0.6683,LOW,-,54.013,55.8656,47.5121,1,109.6754,CONTENDER,26.2015
452,-19,PTEN,PATTERSON UTI ENERGY INC,Energy,,mid,10.14,56.82,-0.0258,-0.0055,0.1791,STRONG_DOWN,76.34,91.49,-8.44,-20.42,53.01,45.33,0.8611,LOW,-,10.683,9.2755,6.6985,1,106.989,CONTENDER,26.1506
453,210,WSR,WHITESTONE REIT,Real Estate,,small,18.93,87.06,0.1103,0.1404,0.284,STRONG_DOWN,64.09,54.85,83.18,-12.73,53.41,31.29,16.4224,HIGH,-,16.4407,15.5523,13.3863,1,93.6215,LEADER,26.1415
454,99,MUR,MURPHY OIL CORP,Energy,,mid,37.81,60.23,-0.0611,0.0753,-0.1145,FLAT,28.65,99.03,-14.37,-17.26,51.81,56.12,1.4246,MED,-,39.212,35.1948,29.3622,1,91.4264,CONTENDER,26.0821
455,-95,XMTR,XOMETRY INC CLASS A,Industrials,,mid,40.62,73.73,-0.0911,-0.0729,-0.3872,FLAT,-22.73,93.89,125.67,-49.93,56.63,91.9,0.7916,LOW,PROGRESS,40.186,48.2101,50.2356,0,57.8564,LAGGARD,26.0701
456,14,WTTR,SELECT WATER SOLUTIONS INC CLASS A,Energy,,mid,15.12,57.95,0.0161,0.0363,0.0726,STRONG_DOWN,45.6,94.41,69.29,-20.45,51.41,45.62,0.4509,LOW,-,14.8715,13.8163,10.9473,1,106.3904,CONTENDER,26.0674
457,-50,AEP,American Electric Power,Utilities,Electric Utilities,large,137.15,76.92,0.014,-0.0017,0.0551,FLAT,17.88,37.33,76.71,-8.32,53.41,17.81,0.7261,LOW,-,131.3305,128.6752,116.2708,1,111.9526,LEADER,26.0463
458,47,BKV,BKV CORP,Energy,,mid,27.64,43.18,0.0204,-0.0707,-0.2069,STRONG_UP,16.33,70.93,53.56,-19.71,54.62,38.23,0.6777,LOW,-,28.629,29.5258,25.2811,1,101.3446,LAGGARD,25.9879
459,18,HE,HAWAIIAN ELECTRIC INDUSTRIES INC,Utilities,,mid,15.71,94.23,0.0071,0.0221,0.0128,FLAT,41.53,66.6,45.73,-17.68,55.42,37.16,0.4248,LOW,-,14.851,15.483,12.6936,1,99.3205,LEADER,25.986
460,0,FBNC,FIRST BANCORP,Financials,,mid,59.3,88.81,0.0117,0.0154,0.0825,STRONG_DOWN,18.07,66.03,88.76,-16.25,49.8,30.66,0.6404,LOW,-,54.9065,57.2515,52.3407,1,107.2497,LEADER,25.9769
461,31,FSLR,First Solar,Information Technology,Semiconductors,large,197.25,57.67,-0.0287,-0.0352,-0.159,STRONG_UP,-14.75,61.43,6.45,-35.1,51.0,52.86,0.4541,LOW,PROGRESS,194.941,209.6478,219.3743,0,59.2674,LAGGARD,25.9223
462,33,BOOT,BOOT BARN HOLDINGS INC,Consumer Discretionary,,mid,157.82,72.6,0.1236,-0.09,-0.1477,STRONG_UP,-6.24,59.43,59.8,-35.01,50.2,48.81,1.1491,MED,PROGRESS,153.889,174.1146,178.4181,0,61.1227,LAGGARD,25.9193
463,-40,DHT,DHT HOLDINGS INC,Energy,,mid,17.8,52.27,-0.0276,-0.042,0.0783,FLAT,59.1,87.86,76.81,-15.22,52.21,42.11,0.8283,LOW,-,17.7955,17.0318,13.1675,1,108.932,CONTENDER,25.8942
464,-115,AX,AXOS FINANCIAL INC,Financials,,mid,93.61,86.01,0.0469,0.0121,-0.0202,STRONG_UP,12.16,63.74,88.92,-19.04,53.82,37.0,0.7541,LOW,-,85.432,90.4536,86.6076,1,92.7155,LEADER,25.8916
465,20,FSS,FEDERAL SIGNAL CORP,Industrials,,mid,114.75,57.2,0.0003,0.0041,-0.0441,FLAT,-4.86,55.47,38.16,-19.04,51.0,30.92,1.1138,MED,SHIFT,108.4345,112.0986,115.2019,0,91.4857,LAGGARD,25.885
466,0,BLBD,BLUE BIRD CORP,Industrials,,small,63.63,70.76,0.0352,0.1543,0.2946,STRONG_DOWN,13.95,89.09,77.24,-23.45,54.62,43.81,0.8245,LOW,-,56.3985,56.4092,52.7488,1,111.0772,CONTENDER,25.8509
467,-114,CYTK,CYTOKINETICS INC,Health Care,,mid,64.59,60.94,-0.0575,0.0108,0.0616,STRONG_DOWN,6.2,70.65,,-30.48,52.21,40.97,0.7023,LOW,-,63.11,63.8234,55.2771,1,90.0292,CONTENDER,25.806
468,40,CVX,Chevron Corporation,Energy,Integrated Oil & Gas,large,190.36,25.0,-0.0248,-0.0456,-0.0745,STRONG_UP,26.43,47.37,27.58,-9.85,55.82,23.57,0.7611,LOW,-,201.2055,190.0013,160.983,1,112.1961,LAGGARD,25.7642
469,60,ORCL,Oracle Corporation,Information Technology,Application Software,large,137.86,31.75,-0.0968,-0.1751,-0.2312,STRONG_UP,-52.03,4.06,15.24,-58.25,51.0,52.86,1.1068,MED,EARLY,148.035,151.3264,216.2731,0,3.9131,WEAK,25.7438
470,-23,IDCC,INTERDIGITAL INC,Information Technology,,mid,349.58,59.79,0.0804,-0.0711,0.1834,FLAT,-0.02,73.79,269.59,-25.52,52.61,49.9,1.1959,MED,-,326.5065,344.7582,318.4564,1,77.8017,CONTENDER,25.7334
471,101,OBK,ORIGIN BANCORP INC,Financials,,small,45.37,80.07,0.0357,0.0403,0.135,STRONG_DOWN,31.24,55.98,62.98,-17.09,55.82,27.43,0.7466,LOW,-,41.3805,42.3475,37.9825,1,113.9224,LEADER,25.7274
472,-120,PDFS,PDF SOLUTIONS INC,Information Technology,,small,37.91,71.96,0.0554,0.1212,0.2877,STRONG_DOWN,45.36,113.1,16.22,-24.65,53.01,55.18,0.8892,LOW,-,33.82,32.8456,27.3957,1,108.6496,CONTENDER,25.7234
473,-41,MDGL,MADRIGAL PHARMACEUTICALS INC,Health Care,,large,524.3,60.55,-0.0667,0.2107,-0.017,FLAT,19.99,70.59,114.29,-29.36,49.0,48.23,0.7129,LOW,-,484.222,469.0134,451.7037,1,71.7142,CONTENDER,25.7132
474,-9,ENVA,ENOVA INTERNATIONAL INC,Financials,,mid,145.05,83.57,0.01,-0.0361,-0.1451,STRONG_UP,34.04,59.89,136.47,-24.75,55.42,39.91,0.4573,LOW,-,136.819,144.388,130.542,1,83.1613,LEADER,25.6702
475,406,CRL,Charles River Laboratories,Health Care,Life Sciences Tools & Services,mid,175.55,62.11,-0.0158,0.035,-0.1451,FLAT,1.2,75.64,-29.07,-32.98,53.82,50.79,0.6742,LOW,-,162.716,172.7848,174.3637,1,80.1502,CONTENDER,25.6563
476,5,EIX,Edison International,Utilities,Electric Utilities,large,75.82,84.62,0.0124,0.0148,0.1346,STRONG_DOWN,43.89,43.26,20.55,-17.73,56.63,25.91,0.7807,LOW,-,72.276,70.4538,58.8097,1,94.5554,LEADER,25.5913
477,78,ADAM,ADAMAS INC TRUST,Financials,,small,7.69,86.36,-0.0094,-0.0872,0.0174,FLAT,18.76,63.95,43.12,-17.07,53.41,31.91,0.9752,LOW,-,7.4167,7.6794,6.8934,1,107.0444,LEADER,25.506
478,137,IVR,INVESCO MORTGAGE CAPITAL REIT INC,Financials,,small,8.37,80.77,-0.0167,-0.0533,0.0141,FLAT,20.78,57.29,41.51,-16.54,53.01,28.1,0.5683,LOW,-,7.9687,8.2296,7.3847,1,108.0786,LEADER,25.4685
479,166,CWK,CUSHMAN AND WAKEFIELD LTD,Real Estate,,mid,13.15,90.59,0.0223,0.0795,-0.2579,FLAT,-11.51,64.58,29.68,-31.4,50.2,58.25,1.7228,HIGH,PROGRESS,12.333,13.3878,14.6161,0,55.6558,LAGGARD,25.4356
480,-78,XOM,ExxonMobil,Energy,Integrated Oil & Gas,large,155.04,36.36,-0.0167,-0.0153,-0.0117,STRONG_DOWN,38.08,60.48,35.66,-9.58,57.83,29.3,0.8247,LOW,-,161.422,153.4428,123.4205,1,119.3694,LAGGARD,25.428
481,6,IBRX,IMMUNITYBIO INC,Health Care,,mid,7.48,84.38,-0.0007,-0.1004,2.3808,FLAT,195.65,204.07,25.5,-42.44,49.4,175.35,0.5507,LOW,-,7.7648,7.803,3.9195,1,57.4897,LEADER,25.405
482,56,VSEC,VSE CORP,Industrials,,mid,218.28,76.27,0.1293,-0.0187,0.0595,FLAT,32.81,98.21,176.4,-27.4,51.41,60.94,0.5898,LOW,-,186.621,202.193,174.7398,1,82.8545,LEADER,25.4009
483,138,SPG,Simon Property Group,Real Estate,Retail REITs,large,198.97,75.29,0.0232,0.0396,0.0318,FLAT,14.31,41.43,50.79,-11.54,53.41,21.7,0.4789,LOW,-,187.1375,191.6421,177.7023,1,101.9682,LEADER,25.3937
484,-42,SWX,SOUTHWEST GAS HOLDINGS INC,Utilities,,mid,92.27,75.0,0.0142,0.0169,0.0121,FLAT,17.93,37.0,34.12,-10.94,54.22,18.47,0.5827,LOW,-,87.5265,86.5004,80.2501,1,108.617,LEADER,25.376
485,108,BFH,BREAD FINANCIAL HOLDINGS INC,Financials,,mid,79.75,94.41,0.0424,0.0006,-0.0407,STRONG_UP,45.89,82.25,132.49,-19.26,56.63,52.88,0.5606,LOW,-,73.962,73.9252,66.6387,1,88.0817,LEADER,25.3601
486,20,CMC,COMMERCIAL METALS,Materials,,mid,65.57,55.88,0.0312,-0.0564,-0.1255,STRONG_UP,11.51,58.6,17.63,-29.96,50.6,37.47,0.8575,LOW,-,61.5197,70.0697,62.4874,1,79.132,CONTENDER,25.3552
487,-67,AMAL,AMALGAMATED FINANCIAL CORP,Financials,,small,42.24,86.71,0.0224,0.0458,0.2216,STRONG_DOWN,56.52,64.06,97.98,-24.41,52.21,32.29,0.9707,LOW,-,38.754,39.2416,32.1862,1,103.5754,LEADER,25.2986
488,-29,NPK,NATIONAL PRESTO INDUSTRIES INC,Industrials,,small,142.97,64.83,-0.0409,-0.0132,0.194,STRONG_DOWN,25.16,73.26,82.58,-23.32,55.02,37.03,0.7408,LOW,-,136.5005,132.7602,112.5448,1,108.8585,CONTENDER,25.268
489,198,NBN,NORTHEAST BANK,Financials,,small,124.52,73.78,0.021,0.0726,0.0848,STRONG_DOWN,30.4,51.18,141.4,-27.57,52.21,33.99,1.7424,HIGH,-,111.803,114.2808,102.7522,1,78.6116,CONTENDER,25.2326
490,120,HWC,HANCOCK WHITNEY CORP,Financials,,mid,68.27,73.43,0.0122,0.0153,-0.0127,FLAT,10.27,50.92,68.87,-17.45,51.81,26.24,0.8338,LOW,-,63.35,66.3765,62.1004,1,100.5422,CONTENDER,25.2304
491,61,HLT,Hilton Worldwide,Consumer Discretionary,"Hotels, Resorts & Cruise Lines",large,322.51,67.81,0.0135,0.0654,0.118,STRONG_DOWN,24.14,53.97,,-10.29,51.0,24.67,0.8324,LOW,-,301.474,306.1968,281.6817,1,111.5751,CONTENDER,25.2118
492,4,IRON,DISC MEDICINE INC,Health Care,,mid,67.3,70.31,0.0076,0.0497,-0.1109,FLAT,-4.24,91.03,113.52,-40.55,55.02,74.09,0.2422,LOW,SHIFT,62.0717,66.3883,70.5747,0,67.6001,LAGGARD,25.205
493,-9,AMR,ALPHA METALLURGICAL RESOURCE INC,Materials,,mid,185.2,58.82,-0.1512,-0.0577,-0.2573,FLAT,9.1,67.57,-42.38,-34.85,50.2,55.18,1.1453,MED,-,202.1465,193.1596,170.1028,1,61.4732,CONTENDER,25.1983
494,0,STLD,Steel Dynamics,Materials,Steel,large,190.0,57.35,0.021,-0.0108,0.06,FLAT,30.43,63.9,35.2,-20.33,53.41,39.19,0.6673,LOW,-,174.3666,184.5216,156.1447,1,87.092,CONTENDER,25.1884
495,-68,DLR,Digital Realty,Real Estate,Data Center REITs,large,188.15,70.59,0.0042,0.0389,0.1825,STRONG_DOWN,9.61,36.09,41.22,-16.83,54.22,23.22,1.3435,MED,-,179.301,175.8552,167.0453,1,84.2646,CONTENDER,25.1833
496,30,L,Loews Corporation,Financials,Multi-line Insurance,large,110.88,44.41,-0.0204,-0.0569,0.0268,FLAT,7.72,31.75,49.03,-7.25,56.63,15.32,0.6344,LOW,-,107.2555,108.3536,101.3555,1,117.3753,LAGGARD,25.1609
497,18,ARQT,ARCUTIS BIOTHERAPEUTICS INC,Health Care,,mid,24.57,65.62,0.0149,0.0216,-0.1374,FLAT,15.68,82.81,99.11,-31.99,50.6,53.46,0.5744,LOW,-,22.8842,24.6944,22.0966,1,78.3822,CONTENDER,25.1308
498,2,ALNY,Alnylam Pharmaceuticals,Health Care,Biotechnology,large,321.28,47.66,-0.0178,-0.0023,-0.1552,FLAT,-28.71,41.98,110.8,-37.57,55.42,39.79,0.7452,LOW,PROGRESS,319.495,325.758,393.5136,0,58.475,WEAK,25.1085
499,-26,CRVS,CORVUS PHARMACEUTICALS INC,Health Care,,small,15.67,94.92,0.0418,-0.0777,1.306,FLAT,123.86,445.99,937.75,-48.47,49.8,341.22,0.2042,LOW,-,14.498,16.9213,9.5751,1,65.0913,LEADER,25.1034
500,111,MTB,M&T Bank,Financials,Regional Banks,large,222.99,64.69,0.0113,0.0215,0.0262,STRONG_DOWN,20.34,45.53,75.54,-16.98,54.22,25.22,0.3937,LOW,-,204.6685,215.4234,198.4484,1,97.8868,CONTENDER,25.0987
501,-123,EVLV,EVOLV TECHNOLOGIES HOLDINGS INC CL,Information Technology,,small,6.1,64.02,-0.027,0.0484,-0.1045,FLAT,-24.03,90.62,41.53,-44.06,49.4,52.87,0.8687,LOW,-,5.7233,5.5917,6.7323,0,84.677,LAGGARD,25.0959
502,-33,HCA,HCA Healthcare,Health Care,Health Care Facilities,large,507.19,51.56,0.05,-0.0595,0.1019,FLAT,19.34,52.42,57.03,-14.17,57.03,30.08,0.5985,LOW,-,494.1894,510.6025,449.0855,1,99.3903,CONTENDER,25.0715
503,-24,OPLN,OPENLANE INC,Industrials,,mid,29.77,59.75,-0.0452,0.0261,-0.071,FLAT,8.49,62.5,72.48,-17.32,52.61,32.63,0.4428,LOW,-,28.0545,28.4324,27.6574,1,100.77,CONTENDER,25.039
504,-80,COIN,Coinbase,Financials,Financial Exchanges & Data,large,169.02,14.69,-0.0642,-0.2253,-0.3368,STRONG_UP,-56.36,-0.35,-32.66,-66.39,45.38,84.42,0.8611,LOW,EARLY,183.811,180.404,277.9797,0,-0.1901,WEAK,24.9877
505,-79,LUV,Southwest Airlines,Industrials,Passenger Airlines,large,40.21,58.47,0.0194,-0.0676,-0.0948,STRONG_UP,24.99,59.06,50.21,-33.49,54.62,59.18,0.468,LOW,-,39.1395,45.1096,37.0919,1,54.5115,CONTENDER,24.9751
506,-54,GLNG,GOLAR LNG LTD,Energy,,mid,53.39,37.5,-0.0159,0.132,0.0805,FLAT,41.4,63.71,122.01,-21.95,53.41,34.7,0.6453,LOW,-,51.779,46.9015,41.2137,1,98.0565,LAGGARD,24.9617
507,43,TEX,TEREX CORP,Industrials,,mid,64.39,72.03,0.0502,-0.0031,0.0653,FLAT,19.55,90.95,2.56,-28.29,50.2,55.63,0.3897,LOW,-,59.3955,62.5636,54.1046,1,82.0719,CONTENDER,24.937
508,91,IMVT,IMMUNOVANT INC,Health Care,,mid,25.65,61.33,0.022,-0.0014,0.0164,FLAT,59.56,73.43,-16.94,-20.98,50.6,46.23,1.2268,MED,-,24.496,25.6706,21.3612,1,80.3689,CONTENDER,24.8941
509,-159,NEOG,NEOGEN CORP,Health Care,,mid,10.035,63.67,0.0415,0.0135,0.075,FLAT,72.42,78.24,-19.72,-29.65,53.41,75.25,1.7065,HIGH,-,9.2307,10.0943,7.1359,1,55.5333,CONTENDER,24.8843
510,51,SMBC,SOUTHERN MISSOURI BANCORP INC,Financials,,small,67.21,63.29,-0.015,0.023,0.0784,STRONG_DOWN,29.03,44.55,73.0,-17.68,52.61,26.66,5.3161,HIGH,-,63.396,63.463,57.6076,1,87.9117,CONTENDER,24.8473
511,-1,AME,Ametek,Industrials,Electrical Components & Equipment,large,233.49,54.66,0.0196,0.0104,0.0782,FLAT,27.86,49.29,31.6,-13.57,51.0,25.33,0.8357,LOW,-,215.9359,224.692,199.5616,1,99.2423,CONTENDER,24.8191
512,107,OSBC,OLD SECOND BANCORP INC,Financials,,small,21.47,72.03,-0.0148,0.0264,0.038,STRONG_DOWN,25.24,49.94,64.87,-12.91,52.61,28.78,1.6144,HIGH,-,20.0185,20.1134,18.8397,1,91.2856,CONTENDER,24.7561
513,95,INVX,INNOVEX INTERNATIONAL INC,Energy,,small,26.41,51.14,0.0998,-0.0263,-0.1505,STRONG_UP,39.22,83.15,16.04,-17.91,53.82,43.7,0.5521,LOW,-,24.7175,25.3938,20.802,1,102.4038,CONTENDER,24.7107
514,29,PI,IMPINJ INC,Information Technology,,mid,105.47,57.14,0.0132,0.0519,-0.4541,FLAT,-50.36,60.0,-14.36,-62.24,49.8,86.96,0.3396,LOW,PROGRESS,100.0452,113.6927,153.871,0,34.3589,LAGGARD,24.6821
515,-87,GOLD,GOLD INC,Consumer Discretionary,,small,44.12,91.78,0.025,-0.148,0.1994,FLAT,63.86,105.36,16.72,-40.58,53.41,72.53,0.5852,LOW,-,43.492,50.8178,33.2556,1,77.587,LEADER,24.6821
516,58,ARI,APOLLO COMMERCIAL REAL ESTATE FINA,Financials,,small,10.83,65.38,-0.0312,-0.0228,0.0899,STRONG_DOWN,14.49,45.81,26.71,-10.04,51.81,22.43,1.0741,MED,-,10.323,10.3717,9.7187,1,105.8201,CONTENDER,24.681
517,336,WAFD,WAFD INC,Financials,,mid,33.17,56.99,-0.0072,0.0061,-0.027,FLAT,15.69,40.35,32.87,-12.9,52.21,25.98,1.5445,HIGH,-,31.51,31.9681,30.7966,1,81.0905,CONTENDER,24.6525
518,-14,EL,Estée Lauder Companies (The),Consumer Staples,Personal Care Products,large,73.29,72.58,0.035,-0.1897,-0.4063,STRONG_UP,-22.94,39.7,-47.44,-43.62,53.41,62.63,0.5895,LOW,EARLY,76.6315,94.3815,94.2835,0,33.8519,LAGGARD,24.6266
519,94,EBC,EASTERN BANKSHARES INC,Financials,,mid,20.96,74.13,0.0062,0.0291,0.0611,STRONG_DOWN,13.94,51.39,76.0,-15.04,51.0,28.49,1.2429,MED,-,19.374,20.0566,18.0039,1,91.9878,CONTENDER,24.6077
520,-1,BEN,Franklin Resources,Financials,Asset Management & Custody Banks,large,25.04,71.33,0.0204,-0.0588,-0.0268,FLAT,9.18,49.4,7.01,-19.21,55.02,32.01,0.6054,LOW,-,23.5942,25.3377,23.7491,1,84.903,CONTENDER,24.6051
521,105,CFFN,CAPITOL FEDERAL FINANCIAL INC,Financials,,small,7.66,83.22,0.0068,0.0201,0.121,STRONG_DOWN,25.4,59.49,63.9,-10.59,51.41,26.87,0.7594,LOW,-,7.1385,7.2728,6.4947,1,113.8223,LEADER,24.569
522,-69,LIF,LIFE360 INC,Information Technology,,mid,41.53,41.27,-0.0114,-0.0989,-0.3217,STRONG_UP,-61.32,22.33,53.81,-65.62,54.22,84.24,1.1239,MED,PROGRESS,40.635,47.1548,72.1019,0,14.3705,WEAK,24.517
523,21,SBCF,SEACOAST BANKING OF FLORIDA,Financials,,mid,32.71,76.22,0.0238,0.0001,-0.0285,STRONG_UP,4.48,52.38,52.16,-16.26,51.41,29.77,0.8336,LOW,-,30.217,31.7013,30.5722,1,90.4546,LEADER,24.4952
524,-22,POR,PORTLAND GENERAL ELECTRIC,Utilities,,mid,54.22,73.08,-0.01,0.0062,-0.0212,FLAT,26.18,36.46,46.01,-8.24,55.02,18.23,0.7066,LOW,-,52.4589,51.9748,45.9204,1,110.0256,CONTENDER,24.4213
525,-75,EMR,Emerson Electric,Industrials,Electrical Components & Equipment,large,144.67,53.39,0.0484,0.0044,-0.0261,STRONG_UP,9.72,47.48,31.26,-23.45,57.83,38.12,0.6763,LOW,-,131.675,142.0374,136.5095,1,72.0227,CONTENDER,24.4085
526,-3,UVE,UNIVERSAL INSURANCE HOLDINGS INC,Financials,,small,35.23,85.66,0.0082,-0.0367,0.1,FLAT,19.04,63.73,97.73,-18.95,52.61,33.9,0.6325,LOW,-,33.9415,33.02,29.3446,1,98.8975,LEADER,24.3573
527,-33,EXPE,Expedia Group,Consumer Discretionary,"Hotels, Resorts & Cruise Lines",large,230.26,69.18,-0.023,-0.0225,-0.2019,FLAT,8.82,55.25,77.03,-37.44,51.81,60.86,0.5139,LOW,-,232.139,229.7487,228.6238,1,47.0372,CONTENDER,24.3055
528,-119,SPXC,SPX TECHNOLOGIES INC,Industrials,,mid,215.54,61.44,0.0424,-0.0069,0.0039,FLAT,14.38,66.29,75.91,-23.15,55.02,41.76,0.6773,LOW,-,200.4915,214.5422,200.1929,1,87.3338,CONTENDER,24.2603
529,48,MXL,MAXLINEAR INC,Information Technology,,small,19.84,67.72,0.0667,0.1615,0.1094,FLAT,22.24,96.63,-10.39,-26.81,54.22,55.77,0.7697,LOW,-,17.468,17.7492,16.625,1,93.9447,CONTENDER,24.2407
530,253,EOSE,EOS ENERGY ENTERPRISES INC CLASS A,Industrials,,small,5.95,55.93,0.1471,-0.1101,-0.6113,STRONG_UP,-59.85,53.75,553.85,-77.1,48.59,138.15,2.5853,HIGH,-,5.1703,8.3091,10.3268,0,18.9038,LAGGARD,24.2223
531,40,FANG,Diamondback Energy,Energy,Oil & Gas Exploration & Production,large,186.31,31.82,-0.0205,0.018,-0.0123,FLAT,26.59,55.4,-4.0,-12.53,50.6,31.44,1.0767,MED,-,191.692,178.676,152.354,1,89.1662,LAGGARD,24.2093
532,-69,REAL,THE REALREAL INC,Consumer Discretionary,,small,9.69,87.67,0.0184,-0.057,-0.3744,STRONG_UP,-7.63,88.52,183.33,-51.95,50.2,68.99,0.6208,LOW,-,9.2765,11.0502,10.8104,0,64.4119,LAGGARD,24.1937
533,40,SOC,SABLE OFFSHORE CORP CLASS A,Energy,,mid,13.02,0.0,-0.1344,-0.2528,0.115,FLAT,-34.67,-25.3,18.9,-87.52,47.39,123.68,1.0118,MED,-,16.215,12.343,15.7682,0,-9.6946,WEAK,24.1898
534,-22,ARM,Arm Holdings,Technology,Semiconductors,large,149.795,75.0,0.0309,0.3476,0.6049,STRONG_DOWN,-10.18,49.11,19.66,-41.47,51.41,62.82,0.7623,LOW,-,139.1008,127.8105,138.6197,1,40.1894,LEADER,24.1528
535,0,CGEM,CULLINAN THERAPEUTICS INC,Health Care,,small,15.21,72.27,0.0292,0.0586,0.4069,STRONG_DOWN,135.81,100.66,-10.84,-36.67,51.41,58.73,0.701,LOW,-,13.8435,13.6714,9.7852,1,88.1136,CONTENDER,24.137
536,-136,EBAY,eBay Inc.,Consumer Discretionary,Broadline Retail,large,95.58,68.49,-0.0297,0.0215,0.0917,STRONG_DOWN,4.52,55.16,88.2,-20.67,56.22,36.74,0.761,LOW,-,91.8075,89.4647,87.638,1,84.4004,CONTENDER,24.1206
537,-30,LGN,LEGENCE CORP CLASS A,Industrials,,mid,59.75,75.0,-0.032,0.1238,0.3374,STRONG_DOWN,92.18,95.9,95.9,-19.79,56.64,74.93,3.6026,HIGH,-,54.1455,52.4384,,0,72.4926,LAGGARD,24.0741
538,-161,BFC,BANK FIRST CORP,Financials,,small,144.62,75.52,0.006,0.0053,0.1323,FLAT,10.36,52.28,93.13,-14.17,53.01,26.85,0.8665,LOW,-,135.0646,138.9189,128.3561,1,103.2255,LEADER,24.0559
539,-101,CLSK,CLEANSPARK INC,Information Technology,,mid,10.2,50.26,0.1237,0.0273,-0.1093,STRONG_UP,-46.26,43.06,-32.23,-64.74,49.8,94.53,0.8592,LOW,SHIFT,9.4185,9.8911,12.212,0,22.6834,LAGGARD,23.9707
540,196,ESQ,ESQUIRE FINANCIAL HOLDINGS INC,Financials,,small,116.32,75.87,0.0179,0.0987,0.0275,FLAT,12.31,52.37,158.69,-15.42,55.42,37.71,2.0208,HIGH,-,108.4897,107.509,102.0383,1,76.9612,LEADER,23.933
541,49,BA,Boeing,Industrials,Aerospace & Defense,large,220.06,50.85,0.0068,-0.0047,-0.0679,STRONG_UP,-2.33,41.5,26.01,-24.96,51.81,32.4,0.5022,LOW,-,204.2245,221.457,218.9276,1,66.3607,CONTENDER,23.8115
542,-84,NRIX,NURIX THERAPEUTICS INC,Health Care,,small,16.24,66.41,0.0222,0.0139,-0.0879,STRONG_UP,62.73,84.34,3.51,-37.48,45.38,49.94,0.9965,LOW,-,15.2955,15.7846,13.7444,1,76.6353,CONTENDER,23.7982
543,43,PSKY,Paramount Skydance Corporation,Communication Services,Movies & Entertainment,large,10.85,31.82,0.1277,0.1077,-0.0874,STRONG_UP,-40.82,0.95,6.94,-55.05,47.39,65.46,1.0754,MED,SHIFT,9.48,10.4209,13.5071,0,0.6859,WEAK,23.7713
544,-96,FLNG,FLEX LNG LTD,Energy,,small,29.4,34.09,-0.0166,-0.0247,-0.1064,STRONG_UP,23.76,59.0,50.81,-11.05,54.22,29.46,0.6567,LOW,-,29.9105,28.1371,24.8673,1,108.5799,LAGGARD,23.7474
545,-96,JOBY,JOBY AVIATION INC CLASS A,Industrials,,mid,8.28,47.03,-0.0761,-0.2232,-0.4927,STRONG_UP,-52.33,37.54,75.42,-61.06,49.0,61.48,0.5546,LOW,EARLY,8.921,9.695,13.6953,0,29.9209,WEAK,23.7447
546,-91,BTDR,BITDEER TECHNOLOGIES GROUP CLASS A,Information Technology,,mid,10.33,44.97,0.0686,0.3034,-0.0794,FLAT,-48.22,35.92,54.87,-71.89,51.81,99.68,0.7445,LOW,SHIFT,8.7572,9.4432,13.4221,0,18.6704,WEAK,23.726
547,2,UFCS,UNITED FIRE GROUP INC,Financials,,small,39.59,77.27,0.0038,0.0018,0.0726,FLAT,27.95,53.39,88.14,-9.43,54.22,27.37,0.9606,LOW,-,37.3205,37.5344,33.362,1,105.7614,LEADER,23.7055
548,87,PLUS,EPLUS,Information Technology,,mid,81.85,49.74,0.0233,0.0612,-0.004,FLAT,11.36,42.85,8.22,-20.65,50.6,27.39,1.2166,MED,-,76.575,79.7901,77.8071,1,79.1545,LAGGARD,23.6981
549,224,DRH,DIAMONDROCK HOSPITALITY,Real Estate,,small,10.08,83.53,0.0398,0.0524,0.0549,STRONG_DOWN,33.92,52.51,17.59,-11.92,50.2,27.87,1.0197,MED,-,9.4048,9.5424,8.5251,1,94.5871,LEADER,23.6841
550,-107,MRCY,MERCURY SYSTEMS INC,Industrials,,mid,79.23,68.22,0.0174,-0.1113,-0.1428,STRONG_UP,-5.59,77.05,176.93,-32.19,55.82,66.84,0.6809,LOW,-,76.991,83.3902,73.8635,1,64.3469,CONTENDER,23.6315
551,-143,ULTA,Ulta Beauty,Consumer Discretionary,Other Specialty Retail,large,532.79,65.75,-0.0536,-0.2058,-0.1574,FLAT,-5.84,50.1,18.15,-27.83,51.41,39.41,,LOW,PROGRESS,531.0845,615.5138,561.4796,0,65.3587,LAGGARD,23.6099
552,48,JPM,JPMorgan Chase,Financials,Diversified Banks,large,310.33,55.59,0.0091,0.0091,-0.0793,UP,3.06,39.3,65.6,-15.47,56.63,25.89,0.5681,LOW,-,290.4704,297.8216,299.9829,1,85.9631,CONTENDER,23.5943
553,106,UBSI,UNITED BANKSHARES INC,Financials,,mid,44.54,66.08,0.014,0.0654,0.0861,STRONG_DOWN,21.91,45.92,45.75,-13.73,50.6,25.87,1.0154,MED,-,40.835,41.7825,38.0717,1,89.813,CONTENDER,23.5929
554,3,SFL,SFL LTD,Energy,,small,10.92,32.95,0.0191,0.0173,0.0542,FLAT,53.53,57.24,1.38,-27.85,53.01,31.63,0.6338,LOW,-,10.5655,10.1865,8.5591,1,95.9246,LAGGARD,23.5557
555,150,TCBK,TRICO BANCSHARES,Financials,,small,50.99,67.48,0.0106,0.0103,0.0261,FLAT,18.68,46.52,67.43,-12.37,53.01,23.39,0.8835,LOW,-,47.6065,48.6984,45.4267,1,105.4369,CONTENDER,23.5145
556,-10,SANM,SANMINA CORP,Information Technology,,mid,141.84,63.49,0.0526,0.1054,-0.0087,FLAT,5.32,90.03,142.67,-32.69,55.02,72.83,0.6674,LOW,-,130.0975,139.1214,134.4561,1,68.0155,CONTENDER,23.4812
557,-32,NWE,NORTHWESTERN ENERGY GROUP INC,Utilities,,mid,70.71,65.38,0.0264,0.0213,-0.0614,STRONG_UP,22.24,32.73,59.24,-13.55,57.43,20.32,0.4732,LOW,-,66.9545,67.7349,60.8493,1,92.5047,CONTENDER,23.4709
558,-49,VTR,Ventas,Real Estate,Health Care REITs,large,84.95,69.41,-0.0116,-0.0138,0.0825,FLAT,26.5,33.06,112.26,-10.89,52.21,18.04,0.5689,LOW,-,83.6256,83.3783,73.786,1,95.6713,CONTENDER,23.4295
559,-66,NI,NiSource,Utilities,Multi-Utilities,large,48.47,57.69,0.0009,0.0026,0.0373,STRONG_DOWN,11.91,31.03,88.58,-9.14,57.43,16.97,0.9249,LOW,-,46.7145,46.0768,42.7079,1,105.027,CONTENDER,23.4123
560,-12,UNIT,UNITI GROUP INC,Communication,,mid,10.67,56.52,0.0245,0.2361,0.3438,STRONG_DOWN,74.06,50.78,18.19,-44.37,50.6,58.88,1.3993,MED,-,8.6675,8.278,7.1966,1,43.6413,CONTENDER,23.3788
561,-223,SGHC,SUPER GROUP LTD,Consumer Discretionary,,mid,10.58,69.86,-0.0497,-0.0443,0.0431,STRONG_DOWN,-20.38,56.5,251.16,-39.53,51.81,45.15,0.8633,LOW,-,10.6415,10.1908,11.2621,0,64.8399,LAGGARD,23.3715
562,-26,CEG,Constellation Energy,Utilities,Electric Utilities,large,280.25,78.85,0.0075,-0.1146,-0.2696,STRONG_UP,-24.27,37.74,48.42,-38.77,51.41,54.24,0.7632,LOW,EARLY,292.964,294.4752,327.9248,0,35.7737,LAGGARD,23.3143
563,-65,CTRE,CARETRUST REIT INC,Real Estate,,mid,39.42,80.0,-0.0031,-0.0085,0.0227,FLAT,18.3,48.37,82.11,-12.25,57.43,29.47,0.5036,LOW,-,37.9703,38.5158,34.9439,1,94.2655,LEADER,23.3063
564,-73,SR,SPIRE INC,Utilities,,mid,95.19,67.31,0.0077,0.013,0.0149,STRONG_DOWN,16.17,32.73,77.36,-9.46,57.83,17.62,0.5316,LOW,-,91.641,89.5377,81.6683,1,107.438,CONTENDER,23.2929
565,0,ARR,ARMOUR RESIDENTIAL REIT INC,Financials,,mid,17.56,69.23,-0.0255,-0.0779,-0.0135,FLAT,20.24,47.98,31.31,-16.79,55.42,29.23,0.7394,LOW,-,16.6558,17.1343,15.6666,1,90.9657,CONTENDER,23.2748
566,109,QCRH,QCR HOLDINGS INC,Financials,,small,91.94,62.59,0.004,0.0353,0.0698,STRONG_DOWN,23.04,44.2,66.49,-16.9,53.82,25.82,1.3432,MED,-,84.6172,87.7046,80.0392,1,92.1388,CONTENDER,23.2746
567,194,ORIC,ORIC PHARMACEUTICALS INC,Health Care,,small,10.38,79.69,0.1427,-0.1804,0.2699,FLAT,-27.31,140.84,3.8,-48.13,48.59,124.44,1.1863,MED,-,10.8938,11.3771,11.0387,0,54.9919,LAGGARD,23.2674
568,-17,HUBB,Hubbell Incorporated,Industrials,Industrial Machinery & Supplies & Components,large,534.67,58.05,0.0317,0.0864,0.1281,STRONG_DOWN,28.17,58.35,34.72,-13.8,53.82,33.27,0.9109,LOW,-,490.1935,497.7021,451.0438,1,94.3907,CONTENDER,23.2477
569,188,WHD,CACTUS INC CLASS A,Energy,,mid,53.95,27.27,0.1489,0.0742,-0.2286,STRONG_UP,48.11,51.69,5.52,-30.07,53.01,46.05,1.2771,MED,-,48.0245,52.2116,45.2466,1,59.4986,LAGGARD,23.203
570,72,NIC,NICOLET BANKSHARES INC,Financials,,mid,158.52,82.17,0.0149,-0.0227,0.2229,FLAT,19.79,58.76,104.33,-17.88,51.0,35.21,0.4662,LOW,-,147.422,150.4009,134.3535,1,85.1147,LEADER,23.1979
571,133,DX,DYNEX CAPITAL REIT INC,Financials,,mid,13.21,54.55,-0.0236,-0.0863,-0.0397,FLAT,8.99,39.2,51.49,-15.27,53.82,22.36,0.7417,LOW,-,12.7316,13.2798,12.4568,1,94.3634,CONTENDER,23.1657
572,-55,SRRK,SCHOLAR ROCK HOLDING CORP,Health Care,,mid,49.19,67.97,-0.0418,0.1349,0.222,STRONG_DOWN,27.14,86.96,250.86,-34.86,49.0,62.77,0.9639,LOW,-,45.02,45.5918,39.2268,1,67.8858,CONTENDER,23.1592
573,58,WFC,Wells Fargo,Financials,Diversified Banks,large,86.02,55.24,0.0175,0.0431,-0.1209,FLAT,8.99,39.26,58.1,-22.75,55.82,30.64,0.6051,LOW,-,78.8865,83.5649,83.7832,1,71.5248,CONTENDER,23.1525
574,-47,KRYS,KRYSTAL BIOTECH INC,Health Care,,mid,258.33,56.64,-0.0354,0.0088,0.0794,STRONG_DOWN,38.01,60.8,47.03,-27.68,55.02,41.9,0.7429,LOW,-,254.397,263.828,207.7716,1,79.842,CONTENDER,23.1288
575,-51,HRTG,HERITAGE INSURANCE HOLDINGS INC,Financials,,small,27.06,89.51,-0.0168,-0.0665,-0.0313,FLAT,4.36,67.76,173.33,-26.9,52.21,49.99,1.1237,MED,-,26.766,26.4544,25.3387,1,70.7712,LEADER,23.1176
576,-116,WMB,Williams Companies,Energy,Oil & Gas Storage & Transportation,large,72.82,18.18,0.0314,-0.0523,-0.0821,STRONG_UP,16.46,36.56,101.26,-12.36,54.22,21.23,0.5571,LOW,-,73.2117,71.8944,62.1478,1,93.3787,LAGGARD,23.1046
577,-101,DOW,Dow Inc.,Materials,Commodity Chemicals,large,38.04,50.0,-0.1172,0.0641,0.4379,STRONG_DOWN,72.84,48.82,-26.75,-32.02,47.39,50.77,1.2488,MED,-,38.905,34.2428,26.3553,1,45.5745,CONTENDER,23.0921
578,39,WSFS,WSFS FINANCIAL CORP,Financials,,mid,70.29,78.32,0.0105,0.0481,0.2073,STRONG_DOWN,31.4,54.19,70.17,-14.91,51.81,29.76,0.9689,LOW,-,64.897,65.5227,57.9723,1,94.343,LEADER,23.0786
579,16,GEF,GREIF INC CLASS A,Materials,,mid,70.2,45.59,0.015,0.0024,-0.0664,STRONG_UP,17.6,42.68,14.77,-18.03,50.2,24.29,0.5843,LOW,-,66.4697,69.9665,64.9936,1,88.2157,LAGGARD,23.073
580,-60,MAR,Marriott International,Consumer Discretionary,"Hotels, Resorts & Cruise Lines",large,352.93,73.29,0.0192,0.0603,0.1248,STRONG_DOWN,32.27,59.82,41.48,-12.65,50.2,31.89,0.6956,LOW,-,327.475,332.8697,293.6444,1,94.1634,CONTENDER,23.0398
581,-160,CLDX,CELLDEX THERAPEUTICS INC,Health Care,,mid,33.62,75.0,0.0575,0.0722,0.2708,STRONG_DOWN,23.42,110.92,-14.21,-24.23,48.59,67.86,0.7928,LOW,-,30.884,28.1276,25.6375,1,79.4195,LEADER,23.0242
582,206,BHRB,BURKE HERBERT FINANCIAL SERVICES C,Financials,,small,65.78,56.29,0.0031,-0.0173,0.0043,FLAT,11.55,39.88,36.46,-13.49,52.21,26.15,1.9939,HIGH,-,62.2025,64.6299,62.1843,1,79.616,CONTENDER,23.0215
583,-42,TARS,TARSUS PHARMACEUTICALS INC,Health Care,,mid,72.425,58.2,0.008,0.0321,-0.0336,FLAT,3.84,64.15,101.85,-26.34,51.41,43.42,0.4055,LOW,-,68.1343,68.4685,64.0908,1,75.9601,CONTENDER,22.9759
584,155,TPB,TURNING POINT BRANDS INC,Consumer Staples,,small,81.83,80.65,0.1087,-0.0888,-0.2768,STRONG_UP,-3.71,45.32,200.63,-49.88,56.63,68.6,1.8256,HIGH,-,83.8743,106.3665,98.2219,0,37.4125,LAGGARD,22.901
585,-43,CCNE,CNB FINANCIAL CORP,Financials,,small,31.31,78.67,0.0185,0.0851,0.1642,STRONG_DOWN,30.42,54.34,73.71,-13.55,49.4,26.26,0.9632,LOW,-,28.594,28.5517,25.7325,1,102.2146,LEADER,22.8939
586,-118,KMI,Kinder Morgan,Energy,Oil & Gas Storage & Transportation,large,32.97,13.64,0.02,-0.0415,-0.0608,STRONG_UP,19.64,33.36,98.11,-11.11,53.82,18.85,0.7962,LOW,-,33.3695,32.5571,28.2685,1,95.2402,LAGGARD,22.8928
587,-152,NTST,NETSTREIT CORP,Real Estate,,mid,20.04,74.12,0.0096,-0.0116,0.0988,FLAT,11.78,39.56,28.83,-11.24,54.22,22.23,0.4735,LOW,-,19.376,19.5991,18.1389,1,96.5005,CONTENDER,22.8195
588,132,SLB,Schlumberger,Energy,Oil & Gas Equipment & Services,large,52.54,42.05,0.0827,0.054,-0.092,STRONG_UP,56.81,66.4,2.55,-14.3,49.4,38.55,0.7929,LOW,-,49.227,49.5413,39.5046,1,85.0864,LAGGARD,22.8041
589,137,ZS,Zscaler,Technology,EDP Services,large,122.23,37.5,-0.1187,-0.1596,-0.2446,STRONG_UP,-61.06,-37.43,-33.55,-63.65,51.81,61.07,2.6168,HIGH,EARLY,143.885,159.2454,247.5504,0,-31.7574,WEAK,22.7996
590,-69,MSTR,MicroStrategy,Technology,Computer Software,large,128.86,12.5,0.1017,0.0092,0.0243,FLAT,-61.05,-52.68,-17.71,-76.53,46.59,92.85,0.647,LOW,EARLY,132.9615,133.5192,249.4521,0,-26.4357,WEAK,22.797
591,-108,MIR,MIRION TECHNOLOGIES INC CLASS A,Information Technology,,mid,19.11,47.62,-0.0328,-0.1359,-0.1723,STRONG_UP,-19.97,40.62,73.57,-41.78,53.41,53.51,1.0014,MED,PROGRESS,18.924,21.0612,22.8848,0,40.5422,WEAK,22.7914
592,-45,BKH,BLACK HILLS CORP,Utilities,,mid,74.01,61.54,0.0252,0.0102,-0.0901,STRONG_UP,22.12,32.49,54.32,-10.45,57.43,19.94,0.5041,LOW,-,70.5315,71.9349,65.0085,1,93.5722,CONTENDER,22.756
593,13,SPNT,SIRIUSPOINT LTD,Financials,,mid,23.09,66.78,-0.0094,0.0577,0.1108,STRONG_DOWN,26.11,46.32,86.96,-16.28,52.61,29.95,1.0782,MED,-,21.345,20.9868,19.8663,1,81.3733,CONTENDER,22.7057
594,38,TMP,TOMPKINS FINANCIAL CORP,Financials,,small,85.52,82.52,0.0143,0.0743,0.1236,STRONG_DOWN,33.44,58.9,109.65,-13.03,52.21,30.47,0.9759,LOW,-,77.3925,78.9869,70.2775,1,100.9297,LEADER,22.68
595,-94,LYB,LyondellBasell,Materials,Specialty Chemicals,large,72.27,47.06,-0.1281,0.03,0.4884,STRONG_DOWN,54.55,45.31,-18.94,-35.45,47.79,54.95,1.0495,MED,-,75.973,64.6471,52.7746,1,39.4085,LAGGARD,22.6621
596,52,TEAM,Atlassian,Technology,Computer Software,large,58.96,0.0,-0.1374,-0.1728,-0.4048,STRONG_UP,-60.57,-70.23,-71.2,-74.35,45.78,65.5,1.6821,HIGH,EARLY,69.6005,80.8908,145.1497,0,-49.0837,WEAK,22.6602
597,7,COP,ConocoPhillips,Energy,Oil & Gas Exploration & Production,large,123.47,28.41,-0.0355,0.0183,-0.0211,FLAT,33.96,53.32,-1.07,-13.47,53.41,30.83,0.924,LOW,-,127.567,117.1071,97.8998,1,92.3694,LAGGARD,22.6597
598,-31,DDOG,Datadog,Information Technology,Application Software,large,108.98,39.68,-0.1331,-0.1654,-0.1261,FLAT,-33.6,16.96,-13.38,-48.62,46.18,67.29,1.0587,MED,EARLY,121.934,120.7353,139.0737,0,11.6369,WEAK,22.5986
599,-24,MNST,Monster Beverage,Consumer Staples,Soft Drinks & Non-alcoholic Beverages,large,76.19,66.13,0.0275,-0.0075,-0.0784,STRONG_UP,10.85,31.89,39.01,-17.7,56.63,24.89,0.6159,LOW,-,74.0545,78.3294,70.7259,1,72.5452,CONTENDER,22.5949
600,92,DCOM,DIME COMMUNITY BANCSHARES INC,Financials,,small,36.45,80.42,0.0154,0.0686,0.1987,STRONG_DOWN,22.17,56.3,114.49,-18.15,51.81,30.56,0.748,LOW,-,33.398,33.7566,30.0729,1,95.4411,LEADER,22.5629
601,170,UVSP,UNIVEST FINANCIAL CORP,Financials,,small,37.61,72.38,0.0242,0.0681,0.1113,STRONG_DOWN,27.84,49.99,112.15,-14.01,50.2,27.73,1.0843,MED,-,34.1105,34.227,31.7009,1,90.4958,CONTENDER,22.5507
602,319,STAA,STAAR SURGICAL,Health Care,,small,25.21,57.42,0.2225,0.4232,0.162,FLAT,-4.87,61.91,-50.65,-43.65,49.0,64.78,3.8552,HIGH,-,19.2325,18.595,22.7601,1,46.8321,CONTENDER,22.5307
603,0,ES,Eversource Energy,Utilities,Electric Utilities,large,70.57,63.46,-0.0044,-0.0922,-0.085,FLAT,-1.87,32.59,31.0,-15.13,58.23,23.02,0.9502,LOW,-,69.7475,70.7422,67.3741,1,82.4497,CONTENDER,22.5214
604,-28,LILAK,LIBERTY LATIN AMERICA LTD CLASS C,Communication,,small,8.49,60.87,-0.0128,0.0994,0.095,FLAT,3.66,62.02,15.98,-22.55,51.81,35.65,0.5588,LOW,-,8.293,8.0826,7.8357,1,90.1376,CONTENDER,22.519
605,-70,TSLA,"Tesla, Inc.",Consumer Discretionary,Automobile Manufacturers,large,345.62,54.79,-0.0865,-0.1747,-0.1747,UP,-21.22,36.93,101.22,-29.93,52.61,36.29,0.9894,LOW,EARLY,373.1535,395.956,397.3112,0,53.5428,LAGGARD,22.4552
606,105,ARCB,ARCBEST CORP,Industrials,,mid,109.22,65.25,0.0366,0.1562,0.2254,STRONG_DOWN,44.02,73.35,-25.51,-30.6,50.2,51.97,0.5613,LOW,-,94.5485,98.3976,80.5783,1,70.8487,CONTENDER,22.4551
607,-189,ENSG,ENSIGN GROUP INC,Health Care,,large,201.56,55.08,-0.0,-0.0468,0.1857,FLAT,14.37,58.08,72.25,-12.76,53.41,35.61,0.8127,LOW,-,202.9909,202.3844,177.8939,1,87.1168,CONTENDER,22.4059
608,-54,EHAB,ENHABIT INC,Health Care,,small,13.99,63.28,-0.0261,0.0229,0.4144,STRONG_DOWN,70.4,76.86,,-39.63,52.61,52.65,0.5788,LOW,-,13.7805,12.785,9.4879,1,76.8063,CONTENDER,22.3978
609,-218,PRDO,PERDOCEO EDUCATION CORP,Consumer Discretionary,,mid,35.7,57.53,-0.0938,0.017,0.1523,STRONG_DOWN,2.72,41.11,110.54,-27.22,52.21,27.91,0.8594,LOW,-,36.3105,33.9665,32.1222,1,76.9038,CONTENDER,22.3955
610,-111,WYNN,Wynn Resorts,Consumer Discretionary,Casinos & Gaming,large,104.89,62.33,-0.017,0.0271,-0.079,FLAT,-13.35,46.4,2.7,-27.27,49.8,38.38,,LOW,PROGRESS,101.3005,106.1838,114.9157,0,60.2092,LAGGARD,22.392
611,38,D,Dominion Energy,Utilities,Multi-Utilities,large,64.11,53.85,0.0016,-0.0161,-0.0187,STRONG_UP,8.18,29.17,44.17,-9.77,53.01,17.43,0.8172,LOW,-,61.9165,62.386,59.3307,1,88.7247,CONTENDER,22.3891
612,22,IMAX,IMAX CORP,Communication,,mid,37.85,69.57,-0.0661,-0.1045,-0.0042,FLAT,17.47,71.81,126.11,-16.18,52.21,43.31,0.7014,LOW,-,38.134,37.9526,33.4134,1,86.568,CONTENDER,22.3815
613,-194,DG,Dollar General,Consumer Staples,Consumer Staples Merchandise Retail,large,119.75,70.97,-0.0261,-0.1636,-0.2414,STRONG_UP,22.51,39.57,-19.3,-25.01,50.2,33.71,0.7013,LOW,EARLY,123.482,138.7584,120.1502,0,58.9227,LAGGARD,22.3814
614,-82,TCMD,TACTILE SYSTEMS TECHNOLOGY INC,Health Care,,small,23.96,64.06,-0.0514,-0.1449,-0.1799,STRONG_UP,60.81,78.81,59.31,-35.39,49.4,54.95,0.7711,LOW,-,26.1077,27.6017,20.6518,1,70.8465,CONTENDER,22.354
615,119,CATY,CATHAY GENERAL BANCORP,Financials,,mid,53.88,68.53,0.0151,0.0528,0.0426,FLAT,11.79,47.51,63.75,-12.33,52.21,26.74,0.9038,LOW,-,49.3965,50.5823,48.2963,1,92.7651,CONTENDER,22.3513
616,11,IRM,Iron Mountain,Real Estate,Other Specialized REITs,large,108.69,72.94,0.0208,0.0084,0.1987,FLAT,5.06,37.82,53.01,-25.15,55.42,34.63,0.4395,LOW,-,103.4344,102.6849,95.3059,1,60.5193,CONTENDER,22.3453
617,-51,TTD,Trade Desk (The),Communication Services,Advertising,large,20.61,0.0,-0.0799,-0.2369,-0.4237,STRONG_UP,-61.88,-58.17,-76.16,-77.44,49.8,61.64,1.0441,MED,EARLY,23.0483,25.3289,45.6892,0,-46.9959,WEAK,22.3421
618,72,CTBI,COMMUNITY TRUST BANCORP INC,Financials,,small,65.54,68.88,0.0115,0.0474,0.1004,STRONG_DOWN,20.13,47.84,75.86,-12.48,53.41,31.55,1.937,HIGH,-,60.5225,61.1862,56.4886,1,80.9838,CONTENDER,22.3254
619,100,TXN,Texas Instruments,Information Technology,Semiconductors,large,214.98,48.15,0.0664,0.0696,0.1893,STRONG_DOWN,20.22,41.61,34.96,-29.57,52.21,35.3,0.6852,LOW,-,194.7105,206.6622,188.481,1,61.5496,LAGGARD,22.3105
620,33,REGN,Regeneron Pharmaceuticals,Health Care,Biotechnology,large,767.85,46.88,-0.0175,-0.0137,0.0013,STRONG_DOWN,36.51,41.3,-17.43,-21.43,51.41,27.22,0.8099,LOW,-,753.6315,765.679,666.6445,1,78.0013,LAGGARD,22.3102
621,-229,PATK,PATRICK INDUSTRIES INC,Consumer Discretionary,,mid,118.59,66.44,-0.0097,0.0097,0.0629,STRONG_DOWN,21.41,50.24,68.91,-27.23,46.59,37.28,1.1099,MED,-,112.4415,123.0659,110.0205,1,62.7841,CONTENDER,22.2215
622,-6,VST,Vistra Corp.,Utilities,Electric Utilities,large,152.75,80.77,-0.0099,-0.0856,-0.124,STRONG_UP,-25.84,40.52,118.79,-34.51,52.61,56.23,0.6584,LOW,EARLY,155.3621,159.8975,179.9493,0,37.9103,LAGGARD,22.2207
623,60,NUVL,NUVALENT INC CLASS A,Health Care,,mid,104.59,59.38,-0.0334,0.0411,0.0602,STRONG_DOWN,23.25,68.72,56.27,-15.79,51.81,38.6,0.6964,LOW,-,99.7407,101.3649,93.0253,1,92.2389,CONTENDER,22.1988
624,-45,OXY,Occidental Petroleum,Energy,Oil & Gas Exploration & Production,large,58.53,39.77,-0.052,0.0163,0.0799,STRONG_DOWN,31.33,63.96,-11.73,-18.62,51.41,39.58,0.9281,LOW,-,61.1835,54.0119,45.6652,1,83.0819,LAGGARD,22.1668
625,134,NBBK,NB BANCORP INC,Financials,,small,22.64,61.89,-0.0023,0.0064,0.1112,STRONG_DOWN,30.37,43.89,71.49,-12.31,51.0,24.53,1.0122,MED,-,21.059,21.4452,19.3741,1,91.2603,CONTENDER,22.1374
626,-185,CBOE,Cboe Global Markets,Financials,Financial Exchanges & Data,large,294.82,58.04,-0.0332,-0.0381,0.1094,FLAT,22.5,41.11,66.66,-10.32,54.22,24.65,0.8033,LOW,-,286.5385,284.2827,255.372,1,90.4362,CONTENDER,22.1244
627,30,AES,AES Corporation,Utilities,Independent Power Producers & Energy Traders,large,14.41,88.46,-0.0126,-0.034,-0.1143,STRONG_UP,0.24,47.91,,-23.27,52.61,46.85,0.7663,LOW,-,14.185,14.9865,13.6856,1,53.797,LEADER,22.0989
628,39,BEAM,BEAM THERAPEUTICS INC,Health Care,,mid,26.33,64.45,0.0428,0.0053,-0.0193,STRONG_UP,-2.48,79.97,-2.7,-38.15,49.0,82.51,0.9881,LOW,-,24.517,26.3734,24.1643,1,47.4932,CONTENDER,22.0883
629,-5,F,Ford Motor Company,Consumer Discretionary,Automobile Manufacturers,large,12.24,56.85,0.0111,-0.0114,-0.1086,STRONG_UP,6.61,40.8,6.02,-22.31,51.0,32.68,0.4439,LOW,PROGRESS,11.7065,12.7707,12.2557,0,63.6665,LAGGARD,22.0207
630,167,FOX,Fox Corporation (Class B),Communication Services,Broadcasting,large,55.97,68.18,0.0467,0.0711,-0.1433,FLAT,4.67,22.92,101.81,-26.77,55.02,28.65,1.0647,MED,-,52.9225,54.2762,55.7656,1,44.0161,CONTENDER,22.0167
631,-94,SHLS,SHOALS TECHNOLOGIES GROUP INC CLAS,Industrials,,small,6.97,80.08,-0.0283,0.0795,-0.2252,FLAT,-21.15,107.44,-31.06,-47.37,53.82,93.34,0.8271,LOW,-,6.462,7.6921,7.667,0,61.9504,LAGGARD,21.9903
632,-34,JXN,JACKSON FINANCIAL INC CLASS A,Financials,,mid,103.35,73.08,-0.0534,-0.1039,-0.1362,STRONG_UP,4.16,50.35,68.92,-16.31,56.63,36.11,0.8265,LOW,-,104.362,109.7515,99.7568,1,78.9664,CONTENDER,21.974
633,49,ADNT,ADIENT PLC,Consumer Discretionary,,small,20.5,89.73,-0.0387,-0.0556,0.0434,FLAT,-16.02,93.58,-32.21,-31.19,47.79,57.62,0.4797,LOW,-,20.289,22.3788,22.092,0,77.6142,LAGGARD,21.9669
634,10,ACAD,ACADIA PHARMACEUTICALS INC,Health Care,,mid,22.57,56.25,-0.0087,0.023,-0.1209,FLAT,5.91,59.96,27.3,-27.58,49.0,41.2,0.7114,LOW,PROGRESS,21.476,22.769,23.728,0,71.3087,LAGGARD,21.9515
635,-157,CCL,Carnival,Consumer Discretionary,"Hotels, Resorts & Cruise Lines",large,27.85,71.92,0.0421,0.0513,-0.0849,FLAT,-3.25,58.97,87.15,-29.3,52.21,58.87,0.9353,LOW,PROGRESS,25.3085,28.4755,28.8296,0,52.2988,LAGGARD,21.9385
636,91,ASB,ASSOCIATED BANCORP,Financials,,mid,27.64,70.63,0.0142,0.0392,0.0155,FLAT,7.86,48.66,44.66,-16.37,50.2,29.02,0.6405,LOW,-,25.3755,26.4698,25.5608,1,84.1808,CONTENDER,21.9208
637,94,BRSP,BRIGHTSPIRE CAPITAL INC CLASS A,Financials,,small,5.8,68.18,-0.0143,-0.027,-0.0097,FLAT,18.78,46.89,18.8,-12.12,49.4,23.92,0.6286,LOW,-,5.5055,5.6033,5.264,1,96.8385,CONTENDER,21.9032
638,30,SLAB,SILICON LABORATORIES INC,Information Technology,,mid,210.38,76.19,-0.0326,0.0305,0.4732,STRONG_DOWN,55.94,138.55,62.03,-24.37,52.21,100.31,0.3647,LOW,-,206.944,199.377,151.5637,1,72.115,LEADER,21.9007
639,30,SBH,SALLY BEAUTY HOLDINGS INC,Consumer Discretionary,,small,14.44,79.45,0.0424,-0.055,-0.0283,FLAT,-7.2,72.93,32.23,-21.82,51.81,45.83,0.5593,LOW,-,13.864,14.9952,14.1354,1,82.4507,LEADER,21.8277
640,-242,ADPT,ADAPTIVE BIOTECHNOLOGIES CORP,Health Care,,mid,13.4,61.72,-0.1206,-0.0626,-0.12,FLAT,-13.83,73.46,401.87,-39.35,50.2,70.92,0.8521,LOW,EARLY,13.6385,15.1886,14.6985,0,51.9999,LAGGARD,21.8117
641,-23,IBP,INSTALLED BUILDING PRODUCTS INC,Consumer Discretionary,,mid,285.66,76.71,0.019,0.0026,0.0879,FLAT,18.59,69.86,22.52,-24.57,47.79,49.24,0.9505,LOW,-,271.665,296.8121,260.527,1,67.8056,LEADER,21.8013
642,-12,USLM,UNITED STATES LIME AND MINERALS IN,Materials,,mid,136.24,52.94,-0.0317,0.1139,0.0239,FLAT,9.95,51.81,135.94,-22.46,53.82,43.82,1.0249,MED,-,126.1885,119.146,119.6913,1,63.6311,CONTENDER,21.7685
643,-3,CCBG,CAPITAL CITY BANK INC,Financials,,small,46.77,61.54,0.0082,0.038,0.0621,STRONG_DOWN,11.18,43.83,86.57,-12.94,53.82,26.68,1.1675,MED,-,43.3835,42.7889,41.6364,1,88.4087,CONTENDER,21.714
644,37,CRGY,CRESCENT ENERGY CLASS A,Energy,,mid,12.65,48.86,-0.0403,0.0218,0.2686,STRONG_DOWN,41.33,78.84,15.45,-22.34,53.82,51.19,0.9086,LOW,-,12.866,11.4392,9.3623,1,82.8909,LAGGARD,21.6998
645,-142,CRNX,CRINETICS PHARMACEUTICALS INC,Health Care,,mid,39.63,50.0,0.0396,0.0674,-0.2153,FLAT,-10.8,47.6,-13.66,-40.33,46.99,43.26,0.7574,LOW,PROGRESS,36.605,41.0232,39.9986,0,51.7018,LAGGARD,21.6897
646,159,FBK,FB FINANCIAL CORP,Financials,,mid,56.44,57.34,0.007,0.0157,-0.0635,FLAT,-4.02,40.46,67.75,-17.08,54.22,30.89,1.1835,MED,-,52.3625,55.2169,53.7758,1,71.0216,CONTENDER,21.6792
647,165,HTB,HOMETRUST BANCSHARES INC,Financials,,small,46.11,66.43,0.0216,0.0231,0.0204,FLAT,15.7,46.09,,-9.67,52.61,24.73,0.7819,LOW,-,42.6805,43.0417,41.2271,1,98.0488,CONTENDER,21.6745
648,-2,BIIB,Biogen,Health Care,Biotechnology,large,177.11,53.52,-0.0267,-0.0751,-0.0074,FLAT,17.31,56.21,-12.13,-14.34,52.21,36.76,0.9647,LOW,-,182.541,186.2714,160.2257,1,79.8336,CONTENDER,21.6181
649,73,ETN,Eaton Corporation,Industrials,Electrical Components & Equipment,large,400.44,55.08,0.0589,0.0933,0.2178,STRONG_DOWN,6.63,49.33,30.25,-19.36,53.41,35.28,0.7523,LOW,-,363.826,365.7418,357.1248,1,74.6774,CONTENDER,21.6112
650,75,WWW,WOLVERINE WORLD WIDE INC,Consumer Discretionary,,small,17.18,70.55,0.033,0.044,-0.0374,FLAT,-32.6,57.47,88.32,-54.62,49.8,52.45,0.4692,LOW,-,16.2636,17.0759,20.9592,0,54.5675,LAGGARD,21.5787
651,-117,RRR,RED ROCK RESORTS ORS CLASS A INC,Consumer Discretionary,,mid,56.4,63.01,-0.0203,-0.0619,-0.064,STRONG_UP,0.81,47.63,0.51,-20.3,54.62,35.02,0.6856,LOW,EARLY,56.6485,59.5076,57.9152,0,74.2893,LAGGARD,21.5503
652,36,TGT,Target Corporation,Consumer Staples,Consumer Staples Merchandise Retail,large,124.03,74.19,0.0044,0.0579,0.1083,STRONG_DOWN,40.37,39.91,-22.09,-20.27,54.22,30.61,0.4986,LOW,-,118.175,115.7787,99.9251,1,70.6974,CONTENDER,21.5398
653,82,STEL,STELLAR BANCORP INC,Financials,,small,37.72,77.62,-0.02,-0.0223,0.1577,FLAT,23.32,53.77,71.73,-11.68,52.21,30.72,0.6712,LOW,-,36.1925,37.1619,32.0555,1,91.3835,LEADER,21.512
654,-58,GPGI,GPGI INC CLASS A,Information Technology,,mid,16.39,56.08,-0.095,-0.1899,-0.1944,STRONG_UP,-19.57,58.99,207.61,-38.22,53.82,66.57,0.665,LOW,EARLY,17.132,20.6957,19.3929,0,47.6927,LAGGARD,21.5103
655,-17,DCH,DAUCH CORPORATION,Consumer Discretionary,,small,5.77,86.3,-0.0991,0.0148,-0.1974,FLAT,-1.87,84.94,-20.19,-42.44,51.41,68.45,0.5201,LOW,-,5.6535,6.6002,6.1043,0,63.7919,LAGGARD,21.4436
656,90,ORRF,ORRSTOWN FINANCIAL SERVICES INC,Financials,,small,38.95,76.92,0.0183,0.0624,0.0572,FLAT,17.66,52.97,64.1,-13.19,49.8,29.43,0.525,LOW,-,35.631,36.3431,34.6332,1,89.637,LEADER,21.4323
657,187,FMBH,FIRST MID BANCSHARES INC,Financials,,small,43.93,63.64,0.005,0.0313,0.0769,STRONG_DOWN,20.91,44.71,56.16,-13.93,51.0,26.54,1.2093,MED,-,40.7745,41.7176,39.1492,1,85.9188,CONTENDER,21.4314
658,18,OSIS,OSI SYSTEMS INC,Information Technology,,mid,294.48,56.61,0.0616,0.0412,0.0942,FLAT,18.45,59.66,115.75,-18.47,55.42,41.74,0.6494,LOW,-,276.176,275.5836,254.7839,1,79.2154,CONTENDER,21.4282
659,85,ORC,ORCHID ISLAND CAPITAL INC,Financials,,small,7.19,63.99,-0.0301,-0.0914,-0.0152,FLAT,9.52,45.16,26.78,-15.79,49.4,24.53,0.606,LOW,-,6.9982,7.2108,6.7354,1,90.9359,CONTENDER,21.4196
660,-21,DAWN,DAY ONE BIOPHARMACEUTICALS INC,Health Care,,mid,21.48,85.55,-0.024,0.0065,1.3637,STRONG_DOWN,184.13,217.75,49.06,-26.86,47.39,162.75,0.3079,LOW,-,21.393,16.1654,9.9782,1,63.4055,LEADER,21.4155
661,-139,OGS,ONE GAS INC,Utilities,,mid,90.64,51.92,-0.0007,0.0071,0.0436,STRONG_DOWN,13.73,26.61,54.84,-11.75,57.83,16.17,0.475,LOW,-,86.8475,85.147,78.4866,1,95.1507,CONTENDER,21.4004
662,0,LXP,LXP INDUSTRIAL TRUST,Real Estate,,mid,49.62,77.65,0.045,0.0513,-0.0603,FLAT,10.95,41.88,23.77,-11.01,53.01,25.78,0.7228,LOW,-,46.7186,47.7251,45.1674,1,86.1175,LEADER,21.3994
663,-13,LLY,Lilly (Eli),Health Care,Pharmaceuticals,large,955.19,43.75,-0.0044,-0.0496,-0.078,STRONG_UP,13.3,33.48,27.1,-30.26,55.82,41.05,0.5309,LOW,-,929.6155,987.1778,899.1262,1,45.5247,LAGGARD,21.3984
664,39,RCAT,RED CAT HOLDINGS INC,Industrials,,small,11.93,79.24,-0.1283,-0.2943,-0.0272,FLAT,-16.86,105.69,1227.03,-60.08,48.19,123.18,0.6776,LOW,-,14.1787,13.6752,10.7751,1,41.3475,LEADER,21.3975
665,-9,TXT,Textron,Industrials,Aerospace & Defense,large,91.41,51.27,-0.0121,-0.0523,-0.0387,FLAT,6.07,41.81,-4.24,-14.69,55.82,29.86,0.3518,LOW,-,89.4315,93.0525,85.9525,1,78.1621,CONTENDER,21.3833
666,-8,LION,LIONSGATE STUDIOS CORP,Communication,,mid,10.64,65.22,0.0965,0.0473,0.0644,FLAT,72.45,63.69,-0.65,-31.41,46.59,50.34,0.9283,LOW,-,9.676,9.3196,7.5952,1,58.9477,CONTENDER,21.3638
667,-31,BALL,Ball Corporation,Materials,"Metal, Glass & Plastic Containers",large,62.87,42.65,0.0149,-0.023,0.103,FLAT,30.01,38.8,-3.2,-21.96,52.21,30.23,0.6083,LOW,-,60.1085,62.5254,54.5287,1,67.0136,LAGGARD,21.3453
668,118,PCAR,Paccar,Industrials,Construction Machinery & Heavy Transportation Equipment,large,127.05,52.54,0.0237,0.0434,0.0425,FLAT,35.21,46.79,14.27,-14.07,44.98,26.5,0.7176,LOW,-,116.413,121.4044,105.9991,1,79.4257,CONTENDER,21.3308
669,-64,SMCI,Supermicro,Information Technology,"Technology Hardware, Storage & Peripherals",large,23.22,16.4,-0.0386,-0.2898,-0.1834,FLAT,-60.43,-31.06,-74.44,-66.18,46.99,98.12,0.7686,LOW,EARLY,24.98,28.9412,39.4689,0,-14.8733,WEAK,21.3039
670,-83,WMT,Walmart,Consumer Staples,Consumer Staples Merchandise Retail,large,129.13,77.42,0.0013,0.0616,0.0744,STRONG_DOWN,26.0,43.78,117.34,-10.92,52.61,27.02,0.4529,LOW,-,123.9181,125.0108,109.4996,1,85.2361,LEADER,21.2983
671,-111,BCRX,BIOCRYST PHARMACEUTICALS INC,Health Care,,mid,9.89,52.34,0.0716,0.1606,0.3394,STRONG_DOWN,35.85,54.29,103.08,-44.24,45.38,53.81,0.7992,LOW,-,9.3815,8.2084,7.8705,1,45.785,CONTENDER,21.2821
672,8,LNT,Alliant Energy,Utilities,Electric Utilities,large,73.72,50.0,-0.0083,-0.0055,-0.0059,FLAT,10.33,26.38,61.88,-7.01,57.43,16.25,0.6269,LOW,-,71.552,70.3568,66.1438,1,93.2294,CONTENDER,21.2667
673,-2,SYNA,SYNAPTICS INC,Information Technology,,mid,74.0,55.56,-0.0406,-0.055,-0.0629,STRONG_UP,8.33,55.92,-19.15,-29.31,50.2,48.85,0.9088,LOW,-,72.955,78.9284,72.85,1,57.4662,CONTENDER,21.2608
674,79,PIPR,PIPER SANDLER COMPANIES,Financials,,mid,83.25,76.57,0.0199,0.0721,-0.1025,FLAT,0.21,52.88,80.58,-24.56,53.01,43.26,0.6943,LOW,-,75.3385,77.9122,80.7784,1,64.8038,LEADER,21.2416
675,-90,SHOP,Shopify,Technology,Computer Software,large,112.38,62.5,-0.0505,-0.0866,-0.1316,STRONG_UP,-32.48,32.79,56.13,-38.18,51.0,61.51,0.8885,LOW,EARLY,119.243,121.796,141.2155,0,27.1871,LAGGARD,21.2405
676,-87,AXON,Axon Enterprise,Industrials,Aerospace & Defense,large,351.33,3.81,-0.1992,-0.3537,-0.4625,STRONG_UP,-51.7,-36.27,10.39,-59.66,53.01,69.38,2.0326,HIGH,EARLY,450.401,471.5064,631.8557,0,-27.7097,WEAK,21.2116
677,64,PEB,PEBBLEBROOK HOTEL TRUST REIT,Real Estate,,small,13.64,89.41,0.0342,0.0682,0.088,STRONG_DOWN,27.81,61.04,-11.06,-16.39,47.39,37.56,1.2466,MED,-,12.4796,12.4303,11.3273,1,77.0137,LEADER,21.187
678,-26,MD,PEDIATRIX MEDICAL GROUP INC,Health Care,,small,21.34,54.69,-0.0178,0.074,0.0009,FLAT,24.58,57.37,122.76,-23.65,55.02,38.42,0.4113,LOW,-,20.5895,20.4974,18.6869,1,82.1643,CONTENDER,21.1827
679,154,MGY,MAGNOLIA OIL GAS CORP CLASS A,Energy,,mid,29.66,30.68,-0.0259,-0.0178,0.0631,STRONG_DOWN,24.77,55.1,15.91,-15.34,53.01,31.48,0.8642,LOW,-,30.7295,28.5445,24.3472,1,92.7866,LAGGARD,21.1711
680,76,UMBF,UMB FINANCIAL CORP,Financials,,mid,120.81,54.2,0.0004,0.0055,-0.0388,FLAT,2.31,39.08,54.31,-18.57,49.4,29.06,1.1806,MED,-,112.6015,119.2406,115.2281,1,66.441,CONTENDER,21.0935
681,4,SONO,SONOS INC,Consumer Discretionary,,small,13.04,71.23,-0.0848,-0.1006,-0.1897,STRONG_UP,-27.72,57.49,-27.07,-33.72,49.0,41.93,0.6209,LOW,-,13.3235,14.5336,14.9638,0,67.1812,LAGGARD,20.9923
682,78,BY,BYLINE BANCORP INC,Financials,,small,33.5,64.34,-0.0001,0.0186,0.0829,STRONG_DOWN,22.46,45.28,72.07,-12.64,53.01,24.9,0.6458,LOW,-,31.262,31.8305,28.9748,1,96.4032,CONTENDER,20.976
683,-155,ASO,ACADEMY SPORTS AND OUTDOORS INC,Consumer Discretionary,,mid,55.68,64.38,-0.0742,-0.0562,0.0173,STRONG_DOWN,6.65,49.22,-5.62,-26.42,50.2,42.74,1.2326,MED,-,54.6785,57.0863,52.1671,1,57.8135,CONTENDER,20.9752
684,108,FIHL,FIDELIS INSURANCE HOLDINGS LTD,Financials,,small,20.34,45.45,0.013,0.0166,0.0391,STRONG_DOWN,9.83,32.94,14.89,-15.99,57.03,21.91,1.2905,MED,-,19.0705,19.1578,17.9922,1,85.7299,LAGGARD,20.955
685,144,WS,WORTHINGTON STEEL INC,Materials,,small,34.43,51.47,0.1048,-0.0335,-0.1054,STRONG_UP,10.32,49.15,2.82,-42.0,53.41,56.77,1.0059,MED,-,31.6595,38.1333,33.9585,1,46.238,CONTENDER,20.9077
686,-170,COCO,THE VITA COCO COMPANY INC,Consumer Staples,,mid,48.83,85.48,-0.014,-0.144,-0.1879,STRONG_UP,17.95,59.42,93.46,-23.23,53.41,53.88,0.8979,LOW,-,52.4415,54.1638,45.8819,1,58.9006,LEADER,20.9074
687,75,AAPL,Apple Inc.,Information Technology,"Technology Hardware, Storage & Peripherals",large,260.49,46.56,-0.0207,-0.0214,0.0476,FLAT,1.13,37.39,56.67,-13.8,53.82,25.04,0.5555,LOW,-,253.049,260.7565,250.0012,1,80.3728,LAGGARD,20.8922
688,-87,TDY,Teledyne Technologies,Information Technology,Electronic Equipment & Instruments,large,654.98,49.21,0.0144,-0.0208,0.2343,FLAT,11.39,42.72,62.74,-18.39,54.62,33.07,0.5495,LOW,-,627.5765,644.5208,565.8678,1,70.5566,LAGGARD,20.8517
689,-228,AORT,ARTIVION INC,Health Care,,small,36.51,53.12,0.0436,-0.0004,-0.1456,STRONG_UP,-10.93,55.16,70.05,-29.77,52.61,40.34,0.5978,LOW,-,35.8385,37.459,40.1645,0,71.9424,LAGGARD,20.8365
690,-107,UAL,United Airlines Holdings,Industrials,Passenger Airlines,large,97.67,57.63,0.0091,0.0449,-0.1898,FLAT,-0.43,55.65,130.52,-27.5,52.21,56.94,0.8639,LOW,PROGRESS,91.6805,100.7796,99.8396,0,51.0266,LAGGARD,20.7924
691,79,MTD,Mettler Toledo,Health Care,Life Sciences Tools & Services,large,1335.0,44.14,0.0347,0.082,-0.0485,FLAT,0.49,33.81,2.26,-22.44,51.41,27.63,0.7539,LOW,-,1242.1255,1305.8558,1327.6327,1,62.9072,LAGGARD,20.7806
692,-51,MAC,MACERICH REIT,Real Estate,,mid,21.09,84.71,0.0485,0.0893,0.0986,STRONG_DOWN,24.95,52.88,44.58,-12.8,53.82,33.92,0.726,LOW,-,19.0705,19.1613,17.6821,1,83.9097,LEADER,20.7593
693,111,FULT,FULTON FINANCIAL CORP,Financials,,mid,21.82,70.98,0.0131,0.0288,0.0824,STRONG_DOWN,20.15,48.94,56.89,-15.52,51.0,29.77,0.7685,LOW,-,19.9953,20.6867,18.9491,1,83.8407,CONTENDER,20.7445
694,53,ZGN,ERMENEGILDO ZEGNA NV,Consumer Discretionary,,mid,11.55,82.88,0.0507,0.0737,0.1049,STRONG_DOWN,14.02,76.67,1.66,-21.88,49.8,54.46,0.8367,LOW,-,10.168,10.4224,9.7378,1,70.1079,LEADER,20.7431
695,-86,MCRI,MONARCH CASINO AND RESORT INC,Consumer Discretionary,,small,98.94,52.05,-0.0217,-0.0218,0.0912,FLAT,1.57,35.23,41.76,-17.47,54.22,22.05,0.8058,LOW,-,97.5705,96.3173,96.4822,1,86.617,CONTENDER,20.7374
696,95,FTRE,FORTREA HOLDINGS INC,Health Care,,small,9.38,64.84,-0.0328,-0.0092,-0.4218,FLAT,-7.4,80.04,-75.98,-51.79,49.0,74.29,0.4531,LOW,-,9.4185,11.022,10.7341,0,52.7915,LAGGARD,20.7209
697,16,EQIX,Equinix,Real Estate,Data Center REITs,large,1031.5699,71.76,-0.0006,0.0497,0.2703,STRONG_DOWN,29.85,36.95,38.83,-19.63,53.41,29.24,0.6306,LOW,-,982.363,935.2134,815.6549,1,67.4842,CONTENDER,20.6693
698,95,WSBC,WESBANCO INC,Financials,,mid,36.71,58.39,0.0082,0.0319,0.0404,STRONG_DOWN,11.51,41.52,46.48,-12.9,50.2,26.97,1.2566,MED,-,34.0505,34.8936,32.4254,1,77.2873,CONTENDER,20.6634
699,31,COLL,COLLEGIUM PHARMACEUTICAL INC,Health Care,,small,35.25,48.05,0.0661,-0.0153,-0.237,STRONG_UP,6.4,42.89,-7.21,-35.81,54.22,41.15,1.0608,MED,-,33.9552,39.8053,39.1693,0,56.5075,WEAK,20.6382
700,7,TALK,TALKSPACE INC,Health Care,,small,5.165,69.53,-0.0283,-0.0059,0.32,STRONG_DOWN,83.16,89.89,41.12,-33.43,47.79,59.25,0.3332,LOW,-,5.1525,4.6908,3.4176,1,72.5034,CONTENDER,20.6233
701,-12,TJX,TJX Companies,Consumer Discretionary,Apparel Retail,large,165.0,47.95,-0.022,0.024,0.0821,STRONG_DOWN,17.93,31.02,75.8,-10.13,51.81,20.17,1.0787,MED,-,157.8655,156.6335,144.6781,1,79.6829,LAGGARD,20.5898
702,-48,MCHB,MECHANICS BANCORP CLASS A,Financials,,mid,15.43,75.17,-0.0165,0.0224,0.0387,STRONG_DOWN,20.72,52.27,23.31,-9.35,51.81,30.41,0.8885,LOW,-,14.576,14.6512,13.5502,1,89.0467,LEADER,20.5604
703,-52,SCHW,Charles Schwab Corporation,Financials,Investment Banking & Brokerage,large,97.27,46.85,-0.0127,-0.0266,-0.062,STRONG_UP,4.36,33.33,40.44,-14.61,58.63,27.3,0.4307,LOW,-,94.003,96.1058,95.2875,1,71.5877,LAGGARD,20.5364
704,204,SWK,Stanley Black & Decker,Industrials,Industrial Machinery & Supplies & Components,large,73.43,41.53,0.0197,-0.0368,-0.1246,STRONG_UP,3.27,31.14,-14.11,-26.03,47.39,38.41,1.148,MED,-,70.0545,78.1155,72.9053,1,38.4185,LAGGARD,20.5248
705,23,MBWM,MERCANTILE BANK CORP,Financials,,small,53.94,61.19,-0.0018,0.0041,0.0573,STRONG_DOWN,21.37,43.41,63.49,-12.91,51.0,26.84,1.3468,MED,-,50.523,51.6923,47.7162,1,82.494,CONTENDER,20.4883
706,6,GILD,Gilead Sciences,Health Care,Biotechnology,large,142.09,48.83,-0.0083,-0.0262,0.2257,FLAT,21.64,43.85,122.17,-13.34,52.21,29.09,0.5672,LOW,-,140.086,144.3562,123.5855,1,78.7082,LAGGARD,20.4766
707,70,CAC,CAMDEN NATIONAL CORP,Financials,,small,51.27,67.13,0.0133,0.0533,0.1226,STRONG_DOWN,36.05,46.34,87.63,-16.82,52.61,31.39,1.3956,MED,-,47.1365,47.7058,42.0837,1,77.6628,CONTENDER,20.4506
708,8,CASH,PATHWARD FINANCIAL INC,Financials,,mid,94.95,58.74,0.0053,-0.0095,0.243,FLAT,27.73,41.66,95.25,-20.68,51.81,30.57,0.9171,LOW,-,90.603,91.1857,79.0729,1,70.5991,CONTENDER,20.415
709,-176,ALGT,ALLEGIANT TRAVEL,Industrials,,small,86.88,69.92,-0.0015,0.0254,-0.0961,FLAT,39.45,87.32,41.26,-34.96,48.19,65.01,0.7853,LOW,-,80.656,91.7628,73.1574,1,64.7293,CONTENDER,20.4007
710,28,MPB,MID PENN BANCORP INC,Financials,,small,34.09,62.94,0.0044,0.0116,0.0596,STRONG_DOWN,22.86,44.23,82.85,-15.49,51.81,28.93,1.4554,MED,-,31.914,32.5854,30.0059,1,79.2189,CONTENDER,20.3956
711,273,CTS,CTS CORP,Information Technology,,small,53.39,51.32,0.0677,0.0952,0.2108,STRONG_DOWN,37.95,44.24,17.93,-20.31,52.21,34.87,2.5192,HIGH,-,48.178,51.0111,44.4879,1,66.2405,CONTENDER,20.3891
712,-14,KALV,KALVISTA PHARMACEUTICALS INC,Health Care,,small,19.95,69.14,-0.0229,0.0895,0.3026,STRONG_DOWN,73.63,89.28,67.23,-32.79,49.8,61.95,0.5416,LOW,-,18.1395,16.7356,14.4592,1,71.769,CONTENDER,20.3847
713,-47,FDP,FRESH DEL MONTE PRODUCE INC,Consumer Staples,,small,42.74,79.03,0.0108,0.0519,0.137,STRONG_DOWN,29.37,45.18,82.27,-15.42,52.61,27.53,0.647,LOW,-,41.4435,40.9912,36.5599,1,86.332,LEADER,20.374
714,-122,FRT,Federal Realty Investment Trust,Real Estate,Retail REITs,mid,107.39,60.0,-0.0262,0.0044,-0.0005,FLAT,12.53,26.25,17.5,-6.96,51.81,17.05,1.3751,MED,-,104.5645,104.777,97.7595,1,79.774,CONTENDER,20.3659
715,-50,CALX,CALIX NETWORKS INC,Information Technology,,mid,49.44,53.44,0.0301,-0.0506,0.001,FLAT,-17.53,48.11,56.36,-34.71,53.82,49.73,0.3853,LOW,EARLY,50.131,51.1472,55.7919,0,52.0696,LAGGARD,20.3637
716,-114,RCL,Royal Caribbean Group,Consumer Discretionary,"Hotels, Resorts & Cruise Lines",large,275.89,60.27,-0.0366,-0.0592,-0.0564,FLAT,-9.73,45.42,115.61,-32.36,51.41,60.22,0.8108,LOW,PROGRESS,273.0415,297.3245,301.3854,0,38.7746,LAGGARD,20.3401
717,-74,ARVN,ARVINAS INC,Health Care,,small,11.17,59.77,0.0046,-0.1763,-0.0426,FLAT,14.56,68.73,-69.59,-36.9,51.81,56.01,0.5153,LOW,-,11.119,12.2702,10.2248,1,63.5772,CONTENDER,20.3255
718,-9,INVA,INNOVIVA INC,Health Care,,small,24.2,47.27,0.0277,0.0751,0.2731,STRONG_DOWN,39.32,41.52,65.75,-23.53,51.81,25.0,0.8288,LOW,-,22.618,22.4182,20.2679,1,86.047,LAGGARD,20.2905
719,-188,AGIO,AGIOS PHARMACEUTICALS INC,Health Care,,mid,32.92,40.62,-0.0902,0.1685,0.2105,STRONG_DOWN,-22.72,30.07,9.95,-50.89,53.01,43.59,0.9103,LOW,SHIFT,30.598,29.1974,33.7726,0,36.5648,WEAK,20.2885
720,46,CAKE,CHEESECAKE FACTORY INC,Consumer Discretionary,,mid,58.77,50.68,0.02,-0.0527,0.0726,FLAT,11.34,32.31,78.56,-36.39,54.22,37.46,0.5618,LOW,-,56.5055,59.6956,56.6081,1,46.7643,CONTENDER,20.2094
721,-66,HIMS,HIMS HERS HEALTH INC CLASS A,Health Care,,mid,19.75,10.16,0.007,-0.2418,-0.3765,STRONG_UP,-66.05,-26.33,35.74,-78.06,44.58,116.57,0.427,LOW,EARLY,21.5085,20.3278,39.0475,0,-10.0707,WEAK,20.2028
722,-131,RYTM,RHYTHM PHARMACEUTICALS INC,Health Care,,mid,86.13,50.39,-0.0272,-0.0481,-0.0759,STRONG_UP,-14.07,48.94,109.56,-35.54,51.41,55.53,0.7282,LOW,PROGRESS,85.689,93.6614,97.4783,0,45.3057,LAGGARD,20.1967
723,28,MRX,MAREX GROUP PLC,Financials,,mid,49.98,49.3,0.0888,0.3267,0.2867,FLAT,59.85,35.51,171.45,-41.13,50.2,42.17,,LOW,-,40.6468,40.2859,36.6177,1,42.2685,LAGGARD,20.1805
724,108,LOB,LIVE OAK BANCSHARES INC,Financials,,small,36.59,79.37,0.0461,0.0303,-0.0483,STRONG_UP,2.3,54.62,-3.08,-23.99,49.8,40.86,0.5092,LOW,-,33.0335,36.3905,34.7007,1,66.5731,LEADER,20.1749
725,-92,DAKT,DAKTRONICS INC,Information Technology,,small,19.89,58.2,-0.0274,-0.1006,0.0047,FLAT,-0.3,63.43,106.11,-31.09,51.81,47.77,0.5558,LOW,-,20.137,23.009,19.791,1,68.7995,CONTENDER,20.1724
726,-114,LMT,Lockheed Martin,Industrials,Aerospace & Defense,large,623.87,47.46,-0.0485,-0.072,0.1745,FLAT,22.94,38.22,45.61,-15.56,55.82,29.38,0.5163,LOW,-,627.1365,636.1302,511.5575,1,72.6105,LAGGARD,20.1657
727,-53,CRH,CRH plc,Materials,Construction Materials,large,115.5,44.12,0.0705,0.0679,-0.1295,STRONG_UP,-1.65,39.75,41.65,-23.82,48.19,37.21,0.809,LOW,-,104.6105,113.6246,112.9079,1,51.4849,LAGGARD,20.1135
728,-159,AVAV,AEROVIRONMENT INC,Industrials,,mid,177.7,40.25,-0.0864,-0.1771,-0.5205,STRONG_UP,-56.39,27.87,20.52,-56.82,50.2,83.38,0.7021,LOW,EARLY,196.435,230.1904,275.5992,0,16.7791,WEAK,20.0883
729,-59,TROX,TRONOX HOLDINGS PLC,Materials,,small,8.9,64.71,-0.0665,0.2739,0.6414,STRONG_DOWN,146.57,88.15,-40.89,-51.47,49.8,84.82,0.641,LOW,-,8.362,7.6238,5.1373,1,51.7551,CONTENDER,20.0608
730,-146,SLNO,SOLENO THERAPEUTICS INC,Health Care,,mid,52.51,14.06,0.3048,0.3404,0.1956,FLAT,-16.31,-16.48,37.68,-66.04,47.79,88.86,2.0368,HIGH,SHIFT,37.2028,38.7409,56.7637,0,-8.8623,WEAK,20.056
731,181,AVBP,ARRIVENT BIOPHARMA INC,Health Care,,small,27.25,57.03,0.0699,0.103,0.4304,STRONG_DOWN,30.88,61.63,57.61,-33.32,50.2,61.05,2.6154,HIGH,-,23.4985,23.2507,21.1622,1,50.6729,CONTENDER,20.0064
732,168,TBBK,BANCORP INC,Financials,,mid,58.35,50.0,-0.0015,0.0308,-0.1953,FLAT,-23.84,35.82,85.12,-35.92,56.22,53.54,1.0325,MED,SHIFT,53.932,56.3054,65.7469,0,37.6172,LAGGARD,20.0049
733,-40,KURA,KURA ONCOLOGY INC,Health Care,,small,8.85,53.91,0.003,-0.045,-0.0329,FLAT,-12.2,57.19,-55.53,-39.04,50.6,47.87,0.4977,LOW,-,8.434,8.4078,8.6628,1,60.4553,CONTENDER,19.9908
734,67,DOV,Dover Corporation,Industrials,Industrial Machinery & Supplies & Components,large,218.32,47.88,0.0129,0.0058,0.0481,FLAT,33.19,38.32,28.33,-15.34,50.6,26.82,0.5361,LOW,-,209.7435,216.4264,191.0118,1,72.2884,LAGGARD,19.9895
735,-12,URI,United Rentals,Industrials,Trading Companies & Distributors,large,767.36,43.22,-0.0021,-0.0495,-0.1978,STRONG_UP,-22.49,33.48,14.51,-30.04,55.82,46.07,0.536,LOW,PROGRESS,736.0625,802.34,857.2332,0,40.5707,WEAK,19.968
736,149,HGV,HILTON GRAND VACATIONS INC,Consumer Discretionary,,mid,45.16,51.37,0.0712,0.0224,-0.0084,STRONG_UP,6.46,32.98,0.4,-28.48,49.8,39.74,1.0638,MED,-,41.0165,43.9244,44.2849,1,41.3287,CONTENDER,19.9671
737,292,MFA,MFA FINANCIAL INC,Financials,,small,9.98,59.79,-0.0211,-0.0589,0.0584,FLAT,17.44,42.12,23.86,-10.87,50.6,24.19,0.57,LOW,-,9.5251,9.5561,8.9177,1,88.1157,CONTENDER,19.9507
738,34,HTH,HILLTOP HOLDINGS INC,Financials,,mid,38.09,53.5,0.0104,-0.0039,0.0656,FLAT,16.84,38.89,34.98,-13.52,47.79,23.4,0.3425,LOW,-,35.6115,37.0702,33.9417,1,79.4348,CONTENDER,19.9318
739,-79,PAX,PATRIA INVESTMENTS LTD CLASS A,Financials,,mid,12.45,43.71,-0.0666,-0.0353,-0.3096,FLAT,-9.9,31.67,,-35.64,55.82,34.17,0.5546,LOW,PROGRESS,11.8345,12.8213,14.0409,0,51.7306,WEAK,19.8875
740,-61,CSCO,Cisco,Information Technology,Communications Equipment,large,83.17,53.97,0.0158,0.0582,0.1716,STRONG_DOWN,19.53,50.35,78.09,-13.57,55.42,36.46,0.6854,LOW,-,79.2389,79.308,72.7788,1,76.5365,CONTENDER,19.8633
741,46,OSW,ONESPAWORLD HOLDINGS LTD,Consumer Discretionary,,mid,24.68,65.07,0.007,0.1615,0.1574,FLAT,16.65,49.72,96.98,-16.73,52.61,36.11,,LOW,-,22.4395,21.7282,21.3243,1,72.4416,CONTENDER,19.8303
742,78,BBT,BEACON FINANCIAL CORP,Financials,,mid,32.26,65.03,0.0167,0.0534,0.1646,STRONG_DOWN,37.65,45.63,64.86,-13.9,50.6,28.2,0.4994,LOW,-,29.72,29.9117,26.3659,1,81.8716,CONTENDER,19.8301
743,71,HBAN,Huntington Bancshares,Financials,Regional Banks,large,16.59,47.2,0.0009,-0.0047,-0.1177,STRONG_UP,3.47,33.66,32.43,-21.26,52.61,32.44,0.5805,LOW,-,15.5016,16.5697,16.5363,1,54.5813,LAGGARD,19.8225
744,24,VC,VISTEON CORP,Consumer Discretionary,,mid,96.65,60.96,0.0136,0.0449,-0.0363,FLAT,-16.6,45.46,-14.1,-33.97,48.59,44.42,0.779,LOW,SHIFT,89.341,93.4186,104.9653,0,49.7312,LAGGARD,19.8218
745,230,AMZN,Amazon,Consumer Discretionary,Broadline Retail,large,233.65,46.58,0.0697,0.0777,-0.0191,FLAT,3.74,28.93,25.65,-21.74,54.22,32.96,1.3036,MED,-,210.7565,213.4952,224.7294,1,47.5933,LAGGARD,19.8042
746,-6,DEC,DIVERSIFIED ENERGY COMPANY,Energy,,small,16.33,38.64,-0.026,0.0894,-0.1016,FLAT,22.92,63.78,43.92,-24.8,55.02,45.45,0.552,LOW,-,16.368,14.5793,13.9779,1,77.2083,LAGGARD,19.7818
747,-69,HWKN,HAWKINS INC,Materials,,mid,147.73,41.18,-0.0611,-0.0469,-0.0969,FLAT,-17.05,34.45,96.12,-34.79,53.41,44.19,1.1749,MED,SHIFT,146.0895,144.5578,152.9418,0,41.6344,WEAK,19.7594
748,-47,CNP,CenterPoint Energy,Utilities,Multi-Utilities,large,44.13,44.23,-0.0106,-0.0191,0.0304,FLAT,12.79,24.76,69.59,-8.39,54.62,15.85,0.7856,LOW,-,43.112,42.3512,39.0442,1,85.3115,LAGGARD,19.7533
749,-121,MARA,MARA HOLDINGS INC,Information Technology,,mid,9.67,21.16,0.0735,0.1185,-0.0338,FLAT,-52.13,-17.63,-44.36,-70.53,47.39,95.88,1.0443,MED,SHIFT,8.744,8.5454,13.5232,0,-8.7149,WEAK,19.7426
750,0,KRG,KITE REALTY GROUP TRUST REIT,Real Estate,,mid,25.23,65.88,-0.0095,-0.0379,-0.0023,FLAT,16.61,29.85,38.45,-9.27,51.81,18.52,0.7723,LOW,-,24.8265,25.029,22.8396,1,83.4925,CONTENDER,19.7411
751,-169,MIAX,MIAMI INTERNATIONAL HOLDINGS INC,Financials,,mid,41.35,48.6,-0.0206,-0.0291,-0.058,STRONG_UP,-7.43,34.52,34.52,-26.79,53.99,31.85,0.7016,LOW,-,39.4345,40.5244,,0,58.508,WEAK,19.6997
752,-130,CRSP,CRISPR THERAPEUTICS AG,Health Care,,mid,51.72,50.78,0.0197,0.0316,-0.0426,FLAT,-32.64,50.96,-16.23,-42.25,49.0,66.59,0.4694,LOW,SHIFT,48.1635,51.4802,56.3125,0,37.5011,LAGGARD,19.6962
753,-36,CPF,CENTRAL PACIFIC FINANCIAL CORP,Financials,,small,33.92,65.73,0.0066,0.0277,0.037,STRONG_DOWN,16.47,45.88,92.65,-12.3,53.01,27.21,0.5561,LOW,-,31.674,32.3563,30.0943,1,89.3738,CONTENDER,19.6767
754,-57,TILE,INTERFACE INC,Industrials,,small,26.92,52.12,0.0085,-0.0641,-0.1236,STRONG_UP,-0.07,43.49,73.02,-29.88,49.0,32.34,,LOW,-,25.7594,29.2753,27.1724,0,65.897,LAGGARD,19.6756
755,19,HON,Honeywell,Industrials,Industrial Conglomerates,large,236.06,41.95,-0.0214,-0.0467,0.1207,FLAT,20.66,32.29,33.53,-16.03,51.41,23.84,0.7385,LOW,-,228.034,233.8329,209.6809,1,69.6251,LAGGARD,19.6373
756,-192,O,Realty Income,Real Estate,Retail REITs,large,63.2,51.76,-0.0159,-0.0291,0.0421,FLAT,10.04,23.32,35.44,-11.1,53.41,16.37,0.6622,LOW,-,62.0163,63.2243,58.2747,1,76.0823,CONTENDER,19.6371
757,121,RNST,RENASANT CORP,Financials,,mid,39.74,67.83,0.0235,0.0267,0.0712,STRONG_DOWN,10.08,46.64,44.77,-17.19,50.2,31.02,0.6456,LOW,-,36.1869,37.8326,36.5291,1,75.4702,CONTENDER,19.6166
758,-261,NEXT,NEXTDECADE CORP,Energy,,mid,7.365,6.82,-0.0433,0.2353,0.1332,FLAT,10.67,7.36,22.14,-60.0,47.39,73.77,1.2222,MED,-,7.3158,6.1441,7.1969,1,4.729,LAGGARD,19.5855
759,-26,XEL,Xcel Energy,Utilities,Multi-Utilities,large,82.77,46.15,0.0054,-0.0172,-0.0034,FLAT,2.66,24.82,64.58,-11.5,55.42,17.68,0.8166,LOW,-,79.7173,79.524,75.4014,1,77.7954,LAGGARD,19.562
760,-192,TMDX,TRANSMEDICS GROUP INC,Health Care,,mid,109.2,48.44,0.0596,-0.1582,-0.1659,STRONG_UP,-7.5,42.99,14.17,-37.3,49.8,51.21,0.5919,LOW,EARLY,109.3958,125.2274,123.8395,0,41.8045,WEAK,19.5207
761,23,AXP,American Express,Financials,Consumer Finance,large,317.77,43.01,0.0089,-0.0345,-0.1927,STRONG_UP,-1.09,30.06,49.2,-23.9,54.22,32.29,0.5222,LOW,PROGRESS,300.7647,320.4059,333.7654,0,50.4726,WEAK,19.5094
762,40,BUSE,FIRST BUSEY CORP,Financials,,mid,26.95,62.24,0.0026,0.0074,0.0845,STRONG_DOWN,17.77,43.96,31.07,-11.82,49.4,26.05,0.8764,LOW,-,25.1815,25.5688,23.8947,1,83.3671,CONTENDER,19.4707
763,-18,STKL,SUNOPTA INC,Consumer Staples,,small,6.48,91.94,-0.0277,0.0168,0.6673,STRONG_DOWN,8.54,73.26,3.51,-50.22,44.58,72.86,0.1421,LOW,-,6.471,6.2066,5.5037,1,44.826,LEADER,19.4282
764,-27,CTRA,Coterra,Energy,Oil & Gas Exploration & Production,large,33.48,22.73,-0.0127,0.0312,0.0467,STRONG_DOWN,40.36,40.19,26.96,-15.51,57.43,30.39,0.508,LOW,-,34.149,31.7948,26.3159,1,75.9506,LAGGARD,19.4254
765,-65,MLM,Martin Marietta Materials,Materials,Construction Materials,large,625.5,39.71,0.014,0.004,-0.0779,STRONG_UP,-1.45,32.32,4.27,-20.72,54.62,32.62,0.4486,LOW,-,586.5185,631.2655,614.9082,1,54.1103,LAGGARD,19.4218
766,-186,LYV,Live Nation Entertainment,Communication Services,Movies & Entertainment,large,163.66,72.73,0.0388,-0.0055,0.1385,FLAT,9.14,26.64,61.37,-27.84,52.21,35.41,0.6148,LOW,-,154.855,154.5352,151.2357,1,39.2827,CONTENDER,19.4182
767,-189,SMR,NUSCALE POWER CORP CLASS A,Industrials,,mid,9.3,2.97,-0.134,-0.2813,-0.5629,STRONG_UP,-75.65,-37.37,71.59,-82.86,48.19,85.85,0.739,LOW,EARLY,10.9765,13.1622,27.829,0,-20.9789,WEAK,19.3986
768,74,VAC,MARRIOTT VACATIONS WORLDWIDE CORP,Consumer Discretionary,,mid,68.5,54.11,-0.0286,-0.0284,0.1291,STRONG_DOWN,7.54,35.96,-25.57,-45.84,51.41,56.77,0.5791,LOW,-,67.8115,62.76,64.8222,1,32.5663,CONTENDER,19.3549
769,-78,FLR,FLUOR CORP,Industrials,,mid,49.07,53.81,-0.0093,0.068,0.0944,STRONG_DOWN,11.42,48.38,17.84,-30.19,49.8,43.3,0.5568,LOW,-,46.2975,47.49,45.8041,1,55.6451,CONTENDER,19.3084
770,-28,FAST,Fastenal,Industrials,Trading Companies & Distributors,large,49.1,42.37,0.0104,0.0217,0.146,STRONG_DOWN,4.37,32.29,37.18,-21.9,54.62,29.03,0.8228,LOW,-,45.683,45.875,44.4103,1,60.754,LAGGARD,19.2902
771,-19,KOP,KOPPERS HOLDINGS INC,Materials,,small,37.04,54.41,-0.0427,-0.0516,0.2972,FLAT,40.01,53.51,-32.03,-23.96,50.2,37.6,0.7045,LOW,-,37.3865,35.5048,30.7809,1,71.4431,CONTENDER,19.2464
772,173,MBIN,MERCHANTS BANCORP,Financials,,mid,47.54,69.58,0.0188,0.058,0.3046,STRONG_DOWN,48.53,48.43,25.09,-18.94,54.62,44.41,1.0992,MED,-,43.1465,43.1749,35.4701,1,59.5638,CONTENDER,19.2263
773,153,BDC,BELDEN INC,Information Technology,,mid,128.03,47.09,0.0761,0.0262,0.1551,FLAT,11.11,38.89,47.65,-26.52,53.01,42.82,1.4902,MED,-,116.2815,128.1725,122.4045,1,48.1493,LAGGARD,19.2133
774,-113,NMRK,NEWMARK GROUP INC CLASS A,Real Estate,,mid,15.3,81.18,0.0144,0.0836,-0.1731,FLAT,-9.13,49.34,48.14,-29.08,49.8,47.72,0.6092,LOW,SHIFT,14.6635,15.1209,16.3064,0,51.4898,LAGGARD,19.2068
775,-20,XERS,XERIS BIOPHARMA HOLDINGS INC,Health Care,,small,6.01,51.17,-0.0303,0.0446,-0.2204,FLAT,-26.71,52.15,203.54,-46.57,49.4,50.16,0.8184,LOW,-,5.6495,6.2472,6.9636,0,51.3617,LAGGARD,19.1811
776,60,ZETA,ZETA GLOBAL HOLDINGS CORP CLASS A,Information Technology,,mid,15.32,44.44,-0.0684,-0.1803,-0.3122,STRONG_UP,-22.51,30.83,27.88,-40.37,54.22,66.69,1.1147,MED,EARLY,16.4425,16.9998,18.2274,0,25.0639,WEAK,19.1781
777,114,NNI,NELNET INC CLASS A,Financials,,mid,132.8,40.91,-0.0241,-0.0581,-0.0817,STRONG_UP,3.59,28.75,45.32,-10.11,51.81,21.84,1.0783,MED,-,129.163,130.3515,128.3753,1,68.2129,LAGGARD,19.1269
778,268,BFST,BUSINESS FIRST BANCSHARES INC,Financials,,small,28.76,50.35,-0.0053,0.0177,0.059,STRONG_DOWN,23.23,35.87,49.41,-13.49,50.2,26.61,1.8856,HIGH,-,26.9035,27.6898,25.6273,1,67.6756,CONTENDER,19.1242
779,47,BBUC,BROOKFIELD BUSINESS CORP CLASS A,Industrials,,mid,32.7,49.58,-0.1016,-0.032,-0.0861,FLAT,-7.06,40.84,56.47,-21.01,54.22,38.3,1.0129,MED,PROGRESS,31.8029,33.7617,33.732,0,57.8212,WEAK,19.0644
780,-108,NJR,NEW JERSEY RESOURCES CORP,Utilities,,mid,57.56,48.08,0.0089,0.0225,0.1096,STRONG_DOWN,26.24,25.73,48.83,-10.65,55.42,16.46,0.4547,LOW,-,54.925,53.493,47.474,1,86.6463,LAGGARD,19.0287
781,65,XNCR,XENCOR INC,Health Care,,small,12.53,55.47,-0.0472,0.0364,-0.0766,FLAT,1.05,58.21,-38.18,-40.35,47.79,64.5,1.2793,MED,-,12.0785,11.9864,11.9241,1,43.1274,CONTENDER,19.0156
782,65,FCF,FIRST COMMONWEALTH FINANCIAL CORP,Financials,,small,18.91,52.45,0.0079,0.0545,0.0622,STRONG_DOWN,14.84,37.49,57.46,-15.15,51.81,23.02,0.9726,LOW,-,17.4075,17.7547,16.8482,1,84.382,CONTENDER,19.0111
783,-169,MO,Altria,Consumer Staples,Tobacco,large,67.46,64.52,0.0002,0.0477,0.157,STRONG_DOWN,6.76,28.07,87.33,-16.4,55.82,24.04,0.6827,LOW,-,65.495,65.3661,60.733,1,65.1773,CONTENDER,18.9507
784,-21,LC,LENDINGCLUB CORP,Financials,,small,14.92,84.62,-0.0081,-0.0536,-0.3032,STRONG_UP,-5.33,61.82,79.11,-38.28,52.61,66.19,0.9819,LOW,-,14.255,15.2606,16.3508,0,49.1383,LAGGARD,18.8545
785,-197,GATX,GATX CORP,Industrials,,mid,192.51,42.8,0.0544,0.0701,0.0511,FLAT,11.46,33.17,52.08,-16.74,54.22,25.09,0.8994,LOW,-,171.174,179.969,167.5563,1,71.6914,LAGGARD,18.8021
786,63,BIPC,BROOKFIELD INFRASTRUCTURE CORP CLA,Utilities,,mid,42.06,55.77,0.0273,-0.1626,-0.1804,STRONG_UP,-3.88,29.28,43.97,-25.28,56.22,31.35,0.9374,LOW,PROGRESS,41.0355,45.4411,43.0567,0,52.5007,LAGGARD,18.791
787,0,PFE,Pfizer,Health Care,Pharmaceuticals,large,27.22,44.92,-0.0642,-0.0078,0.1359,STRONG_DOWN,9.67,35.23,17.88,-11.47,52.61,23.72,0.582,LOW,-,27.358,27.112,24.9768,1,78.1351,LAGGARD,18.7024
788,-38,XYZ,"Block, Inc.",Financials,Transaction & Payment Processing Services,large,62.69,28.67,-0.0013,-0.1063,-0.1315,STRONG_UP,-22.71,18.48,-20.15,-39.48,54.22,60.83,,LOW,SHIFT,59.7325,58.7354,68.0477,0,16.4757,WEAK,18.699
789,-182,NOC,Northrop Grumman,Industrials,Aerospace & Defense,large,690.57,45.34,-0.0672,-0.0907,0.1375,FLAT,9.04,35.96,55.87,-15.56,53.82,29.88,0.7803,LOW,-,700.898,709.4513,607.788,1,64.7682,LAGGARD,18.6898
790,-165,FTDR,FRONTDOOR INC,Consumer Discretionary,,mid,57.68,61.64,0.0127,-0.1205,-0.0109,FLAT,-12.41,45.66,90.61,-29.23,53.41,48.87,0.7795,LOW,EARLY,57.6825,59.2818,59.6389,0,49.898,LAGGARD,18.6283
791,36,DTE,DTE Energy,Utilities,Multi-Utilities,large,150.98,38.46,-0.0002,-0.0081,0.0366,FLAT,8.45,21.19,51.44,-10.13,59.44,16.6,,LOW,-,146.5138,143.481,135.9166,1,75.8806,LAGGARD,18.6088
792,18,AMBA,AMBARELLA INC,Information Technology,,mid,53.24,40.74,0.0167,-0.0343,-0.2078,STRONG_UP,-37.39,22.05,11.8,-49.06,48.59,52.68,0.8308,LOW,PROGRESS,52.5115,58.6834,71.3127,0,20.3419,WEAK,18.6078
793,-72,SOUN,SOUNDHOUND AI INC CLASS A,Information Technology,,mid,6.55,20.11,-0.0725,-0.1794,-0.3656,STRONG_UP,-65.31,-20.12,45.23,-72.43,43.78,74.82,0.5434,LOW,EARLY,6.7868,7.6381,11.9337,0,-11.7741,WEAK,18.5703
794,162,EQBK,EQUITY BANCSHARES INC CLASS A,Financials,,small,46.51,48.95,-0.0095,-0.0076,-0.0248,FLAT,13.78,34.93,45.82,-17.02,51.0,26.38,1.4047,MED,-,44.1718,45.1027,42.5626,1,67.5358,LAGGARD,18.5399
795,53,CPRI,CAPRI HOLDINGS LTD,Consumer Discretionary,,mid,19.82,53.42,0.0595,0.0887,-0.2104,FLAT,-6.29,35.48,-53.47,-39.3,49.8,49.92,0.5236,LOW,SHIFT,18.254,19.4974,21.2662,0,35.3898,LAGGARD,18.5186
796,-11,ANF,ABERCROMBIE AND FITCH CLASS A,Consumer Discretionary,,mid,103.49,58.22,0.0777,0.1647,-0.1708,FLAT,35.9,41.79,-9.48,-36.96,49.4,57.68,0.5507,LOW,-,90.487,93.0532,92.4458,1,35.7881,CONTENDER,18.514
797,-102,MITK,MITEK SYSTEMS INC,Information Technology,,small,14.15,61.9,-0.0206,-0.053,0.3785,FLAT,51.5,86.92,-0.28,-18.01,49.4,69.64,1.0681,MED,-,13.941,13.2294,10.6029,1,61.6592,CONTENDER,18.5135
798,-31,TPL,Texas Pacific Land Corporation,Energy,Oil & Gas Exploration & Production,large,377.97,2.27,-0.1307,-0.318,-0.0325,FLAT,19.35,-3.86,95.7,-42.34,53.41,60.34,2.8224,HIGH,-,493.7985,466.9164,350.6336,1,-3.4136,LAGGARD,18.4991
799,-97,ACA,ARCOSA INC,Industrials,,mid,112.01,54.24,-0.0102,-0.0172,-0.0019,FLAT,20.75,49.06,38.13,-21.45,51.0,42.31,0.3852,LOW,-,105.7095,113.6158,102.115,1,59.133,CONTENDER,18.4974
800,88,TGNA,TEGNA INC,Communication,,mid,20.03,47.83,-0.0303,-0.0881,-0.0914,STRONG_UP,-3.6,29.56,53.93,-14.51,47.46,20.65,0.0,LOW,-,20.5762,19.8735,19.0759,1,67.9484,LAGGARD,18.4429
801,-23,TT,Trane Technologies,Industrials,Building Products,large,460.11,46.19,0.0273,0.0319,0.1838,STRONG_DOWN,8.17,36.93,56.72,-20.16,54.22,33.9,0.7476,LOW,-,425.2875,438.0876,421.3413,1,59.0696,LAGGARD,18.4425
802,-70,HSY,Hershey Company (The),Consumer Staples,Packaged Foods & Meats,large,210.84,67.74,-0.0036,-0.0226,0.0787,FLAT,9.36,32.44,16.65,-17.0,51.81,30.05,0.741,LOW,-,212.034,217.0036,189.4594,1,55.9257,CONTENDER,18.439
803,-14,META,Meta Platforms,Communication Services,Interactive Media & Services,large,628.39,50.0,0.0819,-0.032,-0.0021,FLAT,-12.31,15.39,,-33.3,50.2,43.58,1.1592,MED,PROGRESS,591.659,634.0238,682.0815,0,17.7249,LAGGARD,18.4285
804,17,APTV,Aptiv,Consumer Discretionary,Automotive Parts & Equipment,large,60.12,41.78,-0.0593,-0.1672,-0.2724,STRONG_UP,-28.82,21.65,-19.79,-34.34,50.2,45.38,0.8178,LOW,EARLY,67.0465,73.5734,76.8485,0,23.9508,WEAK,18.4053
805,134,IVT,INVENTRUST PROPERTIES CORP,Real Estate,,mid,31.93,54.12,0.0076,0.0335,0.0474,STRONG_DOWN,17.83,24.92,42.31,-8.63,51.0,15.27,0.46,LOW,-,30.8262,30.5097,28.4285,1,83.2427,CONTENDER,18.3867
806,5,GL,Globe Life,Financials,Life & Health Insurance,large,147.39,36.36,-0.0164,-0.0284,0.012,FLAT,8.82,25.33,43.0,-10.87,54.62,18.84,0.6464,LOW,-,139.619,141.7521,136.5841,1,73.4486,LAGGARD,18.3712
807,55,PEBO,PEOPLES BANCORP INC,Financials,,small,34.68,49.65,-0.0135,0.0248,0.0979,STRONG_DOWN,18.76,35.73,40.2,-12.53,49.8,23.38,1.1425,MED,-,32.5135,32.733,30.2603,1,76.0962,LAGGARD,18.3591
808,-90,WINA,WINMARK CORP,Consumer Discretionary,,small,456.87,59.59,0.0173,-0.0167,0.09,FLAT,-3.15,42.52,39.36,-24.17,59.04,38.33,0.6179,LOW,-,428.2645,441.5593,425.0473,1,65.4943,CONTENDER,18.3466
809,-51,COF,Capital One,Financials,Consumer Finance,large,194.73,32.87,0.0207,-0.0064,-0.2605,STRONG_UP,-7.41,21.72,43.16,-31.47,57.83,42.27,0.7893,LOW,PROGRESS,182.719,196.5439,214.7041,0,29.7148,WEAK,18.3182
810,149,CNOB,CONNECTONE BANCORP INC,Financials,,small,28.25,51.75,-0.0049,0.0329,0.0421,STRONG_DOWN,12.88,37.34,66.58,-12.41,51.81,29.85,1.7648,HIGH,-,26.5465,26.8863,25.3353,1,64.8161,CONTENDER,18.3125
811,105,PBI,PITNEY BOWES INC,Industrials,,small,11.41,52.97,-0.0158,0.0576,0.0637,STRONG_DOWN,4.28,46.98,194.53,-28.28,50.2,35.1,0.6184,LOW,-,10.683,10.5758,10.7054,1,67.1842,CONTENDER,18.3079
812,-58,CDP,COPT DEFENSE PROPERTIES,Real Estate,,mid,31.89,68.24,-0.0145,-0.0016,0.0357,STRONG_DOWN,14.9,32.08,49.77,-10.71,50.2,20.66,0.3337,LOW,-,31.1699,31.3496,28.9432,1,77.949,CONTENDER,18.2681
813,-38,WRBY,WARBY PARKER INC CLASS A,Consumer Discretionary,,mid,20.94,55.48,-0.013,-0.1981,-0.2273,STRONG_UP,-14.88,38.04,56.39,-42.26,48.59,76.4,0.5111,LOW,EARLY,22.286,23.628,23.7851,0,24.1904,LAGGARD,18.2374
814,-50,AEE,Ameren,Utilities,Multi-Utilities,large,114.32,42.31,0.0039,-0.0009,0.019,FLAT,11.79,21.61,68.01,-7.9,57.43,15.96,0.7286,LOW,-,110.26,108.8538,101.8964,1,77.7744,LAGGARD,18.1997
815,67,UE,URBAN EDGE PROPERTIES,Real Estate,,mid,20.83,63.53,-0.0092,0.0066,0.0313,STRONG_DOWN,8.47,27.72,40.89,-11.99,50.2,18.32,0.4238,LOW,-,20.399,20.3831,19.4556,1,75.9534,CONTENDER,18.154
816,29,POWI,POWER INTEGRATIONS INC,Information Technology,,mid,54.54,42.33,0.0047,0.1517,0.3834,STRONG_DOWN,43.45,24.65,-18.55,-47.83,48.19,44.53,0.643,LOW,-,49.6295,47.8785,44.1808,1,26.6795,LAGGARD,18.1008
817,0,AMTB,AMERANT BANCORP INC CLASS A,Financials,,small,24.22,52.1,0.0139,0.0775,0.1453,STRONG_DOWN,28.84,37.44,17.98,-22.86,51.0,31.09,1.0496,MED,-,21.822,21.9472,19.9763,1,61.4169,CONTENDER,18.0571
818,72,ATKR,ATKORE INC,Industrials,,mid,67.85,37.29,0.053,0.1022,-0.0313,FLAT,6.16,22.15,-59.37,-32.38,51.81,32.9,1.2929,MED,-,59.5745,63.2379,64.7147,1,34.8807,LAGGARD,18.0426
819,-20,NFLX,Netflix,Communication Services,Movies & Entertainment,large,102.05,45.45,0.0224,0.0859,0.1545,STRONG_DOWN,-15.96,10.78,64.97,-43.35,51.0,40.41,0.6982,LOW,SHIFT,95.1645,89.3316,106.6598,0,13.6089,WEAK,18.0215
820,-96,MEG,MONTROSE ENVIRONMENTAL GRP INC,Industrials,,small,22.56,67.8,-0.0603,-0.186,-0.1596,FLAT,-21.61,76.53,-49.46,-34.03,51.41,71.31,0.3357,LOW,-,22.68,23.7944,25.3625,0,55.1703,LAGGARD,18.0146
821,-42,SERV,SERVE ROBOTICS INC,Consumer Discretionary,,small,8.08,67.12,-0.0888,-0.2634,-0.4434,STRONG_UP,-41.21,52.74,75.65,-56.28,46.99,86.65,0.5781,LOW,-,8.8422,9.5553,11.1747,0,28.6013,LAGGARD,17.9996
822,-27,DE,Deere & Company,Industrials,Agricultural & Farm Machinery,large,618.0,50.42,0.0234,0.0112,0.2025,FLAT,34.99,40.95,54.23,-16.83,51.41,38.01,0.753,LOW,-,575.4094,586.7773,507.2484,1,55.3906,CONTENDER,17.9968
823,18,EOG,EOG Resources,Energy,Oil & Gas Exploration & Production,large,136.58,17.05,-0.024,-0.0074,0.0256,STRONG_DOWN,25.98,35.4,5.59,-18.51,52.61,29.64,0.9627,LOW,-,140.742,128.6964,115.4996,1,62.8352,LAGGARD,17.9818
824,-140,TKO,TKO Group Holdings,Communication Services,Movies & Entertainment,large,197.07,81.82,-0.0475,-0.0131,0.0063,STRONG_DOWN,2.3,37.72,105.39,-15.92,55.42,37.16,0.5795,LOW,-,196.5332,203.5125,192.1251,1,56.2553,LEADER,17.9645
825,-31,INTU,Intuit,Information Technology,Application Software,large,361.69,10.58,-0.1825,-0.199,-0.4049,STRONG_UP,-44.81,-37.05,-41.77,-55.41,49.4,53.11,1.8433,HIGH,EARLY,429.9075,429.6514,617.5935,0,-34.4631,WEAK,17.9617
826,-264,OSCR,OSCAR HEALTH INC CLASS A,Financials,,mid,14.54,29.37,0.1701,0.0093,-0.1647,STRONG_UP,-33.3,18.69,-2.68,-51.71,45.78,61.56,0.7518,LOW,SHIFT,12.641,13.1952,16.0066,0,13.902,WEAK,17.922
827,208,GBX,GREENBRIER INC,Industrials,,small,53.64,45.76,-0.0332,-0.0342,-0.0237,FLAT,19.49,35.98,5.51,-26.98,52.21,40.57,2.4386,HIGH,-,51.383,53.693,47.9641,1,46.3,LAGGARD,17.8609
828,-19,UNF,UNIFIRST CORP,Industrials,,mid,257.26,55.51,-0.0461,-0.0967,0.2401,FLAT,56.9,52.44,61.88,-21.06,51.81,48.62,0.7958,LOW,-,260.8745,242.6334,191.7368,1,55.8812,CONTENDER,17.8491
829,154,WSM,"Williams-Sonoma, Inc.",Consumer Discretionary,Homefurnishing Retail,large,191.31,49.32,0.0177,0.0088,0.0067,STRONG_UP,0.77,31.36,34.47,-20.56,51.0,35.66,0.6578,LOW,-,181.6305,196.499,190.8079,1,44.8543,LAGGARD,17.835
830,99,FLG,FLAGSTAR BANK NATIONAL ASSOCIATION,Financials,,mid,14.13,55.94,-0.0018,0.0656,0.0521,FLAT,18.33,39.38,60.57,-17.47,52.21,33.5,0.6434,LOW,-,13.0035,13.2575,12.2951,1,61.3795,CONTENDER,17.8338
831,-8,CINF,Cincinnati Financial,Financials,Property & Casualty Insurance,large,163.95,38.11,-0.015,-0.0706,-0.0267,FLAT,0.14,27.44,42.26,-10.46,57.03,22.12,0.7582,LOW,-,159.5342,162.0256,156.8216,1,70.7483,LAGGARD,17.7983
832,75,KIM,Kimco Realty,Real Estate,Retail REITs,large,23.07,50.59,-0.011,-0.0144,0.0751,FLAT,10.99,22.32,40.69,-12.7,51.0,18.18,0.5258,LOW,-,22.67,22.4539,21.1034,1,62.6073,CONTENDER,17.7413
833,-8,PFG,Principal Financial Group,Financials,Life & Health Insurance,large,92.32,46.15,-0.0254,-0.0295,-0.0096,FLAT,15.0,33.26,22.21,-11.96,52.21,26.05,0.9323,LOW,-,88.5,91.1567,83.8821,1,66.652,LAGGARD,17.7233
834,-53,PKST,PEAKSTONE REALTY TRUST CLASS E,Real Estate,,small,20.91,96.47,-0.0313,-0.0068,0.459,STRONG_DOWN,56.55,89.32,61.64,-16.14,51.41,67.26,0.2185,LOW,-,20.8685,20.5004,15.2288,1,68.268,LEADER,17.7141
835,22,JBTM,JBT MAREL CORP,Industrials,,mid,129.25,44.49,-0.0175,-0.1225,-0.2251,STRONG_UP,-10.74,35.23,38.95,-27.1,48.19,35.67,0.4607,LOW,PROGRESS,128.551,146.6925,141.63,0,47.5913,WEAK,17.6948
836,-199,BULL,WEBULL CORP CLASS A,Financials,,mid,4.98,1.05,-0.0168,-0.1675,-0.4343,STRONG_UP,-60.66,-58.57,-54.97,-92.64,42.57,56.24,0.6994,LOW,EARLY,5.0695,5.7226,10.1845,0,-44.3329,WEAK,17.6741
837,33,ONB,OLD NATIONAL BANCORP,Financials,,mid,23.64,45.1,0.0151,0.0046,-0.0068,STRONG_UP,9.35,32.41,55.65,-17.73,51.0,28.12,0.8054,LOW,-,21.8915,23.2319,22.0791,1,58.7869,LAGGARD,17.6562
838,-124,CME,CME Group,Financials,Financial Exchanges & Data,large,298.93,30.77,-0.0702,-0.0907,0.123,FLAT,16.06,20.12,53.18,-10.13,57.83,21.78,1.7255,HIGH,-,304.354,301.5862,273.7335,1,53.4167,LAGGARD,17.6105
839,11,ODFL,Old Dominion,Industrials,Cargo Ground Transportation,large,209.5,44.07,0.008,0.0776,0.1912,STRONG_DOWN,45.19,34.59,-1.34,-28.01,52.21,46.57,0.5214,LOW,-,190.584,193.2294,161.4445,1,38.7752,LAGGARD,17.5508
840,64,LEG,LEGGETT & PLATT INC,Consumer Discretionary,,small,10.07,63.7,-0.0058,-0.0556,-0.1287,STRONG_UP,14.2,47.77,-42.85,-25.78,46.18,38.7,0.5391,LOW,-,9.908,10.9651,10.1188,0,57.0017,LAGGARD,17.5349
841,-26,TRV,Travelers Companies (The),Financials,Property & Casualty Insurance,large,303.23,37.41,-0.0186,-0.0634,0.046,FLAT,8.06,25.64,39.72,-8.93,51.81,18.33,0.5173,LOW,-,296.356,297.7029,278.7901,1,72.4781,LAGGARD,17.4928
842,76,SNCY,SUN COUNTRY AIRLINES HOLDINGS INC,Industrials,,small,17.51,62.29,-0.0111,0.0252,0.1055,STRONG_DOWN,52.53,68.53,19.6,-28.85,49.0,55.37,0.4822,LOW,-,16.5135,18.1584,14.2928,1,60.6437,CONTENDER,17.4678
843,-133,EE,EXCELERATE ENERGY INC CLASS A,Energy,,mid,34.74,19.32,0.0808,-0.0456,-0.1116,STRONG_UP,26.06,38.01,123.74,-27.46,53.41,44.79,0.8885,LOW,-,33.745,36.8202,29.2041,1,45.3286,LAGGARD,17.4386
844,42,A,Agilent Technologies,Health Care,Life Sciences Tools & Services,large,115.39,33.98,-0.0262,-0.0029,-0.1662,FLAT,-17.72,16.4,-18.7,-29.75,51.41,25.42,0.5543,LOW,PROGRESS,112.9456,120.0265,129.2211,0,33.1583,WEAK,17.3618
845,6,DJCO,DAILY JOURNAL CORP,Information Technology,,small,549.59,51.85,0.0244,0.0077,-0.016,STRONG_UP,25.33,46.9,56.13,-29.75,57.43,53.89,0.7815,LOW,-,498.374,521.6684,473.7686,1,49.983,CONTENDER,17.321
846,-50,URBN,URBAN OUTFITTERS INC,Consumer Discretionary,,mid,68.72,58.9,0.0202,0.0373,-0.1269,FLAT,-4.26,41.92,78.96,-26.32,48.59,42.92,0.5806,LOW,SHIFT,63.9165,66.712,70.8436,0,47.4634,LAGGARD,17.2983
847,-57,IIIN,INSTEEL INDUSTRIES INC,Industrials,,small,36.07,51.69,0.0168,0.0689,0.0625,FLAT,-3.52,42.29,13.16,-24.12,51.41,35.74,0.3619,LOW,-,33.008,34.7067,34.2662,1,60.8262,CONTENDER,17.2857
848,103,STBA,S AND T BANCORP INC,Financials,,small,44.55,54.9,-0.002,0.0368,0.0875,STRONG_DOWN,22.23,39.26,62.15,-13.37,49.8,25.61,0.9051,LOW,-,41.3995,42.2605,39.1361,1,76.3344,CONTENDER,17.2745
849,7,DUK,Duke Energy,Utilities,Electric Utilities,large,133.0,28.85,-0.0143,-0.0238,0.006,FLAT,8.04,17.86,49.92,-10.88,55.42,14.52,0.6846,LOW,-,130.7265,127.9667,121.3702,1,68.1743,LAGGARD,17.2706
850,4,HIG,Hartford (The),Financials,Property & Casualty Insurance,large,140.4,35.31,-0.0191,-0.0359,-0.0027,FLAT,6.47,24.36,46.24,-9.16,54.22,18.65,0.4702,LOW,-,134.914,137.526,131.2315,1,70.8165,LAGGARD,17.2558
851,-102,YOU,CLEAR SECURE INC CLASS A,Information Technology,,mid,48.99,66.14,-0.0847,0.0813,0.3961,STRONG_DOWN,63.44,92.92,160.43,-22.91,51.41,90.41,0.8482,LOW,-,49.6875,42.5757,35.5201,1,52.837,CONTENDER,17.2341
852,-17,ALGN,Align Technology,Health Care,Health Care Supplies,large,174.53,29.3,-0.0023,-0.0065,0.0647,FLAT,31.14,8.99,-46.76,-39.73,52.61,45.19,0.7217,LOW,-,172.693,177.247,159.2698,1,10.4613,LAGGARD,17.2191
853,-73,GNW,GENWORTH FINANCIAL INC,Financials,,mid,8.73,47.9,-0.0095,-0.0181,-0.0583,STRONG_UP,-0.11,33.9,45.02,-14.07,49.8,27.44,0.6991,LOW,-,8.206,8.4602,8.4654,1,61.5162,LAGGARD,17.2042
854,20,MC,MOELIS CLASS A,Financials,,mid,62.77,41.26,0.0658,0.0655,-0.1719,STRONG_UP,-2.53,28.86,25.89,-33.26,51.81,41.66,0.9728,LOW,SHIFT,55.2955,60.6918,66.3592,0,35.8915,WEAK,17.2035
855,93,HBNC,HORIZON BANCORP INC,Financials,,small,17.61,57.69,0.001,0.0354,0.013,FLAT,11.07,40.74,68.59,-16.65,50.2,30.38,0.9342,LOW,-,16.2551,16.9046,16.2266,1,67.3256,CONTENDER,17.2025
856,80,CIM,CHIMERA INVESTMENT CORP,Financials,,small,13.28,52.8,-0.0157,-0.0471,0.0567,FLAT,8.66,37.75,35.35,-18.18,51.81,29.56,0.8336,LOW,-,12.6002,12.6755,12.4057,1,66.1632,CONTENDER,17.1844
857,-40,CNX,CNX RESOURCES CORP,Energy,,mid,38.82,15.91,0.0229,-0.0857,-0.1812,STRONG_UP,14.78,34.05,57.68,-20.14,55.02,33.92,0.6127,LOW,-,40.1895,39.9544,35.1839,1,55.2259,LAGGARD,17.1826
858,140,AMGN,Amgen,Health Care,Biotechnology,large,355.6,41.02,-0.0034,-0.0633,0.1262,FLAT,22.4,30.33,41.84,-12.41,53.01,29.93,1.0277,MED,-,352.7345,362.4549,317.1339,1,53.7149,LAGGARD,17.1788
859,60,LH,Labcorp,Health Care,Health Care Services,large,273.26,39.06,-0.0271,0.0062,0.1172,STRONG_DOWN,-1.02,26.34,35.01,-15.22,55.42,23.27,0.4743,LOW,-,267.737,273.8766,266.8921,1,62.7334,LAGGARD,17.1679
860,13,DHI,D. R. Horton,Consumer Discretionary,Homebuilding,large,143.74,43.15,-0.016,-0.0146,0.0245,STRONG_DOWN,-8.86,23.39,-1.0,-27.56,49.0,37.05,1.2438,MED,PROGRESS,138.5,149.2802,151.9089,0,30.9291,WEAK,17.1564
861,-146,SXT,SENSIENT TECHNOLOGIES CORP,Materials,,mid,92.69,36.76,-0.0321,-0.0263,-0.0994,FLAT,-0.08,29.63,39.88,-30.7,49.8,32.85,0.7483,LOW,SHIFT,88.575,92.5382,98.368,0,44.914,WEAK,17.1401
862,1,RUSHA,RUSH ENTERPRISES INC CLASS A,Industrials,,mid,71.21,48.31,0.0331,0.07,0.1962,STRONG_DOWN,41.56,38.82,43.04,-20.81,51.0,32.54,0.6053,LOW,-,65.366,67.96,57.5713,1,60.8491,LAGGARD,17.1399
863,47,BOH,BANK OF HAWAII CORP,Financials,,mid,79.56,51.4,0.014,0.0009,0.1011,FLAT,24.85,37.08,47.37,-15.03,47.39,28.41,0.7203,LOW,-,73.9145,75.4679,68.0546,1,61.8594,CONTENDER,17.128
864,-42,XENE,XENON PHARMACEUTICALS INC,Health Care,,mid,58.59,69.92,0.0057,-0.0125,0.4629,FLAT,49.27,90.66,38.09,-25.75,49.4,104.98,0.5358,LOW,-,55.9705,48.9409,41.2833,1,42.6618,CONTENDER,17.1112
865,33,VIR,VIR BIOTECHNOLOGY INC,Health Care,,small,9.83,67.19,0.0601,-0.0039,0.6936,FLAT,62.48,86.17,8.14,-31.96,49.8,86.71,0.5995,LOW,-,9.1268,8.6343,6.3801,1,49.4923,CONTENDER,17.0793
866,6,PPL,PPL Corporation,Utilities,Electric Utilities,large,39.81,32.69,0.0106,0.0125,0.0196,STRONG_DOWN,8.43,20.11,57.7,-11.69,55.02,18.27,1.0302,MED,-,38.104,37.3945,35.8168,1,60.5548,LAGGARD,17.0714
867,97,OCFC,OCEANFIRST FINANCIAL CORP,Financials,,small,19.11,47.55,-0.0023,-0.002,0.0807,STRONG_DOWN,6.9,33.81,42.79,-15.39,48.59,27.69,1.665,HIGH,-,17.9715,18.5295,18.0395,1,59.3352,LAGGARD,17.0689
868,-3,FFBC,FIRST FINANCIAL BANCORP,Financials,,mid,29.85,56.64,0.0133,0.0318,0.1295,STRONG_DOWN,18.06,39.93,52.33,-14.19,47.79,28.5,0.8011,LOW,-,27.601,28.3919,25.6724,1,66.9533,CONTENDER,17.0263
869,-100,UTI,UNIVERSAL TECHNICAL INSTITUTE INC,Consumer Discretionary,,mid,35.33,48.63,-0.0784,0.0066,0.2992,STRONG_DOWN,15.95,31.24,132.28,-39.36,54.62,52.81,0.5997,LOW,-,36.802,33.5182,30.0242,1,32.3115,LAGGARD,17.0227
870,-15,ARRY,ARRAY TECHNOLOGIES INC,Industrials,,small,7.21,66.1,-0.068,-0.0084,-0.221,FLAT,-14.98,73.73,-49.51,-44.31,51.0,94.97,0.6318,LOW,-,7.0775,8.7951,8.3636,0,39.5965,LAGGARD,17.0174
871,43,HROW,HARROW INC,Health Care,,small,37.29,55.86,0.0312,0.0052,-0.229,STRONG_UP,-6.17,58.82,188.4,-39.27,51.41,73.89,0.3652,LOW,-,35.0305,41.5732,40.7528,0,40.9221,LAGGARD,17.0145
872,-3,SM,SM ENERGY,Energy,,mid,28.33,20.45,-0.0563,0.0686,0.2894,STRONG_DOWN,15.47,39.5,-42.49,-38.16,50.2,53.85,0.7602,LOW,-,29.479,25.0419,23.1462,1,36.8266,LAGGARD,16.9941
873,47,NOG,NORTHERN OIL AND GAS INC,Energy,,mid,27.11,14.77,-0.0232,-0.0758,-0.0126,FLAT,13.63,33.5,-28.38,-34.26,51.41,45.02,0.6969,LOW,-,28.3338,27.0398,24.3059,1,38.2603,LAGGARD,16.9862
874,-210,CRWD,CrowdStrike,Information Technology,Systems Software,large,394.68,34.39,-0.0497,-0.1273,-0.1092,FLAT,-22.6,7.07,26.29,-37.18,52.61,54.32,1.3533,MED,EARLY,408.682,409.3046,462.3997,0,6.8499,WEAK,16.9842
875,36,EGBN,EAGLE BANCORP INC,Financials,,small,27.01,60.49,0.007,0.0285,0.206,STRONG_DOWN,28.99,42.87,37.29,-26.57,53.01,44.56,1.2759,MED,-,24.9665,25.69,21.184,1,50.9948,CONTENDER,16.9243
876,-1,PRLB,PROTO LABS INC,Industrials,,small,61.58,69.07,0.0159,0.0234,0.0859,STRONG_DOWN,22.47,82.95,87.29,-19.51,51.81,65.73,0.5027,LOW,-,57.3695,59.5228,51.4925,1,65.381,CONTENDER,16.8385
877,104,TRNO,TERRENO REALTY REIT CORP,Real Estate,,mid,65.29,56.47,0.0191,0.04,0.0508,STRONG_DOWN,13.98,25.27,13.19,-10.85,55.82,20.03,0.9212,LOW,-,61.8225,63.0856,58.9169,1,70.4319,CONTENDER,16.7671
878,64,DIS,Walt Disney Company (The),Communication Services,Movies & Entertainment,large,99.79,63.64,0.021,-0.0034,-0.1022,STRONG_UP,-10.21,18.38,,-24.97,46.59,29.39,0.7556,LOW,PROGRESS,97.4085,102.285,110.6514,0,29.1334,LAGGARD,16.7642
879,27,KWR,QUAKER HOUGHTON CORP,Materials,,mid,130.38,35.29,0.048,-0.0202,-0.1824,STRONG_UP,-0.48,27.43,-31.32,-36.46,45.78,42.85,0.5377,LOW,PROGRESS,122.2575,143.4796,136.4064,0,29.3018,WEAK,16.7145
880,-52,ACLX,ARCELLX INC,Health Care,,mid,114.8,72.66,-0.0251,-0.0011,0.8266,STRONG_DOWN,30.03,102.61,94.31,-33.06,51.81,157.14,0.1607,LOW,-,114.628,98.7354,80.5456,1,33.8318,CONTENDER,16.7095
881,135,HOPE,HOPE BANCORP INC,Financials,,small,12.34,59.09,0.0113,0.07,0.0471,FLAT,14.67,41.86,28.6,-15.54,49.0,31.29,0.9961,LOW,-,11.231,11.5706,10.8769,1,65.5532,CONTENDER,16.7021
882,-11,SHAK,SHAKE SHACK INC CLASS A,Consumer Discretionary,,mid,97.55,39.73,0.0479,0.0326,0.0991,FLAT,5.6,18.66,-1.15,-45.7,50.6,47.6,0.7801,LOW,SHIFT,89.354,91.8144,99.273,0,19.8356,WEAK,16.6971
883,0,NWBI,NORTHWEST BANCSHARES INC,Financials,,small,13.73,45.8,0.0121,0.0478,0.099,STRONG_DOWN,13.39,33.11,44.63,-13.97,51.81,22.59,0.8785,LOW,-,12.6165,12.7162,12.1932,1,75.9365,LAGGARD,16.6931
884,-47,VMC,Vulcan Materials Company,Materials,Construction Materials,large,293.02,32.35,0.0135,0.0564,-0.0779,FLAT,-3.4,25.26,12.39,-22.05,57.43,34.53,0.5423,LOW,-,270.3115,290.4087,288.6936,1,42.019,LAGGARD,16.6915
885,128,FBP,FIRST BANCORP,Financials,,mid,23.0,48.25,0.0082,0.0606,0.0441,FLAT,7.59,34.27,44.4,-13.83,53.82,28.97,0.6699,LOW,-,21.1955,21.6068,21.0612,1,63.6721,LAGGARD,16.6713
886,113,EFSC,ENTERPRISE FINANCIAL SERVICES CORP,Financials,,mid,59.02,41.61,0.0289,0.0284,0.0381,FLAT,4.68,29.36,62.44,-15.28,49.8,27.54,1.0913,MED,-,54.418,56.4392,55.8611,1,53.0988,LAGGARD,16.6514
887,181,VCTR,VICTORY CAPITAL HOLDINGS CLASS A I,Financials,,mid,68.23,42.66,0.0345,-0.0683,-0.0142,FLAT,2.8,30.0,65.97,-18.13,51.0,37.29,1.5376,HIGH,-,66.5618,69.5588,66.2891,1,41.0335,LAGGARD,16.6418
888,146,IOVA,IOVANCE BIOTHERAPEUTICS INC,Health Care,,small,4.01,41.8,0.1442,-0.1764,0.5779,FLAT,76.65,31.05,-68.12,-54.41,46.99,105.09,1.7441,HIGH,-,3.665,3.4574,2.6204,1,13.8818,LAGGARD,16.5973
889,-141,WST,West Pharmaceutical Services,Health Care,Health Care Supplies,large,258.54,39.84,-0.0107,0.0809,-0.0194,FLAT,-3.34,27.34,-33.27,-24.7,47.79,36.55,0.5875,LOW,-,246.5895,244.5866,254.1357,1,35.7459,LAGGARD,16.5719
890,-87,VRDN,VIRIDIAN THERAPEUTICS ORS INC,Health Care,,small,15.38,44.53,-0.209,-0.4675,-0.4526,FLAT,-28.0,34.79,-4.53,-58.85,50.2,93.07,1.3148,MED,-,23.4775,27.2376,24.4463,0,18.7672,WEAK,16.5552
891,-84,TRI,Thomson Reuters,Technology,Computer Software,large,84.87,25.0,-0.0598,-0.1312,-0.1384,STRONG_UP,-43.38,-48.31,-42.8,-61.67,45.38,58.17,0.7943,LOW,EARLY,91.1445,94.4014,142.1901,0,-37.688,WEAK,16.5519
892,-163,PRCH,PORCH GROUP INC,Information Technology,,small,7.02,43.92,-0.1038,-0.0953,-0.2124,FLAT,-54.5,30.36,65.96,-66.39,48.19,71.16,0.9185,LOW,-,7.308,7.6152,11.7057,0,20.5614,WEAK,16.5348
893,41,PENG,PENGUIN SOLUTIONS INC,Information Technology,,small,22.85,48.68,0.0676,0.224,0.1995,FLAT,0.77,42.37,16.11,-44.57,51.81,56.76,0.7849,LOW,-,18.537,18.9058,21.6207,1,38.6728,LAGGARD,16.4788
894,-64,BGC,BGC GROUP INC CLASS A,Financials,,mid,11.03,51.05,0.0555,0.1336,0.2282,STRONG_DOWN,21.48,37.01,41.48,-23.25,51.0,37.23,,LOW,-,9.81,9.5085,9.4393,1,50.7054,CONTENDER,16.4656
895,37,OCUL,OCULAR THERAPEUTIX INC,Health Care,,small,9.3,49.61,0.0705,-0.026,-0.1424,STRONG_UP,-21.91,45.2,17.57,-57.29,49.0,95.43,0.8087,LOW,-,8.3425,8.8565,11.1061,0,23.2082,WEAK,16.4364
896,-58,BFLY,BUTTERFLY NETWORK INC CLASS A,Health Care,,small,4.15,65.23,-0.0157,0.0821,0.0415,FLAT,54.85,81.22,330.05,-49.43,46.59,131.19,0.5001,LOW,-,4.037,3.7434,2.7653,1,28.8449,CONTENDER,16.4253
897,-3,IRTC,IRHYTHM HOLDINGS INC,Health Care,,mid,118.16,36.72,-0.0137,-0.0173,-0.3353,STRONG_UP,-33.99,19.61,2.98,-40.29,52.21,47.32,0.4453,LOW,PROGRESS,117.5815,132.2403,158.9617,0,21.6334,WEAK,16.4237
898,-14,ZBRA,Zebra Technologies,Information Technology,Electronic Equipment & Instruments,large,223.07,30.69,0.063,0.0315,-0.084,STRONG_UP,-27.4,-0.13,-25.62,-41.62,49.8,45.56,0.7848,LOW,PROGRESS,207.6165,226.7114,273.4604,0,-0.1468,WEAK,16.4069
899,89,TRN,TRINITY INDUSTRIES INC,Industrials,,mid,34.48,50.0,-0.0044,0.0873,0.1521,STRONG_DOWN,25.57,40.9,36.63,-18.86,48.19,34.72,0.7022,LOW,-,31.348,31.9422,28.1934,1,56.7655,CONTENDER,16.3409
900,-13,ALLE,Allegion,Industrials,Building Products,large,146.29,36.02,-0.0132,-0.0312,-0.1418,STRONG_UP,-17.63,20.73,15.86,-22.16,51.81,28.82,0.6423,LOW,PROGRESS,144.2125,155.6858,162.1278,0,37.2645,WEAK,16.3245
901,27,TMO,Thermo Fisher Scientific,Health Care,Life Sciences Tools & Services,large,500.46,34.77,-0.0071,0.0063,-0.1337,FLAT,-6.5,17.51,-12.19,-27.31,49.8,27.09,0.4897,LOW,PROGRESS,482.6185,510.6041,519.6595,0,32.1961,WEAK,16.314
902,136,SBSI,SOUTHSIDE BANCSHARES INC,Financials,,small,33.25,44.06,0.0048,0.0396,0.0349,FLAT,20.53,31.74,34.69,-15.77,50.6,24.05,0.5722,LOW,-,30.89,31.5947,29.877,1,66.7716,LAGGARD,16.2202
903,-20,UPST,UPSTART HOLDINGS INC,Financials,,mid,27.41,3.85,0.0218,-0.0784,-0.4835,STRONG_UP,-47.04,-28.9,,-71.21,53.41,71.15,0.5083,LOW,PROGRESS,26.2955,29.9937,50.3658,0,-21.6924,WEAK,16.218
904,5,IQV,IQVIA,Health Care,Life Sciences Tools & Services,large,168.98,35.16,-0.0501,-0.0201,-0.2648,FLAT,-15.76,17.99,-29.42,-33.72,49.0,46.97,0.8088,LOW,PROGRESS,167.8845,177.3298,196.413,0,18.7637,WEAK,16.2053
905,-47,WVE,WAVE LIFE SCIENCES LTD,Health Care,,small,7.16,41.41,-0.0419,-0.4964,-0.4768,FLAT,-2.59,30.66,18.54,-70.91,52.61,113.58,0.6063,LOW,-,9.5785,11.9008,10.1962,0,14.2002,WEAK,16.1991
906,-9,NXPI,NXP Semiconductors,Information Technology,Semiconductors,large,205.67,42.86,0.0204,0.0219,-0.091,FLAT,-7.97,26.57,-11.53,-24.58,48.59,35.78,0.9039,LOW,PROGRESS,194.3973,213.2631,217.584,0,36.0853,WEAK,16.1986
907,-109,SBRA,SABRA HEALTH CARE REIT INC,Real Estate,,mid,20.35,57.65,-0.0071,-0.0246,-0.003,FLAT,16.76,25.69,69.69,-12.18,51.81,22.07,0.4758,LOW,-,20.0095,19.8257,18.5456,1,60.3181,CONTENDER,16.1923
908,47,LIN,Linde plc,Materials,Industrial Gases,large,503.3,27.94,-0.0346,0.0025,0.1015,STRONG_DOWN,8.34,18.11,14.65,-19.18,53.41,19.13,,LOW,-,493.422,484.5559,456.3714,1,50.5591,LAGGARD,16.1542
909,-101,Q,Qnity Electronics,Information Technology,Semiconductor Materials & Equipment,large,129.88,45.5,0.0778,0.1046,0.4931,STRONG_DOWN,,36.48,36.48,-27.12,57.14,59.85,0.6441,LOW,-,115.407,112.511,,0,34.8246,WEAK,16.1462
910,-33,SNPS,Synopsys,Information Technology,Application Software,large,404.92,30.16,-0.0159,-0.085,-0.173,STRONG_UP,-17.26,-0.48,-27.85,-41.04,52.21,42.84,0.7732,LOW,EARLY,409.3385,426.2288,485.327,0,-0.5901,WEAK,16.1292
911,4,MATW,MATTHEWS INTERNATIONAL CORP CLASS,Consumer Discretionary,,small,26.91,56.16,0.0162,0.0191,0.0091,FLAT,18.22,38.23,5.78,-15.87,52.21,32.2,0.6041,LOW,-,25.1925,25.8096,24.6977,1,61.9885,CONTENDER,16.0829
912,-94,CURB,CURBLINE PROPERTIES,Real Estate,,mid,27.27,62.35,0.0098,0.0144,0.1131,STRONG_DOWN,21.09,27.58,43.91,-9.54,51.41,20.82,0.4365,LOW,-,26.1796,26.2281,23.5498,1,68.0905,CONTENDER,16.0664
913,-82,CNC,Centene Corporation,Health Care,Managed Health Care,large,37.55,5.47,0.0446,0.0428,-0.1593,STRONG_UP,-2.34,-39.81,-48.03,-60.52,52.61,53.47,0.5566,LOW,-,34.4535,38.8744,36.5754,1,-39.1737,LAGGARD,16.0646
914,118,IBOC,INTERNATIONAL BANCSHARES CORP,Financials,,mid,71.7,40.56,0.0083,-0.0066,0.0086,FLAT,6.7,28.37,40.51,-12.74,49.4,25.93,1.2754,MED,-,67.7865,69.1382,68.2012,1,54.0512,LAGGARD,16.0509
915,9,PHM,PulteGroup,Consumer Discretionary,Homebuilding,large,122.23,50.0,-0.0029,-0.0293,0.031,FLAT,-3.85,31.52,13.43,-20.06,47.39,36.58,0.7533,LOW,PROGRESS,118.1255,127.261,123.7832,0,40.835,LAGGARD,16.0119
916,-151,NDAQ,"Nasdaq, Inc.",Financials,Financial Exchanges & Data,large,84.21,32.52,-0.0782,-0.0882,-0.1781,STRONG_UP,-5.72,21.24,37.13,-21.76,58.23,34.24,0.9171,LOW,EARLY,85.2957,85.8361,90.0654,0,36.1275,WEAK,15.9725
917,-240,CCEP,Coca-Cola Europacific Partners,Consumer Staples,Soft Drinks,large,97.91,61.29,0.0334,-0.0222,0.0409,FLAT,14.05,18.24,53.28,-17.89,56.63,25.2,0.893,LOW,-,94.8235,98.3678,92.3026,1,40.9886,CONTENDER,15.9469
918,-94,XYL,Xylem Inc.,Industrials,Industrial Machinery & Supplies & Components,large,129.4,36.86,0.0171,0.0254,-0.1141,FLAT,-12.14,21.64,,-23.57,52.21,30.42,0.872,LOW,SHIFT,121.369,126.8822,136.6597,0,37.1442,WEAK,15.9324
919,102,SPB,SPECTRUM BRANDS HOLDINGS INC,Consumer Staples,,small,80.22,69.35,0.0629,0.0572,0.1924,FLAT,55.91,35.16,3.65,-23.7,51.41,34.73,0.6678,LOW,-,74.4955,74.4608,60.4557,1,52.0449,CONTENDER,15.9216
920,-77,EXPD,Expeditors International,Industrials,Air Freight & Logistics,large,144.83,44.92,-0.057,-0.004,-0.1199,FLAT,20.57,35.41,25.4,-15.88,52.61,38.24,0.6474,LOW,-,143.7395,148.721,134.8034,1,48.716,LAGGARD,15.8952
921,2,PNW,Pinnacle West Capital,Utilities,Multi-Utilities,large,104.45,34.62,-0.0032,-0.0084,0.0436,FLAT,15.9,20.37,57.12,-8.43,52.61,16.54,0.3916,LOW,-,100.881,98.9743,90.9897,1,64.7769,LAGGARD,15.8646
922,-70,PCG,PG&E Corporation,Utilities,Multi-Utilities,large,18.63,23.08,0.0287,-0.0167,0.0512,FLAT,12.09,14.19,12.91,-27.12,52.61,26.19,0.6713,LOW,-,17.7815,17.5734,15.7738,1,28.4973,LAGGARD,15.8327
923,126,GBCI,GLACIER BANCORP INC,Financials,,mid,48.21,39.51,0.0098,-0.0018,-0.0095,STRONG_UP,1.22,27.81,38.57,-19.56,53.01,32.03,0.7416,LOW,-,44.603,47.1962,45.6034,1,46.031,LAGGARD,15.7552
924,76,CARR,Carrier Global,Industrials,Building Products,large,61.46,26.27,0.0531,0.015,0.1108,FLAT,3.61,5.58,10.92,-37.38,49.4,37.37,0.8143,LOW,-,56.9365,60.216,60.8026,1,7.375,LAGGARD,15.7218
925,-91,TDS,TELEPHONE AND DATA SYSTEMS INC,Communication,,mid,45.66,43.48,0.0087,-0.0142,0.0042,FLAT,16.18,29.42,194.17,-15.67,53.82,28.18,0.4176,LOW,-,43.2985,44.4577,40.3535,1,56.1789,LAGGARD,15.716
926,-62,WEC,WEC Energy Group,Utilities,Electric Utilities,large,118.78,26.92,-0.01,0.0032,-0.0004,FLAT,5.37,16.38,59.75,-11.22,53.41,14.81,0.6672,LOW,-,115.6035,114.422,109.1611,1,59.0759,LAGGARD,15.6971
927,-60,DNLI,DENALI THERAPEUTICS INC,Health Care,,mid,19.29,52.73,-0.0912,-0.1123,0.1716,FLAT,23.26,54.32,4.72,-23.42,49.0,65.5,0.8096,LOW,-,20.0132,20.4177,17.0155,1,40.6363,CONTENDER,15.6736
928,265,PWP,PERELLA WEINBERG PARTNERS CLASS A,Financials,,small,20.29,41.96,0.0998,0.1334,0.0303,FLAT,3.46,29.62,33.31,-33.93,50.6,50.13,1.6244,HIGH,-,17.521,19.2547,19.7389,1,29.9001,LAGGARD,15.6527
929,34,SNA,Snap-on,Industrials,Industrial Machinery & Supplies & Components,large,383.78,37.71,-0.0005,0.0057,0.0338,STRONG_DOWN,14.69,22.29,38.51,-13.26,51.0,19.38,0.5241,LOW,-,365.623,372.5574,342.5541,1,58.6684,LAGGARD,15.652
930,50,ABBV,AbbVie,Health Care,Biotechnology,large,212.4,38.67,-0.0083,-0.072,-0.0044,FLAT,-6.74,26.02,34.6,-14.86,52.61,26.05,0.3397,LOW,PROGRESS,211.7605,220.7006,214.732,0,52.5475,WEAK,15.6214
931,157,GFF,GRIFFON CORP,Industrials,,mid,78.17,32.2,0.0444,0.022,-0.0261,STRONG_UP,2.31,13.61,17.53,-27.85,49.8,37.14,2.4879,HIGH,-,71.931,80.0048,76.8642,1,18.2428,LAGGARD,15.62
932,65,MTX,MINERALS TECHNOLOGIES INC,Materials,,mid,72.98,38.24,0.0197,0.0285,0.0743,STRONG_DOWN,20.41,31.66,2.26,-15.83,53.41,27.82,0.4135,LOW,-,69.294,69.9205,62.7851,1,60.7729,LAGGARD,15.5962
933,71,ITW,Illinois Tool Works,Industrials,Industrial Machinery & Supplies & Components,large,273.18,38.98,0.0079,-0.0201,0.0483,FLAT,9.47,23.49,10.6,-14.49,52.61,24.4,0.6781,LOW,-,261.8317,274.9234,256.9413,1,50.6521,LAGGARD,15.5935
934,-39,KOS,KOSMOS ENERGY LTD,Energy,,small,2.55,35.23,-0.1082,0.2319,1.5217,STRONG_DOWN,45.71,59.37,-59.65,-63.6,44.18,125.28,0.997,LOW,-,2.723,2.2456,1.7252,1,20.9386,LAGGARD,15.5625
935,-34,TWST,TWIST BIOSCIENCE CORP,Health Care,,mid,48.84,43.36,-0.0527,0.038,0.4474,STRONG_DOWN,48.95,33.33,53.3,-39.86,49.8,69.35,0.5554,LOW,-,46.6835,47.3274,35.7685,1,23.9366,LAGGARD,15.5195
936,-97,TPH,TRI POINTE HOMES INC,Consumer Discretionary,,mid,46.78,74.66,-0.0444,-0.0135,0.4719,STRONG_DOWN,44.7,60.76,31.07,-17.47,50.2,59.62,0.8505,LOW,-,46.617,43.7092,35.8948,1,51.1565,CONTENDER,15.4895
937,-20,PDD,PDD Holdings,Technology,EDP Services,large,100.57,50.0,0.0195,0.0774,0.1073,STRONG_DOWN,-24.82,13.83,-15.98,-30.36,51.41,31.65,0.9667,LOW,EARLY,100.611,102.1734,115.3527,0,22.4667,LAGGARD,15.4861
938,-58,DASH,DoorDash,Consumer Discretionary,Specialized Consumer Services,large,154.55,12.33,-0.0572,-0.1102,-0.2781,STRONG_UP,-45.01,-13.43,,-47.97,53.41,44.6,0.7633,LOW,EARLY,156.955,171.0834,222.3367,0,-16.0794,WEAK,15.4792
939,394,APLE,APPLE HOSPITALITY REIT INC,Real Estate,,mid,12.4,42.35,0.0441,0.0211,-0.0376,STRONG_UP,11.53,18.93,-8.64,-13.49,48.19,24.0,1.8477,HIGH,-,11.7039,11.8838,11.6463,1,38.0071,LAGGARD,15.4583
940,-127,ARES,Ares Management,Financials,Asset Management & Custody Banks,large,104.8,6.99,-0.0269,-0.0495,-0.4206,STRONG_UP,-28.63,-20.22,-17.05,-49.3,50.2,54.81,0.6649,LOW,PROGRESS,104.6904,116.5963,152.488,0,-18.5212,WEAK,15.369
941,-62,BLK,BlackRock,Financials,Asset Management & Custody Banks,large,1001.62,30.07,-0.0137,-0.0232,-0.0993,STRONG_UP,-13.12,19.04,33.46,-22.45,53.82,32.21,0.6224,LOW,PROGRESS,961.608,1019.5182,1073.706,0,31.8084,WEAK,15.3517
942,135,AVNT,AVIENT CORP,Materials,,mid,37.45,33.82,0.0345,0.0222,0.0966,FLAT,18.64,26.65,-5.09,-28.48,49.4,36.4,0.3081,LOW,-,34.8182,37.482,33.7522,1,36.1653,LAGGARD,15.3486
943,42,NKE,"Nike, Inc.",Consumer Discretionary,"Apparel, Accessories & Luxury Goods",large,44.0,7.53,-0.0493,-0.2322,-0.2891,STRONG_UP,-35.48,-17.09,-48.38,-45.14,46.18,41.95,1.2532,MED,EARLY,50.3325,57.0116,65.4256,0,-18.8108,WEAK,15.3379
944,152,MWA,MUELLER WATER PRODUCTS INC SERIES,Industrials,,mid,30.13,39.83,0.0396,0.0385,0.1729,FLAT,17.68,26.41,103.12,-16.11,51.0,24.98,0.5285,LOW,-,27.8465,28.494,25.9059,1,53.9215,LAGGARD,15.3266
945,-69,CNR,CORE NATURAL RESOURCES INC,Energy,,mid,88.23,12.5,-0.1352,-0.1171,-0.3415,FLAT,-9.48,31.09,6.15,-24.13,49.0,52.52,1.5647,HIGH,-,103.191,95.3192,84.7787,1,29.0096,LAGGARD,15.2958
946,-3,BX,Blackstone Inc.,Financials,Asset Management & Custody Banks,large,116.9,12.59,-0.0159,0.0142,-0.2636,FLAT,-26.56,-5.16,-1.58,-44.76,45.38,41.55,0.7007,LOW,PROGRESS,111.1185,119.0328,148.0031,0,-5.6302,WEAK,15.2666
947,95,GABC,GERMAN AMERICAN BANCORP INC,Financials,,small,44.43,46.5,-0.0078,0.0377,0.0766,STRONG_DOWN,16.26,33.33,47.04,-11.3,49.0,26.26,1.123,MED,-,41.4335,41.9327,39.9796,1,62.1894,LAGGARD,15.2512
948,63,WDAY,"Workday, Inc.",Information Technology,Application Software,large,113.06,4.76,-0.1838,-0.2,-0.4211,STRONG_UP,-52.55,-49.69,-57.63,-58.84,52.21,48.87,2.0976,HIGH,EARLY,129.6345,141.5134,204.7994,0,-53.0892,WEAK,15.2204
949,-90,CVSA,COVISTA INC,Consumer Discretionary,,mid,114.26,32.88,-0.0759,0.1091,0.0466,FLAT,-21.91,11.17,144.51,-42.14,57.03,36.56,0.5554,LOW,SHIFT,111.8855,105.1082,116.8347,0,17.4233,WEAK,15.2093
950,62,HAFC,HANMI FINANCIAL CORP,Financials,,small,28.1,60.84,0.0118,0.0397,-0.0078,FLAT,16.31,43.14,108.79,-16.23,51.81,39.75,0.7312,LOW,-,26.1875,26.4572,25.7189,1,56.2285,CONTENDER,15.2092
951,-83,CHEF,CHEFS WAREHOUSE INC,Consumer Staples,,mid,64.59,62.9,0.0963,0.0137,-0.0035,STRONG_UP,14.66,25.32,87.6,-20.49,55.02,37.95,0.8099,LOW,-,60.6835,64.0638,62.5542,1,36.7092,CONTENDER,15.2085
952,121,CBU,COMMUNITY FINANCIAL SYSTEM INC,Financials,,mid,62.57,37.06,0.0029,0.0191,0.0002,FLAT,9.79,25.52,53.51,-16.03,51.41,24.51,0.6469,LOW,-,58.1151,60.763,58.0042,1,53.5254,LAGGARD,15.1843
953,14,BCO,BRINKS,Industrials,,mid,106.05,41.1,-0.0238,-0.0658,-0.178,STRONG_UP,-7.17,28.96,23.41,-27.95,49.0,43.29,0.8792,LOW,PROGRESS,103.09,116.8772,111.7038,0,32.7813,WEAK,15.1822
954,-154,VRSN,Verisign,Information Technology,Internet Services & Infrastructure,large,269.88,38.1,0.0018,0.1324,0.1371,STRONG_DOWN,1.43,12.51,45.11,-30.21,55.02,31.27,0.8269,LOW,-,250.3605,237.8584,256.1487,1,22.0074,LAGGARD,15.1629
955,162,EFC,ELLINGTON FINANCIAL INC,Financials,,small,12.59,34.27,-0.0043,-0.018,-0.0735,STRONG_UP,-1.87,23.06,44.39,-17.71,51.41,21.53,0.5007,LOW,-,11.7708,12.1256,12.5382,1,55.0617,LAGGARD,15.1615
956,12,MGNI,MAGNITE INC,Communication,,small,11.82,30.43,-0.0152,-0.1483,-0.41,STRONG_UP,-38.08,21.36,24.42,-57.77,52.21,62.37,0.931,LOW,-,12.0845,12.468,17.8507,0,17.8765,WEAK,15.1609
957,-151,GD,General Dynamics,Industrials,Aerospace & Defense,large,343.9,40.68,-0.0651,-0.0607,-0.0531,STRONG_DOWN,0.11,28.96,23.3,-7.25,52.21,22.42,0.835,LOW,-,349.584,352.2056,334.3128,1,67.4372,LAGGARD,15.1551
958,-250,VVX,V2X INC,Industrials,,mid,66.59,46.61,-0.0955,-0.0859,0.06,STRONG_DOWN,11.08,37.47,48.57,-16.34,53.41,35.38,0.8505,LOW,-,68.6985,68.7598,59.0126,1,56.5636,LAGGARD,15.1478
959,33,GPC,Genuine Parts Company,Consumer Discretionary,Distributors,large,108.56,23.29,0.0051,-0.028,-0.1033,STRONG_UP,-17.39,-1.0,-22.02,-34.84,47.79,41.36,1.2496,MED,PROGRESS,103.9485,118.2929,126.3873,0,-1.1587,WEAK,15.1439
960,-23,PJT,PJT PARTNERS INC CLASS A,Financials,,mid,150.0,26.57,0.0218,0.0147,-0.1948,STRONG_UP,-11.98,16.68,57.98,-32.47,54.62,33.64,0.4779,LOW,SHIFT,136.4855,147.3596,168.2934,0,27.0901,WEAK,15.123
961,-58,BBAI,BIGBEAR.AI HOLDINGS INC,Information Technology,,small,3.29,39.15,-0.1196,-0.2255,-0.4268,STRONG_UP,-54.87,15.85,84.83,-65.88,45.78,81.05,0.3957,LOW,-,3.5765,4.0266,5.8013,0,8.9499,WEAK,15.0931
962,17,PTC,PTC Inc.,Information Technology,Application Software,large,139.19,26.98,-0.0629,-0.1455,-0.1581,STRONG_UP,-31.58,-3.18,-23.49,-36.45,52.61,31.98,1.2447,MED,EARLY,146.524,152.7696,181.445,0,-5.2296,WEAK,15.0871
963,-17,GKOS,GLAUKOS CORP,Health Care,,mid,119.45,42.97,0.0343,0.157,0.0879,FLAT,36.37,33.23,19.8,-29.92,51.0,53.99,0.5352,LOW,-,107.174,111.738,100.2834,1,31.3855,LAGGARD,15.0799
964,-3,TRMB,Trimble Inc.,Information Technology,Electronic Equipment & Instruments,large,65.42,38.62,-0.034,-0.0524,-0.1372,STRONG_UP,-18.7,12.72,6.34,-26.63,56.63,34.2,0.7007,LOW,EARLY,65.5075,66.6846,76.6318,0,21.0547,WEAK,15.0773
965,-40,EQT,EQT Corporation,Energy,Oil & Gas Exploration & Production,large,59.47,10.23,0.0162,-0.1064,-0.1391,STRONG_UP,6.04,24.1,62.18,-18.39,53.01,33.8,0.4925,LOW,-,63.6565,60.68,55.809,1,37.7956,LAGGARD,15.0716
966,4,PFSI,PENNYMAC FINANCIAL SERVICES INC,Financials,,mid,91.77,18.18,-0.0315,-0.0292,-0.3549,FLAT,-21.46,3.99,7.18,-47.06,51.81,76.57,1.2663,MED,PROGRESS,87.136,92.3849,112.8677,0,2.698,WEAK,15.0552
967,28,CLB,CORE LABORATORIES INC,Energy,,small,16.61,21.59,0.0372,-0.0266,-0.4013,STRONG_UP,37.66,40.11,-5.3,-27.03,49.4,43.12,0.4546,LOW,-,16.383,17.3891,14.7487,1,45.9499,LAGGARD,15.014
968,34,FLYW,FLYWIRE CORP,Financials,,small,11.71,53.85,-0.0559,-0.1748,-0.2152,STRONG_UP,-10.13,39.07,-47.51,-28.16,51.0,48.3,0.5607,LOW,-,12.0055,11.9876,12.7908,0,41.2579,LAGGARD,14.9642
969,-29,ECL,Ecolab,Materials,Specialty Chemicals,large,272.47,29.41,-0.005,-0.0589,-0.054,FLAT,-2.62,18.38,25.15,-16.6,54.22,22.78,0.4659,LOW,-,266.3985,282.6056,271.6192,1,43.7529,LAGGARD,14.9351
970,134,WABC,WESTAMERICA BANCORPORATION,Financials,,small,54.35,39.16,-0.0014,0.0125,0.0933,STRONG_DOWN,17.59,27.6,24.86,-11.82,52.61,21.08,0.7234,LOW,-,51.3915,51.3925,48.8303,1,68.884,LAGGARD,14.9045
971,1,WOR,WORTHINGTON ENTERPRISES INC,Industrials,,mid,55.32,35.59,0.013,0.0938,0.0023,FLAT,-1.4,20.36,-3.99,-29.83,53.41,32.2,0.4677,LOW,SHIFT,50.4195,53.4561,56.9215,0,33.7663,WEAK,14.8766
972,99,GPOR,GULFPORT ENERGY CORP,Energy,,mid,203.33,11.36,0.0023,0.002,-0.1487,STRONG_UP,8.29,26.51,27.09,-21.77,54.22,35.43,0.5822,LOW,-,206.0605,203.9198,191.394,1,40.5723,LAGGARD,14.8688
973,-40,PYPL,PayPal,Financials,Transaction & Payment Processing Services,large,45.98,5.24,-0.0359,-0.0672,-0.2336,STRONG_UP,-39.28,-23.67,-29.83,-49.92,50.2,53.02,0.4762,LOW,SHIFT,44.9495,44.7879,61.0022,0,-22.4105,WEAK,14.8482
974,-72,ACHR,ARCHER AVIATION INC CLASS A,Industrials,,mid,5.32,7.63,-0.0687,-0.2052,-0.4249,STRONG_UP,-57.3,-24.22,27.88,-63.78,48.19,63.27,0.6295,LOW,EARLY,5.6155,6.4276,8.779,0,-18.4447,WEAK,14.8344
975,-53,ARLO,ARLO TECHNOLOGIES INC,Information Technology,,small,13.05,52.91,-0.1084,-0.0887,-0.0171,STRONG_DOWN,-24.39,47.79,17.04,-42.23,52.61,69.46,0.8837,LOW,-,14.059,13.3256,15.3913,0,36.1981,LAGGARD,14.815
976,-157,IT,Gartner,Information Technology,IT Consulting & Other Services,large,148.02,0.53,-0.1009,-0.0973,-0.3603,FLAT,-39.33,-62.24,-68.08,-67.75,49.8,59.59,0.6373,LOW,EARLY,156.83,162.1332,241.1155,0,-52.0169,WEAK,14.8106
977,-117,EAT,BRINKER INTERNATIONAL INC,Consumer Discretionary,,mid,154.87,30.82,0.0263,0.0518,0.0044,FLAT,27.07,8.48,228.25,-44.41,51.0,44.0,0.4714,LOW,-,144.4345,149.3806,147.2855,1,9.8235,LAGGARD,14.8032
978,13,DECK,Deckers Brands,Consumer Discretionary,Footwear,large,109.77,23.97,0.0725,0.0476,0.0589,FLAT,8.06,0.13,-18.7,-38.52,46.99,54.2,0.5944,LOW,-,101.085,108.1918,103.2469,1,0.1107,LAGGARD,14.742
979,-5,RYAM,RAYONIER ADVANCED MATERIALS INC,Materials,,small,9.16,66.18,-0.1735,-0.2273,0.1743,FLAT,23.12,92.44,99.56,-28.4,47.39,109.28,0.495,LOW,-,10.699,9.5352,6.8715,1,40.0859,CONTENDER,14.728
980,170,PRK,PARK NATIONAL CORP,Financials,,mid,174.76,38.81,0.0118,0.0359,0.0802,STRONG_DOWN,11.7,27.59,48.72,-15.31,51.0,28.93,1.2716,MED,-,160.79,165.1735,161.0979,1,48.6414,LAGGARD,14.7178
981,-51,CRK,COMSTOCK RESOURCES INC,Energy,,mid,17.94,3.41,-0.0634,-0.1469,-0.4475,STRONG_UP,-12.87,-0.61,81.21,-51.11,51.81,61.07,0.5535,LOW,EARLY,20.699,20.5458,20.748,0,-0.517,WEAK,14.6821
982,-90,QUBT,QUANTUM COMPUTING INC,Information Technology,,small,6.78,29.1,-0.0517,-0.1304,-0.3922,STRONG_UP,-67.44,-1.02,673.09,-74.37,45.78,83.09,0.4177,LOW,-,7.0472,7.9525,13.4733,0,-0.563,WEAK,14.6674
983,-36,GHC,GRAHAM HOLDINGS COMPANY CLASS B,Consumer Discretionary,,mid,1100.01,42.47,-0.0082,0.0275,0.0039,FLAT,1.34,22.14,51.33,-19.78,50.2,24.91,0.7031,LOW,-,1063.467,1083.907,1062.8468,1,44.6147,LAGGARD,14.6672
984,-6,NN,NEXTNAV INC,Information Technology,,mid,15.11,43.39,-0.1256,-0.1229,0.1074,STRONG_DOWN,5.96,26.76,98.82,-36.62,52.61,77.13,1.4446,MED,EARLY,17.0298,16.4037,15.3752,0,18.2541,WEAK,14.6378
985,1,KKR,KKR & Co.,Financials,Asset Management & Custody Banks,large,92.83,10.84,-0.0325,-0.0108,-0.3292,FLAT,-25.32,-8.3,-5.11,-44.62,49.8,45.79,0.6591,LOW,PROGRESS,89.965,95.8943,123.0823,0,-9.0319,WEAK,14.6009
986,-45,CB,Chubb Limited,Financials,Property & Casualty Insurance,large,332.94,29.02,-0.036,-0.0417,0.0419,FLAT,16.31,18.67,36.88,-11.02,53.41,18.77,0.4713,LOW,-,326.8995,326.746,295.7271,1,53.1188,LAGGARD,14.5988
987,-126,BATRK,ATLANTA BRAVES HOLDINGS INC SERIES,Communication,,mid,44.26,26.09,-0.0009,-0.0252,-0.023,FLAT,9.18,17.15,12.85,-18.72,53.41,19.36,0.9401,LOW,-,42.8895,42.424,41.9247,1,47.3184,LAGGARD,14.5838
988,-99,PPG,PPG Industries,Materials,Specialty Chemicals,large,109.7,22.06,0.0292,0.0113,-0.0108,STRONG_UP,9.41,14.27,-16.45,-25.68,50.6,37.05,0.6618,LOW,-,103.7175,113.868,107.2866,1,19.4924,LAGGARD,14.5573
989,42,SW,Smurfit Westrock,Materials,Paper & Plastic Packaging Products & Materials,large,42.14,16.18,0.0391,-0.0466,-0.0543,STRONG_UP,-1.82,7.61,0.92,-32.21,48.59,51.17,0.3839,LOW,-,39.552,43.084,41.7465,1,7.2309,LAGGARD,14.5531
990,75,RHP,RYMAN HOSPITALITY PROPERTIES REIT,Real Estate,,mid,98.34,52.94,0.027,0.0363,0.0022,FLAT,13.83,23.82,-3.85,-16.72,49.0,25.93,0.7963,LOW,-,91.6501,95.1513,93.0347,1,45.0123,CONTENDER,14.5463
991,-92,UNH,UnitedHealth Group,Health Care,Managed Health Care,large,306.91,2.34,0.082,0.0716,-0.0679,STRONG_UP,-15.83,-46.91,-28.76,-60.06,48.59,52.25,0.5788,LOW,SHIFT,279.88,281.7896,308.5733,0,-43.6245,WEAK,14.5297
992,-216,COMP,COMPASS INC CLASS A,Real Estate,,mid,7.23,16.47,-0.0091,-0.1723,-0.4666,STRONG_UP,-1.77,-3.34,100.83,-50.81,48.19,68.26,0.5853,LOW,EARLY,7.642,9.4532,9.0872,0,-2.3595,WEAK,14.4621
993,-35,RXO,RXO INC,Industrials,,mid,16.01,32.63,0.0216,0.2275,0.0728,FLAT,-11.79,13.79,-25.12,-43.07,52.21,75.26,0.71,LOW,-,14.0285,14.7626,15.2157,1,9.5653,LAGGARD,14.4575
994,141,FRME,FIRST MERCHANTS CORP,Financials,,mid,41.47,34.97,0.002,0.0468,0.057,STRONG_DOWN,11.87,24.33,35.77,-15.73,51.0,26.32,1.0321,MED,-,38.2055,39.2893,38.0676,1,47.1477,LAGGARD,14.4553
995,44,GTY,GETTY REALTY REIT CORP,Real Estate,,small,33.88,67.06,0.0114,0.0267,0.1606,STRONG_DOWN,34.46,30.86,45.69,-10.16,53.01,26.12,0.6104,LOW,-,32.4315,31.8277,28.1101,1,62.6374,CONTENDER,14.4488
996,-46,HTO,H2O AMERICA,Utilities,,mid,59.86,30.77,-0.0088,0.0205,0.0576,STRONG_DOWN,26.86,19.9,19.07,-19.77,49.8,23.87,1.0406,MED,-,57.9615,55.7357,50.3815,1,41.5275,LAGGARD,14.4295
997,-43,GEHC,GE HealthCare,Health Care,Health Care Equipment,large,72.91,34.38,0.0115,-0.0008,-0.1319,STRONG_UP,-2.83,17.34,-14.29,-21.96,52.61,33.44,0.9723,LOW,PROGRESS,71.0011,76.3693,76.7619,0,27.2794,WEAK,14.4206
998,74,CPRX,CATALYST PHARMACEUTICALS INC,Health Care,,mid,25.6,36.33,0.012,0.0445,0.1743,STRONG_DOWN,25.55,19.35,61.21,-27.29,53.41,35.37,1.2518,MED,-,23.8975,24.1806,22.2722,1,29.2152,LAGGARD,14.3681
999,29,IR,Ingersoll Rand,Industrials,Industrial Machinery & Supplies & Components,large,87.03,38.14,0.067,-0.0107,-0.0039,FLAT,7.51,22.8,-6.24,-22.08,49.0,38.78,0.7747,LOW,-,81.58,88.4425,82.9359,1,28.808,LAGGARD,14.3438
1000,162,DOLE,DOLE PLC,Consumer Staples,,small,15.57,59.68,0.0441,0.0938,0.0221,FLAT,19.73,17.42,40.77,-16.01,53.82,21.26,1.3547,MED,-,14.5517,15.2009,14.2844,1,44.1005,CONTENDER,14.3236
1001,44,BMY,Bristol Myers Squibb,Health Care,Pharmaceuticals,large,59.47,38.28,-0.0276,-0.0032,0.1163,STRONG_DOWN,36.49,23.74,30.27,-14.77,49.8,24.52,0.4992,LOW,-,58.6025,58.9437,49.9583,1,48.2255,LAGGARD,14.3205
1002,159,NVAX,NOVAVAX INC,Health Care,,small,8.54,54.3,0.0842,-0.2142,0.205,FLAT,-4.04,57.27,100.47,-35.94,47.39,84.82,0.453,LOW,-,9.0605,9.2134,8.0715,1,31.9999,CONTENDER,14.2893
1003,100,HFWA,HERITAGE FINANCIAL CORP,Financials,,small,27.86,53.15,0.0177,0.028,0.1205,STRONG_DOWN,19.02,38.14,74.69,-14.76,50.6,33.07,0.9383,LOW,-,25.7025,26.4062,24.2896,1,58.356,CONTENDER,14.2603
1004,58,KNTK,KINETIK HOLDINGS INC CLASS A,Energy,,mid,45.76,9.09,-0.0,-0.0464,-0.0021,FLAT,24.04,15.33,34.43,-30.3,52.21,36.35,1.0098,MED,-,46.5,44.544,39.5042,1,22.0227,LAGGARD,14.2598
1005,-36,CBRE,CBRE Group,Real Estate,Real Estate Services,large,142.46,49.41,0.0115,0.0652,-0.198,FLAT,-6.09,22.13,55.98,-23.22,52.61,42.8,0.3964,LOW,PROGRESS,135.2475,145.1262,153.7713,0,27.1974,WEAK,14.2473
1006,-57,CSGP,CoStar Group,Real Estate,Real Estate Services,large,37.32,0.0,-0.0976,-0.187,-0.4481,STRONG_UP,-52.76,-50.52,-58.83,-61.46,51.0,53.73,0.8161,LOW,EARLY,41.407,46.4994,70.0309,0,-47.9503,WEAK,14.2217
1007,-13,MGM,MGM Resorts,Consumer Discretionary,Casinos & Gaming,large,36.93,45.89,-0.0382,-0.0045,0.0871,STRONG_DOWN,14.26,28.45,-17.35,-22.76,49.4,45.58,0.6132,LOW,-,36.7875,36.1156,35.4313,1,30.8367,LAGGARD,14.2173
1008,16,PAGS,PAGSEGURO DIGITAL LTD CLASS A,Financials,,mid,10.65,50.7,-0.02,-0.0259,0.0476,FLAT,14.03,36.33,-15.12,-21.92,48.59,50.26,0.9605,LOW,-,9.98,10.4638,9.6765,1,35.122,CONTENDER,14.1711
1009,14,APD,Air Products,Materials,Industrial Gases,large,297.74,26.47,-0.0217,0.0362,0.0999,STRONG_DOWN,12.37,16.67,32.88,-22.39,51.0,25.47,0.6983,LOW,-,288.0767,281.0788,270.075,1,33.3837,LAGGARD,14.1649
1010,30,STEP,STEPSTONE GROUP INC CLASS A,Financials,,mid,46.42,18.53,-0.0634,-0.0551,-0.3679,FLAT,-25.51,4.35,39.07,-43.1,51.81,55.41,1.3561,MED,EARLY,46.6475,51.3121,59.6526,0,4.072,WEAK,14.1505
1011,-84,NOW,ServiceNow,Information Technology,Systems Software,large,89.81,6.88,-0.1581,-0.2435,-0.3457,STRONG_UP,-50.89,-42.69,-41.62,-57.02,48.59,51.54,,LOW,EARLY,106.1535,108.7098,158.5904,0,-40.2427,WEAK,14.141
1012,-30,KTB,KONTOOR BRANDS INC,Consumer Discretionary,,mid,72.82,47.26,0.0111,0.0761,0.225,STRONG_DOWN,-8.14,31.0,42.85,-32.91,49.4,58.13,0.627,LOW,-,68.907,67.7303,69.5081,1,26.3486,LAGGARD,14.1353
1013,40,IEX,IDEX Corporation,Industrials,Industrial Machinery & Supplies & Components,large,199.73,36.44,-0.0016,-0.0056,0.0499,FLAT,20.63,21.49,-13.07,-17.02,46.18,26.12,0.735,LOW,-,190.148,199.571,178.3744,1,37.9913,LAGGARD,14.1145
1014,114,CVBF,CVB FINANCIAL CORP,Financials,,mid,20.75,43.36,0.0057,0.0388,0.047,STRONG_DOWN,12.43,30.77,38.88,-13.91,49.8,27.85,0.8587,LOW,-,19.1622,19.55,19.1706,1,55.025,LAGGARD,14.0997
1015,82,CVCO,CAVCO INDUSTRIES INC,Consumer Discretionary,,mid,519.67,33.56,0.0389,-0.0014,-0.1592,STRONG_UP,-0.59,11.28,39.84,-34.05,54.62,58.85,1.1221,MED,PROGRESS,484.751,528.0806,536.3264,0,10.4699,WEAK,14.0715
1016,-56,CDNS,Cadence Design Systems,Information Technology,Application Software,large,281.01,37.04,-0.0304,-0.0649,-0.0785,STRONG_UP,-19.71,10.63,-7.74,-28.09,51.81,42.39,0.8534,LOW,EARLY,283.621,289.9292,321.4936,0,12.9863,WEAK,14.0712
1017,0,REG,Regency Centers,Real Estate,Retail REITs,large,78.35,44.71,-0.014,-0.0014,0.0641,STRONG_DOWN,12.27,19.24,45.41,-8.17,48.59,15.71,0.8502,LOW,-,76.0995,75.8724,70.7953,1,59.5229,LAGGARD,14.0667
1018,-152,OKE,Oneok,Energy,Oil & Gas Storage & Transportation,large,86.18,7.95,-0.0055,-0.0332,-0.0737,STRONG_UP,22.58,11.99,20.39,-23.78,54.22,29.83,0.8015,LOW,-,88.878,85.6058,75.5285,1,21.7998,LAGGARD,14.059
1019,0,PNR,Pentair,Industrials,Industrial Machinery & Supplies & Components,large,90.46,31.36,0.004,-0.0371,-0.1557,STRONG_UP,-18.7,13.05,12.01,-25.05,49.8,33.17,0.5892,LOW,PROGRESS,87.535,94.3586,103.0947,0,19.5901,WEAK,14.0539
1020,-63,BJRI,BJS RESTAURANTS INC,Consumer Discretionary,,small,38.62,41.1,0.0335,0.0724,-0.0659,FLAT,24.18,21.52,13.89,-38.67,52.61,35.38,0.7984,LOW,-,35.675,38.4404,37.2108,1,32.0046,LAGGARD,14.0122
1021,-68,NTAP,NetApp,Information Technology,"Technology Hardware, Storage & Peripherals",large,95.67,40.21,-0.1129,-0.0347,-0.049,FLAT,-20.68,18.52,-3.11,-24.83,50.6,39.6,0.9689,LOW,EARLY,100.8721,100.2413,107.8215,0,23.6684,WEAK,13.995
1022,-91,NHI,NATIONAL HEALTH INVESTORS REIT INC,Real Estate,,mid,86.1,58.82,0.004,0.0118,0.0653,STRONG_DOWN,17.43,26.01,62.61,-10.16,52.21,24.32,0.3635,LOW,-,83.0861,84.1085,76.4453,1,55.8283,CONTENDER,13.9646
1023,234,SFNC,SIMMONS FIRST NATIONAL CORP CLASS,Financials,,mid,21.01,33.92,0.0266,0.0363,0.0615,STRONG_DOWN,11.96,22.87,26.29,-17.57,52.21,33.57,1.5347,HIGH,-,19.2752,19.9752,19.0942,1,35.5695,LAGGARD,13.9446
1024,-131,CSTL,CASTLE BIOSCIENCES INC,Health Care,,small,23.43,37.11,-0.0821,-0.1082,-0.3723,STRONG_UP,-0.68,21.4,14.68,-45.56,52.21,49.33,0.5491,LOW,-,24.9847,29.1115,28.0422,0,22.6483,WEAK,13.9424
1025,-38,AIZ,Assurant,Financials,Multi-line Insurance,large,223.28,30.42,-0.027,-0.0459,-0.0832,STRONG_UP,2.64,19.16,29.72,-12.57,57.43,26.96,0.5917,LOW,-,217.25,223.841,216.1194,1,40.8141,LAGGARD,13.9051
1026,-55,RDW,REDWIRE CORP,Industrials,,small,9.22,21.19,-0.1027,-0.0579,-0.1388,FLAT,-5.82,-1.6,142.63,-75.4,49.4,120.33,0.5337,LOW,-,9.2575,9.3776,9.7735,0,-0.6572,WEAK,13.824
1027,24,LULU,Lululemon Athletica,Consumer Discretionary,"Apparel, Accessories & Luxury Goods",large,166.51,1.37,0.0252,0.0018,-0.183,STRONG_UP,-4.75,-35.11,-52.46,-56.49,50.6,43.69,0.7296,LOW,PROGRESS,157.945,168.8676,187.357,0,-40.6678,WEAK,13.8198
1028,-51,HUBG,HUB GROUP INC CLASS A,Industrials,,mid,38.76,34.32,0.0119,0.0166,-0.1869,FLAT,8.16,16.69,-3.86,-35.62,52.21,52.3,0.6473,LOW,-,35.7773,40.1558,38.2182,1,16.6634,LAGGARD,13.7646
1029,-77,FICO,Fair Isaac,Information Technology,Application Software,large,1072.35,7.41,-0.0546,-0.0999,-0.2837,STRONG_UP,-36.73,-42.04,-9.22,-54.9,51.41,56.28,0.5353,LOW,EARLY,1089.5565,1263.7402,1529.274,0,-38.3995,WEAK,13.7468
1030,-12,LTC,LTC PROPERTIES REIT INC,Real Estate,,small,39.55,55.29,-0.0021,0.016,0.0714,STRONG_DOWN,18.06,25.06,43.49,-9.46,54.22,22.46,0.4711,LOW,-,37.9904,38.0383,35.3331,1,60.4876,CONTENDER,13.714
1031,-58,INOD,INNODATA INC,Industrials,,small,36.09,20.76,-0.1121,-0.2279,-0.469,STRONG_UP,-61.27,-2.41,,-63.03,48.19,80.14,1.2582,MED,-,41.1655,44.7252,54.6323,0,-1.4472,WEAK,13.704
1032,-88,DXCM,Dexcom,Health Care,Health Care Equipment,large,65.68,22.27,0.0307,-0.0144,0.0013,FLAT,-3.1,-2.41,-53.19,-38.75,51.0,33.59,0.7597,LOW,PROGRESS,64.9925,68.679,71.3176,0,-3.6548,WEAK,13.6933
1033,133,SKT,TANGER INC,Real Estate,,mid,36.29,48.24,0.0184,0.0119,0.0076,STRONG_UP,12.58,21.71,44.14,-10.34,50.2,22.87,0.3699,LOW,-,34.76,34.8014,33.0107,1,47.664,LAGGARD,13.6696
1034,47,BBY,Best Buy,Consumer Discretionary,Computer & Electronics Retail,large,64.53,35.62,-0.0446,0.0163,-0.0555,FLAT,-13.74,14.09,-10.93,-26.04,48.19,33.82,0.418,LOW,SHIFT,62.9726,63.8947,69.167,0,20.0751,WEAK,13.6635
1035,80,FCBC,FIRST COMMUNITY BANKSHARES INC,Financials,,small,43.45,35.66,-0.0145,0.0264,0.278,STRONG_DOWN,34.58,25.17,57.7,-23.43,51.41,30.08,1.3267,MED,-,41.155,40.0332,35.5166,1,43.0216,LAGGARD,13.6183
1036,0,GWW,W. W. Grainger,Industrials,Industrial Machinery & Supplies & Components,large,1172.21,38.56,-0.0012,0.0234,0.1014,STRONG_DOWN,21.71,23.1,19.1,-16.26,51.0,28.69,0.9695,LOW,-,1082.43,1113.8791,1021.4846,1,41.0606,LAGGARD,13.5807
1037,136,CWAN,CLEARWATER ANALYTICS HOLDINGS INC,Information Technology,,mid,23.95,31.22,-0.0323,0.0176,0.0352,STRONG_DOWN,32.32,3.86,46.21,-35.8,49.8,9.14,0.5691,LOW,-,23.535,23.5234,21.3838,1,21.0288,LAGGARD,13.5752
1038,0,MCK,McKesson Corporation,Health Care,Health Care Distributors,large,873.43,40.23,-0.0377,-0.0701,0.1146,FLAT,15.78,29.08,66.22,-13.97,56.63,41.14,0.5812,LOW,-,888.906,911.9974,801.7393,1,40.0297,LAGGARD,13.573
1039,67,NMIH,NMI HOLDINGS INC,Financials,,mid,39.33,28.32,-0.0023,-0.0144,-0.0535,STRONG_UP,9.28,18.36,31.8,-18.08,55.02,27.21,0.6702,LOW,-,37.542,38.627,38.6263,1,37.1186,LAGGARD,13.534
1040,3,PM,Philip Morris International,Consumer Staples,Tobacco,large,161.25,51.61,-0.0063,-0.0153,-0.0486,STRONG_UP,5.73,10.45,94.45,-20.64,56.63,28.6,0.6307,LOW,EARLY,164.1769,173.316,162.8678,0,20.687,LAGGARD,13.5303
1041,22,MELI,Mercado Libre,Consumer Discretionary,Catalog/Specialty Distribution,large,1793.205,17.12,0.0012,-0.0068,-0.1451,STRONG_UP,-17.74,-7.28,21.33,-38.8,49.8,40.21,0.5635,LOW,PROGRESS,1687.7912,1838.1331,2144.9482,0,-9.0157,WEAK,13.5253
1042,-33,BRZE,BRAZE INC CLASS A,Information Technology,,mid,20.68,15.87,-0.1653,0.0852,-0.275,FLAT,-26.54,-31.93,-50.93,-57.2,47.79,79.83,1.3954,MED,-,20.9442,19.6474,26.4985,0,-19.1141,WEAK,13.5048
1043,50,ARDX,ARDELYX INC,Health Care,,small,6.13,49.22,0.0071,0.0191,-0.0839,FLAT,21.15,44.24,-14.03,-40.42,48.19,81.73,0.5721,LOW,-,5.734,6.3832,5.8123,1,26.0822,LAGGARD,13.4493
1044,-79,MSI,Motorola Solutions,Information Technology,Communications Equipment,large,442.5,34.92,-0.0305,-0.061,0.2028,FLAT,-3.7,7.83,30.02,-25.45,53.41,23.94,0.5205,LOW,-,450.2838,447.4579,426.3527,1,17.4588,LAGGARD,13.442
1045,-302,ALHC,ALIGNMENT HEALTHCARE INC,Health Care,,mid,21.38,28.91,0.1148,0.1828,0.062,FLAT,20.86,8.09,349.16,-41.15,51.41,57.54,0.6138,LOW,-,18.1685,19.448,17.5644,1,7.2272,LAGGARD,13.4236
1046,109,NBHC,NATIONAL BANK HOLDINGS CORP CLASS,Financials,,small,42.02,40.21,0.0119,-0.0021,0.0226,FLAT,11.06,27.9,34.76,-14.41,50.6,26.61,0.5821,LOW,-,39.0265,39.984,38.3397,1,53.0524,LAGGARD,13.4229
1047,27,UPS,United Parcel Service,Industrials,Air Freight & Logistics,large,101.64,30.08,-0.015,-0.0242,-0.0723,STRONG_UP,21.56,12.46,-22.47,-20.28,51.41,27.62,0.6693,LOW,-,97.6275,106.0344,94.9229,1,23.1832,LAGGARD,13.4227
1048,74,STZ,Constellation Brands,Consumer Staples,Distillers & Vintners,large,163.07,32.26,0.0532,0.1012,0.0393,FLAT,15.87,-9.44,-35.68,-33.85,46.59,36.12,1.9886,HIGH,-,151.9485,154.7794,149.2173,1,-12.1806,LAGGARD,13.3949
1049,46,UNP,Union Pacific Corporation,Industrials,Rail Transportation,large,251.15,34.75,-0.0239,-0.0324,0.0632,FLAT,9.15,17.21,10.98,-12.28,54.62,21.79,0.8848,LOW,-,241.784,249.7295,230.8695,1,43.1491,LAGGARD,13.3667
1050,-137,PANW,Palo Alto Networks,Information Technology,Systems Software,large,166.99,29.63,-0.0154,-0.0077,-0.0848,FLAT,-23.33,-0.76,18.85,-36.01,54.22,41.91,0.9656,LOW,SHIFT,163.119,161.6292,187.104,0,-0.9841,WEAK,13.355
1051,-211,SBAC,SBA Communications,Real Estate,Telecom Tower REITs,large,218.46,31.76,0.0393,0.1564,0.1565,STRONG_DOWN,17.89,5.25,11.38,-30.63,46.59,49.93,1.496,MED,-,184.7925,188.755,198.2079,1,4.8976,LAGGARD,13.3536
1052,66,INTA,INTAPP INC,Information Technology,,mid,21.27,1.59,-0.1802,-0.1808,-0.478,STRONG_UP,-46.04,-60.44,-33.36,-66.6,43.78,71.93,1.1328,MED,EARLY,24.8125,25.3298,38.1984,0,-36.7882,WEAK,13.3502
1053,49,TFIN,TRIUMPH FINANCIAL INC,Financials,,small,64.12,42.31,0.0198,0.0472,-0.0841,FLAT,32.02,29.82,-16.73,-28.76,50.6,49.36,1.0496,MED,-,58.1765,60.5328,59.0949,1,30.5731,LAGGARD,13.3381
1054,73,CHCO,CITY HOLDING,Financials,,small,127.91,31.47,-0.0015,0.0099,0.0161,STRONG_DOWN,6.18,20.71,37.08,-11.76,48.59,18.67,1.0838,MED,-,120.293,122.0494,122.0037,1,53.8993,LAGGARD,13.33
1055,-93,SO,Southern Company,Utilities,Electric Utilities,large,97.59,19.23,-0.0188,-0.0328,-0.012,FLAT,3.1,13.39,49.47,-14.99,53.01,18.12,0.6943,LOW,-,96.453,94.4812,91.3809,1,39.1737,LAGGARD,13.3191
1056,-9,STNE,STONECO LTD CLASS A,Financials,,mid,14.04,39.86,-0.0435,-0.1113,-0.0654,FLAT,-22.69,27.87,-15.06,-31.4,48.59,60.45,0.7379,LOW,PROGRESS,13.9355,15.3162,15.9346,0,22.4011,WEAK,13.3153
1057,-67,J,Jacobs Solutions,Industrials,Construction & Engineering,large,127.13,30.93,-0.0572,-0.076,-0.1147,STRONG_UP,-18.81,12.89,8.45,-23.73,50.6,36.74,0.9053,LOW,EARLY,128.325,134.0874,140.9051,0,17.7512,WEAK,13.2466
1058,6,SAH,SONIC AUTOMOTIVE INC CLASS A,Consumer Discretionary,,mid,67.83,37.67,0.0015,0.0901,0.0952,STRONG_DOWN,-4.67,16.55,38.87,-33.64,54.62,38.0,0.4444,LOW,SHIFT,63.7145,62.3106,68.9519,0,23.7886,WEAK,13.244
1059,-66,ATEC,ALPHATEC HOLDNGS INC,Health Care,,small,11.07,33.2,-0.0032,-0.1305,-0.4715,STRONG_UP,-21.04,16.16,-21.66,-52.25,51.0,65.54,0.737,LOW,-,11.731,12.8412,15.43,0,12.5745,WEAK,13.2332
1060,-33,MSFT,Microsoft,Information Technology,Systems Software,large,373.07,28.57,-0.0396,-0.0988,-0.1779,STRONG_UP,-28.62,-1.42,-10.51,-33.91,52.21,32.16,0.7844,LOW,EARLY,378.675,395.8157,473.1719,0,-2.309,WEAK,13.221
1061,6,LOW,Lowe's,Consumer Discretionary,Home Improvement Retail,large,247.81,36.3,0.0285,-0.0184,0.008,FLAT,5.29,14.29,8.55,-21.84,51.41,31.61,0.8029,LOW,-,235.482,256.0474,246.258,1,23.2372,LAGGARD,13.2126
1062,-61,TYL,Tyler Technologies,Information Technology,Application Software,large,323.68,7.94,-0.0811,-0.0909,-0.2461,STRONG_UP,-37.46,-41.95,-21.41,-53.08,46.99,52.2,0.8137,LOW,EARLY,340.4025,344.014,470.1941,0,-37.7632,WEAK,13.1762
1063,-2,FUL,HB FULLER,Materials,,mid,63.68,30.88,0.019,0.0679,-0.0491,FLAT,6.21,24.75,-14.93,-26.97,47.39,43.84,0.7627,LOW,-,56.759,61.0151,59.7348,1,26.7488,LAGGARD,13.1681
1064,70,SHEN,SHENANDOAH TELECOMMUNICATIONS,Communication,,small,15.04,34.78,-0.0133,-0.0204,0.1765,FLAT,10.3,21.51,2.11,-36.32,51.81,36.93,0.9927,LOW,-,14.7555,13.8372,12.9,1,30.1727,LAGGARD,13.1384
1065,-39,OTTR,OTTER TAIL CORP,Utilities,,mid,90.93,36.54,0.0067,0.0146,-0.051,FLAT,18.91,20.4,15.2,-12.7,52.21,22.57,0.9379,LOW,-,87.334,87.0167,82.11,1,47.1863,LAGGARD,13.1236
1066,-63,HRI,HERC HOLDINGS INC,Industrials,,mid,103.37,14.83,0.0854,-0.1373,-0.4202,STRONG_UP,-15.98,-10.43,-33.69,-49.5,46.99,65.09,0.5734,LOW,PROGRESS,102.135,130.6632,133.7665,0,-7.5316,WEAK,13.1116
1067,27,SBUX,Starbucks,Consumer Discretionary,Restaurants,large,96.92,39.04,0.0284,-0.0667,0.1427,FLAT,22.75,17.72,18.83,-18.53,50.2,30.73,0.5842,LOW,-,93.6765,95.4111,88.72,1,28.9531,LAGGARD,13.1007
1068,69,EPAM,EPAM Systems,Information Technology,IT Consulting & Other Services,mid,123.85,23.28,-0.1411,-0.1479,-0.3965,STRONG_UP,-18.01,-15.34,-53.58,-44.06,53.41,59.53,2.0651,HIGH,EARLY,134.8335,151.6784,170.0804,0,-13.7624,WEAK,13.0942
1069,87,CVLT,COMMVAULT SYSTEMS INC,Information Technology,,mid,80.61,6.35,-0.0301,-0.0237,-0.3107,FLAT,-54.64,-46.75,-16.49,-61.53,51.81,74.33,1.9219,HIGH,PROGRESS,79.254,83.6716,138.3671,0,-32.5884,WEAK,13.0893
1070,-60,BKNG,Booking Holdings,Consumer Discretionary,"Hotels, Resorts & Cruise Lines",large,176.6,22.6,0.0085,-0.0004,-0.1551,STRONG_UP,-13.6,-1.02,25.09,-33.2,51.81,44.4,0.6965,LOW,SHIFT,171.5637,173.6801,203.4871,0,-1.1891,WEAK,13.0574
1071,-289,ACT,ENACT HOLDINGS INC,Financials,,mid,42.72,36.01,-0.0169,-0.0199,0.0304,FLAT,19.75,25.33,50.29,-10.96,55.82,28.94,0.8797,LOW,-,40.9055,41.4278,38.2627,1,48.8523,LAGGARD,12.9944
1072,109,SOLV,Solventum,Health Care,Health Care Technology,large,66.18,25.78,0.0162,-0.0262,-0.188,STRONG_UP,-8.63,1.55,3.58,-27.46,49.8,31.64,1.1128,MED,PROGRESS,65.219,70.7188,74.425,0,2.4393,WEAK,12.9917
1073,98,TROW,T. Rowe Price,Financials,Asset Management & Custody Banks,large,92.16,23.08,-0.0279,-0.0292,-0.1636,STRONG_UP,-10.53,13.01,-12.69,-19.76,53.01,27.68,0.8946,LOW,SHIFT,88.862,92.0302,98.8448,0,24.9226,WEAK,12.989
1074,5,RJF,Raymond James Financial,Financials,Investment Banking & Brokerage,large,148.14,23.78,-0.0082,-0.0737,-0.142,STRONG_UP,-9.66,13.53,19.77,-19.64,55.42,30.28,0.5614,LOW,PROGRESS,143.6961,152.8737,160.0872,0,24.7611,WEAK,12.9529
1075,-140,ADMA,ADMA BIOLOGICS INC,Health Care,,mid,9.94,2.73,0.0567,-0.3706,-0.4096,STRONG_UP,-32.01,-46.79,64.57,-66.18,49.0,72.5,0.9002,LOW,EARLY,11.66,14.3766,16.4259,0,-31.6222,WEAK,12.9483
1076,-57,TSN,Tyson Foods,Consumer Staples,Packaged Foods & Meats,large,65.42,54.84,-0.014,0.1075,0.0795,FLAT,26.92,12.65,20.26,-16.76,51.0,23.49,0.5713,LOW,-,62.4105,62.9654,56.7347,1,27.4592,CONTENDER,12.9179
1077,56,IBCP,INDEPENDENT BANK CORP,Financials,,small,34.99,36.71,-0.0089,-0.0179,0.027,FLAT,14.17,25.52,61.28,-13.5,51.0,25.28,0.9719,LOW,-,33.212,34.6125,32.5784,1,51.4741,LAGGARD,12.907
1078,-70,CMS,CMS Energy,Utilities,Multi-Utilities,large,79.94,25.0,-0.0029,0.0089,0.0157,STRONG_DOWN,10.87,15.11,46.18,-8.31,55.82,15.49,0.8898,LOW,-,77.2715,75.8064,72.2099,1,54.4384,LAGGARD,12.8973
1079,30,MMM,3M,Industrials,Industrial Conglomerates,large,150.5,33.9,-0.0085,-0.0626,-0.1208,STRONG_UP,-2.68,15.27,69.24,-18.77,52.61,31.79,0.6756,LOW,PROGRESS,146.118,155.978,157.3247,0,25.2693,WEAK,12.8943
1080,-91,LMAT,LEMAITRE VASCULAR INC,Health Care,,mid,112.71,46.48,0.014,0.0384,0.37,STRONG_DOWN,28.61,39.8,70.95,-19.91,52.61,54.36,0.5363,LOW,-,109.3755,100.5867,90.2645,1,38.5176,LAGGARD,12.8623
1081,-15,UHS,Universal Health Services,Health Care,Health Care Facilities,large,187.88,28.12,0.0384,0.0045,-0.0689,STRONG_UP,-8.28,5.83,,-27.51,53.01,37.47,0.3262,LOW,PROGRESS,185.7305,201.8341,200.5559,0,8.241,WEAK,12.8412
1082,-12,MTCH,Match Group,Communication Services,Interactive Media & Services,mid,32.49,59.09,0.0214,0.0723,0.0223,FLAT,-1.59,17.72,-0.06,-24.61,51.41,35.63,0.5422,LOW,SHIFT,31.036,31.0451,32.9623,0,25.5615,LAGGARD,12.8359
1083,-61,GDDY,GoDaddy,Information Technology,Internet Services & Infrastructure,large,80.94,3.17,-0.0475,-0.0849,-0.2598,STRONG_UP,-40.18,-52.11,-35.36,-58.87,49.4,50.79,0.8375,LOW,EARLY,82.2125,88.162,126.5361,0,-50.6805,WEAK,12.8348
1084,-25,ALKS,ALKERMES,Health Care,,mid,34.92,42.19,-0.0231,0.2532,0.2212,FLAT,10.82,31.33,33.59,-22.2,50.2,51.69,0.8358,LOW,-,30.589,31.4668,29.8254,1,30.4245,LAGGARD,12.7944
1085,-37,TNDM,TANDEM DIABETES CARE INC,Health Care,,small,19.68,32.42,0.0326,-0.1168,-0.085,FLAT,28.29,15.49,-43.07,-56.99,47.39,90.07,0.4433,LOW,-,21.621,21.5548,17.7847,1,8.1516,LAGGARD,12.7913
1086,12,UBER,Uber,Industrials,Passenger Ground Transportation,large,71.81,22.46,-0.0507,-0.0747,-0.2158,STRONG_UP,-27.67,1.23,-3.42,-30.89,50.2,30.98,0.6829,LOW,EARLY,72.9195,73.9634,86.6763,0,1.9872,WEAK,12.7886
1087,-31,PCT,PURECYCLE TECHNOLOGIES INC,Materials,,small,5.45,4.41,-0.0305,-0.0754,-0.524,STRONG_UP,-63.32,-7.94,-4.55,-70.09,44.98,86.67,0.7382,LOW,-,5.5115,7.1858,10.8913,0,-4.1203,WEAK,12.7802
1088,-63,LFST,LIFESTANCE HEALTH GROUP INC,Health Care,,mid,6.49,19.92,0.0036,-0.0275,-0.0802,STRONG_UP,15.07,-4.14,5.7,-44.67,46.59,35.76,0.7394,LOW,-,6.4365,6.789,5.9411,1,-5.3885,LAGGARD,12.754
1089,19,CVS,CVS Health,Health Care,Health Care Services,large,78.84,35.55,0.0479,0.0369,0.0277,STRONG_UP,4.17,18.67,20.28,-16.44,57.03,40.68,0.5848,LOW,-,73.6905,75.7748,73.8776,1,26.1758,LAGGARD,12.7504
1090,59,PFBC,PREFERRED BANK,Financials,,small,94.7,38.46,-0.0115,-0.0062,-0.0587,FLAT,6.67,27.5,36.4,-18.58,51.81,31.49,0.7135,LOW,-,90.095,89.6164,91.2275,1,45.2453,LAGGARD,12.7461
1091,191,RLJ,RLJ LODGING TRUST REIT,Real Estate,,small,7.95,61.18,0.0502,0.0313,-0.0001,STRONG_UP,19.38,27.1,-21.51,-14.61,49.4,33.89,0.7213,LOW,-,7.4436,7.6615,7.23,1,39.5036,CONTENDER,12.7339
1092,-12,PRSU,PURSUIT ATTRACTIONS AND HOSPITALIT,Consumer Discretionary,,small,42.55,52.74,0.0831,0.1106,0.2902,STRONG_DOWN,21.33,35.25,16.99,-14.25,51.0,35.63,,LOW,-,37.0095,36.6426,34.787,1,50.4577,CONTENDER,12.7326
1093,53,SWKS,Skyworks Solutions,Information Technology,Semiconductors,mid,56.56,35.98,-0.0138,0.0094,-0.0164,FLAT,-23.93,9.63,-40.68,-35.24,50.6,34.98,0.8086,LOW,PROGRESS,54.7635,56.9362,66.2093,0,13.9348,WEAK,12.7108
1094,50,NX,QUANEX BUILDING PRODUCTS CORP,Industrials,,small,20.17,35.17,0.1051,0.1127,0.1922,STRONG_DOWN,40.62,17.94,-43.14,-49.67,49.8,45.64,0.5767,LOW,-,17.6236,19.1796,17.1418,1,19.5731,LAGGARD,12.7096
1095,16,ADSK,Autodesk,Information Technology,Application Software,large,225.13,25.4,-0.093,-0.1262,-0.146,STRONG_UP,-27.71,-12.37,-5.81,-33.09,51.81,40.47,1.5727,HIGH,EARLY,241.4645,242.048,285.6966,0,-15.8407,WEAK,12.6989
1096,-10,RES,RPC INC,Energy,,small,6.65,23.86,-0.0177,0.0023,-0.1522,FLAT,41.72,47.28,-12.42,-20.83,50.2,54.13,0.5861,LOW,-,6.8885,6.3406,5.3427,1,43.8442,LAGGARD,12.6928
1097,325,DEA,EASTERLY GOVERNMENT PROPERTIES INC,Real Estate,,small,22.74,45.88,0.0175,0.0227,-0.0311,FLAT,8.26,20.04,-4.83,-11.2,49.8,22.35,1.0303,MED,-,21.887,22.5811,21.7165,1,44.6471,LAGGARD,12.6652
1098,-102,LEN,Lennar,Consumer Discretionary,Homebuilding,large,88.93,13.01,-0.0168,-0.1012,-0.1524,STRONG_UP,-25.32,-13.37,-39.43,-39.87,47.79,41.45,0.8516,LOW,EARLY,90.7145,103.5599,116.0704,0,-15.4176,WEAK,12.6442
1099,108,TOWN,TOWNEBANK,Financials,,mid,36.13,32.17,0.0161,0.024,0.011,FLAT,9.05,21.22,46.1,-14.28,51.41,25.7,0.7732,LOW,-,33.3606,34.3712,34.1861,1,42.4567,LAGGARD,12.616
1100,5,RVLV,REVOLVE GROUP CLASS A INC,Consumer Discretionary,,small,25.69,45.21,0.1105,0.0275,-0.1465,STRONG_UP,18.99,27.94,33.8,-30.3,47.39,48.5,0.7435,LOW,-,22.849,24.5476,23.9306,1,27.2988,LAGGARD,12.6087
1101,-84,GRBK,GREEN BRICK PARTNERS INC,Consumer Discretionary,,mid,69.23,44.52,0.0153,0.0344,0.0636,STRONG_DOWN,0.51,25.78,23.43,-23.99,48.59,39.66,0.8923,LOW,-,64.448,70.086,67.9947,1,31.5863,LAGGARD,12.5943
1102,12,FTV,Fortive,Industrials,Industrial Machinery & Supplies & Components,large,60.23,39.41,0.0239,0.0386,0.0569,STRONG_DOWN,21.12,25.91,-3.13,-16.14,49.4,35.86,0.5924,LOW,-,55.609,56.6737,52.4314,1,35.6879,LAGGARD,12.5815
1103,27,HQY,HEALTHEQUITY INC,Health Care,,mid,84.2,27.34,-0.0309,0.0674,-0.1049,FLAT,-8.57,5.33,3.57,-35.25,50.2,37.81,1.059,MED,SHIFT,81.5365,79.9808,90.8804,0,7.0753,WEAK,12.5602
1104,88,BXMT,BLACKSTONE MORTGAGE TRUST REIT CLA,Financials,,mid,19.5,34.62,-0.0061,-0.0215,-0.0,FLAT,11.27,23.64,28.96,-9.53,51.41,24.83,0.7489,LOW,-,18.5625,18.8228,18.269,1,48.9466,LAGGARD,12.5544
1105,-47,RMD,ResMed,Health Care,Health Care Equipment,large,227.98,29.69,-0.008,-0.0556,-0.049,FLAT,-18.88,9.25,19.77,-24.74,51.0,27.71,0.7686,LOW,PROGRESS,226.7595,244.7789,257.5428,0,17.026,WEAK,12.5478
1106,-168,VRE,VERIS RESIDENTIAL INC,Real Estate,,small,18.91,64.71,-0.0339,-0.0038,0.1898,STRONG_DOWN,31.03,27.79,34.34,-15.1,50.6,29.78,0.426,LOW,-,18.8491,17.8539,15.4543,1,47.2245,CONTENDER,12.4886
1107,58,CSR,CENTERSPACE,Real Estate,,small,62.04,38.82,0.0043,-0.0044,-0.1179,STRONG_UP,7.91,14.66,13.61,-17.43,49.8,18.15,0.6182,LOW,-,58.8913,60.9934,59.6171,1,40.2182,LAGGARD,12.4764
1108,-17,QCOM,Qualcomm,Information Technology,Semiconductors,large,127.75,27.51,-0.0311,-0.0677,-0.2531,STRONG_UP,-22.97,-2.72,-21.95,-33.13,51.81,29.25,0.7084,LOW,EARLY,128.6805,136.3315,156.2673,0,-4.8193,WEAK,12.461
1109,-49,GEN,Gen Digital,Information Technology,Systems Software,large,18.37,18.52,-0.0661,-0.1553,-0.2641,STRONG_UP,-31.88,-22.88,-14.68,-42.23,46.18,36.87,1.2388,MED,EARLY,19.6775,21.6396,26.3299,0,-28.6535,WEAK,12.402
1110,-66,LMB,LIMBACH HOLDINGS INC,Industrials,,small,84.4,27.54,-0.0008,0.0207,0.0609,STRONG_DOWN,-10.61,8.69,113.13,-55.92,51.41,55.82,1.1973,MED,-,78.932,84.5842,96.4438,0,8.0061,WEAK,12.3849
1111,78,FMNB,FARMERS NATIONAL BANC CORP,Financials,,small,13.94,33.22,-0.0105,0.0421,0.0247,FLAT,0.87,22.12,,-16.69,53.41,25.87,0.6021,LOW,-,12.983,13.0355,13.4332,1,45.6655,LAGGARD,12.3823
1112,0,ABNB,Airbnb,Consumer Discretionary,"Hotels, Resorts & Cruise Lines",large,129.16,34.93,-0.0113,-0.0538,-0.0363,FLAT,7.64,13.39,-19.42,-21.54,54.22,37.82,0.8025,LOW,-,128.245,128.0645,128.0378,1,19.1931,LAGGARD,12.3741
1113,-80,DGX,Quest Diagnostics,Health Care,Health Care Services,large,197.82,37.5,-0.022,-0.0143,0.1644,STRONG_DOWN,10.34,22.91,56.11,-9.81,51.0,24.67,0.4753,LOW,-,196.6067,198.3203,183.0599,1,47.3607,LAGGARD,12.373
1114,-218,NNE,NANO NUCLEAR ENERGY INC,Industrials,,small,21.11,18.64,-0.0629,-0.1789,-0.3969,STRONG_UP,-55.12,-7.21,306.74,-66.45,46.59,78.33,0.9796,LOW,-,21.3515,24.557,33.4689,0,-4.2877,WEAK,12.3681
1115,11,MHO,M I HOMES INC,Consumer Discretionary,,mid,125.11,38.36,-0.0163,-0.0586,-0.0187,FLAT,-7.72,17.72,7.07,-25.14,50.6,33.8,0.9758,LOW,PROGRESS,123.368,133.3802,133.1146,0,26.5236,WEAK,12.3217
1116,75,OFG,OFG BANCORP,Financials,,small,43.36,37.76,-0.0014,0.0447,0.0251,FLAT,2.57,26.44,31.08,-17.74,50.6,30.55,0.333,LOW,-,40.0601,40.3315,41.3561,1,43.7857,LAGGARD,12.3049
1117,63,THRM,GENTHERM INC,Consumer Discretionary,,small,29.35,43.84,0.0132,-0.0149,-0.2162,STRONG_UP,-15.78,25.21,-44.7,-30.32,49.4,44.24,0.6838,LOW,-,28.1695,30.4558,33.8599,0,28.1541,WEAK,12.2998
1118,-42,CHTR,Charter Communications,Communication Services,Cable & Satellite,large,223.23,4.55,0.0037,0.0054,0.0917,STRONG_DOWN,-18.64,-33.46,-15.07,-57.21,50.2,41.06,0.6574,LOW,SHIFT,217.9685,223.1714,251.4141,0,-40.9052,WEAK,12.2959
1119,-32,SKYW,SKYWEST INC,Industrials,,mid,94.87,29.66,-0.0135,0.0124,-0.0745,FLAT,-4.72,12.05,40.22,-28.96,47.79,38.65,1.0271,MED,PROGRESS,91.494,97.51,103.1943,0,14.8956,WEAK,12.2864
1120,-68,IBM,IBM,Information Technology,IT Consulting & Other Services,large,237.18,33.33,-0.0828,-0.0672,-0.172,FLAT,-17.14,5.89,35.05,-28.69,55.42,45.76,0.8702,LOW,EARLY,244.658,257.3038,274.4457,0,7.1363,WEAK,12.2829
1121,74,TECH,Bio-Techne,Health Care,Life Sciences Tools & Services,mid,55.57,31.25,0.021,0.0321,-0.098,FLAT,-7.99,13.47,-19.24,-31.53,50.6,39.29,0.9184,LOW,PROGRESS,52.308,56.9527,57.6897,0,17.3443,WEAK,12.2515
1122,-116,SYY,Sysco,Consumer Staples,Food Distributors,large,74.99,53.23,0.0285,-0.0969,-0.0557,FLAT,-3.36,10.71,3.04,-23.98,49.0,43.39,0.6703,LOW,EARLY,78.3718,83.2677,78.0741,0,12.1003,LAGGARD,12.2486
1123,-116,RELY,REMITLY GLOBAL INC,Financials,,mid,17.1,8.04,0.0177,-0.0692,0.2296,FLAT,7.41,-14.54,-15.56,-50.18,46.99,67.07,0.8101,LOW,-,15.8262,15.3501,15.8761,1,-10.1888,LAGGARD,12.2299
1124,-11,ENVX,ENOVIX CORP,Industrials,,small,5.58,19.49,0.0527,0.0816,-0.3302,FLAT,-55.92,-5.74,-21.85,-69.62,50.2,75.94,0.7109,LOW,-,5.1665,5.6089,9.0442,0,-3.7966,WEAK,12.1802
1125,0,APAM,ARTISAN PARTNERS ASSET MANAGEMENT,Financials,,mid,37.04,25.52,-0.0371,-0.0553,-0.1427,STRONG_UP,-10.5,15.53,-1.94,-21.92,50.2,29.01,0.6079,LOW,PROGRESS,36.038,39.1261,41.212,0,26.8822,WEAK,12.1743
1126,-106,ABUS,ARBUTUS BIOPHARMA CORP,Health Care,,small,4.3,46.09,-0.0656,-0.0939,-0.0349,FLAT,2.87,37.82,44.3,-25.86,49.8,56.11,0.8335,LOW,-,4.378,4.3464,4.1615,1,33.5673,LAGGARD,12.1109
1127,-37,ANIP,ANI PHARMACEUTICALS INC,Health Care,,small,80.14,37.89,0.055,0.0462,0.0304,STRONG_UP,-12.56,23.07,19.68,-28.66,50.6,39.88,0.7033,LOW,-,74.8975,76.6528,81.5829,0,29.2652,WEAK,12.097
1128,-27,DHR,Danaher Corporation,Health Care,Life Sciences Tools & Services,large,192.99,28.52,-0.0156,-0.0134,-0.1367,FLAT,-5.51,7.5,-20.59,-24.85,51.81,27.2,0.6029,LOW,PROGRESS,189.5616,202.0653,208.99,0,14.2889,WEAK,12.0747
1129,19,PECO,PHILLIPS EDISON AND COMPANY INC,Real Estate,,mid,38.59,41.18,-0.0035,-0.0023,0.0444,STRONG_DOWN,16.71,15.88,25.01,-8.41,47.39,14.29,0.7786,LOW,-,37.4922,37.786,35.0728,1,52.651,LAGGARD,12.0728
1130,-55,PKG,Packaging Corporation of America,Materials,Paper & Plastic Packaging Products & Materials,large,208.12,25.0,-0.0181,-0.1046,-0.0806,FLAT,-1.24,14.98,16.38,-17.21,51.41,28.29,0.7576,LOW,-,210.0295,222.0742,207.8127,1,27.228,LAGGARD,12.0633
1131,-126,RDNT,RADNET INC,Health Care,,mid,56.07,27.73,-0.002,-0.0887,-0.2443,STRONG_UP,-26.3,5.79,15.49,-35.39,49.4,47.53,0.7347,LOW,EARLY,58.845,64.7534,69.388,0,6.0203,WEAK,12.0535
1132,-82,HUM,Humana,Health Care,Managed Health Care,large,197.32,8.2,0.0847,0.1558,-0.2451,FLAT,-33.23,-30.94,-36.44,-47.18,53.82,58.66,0.4446,LOW,SHIFT,174.8854,180.4215,240.1603,0,-28.3907,WEAK,11.9451
1133,14,WAT,Waters Corporation,Health Care,Life Sciences Tools & Services,large,317.65,25.0,0.0192,0.0633,-0.1588,FLAT,-3.05,0.95,-5.78,-31.32,49.4,38.98,0.5658,LOW,PROGRESS,299.4615,320.691,336.6826,0,1.2042,WEAK,11.94
1134,83,NBTB,NBT BANCORP INC,Financials,,mid,45.79,33.57,0.0115,0.0375,0.0423,STRONG_DOWN,13.23,22.52,43.24,-12.17,47.39,26.54,1.2657,MED,-,42.39,43.3349,42.0092,1,40.216,LAGGARD,11.9296
1135,0,DFIN,DONNELLEY FINANCIAL SOLUTIONS INC,Financials,,small,49.3,31.82,-0.0184,-0.0732,-0.0569,FLAT,-7.28,21.19,-18.19,-41.38,56.22,56.82,0.5219,LOW,-,47.5075,47.891,51.674,0,20.966,WEAK,11.9273
1136,-16,HLX,HELIX ENERGY SOLUTIONS GROUP INC,Energy,,small,9.58,26.14,0.0169,0.0183,0.092,STRONG_DOWN,44.28,51.58,-19.29,-20.83,47.79,55.61,0.6123,LOW,-,9.604,9.1064,7.1833,1,44.3287,LAGGARD,11.9149
1137,-38,HSIC,Henry Schein,Health Care,Health Care Distributors,mid,75.62,35.94,-0.0027,-0.0164,-0.0024,FLAT,16.82,18.97,5.23,-16.93,50.6,28.01,0.5032,LOW,-,73.9945,76.7354,72.2847,1,34.2768,LAGGARD,11.9116
1138,0,EFX,Equifax,Industrials,Research & Consulting Services,large,181.9,11.44,-0.0529,-0.0829,-0.1991,STRONG_UP,-23.72,-15.7,-25.69,-39.04,51.0,45.0,0.4067,LOW,PROGRESS,180.016,190.4598,222.0256,0,-17.797,WEAK,11.9093
1139,-125,COR,Cencora,Health Care,Health Care Distributors,large,322.46,33.59,-0.0326,-0.0844,0.0036,FLAT,4.16,16.34,37.8,-17.16,54.22,32.08,0.8963,LOW,EARLY,326.3115,346.3055,325.9986,0,27.6227,WEAK,11.8511
1140,-86,JBLU,JETBLUE AIRWAYS CORP,Industrials,,small,4.93,43.64,0.0406,0.0857,-0.0575,FLAT,4.01,33.6,-27.82,-37.62,46.18,75.01,0.7188,LOW,-,4.376,5.0374,4.7906,1,20.6885,LAGGARD,11.8176
1141,68,EXR,Extra Space Storage,Real Estate,Self-Storage REITs,large,139.21,35.29,0.0086,-0.015,-0.0236,STRONG_UP,0.09,10.52,6.53,-16.7,52.21,26.37,0.9695,LOW,-,133.9787,139.4251,137.371,1,20.8223,LAGGARD,11.803
1142,0,PNTG,PENNANT GROUP INC,Health Care,,small,31.67,39.45,0.0429,-0.0743,0.1298,FLAT,25.23,26.38,56.78,-26.97,53.01,44.52,0.3714,LOW,-,31.3775,31.4812,27.4439,1,31.4068,LAGGARD,11.79
1143,-7,GIII,G III APPAREL GROUP LTD,Consumer Discretionary,,small,29.81,40.41,0.0205,-0.0102,0.0237,FLAT,10.89,21.09,9.08,-29.39,52.21,38.13,0.6765,LOW,-,27.179,28.9921,27.4383,1,28.876,LAGGARD,11.7611
1144,-129,VZ,Verizon,Communication Services,Integrated Telecommunication Services,large,47.78,54.55,-0.0474,-0.0497,0.2254,FLAT,19.66,17.06,32.36,-13.32,49.0,30.13,0.7604,LOW,-,49.917,48.8814,42.6864,1,27.7515,CONTENDER,11.7248
1145,-29,VCYT,VERACYTE INC,Health Care,,mid,31.35,26.56,-0.0533,-0.0391,-0.2399,FLAT,-10.68,3.64,51.38,-39.23,46.99,46.9,0.5273,LOW,EARLY,32.2615,34.516,35.0083,0,3.6433,WEAK,11.712
1146,-39,MGRC,MCGRATH RENT,Industrials,,mid,113.85,30.51,0.0087,0.0547,0.0146,FLAT,-0.95,12.68,-0.12,-24.87,49.0,28.46,0.7657,LOW,-,108.424,111.4372,112.8457,1,21.8331,LAGGARD,11.6807
1147,-106,MOS,Mosaic Company (The),Materials,Fertilizers & Agricultural Chemicals,mid,25.27,17.65,-0.0704,-0.1783,-0.097,FLAT,-26.08,7.64,-17.7,-37.16,51.41,56.73,0.8198,LOW,EARLY,26.4095,27.3845,29.2362,0,6.9201,WEAK,11.6367
1148,-66,KO,Coca-Cola Company (The),Consumer Staples,Soft Drinks & Non-alcoholic Beverages,large,78.18,58.06,-0.0072,0.0278,0.0648,STRONG_DOWN,19.89,13.69,40.62,-9.82,49.0,17.23,0.7932,LOW,-,76.262,77.1068,70.5969,1,38.9298,CONTENDER,11.6279
1149,112,BANF,BANCFIRST CORP,Financials,,mid,115.05,23.43,0.0051,0.0043,0.0039,STRONG_UP,-7.2,13.36,44.38,-23.63,51.41,32.11,0.7643,LOW,SHIFT,107.6648,110.8641,116.8089,0,21.3943,WEAK,11.6136
1150,128,HOMB,HOME BANCSHARES INC,Financials,,mid,28.57,26.22,0.0018,0.0097,-0.0244,FLAT,3.32,16.64,31.58,-14.34,51.0,22.7,0.5784,LOW,-,26.796,27.9066,27.9944,1,37.3887,LAGGARD,11.5926
1151,91,ITRI,ITRON INC,Information Technology,,mid,95.1,28.04,0.0355,0.0217,0.0071,STRONG_UP,-25.42,-2.18,5.09,-39.4,54.62,43.02,0.6487,LOW,SHIFT,90.768,94.7168,110.8799,0,-2.7686,WEAK,11.5781
1152,-68,BWIN,BALDWIN INSURANCE GROUP INC CLASS,Financials,,mid,21.94,1.75,-0.0683,-0.0065,-0.188,FLAT,-24.21,-47.42,-22.17,-62.95,47.39,76.64,0.7228,LOW,SHIFT,21.635,20.3218,27.5871,0,-29.3205,WEAK,11.5561
1153,19,FRSH,FRESHWORKS INC CLASS A,Information Technology,,mid,7.94,11.11,-0.0843,-0.0277,-0.2837,FLAT,-28.98,-36.83,-55.79,-56.95,45.78,60.28,1.3979,MED,EARLY,8.0567,8.2723,11.5191,0,-27.9736,WEAK,11.5229
1154,-117,MDT,Medtronic,Health Care,Health Care Equipment,large,87.91,30.08,-0.0106,-0.0088,-0.0616,FLAT,-8.78,9.89,13.89,-17.61,51.0,19.91,0.9087,LOW,PROGRESS,86.7225,93.0804,93.0783,0,25.3359,WEAK,11.4861
1155,-98,VRNS,VARONIS SYSTEMS INC,Information Technology,,mid,21.53,5.82,-0.083,-0.1263,-0.3578,STRONG_UP,-65.99,-47.67,-52.75,-66.7,54.22,62.91,0.6784,LOW,EARLY,22.8938,24.1492,41.3954,0,-41.0821,WEAK,11.4854
1156,42,CDW,CDW Corporation,Information Technology,Technology Distributors,large,126.75,25.93,0.0021,0.0534,0.0022,FLAT,-18.46,-12.15,-47.24,-39.49,51.0,35.07,0.8263,LOW,SHIFT,120.454,124.3572,147.1001,0,-17.6676,WEAK,11.4682
1157,-47,HAE,HAEMONETICS CORP,Health Care,,mid,58.42,23.44,0.0031,-0.0412,-0.2645,STRONG_UP,14.59,-1.43,-32.19,-39.02,51.81,33.37,0.4032,LOW,PROGRESS,57.855,60.5794,64.7651,0,-2.2266,WEAK,11.4677
1158,-103,STGW,STAGWELL INC CLASS A,Communication,,small,6.49,39.13,0.025,-0.0137,0.2067,FLAT,18.0,26.76,16.52,-36.78,49.8,67.19,0.4385,LOW,-,6.2255,5.612,5.3708,1,19.8324,LAGGARD,11.4391
1159,71,VSTS,VESTIS CORP,Industrials,,small,8.59,27.97,0.047,0.1132,0.324,STRONG_DOWN,69.43,8.87,-54.81,-54.79,52.61,59.05,0.7626,LOW,-,7.7325,7.6114,6.1248,1,7.9044,LAGGARD,11.3939
1160,24,GERN,GERON CORP,Health Care,,small,1.76,45.31,0.0353,0.0559,0.3262,STRONG_DOWN,27.54,35.38,-48.84,-33.95,45.38,78.37,1.0089,MED,-,1.5875,1.6016,1.3801,1,20.4894,LAGGARD,11.3894
1161,-7,TGTX,TG THERAPEUTICS INC,Health Care,,mid,34.63,21.09,0.0079,0.2303,0.1769,FLAT,-3.13,-3.75,135.42,-42.01,52.61,43.99,0.6984,LOW,-,31.4815,30.1954,32.022,1,-4.4873,LAGGARD,11.3746
1162,37,ALG,ALAMO GROUP INC,Industrials,,mid,179.04,26.69,0.0144,-0.0148,-0.074,STRONG_UP,-5.18,6.61,-15.73,-31.99,47.79,43.42,0.7735,LOW,PROGRESS,168.51,186.8342,192.1895,0,7.2754,WEAK,11.3312
1163,190,LKFN,LAKELAND FINANCIAL CORP,Financials,,small,61.14,31.12,0.0022,0.0016,0.0462,FLAT,-1.77,20.65,11.91,-18.57,47.79,25.67,0.5086,LOW,-,57.288,58.7494,60.3077,1,38.4508,LAGGARD,11.3284
1164,62,BCPC,BALCHEM CORP,Materials,,mid,175.07,20.59,-0.0087,-0.0208,0.043,FLAT,23.66,12.85,18.85,-17.69,46.59,23.52,1.2013,MED,-,168.276,172.6798,159.5749,1,25.4535,LAGGARD,11.3268
1165,-87,IP,International Paper,Materials,Paper & Plastic Packaging Products & Materials,large,36.78,1.47,0.0238,-0.0938,-0.1766,STRONG_UP,-19.4,-17.01,4.08,-37.4,46.59,47.24,0.6834,LOW,PROGRESS,35.7865,40.4956,42.9511,0,-16.7796,WEAK,11.2782
1166,-23,KNF,KNIFE RIVER CORP,Materials,,mid,85.46,7.35,0.1229,0.0252,0.0562,FLAT,24.87,-4.27,7.48,-41.75,48.19,64.39,0.4053,LOW,-,81.234,81.7026,77.6112,1,-3.1942,LAGGARD,11.2482
1167,18,AKR,ACADIA REALTY TRUST REIT,Real Estate,,mid,20.37,37.65,0.0175,-0.0102,-0.0792,STRONG_UP,5.58,14.29,30.95,-12.41,53.01,23.54,0.7565,LOW,-,19.543,20.0374,19.4286,1,32.1713,LAGGARD,11.2478
1168,9,MAS,Masco,Industrials,Building Products,large,63.42,25.85,0.0227,-0.0177,-0.0882,STRONG_UP,-6.97,4.73,,-24.38,45.38,37.01,0.835,LOW,PROGRESS,60.4695,66.5016,66.8762,0,5.799,WEAK,11.1614
1169,65,SFBS,SERVISFIRST BANCSHARES INC,Financials,,mid,79.75,27.97,0.0409,0.0074,0.0253,FLAT,-0.6,17.77,38.35,-23.75,49.0,42.08,0.4563,LOW,-,73.438,78.8143,77.5499,1,20.6889,LAGGARD,11.1449
1170,-13,VRSK,Verisk Analytics,Industrials,Research & Consulting Services,large,169.41,2.54,-0.1349,-0.1964,-0.2736,STRONG_UP,-30.1,-40.26,-23.99,-46.98,46.18,38.97,1.7355,HIGH,EARLY,190.9745,193.8619,234.0398,0,-47.7071,WEAK,11.1124
1171,-12,LII,Lennox International,Industrials,Building Products,large,488.68,15.25,0.0248,-0.069,-0.087,STRONG_UP,-11.39,-10.08,6.55,-33.77,48.19,39.63,0.412,LOW,PROGRESS,467.2338,507.4103,529.4018,0,-12.2545,WEAK,11.0733
1172,48,DORM,DORMAN PRODUCTS INC,Consumer Discretionary,,mid,109.92,19.86,0.0453,0.0192,-0.1112,STRONG_UP,-23.33,-3.47,19.7,-39.58,49.0,33.56,0.6431,LOW,PROGRESS,103.6595,114.9438,131.6203,0,-5.0648,WEAK,11.0109
1173,-22,CCI,Crown Castle,Real Estate,Telecom Tower REITs,large,86.57,15.29,-0.0107,-0.0091,-0.0193,FLAT,-8.02,-4.74,-1.32,-30.0,52.61,36.6,1.0388,MED,SHIFT,83.1958,84.925,91.1056,0,-6.8106,WEAK,10.9508
1174,2,PODD,Insulet Corporation,Health Care,Health Care Equipment,large,199.42,12.5,-0.0493,-0.1699,-0.2788,STRONG_UP,-36.79,-20.7,12.41,-43.48,49.8,32.02,0.7738,LOW,EARLY,216.5035,234.7512,290.8335,0,-32.1916,WEAK,10.907
1175,-34,MCO,Moody's Corporation,Financials,Financial Exchanges & Data,large,438.22,19.23,-0.0558,-0.0935,-0.1983,STRONG_UP,-10.21,4.41,15.76,-23.61,51.0,35.68,0.5103,LOW,PROGRESS,435.515,450.0659,485.5572,0,6.3036,WEAK,10.9053
1176,0,CPAY,Corpay,Financials,Transaction & Payment Processing Services,large,306.57,15.73,-0.0049,-0.1486,-0.1,FLAT,4.89,2.28,0.92,-28.13,51.81,46.98,0.6536,LOW,PROGRESS,296.573,317.2288,309.734,0,2.5129,WEAK,10.8868
1177,-108,COST,Costco,Consumer Staples,Consumer Staples Merchandise Retail,large,1032.03,48.39,-0.0094,0.0539,0.0591,STRONG_DOWN,13.13,7.61,44.39,-19.35,48.59,19.26,0.6076,LOW,-,995.6595,991.8936,947.4249,1,19.1968,LAGGARD,10.8571
1178,24,USPH,US PHYSICAL THERAPY INC,Health Care,,small,77.01,32.03,0.0195,-0.0346,-0.0089,FLAT,-13.75,14.63,-22.75,-26.57,51.41,24.97,0.7894,LOW,-,75.381,80.03,80.033,0,30.1291,WEAK,10.8477
1179,29,WGO,WINNEBAGO INDUSTRIES INC,Consumer Discretionary,,small,32.95,32.19,0.0412,-0.0629,-0.2059,STRONG_UP,3.34,9.67,-47.32,-39.4,50.6,39.4,0.629,LOW,-,32.5895,39.2106,36.33,0,12.414,WEAK,10.8461
1180,-91,IFF,International Flavors & Fragrances,Materials,Specialty Chemicals,large,73.13,13.24,-0.0264,0.0278,0.0256,FLAT,20.74,4.94,-11.55,-24.03,53.41,33.47,0.5966,LOW,-,70.386,73.9984,68.3259,1,7.8813,LAGGARD,10.8062
1181,-36,GEO,GEO GROUP INC,Industrials,,mid,17.88,4.24,-0.0796,0.2359,0.0329,FLAT,-3.66,-34.84,14.69,-58.13,47.79,62.15,0.2691,LOW,SHIFT,16.761,15.675,18.6105,0,-26.7898,WEAK,10.8039
1182,147,SHO,SUNSTONE HOTEL INVESTORS REIT INC,Real Estate,,small,9.46,47.06,0.0185,0.023,-0.0278,FLAT,5.82,20.76,-5.85,-10.58,45.78,26.51,1.2825,MED,-,9.0205,9.0965,8.9914,1,35.8523,LAGGARD,10.7685
1183,0,ALL,Allstate,Financials,Property & Casualty Insurance,large,214.52,24.48,-0.0138,-0.0328,-0.0037,FLAT,2.01,14.65,31.45,-11.48,53.82,25.09,0.3778,LOW,-,207.061,206.692,202.1533,1,31.4272,LAGGARD,10.7675
1184,-17,TDG,TransDigm Group,Industrials,Aerospace & Defense,large,1225.52,22.03,-0.0,-0.0586,-0.146,STRONG_UP,-4.69,0.89,13.36,-25.3,55.42,29.58,0.5061,LOW,PROGRESS,1184.557,1263.305,1326.4372,0,1.6724,WEAK,10.7576
1185,31,APO,Apollo Global Management,Financials,Asset Management & Custody Banks,large,106.98,8.74,-0.0506,-0.0679,-0.2903,STRONG_UP,-13.59,-12.35,-3.57,-34.97,53.01,40.98,0.7047,LOW,EARLY,108.2855,115.4747,131.5029,0,-15.9815,WEAK,10.7525
1186,-22,NOVT,NOVANTA INC,Information Technology,,mid,123.42,37.57,0.0178,-0.0431,-0.001,FLAT,20.18,11.19,-24.68,-26.97,49.8,43.58,0.7783,LOW,-,117.8925,130.0246,121.3109,1,12.7862,LAGGARD,10.7482
1187,17,PEP,PepsiCo,Consumer Staples,Soft Drinks & Non-alcoholic Beverages,large,157.49,56.45,-0.0231,-0.007,0.0701,STRONG_DOWN,15.57,13.64,0.18,-12.47,47.79,22.68,0.5578,LOW,-,154.6175,159.2453,145.8755,1,28.7383,CONTENDER,10.7074
1188,-6,PZZA,PAPA JOHNS INTERNATIONAL INC,Consumer Discretionary,,small,35.53,36.99,-0.0296,-0.1078,-0.0147,FLAT,-15.76,14.62,-38.72,-43.11,50.6,60.29,0.3879,LOW,-,34.3175,33.6049,40.9917,0,12.272,WEAK,10.6926
1189,-49,FISV,Fiserv,Financials,Transaction & Payment Processing Services,large,56.41,0.0,-0.0455,-0.112,-0.2134,STRONG_UP,-55.47,-72.4,-63.32,-75.17,49.6,37.98,0.6423,LOW,PROGRESS,56.3245,59.3432,98.0258,0,-94.5501,WEAK,10.6779
1190,-3,OMCL,OMNICELL INC,Health Care,,small,35.47,31.64,0.0138,-0.0585,-0.2585,STRONG_UP,12.78,14.12,29.26,-37.05,52.21,54.16,0.4614,LOW,-,34.2265,38.343,36.0763,0,13.6163,WEAK,10.6602
1191,-72,LNTH,LANTHEUS HOLDINGS INC,Health Care,,mid,81.43,13.28,0.0451,-0.0196,0.2417,FLAT,52.06,-17.34,36.03,-53.92,51.81,35.6,0.7137,LOW,-,77.306,74.0832,64.879,1,-25.2331,LAGGARD,10.6594
1192,-6,AHCO,ADAPTHEALTH CORP,Health Care,,small,12.22,45.7,-0.0096,0.249,0.1922,FLAT,36.38,36.38,23.56,-18.19,47.79,52.26,0.7172,LOW,-,11.1507,10.4112,9.7328,1,33.2719,LAGGARD,10.6468
1193,13,CSW,CSW INDUSTRIALS INC,Industrials,,mid,287.25,23.31,0.0413,0.0406,-0.1383,STRONG_UP,15.37,2.26,23.03,-31.03,52.61,45.99,0.5465,LOW,-,263.2315,278.5839,274.7698,1,2.5838,LAGGARD,10.6444
1194,7,HMN,HORACE MANN EDUCATORS CORP,Financials,,small,45.02,25.87,-0.0081,-0.0018,-0.0216,FLAT,2.81,16.51,36.94,-10.73,56.63,21.97,0.5636,LOW,-,42.7575,42.8714,43.4794,1,42.5556,LAGGARD,10.6262
1195,19,EPRT,ESSENTIAL PROPERTIES REALTY TRUST,Real Estate,,mid,32.44,36.47,0.0201,-0.0183,0.0387,FLAT,13.32,12.45,38.54,-12.17,53.41,19.46,0.9739,LOW,-,31.4224,31.869,30.3396,1,34.1575,LAGGARD,10.6162
1196,-58,TTWO,Take-Two Interactive,Communication Services,Interactive Home Entertainment,large,198.05,27.27,-0.0237,-0.0542,-0.1916,STRONG_UP,-23.26,-3.11,30.19,-27.68,51.0,37.12,0.6565,LOW,EARLY,199.6155,205.0754,233.8649,0,-4.2748,WEAK,10.584
1197,-97,ED,Consolidated Edison,Utilities,Multi-Utilities,large,114.98,15.38,-0.0241,-0.0176,0.0195,STRONG_DOWN,15.89,9.71,38.33,-14.23,53.41,16.77,0.4791,LOW,-,112.9395,111.0405,101.5946,1,30.932,LAGGARD,10.5831
1198,-10,CNO,CNO FINANCIAL GROUP INC,Financials,,mid,42.11,27.62,-0.0269,-0.0216,-0.0621,FLAT,6.24,17.34,67.6,-11.03,56.22,26.89,0.8882,LOW,-,40.7345,41.5816,39.9278,1,36.2484,LAGGARD,10.5684
1199,-78,DRI,Darden Restaurants,Consumer Discretionary,Restaurants,large,196.34,28.77,-0.045,-0.057,0.0133,FLAT,6.11,4.57,33.22,-23.92,50.6,29.52,0.8206,LOW,EARLY,198.4355,205.0758,196.4097,0,7.8309,WEAK,10.5605
1200,-108,EW,Edwards Lifesciences,Health Care,Health Care Equipment,large,79.15,32.81,-0.0488,-0.0747,-0.0238,FLAT,4.5,15.95,-13.51,-12.73,50.2,27.08,0.9558,LOW,EARLY,81.721,81.6206,80.7672,0,29.5744,WEAK,10.556
1201,-48,SPGI,S&P Global,Financials,Financial Exchanges & Data,large,424.32,11.89,-0.0659,-0.0871,-0.2397,STRONG_UP,-11.67,-6.57,1.62,-30.48,53.82,40.23,0.6251,LOW,PROGRESS,423.544,435.3331,495.4581,0,-8.7909,WEAK,10.5152
1202,22,RYZ,RYERSON HOLDING CORP,Materials,,small,24.36,23.53,0.0649,0.0087,-0.1729,STRONG_UP,4.44,14.93,-22.81,-34.71,53.41,60.09,0.4097,LOW,-,21.7425,25.0046,23.5804,1,13.2669,LAGGARD,10.4938
1203,-64,MOH,Molina Healthcare,Health Care,Managed Health Care,mid,145.05,0.78,0.0158,-0.0168,-0.1692,STRONG_UP,-28.52,-57.67,-61.54,-64.81,51.81,69.5,0.2998,LOW,PROGRESS,141.31,147.3236,171.6814,0,-42.9925,WEAK,10.4828
1204,81,MET,MetLife,Financials,Life & Health Insurance,large,74.65,20.98,0.0058,-0.0092,-0.0827,STRONG_UP,-7.68,8.1,10.06,-17.46,53.82,27.86,0.7248,LOW,SHIFT,70.0,73.3914,76.7287,0,15.6512,WEAK,10.444
1205,-82,CMG,Chipotle Mexican Grill,Consumer Discretionary,Restaurants,large,34.24,3.42,-0.0125,-0.0106,-0.0939,FLAT,-16.45,-31.89,-42.27,-48.82,44.18,35.72,0.6223,LOW,PROGRESS,32.886,35.6458,39.6396,0,-39.4402,WEAK,10.3703
1206,-121,HCI,HCI GROUP INC,Financials,,small,155.31,21.33,-0.0355,-0.1081,-0.1339,STRONG_UP,-19.85,8.18,41.06,-26.73,50.6,31.74,2.3186,HIGH,-,155.98,159.7955,168.6305,0,13.036,WEAK,10.3604
1207,-65,SKY,CHAMPION HOMES INC,Consumer Discretionary,,mid,79.28,19.18,0.0284,-0.0125,-0.0959,STRONG_UP,19.07,-4.22,1.29,-35.0,46.99,47.73,0.8471,LOW,-,75.391,82.941,77.9231,1,-4.1511,LAGGARD,10.3558
1208,-84,EXC,Exelon,Utilities,Electric Utilities,large,49.44,21.15,-0.018,-0.0343,0.0103,FLAT,7.89,13.47,44.3,-10.29,51.41,21.76,0.8706,LOW,-,48.756,47.5191,44.8151,1,31.8344,LAGGARD,10.3265
1209,53,QLYS,QUALYS INC,Information Technology,,mid,76.68,9.52,-0.1708,-0.2269,-0.385,STRONG_UP,-40.66,-37.55,,-50.14,49.0,54.85,2.2487,HIGH,EARLY,91.2825,100.5358,127.3344,0,-33.5423,WEAK,10.3001
1210,46,PDM,PIEDMONT REALTY TRUST INC CLASS A,Real Estate,,small,6.74,34.12,-0.0043,-0.0175,-0.2625,STRONG_UP,-21.26,9.95,7.83,-29.47,49.8,36.96,1.4039,MED,-,6.6255,7.4212,7.9993,0,13.4081,WEAK,10.2958
1211,20,SEM,SELECT MEDICAL HOLDINGS CORP,Health Care,,mid,16.37,25.39,-0.0242,0.0062,0.1188,STRONG_DOWN,15.99,1.53,9.27,-35.8,52.21,24.83,0.3359,LOW,-,16.2925,15.8634,14.3329,1,3.2217,LAGGARD,10.2783
1212,-1,PSA,Public Storage,Real Estate,Self-Storage REITs,large,293.27,32.94,0.0147,-0.0223,0.0365,FLAT,2.18,9.93,15.19,-16.2,48.59,25.91,,LOW,-,278.15,287.1589,279.3155,1,18.6233,LAGGARD,10.2502
1213,14,ZD,ZIFF DAVIS INC,Communication,,small,44.3,52.17,0.0173,0.0462,0.1479,STRONG_DOWN,15.7,37.96,-18.11,-33.79,49.0,109.05,0.4293,LOW,-,42.432,37.5102,35.6487,1,17.0582,CONTENDER,10.2194
1214,-40,DRVN,DRIVEN BRANDS HOLDINGS INC,Consumer Discretionary,,mid,12.66,6.85,-0.0191,0.1801,-0.1425,FLAT,-13.41,-21.07,-16.71,-46.38,44.58,72.08,0.5452,LOW,PROGRESS,11.7635,13.3842,15.4348,0,-13.0328,WEAK,10.1754
1215,-25,BSX,Boston Scientific,Health Care,Health Care Equipment,large,61.28,7.42,-0.0499,-0.1248,-0.3368,STRONG_UP,-36.69,-33.85,-10.74,-43.33,47.79,46.04,0.7727,LOW,EARLY,66.746,73.0948,93.4117,0,-35.1382,WEAK,10.1657
1216,-22,CDRE,CADRE HOLDINGS INC,Industrials,,small,33.4,29.24,-0.0229,-0.084,-0.2462,STRONG_UP,-12.97,11.72,0.93,-36.21,53.01,52.28,0.9107,LOW,-,31.8195,38.0922,37.4648,0,11.8875,WEAK,10.1532
1217,-21,PRAA,PRA GROUP INC,Financials,,small,19.2,25.17,0.0301,0.0411,0.0972,STRONG_DOWN,37.73,15.25,-23.32,-46.01,53.01,81.69,0.5079,LOW,-,17.7145,15.094,15.7293,1,9.8935,LAGGARD,10.1477
1218,-3,WDFC,WD-40,Consumer Staples,,mid,223.02,43.55,0.0564,-0.012,0.0314,FLAT,17.05,2.63,-1.14,-23.27,52.21,32.76,1.7615,HIGH,-,214.4205,228.5586,211.3971,1,4.1853,LAGGARD,10.1438
1219,99,BANR,BANNER CORP,Financials,,mid,64.31,26.92,-0.006,0.0142,-0.0328,FLAT,2.25,16.9,56.36,-14.3,48.59,28.03,0.8996,LOW,-,60.372,61.435,62.9491,1,29.2909,LAGGARD,10.1161
1220,45,KAI,KADANT INC,Industrials,,mid,323.73,23.73,0.0795,-0.0596,0.0057,FLAT,8.58,4.07,9.82,-30.91,49.0,40.83,0.5189,LOW,-,301.845,321.1614,309.7127,1,4.8856,LAGGARD,10.1079
1221,-92,MCW,MISTER CAR WASH INC,Consumer Discretionary,,mid,6.99,18.49,-0.0422,-0.0221,0.2172,STRONG_DOWN,37.87,-4.38,1.3,-41.06,42.17,41.48,0.63,LOW,-,6.974,6.6748,5.8924,1,-4.4504,LAGGARD,10.0817
1222,-39,ESNT,ESSENT GROUP LTD,Financials,,mid,61.53,24.83,-0.0099,-0.0007,-0.0678,FLAT,3.85,14.85,17.39,-13.93,52.61,26.5,0.3911,LOW,-,58.5245,60.2177,60.9038,1,29.4799,LAGGARD,10.0414
1223,41,ADBE,Adobe Inc.,Information Technology,Application Software,large,229.94,14.29,-0.092,-0.1801,-0.2818,STRONG_UP,-34.07,-34.31,-52.81,-45.34,49.8,36.83,1.1495,MED,EARLY,244.3515,259.8736,324.9438,0,-46.3956,WEAK,10.0034
1224,27,AZO,AutoZone,Consumer Discretionary,Automotive Retail,large,3548.1899,21.23,-0.0016,-0.0664,0.1071,FLAT,-11.91,-1.85,17.27,-25.48,49.4,30.17,1.0134,MED,PROGRESS,3413.7885,3599.2286,3779.9561,0,-3.0368,WEAK,9.9958
1225,-57,EXE,Expand Energy,Energy,Oil & Gas Exploration & Production,large,99.5,4.55,-0.0237,-0.1218,-0.3224,STRONG_UP,-7.5,3.06,17.2,-22.9,50.2,36.64,0.7763,LOW,EARLY,107.0935,106.3589,105.1808,0,4.1951,WEAK,9.9938
1226,-68,RWT,REDWOOD TRUST REIT INC,Financials,,small,5.91,44.76,-0.0058,-0.0646,0.082,FLAT,8.77,31.82,25.2,-19.91,48.19,55.07,0.5439,LOW,-,5.5681,5.6823,5.4146,1,27.8487,LAGGARD,9.9505
1227,-52,ROL,"Rollins, Inc.",Industrials,Environmental & Facilities Services,large,55.79,24.58,-0.0158,-0.0377,-0.1063,STRONG_UP,-3.42,4.34,26.66,-19.79,53.01,28.77,0.798,LOW,PROGRESS,54.013,58.1104,57.9193,0,7.9924,WEAK,9.9482
1228,-68,AVY,Avery Dennison,Materials,Paper & Plastic Packaging Products & Materials,large,173.81,14.71,-0.0224,-0.0495,-0.1203,STRONG_UP,8.44,6.58,-16.21,-17.97,48.19,24.78,0.5412,LOW,PROGRESS,169.1365,180.9882,174.5271,0,12.7943,WEAK,9.9443
1229,-59,TENB,TENABLE HOLDINGS INC,Information Technology,,mid,16.41,4.23,-0.1052,-0.2201,-0.2635,STRONG_UP,-45.12,-50.08,-66.37,-53.72,44.98,56.9,1.6071,HIGH,EARLY,18.6525,19.9526,26.5013,0,-39.5856,WEAK,9.9363
1230,-33,MQ,MARQETA INC CLASS A,Financials,,small,3.98,17.13,-0.0475,-0.1286,-0.1976,STRONG_UP,-21.81,3.65,-31.85,-43.78,48.59,38.07,0.9168,LOW,-,4.0335,4.0632,4.9819,0,4.6533,WEAK,9.9268
1231,50,CON,CONCENTRA GROUP HOLDINGS PARENT IN,Health Care,,mid,22.19,30.47,0.0373,-0.0133,0.1592,FLAT,7.05,10.24,0.45,-21.39,47.39,28.29,0.4561,LOW,-,21.809,22.6037,21.0745,1,17.1509,LAGGARD,9.8743
1232,0,AOS,A. O. Smith,Industrials,Building Products,mid,67.27,28.39,-0.0049,-0.0449,-0.0754,STRONG_UP,-4.36,9.19,-18.35,-20.86,48.59,28.75,0.7527,LOW,PROGRESS,65.3805,71.742,69.5583,0,15.526,WEAK,9.8583
1233,-81,AGYS,AGILYSYS INC,Information Technology,,small,63.4,26.46,-0.1468,-0.1457,-0.4332,FLAT,-42.44,-9.44,-23.68,-55.07,53.01,59.56,1.1543,MED,-,69.7015,75.8368,105.3276,0,-8.4032,WEAK,9.8549
1234,-21,VLTO,Veralto,Industrials,Environmental & Facilities Services,large,89.62,22.88,-0.032,-0.0502,-0.1535,STRONG_UP,-13.59,1.54,2.52,-22.34,46.99,25.37,0.7537,LOW,PROGRESS,88.5366,92.0689,100.0296,0,2.8464,WEAK,9.845
1235,51,PRG,PROG HOLDINGS INC,Financials,,small,29.6,29.72,0.0007,-0.0823,-0.0576,FLAT,-1.66,18.91,-5.66,-31.21,49.4,46.67,0.3754,LOW,-,28.522,31.9463,31.2373,0,20.0188,WEAK,9.8188
1236,30,IIPR,INNOVATIVE INDUSTRIAL PROPERTIES I,Real Estate,,small,50.07,43.53,-0.0346,-0.0418,-0.0131,FLAT,-0.61,18.98,-35.14,-21.29,49.0,35.83,0.9054,LOW,-,50.1895,48.9313,48.4665,1,25.9537,LAGGARD,9.7967
1237,-2,TWO,TWO HARBORS INVESTMENT CORP,Financials,,small,10.97,27.27,-0.0635,0.121,0.0089,FLAT,17.56,16.95,20.88,-36.81,47.39,66.35,0.4614,LOW,-,10.4077,10.4851,9.7932,1,12.107,LAGGARD,9.7835
1238,-33,PLMR,PALOMAR HOLDINGS INC,Financials,,mid,133.72,12.24,0.0637,0.0394,0.004,STRONG_UP,12.43,-6.48,73.8,-37.44,54.22,32.78,0.9987,LOW,-,120.849,123.2572,125.2918,1,-10.7232,LAGGARD,9.7636
1239,-27,AFL,Aflac,Financials,Life & Health Insurance,large,113.07,22.38,-0.0265,-0.042,0.006,FLAT,2.11,10.36,42.21,-9.63,51.41,17.79,0.6488,LOW,-,108.8905,111.1699,107.7396,1,29.9294,LAGGARD,9.7569
1240,1,TMHC,TAYLOR MORRISON HOME CORP,Consumer Discretionary,,mid,60.28,31.51,-0.0061,-0.01,0.0291,FLAT,-4.26,8.95,7.07,-22.2,46.99,34.2,1.3192,MED,PROGRESS,58.5865,62.0794,62.9613,0,12.292,WEAK,9.7543
1241,-62,SCSC,SCANSOURCE INC,Information Technology,,small,38.21,41.8,0.0104,0.0439,-0.0151,FLAT,-9.24,23.14,-5.84,-24.52,52.61,49.02,0.898,LOW,-,36.2305,37.273,40.6578,0,24.8335,WEAK,9.7428
1242,-17,WGS,GENEDX HOLDINGS CORP CLASS A,Health Care,,small,60.05,7.03,-0.1183,-0.2993,-0.5228,STRONG_UP,-51.06,-35.17,419.46,-65.92,49.4,77.92,1.2688,MED,-,68.033,79.7878,110.8159,0,-22.2942,WEAK,9.7191
1243,56,CRM,Salesforce,Information Technology,Application Software,large,170.85,15.34,-0.1258,-0.1401,-0.3042,STRONG_UP,-28.83,-32.7,-42.36,-41.03,50.2,41.61,1.236,MED,EARLY,187.7955,192.227,235.2623,0,-39.4507,WEAK,9.6999
1244,51,MTH,MERITAGE CORP,Consumer Discretionary,,mid,66.69,30.14,0.0288,0.009,0.0194,FLAT,-1.73,8.3,-10.68,-27.68,47.79,43.01,0.6638,LOW,PROGRESS,61.9689,68.7679,70.1799,0,9.2211,WEAK,9.6859
1245,30,TRIP,TRIPADVISOR INC,Communication,,small,11.49,17.39,0.0506,0.1271,-0.3478,FLAT,-25.97,0.44,-56.58,-51.72,48.59,58.54,,LOW,-,10.073,10.744,14.6573,0,0.3628,WEAK,9.6768
1246,-68,NTGR,NETGEAR INC,Information Technology,,small,23.31,32.8,-0.0416,0.0793,0.0393,FLAT,-29.49,5.38,58.68,-44.82,48.19,46.49,0.7623,LOW,-,22.393,21.4256,25.9566,0,5.5765,WEAK,9.6648
1247,-28,BLDR,Builders FirstSource,Industrials,Building Products,mid,85.21,6.36,0.0269,-0.0973,-0.27,STRONG_UP,-34.22,-28.96,-54.47,-47.16,39.36,52.83,0.7313,LOW,PROGRESS,83.5945,99.4768,116.3542,0,-21.5732,WEAK,9.6645
1248,24,PEG,Public Service Enterprise Group,Utilities,Electric Utilities,large,83.93,11.54,0.0061,-0.0269,-0.047,STRONG_UP,4.26,6.66,34.17,-12.73,53.82,18.95,0.6038,LOW,-,81.961,82.6098,81.3495,1,18.9072,LAGGARD,9.6022
1249,-49,AVA,AVISTA CORP,Utilities,,mid,42.09,17.31,-0.0021,0.036,-0.0531,FLAT,14.89,10.18,37.19,-13.03,53.82,19.02,0.5693,LOW,-,40.1065,40.5648,38.1803,1,28.8101,LAGGARD,9.5365
1250,38,PRU,Prudential Financial,Financials,Life & Health Insurance,large,97.1,17.83,-0.0549,-0.0535,-0.1961,FLAT,-3.08,3.85,-5.14,-21.46,54.22,26.39,0.6074,LOW,PROGRESS,95.0055,99.0064,103.071,0,7.9177,WEAK,9.5236
1251,0,DVA,DaVita,Health Care,Health Care Services,mid,150.68,22.66,0.0101,-0.0316,0.3798,FLAT,17.82,-1.75,14.1,-33.21,48.59,53.53,0.4007,LOW,-,151.1295,146.4124,132.2253,1,-1.5863,LAGGARD,9.5201
1252,-16,ACGL,Arch Capital Group,Financials,Property & Casualty Insurance,large,98.84,22.03,-0.0283,-0.0337,0.0006,FLAT,6.17,9.12,12.75,-12.0,53.01,20.37,0.6639,LOW,-,94.812,96.8236,92.3498,1,23.7309,LAGGARD,9.498
1253,-141,T,AT&T,Communication Services,Integrated Telecommunication Services,large,26.84,36.36,-0.0672,-0.0042,0.1507,STRONG_DOWN,4.56,5.04,74.34,-20.59,52.21,26.53,0.7473,LOW,-,28.1785,27.851,26.5339,1,9.9276,LAGGARD,9.4419
1254,-10,ORLY,O’Reilly Automotive,Consumer Discretionary,Automotive Retail,large,94.4,26.03,-0.0124,-0.022,0.0667,FLAT,-6.31,3.1,29.54,-19.03,51.81,25.22,1.0416,MED,SHIFT,90.821,93.2262,97.0316,0,6.3782,WEAK,9.4388
1255,-33,NWSA,News Corp (Class A),Communication Services,Publishing,large,24.59,22.73,-0.0068,0.0249,-0.0427,FLAT,-8.61,-3.18,0.54,-27.81,51.81,29.58,0.6651,LOW,SHIFT,24.305,24.1372,26.7869,0,-5.5648,WEAK,9.4239
1256,102,SYBT,STOCK YARDS BANCORP INC,Financials,,small,71.55,24.13,0.015,0.0546,0.0347,FLAT,2.99,13.94,68.55,-24.16,46.59,28.27,0.8258,LOW,-,65.2292,66.2632,69.9129,1,22.9739,LAGGARD,9.3879
1257,-174,ICE,Intercontinental Exchange,Financials,Financial Exchanges & Data,large,161.97,20.63,-0.0562,-0.0414,-0.0219,STRONG_DOWN,2.26,5.59,24.73,-22.53,53.41,30.73,0.8738,LOW,SHIFT,159.4423,160.8771,165.551,0,9.7241,WEAK,9.3833
1258,-40,FIS,Fidelity National Information Services,Financials,Transaction & Payment Processing Services,large,45.29,3.15,-0.0716,-0.1733,-0.3487,STRONG_UP,-32.54,-33.17,-34.82,-44.01,47.39,34.43,1.0306,MED,EARLY,47.9855,49.2886,63.3798,0,-45.6523,WEAK,9.3778
1259,14,FELE,FRANKLIN ELECTRIC INC,Industrials,,mid,100.54,33.47,0.0288,0.0417,-0.0325,FLAT,6.75,14.82,1.6,-18.18,49.0,39.2,0.4205,LOW,-,92.9475,97.3001,95.4927,1,18.5311,LAGGARD,9.341
1260,-7,BRSL,BRIGHTSTAR LOTTERY PLC,Consumer Discretionary,,mid,12.36,24.66,-0.0741,-0.0692,-0.1468,FLAT,-26.59,1.74,-21.29,-30.87,47.79,26.13,0.6348,LOW,EARLY,12.7055,13.1918,14.7472,0,3.1762,WEAK,9.3369
1261,-28,VRTX,Vertex Pharmaceuticals,Health Care,Biotechnology,large,446.78,19.14,-0.007,-0.0975,-0.0084,FLAT,6.09,-6.04,12.37,-28.06,49.8,34.89,0.6998,LOW,-,450.6935,465.2936,438.2269,1,-8.6183,LAGGARD,9.3213
1262,-25,OI,O I GLASS INC,Materials,,small,10.7,11.76,-0.0018,-0.1024,-0.3614,STRONG_UP,-13.29,4.19,-33.54,-40.71,51.81,47.22,0.4435,LOW,-,10.4835,12.7996,13.4854,0,4.5939,WEAK,9.2977
1263,17,IDT,IDT CORP CLASS B,Communication,,small,50.01,21.74,0.0233,-0.0506,-0.1598,STRONG_UP,5.85,5.27,38.23,-33.19,51.0,24.33,0.7141,LOW,-,48.4422,49.0638,54.097,0,11.038,WEAK,9.2803
1264,-54,UPWK,UPWORK INC,Industrials,,small,10.44,11.02,-0.0959,-0.1913,-0.5244,STRONG_UP,-41.55,-17.34,-12.05,-52.78,47.79,68.78,1.1966,MED,-,11.3245,13.5602,16.1035,0,-12.048,WEAK,9.2753
1265,38,SLG,SL GREEN REALTY REIT CORP,Real Estate,,mid,37.74,4.71,0.0152,0.0054,-0.2711,STRONG_UP,-33.14,-19.04,-18.43,-45.4,48.19,42.49,0.6501,LOW,PROGRESS,36.9594,38.5144,48.7607,0,-21.5966,WEAK,9.2706
1266,-3,PTON,PELOTON INTERACTIVE CLASS A INC,Consumer Discretionary,,small,4.74,11.64,-0.0101,0.2069,-0.2624,FLAT,-35.42,-13.82,29.86,-58.78,44.18,77.42,0.518,LOW,-,4.2035,4.3533,6.4258,0,-7.8854,WEAK,9.2684
1267,-21,AAT,AMERICAN ASSETS TRUST REIT INC,Real Estate,,small,19.25,40.0,-0.0007,0.0139,-0.0152,FLAT,-0.29,14.81,4.68,-13.97,51.41,25.02,0.4761,LOW,-,18.6955,18.6868,18.8382,1,30.4333,LAGGARD,9.2286
1268,-14,MSCI,MSCI Inc.,Financials,Financial Exchanges & Data,large,545.88,19.93,-0.048,-0.0784,-0.0823,STRONG_UP,-3.03,4.83,5.03,-18.07,53.82,33.14,0.6873,LOW,PROGRESS,544.3995,553.5782,560.0504,0,7.8383,WEAK,9.2266
1269,-100,YUM,Yum! Brands,Consumer Discretionary,Restaurants,large,160.79,34.25,-0.0149,0.0057,0.0889,STRONG_DOWN,11.14,12.63,21.13,-10.22,50.2,21.53,0.6209,LOW,-,157.9345,159.4015,150.0913,1,29.46,LAGGARD,9.1958
1270,-107,CRVL,CORVEL CORP,Health Care,,mid,54.14,1.56,-0.0313,0.0383,-0.2077,FLAT,-26.21,-52.88,-30.41,-61.23,45.78,61.04,0.909,LOW,SHIFT,53.686,53.143,73.4831,0,-39.6606,WEAK,9.1929
1271,-12,STE,Steris,Health Care,Health Care Equipment,large,223.75,26.95,-0.0023,0.0056,-0.0991,FLAT,-7.43,3.83,8.83,-20.76,49.8,28.1,0.4835,LOW,PROGRESS,219.817,236.1801,243.5202,0,6.7854,WEAK,9.1921
1272,-14,HPQ,HP Inc.,Information Technology,"Technology Hardware, Storage & Peripherals",large,18.38,22.75,-0.0965,-0.0245,-0.0868,FLAT,-30.08,-15.57,-30.97,-36.62,48.19,30.95,0.9865,LOW,EARLY,18.873,18.7857,23.1995,0,-24.2441,WEAK,9.1564
1273,17,LQDT,LIQUIDITY SERVICES INC,Industrials,,small,32.31,27.12,-0.0133,0.0021,-0.0008,FLAT,33.62,8.02,78.51,-30.9,55.02,30.95,0.6439,LOW,-,29.93,31.0706,27.8503,1,14.2645,LAGGARD,9.1418
1274,93,HLMN,HILLMAN SOLUTIONS CORP,Industrials,,small,8.67,33.05,0.0283,0.0137,-0.1428,STRONG_UP,-7.86,14.68,-13.39,-27.75,44.18,44.44,0.7234,LOW,-,8.1557,8.7364,8.9497,0,14.5966,WEAK,9.1178
1275,17,SCL,STEPAN,Materials,,small,51.88,19.12,0.0048,0.0697,-0.0244,FLAT,8.13,12.49,-35.24,-32.78,53.01,51.84,0.4483,LOW,-,48.513,53.5417,49.8026,1,12.7726,LAGGARD,9.0657
1276,-24,COUR,COURSERA INC,Consumer Discretionary,,small,5.6,9.59,-0.0975,-0.1011,-0.2028,STRONG_UP,-44.66,-15.28,-57.58,-56.61,55.02,48.9,1.2408,MED,-,5.862,6.0176,8.5574,0,-17.1922,WEAK,9.0644
1277,-9,IPAR,INTERPARFUMS INC,Consumer Staples,,mid,91.68,33.87,-0.0144,-0.0054,-0.0244,FLAT,-1.57,-9.43,-24.86,-43.01,51.41,27.38,0.8047,LOW,PROGRESS,90.5878,95.1187,99.147,0,-17.7102,WEAK,9.0133
1278,-147,KR,Kroger,Consumer Staples,Food Retail,large,70.35,46.77,-0.0538,-0.0159,0.1125,STRONG_DOWN,4.35,5.73,29.61,-19.44,47.79,30.43,0.5668,LOW,-,72.7675,69.9378,67.2683,1,8.9913,LAGGARD,9.0094
1279,-56,RDN,RADIAN GROUP INC,Financials,,mid,34.58,22.73,-0.0224,-0.0162,-0.0582,FLAT,2.09,12.9,22.29,-14.34,51.0,28.25,0.7834,LOW,-,33.2285,33.3813,34.0704,1,23.2885,LAGGARD,8.9783
1280,-52,CCB,COASTAL FINANCIAL CORP,Financials,,small,82.72,17.48,0.0154,-0.0254,-0.3298,STRONG_UP,-25.58,3.84,117.11,-38.31,52.61,46.31,0.9289,LOW,-,77.079,81.2534,101.1792,0,4.3639,WEAK,8.9333
1281,-26,NWS,News Corp (Class B),Communication Services,Publishing,large,28.4,18.18,-0.0043,0.0458,-0.0343,FLAT,-6.54,-3.34,12.33,-26.84,53.82,29.69,0.6211,LOW,SHIFT,27.7035,27.3949,30.5128,0,-6.0496,WEAK,8.9231
1282,20,AMP,Ameriprise Financial,Financials,Asset Management & Custody Banks,large,452.9,15.03,-0.0063,-0.0713,-0.1228,STRONG_UP,-7.01,0.5,9.1,-20.87,55.02,32.25,0.9069,LOW,PROGRESS,440.735,469.3991,486.9602,0,0.8495,WEAK,8.8836
1283,8,KBH,KB HOME,Consumer Discretionary,,mid,52.22,27.4,-0.0181,-0.0669,-0.0576,FLAT,-12.7,3.35,-15.52,-28.19,47.39,37.51,0.7426,LOW,PROGRESS,52.043,57.5663,59.464,0,4.231,WEAK,8.8546
1284,-35,TRNS,TRANSCAT INC,Industrials,,small,80.52,24.15,0.0066,0.0507,0.2381,STRONG_DOWN,12.02,4.25,-26.9,-44.83,48.59,46.85,0.8754,LOW,-,73.933,73.8114,71.6222,1,4.4042,LAGGARD,8.8495
1285,-37,BMI,BADGER METER INC,Information Technology,,mid,155.41,24.34,-0.047,0.0459,-0.0651,FLAT,-12.86,-13.96,2.43,-42.92,49.4,39.5,0.5339,LOW,SHIFT,151.012,151.4383,178.4666,0,-17.4578,WEAK,8.8285
1286,-36,HURN,HURON CONSULTING GROUP INC,Industrials,,mid,124.29,13.98,-0.0967,-0.1116,-0.3394,STRONG_UP,-18.39,-12.98,32.66,-35.14,54.22,47.14,1.1236,MED,EARLY,126.9755,138.2632,149.1267,0,-14.93,WEAK,8.8259
1287,-44,BUR,BURFORD CAPITAL LTD,Financials,,small,4.4,0.35,0.0131,-0.5416,-0.5504,STRONG_UP,-62.04,-63.79,-72.83,-72.84,46.99,109.02,0.6371,LOW,-,6.313,7.957,10.5117,0,-27.4952,WEAK,8.8116
1288,40,TGLS,TECNOGLASS INC,Industrials,,mid,45.61,4.66,-0.0084,-0.01,-0.1423,STRONG_UP,-28.89,-33.55,,-54.2,46.59,42.11,0.8836,LOW,PROGRESS,43.2111,46.3983,58.8298,0,-37.1188,WEAK,8.785
1289,28,BDX,Becton Dickinson,Health Care,Health Care Equipment,large,155.46,26.17,-0.0192,-0.0522,0.0114,FLAT,3.18,1.64,-14.55,-20.25,46.99,24.92,0.7263,LOW,-,156.8775,164.9096,151.4462,1,3.0988,LAGGARD,8.7477
1290,-21,SMA,SMARTSTOP SELF STORAGE REIT INC,Real Estate,,mid,31.86,30.59,-0.0004,-0.0087,-0.0372,STRONG_UP,-8.73,4.38,1.99,-21.77,53.01,31.3,0.4217,LOW,SHIFT,30.948,31.8043,33.393,0,7.4265,WEAK,8.7082
1291,-53,WM,Waste Management,Industrials,Environmental & Facilities Services,large,233.1,25.0,-0.0601,-0.043,0.039,STRONG_DOWN,6.8,4.5,15.3,-18.14,52.21,19.74,0.4269,LOW,-,231.7383,232.2323,221.5623,1,11.8924,LAGGARD,8.7071
1292,-89,WERN,WERNER ENTERPRISES INC,Industrials,,small,31.65,31.78,-0.0112,0.0371,-0.0772,FLAT,9.64,13.15,-11.18,-28.28,49.0,45.85,0.7262,LOW,-,28.923,32.0364,29.125,1,14.0584,LAGGARD,8.6813
1293,1,NVR,"NVR, Inc.",Consumer Discretionary,Homebuilding,large,6798.75,20.55,-0.0247,0.0073,-0.0472,FLAT,-12.35,-2.86,-11.22,-25.44,48.59,29.78,0.6934,LOW,PROGRESS,6554.0295,7135.7752,7542.4383,0,-4.6645,WEAK,8.6657
1294,4,WY,Weyerhaeuser,Real Estate,Timber REITs,large,24.82,25.88,-0.0158,0.0584,-0.0128,FLAT,2.32,-0.52,-21.5,-21.96,48.19,28.54,0.3506,LOW,-,23.813,24.7501,24.2745,1,-0.8711,LAGGARD,8.6465
1295,-2,SHW,Sherwin-Williams,Materials,Specialty Chemicals,large,335.73,10.29,0.0223,-0.0049,-0.0727,STRONG_UP,-0.09,2.67,6.35,-18.74,47.79,28.66,0.8295,LOW,PROGRESS,318.667,340.4383,341.9884,0,4.4576,WEAK,8.6237
1296,-57,NEO,NEOGENOMICS INC,Health Care,,small,7.94,17.19,-0.0329,-0.0763,-0.3408,STRONG_UP,-13.41,-10.79,-45.09,-52.87,50.6,46.99,0.5731,LOW,-,7.8905,9.4854,9.3233,0,-11.6152,WEAK,8.6019
1297,-8,BOX,BOX INC CLASS A,Information Technology,,mid,22.44,17.99,-0.1044,-0.1102,-0.2011,STRONG_UP,-32.08,-25.25,-18.04,-43.4,45.38,40.51,1.0496,MED,EARLY,23.932,24.0968,29.6359,0,-28.2853,WEAK,8.5755
1298,2,CTSH,Cognizant,Information Technology,IT Consulting & Other Services,large,59.2,24.87,-0.092,-0.0719,-0.2663,FLAT,-12.63,-13.3,-12.53,-31.37,52.21,39.56,0.8852,LOW,EARLY,61.0265,65.8699,72.1501,0,-17.5524,WEAK,8.5534
1299,12,ACN,Accenture,Information Technology,IT Consulting & Other Services,large,186.03,13.76,-0.1146,-0.0969,-0.2999,FLAT,-26.46,-34.45,-41.34,-42.16,48.19,44.05,0.7892,LOW,EARLY,196.729,213.093,249.0226,0,-37.6883,WEAK,8.5011
1300,-26,TSCO,Tractor Supply,Consumer Discretionary,Other Specialty Retail,large,45.64,15.75,-0.0035,-0.0996,-0.0759,FLAT,-14.61,-9.53,-6.88,-29.73,49.8,34.77,0.5716,LOW,EARLY,45.823,49.8097,53.8971,0,-13.6507,WEAK,8.4931
1301,7,RAMP,LIVERAMP HOLDINGS INC,Information Technology,,small,26.59,33.86,-0.0596,-0.0898,-0.0025,FLAT,-6.41,6.83,-21.52,-34.44,53.41,40.34,0.6064,LOW,-,26.93,26.1814,28.2525,0,9.043,WEAK,8.4917
1302,20,MA,Mastercard,Financials,Transaction & Payment Processing Services,large,503.57,15.38,-0.0295,-0.0771,-0.1556,STRONG_UP,-12.39,1.27,8.42,-18.92,53.41,26.05,0.6279,LOW,PROGRESS,498.1295,515.3876,551.1867,0,2.6014,WEAK,8.4915
1303,-63,AMCR,Amcor,Materials,Paper & Plastic Packaging Products & Materials,large,41.76,5.88,0.0124,-0.0626,-0.0834,STRONG_UP,6.17,-4.86,-1.11,-23.67,49.0,42.02,0.5891,LOW,PROGRESS,39.9015,43.9617,42.9225,0,-5.6721,WEAK,8.4796
1304,123,FFIN,FIRST FINANCIAL BANKSHARES INC,Financials,,mid,31.68,16.78,0.007,-0.0091,-0.0312,STRONG_UP,-3.93,3.25,10.66,-23.37,47.79,28.96,0.6874,LOW,SHIFT,29.66,31.1252,32.6494,0,5.365,WEAK,8.4695
1305,2,WK,WORKIVA INC CLASS A,Information Technology,,mid,55.59,21.69,-0.1121,-0.1266,-0.3429,STRONG_UP,-37.36,-16.52,-29.98,-40.42,49.0,39.39,,LOW,EARLY,59.804,63.102,77.0611,0,-20.5491,WEAK,8.4365
1306,30,GPN,Global Payments,Financials,Transaction & Payment Processing Services,large,65.88,7.34,-0.0214,-0.1719,-0.1851,STRONG_UP,-25.11,-19.87,-46.11,-29.7,46.18,51.88,0.5045,LOW,EARLY,67.809,71.7277,78.6539,0,-17.6835,WEAK,8.4352
1307,-11,HD,Home Depot (The),Consumer Discretionary,Home Improvement Retail,large,339.58,21.92,0.0117,-0.0478,-0.017,FLAT,-10.35,-1.54,1.79,-23.72,47.39,27.49,0.5706,LOW,PROGRESS,330.55,356.4509,368.9567,0,-2.66,WEAK,8.4259
1308,31,CBRL,CRACKER BARREL OLD COUNTRY STORE I,Consumer Discretionary,,small,29.74,6.16,-0.0156,0.0464,0.0296,FLAT,-28.19,-21.89,-49.47,-64.96,45.38,54.83,0.8111,LOW,-,28.103,30.0994,40.0425,0,-18.1141,WEAK,8.4228
1309,-49,HNI,HNI CORP,Industrials,,mid,34.89,13.56,0.0245,-0.178,-0.2303,STRONG_UP,-21.99,-13.92,-11.75,-38.43,46.18,38.32,,LOW,EARLY,35.3495,42.4171,43.8253,0,-16.7765,WEAK,8.4159
1310,39,JBI,JANUS INTERNATIONAL GROUP INC,Industrials,,small,5.43,12.71,0.0536,-0.0559,-0.2566,STRONG_UP,-45.48,-14.22,-61.76,-53.93,47.39,51.7,0.487,LOW,-,5.2195,6.145,7.9125,0,-13.0327,WEAK,8.4156
1311,-66,WLY,JOHN WILEY AND SONS INC CLASS A,Communication,,mid,38.59,13.04,-0.0119,0.023,0.123,STRONG_DOWN,7.15,-3.29,5.72,-34.42,46.99,41.13,0.5693,LOW,-,37.2213,33.3331,35.5793,1,-3.7614,LAGGARD,8.3621
1312,-28,CPK,CHESAPEAKE UTILITIES CORP,Utilities,,mid,132.73,9.62,0.0055,-0.009,-0.0588,STRONG_UP,-3.36,6.41,37.35,-14.39,53.41,21.33,0.4793,LOW,-,127.5419,129.9012,126.9517,1,16.0409,LAGGARD,8.3496
1313,-3,VYX,NCR VOYIX CORP,Information Technology,,small,6.44,19.58,0.0104,-0.0976,-0.3615,STRONG_UP,-46.73,-21.18,-48.4,-57.96,49.0,56.93,0.7176,LOW,-,6.4635,7.9454,10.8665,0,-18.2255,WEAK,8.3194
1314,-37,LRN,STRIDE INC,Consumer Discretionary,,mid,90.38,2.74,-0.0368,0.0392,0.342,STRONG_DOWN,-37.6,-32.42,50.56,-64.07,53.01,38.41,,LOW,SHIFT,87.1665,85.959,106.9912,0,-44.7447,WEAK,8.3045
1315,-86,CXW,CORECIVIC REIT INC,Industrials,,mid,20.22,20.34,-0.0644,0.1239,-0.0098,FLAT,7.84,-3.07,28.71,-30.05,48.59,43.63,0.288,LOW,-,19.6175,18.7274,19.359,1,-3.4169,LAGGARD,8.2908
1316,-45,ELV,Elevance Health,Health Care,Managed Health Care,large,316.87,10.55,0.0287,0.0891,-0.1089,FLAT,-11.56,-25.83,-35.34,-37.47,50.2,43.95,0.3601,LOW,SHIFT,296.377,311.6449,323.4106,0,-29.5084,WEAK,8.2764
1317,18,UVV,UNIVERSAL CORP,Consumer Staples,,small,53.56,50.0,-0.0078,0.0382,-0.0708,FLAT,1.46,8.29,22.96,-20.74,48.19,27.14,0.4721,LOW,-,52.442,53.5028,53.2209,1,14.7153,CONTENDER,8.1955
1318,23,AESI,ATLAS ENERGY SOLUTIONS INC,Energy,,small,11.51,1.14,-0.0342,-0.1662,-0.1641,FLAT,-0.78,-10.86,-47.48,-43.54,49.4,61.52,2.4286,HIGH,-,12.8865,11.9708,11.3524,1,-8.7238,LAGGARD,8.1802
1319,-49,OMC,Omnicom Group,Communication Services,Advertising,large,74.88,40.91,-0.0137,-0.0571,-0.0164,FLAT,-4.09,5.2,-12.54,-17.85,50.2,47.68,0.8476,LOW,EARLY,75.9855,76.3548,75.0418,0,5.4726,WEAK,8.168
1320,-53,GBTG,GLOBAL BUSINESS TRAVEL GROUP INC C,Consumer Discretionary,,mid,5.61,8.9,-0.036,-0.015,-0.2878,FLAT,-27.89,-15.51,-5.08,-40.41,50.2,49.17,0.9332,LOW,PROGRESS,5.517,5.6204,7.071,0,-15.837,WEAK,8.1662
1321,-34,KVUE,Kenvue,Consumer Staples,Personal Care Products,large,17.43,25.81,-0.0093,-0.0016,-0.0353,FLAT,11.02,-16.87,-6.62,-41.2,49.8,21.38,0.7808,LOW,PROGRESS,17.42,17.8991,17.9216,0,-39.2904,WEAK,8.1618
1322,-46,FDS,FactSet,Financials,Financial Exchanges & Data,mid,213.52,1.4,-0.1122,-0.0374,-0.2955,FLAT,-23.45,-48.01,-48.99,-59.47,50.2,50.65,1.1416,MED,SHIFT,210.755,213.2165,298.5958,0,-47.5874,WEAK,8.1615
1323,60,CRI,CARTERS INC,Consumer Discretionary,,small,36.79,25.34,-0.0205,0.0556,0.1063,STRONG_DOWN,23.77,3.1,-45.22,-37.64,53.41,58.96,1.2681,MED,-,35.031,36.3875,31.6999,1,2.8072,LAGGARD,8.1427
1324,-45,MNKD,MANNKIND CORP,Health Care,,small,2.56,4.3,-0.0014,-0.0971,-0.5337,STRONG_UP,-52.94,-44.83,-39.62,-63.29,45.38,90.92,0.5563,LOW,-,2.522,3.8272,4.6987,0,-22.3743,WEAK,8.1393
1325,-42,RXRX,RECURSION PHARMACEUTICALS INC CLAS,Health Care,,small,3.31,9.77,0.0394,-0.0455,-0.2554,STRONG_UP,-45.65,-26.61,-61.42,-58.17,42.17,61.69,0.4882,LOW,-,3.212,3.5208,4.6694,0,-18.1884,WEAK,8.1063
1326,-1,CBT,CABOT CORP,Materials,,mid,74.68,8.82,-0.0525,0.0594,-0.013,FLAT,3.6,-1.05,-19.38,-28.82,47.79,34.56,0.3949,LOW,-,72.127,73.1332,71.8002,1,-1.4541,LAGGARD,8.1047
1327,13,BAX,Baxter International,Health Care,Health Care Equipment,mid,17.3,6.64,0.0123,-0.0465,-0.1231,STRONG_UP,-23.88,-37.68,-57.13,-49.79,48.59,52.93,0.5504,LOW,PROGRESS,16.8485,18.8251,21.6296,0,-34.5923,WEAK,8.0879
1328,-14,QTWO,Q2 HOLDINGS INC,Information Technology,,mid,46.04,11.64,-0.0742,-0.1089,-0.3013,STRONG_UP,-28.39,-36.65,-11.29,-52.32,44.18,40.78,0.4438,LOW,EARLY,47.834,51.2762,69.2369,0,-39.7098,WEAK,7.9038
1329,-24,BR,Broadridge Financial Solutions,Industrials,Data Processing & Outsourced Services,large,154.79,5.93,-0.0884,-0.1826,-0.3375,STRONG_UP,-33.94,-31.04,-21.4,-41.21,47.39,33.89,0.9038,LOW,EARLY,166.7638,176.6574,219.4269,0,-43.4079,WEAK,7.8937
1330,-14,CENTA,CENTRAL GARDEN AND PET CLASS A,Consumer Staples,,small,33.1,45.16,0.0242,0.0439,0.0543,STRONG_DOWN,20.15,5.58,-3.61,-29.51,51.41,23.78,0.914,LOW,-,32.233,32.7994,31.3839,1,12.068,LAGGARD,7.8797
1331,-19,PRVA,PRIVIA HEALTH GROUP INC,Health Care,,mid,22.71,20.31,0.0458,0.0247,0.0225,STRONG_UP,-7.42,-3.97,22.1,-24.77,45.78,39.88,1.3154,MED,SHIFT,21.381,22.1202,22.7626,0,-4.5627,WEAK,7.8666
1332,27,QDEL,QUIDELORTHO CORP,Health Care,,small,14.15,3.12,-0.2051,-0.2197,-0.5374,STRONG_UP,-49.21,-46.44,-67.83,-62.19,44.58,76.36,1.3269,MED,-,16.2795,21.0848,26.0969,0,-27.1135,WEAK,7.8377
1333,-9,COO,Cooper Companies (The),Health Care,Health Care Supplies,large,71.46,19.53,-0.007,-0.036,-0.1,STRONG_UP,1.71,-5.19,-25.95,-23.83,49.8,23.52,0.5786,LOW,PROGRESS,70.7705,77.0454,74.6361,0,-10.9843,WEAK,7.8327
1334,-15,ASTH,ASTRANA HEALTH INC,Health Care,,small,28.23,16.02,0.1021,0.1627,0.0419,FLAT,-8.14,-12.38,-31.4,-46.67,53.01,90.51,0.5564,LOW,-,24.9195,22.9018,25.8159,1,-7.2529,LAGGARD,7.8159
1335,52,TNC,TENNANT,Industrials,,small,76.98,28.81,0.0522,0.1737,-0.0368,FLAT,-5.09,10.03,-33.06,-27.71,53.82,55.05,0.6488,LOW,-,67.413,70.8159,76.2958,1,9.8099,LAGGARD,7.7927
1336,-35,PRA,PROASSURANCE CORP,Financials,,small,24.26,20.28,-0.0638,-0.0872,-0.0172,FLAT,0.54,4.84,80.1,-2.32,44.18,5.87,0.9225,LOW,-,24.5455,24.4946,24.0552,1,36.4286,LAGGARD,7.7548
1337,-40,ALH,ALLIANCE LAUNDRY HOLDINGS INC,Industrials,,mid,23.37,19.07,0.044,0.0498,0.0349,FLAT,,-5.84,-5.84,-29.22,51.61,43.33,1.2335,MED,-,20.5325,21.8244,,0,-6.9584,WEAK,7.7485
1338,-17,AI,C3 AI INC CLASS A,Information Technology,,small,8.58,2.65,-0.0455,-0.0936,-0.3396,STRONG_UP,-55.15,-57.73,-63.66,-73.39,44.58,74.69,0.5527,LOW,-,8.534,9.5708,15.9257,0,-34.4595,WEAK,7.6986
1339,21,LADR,LADDER CAPITAL CORP CLASS A,Financials,,small,9.97,21.68,-0.0306,-0.0715,-0.079,STRONG_UP,-1.51,8.78,12.77,-14.68,51.41,21.95,0.949,LOW,-,9.7417,10.0459,10.3775,0,20.5637,WEAK,7.6784
1340,2,HRMY,HARMONY BIOSCIENCES HLDG INC,Health Care,,small,29.16,24.61,0.0263,0.0086,-0.1896,STRONG_UP,9.79,0.59,-0.72,-34.49,50.2,47.17,0.7101,LOW,-,27.7425,30.8018,33.1845,0,0.6241,WEAK,7.6674
1341,-32,WRB,W. R. Berkley Corporation,Financials,Property & Casualty Insurance,large,67.21,16.43,-0.0315,-0.0858,-0.067,FLAT,-12.17,2.83,26.37,-16.39,53.41,20.4,0.4743,LOW,PROGRESS,66.51,68.6917,70.3867,0,7.3972,WEAK,7.5685
1342,26,RVTY,Revvity,Health Care,Health Care Equipment,mid,90.46,21.48,-0.0083,0.005,-0.0697,FLAT,-1.29,-2.48,-15.71,-28.75,50.2,38.82,0.7242,LOW,PROGRESS,87.0255,94.3,95.0132,0,-3.2023,WEAK,7.5656
1343,-17,BL,BLACKLINE INC,Information Technology,,mid,32.04,16.93,-0.1557,-0.1341,-0.3796,FLAT,-36.88,-29.19,-50.1,-45.54,51.81,54.66,0.8967,LOW,EARLY,36.6765,38.3384,50.5112,0,-27.6712,WEAK,7.5309
1344,-40,AZTA,AZENTA INC,Health Care,,small,22.66,14.84,-0.0241,-0.0141,-0.3554,FLAT,-29.69,-14.62,-59.77,-51.48,47.79,64.9,0.8704,LOW,-,21.37,26.0008,30.9191,0,-10.7652,WEAK,7.5233
1345,-11,MDLZ,Mondelez International,Consumer Staples,Packaged Foods & Meats,large,59.09,38.71,0.0016,0.0904,0.0339,FLAT,-2.45,-7.46,-5.87,-25.93,49.8,26.31,0.6726,LOW,SHIFT,56.9398,58.1461,59.1163,0,-14.1208,WEAK,7.4612
1346,52,AVNS,AVANOS MEDICAL INC,Health Care,,small,14.09,30.86,-0.0153,0.0472,0.1908,STRONG_DOWN,23.6,13.35,-26.96,-24.56,49.0,41.12,0.4637,LOW,-,13.7025,13.945,12.2422,1,15.914,LAGGARD,7.4299
1347,3,CALM,CAL MAINE FOODS INC,Consumer Staples,,mid,77.72,30.65,-0.0311,-0.109,-0.0341,FLAT,-13.56,-10.83,44.75,-37.0,51.81,32.62,0.7317,LOW,EARLY,80.7285,83.2018,90.5532,0,-17.2078,WEAK,7.4216
1348,82,SYK,Stryker Corporation,Health Care,Health Care Equipment,large,339.14,23.05,-0.0025,-0.0215,-0.0336,STRONG_UP,-9.16,-1.72,-0.5,-18.8,48.19,22.57,0.6765,LOW,PROGRESS,334.506,354.9375,367.6457,0,-3.6639,WEAK,7.4009
1349,-6,TIC,TIC SOLUTIONS INC,Industrials,,small,7.14,9.32,-0.0229,-0.1876,-0.3794,STRONG_UP,-49.11,-22.64,-40.5,-54.66,49.0,58.07,0.6374,LOW,-,7.258,8.6124,10.5583,0,-19.1068,WEAK,7.3768
1350,56,FOXF,FOX FACTORY HOLDING CORP,Consumer Discretionary,,small,16.92,10.27,-0.0361,0.0318,-0.0552,FLAT,-29.23,-14.89,-60.59,-56.63,51.0,46.17,0.5444,LOW,-,16.5635,17.6723,21.7607,0,-16.447,WEAK,7.3732
1351,35,LW,Lamb Weston,Consumer Staples,Packaged Foods & Meats,mid,41.61,19.35,0.0321,-0.0325,-0.0571,STRONG_UP,-34.07,-20.63,-45.28,-41.37,49.8,37.2,0.5368,LOW,PROGRESS,40.773,44.7449,51.9262,0,-27.6203,WEAK,7.3705
1352,29,AMPL,AMPLITUDE INC CLASS A,Information Technology,,small,6.01,14.81,-0.1599,-0.2335,-0.42,STRONG_UP,-41.65,-33.3,-41.76,-54.78,44.58,63.24,1.1347,MED,-,6.858,7.2636,10.1837,0,-23.4717,WEAK,7.3705
1353,2,KFY,KORN FERRY,Industrials,,mid,63.95,25.42,-0.0409,0.0007,-0.0876,FLAT,-8.05,4.6,7.16,-21.05,47.39,31.87,0.5995,LOW,SHIFT,62.1738,62.9159,67.2551,0,6.8337,WEAK,7.3642
1354,-23,AVPT,AVEPOINT INC CLASS A,Information Technology,,mid,9.14,12.17,-0.1191,-0.1563,-0.2914,STRONG_UP,-40.07,-36.53,14.54,-54.28,51.0,40.41,0.934,LOW,EARLY,9.963,10.4568,14.0001,0,-46.1004,WEAK,7.3541
1355,-40,CL,Colgate-Palmolive,Consumer Staples,Household Products,large,86.04,41.94,-0.0156,-0.0302,-0.0021,FLAT,11.73,-3.96,4.06,-20.74,46.59,25.79,0.3979,LOW,-,85.9765,90.8658,83.7024,1,-7.1628,LAGGARD,7.3371
1356,-43,BHVN,BIOHAVEN LTD,Health Care,,small,9.39,3.91,-0.0672,-0.1072,-0.1331,STRONG_UP,-38.79,-45.18,-81.61,-66.71,46.99,70.06,0.5588,LOW,-,9.091,10.4312,12.6024,0,-30.3053,WEAK,7.3335
1357,71,EG,Everest Group,Financials,Reinsurance,large,335.61,14.34,-0.0239,-0.0258,-0.0262,STRONG_UP,-6.19,-0.5,-6.64,-16.43,51.0,19.14,0.5592,LOW,-,323.7595,328.4738,330.5722,1,-1.3412,LAGGARD,7.2887
1358,-38,MLKN,MILLERKNOLL INC,Industrials,,small,15.25,19.92,0.0053,-0.2383,-0.2375,FLAT,-6.86,-4.02,-36.38,-37.8,46.59,58.16,1.4012,MED,-,16.611,19.1046,18.2932,0,-3.2165,WEAK,7.2649
1359,29,ISRG,Intuitive Surgical,Health Care,Health Care Equipment,large,454.94,18.75,-0.019,-0.0819,-0.1821,STRONG_UP,1.53,-7.06,17.11,-24.09,49.0,23.5,0.7702,LOW,EARLY,467.373,484.055,505.1992,0,-14.7293,WEAK,7.2242
1360,-9,CCOI,COGENT COMMUNICATIONS HOLDINGS INC,Communication,,small,20.44,0.0,0.0674,-0.0976,-0.2055,STRONG_UP,-51.9,-57.5,-64.73,-68.95,51.81,90.43,0.6605,LOW,-,18.982,21.4402,31.0182,0,-32.9407,WEAK,7.191
1361,59,CMCSA,Comcast,Communication Services,Cable & Satellite,large,28.31,13.64,0.0006,-0.0556,0.0543,FLAT,0.48,-6.38,-17.95,-25.72,49.4,24.23,0.6778,LOW,EARLY,28.5965,29.8462,28.7079,0,-13.01,WEAK,7.1345
1362,15,AWR,AMERICAN STATES WATER,Utilities,,mid,79.26,13.46,0.0018,0.0415,-0.0448,FLAT,11.12,7.47,20.55,-12.36,49.0,21.44,0.6444,LOW,-,75.2,73.9429,73.3332,1,17.0801,LAGGARD,7.1218
1363,-36,MKC,McCormick & Company,Consumer Staples,Packaged Foods & Meats,large,51.44,8.06,0.0277,-0.132,-0.3067,STRONG_UP,-20.74,-30.53,-28.2,-36.4,49.4,39.27,0.9795,LOW,EARLY,53.0335,61.3492,65.9744,0,-38.4114,WEAK,7.1197
1364,-58,FA,FIRST ADVANTAGE CORP,Industrials,,small,11.15,10.17,-0.0574,-0.0388,-0.3259,FLAT,-25.72,-19.38,-27.88,-51.86,47.39,71.47,0.7094,LOW,-,11.091,11.2456,14.2896,0,-12.8492,WEAK,7.1118
1365,10,BXP,"BXP, Inc.",Real Estate,Office REITs,mid,52.48,14.12,-0.0183,0.0101,-0.2629,FLAT,-26.41,-7.76,-5.08,-33.56,51.81,32.51,0.5611,LOW,PROGRESS,51.9104,56.3278,65.3605,0,-12.3634,WEAK,7.0783
1366,-4,VRRM,VERRA MOBILITY CORP CLASS A,Industrials,,mid,14.91,5.08,-0.0234,-0.0847,-0.3927,STRONG_UP,-37.85,-31.39,-39.59,-45.89,42.17,38.56,0.6501,LOW,PROGRESS,14.5505,16.5432,21.8781,0,-34.3235,WEAK,7.0201
1367,-21,GENI,GENIUS SPORTS LTD,Consumer Discretionary,,small,4.07,0.0,-0.1525,-0.2409,-0.5816,STRONG_UP,-65.6,-57.11,-27.32,-69.96,46.59,76.13,0.7022,LOW,-,4.607,5.7598,9.8757,0,-34.9518,WEAK,6.9652
1368,-7,AWK,American Water Works,Utilities,Water Utilities,large,139.25,5.77,-0.0122,-0.0101,-0.0552,FLAT,0.05,-0.28,23.46,-16.12,52.21,23.83,1.4789,MED,-,137.0965,133.2287,134.5796,1,-0.6058,LAGGARD,6.9632
1369,-4,LZ,LEGALZOOM COM INC,Industrials,,small,5.66,8.9,-0.0794,-0.1327,-0.4878,STRONG_UP,-43.23,-22.68,-55.15,-50.98,49.4,63.07,0.7562,LOW,-,5.966,6.73,9.0726,0,-17.7624,WEAK,6.9523
1370,-25,ROP,Roper Technologies,Information Technology,Electronic Equipment & Instruments,large,349.88,12.7,-0.0585,-0.0244,-0.1526,FLAT,-32.41,-35.85,-33.84,-45.59,51.81,34.77,0.7737,LOW,-,351.6123,349.534,454.0949,0,-53.4139,WEAK,6.9137
1371,-15,DOC,Healthpeak Properties,Real Estate,Health Care REITs,large,16.69,22.35,-0.0215,-0.0266,-0.0591,STRONG_UP,-8.25,-1.51,1.62,-17.09,49.4,24.65,0.5662,LOW,EARLY,16.8809,16.9464,17.0696,0,-3.0201,WEAK,6.9003
1372,-2,SPSC,SPS COMMERCE INC,Information Technology,,mid,52.29,2.12,-0.1062,-0.1897,-0.3992,STRONG_UP,-51.86,-59.8,-69.34,-65.75,47.79,44.38,0.7772,LOW,EARLY,57.198,63.49,94.7802,0,-64.3966,WEAK,6.8641
1373,-25,SAFT,SAFETY INSURANCE GROUP INC,Financials,,small,75.63,18.88,-0.0154,-0.022,-0.0363,STRONG_UP,11.44,4.41,5.69,-17.39,50.2,19.76,0.9622,LOW,-,73.1125,75.3809,72.831,1,11.199,LAGGARD,6.8535
1374,-36,APPN,APPIAN CORP CLASS A,Information Technology,,small,21.34,19.05,-0.1665,-0.1843,-0.3445,STRONG_UP,-27.78,-21.69,-45.84,-53.24,48.59,48.78,0.9502,LOW,-,24.4775,25.2722,30.7254,0,-21.6036,WEAK,6.8467
1375,39,STRA,STRATEGIC EDUCATION INC,Consumer Discretionary,,small,82.46,29.45,-0.0596,0.0244,0.0326,STRONG_DOWN,3.55,7.95,-13.88,-19.93,54.62,32.29,1.0603,MED,-,82.0765,80.5237,79.7876,1,13.4407,LAGGARD,6.8411
1376,-53,JBGS,JBG SMITH PROPERTIES,Real Estate,,small,14.14,20.0,-0.045,-0.0443,-0.2309,FLAT,-32.36,-2.35,0.82,-40.48,46.59,24.91,0.5346,LOW,-,14.7065,15.3522,18.1124,0,-4.395,WEAK,6.8162
1377,-5,NVCR,NOVOCURE LTD,Health Care,,small,11.0,7.81,0.0178,-0.1333,-0.2199,STRONG_UP,-23.34,-31.59,-24.76,-48.3,44.98,92.06,0.4993,LOW,-,11.384,11.8316,12.9492,0,-15.4357,WEAK,6.7972
1378,91,SAFE,SAFEHOLD INC,Real Estate,,small,14.79,28.24,0.0633,-0.0004,-0.0335,STRONG_UP,-1.49,2.84,-17.58,-22.9,50.6,32.8,0.9122,LOW,-,13.9669,14.6317,14.4453,1,4.3836,LAGGARD,6.785
1379,13,V,Visa Inc.,Financials,Transaction & Payment Processing Services,large,308.29,12.94,-0.0251,-0.0784,-0.148,STRONG_UP,-11.9,-4.32,14.0,-20.38,51.41,23.61,0.5972,LOW,PROGRESS,303.547,314.0344,334.6938,0,-9.3996,WEAK,6.7749
1380,-14,PAYC,Paycom,Industrials,Human Resource & Employment Services,mid,114.84,1.69,-0.1208,-0.1514,-0.3059,STRONG_UP,-43.72,-44.93,-42.61,-56.77,50.2,43.44,0.4226,LOW,EARLY,122.366,125.5908,178.1356,0,-51.9189,WEAK,6.753
1381,30,GPI,GROUP AUTOMOTIVE INC,Consumer Discretionary,,mid,338.11,10.96,-0.0187,0.0597,-0.1231,FLAT,-20.27,-14.88,25.64,-38.91,45.78,31.66,0.4148,LOW,SHIFT,320.307,329.7964,401.1374,0,-21.515,WEAK,6.7387
1382,-30,CRAI,CRA INTERNATIONAL INC,Industrials,,small,164.7,21.61,-0.0527,-0.0388,-0.2699,FLAT,-9.0,-0.27,15.76,-31.75,51.41,45.68,1.0044,MED,-,159.678,167.2441,185.3682,0,-0.309,WEAK,6.7334
1383,12,FG,F&G ANNUITIES AND LIFE INC,Financials,,mid,25.0,5.59,-0.0903,0.1237,-0.1366,FLAT,-15.1,-23.6,-30.41,-41.19,50.2,48.29,0.7851,LOW,PROGRESS,24.1355,25.01,29.5744,0,-24.537,WEAK,6.7221
1384,59,WKC,WORLD KINECT CORP,Energy,,small,23.91,5.68,0.0397,-0.0158,-0.385,STRONG_UP,-4.82,4.66,-1.51,-22.53,51.81,28.37,0.4868,LOW,-,23.0106,24.5817,25.2451,0,8.506,WEAK,6.6218
1385,11,TDOC,TELADOC HEALTH INC,Health Care,,small,5.25,9.38,-0.0292,-0.0451,-0.2698,STRONG_UP,-42.24,-27.49,-63.79,-52.75,43.37,56.52,0.6746,LOW,-,5.3725,5.1646,7.0765,0,-21.0912,WEAK,6.6088
1386,30,ABG,ASBURY AUTOMOTIVE GROUP INC,Consumer Discretionary,,mid,202.05,15.07,-0.0076,-0.0095,-0.1617,STRONG_UP,-18.49,-9.69,-8.18,-30.41,49.0,31.25,0.3865,LOW,PROGRESS,193.873,210.7452,233.0221,0,-15.188,WEAK,6.6042
1387,70,BLFS,BIOLIFE SOLUTIONS INC,Health Care,,small,20.48,21.88,0.0248,0.073,-0.1388,FLAT,-25.09,-2.43,18.66,-36.96,49.8,48.88,0.9688,LOW,-,19.2355,20.8556,23.8313,0,-2.4755,WEAK,6.5905
1388,-10,UFPT,UFP TECHNOLOGIES INC,Health Care,,small,203.6,23.83,0.0354,-0.0335,-0.1625,STRONG_UP,3.66,-0.96,-14.07,-30.2,49.8,44.26,0.8536,LOW,-,195.0135,219.5348,221.5279,0,-1.0837,WEAK,6.5646
1389,-142,CDNA,CAREDX INC,Health Care,,small,16.69,17.58,-0.1139,-0.0317,0.0107,STRONG_DOWN,12.85,-9.44,80.24,-43.92,52.21,63.38,1.2935,MED,-,17.415,18.4871,16.707,0,-7.7772,WEAK,6.5645
1390,51,CCS,CENTURY COMMUNITIES INC,Consumer Discretionary,,small,60.68,28.08,0.0206,0.0144,0.0262,FLAT,4.18,4.24,-25.2,-25.54,46.59,43.42,1.1115,MED,-,57.3365,63.2353,61.957,0,4.5472,WEAK,6.5619
1391,63,PRKS,UNITED PARKS AND RESORTS INC,Consumer Discretionary,,small,37.17,14.38,0.0605,0.1177,0.0446,FLAT,-31.27,-10.48,-34.54,-46.15,49.0,47.13,0.8062,LOW,-,32.419,34.1364,42.2985,0,-10.8926,WEAK,6.5585
1392,43,FCPT,FOUR CORNERS PROPERTY INC TRUST,Real Estate,,mid,25.23,27.06,0.0309,-0.0037,0.015,FLAT,8.23,0.31,20.82,-17.9,47.79,19.88,1.1698,MED,-,24.2074,24.5416,24.0856,1,0.7563,LAGGARD,6.5416
1393,-63,MCD,McDonald's,Consumer Discretionary,Restaurants,large,309.55,26.71,-0.0372,-0.0703,0.0442,FLAT,6.37,3.24,20.75,-10.6,49.8,16.29,0.5539,LOW,-,312.262,320.3969,306.1504,1,9.8964,LAGGARD,6.538
1394,-62,WAY,WAYSTAR HOLDING CORP,Health Care,,mid,21.81,5.86,-0.1067,-0.1172,-0.3003,STRONG_UP,-43.44,-39.8,5.36,-47.18,48.59,49.15,0.9077,LOW,EARLY,23.942,24.6274,33.036,0,-39.3478,WEAK,6.5055
1395,24,JBIO,JADE BIOSCIENCES INC,Health Care,,small,18.23,0.0,0.152,0.296,0.4174,STRONG_DOWN,100.77,-79.28,-98.02,-92.84,49.4,66.08,3.1657,HIGH,-,14.632,14.6877,11.5273,1,-59.2693,LAGGARD,6.4801
1396,-59,FTNT,Fortinet,Information Technology,Systems Software,large,80.66,22.22,-0.0613,-0.054,0.0745,STRONG_DOWN,-6.71,-16.26,18.39,-31.56,53.01,35.41,0.9946,LOW,EARLY,81.913,81.7744,84.802,0,-24.3392,WEAK,6.4491
1397,29,LGIH,LGI HOMES INC,Consumer Discretionary,,small,40.7,4.79,0.0233,-0.0367,-0.0976,STRONG_UP,-14.14,-28.26,-58.31,-49.25,40.16,63.13,0.7736,LOW,-,38.66,47.0492,50.9538,0,-17.9754,WEAK,6.4254
1398,-25,CHD,Church & Dwight,Consumer Staples,Household Products,large,96.16,40.32,0.0104,-0.0256,0.0534,FLAT,8.85,-6.13,-4.0,-22.03,51.81,21.34,0.526,LOW,-,94.8615,98.2974,91.4038,1,-14.8775,LAGGARD,6.4228
1399,38,VICI,Vici Properties,Real Estate,Hotel & Resort REITs,large,28.06,24.71,-0.0173,-0.0067,-0.0328,FLAT,-7.8,-0.99,11.97,-17.88,48.59,18.81,0.8678,LOW,PROGRESS,27.5494,28.3297,29.5377,0,-2.5603,WEAK,6.4045
1400,7,BCC,BOISE CASCADE,Industrials,,mid,80.58,13.14,0.0508,0.0885,0.0,FLAT,6.03,-13.99,-42.86,-30.94,41.37,40.72,0.7326,LOW,-,73.5215,79.0586,79.2897,1,-14.2152,LAGGARD,6.3535
1401,76,PCRX,PACIRA BIOSCIENCES INC,Health Care,,small,23.82,24.22,0.0244,0.0391,-0.0442,FLAT,1.75,0.55,-14.41,-29.61,51.41,46.22,0.3064,LOW,-,22.844,22.2936,23.5323,1,0.6104,LAGGARD,6.3403
1402,-39,AMT,American Tower,Real Estate,Telecom Tower REITs,large,179.93,10.59,0.0043,-0.0261,0.0001,FLAT,-2.11,-10.6,5.82,-26.67,52.21,28.94,0.8934,LOW,PROGRESS,176.044,180.6526,188.6901,0,-19.1175,WEAK,6.3324
1403,-3,PRCT,PROCEPT BIOROBOTICS CORP,Health Care,,small,23.27,1.17,-0.099,-0.1679,-0.2848,STRONG_UP,-33.04,-54.13,-55.45,-65.12,42.97,69.15,0.678,LOW,-,25.444,26.5618,35.9925,0,-33.6363,WEAK,6.33
1404,-2,AGM,FEDERAL AGRICULTURAL MORTGAGE NON,Financials,,small,157.76,13.64,-0.0004,-0.0581,-0.121,STRONG_UP,-0.29,-2.65,-8.76,-31.94,49.8,40.66,0.7516,LOW,-,147.209,157.8949,170.1382,0,-3.241,WEAK,6.3
1405,5,STC,STEWART INFO SERVICES CORP,Financials,,small,65.25,16.08,0.0279,-0.0314,-0.0598,STRONG_UP,-2.06,2.45,16.04,-24.48,48.19,31.52,0.4674,LOW,-,61.471,65.3847,67.926,0,3.7384,WEAK,6.2613
1406,-27,NSIT,INSIGHT ENTERPRISES INC,Information Technology,,mid,69.9,5.29,0.0058,-0.177,-0.1609,FLAT,-36.84,-48.1,-61.71,-56.07,49.8,48.91,0.6497,LOW,EARLY,71.3375,79.3968,102.0503,0,-48.9744,WEAK,6.2438
1407,-23,OPCH,OPTION CARE HEALTH INC,Health Care,,mid,29.47,15.62,0.0479,-0.0153,-0.0376,STRONG_UP,8.39,-12.53,-6.09,-27.6,45.78,35.08,1.032,MED,PROGRESS,28.3545,31.2812,30.2038,0,-16.3466,WEAK,6.2308
1408,16,TRUP,TRUPANION INC,Financials,,small,25.74,4.55,-0.0465,-0.0747,-0.3116,STRONG_UP,-39.18,-26.39,3.75,-56.17,46.59,46.2,0.778,LOW,-,25.638,27.8752,39.0537,0,-26.6169,WEAK,6.1757
1409,-45,WTW,Willis Towers Watson,Financials,Insurance Brokers,large,287.86,11.19,-0.0527,-0.08,-0.1581,STRONG_UP,-15.75,-8.01,11.72,-19.74,49.4,35.58,0.8024,LOW,EARLY,288.3863,296.9474,316.2768,0,-11.1215,WEAK,6.1717
1410,-39,AJG,Arthur J. Gallagher & Co.,Financials,Insurance Brokers,large,218.39,3.5,-0.0464,-0.0355,-0.197,FLAT,-28.44,-32.29,-7.34,-40.88,50.6,34.46,0.6675,LOW,PROGRESS,213.6795,220.229,264.8398,0,-47.4101,WEAK,6.1351
1411,-14,GT,GOODYEAR TIRE & RUBBER,Consumer Discretionary,,small,7.06,5.48,0.0176,-0.0524,-0.197,STRONG_UP,-3.81,-22.08,-44.28,-48.49,43.37,49.39,0.8154,LOW,-,6.6175,7.9662,8.5663,0,-19.3844,WEAK,6.0985
1412,-32,PAYX,Paychex,Industrials,Human Resource & Employment Services,large,87.86,3.39,-0.0921,-0.0979,-0.2587,STRONG_UP,-29.2,-37.01,,-43.78,46.99,29.89,0.8456,LOW,EARLY,91.8255,94.331,116.6605,0,-58.1883,WEAK,6.0876
1413,-24,AMN,AMN HEALTHCARE INC,Health Care,,small,18.49,20.7,-0.0094,-0.0981,0.223,FLAT,-4.05,-3.9,-68.63,-34.18,46.18,82.45,0.4667,LOW,-,18.6205,19.3914,18.8439,0,-2.1833,WEAK,6.0836
1414,-23,NSP,INSPERITY INC,Industrials,,small,25.91,0.42,-0.1671,0.2698,-0.428,FLAT,-43.3,-66.64,-72.91,-75.05,44.98,75.13,0.4944,LOW,-,25.359,26.9013,40.7179,0,-39.8983,WEAK,6.0498
1415,-3,POOL,Pool Corporation,Consumer Discretionary,Distributors,mid,213.51,4.11,0.008,-0.0036,-0.0832,STRONG_UP,-28.46,-28.74,-42.18,-39.78,43.37,40.68,0.5692,LOW,PROGRESS,204.308,224.4034,266.5574,0,-30.6453,WEAK,6.0353
1416,2,AMPH,AMPHASTAR PHARMACEUTICALS INC,Health Care,,small,20.87,16.8,-0.0048,0.1076,-0.2073,FLAT,-19.67,-11.27,-47.89,-40.99,49.8,62.51,0.9989,LOW,-,19.591,23.1324,25.1689,0,-8.9761,WEAK,6.0225
1417,-24,LTH,LIFE TIME GROUP HOLDINGS INC,Consumer Discretionary,,mid,28.03,17.81,-0.0065,0.0311,0.0287,FLAT,8.06,-6.72,91.59,-25.42,49.0,37.17,0.4657,LOW,-,26.5825,27.5824,27.4663,1,-8.8616,LAGGARD,6.0057
1418,-33,CPRT,Copart,Industrials,Diversified Support Services,large,32.99,2.12,-0.0625,-0.1046,-0.1906,STRONG_UP,-26.57,-43.76,-41.12,-49.2,47.39,29.91,0.5369,LOW,EARLY,33.174,36.1878,42.0134,0,-69.3352,WEAK,5.9888
1419,-37,BRO,Brown & Brown,Financials,Insurance Brokers,large,67.13,2.1,-0.0321,-0.0945,-0.1902,STRONG_UP,-29.74,-42.33,-18.65,-47.15,47.79,30.89,0.4397,LOW,PROGRESS,66.44,68.9985,84.3263,0,-65.4898,WEAK,5.9514
1420,-66,PMT,PENNYMAC MORTGAGE INVESTMENT TRUST,Financials,,small,11.6,19.58,-0.0801,-0.1006,-0.116,STRONG_UP,-1.43,4.41,6.06,-18.9,51.0,32.61,0.8505,LOW,-,11.5945,11.9972,11.96,0,6.9041,WEAK,5.9221
1421,-64,JKHY,Jack Henry & Associates,Financials,Transaction & Payment Processing Services,large,153.38,10.49,-0.076,-0.1578,-0.2052,STRONG_UP,3.36,-8.6,-7.59,-20.84,50.6,29.55,0.7743,LOW,EARLY,160.4815,164.0491,166.8616,0,-14.7318,WEAK,5.9139
1422,-32,DNOW,DNOW INC,Industrials,,mid,12.25,10.59,-0.0362,0.0193,-0.1415,FLAT,-21.78,-18.82,-18.87,-34.08,55.82,54.48,0.7382,LOW,PROGRESS,11.8295,13.2204,14.1925,0,-19.2833,WEAK,5.9059
1423,40,AIN,ALBANY INTERNATIONAL CORP CLASS A,Industrials,,small,56.91,15.68,0.0389,-0.0107,0.0007,FLAT,1.76,-9.54,-33.81,-42.65,50.6,34.95,0.5375,LOW,-,52.7283,55.4872,56.7858,1,-13.8176,LAGGARD,5.8931
1424,15,ESS,Essex Property Trust,Real Estate,Multi-Family Residential REITs,large,250.03,23.53,-0.0209,-0.0001,-0.0728,FLAT,-2.62,-1.06,10.31,-16.49,54.22,20.58,0.4904,LOW,SHIFT,244.2564,248.8802,255.4862,0,-2.792,WEAK,5.8915
1425,6,ABM,ABM INDUSTRIES INC,Industrials,,mid,39.45,16.53,-0.0314,-0.06,-0.1268,STRONG_UP,-12.51,-8.81,-4.28,-27.81,49.8,28.32,0.4788,LOW,PROGRESS,38.0798,41.9653,44.0998,0,-15.4965,WEAK,5.8833
1426,3,ROCK,GIBRALTAR INDUSTRIES INC,Industrials,,small,41.03,8.47,0.005,-0.063,-0.2399,STRONG_UP,-38.95,-23.29,-45.11,-48.66,45.78,50.41,0.6344,LOW,-,40.412,45.792,55.7783,0,-21.1546,WEAK,5.8816
1427,-80,HLIT,HARMONIC INC,Information Technology,,small,9.69,36.51,0.0165,0.025,0.0504,STRONG_DOWN,-6.38,10.36,-11.43,-19.1,55.42,40.47,0.7101,LOW,-,9.3125,9.8148,9.7839,0,14.1932,WEAK,5.836
1428,-59,CI,Cigna,Health Care,Health Care Services,large,278.45,15.23,0.0063,0.0631,0.0277,FLAT,-8.22,-13.12,-19.17,-27.41,49.0,27.19,0.3746,LOW,SHIFT,267.8395,275.3311,282.4213,0,-23.6387,WEAK,5.8306
1429,-35,DPZ,Domino's,Consumer Discretionary,Restaurants,large,373.3,8.22,-0.0383,-0.0682,-0.045,FLAT,-8.9,-16.21,-24.05,-28.84,46.59,29.47,0.6636,LOW,PROGRESS,372.4145,386.3651,418.0885,0,-25.6222,WEAK,5.8293
1430,-5,INVH,Invitation Homes,Real Estate,Single-Family Residential REITs,large,26.0,7.06,-0.0142,0.0339,-0.0685,FLAT,-5.57,-14.3,-19.61,-29.15,45.78,22.24,1.013,MED,SHIFT,24.9416,25.5696,27.7464,0,-29.4417,WEAK,5.8134
1431,21,ICUI,ICU MEDICAL INC,Health Care,,mid,125.83,17.97,-0.0049,-0.0642,-0.1299,STRONG_UP,4.59,-9.1,,-25.11,47.39,36.15,0.773,LOW,EARLY,126.38,138.8014,134.2465,0,-11.9321,WEAK,5.7991
1432,-29,PHR,PHREESIA INC,Health Care,,small,8.09,0.39,-0.0588,-0.2915,-0.4809,STRONG_UP,-65.2,-66.29,-65.28,-75.15,49.8,70.62,0.9325,LOW,-,10.379,11.5958,20.3011,0,-46.7477,WEAK,5.779
1433,5,UPBD,UPBOUND GROUP INC,Consumer Discretionary,,small,18.5,16.44,0.0112,-0.0112,0.0091,FLAT,-11.96,-9.26,-36.31,-40.17,44.98,44.87,0.7712,LOW,-,17.994,19.4148,20.7613,0,-9.2804,WEAK,5.7775
1434,10,ZTS,Zoetis,Health Care,Pharmaceuticals,large,119.99,13.67,-0.008,-0.0032,-0.0097,FLAT,-15.73,-17.19,-24.61,-32.7,51.0,25.3,0.3919,LOW,PROGRESS,117.117,122.3512,134.5808,0,-34.6449,WEAK,5.7291
1435,10,FUN,SIX FLAGS ENTERTAINMENT CORP,Consumer Discretionary,,small,19.73,0.68,0.1324,0.2568,0.3269,STRONG_DOWN,-9.12,-38.9,-49.98,-66.35,49.4,66.71,0.6329,LOW,-,17.2425,17.2078,20.7324,0,-28.8043,WEAK,5.725
1436,20,FIVN,FIVE9 INC,Information Technology,,small,13.82,8.47,-0.1179,-0.1966,-0.2655,STRONG_UP,-37.3,-40.51,-77.68,-53.25,44.98,61.91,1.0536,MED,-,15.2247,16.5615,21.665,0,-29.4306,WEAK,5.721
1437,-3,UTL,UNITIL CORP,Utilities,,small,55.07,7.69,0.0048,0.0118,-0.0103,FLAT,16.8,1.63,19.9,-23.67,53.82,20.34,0.7419,LOW,-,52.731,51.9967,49.0594,1,4.3101,LAGGARD,5.6651
1438,-17,ALKT,ALKAMI TECHNOLOGY INC,Information Technology,,small,15.67,13.23,-0.0923,-0.1764,-0.2535,STRONG_UP,-34.44,-35.41,-34.16,-51.11,47.39,59.07,1.0351,MED,-,16.6205,17.0984,22.093,0,-28.4068,WEAK,5.6375
1439,27,EQR,Equity Residential,Real Estate,Multi-Family Residential REITs,large,60.46,21.18,-0.0286,0.0071,-0.083,FLAT,-0.73,-1.71,4.2,-16.54,51.81,21.17,0.4067,LOW,PROGRESS,59.1418,60.9548,61.4484,0,-4.1833,WEAK,5.5928
1440,-35,ACVA,ACV AUCTIONS INC CLASS A,Industrials,,small,4.34,0.0,-0.0548,-0.1645,-0.5385,STRONG_UP,-53.73,-68.98,-75.84,-75.65,48.19,68.99,0.6617,LOW,-,4.5615,5.593,9.2165,0,-48.1815,WEAK,5.5797
1441,21,QNST,QUINSTREET INC,Communication,,small,12.08,8.7,-0.0109,-0.0343,-0.3341,STRONG_UP,-20.16,-20.99,-30.45,-44.3,49.0,54.33,0.7516,LOW,-,12.0725,11.911,14.3194,0,-18.9345,WEAK,5.5378
1442,-38,FWRG,FIRST WATCH RESTAURANT GROUP INC,Consumer Discretionary,,small,11.65,2.05,0.0386,-0.0856,-0.2128,STRONG_UP,-24.84,-33.24,-49.35,-49.68,46.18,64.85,0.4898,LOW,-,11.4165,13.4621,16.1075,0,-23.6688,WEAK,5.4649
1443,3,AIG,American International Group,Financials,Multi-line Insurance,large,77.72,13.99,-0.0195,-0.0736,-0.0215,FLAT,-6.44,-2.31,7.77,-16.98,52.61,22.9,0.3186,LOW,SHIFT,75.4126,76.6117,78.119,0,-5.3183,WEAK,5.4225
1444,-35,CPT,Camden Property Trust,Real Estate,Multi-Family Residential REITs,large,100.84,17.65,-0.031,-0.0091,-0.141,FLAT,-0.09,-2.87,7.85,-17.71,52.21,20.5,0.7706,LOW,PROGRESS,98.7982,103.5284,104.5008,0,-7.2973,WEAK,5.3894
1445,15,UDR,"UDR, Inc.",Real Estate,Multi-Family Residential REITs,large,34.86,12.94,-0.0254,-0.0434,-0.1112,STRONG_UP,-1.53,-8.46,0.99,-21.65,49.0,21.08,0.4983,LOW,PROGRESS,34.661,36.3898,36.6244,0,-19.6628,WEAK,5.3482
1446,24,MBC,MASTERBRAND INC,Industrials,,small,8.62,6.78,0.0261,-0.0112,-0.2951,STRONG_UP,-35.19,-26.7,-50.77,-44.36,43.78,51.5,1.0499,MED,-,8.1945,10.0238,11.5177,0,-22.6982,WEAK,5.299
1447,18,CWT,CALIFORNIA WATER SERVICE GROUP,Utilities,,mid,47.08,3.85,-0.0023,0.0234,-0.0531,FLAT,2.0,-0.31,8.66,-16.03,49.8,25.51,1.275,MED,-,45.0245,45.1283,45.0681,1,-0.5988,LAGGARD,5.263
1448,5,OTIS,Otis Worldwide,Industrials,Industrial Machinery & Supplies & Components,large,81.25,14.41,-0.0067,-0.0721,-0.1327,STRONG_UP,-10.13,-12.26,-13.57,-23.79,53.41,26.35,0.5301,LOW,PROGRESS,79.3225,85.5598,88.5328,0,-24.8547,WEAK,5.2365
1449,-41,ATRC,ATRICURE INC,Health Care,,small,28.05,16.41,-0.0605,-0.0655,-0.2982,STRONG_UP,-20.04,-11.35,8.3,-33.86,49.0,49.5,0.7738,LOW,-,29.1415,31.6192,34.8385,0,-11.2318,WEAK,5.2186
1450,-27,VERX,VERTEX INC CLASS A,Information Technology,,small,11.27,0.0,-0.1018,-0.2226,-0.3976,STRONG_UP,-55.92,-70.48,-64.75,-73.08,44.18,65.44,0.5222,LOW,-,12.3355,13.7798,22.1598,0,-47.5839,WEAK,5.1832
1451,-77,ERIE,Erie Indemnity,Financials,Insurance Brokers,large,257.25,2.45,-0.019,-0.0163,-0.1236,FLAT,-21.09,-37.15,-32.87,-43.55,51.0,32.63,0.7002,LOW,PROGRESS,246.2675,261.9558,302.3426,0,-58.0601,WEAK,5.1466
1452,-35,CLX,Clorox,Consumer Staples,Household Products,large,107.62,20.97,0.0388,-0.0308,-0.0293,FLAT,-8.06,-20.49,-19.86,-30.11,48.59,29.83,0.5889,LOW,PROGRESS,105.709,114.1382,113.4692,0,-33.3722,WEAK,5.1236
1453,49,LNN,LINDSAY CORP,Industrials,,small,111.91,17.8,0.0362,-0.1396,-0.1496,STRONG_UP,-19.5,-8.35,-0.52,-29.99,48.19,36.78,1.0644,MED,-,115.823,125.4837,127.9221,0,-10.9436,WEAK,5.1138
1454,-41,KHC,Kraft Heinz,Consumer Staples,Packaged Foods & Meats,large,23.27,29.03,-0.0051,0.0194,-0.0632,FLAT,-4.16,-14.16,-29.43,-25.28,52.21,29.65,0.6882,LOW,SHIFT,22.321,23.2511,24.4804,0,-24.938,WEAK,5.1034
1455,-56,ALRM,ALARM.COM HOLDINGS INC,Information Technology,,mid,43.54,23.81,-0.0416,-0.1291,-0.1217,FLAT,-16.01,-14.84,-36.68,-30.22,45.38,30.93,1.4818,MED,EARLY,44.4483,46.2557,51.4693,0,-21.7796,WEAK,5.0807
1456,-5,CNXN,PC CONNECTION INC,Information Technology,,small,62.69,32.28,0.0151,0.0285,0.1186,STRONG_DOWN,3.85,4.57,-0.46,-20.57,48.59,32.29,0.7484,LOW,-,59.054,60.5929,60.9498,1,6.882,LAGGARD,5.0762
1457,-15,SIGI,SELECTIVE INSURANCE GROUP INC,Financials,,mid,81.58,13.29,0.0109,-0.0134,-0.066,STRONG_UP,-2.17,-3.29,-18.76,-18.19,54.22,22.1,0.8403,LOW,-,76.23,81.0343,80.3402,1,-8.0832,LAGGARD,5.0717
1458,-18,ABT,Abbott Laboratories,Health Care,Health Care Equipment,large,102.72,14.45,-0.0268,-0.0732,-0.1414,STRONG_UP,-22.77,-15.95,-3.95,-25.22,49.0,27.46,0.5411,LOW,EARLY,105.024,109.0324,122.9539,0,-28.454,WEAK,5.0512
1459,32,SILA,SILA RLTY TR INC TRUST,Real Estate,,small,24.6,29.41,0.0048,-0.0273,0.0071,FLAT,6.12,3.59,21.38,-14.11,50.6,21.61,0.5144,LOW,-,24.017,24.4906,23.6554,1,8.4013,LAGGARD,5.0497
1460,12,AVB,AvalonBay Communities,Real Estate,Multi-Family Residential REITs,large,168.51,11.76,-0.0168,-0.0185,-0.1307,STRONG_UP,-7.73,-9.56,-2.88,-22.13,51.41,22.0,0.5815,LOW,PROGRESS,164.5248,170.5024,180.0342,0,-22.3398,WEAK,5.0356
1461,3,ENOV,ENOVIS CORP,Health Care,,small,24.0,11.33,0.0352,-0.0387,-0.1272,STRONG_UP,-24.48,-25.23,-59.97,-42.54,46.59,58.2,0.3868,LOW,-,22.818,23.0274,27.8607,0,-20.1999,WEAK,5.0036
1462,-1,SDGR,SCHRODINGER INC,Health Care,,small,11.47,5.08,-0.0349,-0.1039,-0.3433,STRONG_UP,-44.64,-40.32,-58.31,-58.52,49.0,51.58,1.0763,MED,-,11.7395,12.2936,17.5697,0,-38.3057,WEAK,4.9732
1463,-30,HRL,Hormel Foods,Consumer Staples,Packaged Foods & Meats,large,21.13,12.9,-0.0697,-0.0729,-0.1373,STRONG_UP,-9.31,-25.16,-34.14,-31.0,46.59,27.34,1.4675,MED,EARLY,22.404,23.6576,24.6568,0,-42.8712,WEAK,4.949
1464,-120,CWST,CASELLA WASTE SYSTEMS INC CLASS A,Industrials,,mid,86.77,8.05,-0.0549,-0.0491,-0.1653,FLAT,-5.37,-23.89,-10.21,-37.72,49.8,40.36,0.6521,LOW,PROGRESS,82.881,92.2026,96.6136,0,-29.4728,WEAK,4.9364
1465,11,PAYO,PAYONEER GLOBAL INC,Financials,,small,4.56,4.2,-0.1232,-0.0914,-0.1806,FLAT,-25.85,-27.04,-6.37,-42.76,47.79,64.05,1.6015,HIGH,-,4.721,5.1121,5.9163,0,-20.1755,WEAK,4.9177
1466,-51,GIS,General Mills,Consumer Staples,Packaged Foods & Meats,large,36.75,6.45,-0.0441,-0.0865,-0.2245,STRONG_UP,-24.15,-33.2,-42.37,-36.56,45.38,29.74,0.9621,LOW,EARLY,37.409,42.3086,46.1587,0,-50.6574,WEAK,4.8983
1467,23,YELP,YELP INC,Communication,,small,25.57,4.35,0.0083,-0.0202,-0.2785,STRONG_UP,-19.18,-25.34,-36.01,-51.67,49.0,42.15,0.4216,LOW,-,24.668,23.969,29.6963,0,-29.4617,WEAK,4.8756
1468,-67,PRGS,PROGRESS SOFTWARE CORP,Information Technology,,small,27.42,3.7,0.0277,-0.2677,-0.3084,STRONG_UP,-40.31,-51.76,-45.88,-61.2,50.2,67.54,0.9378,LOW,-,29.748,35.716,42.7715,0,-38.4708,WEAK,4.8733
1469,-33,ICFI,ICF INTERNATIONAL INC,Industrials,,small,68.96,11.86,-0.0225,-0.0694,-0.2881,STRONG_UP,-25.25,-15.36,-51.18,-35.36,49.0,41.44,1.0411,MED,-,67.2293,75.4519,85.4479,0,-18.1586,WEAK,4.6061
1470,-21,UFPI,UFP INDUSTRIES INC,Industrials,,mid,94.87,16.1,-0.0004,0.0153,-0.0617,FLAT,4.61,-9.03,-15.15,-24.68,43.37,31.1,0.9545,LOW,PROGRESS,90.645,99.5448,97.1175,0,-12.5931,WEAK,4.5945
1471,-23,AON,Aon plc,Financials,Insurance Brokers,large,325.4,9.44,-0.043,-0.0494,-0.1006,STRONG_UP,-10.94,-11.45,4.25,-19.01,50.6,30.88,0.6773,LOW,PROGRESS,322.6375,327.5258,347.3844,0,-18.7611,WEAK,4.5007
1472,12,ARE,Alexandria Real Estate Equities,Real Estate,Office REITs,mid,43.99,1.18,-0.0142,-0.1194,-0.2175,STRONG_UP,-39.72,-37.09,-59.85,-48.45,55.42,39.19,0.5877,LOW,EARLY,46.1986,50.1193,61.6551,0,-52.4555,WEAK,4.476
1473,-26,PGNY,PROGYNY INC,Health Care,,small,16.53,10.94,-0.0296,-0.0609,-0.357,STRONG_UP,-19.68,-25.74,-52.54,-41.84,50.2,57.27,0.7716,LOW,-,17.4165,19.393,22.2133,0,-22.5635,WEAK,4.4758
1474,-19,CBZ,CBIZ INC,Industrials,,small,27.6,0.85,-0.0506,0.0093,-0.5271,FLAT,-51.41,-63.41,-62.94,-68.43,47.39,70.99,0.436,LOW,-,26.6975,29.6494,50.8362,0,-42.333,WEAK,4.461
1475,14,NAVI,NAVIENT CORP,Financials,,small,8.3,6.29,-0.05,-0.0528,-0.3804,STRONG_UP,-31.12,-23.18,-45.02,-46.14,52.61,45.51,0.7879,LOW,-,8.221,8.7499,11.6112,0,-26.8003,WEAK,4.4344
1476,3,WD,WALKER & DUNLOP INC,Financials,,small,45.61,2.8,-0.0237,-0.0953,-0.2827,STRONG_UP,-41.17,-34.85,-47.21,-49.57,46.99,54.62,0.5855,LOW,-,44.71,52.1409,67.2599,0,-29.9777,WEAK,4.3245
1477,-9,ADP,Automatic Data Processing,Industrials,Human Resource & Employment Services,large,196.02,5.51,-0.0894,-0.1047,-0.2917,STRONG_UP,-31.57,-31.23,-16.49,-38.51,49.8,26.79,0.8282,LOW,EARLY,205.095,214.6977,261.5616,0,-58.0557,WEAK,4.2985
1478,15,ZBH,Zimmer Biomet,Health Care,Health Care Equipment,large,93.03,18.36,-0.0018,-0.0097,0.033,FLAT,-4.91,-8.07,-25.75,-20.02,53.01,23.76,0.6418,LOW,SHIFT,90.206,92.2856,94.5884,0,-18.0154,WEAK,4.2929
1479,-1,LZB,LA-Z-BOY INC,Consumer Discretionary,,small,33.21,13.7,0.0068,-0.0209,-0.1109,STRONG_UP,1.94,-11.4,-0.02,-32.97,44.58,32.86,0.6644,LOW,-,32.4905,34.7527,35.4773,0,-15.4612,WEAK,4.2084
1480,-21,GSHD,GOOSEHEAD INSURANCE INC CLASS A,Financials,,small,42.25,0.7,-0.0545,-0.1191,-0.4602,STRONG_UP,-38.42,-61.95,-24.17,-63.89,47.79,66.85,0.8755,LOW,-,43.2355,49.2897,71.9,0,-44.2851,WEAK,4.1986
1481,-31,BV,BRIGHTVIEW HOLDINGS INC,Industrials,,small,11.8,17.37,-0.0426,-0.0283,-0.1287,FLAT,-11.34,-8.67,2.08,-32.82,46.99,36.3,0.5382,LOW,-,11.7455,12.7324,13.5154,0,-11.2216,WEAK,4.1421
1482,1,PD,PAGERDUTY INC,Information Technology,,small,6.07,1.06,-0.0902,-0.1966,-0.4809,STRONG_UP,-62.83,-60.46,-72.82,-65.0,43.78,55.15,1.038,MED,-,6.58,7.3048,12.9541,0,-47.9921,WEAK,4.1188
1483,15,PBH,PRESTIGE CONSUMER HEALTHCARE INC,Health Care,,mid,56.76,8.59,0.0567,-0.1291,-0.0722,FLAT,-10.32,-29.67,-17.66,-41.09,47.79,33.84,1.243,MED,EARLY,59.244,63.8644,65.359,0,-41.9068,WEAK,3.9766
1484,3,CNS,COHEN & STEERS INC,Financials,,mid,64.04,9.79,-0.028,-0.0623,-0.0622,FLAT,-1.45,-10.01,-5.66,-27.8,48.59,23.66,0.7776,LOW,SHIFT,62.7515,63.9085,66.9285,0,-20.5557,WEAK,3.9335
1485,11,EVTC,EVERTEC INC,Financials,,small,28.46,8.39,-0.0361,-0.0794,-0.0838,STRONG_UP,-11.6,-13.75,-23.25,-34.26,49.4,37.36,0.3215,LOW,-,28.3955,27.9152,31.022,0,-18.1866,WEAK,3.8893
1486,-1,KMB,Kimberly-Clark,Consumer Staples,Household Products,large,97.96,11.29,-0.0072,-0.0112,-0.07,STRONG_UP,-16.1,-25.58,-16.67,-32.43,46.18,24.18,0.8551,LOW,EARLY,97.983,101.8618,111.2869,0,-48.8584,WEAK,3.857
1487,-20,MRSH,Marsh McLennan,Financials,Insurance Brokers,large,173.14,5.94,-0.0584,-0.081,-0.094,STRONG_UP,-15.01,-23.26,-11.46,-27.72,48.59,28.57,0.7126,LOW,PROGRESS,173.135,177.8838,189.9542,0,-39.5624,WEAK,3.7685
1488,29,EPAC,ENERPAC TOOL GROUP CORP CLASS A,Industrials,,small,36.37,18.22,-0.024,-0.0448,-0.1343,STRONG_UP,-8.6,-7.43,4.2,-25.4,48.19,32.05,0.9584,LOW,-,36.006,38.9046,39.796,0,-11.1788,WEAK,3.7447
1489,-16,TMUS,T-Mobile US,Communication Services,Wireless Telecommunication Services,large,197.54,9.09,-0.0338,-0.0669,0.0301,FLAT,-11.96,-21.55,27.04,-30.32,51.41,27.25,0.8598,LOW,EARLY,207.967,208.9288,218.0483,0,-40.6645,WEAK,3.6943
1490,-8,PG,Procter & Gamble,Consumer Staples,Personal Care Products,large,146.66,37.1,-0.0015,-0.0338,-0.0294,FLAT,-1.3,-7.87,-1.8,-17.62,48.59,21.0,0.3862,LOW,PROGRESS,145.439,153.0576,150.366,0,-18.214,WEAK,3.6915
1491,20,MGEE,MGE ENERGY INC,Utilities,,mid,81.1,1.92,0.0093,0.0486,-0.0946,FLAT,-2.46,-5.54,11.97,-20.77,48.59,21.02,1.0426,MED,SHIFT,76.5305,78.5099,81.4398,0,-12.802,WEAK,3.6727
1492,14,ABR,ARBOR REALTY TRUST REIT INC,Financials,,small,7.53,7.69,-0.046,-0.1326,-0.0231,FLAT,-33.23,-18.43,-21.74,-40.49,49.4,44.48,0.3851,LOW,-,7.573,7.5606,9.1806,0,-20.4646,WEAK,3.6713
1493,14,ENR,ENERGIZER HOLDINGS INC,Consumer Staples,,small,18.48,9.68,0.1002,0.0728,-0.1864,STRONG_UP,-22.21,-26.42,-27.43,-42.96,45.78,43.52,0.7431,LOW,-,16.9555,19.6284,21.9994,0,-27.797,WEAK,3.6705
1494,-23,SKWD,SKYWARD SPECIALTY INSURANCE GROUP,Financials,,small,45.89,9.09,-0.0054,-0.0652,-0.0532,FLAT,-6.29,-12.0,25.18,-36.52,49.8,35.52,0.6058,LOW,-,43.6565,44.9901,48.006,0,-16.8297,WEAK,3.6629
1495,0,ACIW,ACI WORLDWIDE INC,Information Technology,,mid,40.75,20.63,-0.0526,-0.0368,-0.0874,FLAT,-22.95,-19.99,23.26,-29.9,51.41,38.85,0.75,LOW,PROGRESS,40.352,40.889,45.831,0,-26.4503,WEAK,3.624
1496,8,PGR,Progressive Corporation,Financials,Property & Casualty Insurance,large,199.88,6.64,-0.0263,-0.0824,-0.0868,STRONG_UP,-12.5,-22.08,5.37,-29.4,48.19,24.24,0.7071,LOW,EARLY,201.1229,204.4248,217.0239,0,-43.9012,WEAK,3.6055
1497,-5,ITGR,INTEGER HOLDINGS CORP,Health Care,,mid,86.67,12.11,-0.0275,0.0097,0.0884,STRONG_DOWN,-17.74,-23.86,-24.94,-50.11,53.41,24.89,0.2466,LOW,SHIFT,85.6275,85.759,91.9117,0,-51.2001,WEAK,3.5765
1498,-24,WMK,WEIS MARKETS INC,Consumer Staples,,small,73.04,35.48,0.014,0.1839,0.0487,FLAT,6.81,-8.67,22.78,-29.37,51.81,28.98,0.9939,LOW,-,68.0,69.0831,69.0525,1,-15.5047,LAGGARD,3.5695
1499,-13,TNET,TRINET GROUP INCINARY,Industrials,,small,36.13,1.27,-0.0944,-0.0265,-0.4487,FLAT,-43.66,-51.95,-71.26,-60.35,46.18,60.39,0.7972,LOW,-,36.9908,41.3905,57.5238,0,-39.7245,WEAK,3.5141
1500,5,KDP,Keurig Dr Pepper,Consumer Staples,Soft Drinks & Non-alcoholic Beverages,large,26.42,17.74,0.0186,-0.0264,-0.1077,STRONG_UP,5.06,-21.42,-8.52,-28.01,49.4,24.71,0.8631,LOW,PROGRESS,26.3261,27.68,28.467,0,-42.824,WEAK,3.5121
1501,-13,MZTI,MARZETTI,Consumer Staples,,mid,146.39,24.19,0.0082,-0.034,-0.196,STRONG_UP,-10.41,-17.3,-23.1,-27.25,49.4,28.03,1.1629,MED,PROGRESS,142.8215,153.893,166.1777,0,-30.4897,WEAK,3.4857
1502,-8,MAA,Mid-America Apartment Communities,Real Estate,Multi-Family Residential REITs,large,125.62,5.88,-0.0258,-0.0281,-0.1393,STRONG_UP,-5.41,-15.38,2.74,-25.74,46.99,19.21,0.5891,LOW,PROGRESS,124.0635,129.7458,134.7159,0,-37.6147,WEAK,3.4191
1503,-22,CLOV,CLOVER HEALTH INVESTMENTS CORP CLA,Health Care,,small,1.91,1.95,0.0856,-0.0594,-0.2047,STRONG_UP,-31.29,-47.96,162.0,-55.5,42.57,50.17,0.3732,LOW,-,1.8525,1.9926,2.5747,0,-40.6917,WEAK,3.3611
1504,-24,EXPO,EXPONENT INC,Industrials,,mid,66.66,12.29,-0.0487,-0.0807,-0.1434,STRONG_UP,0.92,-14.24,-12.98,-19.08,45.78,40.83,0.8865,LOW,PROGRESS,66.0045,69.3539,70.3844,0,-15.9647,WEAK,3.3099
1505,5,EPC,EDGEWELL PERSONAL CARE,Consumer Staples,,small,22.34,16.13,0.0395,0.1352,0.2019,STRONG_DOWN,11.96,-21.86,-34.78,-47.46,48.59,37.61,0.6204,LOW,-,20.5205,20.7983,20.5259,1,-28.2371,LAGGARD,3.2091
1506,25,UMH,UMH PROPERTIES INC,Real Estate,,small,15.35,18.82,0.0207,0.0321,-0.0882,FLAT,11.6,-2.81,9.78,-18.38,46.59,19.45,1.3199,MED,-,14.582,15.146,15.1784,1,-6.721,LAGGARD,3.1629
1507,25,SMPL,THE SIMPLY GOOD FOODS COMPANY,Consumer Staples,,small,11.8,0.0,-0.1929,-0.1947,-0.5016,STRONG_UP,-50.94,-67.47,-63.58,-68.95,46.18,53.39,6.7421,HIGH,-,14.2778,15.7693,22.584,0,-58.3553,WEAK,3.092
1508,-8,SJM,J.M. Smucker Company (The),Consumer Staples,Packaged Foods & Meats,large,92.47,27.42,-0.0576,-0.1312,-0.1182,FLAT,-10.94,-15.89,-11.95,-20.28,47.79,29.45,0.6292,LOW,EARLY,98.0035,104.5706,103.4495,0,-25.7821,WEAK,3.0765
1509,0,SGRY,SURGERY PARTNERS INC,Health Care,,small,12.94,6.25,0.0375,-0.045,-0.136,STRONG_UP,-37.14,-38.0,-50.72,-52.01,50.2,47.92,0.4733,LOW,-,12.2115,13.6526,18.3155,0,-39.805,WEAK,3.0744
1510,10,FBRT,FRANKLIN BSP REALTY TRUST INC,Financials,,small,8.64,10.14,-0.0275,-0.1019,-0.1278,STRONG_UP,-14.8,-9.76,-9.62,-23.51,47.79,38.4,0.4927,LOW,-,8.5455,9.0103,9.7083,0,-12.1503,WEAK,3.0722
1511,-8,EIG,EMPLOYERS HOLDINGS INC,Financials,,small,42.65,11.54,-0.035,0.001,-0.0558,FLAT,2.11,-7.57,4.65,-26.96,52.61,28.1,0.5819,LOW,-,40.5545,41.4678,41.7853,1,-14.178,LAGGARD,2.9547
1512,9,CNMD,CONMED CORP,Health Care,,small,36.93,8.98,0.0366,-0.0432,-0.1241,STRONG_UP,-20.61,-28.85,-52.76,-44.44,47.79,41.21,0.5387,LOW,-,36.0505,39.6262,45.2354,0,-33.4539,WEAK,2.9154
1513,-38,CPB,Campbell's Company (The),Consumer Staples,Packaged Foods & Meats,mid,20.79,1.61,-0.0816,-0.068,-0.2734,FLAT,-29.56,-41.74,-47.8,-44.33,44.58,36.11,1.2771,MED,EARLY,21.1389,24.4379,28.2623,0,-51.5276,WEAK,2.8045
1514,1,CAG,Conagra Brands,Consumer Staples,Packaged Foods & Meats,mid,15.55,4.84,-0.037,-0.0746,-0.1166,STRONG_UP,-13.51,-34.38,-42.64,-37.76,45.78,34.19,0.7346,LOW,EARLY,15.6585,17.588,17.7077,0,-46.0361,WEAK,2.7341
1515,-18,VCEL,VERICEL CORP,Health Care,,small,33.59,12.89,-0.0415,0.0173,-0.1349,FLAT,-1.58,-19.83,-31.7,-35.8,47.79,43.69,0.5662,LOW,-,32.3735,34.4898,36.1438,0,-21.6941,WEAK,2.6798
1516,-15,BBSI,BARRETT BUSINESS SERVICES INC,Industrials,,small,28.67,7.2,-0.081,0.0317,-0.2756,FLAT,-35.27,-26.56,-2.38,-45.31,53.01,45.58,0.547,LOW,-,28.721,30.8427,38.7163,0,-30.8878,WEAK,2.6571
1517,-9,JANX,JANUX THERAPEUTICS INC,Health Care,,small,14.53,3.52,-0.0463,0.0277,0.0861,STRONG_DOWN,-39.96,-45.92,-67.44,-64.94,49.0,50.38,0.4835,LOW,-,14.0407,13.7331,20.5247,0,-44.6669,WEAK,2.6382
1518,1,MMSI,MERIT MEDICAL SYSTEMS INC,Health Care,,mid,68.65,11.72,-0.0114,-0.0253,-0.2229,STRONG_UP,-18.02,-25.01,-4.59,-32.5,49.0,30.79,0.7547,LOW,PROGRESS,68.463,74.5994,83.303,0,-39.7943,WEAK,2.624
1519,-1,DEI,DOUGLAS EMMETT REIT INC,Real Estate,,small,9.34,2.35,-0.0275,-0.05,-0.2013,STRONG_UP,-34.91,-25.13,-20.84,-44.09,42.17,31.05,0.7219,LOW,-,9.3611,9.7657,12.3311,0,-34.1353,WEAK,2.5732
1520,-21,RSG,Republic Services,Industrials,Environmental & Facilities Services,large,217.0,16.95,-0.078,-0.0601,-0.0085,STRONG_DOWN,-3.15,-8.68,16.92,-20.5,51.41,17.76,1.2955,MED,EARLY,219.6924,221.1344,222.3047,0,-25.1213,WEAK,2.4941
1521,-7,CXM,SPRINKLR INC CLASS A,Information Technology,,small,5.59,17.46,-0.1162,-0.0823,-0.2321,FLAT,-26.83,-26.74,-52.79,-44.17,49.0,41.43,0.9659,LOW,-,5.8985,5.8534,7.4083,0,-31.6218,WEAK,2.4677
1522,-10,FIZZ,NATIONAL BEVERAGE CORP,Consumer Staples,,mid,35.43,22.58,0.0245,0.0422,0.0056,FLAT,-4.76,-19.24,-19.28,-33.61,44.18,22.16,0.8304,LOW,SHIFT,34.151,35.1718,37.5289,0,-38.3558,WEAK,2.4555
1523,-1,SLVM,SYLVAMO CORP,Materials,,small,41.74,0.0,-0.0592,-0.0854,-0.1957,STRONG_UP,-2.39,-27.11,-25.41,-37.14,46.59,41.21,1.0681,MED,-,40.839,45.0968,45.7141,0,-30.6493,WEAK,2.1556
1524,1,ESRT,EMPIRE STATE REALTY REIT INC TRUST,Real Estate,,small,5.17,3.53,-0.0298,-0.0318,-0.2593,STRONG_UP,-30.25,-23.1,-43.6,-41.89,50.2,32.77,0.6748,LOW,-,5.1132,5.7106,6.8394,0,-35.3855,WEAK,2.053
1525,-12,TAP,Molson Coors Beverage Company,Consumer Staples,Brewers,mid,44.68,14.52,-0.0117,0.0073,-0.1177,FLAT,0.02,-22.49,-28.93,-29.47,49.0,32.05,0.9816,LOW,PROGRESS,42.9135,46.4511,46.7316,0,-34.3894,WEAK,1.9382
1526,-10,ASGN,ASGN INC,Information Technology,,small,37.28,10.05,-0.0839,-0.0561,-0.2215,FLAT,-22.88,-37.17,-61.16,-41.29,45.38,55.2,0.5836,LOW,-,37.6205,42.076,47.0687,0,-30.5534,WEAK,1.9381
1527,-4,MSEX,MIDDLESEX WATER,Utilities,,small,55.47,0.0,0.0113,0.0342,-0.0445,FLAT,1.86,-7.62,21.73,-21.68,49.0,25.72,1.0351,MED,-,52.1255,52.7469,52.827,1,-14.5226,LAGGARD,1.891
1528,-1,IOSP,INNOSPEC INC,Materials,,small,75.83,2.94,-0.0084,0.0446,-0.1113,FLAT,-2.22,-10.44,-35.78,-27.91,48.59,26.97,1.0923,MED,-,70.798,76.725,78.4507,0,-18.8142,WEAK,1.8221
1529,-3,IRT,INDEPENDENCE REALTY INC TRUST,Real Estate,,mid,15.25,8.24,-0.0218,-0.0485,-0.1739,STRONG_UP,-4.81,-13.13,0.68,-21.7,46.18,21.01,,LOW,PROGRESS,15.173,15.8784,16.4012,0,-28.8601,WEAK,1.6309
1530,-1,MMI,MARCUS & MILLICHAP INC,Real Estate,,small,26.43,9.41,-0.0268,0.0128,-0.0647,FLAT,-5.54,-11.42,-16.16,-24.06,46.99,30.19,0.4943,LOW,-,25.9995,25.975,28.5664,0,-17.7733,WEAK,1.2328
1531,-1,BLKB,BLACKBAUD INC,Information Technology,,small,36.16,8.99,-0.0878,-0.2168,-0.3753,STRONG_UP,-42.65,-39.93,-50.38,-49.5,52.21,40.97,1.0957,MED,-,40.6255,45.5614,58.7193,0,-50.8892,WEAK,0.7643
1532,-8,APOG,APOGEE ENTERPRISES INC,Industrials,,small,36.16,9.75,0.0342,0.0273,0.0433,FLAT,-15.35,-19.71,-33.96,-29.94,46.99,34.02,0.5183,LOW,-,33.222,36.7894,38.7924,0,-27.2239,WEAK,0.5664
1533,-5,JJSF,J AND J SNACK FOODS CORP,Consumer Staples,,small,81.78,3.23,0.007,0.0098,-0.1918,FLAT,-12.67,-36.17,-36.17,-43.74,49.8,41.35,0.8021,LOW,-,78.8857,82.6388,94.4935,0,-43.5581,WEAK,-0.0411
1534,0,IART,INTEGRA LIFESCIENCES HOLDINGS CORP,Health Care,,small,9.83,4.69,0.0066,0.0186,-0.2504,FLAT,-33.63,-43.57,-71.16,-48.91,49.0,43.43,0.7561,LOW,-,9.3045,10.2918,12.575,0,-49.1586,WEAK,-0.1262
1535,-2,AMSF,AMERISAFE INC,Financials,,small,33.87,4.9,-0.0227,-0.0338,-0.118,STRONG_UP,-15.19,-25.89,-17.5,-31.15,45.78,30.99,0.845,LOW,-,33.068,34.9038,38.9048,0,-38.2464,WEAK,-0.4203
