rank,delta_rank,ticker,name,sector,industry,cap_band,close,peer_rs_score,rs_5,rs_21,rs_63,rs_trend,ret_6m,ret_12m,ret_24m,max_dd,persist_frac,vol_63,rel_vol,vol_label,acc_watch,sma20,sma50,sma200,pass_trend,mqs,regime_label,score_final
1,0,TERN,TERNS PHARMACEUTICALS INC,Health Care,,mid,52.72,100.0,-0.0486,0.2851,0.3683,STRONG_DOWN,556.54,2536.0,879.93,-27.56,57.26,48.06,2.4834,HIGH,-,48.8715,42.552,22.6679,1,3021.4599,LEADER,687.8042
10,-3,KOD,KODIAK SCIENCES INC,Health Care,,mid,40.63,99.62,0.0537,0.6447,0.6154,FLAT,202.53,1763.76,886.17,-32.4,55.24,170.98,1.5913,HIGH,-,28.0095,26.1954,17.7727,1,569.8338,LEADER,147.7153
11,-3,NVRI,ENVIRI CORP,Industrials,,small,19.9,95.87,0.0293,0.1534,0.0966,FLAT,72.29,279.05,132.21,-13.04,56.05,25.12,2.4055,HIGH,-,18.462,18.679,14.324,1,622.6361,LEADER,144.9022
12,0,PL,PLANET LABS CLASS A,Industrials,,large,35.88,100.0,0.1352,0.5026,0.7429,STRONG_DOWN,141.62,1000.61,1608.57,-29.01,52.82,106.08,1.8329,HIGH,-,28.7845,26.1068,15.4328,1,498.2316,LEADER,129.5591
15,-6,SATS,ECHOSTAR CORP CLASS A,Communication,,large,128.68,100.0,0.0749,0.1433,0.0367,FLAT,62.89,506.69,867.52,-34.06,55.24,59.42,1.6246,HIGH,-,112.539,113.7906,77.9547,1,471.0506,LEADER,124.7546
21,0,ORKA,ORUKA THERAPEUTICS INC,Health Care,,mid,53.31,97.31,0.1541,0.637,0.9397,STRONG_DOWN,177.95,599.61,167.32,-17.81,55.24,77.94,2.9102,HIGH,-,41.091,36.6444,25.2967,1,424.9712,LEADER,104.7577
25,-12,RLAY,RELAY THERAPEUTICS INC,Health Care,,mid,12.54,96.54,0.2619,0.3307,0.5869,STRONG_DOWN,140.23,511.71,81.74,-19.55,54.44,73.39,3.5161,HIGH,-,10.1925,9.3382,6.4963,1,379.5796,LEADER,94.9332
29,0,VSAT,VIASAT INC,Information Technology,,mid,53.69,96.88,0.1137,0.2117,0.4944,STRONG_DOWN,73.87,544.54,221.11,-23.78,53.23,89.51,1.8759,HIGH,-,47.5,46.1318,33.7807,1,323.8269,LEADER,84.2022
38,0,AAOI,APPLIED OPTOELECTRONICS INC,Information Technology,,mid,103.91,98.96,0.0191,0.0599,1.6916,STRONG_DOWN,271.37,825.29,729.95,-47.64,50.81,183.48,2.2969,HIGH,-,99.9465,72.2066,39.2075,1,228.5424,LEADER,72.3678
44,-17,GSAT,GLOBALSTAR VOTING INC,Communication,,mid,77.73,92.0,0.1694,0.2908,0.1043,FLAT,93.02,315.67,286.72,-26.53,54.84,74.8,6.1805,HIGH,-,61.5905,61.1192,47.2375,1,231.4339,LEADER,64.7865
51,0,CIFR,CIPHER DIGITAL INC,Information Technology,,mid,12.82,95.31,-0.1067,-0.1219,-0.1443,STRONG_UP,-7.17,474.89,216.54,-51.38,50.81,104.64,0.6585,LOW,EARLY,14.0715,15.2974,13.2017,0,230.5911,LAGGARD,60.1615
55,-20,CSTM,CONSTELLIUM SE CLASS A,Materials,,mid,27.62,92.75,0.1619,0.0751,0.3292,FLAT,78.89,245.68,23.14,-15.96,51.61,56.25,1.7336,HIGH,-,24.755,24.5866,18.015,1,225.4161,LEADER,59.6476
62,-22,AEHR,AEHR TEST SYSTEMS,Information Technology,,small,44.32,95.83,0.3239,0.1271,1.0677,FLAT,37.43,513.85,290.83,-42.31,51.21,135.34,2.2583,HIGH,-,37.548,33.9772,25.3804,1,194.4309,LEADER,58.1155
72,0,NAT,NORDIC AMERICAN TANKERS LTD,Energy,,small,6.15,80.0,0.1264,0.0929,0.5511,FLAT,90.43,176.9,79.83,-14.01,54.44,44.26,1.6272,HIGH,-,5.486,4.913,3.6038,1,217.5862,LEADER,55.1884
78,0,BKSY,BLACKSKY TECHNOLOGY INC CLASS A,Industrials,,small,30.81,97.52,0.2954,0.3083,0.4647,STRONG_DOWN,26.53,334.56,179.08,-58.46,52.82,109.68,2.6065,HIGH,-,25.4245,23.6914,21.09,1,161.1163,LEADER,52.5053
87,0,SENEA,SENECA FOODS CORP CLASS A,Consumer Staples,,small,160.92,98.39,0.0565,0.1921,0.4362,STRONG_DOWN,48.3,93.37,188.54,-17.28,58.06,27.5,1.8378,HIGH,-,146.716,134.225,115.6834,1,197.1231,LEADER,50.3827
103,-42,SNDX,SYNDAX PHARMACEUTICALS INC,Health Care,,mid,25.15,79.23,0.0263,0.1953,0.2347,STRONG_DOWN,62.89,128.43,9.87,-38.3,52.82,47.7,1.5002,HIGH,-,23.855,22.0708,17.0625,1,142.2139,LEADER,46.8152
133,-46,CRDO,CREDO TECHNOLOGY GROUP HOLDING LTD,Information Technology,,large,101.45,85.42,0.0263,-0.084,-0.2273,STRONG_UP,-32.2,182.51,374.95,-53.59,54.44,89.55,0.7152,LOW,EARLY,104.825,114.1102,130.4854,0,110.9541,LAGGARD,42.8487
145,-52,LEU,CENTRUS ENERGY CORP CLASS A,Energy,,mid,183.21,83.33,0.0416,-0.1029,-0.679,STRONG_UP,-47.52,212.86,309.13,-61.35,52.02,96.79,0.4708,LOW,EARLY,195.2285,222.1176,250.9868,0,114.4013,LAGGARD,40.7911
147,0,LXU,LSB INDUSTRIES INC,Materials,,small,14.91,86.96,-0.1061,0.0946,0.6719,STRONG_DOWN,86.37,182.92,76.66,-17.8,54.03,65.04,1.6945,HIGH,-,14.816,12.08,9.4101,1,151.957,LEADER,40.6588
154,0,AVGO,Broadcom,Information Technology,Semiconductors,large,314.55,71.35,0.0072,-0.0209,-0.0289,STRONG_UP,-6.61,105.72,139.64,-28.67,55.65,39.46,0.5293,LOW,EARLY,320.2066,324.2689,326.612,0,149.0974,LAGGARD,40.2245
160,-56,LUNR,INTUITIVE MACHINES INC CLASS A,Industrials,,mid,23.99,95.04,0.3418,0.4012,0.3266,FLAT,113.81,236.94,334.6,-41.88,53.23,131.94,3.3311,HIGH,-,18.6595,18.3664,13.2646,1,95.5906,LEADER,39.6693
164,0,FCFS,FIRSTCASH HOLDINGS INC,Financials,,mid,199.58,91.64,0.0086,0.076,0.2684,STRONG_DOWN,34.54,67.92,63.83,-12.75,56.05,25.97,2.5402,HIGH,-,191.998,184.925,157.6155,1,146.5858,LEADER,39.3878
190,-71,MLYS,MINERALYS THERAPEUTICS INC,Health Care,,mid,26.97,78.46,0.0946,0.0392,-0.1926,STRONG_UP,-33.34,123.82,107.62,-51.66,46.37,62.76,1.3075,MED,PROGRESS,25.3915,28.1344,29.5878,0,91.4821,LAGGARD,37.3226
191,0,FLNC,FLUENCE ENERGY INC CLASS A,Industrials,,mid,13.3,92.98,-0.0879,-0.1138,-0.4386,STRONG_UP,1.92,210.02,-19.93,-59.66,48.39,107.01,0.6991,LOW,EARLY,15.3875,18.8742,15.2232,0,94.9727,LAGGARD,36.9685
194,-72,HOOD,Robinhood Markets,Financials,Investment Banking & Brokerage,large,68.9,97.21,0.0067,-0.1364,-0.4097,STRONG_UP,-52.71,94.58,274.46,-57.26,52.82,71.09,0.7978,LOW,EARLY,72.9865,79.9536,107.6516,0,70.2715,LAGGARD,36.7281
207,0,KTOS,KRATOS DEFENSE AND SECURITY SOLUTI,Industrials,,large,67.31,87.6,-0.0922,-0.1708,-0.1677,FLAT,-29.17,138.35,278.15,-50.06,56.05,90.45,0.9975,LOW,EARLY,82.469,91.007,78.5559,0,85.7326,LAGGARD,36.0328
217,0,OKLO,OKLO INC CLASS A,Utilities,,mid,48.13,100.0,-0.0724,-0.2335,-0.4956,STRONG_UP,-62.63,119.47,267.4,-73.83,49.6,92.24,0.5357,LOW,EARLY,55.3805,65.118,85.7586,0,64.2429,LAGGARD,35.0743
242,-92,QBTS,D WAVE QUANTUM INC,Information Technology,,mid,14.32,76.04,-0.0092,-0.2076,-0.4266,STRONG_UP,-50.98,116.97,661.7,-71.01,47.58,87.96,0.5955,LOW,EARLY,16.317,18.8518,22.4123,0,63.2721,LAGGARD,33.6797
249,-97,CORZ,CORE SCIENTIFIC INC,Information Technology,,mid,16.23,80.21,0.038,0.0469,0.0827,STRONG_DOWN,-10.33,131.2,370.43,-40.74,54.44,73.18,1.0399,MED,PROGRESS,15.926,16.9075,16.2404,0,97.5996,LAGGARD,33.4153
270,-105,DAVE,DAVE INC CLASS A,Financials,,mid,172.7,99.3,-0.0499,-0.2003,-0.2209,STRONG_UP,-15.44,126.58,358.33,-44.67,53.63,73.77,0.4014,LOW,EARLY,200.2515,188.5112,209.1218,0,92.023,LAGGARD,32.2508
274,-106,SEZL,SEZZLE INC,Financials,,mid,63.76,98.26,-0.0016,-0.1502,-0.0291,FLAT,-23.45,108.64,462.92,-72.02,52.42,101.81,0.4535,LOW,EARLY,67.2255,67.0312,86.9762,0,55.936,LAGGARD,32.1454
284,-111,IDXX,Idexx Laboratories,Health Care,Health Care Equipment,large,569.55,54.23,-0.0247,-0.0505,-0.0977,STRONG_UP,-10.14,50.28,9.63,-27.34,52.42,29.29,1.4138,MED,EARLY,579.004,621.8372,637.1367,0,89.9874,LAGGARD,31.7434
286,-112,CVNA,Carvana,Consumer Discretionary,Automotive Retail,large,313.91,89.93,0.014,0.0039,-0.1671,STRONG_UP,-20.47,87.0,274.42,-41.21,56.85,66.45,0.5137,LOW,PROGRESS,304.903,348.7496,363.8936,0,74.4276,LAGGARD,31.5761
298,-117,NVDA,Nvidia,Information Technology,Semiconductors,large,177.39,64.06,0.02,-0.0004,0.007,FLAT,-6.08,81.72,101.67,-20.21,53.63,36.55,0.7927,LOW,EARLY,177.6215,182.6444,179.8001,0,119.9088,LAGGARD,30.7891
300,-117,RGTI,RIGETTI COMPUTING INC,Information Technology,,mid,14.19,59.38,0.0264,-0.132,-0.3344,STRONG_UP,-59.92,70.35,958.96,-77.1,47.98,84.63,0.865,LOW,EARLY,15.404,16.9663,22.41,0,39.8831,LAGGARD,30.6499
303,-118,GRDN,GUARDIAN PHARMACY SERVICES INC CLA,Health Care,,mid,37.99,67.31,0.0677,0.1492,0.3404,STRONG_DOWN,55.57,80.39,137.44,-25.83,54.84,48.33,1.5273,HIGH,-,34.9745,33.5412,27.9471,1,91.2177,CONTENDER,30.4796
318,-124,SRRK,SCHOLAR ROCK HOLDING CORP,Health Care,,mid,50.01,70.38,0.1296,0.1135,0.2224,FLAT,42.11,92.05,247.53,-34.86,48.79,64.52,1.5255,HIGH,-,43.9995,45.2526,38.9113,1,69.6087,CONTENDER,29.8578
321,0,LVS,Las Vegas Sands,Consumer Discretionary,Casinos & Gaming,large,54.34,84.56,0.026,0.0415,-0.1137,FLAT,-0.37,72.81,6.34,-25.33,55.65,39.79,0.3673,LOW,PROGRESS,53.702,55.6643,55.8779,0,101.8251,LAGGARD,29.7323
325,-128,NRG,NRG Energy,Utilities,Independent Power Producers & Energy Traders,large,152.69,98.08,0.0038,-0.0578,-0.1924,STRONG_UP,-8.21,77.2,116.68,-23.26,53.23,50.44,1.2322,MED,PROGRESS,151.4905,158.1811,158.6602,0,81.4659,LAGGARD,29.3999
326,-127,TSLA,"Tesla, Inc.",Consumer Discretionary,Automobile Manufacturers,large,360.59,66.44,-0.0293,-0.0562,-0.1282,STRONG_UP,-17.3,54.57,118.67,-27.48,52.82,37.64,1.3403,MED,EARLY,383.86,403.4796,396.9157,0,76.574,LAGGARD,29.3821
332,-129,GE,GE Aerospace,Industrials,Aerospace & Defense,large,281.16,64.46,-0.0337,-0.0966,-0.1388,STRONG_UP,-5.86,68.54,82.37,-20.85,57.66,37.69,0.9273,LOW,EARLY,298.286,311.0531,292.9174,0,104.8619,LAGGARD,29.2071
335,0,MCHP,Microchip Technology,Information Technology,Semiconductors,large,65.6,63.02,0.0191,-0.0007,0.0824,FLAT,0.68,77.37,-20.93,-34.41,48.79,45.65,0.7081,LOW,PROGRESS,64.0965,71.1717,66.3803,0,82.6961,LAGGARD,29.1249
343,-132,IONQ,IONQ INC,Information Technology,,large,29.3,43.75,0.0261,-0.1547,-0.3092,STRONG_UP,-57.9,28.79,218.13,-67.61,46.37,89.59,0.7366,LOW,EARLY,31.8355,35.0856,46.7826,0,14.9018,WEAK,28.7804
346,-136,EL,Estée Lauder Companies (The),Consumer Staples,Personal Care Products,large,69.12,72.58,0.0244,-0.2231,-0.4101,STRONG_UP,-21.6,32.62,-50.28,-43.62,52.82,61.94,1.7443,HIGH,EARLY,80.949,98.0561,94.3609,0,27.8155,LAGGARD,28.7335
354,-134,TEL,TE Connectivity,Information Technology,Electronic Manufacturing Services,large,209.07,59.9,-0.0051,0.0254,-0.0364,FLAT,-5.16,71.16,48.66,-21.11,58.87,39.85,0.5496,LOW,PROGRESS,203.331,216.5375,214.3118,0,105.1185,LAGGARD,28.3851
362,0,SPY,SPDR S&P500 ETF,index,index,large,655.83,50.0,0.0343,-0.0348,-0.0374,STRONG_UP,-1.44,31.52,29.58,-8.88,56.05,14.17,0.7664,LOW,EARLY,658.092,674.9656,659.0385,0,124.6689,LAGGARD,28.0551
363,0,SYF,Synchrony Financial,Financials,Consumer Finance,large,68.42,86.76,0.0098,0.0009,-0.1962,STRONG_UP,-1.85,55.47,72.05,-27.61,55.24,36.98,0.5869,LOW,PROGRESS,66.1315,70.0176,72.9491,0,82.8621,LAGGARD,28.0133
364,-136,GRAL,GRAIL INC,Health Care,,mid,54.99,79.62,0.0897,0.0914,-0.329,FLAT,-15.05,129.36,302.56,-62.92,50.81,136.55,0.6234,LOW,PROGRESS,48.859,70.6796,66.1348,0,48.1361,LAGGARD,28.0091
365,-138,XMTR,XOMETRY INC CLASS A,Industrials,,mid,42.35,80.58,0.0976,-0.006,-0.3418,STRONG_UP,-15.74,102.53,137.12,-49.93,56.45,92.22,0.7734,LOW,PROGRESS,40.223,49.8733,50.029,0,62.7638,LAGGARD,28.0062
367,-137,ROK,Rockwell Automation,Industrials,Electrical Components & Equipment,large,365.02,61.57,0.0109,0.0079,-0.0976,STRONG_UP,5.43,62.82,35.21,-18.73,54.03,33.18,0.5385,LOW,PROGRESS,361.3285,388.5266,367.4198,0,102.2993,LAGGARD,27.8774
370,-138,ANET,Arista Networks,Information Technology,Communications Equipment,large,126.68,65.62,0.01,-0.0594,0.0159,FLAT,-12.31,85.83,70.27,-28.33,57.66,57.3,0.6458,LOW,EARLY,131.1465,134.76,131.5798,0,86.3688,LAGGARD,27.7543
375,0,APP,AppLovin,Information Technology,Application Software,large,386.37,57.81,-0.0258,-0.2084,-0.3108,STRONG_UP,-43.48,66.38,416.57,-49.99,53.63,95.53,0.5277,LOW,EARLY,437.5865,445.466,515.9081,0,37.2659,LAGGARD,27.3665
390,0,RUN,SUNRUN INC,Industrials,,mid,13.5,81.4,0.0439,0.1886,-0.3222,FLAT,-29.5,105.48,14.12,-55.02,52.42,103.48,0.7542,LOW,PROGRESS,12.6105,16.1262,15.9457,0,53.4329,LAGGARD,26.79
396,0,AEO,AMERICAN EAGLE OUTFITTERS INC,Consumer Discretionary,,mid,16.84,82.55,0.0187,-0.0742,-0.3096,STRONG_UP,0.63,68.84,-26.87,-42.74,49.19,51.07,0.8847,LOW,EARLY,17.2385,21.1924,18.051,0,66.3043,LAGGARD,26.551
410,0,EXPE,Expedia Group,Consumer Discretionary,"Hotels, Resorts & Cruise Lines",large,225.3,78.52,-0.0282,-0.0497,-0.1533,STRONG_UP,3.89,62.45,72.71,-37.44,51.61,60.01,0.6166,LOW,EARLY,233.7725,233.0322,227.2783,0,53.7066,LAGGARD,26.1483
413,-160,COIN,Coinbase,Financials,Financial Exchanges & Data,large,171.46,22.65,0.0271,-0.1582,-0.2829,STRONG_UP,-53.92,9.02,-28.83,-66.39,45.16,86.32,0.7123,LOW,EARLY,188.715,183.8104,280.3348,0,4.7168,WEAK,26.046
414,-160,CEG,Constellation Energy,Utilities,Electric Utilities,large,272.82,90.38,-0.1257,-0.1867,-0.3683,STRONG_UP,-23.49,52.51,42.99,-38.77,51.61,54.88,0.8633,LOW,EARLY,300.3211,295.208,328.5021,0,49.3839,LAGGARD,26.0267
418,-162,BAC,Bank of America,Financials,Diversified Banks,large,49.38,73.52,0.0143,0.0059,-0.1202,STRONG_UP,-1.11,41.91,39.42,-17.93,57.66,26.16,0.6498,LOW,PROGRESS,47.853,50.556,50.358,0,92.3694,LAGGARD,25.9745
419,0,CCL,Carnival,Consumer Discretionary,"Hotels, Resorts & Cruise Lines",large,25.64,73.15,0.0347,-0.0013,-0.1183,STRONG_UP,-10.72,56.78,70.36,-29.3,52.42,54.33,1.0994,MED,PROGRESS,25.174,28.612,28.7656,0,54.7813,LAGGARD,25.8906
426,-167,JOBY,JOBY AVIATION INC CLASS A,Industrials,,mid,8.5,55.79,0.0219,-0.0732,-0.4247,STRONG_UP,-52.25,52.33,72.76,-61.06,48.79,68.48,0.8547,LOW,EARLY,9.2065,10.1196,13.6981,0,37.2834,LAGGARD,25.7289
429,-168,BA,Boeing,Industrials,Aerospace & Defense,large,208.22,54.13,0.0654,-0.02,-0.1024,STRONG_UP,-4.24,49.95,13.69,-24.96,51.61,32.73,0.8844,LOW,PROGRESS,205.615,224.1848,218.6168,0,78.7626,LAGGARD,25.6815
430,-168,PII,POLARIS INC,Consumer Discretionary,,mid,54.04,77.85,-0.0276,0.0468,-0.1293,FLAT,-11.86,62.41,-39.15,-30.71,48.79,43.1,1.2837,MED,PROGRESS,53.697,60.0173,58.7032,0,70.6441,LAGGARD,25.6363
432,0,ORCL,Oracle Corporation,Information Technology,Application Software,large,146.38,36.98,0.0092,-0.0225,-0.1857,STRONG_UP,-49.09,16.28,19.66,-58.25,51.21,52.4,0.5315,LOW,EARLY,150.3755,154.1754,217.5513,0,15.9116,WEAK,25.4692
442,0,DLTR,Dollar Tree,Consumer Staples,Consumer Staples Merchandise Retail,large,108.44,80.65,0.0097,-0.0085,-0.2104,STRONG_UP,20.17,48.87,-17.04,-27.42,52.02,37.2,0.822,LOW,EARLY,109.643,118.42,111.3324,0,68.3451,LAGGARD,25.1691
443,-174,USAR,USA RARE EARTH INC CLASS A,Materials,,mid,15.92,59.42,0.0124,-0.1427,0.0572,FLAT,-29.9,68.11,51.91,-69.23,45.56,118.44,0.6908,LOW,EARLY,17.5332,19.7986,17.2865,0,26.1996,LAGGARD,25.1328
444,0,ADTN,ADTRAN HOLDINGS INC,Information Technology,,small,12.88,61.46,-0.0432,0.3128,0.5515,STRONG_DOWN,38.64,72.89,156.06,-31.67,51.61,50.26,1.5779,HIGH,-,11.463,10.5362,9.3592,1,74.8437,CONTENDER,25.1235
449,-173,ULTA,Ulta Beauty,Consumer Discretionary,Other Specialty Retail,large,537.39,70.47,0.0277,-0.1232,-0.0846,FLAT,-3.66,56.71,20.83,-27.83,51.21,40.35,0.9185,LOW,EARLY,553.482,626.312,560.2303,0,71.9674,LAGGARD,24.9064
450,0,CLDX,CELLDEX THERAPEUTICS INC,Health Care,,mid,31.06,71.92,-0.0197,0.0877,0.2039,STRONG_DOWN,20.15,97.46,-21.53,-24.23,47.98,69.16,5.4798,HIGH,-,30.5735,27.664,25.4026,1,67.6112,CONTENDER,24.8592
452,-174,CCNE,CNB FINANCIAL CORP,Financials,,small,29.31,79.09,-0.0039,0.061,0.1386,STRONG_DOWN,25.76,47.23,58.63,-13.55,48.79,26.16,1.8756,HIGH,-,27.9305,28.2758,25.5494,1,88.0829,LEADER,24.8437
454,0,UNIT,UNITI GROUP INC,Communication,,mid,10.33,60.0,0.2689,0.2641,0.402,FLAT,78.41,41.33,16.26,-44.37,50.0,60.03,1.7062,HIGH,-,8.233,8.0346,7.1236,1,34.4271,CONTENDER,24.8179
456,0,UAL,United Airlines Holdings,Industrials,Passenger Airlines,large,92.21,58.68,0.0151,0.0098,-0.2007,STRONG_UP,-2.76,56.9,113.5,-27.5,52.02,54.76,1.248,MED,PROGRESS,91.3875,101.8938,99.4645,0,54.0527,LAGGARD,24.7319
459,-176,WYNN,Wynn Resorts,Consumer Discretionary,Casinos & Gaming,large,102.03,65.1,0.031,0.0243,-0.1171,STRONG_UP,-23.16,51.57,-3.1,-27.27,49.6,37.89,0.8205,LOW,PROGRESS,100.9355,107.0278,114.5998,0,67.51,LAGGARD,24.6729
460,-176,BBUC,BROOKFIELD BUSINESS CORP CLASS A,Industrials,,mid,34.47,54.96,0.047,0.0483,-0.0676,FLAT,2.41,51.25,57.52,-21.01,54.44,40.63,1.5187,HIGH,-,31.7668,33.9219,33.6426,1,68.672,CONTENDER,24.6246
470,-181,AVAV,AEROVIRONMENT INC,Industrials,,mid,184.36,61.16,-0.0282,-0.1218,-0.297,STRONG_UP,-48.83,62.6,24.12,-56.82,50.81,91.26,0.3893,LOW,EARLY,203.717,240.0176,275.6937,0,34.8553,LAGGARD,24.2989
475,-181,SPXC,SPX TECHNOLOGIES INC,Industrials,,mid,197.29,60.74,-0.0414,-0.0266,-0.046,FLAT,5.09,62.11,62.96,-23.15,54.84,38.19,0.7613,LOW,EARLY,201.2635,215.3214,199.2103,0,89.1911,LAGGARD,24.1154
484,-181,ALNY,Alnylam Pharmaceuticals,Health Care,Biotechnology,large,318.85,49.62,-0.0401,0.0247,-0.151,FLAT,-30.83,36.87,107.64,-37.57,55.24,39.38,0.6347,LOW,EARLY,318.9285,328.6718,393.241,0,51.7259,WEAK,23.9089
487,-186,SHOP,Shopify,Technology,Computer Software,large,118.25,62.5,0.0343,-0.0326,-0.0647,STRONG_UP,-21.84,50.03,57.08,-38.18,50.81,61.48,0.611,LOW,EARLY,121.955,123.416,141.0182,0,41.3434,LAGGARD,23.849
489,-185,ZWS,ZURN ELKAY WATER SOLUTIONS CORP,Industrials,,mid,45.02,56.2,-0.0132,-0.0283,-0.0536,STRONG_UP,-3.59,53.11,42.65,-17.02,50.81,29.27,0.7175,LOW,EARLY,45.3915,47.9621,45.321,0,92.1857,LAGGARD,23.7489
498,-185,EXTR,EXTREME NETWORKS INC,Information Technology,,mid,15.36,48.96,-0.0328,0.0962,-0.007,FLAT,-24.85,38.5,41.18,-39.87,53.63,31.43,0.6273,LOW,SHIFT,14.8625,14.6754,17.7192,0,65.6991,WEAK,23.6433
500,-185,BEN,Franklin Resources,Financials,Asset Management & Custody Banks,large,23.4,78.4,0.0066,-0.1098,-0.0102,FLAT,5.05,46.65,-2.77,-19.21,54.44,31.42,0.5793,LOW,EARLY,23.7761,25.4089,23.6922,0,80.82,LAGGARD,23.5323
501,-181,NUVL,NUVALENT INC CLASS A,Health Care,,mid,105.43,61.15,0.0464,0.0828,0.0994,STRONG_DOWN,25.72,63.0,50.19,-15.79,52.02,43.26,1.7468,HIGH,-,99.1633,101.6709,92.4602,1,75.7603,CONTENDER,23.5227
502,-186,FSS,FEDERAL SIGNAL CORP,Industrials,,mid,109.25,57.85,-0.0017,0.0171,-0.0349,FLAT,-6.99,55.43,27.65,-19.04,50.81,30.42,0.8897,LOW,PROGRESS,107.844,112.2614,115.0046,0,92.5825,LAGGARD,23.5038
507,0,PAX,PATRIA INVESTMENTS LTD CLASS A,Financials,,mid,12.66,54.7,0.0563,0.0357,-0.2039,STRONG_UP,-9.03,32.15,-2.94,-35.64,55.65,36.27,1.0059,MED,PROGRESS,11.726,13.1474,14.06,0,49.3267,LAGGARD,23.3364
517,-194,MCRI,MONARCH CASINO AND RESORT INC,Consumer Discretionary,,small,96.68,55.7,0.0035,0.0362,0.0629,STRONG_DOWN,-7.85,34.37,37.74,-17.47,53.63,22.63,1.8276,HIGH,-,97.5005,95.6271,96.1883,1,81.4443,CONTENDER,23.1777
521,0,ACAD,ACADIA PHARMACEUTICALS INC,Health Care,,mid,22.2,55.0,0.0255,0.0209,-0.1034,STRONG_UP,3.84,51.95,23.26,-27.58,48.39,41.68,1.0164,MED,PROGRESS,21.4615,23.1264,23.735,0,60.3142,LAGGARD,23.1285
524,0,KURA,KURA ONCOLOGY INC,Health Care,,small,8.61,53.46,0.068,0.0416,-0.1147,STRONG_UP,-5.8,49.48,-57.71,-39.04,50.4,50.34,2.8973,HIGH,-,8.528,8.404,8.608,1,49.5381,CONTENDER,23.0854
526,0,VST,Vistra Corp.,Utilities,Electric Utilities,large,151.18,86.54,-0.0583,-0.1051,-0.198,STRONG_UP,-25.19,47.97,103.4,-34.51,52.02,59.52,0.5344,LOW,EARLY,156.9141,160.4728,180.5174,0,41.9275,LAGGARD,23.0692
527,-201,BOOT,BOOT BARN HOLDINGS INC,Consumer Discretionary,,mid,135.16,56.38,-0.1202,-0.2138,-0.2271,STRONG_UP,-20.43,35.78,34.02,-35.01,49.19,45.7,1.9811,HIGH,EARLY,158.181,176.5692,178.6085,0,38.5174,LAGGARD,23.066
528,0,GPGI,GPGI INC CLASS A,Information Technology,,mid,17.37,61.98,0.0426,-0.2136,-0.0051,FLAT,-14.84,73.37,218.88,-38.22,54.03,65.59,0.682,LOW,EARLY,17.823,21.3521,19.3393,0,60.4424,LAGGARD,23.0651
529,-217,CMC,COMMERCIAL METALS,Materials,,mid,61.79,47.83,0.0402,-0.0712,-0.2082,STRONG_UP,5.92,53.33,9.23,-29.96,50.4,37.21,0.7575,LOW,EARLY,62.255,71.3846,62.3957,0,72.2364,WEAK,23.0483
531,0,DDOG,Datadog,Information Technology,Application Software,large,120.36,47.4,0.0124,0.0162,-0.0359,FLAT,-20.59,36.46,-3.25,-48.62,46.37,66.48,0.5695,LOW,EARLY,124.252,122.2895,139.3406,0,25.4328,WEAK,23.0329
534,-207,BKE,BUCKLE INC,Consumer Discretionary,,mid,50.14,65.77,-0.0084,0.009,0.0439,STRONG_DOWN,-6.64,52.53,53.33,-17.92,50.81,27.93,0.5876,LOW,PROGRESS,50.0465,51.04,50.9122,0,95.5656,LAGGARD,22.9705
536,0,JPM,JPMorgan Chase,Financials,Diversified Banks,large,294.6,68.99,0.0046,0.0125,-0.0986,FLAT,-3.31,39.34,54.84,-15.47,56.05,25.78,0.5929,LOW,PROGRESS,288.872,299.0528,300.838,0,85.5312,LAGGARD,22.8527
542,-195,PI,IMPINJ INC,Information Technology,,mid,100.45,52.08,-0.0222,0.0409,-0.3768,FLAT,-45.03,44.26,-17.38,-62.24,49.6,89.15,0.3181,LOW,PROGRESS,98.5757,118.3061,153.8894,0,24.6262,LAGGARD,22.7807
543,-211,AAP,ADVANCE AUTO PARTS INC,Consumer Discretionary,,mid,51.83,79.19,-0.0209,0.0671,0.3937,STRONG_DOWN,-15.68,63.52,-30.08,-41.44,46.77,51.36,0.6718,LOW,PROGRESS,51.3995,52.2168,52.5532,0,57.8466,LAGGARD,22.7762
547,-211,RIOT,RIOT PLATFORMS INC,Information Technology,,mid,12.86,63.54,-0.0347,-0.1438,-0.0274,FLAT,-33.19,80.87,26.08,-48.57,50.81,96.3,0.7654,LOW,EARLY,13.891,14.9956,15.1657,0,42.6698,LAGGARD,22.6866
550,0,RRR,RED ROCK RESORTS ORS CLASS A INC,Consumer Discretionary,,mid,55.04,63.76,-0.0046,-0.0208,-0.0598,STRONG_UP,-8.24,51.07,-3.67,-20.3,54.44,34.89,0.7989,LOW,EARLY,56.9982,59.8087,57.7748,0,79.6931,LAGGARD,22.5473
551,-214,LIF,LIFE360 INC,Information Technology,,mid,40.43,42.71,0.0085,-0.0679,-0.3074,STRONG_UP,-62.47,25.6,49.74,-65.62,54.03,82.54,0.57,LOW,EARLY,41.498,48.8294,72.5108,0,16.7563,WEAK,22.5307
557,-216,SMR,NUSCALE POWER CORP CLASS A,Industrials,,mid,10.15,5.79,-0.0424,-0.1243,-0.3943,STRONG_UP,-74.31,-28.01,66.39,-81.0,47.98,93.64,1.0313,MED,EARLY,11.464,13.9526,28.3971,0,-14.3541,WEAK,22.4127
560,-214,FSLR,First Solar,Information Technology,Semiconductors,large,195.32,54.17,-0.0129,0.0508,-0.2237,FLAT,-15.86,50.19,11.87,-35.1,50.81,56.66,0.6389,LOW,PROGRESS,194.7775,213.1266,218.331,0,45.0066,LAGGARD,22.3502
572,-238,HWKN,HAWKINS INC,Materials,,mid,151.53,46.38,-0.0247,0.0359,-0.0266,FLAT,-16.48,44.43,96.15,-34.79,53.23,44.69,1.0841,MED,SHIFT,146.443,145.0819,152.7382,0,52.9204,WEAK,22.1587
574,-220,SANM,SANMINA CORP,Information Technology,,mid,130.21,65.1,-0.0446,0.0319,-0.1182,FLAT,11.54,84.43,117.02,-32.69,54.44,73.1,0.4154,LOW,PROGRESS,127.923,141.9268,133.545,0,62.8804,LAGGARD,22.1105
583,-227,RCL,Royal Caribbean Group,Consumer Discretionary,"Hotels, Resorts & Cruise Lines",large,273.59,67.11,0.0198,0.0277,0.0241,FLAT,-13.78,54.62,105.76,-32.36,51.61,60.77,0.8879,LOW,EARLY,275.1225,298.3387,301.2106,0,46.3835,LAGGARD,21.8677
584,-211,MIR,MIRION TECHNOLOGIES INC CLASS A,Information Technology,,mid,19.0,51.56,0.0231,-0.0774,-0.1383,STRONG_UP,-16.99,44.16,71.95,-41.78,53.23,52.51,0.8755,LOW,EARLY,19.307,21.577,22.8971,0,44.7633,LAGGARD,21.8041
589,-230,MSTR,MicroStrategy,Technology,Computer Software,large,119.83,12.5,-0.0867,-0.0629,-0.0494,STRONG_DOWN,-65.99,-55.31,-16.73,-76.53,45.97,92.65,0.7808,LOW,EARLY,134.9965,136.2728,254.3147,0,-27.4434,WEAK,21.7006
590,0,ROAD,CONSTRUCTION PARTNERS INC CLASS A,Industrials,,mid,105.89,55.37,-0.0567,-0.1148,-0.0725,FLAT,-16.39,51.75,84.25,-26.55,51.21,53.7,1.601,HIGH,EARLY,113.8277,121.1643,114.978,0,49.3488,LAGGARD,21.6274
591,-226,RYTM,RHYTHM PHARMACEUTICALS INC,Health Care,,mid,86.29,57.31,0.0937,-0.0272,-0.1261,STRONG_UP,-11.25,57.01,112.85,-35.54,51.61,56.17,0.6584,LOW,EARLY,86.905,95.1598,96.99,0,52.3773,LAGGARD,21.625
594,-220,PSKY,Paramount Skydance Corporation,Communication Services,Movies & Entertainment,large,9.52,13.64,0.0706,-0.1602,-0.2269,STRONG_UP,-48.41,-10.94,-17.69,-55.05,46.77,61.66,1.0979,MED,EARLY,9.5203,10.5061,13.5355,0,-8.2962,WEAK,21.5575
595,-229,IRON,DISC MEDICINE INC,Health Care,,mid,65.18,62.69,0.0403,0.11,-0.1237,FLAT,-1.03,66.28,116.54,-40.55,54.44,74.57,0.8139,LOW,PROGRESS,61.5317,67.3477,70.2606,0,48.3846,LAGGARD,21.5147
602,-233,WFC,Wells Fargo,Financials,Diversified Banks,large,80.6,55.4,0.0072,-0.0101,-0.157,STRONG_UP,1.15,32.46,46.95,-22.75,55.24,30.07,0.5728,LOW,PROGRESS,77.894,83.8801,83.5863,0,59.6283,LAGGARD,21.4343
605,0,SMCI,Supermicro,Information Technology,"Technology Hardware, Storage & Peripherals",large,23.22,11.46,0.018,-0.2479,-0.1856,FLAT,-55.77,-29.64,-75.51,-66.18,46.77,98.22,0.8143,LOW,EARLY,26.758,29.638,39.8813,0,-14.1121,WEAK,21.3551
607,-232,BTDR,BITDEER TECHNOLOGIES GROUP CLASS A,Information Technology,,mid,9.345,34.9,0.0776,0.2306,-0.1265,FLAT,-46.93,12.86,32.55,-71.89,51.61,99.5,0.731,LOW,PROGRESS,8.2792,9.7862,13.4569,0,6.6716,WEAK,21.3002
608,-236,AX,AXOS FINANCIAL INC,Financials,,mid,85.36,81.88,-0.0082,-0.0248,-0.0309,STRONG_UP,1.37,49.44,68.23,-19.04,52.82,35.86,0.7038,LOW,PROGRESS,84.476,90.678,86.231,0,72.8223,LAGGARD,21.276
614,-232,CALX,CALIX NETWORKS INC,Information Technology,,mid,46.34,52.6,-0.1177,-0.0784,-0.0709,STRONG_DOWN,-23.97,46.46,48.91,-34.71,53.23,49.62,1.4576,MED,EARLY,50.4865,51.654,55.7597,0,49.8403,LAGGARD,21.1512
628,-240,SHOO,STEVEN MADDEN LTD,Consumer Discretionary,,mid,33.99,71.14,0.0013,0.0401,-0.141,FLAT,0.33,56.72,-12.97,-31.73,50.0,49.07,0.5005,LOW,PROGRESS,33.2185,36.7917,34.1912,0,57.7923,LAGGARD,20.9044
631,-238,SCHW,Charles Schwab Corporation,Financials,Investment Banking & Brokerage,large,93.77,61.67,-0.0218,-0.0089,-0.0814,FLAT,1.78,35.53,33.9,-14.61,58.06,26.96,0.7512,LOW,PROGRESS,93.7605,96.7298,95.1523,0,76.5114,LAGGARD,20.7922
633,-236,CLSK,CLEANSPARK INC,Information Technology,,mid,8.79,37.5,-0.0244,-0.0847,-0.1746,STRONG_UP,-41.94,18.3,-43.65,-64.74,49.19,97.57,0.6914,LOW,EARLY,9.4195,10.1785,12.2005,0,9.2281,WEAK,20.7745
641,-242,DG,Dollar General,Consumer Staples,Consumer Staples Merchandise Retail,large,119.74,74.19,0.0183,-0.127,-0.1807,STRONG_UP,19.31,32.99,-21.51,-25.01,50.0,33.62,0.7838,LOW,EARLY,128.1645,140.7682,119.9311,0,49.0666,LAGGARD,20.6398
643,0,TTD,Trade Desk (The),Communication Services,Advertising,large,22.05,0.0,0.0237,-0.2351,-0.3678,STRONG_UP,-56.66,-52.42,-74.31,-76.29,49.6,61.98,0.685,LOW,EARLY,24.4988,26.4409,46.6374,0,-41.9471,WEAK,20.6216
644,-240,EMR,Emerson Electric,Industrials,Electrical Components & Equipment,large,131.7,47.52,0.0227,-0.0316,-0.0432,STRONG_UP,-0.2,38.08,19.01,-23.45,56.85,38.21,0.7396,LOW,EARLY,131.901,142.7941,136.2743,0,56.6493,WEAK,20.593
659,-246,MARA,MARA HOLDINGS INC,Information Technology,,mid,8.71,16.67,0.0471,0.0257,-0.0567,STRONG_UP,-53.65,-22.65,-52.74,-70.53,46.37,98.44,1.064,MED,SHIFT,8.5845,8.6316,13.6266,0,-10.6676,WEAK,20.232
662,0,PLUS,EPLUS,Information Technology,,mid,77.21,48.44,-0.008,-0.0082,-0.0416,STRONG_UP,6.56,38.14,2.25,-20.65,49.6,26.75,0.6628,LOW,PROGRESS,76.025,80.3393,77.629,0,70.7198,WEAK,20.2107
664,-249,SXT,SENSIENT TECHNOLOGIES CORP,Materials,,mid,92.33,39.13,0.0454,0.0161,-0.0786,STRONG_UP,1.52,29.73,42.59,-30.7,50.0,32.77,1.0097,MED,PROGRESS,88.266,92.7804,98.4145,0,45.3619,WEAK,20.1839
667,-249,IDCC,INTERDIGITAL INC,Information Technology,,mid,312.93,55.21,-0.0006,-0.1078,0.0289,FLAT,-11.75,61.53,234.03,-25.52,51.61,49.59,0.5781,LOW,EARLY,333.036,344.758,316.3365,0,64.0323,LAGGARD,20.096
668,0,NFLX,Netflix,Communication Services,Movies & Entertainment,large,98.66,50.0,0.0435,0.0244,0.1409,FLAT,-15.13,13.69,55.08,-43.35,50.81,40.63,0.7525,LOW,SHIFT,94.6635,88.1666,107.1278,0,17.1149,LAGGARD,20.0932
675,-252,CRSP,CRISPR THERAPEUTICS AG,Health Care,,mid,49.51,55.38,0.0378,-0.1071,-0.027,FLAT,-32.01,52.9,-21.29,-42.25,48.79,67.35,0.8949,LOW,PROGRESS,48.9475,51.9384,56.188,0,38.3242,LAGGARD,19.9323
676,0,AXON,Axon Enterprise,Industrials,Aerospace & Defense,large,412.81,10.74,-0.0677,-0.2341,-0.284,STRONG_UP,-42.71,-17.86,33.21,-54.11,53.23,65.34,1.0852,MED,EARLY,482.9915,489.6448,639.7561,0,-14.5474,WEAK,19.9102
683,0,FOXA,Fox Corporation (Class A),Communication Services,Broadcasting,large,58.62,68.18,-0.0331,0.0283,-0.1544,FLAT,-5.08,21.89,92.97,-28.89,56.85,29.67,0.4914,LOW,PROGRESS,58.2945,60.8151,61.6344,0,41.9484,LAGGARD,19.7688
689,-257,SOUN,SOUNDHOUND AI INC CLASS A,Information Technology,,mid,6.78,21.88,0.1102,-0.1483,-0.296,STRONG_UP,-62.0,-10.79,30.89,-72.43,43.95,76.49,0.4837,LOW,EARLY,7.0488,7.9235,11.9891,0,-6.1995,WEAK,19.6407
692,-237,CRNX,CRINETICS PHARMACEUTICALS INC,Health Care,,mid,37.23,50.77,0.0614,-0.0136,-0.1511,STRONG_UP,-10.31,41.13,-21.67,-40.33,46.37,54.63,0.9769,LOW,PROGRESS,36.359,42.1815,39.8272,0,34.9109,LAGGARD,19.5523
693,-255,ZS,Zscaler,Technology,EDP Services,large,138.56,37.5,0.0176,-0.0644,-0.1888,STRONG_UP,-54.95,-23.05,-24.42,-60.4,51.61,57.8,0.5813,LOW,EARLY,148.6555,165.4546,250.9725,0,-20.5777,WEAK,19.5465
701,-241,TMDX,TRANSMEDICS GROUP INC,Health Care,,mid,100.695,51.54,-0.0282,-0.2518,-0.1271,FLAT,-13.25,45.62,18.41,-37.3,49.6,52.12,0.6279,LOW,EARLY,114.0718,127.638,124.2426,0,43.4126,LAGGARD,19.4236
702,-263,PIPR,PIPER SANDLER COMPANIES,Financials,,mid,77.83,82.23,0.0289,0.0457,-0.1012,FLAT,-7.03,49.71,62.97,-24.56,52.02,43.66,0.9551,LOW,PROGRESS,73.81,78.593,80.4248,0,59.229,LAGGARD,19.4197
703,0,AXP,American Express,Financials,Consumer Finance,large,300.18,48.78,-0.0067,-0.0115,-0.1999,STRONG_UP,-8.45,29.47,37.89,-23.9,53.23,31.82,0.5706,LOW,PROGRESS,299.0057,324.4251,333.4067,0,49.3018,WEAK,19.3915
708,-263,CRWD,CrowdStrike,Information Technology,Systems Software,large,399.12,41.15,0.041,-0.0316,-0.0557,STRONG_UP,-19.66,23.05,26.5,-37.18,52.82,51.96,0.5095,LOW,EARLY,413.6045,413.469,463.911,0,23.4299,WEAK,19.3512
709,-263,URI,United Rentals,Industrials,Trading Companies & Distributors,large,732.09,44.21,-0.0308,-0.0892,-0.1483,STRONG_UP,-24.84,31.7,5.42,-30.04,55.24,47.42,0.7153,LOW,EARLY,745.53,816.1011,856.2365,0,36.925,WEAK,19.318
720,0,TBBK,BANCORP INC,Financials,,mid,55.65,62.02,0.044,0.0248,-0.1853,STRONG_UP,-25.42,35.96,74.07,-35.92,55.65,53.53,0.4498,LOW,PROGRESS,53.086,57.2218,65.6306,0,37.3882,LAGGARD,19.075
722,0,NDAQ,"Nasdaq, Inc.",Financials,Financial Exchanges & Data,large,86.65,48.43,0.0265,-0.007,-0.1085,STRONG_UP,-0.18,29.47,43.31,-21.76,58.06,33.22,0.5722,LOW,PROGRESS,85.3896,86.7636,90.0427,0,51.5082,WEAK,19.0555
728,0,APTV,Aptiv,Consumer Discretionary,Automotive Parts & Equipment,large,60.99,41.61,-0.1161,-0.1008,-0.1738,FLAT,-30.19,17.33,-18.39,-31.22,50.4,45.25,1.6434,HIGH,EARLY,69.471,74.9658,76.9955,0,19.3064,WEAK,18.9803
730,0,HIMS,HIMS HERS HEALTH INC CLASS A,Health Care,,mid,19.14,8.85,-0.0572,0.2351,-0.3749,FLAT,-66.93,-31.08,31.91,-78.06,44.35,116.15,0.6927,LOW,EARLY,21.9225,21.1504,39.7852,0,-11.8661,WEAK,18.9369
735,-310,F,Ford Motor Company,Consumer Discretionary,Automobile Manufacturers,large,11.6,53.02,-0.0057,-0.0053,-0.0724,FLAT,-2.94,31.99,-1.19,-22.31,50.4,31.15,0.4807,LOW,EARLY,11.7635,12.9008,12.2215,0,51.7599,LAGGARD,18.8715
741,0,FBK,FB FINANCIAL CORP,Financials,,mid,53.41,58.19,0.006,0.0149,-0.0528,FLAT,-5.34,33.51,52.46,-17.08,53.23,30.34,1.294,MED,PROGRESS,51.6465,55.4511,53.5296,0,58.7925,LAGGARD,18.7126
742,0,NTAP,NetApp,Information Technology,"Technology Hardware, Storage & Peripherals",large,103.35,47.92,-0.0243,0.0498,0.0433,FLAT,-12.68,36.69,2.22,-24.83,50.81,38.28,0.5633,LOW,SHIFT,100.8967,100.2354,107.8786,0,48.7036,WEAK,18.7074
752,-283,MPB,MID PENN BANCORP INC,Financials,,small,32.34,60.28,-0.0054,0.0161,0.0487,STRONG_DOWN,14.04,35.0,72.85,-15.49,50.81,28.58,1.6428,HIGH,-,31.534,32.4932,29.8638,1,62.2252,CONTENDER,18.5864
754,0,MLM,Martin Marietta Materials,Materials,Construction Materials,large,597.18,42.03,0.026,-0.0327,-0.1285,STRONG_UP,-4.64,30.57,-2.51,-20.72,54.03,32.0,0.4731,LOW,PROGRESS,585.762,634.3982,613.5038,0,51.6146,WEAK,18.5527
756,0,VMC,Vulcan Materials Company,Materials,Construction Materials,large,279.88,34.78,0.0505,0.0028,-0.1128,STRONG_UP,-7.41,23.34,5.13,-22.05,56.85,33.71,1.0955,MED,PROGRESS,267.4275,291.5098,288.1118,0,39.358,WEAK,18.5491
762,0,SIG,SIGNET JEWELERS LTD,Consumer Discretionary,,mid,84.85,72.48,-0.0163,-0.04,0.0384,FLAT,-13.9,56.73,-14.6,-25.69,50.81,54.29,0.9468,LOW,EARLY,86.435,91.0026,90.021,0,53.0969,LAGGARD,18.4599
768,0,VC,VISTEON CORP,Consumer Discretionary,,mid,91.38,51.68,0.0151,0.0646,-0.0044,FLAT,-24.76,30.14,-16.11,-33.97,48.39,44.83,1.4408,MED,PROGRESS,88.6525,93.2334,104.8719,0,32.5289,LAGGARD,18.3348
770,-293,TEAM,Atlassian,Technology,Computer Software,large,68.29,0.0,0.0257,-0.0923,-0.3757,STRONG_UP,-54.79,-63.4,-65.27,-71.67,46.37,65.18,0.6277,LOW,EARLY,72.7815,86.4306,147.7553,0,-45.1072,WEAK,18.321
771,0,GNW,GENWORTH FINANCIAL INC,Financials,,mid,8.39,63.07,0.0131,-0.007,-0.0724,STRONG_UP,-5.73,36.42,32.13,-14.07,49.19,27.17,0.8514,LOW,PROGRESS,8.141,8.4264,8.4435,0,65.9417,LAGGARD,18.2775
777,0,CWK,CUSHMAN AND WAKEFIELD LTD,Real Estate,,mid,12.48,81.18,0.031,-0.0208,-0.2504,STRONG_UP,-20.46,43.61,16.64,-31.4,49.6,57.6,0.4901,LOW,PROGRESS,12.2245,13.6588,14.5662,0,37.5559,LAGGARD,18.2027
778,0,FOX,Fox Corporation (Class B),Communication Services,Broadcasting,large,52.87,63.64,-0.0344,0.0178,-0.1471,FLAT,-4.88,19.97,90.1,-26.77,54.03,28.55,0.5368,LOW,PROGRESS,52.7485,55.1107,55.6767,0,37.7945,LAGGARD,18.1439
779,0,ARES,Ares Management,Financials,Asset Management & Custody Banks,large,102.43,8.01,-0.0733,-0.1046,-0.3836,STRONG_UP,-30.62,-15.12,-19.0,-49.3,50.0,55.98,1.3255,MED,EARLY,105.2159,120.4663,153.6467,0,-13.5089,WEAK,18.1179
780,-297,CAKE,CHEESECAKE FACTORY INC,Consumer Discretionary,,mid,55.23,50.34,-0.0044,-0.0686,0.1038,FLAT,1.16,26.89,68.54,-36.39,53.63,38.32,0.7052,LOW,EARLY,57.4395,59.7351,56.6349,0,37.6302,LAGGARD,18.0843
781,0,BULL,WEBULL CORP CLASS A,Financials,,mid,4.82,1.05,-0.037,-0.1505,-0.4192,STRONG_UP,-66.48,-56.62,-56.42,-92.64,43.15,57.91,0.9132,LOW,EARLY,5.1685,5.944,10.2956,0,-42.1856,WEAK,18.0728
784,-296,AMBA,AMBARELLA INC,Information Technology,,mid,50.54,39.06,-0.038,-0.056,-0.2632,STRONG_UP,-41.31,21.29,5.58,-49.06,48.39,59.79,0.7051,LOW,EARLY,52.768,59.9062,71.3127,0,17.2277,WEAK,18.0124
786,0,FTDR,FRONTDOOR INC,Consumer Discretionary,,mid,54.58,60.4,-0.0084,-0.1443,0.0099,FLAT,-20.11,42.77,77.5,-29.23,52.82,48.53,0.8456,LOW,EARLY,59.491,59.4954,59.6711,0,46.5481,LAGGARD,17.9873
790,-300,HBAN,Huntington Bancshares,Financials,Regional Banks,large,15.79,47.39,0.0101,-0.0354,-0.0953,STRONG_UP,-5.57,29.01,25.85,-21.26,52.02,32.44,0.547,LOW,PROGRESS,15.4343,16.6557,16.5194,0,46.5229,WEAK,17.9034
795,0,COF,Capital One,Financials,Consumer Finance,large,181.92,35.19,-0.004,-0.0553,-0.2712,STRONG_UP,-14.25,19.22,30.41,-31.47,57.26,40.89,0.6599,LOW,EARLY,182.108,199.2183,214.8562,0,26.9133,WEAK,17.8415
802,-306,CRH,CRH plc,Materials,Construction Materials,large,104.63,40.58,0.0084,-0.0312,-0.2405,STRONG_UP,-13.32,29.78,23.94,-23.82,47.58,35.0,0.9016,LOW,PROGRESS,103.692,114.6347,112.4786,0,40.4856,WEAK,17.5785
803,0,SWK,Stanley Black & Decker,Industrials,Industrial Machinery & Supplies & Components,large,68.64,40.5,-0.0304,-0.0671,-0.109,STRONG_UP,-5.16,21.36,-21.81,-26.03,47.18,38.2,1.1454,MED,EARLY,70.9232,79.0141,72.7541,0,26.386,WEAK,17.5565
807,0,CPRI,CAPRI HOLDINGS LTD,Consumer Discretionary,,mid,17.96,51.01,0.0147,0.0169,-0.215,FLAT,-15.4,29.12,-58.95,-39.3,49.19,48.27,0.8065,LOW,EARLY,18.068,19.9316,21.2215,0,29.6707,LAGGARD,17.4174
813,-310,NMRK,NEWMARK GROUP INC CLASS A,Real Estate,,mid,14.63,80.0,-0.0037,0.038,-0.1743,FLAT,-19.12,39.29,35.97,-29.08,49.6,47.25,0.823,LOW,PROGRESS,14.5043,15.3009,16.2319,0,41.2479,LAGGARD,17.3041
816,0,TRI,Thomson Reuters,Technology,Computer Software,large,90.19,25.0,-0.0291,-0.0959,-0.0978,STRONG_UP,-39.76,-43.51,-38.72,-61.67,45.56,58.73,0.5882,LOW,EARLY,95.1315,97.0755,144.2889,0,-33.7528,WEAK,17.2791
817,-309,DASH,DoorDash,Consumer Discretionary,Specialized Consumer Services,large,156.45,18.12,0.0419,-0.0927,-0.2395,STRONG_UP,-42.07,-5.92,12.1,-47.97,53.23,44.53,0.9952,LOW,EARLY,160.403,175.1922,223.6594,0,-7.0802,WEAK,17.2287
822,-309,ZETA,ZETA GLOBAL HOLDINGS CORP CLASS A,Information Technology,,mid,15.79,44.79,0.0463,-0.1331,-0.1426,STRONG_UP,-17.76,32.47,29.11,-40.37,54.44,72.37,0.4417,LOW,EARLY,17.038,17.4384,18.1953,0,24.4227,WEAK,17.159
825,0,SNPS,Synopsys,Information Technology,Application Software,large,395.95,29.69,0.0018,-0.0729,-0.1115,STRONG_UP,-15.96,3.95,-31.19,-41.04,52.02,43.79,0.4894,LOW,EARLY,415.849,434.3592,486.7294,0,4.6938,WEAK,17.0861
834,-315,INTU,Intuit,Information Technology,Application Software,large,422.48,15.1,-0.0249,-0.0631,-0.2632,STRONG_UP,-37.81,-23.53,-32.68,-55.41,50.0,51.94,0.6514,LOW,EARLY,443.4295,442.452,624.8404,0,-22.6528,WEAK,16.9572
835,0,KWR,QUAKER HOUGHTON CORP,Materials,,mid,120.57,30.43,-0.0544,-0.0851,-0.2006,STRONG_UP,-8.42,20.22,-36.98,-36.46,45.16,42.05,1.4006,MED,EARLY,122.978,145.8786,136.145,0,21.7164,WEAK,16.9224
837,-316,URBN,URBAN OUTFITTERS INC,Consumer Discretionary,,mid,64.57,59.73,0.0296,0.04,-0.0943,FLAT,-11.71,39.97,62.44,-26.32,47.98,42.32,0.7673,LOW,PROGRESS,63.471,66.8652,70.8686,0,45.3202,LAGGARD,16.9149
849,-342,BIPC,BROOKFIELD INFRASTRUCTURE CORP CLA,Utilities,,mid,40.17,48.08,0.0341,-0.1556,-0.2189,STRONG_UP,-3.41,24.72,29.49,-25.28,55.24,30.84,0.7497,LOW,EARLY,42.1525,45.7498,43.0261,0,44.2759,WEAK,16.6968
862,-323,DIS,Walt Disney Company (The),Communication Services,Movies & Entertainment,large,96.61,59.09,0.0329,-0.0319,-0.0892,STRONG_UP,-13.27,17.26,-16.74,-24.97,46.37,28.97,0.5425,LOW,EARLY,98.1275,103.3866,111.0273,0,27.6283,LAGGARD,16.4054
864,0,IT,Gartner,Information Technology,IT Consulting & Other Services,large,157.85,0.52,-0.0237,-0.0449,-0.2697,STRONG_UP,-38.63,-58.74,-66.44,-67.75,50.0,60.42,0.539,LOW,EARLY,159.477,168.8444,246.0834,0,-48.6094,WEAK,16.3382
866,-325,WRBY,WARBY PARKER INC CLASS A,Consumer Discretionary,,mid,20.29,52.35,-0.0279,-0.1903,-0.0544,FLAT,-23.26,30.99,55.72,-42.26,47.98,80.62,0.7189,LOW,EARLY,23.1145,24.0944,23.7971,0,18.442,LAGGARD,16.2154
867,-324,MTD,Mettler Toledo,Health Care,Life Sciences Tools & Services,large,1259.9399,40.77,-0.0221,0.0288,-0.0551,FLAT,-3.12,22.07,-3.14,-22.44,50.4,27.42,0.5579,LOW,PROGRESS,1228.3525,1315.8744,1324.7286,0,40.5653,WEAK,16.1971
868,0,TRMB,Trimble Inc.,Information Technology,Electronic Equipment & Instruments,large,65.12,36.46,-0.0052,-0.0439,-0.1043,STRONG_UP,-18.81,16.24,5.97,-26.63,56.85,33.74,0.6063,LOW,EARLY,66.2915,67.137,76.7645,0,27.3706,WEAK,16.1899
869,0,PANW,Palo Alto Networks,Information Technology,Systems Software,large,163.21,31.25,0.0712,0.0328,-0.0257,STRONG_UP,-22.02,7.07,21.34,-36.01,54.44,41.33,0.4184,LOW,SHIFT,162.5225,162.7808,187.763,0,9.3061,WEAK,16.1666
870,-325,IQV,IQVIA,Health Care,Life Sciences Tools & Services,large,173.26,34.62,0.0131,0.0004,-0.179,STRONG_UP,-15.21,13.23,-28.24,-33.72,49.19,48.15,0.3865,LOW,PROGRESS,168.519,182.7692,196.0918,0,13.5203,WEAK,16.1364
875,0,KKR,KKR & Co.,Financials,Asset Management & Custody Banks,large,91.23,11.85,-0.0062,-0.0373,-0.2987,STRONG_UP,-26.55,-5.88,-8.52,-44.62,50.0,46.74,0.726,LOW,PROGRESS,89.5035,98.0927,123.6691,0,-6.2951,WEAK,16.0222
876,-329,BX,Blackstone Inc.,Financials,Asset Management & Custody Banks,large,113.05,11.15,0.0091,-0.0133,-0.2876,STRONG_UP,-30.74,-6.22,-5.94,-44.76,45.16,42.61,0.9283,LOW,PROGRESS,110.0545,121.7807,148.3796,0,-6.5905,WEAK,15.9621
877,-329,UPST,UPSTART HOLDINGS INC,Financials,,mid,25.58,3.14,-0.0043,-0.0976,-0.4497,STRONG_UP,-51.63,-32.29,3.73,-71.21,52.82,74.16,0.5413,LOW,EARLY,26.458,31.4859,50.9732,0,-22.9999,WEAK,15.9524
879,0,BLK,BlackRock,Financials,Asset Management & Custody Banks,large,966.56,36.93,-0.002,-0.0526,-0.112,STRONG_UP,-15.84,20.67,26.55,-22.45,53.63,32.36,0.6548,LOW,PROGRESS,957.139,1030.5568,1073.3547,0,34.2567,WEAK,15.92
887,-335,ACHR,ARCHER AVIATION INC CLASS A,Industrials,,mid,5.42,10.33,0.0373,-0.1187,-0.3499,STRONG_UP,-46.76,-18.62,26.05,-63.78,47.98,65.74,0.5933,LOW,EARLY,5.803,6.6668,8.8709,0,-13.5887,WEAK,15.7754
892,0,NKE,"Nike, Inc.",Consumer Discretionary,"Apparel, Accessories & Luxury Goods",large,44.19,7.38,-0.1657,-0.1837,-0.2484,STRONG_UP,-39.97,-18.54,-48.06,-43.21,45.97,42.03,3.4505,HIGH,EARLY,52.906,58.6721,65.7352,0,-20.2798,WEAK,15.6873
894,0,NCLH,Norwegian Cruise Line Holdings,Consumer Discretionary,"Hotels, Resorts & Cruise Lines",mid,18.93,45.64,-0.0021,-0.0405,-0.1204,STRONG_UP,-22.95,22.13,0.21,-35.04,47.98,66.89,1.0869,MED,EARLY,19.5695,21.4214,22.2471,0,15.8731,WEAK,15.6677
896,-334,AMZN,Amazon,Consumer Discretionary,Broadline Retail,large,209.77,44.3,0.027,0.0141,-0.0252,STRONG_UP,-5.68,19.69,13.35,-21.74,53.23,31.47,0.6208,LOW,PROGRESS,209.3675,214.998,224.5496,0,33.306,WEAK,15.6188
898,-334,A,Agilent Technologies,Health Care,Life Sciences Tools & Services,large,115.48,33.08,0.0055,0.0098,-0.1073,FLAT,-16.4,12.39,-18.61,-29.75,51.61,27.15,0.4909,LOW,PROGRESS,112.9695,121.6866,129.2136,0,23.5581,WEAK,15.605
899,-339,SHAK,SHAKE SHACK INC CLASS A,Consumer Discretionary,,mid,89.33,37.58,0.0732,-0.0224,0.1233,FLAT,-5.52,13.67,-11.76,-45.7,50.0,48.58,0.6923,LOW,PROGRESS,89.18,91.4574,99.9814,0,14.0653,WEAK,15.5964
902,-336,SLNO,SOLENO THERAPEUTICS INC,Health Care,,mid,39.49,4.23,0.2698,0.0537,-0.1106,STRONG_UP,-31.89,-43.29,-5.53,-66.04,47.18,62.01,2.1188,HIGH,SHIFT,34.6728,37.9883,57.3071,0,-32.9401,WEAK,15.5179
907,-336,TMO,Thermo Fisher Scientific,Health Care,Life Sciences Tools & Services,large,491.46,33.46,-0.0066,-0.0225,-0.1175,STRONG_UP,-6.22,12.65,-14.63,-27.31,49.6,27.93,0.7095,LOW,PROGRESS,483.8259,521.2414,517.6352,0,22.4679,WEAK,15.42
909,-360,META,Meta Platforms,Communication Services,Interactive Media & Services,large,574.46,45.45,0.0802,-0.1049,-0.069,FLAT,-20.86,11.62,9.67,-33.3,49.6,41.46,0.8437,LOW,EARLY,602.1627,639.2352,683.974,0,13.9046,WEAK,15.3472
910,0,CRK,COMSTOCK RESOURCES INC,Energy,,mid,19.54,4.44,-0.1265,-0.1181,-0.5227,FLAT,-7.66,8.8,115.2,-51.11,52.42,61.43,0.665,LOW,EARLY,20.999,20.9592,20.9712,0,7.507,WEAK,15.2843
913,0,MSFT,Microsoft,Information Technology,Systems Software,large,373.46,30.21,0.0079,-0.0588,-0.1442,STRONG_UP,-27.29,5.16,-10.89,-33.91,52.42,32.6,0.665,LOW,EARLY,385.497,403.2382,475.262,0,8.2942,WEAK,15.1847
917,0,PYPL,PayPal,Financials,Transaction & Payment Processing Services,large,45.34,5.23,0.0032,-0.04,-0.2256,STRONG_UP,-33.87,-22.12,-30.03,-49.92,49.6,53.1,0.5353,LOW,PROGRESS,45.0265,45.6482,61.4903,0,-20.6632,WEAK,15.1627
920,-343,UBER,Uber,Industrials,Passenger Ground Transportation,large,71.84,30.17,0.0109,-0.0054,-0.1496,STRONG_UP,-25.64,9.45,-6.89,-30.89,50.0,33.8,0.6277,LOW,EARLY,73.33,74.7634,86.9219,0,13.9726,WEAK,15.1125
921,0,NXPI,NXP Semiconductors,Information Technology,Semiconductors,large,194.55,39.58,-0.0243,-0.0395,-0.0519,STRONG_UP,-13.74,21.42,-16.29,-24.58,47.98,40.37,0.8523,LOW,EARLY,194.5758,215.7183,217.7151,0,25.4519,WEAK,15.1015
924,-343,JBTM,JBT MAREL CORP,Industrials,,mid,125.15,42.56,-0.0145,-0.1378,-0.185,STRONG_UP,-12.55,24.45,27.4,-27.1,47.98,35.4,0.8743,LOW,EARLY,132.1285,148.9304,141.4655,0,33.1336,WEAK,15.017
926,0,CDNS,Cadence Design Systems,Information Technology,Application Software,large,278.72,38.02,-0.0138,-0.0386,-0.0377,FLAT,-19.73,19.2,-9.51,-28.09,51.21,42.95,0.5987,LOW,EARLY,286.274,292.8576,321.7707,0,22.8958,WEAK,14.998
929,0,XYL,Xylem Inc.,Industrials,Industrial Machinery & Supplies & Components,large,121.26,37.19,0.004,0.0044,-0.1292,FLAT,-18.12,18.38,-3.23,-23.57,51.21,29.82,0.7704,LOW,PROGRESS,120.681,128.092,136.6122,0,31.5577,WEAK,14.9121
931,-348,HGV,HILTON GRAND VACATIONS INC,Consumer Discretionary,,mid,40.49,46.31,0.0436,-0.051,-0.0613,STRONG_UP,-6.86,22.96,-10.44,-28.48,49.19,37.73,0.7683,LOW,EARLY,41.0615,44.1374,44.2205,0,29.9309,WEAK,14.8861
935,-350,APAM,ARTISAN PARTNERS ASSET MANAGEMENT,Financials,,mid,36.57,29.97,0.004,-0.0339,-0.0916,STRONG_UP,-10.01,15.12,-3.9,-21.92,50.0,28.9,1.5592,HIGH,PROGRESS,36.121,39.5792,41.2726,0,26.1611,WEAK,14.8149
936,-350,WSM,"Williams-Sonoma, Inc.",Consumer Discretionary,Homefurnishing Retail,large,180.17,48.32,0.0026,-0.0147,0.0152,FLAT,-7.53,26.1,20.02,-20.56,50.4,36.76,0.8348,LOW,EARLY,182.01,198.2196,190.2381,0,35.786,WEAK,14.8104
937,0,STEP,STEPSTONE GROUP INC CLASS A,Financials,,mid,47.05,23.34,-0.0027,-0.0037,-0.2972,STRONG_UP,-26.48,10.84,37.62,-43.1,51.61,56.06,0.6457,LOW,PROGRESS,46.3325,53.3936,59.7541,0,9.983,WEAK,14.8076
938,0,IRTC,IRHYTHM HOLDINGS INC,Health Care,,mid,116.8,36.92,-0.0558,-0.0507,-0.2812,FLAT,-32.8,16.6,4.51,-40.29,51.61,48.54,0.5,LOW,EARLY,118.232,135.6165,159.5251,0,17.6518,WEAK,14.7944
940,0,DHI,D. R. Horton,Consumer Discretionary,Homebuilding,large,139.69,40.27,0.0157,-0.0134,0.0144,FLAT,-18.05,16.99,-10.02,-27.56,48.39,36.31,0.6362,LOW,PROGRESS,139.3845,150.0384,151.5322,0,22.6446,WEAK,14.7692
944,-355,FICO,Fair Isaac,Information Technology,Application Software,large,1089.76,7.81,0.0389,-0.2294,-0.2725,STRONG_UP,-38.94,-36.39,-11.52,-54.9,51.61,56.59,0.4921,LOW,EARLY,1140.896,1300.872,1543.7033,0,-33.188,WEAK,14.7142
945,0,IBM,IBM,Information Technology,IT Consulting & Other Services,large,248.16,34.38,0.0111,-0.0008,-0.0795,STRONG_UP,-12.48,12.64,38.99,-28.69,56.05,46.22,0.5747,LOW,PROGRESS,246.684,261.3017,275.1731,0,15.3338,WEAK,14.7073
948,-355,DXCM,Dexcom,Health Care,Health Care Equipment,large,62.22,25.38,-0.0453,-0.0905,-0.0127,FLAT,-6.35,0.96,-55.21,-38.75,51.21,33.18,0.4806,LOW,EARLY,65.6495,69.3988,71.642,0,1.4775,WEAK,14.6871
950,-358,GPC,Genuine Parts Company,Consumer Discretionary,Distributors,large,103.47,23.49,-0.0407,-0.0537,-0.1093,STRONG_UP,-25.03,-3.12,-26.52,-34.84,47.18,40.63,1.1358,MED,EARLY,104.9765,120.7539,126.6011,0,-3.625,WEAK,14.6401
951,-356,LDOS,Leidos,Industrials,Diversified Support Services,large,158.82,38.84,-0.0067,-0.0513,-0.1488,STRONG_UP,-17.27,20.66,25.98,-22.36,54.03,41.26,0.6088,LOW,EARLY,165.072,174.603,178.7338,0,27.0506,WEAK,14.6285
954,-331,ECL,Ecolab,Materials,Specialty Chemicals,large,264.28,26.09,-0.0097,-0.0527,-0.062,STRONG_UP,-3.02,15.93,18.4,-16.6,54.03,21.72,0.7004,LOW,EARLY,268.6319,283.6625,271.4454,0,39.6287,WEAK,14.5724
956,-360,BDC,BELDEN INC,Information Technology,,mid,115.05,43.23,-0.0202,-0.0858,0.0446,FLAT,-1.98,28.41,29.77,-26.52,52.02,40.92,0.5043,LOW,EARLY,116.7865,127.8685,122.1855,0,36.1222,WEAK,14.561
957,0,J,Jacobs Solutions,Industrials,Construction & Engineering,large,128.02,36.36,-0.0109,-0.017,-0.0683,STRONG_UP,-16.45,17.56,6.57,-23.73,50.4,36.39,0.7243,LOW,EARLY,129.4605,134.8235,140.8762,0,24.3186,WEAK,14.5414
960,0,BCO,BRINKS,Industrials,,mid,103.32,42.98,-0.0025,-0.1168,-0.1277,STRONG_UP,-10.77,25.51,18.95,-27.95,48.79,43.13,0.8047,LOW,EARLY,104.819,118.5205,111.3225,0,28.8526,WEAK,14.4945
961,-364,CNC,Centene Corporation,Health Care,Managed Health Care,large,35.11,4.62,0.0528,-0.1593,-0.1075,FLAT,-4.64,-42.77,-51.76,-60.52,52.02,55.09,0.7202,LOW,PROGRESS,35.088,39.53,36.932,0,-40.3875,WEAK,14.4648
962,-362,ZBRA,Zebra Technologies,Information Technology,Electronic Equipment & Instruments,large,202.84,22.4,-0.0384,-0.085,-0.1187,STRONG_UP,-31.44,-9.24,-30.15,-41.62,48.79,45.2,0.662,LOW,EARLY,207.203,228.7434,274.9781,0,-9.9737,WEAK,14.447
963,-364,NOW,ServiceNow,Information Technology,Systems Software,large,102.0,10.94,-0.0133,-0.1208,-0.2439,STRONG_UP,-43.96,-30.66,-34.91,-52.42,48.79,49.81,0.8866,LOW,EARLY,110.5665,111.501,160.578,0,-30.0316,WEAK,14.4412
964,-362,RDNT,RADNET INC,Health Care,,mid,54.79,32.31,-0.069,-0.1489,-0.1756,STRONG_UP,-30.05,11.16,11.73,-35.14,48.79,49.11,1.2291,MED,EARLY,60.016,66.1757,69.3988,0,11.0857,WEAK,14.4379
967,0,STNE,STONECO LTD CLASS A,Financials,,mid,13.95,52.96,-0.0006,0.0205,-0.0581,FLAT,-23.35,31.36,-17.11,-31.4,48.39,61.81,0.4481,LOW,PROGRESS,13.9375,15.4914,15.9502,0,24.548,LAGGARD,14.3983
970,-367,MC,MOELIS CLASS A,Financials,,mid,56.27,33.1,-0.0004,-0.0252,-0.2098,STRONG_UP,-16.59,17.2,8.21,-33.26,50.81,41.25,0.783,LOW,PROGRESS,54.4155,61.8303,66.2783,0,21.1876,WEAK,14.359
971,-367,OSCR,OSCAR HEALTH INC CLASS A,Financials,,mid,11.92,12.89,0.033,-0.1634,-0.2115,STRONG_UP,-38.17,-4.94,-17.22,-51.71,45.16,58.54,0.5453,LOW,EARLY,12.6205,13.336,16.1146,0,-3.8141,WEAK,14.3458
972,-364,MELI,Mercado Libre,Consumer Discretionary,Catalog/Specialty Distribution,large,1715.52,20.81,0.0472,0.0195,-0.0822,STRONG_UP,-23.64,-4.41,14.24,-38.8,49.6,44.08,0.4912,LOW,PROGRESS,1689.989,1873.674,2158.0848,0,-4.9662,WEAK,14.3292
974,-365,PTC,PTC Inc.,Information Technology,Application Software,large,142.65,28.65,-0.0027,-0.0996,-0.097,FLAT,-29.74,2.12,-23.01,-36.45,52.42,31.82,0.5584,LOW,EARLY,150.1735,154.4788,181.9237,0,3.4908,WEAK,14.2955
977,-365,ALLE,Allegion,Industrials,Building Products,large,141.06,36.78,-0.0516,-0.0277,-0.1367,FLAT,-20.34,17.67,9.03,-21.24,51.61,27.95,0.9043,LOW,EARLY,145.3204,157.5793,162.0312,0,32.6199,WEAK,14.2581
978,-365,UNH,UnitedHealth Group,Health Care,Managed Health Care,large,277.26,3.46,0.026,-0.0031,-0.1172,STRONG_UP,-20.48,-45.67,-36.45,-60.06,48.79,49.13,0.661,LOW,PROGRESS,276.6325,284.4439,308.5321,0,-45.3523,WEAK,14.2452
986,-372,GEHC,GE HealthCare,Health Care,Health Care Equipment,large,70.35,35.77,-0.0281,-0.0579,-0.0976,STRONG_UP,-8.3,15.61,-20.18,-21.96,52.42,32.09,0.755,LOW,EARLY,71.4185,77.0754,76.7528,0,25.506,WEAK,14.1185
989,-374,CSGP,CoStar Group,Real Estate,Real Estate Services,large,39.95,0.0,-0.0222,-0.1459,-0.4301,STRONG_UP,-52.38,-47.26,-57.84,-59.07,51.21,54.82,0.8289,LOW,EARLY,42.9905,48.6412,70.8426,0,-44.1485,WEAK,14.0592
991,-373,TYL,Tyler Technologies,Information Technology,Application Software,large,338.03,7.29,-0.0274,-0.0442,-0.16,STRONG_UP,-32.15,-36.82,-18.58,-53.08,47.58,52.81,0.8069,LOW,EARLY,346.5045,352.3912,475.0772,0,-33.1739,WEAK,14.0144
994,-393,KTB,KONTOOR BRANDS INC,Consumer Discretionary,,mid,69.01,48.99,0.0136,-0.0631,0.1834,FLAT,-15.23,26.61,29.54,-32.91,48.79,57.32,0.7063,LOW,SHIFT,68.9363,66.7603,69.3531,0,22.6484,WEAK,13.9291
996,-376,ADMA,ADMA BIOLOGICS INC,Health Care,,mid,9.19,1.92,-0.0513,-0.3854,-0.4338,STRONG_UP,-36.75,-50.05,43.82,-66.18,48.39,71.51,1.2527,MED,EARLY,12.8795,14.9638,16.5975,0,-33.8712,WEAK,13.9018
997,0,HRI,HERC HOLDINGS INC,Industrials,,mid,91.04,8.26,-0.1205,-0.2666,-0.4162,STRONG_UP,-25.74,-22.23,-42.8,-49.5,46.37,63.35,1.6445,HIGH,EARLY,105.984,135.5844,134.0348,0,-16.273,WEAK,13.8989
1001,-380,CBRE,CBRE Group,Real Estate,Real Estate Services,large,136.6,45.88,0.0101,0.0088,-0.1855,STRONG_UP,-12.23,16.6,42.08,-23.22,52.42,42.64,0.7165,LOW,PROGRESS,134.332,147.525,153.6666,0,20.4107,WEAK,13.8405
1006,0,ATKR,ATKORE INC,Industrials,,mid,61.51,35.95,0.0127,0.0217,-0.0572,FLAT,-3.19,16.17,-65.38,-32.38,50.81,34.27,0.9793,LOW,PROGRESS,58.759,63.7562,64.7326,0,23.9669,WEAK,13.7692
1009,0,RHP,RYMAN HOSPITALITY PROPERTIES REIT,Real Estate,,mid,92.91,54.12,0.0136,-0.0071,-0.0522,STRONG_UP,5.75,20.22,-11.72,-16.72,48.39,25.67,0.6345,LOW,PROGRESS,91.2807,95.0254,93.0,0,38.123,LAGGARD,13.759
1010,-385,EAT,BRINKER INTERNATIONAL INC,Consumer Discretionary,,mid,144.69,30.87,0.0572,0.0867,0.008,FLAT,13.27,5.89,213.59,-44.41,50.4,45.2,0.8142,LOW,PROGRESS,141.9355,150.048,147.825,0,6.5692,WEAK,13.7536
1013,0,CARR,Carrier Global,Industrials,Building Products,large,55.71,21.9,-0.0009,-0.0353,0.0303,FLAT,-4.64,-0.56,1.34,-37.38,49.19,34.74,0.7525,LOW,EARLY,57.107,60.184,61.0427,0,-0.7932,WEAK,13.6989
1014,0,VCYT,VERACYTE INC,Health Care,,mid,32.25,31.15,0.0303,-0.0408,-0.187,STRONG_UP,-9.49,9.21,60.29,-39.23,46.77,47.82,0.7625,LOW,EARLY,32.46,35.275,34.8992,0,9.0087,WEAK,13.6785
1016,0,PHM,PulteGroup,Consumer Discretionary,Homebuilding,large,117.29,46.98,-0.0027,-0.0388,0.0402,FLAT,-12.68,22.98,2.35,-20.06,46.77,34.9,0.9793,LOW,EARLY,119.3061,127.7254,123.4044,0,30.7898,WEAK,13.663
1018,-384,SW,Smurfit Westrock,Materials,Paper & Plastic Packaging Products & Materials,large,39.29,13.04,-0.0238,-0.0951,-0.07,FLAT,-5.35,2.53,-7.77,-32.21,48.39,49.29,1.0484,MED,EARLY,39.858,43.2171,41.7617,0,2.4801,WEAK,13.6348
1019,-386,PNR,Pentair,Industrials,Industrial Machinery & Supplies & Components,large,85.82,31.82,-0.0172,-0.0634,-0.2009,STRONG_UP,-23.26,11.83,4.84,-25.05,49.19,33.71,0.5825,LOW,EARLY,88.078,95.8886,103.2582,0,17.2602,WEAK,13.6329
1020,0,RJF,Raymond James Financial,Financials,Investment Banking & Brokerage,large,142.2,31.01,-0.027,-0.0785,-0.1353,STRONG_UP,-13.96,15.34,13.93,-19.64,54.84,30.31,0.5275,LOW,EARLY,144.5902,154.8077,160.1266,0,27.7459,WEAK,13.6216
1021,0,RLJ,RLJ LODGING TRUST REIT,Real Estate,,small,7.35,52.94,-0.0241,-0.0447,-0.0579,STRONG_UP,6.23,20.17,-27.5,-14.61,49.19,31.4,1.7683,HIGH,-,7.4651,7.6536,7.2127,1,31.5925,CONTENDER,13.6091
1022,0,HUBG,HUB GROUP INC CLASS A,Industrials,,mid,36.5,32.64,0.0041,-0.0711,-0.1597,STRONG_UP,8.46,13.7,-11.71,-35.62,51.61,52.18,0.4222,LOW,PROGRESS,35.8408,40.9279,38.1119,0,13.5533,WEAK,13.6083
1024,-386,PJT,PJT PARTNERS INC CLASS A,Financials,,mid,139.99,25.44,-0.0115,-0.0325,-0.1807,STRONG_UP,-20.78,11.83,46.92,-32.47,53.63,34.4,0.8566,LOW,PROGRESS,135.635,150.3283,168.4937,0,18.4406,WEAK,13.5194
1030,-390,APO,Apollo Global Management,Financials,Asset Management & Custody Banks,large,107.04,14.29,-0.0498,-0.0295,-0.2747,FLAT,-15.19,-3.28,-3.9,-34.97,53.23,42.75,1.0269,MED,EARLY,108.566,117.7072,132.0144,0,-4.0784,WEAK,13.4773
1031,-389,WOR,WORTHINGTON ENTERPRISES INC,Industrials,,mid,52.04,34.71,-0.0014,0.0458,-0.011,FLAT,-6.22,15.4,-13.05,-29.83,52.42,31.06,0.8746,LOW,PROGRESS,49.676,53.4158,57.0157,0,25.9934,WEAK,13.4349
1032,-389,GDDY,GoDaddy,Information Technology,Internet Services & Infrastructure,large,81.67,3.65,-0.0181,-0.0912,-0.2465,STRONG_UP,-39.05,-49.74,-35.15,-58.87,48.79,51.14,0.9412,LOW,EARLY,83.939,89.9958,128.4295,0,-47.4499,WEAK,13.428
1036,0,BRZE,BRAZE INC CLASS A,Information Technology,,mid,23.68,17.19,-0.0098,0.1666,-0.2081,FLAT,-14.64,-21.43,-45.12,-57.2,48.39,79.74,0.8939,LOW,SHIFT,20.4452,19.9029,26.5883,0,-13.0067,WEAK,13.3206
1038,0,ABNB,Airbnb,Consumer Discretionary,"Hotels, Resorts & Cruise Lines",large,124.95,42.28,-0.009,-0.0256,-0.0119,FLAT,2.85,17.54,-22.76,-21.54,54.03,36.6,0.675,LOW,EARLY,129.2825,128.4489,128.1151,0,25.9,WEAK,13.2769
1039,-391,BKNG,Booking Holdings,Consumer Discretionary,"Hotels, Resorts & Cruise Lines",large,167.7724,25.5,0.0073,-0.0341,-0.1616,STRONG_UP,-22.35,-0.43,18.32,-33.2,51.61,42.02,0.5904,LOW,EARLY,171.5743,175.9068,204.1711,0,-0.5273,WEAK,13.229
1040,0,TROW,T. Rowe Price,Financials,Asset Management & Custody Banks,large,90.17,32.06,-0.0176,0.0032,-0.1331,FLAT,-8.92,16.38,-14.62,-19.76,52.82,28.56,0.8916,LOW,PROGRESS,88.4433,93.1379,98.8157,0,30.2982,WEAK,13.2287
1041,-391,SWKS,Skyworks Solutions,Information Technology,Semiconductors,mid,55.19,31.77,-0.0107,0.0097,-0.0683,FLAT,-26.99,7.9,-43.61,-35.24,50.0,39.76,1.4047,MED,PROGRESS,54.5755,57.1658,66.4808,0,9.934,WEAK,13.2258
1043,0,SAH,SONIC AUTOMOTIVE INC CLASS A,Consumer Discretionary,,mid,64.87,38.26,-0.042,0.1014,0.1121,STRONG_DOWN,-14.11,15.89,28.4,-33.64,54.03,36.79,0.7655,LOW,SHIFT,62.8235,62.0076,69.1869,0,23.3336,WEAK,13.165
1047,-395,IBOC,INTERNATIONAL BANCSHARES CORP,Financials,,mid,67.77,38.33,-0.0309,0.0209,0.0167,FLAT,0.34,21.96,27.58,-12.74,48.79,25.26,1.3072,MED,PROGRESS,67.2335,69.0492,68.0469,0,42.4078,WEAK,13.1459
1048,-394,CHEF,CHEFS WAREHOUSE INC,Consumer Staples,,mid,57.59,62.9,-0.0373,-0.0332,-0.1365,FLAT,4.42,16.48,65.68,-20.49,54.03,35.06,1.1058,MED,EARLY,61.1165,64.2702,62.5616,0,25.404,LAGGARD,13.092
1049,-362,PPG,PPG Industries,Materials,Specialty Chemicals,large,103.24,20.29,-0.0264,-0.0534,-0.0759,STRONG_UP,0.08,9.32,-22.11,-25.68,50.4,33.58,0.7818,LOW,EARLY,103.648,114.2739,107.2964,0,13.9861,WEAK,13.0647
1053,-395,DECK,Deckers Brands,Consumer Discretionary,Footwear,large,98.31,16.78,0.02,-0.0315,-0.0308,FLAT,-5.29,-7.37,-32.96,-38.52,46.37,53.02,0.6253,LOW,EARLY,101.0115,107.8926,103.1855,0,-6.4442,WEAK,12.9501
1055,-395,WDAY,"Workday, Inc.",Information Technology,Application Software,large,132.26,6.25,0.0261,-0.0695,-0.2929,STRONG_UP,-43.02,-38.58,-50.71,-54.8,52.82,47.5,0.5872,LOW,EARLY,134.137,146.8616,207.1238,0,-42.8956,WEAK,12.9058
1057,-401,MOS,Mosaic Company (The),Materials,Fertilizers & Agricultural Chemicals,mid,26.17,23.19,0.0268,0.0308,-0.0162,FLAT,-23.38,14.45,-15.47,-37.16,51.21,56.23,0.8783,LOW,EARLY,26.603,27.5445,29.4199,0,13.1592,WEAK,12.8822
1058,0,COR,Cencora,Health Care,Health Care Distributors,large,324.8,39.23,-0.0053,-0.0667,0.0141,FLAT,5.61,19.15,35.71,-17.16,54.84,32.22,0.9461,LOW,EARLY,332.987,348.8242,325.4055,0,32.5887,WEAK,12.8622
1060,-396,EFX,Equifax,Industrials,Research & Consulting Services,large,182.39,15.7,0.0338,-0.0737,-0.1621,STRONG_UP,-21.11,-11.81,-27.72,-39.04,51.21,46.02,0.6179,LOW,EARLY,183.475,192.7372,223.4396,0,-13.1472,WEAK,12.8389
1062,0,INTA,INTAPP INC,Information Technology,,mid,24.78,3.12,-0.0353,-0.0919,-0.3708,STRONG_UP,-37.64,-52.62,-21.73,-66.6,43.95,70.86,0.4473,LOW,EARLY,25.4215,26.5336,38.7971,0,-32.6366,WEAK,12.8197
1063,0,QCOM,Qualcomm,Information Technology,Semiconductors,large,126.8,27.08,-0.0418,-0.0426,-0.1979,STRONG_UP,-24.04,0.04,-22.83,-31.66,51.61,30.13,0.7524,LOW,EARLY,130.5835,138.5746,156.7526,0,0.0674,WEAK,12.8118
1064,-402,COMP,COMPASS INC CLASS A,Real Estate,,mid,7.07,11.76,-0.0282,-0.2074,-0.3649,STRONG_UP,-6.36,-12.61,85.56,-49.63,48.39,66.88,0.6768,LOW,EARLY,7.992,9.9566,9.0677,0,-9.1224,WEAK,12.8099
1066,-407,PKG,Packaging Corporation of America,Materials,Paper & Plastic Packaging Products & Materials,large,204.46,24.64,-0.0575,-0.0671,-0.0968,STRONG_UP,-4.04,15.71,14.43,-17.21,51.21,27.89,0.995,LOW,EARLY,212.8268,223.2007,207.3471,0,28.8507,WEAK,12.7997
1067,-398,ADSK,Autodesk,Information Technology,Application Software,large,238.08,26.56,-0.0035,-0.0667,-0.1053,STRONG_UP,-25.81,-2.27,-2.72,-33.09,52.02,38.79,0.888,LOW,EARLY,245.9125,244.8828,286.9553,0,-3.0496,WEAK,12.7515
1068,-403,RXO,RXO INC,Industrials,,mid,14.94,26.03,0.0489,0.0105,0.1485,FLAT,-6.45,5.14,-30.51,-43.07,51.61,77.15,0.5399,LOW,SHIFT,13.5585,14.7212,15.208,0,3.4366,WEAK,12.749
1069,-403,MCO,Moody's Corporation,Financials,Financial Exchanges & Data,large,440.79,24.74,0.0006,-0.054,-0.1225,STRONG_UP,-8.2,11.63,14.06,-23.61,50.81,37.28,0.5841,LOW,PROGRESS,438.759,456.588,486.1016,0,15.847,WEAK,12.7465
1072,-404,BBY,Best Buy,Consumer Discretionary,Computer & Electronics Retail,large,64.5,34.9,-0.0018,0.0542,-0.0048,FLAT,-13.41,11.28,-10.66,-26.04,47.98,36.3,0.5239,LOW,SHIFT,62.9452,64.0022,69.177,0,14.9087,WEAK,12.7086
1074,-401,DHR,Danaher Corporation,Health Care,Life Sciences Tools & Services,large,191.12,29.23,0.0085,-0.0226,-0.1165,STRONG_UP,-8.81,6.54,-20.85,-24.85,51.61,26.89,0.6652,LOW,PROGRESS,190.0917,205.5298,209.0163,0,12.557,WEAK,12.6704
1077,-405,MMM,3M,Industrials,Industrial Conglomerates,large,144.47,33.47,-0.0178,-0.0328,-0.1198,STRONG_UP,-8.22,14.46,65.31,-18.77,52.02,31.56,0.4289,LOW,EARLY,147.465,156.968,157.2256,0,23.8266,WEAK,12.6187
1078,-402,VRNS,VARONIS SYSTEMS INC,Information Technology,,mid,22.53,5.73,0.0233,-0.0227,-0.2324,STRONG_UP,-62.11,-40.76,-52.88,-66.7,54.44,63.08,0.4267,LOW,EARLY,23.1665,25.1147,41.9279,0,-35.1748,WEAK,12.5739
1079,-404,BWIN,BALDWIN INSURANCE GROUP INC CLASS,Financials,,mid,22.35,1.39,0.0228,0.0139,-0.0679,STRONG_UP,-19.78,-45.78,-20.06,-62.95,47.58,75.96,0.7733,LOW,SHIFT,21.339,20.5818,27.9407,0,-28.675,WEAK,12.5734
1080,-403,PDD,PDD Holdings,Technology,EDP Services,large,100.87,50.0,-0.0269,0.1341,0.1141,FLAT,-25.41,0.86,-14.42,-30.36,51.21,31.48,0.5087,LOW,EARLY,100.993,102.6014,115.3685,0,1.3989,LAGGARD,12.5454
1082,0,GRBK,GREEN BRICK PARTNERS INC,Consumer Discretionary,,mid,65.35,40.94,0.0305,-0.0153,0.0869,FLAT,-14.37,17.22,12.27,-23.99,47.98,37.09,1.0738,MED,PROGRESS,64.3955,70.3268,67.8704,0,22.2756,WEAK,12.5196
1086,-404,NWSA,News Corp (Class A),Communication Services,Publishing,large,24.4,27.27,-0.0182,0.0387,-0.0174,FLAT,-14.18,2.1,-3.46,-27.81,51.61,29.31,1.0746,MED,SHIFT,24.2423,24.3029,26.8559,0,3.6967,WEAK,12.4332
1089,-408,FISV,Fiserv,Financials,Transaction & Payment Processing Services,large,56.16,0.0,0.005,-0.1123,-0.1515,STRONG_UP,-55.46,-71.7,-64.32,-75.17,49.39,38.47,1.1046,MED,EARLY,57.2075,60.2176,100.1677,0,-92.0516,WEAK,12.3648
1091,-408,VCTR,VICTORY CAPITAL HOLDINGS CLASS A I,Financials,,mid,62.93,42.16,-0.0708,-0.1002,-0.0189,FLAT,-0.27,26.01,54.96,-17.97,50.4,35.64,0.8762,LOW,EARLY,67.1178,69.8023,66.1995,0,36.7839,WEAK,12.3291
1092,-408,PFSI,PENNYMAC FINANCIAL SERVICES INC,Financials,,mid,90.1,12.54,0.0172,0.0266,-0.3204,FLAT,-26.43,-4.97,3.45,-47.06,51.21,76.29,0.6535,LOW,PROGRESS,86.548,97.1807,112.94,0,-3.3378,WEAK,12.3241
1093,-408,LULU,Lululemon Athletica,Consumer Discretionary,"Apparel, Accessories & Luxury Goods",large,155.72,1.34,0.0424,-0.0462,-0.2127,STRONG_UP,-12.62,-41.24,-56.37,-56.49,50.0,42.17,0.7107,LOW,EARLY,159.6395,171.4614,188.7653,0,-48.8946,WEAK,12.311
1095,0,CHTR,Charter Communications,Communication Services,Cable & Satellite,large,219.79,4.55,-0.0218,-0.0194,0.1068,STRONG_DOWN,-18.48,-33.98,-17.83,-57.21,49.6,41.09,0.7483,LOW,PROGRESS,218.4735,220.6214,254.6209,0,-41.0117,WEAK,12.2695
1099,-409,HUM,Humana,Health Care,Managed Health Care,large,177.83,9.62,0.0073,0.0187,-0.272,FLAT,-30.11,-29.08,-41.61,-47.18,54.03,57.24,0.4834,LOW,PROGRESS,171.045,184.8968,241.0038,0,-27.4502,WEAK,12.1485
1105,0,GEN,Gen Digital,Information Technology,Systems Software,large,18.89,17.71,-0.0094,-0.1327,-0.2072,STRONG_UP,-32.05,-18.85,-11.51,-42.23,46.37,36.79,0.9801,LOW,EARLY,20.296,22.142,26.5276,0,-23.7636,WEAK,12.0436
1106,0,IR,Ingersoll Rand,Industrials,Industrial Machinery & Supplies & Components,large,77.91,33.88,-0.0472,-0.0969,-0.0396,FLAT,-7.4,14.79,-17.67,-22.08,47.98,37.08,0.8372,LOW,EARLY,82.3165,88.7984,82.9037,0,19.1316,WEAK,12.0374
1107,0,CMG,Chipotle Mexican Grill,Consumer Discretionary,Restaurants,large,33.16,4.7,0.0493,-0.0506,-0.0668,STRONG_UP,-17.66,-28.95,-42.93,-48.82,43.55,35.63,0.7313,LOW,PROGRESS,33.118,36.1696,40.0155,0,-35.3826,WEAK,12.0287
1109,-414,CVLT,COMMVAULT SYSTEMS INC,Information Technology,,mid,79.93,5.21,0.0117,-0.0603,-0.292,STRONG_UP,-56.5,-43.74,-20.23,-61.53,51.61,74.43,0.6907,LOW,EARLY,80.069,86.632,140.3317,0,-30.3315,WEAK,12.0042
1110,-418,FRSH,FRESHWORKS INC CLASS A,Information Technology,,mid,8.32,9.9,0.0183,-0.0029,-0.2184,STRONG_UP,-27.78,-31.58,-54.21,-56.95,46.37,61.23,0.7463,LOW,PROGRESS,8.0898,8.5704,11.6552,0,-23.915,WEAK,12.0036
1112,0,MTCH,Match Group,Communication Services,Interactive Media & Services,mid,31.44,54.55,0.0447,0.0337,0.0529,FLAT,-8.52,14.85,-3.98,-24.61,51.21,35.54,0.4315,LOW,SHIFT,30.7245,30.9881,32.9162,0,21.4004,LAGGARD,11.993
1113,0,SPGI,S&P Global,Financials,Financial Exchanges & Data,large,431.16,16.03,0.0244,-0.0359,-0.1648,STRONG_UP,-9.15,-0.85,1.45,-30.48,54.03,40.8,0.5424,LOW,PROGRESS,425.3735,443.4313,496.8825,0,-1.1287,WEAK,11.9914
1115,-418,CVS,CVS Health,Health Care,Health Care Services,large,73.49,39.62,0.0043,-0.0368,-0.0231,FLAT,-3.55,19.49,6.96,-16.44,56.85,38.42,0.6878,LOW,EARLY,73.645,76.0234,73.6326,0,28.8375,WEAK,11.9541
1118,0,SYY,Sysco,Consumer Staples,Food Distributors,large,71.16,46.77,-0.1284,-0.1083,-0.0723,STRONG_DOWN,-12.7,5.39,-1.85,-23.98,48.79,42.81,1.5092,HIGH,EARLY,80.3531,83.5405,78.0433,0,6.1465,WEAK,11.8428
1122,-404,PM,Philip Morris International,Consumer Staples,Tobacco,large,158.1,50.0,-0.0381,-0.0041,-0.0645,FLAT,2.89,8.25,91.16,-20.64,56.05,28.55,0.8453,LOW,EARLY,166.0207,174.3463,163.2136,0,16.1908,LAGGARD,11.7789
1124,-420,ICE,Intercontinental Exchange,Financials,Financial Exchanges & Data,large,162.98,20.91,0.0306,0.0059,0.0145,FLAT,1.87,6.62,21.02,-22.53,53.23,30.91,1.0975,MED,SHIFT,158.6743,161.4965,165.8011,0,11.4077,WEAK,11.7705
1125,-420,BRSL,BRIGHTSTAR LOTTERY PLC,Consumer Discretionary,,mid,12.73,32.89,-0.0164,0.005,-0.1047,FLAT,-26.63,9.76,-20.72,-29.69,47.98,27.14,0.529,LOW,EARLY,12.8199,13.3083,14.7401,0,17.2632,WEAK,11.7327
1126,0,SKYW,SKYWEST INC,Industrials,,mid,91.51,34.3,-0.0072,0.0031,-0.1124,FLAT,-8.55,14.9,32.2,-28.96,47.58,39.3,0.9785,LOW,PROGRESS,91.124,98.0926,103.2488,0,18.0448,WEAK,11.7165
1128,-422,PRU,Prudential Financial,Financials,Life & Health Insurance,large,97.58,21.6,0.009,-0.0074,-0.1392,STRONG_UP,-1.7,7.31,-7.14,-21.46,54.03,27.26,0.718,LOW,PROGRESS,94.73,99.7683,103.1327,0,14.487,WEAK,11.6846
1131,-410,NMIH,NMI HOLDINGS INC,Financials,,mid,37.54,28.22,-0.0186,-0.0217,-0.0834,STRONG_UP,0.75,14.49,20.98,-18.08,54.44,27.27,0.8284,LOW,PROGRESS,37.4165,38.601,38.6684,0,28.9191,WEAK,11.5871
1132,-420,TTWO,Take-Two Interactive,Communication Services,Interactive Home Entertainment,large,199.87,22.73,0.0412,-0.0348,-0.1586,STRONG_UP,-22.21,1.18,32.33,-27.68,50.81,37.13,0.6538,LOW,EARLY,202.1705,208.731,234.6688,0,1.6211,WEAK,11.5773
1133,0,CCI,Crown Castle,Real Estate,Telecom Tower REITs,large,84.78,14.12,0.0522,-0.0101,-0.0705,STRONG_UP,-9.01,-9.61,-6.31,-30.0,52.02,36.48,1.7625,HIGH,PROGRESS,83.6095,84.9038,91.3226,0,-13.6967,WEAK,11.5773
1134,0,LEN,Lennar,Consumer Discretionary,Homebuilding,large,86.49,8.05,-0.0676,-0.1161,-0.1178,STRONG_UP,-32.01,-17.79,-44.56,-39.87,47.18,40.41,0.9591,LOW,EARLY,92.947,105.4291,116.4094,0,-20.7668,WEAK,11.5707
1137,0,RMD,ResMed,Health Care,Health Care Equipment,large,224.09,28.46,-0.0284,-0.093,-0.0303,FLAT,-18.62,6.15,20.87,-24.74,50.4,27.68,0.5892,LOW,EARLY,230.9295,246.9126,258.0063,0,11.2006,WEAK,11.4605
1140,-427,NWS,News Corp (Class B),Communication Services,Publishing,large,28.11,31.82,-0.0133,0.0768,-0.001,FLAT,-12.6,3.25,7.7,-26.84,54.03,29.37,0.849,LOW,SHIFT,27.5243,27.597,30.5913,0,5.9791,WEAK,11.3594
1143,-427,ABBV,AbbVie,Health Care,Biotechnology,large,208.84,36.15,-0.0475,-0.0719,-0.0297,FLAT,-10.37,15.7,31.59,-14.86,52.42,28.25,0.7038,LOW,EARLY,215.5205,221.601,214.1598,0,29.1399,WEAK,11.3238
1144,-427,HQY,HEALTHEQUITY INC,Health Care,,mid,84.67,28.08,-0.0186,0.0888,-0.0181,FLAT,-5.59,5.36,6.65,-35.25,50.0,37.87,0.6246,LOW,SHIFT,80.7765,80.145,91.2497,0,7.0813,WEAK,11.3169
1145,-430,IP,International Paper,Materials,Paper & Plastic Packaging Products & Materials,large,34.79,1.45,-0.0394,-0.1341,-0.198,STRONG_UP,-23.75,-22.41,-2.59,-37.4,46.37,45.59,1.0611,MED,EARLY,36.404,40.9972,43.1254,0,-22.7941,WEAK,11.3042
1147,-427,UHS,Universal Health Services,Health Care,Health Care Facilities,large,176.7,26.54,-0.0847,-0.0736,-0.1434,FLAT,-13.88,3.34,2.7,-27.51,52.82,38.3,0.7036,LOW,EARLY,186.699,203.4774,200.3041,0,4.602,WEAK,11.2471
1149,-430,MMS,MAXIMUS INC,Industrials,,mid,62.38,19.01,-0.0695,-0.1659,-0.292,STRONG_UP,-31.07,-5.89,-20.63,-36.66,45.16,46.77,1.3488,MED,EARLY,69.2945,76.8428,81.2711,0,-5.689,WEAK,11.1684
1151,0,CVCO,CAVCO INDUSTRIES INC,Consumer Discretionary,,mid,479.84,28.19,0.0041,-0.0925,-0.1402,STRONG_UP,-18.53,2.89,26.14,-34.05,54.03,55.82,0.8587,LOW,EARLY,490.4325,541.2942,534.4666,0,2.7978,WEAK,11.1512
1152,-429,LOW,Lowe's,Consumer Discretionary,Home Improvement Retail,large,231.03,32.21,-0.0228,-0.0383,-0.0114,FLAT,-5.71,8.64,0.29,-21.84,50.81,29.71,0.9647,LOW,EARLY,237.573,258.9524,245.6747,0,14.7781,WEAK,11.1406
1153,0,CTSH,Cognizant,Information Technology,IT Consulting & Other Services,large,62.54,25.0,0.0081,-0.0174,-0.1623,STRONG_UP,-5.77,-5.53,-9.1,-30.76,52.82,40.24,0.5027,LOW,PROGRESS,61.6405,67.7358,72.4637,0,-7.254,WEAK,11.1234
1154,-430,GEO,GEO GROUP INC,Industrials,,mid,18.42,3.72,0.0748,0.2781,0.1412,FLAT,-8.31,-32.82,21.66,-58.13,47.58,62.47,0.7932,LOW,SHIFT,16.024,15.6606,18.7302,0,-24.9993,WEAK,11.1222
1158,-433,APLE,APPLE HOSPITALITY REIT INC,Real Estate,,mid,11.53,43.53,-0.0162,-0.0263,-0.0627,STRONG_UP,-0.51,12.68,-16.69,-13.49,47.18,23.45,1.2466,MED,EARLY,11.7211,11.8888,11.6253,0,25.5083,WEAK,11.0418
1162,0,EPAM,EPAM Systems,Information Technology,IT Consulting & Other Services,mid,137.99,26.04,-0.0187,-0.0137,-0.2473,FLAT,-9.67,-4.8,-47.8,-41.82,54.03,60.65,0.7164,LOW,PROGRESS,137.394,158.6916,170.7784,0,-4.2775,WEAK,11.0092
1163,0,WAT,Waters Corporation,Health Care,Life Sciences Tools & Services,large,304.24,20.0,0.0078,-0.0067,-0.1513,STRONG_UP,-5.49,-6.62,-9.44,-31.32,49.19,38.98,0.6645,LOW,PROGRESS,297.348,327.2124,337.274,0,-8.3509,WEAK,11.0009
1165,-432,EXE,Expand Energy,Energy,Oil & Gas Exploration & Production,large,103.89,3.33,-0.0452,-0.072,-0.3997,STRONG_UP,-2.69,7.06,23.04,-22.9,50.81,36.91,0.7888,LOW,EARLY,108.233,107.0109,105.5132,0,9.7196,WEAK,10.9862
1166,-434,ROL,"Rollins, Inc.",Industrials,Environmental & Facilities Services,large,53.93,26.86,0.0005,-0.0306,-0.0999,STRONG_UP,-6.94,7.11,21.84,-19.79,52.82,28.38,0.8475,LOW,EARLY,54.5075,58.7883,57.9481,0,13.2415,WEAK,10.9423
1168,-437,HURN,HURON CONSULTING GROUP INC,Industrials,,mid,130.35,19.83,0.0354,-0.0604,-0.2546,STRONG_UP,-11.68,-4.63,38.39,-35.14,54.03,48.15,1.0547,MED,PROGRESS,129.024,141.7108,149.2205,0,-5.1968,WEAK,10.921
1172,0,HAE,HAEMONETICS CORP,Health Care,,mid,56.83,21.15,0.0073,-0.0859,-0.2373,STRONG_UP,16.22,-3.6,-32.86,-39.02,51.61,32.97,0.4918,LOW,EARLY,58.648,61.3616,64.9964,0,-5.6295,WEAK,10.8043
1173,-437,CPAY,Corpay,Financials,Transaction & Payment Processing Services,large,293.34,17.07,-0.0075,-0.0873,-0.0319,FLAT,2.22,1.75,-4.2,-28.13,51.21,47.25,0.8259,LOW,EARLY,301.298,318.9198,310.1084,0,1.8985,WEAK,10.793
1176,-435,PODD,Insulet Corporation,Health Care,Health Care Equipment,large,204.31,13.46,-0.0636,-0.1227,-0.2257,STRONG_UP,-34.56,-20.26,23.82,-42.09,50.0,33.34,0.8734,LOW,EARLY,223.7815,240.3298,292.874,0,-30.3885,WEAK,10.7518
1186,-437,EFSC,ENTERPRISE FINANCIAL SERVICES CORP,Financials,,mid,54.72,32.75,-0.0106,-0.0096,0.0111,STRONG_DOWN,-3.2,17.18,46.48,-15.28,49.19,26.71,1.1682,MED,PROGRESS,53.7327,56.3627,55.7572,0,31.6344,WEAK,10.6265
1190,-443,MHO,M I HOMES INC,Consumer Discretionary,,mid,121.62,35.57,0.0006,-0.0664,0.0044,FLAT,-17.21,11.35,-3.31,-24.6,50.0,31.09,0.6386,LOW,EARLY,125.5245,134.229,132.7952,0,18.2587,WEAK,10.6097
1192,0,LII,Lennox International,Industrials,Building Products,large,454.64,14.46,0.0138,-0.0953,-0.1027,STRONG_UP,-16.36,-12.19,-3.57,-33.77,47.98,38.8,0.8231,LOW,EARLY,476.1304,510.4844,530.9321,0,-15.0692,WEAK,10.543
1194,0,CDW,CDW Corporation,Information Technology,Technology Distributors,large,122.01,19.27,-0.0069,0.014,-0.0147,FLAT,-22.74,-15.72,-50.79,-39.49,50.0,35.61,0.5403,LOW,PROGRESS,119.508,124.4556,147.9778,0,-22.0748,WEAK,10.5332
1199,0,KNF,KNIFE RIVER CORP,Materials,,mid,73.91,2.9,-0.0992,-0.0968,-0.0549,STRONG_DOWN,2.23,-12.73,-8.49,-41.75,47.18,61.23,1.6809,HIGH,EARLY,81.446,81.1502,77.6094,0,-9.808,WEAK,10.4965
1201,-446,MSCI,MSCI Inc.,Financials,Financial Exchanges & Data,large,544.78,22.3,0.0039,-0.0296,-0.0402,STRONG_UP,-2.16,9.0,3.01,-18.07,53.63,33.41,0.5656,LOW,EARLY,546.1005,556.5956,559.9153,0,14.4398,WEAK,10.4708
1203,0,VRSK,Verisk Analytics,Industrials,Research & Consulting Services,large,185.08,3.31,-0.0151,-0.0792,-0.1771,STRONG_UP,-24.85,-32.93,-17.59,-46.98,46.77,37.97,0.7001,LOW,EARLY,196.8876,197.058,236.588,0,-40.5593,WEAK,10.4241
1205,0,DRI,Darden Restaurants,Consumer Discretionary,Restaurants,large,196.33,31.54,-0.0059,0.0081,0.1096,STRONG_DOWN,3.05,7.01,33.94,-23.92,50.0,30.18,0.8101,LOW,EARLY,200.0625,205.5852,196.8875,0,11.62,WEAK,10.3958
1206,-447,TDG,TransDigm Group,Industrials,Aerospace & Defense,large,1167.0,22.73,-0.0042,-0.0565,-0.1576,STRONG_UP,-9.1,-0.18,6.6,-25.3,54.84,28.24,0.8015,LOW,EARLY,1199.282,1281.2698,1329.3284,0,-0.3583,WEAK,10.3955
1208,-447,TECH,Bio-Techne,Health Care,Life Sciences Tools & Services,mid,53.13,25.77,-0.002,-0.0201,-0.0559,STRONG_UP,-14.2,2.16,-19.88,-31.53,49.6,41.33,0.7418,LOW,PROGRESS,52.1475,58.0505,57.5876,0,2.5921,WEAK,10.3477
1209,-446,DRVN,DRIVEN BRANDS HOLDINGS INC,Consumer Discretionary,,mid,12.34,6.04,-0.0465,0.1839,-0.1003,FLAT,-21.65,-20.03,-17.18,-46.38,44.35,72.35,0.6048,LOW,PROGRESS,11.364,13.6752,15.529,0,-12.2757,WEAK,10.2988
1210,-446,SOLV,Solventum,Health Care,Health Care Technology,large,63.57,22.31,-0.0319,-0.0726,-0.1433,STRONG_UP,-14.79,-2.68,-9.26,-27.14,49.6,31.23,0.8543,LOW,EARLY,66.022,71.8912,74.6002,0,-4.255,WEAK,10.2928
1211,-449,MOH,Molina Healthcare,Health Care,Managed Health Care,mid,139.38,0.77,-0.0049,-0.0271,-0.1668,STRONG_UP,-28.25,-59.05,-63.01,-64.81,52.02,69.61,0.6811,LOW,EARLY,141.3665,151.49,174.6584,0,-44.1297,WEAK,10.2748
1212,0,MDT,Medtronic,Health Care,Health Care Equipment,large,86.63,29.62,-0.0506,-0.0317,-0.0385,FLAT,-7.86,7.5,9.28,-17.61,50.81,20.36,0.5551,LOW,EARLY,87.1682,94.1015,93.0,0,18.708,WEAK,10.2745
1214,0,BMI,BADGER METER INC,Information Technology,,mid,156.73,23.44,0.036,0.106,-0.0448,FLAT,-12.37,-8.56,-0.05,-42.92,49.19,42.89,0.6242,LOW,SHIFT,149.782,152.6561,180.2186,0,-9.8176,WEAK,10.205
1215,-449,TSCO,Tractor Supply,Consumer Discretionary,Other Specialty Retail,large,43.82,16.11,-0.0493,-0.0778,-0.0854,STRONG_UP,-21.38,-9.67,-10.31,-29.44,49.19,32.62,1.0782,MED,EARLY,46.8575,50.5787,54.0303,0,-14.5837,WEAK,10.1347
1216,-451,HPQ,HP Inc.,Information Technology,"Technology Hardware, Storage & Peripherals",large,19.51,21.35,-0.0358,0.0577,-0.0393,FLAT,-24.23,-12.33,-27.13,-36.62,48.39,31.72,0.7631,LOW,SHIFT,18.8684,18.8261,23.2899,0,-18.8174,WEAK,10.1215
1217,0,IPAR,INTERPARFUMS INC,Consumer Staples,,mid,90.61,33.87,-0.004,0.0116,0.0191,STRONG_DOWN,-1.93,-9.4,-26.92,-43.01,50.81,28.31,1.6677,HIGH,EARLY,91.0441,95.6188,99.9381,0,-16.8644,WEAK,10.0958
1218,-451,FTNT,Fortinet,Information Technology,Systems Software,large,82.53,23.96,0.0164,0.0101,0.1274,FLAT,-4.36,-6.22,16.39,-31.56,53.63,35.01,0.6108,LOW,SHIFT,82.162,81.6516,85.1846,0,-9.5218,WEAK,10.0892
1220,0,FDS,FactSet,Financials,Financial Exchanges & Data,mid,227.68,1.74,0.111,0.0212,-0.2045,STRONG_UP,-18.49,-43.05,-46.17,-59.47,50.4,50.16,1.0119,MED,SHIFT,209.2265,217.8091,302.5589,0,-43.2539,WEAK,10.0568
1222,-454,CRM,Salesforce,Information Technology,Application Software,large,187.18,16.15,0.005,-0.0387,-0.1976,STRONG_UP,-21.52,-22.85,-37.33,-38.51,50.81,42.26,0.9104,LOW,EARLY,191.532,196.2042,236.8982,0,-27.476,WEAK,10.0336
1223,0,ALG,ALAMO GROUP INC,Industrials,,mid,168.2,25.62,-0.0206,0.015,-0.028,FLAT,-11.9,4.82,-22.1,-31.99,47.18,44.53,0.995,LOW,PROGRESS,168.0545,188.3994,193.0073,0,5.1121,WEAK,10.0106
1224,0,BLDR,Builders FirstSource,Industrials,Building Products,mid,79.12,2.48,-0.0441,-0.1293,-0.2604,STRONG_UP,-38.05,-33.46,-61.24,-47.16,38.71,52.36,1.0224,MED,EARLY,85.773,102.5728,116.9516,0,-24.7388,WEAK,10.0031
1225,-456,ACN,Accenture,Information Technology,IT Consulting & Other Services,large,201.33,12.5,0.0064,-0.0273,-0.1611,STRONG_UP,-17.6,-28.58,-37.92,-40.45,48.79,45.03,0.8252,LOW,PROGRESS,199.2965,220.024,251.106,0,-30.969,WEAK,9.9988
1226,-456,ADBE,Adobe Inc.,Information Technology,Application Software,large,242.92,11.98,-0.005,-0.1059,-0.2068,STRONG_UP,-30.89,-28.7,-49.93,-44.18,50.0,37.31,0.6136,LOW,EARLY,252.409,264.8574,327.7639,0,-38.4612,WEAK,9.9941
1227,-454,STE,Steris,Health Care,Health Care Equipment,large,218.71,26.92,-0.0479,-0.0537,-0.0709,STRONG_UP,-9.54,3.57,4.25,-20.76,49.6,28.31,0.9224,LOW,EARLY,220.5115,239.3,243.7855,0,6.2543,WEAK,9.9932
1229,-455,NOVT,NOVANTA INC,Information Technology,,mid,117.04,33.33,-0.005,-0.1113,0.1207,FLAT,13.36,11.47,-30.5,-26.97,49.6,49.77,0.6383,LOW,EARLY,119.3865,131.5156,121.3593,0,11.4275,WEAK,9.9765
1231,0,TOWN,TOWNEBANK,Financials,,mid,33.9,29.62,-0.0064,0.0218,0.0213,FLAT,0.52,14.67,32.65,-14.28,50.81,24.49,0.7815,LOW,PROGRESS,32.9768,34.4605,34.1271,0,30.4447,WEAK,9.9289
1232,-460,GFF,GRIFFON CORP,Industrials,,mid,71.42,28.1,-0.0151,-0.0628,-0.0624,FLAT,-7.38,7.75,-2.2,-27.85,48.79,36.08,0.5769,LOW,EARLY,72.181,80.7052,76.7337,0,10.4759,WEAK,9.928
1234,0,VLTO,Veralto,Industrials,Environmental & Facilities Services,large,88.01,23.97,0.0091,-0.0317,-0.1218,STRONG_UP,-17.1,1.53,1.96,-22.34,46.37,25.16,0.8924,LOW,EARLY,89.204,93.0086,100.18,0,2.8248,WEAK,9.8552
1237,-459,BR,Broadridge Financial Solutions,Industrials,Data Processing & Outsourced Services,large,160.93,6.2,-0.0055,-0.11,-0.2827,STRONG_UP,-30.46,-25.66,-17.95,-40.21,47.18,33.12,1.2991,MED,EARLY,172.4322,180.456,220.9388,0,-36.5492,WEAK,9.7673
1238,-461,MAS,Masco,Industrials,Building Products,large,59.12,21.49,-0.0342,-0.0523,-0.0957,STRONG_UP,-15.96,-1.19,-20.43,-24.38,44.76,36.39,0.7796,LOW,EARLY,60.9405,67.0772,66.8679,0,-1.4592,WEAK,9.7495
1239,0,BL,BLACKLINE INC,Information Technology,,mid,36.29,20.31,-0.0327,-0.003,-0.2608,FLAT,-29.29,-15.27,-41.66,-44.72,52.42,54.11,0.5151,LOW,EARLY,37.1825,39.8806,50.9331,0,-14.7928,WEAK,9.7441
1240,-459,CALM,CAL MAINE FOODS INC,Consumer Staples,,mid,78.1,35.48,0.0089,-0.07,-0.0556,FLAT,-13.56,-9.22,42.24,-37.0,52.02,32.51,1.577,HIGH,EARLY,82.8255,83.4839,90.9426,0,-14.7513,WEAK,9.7269
1241,0,CRVL,CORVEL CORP,Health Care,,mid,54.46,2.31,-0.0267,0.0229,-0.1194,FLAT,-25.81,-49.95,-32.16,-61.23,45.56,61.68,0.8284,LOW,SHIFT,53.4535,54.4086,74.452,0,-36.8952,WEAK,9.7128
1242,-463,AVY,Avery Dennison,Materials,Paper & Plastic Packaging Products & Materials,large,171.47,15.94,0.002,-0.043,-0.1264,STRONG_UP,6.51,5.33,-18.32,-17.97,48.39,22.82,0.7144,LOW,PROGRESS,170.0865,182.1674,174.5553,0,11.3105,WEAK,9.6967
1243,0,WK,WORKIVA INC CLASS A,Information Technology,,mid,60.0,22.92,-0.0019,-0.0367,-0.2125,STRONG_UP,-31.4,-9.06,-25.6,-38.28,49.6,42.16,0.8823,LOW,EARLY,60.899,65.0158,77.2285,0,-10.6628,WEAK,9.6926
1244,-461,WRB,W. R. Berkley Corporation,Financials,Property & Casualty Insurance,large,65.99,19.86,-0.0177,-0.0432,-0.0551,STRONG_UP,-11.88,5.4,19.34,-16.39,53.63,21.26,0.5312,LOW,EARLY,66.8405,68.7145,70.4818,0,13.6313,WEAK,9.6636
1246,0,AOS,A. O. Smith,Industrials,Building Products,mid,64.35,28.93,-0.0289,-0.0642,-0.0701,STRONG_UP,-11.59,8.29,-23.69,-20.86,48.39,28.18,0.7923,LOW,EARLY,66.205,72.1997,69.4907,0,14.2319,WEAK,9.63
1248,-464,QLYS,QUALYS INC,Information Technology,,mid,88.36,14.58,-0.0075,-0.0797,-0.2612,STRONG_UP,-32.44,-24.47,-46.4,-44.32,49.19,49.45,1.0925,MED,EARLY,93.5055,104.1826,128.389,0,-24.3435,WEAK,9.6129
1253,-465,BSX,Boston Scientific,Health Care,Health Care Equipment,large,62.82,8.46,-0.1366,-0.11,-0.2845,FLAT,-34.71,-31.37,-8.37,-42.67,47.98,46.42,0.8682,LOW,EARLY,68.4735,75.5482,94.204,0,-32.4286,WEAK,9.5452
1255,0,MGRC,MCGRATH RENT,Industrials,,mid,107.53,25.21,-0.0503,0.0228,0.0112,FLAT,-6.45,4.52,-7.66,-24.87,47.98,28.17,1.332,MED,PROGRESS,107.2055,111.6708,112.8345,0,7.706,WEAK,9.5043
1257,-467,RDN,RADIAN GROUP INC,Financials,,mid,33.65,26.83,-0.0045,-0.0084,-0.0637,STRONG_UP,-2.41,13.16,13.8,-14.34,50.0,28.26,0.5399,LOW,SHIFT,33.017,33.2664,34.0673,0,23.29,WEAK,9.4943
1258,0,AMP,Ameriprise Financial,Financials,Asset Management & Custody Banks,large,433.94,17.77,-0.0436,-0.0741,-0.1263,STRONG_UP,-10.99,2.72,2.41,-20.47,54.84,31.56,0.8919,LOW,EARLY,443.973,473.9824,488.2326,0,4.7248,WEAK,9.4929
1261,-466,CWST,CASELLA WASTE SYSTEMS INC CLASS A,Industrials,,mid,87.18,11.98,0.1354,-0.0633,-0.1329,STRONG_UP,-3.77,-16.2,-7.74,-37.72,50.0,41.23,2.4748,HIGH,PROGRESS,83.963,93.7698,97.2242,0,-19.6426,WEAK,9.4185
1262,0,TENB,TENABLE HOLDINGS INC,Information Technology,,mid,17.58,4.69,0.024,-0.1381,-0.1622,STRONG_UP,-40.45,-44.86,-63.61,-53.36,45.16,54.27,1.0321,MED,EARLY,19.2655,20.3534,26.8031,0,-37.326,WEAK,9.4088
1264,0,BOX,BOX INC CLASS A,Information Technology,,mid,24.02,18.23,0.0023,-0.0478,-0.1025,STRONG_UP,-26.09,-17.49,-12.5,-43.4,45.56,41.0,0.6237,LOW,EARLY,24.271,24.352,29.8646,0,-19.4301,WEAK,9.3458
1266,-466,LRN,STRIDE INC,Consumer Discretionary,,mid,89.64,4.03,0.0218,0.0944,0.4405,STRONG_DOWN,-38.28,-29.09,45.45,-64.07,53.23,39.36,0.3829,LOW,SHIFT,86.3385,84.5926,108.1102,0,-39.3381,WEAK,9.3149
1268,-470,AVPT,AVEPOINT INC CLASS A,Information Technology,,mid,9.94,13.54,0.014,-0.0877,-0.1837,STRONG_UP,-33.11,-26.59,18.33,-53.13,51.21,40.19,0.6482,LOW,EARLY,10.1845,10.6828,14.1737,0,-33.8782,WEAK,9.3059
1269,-468,MET,MetLife,Financials,Life & Health Insurance,large,70.72,19.51,0.0076,-0.0221,-0.121,STRONG_UP,-11.79,5.02,1.87,-17.46,52.82,27.76,0.6411,LOW,PROGRESS,69.5965,73.655,76.8145,0,9.5612,WEAK,9.3013
1270,-468,TGLS,TECNOGLASS INC,Industrials,,mid,43.78,4.96,0.0067,0.0395,-0.1724,FLAT,-33.85,-31.8,-17.76,-54.2,46.37,42.73,1.1411,MED,PROGRESS,42.9673,46.9553,59.4446,0,-34.5068,WEAK,9.2943
1275,0,ISRG,Intuitive Surgical,Health Care,Health Care Equipment,large,452.07,23.08,-0.0461,-0.0606,-0.1434,STRONG_UP,2.05,-2.49,16.4,-24.09,48.39,25.1,0.85,LOW,EARLY,474.3575,489.673,506.3157,0,-4.8029,WEAK,9.0999
1277,-484,GBTG,GLOBAL BUSINESS TRAVEL GROUP INC C,Consumer Discretionary,,mid,5.56,10.74,0.0179,0.0179,-0.212,UP,-30.5,-13.93,-7.33,-40.41,49.6,51.44,0.6185,LOW,PROGRESS,5.529,5.7522,7.0809,0,-13.4335,WEAK,9.0822
1280,0,ESNT,ESSENT GROUP LTD,Financials,,mid,59.16,27.18,-0.0124,0.0091,-0.0874,FLAT,-3.31,13.38,7.61,-13.93,52.02,26.52,0.5984,LOW,PROGRESS,58.0529,60.2937,60.8736,0,26.2365,WEAK,9.0392
1284,0,QTWO,Q2 HOLDINGS INC,Information Technology,,mid,47.74,10.42,0.0122,-0.0513,-0.248,STRONG_UP,-28.46,-30.98,-9.0,-52.32,43.95,40.33,0.4738,LOW,EARLY,48.583,52.8472,70.0561,0,-33.7625,WEAK,8.9707
1287,-479,PLMR,PALOMAR HOLDINGS INC,Financials,,mid,120.1,10.45,-0.009,-0.0469,-0.0967,STRONG_UP,6.92,-7.61,47.42,-37.44,53.63,32.6,0.5657,LOW,PROGRESS,120.058,123.1088,125.8981,0,-12.5163,WEAK,8.9492
1288,-479,AZO,AutoZone,Consumer Discretionary,Automotive Retail,large,3400.54,24.83,-0.0006,-0.0366,0.0823,FLAT,-20.06,-2.24,9.52,-25.48,49.6,30.16,0.4817,LOW,EARLY,3459.4855,3622.1522,3783.6295,0,-3.6802,WEAK,8.9456
1289,-478,HOMB,HOME BANCSHARES INC,Financials,,mid,27.17,24.39,-0.009,-0.0066,-0.0274,FLAT,-1.57,11.28,20.86,-14.34,50.0,22.14,0.7155,LOW,PROGRESS,26.564,27.9558,27.9785,0,25.4724,WEAK,8.9365
1294,-479,FIS,Fidelity National Information Services,Financials,Transaction & Payment Processing Services,large,46.29,3.48,-0.0498,-0.0687,-0.2963,STRONG_UP,-29.31,-30.89,-33.2,-44.01,47.18,33.77,0.989,LOW,EARLY,48.8721,50.3233,64.029,0,-43.1514,WEAK,8.9024
1295,-479,MA,Mastercard,Financials,Transaction & Payment Processing Services,large,493.44,17.42,-0.018,-0.0512,-0.1302,STRONG_UP,-14.29,2.22,4.6,-18.92,53.23,26.07,0.7419,LOW,EARLY,500.545,517.2856,552.0064,0,4.5288,WEAK,8.877
1296,-479,CSW,CSW INDUSTRIALS INC,Industrials,,mid,263.21,23.14,-0.0305,0.0114,-0.1236,FLAT,2.45,0.06,12.17,-31.03,51.61,46.02,0.7033,LOW,PROGRESS,261.461,282.329,274.9525,0,0.0661,WEAK,8.8212
1297,0,ITRI,ITRON INC,Information Technology,,mid,88.69,24.48,-0.0033,0.0048,0.0065,STRONG_DOWN,-28.24,-6.03,-3.07,-39.4,54.03,42.27,0.5037,LOW,EARLY,90.93,95.2278,111.5777,0,-7.7061,WEAK,8.8061
1299,0,EXR,Extra Space Storage,Real Estate,Self-Storage REITs,large,133.86,35.29,0.0114,-0.0446,-0.0044,FLAT,-3.12,5.84,-0.24,-16.7,51.61,26.23,0.6301,LOW,EARLY,135.5037,139.7197,137.4976,0,11.483,WEAK,8.7497
1300,-480,OMC,Omnicom Group,Communication Services,Advertising,large,74.81,36.36,-0.0104,-0.0839,-0.0239,FLAT,-0.71,8.67,-13.44,-17.85,50.0,48.15,0.8192,LOW,EARLY,77.1921,76.5733,74.8883,0,9.0021,WEAK,8.7321
1302,0,NVR,"NVR, Inc.",Consumer Discretionary,Homebuilding,large,6663.1401,18.79,0.0076,-0.0036,-0.0359,STRONG_UP,-17.45,-5.44,-15.74,-25.44,47.98,27.95,0.7274,LOW,PROGRESS,6577.183,7211.9704,7550.9772,0,-9.3445,WEAK,8.6768
1303,0,FELE,FRANKLIN ELECTRIC INC,Industrials,,mid,93.19,30.99,0.0028,-0.0089,-0.0533,STRONG_UP,-2.71,10.23,-7.6,-18.18,47.98,38.71,0.6754,LOW,PROGRESS,92.428,97.5347,95.2483,0,12.6758,WEAK,8.6667
1304,-483,KAI,KADANT INC,Industrials,,mid,286.6,20.25,-0.0418,-0.1288,-0.0148,FLAT,-3.7,-4.01,-3.56,-30.91,47.98,39.03,1.1292,MED,EARLY,307.1,322.5606,309.7099,0,-4.9356,WEAK,8.6546
1311,-484,DORM,DORMAN PRODUCTS INC,Consumer Discretionary,,mid,100.9,14.09,-0.0609,-0.0454,-0.1383,FLAT,-35.23,-11.37,4.7,-39.34,48.39,31.14,1.1338,MED,EARLY,104.248,116.5662,131.9866,0,-17.6635,WEAK,8.4895
1312,0,PAYC,Paycom,Industrials,Human Resource & Employment Services,mid,123.56,2.07,0.028,-0.0511,-0.2036,STRONG_UP,-38.33,-36.62,-36.69,-56.77,50.4,43.21,0.3906,LOW,EARLY,125.2792,127.8513,180.4036,0,-42.7113,WEAK,8.4489
1317,0,SLG,SL GREEN REALTY REIT CORP,Real Estate,,mid,36.06,4.71,0.0119,-0.0396,-0.2569,STRONG_UP,-38.65,-23.71,-22.74,-45.4,47.58,42.21,0.8794,LOW,EARLY,37.009,39.0835,49.2349,0,-26.7319,WEAK,8.3239
1318,-485,DPZ,Domino's,Consumer Discretionary,Restaurants,large,370.82,12.08,0.0399,-0.0199,-0.075,STRONG_UP,-13.23,-13.62,-22.47,-28.84,46.37,28.89,1.0551,MED,EARLY,377.9849,389.1228,419.5321,0,-21.8635,WEAK,8.3141
1320,-492,BXP,"BXP, Inc.",Real Estate,Office REITs,mid,51.78,18.82,-0.0062,-0.0164,-0.2643,STRONG_UP,-29.87,-7.17,-6.37,-33.56,51.61,32.93,0.7554,LOW,EARLY,51.8874,57.3025,65.6807,0,-11.2336,WEAK,8.2666
1324,-488,VRRM,VERRA MOBILITY CORP CLASS A,Industrials,,mid,14.52,2.89,0.0186,-0.0777,-0.3664,STRONG_UP,-40.07,-33.06,-40.61,-45.89,41.53,38.39,1.7534,HIGH,EARLY,14.8275,17.0392,22.066,0,-35.7605,WEAK,8.2014
1326,-488,KFY,KORN FERRY,Industrials,,mid,63.36,27.69,-0.0116,0.0255,-0.054,FLAT,-7.03,7.24,4.99,-21.05,47.18,32.0,0.886,LOW,SHIFT,61.904,63.233,67.3446,0,10.6797,WEAK,8.105
1329,-490,BANF,BANCFIRST CORP,Financials,,mid,109.07,21.95,-0.0103,-0.009,0.0216,STRONG_DOWN,-11.88,7.6,33.05,-23.63,50.4,31.73,0.4069,LOW,PROGRESS,106.7735,110.724,116.9235,0,12.0646,WEAK,8.0778
1331,0,SFBS,SERVISFIRST BANCSHARES INC,Financials,,mid,73.12,20.21,-0.0236,-0.0601,0.0159,FLAT,-8.66,6.09,20.51,-23.75,47.98,41.3,0.6654,LOW,PROGRESS,73.0403,79.274,77.4573,0,7.0704,WEAK,8.0527
1338,-494,ELV,Elevance Health,Health Care,Managed Health Care,large,300.74,10.0,0.0057,0.0861,-0.0936,FLAT,-10.61,-27.41,-38.59,-37.47,50.4,43.95,0.6248,LOW,PROGRESS,290.8678,315.3402,324.5289,0,-31.4316,WEAK,7.9164
1339,-492,AJG,Arthur J. Gallagher & Co.,Financials,Insurance Brokers,large,217.61,3.83,0.0138,-0.0412,-0.1551,STRONG_UP,-29.1,-29.3,-9.18,-40.88,51.21,34.84,0.7082,LOW,PROGRESS,213.2515,222.674,266.7972,0,-43.073,WEAK,7.838
1341,0,CPRT,Copart,Industrials,Diversified Support Services,large,33.4,1.65,0.0024,-0.0792,-0.1323,STRONG_UP,-25.06,-38.4,-40.94,-49.2,47.98,31.07,0.6955,LOW,EARLY,33.927,36.8372,42.3107,0,-59.298,WEAK,7.8116
1344,-496,ROP,Roper Technologies,Information Technology,Electronic Equipment & Instruments,large,357.88,9.38,-0.0001,0.0103,-0.112,FLAT,-27.81,-32.45,-33.37,-45.59,52.02,34.91,0.6484,LOW,SHIFT,352.9235,353.718,459.2852,0,-48.3537,WEAK,7.7789
1345,-495,BANR,BANNER CORP,Financials,,mid,61.6,24.04,-0.0059,0.0271,-0.0138,FLAT,-1.86,11.21,42.5,-14.3,47.98,28.03,0.5362,LOW,SHIFT,59.588,61.3289,62.8956,0,19.1839,WEAK,7.769
1346,0,EQR,Equity Residential,Real Estate,Multi-Family Residential REITs,large,60.27,31.76,0.0117,0.0078,-0.0549,STRONG_UP,-2.84,0.72,5.83,-16.54,51.61,21.97,0.6584,LOW,PROGRESS,59.2448,61.0114,61.5599,0,1.7017,WEAK,7.7495
1347,0,WAY,WAYSTAR HOLDING CORP,Health Care,,mid,23.74,8.08,-0.0363,-0.0776,-0.191,STRONG_UP,-37.87,-33.61,14.69,-47.18,49.19,50.16,0.6067,LOW,EARLY,24.443,25.154,33.34,0,-32.963,WEAK,7.7224
1349,0,AMCR,Amcor,Materials,Paper & Plastic Packaging Products & Materials,large,39.93,7.25,0.0139,-0.0623,-0.1089,STRONG_UP,-1.69,-8.01,-6.47,-23.67,49.19,38.38,0.5974,LOW,EARLY,40.2615,44.1824,42.9999,0,-10.2703,WEAK,7.6669
1353,-498,JKHY,Jack Henry & Associates,Financials,Transaction & Payment Processing Services,large,157.48,12.2,-0.0098,-0.049,-0.1216,STRONG_UP,8.39,-5.73,-4.88,-20.84,50.4,30.02,1.014,MED,EARLY,163.165,166.1544,167.29,0,-9.6165,WEAK,7.6378
1354,-498,HNI,HNI CORP,Industrials,,mid,32.47,9.92,-0.0834,-0.1946,-0.2482,STRONG_UP,-29.97,-18.65,-21.43,-37.74,45.56,35.52,1.1306,MED,EARLY,36.857,43.5183,44.0711,0,-23.9176,WEAK,7.6179
1357,0,SHW,Sherwin-Williams,Materials,Specialty Chemicals,large,318.0,8.7,-0.0124,-0.0283,-0.0988,STRONG_UP,-7.11,-0.61,-2.51,-18.74,47.58,26.2,0.9679,LOW,EARLY,319.397,342.213,342.1337,0,-1.1077,WEAK,7.5796
1358,-501,CTAS,Cintas,Industrials,Diversified Support Services,large,174.34,18.18,0.0246,-0.1053,-0.0715,FLAT,-13.68,-7.72,5.21,-26.72,48.39,21.8,1.0955,MED,EARLY,183.683,190.9255,198.0289,0,-17.128,WEAK,7.579
1361,-502,BAX,Baxter International,Health Care,Health Care Equipment,mid,16.68,5.0,-0.0002,-0.0739,-0.092,STRONG_UP,-28.12,-40.96,-59.27,-49.79,48.39,53.18,0.6447,LOW,EARLY,17.0135,19.0507,21.8843,0,-37.2747,WEAK,7.5619
1362,-501,HD,Home Depot (The),Consumer Discretionary,Home Improvement Retail,large,321.63,22.15,-0.026,-0.0502,-0.0151,FLAT,-17.5,-3.44,-5.56,-23.25,46.77,24.63,0.8693,LOW,EARLY,334.9941,360.458,369.2325,0,-6.5334,WEAK,7.5512
1363,0,CON,CONCENTRA GROUP HOLDINGS PARENT IN,Health Care,,mid,20.89,27.31,-0.0557,-0.0774,0.1332,FLAT,1.56,4.5,-5.43,-21.39,46.37,28.9,0.5736,LOW,EARLY,21.9888,22.6128,21.0573,0,7.2182,WEAK,7.5497
1364,0,SMA,SMARTSTOP SELF STORAGE REIT INC,Real Estate,,mid,30.89,30.59,0.0074,-0.0073,-0.0213,STRONG_UP,-15.14,0.58,-1.11,-21.77,53.23,30.91,0.6006,LOW,EARLY,31.1148,31.8399,33.4721,0,0.9959,WEAK,7.5389
1366,-506,ORLY,O’Reilly Automotive,Consumer Discretionary,Automotive Retail,large,91.42,27.52,-0.0114,0.0248,0.065,STRONG_DOWN,-12.91,2.81,22.7,-19.03,51.61,24.8,0.5923,LOW,PROGRESS,91.189,93.7866,96.9672,0,5.8445,WEAK,7.5228
1367,0,WTW,Willis Towers Watson,Financials,Insurance Brokers,large,288.64,14.63,-0.0107,-0.028,-0.1202,STRONG_UP,-16.02,-2.97,9.09,-19.74,50.0,35.59,0.5553,LOW,EARLY,289.2824,299.3955,316.4217,0,-4.1745,WEAK,7.5076
1368,0,SKY,CHAMPION HOMES INC,Consumer Discretionary,,mid,73.92,13.42,-0.0069,-0.1065,-0.0808,FLAT,-4.75,-11.53,-8.06,-35.0,46.37,44.74,0.7118,LOW,EARLY,76.0815,84.0478,77.6112,0,-11.946,WEAK,7.4671
1369,-505,PAYX,Paychex,Industrials,Human Resource & Employment Services,large,91.7,4.13,-0.0276,-0.0256,-0.1634,FLAT,-24.2,-32.43,-20.12,-43.78,47.18,30.38,1.0938,MED,EARLY,93.1785,95.5183,117.7887,0,-50.3574,WEAK,7.3652
1370,-507,V,Visa Inc.,Financials,Transaction & Payment Processing Services,large,300.8,14.98,-0.0192,-0.0511,-0.1378,STRONG_UP,-12.7,-2.97,10.17,-20.38,51.21,23.74,0.5397,LOW,EARLY,305.2265,315.6438,335.4409,0,-6.4018,WEAK,7.3543
1371,-506,MKC,McCormick & Company,Consumer Staples,Packaged Foods & Meats,large,48.85,9.68,-0.0844,-0.1957,-0.3335,STRONG_UP,-27.25,-32.59,-32.44,-36.4,48.79,38.33,1.4777,MED,EARLY,55.4625,62.2012,66.3971,0,-41.4793,WEAK,7.3153
1372,-506,COO,Cooper Companies (The),Health Care,Health Care Supplies,large,70.17,20.77,-0.0391,-0.0958,-0.0827,FLAT,1.52,-4.28,-28.83,-23.83,49.6,23.47,0.9875,LOW,EARLY,71.64,77.8964,74.6081,0,-9.0518,WEAK,7.3043
1373,0,VICI,Vici Properties,Real Estate,Hotel & Resort REITs,large,27.66,27.06,0.0129,-0.0159,-0.0397,STRONG_UP,-12.78,-1.35,5.82,-17.88,48.39,18.85,0.5547,LOW,EARLY,27.7368,28.3424,29.5987,0,-3.4735,WEAK,7.1793
1375,-508,MTH,MERITAGE CORP,Consumer Discretionary,,mid,62.16,22.82,0.0107,-0.0369,-0.0057,FLAT,-14.51,-3.34,-20.53,-27.68,47.18,40.29,0.7243,LOW,EARLY,62.4776,69.3632,70.1553,0,-3.9111,WEAK,7.143
1376,0,KVUE,Kenvue,Consumer Staples,Personal Care Products,large,17.14,24.19,-0.0266,-0.0049,-0.0586,FLAT,11.6,-17.88,-8.22,-41.2,49.6,19.79,0.3628,LOW,EARLY,17.588,17.9208,17.9914,0,-44.8021,WEAK,7.1351
1377,0,AIG,American International Group,Financials,Multi-line Insurance,large,75.42,16.38,-0.0032,-0.0442,-0.1075,STRONG_UP,-4.24,-0.57,1.36,-16.98,52.42,27.21,0.4807,LOW,EARLY,75.552,76.2684,78.2488,0,-1.105,WEAK,7.1285
1379,0,SPSC,SPS COMMERCE INC,Information Technology,,mid,56.08,2.08,-0.0102,-0.0926,-0.2977,STRONG_UP,-46.34,-54.51,-68.73,-64.54,47.58,42.31,0.8273,LOW,EARLY,58.4725,66.3398,96.3505,0,-61.2997,WEAK,7.1113
1381,-511,ERIE,Erie Indemnity,Financials,Insurance Brokers,large,249.51,2.79,-0.0012,-0.0666,-0.1049,STRONG_UP,-19.94,-33.63,-35.86,-43.55,50.81,32.64,0.5792,LOW,PROGRESS,245.7025,263.9708,304.2253,0,-52.3522,WEAK,7.091
1382,-507,CMCSA,Comcast,Communication Services,Cable & Satellite,large,27.93,18.18,-0.0275,-0.0811,0.0891,FLAT,0.33,-7.06,-21.39,-25.72,48.79,25.1,0.7227,LOW,EARLY,29.1684,29.9181,28.7685,0,-13.7202,WEAK,7.0805
1384,0,CPT,Camden Property Trust,Real Estate,Multi-Family Residential REITs,large,100.76,21.18,0.024,-0.0251,-0.1137,STRONG_UP,-1.47,-2.93,12.43,-17.71,52.02,20.62,1.1309,MED,PROGRESS,99.1752,103.9598,104.7014,0,-7.4002,WEAK,7.036
1385,-513,MDLZ,Mondelez International,Consumer Staples,Packaged Foods & Meats,large,57.54,37.1,-0.0088,0.0558,0.031,FLAT,-5.19,-8.85,-10.1,-25.93,49.19,26.46,0.503,LOW,PROGRESS,56.5767,58.1004,59.2513,0,-16.4552,WEAK,7.0015
1386,-513,FG,F&G ANNUITIES AND LIFE INC,Financials,,mid,26.05,4.88,0.0395,0.132,-0.1307,FLAT,-13.38,-23.15,-32.87,-42.0,49.6,47.17,0.9163,LOW,SHIFT,23.4581,25.2463,29.6859,0,-24.3393,WEAK,6.9598
1388,-514,GPI,GROUP AUTOMOTIVE INC,Consumer Discretionary,,mid,329.45,11.41,-0.0128,0.0722,-0.1107,FLAT,-25.86,-13.9,20.24,-38.91,45.56,31.03,0.6673,LOW,PROGRESS,317.356,334.9497,403.3308,0,-20.4091,WEAK,6.9474
1389,-513,EG,Everest Group,Financials,Reinsurance,large,327.09,16.72,-0.0082,-0.0028,-0.0238,FLAT,-6.24,1.41,-10.98,-16.43,50.81,20.09,0.819,LOW,PROGRESS,322.6762,327.7457,330.6323,0,3.578,WEAK,6.8722
1391,0,NSIT,INSIGHT ENTERPRISES INC,Information Technology,,mid,67.05,4.17,-0.0207,-0.1958,-0.137,FLAT,-40.13,-49.02,-63.92,-56.07,49.19,48.89,1.0791,MED,EARLY,73.8965,80.4116,103.3054,0,-49.316,WEAK,6.837
1392,-512,PRVA,PRIVIA HEALTH GROUP INC,Health Care,,mid,21.21,24.23,0.0151,-0.081,-0.0437,FLAT,-13.29,-1.26,14.22,-24.77,45.97,39.46,0.8792,LOW,EARLY,21.467,22.2296,22.754,0,-1.4644,WEAK,6.8197
1396,-514,GPN,Global Payments,Financials,Transaction & Payment Processing Services,large,64.05,5.57,-0.0651,-0.1709,-0.157,FLAT,-25.41,-21.42,-47.99,-28.18,45.56,51.0,0.9991,LOW,EARLY,69.7415,72.5412,78.8722,0,-19.1369,WEAK,6.6833
1400,-513,BRO,Brown & Brown,Financials,Insurance Brokers,large,65.95,2.09,0.0028,-0.0898,-0.1562,STRONG_UP,-29.12,-41.04,-21.53,-47.15,47.98,31.65,0.7056,LOW,EARLY,67.126,69.8594,85.1543,0,-62.2091,WEAK,6.5481
1402,-512,DNOW,DNOW INC,Industrials,,mid,12.08,11.57,-0.0417,0.046,-0.1124,FLAT,-21.15,-16.23,-20.32,-34.08,55.24,55.16,0.6478,LOW,PROGRESS,11.7125,13.4096,14.2512,0,-16.251,WEAK,6.4734
1403,-515,ABM,ABM INDUSTRIES INC,Industrials,,mid,38.72,16.94,0.0131,-0.0758,-0.0965,STRONG_UP,-15.44,-9.09,-8.29,-27.81,49.6,28.4,1.1251,MED,PROGRESS,38.7113,42.4853,44.1827,0,-15.8685,WEAK,6.4678
1405,0,RVTY,Revvity,Health Care,Health Care Equipment,mid,88.94,19.62,0.0157,-0.0497,-0.0411,FLAT,-2.62,-7.25,-12.58,-28.75,50.0,39.96,0.7164,LOW,PROGRESS,87.346,96.4364,95.1169,0,-9.0666,WEAK,6.4576
1406,-517,ESS,Essex Property Trust,Real Estate,Multi-Family Residential REITs,large,247.34,25.88,0.0168,0.0094,-0.0651,STRONG_UP,-4.32,-1.95,12.03,-16.49,53.63,21.23,0.8646,LOW,PROGRESS,244.5666,248.9392,255.9654,0,-4.9326,WEAK,6.44
1409,-516,KBH,KB HOME,Consumer Discretionary,,mid,50.85,19.46,-0.0271,-0.0758,-0.0567,FLAT,-20.8,-5.35,-22.14,-25.08,46.77,34.28,1.0393,MED,EARLY,53.161,58.1891,59.4658,0,-7.2956,WEAK,6.4004
1415,-520,LTH,LIFE TIME GROUP HOLDINGS INC,Consumer Discretionary,,mid,26.99,21.48,0.0152,0.0893,0.0643,FLAT,-1.21,-4.29,85.75,-25.42,48.39,37.21,0.6727,LOW,PROGRESS,26.249,27.6786,27.4643,0,-5.58,WEAK,6.2157
1418,-521,AMT,American Tower,Real Estate,Telecom Tower REITs,large,173.73,5.88,-0.0019,-0.0368,-0.0444,STRONG_UP,-8.24,-15.73,-2.24,-26.67,52.02,29.33,1.2942,MED,EARLY,177.9375,180.8306,189.4275,0,-27.8961,WEAK,6.1637
1421,-522,LW,Lamb Weston,Consumer Staples,Packaged Foods & Meats,mid,39.35,11.29,-0.059,-0.0821,-0.1213,STRONG_UP,-35.77,-28.43,-48.2,-41.37,48.79,37.42,1.4044,MED,EARLY,41.5605,44.9687,52.1583,0,-37.0739,WEAK,6.0962
1426,0,SYK,Stryker Corporation,Health Care,Health Care Equipment,large,331.54,21.92,-0.0295,-0.0734,0.0087,FLAT,-9.04,-3.07,-3.76,-18.8,47.98,24.4,0.7082,LOW,EARLY,338.8819,356.4953,368.3632,0,-6.0367,WEAK,6.0467
1427,-525,UDR,"UDR, Inc.",Real Estate,Multi-Family Residential REITs,large,34.64,17.65,0.005,-0.0431,-0.083,STRONG_UP,-2.55,-7.53,3.47,-21.65,48.79,21.95,0.5998,LOW,EARLY,35.0575,36.5898,36.7224,0,-16.7478,WEAK,5.9591
1431,-508,ZTS,Zoetis,Health Care,Pharmaceuticals,large,117.94,13.85,-0.0043,-0.0058,-0.0072,STRONG_UP,-18.86,-19.75,-27.09,-32.7,50.4,25.89,0.4927,LOW,PROGRESS,117.5805,122.8018,135.3282,0,-38.4432,WEAK,5.934
1439,-528,ABG,ASBURY AUTOMOTIVE GROUP INC,Consumer Discretionary,,mid,194.76,15.44,-0.03,-0.0074,-0.1217,FLAT,-22.57,-9.68,-13.08,-30.41,48.39,31.14,0.5484,LOW,PROGRESS,194.603,214.2308,233.7949,0,-15.0401,WEAK,5.7321
1442,0,ADP,Automatic Data Processing,Industrials,Human Resource & Employment Services,large,204.01,6.61,-0.0141,-0.034,-0.2032,STRONG_UP,-28.58,-25.63,-12.75,-36.87,50.0,27.15,0.8002,LOW,EARLY,208.4796,219.042,263.5713,0,-47.2027,WEAK,5.7034
1443,0,INVH,Invitation Homes,Real Estate,Single-Family Residential REITs,large,25.55,7.06,0.0175,0.0201,-0.1053,FLAT,-8.89,-15.25,-20.77,-29.15,45.16,25.65,0.6911,LOW,PROGRESS,24.8914,25.6432,27.8793,0,-26.8502,WEAK,5.6896
1444,-535,AVB,AvalonBay Communities,Real Estate,Multi-Family Residential REITs,large,166.02,16.47,0.0173,-0.0264,-0.1082,STRONG_UP,-10.85,-8.64,-1.66,-22.13,50.4,22.72,0.9609,LOW,PROGRESS,165.6217,171.0887,180.6603,0,-19.1673,WEAK,5.6856
1446,-532,KHC,Kraft Heinz,Consumer Staples,Packaged Foods & Meats,large,22.79,27.42,0.0303,0.0146,-0.1095,STRONG_UP,-9.7,-15.02,-31.33,-25.28,52.02,29.32,0.7633,LOW,PROGRESS,22.4615,23.225,24.5077,0,-26.6477,WEAK,5.6619
1447,0,TMHC,TAYLOR MORRISON HOME CORP,Consumer Discretionary,,mid,58.02,26.85,-0.0139,-0.0038,0.0393,STRONG_DOWN,-13.66,2.17,-2.73,-20.43,46.37,30.78,0.8821,LOW,EARLY,58.9975,62.3792,62.9633,0,3.2629,WEAK,5.6618
1455,-538,ICUI,ICU MEDICAL INC,Health Care,,mid,123.31,16.15,-0.0519,-0.0689,-0.0577,FLAT,1.98,-13.31,21.26,-28.43,47.18,37.63,1.089,MED,EARLY,128.327,141.2168,134.3554,0,-16.6937,WEAK,5.4318
1456,0,POOL,Pool Corporation,Consumer Discretionary,Distributors,mid,202.93,3.36,-0.0048,-0.0086,-0.0627,STRONG_UP,-34.26,-31.78,-47.11,-39.78,42.74,40.07,0.7249,LOW,EARLY,204.9972,228.9429,268.0928,0,-33.8969,WEAK,5.4199
1457,-538,FFIN,FIRST FINANCIAL BANKSHARES INC,Financials,,mid,29.98,13.94,-0.0029,0.0047,-0.0026,FLAT,-9.06,-3.85,-0.34,-23.37,46.77,29.07,0.7053,LOW,PROGRESS,29.4618,31.2393,32.722,0,-6.196,WEAK,5.4026
1460,0,ACIW,ACI WORLDWIDE INC,Information Technology,,mid,41.33,18.75,-0.003,-0.0038,-0.0307,STRONG_UP,-22.05,-16.84,27.72,-29.9,51.61,39.73,0.889,LOW,SHIFT,40.5845,41.1536,45.9094,0,-21.8768,WEAK,5.3265
1461,-541,BCC,BOISE CASCADE,Industrials,,mid,73.2,9.5,-0.0443,-0.0108,-0.0264,FLAT,-5.68,-19.5,-49.14,-32.55,40.32,40.13,0.9356,LOW,PROGRESS,72.822,79.5748,79.4519,0,-19.5891,WEAK,5.2762
1463,0,UFPI,UFP INDUSTRIES INC,Industrials,,mid,90.37,14.88,-0.0201,-0.0227,-0.0328,STRONG_UP,-2.38,-12.01,-21.97,-24.68,42.74,30.65,1.3471,MED,EARLY,90.569,100.4868,97.1701,0,-16.7421,WEAK,5.2326
1465,-544,GIS,General Mills,Consumer Staples,Packaged Foods & Meats,large,37.42,8.06,0.0229,-0.0853,-0.2296,STRONG_UP,-23.64,-32.98,-41.62,-36.56,45.16,30.26,0.7315,LOW,EARLY,38.5495,42.92,46.4421,0,-49.2222,WEAK,5.1844
1466,0,CI,Cigna,Health Care,Health Care Services,large,270.02,16.54,-0.014,-0.0107,0.0267,STRONG_DOWN,-8.06,-12.57,-22.62,-27.41,48.79,27.4,0.5137,LOW,PROGRESS,265.772,275.2923,283.082,0,-22.3896,WEAK,5.179
1469,-545,PGR,Progressive Corporation,Financials,Property & Casualty Insurance,large,195.25,7.32,-0.0546,-0.064,-0.0868,STRONG_UP,-14.68,-18.55,0.56,-29.4,47.98,24.32,0.6266,LOW,EARLY,202.8206,205.1729,218.0189,0,-36.5916,WEAK,4.9443
1471,-544,MAA,Mid-America Apartment Communities,Real Estate,Multi-Family Residential REITs,large,124.88,10.59,0.0091,-0.0336,-0.1305,STRONG_UP,-6.25,-13.55,6.84,-25.74,47.18,19.64,1.0857,MED,EARLY,125.171,130.532,135.0988,0,-32.5593,WEAK,4.9135
1472,0,ALRM,ALARM.COM HOLDINGS INC,Information Technology,,mid,43.67,20.83,-0.0116,-0.0973,-0.0834,FLAT,-16.45,-13.44,-36.89,-30.22,44.76,30.67,0.6063,LOW,EARLY,45.4688,46.6851,51.7163,0,-19.613,WEAK,4.9085
1477,0,DOC,Healthpeak Properties,Real Estate,Health Care REITs,large,16.52,23.53,-0.031,-0.0082,0.0004,STRONG_DOWN,-10.74,-2.67,0.86,-17.09,48.79,25.08,0.9235,LOW,EARLY,16.9731,17.0175,17.0606,0,-5.1959,WEAK,4.7202
1478,-548,AON,Aon plc,Financials,Insurance Brokers,large,323.14,9.41,-0.0068,-0.0378,-0.0691,STRONG_UP,-10.42,-10.94,2.56,-19.01,50.4,30.94,0.7665,LOW,PROGRESS,323.0125,328.3352,347.932,0,-17.8166,WEAK,4.6702
1481,0,ARE,Alexandria Real Estate Equities,Real Estate,Office REITs,mid,43.23,1.18,-0.073,-0.1148,-0.1415,STRONG_UP,-46.76,-40.75,-61.12,-48.23,55.24,40.39,1.5997,HIGH,EARLY,47.3967,51.1882,62.1179,0,-55.7387,WEAK,4.6577
1483,0,OTIS,Otis Worldwide,Industrials,Industrial Machinery & Supplies & Components,large,77.86,13.64,-0.0027,-0.0987,-0.1312,STRONG_UP,-14.81,-13.77,-17.57,-23.79,53.23,25.96,0.5783,LOW,EARLY,80.8595,86.4394,88.828,0,-28.2249,WEAK,4.609
1487,-555,OPCH,OPTION CARE HEALTH INC,Health Care,,mid,27.47,14.62,-0.0375,-0.0689,-0.0958,STRONG_UP,-1.33,-16.43,-14.21,-27.6,45.16,33.71,0.9968,LOW,EARLY,28.5945,31.8872,30.2632,0,-22.0084,WEAK,4.5509
1490,-554,PG,Procter & Gamble,Consumer Staples,Personal Care Products,large,143.12,41.94,-0.002,-0.0147,-0.043,STRONG_UP,-4.54,-8.23,-3.47,-17.62,48.79,20.58,0.5124,LOW,EARLY,147.5665,153.4821,150.6054,0,-19.5045,WEAK,4.4468
1492,0,TMUS,T-Mobile US,Communication Services,Wireless Telecommunication Services,large,201.4,9.09,-0.0695,-0.062,0.0705,STRONG_DOWN,-11.63,-16.96,28.94,-30.32,52.02,27.25,0.7077,LOW,EARLY,211.8155,207.8486,218.4727,0,-32.3716,WEAK,4.3091
1495,-557,HRL,Hormel Foods,Consumer Staples,Packaged Foods & Meats,large,22.09,17.74,-0.0473,-0.0309,-0.1031,FLAT,-8.15,-23.14,-31.01,-31.0,46.77,27.28,0.9983,LOW,EARLY,22.8335,23.9162,24.8131,0,-39.6685,WEAK,4.2266
1497,-557,ABT,Abbott Laboratories,Health Care,Health Care Equipment,large,102.87,15.0,-0.0556,-0.0443,-0.1153,FLAT,-21.91,-16.07,-3.83,-25.18,49.19,27.63,0.4833,LOW,EARLY,106.654,109.4856,123.5197,0,-28.6021,WEAK,4.1213
1498,0,ITGR,INTEGER HOLDINGS CORP,Health Care,,mid,86.85,11.54,-0.027,0.0488,0.1851,STRONG_DOWN,-15.75,-23.09,-24.46,-50.11,53.63,25.62,0.4074,LOW,SHIFT,85.291,85.7372,92.5617,0,-48.3423,WEAK,4.0853
1501,0,CPB,Campbell's Company (The),Consumer Staples,Packaged Foods & Meats,mid,22.01,1.61,0.0149,-0.0502,-0.239,STRONG_UP,-28.04,-38.82,-44.25,-44.33,44.35,35.87,0.8405,LOW,PROGRESS,21.7694,24.8697,28.4426,0,-47.9982,WEAK,4.0678
1504,0,SIGI,SELECTIVE INSURANCE GROUP INC,Financials,,mid,76.92,13.24,-0.007,-0.0407,-0.0823,STRONG_UP,-5.44,-4.77,-23.72,-18.19,53.63,21.34,0.9945,LOW,PROGRESS,75.8125,81.0955,80.4285,0,-11.9805,WEAK,3.9086
1505,-560,CLX,Clorox,Consumer Staples,Household Products,large,101.14,14.52,-0.0137,-0.0546,-0.0456,FLAT,-15.48,-24.2,-25.49,-30.11,48.39,28.15,1.1896,MED,EARLY,107.4525,114.6496,113.7181,0,-41.5987,WEAK,3.9018
1508,-548,EXPO,EXPONENT INC,Industrials,,mid,66.56,15.29,0.0049,-0.0583,-0.0638,STRONG_UP,-1.35,-12.01,-13.2,-19.08,45.97,42.04,0.8149,LOW,EARLY,66.919,70.0085,70.5186,0,-13.1281,WEAK,3.8843
1513,0,SJM,J.M. Smucker Company (The),Consumer Staples,Packaged Foods & Meats,large,95.47,29.03,-0.0025,-0.0866,-0.0617,FLAT,-9.65,-12.13,-11.94,-19.15,48.39,29.79,0.851,LOW,EARLY,101.035,105.2473,103.4383,0,-19.7029,WEAK,3.8119
1514,-565,MGEE,MGE ENERGY INC,Utilities,,mid,78.81,1.92,0.0051,-0.0209,-0.1037,STRONG_UP,-2.19,-7.41,5.24,-20.77,47.98,20.82,1.0026,MED,SHIFT,76.061,78.4473,81.5932,0,-17.0863,WEAK,3.8023
1515,-564,WDFC,WD-40,Consumer Staples,,mid,206.18,30.65,0.0209,-0.07,-0.0041,FLAT,6.3,-11.73,-15.11,-23.27,51.21,31.93,1.0106,MED,EARLY,217.3155,228.5882,211.8024,0,-18.82,WEAK,3.7952
1516,-585,MRSH,Marsh McLennan,Financials,Insurance Brokers,large,174.61,5.92,-0.0049,-0.0479,-0.046,FLAT,-12.06,-20.87,-12.62,-27.72,48.39,28.96,0.6809,LOW,PROGRESS,173.8645,178.4148,190.7409,0,-34.8732,WEAK,3.719
1519,-564,MZTI,MARZETTI,Consumer Staples,,mid,141.64,25.81,0.0291,-0.0794,-0.1935,STRONG_UP,-16.01,-17.37,-27.57,-27.25,48.79,28.07,1.0362,MED,EARLY,145.7485,155.698,166.6157,0,-30.1994,WEAK,3.5697
1520,0,CNS,COHEN & STEERS INC,Financials,,mid,62.66,9.06,-0.0069,-0.0355,-0.0118,FLAT,-1.87,-11.41,-8.23,-27.8,47.98,24.34,0.7024,LOW,EARLY,62.7925,64.0722,67.1135,0,-22.4877,WEAK,3.562
1526,-568,CAG,Conagra Brands,Consumer Staples,Packaged Foods & Meats,mid,15.72,6.45,0.0026,-0.0994,-0.133,STRONG_UP,-14.7,-34.97,-42.93,-37.76,45.56,35.35,1.1595,MED,EARLY,16.1755,17.7397,17.8021,0,-45.0646,WEAK,3.2598
1532,-569,TAP,Molson Coors Beverage Company,Consumer Staples,Brewers,mid,44.04,16.13,0.011,0.0029,-0.1209,STRONG_UP,-2.65,-24.12,-29.83,-29.47,48.39,31.76,0.9678,LOW,PROGRESS,43.1835,46.7834,46.7836,0,-36.7536,WEAK,2.4303
1533,0,FCPT,FOUR CORNERS PROPERTY INC TRUST,Real Estate,,mid,23.75,20.0,-0.0095,-0.0168,-0.0004,FLAT,0.62,-5.99,12.28,-17.9,47.18,17.78,0.5829,LOW,EARLY,24.4044,24.5207,24.119,0,-15.9019,WEAK,2.2837
1534,-570,KDP,Keurig Dr Pepper,Consumer Staples,Soft Drinks & Non-alcoholic Beverages,large,25.31,20.97,-0.0399,-0.0338,-0.1388,FLAT,0.02,-22.15,-12.7,-28.01,49.19,23.96,0.991,LOW,EARLY,26.712,27.804,28.5929,0,-45.465,WEAK,2.1903
1536,0,PBH,PRESTIGE CONSUMER HEALTHCARE INC,Health Care,,mid,52.48,7.69,-0.1586,-0.1982,-0.0906,FLAT,-16.49,-35.58,-24.11,-41.09,47.18,32.09,3.5802,HIGH,EARLY,61.2705,64.6648,65.9194,0,-52.3049,WEAK,2.0342
1538,0,ZBH,Zimmer Biomet,Health Care,Health Care Equipment,large,90.89,16.92,-0.0158,0.0051,0.0663,STRONG_DOWN,-7.86,-12.4,-27.23,-20.02,52.02,25.02,0.9676,LOW,PROGRESS,90.3746,91.847,94.5448,0,-25.7804,WEAK,1.9448
1539,0,FIZZ,NATIONAL BEVERAGE CORP,Consumer Staples,,mid,33.75,22.58,0.011,0.0031,0.0153,FLAT,-10.5,-20.02,-27.1,-33.61,43.95,21.18,0.9126,LOW,EARLY,34.2915,35.0972,37.706,0,-41.5506,WEAK,1.8755
1543,0,MMSI,MERIT MEDICAL SYSTEMS INC,Health Care,,mid,67.7,10.77,-0.0598,-0.0495,-0.1647,FLAT,-17.9,-26.82,-6.43,-32.5,48.79,32.57,0.7256,LOW,EARLY,69.0245,75.7372,83.7883,0,-40.1746,WEAK,1.63
1544,-576,IRT,INDEPENDENCE REALTY INC TRUST,Real Estate,,mid,15.1,9.41,-0.0037,-0.0454,-0.1705,STRONG_UP,-5.51,-13.7,5.72,-21.7,45.56,21.5,0.9126,LOW,EARLY,15.3546,15.9943,16.4391,0,-29.0344,WEAK,1.6129
1547,0,KMB,Kimberly-Clark,Consumer Staples,Household Products,large,96.13,12.9,-0.0305,-0.0165,-0.0998,FLAT,-19.67,-25.37,-17.68,-30.2,45.97,21.97,0.8026,LOW,EARLY,99.192,102.1867,111.8519,0,-53.087,WEAK,1.4209
