rank,delta_rank,ticker,name,sector,industry,cap_band,close,rs_ratio,rs_5,rs_21,rs_63,rs_trend,ret_6m,ret_12m,ret_24m,max_dd,persist_frac,vol_63,rel_vol,vol_label,acc_watch,sma20,sma50,sma200,pass_trend,mqs,regime_label,score_final
1,0,FOLD,AMICUS THERAPEUTICS INC,Health Care,,mid,14.49,1.7555,0.986,0.8941,0.8792,STRONG_UP,67.13,140.7,60.29,-14.42,47.28,1.72,0.0,LOW,-,14.4595,14.403,10.8803,1,3867.5499,TREND+LEAD,703.6844
2,0,TERN,TERNS PHARMACEUTICALS INC,Health Care,,mid,52.95,13.3165,0.9844,0.8957,1.2156,FLAT,191.09,1725.86,798.98,-27.56,55.87,30.88,0.0,LOW,-,52.83,49.9152,28.4599,1,3122.536,TREND+LEAD,578.0136
3,1,PKST,PEAKSTONE REALTY TRUST CLASS E,Real Estate,,small,20.99,1.3134,0.9844,0.8917,0.8784,STRONG_UP,59.16,80.09,57.13,-16.14,51.43,2.22,1.8604,HIGH,-,20.9515,20.8946,15.9174,1,1855.3611,TREND+LEAD,415.9484
4,-1,SNDK,Sandisk,Information Technology,"Technology Hardware, Storage & Peripherals",large,1452.02,25.2142,1.0133,1.3669,2.1007,STRONG_DOWN,441.9,3357.19,3933.39,-31.34,58.4,96.74,0.9064,LOW,-,1142.22,872.5038,401.3985,1,2026.6687,TREND+LEAD,389.5943
5,0,DBRG,DIGITALBRIDGE GROUP INC CLASS A,Financials,,mid,15.63,1.2552,0.984,0.892,0.88,STRONG_UP,43.06,72.11,7.39,-33.69,41.2,2.83,1.0725,MED,-,15.597,15.4908,13.3901,1,1049.7542,TREND+LEAD,223.7583
6,0,CELC,CELCUITY INC,Health Care,,mid,124.68,8.4041,0.8798,0.9173,1.0372,STRONG_DOWN,62.56,1052.31,643.47,-27.68,55.6,61.39,1.3022,MED,-,126.215,118.47,89.0445,1,953.0619,TREND+LEAD,204.6816
7,0,WDC,Western Digital,Information Technology,"Technology Hardware, Storage & Peripherals",large,488.74,7.3044,0.9954,1.1866,1.5488,STRONG_DOWN,180.89,901.53,815.03,-20.59,63.6,68.02,0.8849,LOW,-,423.156,344.6537,205.2242,1,842.9474,TREND+LEAD,163.8608
8,0,TNGX,TANGO THERAPEUTICS INC,Health Care,,mid,23.5,12.2422,0.979,0.8684,1.6159,FLAT,196.34,1578.57,221.48,-24.45,51.6,98.55,0.418,LOW,-,24.4945,21.0746,12.0044,1,826.5275,TREND+LEAD,163.3237
9,1,PRAX,PRAXIS PRECISION MEDICINES INC,Health Care,,mid,343.2,6.707,0.9989,0.8881,0.9205,FLAT,104.42,819.61,659.46,-36.33,53.2,57.38,0.8865,LOW,-,333.218,317.8186,212.429,1,759.9072,TREND+LEAD,151.8218
10,1,WBD,Warner Bros. Discovery,Communication Services,Broadcasting,large,27.2,2.161,0.984,0.8836,0.8426,STRONG_UP,18.36,196.3,224.58,-21.31,48.8,12.43,0.5809,LOW,-,27.149,27.3596,23.2327,1,770.6564,TREND+LEAD,150.2356
11,-2,BE,BLOOM ENERGY CLASS A CORP,Industrials,,large,280.69,10.6845,0.9675,1.1394,1.5647,STRONG_DOWN,101.6,1364.98,2330.22,-45.94,55.2,116.85,0.7072,LOW,-,252.2985,191.7954,123.1762,1,644.8169,TREND+LEAD,138.9162
12,0,MU,Micron Technology,Information Technology,Semiconductors,large,766.58,5.7817,1.1316,1.4637,1.6205,STRONG_DOWN,202.89,692.75,527.61,-30.28,57.6,77.34,1.6353,HIGH,-,558.876,463.6368,297.1427,1,515.9366,TREND+LEAD,131.611
13,1,COGT,COGENT BIOSCIENCES INC,Health Care,,mid,34.53,5.0468,0.9472,0.8414,0.8048,STRONG_UP,6.38,591.98,369.8,-20.73,47.6,42.22,0.5821,LOW,-,36.0902,36.0411,28.3136,1,667.4192,TREND+LEAD,130.9921
14,6,HOLX,Hologic,Health Care,Health Care Equipment,large,76.01,0.9705,0.9894,0.8939,0.8798,STRONG_UP,12.87,33.07,0.58,-8.19,50.67,2.62,0.0,LOW,-,75.4925,75.3052,71.338,1,639.5779,TREND_ONLY,120.4475
15,-2,STX,Seagate Technology,Information Technology,"Technology Hardware, Storage & Peripherals",large,808.795,5.6649,1.012,1.3481,1.725,STRONG_DOWN,176.31,676.73,805.24,-21.0,58.4,65.89,0.9392,LOW,-,657.9587,513.0494,327.2832,1,599.8049,TREND+LEAD,119.3867
16,1,SATS,ECHOSTAR CORP CLASS A,Communication,,large,129.38,4.7705,1.0124,0.8817,1.0193,FLAT,75.43,554.1,715.25,-31.64,54.4,53.59,0.9753,LOW,-,125.03,119.448,90.9964,1,562.4701,TREND+LEAD,116.9194
17,-2,INBX,INHIBRX BIOSCIENCES INC,Health Care,,small,108.65,7.0249,0.7537,1.1612,1.149,FLAT,37.53,863.21,768.73,-37.56,57.2,112.74,3.5083,HIGH,-,116.1712,87.6331,65.1954,1,437.9596,TREND+LEAD,111.2416
18,11,CSGS,CSG SYSTEMS INTERNATIONAL INC,Industrials,,mid,80.69,0.9157,0.9883,0.8951,0.8828,STRONG_UP,4.19,25.55,94.78,-7.98,53.6,2.96,3.425,HIGH,-,80.3565,80.0594,73.7691,1,462.7277,TREND_ONLY,107.3355
19,-3,SLAB,SILICON LABORATORIES INC,Information Technology,,mid,216.58,1.1828,0.9842,0.9124,0.9068,STRONG_UP,65.8,62.17,70.41,-24.37,52.0,6.04,0.6393,LOW,-,215.715,210.1542,159.7312,1,535.2511,TREND+LEAD,106.3169
20,1,GTLS,CHART INDUSTRIES INC,Industrials,,mid,207.47,0.8642,0.9826,0.8851,0.8692,STRONG_UP,2.23,18.49,35.47,-18.76,52.0,2.03,1.0262,MED,-,207.821,207.4472,203.7687,1,473.5478,TREND_ONLY,102.9315
21,-3,PL,PLANET LABS CLASS A,Industrials,,large,40.68,7.8489,1.0085,1.066,1.6292,STRONG_DOWN,203.81,976.19,1964.97,-29.01,51.6,106.77,0.6509,LOW,-,37.605,32.9514,19.569,1,471.7751,TREND+LEAD,100.2418
22,0,CIEN,Ciena,Information Technology,Communications Equipment,large,577.15,5.2231,0.9846,1.0984,1.6835,STRONG_DOWN,176.49,616.16,,-16.84,62.0,76.34,0.569,LOW,-,522.3505,445.8084,253.6101,1,500.4148,TREND+LEAD,99.8132
23,4,SKYT,SKYWATER TECHNOLOGY INC,Information Technology,,small,35.59,3.0975,1.0243,1.0081,1.0496,FLAT,50.55,324.7,358.63,-42.64,48.4,42.98,1.8831,HIGH,-,33.03,30.2194,21.8906,1,365.6482,TREND+LEAD,93.9845
24,-5,ARWR,ARROWHEAD PHARMACEUTICALS INC,Health Care,,mid,79.04,3.7726,0.9827,1.0538,1.1135,STRONG_DOWN,98.34,417.28,258.3,-24.64,57.2,50.92,0.7045,LOW,-,73.57,65.6412,50.7042,1,468.7406,TREND+LEAD,93.9431
25,-2,VSAT,VIASAT INC,Information Technology,,mid,70.99,4.9736,1.0379,1.1077,1.3579,STRONG_DOWN,91.97,581.94,308.69,-23.78,53.6,70.72,0.8801,LOW,-,64.119,55.181,40.1406,1,441.0634,TREND+LEAD,89.2894
26,0,NVTS,NAVITAS SEMICONDUCTOR CORP,Information Technology,,mid,19.25,6.5605,1.1356,1.7341,1.9054,STRONG_DOWN,100.52,799.53,384.89,-58.25,48.4,138.36,1.7305,HIGH,-,16.3315,12.0393,9.4502,1,279.6862,TREND+LEAD,85.9038
27,-3,AEHR,AEHR TEST SYSTEMS,Information Technology,,small,96.72,7.626,0.9839,1.1562,2.4775,STRONG_DOWN,293.33,945.62,732.36,-42.31,52.8,142.42,1.269,MED,-,90.5115,62.7376,34.6914,1,350.5745,TREND+LEAD,83.8874
28,14,BELFB,BEL FUSE INC CLASS B,Information Technology,,mid,298.22,2.7142,1.0228,1.1175,1.085,FLAT,78.7,272.15,383.91,-19.54,62.8,52.44,1.5817,HIGH,-,271.4915,234.6748,182.3356,1,325.9187,TREND+LEAD,82.2386
29,2,POWL,POWELL INDUSTRIES INC,Industrials,,mid,308.05,3.4719,0.9463,1.1684,1.3534,STRONG_DOWN,147.52,376.04,481.45,-30.88,57.6,63.55,1.2622,MED,-,269.3205,218.7937,142.6208,1,340.8356,TREND+LEAD,80.5113
30,-2,APLD,APPLIED DIGITAL CORP,Information Technology,,mid,43.93,5.7111,0.9771,1.2411,1.0407,FLAT,39.73,683.07,1162.36,-50.31,48.4,96.46,0.939,LOW,-,35.8507,30.2263,27.3527,1,342.7368,TREND+LEAD,79.971
31,2,ORKA,ORUKA THERAPEUTICS INC,Health Care,,mid,64.65,4.9013,0.9115,0.8572,1.7403,FLAT,131.22,572.04,194.62,-18.08,56.0,83.86,0.7947,LOW,-,67.976,54.2588,32.4745,1,381.995,TREND+LEAD,78.004
32,12,VICR,VICOR CORP,Industrials,,mid,292.53,4.7868,1.0268,1.3682,1.5783,STRONG_DOWN,216.63,556.34,778.73,-32.01,58.8,102.42,1.4752,MED,-,255.8685,207.4074,122.345,1,319.3975,TREND+LEAD,77.2959
33,1,GLUE,MONTE ROSA THERAPEUTICS INC,Health Care,,small,19.11,3.4499,0.9222,0.9709,0.8739,FLAT,35.92,373.02,286.06,-41.84,49.6,51.03,0.4973,LOW,-,19.56,17.8382,14.0922,1,362.5668,TREND+LEAD,76.3825
34,25,HL,HECLA MINING,Materials,,large,20.57,3.0424,1.1152,0.9289,0.753,STRONG_UP,37.02,317.15,296.59,-46.39,53.6,67.99,1.1032,MED,-,18.6045,19.0623,16.5059,1,250.0273,TREND+LEAD,73.3661
35,1,FIX,Comfort Systems USA,Industrials,Construction & Engineering,large,2016.3101,3.1698,0.9863,1.0862,1.3067,STRONG_DOWN,107.22,334.62,509.95,-13.77,59.6,55.25,0.6701,LOW,-,1812.1595,1580.9731,1099.156,1,360.9707,TREND+LEAD,72.573
36,17,ALMS,ALUMIS INC,Health Care,,mid,23.51,3.8445,0.9072,0.9132,0.7954,FLAT,365.54,427.13,76.77,-52.94,50.0,70.66,0.4331,LOW,-,24.6825,24.6732,14.3543,1,302.2432,TREND+LEAD,72.4852
37,-5,INTC,Intel,Information Technology,Semiconductors,large,120.61,3.8991,1.0502,1.6806,2.1656,STRONG_DOWN,213.68,434.62,297.82,-24.17,52.4,86.77,1.5313,HIGH,-,90.419,65.2926,43.3705,1,262.4643,TREND+LEAD,71.9657
38,8,AMPX,AMPRIUS TECHNOLOGIES INC,Industrials,,mid,18.83,4.7851,0.835,0.9358,1.4696,STRONG_DOWN,38.56,556.1,1226.06,-46.41,52.8,108.24,1.0595,MED,-,19.9445,18.214,12.2991,1,271.2671,TREND+LEAD,71.9288
39,-4,VISN,VISTANCE NETWORKS INC,Information Technology,,mid,11.77,3.0971,0.9485,1.1299,1.091,FLAT,43.66,324.66,2241.79,-16.25,54.0,55.57,1.4048,MED,-,10.6686,9.5641,8.5665,1,315.4838,TREND+LEAD,71.8104
40,5,ERAS,ERASCA INC,Health Care,,mid,10.38,5.692,0.937,0.517,0.7786,FLAT,353.28,680.45,446.32,-59.46,53.6,129.44,0.5546,LOW,-,14.819,15.2448,7.1295,1,281.769,TREND+LEAD,71.5046
41,-2,GLW,Corning Inc.,Information Technology,Electronic Components,large,198.24,3.0819,1.0743,1.0199,1.2958,FLAT,125.03,322.57,502.48,-23.01,59.2,74.79,1.741,HIGH,-,170.8885,153.3804,104.4811,1,255.3307,TREND+LEAD,70.5677
42,-4,TTMI,TTM TECHNOLOGIES INC,Information Technology,,large,163.36,3.9981,0.9763,1.203,1.5413,STRONG_DOWN,133.74,448.19,803.54,-23.26,55.6,86.33,1.0292,MED,-,143.756,117.6234,80.0084,1,288.6511,TREND+LEAD,70.383
43,-18,WULF,TERAWULF INC,Information Technology,,mid,22.8,4.3417,0.8716,0.9676,1.2333,STRONG_DOWN,59.44,495.3,917.86,-31.74,52.8,82.73,0.7775,LOW,-,21.5605,18.1424,13.7477,1,316.1109,TREND+LEAD,68.628
44,4,AAOI,APPLIED OPTOELECTRONICS INC,Information Technology,,mid,188.28,6.7677,1.0377,1.1435,3.373,STRONG_DOWN,640.68,827.94,1782.8,-47.64,51.6,184.38,1.3832,MED,-,160.9075,129.0908,56.4547,1,231.706,TREND+LEAD,65.461
45,-4,EA,Electronic Arts,Communication Services,Interactive Home Entertainment,large,200.19,0.9837,0.981,0.8775,0.8591,STRONG_UP,-0.41,34.88,59.68,-7.46,53.6,5.6,0.7725,LOW,-,202.165,201.7964,194.528,1,333.8275,TREND_ONLY,65.1825
46,10,GSAT,GLOBALSTAR VOTING INC,Communication,,mid,82.67,3.1868,0.9924,0.9198,1.2226,FLAT,43.57,336.95,371.05,-26.53,55.6,62.18,0.8679,LOW,-,81.422,71.238,54.5564,1,301.2889,TREND+LEAD,64.9085
47,0,INDV,INDIVIOR PHARMACEUTICALS INC,Health Care,,mid,38.28,2.495,0.9275,1.0323,0.9739,FLAT,23.96,242.09,114.21,-21.37,54.0,42.62,0.6585,LOW,-,35.6945,32.852,30.0982,1,306.7321,TREND+LEAD,64.1392
48,-8,HUT,HUT CORP,Information Technology,,mid,107.31,4.7433,0.9693,1.33,1.7483,STRONG_DOWN,127.5,550.36,1263.53,-38.62,56.4,111.35,0.9485,LOW,-,82.8555,64.6552,47.7486,1,278.7652,TREND+LEAD,63.994
49,1,KOD,KODIAK SCIENCES INC,Health Care,,mid,39.49,7.1467,0.8468,0.779,1.4946,FLAT,113.57,879.9,931.07,-32.4,52.8,167.98,0.376,LOW,-,43.53,36.0862,22.9734,1,276.5732,TREND+LEAD,63.974
50,-13,FORM,FORMFACTOR INC,Information Technology,,mid,132.02,2.9727,0.8711,0.915,1.1915,STRONG_DOWN,146.54,307.59,139.95,-24.04,54.0,70.32,2.4883,HIGH,-,141.0805,116.555,68.7701,1,236.2077,TREND+LEAD,62.9463
51,11,VIAV,VIAVI SOLUTIONS INC,Information Technology,,mid,53.4,4.1039,0.9914,1.1643,1.7212,STRONG_DOWN,194.05,462.7,626.53,-21.13,54.0,84.65,0.7569,LOW,-,48.1525,39.854,22.4151,1,295.1645,TREND+LEAD,61.8864
52,0,NVRI,ENVIRI CORP,Industrials,,small,19.67,1.8753,1.006,0.89,0.88,STRONG_UP,55.25,157.12,141.65,-13.04,53.2,27.35,,LOW,-,19.3635,18.944,15.7387,1,305.6309,TREND+LEAD,61.1052
53,10,SYRE,SPYRE THERAPEUTICS INC,Health Care,,mid,75.04,3.7104,1.0115,1.0423,1.9182,STRONG_DOWN,238.32,408.75,102.81,-20.91,54.4,76.12,0.9289,LOW,-,71.8657,56.3707,33.1947,1,292.1147,TREND+LEAD,61.0874
54,-11,CIFR,CIPHER DIGITAL INC,Information Technology,,mid,20.06,4.2654,0.9009,0.9667,1.0684,STRONG_DOWN,2.09,484.84,439.25,-51.38,48.8,97.18,0.8852,LOW,-,18.9483,16.3635,14.9229,1,243.4675,TREND+LEAD,60.7814
55,-4,UUUU,ENERGY FUELS INC,Energy,,mid,20.95,3.3804,0.8765,0.9533,0.8088,FLAT,27.05,363.5,247.43,-51.28,52.4,82.13,0.918,LOW,-,21.4,19.8056,17.4205,1,231.9149,TREND+LEAD,59.1705
56,25,RLAY,RELAY THERAPEUTICS INC,Health Care,,mid,12.93,3.3322,0.9847,0.7794,1.2253,FLAT,109.56,356.89,101.4,-25.54,53.6,71.83,0.6901,LOW,-,14.229,12.3692,7.9466,1,266.3139,TREND+LEAD,58.3995
57,18,STOK,STOKE THERAPEUTICS INC,Health Care,,small,32.49,2.6535,0.9606,0.8056,0.8743,FLAT,45.24,263.83,181.3,-37.16,54.0,53.42,0.4055,LOW,-,34.0785,34.1106,28.9343,1,266.6943,TREND+LEAD,57.9296
58,10,AXGN,AXOGEN INC,Health Care,,small,40.93,2.7437,0.9263,1.0561,1.0469,FLAT,70.54,276.19,606.91,-21.47,55.6,54.72,0.587,LOW,-,40.204,35.197,26.8719,1,280.6366,TREND+LEAD,57.6739
59,85,PLUG,PLUG POWER INC,Industrials,,mid,3.56,3.2054,1.0583,1.0766,1.5749,STRONG_DOWN,39.06,339.51,23.18,-56.66,44.8,93.25,2.3618,HIGH,-,3.1615,2.6836,2.3284,1,163.1086,TREND+LEAD,57.6683
60,17,NESR,NATIONAL ENERGY SERVICES REUNITED,Energy,,mid,26.84,2.9392,1.0653,1.0264,1.088,FLAT,103.87,303.0,198.22,-27.39,55.2,65.01,0.8662,LOW,-,24.3,22.711,16.0025,1,257.2799,TREND+LEAD,57.0933
61,15,DNTH,DIANTHUS THERAPEUTICS INC,Health Care,,mid,86.15,3.335,0.9375,0.8071,1.4964,FLAT,135.32,357.27,231.22,-19.03,50.8,67.51,0.3683,LOW,-,88.8745,83.7148,49.3146,1,268.8403,TREND+LEAD,57.0727
62,36,LQDA,LIQUIDIA CORP,Health Care,,mid,56.6,2.5816,1.3216,1.3,1.2217,STRONG_UP,107.63,253.97,366.23,-37.82,54.8,77.7,2.6028,HIGH,-,40.614,38.3252,31.8362,1,179.12,TREND+LEAD,56.9073
63,4,FET,FORUM ENERGY TECHNOLOGIES INC,Energy,,small,55.59,2.4721,0.9759,0.8363,0.9803,FLAT,88.31,238.96,204.6,-16.88,58.4,51.01,0.5864,LOW,-,58.87,58.6374,39.5857,1,273.5829,TREND+LEAD,55.4692
64,2,LRCX,Lam Research,Information Technology,Semiconductor Materials & Equipment,large,289.24,2.4926,0.9577,0.944,1.0679,FLAT,74.35,241.77,225.94,-20.01,59.2,57.52,0.8542,LOW,-,268.9285,243.3752,180.4848,1,248.8318,TREND+LEAD,55.1965
65,-10,TER,Teradyne,Information Technology,Semiconductor Materials & Equipment,large,358.45,3.0906,0.9222,0.8719,0.9673,FLAT,94.95,323.77,189.32,-26.73,57.6,80.11,0.9244,LOW,-,368.1995,334.2454,218.6394,1,232.7925,TREND+LEAD,55.0094
66,-1,RAPP,RAPPORT THERAPEUTICS INC,Health Care,,small,37.24,2.7187,0.9888,0.9159,1.1682,FLAT,49.47,272.77,79.04,-28.82,52.8,55.91,0.8398,LOW,-,36.5365,32.7252,27.0406,1,257.5998,TREND+LEAD,54.8127
67,37,PACS,PACS GROUP INC,Health Care,,mid,41.01,2.7315,1.1928,1.1003,0.9076,STRONG_UP,228.08,274.52,63.52,-42.03,47.2,79.86,4.1236,HIGH,-,34.459,34.0786,25.8236,1,162.2511,TREND+LEAD,54.5922
68,12,TYRA,TYRA BIOSCIENCES INC,Health Care,,mid,34.87,2.5483,1.0151,0.879,1.0078,FLAT,140.48,249.4,88.49,-16.94,54.8,52.76,0.4323,LOW,-,35.0932,35.9314,23.6474,1,259.042,TREND+LEAD,54.3924
69,-15,AMD,Advanced Micro Devices,Information Technology,Semiconductors,large,448.29,2.9073,1.0468,1.5626,1.8199,STRONG_DOWN,83.74,298.62,197.75,-27.76,55.2,72.11,0.9817,LOW,-,346.4855,264.676,220.2454,1,228.5941,TREND+LEAD,53.6124
70,-21,CAPR,CAPRICOR THERAPEUTICS INC,Health Care,,small,31.52,3.1491,0.9021,0.8072,1.1293,FLAT,466.91,331.78,479.41,-67.67,48.8,77.13,0.8142,LOW,-,33.631,31.7512,18.7251,1,209.9171,TREND+LEAD,53.3993
71,-7,ANAB,ANAPTYSBIO INC,Health Care,,small,65.58,3.4963,0.958,1.2455,1.5438,STRONG_DOWN,189.49,379.39,310.05,-28.15,52.0,77.92,0.9933,LOW,-,60.2538,49.0535,30.5765,1,253.1837,TREND+LEAD,53.3739
72,-12,DFTX,DEFINIUM THERAPEUTICS INC,Health Care,,mid,21.16,2.4227,0.889,0.8579,1.0575,FLAT,80.09,232.18,150.41,-24.79,53.2,52.06,0.5615,LOW,-,22.2415,20.3338,14.5404,1,237.2664,TREND+LEAD,52.5159
73,-12,MXL,MAXLINEAR INC,Information Technology,,small,91.93,5.2258,1.1136,3.7911,4.1088,STRONG_DOWN,507.2,616.52,391.6,-26.81,56.4,181.92,1.8678,HIGH,-,60.103,34.6168,21.2343,1,191.1386,TREND+LEAD,52.3818
74,35,BORR,BORR DRILLING LTD,Energy,,small,6.16,2.4285,1.0136,0.9609,0.9321,STRONG_UP,91.9,232.97,12.7,-23.33,52.0,50.34,0.7323,LOW,-,5.818,5.6568,4.0826,1,240.6554,TREND+LEAD,51.5241
75,-2,PVLA,PALVELLA THERAPEUTICS INC,Health Care,,small,125.79,3.9681,0.9509,0.8634,1.3782,FLAT,56.67,444.07,1010.24,-29.93,54.0,102.48,0.5086,LOW,-,126.298,125.373,88.9934,1,233.997,TREND+LEAD,51.3915
76,23,CRVS,CORVUS PHARMACEUTICALS INC,Health Care,,small,15.97,2.9942,1.0171,0.9311,0.7015,STRONG_UP,101.9,310.54,656.87,-48.47,50.0,73.33,0.7114,LOW,-,15.761,15.3499,10.8939,1,211.7413,TREND+LEAD,51.106
77,-20,GPRE,GREEN PLAINS INC,Energy,,small,16.77,2.4029,0.9724,0.9688,0.9381,STRONG_UP,71.65,229.47,-15.22,-22.75,55.2,60.49,1.0515,MED,-,16.7025,16.1924,11.8607,1,209.4019,TREND+LEAD,50.9003
78,1,OMER,OMEROS CORP,Health Care,,small,14.76,2.43,0.9793,1.1084,1.1396,STRONG_DOWN,123.64,233.18,293.6,-42.9,48.4,56.76,1.0569,MED,-,14.0705,12.31,9.2287,1,198.8381,TREND+LEAD,50.7644
79,10,SITM,SITIME CORP,Information Technology,,mid,847.19,3.0224,1.3374,1.6888,1.6837,FLAT,163.52,314.42,583.16,-29.39,56.4,93.25,1.4641,MED,-,600.3125,456.5942,345.8435,1,190.1667,TREND+LEAD,50.672
80,-6,AMLX,AMYLYX PHARMACEUTICALS INC,Health Care,,small,14.44,2.3455,0.8847,0.7588,0.8725,FLAT,18.56,221.6,693.41,-27.93,51.2,54.52,1.0185,MED,-,16.4625,15.387,13.3326,1,208.109,TREND+LEAD,50.6062
81,13,TTI,TETRA TECHNOLOGIES INC,Energy,,small,10.26,2.486,1.0239,1.0847,0.7936,FLAT,27.61,240.86,155.86,-37.66,54.8,58.66,0.6108,LOW,-,9.4855,8.8064,7.9095,1,225.0143,TREND+LEAD,50.4417
82,-11,GOOGL,Alphabet Inc. (Class A),Communication Services,Interactive Media & Services,large,387.35,1.777,0.9576,1.0345,1.0808,STRONG_DOWN,33.7,143.65,130.9,-20.37,54.8,34.44,0.849,LOW,-,363.6095,326.8662,287.9756,1,228.5703,TREND+LEAD,50.3862
83,-11,GOOG,Alphabet Inc. (Class C),Communication Services,Interactive Media & Services,large,383.82,1.7459,0.9558,1.0323,1.0697,STRONG_DOWN,32.26,139.39,126.43,-20.75,54.8,33.53,0.864,LOW,-,361.0395,325.1344,287.9907,1,227.8053,TREND+LEAD,50.3699
84,2,CENX,CENTURY ALUMINUM,Materials,,mid,63.27,2.6859,0.9942,0.8821,1.0266,FLAT,95.82,268.28,255.85,-23.56,52.4,62.72,0.7486,LOW,-,61.217,58.5398,39.7759,1,224.1345,TREND+LEAD,49.9428
85,-27,KLIC,KULICKE AND SOFFA INDUSTRIES INC,Information Technology,,mid,98.0,2.1044,1.0283,1.0905,1.1385,STRONG_DOWN,151.91,188.54,112.01,-17.99,56.8,50.82,1.3869,MED,-,88.3685,75.6947,53.3766,1,210.7238,TREND+LEAD,49.8639
86,9,SPHR,SPHERE ENTERTAINMENT CLASS A,Communication,,mid,135.96,2.64,0.9294,0.9051,1.2435,FLAT,76.76,261.98,252.59,-17.66,52.8,67.84,1.0645,MED,-,134.5855,123.8058,86.6445,1,203.9002,TREND+LEAD,49.654
87,31,ICHR,ICHOR HOLDINGS LTD,Information Technology,,small,73.28,2.772,0.9944,1.0179,1.3351,STRONG_DOWN,375.23,280.08,95.0,-40.8,56.0,81.33,1.0844,MED,-,68.241,56.0442,31.0877,1,192.8519,TREND+LEAD,49.4107
88,26,CGON,CG ONCOLOGY INC,Health Care,,mid,72.07,2.1738,1.0427,0.9524,1.1669,FLAT,79.19,198.06,178.91,-17.89,51.2,43.89,0.8959,LOW,-,68.5672,66.6187,47.358,1,231.0431,TREND+LEAD,49.3919
89,-1,KYMR,KYMERA THERAPEUTICS INC,Health Care,,mid,83.55,1.9568,0.9531,0.8266,0.8806,FLAT,36.39,168.3,117.81,-27.74,50.8,39.58,0.5593,LOW,-,85.172,83.5611,68.54,1,216.0148,TREND+LEAD,49.2356
90,-8,MBX,MBX BIOSCIENCES INC,Health Care,,small,36.98,2.6261,1.1329,1.0021,0.9161,STRONG_UP,51.0,260.08,56.36,-37.6,50.8,81.3,1.8345,HIGH,-,32.9708,31.1366,26.0025,1,162.5087,TREND+LEAD,49.0271
91,-13,SEMR,SEMRUSH HOLDINGS INC CLASS A,Information Technology,,small,12.0,0.8074,0.9848,0.8943,0.8729,STRONG_UP,56.25,10.7,-22.18,-38.47,45.19,2.84,1.8761,HIGH,-,11.9625,11.917,9.9915,1,170.2757,TREND_ONLY,48.6682
92,-2,CAT,Caterpillar Inc.,Industrials,Construction Machinery & Heavy Transportation Equipment,large,912.14,1.9074,0.9683,1.023,1.0224,FLAT,60.47,161.53,,-13.88,57.2,40.83,0.8921,LOW,-,849.0824,770.217,605.8509,1,226.2979,TREND+LEAD,48.6267
93,56,ATRO,ASTRONICS CORP,Industrials,,mid,78.26,1.9166,0.9849,0.9148,0.9003,STRONG_UP,63.62,162.79,314.29,-23.39,53.6,53.17,1.5954,HIGH,-,74.3055,72.0034,57.5417,1,164.1104,TREND+LEAD,48.4289
94,18,GHM,GRAHAM CORP,Industrials,,small,99.12,1.9355,1.0086,0.9513,0.9737,FLAT,59.87,165.38,247.91,-18.21,55.2,49.14,1.8456,HIGH,-,95.0325,88.2996,68.3587,1,185.7766,TREND+LEAD,48.4119
95,-3,ENS,ENERSYS,Industrials,,mid,232.64,1.7045,1.0215,1.0397,1.1423,STRONG_DOWN,73.14,133.7,145.81,-20.08,58.8,35.41,0.8335,LOW,-,211.512,187.7124,147.0135,1,222.0217,TREND+LEAD,47.296
96,-3,STRL,STERLING INFRASTRUCTURE INC,Industrials,,large,851.35,3.3119,0.9453,1.6295,1.7012,STRONG_DOWN,121.45,354.1,564.7,-31.02,55.6,123.49,1.2329,MED,-,594.004,488.88,377.2229,1,159.4304,TREND+LEAD,47.2665
97,0,ALB,Albemarle Corporation,Materials,Specialty Chemicals,large,205.52,2.4656,1.0499,0.9625,1.0183,FLAT,99.51,238.07,61.88,-20.05,56.4,65.68,0.8166,LOW,-,196.554,181.3284,133.693,1,204.4296,TREND+LEAD,47.18
98,8,IMNM,IMMUNOME INC,Health Care,,mid,22.69,2.0921,0.9595,0.881,0.8404,STRONG_UP,38.02,186.85,45.36,-28.44,51.6,49.51,0.8902,LOW,-,23.278,22.0246,18.0455,1,194.7398,TREND+LEAD,46.569
99,2,GH,GUARDANT HEALTH INC,Health Care,,large,99.94,1.7623,1.066,1.0285,0.8055,STRONG_UP,2.06,141.63,316.42,-32.98,54.4,52.77,1.1471,MED,-,89.796,88.8856,85.2569,1,146.0093,TREND+LEAD,46.5044
100,34,NUE,Nucor,Materials,Steel,large,229.83,1.4304,0.9655,1.0753,1.0285,FLAT,62.2,96.13,36.51,-18.43,54.8,29.32,1.0185,MED,-,217.555,189.0854,162.9018,1,179.669,TREND+LEAD,46.2383
101,25,LGN,LEGENCE CORP CLASS A,Industrials,,mid,97.66,2.3353,0.9396,1.3144,1.5792,STRONG_DOWN,166.98,220.2,220.2,-19.79,59.04,67.26,1.0071,MED,-,85.5788,67.1331,,0,193.286,WEAK,46.0654
102,21,NBR,NABORS INDUSTRIES LTD,Energy,,small,101.97,2.3497,1.0091,1.1429,1.2474,STRONG_DOWN,95.64,222.18,37.97,-24.17,54.4,55.36,0.5002,LOW,-,93.3065,86.275,59.2319,1,218.3273,TREND+LEAD,45.839
103,81,JNJ,Johnson & Johnson,Health Care,Pharmaceuticals,large,224.26,1.1325,0.9824,0.8305,0.8116,STRONG_UP,20.42,55.29,57.32,-10.96,54.8,16.23,1.0373,MED,-,227.495,235.3858,206.887,1,186.6752,TREND+LEAD,45.4882
104,-2,CRDO,CREDO TECHNOLOGY GROUP HOLDING LTD,Information Technology,,large,198.57,2.4517,0.9854,1.1068,1.3409,STRONG_DOWN,16.7,236.16,1018.07,-53.59,54.8,97.44,0.8867,LOW,-,182.6988,138.1183,140.2868,1,132.816,TREND+LEAD,45.4427
105,-21,PRM,PERIMETER SOLUTIONS INC,Materials,,mid,32.1,1.9237,1.1523,1.079,1.0173,STRONG_UP,25.24,163.76,313.13,-30.2,57.6,58.74,1.0367,MED,-,30.0125,26.057,24.6118,1,160.5851,TREND+LEAD,45.4081
106,7,TE,T1 ENERGY INC,Industrials,,small,5.85,2.8069,1.0923,1.0702,0.7405,STRONG_UP,30.0,284.87,206.28,-58.59,48.4,111.0,2.2335,HIGH,-,5.273,5.8046,4.7522,1,124.2129,TREND+LEAD,45.3025
107,32,SMTC,SEMTECH CORP,Information Technology,,mid,132.08,2.4362,1.0904,1.3031,1.2936,FLAT,75.47,234.04,241.82,-26.68,52.0,73.28,1.4273,MED,-,109.4725,93.1664,75.5876,1,166.0775,TREND+LEAD,44.6757
108,-21,KLAC,KLA Corporation,Information Technology,Semiconductor Materials & Equipment,large,1811.35,1.6724,0.9813,0.8968,1.0629,FLAT,49.16,129.31,157.84,-22.41,60.4,48.12,1.0427,MED,-,1799.043,1629.147,1289.5284,1,162.3101,TREND+LEAD,44.5473
109,-9,AMAT,Applied Materials,Information Technology,Semiconductor Materials & Equipment,large,431.2,1.8338,0.9899,0.969,1.1014,FLAT,84.02,151.43,112.32,-21.37,57.6,53.18,1.2822,MED,-,404.7665,375.6418,277.0674,1,164.021,TREND+LEAD,44.5339
110,108,DCO,DUCOMMUN INC,Industrials,,small,145.03,1.6012,0.9715,0.9127,1.0434,FLAT,50.6,119.54,156.1,-16.03,58.8,41.38,1.7619,HIGH,-,140.6005,133.7002,107.5667,1,169.8676,TREND+LEAD,44.2703
111,-15,PARR,PAR PACIFIC HOLDINGS INC,Energy,,mid,63.08,2.4074,0.9965,0.8866,1.2891,FLAT,45.61,230.09,120.17,-26.21,53.6,65.15,0.7469,LOW,-,63.725,60.1342,43.0912,1,189.2981,TREND+LEAD,44.2611
112,74,LINC,LINCOLN EDUCATIONAL SERVICES CORP,Consumer Discretionary,,small,50.21,1.7742,1.0979,1.1205,1.6154,STRONG_DOWN,150.05,143.27,316.68,-27.35,57.2,50.27,1.5479,HIGH,-,42.289,40.3922,27.4565,1,163.0155,TREND+LEAD,44.24
113,43,OLMA,OLEMA PHARMACEUTICALS INC,Health Care,,small,13.97,2.1771,0.905,0.762,0.5122,STRONG_UP,60.57,198.5,,-62.55,47.6,77.56,1.5967,HIGH,-,15.3095,15.7954,16.2274,0,121.8257,WEAK,44.1597
114,69,ACMR,ACM RESEARCH CLASS A INC,Information Technology,,mid,62.99,1.8274,1.1192,1.1036,0.7727,STRONG_UP,91.17,150.56,173.63,-46.34,57.6,79.48,1.6759,HIGH,-,53.759,48.7623,42.4039,1,109.1102,TREND+LEAD,43.8925
115,21,NEM,Newmont,Materials,Gold,large,119.69,1.7661,1.0232,0.892,0.8346,STRONG_UP,36.28,142.15,192.11,-27.25,60.4,51.45,0.5977,LOW,-,113.34,111.9332,97.3074,1,166.8808,TREND+LEAD,43.6039
116,3,VTRS,Viatris,Health Care,Pharmaceuticals,large,17.17,1.491,1.0592,1.0975,0.9309,FLAT,72.25,104.44,65.14,-18.97,56.0,35.68,1.0126,MED,-,15.2955,14.3221,12.0147,1,163.9197,TREND+LEAD,43.3497
117,0,AAMI,ACADIAN ASSET MANAGEMENT INC,Financials,,small,70.53,1.6945,1.0222,0.9652,1.1802,FLAT,56.31,132.33,214.41,-18.2,57.6,36.93,0.7399,LOW,-,67.477,59.5586,50.9162,1,206.399,TREND+LEAD,43.2226
118,53,VSH,VISHAY INTERTECHNOLOGY INC,Information Technology,,mid,33.63,1.6963,0.986,1.2927,1.4526,STRONG_DOWN,132.06,132.58,55.22,-33.46,56.0,54.69,2.9802,HIGH,-,29.201,22.6768,17.6276,1,135.7576,TREND+LEAD,43.2078
119,32,MTRN,MATERION CORP,Materials,,mid,203.65,1.8985,1.0179,1.0948,1.1249,STRONG_DOWN,72.7,160.31,83.34,-20.73,55.2,50.87,1.0148,MED,-,185.1435,162.7274,134.915,1,173.9533,TREND+LEAD,43.2029
120,-4,KN,KNOWLES CORP,Information Technology,,mid,35.25,1.4801,1.0214,1.0826,1.132,STRONG_DOWN,55.77,102.94,101.31,-15.32,56.0,35.58,2.1104,HIGH,-,31.8095,28.2906,24.3393,1,162.013,TREND+LEAD,42.8674
121,-10,URGN,UROGEN PHARMA LTD,Health Care,,small,29.8,2.1434,1.1171,1.2486,1.2223,FLAT,28.84,193.89,128.0,-61.24,49.2,69.81,1.0192,MED,-,24.921,21.3028,20.8254,1,136.6448,TREND+LEAD,42.8445
122,-31,SANM,SANMINA CORP,Information Technology,,mid,235.84,2.0172,0.9728,1.3575,1.3693,STRONG_DOWN,35.21,176.58,263.28,-32.69,56.0,64.34,1.0335,MED,-,204.6135,161.1414,145.6255,1,153.6913,TREND+LEAD,42.8116
123,-18,KGS,KODIAK GAS SERVICES INC,Energy,,mid,75.14,1.5633,1.0355,1.0748,1.2614,STRONG_DOWN,122.65,114.35,202.29,-15.95,57.6,32.46,0.9905,LOW,-,67.2595,61.5902,43.0163,1,202.9139,TREND+LEAD,42.6611
124,-17,DHC,DIVERSIFIED HEALTHCARE TRUST,Real Estate,,small,8.36,2.0158,0.9923,1.0182,1.154,STRONG_DOWN,86.36,176.39,258.13,-15.7,53.2,44.83,0.6664,LOW,-,7.685,7.3061,5.3498,1,209.3277,TREND+LEAD,42.5188
125,7,LBRT,LIBERTY ENERGY INC CLASS A,Energy,,mid,33.23,1.9608,1.007,1.0846,1.1818,STRONG_DOWN,95.99,168.85,53.22,-26.19,51.2,47.32,0.6288,LOW,-,31.4555,29.9174,20.0483,1,182.6932,TREND+LEAD,41.9247
126,-23,CMRE,COSTAMARE INC,Industrials,,mid,17.21,1.475,0.9806,0.8852,0.8979,FLAT,23.74,102.24,35.02,-14.61,56.0,33.23,1.3014,MED,-,16.818,16.8636,14.5184,1,172.2949,TREND+LEAD,41.8109
127,-57,OUT,OUTFRONT MEDIA INC,Real Estate,,mid,31.84,1.4826,0.9868,0.9722,1.07,FLAT,61.58,103.28,141.19,-11.25,53.6,31.41,1.0767,MED,-,30.8855,28.8858,22.8761,1,176.2517,TREND+LEAD,41.5745
128,18,SSRM,SSR MINING INC,Materials,,mid,35.74,2.4707,1.0781,0.9676,1.1261,FLAT,71.66,238.77,589.96,-30.88,57.6,83.54,0.9177,LOW,-,30.98,29.9532,24.0564,1,164.628,TREND+LEAD,41.1486
129,13,SEI,SOLARIS OILFIELD INFRASTRUCTURE IN,Energy,,mid,76.23,2.4848,0.9685,1.0422,1.2332,STRONG_DOWN,52.07,240.7,791.62,-26.43,52.0,70.95,0.8473,LOW,-,71.215,62.9128,48.8673,1,176.4119,TREND+LEAD,41.1248
130,-8,DOCN,DIGITALOCEAN HOLDINGS INC,Information Technology,,mid,155.72,3.6043,0.9518,1.885,2.1638,STRONG_DOWN,201.37,394.19,313.38,-24.11,51.6,115.42,0.6382,LOW,-,113.374,91.0494,55.9872,1,176.2288,TREND+LEAD,41.0144
131,0,KALU,KAISER ALUMINIUM CORP,Materials,,mid,176.36,1.852,0.9618,1.1059,1.0617,FLAT,87.04,153.93,88.88,-26.03,56.4,50.21,0.8841,LOW,-,166.9921,141.2653,108.5133,1,172.9036,TREND+LEAD,41.0125
132,41,UAMY,UNITED STATES ANTIMONY CORP,Materials,,small,10.5,2.9682,0.8193,0.9963,1.1254,STRONG_DOWN,36.9,306.98,4672.73,-74.3,48.4,126.95,1.0942,MED,-,10.8665,9.8776,7.7162,1,117.0356,TREND+LEAD,40.979
133,-25,KRYS,KRYSTAL BIOTECH INC,Health Care,,mid,310.31,1.6823,1.0566,1.0219,0.9868,STRONG_UP,55.52,130.66,100.43,-15.94,56.4,40.39,0.8473,LOW,-,279.4425,265.815,222.9223,1,182.4549,TREND+LEAD,40.8237
134,-49,INSW,INTERNATIONAL SEAWAYS INC,Energy,,mid,88.4,1.8037,1.0142,1.0843,1.2569,STRONG_DOWN,72.82,147.31,74.35,-13.84,54.4,41.09,0.902,LOW,-,82.1545,75.5361,55.4515,1,195.0209,TREND+LEAD,40.7605
135,-66,FLNC,FLUENCE ENERGY INC CLASS A,Industrials,,mid,21.28,2.6851,1.5442,1.2784,1.0532,STRONG_UP,-2.34,268.17,22.23,-63.3,49.2,122.38,,LOW,-,14.9827,14.9849,16.1548,1,107.8099,TREND+LEAD,40.605
136,-15,UCTT,ULTRA CLEAN HOLDINGS INC,Information Technology,,mid,82.99,2.6711,0.9784,0.9593,1.2866,FLAT,207.26,266.24,90.74,-29.74,53.6,87.95,0.5662,LOW,-,79.3885,68.7324,40.851,1,162.2566,TREND+LEAD,40.4769
137,-27,CBL,CBL ASSOCIATES PROPERTIES INC,Real Estate,,small,46.57,1.4257,1.0381,0.977,1.1614,FLAT,49.57,95.48,147.07,-12.31,56.4,31.01,1.1353,MED,-,44.522,40.9268,34.3277,1,173.6514,TREND+LEAD,40.1382
138,-13,PDFS,PDF SOLUTIONS INC,Information Technology,,small,50.95,1.9144,1.0425,1.0961,1.3585,STRONG_DOWN,87.94,162.49,51.32,-24.65,54.0,59.98,2.2115,HIGH,-,45.1,38.5612,29.8885,1,146.293,TREND+LEAD,40.0164
139,71,HLIO,HELIOS TECHNOLOGIES INC,Industrials,,mid,77.57,1.6903,1.0934,0.9698,0.9119,STRONG_UP,44.3,131.76,54.09,-17.07,49.2,47.6,2.9653,HIGH,-,68.4735,67.407,59.1872,1,136.186,TREND+LEAD,40.015
140,0,UEC,URANIUM ENERGY CORP,Energy,,mid,15.5,2.0079,0.9671,0.9753,0.8453,FLAT,19.78,175.31,124.64,-39.97,50.8,72.0,1.0699,MED,-,14.98,14.1158,13.5607,1,123.6915,TREND+LEAD,39.9385
141,-26,AEIS,ADVANCED ENERGY INDUSTRIES INC,Information Technology,,large,339.42,2.0653,0.9256,0.7824,0.9534,FLAT,54.9,183.18,234.47,-16.35,56.8,60.5,0.9445,LOW,-,371.021,346.0014,242.2116,1,171.9748,TREND+LEAD,39.8121
142,28,KW,KENNEDY WILSON HOLDINGS INC,Real Estate,,small,11.0,1.3206,0.9885,0.8973,0.986,FLAT,19.02,81.07,16.2,-17.27,48.4,20.71,0.3907,LOW,-,10.9225,10.849,9.343,1,189.4564,TREND+LEAD,39.7382
143,26,MOD,MODINE MANUFACTURING,Industrials,,large,276.27,1.925,0.9913,0.9684,1.0913,FLAT,72.95,163.94,172.83,-27.55,51.2,66.09,1.0595,MED,-,255.8835,230.5708,173.1647,1,127.0075,TREND+LEAD,39.5893
144,-15,NWPX,NWPX INFRASTRUCTURE INC,Industrials,,small,113.97,2.0373,1.0085,1.1566,1.3136,STRONG_DOWN,93.23,179.34,216.85,-15.7,52.4,55.29,1.2695,MED,-,94.8855,84.542,65.1894,1,169.9643,TREND+LEAD,39.3742
145,50,FCFS,FIRSTCASH HOLDINGS INC,Financials,,mid,230.54,1.3085,1.0021,1.0105,1.0981,STRONG_DOWN,43.56,79.41,100.03,-12.75,57.2,27.02,1.3339,MED,-,217.0165,202.9916,168.5794,1,168.1057,TREND+LEAD,39.3358
146,30,CDE,COEUR MINING INC,Materials,,large,20.17,1.9255,1.0585,0.8471,0.7577,STRONG_UP,35.64,164.01,288.63,-40.44,53.2,75.25,0.7423,LOW,-,18.7525,19.505,18.0482,1,115.9479,TREND+LEAD,39.1982
147,-12,AGX,ARGAN INC,Industrials,,mid,681.01,2.8461,0.921,1.0034,1.3987,STRONG_DOWN,103.13,290.24,930.89,-24.96,55.2,96.13,0.5905,LOW,-,658.2558,565.1994,371.8806,1,166.6621,TREND+LEAD,39.18
148,-21,CMI,Cummins,Industrials,Construction Machinery & Heavy Transportation Equipment,large,704.56,1.5644,0.9686,1.0177,1.0235,STRONG_DOWN,46.59,114.5,151.6,-15.23,56.8,37.1,0.7841,LOW,-,657.884,597.1496,503.9728,1,175.293,TREND+LEAD,38.8589
149,137,RGTI,RIGETTI COMPUTING INC,Information Technology,,mid,19.07,1.4099,0.934,1.0051,1.0064,STRONG_DOWN,-42.35,93.31,1401.57,-77.1,48.8,80.93,1.7042,HIGH,SHIFT,18.268,16.5738,22.9526,0,56.2648,WEAK,38.7686
150,-10,BKSY,BLACKSKY TECHNOLOGY INC CLASS A,Industrials,,small,40.31,2.483,0.9791,1.1186,1.6549,STRONG_DOWN,143.12,240.46,334.38,-58.46,52.4,120.5,1.8376,HIGH,-,36.612,30.8824,23.1312,1,104.5635,TREND+LEAD,38.5996
151,84,QBTS,D WAVE QUANTUM INC,Information Technology,,mid,22.35,1.5191,0.9229,1.171,0.9867,FLAT,-23.9,108.29,1531.39,-71.01,49.6,93.38,1.7458,HIGH,SHIFT,20.913,18.0554,22.7986,0,57.522,WEAK,38.2102
152,50,INSM,Insmed Incorporated,Health Care,Biotechnology,large,116.0,1.2875,0.8326,0.6723,0.6776,FLAT,-39.56,76.53,349.09,-52.06,54.8,69.76,3.0483,HIGH,EARLY,132.9805,142.6248,155.8975,0,60.1207,WEAK,38.1725
153,-8,DY,DYCOM INDUSTRIES INC,Industrials,,large,429.4,1.6144,0.923,0.9733,0.8665,FLAT,46.24,121.35,186.78,-24.43,56.4,46.31,0.7158,LOW,-,417.995,383.7554,335.1891,1,147.7916,TREND+LEAD,38.1418
154,20,OKLO,OKLO INC CLASS A,Utilities,,mid,73.63,1.6766,0.91,1.1175,0.964,FLAT,-33.98,129.88,653.63,-73.83,50.4,94.05,1.3683,MED,SHIFT,70.529,61.305,86.5033,0,69.5998,WEAK,38.0925
155,-18,CECO,CECO ENVIRONMENTAL CORP,Industrials,,mid,80.45,2.2284,0.9178,1.0826,0.9157,FLAT,48.43,205.54,229.31,-35.08,55.2,79.98,0.6694,LOW,-,72.5725,64.2334,57.5697,1,141.8615,TREND+LEAD,38.0434
156,0,HAL,Halliburton,Energy,Oil & Gas Equipment & Services,large,41.7,1.4663,1.0156,0.9884,1.0372,FLAT,52.18,101.05,17.43,-13.1,54.4,32.26,0.7528,LOW,-,39.9255,38.0758,29.6386,1,170.3965,TREND+LEAD,38.0407
157,-24,REX,REX AMERICAN RESOURCES CORP,Energy,,small,49.35,1.6866,1.0112,1.0195,1.1993,STRONG_DOWN,49.86,131.26,70.47,-9.83,58.4,40.26,0.552,LOW,-,47.2955,43.9428,34.9078,1,190.396,TREND+LEAD,37.9388
158,-75,RHLD,RESOLUTE HOLDINGS MANAGEMENT INC,Industrials,,small,107.06,2.6237,0.7543,0.6221,0.4874,STRONG_UP,-38.74,259.74,198.3,-52.71,53.2,98.77,0.8677,LOW,-,134.4975,147.1068,137.2371,0,139.905,WEAK,37.8846
159,-11,EME,Emcor,Industrials,Construction & Engineering,large,924.9,1.4307,0.9643,1.0105,0.9924,FLAT,41.07,96.17,148.65,-25.15,58.4,39.02,0.8877,LOW,-,877.0395,797.9069,695.3871,1,143.9361,TREND+LEAD,37.6343
160,61,SLS,SELLAS LIFE SCIENCES GROUP INC,Health Care,,small,5.22,2.7001,0.9974,0.955,1.2333,FLAT,248.0,270.21,281.02,-36.53,49.6,86.75,0.4634,LOW,-,4.936,4.9672,3.0839,1,154.4963,TREND+LEAD,37.6039
161,51,NXT,NEXTPOWER INC CLASS A,Industrials,,large,125.37,1.6904,0.9784,0.97,0.9066,STRONG_UP,16.7,131.78,191.08,-23.27,52.0,65.81,2.6324,HIGH,-,118.102,116.0943,94.7433,1,104.1267,TREND+LEAD,37.5985
162,54,VECO,VEECO INSTRUMENTS INC,Information Technology,,mid,61.46,2.1144,0.9753,1.342,1.6347,STRONG_DOWN,97.88,189.91,62.98,-20.27,54.0,79.5,1.6949,HIGH,-,51.1575,40.7956,31.74,1,128.9925,TREND+LEAD,37.597
163,-25,COHU,COHU INC,Information Technology,,small,49.32,1.9818,0.978,1.1387,1.2519,STRONG_DOWN,102.8,171.74,67.81,-20.23,56.0,54.27,0.9191,LOW,-,45.8205,36.922,27.0968,1,177.2101,TREND+LEAD,37.5615
164,0,RCUS,ARCUS BIOSCIENCES INC,Health Care,,mid,24.9,2.0946,0.9423,0.9621,1.0108,STRONG_DOWN,27.95,187.2,44.68,-27.78,56.4,68.22,0.4391,LOW,-,24.956,23.3318,19.127,1,154.7629,TREND+LEAD,37.4394
165,-18,BTSG,BRIGHTSPRING HEALTH SERVICES INC,Health Care,,mid,55.5,1.7417,1.0355,1.0718,1.2013,STRONG_DOWN,65.33,138.81,393.77,-20.75,56.4,47.33,0.9393,LOW,-,49.817,45.5032,35.5735,1,165.4135,TREND+LEAD,37.2843
166,1,ON,ON Semiconductor,Information Technology,Semiconductors,large,104.11,1.6589,0.9685,1.2847,1.2682,FLAT,114.48,127.46,43.94,-28.1,50.8,56.43,1.019,MED,-,95.6345,75.4584,59.7241,1,114.7464,TREND+LEAD,37.2071
167,80,ADEA,ADEIA INC,Information Technology,,mid,31.18,1.6441,1.0521,1.0155,1.4238,FLAT,121.13,125.43,188.49,-34.81,51.2,63.48,2.2327,HIGH,-,30.0208,26.3647,18.5122,1,101.1633,TREND+LEAD,37.0583
168,-44,USAR,USA RARE EARTH INC CLASS A,Materials,,mid,25.55,2.1056,0.879,1.3371,1.0176,FLAT,48.29,188.7,143.03,-69.23,46.8,102.82,0.9275,LOW,-,23.996,20.0273,18.6194,1,85.8898,TREND+LEAD,37.0528
169,-11,PWR,Quanta Services,Industrials,Construction & Engineering,large,765.81,1.6272,0.9596,1.1455,1.2675,STRONG_DOWN,70.11,123.11,189.19,-11.66,56.4,46.19,1.1692,MED,-,679.3975,610.9691,480.4973,1,150.3178,TREND+LEAD,36.784
170,-17,GEV,GE Vernova,Industrials,Heavy Electrical Equipment,large,1071.98,1.8082,0.9427,0.9652,1.1291,STRONG_DOWN,85.14,147.92,566.11,-17.51,53.2,49.7,0.8431,LOW,-,1065.6195,952.3019,724.8447,1,158.3421,TREND+LEAD,36.7165
171,0,PTGX,PROTAGONIST THERAPEUTICS INC,Health Care,,mid,99.95,1.6466,0.9459,0.8486,1.038,FLAT,20.09,125.77,240.89,-16.38,55.6,42.71,0.8577,LOW,-,101.731,100.0973,81.3549,1,163.7325,TREND+LEAD,36.6476
172,26,IVZ,Invesco,Financials,Asset Management & Custody Banks,large,28.38,1.3768,1.021,1.0208,0.9382,STRONG_UP,22.09,88.77,93.78,-22.03,57.2,36.56,0.7958,LOW,-,25.999,24.697,24.2409,1,138.8865,TREND+LEAD,36.4647
173,4,PUMP,PROPETRO HOLDING CORP,Energy,,small,16.11,1.9357,1.0052,1.0478,1.2021,STRONG_DOWN,51.69,165.4,69.05,-32.74,48.4,58.19,1.2053,MED,-,16.0615,14.7374,9.8026,1,137.5758,TREND+LEAD,36.2088
174,5,KTOS,KRATOS DEFENSE AND SECURITY SOLUTI,Industrials,,large,57.33,1.2378,0.917,0.692,0.5663,STRONG_UP,-27.6,69.72,193.7,-56.4,55.2,72.52,1.1671,MED,EARLY,63.764,73.8934,80.8652,0,53.0655,WEAK,36.004
175,70,AUPH,AURINIA PHARMACEUTICALS INC,Health Care,,mid,15.99,1.4913,0.9685,0.8847,0.9555,FLAT,7.39,104.48,218.53,-15.91,50.8,37.8,1.175,MED,-,15.8405,15.2346,14.0212,1,140.4065,TREND+LEAD,35.7802
176,5,MYRG,MYR GROUP INC,Industrials,,mid,455.27,2.0209,0.985,1.2568,1.4581,STRONG_DOWN,96.09,177.1,196.63,-13.65,56.0,59.48,0.9067,LOW,-,382.691,320.926,243.6294,1,166.7354,TREND+LEAD,35.7394
177,48,NE,NOBLE CORPORATION PLC,Energy,,mid,51.25,1.6275,1.0275,0.9559,1.0197,FLAT,80.26,123.15,23.64,-16.56,52.0,40.46,0.6586,LOW,-,49.519,48.4594,35.0797,1,158.2733,TREND+LEAD,35.6717
178,-21,DK,DELEK US HOLDINGS INC,Energy,,mid,46.08,1.9999,1.0076,1.0469,1.1716,STRONG_DOWN,12.4,174.21,84.91,-36.02,50.8,66.58,0.6723,LOW,-,43.0526,43.0379,34.3109,1,132.9245,TREND+LEAD,35.6362
179,45,ADI,Analog Devices,Information Technology,Semiconductors,large,419.65,1.3708,0.9935,1.0703,1.0831,STRONG_DOWN,82.09,87.95,107.85,-15.73,54.8,35.18,1.2169,MED,-,393.2165,351.0528,286.1851,1,137.0051,TREND+LEAD,35.5928
180,14,BHE,BENCHMARK ELECTRONICS INC,Information Technology,,mid,83.38,1.6627,0.9474,1.1616,1.2307,STRONG_DOWN,86.48,127.98,114.81,-12.85,55.6,48.11,1.0416,MED,-,74.794,63.8992,49.2919,1,147.9014,TREND+LEAD,35.5032
181,-29,JBL,Jabil,Information Technology,Electronic Manufacturing Services,large,350.8,1.5343,0.9271,1.0194,1.1654,STRONG_DOWN,60.11,110.37,198.89,-17.86,58.0,48.63,1.1456,MED,-,338.696,295.3706,241.4535,1,131.6419,TREND+LEAD,35.4939
182,0,INCY,Incyte,Health Care,Biotechnology,large,99.13,1.1889,0.9769,0.9022,0.8696,STRONG_UP,-6.46,63.02,72.1,-18.33,55.2,24.59,0.9509,LOW,-,97.261,95.4442,94.5209,1,141.4591,TREND+LEAD,35.4851
183,-22,CSTM,CONSTELLIUM SE CLASS A,Materials,,mid,33.31,1.9719,0.9834,0.9701,1.1693,FLAT,105.36,170.37,64.9,-15.96,51.6,56.14,,LOW,-,31.539,28.171,20.3322,1,156.5954,TREND+LEAD,35.3741
184,42,HP,HELMERICH & PAYNE INC,Energy,,mid,39.17,1.5611,0.9677,1.021,0.9972,FLAT,48.46,114.05,9.96,-19.7,53.2,39.92,0.441,LOW,-,37.952,36.3794,28.4716,1,151.9886,TREND+LEAD,35.3663
185,-17,SCHL,SCHOLASTIC CORP,Communication,,small,38.97,1.5546,0.961,0.8727,0.962,FLAT,40.67,113.16,14.79,-12.02,55.2,36.89,0.5557,LOW,-,39.807,38.0037,31.0771,1,169.3289,TREND+LEAD,35.347
186,64,IONQ,IONQ INC,Information Technology,,large,55.87,1.2266,1.0457,1.3891,1.4413,STRONG_DOWN,0.9,68.18,537.06,-67.61,47.6,102.21,1.4382,MED,-,46.9325,37.8934,46.7679,1,31.7528,TREND+LEAD,35.1433
187,0,BKD,BROOKDALE SENIOR LIVING INC,Health Care,,mid,12.98,1.368,0.9007,0.8291,0.6711,STRONG_UP,30.98,87.57,85.69,-23.61,56.0,35.31,0.5912,LOW,-,13.748,13.9474,11.1831,1,138.8855,TREND+LEAD,34.8934
188,-16,MPWR,Monolithic Power Systems,Information Technology,Semiconductors,large,1599.52,1.5933,0.9525,1.0431,1.1612,STRONG_DOWN,64.44,118.46,131.0,-22.45,53.2,52.85,1.2639,MED,-,1552.8405,1295.8993,1043.8993,1,119.2485,TREND+LEAD,34.8356
189,16,CALY,CALLAWAY GOLF COMPANY,Consumer Discretionary,,mid,15.73,1.7515,1.0472,0.9753,0.9056,STRONG_UP,49.1,140.15,2.88,-20.37,51.2,66.8,1.5096,HIGH,-,15.1715,14.3126,11.958,1,107.4224,TREND+LEAD,34.8349
190,-49,ECPG,ENCORE CAPITAL GROUP INC,Financials,,small,81.61,1.4762,0.9533,0.9103,1.2328,FLAT,64.54,102.41,72.5,-12.63,53.2,33.09,0.977,LOW,-,82.579,75.6114,55.3747,1,164.6415,TREND+LEAD,34.5563
191,29,SDRL,SEADRILL LTD,Energy,,mid,49.96,1.4758,1.0174,0.9654,1.0072,FLAT,75.92,102.35,,-16.54,52.4,35.33,0.9815,LOW,-,48.272,46.2174,36.4679,1,151.8,TREND+LEAD,34.4299
192,-38,MRNA,Moderna,Health Care,Biotechnology,large,53.27,1.5242,1.0743,0.8964,1.1402,FLAT,115.15,108.98,-57.61,-35.51,50.4,64.29,1.1625,MED,-,50.7685,51.5934,36.3113,1,85.4377,TREND+LEAD,34.2315
193,-50,MSGE,MADISON SQUARE GARDEN ENTERTAINMEN,Communication,,mid,64.56,1.2509,0.9489,0.9246,0.9462,FLAT,31.03,71.52,77.22,-13.43,55.6,29.24,1.2253,MED,-,64.1855,60.7904,51.9623,1,135.995,TREND+LEAD,34.0701
194,222,VAL,VALARIS LTD,Energy,,mid,97.2,1.8238,1.0306,0.9393,0.9532,FLAT,73.6,150.06,31.3,-18.85,54.8,56.67,0.5112,LOW,-,95.0875,95.3768,66.1309,1,145.1125,TREND+LEAD,34.0432
195,-35,ASML,ASML Holding,Technology,Industrial Machinery,large,1520.9399,1.4635,0.9688,0.8926,0.9206,FLAT,46.93,100.66,68.69,-17.85,56.4,47.7,1.0831,MED,-,1461.4032,1404.2385,1140.0807,1,119.022,TREND+LEAD,33.911
196,-66,MIRM,MIRUM PHARMACEUTICALS INC,Health Care,,mid,106.88,1.7219,0.9554,0.9807,0.9278,FLAT,53.32,136.09,331.32,-20.55,54.8,52.71,0.7607,LOW,-,98.817,94.691,81.5577,1,141.4908,TREND+LEAD,33.8
197,4,FTRE,FORTREA HOLDINGS INC,Health Care,,small,14.61,2.1311,0.9192,1.3545,1.093,FLAT,30.68,192.2,-48.03,-51.79,50.0,80.68,0.8048,LOW,-,11.9915,10.4988,11.4728,1,119.1125,TREND+LEAD,33.7044
198,-6,RIOT,RIOT PLATFORMS INC,Information Technology,,mid,24.51,1.973,1.0176,1.2027,1.4359,STRONG_DOWN,41.51,170.53,158.0,-48.57,52.0,85.78,0.9671,LOW,-,19.5305,16.569,16.0665,1,103.3755,TREND+LEAD,33.7034
199,49,RIG,TRANSOCEAN LTD,Energy,,mid,6.54,1.7472,1.0329,0.9424,0.9451,FLAT,55.71,139.56,12.56,-23.19,54.4,55.79,0.5212,LOW,-,6.378,6.42,4.6067,1,136.0833,TREND+LEAD,33.5483
200,-9,RMBS,RAMBUS INC,Information Technology,,large,130.28,1.6767,0.9858,0.9516,1.1367,FLAT,17.79,129.89,128.8,-36.69,53.6,88.23,1.2794,MED,-,126.2355,107.061,97.9272,1,78.91,TREND+LEAD,33.5136
201,-8,PENG,PENGUIN SOLUTIONS INC,Information Technology,,small,44.13,1.6573,1.1137,1.5255,2.0213,STRONG_DOWN,96.31,127.24,129.6,-44.57,52.0,68.3,2.4,HIGH,-,32.364,24.441,22.604,1,96.8738,TREND+LEAD,33.3495
202,-52,FN,FABRINET,Information Technology,,large,634.48,2.0356,0.9193,0.8276,1.1817,FLAT,35.8,179.1,188.7,-20.55,56.4,79.09,0.9849,LOW,-,674.408,603.0128,467.5707,1,127.7189,TREND+LEAD,33.3398
203,19,ESPR,ESPERION THERAPEUTICS INC,Health Care,,small,3.13,2.9267,0.9777,1.3575,0.7844,FLAT,8.68,301.28,40.36,-53.19,49.2,130.7,0.8835,LOW,-,2.438,2.5272,2.8585,1,113.413,TREND+LEAD,33.316
204,42,NG,NOVAGOLD RESOURCES INC,Materials,,mid,9.14,1.9046,0.996,0.8022,0.6733,STRONG_UP,6.4,161.14,218.47,-45.56,53.2,89.84,0.5888,LOW,-,8.9595,9.4448,8.9255,1,95.423,TREND+LEAD,33.2363
205,-20,NAT,NORDIC AMERICAN TANKERS LTD,Energy,,small,5.83,1.7041,0.9942,0.9078,1.1583,FLAT,64.7,133.66,64.33,-14.01,54.4,46.86,0.369,LOW,-,5.7595,5.6571,4.0307,1,155.1627,TREND+LEAD,33.2219
206,-7,PPTA,PERPETUA RESOURCES CORP,Materials,,mid,31.08,1.8466,1.0228,0.8606,0.8836,FLAT,35.54,153.2,469.23,-32.86,54.4,69.79,0.7638,LOW,-,29.6307,29.5685,25.472,1,119.4146,TREND+LEAD,33.2079
207,-10,RSI,RUSH STREET INTERACTIVE INC CLASS,Consumer Discretionary,,mid,27.51,1.6513,0.9716,1.0954,1.3949,STRONG_DOWN,58.01,126.42,218.77,-29.47,52.8,51.39,0.5341,LOW,-,25.67,23.0058,19.9989,1,129.8884,TREND+LEAD,33.1671
208,62,OUST,OUSTER INC,Information Technology,,small,27.1,1.7322,0.9072,1.0288,1.2439,STRONG_DOWN,5.57,137.51,117.85,-55.15,51.2,83.38,2.0433,HIGH,-,26.5883,23.0105,25.2819,1,84.4394,TREND+LEAD,32.9779
209,-81,STNG,SCORPIO TANKERS INC,Energy,,mid,83.51,1.478,0.9953,1.0095,1.042,STRONG_DOWN,30.18,102.65,11.13,-23.26,55.2,40.92,0.8226,LOW,-,80.133,76.2084,61.6965,1,138.469,TREND+LEAD,32.971
210,-48,JBIO,JADE BIOSCIENCES INC,Health Care,,small,25.23,2.1372,0.9879,1.1539,1.4526,STRONG_DOWN,171.88,193.03,,-39.23,51.2,74.73,0.6811,LOW,-,24.2675,18.6508,13.1214,1,132.2522,TREND+LEAD,32.9225
211,62,GS,Goldman Sachs,Financials,Investment Banking & Brokerage,large,945.9,1.1662,0.993,0.9246,0.8728,STRONG_UP,19.87,59.9,117.57,-19.42,58.0,32.71,1.01,MED,-,925.842,875.0458,833.5196,1,106.2133,TREND+LEAD,32.8303
212,-92,CLMT,CALUMET INC,Energy,,mid,32.12,1.6733,0.9161,0.8858,1.0841,FLAT,67.73,129.43,111.18,-22.81,55.6,54.22,0.5633,LOW,-,32.6595,31.728,22.6338,1,132.7228,TREND+LEAD,32.8151
213,-26,DAN,DANA INCORPORATED INC,Consumer Discretionary,,mid,33.84,1.5219,0.9386,0.8249,0.8846,FLAT,59.3,108.67,162.54,-14.68,51.2,38.33,0.498,LOW,-,36.1344,34.4059,25.7356,1,145.1598,TREND+LEAD,32.7444
214,-25,MRVL,Marvell Technology,Technology,Semiconductors,large,164.5,1.8372,0.9403,1.0929,1.7544,STRONG_DOWN,76.66,151.9,139.77,-26.36,52.8,67.68,0.8578,LOW,-,158.1075,122.0435,91.627,1,118.5043,TREND+LEAD,32.7424
215,119,HII,Huntington Ingalls Industries,Industrials,Aerospace & Defense,large,333.56,1.0978,1.0272,0.745,0.7388,STRONG_UP,5.47,50.53,37.11,-30.64,56.4,38.84,1.5222,HIGH,EARLY,357.7015,387.6992,339.6104,0,73.3711,WEAK,32.666
216,-10,ZYME,ZYMEWORKS INC,Health Care,,small,23.9,1.5014,0.8518,0.7876,0.9077,FLAT,32.41,105.86,158.66,-20.28,53.6,44.36,1.0831,MED,-,27.044,25.7161,21.4478,1,127.9066,TREND+LEAD,32.5967
217,-58,CORZ,CORE SCIENTIFIC INC,Information Technology,,mid,22.79,1.6232,0.9105,1.0847,1.0923,STRONG_DOWN,18.14,122.56,526.96,-40.74,56.4,63.26,0.7433,LOW,-,21.093,18.2398,17.0815,1,109.2682,TREND+LEAD,32.5169
218,-4,GTX,GARRETT MOTION INC,Consumer Discretionary,,mid,29.57,1.8395,1.0796,1.3644,1.2375,FLAT,70.37,152.22,224.78,-19.87,49.6,65.06,1.4116,MED,-,23.2955,20.2954,16.8991,1,116.0469,TREND+LEAD,32.2753
219,53,CTLP,CANTALOUPE INC,Financials,,small,11.2,1.0554,0.984,0.9144,0.9196,FLAT,6.16,44.7,75.82,-10.26,45.38,13.04,0.0,LOW,-,10.9465,10.7356,10.6922,1,155.5686,TREND+LEAD,32.2185
220,73,AXSM,AXSOME THERAPEUTICS INC,Health Care,,mid,224.03,1.5462,0.9902,1.0815,1.0432,FLAT,62.58,112.01,196.18,-18.5,53.6,44.16,0.9002,LOW,-,200.112,178.9348,151.5596,1,135.9531,TREND+LEAD,32.1522
221,42,AMSC,AMERICAN SUPERCONDUCTOR CORP,Industrials,,small,54.51,1.686,0.9398,1.2285,1.3796,STRONG_DOWN,47.68,131.17,289.08,-61.08,56.4,83.02,1.108,MED,-,48.839,38.825,42.2456,1,89.1112,TREND+LEAD,32.1269
222,-42,AVGO,Broadcom,Information Technology,Semiconductors,large,419.3,1.3264,0.9698,0.9791,1.0629,STRONG_DOWN,17.47,81.87,219.9,-28.67,55.2,40.45,0.7391,LOW,-,414.533,362.8587,343.8714,1,111.7209,TREND+LEAD,32.1225
223,-68,TXNM,TXNM ENERGY INC,Utilities,,mid,59.29,0.8365,0.9856,0.8983,0.8729,STRONG_UP,4.08,14.69,66.42,-2.3,51.6,4.68,0.6745,LOW,-,58.8869,58.5257,57.2632,1,162.0071,TREND_ONLY,32.0996
224,58,NATL,NCR ATLEOS CORP,Financials,,mid,44.94,1.1794,0.9875,0.9005,0.9446,FLAT,25.25,61.71,99.29,-15.31,53.6,30.35,2.154,HIGH,-,44.7105,44.3814,39.6486,1,108.9887,TREND+LEAD,32.091
225,152,VTR,Ventas,Real Estate,Health Care REITs,large,88.53,1.0337,1.0057,0.9224,0.9016,STRONG_UP,18.0,41.73,96.99,-8.39,51.6,19.51,1.7501,HIGH,-,85.7815,84.804,76.3723,1,110.3738,TREND+LEAD,32.0251
226,41,UNFI,UNITED NATURAL FOODS INC,Consumer Staples,,mid,51.13,1.3094,0.9711,0.9583,1.1058,FLAT,29.28,79.53,411.3,-32.49,50.8,41.54,1.3798,MED,-,49.363,45.1098,37.0975,1,97.258,TREND+LEAD,32.0247
227,24,VSCO,VICTORIA S SECRET,Consumer Discretionary,,mid,46.56,1.4933,0.8892,0.8527,0.7164,STRONG_UP,33.07,104.75,115.16,-35.55,51.2,61.86,1.1555,MED,-,51.191,49.2052,42.4668,1,86.6985,TREND+LEAD,31.9357
228,14,GNRC,Generac,Industrials,Electrical Components & Equipment,large,269.59,1.5234,0.992,1.1313,1.0873,FLAT,72.11,108.87,92.47,-32.77,54.4,61.76,0.4894,LOW,-,239.1125,217.8776,185.6992,1,95.8969,TREND+LEAD,31.7402
229,-25,MIAX,MIAMI INTERNATIONAL HOLDINGS INC,Financials,,mid,52.47,1.2449,1.0826,1.0872,1.1064,STRONG_DOWN,7.21,70.69,70.69,-26.79,57.53,30.93,0.4921,LOW,-,47.221,43.006,,0,131.4832,WEAK,31.6725
230,-17,TRST,TRUSTCO BANK CORP,Financials,,small,48.77,1.1348,0.987,0.9291,0.9475,FLAT,25.76,55.6,88.5,-14.11,54.8,20.62,0.9983,LOW,-,47.251,45.3409,40.9465,1,147.7547,TREND+LEAD,31.629
231,-68,CYTK,CYTOKINETICS INC,Health Care,,mid,74.81,1.7825,0.9836,1.0025,0.971,FLAT,20.27,144.4,29.23,-15.01,51.2,53.74,0.8991,LOW,-,67.7115,65.007,58.9107,1,137.5724,TREND+LEAD,31.5964
232,-9,GOLD,GOLD INC,Consumer Discretionary,,small,42.16,1.3882,0.9625,0.8422,0.5834,STRONG_UP,57.27,90.34,18.97,-40.58,53.6,49.54,1.1933,MED,-,45.2225,45.5474,35.9024,1,97.7432,TREND+LEAD,31.562
233,59,WELL,Welltower,Real Estate,Health Care REITs,large,217.5,1.11,0.9887,0.9166,0.9104,STRONG_UP,14.24,52.2,125.66,-12.61,60.0,23.99,0.9478,LOW,-,212.3645,207.0746,188.2413,1,130.549,TREND+LEAD,31.4663
234,235,CGEM,CULLINAN THERAPEUTICS INC,Health Care,,small,16.15,1.5457,1.0601,1.0006,1.1708,FLAT,117.07,111.94,-38.19,-36.67,50.8,62.92,1.9318,HIGH,-,14.2155,14.2444,10.528,1,90.3793,TREND+LEAD,31.2022
235,144,CVS,CVS Health,Health Care,Health Care Services,large,95.15,1.189,1.0779,1.0995,1.0806,FLAT,24.81,63.02,82.73,-16.44,58.4,33.83,1.3688,MED,-,81.7856,77.4579,75.3532,1,108.7986,TREND+LEAD,31.1718
236,3,XMTR,XOMETRY INC CLASS A,Industrials,,mid,83.92,2.0028,1.4641,1.7074,1.1439,FLAT,26.4,174.61,407.38,-49.93,56.4,120.73,0.8761,LOW,-,55.7128,46.9191,52.5534,1,81.5692,TREND+LEAD,31.0997
237,41,BKR,Baker Hughes,Energy,Oil & Gas Equipment & Services,large,65.24,1.2677,0.9629,0.9465,0.9301,STRONG_UP,34.64,73.82,109.49,-16.86,57.6,35.6,0.6379,LOW,-,64.8591,62.1187,52.1785,1,119.4462,TREND+LEAD,31.0541
238,133,BIIB,Biogen,Health Care,Biotechnology,large,199.36,1.1806,1.0288,0.9905,0.9041,STRONG_UP,27.58,61.87,-11.53,-14.34,53.6,31.09,1.0243,MED,-,187.473,184.8524,166.6952,1,106.6668,TREND+LEAD,30.8528
239,-61,ANDE,ANDERSONS INC,Consumer Staples,,mid,70.41,1.4362,1.0154,0.8544,0.8858,FLAT,38.99,96.93,39.98,-14.09,57.2,41.07,0.7527,LOW,-,74.503,71.9206,54.7244,1,134.9924,TREND+LEAD,30.7667
240,62,ELVN,ENLIVEN THERAPEUTICS INC,Health Care,,mid,42.3,1.5402,1.0103,0.8386,1.3094,FLAT,126.08,111.18,72.72,-36.84,49.2,65.26,1.0484,MED,-,43.1405,38.0334,25.5536,1,83.8219,TREND+LEAD,30.7531
241,40,IE,IVANHOE ELECTRIC INC,Materials,,small,14.61,1.567,1.054,0.9027,0.7301,STRONG_UP,11.1,114.85,20.94,-45.93,55.2,72.31,1.0044,MED,-,13.9225,13.1224,13.5475,1,87.6764,TREND+LEAD,30.7327
242,18,TSHA,TAYSHA GENE THERAPIES INC,Health Care,,small,6.85,2.135,0.9657,1.2931,1.2746,FLAT,76.09,192.74,185.42,-31.13,51.2,80.11,0.5887,LOW,-,6.502,5.2887,4.5036,1,123.1811,TREND+LEAD,30.7306
243,6,STT,State Street Corporation,Financials,Asset Management & Custody Banks,large,150.45,1.1536,0.9788,0.9435,0.9978,FLAT,27.37,58.18,110.16,-11.79,61.6,26.98,0.4778,LOW,-,149.857,135.7973,123.0183,1,132.8273,TREND+LEAD,30.7171
244,-14,LGND,LIGAND PHARMACEUTICALS INC,Health Care,,mid,222.0,1.5328,0.9393,0.8495,1.0351,FLAT,6.07,110.17,164.07,-13.21,54.0,44.11,0.7091,LOW,-,227.4255,214.7992,190.1326,1,134.8685,TREND+LEAD,30.5256
245,-42,MRCY,MERCURY SYSTEMS INC,Industrials,,mid,92.32,1.4409,0.9911,0.9761,0.9965,FLAT,23.67,97.56,221.11,-32.19,54.8,50.22,0.8152,LOW,-,83.154,81.2266,77.4706,1,106.4578,TREND+LEAD,30.4981
246,6,ODC,OIL DRI CORPORATION OF AMERICA,Consumer Staples,,small,76.9,1.2081,1.0092,0.9587,1.0137,FLAT,38.14,65.65,101.99,-32.73,55.6,30.1,0.5536,LOW,-,73.4643,68.6066,60.4851,1,121.2646,TREND+LEAD,30.2558
247,-57,MCHP,Microchip Technology,Information Technology,Semiconductors,large,97.7,1.1779,0.9341,1.166,1.0553,FLAT,78.96,61.51,11.43,-34.41,50.0,44.77,1.3353,MED,-,89.8115,75.671,68.3407,1,68.6973,TREND+LEAD,30.2495
248,40,LUMN,LUMEN TECHNOLOGIES INC,Communication,,mid,8.67,1.4404,0.8696,0.9883,0.9576,FLAT,-17.35,97.49,593.6,-47.34,50.4,59.56,0.6717,LOW,-,8.8505,7.6624,7.2864,1,82.5002,TREND+LEAD,30.2364
249,51,WTTR,SELECT WATER SOLUTIONS INC CLASS A,Energy,,mid,18.05,1.5551,1.0178,1.0881,1.2098,STRONG_DOWN,65.73,113.23,92.4,-20.45,51.2,45.73,0.709,LOW,-,16.4378,15.3198,11.7259,1,126.7732,TREND+LEAD,30.1091
250,-12,PLXS,PLEXUS CORP,Information Technology,,mid,264.49,1.4466,0.9819,1.0316,1.1214,STRONG_DOWN,81.18,98.34,146.7,-15.51,54.8,40.2,0.8514,LOW,-,250.6755,222.2108,170.876,1,134.0592,TREND+LEAD,30.0656
251,-19,BK,BNY Mellon,Financials,Asset Management & Custody Banks,large,133.44,1.1276,0.9825,0.9127,0.9545,FLAT,21.27,54.61,141.03,-10.15,59.6,24.54,0.6117,LOW,-,133.4849,124.6645,113.8634,1,132.6277,TREND+LEAD,30.06
252,223,Q,Qnity Electronics,Information Technology,Semiconductor Materials & Equipment,large,168.36,1.2903,1.1086,1.1275,1.2756,STRONG_DOWN,74.53,76.91,76.91,-27.12,57.78,57.12,1.9721,HIGH,-,142.6205,127.3138,,0,77.7991,WEAK,30.0226
253,-34,EWTX,EDGEWISE THERAPEUTICS INC,Health Care,,mid,34.01,1.6658,0.9047,0.9119,0.9618,STRONG_DOWN,86.05,128.41,94.57,-19.94,48.8,57.01,1.1306,MED,-,33.111,31.7702,23.3366,1,109.9163,TREND+LEAD,29.9669
254,5,TRVI,TREVI THERAPEUTICS INC,Health Care,,small,14.76,1.6677,1.0185,0.9347,1.1582,FLAT,26.48,128.66,440.66,-29.5,51.2,54.18,0.7356,LOW,-,14.4255,12.9496,10.9354,1,121.5834,TREND+LEAD,29.919
255,-46,PHIN,PHINIA INC,Consumer Discretionary,,mid,78.38,1.3023,0.9842,0.994,0.8778,FLAT,46.73,78.57,88.86,-20.37,54.8,35.61,0.6023,LOW,-,74.2835,70.3734,62.19,1,120.9065,TREND+LEAD,29.8391
256,-49,IMVT,IMMUNOVANT INC,Health Care,,mid,28.65,1.4904,0.9833,0.9594,0.9577,STRONG_UP,22.59,104.35,-4.12,-20.98,50.8,46.36,0.8305,LOW,-,28.1463,26.2775,22.5778,1,114.3448,TREND+LEAD,29.7795
257,20,STLD,Steel Dynamics,Materials,Steel,large,232.8,1.2707,0.9472,1.0598,0.984,FLAT,53.65,74.24,77.69,-20.33,54.8,36.81,0.6574,LOW,-,223.963,197.1129,166.4506,1,110.5172,TREND+LEAD,29.7723
258,-27,STEL,STELLAR BANCORP INC,Financials,,small,36.85,1.0077,0.9598,0.8751,0.808,STRONG_UP,22.98,38.17,68.81,-11.68,50.8,14.32,0.4632,LOW,-,37.5045,36.8722,32.9549,1,135.4059,TREND+LEAD,29.7701
259,-77,DGII,DIGI INTERNATIONAL INC,Information Technology,,small,61.53,1.3168,1.0288,0.9934,1.1496,FLAT,73.08,80.55,127.47,-13.49,55.2,36.75,1.0196,MED,-,57.4295,53.1886,43.1293,1,120.983,TREND+LEAD,29.7688
260,114,EBAY,eBay Inc.,Consumer Discretionary,Broadline Retail,large,110.4,1.1804,1.0045,0.9777,1.1588,FLAT,30.5,61.85,119.34,-20.67,56.8,37.77,1.1512,MED,-,104.6745,97.2908,90.7924,1,93.019,TREND+LEAD,29.6872
261,15,IESC,IES INC,Industrials,,mid,685.48,1.8315,1.001,1.1201,1.1555,STRONG_DOWN,70.17,151.12,320.67,-21.8,54.4,67.92,0.6605,LOW,-,609.006,528.1834,434.4317,1,121.0377,TREND+LEAD,29.6064
262,-54,ROST,Ross Stores,Consumer Discretionary,Apparel Retail,large,217.67,1.0737,0.9357,0.8667,0.9823,FLAT,35.02,47.22,66.3,-17.68,56.4,27.0,1.1608,MED,-,225.2835,218.5743,179.9388,1,98.6345,TREND+LEAD,29.5518
263,75,DD,DuPont,Materials,Specialty Chemicals,large,50.54,1.2733,0.9932,0.9626,0.8538,STRONG_UP,26.74,74.58,59.26,-17.31,52.4,35.52,0.9305,LOW,-,47.2525,46.3592,39.8757,1,110.0273,TREND+LEAD,29.4766
264,153,SFL,SFL LTD,Energy,,small,12.8,1.1253,1.0692,1.0577,1.1313,FLAT,71.0,54.29,4.0,-27.85,53.6,31.51,1.7644,HIGH,-,11.4125,10.9287,8.8552,1,92.3551,TREND+LEAD,29.4736
265,34,MAZE,MAZE THERAPEUTICS INC,Health Care,,small,25.78,1.9069,0.9583,0.8281,0.4734,STRONG_UP,-15.45,161.46,61.63,-50.86,50.8,84.94,0.4093,LOW,-,26.3635,34.1554,32.3845,0,96.5645,WEAK,29.3749
266,-37,FIGS,FIGS INC CLASS A,Consumer Discretionary,,mid,11.51,1.8249,0.7811,0.7048,0.9487,FLAT,30.35,150.22,99.48,-32.77,51.2,93.75,1.1135,MED,-,14.855,14.951,10.6029,1,82.0387,TREND+LEAD,29.3516
267,-30,PLPC,PREFORMED LINE PRODUCTS,Industrials,,small,344.24,1.7777,0.9253,0.9539,1.0702,STRONG_DOWN,60.92,143.75,167.85,-22.33,58.4,64.9,0.3653,LOW,-,336.1165,298.7831,235.1087,1,129.3503,TREND+LEAD,29.2455
268,-40,APA,APA Corporation,Energy,Oil & Gas Exploration & Production,large,37.09,1.5264,0.9529,0.8965,1.1456,FLAT,54.8,109.29,33.78,-19.49,51.6,51.96,,LOW,-,38.1344,37.7913,27.238,1,108.5311,TREND+LEAD,29.2098
269,-52,BBIO,BRIDGEBIO PHARMA INC,Health Care,,large,65.95,1.4462,0.9531,0.7524,0.7798,FLAT,5.0,98.29,131.4,-20.25,51.6,47.39,0.8663,LOW,-,71.519,71.1984,65.132,1,107.0177,TREND+LEAD,29.1714
270,-30,IBRX,IMMUNITYBIO INC,Health Care,,mid,8.12,2.3594,0.9535,0.95,1.0765,FLAT,275.93,223.51,-5.91,-42.44,50.4,138.38,0.3855,LOW,-,7.702,7.8575,4.482,1,81.4041,TREND+LEAD,29.1698
271,-27,NVDA,Nvidia,Information Technology,Semiconductors,large,220.78,1.2396,1.0453,0.9989,1.0073,FLAT,10.93,69.96,144.37,-20.21,55.2,35.97,0.9269,LOW,-,205.9015,190.2608,185.1818,1,107.365,TREND+LEAD,29.15
272,-107,TCMD,TACTILE SYSTEMS TECHNOLOGY INC,Health Care,,small,23.53,1.7369,0.9151,0.8348,0.7387,STRONG_UP,-5.46,138.16,70.14,-32.13,48.8,61.68,0.9856,LOW,-,24.405,25.7233,22.2957,1,109.3078,TREND+LEAD,29.0954
273,-107,DELL,Dell Technologies,Information Technology,"Technology Hardware, Storage & Peripherals",large,238.94,1.6404,0.9846,1.155,1.6738,STRONG_DOWN,68.71,124.92,88.41,-32.34,52.0,74.91,0.7813,LOW,-,215.7086,184.2455,144.6341,1,86.7133,TREND+LEAD,29.0685
274,29,TRGP,Targa Resources,Energy,Oil & Gas Storage & Transportation,large,255.16,1.123,1.0063,0.9529,1.002,FLAT,52.07,53.98,135.68,-16.3,55.6,26.13,0.5782,LOW,-,245.682,242.8392,191.9059,1,114.8547,TREND+LEAD,29.0366
275,107,IRMD,IRADIMED CORP,Health Care,,small,84.75,1.1784,0.967,0.8054,0.7143,STRONG_UP,-0.63,61.57,105.19,-20.62,54.0,30.1,1.1776,MED,-,87.7678,94.213,86.6962,0,110.4568,WEAK,29.0016
276,7,VLO,Valero Energy,Energy,Oil & Gas Refining & Marketing,large,247.12,1.3732,1.0273,0.9327,1.0508,FLAT,39.64,88.28,67.98,-14.19,54.8,40.92,0.5925,LOW,-,240.39,238.2088,185.4979,1,118.2236,TREND+LEAD,28.9997
277,-36,CFG,Citizens Financial Group,Financials,Regional Banks,large,61.95,1.114,0.9289,0.8552,0.8092,STRONG_UP,20.03,52.74,85.16,-18.32,55.6,27.88,0.6022,LOW,-,64.1687,61.1546,56.0389,1,105.1841,TREND+LEAD,28.9186
278,47,CSX,CSX Corporation,Industrials,Rail Transportation,large,44.53,1.0796,0.9609,0.9314,0.9371,FLAT,27.68,48.03,,-11.89,56.8,25.5,1.4812,MED,-,44.4895,42.156,37.4426,1,106.9821,TREND+LEAD,28.9125
279,-26,SNEX,STONEX GROUP INC,Financials,,mid,116.81,1.4333,1.0804,1.0159,1.1916,FLAT,93.12,96.52,248.16,-20.91,58.0,49.17,0.9106,LOW,-,108.241,90.8042,72.9011,1,113.8502,TREND+LEAD,28.8082
280,30,WLDN,WILLDAN GROUP INC,Industrials,,small,92.97,1.4744,1.2083,1.0313,0.7117,STRONG_UP,-1.27,102.15,191.9,-50.41,54.0,83.94,3.0431,HIGH,-,77.905,79.2042,98.6097,0,65.7165,WEAK,28.7913
281,25,MLYS,MINERALYS THERAPEUTICS INC,Health Care,,mid,29.26,1.4049,0.9559,0.9523,0.8519,STRONG_UP,-34.25,92.63,126.3,-51.66,45.6,61.98,0.3375,LOW,SHIFT,28.831,27.2204,31.5373,0,68.1475,WEAK,28.7586
282,-25,WT,WISDOMTREE INC,Financials,,mid,18.72,1.4467,0.9664,0.9638,1.0107,FLAT,60.43,98.36,110.55,-26.67,52.8,49.55,0.7528,LOW,-,17.548,16.173,14.129,1,104.8075,TREND+LEAD,28.6955
283,-12,REZI,RESIDEO TECHNOLOGIES INC,Industrials,,mid,36.68,1.2437,0.8782,0.8303,0.8737,FLAT,19.79,70.53,67.8,-35.21,53.6,49.6,1.1719,MED,-,39.9805,37.0494,36.2189,1,76.2129,TREND+LEAD,28.6237
284,0,APH,Amphenol,Information Technology,Electronic Components,large,127.87,1.0949,0.9087,0.7645,0.7713,FLAT,-10.76,50.12,104.37,-28.19,57.2,44.24,1.5568,HIGH,EARLY,143.0625,136.3158,131.8496,0,64.806,WEAK,28.6107
285,-49,C,Citigroup,Financials,Diversified Banks,large,126.44,1.2479,0.975,0.8717,0.9383,FLAT,25.83,71.11,110.85,-14.76,56.4,34.85,0.4969,LOW,-,128.2549,118.7953,107.4954,1,115.0792,TREND+LEAD,28.5914
286,12,NUVB,NUVATION BIO INC CLASS A,Health Care,,small,4.84,1.6118,0.9449,0.8873,0.7337,STRONG_UP,4.31,121.0,43.62,-57.55,50.4,71.51,0.5452,LOW,-,4.7935,4.5964,5.0367,0,85.2836,WEAK,28.3993
287,78,CC,CHEMOURS,Materials,,mid,24.67,1.5678,1.0256,0.9583,1.0228,FLAT,95.88,114.97,-7.07,-39.78,55.2,76.66,0.8379,LOW,-,24.9685,21.8516,16.2366,1,82.7868,TREND+LEAD,28.3529
288,-32,MCY,MERCURY GENERAL CORP,Financials,,mid,101.72,1.216,1.0424,0.9691,0.947,STRONG_UP,19.13,66.73,85.22,-12.87,55.2,30.96,0.9691,LOW,-,96.9005,92.4787,85.9513,1,118.981,TREND+LEAD,28.3285
289,-10,KEYS,Keysight Technologies,Information Technology,Electronic Equipment & Instruments,large,361.65,1.598,0.9705,0.973,1.3174,STRONG_DOWN,97.07,119.1,141.57,-14.0,58.4,58.54,0.8423,LOW,-,346.225,314.3732,222.9702,1,118.8173,TREND+LEAD,28.2815
290,72,FSBC,FIVE STAR BANCORP,Financials,,small,40.66,1.0344,0.9685,0.8928,0.8819,STRONG_UP,19.47,41.83,93.15,-13.07,48.4,20.95,1.5308,HIGH,-,40.6287,38.9217,35.5957,1,96.6477,TREND+LEAD,28.1544
291,38,ADM,Archer Daniels Midland,Consumer Staples,Agricultural Products & Services,large,80.73,1.2025,1.0182,1.0427,1.0177,FLAT,46.47,64.88,38.5,-12.79,51.2,28.45,0.8672,LOW,-,73.2945,71.5704,63.4946,1,116.7601,TREND+LEAD,28.1156
292,-59,DIOD,DIODES INC,Information Technology,,mid,103.45,1.554,0.8771,1.0509,1.15,STRONG_DOWN,121.95,113.08,45.83,-27.44,52.4,77.45,1.5213,HIGH,-,103.312,83.218,61.4695,1,76.5056,TREND+LEAD,28.0604
293,125,MRK,Merck & Co.,Health Care,Pharmaceuticals,large,112.37,1.1083,0.9737,0.8329,0.8227,STRONG_UP,31.61,51.97,-7.26,-11.37,52.8,23.98,0.9328,LOW,-,113.06,115.9826,99.8898,1,114.4219,TREND+LEAD,28.0514
294,30,TDW,TIDEWATER INC,Energy,,mid,81.5,1.4002,0.9813,0.8598,0.9931,FLAT,49.05,91.99,-21.07,-25.16,52.4,46.68,0.4161,LOW,-,85.0425,82.4472,63.5439,1,103.2628,TREND+LEAD,27.9833
295,-20,PLAB,PHOTRONICS INC,Information Technology,,mid,51.98,1.8113,0.9819,1.0111,1.1829,STRONG_DOWN,131.23,148.35,79.24,-24.72,51.6,71.2,,LOW,-,50.1085,43.1778,31.3092,1,107.5133,TREND+LEAD,27.9253
296,-62,ACLS,AXCELIS TECHNOLOGIES INC,Information Technology,,mid,161.64,1.8754,0.9301,1.2712,1.5264,STRONG_DOWN,84.9,157.14,44.37,-26.2,51.6,77.17,0.8542,LOW,-,141.3835,112.2406,91.7944,1,105.0741,TREND+LEAD,27.9175
297,-35,SNDX,SYNDAX PHARMACEUTICALS INC,Health Care,,mid,20.41,1.4608,0.9725,0.7428,0.8152,FLAT,29.83,100.29,-2.67,-24.02,50.8,48.86,0.7547,LOW,-,21.588,22.8966,18.8077,1,104.2766,TREND+LEAD,27.8734
298,29,GNK,GENCO SHIPPING AND TRADING LTD,Industrials,,small,27.08,1.4286,1.0449,1.0108,1.0845,FLAT,58.32,95.87,34.95,-19.16,54.8,43.47,0.8116,LOW,-,24.5305,23.3281,19.2351,1,120.8637,TREND+LEAD,27.8426
299,0,JBHT,J.B. Hunt,Industrials,Cargo Ground Transportation,large,236.79,1.1836,0.9487,0.9186,0.8929,STRONG_UP,41.09,62.28,42.67,-15.87,50.4,35.53,1.33,MED,-,244.6204,225.4948,186.0894,1,88.35,TREND+LEAD,27.7711
300,-73,TXG,10X GENOMICS INC CLASS A,Health Care,,mid,20.92,1.5811,0.9052,0.75,0.9472,FLAT,22.48,116.79,-22.43,-28.03,49.2,70.25,1.0018,MED,-,22.5365,21.464,17.2491,1,81.7929,TREND+LEAD,27.7267
301,43,CSCO,Cisco,Information Technology,Communications Equipment,large,99.29,1.1991,1.0661,1.0686,1.0119,FLAT,39.22,64.41,114.93,-13.57,55.6,36.89,1.2609,MED,-,90.5635,83.815,75.3438,1,97.0848,TREND+LEAD,27.6586
302,-106,LUNR,INTUITIVE MACHINES INC CLASS A,Industrials,,mid,32.09,2.0124,1.1992,1.2054,1.6329,STRONG_DOWN,225.13,175.92,428.67,-41.88,53.2,118.01,0.8223,LOW,-,26.886,22.5612,15.2674,1,79.3083,TREND+LEAD,27.5952
303,-14,AMRX,AMNEAL PHARMACEUTICALS INC CLASS A,Health Care,,mid,12.6,1.2253,0.9103,0.8539,0.7432,STRONG_UP,9.76,68.0,87.78,-22.12,52.8,35.51,0.6554,LOW,-,13.0282,12.7252,11.7615,1,101.1096,TREND+LEAD,27.5921
304,37,FDX,FedEx,Industrials,Air Freight & Logistics,large,376.42,1.2141,0.982,0.9042,0.8925,STRONG_UP,49.63,66.47,47.19,-11.67,54.8,32.9,0.4347,LOW,-,383.2195,369.6785,295.7392,1,110.7092,TREND+LEAD,27.5613
305,-37,NTCT,NETSCOUT SYSTEMS INC,Information Technology,,mid,38.22,1.2109,1.0588,1.0472,1.1764,FLAT,30.58,66.03,,-17.38,51.2,34.69,1.4757,MED,-,34.6875,32.6674,27.9271,1,97.455,TREND+LEAD,27.4811
306,47,CLSK,CLEANSPARK INC,Information Technology,,mid,13.47,0.9824,0.9141,1.0627,1.2141,STRONG_DOWN,-10.38,34.7,-13.38,-64.74,50.4,72.42,1.554,HIGH,-,12.61,10.8276,12.2589,1,24.1491,TREND_ONLY,27.3841
307,-23,TDAY,USA TODAY INC,Communication,,small,7.32,1.439,1.0018,0.9052,1.0287,FLAT,41.59,97.3,117.86,-20.32,49.2,40.82,0.9859,LOW,-,7.2935,6.9184,5.3667,1,117.2804,TREND+LEAD,27.3612
308,8,EYPT,EYEPOINT INC,Health Care,,small,13.62,1.6808,1.0039,0.8445,0.919,FLAT,20.0,130.46,11.46,-37.14,53.2,66.48,0.5955,LOW,-,13.8745,13.9982,13.8687,0,104.3969,WEAK,27.3251
309,111,SGHC,SUPER GROUP LTD,Consumer Discretionary,,mid,12.92,1.099,0.9832,1.05,1.321,STRONG_DOWN,7.1,50.69,301.49,-39.53,50.8,45.7,3.6628,HIGH,-,12.483,11.4234,11.3829,1,56.3425,TREND+LEAD,27.3221
310,35,UFCS,UNITED FIRE GROUP INC,Financials,,small,48.43,1.2737,1.108,1.0951,1.0845,STRONG_UP,34.16,74.64,113.41,-9.43,52.8,36.55,1.31,MED,-,41.679,39.2422,34.9653,1,107.8308,TREND+LEAD,27.2787
311,0,HCC,WARRIOR MET COAL INC,Materials,,mid,88.28,1.3366,0.9923,0.916,0.846,STRONG_UP,7.38,83.27,39.76,-24.41,52.4,45.63,0.5372,LOW,-,87.6448,87.9618,77.7913,1,95.6249,TREND+LEAD,27.2746
312,57,VERA,VERA THERAPEUTICS INC CLASS A,Health Care,,mid,36.7,1.2403,0.9868,0.7356,0.7407,FLAT,32.25,70.06,-9.94,-39.83,48.8,44.23,0.5527,LOW,-,37.9528,39.4434,35.4938,1,77.3042,TREND+LEAD,27.1603
313,-4,PTCT,PTC THERAPEUTICS INC,Health Care,,mid,75.02,1.1794,1.1089,0.9136,0.9172,FLAT,3.5,61.72,136.66,-27.17,54.4,48.92,1.5692,HIGH,-,69.4855,68.0479,67.3003,1,68.6293,TREND+LEAD,27.1345
314,-99,NGVT,INGEVITY CORP,Materials,,mid,71.56,1.2078,0.9042,0.8311,0.8283,STRONG_UP,43.52,65.61,31.06,-23.94,52.0,35.59,0.6879,LOW,-,74.984,71.5268,61.4928,1,95.8615,TREND+LEAD,27.1231
315,-7,AMRC,AMERESCO INC CLASS A,Industrials,,small,29.23,1.4632,0.9116,1.0069,0.7523,FLAT,-18.6,100.62,2.35,-44.48,52.0,54.18,0.5965,LOW,-,28.5265,27.107,30.0773,0,96.5692,WEAK,27.1191
316,-105,DDOG,Datadog,Information Technology,Application Software,large,199.94,1.243,1.369,1.6078,1.3615,FLAT,0.11,70.44,69.07,-48.62,46.8,83.66,0.8215,LOW,-,145.892,130.7976,139.1205,1,39.4031,TREND+LEAD,27.0705
317,79,PRLB,PROTO LABS INC,Industrials,,small,71.02,1.2523,1.0144,1.0199,0.917,FLAT,44.85,71.71,124.53,-19.51,50.4,35.5,1.1353,MED,-,65.5345,61.2268,54.3784,1,101.8105,TREND+LEAD,27.0549
318,70,HUM,Humana,Health Care,Managed Health Care,large,295.35,0.9559,1.1798,1.3384,1.4674,STRONG_DOWN,24.93,31.07,-10.59,-47.18,56.4,46.92,1.3463,MED,-,233.0795,199.7455,239.7721,1,37.3513,TREND_ONLY,27.0306
319,0,NDSN,Nordson Corporation,Industrials,Industrial Machinery & Supplies & Components,large,281.16,1.0263,0.9642,0.896,0.8304,STRONG_UP,20.55,40.71,5.5,-14.15,55.2,21.84,0.8829,LOW,-,282.148,275.0239,249.2583,1,102.9025,TREND+LEAD,26.9598
320,32,COCO,THE VITA COCO COMPANY INC,Consumer Staples,,mid,74.61,1.6415,1.0696,1.3366,1.0972,FLAT,78.92,125.07,170.03,-23.23,54.0,79.75,1.3127,MED,-,58.9585,55.1275,48.2125,1,84.6855,TREND+LEAD,26.9464
321,62,EVRG,Evergy,Utilities,Electric Utilities,large,83.3,0.9735,1.012,0.9041,0.9184,FLAT,10.72,33.48,61.94,-7.3,59.2,17.84,1.336,MED,-,81.845,81.9337,76.056,1,111.1138,TREND_ONLY,26.8687
322,-56,ENVA,ENOVA INTERNATIONAL INC,Financials,,mid,166.88,1.2267,0.9515,0.9645,0.9489,FLAT,31.34,68.19,165.35,-24.75,55.6,38.71,0.46,LOW,-,167.599,150.4254,136.5849,1,97.9455,TREND+LEAD,26.8586
323,14,BG,Bunge Global,Consumer Staples,Agricultural Products & Services,large,126.21,1.1445,0.9852,0.9173,0.9019,STRONG_UP,34.5,56.92,24.69,-15.39,48.4,27.75,0.7129,LOW,-,125.0565,123.9924,101.1973,1,99.2823,TREND+LEAD,26.7517
324,-10,ARM,Arm Holdings,Technology,Semiconductors,large,207.92,1.197,0.8622,1.1467,1.439,STRONG_DOWN,34.28,64.13,77.36,-41.47,51.6,79.5,1.0104,MED,-,200.4625,161.9621,143.1915,1,41.6241,TREND+LEAD,26.6853
325,-34,APEI,AMERICAN PUBLIC EDUCATION INC,Consumer Discretionary,,small,53.0,1.402,0.9328,0.8221,1.063,FLAT,60.65,92.24,185.56,-22.3,56.4,53.96,1.1393,MED,-,57.545,55.3522,41.2005,1,96.4088,TREND+LEAD,26.6747
326,13,APGE,APOGEE THERAPEUTICS INC,Health Care,,mid,82.93,1.522,0.9652,0.8334,1.0926,FLAT,46.08,108.68,57.27,-26.99,50.0,58.49,0.5463,LOW,-,85.9845,80.6802,63.3577,1,92.906,TREND+LEAD,26.6516
327,-31,TNK,TEEKAY TANKERS LTD CLASS A,Energy,,mid,80.06,1.3255,0.9924,0.9766,1.001,FLAT,31.36,81.74,26.84,-18.88,55.2,42.94,0.5535,LOW,-,77.9205,74.2294,60.6383,1,105.0822,TREND+LEAD,26.6035
328,-24,ROG,ROGERS CORP,Information Technology,,small,138.43,1.422,0.9689,1.0433,1.0892,STRONG_DOWN,62.74,94.97,15.3,-14.4,51.6,39.63,0.9691,LOW,-,130.8015,116.6592,94.5968,1,123.6575,TREND+LEAD,26.5566
329,-32,MDGL,MADRIGAL PHARMACEUTICALS INC,Health Care,,large,510.26,1.26,0.9303,0.8642,0.9198,FLAT,2.9,72.76,141.46,-29.36,48.4,47.14,0.631,LOW,-,519.4975,493.4998,476.0669,1,74.7034,TREND+LEAD,26.5137
330,-18,GRC,GORMAN-RUPP,Industrials,,small,75.9,1.4415,0.9607,0.9436,0.9958,FLAT,71.8,97.64,138.84,-14.39,54.0,44.74,0.6134,LOW,-,73.4215,67.2134,52.9745,1,117.8548,TREND+LEAD,26.4416
331,1,IBKR,Interactive Brokers,Financials,Investment Banking & Brokerage,large,84.59,1.2232,0.9563,0.9755,0.9617,FLAT,19.2,67.72,184.66,-18.7,54.8,39.12,0.9669,LOW,-,80.7335,73.3452,69.0857,1,94.857,TREND+LEAD,26.3432
332,11,MYE,MYERS INDUSTRIES INC,Materials,,small,22.35,1.336,1.0614,0.8971,0.8707,STRONG_UP,27.96,83.19,49.67,-12.47,54.8,40.07,0.745,LOW,-,21.308,21.2785,18.7596,1,113.7707,TREND+LEAD,26.216
333,-48,NHC,NATIONAL HEALTHCARE CORP,Health Care,,mid,189.47,1.3373,1.1005,1.0303,0.9798,STRONG_UP,46.14,83.37,103.98,-13.13,52.4,40.97,0.9803,LOW,-,172.6765,166.9544,137.4914,1,106.6257,TREND+LEAD,26.2094
334,44,INVX,INNOVEX INTERNATIONAL INC,Energy,,small,27.41,1.3161,0.9941,0.9402,0.9335,STRONG_UP,32.1,80.45,42.46,-17.91,54.0,40.09,0.345,LOW,-,27.087,26.0024,22.0747,1,108.3605,TREND+LEAD,26.2043
335,-55,HWM,Howmet Aerospace,Industrials,Aerospace & Defense,large,269.76,1.2457,1.0356,0.9299,1.0137,FLAT,28.75,70.8,238.05,-15.89,53.2,38.01,0.6245,LOW,-,250.738,246.0912,212.5575,1,99.088,TREND+LEAD,26.0899
336,-3,HG,HAMILTON INSURANCE GROUP LTD CLASS,Financials,,mid,30.71,1.1595,1.0016,0.8874,0.941,FLAT,25.14,58.98,103.99,-8.48,54.4,27.17,0.7051,LOW,-,31.6515,30.3283,25.7308,1,118.099,TREND+LEAD,26.0494
337,-26,MS,Morgan Stanley,Financials,Investment Banking & Brokerage,large,191.88,1.108,0.9765,0.9355,0.9467,FLAT,17.52,51.92,105.75,-18.83,58.4,32.63,0.7907,LOW,-,189.4817,174.1406,165.7272,1,92.9284,TREND+LEAD,26.0184
338,173,KURA,KURA ONCOLOGY INC,Health Care,,small,9.68,1.2172,0.9963,0.9416,1.0706,FLAT,-6.2,66.9,-53.03,-39.04,49.6,43.51,1.2752,MED,-,9.263,8.8572,9.0187,1,76.2599,TREND+LEAD,25.8236
339,-32,QCOM,Qualcomm,Information Technology,Semiconductors,large,210.31,1.0373,1.0746,1.4076,1.3012,FLAT,24.0,42.22,,-33.13,53.2,59.86,2.347,HIGH,-,166.275,144.9448,157.0186,1,37.5238,TREND+LEAD,25.8034
340,32,INOD,INNODATA INC,Industrials,,small,92.09,1.8492,1.9483,1.9816,1.7584,FLAT,34.36,153.55,732.64,-63.03,48.0,190.94,2.954,HIGH,-,51.7345,45.7198,54.7203,1,38.601,TREND+LEAD,25.7624
341,14,NTRS,Northern Trust,Financials,Asset Management & Custody Banks,large,162.35,1.133,0.9784,0.9264,0.9663,FLAT,26.26,55.35,100.12,-12.39,55.2,29.4,0.7304,LOW,-,163.0115,150.0688,137.578,1,103.919,TREND+LEAD,25.6619
342,-99,AAP,ADVANCE AUTO PARTS INC,Consumer Discretionary,,mid,52.62,1.1777,0.8916,0.8353,0.7685,STRONG_UP,11.81,61.47,-27.0,-41.44,46.4,46.14,0.8572,LOW,-,57.0915,54.0335,52.5985,1,61.8207,TREND+LEAD,25.6554
343,-89,HPE,Hewlett Packard Enterprise,Information Technology,"Technology Hardware, Storage & Peripherals",large,30.21,1.2606,0.9788,1.0977,1.1072,STRONG_DOWN,28.09,72.85,83.17,-23.73,55.6,47.24,0.5454,LOW,-,28.579,25.2172,23.2585,1,85.7391,TREND+LEAD,25.6385
344,22,GVA,GRANITE CONSTRUCTION INC,Industrials,,mid,140.42,1.2019,0.9704,0.9832,0.9153,FLAT,40.51,64.8,126.97,-14.69,50.8,35.69,1.0266,MED,-,131.2455,126.3063,115.4031,1,92.2297,TREND+LEAD,25.6201
345,-81,TRS,TRIMAS CORP,Materials,,small,40.9,1.2416,0.9681,0.9326,0.9868,FLAT,29.77,70.24,51.91,-22.24,55.6,36.91,0.7141,LOW,-,38.6349,37.4022,36.2344,1,105.8121,TREND+LEAD,25.6027
346,84,NTST,NETSTREIT CORP,Real Estate,,mid,20.73,1.0204,0.9916,0.9216,0.9435,FLAT,16.71,39.91,29.21,-11.24,54.4,19.41,0.495,LOW,-,20.5645,20.0658,18.5748,1,111.8574,TREND+LEAD,25.6024
347,-78,THR,THERMON GROUP HOLDINGS INC,Industrials,,small,64.69,1.5464,0.9259,1.0446,1.0652,STRONG_DOWN,83.78,112.03,89.26,-21.01,53.2,53.61,0.5717,LOW,-,59.3525,53.5002,39.101,1,111.1721,TREND+LEAD,25.5749
348,51,PTEN,PATTERSON UTI ENERGY INC,Energy,,mid,12.06,1.4576,1.0248,1.0853,1.2347,STRONG_DOWN,101.2,99.86,20.55,-20.42,54.4,53.45,0.5531,LOW,-,11.3115,10.6896,7.3062,1,101.6343,TREND+LEAD,25.5567
349,60,HAS,Hasbro,Consumer Discretionary,Leisure Products,large,94.5,1.0845,0.9539,0.9059,0.7788,STRONG_UP,22.89,48.69,65.91,-15.8,51.2,32.12,1.3044,MED,-,94.979,93.6364,84.3826,1,77.619,TREND+LEAD,25.5506
350,-35,AHR,AMERICAN HEALTHCARE REIT INC,Real Estate,,mid,51.47,1.1098,1.0125,0.9374,0.8707,STRONG_UP,5.43,52.17,290.79,-11.77,56.4,28.0,0.8463,LOW,-,50.1295,49.8358,46.2769,1,105.0846,TREND+LEAD,25.4885
351,171,OSCR,OSCAR HEALTH INC CLASS A,Financials,,mid,23.73,1.0229,1.1769,1.3799,1.5129,STRONG_DOWN,62.42,40.25,8.11,-51.71,46.8,62.86,1.6683,HIGH,-,18.183,15.1862,16.1514,1,29.9653,TREND+LEAD,25.4486
352,-26,LPG,DORIAN LPG LTD,Energy,,small,40.2,1.3506,1.013,1.0333,1.0699,STRONG_DOWN,53.87,85.18,11.02,-24.99,52.8,42.04,0.5331,LOW,-,38.101,35.4852,29.8032,1,106.9795,TREND+LEAD,25.4364
353,6,HOOD,Robinhood Markets,Financials,Investment Banking & Brokerage,large,78.27,0.9123,0.9743,0.8799,0.8704,STRONG_UP,-42.4,25.09,363.41,-57.26,52.4,70.69,0.5509,LOW,-,81.4032,76.5593,105.6581,0,18.5997,WEAK,25.4235
354,38,BEN,Franklin Resources,Financials,Asset Management & Custody Banks,large,31.68,1.1319,1.0004,1.0657,1.0116,FLAT,44.69,55.2,48.67,-19.21,54.8,34.02,0.6166,LOW,-,28.963,26.1548,24.3445,1,88.9224,TREND+LEAD,25.4136
355,2,FER,Ferrovial,Industrials,"Military, Government, Technical",large,68.91,1.0536,0.9458,0.8477,0.8048,STRONG_UP,8.07,44.46,89.01,-17.13,50.8,30.4,1.0221,MED,-,69.6925,67.5044,63.7227,1,74.292,TREND+LEAD,25.3962
356,134,CNC,Centene Corporation,Health Care,Managed Health Care,large,59.31,0.7335,1.0548,1.4153,1.272,FLAT,73.17,0.58,-23.12,-59.31,54.8,59.55,1.4429,MED,-,47.831,40.9806,37.6993,1,0.5306,TREND_ONLY,25.3804
357,86,MTX,MINERALS TECHNOLOGIES INC,Materials,,mid,81.01,1.0129,1.0053,0.9886,0.9487,STRONG_UP,43.08,38.88,2.83,-15.83,53.6,28.64,1.8155,HIGH,-,74.53,71.5732,64.6893,1,72.7645,TREND+LEAD,25.2928
358,-45,GM,General Motors,Consumer Discretionary,Automobile Manufacturers,large,76.44,1.1161,0.9557,0.8553,0.8323,STRONG_UP,8.06,53.03,72.65,-16.0,52.0,30.79,0.6457,LOW,-,77.8995,76.1356,70.8995,1,89.5559,TREND+LEAD,25.239
359,56,CBOE,Cboe Global Markets,Financials,Financial Exchanges & Data,large,355.8,1.1837,1.0118,1.0519,1.1512,STRONG_DOWN,37.64,62.3,98.76,-10.32,55.6,31.64,0.9679,LOW,-,318.8225,301.535,264.7754,1,109.4726,TREND+LEAD,25.0449
360,363,VSTS,VESTIS CORP,Industrials,,small,12.0,1.3632,1.2807,1.1572,1.2001,FLAT,120.59,86.92,-1.3,-37.54,52.8,74.52,5.9577,HIGH,-,9.684,8.5918,6.523,1,61.5829,TREND+LEAD,24.9703
361,14,PCVX,VAXCYTE INC,Health Care,,mid,54.03,1.3113,0.9311,0.7654,0.8464,FLAT,25.89,79.8,-17.76,-20.6,49.2,41.91,0.8998,LOW,-,58.1145,57.8354,46.8297,1,93.6811,TREND+LEAD,24.9547
362,-42,HLF,HERBALIFE LTD,Consumer Staples,,small,13.63,1.4597,0.8158,0.727,0.7137,STRONG_UP,50.61,100.15,25.39,-32.31,48.4,66.59,1.0277,MED,-,15.9605,15.5592,12.7808,1,72.7903,TREND+LEAD,24.9046
363,-9,CHRW,C.H. Robinson,Industrials,Air Freight & Logistics,large,167.21,1.2906,0.9759,0.8823,0.741,STRONG_UP,11.03,76.96,106.86,-19.34,53.6,51.7,0.5503,LOW,-,177.3735,173.9705,155.0423,1,79.7919,TREND+LEAD,24.7844
364,-74,SUPN,SUPERNUS PHARMACEUTICALS INC,Health Care,,mid,50.53,1.1417,0.9664,0.8966,0.8534,STRONG_UP,11.3,56.54,70.25,-22.6,52.8,35.28,0.7173,LOW,-,49.8445,50.6168,48.2956,1,84.6125,TREND+LEAD,24.711
365,-4,CTRE,CARETRUST REIT INC,Real Estate,,mid,42.09,1.1305,1.049,0.951,0.9365,STRONG_UP,17.14,55.0,84.72,-12.25,57.2,31.51,0.711,LOW,-,39.394,38.8093,36.0443,1,99.8493,TREND+LEAD,24.6932
366,-30,TXN,Texas Instruments,Information Technology,Semiconductors,large,295.17,1.1759,1.0035,1.2052,1.1354,FLAT,85.95,61.24,66.3,-29.57,51.6,49.62,0.8942,LOW,-,264.8385,223.9979,193.7255,1,63.6811,TREND+LEAD,24.5927
367,37,PSMT,PRICESMART INC,Consumer Staples,,mid,156.49,1.1269,0.9629,0.8878,0.8787,STRONG_UP,36.18,54.51,88.95,-10.62,56.4,30.26,,LOW,-,157.636,152.929,131.7144,1,101.6055,TREND+LEAD,24.5602
368,34,PRIM,PRIMORIS SERVICES CORP,Industrials,,mid,113.3,1.0828,1.1013,0.606,0.5935,STRONG_UP,-12.05,48.47,131.45,-50.11,54.8,116.68,1.8981,HIGH,EARLY,156.501,149.4131,135.5841,0,22.7628,WEAK,24.5602
369,184,OIS,OIL STATES INTERNATIONAL INC,Energy,,small,8.95,1.3571,0.9884,0.7118,0.8282,FLAT,39.41,86.07,90.83,-39.82,52.4,78.92,2.2266,HIGH,-,10.353,11.308,8.0115,1,57.1478,TREND+LEAD,24.488
370,-48,NPO,ENPRO INC,Industrials,,mid,310.2,1.2201,0.9961,0.9916,0.9716,STRONG_UP,44.92,67.29,112.39,-13.45,54.4,37.92,0.726,LOW,-,291.1155,270.0818,238.7017,1,96.5298,TREND+LEAD,24.4387
371,-113,PBF,PBF ENERGY INC CLASS A,Energy,,mid,42.43,1.4055,1.0039,0.9683,1.0366,FLAT,8.19,92.72,-4.81,-34.86,54.8,73.83,0.5826,LOW,-,41.606,43.5308,33.6113,1,68.8187,TREND+LEAD,24.4265
372,-111,ALNT,ALLIENT INC,Industrials,,small,62.97,1.469,0.7993,0.7801,0.8323,FLAT,19.84,101.41,122.8,-19.27,52.4,60.26,1.4505,MED,-,72.2965,67.0712,56.268,1,88.1864,TREND+LEAD,24.4209
373,32,JCI,Johnson Controls,Industrials,Building Products,large,141.04,1.078,0.9695,0.8828,0.8702,STRONG_UP,15.41,47.81,119.16,-12.71,56.4,29.58,0.7208,LOW,-,141.5585,137.4219,120.7516,1,91.1636,TREND+LEAD,24.3648
374,66,FCX,Freeport-McMoRan,Materials,Copper,large,66.03,1.2343,1.067,0.8618,0.8765,FLAT,62.0,69.24,30.2,-24.9,56.4,54.85,0.8322,LOW,-,62.7335,61.1095,51.0712,1,71.1935,TREND+LEAD,24.3357
375,-81,SYNA,SYNAPTICS INC,Information Technology,,mid,119.59,1.3235,1.0972,1.3852,1.1426,FLAT,75.3,81.47,35.31,-29.31,50.8,65.21,1.0701,MED,-,95.841,82.543,75.8615,1,63.4684,TREND+LEAD,24.3206
376,-36,AKAM,Akamai Technologies,Information Technology,Internet Services & Infrastructure,large,149.56,1.3818,1.2064,1.4968,1.3679,FLAT,71.67,89.46,58.57,-25.44,54.0,86.38,1.0204,MED,-,108.9005,108.3736,90.1428,1,55.9257,TREND+LEAD,24.259
377,93,LHX,L3Harris,Industrials,Aerospace & Defense,large,309.47,1.0513,1.0077,0.7739,0.7913,FLAT,5.0,44.15,45.63,-20.55,53.6,27.87,0.9349,LOW,EARLY,322.7355,343.6893,309.8949,0,84.902,WEAK,24.2217
378,-123,TPR,"Tapestry, Inc.",Consumer Discretionary,"Apparel, Accessories & Luxury Goods",large,131.73,1.1659,0.8709,0.7763,0.7405,STRONG_UP,24.95,59.85,231.83,-18.46,55.6,42.47,0.9994,LOW,-,143.9625,144.653,124.8974,1,78.3574,TREND+LEAD,24.1658
379,-30,MPC,Marathon Petroleum,Energy,Oil & Gas Refining & Marketing,large,251.99,1.1528,1.0088,1.0005,1.0525,FLAT,29.62,58.07,47.8,-18.33,57.2,39.89,0.6162,LOW,-,235.561,233.2916,194.8127,1,83.2636,TREND+LEAD,24.1101
380,-33,NTLA,INTELLIA THERAPEUTICS INC,Health Care,,small,13.99,1.2264,0.9939,0.8416,1.0109,FLAT,43.78,68.15,-44.96,-71.27,52.4,73.87,0.8892,LOW,-,14.1652,13.642,13.1925,1,48.3418,TREND+LEAD,24.0471
381,68,UNIT,UNITI GROUP INC,Communication,,mid,11.22,1.0571,0.9744,0.9135,1.1893,FLAT,71.82,44.95,85.29,-44.37,49.2,55.12,1.1217,MED,-,11.5165,9.8636,7.6165,1,40.1179,TREND+LEAD,24.0064
382,-87,JOBY,JOBY AVIATION INC CLASS A,Industrials,,mid,10.49,1.0641,0.9812,1.0599,0.9006,FLAT,-33.48,45.9,107.72,-61.06,48.0,66.39,0.9534,LOW,SHIFT,9.3545,9.2026,13.2572,0,33.1836,WEAK,23.9565
383,-82,TK,TEEKAY CORPORATION CORP LTD,Energy,,small,13.43,1.3686,0.9703,0.9901,1.0323,STRONG_DOWN,36.21,87.65,104.76,-16.68,52.0,42.61,0.8748,LOW,-,13.238,12.547,10.0464,1,106.9665,TREND+LEAD,23.9399
384,128,ETR,Entergy,Utilities,Electric Utilities,large,112.93,1.0443,0.9837,0.8735,0.9826,FLAT,18.48,43.18,113.89,-6.73,53.2,24.81,1.0509,MED,-,113.6662,110.0196,97.0153,1,92.5961,TREND+LEAD,23.916
385,115,MNST,Monster Beverage,Consumer Staples,Soft Drinks & Non-alcoholic Beverages,large,85.87,1.0398,1.0945,1.017,0.9216,STRONG_UP,22.62,42.57,56.93,-17.7,56.4,36.88,1.0581,MED,-,77.956,76.1206,72.6594,1,65.1019,TREND+LEAD,23.8347
386,-22,AZZ,AZZ INC,Industrials,,mid,148.11,1.1554,0.9952,0.9508,0.9356,STRONG_UP,46.6,58.43,96.51,-18.16,51.2,34.64,0.8712,LOW,-,141.6867,132.8024,117.4496,1,86.3574,TREND+LEAD,23.8187
387,14,RTX,RTX Corporation,Industrials,Aerospace & Defense,large,178.89,1.0149,0.9959,0.7843,0.7919,FLAT,0.65,39.16,75.71,-18.56,55.2,26.59,0.5905,LOW,-,180.644,192.6174,178.813,1,81.2947,TREND+LEAD,23.7524
388,0,VLY,VALLEY NATIONAL,Financials,,mid,13.16,1.0872,0.948,0.8932,0.8608,STRONG_UP,21.66,49.07,84.77,-13.64,52.0,27.49,0.6116,LOW,-,13.4345,12.7319,11.4642,1,92.8143,TREND+LEAD,23.734
389,-47,AROC,ARCHROCK INC,Energy,,mid,37.23,1.0927,0.9369,0.9109,0.9966,FLAT,50.0,49.83,98.64,-15.92,53.2,28.14,0.7344,LOW,-,37.3595,36.3876,28.4282,1,94.1972,TREND+LEAD,23.7121
390,-40,MATX,MATSON INC,Industrials,,mid,179.01,1.1218,0.9606,0.9311,0.9555,FLAT,64.73,53.82,57.65,-25.28,52.4,35.53,0.5517,LOW,-,175.8269,166.9938,130.735,1,79.373,TREND+LEAD,23.5781
391,132,XOM,ExxonMobil,Energy,Integrated Oil & Gas,large,150.63,1.0381,0.9968,0.8974,0.8452,STRONG_UP,29.39,42.34,36.6,-15.69,56.8,29.87,0.7488,LOW,-,150.0815,154.7646,128.2507,1,80.5129,TREND+LEAD,23.5043
392,-22,APP,AppLovin,Information Technology,Application Software,large,490.69,0.967,1.0299,1.0064,0.9314,STRONG_UP,-24.66,32.58,468.13,-49.99,53.6,79.32,0.8622,LOW,SHIFT,468.79,447.8718,529.8775,0,22.0178,WEAK,23.4593
393,59,OII,OCEANEERING INTERNATIONAL INC,Energy,,mid,38.07,1.3869,1.0105,0.9421,0.9627,FLAT,61.45,90.16,63.39,-15.27,50.4,49.09,0.7136,LOW,-,37.303,36.2218,28.3664,1,92.5658,TREND+LEAD,23.3629
394,0,ORCL,Oracle Corporation,Information Technology,Application Software,large,186.83,0.8481,0.9475,1.0191,1.0344,STRONG_DOWN,-21.95,16.29,63.97,-58.25,50.8,55.07,0.7659,LOW,SHIFT,179.2935,161.2586,209.3037,0,15.0273,WEAK,23.2908
395,47,DAWN,DAY ONE BIOPHARMACEUTICALS INC,Health Care,,mid,21.53,2.4806,0.9863,0.8945,1.5518,FLAT,192.53,240.13,34.14,-23.55,47.48,148.35,0.0,LOW,-,21.4675,18.4178,10.7963,1,76.8534,TREND+LEAD,23.2839
396,4,LMND,LEMONADE INC,Financials,,mid,55.14,1.2336,1.0237,0.7848,0.6981,STRONG_UP,-30.09,69.14,195.97,-47.7,50.0,78.9,0.5497,LOW,EARLY,61.194,60.227,63.3095,0,43.8157,WEAK,23.2647
397,96,SLB,Schlumberger,Energy,Oil & Gas Equipment & Services,large,55.64,1.1581,0.9925,0.9608,0.9357,STRONG_UP,52.83,58.79,20.74,-14.3,50.4,36.29,0.5836,LOW,-,54.5515,51.3028,41.8008,1,81.6549,TREND+LEAD,23.2111
398,37,ARQT,ARCUTIS BIOTHERAPEUTICS INC,Health Care,,mid,20.69,1.0919,0.8423,0.7332,0.6747,STRONG_UP,-12.88,49.71,158.95,-33.78,49.6,60.24,1.5811,HIGH,EARLY,23.0765,23.2337,23.0989,0,40.9304,WEAK,23.1164
399,38,HWKN,HAWKINS INC,Materials,,mid,168.59,1.0276,0.9927,1.0119,0.9789,FLAT,31.88,40.89,119.41,-34.79,55.2,36.03,0.6278,LOW,-,164.032,153.982,154.0481,1,62.6508,TREND+LEAD,23.1145
400,141,GL,Globe Life,Financials,Life & Health Insurance,large,154.91,0.9488,0.9873,0.9294,0.9354,FLAT,17.18,30.09,85.23,-10.87,54.4,16.66,0.7023,LOW,-,152.41,145.6144,140.0517,1,98.2688,TREND_ONLY,23.0995
401,-78,DXPE,DXP ENTERPRISES INC,Industrials,,mid,143.79,1.1668,0.7795,0.8268,0.842,STRONG_DOWN,42.39,59.98,184.68,-32.99,52.8,55.4,1.0157,MED,-,162.81,148.9996,125.8358,1,57.165,TREND+LEAD,23.0979
402,-83,BLBD,BLUE BIRD CORP,Industrials,,small,69.33,1.2457,1.0489,0.9497,1.0406,FLAT,34.73,70.81,42.19,-23.45,54.0,42.14,0.9686,LOW,-,64.404,59.9108,55.0786,1,90.7334,TREND+LEAD,23.0939
403,83,EGBN,EAGLE BANCORP INC,Financials,,small,25.4,0.9685,0.9428,0.849,0.8233,STRONG_UP,55.76,32.79,34.16,-26.57,52.8,26.61,1.5728,HIGH,-,26.5018,25.703,21.9278,1,65.0621,TREND_ONLY,23.0841
404,35,NPKI,NPK INTERNATIONAL INC,Industrials,,small,15.1,1.2821,0.9458,0.895,0.8949,STRONG_UP,21.09,75.79,105.72,-17.94,50.8,42.27,0.7835,LOW,-,15.188,14.605,12.6593,1,91.0792,TREND+LEAD,23.0535
405,-18,WST,West Pharmaceutical Services,Health Care,Health Care Supplies,large,312.07,1.0578,0.9825,1.0364,1.1001,STRONG_DOWN,13.57,45.04,-12.33,-24.7,48.4,37.98,1.0194,MED,-,297.1923,267.3011,261.7075,1,57.3977,TREND+LEAD,23.0237
406,6,CMC,COMMERCIAL METALS,Materials,,mid,69.67,1.0754,0.9502,0.9394,0.7283,STRONG_UP,17.3,47.45,24.66,-29.96,50.4,37.12,0.693,LOW,-,68.551,65.4561,64.4415,1,64.4209,TREND+LEAD,23.0094
407,80,DG,Dollar General,Consumer Staples,Consumer Staples Merchandise Retail,large,102.98,0.8823,0.8708,0.7656,0.6096,STRONG_UP,3.5,20.98,-21.83,-33.78,49.6,35.99,1.6854,HIGH,EARLY,117.5545,123.8871,120.435,0,28.9139,WEAK,22.9622
408,37,PBI,PITNEY BOWES INC,Industrials,,small,15.31,1.2066,1.0023,1.1595,1.2933,STRONG_DOWN,66.54,65.44,211.32,-28.28,51.2,43.19,1.2352,MED,-,14.875,12.4088,11.0768,1,77.5811,TREND+LEAD,22.946
409,-88,SMCI,Supermicro,Information Technology,"Technology Hardware, Storage & Peripherals",large,32.79,0.6149,0.9309,1.0718,0.8874,FLAT,-18.41,-15.69,-58.11,-66.18,47.6,105.72,0.904,LOW,SHIFT,29.406,27.7718,37.0699,0,-7.0622,WEAK,22.9255
410,48,LIVN,LIVANOVA PLC,Health Care,,mid,71.75,1.1877,1.0655,0.9816,0.9365,STRONG_UP,41.02,62.85,17.35,-18.89,50.4,46.97,1.1044,MED,-,64.72,63.763,59.4133,1,67.4355,TREND+LEAD,22.9095
411,-51,ANET,Arista Networks,Information Technology,Communications Equipment,large,142.54,1.069,0.9537,0.821,0.8787,FLAT,3.85,46.57,84.0,-28.33,56.8,60.35,1.462,MED,-,162.5355,145.5444,138.8981,1,43.8312,TREND+LEAD,22.8525
412,22,BTU,PEABODY ENERGY CORP,Energy,,mid,24.77,1.1989,0.9765,0.7954,0.5854,STRONG_UP,-17.24,64.38,14.2,-40.28,48.8,59.75,0.8793,LOW,EARLY,26.161,30.8438,28.2958,0,52.5832,WEAK,22.8116
413,311,SPG,Simon Property Group,Real Estate,Retail REITs,large,205.66,0.9787,0.9847,0.9009,0.9261,FLAT,15.12,34.2,54.35,-11.54,52.4,21.7,1.0079,MED,-,202.89,195.3764,182.9202,1,82.5817,TREND_ONLY,22.7931
414,-23,PII,POLARIS INC,Consumer Discretionary,,mid,64.72,1.2849,0.9499,1.0009,0.8502,FLAT,2.29,76.18,-18.97,-34.21,50.8,63.27,0.3624,LOW,-,62.4185,57.556,60.9394,1,61.1649,TREND+LEAD,22.7778
415,-42,ARCB,ARCBEST CORP,Industrials,,mid,112.92,1.1836,0.913,0.9123,0.9243,FLAT,70.99,62.29,-2.37,-30.6,50.4,47.09,0.9583,LOW,-,120.1074,105.9932,84.9551,1,66.6686,TREND+LEAD,22.7402
416,105,FBNC,FIRST BANCORP,Financials,,mid,58.77,1.0265,0.9787,0.8894,0.8452,STRONG_UP,16.32,40.75,92.96,-16.25,48.8,28.04,1.0953,MED,-,58.629,56.8066,53.8371,1,70.9233,TREND+LEAD,22.7107
417,38,WSR,WHITESTONE REIT,Real Estate,,small,18.98,1.1383,0.9855,0.8919,1.1113,FLAT,43.38,56.07,63.49,-12.73,52.8,29.77,0.4895,LOW,-,18.9465,17.4775,14.1591,1,99.4523,TREND+LEAD,22.6699
418,39,CVI,CVR ENERGY INC,Energy,,mid,34.39,1.0942,1.0351,1.0179,1.2242,FLAT,-6.52,50.03,23.18,-48.21,50.0,62.69,0.4276,LOW,-,32.5431,31.343,30.2515,1,39.9059,TREND+LEAD,22.6299
419,3,NTB,BANK OF NT BUTTERFIELD & SON LTD,Financials,,mid,55.35,0.9623,0.9691,0.8801,0.9097,FLAT,21.54,31.94,67.57,-11.44,52.0,18.97,1.1467,MED,-,55.806,53.6426,48.4277,1,87.5629,TREND_ONLY,22.5924
420,26,PSX,Phillips 66,Energy,Oil & Gas Refining & Marketing,large,175.43,1.0563,1.0052,0.9825,0.9496,STRONG_UP,28.65,44.84,29.69,-17.28,55.2,34.34,0.9409,LOW,-,167.9235,170.455,143.432,1,72.0734,TREND+LEAD,22.5522
421,58,TWST,TWIST BIOSCIENCE CORP,Health Care,,mid,55.95,1.2637,0.9248,0.8665,0.9773,FLAT,80.72,73.27,17.96,-38.24,51.6,70.45,0.8256,LOW,-,58.8405,51.9416,38.2167,1,53.668,TREND+LEAD,22.5132
422,-135,HASI,HA SUSTAINABLE INFRASTRUCTURE CAPI,Financials,,mid,40.97,1.1506,0.9308,0.9187,0.9654,FLAT,24.22,57.76,42.67,-15.38,50.8,33.24,0.9528,LOW,-,41.427,38.5022,32.5784,1,88.274,TREND+LEAD,22.5071
423,-43,NRIX,NURIX THERAPEUTICS INC,Health Care,,small,15.96,1.1963,0.9304,0.8706,0.859,STRONG_UP,30.29,64.03,14.49,-37.48,45.2,42.4,0.5781,LOW,-,16.6835,15.9512,14.2743,1,68.2571,TREND+LEAD,22.37
424,-31,GILD,Gilead Sciences,Health Care,Biotechnology,large,134.94,0.9961,0.9742,0.8542,0.7552,STRONG_UP,15.62,36.57,112.81,-17.54,52.8,25.49,0.9502,LOW,-,133.336,138.1485,126.5183,1,75.7613,TREND_ONLY,22.3583
425,-28,DHT,DHT HOLDINGS INC,Energy,,mid,18.72,1.2525,0.9726,0.9688,1.075,FLAT,43.65,71.74,74.32,-15.22,51.2,42.05,0.3929,LOW,-,18.4145,18.1274,14.0333,1,87.3483,TREND+LEAD,22.3512
426,-41,TVTX,TRAVERE THERAPEUTICS INC,Health Care,,mid,42.84,1.4921,0.9418,0.9041,1.2292,FLAT,24.61,104.58,575.71,-33.49,51.6,91.13,0.8345,LOW,-,41.793,34.2102,29.7431,1,59.2183,TREND+LEAD,22.3425
427,333,MAC,MACERICH REIT,Real Estate,,mid,22.24,1.0485,0.9844,0.9214,1.0329,FLAT,26.68,43.76,55.02,-12.8,53.6,34.12,3.0135,HIGH,-,21.694,20.303,18.3186,1,68.7502,TREND+LEAD,22.3312
428,-4,EL,Estée Lauder Companies (The),Consumer Staples,Personal Care Products,large,84.89,0.9606,0.9638,0.9877,0.7006,FLAT,-4.64,31.71,-34.53,-43.62,52.8,50.35,0.5339,LOW,SHIFT,79.4415,80.201,93.5718,0,33.2512,WEAK,22.2778
429,-66,COIN,Coinbase,Financials,Financial Exchanges & Data,large,207.64,0.5895,1.0321,1.0011,1.1752,FLAT,-34.69,-19.17,4.07,-66.39,46.0,80.55,0.7733,LOW,SHIFT,199.1085,191.4868,257.0167,0,-10.9502,WEAK,22.2743
430,179,AMGN,Amgen,Health Care,Biotechnology,large,336.29,0.9353,0.9994,0.852,0.8009,STRONG_UP,5.37,28.25,15.87,-16.57,52.4,22.97,1.1739,MED,-,339.604,350.44,323.2502,1,64.4349,TREND_ONLY,22.152
431,-6,TR,TOOTSIE ROLL INDUSTRIES INC,Consumer Staples,,mid,40.58,0.9585,0.9543,0.8367,0.9077,FLAT,10.08,31.42,47.89,-20.03,56.0,24.46,1.006,MED,-,42.073,42.2549,39.0377,1,71.9327,TREND_ONLY,22.0812
432,0,DLX,DELUXE CORP,Industrials,,small,25.31,1.209,0.9498,0.7725,0.8354,FLAT,24.5,65.77,24.23,-20.66,48.4,42.11,1.1862,MED,-,29.3285,28.2446,22.6759,1,75.5924,TREND+LEAD,21.9976
433,0,PLD,Prologis,Real Estate,Industrial REITs,large,143.76,0.989,0.9899,0.9238,0.8983,STRONG_UP,16.93,35.6,42.86,-9.59,53.2,21.19,0.5264,LOW,-,141.9895,136.8027,124.9786,1,89.3807,TREND_ONLY,21.9479
434,-3,GLNG,GOLAR LNG LTD,Energy,,mid,57.36,1.0751,1.0326,0.9624,1.1312,FLAT,48.64,47.4,130.62,-21.95,53.2,33.46,0.6717,LOW,-,54.2825,52.0389,42.8151,1,75.3719,TREND+LEAD,21.9429
435,54,FLNG,FLEX LNG LTD,Energy,,small,32.93,1.1419,1.0145,0.9481,1.1281,FLAT,29.36,56.58,49.13,-11.05,53.2,31.05,0.6554,LOW,-,31.8155,30.626,26.0873,1,96.9345,TREND+LEAD,21.9197
436,89,ENSG,ENSIGN GROUP INC,Health Care,,large,176.04,0.8956,0.9846,0.7887,0.7205,STRONG_UP,-2.95,22.81,50.02,-21.48,49.6,23.3,1.5009,HIGH,EARLY,185.496,196.7358,182.6995,0,48.5465,WEAK,21.8774
437,-61,BEAM,BEAM THERAPEUTICS INC,Health Care,,mid,31.58,1.276,0.9609,0.9267,1.0536,FLAT,45.87,74.96,31.47,-38.15,47.6,70.76,0.6436,LOW,-,30.5908,27.5313,25.3838,1,50.4243,TREND+LEAD,21.8751
438,89,XPRO,EXPRO GROUP HOLDINGS NV,Energy,,small,15.8,1.3322,0.9621,0.8634,0.8126,STRONG_UP,14.33,82.66,-21.7,-16.82,48.8,47.15,0.7787,LOW,-,16.8795,16.9144,14.4386,1,85.5516,TREND+LEAD,21.8637
439,93,AEP,American Electric Power,Utilities,Electric Utilities,large,131.94,0.9971,0.9865,0.8723,0.9426,FLAT,9.29,36.72,54.32,-8.14,52.4,19.89,0.7964,LOW,-,133.034,131.7951,119.0063,1,96.7381,TREND_ONLY,21.847
440,14,CVX,Chevron Corporation,Energy,Integrated Oil & Gas,large,185.95,0.9956,0.9882,0.884,0.8762,STRONG_UP,21.98,36.51,23.21,-13.99,54.8,25.17,0.67,LOW,-,186.98,193.0644,165.8558,1,79.4834,TREND_ONLY,21.768
441,89,WMB,Williams Companies,Energy,Oil & Gas Storage & Transportation,large,74.73,0.9693,0.9969,0.9301,0.9176,STRONG_UP,25.23,32.9,102.48,-12.36,52.4,20.8,0.8758,LOW,-,72.8985,73.1255,63.88,1,82.894,TREND_ONLY,21.7606
442,-23,OBK,ORIGIN BANCORP INC,Financials,,small,46.43,1.003,0.9665,0.919,0.9125,STRONG_UP,32.74,37.53,44.11,-17.09,54.0,23.77,0.5669,LOW,-,46.3495,43.5662,39.0634,1,85.252,TREND+LEAD,21.7427
443,-32,SHOO,STEVEN MADDEN LTD,Consumer Discretionary,,mid,38.55,1.0787,0.9478,0.8973,0.871,STRONG_UP,3.35,47.91,-3.65,-31.73,48.4,42.43,0.7393,LOW,-,38.5235,36.0086,36.0125,1,54.6488,TREND+LEAD,21.712
444,-60,AAPL,Apple Inc.,Information Technology,"Technology Hardware, Storage & Peripherals",large,294.8,1.0138,1.0099,1.0136,0.9287,FLAT,9.62,39.0,59.63,-13.8,52.4,25.68,0.9875,LOW,-,276.4564,263.742,257.324,1,79.5764,TREND+LEAD,21.7037
445,-114,AIR,AAR CORP,Industrials,,mid,111.51,1.325,0.9243,0.7869,0.8513,FLAT,33.85,81.67,55.41,-16.11,51.2,50.86,0.8002,LOW,-,114.3625,112.5966,93.5926,1,82.2175,TREND+LEAD,21.7037
446,26,YOU,CLEAR SECURE INC CLASS A,Information Technology,,mid,57.64,1.7164,0.9307,1.0591,1.5476,STRONG_DOWN,59.34,135.35,240.77,-22.91,52.4,93.55,0.5348,LOW,-,55.6305,51.5093,38.5278,1,75.811,TREND+LEAD,21.6905
447,-49,ROK,Rockwell Automation,Industrials,Electrical Components & Equipment,large,455.08,1.0923,0.9748,0.9984,0.9734,FLAT,17.15,49.77,74.22,-18.73,53.2,38.27,0.488,LOW,-,419.5655,390.174,377.5813,1,69.1871,TREND+LEAD,21.6545
448,15,AMBA,AMBARELLA INC,Information Technology,,mid,78.19,0.9401,1.0193,1.237,1.0139,FLAT,-17.19,28.9,70.09,-49.06,49.6,54.03,1.05,MED,-,67.2695,58.839,71.1385,1,26.5293,TREND_ONLY,21.6355
449,-114,TEAM,Atlassian,Technology,Computer Software,large,85.0,0.2701,0.9419,1.2657,0.8474,FLAT,-46.58,-62.97,-53.51,-75.1,44.8,90.89,0.7537,LOW,SHIFT,77.7515,73.6404,130.6769,0,-31.0363,WEAK,21.626
450,23,MD,PEDIATRIX MEDICAL GROUP INC,Health Care,,small,23.68,1.1977,1.0491,0.9312,0.9563,FLAT,4.92,64.22,177.61,-23.65,55.2,43.12,0.7315,LOW,-,22.7525,21.42,19.7625,1,82.2065,TREND+LEAD,21.5821
451,-83,RYTM,RHYTHM PHARMACEUTICALS INC,Health Care,,mid,91.31,1.1726,0.93,0.9302,0.804,FLAT,-6.47,60.79,127.14,-35.54,51.2,54.31,0.6264,LOW,SHIFT,87.5802,87.3087,98.5511,0,57.3045,WEAK,21.4902
452,30,NBN,NORTHEAST BANK,Financials,,small,121.74,1.0199,0.9359,0.8789,0.871,STRONG_UP,43.12,39.84,124.08,-27.57,51.2,27.82,0.6852,LOW,-,123.8855,116.915,106.2117,1,73.328,TREND+LEAD,21.4659
453,-45,GRAL,GRAIL INC,Health Care,,mid,61.98,1.0539,0.9719,1.0915,0.5353,FLAT,-27.18,44.51,353.73,-62.92,49.6,134.04,0.3375,LOW,SHIFT,54.8475,51.5224,67.5626,0,16.4701,WEAK,21.4597
454,-48,ARDX,ARDELYX INC,Health Care,,small,6.61,1.4221,0.9161,0.9284,0.7894,FLAT,16.99,94.99,-17.58,-33.54,46.8,62.58,0.4578,LOW,-,6.4455,6.1208,6.0605,1,71.034,TREND+LEAD,21.3865
455,12,SVRA,SAVARA INC,Health Care,,small,5.08,1.2475,0.9485,0.7441,0.8233,FLAT,27.0,71.04,10.68,-38.12,49.6,52.85,0.4649,LOW,-,5.259,5.362,4.7871,1,66.6749,TREND+LEAD,21.3652
456,32,IOVA,IOVANCE BIOTHERAPEUTICS INC,Health Care,,small,3.56,1.4505,0.8565,0.8696,1.1872,STRONG_DOWN,50.21,98.88,-67.28,-54.41,46.0,105.8,1.2324,MED,-,3.632,3.7982,2.7872,1,42.9925,TREND+LEAD,21.336
457,-50,NSC,Norfolk Southern,Industrials,Rail Transportation,large,312.35,0.9658,0.973,0.9307,0.8573,STRONG_UP,9.82,32.42,40.86,-12.47,54.8,22.17,,LOW,-,309.8289,298.6791,289.6475,1,80.131,TREND_ONLY,21.3227
458,263,QUBT,QUANTUM COMPUTING INC,Information Technology,,small,11.78,0.9774,1.1082,1.2915,1.196,FLAT,-7.24,34.02,1460.26,-74.37,48.0,83.92,9.5384,HIGH,-,9.5195,8.1565,12.4225,0,19.4562,WEAK,21.3194
459,-142,KSS,KOHLS CORP,Consumer Discretionary,,small,12.73,1.1944,0.8693,0.831,0.5936,STRONG_UP,-27.83,63.76,-43.96,-50.57,49.6,58.74,0.9885,LOW,-,14.463,13.8003,16.3288,0,53.8397,WEAK,21.2697
460,14,HTBK,HERITAGE COMMERCE CORP,Financials,,small,13.45,1.0803,1.0034,0.9723,0.8842,STRONG_UP,41.04,48.12,77.65,-13.47,49.79,27.79,0.0,LOW,-,12.915,12.7046,11.0759,1,86.2109,TREND+LEAD,21.2639
461,70,IDYA,IDEAYA BIOSCIENCES INC,Health Care,,mid,28.12,1.1753,0.9628,0.7729,0.7643,STRONG_UP,-8.97,61.15,-31.53,-25.91,50.4,47.04,0.5219,LOW,EARLY,30.012,31.5988,30.5925,0,65.5137,WEAK,21.2619
462,-134,ESE,ESCO TECHNOLOGIES INC,Industrials,,mid,299.82,1.1811,0.8791,0.8377,0.9182,FLAT,35.64,61.95,187.53,-12.91,54.4,40.2,0.746,LOW,-,316.9195,295.6302,235.6205,1,83.8268,TREND+LEAD,21.0871
463,-34,HST,Host Hotels & Resorts,Real Estate,Hotel & Resort REITs,large,21.76,1.0631,0.9876,0.9253,0.9553,FLAT,23.33,45.77,31.34,-9.48,49.2,26.58,0.9558,LOW,-,21.204,19.9902,17.8187,1,84.7148,TREND+LEAD,21.069
464,111,EIX,Edison International,Utilities,Electric Utilities,large,71.27,0.9802,1.0193,0.8756,0.9326,FLAT,27.65,34.4,6.18,-17.58,53.2,25.06,0.8121,LOW,-,69.6225,70.8384,60.5504,1,73.0251,TREND_ONLY,20.976
465,137,MO,Altria,Consumer Staples,Tobacco,large,69.89,0.9661,0.9801,0.947,0.9347,STRONG_UP,25.74,32.47,79.6,-16.4,54.8,25.39,0.7194,LOW,-,68.1615,66.7239,62.109,1,70.0847,TREND_ONLY,20.9293
466,121,SRE,Sempra,Utilities,Multi-Utilities,large,93.41,0.9344,0.9812,0.8637,0.8945,FLAT,1.94,28.12,28.82,-8.81,54.4,19.43,1.2177,MED,-,93.5425,94.6733,88.9156,1,78.7394,TREND_ONLY,20.9284
467,107,RYAM,RAYONIER ADVANCED MATERIALS INC,Materials,,small,9.38,1.7018,0.9399,0.8225,0.9705,FLAT,50.08,133.33,114.65,-28.4,50.0,109.28,1.0492,MED,-,9.505,10.1304,7.4933,1,61.0054,TREND+LEAD,20.9144
468,-194,OPLN,OPENLANE INC,Industrials,,mid,36.11,1.1794,0.9886,1.0451,1.0917,STRONG_DOWN,44.96,61.71,102.98,-17.32,51.6,39.15,0.7582,LOW,-,33.0595,30.2494,28.567,1,81.3352,TREND+LEAD,20.9033
469,48,MBIN,MERCHANTS BANCORP,Financials,,mid,45.69,1.024,0.9633,0.8549,0.8531,STRONG_UP,44.68,40.4,-2.0,-18.94,54.4,31.87,0.5156,LOW,-,47.567,45.0136,36.9944,1,68.9606,TREND+LEAD,20.8617
470,-84,AMR,ALPHA METALLURGICAL RESOURCE INC,Materials,,mid,188.03,1.0741,0.9384,0.8947,0.854,STRONG_UP,13.75,47.28,-35.3,-34.85,50.8,53.3,0.8894,LOW,-,192.204,193.956,178.6643,1,45.0606,TREND+LEAD,20.8478
471,75,SRRK,SCHOLAR ROCK HOLDING CORP,Health Care,,mid,49.19,1.1425,1.0274,0.8827,0.9048,FLAT,67.48,56.66,260.63,-34.86,48.0,54.51,0.8965,LOW,-,47.5937,46.3335,40.4091,1,49.8898,TREND+LEAD,20.8283
472,-24,SMR,NUSCALE POWER CORP CLASS A,Industrials,,mid,12.0,0.4044,0.8734,1.0409,0.6683,FLAT,-57.79,-44.55,88.09,-82.86,46.0,94.71,1.4237,MED,-,12.343,11.6184,24.4357,0,-21.6362,WEAK,20.8126
473,-35,RF,Regions Financial Corporation,Financials,Regional Banks,large,27.15,0.9198,0.947,0.8699,0.7679,STRONG_UP,10.62,26.11,48.24,-18.45,55.2,26.8,1.0346,MED,-,27.987,27.0128,26.4297,1,53.7875,TREND_ONLY,20.794
474,-84,SEZL,SEZZLE INC,Financials,,mid,99.63,0.8025,1.1397,1.3027,1.3743,STRONG_DOWN,71.75,10.04,665.4,-72.02,51.2,111.5,0.6562,LOW,-,84.6877,74.5024,77.1867,1,4.6102,TREND_ONLY,20.7722
475,85,IRM,Iron Mountain,Real Estate,Other Specialized REITs,large,126.21,0.9784,0.9404,0.9841,1.1008,STRONG_DOWN,25.64,34.15,71.56,-25.15,54.8,37.37,1.1614,MED,-,121.698,111.6492,97.9676,1,50.0755,TREND_ONLY,20.7597
476,153,TROX,TRONOX HOLDINGS PLC,Materials,,small,8.75,1.1994,0.8556,0.8431,0.9139,FLAT,145.56,64.46,-49.22,-51.47,50.8,85.16,1.1958,MED,-,9.5522,8.6668,5.5936,1,38.449,TREND+LEAD,20.7496
477,81,DYN,DYNE THERAPEUTICS INC,Health Care,,mid,18.37,1.1072,0.9594,0.8245,0.9549,FLAT,-0.76,51.82,-30.99,-44.65,48.4,72.02,0.4041,LOW,-,18.5455,18.1794,16.861,1,34.8237,TREND+LEAD,20.7459
478,-13,MUR,MURPHY OIL CORP,Energy,,mid,38.7,1.2718,0.9782,0.9142,0.9903,FLAT,37.35,74.38,-3.97,-17.26,51.2,50.73,0.4743,LOW,-,39.242,38.4508,31.1257,1,75.0666,TREND+LEAD,20.7007
479,88,SWX,SOUTHWEST GAS HOLDINGS INC,Utilities,,mid,89.87,0.9935,0.9737,0.8744,0.9128,FLAT,15.13,36.22,26.43,-6.72,52.0,19.54,0.4564,LOW,-,90.9915,89.2348,82.1639,1,96.3868,TREND_ONLY,20.6624
480,-150,GCT,GIGACLOUD TECHNOLOGY INC CLASS A,Consumer Discretionary,,small,38.25,1.5752,0.8366,0.7564,0.9089,FLAT,13.27,115.98,5.52,-26.16,50.4,93.93,1.2587,MED,-,44.9535,44.0166,35.8973,1,62.2312,TREND+LEAD,20.6462
481,-20,KEY,KeyCorp,Financials,Regional Banks,large,21.28,0.9766,0.9419,0.8747,0.8267,STRONG_UP,19.92,33.9,57.13,-17.76,51.6,26.56,0.5322,LOW,-,21.8085,20.7742,19.4944,1,65.8578,TREND_ONLY,20.6344
482,106,BNL,BROADSTONE NET LEASE INC,Real Estate,,mid,20.02,0.9777,0.9909,0.886,0.9059,FLAT,14.27,34.05,49.53,-8.34,54.4,19.85,0.7664,LOW,-,19.9505,19.3046,17.9659,1,93.3245,TREND_ONLY,20.5624
483,-102,REAL,THE REALREAL INC,Consumer Discretionary,,small,9.35,1.2399,0.7077,0.7865,0.6853,FLAT,-16.59,70.0,112.02,-51.95,48.4,80.76,1.4869,MED,-,11.6915,10.5596,11.5129,0,41.9515,WEAK,20.5443
484,-33,ATEN,A10 NETWORKS INC,Information Technology,,small,27.35,1.128,1.0072,0.9708,1.1364,FLAT,59.94,54.66,79.07,-17.26,54.4,35.81,0.6484,LOW,-,27.1825,24.3322,19.4748,1,83.0358,TREND+LEAD,20.5396
485,-72,PAHC,PHIBRO ANIMAL HEALTH CORP CLASS A,Health Care,,mid,36.58,1.0989,0.6153,0.5511,0.6171,FLAT,-19.78,50.68,109.47,-39.04,50.0,71.4,1.4187,MED,EARLY,51.843,52.8996,43.0451,0,35.4901,WEAK,20.5127
486,-128,NPK,NATIONAL PRESTO INDUSTRIES INC,Industrials,,small,135.83,1.1652,0.9605,0.8361,0.978,FLAT,37.98,59.77,69.55,-23.32,54.0,42.16,0.8101,LOW,-,140.377,138.8013,116.8734,1,76.553,TREND+LEAD,20.4783
487,-54,WRBY,WARBY PARKER INC CLASS A,Consumer Discretionary,,mid,26.95,1.0636,1.2037,1.0355,1.0626,FLAT,54.97,45.83,73.87,-42.26,49.2,88.25,1.0435,MED,-,24.1595,23.5382,23.9105,1,25.5524,TREND+LEAD,20.4638
488,-78,TSLA,"Tesla, Inc.",Consumer Discretionary,Automobile Manufacturers,large,433.45,0.9463,1.0697,1.0582,0.8776,STRONG_UP,-2.65,29.75,152.17,-29.93,52.8,38.88,0.9505,LOW,-,394.853,384.6418,405.6707,1,40.3989,TREND_ONLY,20.4289
489,63,TARS,TARSUS PHARMACEUTICALS INC,Health Care,,mid,59.83,1.0525,0.9091,0.7207,0.7933,FLAT,-17.8,44.31,55.93,-27.71,50.8,43.16,1.0972,MED,EARLY,63.654,67.4617,66.8282,0,52.1509,WEAK,20.4284
490,-14,MSTR,MicroStrategy,Technology,Computer Software,large,184.42,0.319,0.9713,1.1933,1.2684,STRONG_DOWN,-22.8,-56.26,48.01,-76.53,44.8,70.56,0.7591,LOW,SHIFT,172.883,149.67,221.262,0,-35.7195,WEAK,20.422
491,-63,RUSHA,RUSH ENTERPRISES INC CLASS A,Industrials,,mid,72.0,1.0244,0.9843,0.8982,0.8583,STRONG_UP,45.57,40.46,60.57,-20.81,51.2,32.44,0.7965,LOW,-,72.916,69.0222,59.9082,1,63.8602,TREND+LEAD,20.42
492,-51,DBD,DIEBOLD NIXDORF INC,Information Technology,,mid,75.36,1.1277,0.9324,0.7838,0.903,FLAT,15.94,54.62,78.37,-15.11,55.2,39.2,0.6351,LOW,-,81.599,78.8748,67.9119,1,76.9087,TREND+LEAD,20.4167
493,-57,FSLR,First Solar,Information Technology,Semiconductors,large,228.06,0.8681,1.0294,1.0108,0.8683,STRONG_UP,-16.35,19.03,20.32,-35.1,50.0,50.24,1.1596,MED,-,203.861,198.9942,223.3582,1,18.9383,TREND_ONLY,20.4038
494,-146,KMT,KENNAMETAL INC,Industrials,,mid,35.82,1.2057,0.8146,0.8129,0.7714,STRONG_UP,32.98,65.31,46.78,-22.3,52.8,56.6,0.7268,LOW,-,38.6675,37.9506,29.6728,1,60.9286,TREND+LEAD,20.3985
495,84,OMCL,OMNICELL INC,Health Care,,small,43.7,1.1383,0.9826,1.0695,1.0019,FLAT,18.72,56.07,41.88,-37.05,53.2,58.32,1.1603,MED,-,40.686,37.7234,37.3718,1,51.1488,TREND+LEAD,20.396
496,-25,NUVL,NUVALENT INC CLASS A,Health Care,,mid,102.54,1.0471,0.9677,0.8681,0.8619,STRONG_UP,10.28,43.57,55.18,-15.79,50.0,30.59,0.8737,LOW,-,104.024,101.8761,95.6826,1,71.2214,TREND+LEAD,20.39
497,43,LFST,LIFESTANCE HEALTH GROUP INC,Health Care,,mid,7.93,0.9853,1.0602,1.0831,0.9922,FLAT,23.33,35.09,10.6,-37.46,48.4,60.2,2.2245,HIGH,-,7.318,6.8644,6.2382,1,28.2149,TREND_ONLY,20.3559
498,20,NJR,NEW JERSEY RESOURCES CORP,Utilities,,mid,56.96,0.9358,1.0216,0.9029,0.9427,FLAT,27.16,28.3,39.5,-8.68,55.6,17.17,0.7122,LOW,-,55.8145,55.2677,48.8086,1,91.6527,TREND_ONLY,20.3434
499,133,REGN,Regeneron Pharmaceuticals,Health Care,Biotechnology,large,723.41,0.9239,0.9872,0.8513,0.8062,STRONG_UP,10.76,26.68,-25.45,-21.43,49.6,28.94,1.1417,MED,-,728.7595,746.118,688.1684,1,45.7315,TREND_ONLY,20.321
500,-56,EXTR,EXTREME NETWORKS INC,Information Technology,,mid,22.79,1.035,0.9526,1.1559,1.3209,STRONG_DOWN,27.25,41.91,112.79,-39.87,53.2,67.52,1.0049,MED,-,20.368,17.3132,17.964,1,33.0179,TREND+LEAD,20.2642
501,-42,CAH,Cardinal Health,Health Care,Health Care Distributors,large,182.56,0.9082,0.9381,0.7551,0.7076,STRONG_UP,-10.7,24.52,91.68,-20.42,54.8,25.75,1.2459,MED,EARLY,198.9285,207.8078,189.6102,0,52.1912,WEAK,20.2523
502,88,NI,NiSource,Utilities,Multi-Utilities,large,47.19,0.9343,0.9774,0.8941,0.9219,FLAT,9.36,28.11,73.47,-9.14,56.8,18.61,0.7603,LOW,-,47.5482,46.9326,43.3902,1,85.7915,TREND_ONLY,20.2453
503,-50,FOXA,Fox Corporation (Class A),Communication Services,Broadcasting,large,66.16,0.8818,1.0465,0.9277,0.9433,FLAT,-0.07,20.91,103.61,-28.89,56.4,33.57,1.2772,MED,-,63.9175,60.9448,62.7086,1,35.1309,TREND_ONLY,20.2298
504,-40,IRON,DISC MEDICINE INC,Health Care,,mid,68.53,1.0783,0.9823,0.8645,0.8254,STRONG_UP,-18.01,47.85,120.99,-40.55,53.2,67.65,0.9763,LOW,-,68.557,65.1815,71.9775,0,37.6319,WEAK,20.1733
505,111,URI,United Rentals,Industrials,Trading Companies & Distributors,large,955.76,0.974,0.9751,1.1022,0.9484,FLAT,12.33,33.55,39.31,-30.04,54.0,56.02,1.2338,MED,-,905.193,817.25,868.6351,1,32.3438,TREND_ONLY,20.159
506,65,KALV,KALVISTA PHARMACEUTICALS INC,Health Care,,small,26.73,1.6748,0.9843,1.1713,1.4943,STRONG_DOWN,145.45,129.64,122.75,-32.79,50.0,93.97,0.8405,LOW,-,23.2415,20.1058,15.4614,1,68.979,TREND+LEAD,20.1351
507,-13,SXI,STANDEX INTERNATIONAL CORP,Industrials,,mid,255.01,1.194,0.9336,0.8416,0.8442,FLAT,7.44,63.71,47.56,-12.72,52.0,42.02,0.6166,LOW,-,266.4839,261.7437,234.567,1,78.8422,TREND+LEAD,20.1234
508,56,SOC,SABLE OFFSHORE CORP CLASS A,Energy,,mid,14.0,0.3639,1.0273,0.9755,1.44,FLAT,133.33,-50.11,27.04,-87.52,46.0,110.86,0.3321,LOW,PROGRESS,13.734,14.6134,14.5187,0,-20.7913,WEAK,20.1216
509,203,CMP,COMPASS MINERALS INTERNATIONAL INC,Materials,,small,29.43,1.0879,1.0944,1.0594,1.0532,STRONG_UP,67.12,49.16,135.82,-26.29,50.0,52.67,2.3519,HIGH,-,26.448,24.6748,21.2529,1,46.6715,TREND+LEAD,20.1179
510,93,LXU,LSB INDUSTRIES INC,Materials,,small,15.44,1.5055,1.0806,0.9926,1.296,FLAT,66.92,106.42,68.93,-20.08,52.8,73.31,0.5842,LOW,-,14.5335,14.507,10.2434,1,76.6447,TREND+LEAD,20.0687
511,43,TALO,TALOS ENERGY INC,Energy,,mid,15.35,1.2883,1.0036,0.9571,0.994,FLAT,48.74,76.64,23.69,-18.53,54.4,60.1,,LOW,-,15.099,14.8362,11.543,1,69.3712,TREND+LEAD,20.0554
512,12,LNT,Alliant Energy,Utilities,Electric Utilities,large,72.59,0.9031,0.9878,0.8994,0.9294,FLAT,10.11,23.83,50.8,-7.01,56.0,17.16,1.3742,MED,-,72.163,71.5423,66.9903,1,77.7607,TREND_ONLY,20.0115
513,-167,LIND,LINDBLAD EXPEDITIONS HOLDINGS INC,Consumer Discretionary,,small,19.02,1.3149,0.8625,0.8456,0.8213,STRONG_UP,55.77,80.28,148.3,-23.67,52.4,61.63,0.8961,LOW,-,19.3135,18.4462,15.2858,1,68.2606,TREND+LEAD,20.0081
514,42,SENEA,SENECA FOODS CORP CLASS A,Consumer Staples,,small,139.85,1.1683,0.9643,0.764,0.988,FLAT,22.33,60.19,134.81,-21.04,58.8,46.59,0.9986,LOW,-,138.7015,145.1238,121.6472,1,75.9702,TREND+LEAD,20.0077
515,-49,PI,IMPINJ INC,Information Technology,,mid,148.25,0.8876,0.9403,1.2395,1.2019,FLAT,-7.64,21.7,-7.24,-62.24,49.6,72.85,0.7727,LOW,SHIFT,131.8505,113.2887,155.4212,0,14.7717,WEAK,19.9882
516,32,PSKY,Paramount Skydance Corporation,Communication Services,Movies & Entertainment,large,10.69,0.6606,0.9641,0.8578,0.8462,STRONG_UP,-29.27,-9.42,-14.97,-55.05,46.4,70.11,0.6648,LOW,-,11.0765,10.4568,13.3195,0,-6.2324,WEAK,19.9799
517,16,LAUR,LAUREATE EDUCATION INC,Consumer Discretionary,,mid,32.78,1.064,0.9918,0.8781,0.8265,STRONG_UP,5.23,45.88,103.1,-16.33,56.8,38.51,0.3943,LOW,-,32.2577,33.2099,31.3345,1,67.6753,TREND+LEAD,19.967
518,1,NEE,NextEra Energy,Utilities,Multi-Utilities,large,94.59,0.9851,0.9757,0.9211,0.9038,STRONG_UP,13.11,35.08,34.28,-10.75,54.8,25.31,0.7347,LOW,-,94.128,92.9416,83.2455,1,75.9443,TREND_ONLY,19.9594
519,24,WMT,Walmart,Consumer Staples,Consumer Staples Merchandise Retail,large,130.35,0.9998,0.9879,0.9286,0.8812,STRONG_UP,28.04,37.09,119.81,-10.92,52.0,25.48,0.8871,LOW,-,128.942,126.0095,113.0517,1,75.6895,TREND_ONLY,19.9568
520,52,LYB,LyondellBasell,Materials,Specialty Chemicals,large,74.31,0.9814,0.9951,0.902,1.0966,FLAT,80.91,34.56,-14.83,-35.45,49.6,54.88,0.3561,LOW,-,72.5525,72.9182,54.4354,1,31.2326,TREND_ONLY,19.8547
521,-203,LILAK,LIBERTY LATIN AMERICA LTD CLASS C,Communication,,small,7.57,1.1064,0.8953,0.8129,0.7927,STRONG_UP,-7.12,51.7,-9.34,-22.55,52.4,36.57,0.7952,LOW,-,8.339,8.2598,8.054,0,74.0842,WEAK,19.8519
522,-8,EVLV,EVOLV TECHNOLOGIES HOLDINGS INC CL,Information Technology,,small,6.96,1.1458,0.9632,0.9823,1.0532,STRONG_DOWN,-3.06,57.11,188.8,-44.06,50.4,50.06,0.9407,LOW,-,6.8405,6.1383,6.8149,1,57.4985,TREND+LEAD,19.8397
523,0,ARVN,ARVINAS INC,Health Care,,small,9.57,1.1096,0.9178,0.7735,0.6339,STRONG_UP,-14.48,52.15,-69.69,-30.8,48.8,55.55,1.8591,HIGH,-,10.3905,11.1542,10.5353,0,45.8099,WEAK,19.8204
524,329,UNF,UNIFIRST CORP,Industrials,,mid,256.8,1.014,0.9935,0.8753,0.9485,FLAT,68.52,39.03,57.4,-21.06,49.2,35.51,1.0976,MED,-,257.167,258.3588,201.0218,1,54.0808,TREND+LEAD,19.7823
525,-30,LUV,Southwest Airlines,Industrials,Passenger Airlines,large,39.48,0.9388,0.9361,0.8508,0.6685,STRONG_UP,21.93,28.72,47.38,-33.49,50.8,49.24,0.5795,LOW,-,39.808,40.1191,37.7269,1,29.6331,TREND_ONLY,19.751
526,123,PH,Parker Hannifin,Industrials,Industrial Machinery & Supplies & Components,large,881.34,0.9557,0.9629,0.7973,0.7691,STRONG_UP,5.28,31.04,63.0,-15.79,54.0,31.14,1.0931,MED,-,929.2823,927.1758,854.4317,1,53.8261,TREND_ONLY,19.7454
527,0,LLY,Lilly (Eli),Health Care,Pharmaceuticals,large,989.87,0.9748,0.9868,0.954,0.8468,STRONG_UP,2.72,33.66,32.46,-23.64,54.0,37.09,0.7198,LOW,-,929.8795,939.5178,916.415,1,49.0092,TREND_ONLY,19.7392
528,-37,AEO,AMERICAN EAGLE OUTFITTERS INC,Consumer Discretionary,,mid,15.66,0.9271,0.9112,0.7835,0.5734,STRONG_UP,-10.92,27.12,-31.17,-44.32,48.0,53.63,1.0426,MED,EARLY,17.661,17.6926,18.9974,0,24.2691,WEAK,19.7383
529,-3,LNTH,LANTHEUS HOLDINGS INC,Health Care,,mid,96.23,0.889,1.0991,1.0341,1.2402,FLAT,89.84,21.89,23.56,-40.22,52.4,38.05,1.1464,MED,-,86.0155,81.257,65.7113,1,30.1417,TREND_ONLY,19.7059
530,137,CF,CF Industries,Materials,Fertilizers & Agricultural Chemicals,large,130.39,1.1092,1.0713,0.9745,1.1726,FLAT,59.16,52.08,84.21,-24.87,54.8,62.46,0.7555,LOW,-,122.315,123.1068,94.7668,1,45.6949,TREND+LEAD,19.659
531,-108,CVNA,Carvana,Consumer Discretionary,Automotive Retail,large,73.72,0.9173,0.9315,0.8758,0.8779,FLAT,14.37,25.78,215.31,-41.21,54.0,59.05,0.4109,LOW,-,78.2528,69.0494,73.9337,0,23.5719,WEAK,19.6573
532,-31,CFFN,CAPITOL FEDERAL FINANCIAL INC,Financials,,small,7.68,1.0181,0.9651,0.9061,0.8931,STRONG_UP,26.6,39.59,68.53,-10.59,49.6,24.46,0.7641,LOW,-,7.6625,7.3206,6.6267,1,80.2825,TREND+LEAD,19.646
533,56,ADPT,ADAPTIVE BIOTECHNOLOGIES CORP,Health Care,,mid,13.63,1.07,0.9294,0.834,0.7566,STRONG_UP,-7.34,46.72,258.68,-39.35,51.2,65.81,0.6313,LOW,EARLY,14.128,14.0756,15.0213,0,36.3456,WEAK,19.5957
534,29,NWE,NORTHWESTERN ENERGY GROUP INC,Utilities,,mid,71.5,0.9964,0.9898,0.8675,0.9148,FLAT,10.23,36.62,51.36,-10.09,56.8,24.57,0.5821,LOW,-,71.8175,69.4004,63.2895,1,84.6523,TREND_ONLY,19.5047
535,-57,GRDN,GUARDIAN PHARMACY SERVICES INC CLA,Health Care,,mid,34.91,1.0333,0.9391,0.8214,0.8751,FLAT,17.34,41.68,118.19,-25.83,52.8,39.25,0.6637,LOW,-,36.834,36.2744,30.2199,1,56.0692,TREND+LEAD,19.4918
536,3,FFIV,"F5, Inc.",Information Technology,Communications Equipment,large,354.98,0.9141,1.0243,1.0692,1.0889,STRONG_DOWN,47.44,25.33,107.11,-34.73,52.8,37.49,0.6631,LOW,-,323.0875,303.556,289.8007,1,35.6781,TREND_ONLY,19.4913
537,20,ADTN,ADTRAN HOLDINGS INC,Information Technology,,small,15.04,1.2814,0.942,0.874,1.2563,FLAT,87.53,75.7,171.48,-31.67,52.8,64.05,0.8161,LOW,-,16.525,13.8,10.2879,1,62.4045,TREND+LEAD,19.4811
538,-171,XYZ,"Block, Inc.",Financials,Transaction & Payment Processing Services,large,72.12,0.9042,1.0019,0.9694,1.1621,FLAT,7.96,23.98,3.41,-39.48,51.6,58.43,0.7884,LOW,-,71.223,65.386,68.0252,1,21.1782,TREND_ONLY,19.4756
539,47,TDY,Teledyne Technologies,Information Technology,Electronic Equipment & Instruments,large,632.17,0.9349,0.9657,0.8679,0.8287,STRONG_UP,21.54,28.19,61.75,-18.39,52.4,25.45,,LOW,-,639.8305,638.674,578.7459,1,58.0312,TREND_ONLY,19.4391
540,290,UNH,UnitedHealth Group,Health Care,Managed Health Care,large,396.39,0.9546,1.062,1.1217,1.2419,STRONG_DOWN,25.06,30.89,-19.08,-28.96,52.0,34.38,0.9766,LOW,-,357.574,313.6172,315.3606,1,46.7224,TREND_ONLY,19.4148
541,224,ADAM,ADAMAS INC TRUST,Financials,,small,8.87,1.0727,0.9884,1.0216,0.9954,FLAT,34.45,47.09,86.86,-17.07,52.8,43.26,2.2898,HIGH,-,8.2885,7.8443,7.133,1,57.4713,TREND+LEAD,19.3871
542,-153,CTRI,CENTURI HOLDINGS INC,Industrials,,mid,31.68,1.1478,0.7458,0.8358,0.8742,STRONG_DOWN,46.46,57.38,28.1,-24.21,52.0,57.52,1.1156,MED,-,35.3395,32.3668,25.8959,1,51.8708,TREND+LEAD,19.3867
543,8,DVN,Devon Energy,Energy,Oil & Gas Exploration & Production,large,46.77,1.0205,0.9876,0.919,0.9067,STRONG_UP,39.5,39.93,-0.69,-15.06,52.4,35.39,0.7868,LOW,-,47.6475,47.6359,38.7943,1,59.1189,TREND+LEAD,19.3783
544,89,DOW,Dow Inc.,Materials,Commodity Chemicals,large,39.43,0.9978,1.0077,0.8952,1.0175,FLAT,83.21,36.82,-24.73,-32.02,48.4,50.87,0.6132,LOW,-,38.707,38.0634,27.7151,1,35.0288,TREND_ONLY,19.3005
545,52,MATW,MATTHEWS INTERNATIONAL CORP CLASS,Consumer Discretionary,,small,27.86,0.9963,0.9855,0.9262,0.9287,FLAT,22.77,36.6,4.16,-15.87,51.6,26.23,1.4305,MED,-,27.6233,26.2487,24.9187,1,72.0005,TREND_ONLY,19.2365
546,-90,FSLY,FASTLY INC CLASS A,Information Technology,,mid,19.03,1.6988,0.5931,0.8076,1.7723,STRONG_DOWN,59.51,132.93,118.74,-43.19,48.0,199.29,0.5191,LOW,-,24.9442,25.61,13.6919,1,32.0157,TREND+LEAD,19.2347
547,-133,USB,U.S. Bancorp,Financials,Diversified Banks,large,54.48,0.9335,0.9545,0.8636,0.8095,STRONG_UP,16.8,28.0,43.29,-16.21,53.2,24.35,0.6076,LOW,-,55.9775,53.8523,50.6965,1,61.1637,TREND_ONLY,19.2246
548,-10,BKH,BLACK HILLS CORP,Utilities,,mid,74.3,0.9783,0.989,0.8624,0.8958,FLAT,6.49,34.14,42.15,-10.45,57.6,23.9,0.6626,LOW,-,74.8185,72.8266,67.2752,1,82.2698,TREND_ONLY,19.1714
549,17,TALK,TALKSPACE INC,Health Care,,small,5.18,1.2306,0.9821,0.8908,1.1371,FLAT,53.25,68.73,81.75,-33.43,46.8,54.32,0.3566,LOW,-,5.185,5.1412,3.7093,1,59.2148,TREND+LEAD,19.1447
550,-58,BFH,BREAD FINANCIAL HOLDINGS INC,Financials,,mid,84.63,1.131,0.9431,0.9105,0.968,FLAT,33.12,55.08,109.23,-19.26,55.2,48.02,0.5222,LOW,-,87.111,79.5534,69.708,1,63.3113,TREND+LEAD,19.0913
551,-53,CRWD,CrowdStrike,Information Technology,Systems Software,large,546.18,0.9049,1.1482,1.2186,1.1389,FLAT,-2.04,24.08,71.12,-37.18,53.6,54.97,0.8779,LOW,-,464.7705,432.3108,458.7864,1,23.4754,TREND_ONLY,19.0794
552,-196,EXPE,Expedia Group,Consumer Discretionary,"Hotels, Resorts & Cruise Lines",large,221.48,0.9615,0.8835,0.7922,0.8239,FLAT,-17.05,31.83,98.59,-37.44,50.4,57.38,0.7556,LOW,EARLY,249.8425,239.9427,236.7419,0,27.9596,WEAK,19.0793
553,202,VIR,VIR BIOTECHNOLOGY INC,Health Care,,small,9.4,1.4587,0.8989,0.8316,1.0984,FLAT,75.05,100.0,-3.79,-27.82,49.6,78.56,,LOW,-,10.1813,9.6328,6.9144,1,63.1365,TREND+LEAD,18.9786
554,1,SWBI,SMITH WESSON BRANDS INC,Consumer Discretionary,,small,14.42,1.1402,0.9516,0.8634,1.0705,FLAT,71.16,56.33,-2.36,-27.81,49.2,43.34,0.6878,LOW,-,14.9675,14.4569,10.7736,1,63.9502,TREND+LEAD,18.9624
555,26,CPRX,CATALYST PHARMACEUTICALS INC,Health Care,,mid,31.14,0.9603,1.004,1.0572,1.1283,STRONG_DOWN,44.43,31.67,91.99,-27.29,52.0,39.41,1.8539,HIGH,-,28.4735,25.9006,23.043,1,41.7876,TREND_ONLY,18.9103
556,-19,FITB,Fifth Third Bancorp,Financials,Regional Banks,large,48.63,0.9318,0.9412,0.8688,0.7831,STRONG_UP,14.74,27.76,,-21.21,51.2,28.8,0.584,LOW,-,50.0665,47.7994,45.8082,1,49.346,TREND_ONLY,18.8786
557,-22,CTVA,Corteva,Materials,Fertilizers & Agricultural Chemicals,large,82.59,0.8958,0.9938,0.8853,0.9529,FLAT,26.6,22.83,47.2,-20.71,56.0,23.3,0.5851,LOW,-,80.7405,80.7946,71.8019,1,54.863,TREND_ONLY,18.8171
558,-108,DCOM,DIME COMMUNITY BANCSHARES INC,Financials,,small,36.6,1.0027,0.9684,0.9055,0.8974,STRONG_UP,39.84,37.48,98.55,-18.15,50.8,28.0,0.924,LOW,-,36.3394,34.4386,30.8935,1,68.0059,TREND+LEAD,18.8002
559,-43,BTDR,BITDEER TECHNOLOGIES GROUP CLASS A,Information Technology,,mid,12.83,0.6485,0.8361,0.953,0.9278,FLAT,-27.31,-11.09,135.41,-71.89,50.4,97.23,0.7917,LOW,SHIFT,12.4825,10.2437,13.3462,0,-5.7476,WEAK,18.7894
560,252,TRI,Thomson Reuters,Technology,Computer Software,large,87.265,0.3519,0.9359,0.8819,0.8547,STRONG_UP,-34.87,-51.75,-46.21,-61.67,44.4,52.05,1.5856,HIGH,EARLY,92.5503,93.6417,129.7653,0,-44.1459,WEAK,18.7834
561,-167,CTS,CTS CORP,Information Technology,,small,58.66,0.9898,0.962,0.9387,0.8907,STRONG_UP,42.28,35.72,14.92,-20.31,52.0,35.96,1.5106,HIGH,-,56.7985,52.2275,46.1368,1,51.6508,TREND_ONLY,18.7605
562,-81,NXPI,NXP Semiconductors,Information Technology,Semiconductors,large,294.23,1.0296,0.9538,1.2464,1.0268,FLAT,44.82,41.17,15.6,-24.58,48.4,63.73,1.4939,MED,-,260.6565,223.3586,221.2847,1,31.2645,TREND+LEAD,18.7336
563,-53,BKU,BANKUNITED INC,Financials,,mid,46.2,0.9696,0.9485,0.8683,0.8184,STRONG_UP,15.71,32.95,71.44,-16.4,52.8,26.43,0.4175,LOW,-,46.8295,45.6163,42.4909,1,65.825,TREND_ONLY,18.6703
564,-2,CRSP,CRISPR THERAPEUTICS AG,Health Care,,mid,52.83,1.0352,0.9438,0.8261,0.948,FLAT,-3.21,41.94,-5.07,-42.25,48.8,63.85,0.509,LOW,-,53.8473,51.9305,56.0806,0,32.0542,WEAK,18.6674
565,76,ULTA,Ulta Beauty,Consumer Discretionary,Other Specialty Retail,large,505.2,0.8938,0.929,0.8426,0.6413,STRONG_UP,-2.2,22.55,25.06,-28.52,50.0,39.87,1.4755,MED,EARLY,539.4815,551.2784,567.9299,0,28.2831,WEAK,18.6548
566,204,CON,CONCENTRA GROUP HOLDINGS PARENT IN,Health Care,,mid,25.57,0.8814,1.1026,0.9993,0.9199,STRONG_UP,33.55,20.86,15.76,-21.39,48.4,25.32,1.8487,HIGH,-,23.0255,22.4816,21.4026,1,39.8682,TREND_ONLY,18.6539
567,-140,TTD,Trade Desk (The),Communication Services,Advertising,large,21.14,0.1973,0.8664,0.8942,0.6732,FLAT,-51.13,-72.95,-75.85,-77.62,47.2,64.48,0.7059,LOW,EARLY,23.2765,23.6313,39.5086,0,-53.3972,WEAK,18.4939
568,-69,JOE,ST JOE,Real Estate,,mid,64.21,1.0265,0.9617,0.8403,0.8143,STRONG_UP,9.84,40.75,13.18,-16.94,50.0,34.88,0.5927,LOW,-,67.1025,67.0346,59.4859,1,58.4153,TREND+LEAD,18.3853
569,50,DVA,DaVita,Health Care,Health Care Services,mid,200.54,1.0158,1.0178,1.1931,1.2053,STRONG_DOWN,66.88,39.28,46.82,-31.36,49.6,53.3,1.4894,MED,-,162.871,155.955,134.3265,1,36.5563,TREND+LEAD,18.3724
570,-108,KOP,KOPPERS HOLDINGS INC,Materials,,small,43.55,1.0557,1.0299,1.0073,1.1064,FLAT,58.02,44.75,2.31,-23.96,51.2,42.11,1.2462,MED,-,40.202,38.593,31.588,1,54.4093,TREND+LEAD,18.3649
571,-86,CRC,CALIFORNIA RESOURCES CORP,Energy,,mid,59.68,1.0261,0.9555,0.833,0.9173,FLAT,28.63,40.69,31.67,-24.04,53.6,41.6,0.8893,LOW,-,64.6,64.7668,53.1146,1,52.4279,TREND+LEAD,18.3567
572,-104,POWI,POWER INTEGRATIONS INC,Information Technology,,mid,70.91,0.9526,0.8919,1.1669,1.2794,STRONG_DOWN,100.88,30.62,-4.56,-47.83,49.2,55.57,0.9726,LOW,-,69.3775,57.3998,45.6031,1,27.1103,TREND_ONLY,18.347
573,-68,ABCB,AMERIS BANCORP,Financials,,mid,84.03,0.9746,0.9476,0.9019,0.8736,STRONG_UP,14.39,33.63,73.54,-13.85,49.2,24.33,0.5853,LOW,-,85.029,80.6226,76.3606,1,68.014,TREND_ONLY,18.3459
574,73,HIMS,HIMS HERS HEALTH INC CLASS A,Health Care,,mid,25.03,0.2852,0.9163,1.0419,1.3003,STRONG_DOWN,-39.03,-60.89,94.18,-78.06,42.8,121.95,1.4647,MED,-,27.7685,23.6576,36.4071,0,-21.3704,WEAK,18.3284
575,-78,LION,LIONSGATE STUDIOS CORP,Communication,,mid,12.08,1.255,0.9315,0.9685,1.1535,STRONG_DOWN,72.57,72.08,18.66,-24.05,46.8,59.23,0.8482,LOW,-,12.0405,10.7426,8.2549,1,56.9531,TREND+LEAD,18.3257
576,-26,PNC,PNC Financial Services,Financials,Diversified Banks,large,215.21,0.9139,0.9521,0.865,0.7985,STRONG_UP,18.07,25.3,45.97,-17.21,52.0,24.25,0.5012,LOW,-,221.235,212.919,202.949,1,54.2566,TREND_ONLY,18.3209
577,406,PM,Philip Morris International,Consumer Staples,Tobacco,large,186.93,0.8617,1.0786,1.0422,0.8779,STRONG_UP,22.73,18.15,103.69,-20.64,55.6,34.99,1.5724,HIGH,-,166.0315,165.7149,162.0865,1,28.841,TREND_ONLY,18.3181
578,-2,RCAT,RED CAT HOLDINGS INC,Industrials,,small,11.03,1.2609,1.022,0.7759,0.7967,FLAT,20.41,72.88,867.54,-60.08,46.8,104.31,0.4441,LOW,-,11.7312,13.2181,11.1574,0,32.7003,WEAK,18.284
579,-18,AMZN,Amazon,Consumer Discretionary,Broadline Retail,large,265.82,0.9172,0.9512,0.9491,1.1294,FLAT,7.01,25.76,42.48,-21.74,55.6,28.87,0.7544,LOW,-,261.8905,233.568,228.88,1,49.6115,TREND_ONLY,18.2496
580,-33,EOSE,EOS ENERGY ENTERPRISES INC CLASS A,Industrials,,small,8.1,0.8688,1.2187,1.1395,0.6065,STRONG_UP,-57.79,19.12,1025.0,-77.1,48.0,144.56,1.1628,MED,-,7.0565,6.1465,10.5272,0,6.3479,WEAK,18.2461
581,-276,BKE,BUCKLE INC,Consumer Discretionary,,mid,49.26,0.9936,0.8886,0.827,0.8244,STRONG_UP,-9.39,36.23,49.51,-17.92,51.6,28.32,0.8927,LOW,EARLY,54.261,52.1728,52.0136,0,66.0181,WEAK,18.2165
582,92,NOC,Northrop Grumman,Industrials,Aerospace & Defense,large,558.3,0.879,0.9817,0.7299,0.7154,STRONG_UP,-0.11,20.52,21.06,-28.62,51.6,29.47,0.8212,LOW,EARLY,590.1875,661.6294,618.1399,0,35.9366,WEAK,18.2101
583,-103,LVS,Las Vegas Sands,Consumer Discretionary,Casinos & Gaming,large,51.7,0.9088,0.9559,0.8328,0.7813,STRONG_UP,-20.96,24.61,14.85,-25.33,53.2,30.95,0.9744,LOW,EARLY,54.0674,53.8841,56.6303,0,42.3076,WEAK,18.2016
584,-137,WSFS,WSFS FINANCIAL CORP,Financials,,mid,70.42,0.9432,0.9636,0.9068,0.9074,FLAT,29.1,29.33,57.1,-14.91,51.2,21.27,0.9557,LOW,-,70.8111,67.2467,59.4151,1,70.6038,TREND_ONLY,18.2008
585,-65,NN,NEXTNAV INC,Information Technology,,mid,20.08,1.1309,1.0222,1.1075,1.052,FLAT,58.86,55.06,169.17,-36.62,54.0,91.94,0.8755,LOW,-,19.2965,17.7895,15.7605,1,32.3377,TREND+LEAD,18.1924
586,15,DRH,DIAMONDROCK HOSPITALITY,Real Estate,,small,10.56,1.0114,0.9738,0.9019,0.9226,FLAT,15.79,38.67,35.84,-11.92,49.6,25.34,0.5342,LOW,-,10.399,9.8841,8.8355,1,75.6976,TREND+LEAD,18.1568
587,61,ALNY,Alnylam Pharmaceuticals,Health Care,Biotechnology,large,292.03,0.7981,0.9484,0.765,0.7857,FLAT,-33.88,9.43,94.83,-42.01,54.4,37.01,0.7042,LOW,EARLY,304.987,314.7536,391.8795,0,13.8637,WEAK,18.1426
588,-82,ZS,Zscaler,Technology,EDP Services,large,146.17,0.4351,1.036,1.0594,0.7412,FLAT,-55.56,-40.34,-16.47,-64.89,50.0,65.7,,LOW,SHIFT,139.1655,142.686,228.8033,0,-30.6992,WEAK,18.1393
589,32,CHTR,Charter Communications,Communication Services,Cable & Satellite,large,147.92,0.2624,0.9299,0.6101,0.532,STRONG_UP,-29.71,-64.02,-46.14,-65.41,47.6,65.65,1.0752,MED,EARLY,188.905,207.765,228.2495,0,-46.419,WEAK,18.1001
590,-17,IBP,INSTALLED BUILDING PRODUCTS INC,Consumer Discretionary,,mid,202.65,0.8746,0.6659,0.6235,0.5303,STRONG_UP,-20.56,19.92,-8.48,-40.64,48.4,72.0,1.8732,HIGH,EARLY,278.2845,279.79,270.8038,0,13.3894,WEAK,18.0769
591,240,KRG,KITE REALTY GROUP TRUST REIT,Real Estate,,mid,26.76,0.8991,0.988,0.9276,0.9507,FLAT,23.61,23.27,41.06,-9.27,51.6,17.55,1.4608,MED,-,26.2835,25.4481,23.106,1,68.422,TREND_ONLY,18.0745
592,30,SHOP,Shopify,Technology,Computer Software,large,99.84,0.6762,0.9317,0.7546,0.7292,STRONG_UP,-37.16,-7.28,69.85,-44.23,49.2,65.66,1.1776,MED,EARLY,120.764,121.0486,141.4512,0,-5.4556,WEAK,18.0638
593,-109,BANC,BANC OF CALIFORNIA INC,Financials,,mid,18.62,0.953,0.9449,0.8939,0.7967,STRONG_UP,8.7,30.66,45.33,-20.47,53.2,29.01,,LOW,-,18.7515,17.9807,17.7706,1,56.2337,TREND_ONLY,18.0382
594,33,UVE,UNIVERSAL INSURANCE HOLDINGS INC,Financials,,small,39.4,1.1443,0.9653,1.0302,1.0876,STRONG_DOWN,15.96,56.9,102.06,-18.95,53.2,41.82,0.5221,LOW,-,37.935,35.64,30.6701,1,72.387,TREND+LEAD,18.0243
595,169,FANG,Diamondback Energy,Energy,Oil & Gas Exploration & Production,large,198.15,1.0157,0.9995,0.9446,1.0226,FLAT,38.68,39.26,4.88,-12.53,51.2,32.59,0.4852,LOW,-,195.6885,191.2203,158.8453,1,61.6798,TREND+LEAD,18.0153
596,41,GD,General Dynamics,Industrials,Aerospace & Defense,large,346.46,0.9425,0.9817,0.9063,0.8714,STRONG_UP,0.0,29.23,22.71,-14.53,52.0,26.28,0.4583,LOW,-,335.289,343.9135,337.5464,1,57.8402,TREND_ONLY,18.0153
597,165,HSY,Hershey Company (The),Consumer Staples,Packaged Foods & Meats,large,191.91,0.8834,1.013,0.8632,0.7255,STRONG_UP,15.24,21.13,-2.68,-22.97,51.6,23.65,0.7648,LOW,PROGRESS,188.3695,203.6616,191.9464,0,46.1009,WEAK,18.0078
598,217,EHAB,ENHABIT INC,Health Care,,small,13.79,0.9606,0.9854,0.8795,1.0638,FLAT,73.9,31.71,59.61,-39.63,49.6,46.17,1.9471,HIGH,-,13.746,13.7548,10.1941,1,34.0654,TREND_ONLY,17.9981
599,-29,TGT,Target Corporation,Consumer Staples,Consumer Staples Merchandise Retail,large,121.8,0.9376,0.9206,0.906,0.9215,FLAT,37.32,28.55,-18.39,-20.27,54.0,30.17,0.9943,LOW,-,127.422,122.2586,103.0461,1,51.1011,TREND_ONLY,17.9842
600,-56,ACT,ENACT HOLDINGS INC,Financials,,mid,42.8,0.8833,0.978,0.9061,0.8566,STRONG_UP,15.65,21.11,41.56,-10.96,55.6,19.49,1.0512,MED,-,43.114,41.9364,39.1237,1,60.2292,TREND_ONLY,17.9743
601,71,ASTH,ASTRANA HEALTH INC,Health Care,,small,39.01,1.0656,1.0889,1.1931,1.7774,STRONG_DOWN,73.92,46.1,-0.36,-46.41,55.2,73.28,1.1964,MED,-,34.3205,28.8562,26.8636,1,34.7296,TREND+LEAD,17.9643
602,-6,ATO,Atmos Energy,Utilities,Gas Utilities,large,181.94,0.8828,0.969,0.8597,0.9015,FLAT,3.51,21.04,63.91,-7.2,58.0,15.84,0.8788,LOW,-,185.4625,185.7136,172.8289,1,77.0327,TREND_ONLY,17.9556
603,80,O,Realty Income,Real Estate,Retail REITs,large,62.53,0.8748,0.9612,0.875,0.8514,STRONG_UP,13.91,19.95,27.07,-11.1,54.4,16.87,0.6824,LOW,-,63.381,62.9123,59.016,1,64.3346,TREND_ONLY,17.9377
604,-127,RUN,SUNRUN INC,Industrials,,mid,14.1,0.8642,1.0814,1.007,0.6381,STRONG_UP,-23.16,18.49,22.4,-55.02,49.6,98.89,0.8314,LOW,SHIFT,12.933,12.7702,16.4576,0,9.2727,WEAK,17.9374
605,3,SD,SANDRIDGE ENERGY INC,Energy,,small,15.02,1.0518,1.0207,0.9029,0.7715,STRONG_UP,18.92,44.21,18.9,-19.9,54.8,39.78,0.4712,LOW,-,15.075,15.8838,13.8125,1,60.9015,TREND+LEAD,17.8966
606,79,LIF,LIFE360 INC,Information Technology,,mid,38.62,0.4724,0.876,0.8632,0.6351,STRONG_UP,-58.61,-35.22,43.04,-65.64,51.2,75.19,1.591,HIGH,EARLY,44.626,42.8094,69.3694,0,-23.9849,WEAK,17.8927
607,234,ALHC,ALIGNMENT HEALTHCARE INC,Health Care,,mid,18.38,0.9541,0.997,0.7679,0.7816,FLAT,12.21,30.82,165.61,-30.2,52.0,57.68,2.891,HIGH,-,20.192,19.1728,18.3748,1,27.7837,TREND_ONLY,17.886
608,-49,MARA,MARA HOLDINGS INC,Information Technology,,mid,12.72,0.5667,0.9606,1.0781,1.4589,STRONG_DOWN,-18.36,-22.3,-26.3,-70.53,46.0,77.49,1.05,MED,SHIFT,11.845,10.0536,12.8319,0,-13.236,WEAK,17.8826
609,44,IMKTA,INGLES MARKETS INC CLASS A,Consumer Staples,,small,84.49,1.0078,0.9405,0.8292,0.8462,FLAT,15.73,38.19,16.77,-11.7,52.8,27.16,0.991,LOW,-,88.964,88.3688,76.1214,1,74.2358,TREND+LEAD,17.8811
610,42,PFG,Principal Financial Group,Financials,Life & Health Insurance,large,100.84,0.935,0.9771,0.9524,0.9506,STRONG_UP,22.89,28.2,29.27,-11.96,52.8,23.99,,LOW,-,98.7695,93.2283,86.201,1,62.0686,TREND_ONLY,17.8547
611,97,NEXT,NEXTDECADE CORP,Energy,,mid,8.5,0.7469,1.1182,1.0199,1.3598,FLAT,47.57,2.41,31.38,-60.0,46.8,75.03,0.5849,LOW,-,7.5928,7.204,6.9072,1,1.503,TREND_ONLY,17.8004
612,65,TEL,TE Connectivity,Information Technology,Electronic Manufacturing Services,large,213.73,0.9705,0.9729,0.8022,0.8137,FLAT,-13.47,33.07,48.69,-21.11,57.6,44.12,1.3899,MED,-,218.1855,212.5516,220.4431,0,43.1716,WEAK,17.7866
613,42,IQV,IQVIA,Health Care,Life Sciences Tools & Services,large,175.06,0.8473,0.9761,0.888,0.8567,STRONG_UP,-17.83,16.18,-23.57,-35.87,50.4,42.73,0.4701,LOW,SHIFT,169.627,169.8146,196.7479,0,19.0843,WEAK,17.7602
614,29,ATMU,ATMUS FILTRATION TECHNOLOGIES INC,Industrials,,mid,55.5,1.0475,1.0067,0.7713,0.7645,STRONG_UP,12.0,43.63,82.92,-22.71,53.6,51.07,0.4551,LOW,-,58.7635,59.0748,52.1121,1,45.7888,TREND+LEAD,17.7131
615,41,EQIX,Equinix,Real Estate,Data Center REITs,large,1080.63,0.9282,0.9774,0.9087,1.086,FLAT,32.0,27.27,45.26,-19.63,51.6,27.58,0.6107,LOW,-,1085.7815,1024.26,851.1513,1,51.0156,TREND_ONLY,17.7122
616,212,XEL,Xcel Energy,Utilities,Multi-Utilities,large,79.9,0.8801,0.976,0.8899,0.8957,FLAT,0.89,20.67,52.95,-11.5,52.8,22.1,1.8976,HIGH,-,80.1825,80.2504,76.8467,1,49.3753,TREND_ONLY,17.6943
617,225,UTI,UNIVERSAL TECHNICAL INSTITUTE INC,Consumer Discretionary,,mid,37.67,0.8675,1.0029,0.9512,1.203,FLAT,27.05,18.95,151.3,-39.36,54.8,49.31,1.0023,MED,-,36.827,36.5178,30.5278,1,21.0547,TREND_ONLY,17.6427
618,10,GNL,GLOBAL NET LEASE INC,Real Estate,,mid,9.13,0.9176,0.9949,0.8554,0.8173,STRONG_UP,21.21,25.81,52.41,-11.96,46.8,21.06,1.069,MED,-,9.394,9.3024,8.2897,1,57.3634,TREND_ONLY,17.6319
619,12,XNCR,XENCOR INC,Health Care,,small,12.44,1.1187,0.9409,0.8841,0.8827,STRONG_UP,-9.46,53.39,-41.71,-40.35,46.8,63.83,0.7976,LOW,-,12.641,12.2904,12.3723,1,39.1461,TREND+LEAD,17.6227
620,-5,GE,GE Aerospace,Industrials,Aerospace & Defense,large,297.45,0.9842,0.957,0.8317,0.8233,STRONG_UP,-4.4,34.95,88.73,-20.85,55.2,40.65,0.7368,LOW,PROGRESS,292.7355,299.1307,298.7442,0,47.4611,WEAK,17.5716
621,21,AVAV,AEROVIRONMENT INC,Industrials,,mid,168.86,0.7392,0.9529,0.7718,0.6015,STRONG_UP,-49.42,1.36,-9.84,-59.39,49.2,72.35,0.7529,LOW,EARLY,187.6045,196.223,267.5709,0,0.9225,WEAK,17.549
622,-38,CTRA,Coterra,Energy,Oil & Gas Exploration & Production,large,32.56,0.9919,0.9056,0.8647,0.9275,FLAT,28.45,36.01,24.39,-15.51,55.87,34.82,0.0,LOW,-,33.3905,33.1493,27.214,1,57.7758,TREND_ONLY,17.5157
623,-30,CLDX,CELLDEX THERAPEUTICS INC,Health Care,,mid,32.0,1.1895,0.9156,0.8536,1.1279,FLAT,41.16,63.1,-20.22,-24.23,47.6,63.63,0.7454,LOW,-,33.4385,31.8998,26.922,1,47.2027,TREND+LEAD,17.4941
624,152,KMI,Kinder Morgan,Energy,Oil & Gas Storage & Transportation,large,32.45,0.8963,1.0111,0.92,0.9029,STRONG_UP,22.2,22.89,84.85,-11.11,52.4,19.43,0.6957,LOW,-,31.7227,32.4659,28.5653,1,61.7379,TREND_ONLY,17.4664
625,-121,DAL,Delta Air Lines,Industrials,Passenger Airlines,large,70.71,0.9823,0.9487,0.8768,0.8608,STRONG_UP,21.08,34.68,36.28,-22.9,48.0,43.66,0.3975,LOW,-,69.9985,66.6546,63.7895,1,38.1319,TREND_ONLY,17.4646
626,-98,PLUS,EPLUS,Information Technology,,mid,84.28,0.9275,0.9938,0.9027,0.8737,STRONG_UP,-3.93,27.17,7.2,-20.65,49.2,30.99,1.2759,MED,-,85.1905,80.6786,79.5729,1,43.1323,TREND_ONLY,17.4221
627,-42,SYF,Synchrony Financial,Financials,Consumer Finance,large,70.84,0.8561,0.9275,0.8371,0.8456,FLAT,-4.39,17.38,63.49,-27.61,53.2,32.07,1.2351,MED,-,75.225,70.6026,73.6378,0,28.8261,WEAK,17.4107
628,-15,DX,DYNEX CAPITAL REIT INC,Financials,,mid,13.3,0.9046,0.9803,0.9036,0.8584,STRONG_UP,5.49,24.04,44.78,-15.27,52.4,20.93,0.6715,LOW,-,13.4722,13.0509,12.5755,1,60.1753,TREND_ONLY,17.3126
629,7,WHD,CACTUS INC CLASS A,Energy,,mid,57.23,0.9583,1.0331,0.9648,0.8677,STRONG_UP,32.7,31.39,15.45,-30.07,52.4,43.52,0.457,LOW,-,54.9315,51.3828,46.4474,1,37.7956,TREND_ONLY,17.3067
630,-235,TDS,TELEPHONE AND DATA SYSTEMS INC,Communication,,mid,42.76,0.9421,0.9243,0.8358,0.8053,STRONG_UP,10.65,29.18,105.99,-13.75,52.8,29.26,1.4811,MED,-,44.9535,44.277,41.2536,1,52.6565,TREND_ONLY,17.301
631,-124,DAVE,DAVE INC CLASS A,Financials,,mid,242.25,0.972,0.9675,1.0076,1.2384,STRONG_DOWN,-1.92,33.28,394.69,-44.67,52.8,68.11,,LOW,-,261.621,223.3852,211.1171,1,25.7993,TREND_ONLY,17.2998
632,-32,BA,Boeing,Industrials,Aerospace & Defense,large,236.87,0.8493,1.0137,0.9412,0.8693,STRONG_UP,21.59,16.44,32.74,-24.96,50.4,34.96,1.0532,MED,-,228.4975,217.5888,219.6567,1,23.7062,TREND_ONLY,17.295
633,63,DLTR,Dollar Tree,Consumer Staples,Consumer Staples Merchandise Retail,large,89.05,0.7577,0.9079,0.7865,0.6177,STRONG_UP,-16.22,3.9,-25.92,-36.94,50.0,38.96,1.3684,MED,EARLY,98.213,104.7474,110.601,0,5.0011,WEAK,17.2918
634,25,TCBI,TEXAS CAPITAL BANCSHARES INC,Financials,,mid,97.45,0.9349,0.9369,0.84,0.8202,STRONG_UP,12.14,28.19,58.48,-14.21,55.2,30.05,1.3555,MED,-,101.273,97.5148,91.9819,1,51.7832,TREND_ONLY,17.2844
635,-232,LQDT,LIQUIDITY SERVICES INC,Industrials,,small,33.58,0.984,0.8877,0.9026,0.9264,STRONG_DOWN,43.93,34.91,76.74,-21.53,55.6,31.63,1.0994,MED,-,35.046,32.4608,29.0473,1,61.372,TREND_ONLY,17.2761
636,18,VCTR,VICTORY CAPITAL HOLDINGS CLASS A I,Financials,,mid,87.07,1.01,1.0411,1.0757,0.9972,FLAT,44.31,38.49,81.52,-18.13,51.6,35.83,0.8003,LOW,-,77.9763,71.5768,67.707,1,55.4291,TREND+LEAD,17.2753
637,-39,CATY,CATHAY GENERAL BANCORP,Financials,,mid,56.49,0.9387,0.9697,0.9325,0.9274,STRONG_UP,21.41,28.71,60.86,-12.33,52.4,23.47,0.7946,LOW,-,55.4655,51.9946,49.3193,1,64.0971,TREND_ONLY,17.2415
638,-33,GRMN,Garmin,Consumer Discretionary,Consumer Electronics,large,236.97,0.8764,0.9603,0.7966,0.9984,FLAT,17.84,20.17,44.5,-27.97,56.4,36.22,0.5383,LOW,-,252.3295,245.6678,227.0079,1,31.4086,TREND_ONLY,17.203
639,-62,TFC,Truist Financial,Financials,Diversified Banks,large,47.79,0.8811,0.9355,0.8669,0.7827,STRONG_UP,9.37,20.81,33.8,-20.67,53.2,26.95,0.799,LOW,-,49.7945,47.5372,46.3626,1,41.0768,TREND_ONLY,17.1887
640,31,ACLX,ARCELLX INC,Health Care,,mid,115.07,1.4407,0.9842,0.8911,1.4617,FLAT,31.52,97.55,131.2,-33.06,50.21,156.03,0.0,LOW,-,114.932,111.7098,83.9435,1,31.3897,TREND+LEAD,17.1794
641,-133,NVAX,NOVAVAX INC,Health Care,,small,9.62,1.1335,1.0113,1.0195,0.9299,FLAT,35.3,55.41,-26.62,-35.94,47.6,72.43,1.2883,MED,-,8.6015,8.985,8.2593,1,36.416,TREND+LEAD,17.1688
642,-97,KWR,QUAKER HOUGHTON CORP,Materials,,mid,139.95,0.945,0.9707,0.9751,0.6853,FLAT,0.71,29.58,-21.35,-36.46,47.2,42.66,0.824,LOW,-,139.2566,130.6576,137.945,1,32.7244,TREND_ONLY,17.1659
643,-63,NEOG,NEOGEN CORP,Health Care,,mid,8.61,0.9676,0.9229,0.7966,0.6945,STRONG_UP,35.38,32.67,-32.94,-29.65,52.8,45.9,0.6337,LOW,-,9.273,9.391,7.6224,1,37.5762,TREND_ONLY,17.162
644,-184,SOUN,SOUNDHOUND AI INC CLASS A,Information Technology,,mid,8.06,0.5221,0.8464,1.0282,0.878,FLAT,-44.07,-28.42,46.01,-72.43,42.8,81.76,0.9986,LOW,-,8.424,7.6275,11.5652,0,-14.877,WEAK,17.1611
645,-67,PFS,PROVIDENT FINANCIAL SERVICES INC,Financials,,mid,21.98,0.9368,0.9561,0.8752,0.8284,STRONG_UP,20.84,28.44,51.45,-14.49,48.8,22.93,0.8768,LOW,-,22.49,21.6414,20.1106,1,60.5332,TREND_ONLY,17.1499
646,-1,CRNX,CRINETICS PHARMACEUTICALS INC,Health Care,,mid,36.91,0.8698,0.8707,0.8256,0.6722,STRONG_UP,-10.95,19.26,-22.99,-40.33,46.0,51.07,1.0562,MED,EARLY,39.3015,38.1058,40.9826,0,17.3451,WEAK,17.105
647,57,PCT,PURECYCLE TECHNOLOGIES INC,Materials,,small,9.76,0.8976,1.2603,1.2894,0.9351,FLAT,-4.13,23.08,84.85,-70.09,47.6,88.07,1.0944,MED,-,7.6735,6.4849,10.0315,0,12.4726,WEAK,17.0808
648,-23,PANW,Palo Alto Networks,Information Technology,Systems Software,large,215.6,0.819,1.155,1.1863,1.1309,FLAT,-0.43,12.29,42.66,-36.01,54.4,45.36,0.8274,LOW,-,183.406,170.976,185.0002,1,14.7413,TREND_ONLY,17.0509
649,133,BMY,Bristol Myers Squibb,Health Care,Pharmaceuticals,large,56.45,0.9278,0.9815,0.8642,0.8251,STRONG_UP,22.1,27.22,38.0,-13.68,48.8,24.54,0.7582,LOW,-,57.998,58.555,51.398,1,54.1247,TREND_ONLY,17.0044
650,-224,HE,HAWAIIAN ELECTRIC INDUSTRIES INC,Utilities,,mid,13.5,0.9008,0.8694,0.7861,0.7056,STRONG_UP,20.54,23.51,22.84,-20.96,53.2,30.95,1.2319,MED,-,15.149,15.0708,13.2052,1,40.417,TREND_ONLY,16.9975
651,136,D,Dominion Energy,Utilities,Multi-Utilities,large,62.92,0.8923,1.0044,0.8781,0.8529,STRONG_UP,5.65,22.35,30.19,-9.77,52.0,18.82,0.7446,LOW,-,62.4765,62.3622,60.1741,1,61.7431,TREND_ONLY,16.9794
652,17,TEX,TEREX CORP,Industrials,,mid,63.92,1.0086,0.9791,0.8918,0.8044,STRONG_UP,40.66,38.29,5.88,-28.29,49.6,56.66,0.5001,LOW,-,61.742,61.2351,55.5636,1,33.5213,TREND+LEAD,16.9564
653,50,KOS,KOSMOS ENERGY LTD,Energy,,small,3.1,1.0922,1.0555,1.1025,1.4769,STRONG_DOWN,105.3,49.76,-48.42,-63.6,46.4,103.98,0.4789,LOW,-,2.876,2.7372,1.8199,1,22.2042,TREND+LEAD,16.9415
654,-59,COMP,COMPASS INC CLASS A,Real Estate,,mid,8.36,0.9438,0.8903,1.0484,0.6472,FLAT,-4.89,29.41,102.91,-50.81,46.0,90.46,0.6248,LOW,SHIFT,7.944,7.9374,9.2286,0,14.9562,WEAK,16.9307
655,-21,SR,SPIRE INC,Utilities,,mid,86.58,0.9156,0.9882,0.8312,0.8605,FLAT,-1.48,25.54,51.67,-10.16,56.8,20.59,0.9958,LOW,-,89.626,90.7794,83.6731,1,70.4512,TREND_ONLY,16.9276
656,381,ELV,Elevance Health,Health Care,Managed Health Care,large,393.3,0.7804,1.0328,1.116,1.039,FLAT,30.94,7.01,-24.37,-33.12,51.2,33.6,1.256,MED,-,355.1545,319.3523,325.5647,1,10.6746,TREND_ONLY,16.9229
657,-66,BLX,BANCO LATINOAMERICANO DE COMERCIO,Financials,,small,52.65,0.9792,0.9551,0.863,0.9348,FLAT,21.03,34.26,92.03,-12.42,53.6,25.09,0.4444,LOW,-,54.2856,51.6021,46.1862,1,73.1932,TREND_ONLY,16.9161
658,-162,CUBI,CUSTOMERS BANCORP INC,Financials,,mid,73.91,0.9891,0.9295,0.8653,0.9027,FLAT,7.98,35.61,50.87,-20.31,49.2,31.72,0.7435,LOW,-,76.6085,72.1354,70.4073,1,55.2409,TREND_ONLY,16.8981
659,11,WAB,Wabtec,Industrials,Construction Machinery & Heavy Transportation Equipment,large,269.02,0.9673,0.9786,0.8915,0.9179,FLAT,28.41,32.63,64.74,-13.29,52.0,28.8,0.7976,LOW,-,264.3685,255.7008,221.6379,1,58.9067,TREND_ONLY,16.8731
660,84,WTS,WATTS WATER TECHNOLOGIES INC CLASS,Industrials,,mid,299.95,0.9056,1.0108,0.8638,0.8276,STRONG_UP,9.11,24.17,42.58,-15.45,50.4,25.3,1.4608,MED,-,297.8745,299.0356,286.9602,1,48.1392,TREND_ONLY,16.8635
661,0,AEE,Ameren,Utilities,Multi-Utilities,large,109.49,0.8711,0.9831,0.8703,0.9015,FLAT,6.41,19.44,56.18,-7.9,56.0,18.09,1.0973,MED,-,111.146,110.8117,103.7785,1,60.1772,TREND_ONLY,16.8332
662,-93,WS,WORTHINGTON STEEL INC,Materials,,small,39.13,1.0406,0.9194,1.0275,0.7039,FLAT,24.28,42.68,28.42,-42.0,52.4,58.81,0.6938,LOW,-,37.514,34.9388,34.6723,1,38.0269,TREND+LEAD,16.8301
663,73,GNW,GENWORTH FINANCIAL INC,Financials,,mid,9.09,0.939,0.9754,0.9398,0.8699,STRONG_UP,5.33,28.75,38.78,-14.07,48.8,23.75,0.6577,LOW,-,8.899,8.5392,8.6095,1,59.081,TREND_ONLY,16.7762
664,-155,FIBK,FIRST INTERSTATE BANCSYSTEM INC,Financials,,mid,34.59,0.9457,0.9475,0.9097,0.8011,STRONG_UP,10.88,29.66,41.73,-16.87,49.2,26.7,0.9754,LOW,-,34.6604,33.7654,32.7263,1,54.6621,TREND_ONLY,16.7437
665,-131,RDW,REDWIRE CORP,Industrials,,small,11.56,0.7402,1.18,1.0477,1.1125,FLAT,87.36,1.49,139.34,-75.4,49.6,106.4,1.2916,MED,-,10.005,9.5706,9.0146,1,0.6958,TREND_ONLY,16.7211
666,-40,GLDD,GREAT LAKES DREDGE AND DOCK CORP,Industrials,,small,17.0,1.0857,0.9857,0.8917,1.1235,FLAT,42.74,48.86,81.82,-14.74,48.65,36.8,0.0,LOW,-,16.9545,16.4526,13.1936,1,64.5956,TREND+LEAD,16.6942
667,23,DLR,Digital Realty,Real Estate,Data Center REITs,large,195.27,0.884,0.9622,0.8868,0.9765,FLAT,17.12,21.21,44.83,-16.83,52.4,21.79,0.93,LOW,-,198.4,187.5963,170.2133,1,51.0043,TREND_ONLY,16.6875
668,122,AVBP,ARRIVENT BIOPHARMA INC,Health Care,,small,28.97,1.1062,0.9624,0.9319,1.1618,FLAT,55.75,51.68,61.57,-33.32,49.2,55.41,0.8423,LOW,-,30.0507,26.4961,22.0694,1,45.8839,TREND+LEAD,16.6855
669,0,FISI,FINANCIAL INSTITUTIONS INC,Financials,,small,34.67,0.97,0.9651,0.8977,0.8824,STRONG_UP,18.75,33.0,104.12,-13.72,48.4,24.26,0.8797,LOW,-,34.579,32.7815,29.8825,1,65.8331,TREND_ONLY,16.674
670,9,RELY,REMITLY GLOBAL INC,Financials,,mid,23.86,0.7185,0.9894,1.1838,1.5614,STRONG_DOWN,88.47,-1.49,66.97,-49.63,48.0,66.91,1.6841,HIGH,-,21.9035,18.5395,16.2511,1,-1.0663,TREND_ONLY,16.6648
671,-142,AXON,Axon Enterprise,Industrials,Aerospace & Defense,large,393.66,0.3961,1.0039,0.919,0.7857,STRONG_UP,-32.67,-45.68,31.12,-60.28,52.0,68.23,0.9443,LOW,EARLY,399.593,439.7262,589.2537,0,-34.8177,WEAK,16.6371
672,81,SBRA,SABRA HEALTH CARE REIT INC,Real Estate,,mid,20.97,0.9191,1.0065,0.9167,0.9416,FLAT,13.38,26.02,66.29,-12.18,53.2,20.99,0.5809,LOW,-,20.424,20.2582,18.8784,1,65.9516,TREND_ONLY,16.6324
673,11,HCA,HCA Healthcare,Health Care,Health Care Facilities,large,429.69,0.8571,0.9845,0.7661,0.7021,STRONG_UP,-6.17,17.52,37.48,-21.67,55.6,30.86,1.0485,MED,EARLY,448.6195,482.3133,459.0574,0,31.5597,WEAK,16.606
674,188,LMT,Lockheed Martin,Industrials,Aerospace & Defense,large,521.0,0.8489,0.9969,0.7574,0.7223,STRONG_UP,16.73,16.4,16.73,-25.15,54.0,26.13,0.6194,LOW,EARLY,536.119,594.6802,522.9538,0,33.8883,WEAK,16.5989
675,300,KO,Coca-Cola Company (The),Consumer Staples,Soft Drinks & Non-alcoholic Beverages,large,80.03,0.8709,0.9939,0.9375,0.8889,STRONG_UP,15.07,19.42,33.4,-7.89,48.4,17.3,1.2102,MED,-,77.2695,76.8302,71.592,1,54.3227,TREND_ONLY,16.5822
676,-84,XHR,XENIA HOTELS RESORTS REIT INC,Real Estate,,small,16.43,1.0126,0.9658,0.8962,0.9018,FLAT,21.21,38.84,19.47,-16.23,50.4,31.36,0.5074,LOW,-,16.322,15.4467,14.2359,1,62.4168,TREND+LEAD,16.5498
677,152,ALGT,ALLEGIANT TRAVEL,Industrials,,small,77.49,0.9687,0.9522,0.7668,0.6146,STRONG_UP,13.42,32.82,36.19,-37.3,46.4,61.3,2.0408,HIGH,-,80.5445,81.6942,76.2683,1,24.8462,TREND_ONLY,16.527
678,90,CDP,COPT DEFENSE PROPERTIES,Real Estate,,mid,31.69,0.8928,0.9827,0.8715,0.8572,STRONG_UP,12.01,22.41,40.93,-10.71,48.8,17.41,0.4326,LOW,-,31.7795,31.585,29.4835,1,62.8179,TREND_ONLY,16.5188
679,-68,ZWS,ZURN ELKAY WATER SOLUTIONS CORP,Industrials,,mid,49.77,0.9777,0.9574,0.8967,0.8389,STRONG_UP,5.04,34.06,55.81,-17.02,50.0,32.2,0.5604,LOW,-,50.4655,47.9842,47.0753,1,52.8895,TREND_ONLY,16.4881
680,-74,EBC,EASTERN BANKSHARES INC,Financials,,mid,19.49,0.9332,0.9466,0.8384,0.7906,STRONG_UP,13.56,27.95,49.23,-15.04,49.2,24.59,0.7047,LOW,-,20.2275,19.7698,18.5622,1,55.9186,TREND_ONLY,16.4696
681,37,AME,Ametek,Industrials,Electrical Components & Equipment,large,231.2,0.9403,0.9425,0.8771,0.8534,STRONG_UP,17.13,28.92,37.7,-13.57,48.8,27.65,0.736,LOW,-,232.899,225.448,205.7459,1,51.0487,TREND_ONLY,16.4173
682,12,VTOL,BRISTOW GROUP INC,Energy,,small,42.31,1.0241,0.9646,0.7603,0.8102,FLAT,11.84,40.41,22.82,-16.41,53.6,35.36,0.7041,LOW,-,47.047,46.4067,40.8299,1,61.2624,TREND+LEAD,16.4089
683,-71,FOX,Fox Corporation (Class B),Communication Services,Broadcasting,large,59.47,0.858,1.0409,0.9306,0.9349,FLAT,-0.43,17.64,97.9,-26.77,54.4,32.54,0.6866,LOW,-,57.39,54.9457,56.4955,1,29.4956,TREND_ONLY,16.3995
684,-44,PLTR,Palantir Technologies,Information Technology,Application Software,large,136.0,0.7743,1.0002,0.8911,0.8691,STRONG_UP,-29.76,6.17,549.47,-38.19,54.4,50.06,0.7405,LOW,EARLY,141.467,145.5098,163.7292,0,6.7017,WEAK,16.3665
685,118,ETN,Eaton Corporation,Industrials,Electrical Components & Equipment,large,401.53,0.8957,0.9402,0.8908,0.8842,STRONG_UP,6.41,22.81,25.3,-19.13,52.0,38.94,1.0778,MED,-,411.4623,383.2321,361.5144,1,30.4584,TREND_ONLY,16.3549
686,1,LC,LENDINGCLUB CORP,Financials,,small,16.28,1.0415,0.939,0.9132,0.8443,STRONG_UP,-13.68,42.81,77.54,-38.28,50.4,55.11,0.351,LOW,-,17.008,15.5132,16.8427,0,39.1485,WEAK,16.3448
687,-41,NWN,NORTHWEST NATURAL HOLDING COMPANY,Utilities,,mid,50.16,0.942,1.0143,0.8248,0.8987,FLAT,8.86,29.16,42.7,-11.98,56.4,25.54,0.5624,LOW,-,52.1748,52.4592,46.4165,1,64.3983,TREND_ONLY,16.3389
688,189,APD,Air Products,Materials,Industrial Gases,large,303.6,0.8309,0.9951,0.91,0.9036,STRONG_UP,19.08,13.93,27.73,-22.39,50.0,20.97,0.5653,LOW,-,299.385,291.0845,271.7862,1,33.2028,TREND_ONLY,16.337
689,-71,TGTX,TG THERAPEUTICS INC,Health Care,,mid,42.54,0.9297,0.9973,1.0944,1.2798,STRONG_DOWN,40.4,27.48,145.61,-34.12,52.8,53.29,1.151,MED,-,37.2915,33.6084,31.9789,1,27.2271,TREND_ONLY,16.3193
690,-108,VCYT,VERACYTE INC,Health Care,,mid,39.56,0.9844,0.945,1.0255,0.9531,FLAT,-6.59,34.97,75.82,-39.23,46.4,68.32,0.7673,LOW,-,35.107,33.6738,36.0284,1,23.7508,TREND_ONLY,16.3107
691,117,WVE,WAVE LIFE SCIENCES LTD,Health Care,,small,6.79,0.775,0.9165,0.8169,0.4437,STRONG_UP,-3.69,6.26,19.33,-70.91,50.8,114.06,1.1422,MED,-,7.265,9.0658,10.1702,0,2.788,WEAK,16.2726
692,65,BFLY,BUTTERFLY NETWORK INC CLASS A,Health Care,,small,4.16,1.2748,0.8996,0.833,1.0997,FLAT,87.39,74.79,335.6,-49.43,47.2,130.21,0.5704,LOW,-,4.964,4.3856,3.1043,1,27.1107,TREND+LEAD,16.2714
693,56,PFE,Pfizer,Health Care,Pharmaceuticals,large,25.87,0.8826,0.9753,0.8625,0.8223,STRONG_UP,9.62,21.02,3.83,-11.47,51.2,19.79,0.6988,LOW,-,26.2776,26.579,24.9177,1,54.3885,TREND_ONLY,16.2556
694,4,GBTG,GLOBAL BUSINESS TRAVEL GROUP INC C,Consumer Discretionary,,mid,9.39,1.0975,0.9798,1.4647,1.5538,STRONG_DOWN,22.75,50.48,59.97,-40.41,51.2,122.55,0.636,LOW,-,7.125,6.1912,7.1309,1,21.0903,TREND+LEAD,16.2495
695,122,CEG,Constellation Energy,Utilities,Electric Utilities,large,293.6,0.7383,0.895,0.8801,0.9208,FLAT,-18.45,1.22,39.1,-38.77,48.8,49.56,1.1774,MED,EARLY,302.997,300.6386,326.2277,0,1.2052,WEAK,16.2419
696,-147,LCII,LCI INDUSTRIES,Consumer Discretionary,,mid,112.42,0.941,0.9459,0.7821,0.6283,STRONG_UP,4.35,29.02,5.69,-31.4,46.4,38.36,0.5433,LOW,EARLY,117.6585,121.7658,114.806,0,35.1027,WEAK,16.2186
697,0,SBUX,Starbucks,Consumer Discretionary,Restaurants,large,106.58,0.9194,0.9853,0.9623,0.9383,STRONG_UP,27.71,26.06,47.43,-18.53,49.6,32.31,0.8145,LOW,-,102.047,98.0102,89.8295,1,40.0052,TREND_ONLY,16.212
698,-40,CCNE,CNB FINANCIAL CORP,Financials,,small,30.5,0.9838,0.97,0.8782,0.8917,FLAT,24.19,34.89,62.41,-13.55,48.8,24.92,0.5341,LOW,-,30.6435,29.4328,26.5876,1,68.3328,TREND_ONLY,16.2037
699,-37,DAKT,DAKTRONICS INC,Information Technology,,small,20.49,1.0023,1.0046,0.9469,0.6791,STRONG_UP,7.22,37.42,82.13,-31.34,48.8,45.33,0.6305,LOW,-,19.6485,20.2154,20.2108,1,40.2894,TREND+LEAD,16.1672
700,-39,CPF,CENTRAL PACIFIC FINANCIAL CORP,Financials,,small,34.11,0.9326,0.9639,0.8928,0.879,STRONG_UP,17.64,27.87,73.79,-12.3,51.6,22.37,0.5215,LOW,-,34.2675,32.8134,30.8328,1,64.292,TREND_ONLY,16.1513
701,0,SBH,SALLY BEAUTY HOLDINGS INC,Consumer Discretionary,,small,12.5,0.974,0.8798,0.7866,0.7121,STRONG_UP,-11.41,33.55,11.21,-26.47,51.6,44.87,1.8704,HIGH,-,14.101,14.1382,14.6355,0,38.5787,WEAK,16.1259
702,87,GKOS,GLAUKOS CORP,Health Care,,mid,136.36,1.0768,0.9919,1.006,1.0844,STRONG_DOWN,54.34,47.64,25.84,-29.92,49.2,64.6,0.5691,LOW,-,128.228,116.5838,103.3417,1,36.2828,TREND+LEAD,16.1236
703,-135,CAKE,CHEESECAKE FACTORY INC,Consumer Discretionary,,mid,60.75,0.8404,0.9861,0.8817,0.8596,STRONG_UP,32.81,15.23,62.46,-36.39,52.4,36.28,0.4882,LOW,-,61.579,59.5822,56.4529,1,21.9922,TREND_ONLY,16.1103
704,-24,AESI,ATLAS ENERGY SOLUTIONS INC,Energy,,small,18.28,1.0386,0.9781,1.3556,1.3197,FLAT,71.8,42.41,-11.94,-43.54,50.8,66.7,0.8256,LOW,-,16.5585,14.0906,11.6345,1,32.3016,TREND+LEAD,16.0614
705,-19,LXP,LXP INDUSTRIAL TRUST,Real Estate,,mid,51.53,0.9562,0.9704,0.918,0.8799,STRONG_UP,11.82,31.11,32.04,-11.01,52.0,27.21,0.492,LOW,-,51.127,48.7452,46.4353,1,59.4498,TREND_ONLY,16.0537
706,132,MAR,Marriott International,Consumer Discretionary,"Hotels, Resorts & Cruise Lines",large,350.23,0.9406,0.9598,0.8492,0.8481,STRONG_UP,21.09,28.96,50.36,-12.65,48.8,27.79,0.7777,LOW,-,360.9995,343.1956,303.6933,1,50.861,TREND_ONLY,16.0524
707,-16,SNPS,Synopsys,Information Technology,Application Software,large,513.21,0.7258,1.0011,1.0896,1.0155,FLAT,28.06,-0.48,-7.93,-41.04,52.4,44.25,0.5581,LOW,-,484.1705,442.737,476.2322,1,-0.5741,TREND_ONLY,16.0409
708,-13,ACA,ARCOSA INC,Industrials,,mid,127.55,1.0299,0.9552,0.9931,0.8655,FLAT,27.6,41.22,46.17,-21.45,49.6,47.04,0.5086,LOW,-,121.492,113.1012,105.6872,1,43.4618,TREND+LEAD,16.0094
709,-59,TMP,TOMPKINS FINANCIAL CORP,Financials,,small,83.65,0.9717,0.9667,0.889,0.8717,STRONG_UP,25.82,33.24,91.84,-13.03,50.4,26.77,0.6844,LOW,-,83.7998,79.8564,72.1546,1,62.5762,TREND_ONLY,15.9824
710,-100,QCRH,QCR HOLDINGS INC,Financials,,small,89.3,0.923,0.9566,0.876,0.8463,STRONG_UP,15.67,26.55,54.04,-16.9,51.6,23.35,0.6133,LOW,-,90.637,87.4513,82.1837,1,58.682,TREND_ONLY,15.9648
711,184,STAA,STAAR SURGICAL,Health Care,,small,28.18,1.0817,0.9992,1.0256,1.4165,STRONG_DOWN,2.81,48.32,-35.32,-43.65,49.6,66.26,0.7053,LOW,-,26.2535,22.3162,23.7636,1,36.1676,TREND+LEAD,15.8875
712,-24,CNO,CNO FINANCIAL GROUP INC,Financials,,mid,46.17,0.8861,0.9939,0.9578,0.9331,STRONG_UP,13.81,21.5,70.05,-11.03,56.8,20.89,0.8285,LOW,-,44.577,42.4661,40.7637,1,58.4475,TREND_ONLY,15.8872
713,132,SM,SM ENERGY,Energy,,mid,31.35,0.9247,1.0805,1.0081,1.2518,FLAT,73.39,26.79,-32.11,-38.16,50.0,58.9,0.5213,LOW,-,29.3165,28.733,23.5635,1,22.7395,TREND_ONLY,15.8427
714,305,NOVT,NOVANTA INC,Information Technology,,mid,159.19,0.8736,1.1277,1.0985,0.9732,STRONG_UP,53.07,19.78,-2.21,-26.97,49.6,52.6,3.5333,HIGH,-,132.8635,126.4232,121.7872,1,18.6536,TREND_ONLY,15.8365
715,41,AUB,ATLANTIC UNION BANKSHARES CORP,Financials,,mid,37.04,0.8971,0.9494,0.866,0.7906,STRONG_UP,15.77,23.01,20.04,-18.33,46.8,27.85,1.0669,MED,-,37.782,36.5836,35.4566,1,38.6652,TREND_ONLY,15.7921
716,9,EXPD,Expeditors International,Industrials,Air Freight & Logistics,large,154.43,0.9887,1.0047,0.9475,0.8271,STRONG_UP,10.54,35.56,34.52,-15.88,52.8,44.17,0.6261,LOW,-,149.3155,146.1768,138.698,1,42.5048,TREND_ONLY,15.7709
717,-49,HWC,HANCOCK WHITNEY CORP,Financials,,mid,65.85,0.8529,0.9441,0.8742,0.8056,STRONG_UP,13.69,16.95,47.7,-17.45,50.0,25.94,1.599,HIGH,-,67.6225,65.3578,63.1641,1,32.6693,TREND_ONLY,15.7703
718,17,VC,VISTEON CORP,Consumer Discretionary,,mid,114.7,0.9486,0.9925,1.0879,0.9818,FLAT,7.69,30.06,0.6,-33.97,45.2,47.35,0.5459,LOW,-,107.711,97.2614,105.1531,1,28.6987,TREND_ONLY,15.7527
719,-17,FRT,Federal Realty Investment Trust,Real Estate,Retail REITs,mid,115.55,0.9095,0.9737,0.9322,0.9469,FLAT,22.05,24.7,22.96,-6.96,50.4,18.04,0.8085,LOW,-,112.9045,108.538,100.1786,1,69.0116,TREND_ONLY,15.7438
720,75,JPM,JPMorgan Chase,Financials,Diversified Banks,large,304.88,0.8619,0.9527,0.8713,0.8549,STRONG_UP,-2.86,18.17,60.02,-15.47,55.2,23.16,0.9881,LOW,-,309.619,299.4975,302.8484,1,43.3162,TREND_ONLY,15.7283
721,-208,DCH,DAUCH CORPORATION,Consumer Discretionary,,small,6.48,1.0013,1.0993,0.9278,0.6541,STRONG_UP,5.02,37.29,-15.51,-42.44,49.6,69.27,0.685,LOW,-,5.9035,5.8024,6.2687,1,26.6998,TREND+LEAD,15.7258
722,-301,TILE,INTERFACE INC,Industrials,,small,28.13,0.9796,0.9939,0.9055,0.7199,STRONG_UP,7.78,34.31,77.39,-29.88,47.6,36.85,0.9147,LOW,-,27.893,27.0526,27.942,1,44.3221,TREND_ONLY,15.7083
723,-85,BFC,BANK FIRST CORP,Financials,,small,144.29,0.9206,0.9741,0.9002,0.8543,STRONG_UP,16.78,26.22,86.29,-14.17,51.2,22.41,0.9629,LOW,-,143.646,139.1097,130.9165,1,59.9126,TREND_ONLY,15.6901
724,-60,AES,AES Corporation,Utilities,Independent Power Producers & Energy Traders,large,14.42,0.8811,0.9895,0.9013,0.7699,STRONG_UP,3.95,20.81,-19.84,-23.27,51.2,38.72,0.6097,LOW,-,14.3097,14.1472,13.8239,1,27.5141,TREND_ONLY,15.6654
725,-118,MRX,MAREX GROUP PLC,Financials,,mid,55.9,0.8573,1.0983,0.9342,1.2037,FLAT,63.49,17.55,201.22,-41.13,48.4,48.57,0.7086,LOW,-,52.5685,45.6406,38.2524,1,17.4875,TREND_ONLY,15.6516
726,-53,THFF,FIRST FINANCIAL CORPORATION CORP,Financials,,small,66.42,0.9448,0.9698,0.8849,0.8816,STRONG_UP,18.79,29.55,89.84,-13.18,50.0,24.38,0.8148,LOW,-,66.5445,64.259,59.633,1,60.5966,TREND_ONLY,15.6362
727,-103,AMTB,AMERANT BANCORP INC CLASS A,Financials,,small,22.98,0.9324,0.9676,0.8542,0.8755,FLAT,33.28,27.84,3.51,-22.86,50.8,25.3,0.6251,LOW,-,23.283,22.4772,20.4691,1,55.8995,TREND_ONLY,15.6341
728,120,VZ,Verizon,Communication Services,Integrated Telecommunication Services,large,47.93,0.8748,0.9941,0.937,0.8614,STRONG_UP,24.2,19.95,34.7,-13.32,48.8,20.6,0.5174,LOW,-,46.978,48.2196,42.8277,1,47.2666,TREND_ONLY,15.6142
729,57,HLIT,HARMONIC INC,Information Technology,,small,12.95,0.9707,1.0462,1.1773,1.1217,FLAT,28.34,33.09,14.0,-19.1,56.4,43.04,5.7331,HIGH,-,11.2415,10.1726,9.9807,1,43.3661,TREND_ONLY,15.6086
730,269,SOLV,Solventum,Health Care,Health Care Technology,large,75.1,0.745,1.0409,0.9674,0.7991,STRONG_UP,4.61,2.15,18.94,-27.46,50.4,31.41,1.673,HIGH,-,69.6775,67.7074,73.7941,1,3.4484,TREND_ONLY,15.6049
731,78,COP,ConocoPhillips,Energy,Oil & Gas Exploration & Production,large,117.87,0.9512,0.9827,0.8888,0.933,FLAT,36.89,30.42,3.28,-14.9,52.0,32.55,0.684,LOW,-,119.92,122.0687,100.6464,1,48.5917,TREND_ONLY,15.588
732,-229,GPGI,GPGI INC CLASS A,Information Technology,,mid,12.82,0.7615,0.7225,0.6793,0.445,STRONG_UP,-38.97,4.41,146.85,-50.69,50.8,79.63,0.6346,LOW,EARLY,15.5475,17.0422,19.5261,0,2.8134,WEAK,15.5658
733,-168,NMRK,NEWMARK GROUP INC CLASS A,Real Estate,,mid,16.14,0.9999,0.9567,0.9123,0.9381,FLAT,-4.79,37.1,63.11,-29.08,50.4,47.26,0.6778,LOW,-,16.253,15.3154,16.7338,0,39.5643,WEAK,15.5603
734,38,BLK,BlackRock,Financials,Asset Management & Custody Banks,large,1092.5,0.8478,1.0013,0.9211,0.8796,STRONG_UP,1.97,16.25,44.34,-22.45,51.6,29.3,0.5986,LOW,-,1057.6135,1008.2611,1072.678,1,28.6119,TREND_ONLY,15.555
735,79,TPL,Texas Pacific Land Corporation,Energy,Oil & Gas Exploration & Production,large,401.39,0.641,0.9409,0.8658,0.8426,STRONG_UP,21.52,-12.12,104.03,-42.34,50.8,56.93,0.5726,LOW,-,426.0345,466.5814,360.4335,1,-10.8117,TREND_ONLY,15.5099
736,267,BCO,BRINKS,Industrials,,mid,105.73,0.8667,0.9544,0.8814,0.7013,STRONG_UP,-6.88,18.83,10.6,-27.95,48.0,43.57,1.5038,HIGH,EARLY,108.616,107.5768,113.5885,0,20.744,WEAK,15.498
737,-28,TRN,TRINITY INDUSTRIES INC,Industrials,,mid,36.14,1.0259,0.981,0.9357,0.9981,FLAT,42.72,40.67,26.2,-18.86,48.0,43.84,0.3877,LOW,-,33.573,32.4336,28.7947,1,44.5287,TREND+LEAD,15.4858
738,-41,TMO,Thermo Fisher Scientific,Health Care,Life Sciences Tools & Services,large,459.3,0.7838,0.9556,0.7746,0.7562,STRONG_UP,-20.17,7.47,-21.73,-29.15,50.4,32.9,1.2683,MED,EARLY,484.0805,488.3081,526.8756,0,11.4425,WEAK,15.4824
739,-39,IVR,INVESCO MORTGAGE CAPITAL REIT INC,Financials,,small,8.17,0.9425,1.0024,0.8795,0.83,STRONG_UP,16.98,29.23,28.47,-16.54,50.4,26.15,0.6278,LOW,-,8.1717,8.0334,7.469,1,56.334,TREND_ONLY,15.4761
740,19,CSGP,CoStar Group,Real Estate,Real Estate Services,large,33.05,0.3206,0.9545,0.7815,0.5986,STRONG_UP,-50.84,-56.04,-62.69,-66.16,50.0,45.61,1.2423,MED,EARLY,36.2185,39.9082,64.4964,0,-61.4326,WEAK,15.4533
741,-48,TCBK,TRICO BANCSHARES,Financials,,small,49.96,0.911,0.9677,0.88,0.8619,STRONG_UP,12.27,24.91,41.22,-12.37,51.6,21.33,0.5838,LOW,-,50.2195,48.8139,46.4794,1,60.2678,TREND_ONLY,15.4289
742,-138,NTAP,NetApp,Information Technology,"Technology Hardware, Storage & Peripherals",large,116.23,0.8682,1.0235,1.045,0.9565,FLAT,4.35,19.04,11.67,-24.83,50.8,34.38,0.8946,LOW,-,110.263,104.1796,108.3236,1,28.1307,TREND_ONLY,15.4281
743,0,ZBRA,Zebra Technologies,Information Technology,Electronic Equipment & Instruments,large,241.79,0.5832,1.0355,0.9483,0.8303,STRONG_UP,-7.23,-20.04,-23.48,-41.62,48.4,48.15,3.4161,HIGH,SHIFT,228.058,218.689,262.6769,0,-20.1417,WEAK,15.4259
744,-37,PLOW,DOUGLAS DYNAMICS INC,Industrials,,small,44.94,1.1583,0.9736,0.8547,0.9439,FLAT,46.4,58.82,92.06,-13.03,48.4,48.23,0.8359,LOW,-,45.743,44.0834,35.9566,1,59.0296,TREND+LEAD,15.4181
745,-25,PEP,PepsiCo,Consumer Staples,Soft Drinks & Non-alcoholic Beverages,large,151.85,0.8839,0.958,0.867,0.7853,STRONG_UP,8.47,21.2,-9.79,-11.58,46.8,19.99,0.9628,LOW,-,155.354,155.9035,148.4564,1,49.6273,TREND_ONLY,15.3992
746,-126,RXO,RXO INC,Industrials,,mid,20.05,0.8798,1.0055,1.0977,1.0646,FLAT,74.05,20.64,-4.43,-43.07,52.8,85.95,0.8099,LOW,-,19.4405,16.3968,15.4966,1,12.678,TREND_ONLY,15.3604
747,-211,ADNT,ADIENT PLC,Consumer Discretionary,,small,22.03,1.0105,0.9712,0.9541,0.7162,STRONG_UP,11.71,38.55,-25.25,-31.19,46.0,43.3,0.7871,LOW,-,21.5475,21.0024,22.0551,0,40.9575,WEAK,15.3393
748,-134,CCBG,CAPITAL CITY BANK INC,Financials,,small,45.95,0.8952,0.97,0.8769,0.943,FLAT,14.13,22.75,77.84,-12.94,53.2,18.87,0.5499,LOW,-,46.374,44.6455,42.3885,1,64.1359,TREND_ONLY,15.3344
749,100,IDXX,Idexx Laboratories,Health Care,Health Care Equipment,large,533.92,0.7648,0.907,0.8128,0.7136,STRONG_UP,-24.76,4.87,6.14,-30.61,50.8,32.27,1.2447,MED,EARLY,566.298,577.1816,642.0264,0,7.665,WEAK,15.3045
750,60,SNCY,SUN COUNTRY AIRLINES HOLDINGS INC,Industrials,,small,16.17,0.9235,0.9608,0.8001,0.6715,STRONG_UP,31.36,26.62,38.8,-30.08,47.6,47.73,1.7668,HIGH,-,16.61,16.7022,14.7947,1,26.5524,TREND_ONLY,15.2999
751,180,TYL,Tyler Technologies,Information Technology,Application Software,large,309.65,0.3977,0.9502,0.8542,0.7914,STRONG_UP,-33.33,-45.46,-35.64,-53.08,46.0,48.63,5.003,HIGH,EARLY,334.7795,340.197,442.7151,0,-43.0061,WEAK,15.2998
752,72,IDCC,INTERDIGITAL INC,Information Technology,,mid,269.82,0.893,0.955,0.6809,0.6443,STRONG_UP,-25.75,22.44,159.03,-31.71,51.2,55.56,1.1712,MED,EARLY,327.653,333.6758,329.9343,0,20.6795,WEAK,15.2507
753,25,BATRK,ATLANTA BRAVES HOLDINGS INC SERIES,Communication,,mid,49.52,0.8728,0.9537,0.9732,1.0439,STRONG_DOWN,27.24,19.67,31.01,-18.72,52.4,22.83,1.2207,MED,-,49.0735,45.5702,42.1704,1,45.1502,TREND_ONLY,15.2487
754,120,UE,URBAN EDGE PROPERTIES,Real Estate,,mid,21.69,0.8769,0.9679,0.908,0.9183,FLAT,17.26,20.23,35.09,-11.99,50.0,17.21,0.4862,LOW,-,21.752,20.9826,19.8178,1,58.7773,TREND_ONLY,15.24
755,-79,LYV,Live Nation Entertainment,Communication Services,Movies & Entertainment,large,165.67,0.8449,0.9714,0.8859,0.9506,FLAT,15.57,15.85,73.31,-27.84,49.6,37.24,0.5374,LOW,-,158.3915,157.826,152.4436,1,21.1148,TREND_ONLY,15.2265
756,-91,GEF,GREIF INC CLASS A,Materials,,mid,65.58,0.8795,0.9459,0.8515,0.7571,STRONG_UP,13.28,20.59,9.54,-18.03,48.4,22.3,0.8471,LOW,-,67.221,67.3112,65.2593,1,44.6994,TREND_ONLY,15.2237
757,-26,CTBI,COMMUNITY TRUST BANCORP INC,Financials,,small,64.85,0.9305,0.9629,0.8951,0.8918,STRONG_UP,22.96,27.58,60.79,-12.48,51.6,24.15,0.9541,LOW,-,65.566,62.6379,57.8487,1,58.9219,TREND_ONLY,15.216
758,40,HRI,HERC HOLDINGS INC,Industrials,,mid,139.21,0.7578,1.0071,1.1943,0.6707,FLAT,-0.0,3.9,-8.67,-49.5,48.0,69.06,0.7409,LOW,-,123.3415,113.9934,132.0668,1,2.7109,TREND_ONLY,15.199
759,346,ALKS,ALKERMES,Health Care,,mid,38.29,0.9055,1.0667,1.0051,0.951,STRONG_UP,17.27,24.16,54.96,-22.2,50.0,53.01,1.6911,HIGH,-,34.4395,32.0194,30.4716,1,22.7853,TREND_ONLY,15.1951
760,75,FICO,Fair Isaac,Information Technology,Application Software,large,1086.0,0.3708,1.0015,0.9586,0.6907,STRONG_UP,-38.17,-49.16,-18.5,-58.19,50.4,64.34,0.7105,LOW,PROGRESS,1049.154,1109.1894,1456.668,0,-38.5074,WEAK,15.1937
761,-278,SHLS,SHOALS TECHNOLOGIES GROUP INC CLAS,Industrials,,small,8.63,1.0438,1.0194,1.0628,0.7643,FLAT,-8.09,43.12,21.04,-47.37,52.4,96.96,0.8435,LOW,-,7.836,6.9746,7.9182,1,23.3021,TREND+LEAD,15.1478
762,-220,XERS,XERIS BIOPHARMA HOLDINGS INC,Health Care,,small,6.26,0.9318,0.967,0.9169,0.7855,STRONG_UP,-18.91,27.76,231.22,-46.57,49.6,46.6,0.9124,LOW,-,6.2005,5.918,7.0996,0,29.5419,WEAK,15.1465
763,43,SLNO,SOLENO THERAPEUTICS INC,Health Care,,mid,52.93,0.5186,0.9838,0.8944,1.1459,FLAT,14.29,-28.9,23.67,-66.04,47.6,81.2,0.5294,LOW,SHIFT,52.8045,44.6313,53.0384,0,-16.9389,WEAK,15.1062
764,-262,ZGN,ERMENEGILDO ZEGNA NV,Consumer Discretionary,,mid,12.39,1.0489,0.9422,0.9546,0.9938,STRONG_DOWN,24.15,43.82,1.97,-21.88,46.8,47.91,0.6349,LOW,-,12.169,11.1206,10.1054,1,42.801,TREND+LEAD,15.0907
765,-99,SMBC,SOUTHERN MISSOURI BANCORP INC,Financials,,small,67.92,0.9136,0.9659,0.9032,0.9236,FLAT,25.91,25.26,67.61,-17.68,51.2,22.27,0.7724,LOW,-,67.8755,65.2208,59.0136,1,58.0765,TREND_ONLY,15.0879
766,-52,SHEN,SHENANDOAH TELECOMMUNICATIONS,Communication,,small,15.59,0.9577,0.9458,0.9137,1.0686,FLAT,41.47,31.31,-7.28,-36.32,52.0,41.54,0.9431,LOW,-,16.1475,15.359,13.0795,1,39.1913,TREND_ONLY,15.0727
767,-26,DHI,D. R. Horton,Consumer Discretionary,Homebuilding,large,143.27,0.8365,0.9479,0.8797,0.7605,STRONG_UP,-0.01,14.7,-0.3,-27.56,48.0,34.03,,LOW,EARLY,151.1522,145.0112,153.3784,0,20.7349,WEAK,15.0388
768,-22,ORIC,ORIC PHARMACEUTICALS INC,Health Care,,small,8.83,1.2128,0.9343,0.7456,0.7506,FLAT,-29.13,66.29,-1.56,-48.13,46.8,116.32,0.4872,LOW,-,9.8565,10.7499,10.9291,0,26.671,WEAK,15.024
769,-40,NOW,ServiceNow,Information Technology,Systems Software,large,89.0,0.3131,0.9834,0.9014,0.7672,STRONG_UP,-48.63,-57.08,-39.05,-60.28,48.0,63.13,0.9976,LOW,EARLY,92.638,101.2324,146.3933,0,-43.3971,WEAK,15.0158
770,-59,MCRI,MONARCH CASINO AND RESORT INC,Consumer Discretionary,,small,115.66,1.038,0.9675,1.0386,1.0438,STRONG_DOWN,23.04,42.33,76.86,-17.47,51.6,38.07,0.8945,LOW,-,112.677,103.7428,98.6053,1,57.3698,TREND+LEAD,14.9879
771,114,ZTS,Zoetis,Health Care,Pharmaceuticals,large,76.94,0.3553,0.6807,0.5673,0.5207,STRONG_UP,-35.22,-51.29,-52.95,-54.28,48.0,52.39,2.9971,HIGH,EARLY,109.4816,114.6759,129.1768,0,-46.9924,WEAK,14.9472
772,19,OGS,ONE GAS INC,Utilities,,mid,84.78,0.8729,0.97,0.8476,0.8888,FLAT,5.76,19.68,42.79,-8.65,54.8,17.49,0.7107,LOW,-,87.4635,87.2374,80.3823,1,61.6631,TREND_ONLY,14.8989
773,46,TPH,TRI POINTE HOMES INC,Consumer Discretionary,,mid,46.97,1.0616,0.9844,0.8923,1.1034,FLAT,48.03,45.55,18.64,-17.47,50.4,53.66,0.3469,LOW,-,46.878,46.6964,37.489,1,42.7857,TREND+LEAD,14.8359
774,-93,DASH,DoorDash,Consumer Discretionary,Specialized Consumer Services,large,155.19,0.5722,0.9091,0.8437,0.7669,STRONG_UP,-23.96,-21.54,33.2,-47.97,49.6,51.81,0.9658,LOW,EARLY,173.2893,166.2497,214.4001,0,-20.6231,WEAK,14.8259
775,116,OXY,Occidental Petroleum,Energy,Oil & Gas Exploration & Production,large,56.27,0.9445,1.0045,0.9034,1.0377,FLAT,36.04,29.51,-7.0,-19.94,50.8,43.74,0.6017,LOW,-,56.917,58.2117,47.2533,1,34.271,TREND_ONLY,14.8106
776,24,EE,EXCELERATE ENERGY INC CLASS A,Energy,,mid,36.55,0.9041,1.0473,0.9774,0.7709,STRONG_UP,31.78,23.96,96.99,-27.46,52.0,44.5,0.905,LOW,-,34.309,34.4148,30.0399,1,27.9971,TREND_ONLY,14.8079
777,-142,SMP,STANDARD MOTOR PRODUCTS INC,Consumer Discretionary,,small,38.35,0.9503,0.9706,0.9001,0.7421,STRONG_UP,2.42,30.3,27.19,-22.56,50.4,32.8,0.5357,LOW,-,38.0965,37.0734,38.2073,1,46.551,TREND_ONLY,14.8026
778,10,BOOT,BOOT BARN HOLDINGS INC,Consumer Discretionary,,mid,144.8,0.7817,0.8289,0.8087,0.6621,STRONG_UP,-22.6,7.18,35.5,-35.01,48.0,47.78,2.1655,HIGH,EARLY,164.271,161.6852,178.2394,0,7.2129,WEAK,14.7997
779,-10,UMBF,UMB FINANCIAL CORP,Financials,,mid,128.98,0.8839,0.9475,0.9507,0.8494,FLAT,17.9,21.2,58.73,-18.57,48.4,26.79,1.0658,MED,-,126.255,118.8505,117.3393,1,38.2934,TREND_ONLY,14.7985
780,-120,BAC,Bank of America,Financials,Diversified Banks,large,50.78,0.8552,0.9322,0.8463,0.8223,STRONG_UP,-3.91,17.26,39.24,-17.93,55.6,25.12,0.6718,LOW,-,52.799,50.5289,51.1997,0,38.2,WEAK,14.7933
781,-182,TPB,TURNING POINT BRANDS INC,Consumer Staples,,small,92.96,0.9706,1.1257,1.014,0.6306,STRONG_UP,-8.39,33.08,175.07,-50.58,55.6,79.47,0.6472,LOW,-,81.661,84.4529,98.9621,0,23.1417,WEAK,14.7894
782,132,LIN,Linde plc,Materials,Industrial Gases,large,503.87,0.8264,0.9879,0.8966,0.9376,FLAT,20.62,13.31,18.93,-19.18,52.4,19.47,0.5593,LOW,-,501.058,496.2043,460.721,1,35.8287,TREND_ONLY,14.7735
783,-200,ANIP,ANI PHARMACEUTICALS INC,Health Care,,small,79.5,0.9352,0.9306,0.9029,0.904,FLAT,-10.6,28.23,18.06,-28.66,49.6,33.23,1.4789,MED,-,80.244,77.3424,83.2177,0,42.1306,WEAK,14.767
784,12,TRNO,TERRENO REALTY REIT CORP,Real Estate,,mid,65.91,0.8457,0.9813,0.8926,0.8808,STRONG_UP,9.61,15.95,28.1,-10.85,56.4,17.1,0.9555,LOW,-,65.835,63.8247,60.1066,1,52.6226,TREND_ONLY,14.7666
785,-52,VSEC,VSE CORP,Industrials,,mid,182.13,1.0046,0.8639,0.7287,0.7665,FLAT,2.57,37.74,142.32,-29.65,48.4,75.33,0.7488,LOW,-,190.515,194.1623,182.0319,1,24.2475,TREND+LEAD,14.7415
786,58,PEB,PEBBLEBROOK HOTEL TRUST REIT,Real Estate,,small,14.27,1.0014,0.9624,0.8992,0.9629,FLAT,24.08,37.3,-2.93,-16.39,47.2,33.7,0.5614,LOW,-,14.1335,13.263,11.752,1,52.2441,TREND+LEAD,14.7132
787,91,UNP,Union Pacific Corporation,Industrials,Rail Transportation,large,265.6,0.8687,0.9743,0.937,0.8809,STRONG_UP,19.95,19.11,13.15,-12.28,54.8,23.85,0.8355,LOW,-,261.72,252.515,234.6938,1,43.9045,TREND_ONLY,14.6856
788,-71,SONO,SONOS INC,Consumer Discretionary,,small,14.71,0.9545,0.9806,0.9575,0.773,STRONG_UP,-11.7,30.87,-14.58,-33.72,50.8,39.53,0.9545,LOW,-,14.6395,14.0266,15.3839,0,39.6735,WEAK,14.6792
789,-51,INDB,INDEPENDENT BANK CORP,Financials,,mid,76.92,0.8902,0.9626,0.8545,0.7992,STRONG_UP,12.23,22.06,59.33,-14.3,46.4,21.74,0.8753,LOW,-,78.0035,76.8969,72.7963,1,47.0873,TREND_ONLY,14.6337
790,30,BX,Blackstone Inc.,Financials,Asset Management & Custody Banks,large,122.76,0.6244,0.9687,0.872,0.8049,STRONG_UP,-13.14,-14.39,6.96,-44.76,44.8,41.9,,LOW,-,123.9012,116.2272,143.0459,0,-15.3843,WEAK,14.5958
791,-128,HUBG,HUB GROUP INC CLASS A,Industrials,,mid,36.62,0.7622,0.8335,0.8171,0.7493,STRONG_UP,4.09,4.51,-14.0,-35.62,52.4,45.99,2.7751,HIGH,EARLY,42.442,39.247,39.0861,0,5.1373,WEAK,14.581
792,0,RL,Ralph Lauren Corporation,Consumer Discretionary,"Apparel, Accessories & Luxury Goods",large,337.14,0.9221,0.8914,0.8036,0.8154,FLAT,1.26,26.43,109.3,-14.94,50.0,39.61,1.5272,HIGH,EARLY,365.8075,355.3415,338.6371,0,33.3576,WEAK,14.5785
793,1,PKG,Packaging Corporation of America,Materials,Paper & Plastic Packaging Products & Materials,large,219.95,0.8706,0.9542,0.9316,0.7844,STRONG_UP,10.9,19.37,27.33,-17.21,51.6,29.88,0.4322,LOW,-,216.246,214.4497,209.9616,1,33.4487,TREND_ONLY,14.5505
794,81,DNLI,DENALI THERAPEUTICS INC,Health Care,,mid,19.46,0.9953,0.9382,0.8582,0.8569,STRONG_UP,24.74,36.47,0.83,-20.49,47.6,60.17,1.0206,MED,-,19.764,19.9697,17.6318,1,28.8477,TREND_ONLY,14.5384
795,44,CSTL,CASTLE BIOSCIENCES INC,Health Care,,small,18.63,0.7978,0.7407,0.6797,0.4995,STRONG_UP,-46.37,9.4,,-56.71,52.8,63.0,1.3801,MED,-,23.602,24.6657,28.5977,0,7.8741,WEAK,14.4824
796,217,AVNS,AVANOS MEDICAL INC,Health Care,,small,24.73,1.4191,0.9844,0.8927,1.4182,FLAT,116.17,94.57,24.4,-24.56,50.4,142.55,1.1582,MED,-,24.6835,18.3128,13.5968,1,33.4366,TREND+LEAD,14.4816
797,156,TT,Trane Technologies,Industrials,Building Products,large,467.66,0.8141,0.9426,0.8836,0.8602,STRONG_UP,8.14,11.62,45.59,-20.16,51.6,31.2,1.0644,MED,-,478.0875,450.3501,425.8324,1,19.215,TREND_ONLY,14.4695
798,-32,L,Loews Corporation,Financials,Multi-line Insurance,large,104.39,0.8616,0.9756,0.8416,0.8221,STRONG_UP,1.45,18.13,35.74,-7.89,54.8,19.3,0.6798,LOW,-,109.017,108.5024,103.439,1,51.4859,TREND_ONLY,14.4663
799,-18,WGS,GENEDX HOLDINGS CORP CLASS A,Health Care,,small,39.49,0.4727,1.1195,0.5251,0.3745,STRONG_UP,-72.31,-35.19,68.91,-79.4,49.2,125.21,1.2844,MED,-,58.109,66.106,107.7483,0,-13.8267,WEAK,14.4659
800,80,INTU,Intuit,Information Technology,Application Software,large,387.74,0.4341,0.9819,0.9399,0.8437,STRONG_UP,-40.35,-40.48,-37.27,-56.24,48.0,50.18,0.6552,LOW,EARLY,395.9295,415.1648,573.129,0,-38.7261,WEAK,14.462
801,-64,EMR,Emerson Electric,Industrials,Electrical Components & Equipment,large,137.28,0.8378,0.9128,0.8443,0.7725,STRONG_UP,6.47,14.88,23.75,-23.45,54.4,39.97,0.8691,LOW,-,141.028,137.6,136.923,1,20.2482,TREND_ONLY,14.4298
802,52,CMPX,COMPASS THERAPEUTICS,Health Care,,small,1.87,0.6819,0.984,0.3056,0.2518,STRONG_UP,-56.31,-6.5,19.87,-75.04,52.0,143.2,0.7622,LOW,-,3.3363,4.5559,4.5614,0,-2.3603,WEAK,14.4269
803,-26,CDNS,Cadence Design Systems,Information Technology,Application Software,large,358.04,0.8195,0.9927,1.0888,1.036,FLAT,8.85,12.36,25.87,-28.85,52.8,45.04,0.7676,LOW,-,335.3735,306.2892,322.8917,1,14.4872,TREND_ONLY,14.4134
804,-57,BBAI,BIGBEAR.AI HOLDINGS INC,Information Technology,,small,4.19,0.8584,0.9434,1.0584,0.8201,FLAT,-26.62,17.7,185.03,-65.88,46.8,72.77,0.9014,LOW,-,3.9885,3.7964,5.4414,0,11.3811,WEAK,14.3919
805,-54,HTB,HOMETRUST BANCSHARES INC,Financials,,small,45.9,0.9209,0.9829,0.9053,0.9064,FLAT,14.95,26.26,65.87,-9.67,52.0,21.98,0.655,LOW,-,45.5455,43.958,42.0545,1,62.1328,TREND_ONLY,14.3871
806,66,INVA,INNOVIVA INC,Health Care,,small,22.74,0.9083,0.9936,0.8358,0.8771,FLAT,8.96,24.53,40.46,-23.53,49.6,25.13,0.7974,LOW,-,23.2575,22.9164,20.7037,1,48.4246,TREND_ONLY,14.3866
807,51,PODD,Insulet Corporation,Health Care,Health Care Equipment,large,158.35,0.3673,1.03,0.6988,0.5473,STRONG_UP,-50.57,-49.64,-1.66,-57.12,48.0,48.88,1.1125,MED,EARLY,178.5975,203.5674,277.6433,0,-48.7501,WEAK,14.3794
808,-65,CBT,CABOT CORP,Materials,,mid,84.53,0.8272,1.0093,1.0079,0.971,STRONG_UP,40.18,13.42,-13.72,-28.82,48.8,27.65,0.6405,LOW,-,77.9325,74.4898,72.0376,1,23.6882,TREND_ONLY,14.3328
809,186,DUK,Duke Energy,Utilities,Electric Utilities,large,125.07,0.8353,0.9803,0.8568,0.8735,FLAT,3.5,14.53,30.73,-10.88,54.0,15.74,0.8162,LOW,-,126.893,129.2516,122.8032,1,49.8477,TREND_ONLY,14.3277
810,-166,BY,BYLINE BANCORP INC,Financials,,small,32.68,0.8902,0.968,0.8748,0.8701,STRONG_UP,19.98,22.06,44.43,-12.64,50.0,20.45,0.504,LOW,-,32.8662,31.9458,29.53,1,53.9273,TREND_ONLY,14.3115
811,-63,FFBC,FIRST FINANCIAL BANCORP,Financials,,mid,29.92,0.9003,0.9599,0.9067,0.8596,STRONG_UP,26.17,23.44,36.36,-14.19,46.4,23.95,0.8655,LOW,-,30.0265,28.6622,26.3291,1,45.4142,TREND_ONLY,14.3078
812,-58,MTB,M&T Bank,Financials,Regional Banks,large,208.75,0.841,0.9447,0.8417,0.7765,STRONG_UP,12.55,15.31,44.1,-16.98,51.2,24.0,,LOW,-,215.9265,211.0856,201.197,1,32.6592,TREND_ONLY,14.3074
813,73,UPST,UPSTART HOLDINGS INC,Financials,,mid,27.84,0.3782,0.9545,0.8382,0.7293,STRONG_UP,-28.19,-48.14,1.49,-71.21,51.6,73.09,0.6542,LOW,EARLY,31.867,28.8928,45.4336,0,-33.9838,WEAK,14.3007
814,-15,HTH,HILLTOP HOLDINGS INC,Financials,,mid,37.16,0.8973,0.9642,0.8892,0.8325,STRONG_UP,11.46,23.03,23.61,-13.52,46.0,22.89,0.7742,LOW,-,37.4148,36.5021,34.584,1,46.272,TREND_ONLY,14.2763
815,124,POR,PORTLAND GENERAL ELECTRIC,Utilities,,mid,48.4,0.8909,0.9755,0.8166,0.8202,FLAT,1.12,22.16,18.46,-10.81,52.8,21.27,0.9482,LOW,-,50.43,51.702,47.2397,1,55.01,TREND_ONLY,14.2755
816,-9,MIR,MIRION TECHNOLOGIES INC CLASS A,Information Technology,,mid,18.96,0.7933,0.915,0.8531,0.781,STRONG_UP,-30.14,8.78,79.89,-41.78,51.6,51.79,0.7243,LOW,EARLY,19.4665,19.5186,22.6965,0,8.7458,WEAK,14.2508
817,-89,AIZ,Assurant,Financials,Multi-line Insurance,large,243.43,0.8907,1.0123,0.9738,0.9811,FLAT,8.52,22.13,42.34,-12.57,58.0,28.12,0.7979,LOW,-,232.672,224.6702,221.0253,1,45.6442,TREND_ONLY,14.2428
818,-35,ARES,Ares Management,Financials,Asset Management & Custody Banks,large,123.66,0.5404,0.9824,0.9764,0.7911,STRONG_UP,-17.73,-25.91,-6.39,-49.3,50.8,49.37,0.5866,LOW,SHIFT,118.9935,111.1978,146.1216,0,-26.6594,WEAK,14.2132
819,-61,PRDO,PERDOCEO EDUCATION CORP,Consumer Discretionary,,mid,35.12,0.8333,1.0131,0.8914,1.0039,FLAT,15.57,14.26,52.98,-27.22,52.0,33.21,1.0621,MED,-,34.674,35.2996,32.6679,1,22.3213,TREND_ONLY,14.2073
820,-107,ACAD,ACADIA PHARMACEUTICALS INC,Health Care,,mid,21.72,0.921,0.995,0.877,0.8381,STRONG_UP,-2.16,26.28,43.08,-27.58,47.2,41.82,0.5782,LOW,EARLY,22.0725,21.8746,23.7271,0,29.6598,WEAK,14.2048
821,-60,HCSG,HEALTHCARE SERVICES GROUP INC,Industrials,,small,22.12,1.1111,0.9862,1.0335,0.8608,FLAT,25.75,52.34,96.45,-19.88,51.6,59.63,0.5091,LOW,-,21.2375,20.1976,18.2645,1,45.2931,TREND+LEAD,14.184
822,82,KIM,Kimco Realty,Real Estate,Retail REITs,large,23.55,0.8389,0.9736,0.8872,0.939,FLAT,18.65,15.03,34.77,-12.7,50.4,16.69,0.6973,LOW,-,23.669,23.1876,21.4411,1,45.3858,TREND_ONLY,14.1492
823,-104,MITK,MITEK SYSTEMS INC,Information Technology,,small,14.67,1.1041,0.9478,0.8995,1.1398,FLAT,57.57,51.39,3.46,-18.01,48.0,62.78,1.2032,MED,-,14.704,14.3814,11.161,1,39.2939,TREND+LEAD,14.1464
824,-167,MTCH,Match Group,Communication Services,Interactive Media & Services,mid,35.36,0.9167,0.9156,0.936,0.9825,STRONG_DOWN,7.45,25.69,18.32,-24.61,51.6,34.57,0.5838,LOW,-,36.5247,33.2207,33.2492,1,38.3503,TREND_ONLY,14.1046
825,-86,RES,RPC INC,Energy,,small,7.06,1.0665,0.9469,0.9481,1.0728,STRONG_DOWN,30.51,46.23,10.58,-20.83,50.0,47.09,0.6753,LOW,-,7.3715,6.9454,5.5997,1,49.0894,TREND+LEAD,14.1019
826,-99,GEN,Gen Digital,Information Technology,Systems Software,large,22.04,0.5626,1.1087,1.0363,0.7788,STRONG_UP,-15.51,-22.86,-4.71,-43.59,44.8,43.54,1.2288,MED,SHIFT,20.001,20.0952,25.2163,0,-23.5206,WEAK,14.0884
827,-93,MCB,METROPOLITAN BANK HOLDING CORP,Financials,,small,87.88,0.9506,0.9532,0.8733,0.8156,STRONG_UP,29.53,30.34,107.41,-18.71,48.0,31.3,0.2869,LOW,-,89.0348,85.1306,79.6718,1,46.5277,TREND_ONLY,14.084
828,-44,BUSE,FIRST BUSEY CORP,Financials,,mid,26.15,0.8825,0.9626,0.8761,0.8657,STRONG_UP,16.4,21.0,20.51,-11.82,48.0,21.15,0.9239,LOW,-,26.34,25.5994,24.0534,1,47.654,TREND_ONLY,14.0767
829,64,AGIO,AGIOS PHARMACEUTICALS INC,Health Care,,mid,28.42,0.7212,1.0365,0.7588,0.8893,FLAT,-31.32,-1.11,-15.27,-50.89,53.2,67.9,0.7165,LOW,PROGRESS,28.1285,29.4116,32.7824,0,-0.8724,WEAK,14.0581
830,-200,ARR,ARMOUR RESIDENTIAL REIT INC,Financials,,mid,17.56,0.8944,0.9913,0.8901,0.8982,FLAT,13.79,22.63,26.42,-16.79,55.2,27.99,0.8258,LOW,-,17.499,17.0335,15.7955,1,44.6376,TREND_ONLY,14.0464
831,-214,FTNT,Fortinet,Information Technology,Systems Software,large,113.87,0.7906,1.2456,1.2865,1.1243,FLAT,38.39,8.4,90.96,-30.9,54.0,54.46,0.7789,LOW,-,90.7245,85.4072,83.0438,1,8.3251,TREND_ONLY,14.0387
832,87,CAC,CAMDEN NATIONAL CORP,Financials,,small,48.05,0.8815,0.9627,0.8426,0.8459,FLAT,25.91,20.86,61.35,-16.82,51.2,27.39,1.5938,HIGH,-,49.2915,47.8626,42.7645,1,38.998,TREND_ONLY,14.035
833,133,ES,Eversource Energy,Utilities,Electric Utilities,large,68.73,0.8337,0.987,0.8855,0.8576,STRONG_UP,-3.14,14.32,22.98,-15.13,57.2,23.76,0.8713,LOW,-,68.558,69.8392,68.047,1,34.4664,TREND_ONLY,14.0171
834,-92,RCL,Royal Caribbean Group,Consumer Discretionary,"Hotels, Resorts & Cruise Lines",large,258.12,0.7709,0.8847,0.8152,0.6742,STRONG_UP,-1.74,5.7,87.49,-32.36,48.8,50.31,0.856,LOW,EARLY,268.285,273.491,294.8501,0,5.5336,WEAK,14.0054
835,205,CB,Chubb Limited,Financials,Property & Casualty Insurance,large,322.04,0.8284,0.9844,0.879,0.8511,STRONG_UP,12.05,13.58,29.0,-11.02,51.6,16.33,0.7344,LOW,-,325.8475,326.7417,301.1981,1,42.9099,TREND_ONLY,14.0043
836,-131,GATX,GATX CORP,Industrials,,mid,183.83,0.9117,0.9065,0.8336,0.8469,FLAT,18.16,25.01,40.16,-16.74,54.0,30.39,0.9116,LOW,-,194.7415,183.1988,172.219,1,44.4327,TREND_ONLY,13.9937
837,50,EOG,EOG Resources,Energy,Oil & Gas Exploration & Production,large,134.13,0.8685,0.9799,0.8996,0.9914,FLAT,28.05,19.08,10.65,-18.51,52.4,30.57,0.5899,LOW,-,134.4295,135.7735,116.6767,1,32.7101,TREND_ONLY,13.9917
838,-116,FLYW,FLYWIRE CORP,Financials,,small,16.66,1.0946,0.9362,1.2112,1.2979,STRONG_DOWN,22.59,50.09,-3.2,-28.16,50.8,62.12,0.9283,LOW,-,14.5585,13.1718,13.1002,1,40.9623,TREND+LEAD,13.9795
839,-72,HUBB,Hubbell Incorporated,Industrials,Industrial Machinery & Supplies & Components,large,485.98,0.928,0.9519,0.7919,0.8188,FLAT,5.76,27.25,23.95,-13.8,53.2,34.64,0.928,LOW,-,524.536,505.7424,463.8899,1,41.844,TREND_ONLY,13.9768
840,17,KNTK,KINETIK HOLDINGS INC CLASS A,Energy,,mid,48.9,0.8547,0.9979,0.9405,1.03,FLAT,49.42,17.18,41.33,-30.3,52.4,37.29,0.6558,LOW,-,48.0389,46.5783,39.8175,1,24.1465,TREND_ONLY,13.9608
841,28,TXT,Textron,Industrials,Aerospace & Defense,large,90.82,0.8664,0.96,0.8716,0.8097,STRONG_UP,10.72,18.8,3.55,-14.69,53.2,28.47,0.6269,LOW,-,91.0135,91.1009,86.9309,1,35.1315,TREND_ONLY,13.9586
842,-67,TRMK,TRUSTMARK CORP,Financials,,mid,43.8,0.9032,0.9594,0.8685,0.8776,FLAT,15.66,23.85,52.82,-10.67,47.6,21.15,0.7811,LOW,-,44.656,43.323,40.4912,1,53.6694,TREND_ONLY,13.9556
843,90,HLX,HELIX ENERGY SOLUTIONS GROUP INC,Energy,,small,9.91,1.0739,0.99,0.9374,0.9709,FLAT,47.03,47.25,-12.76,-20.83,48.8,53.26,0.4671,LOW,-,9.813,9.6144,7.5692,1,43.2943,TREND+LEAD,13.9517
844,-51,F,Ford Motor Company,Consumer Discretionary,Automobile Manufacturers,large,11.99,0.8549,0.9694,0.8387,0.7588,STRONG_UP,-7.9,17.21,8.68,-22.31,48.8,33.5,0.704,LOW,EARLY,12.3075,12.0764,12.4129,0,25.0756,WEAK,13.9464
845,-135,GFF,GRIFFON CORP,Industrials,,mid,83.32,0.8352,0.8856,0.8956,0.771,FLAT,16.31,14.52,22.64,-27.85,50.8,36.69,1.1774,MED,-,89.5645,80.375,78.2399,1,20.1013,TREND_ONLY,13.9413
846,-72,VRSN,Verisign,Information Technology,Internet Services & Infrastructure,large,285.8,0.7648,1.0198,0.947,1.1532,FLAT,16.19,4.86,69.13,-30.21,54.4,29.09,0.7623,LOW,-,275.068,259.6316,255.0645,1,9.0917,TREND_ONLY,13.9192
847,0,VRDN,VIRIDIAN THERAPEUTICS ORS INC,Health Care,,small,16.86,0.9599,0.9464,0.9869,0.4862,FLAT,-39.02,31.62,17.57,-60.63,48.8,115.38,0.8736,LOW,-,15.0455,20.396,24.3207,0,13.372,WEAK,13.8734
848,34,PNW,Pinnacle West Capital,Utilities,Multi-Utilities,large,99.83,0.8497,0.9806,0.872,0.9095,FLAT,15.96,16.51,40.46,-8.43,51.6,16.35,0.9016,LOW,-,101.2904,100.7539,91.8026,1,52.1004,TREND_ONLY,13.8367
849,-150,MCK,McKesson Corporation,Health Care,Health Care Distributors,large,734.69,0.7821,0.9721,0.7571,0.6689,STRONG_UP,-14.36,7.24,33.61,-27.17,53.6,26.48,0.8654,LOW,EARLY,810.514,864.2302,813.4892,0,14.6603,WEAK,13.8285
850,-98,UAL,United Airlines Holdings,Industrials,Passenger Airlines,large,95.84,0.8462,0.9427,0.8767,0.7293,STRONG_UP,-0.31,16.03,76.18,-27.5,49.2,56.54,0.4264,LOW,SHIFT,94.6035,93.626,100.9487,0,13.9482,WEAK,13.8112
851,-145,BGC,BGC GROUP INC CLASS A,Financials,,mid,11.02,0.868,0.9957,0.8461,1.0993,FLAT,19.41,19.01,30.04,-23.25,49.2,35.54,1.1909,MED,-,11.3325,10.4546,9.5733,1,26.3165,TREND_ONLY,13.8063
852,-102,BALL,Ball Corporation,Materials,"Metal, Glass & Plastic Containers",large,57.57,0.807,0.9601,0.806,0.7435,STRONG_UP,24.92,10.66,-14.56,-21.96,50.4,26.84,0.6442,LOW,-,60.9785,61.0558,54.967,1,20.0098,TREND_ONLY,13.7993
853,83,XENE,XENON PHARMACEUTICALS INC,Health Care,,mid,55.0,1.3552,0.9237,0.8239,1.1153,FLAT,43.19,85.81,35.87,-14.95,48.8,104.79,0.5593,LOW,-,56.5715,55.6086,44.1502,1,39.9615,TREND+LEAD,13.7777
854,10,WAFD,WAFD INC,Financials,,mid,35.17,0.8925,0.971,0.956,0.9323,STRONG_UP,17.74,22.37,32.08,-12.9,51.2,26.01,0.8727,LOW,-,35.065,32.9508,31.4225,1,44.035,TREND_ONLY,13.7506
855,104,LULU,Lululemon Athletica,Consumer Discretionary,"Apparel, Accessories & Luxury Goods",large,125.13,0.2938,0.9325,0.6927,0.6169,STRONG_UP,-26.55,-59.71,-63.96,-62.67,48.0,45.63,1.0447,MED,EARLY,144.08,154.3458,177.4785,0,-62.8163,WEAK,13.7459
856,-167,PRSU,PURSUIT ATTRACTIONS AND HOSPITALIT,Consumer Discretionary,,small,41.67,0.9851,0.9786,0.9023,0.9755,FLAT,22.88,35.07,17.48,-13.94,52.4,34.02,0.9636,LOW,-,41.354,38.9974,36.0497,1,54.0218,TREND_ONLY,13.731
857,-53,GWW,W. W. Grainger,Industrials,Industrial Machinery & Supplies & Components,large,1238.29,0.8543,1.0436,0.9548,0.8947,STRONG_UP,30.86,17.13,32.64,-16.26,50.0,27.85,0.8512,LOW,-,1167.5375,1126.2475,1035.0864,1,30.7575,TREND_ONLY,13.7016
858,-166,JXN,JACKSON FINANCIAL INC CLASS A,Financials,,mid,109.08,0.9229,0.9341,0.9231,0.8338,STRONG_UP,19.15,26.53,55.19,-16.31,55.6,38.55,0.5889,LOW,-,111.918,108.0464,102.6493,1,38.2707,TREND_ONLY,13.6884
859,39,SXT,SENSIENT TECHNOLOGIES CORP,Materials,,mid,115.95,0.9274,0.9611,1.1083,0.9859,FLAT,25.82,27.15,59.12,-30.7,48.8,60.22,0.6336,LOW,-,110.4995,98.0884,98.4468,1,22.0035,TREND_ONLY,13.6866
860,-38,DOV,Dover Corporation,Industrials,Industrial Machinery & Supplies & Components,large,216.71,0.8609,0.9386,0.8819,0.8081,STRONG_UP,19.62,18.04,20.18,-15.34,48.8,27.04,0.5132,LOW,-,221.686,215.6326,195.1291,1,32.556,TREND_ONLY,13.6866
861,65,MCHB,MECHANICS BANCORP CLASS A,Financials,,mid,14.49,0.9286,0.9614,0.8612,0.8396,STRONG_UP,12.43,27.32,47.46,-9.35,50.8,28.39,0.8876,LOW,-,15.068,14.7823,13.8364,1,48.8794,TREND_ONLY,13.6783
862,26,OCUL,OCULAR THERAPEUTIX INC,Health Care,,small,9.16,0.9544,0.9282,0.9297,0.8671,FLAT,-15.42,30.86,62.41,-57.29,46.8,91.85,0.7018,LOW,-,9.449,9.079,10.9715,0,15.7225,WEAK,13.6745
863,-42,NNE,NANO NUCLEAR ENERGY INC,Industrials,,small,27.09,0.7232,0.917,1.0241,0.8979,FLAT,-28.52,-0.84,555.93,-66.45,46.4,94.8,1.0883,MED,-,25.2323,23.4325,32.2223,0,-0.4121,WEAK,13.6682
864,-213,ACHR,ARCHER AVIATION INC CLASS A,Industrials,,mid,6.39,0.4176,0.9809,1.002,0.7949,FLAT,-24.38,-42.74,70.4,-63.78,47.6,57.92,1.7672,HIGH,SHIFT,6.0245,5.8958,8.2042,0,-35.1263,WEAK,13.6551
865,14,CDNA,CAREDX INC,Health Care,,small,21.4,0.9676,1.0051,1.0792,0.9409,FLAT,28.14,32.67,42.86,-43.92,52.4,72.35,0.6304,LOW,-,21.052,18.9244,17.0705,1,23.663,TREND_ONLY,13.6542
866,-29,PATK,PATRICK INDUSTRIES INC,Consumer Discretionary,,mid,94.35,0.7785,0.9681,0.7531,0.5632,STRONG_UP,-9.08,6.74,29.51,-41.39,43.6,45.72,0.9387,LOW,EARLY,96.591,106.9572,110.3832,0,6.4266,WEAK,13.6487
867,159,CCI,Crown Castle,Real Estate,Telecom Tower REITs,large,91.5,0.7107,0.9977,0.943,0.9333,STRONG_UP,2.08,-2.55,,-30.0,52.4,30.83,1.186,MED,-,88.0205,86.0796,89.6073,1,-4.3326,TREND_ONLY,13.6473
868,21,HLT,Hilton Worldwide,Consumer Discretionary,"Hotels, Resorts & Cruise Lines",large,313.57,0.8953,0.9597,0.8413,0.8366,STRONG_UP,14.34,22.75,52.88,-10.29,49.2,26.48,0.4814,LOW,-,325.5915,312.7782,288.1667,1,42.2736,TREND_ONLY,13.6384
869,-9,ALGN,Align Technology,Health Care,Health Care Supplies,large,165.79,0.635,0.9379,0.7981,0.7278,STRONG_UP,19.94,-12.93,-39.21,-39.73,51.6,41.64,0.4987,LOW,-,180.1105,176.5652,157.552,1,-16.0284,TREND_ONLY,13.6355
870,-27,ZETA,ZETA GLOBAL HOLDINGS CORP CLASS A,Information Technology,,mid,16.25,0.7949,0.928,0.8919,0.8801,STRONG_UP,-18.3,8.99,2.98,-40.37,52.8,64.84,0.8623,LOW,EARLY,17.646,17.168,18.4679,0,7.3184,WEAK,13.6248
871,-39,CWK,CUSHMAN AND WAKEFIELD LTD,Real Estate,,mid,13.35,0.9015,0.9084,0.8448,0.8286,STRONG_UP,-15.02,23.61,26.3,-31.4,50.0,57.4,0.4169,LOW,-,14.2025,13.2306,14.928,0,20.5672,WEAK,13.6151
872,-80,SAH,SONIC AUTOMOTIVE INC CLASS A,Consumer Discretionary,,mid,78.58,0.8469,0.9787,1.024,1.1268,STRONG_DOWN,28.12,16.12,41.07,-33.64,55.2,40.31,0.6399,LOW,-,74.323,67.9181,68.0788,1,22.0713,TREND_ONLY,13.6105
873,3,BDX,Becton Dickinson,Health Care,Health Care Equipment,large,147.51,0.7988,1.0027,0.8422,0.7126,STRONG_UP,4.52,9.53,-17.54,-22.29,46.0,27.72,1.1707,MED,EARLY,150.942,155.8331,153.1622,0,15.8073,WEAK,13.5756
874,-158,VAC,MARRIOTT VACATIONS WORLDWIDE CORP,Consumer Discretionary,,mid,72.42,0.7658,0.9106,0.9512,1.1441,STRONG_DOWN,47.93,5.0,-21.26,-45.84,49.6,61.23,0.7657,LOW,-,73.341,70.1892,64.3815,1,4.0537,TREND_ONLY,13.5709
875,19,FLR,FLUOR CORP,Industrials,,mid,44.73,0.8414,0.8121,0.8072,0.8193,FLAT,-1.89,15.37,15.4,-30.19,48.8,55.12,1.5459,HIGH,EARLY,49.3385,47.687,45.4078,0,13.6101,WEAK,13.5614
876,-17,CARR,Carrier Global,Industrials,Building Products,large,65.56,0.6499,0.9501,0.9047,0.8504,STRONG_UP,15.26,-10.88,4.68,-37.38,48.8,45.27,0.569,LOW,-,63.3569,60.1765,59.2937,1,-11.7326,TREND_ONLY,13.5449
877,65,ADMA,ADMA BIOLOGICS INC,Health Care,,mid,8.41,0.3085,0.821,0.7128,0.4479,STRONG_UP,-42.83,-57.7,-4.32,-63.97,48.0,80.12,1.1564,MED,EARLY,10.206,11.5842,15.5448,0,-34.5659,WEAK,13.527
878,-42,ODFL,Old Dominion,Industrials,Cargo Ground Transportation,large,191.12,0.8192,0.9374,0.8076,0.8534,FLAT,39.2,12.32,6.33,-26.16,52.0,42.81,0.8654,LOW,-,209.423,200.7208,166.6161,1,14.9695,TREND_ONLY,13.5245
879,-197,UVSP,UNIVEST FINANCIAL CORP,Financials,,small,38.1,0.9111,0.9672,0.9161,0.958,FLAT,26.34,24.92,78.6,-14.01,48.8,22.91,0.7809,LOW,-,37.6439,35.4978,32.328,1,53.0759,TREND_ONLY,13.5044
880,178,TRV,Travelers Companies (The),Financials,Property & Casualty Insurance,large,298.26,0.8341,0.9731,0.8852,0.868,STRONG_UP,6.42,14.37,42.38,-8.93,50.4,16.35,0.6218,LOW,-,301.7815,299.9261,283.8339,1,44.2956,TREND_ONLY,13.4933
881,289,CI,Cigna,Health Care,Health Care Services,large,298.49,0.7364,1.0416,0.9736,0.883,STRONG_UP,16.91,0.97,-11.2,-26.54,50.4,26.36,1.0979,MED,-,282.013,274.5489,279.6059,1,1.8467,TREND_ONLY,13.4932
882,-204,CCL,Carnival,Consumer Discretionary,"Hotels, Resorts & Cruise Lines",large,24.85,0.8007,0.8885,0.7701,0.6542,STRONG_UP,-7.16,9.78,71.46,-29.3,50.0,57.46,0.7491,LOW,EARLY,26.8465,26.3116,28.6415,0,8.5137,WEAK,13.4657
883,203,AFL,Aflac,Financials,Life & Health Insurance,large,116.16,0.8241,1.0079,0.9226,0.871,STRONG_UP,3.35,12.99,41.08,-9.11,51.6,15.33,0.9318,LOW,-,114.48,111.5848,109.212,1,43.7401,TREND_ONLY,13.464
884,101,ABUS,ARBUTUS BIOPHARMA CORP,Health Care,,small,4.31,0.9854,0.9595,0.8809,0.8983,FLAT,-6.1,35.11,,-25.86,49.2,42.5,0.4639,LOW,-,4.3735,4.4144,4.2952,1,40.6447,TREND_ONLY,13.44
885,-72,UBSI,UNITED BANKSHARES INC,Financials,,mid,42.52,0.8662,0.957,0.8667,0.8409,STRONG_UP,18.35,18.76,35.03,-13.73,47.6,21.64,0.9318,LOW,-,43.555,41.9892,38.9271,1,41.2749,TREND_ONLY,13.4325
886,-52,SPB,SPECTRUM BRANDS HOLDINGS INC,Consumer Staples,,small,80.64,0.9042,0.9332,0.8934,0.9311,FLAT,52.92,23.98,-11.18,-23.7,51.2,34.71,1.0401,MED,-,82.2895,78.2022,63.5865,1,35.3683,TREND_ONLY,13.4216
887,119,OKE,Oneok,Energy,Oil & Gas Storage & Transportation,large,88.43,0.7866,1.0165,0.9378,0.9139,STRONG_UP,33.6,7.85,21.14,-23.63,53.2,28.9,0.7226,LOW,-,86.5919,86.6615,75.7126,1,14.4529,TREND_ONLY,13.4154
888,-27,HROW,HARROW INC,Health Care,,small,29.03,0.806,0.7093,0.681,0.5173,STRONG_UP,-14.97,10.51,140.51,-47.03,50.0,84.64,6.8167,HIGH,-,39.368,37.1484,41.3963,0,6.2065,WEAK,13.4083
889,-110,BKV,BKV CORP,Energy,,mid,28.32,0.9229,0.9335,0.9523,0.7795,FLAT,10.54,26.54,57.33,-19.71,52.8,38.3,0.4124,LOW,-,29.1645,29.011,26.0458,1,36.5899,TREND_ONLY,13.3786
890,206,CSR,CENTERSPACE,Real Estate,,small,68.89,0.8824,1.0087,0.9802,0.9395,STRONG_UP,20.23,20.98,8.45,-17.43,51.6,24.67,0.6372,LOW,-,66.639,62.6343,60.6104,1,43.8893,TREND_ONLY,13.3774
891,-20,FIHL,FIDELIS INSURANCE HOLDINGS LTD,Financials,,small,20.71,0.8866,0.976,0.9188,0.935,FLAT,10.7,21.57,19.98,-15.99,55.42,23.92,0.9179,LOW,-,20.817,19.7796,18.5253,1,49.9711,TREND_ONLY,13.3494
892,10,FCF,FIRST COMMONWEALTH FINANCIAL CORP,Financials,,small,18.29,0.8574,0.9754,0.8716,0.8713,STRONG_UP,17.85,17.56,40.66,-15.15,49.6,18.93,0.5225,LOW,-,18.4599,17.819,16.9865,1,46.0005,TREND_ONLY,13.3167
893,-378,ROAD,CONSTRUCTION PARTNERS INC CLASS A,Industrials,,mid,126.87,0.8952,0.9251,0.9817,0.8197,FLAT,11.14,22.75,131.01,-26.55,50.0,60.86,1.2356,MED,-,124.6275,119.2753,117.1181,1,18.6869,TREND_ONLY,13.2934
894,151,INTA,INTAPP INC,Information Technology,,mid,22.77,0.2934,0.9712,0.9496,0.8216,STRONG_UP,-43.34,-59.78,-37.84,-66.6,43.6,66.12,1.433,MED,EARLY,23.0875,24.1586,35.5169,0,-39.4177,WEAK,13.2934
895,-115,CRH,CRH plc,Materials,Construction Materials,large,111.39,0.8338,0.9538,0.8435,0.7582,STRONG_UP,-1.93,14.32,38.82,-23.82,46.0,35.55,0.6745,LOW,-,115.0885,110.1285,115.3944,0,18.5323,WEAK,13.2766
896,125,SEM,SELECT MEDICAL HOLDINGS CORP,Health Care,,mid,16.45,0.8102,0.9852,0.8929,0.8825,STRONG_UP,24.23,11.09,-6.45,-24.02,50.8,22.61,0.5041,LOW,-,16.4295,16.346,14.5462,1,24.9271,TREND_ONLY,13.2694
897,-42,SPXC,SPX TECHNOLOGIES INC,Industrials,,mid,198.99,0.924,0.9204,0.787,0.739,STRONG_UP,-11.53,26.7,43.16,-23.15,52.4,45.44,0.6605,LOW,EARLY,213.475,208.6094,205.0683,0,30.7859,WEAK,13.2597
898,-82,LOB,LIVE OAK BANCSHARES INC,Financials,,small,36.61,0.9244,0.9545,0.8889,0.7787,STRONG_UP,13.75,26.74,5.13,-23.99,47.6,34.63,0.5931,LOW,-,37.244,35.123,35.3468,1,36.7592,TREND_ONLY,13.2595
899,53,GDDY,GoDaddy,Information Technology,Internet Services & Infrastructure,large,87.03,0.3385,1.0051,0.9755,0.832,STRONG_UP,-33.79,-53.58,-34.84,-58.4,48.8,52.57,0.4243,LOW,SHIFT,86.6775,85.0354,116.5319,0,-49.739,WEAK,13.2173
900,28,PCAR,Paccar,Industrials,Construction Machinery & Heavy Transportation Equipment,large,113.03,0.8784,0.9546,0.8012,0.7569,STRONG_UP,16.34,20.43,12.93,-14.07,45.6,28.75,0.7103,LOW,-,120.3155,119.2452,109.0301,1,32.4091,TREND_ONLY,13.1828
901,77,CNP,CenterPoint Energy,Utilities,Multi-Utilities,large,42.13,0.8575,0.9793,0.8732,0.8948,FLAT,7.9,17.58,49.41,-6.67,52.8,17.95,0.6277,LOW,-,42.7395,43.0012,39.8246,1,51.6978,TREND_ONLY,13.1453
902,-129,IMAX,IMAX CORP,Communication,,mid,33.94,0.9466,0.9357,0.8193,0.8065,STRONG_UP,-4.82,29.79,93.5,-20.99,50.0,44.55,0.8434,LOW,EARLY,36.074,37.5676,34.4063,0,33.434,WEAK,13.1427
903,-63,WAT,Waters Corporation,Health Care,Life Sciences Tools & Services,large,352.21,0.7155,0.9915,0.9461,0.9277,STRONG_UP,-6.47,-1.9,0.84,-31.32,49.2,43.55,0.7908,LOW,-,325.418,312.508,336.6218,1,-2.1429,TREND_ONLY,13.1254
904,-53,FULT,FULTON FINANCIAL CORP,Financials,,mid,21.13,0.8707,0.9542,0.865,0.8338,STRONG_UP,21.75,19.38,31.69,-15.52,50.4,26.83,0.831,LOW,-,21.625,20.7719,19.3277,1,36.4086,TREND_ONLY,13.0673
905,278,VRTX,Vertex Pharmaceuticals,Health Care,Biotechnology,large,448.29,0.7568,1.0315,0.8971,0.8427,STRONG_UP,6.43,3.77,4.27,-23.56,48.8,32.41,1.0284,MED,-,432.4105,446.0954,434.948,1,5.6778,TREND_ONLY,13.0626
906,130,STBA,S AND T BANCORP INC,Financials,,small,44.03,0.8582,0.9727,0.8924,0.8768,STRONG_UP,15.93,17.67,47.11,-13.37,47.6,21.47,1.0863,MED,-,44.007,42.5604,39.8518,1,39.185,TREND_ONLY,13.0577
907,-61,COR,Cencora,Health Care,Health Care Distributors,large,260.93,0.687,1.0159,0.7252,0.6197,STRONG_UP,-28.2,-5.81,18.68,-32.44,53.6,41.57,1.1589,MED,EARLY,298.8025,319.6756,326.8804,0,-7.4862,WEAK,12.9915
908,27,KKR,KKR & Co.,Financials,Asset Management & Custody Banks,large,99.47,0.5743,0.9711,0.8806,0.8224,STRONG_UP,-16.91,-21.25,0.26,-44.62,48.4,42.69,0.8117,LOW,-,102.229,95.46,118.7719,0,-24.0914,WEAK,12.9859
909,13,BULL,WEBULL CORP CLASS A,Financials,,mid,7.02,0.366,0.9437,1.0724,0.9755,FLAT,-27.7,-49.82,-36.59,-73.9,45.6,56.7,0.6455,LOW,SHIFT,6.9895,5.9378,9.4046,0,-40.0679,WEAK,12.9718
910,-184,CVSA,COVISTA INC,Consumer Discretionary,,mid,128.48,0.7346,1.0964,1.0058,1.1706,FLAT,34.97,0.73,97.36,-42.14,56.0,44.17,0.5006,LOW,-,117.198,112.6638,116.4467,1,0.9244,TREND_ONLY,12.9508
911,-126,SBCF,SEACOAST BANKING OF FLORIDA,Financials,,mid,30.46,0.8805,0.9557,0.8367,0.7831,STRONG_UP,-0.35,20.73,33.34,-16.26,48.8,25.49,0.9979,LOW,EARLY,31.5475,30.9487,30.9845,0,39.6788,WEAK,12.9462
912,36,WDAY,"Workday, Inc.",Information Technology,Application Software,large,118.62,0.3204,0.9518,0.8949,0.7115,STRONG_UP,-47.97,-56.07,-51.99,-59.05,50.0,53.27,0.5182,LOW,EARLY,123.995,128.7242,191.8821,0,-52.628,WEAK,12.9331
913,125,DE,Deere & Company,Industrials,Agricultural & Farm Machinery,large,589.19,0.8732,0.9799,0.8789,0.8363,STRONG_UP,24.99,19.72,48.48,-16.83,49.6,38.65,0.606,LOW,-,580.276,582.11,516.2642,1,25.313,TREND_ONLY,12.9325
914,18,BRSP,BRIGHTSPIRE CAPITAL INC CLASS A,Financials,,small,5.73,0.8735,0.9476,0.8591,0.8742,FLAT,11.73,19.76,19.48,-12.12,48.4,24.64,1.5981,HIGH,-,5.931,5.7137,5.4129,1,38.8189,TREND_ONLY,12.9259
915,-200,NSSC,NAPCO SECURITY TECHNOLOGIES INC,Information Technology,,small,38.29,1.0279,0.9136,0.7708,0.7748,FLAT,-8.97,40.94,-11.29,-19.47,52.0,48.54,0.5342,LOW,-,43.795,42.5833,40.6983,0,43.8563,WEAK,12.9141
916,55,GBCI,GLACIER BANCORP INC,Financials,,mid,46.62,0.7949,0.9221,0.8659,0.7875,STRONG_UP,11.44,8.99,27.85,-19.56,51.6,28.33,1.9482,HIGH,-,48.6385,46.2778,45.8048,1,16.3753,TREND_ONLY,12.8645
917,33,FAST,Fastenal,Industrials,Trading Companies & Distributors,large,43.32,0.8067,0.9534,0.8678,0.8031,STRONG_UP,5.91,10.61,34.23,-21.9,53.2,28.52,0.578,LOW,EARLY,44.5768,45.2717,44.3507,0,19.7911,WEAK,12.8634
918,12,MGM,MGM Resorts,Consumer Discretionary,Casinos & Gaming,large,36.9,0.7711,0.9502,0.8932,0.8799,STRONG_UP,12.33,5.73,-9.85,-22.76,46.4,41.96,1.1125,MED,-,38.7065,37.4568,35.6104,1,6.337,TREND_ONLY,12.8583
919,0,VST,Vistra Corp.,Utilities,Electric Utilities,large,146.87,0.6946,0.913,0.7964,0.7963,STRONG_UP,-21.78,-4.76,65.08,-34.51,50.0,47.13,0.9569,LOW,EARLY,157.9075,157.5806,176.2062,0,-5.0507,WEAK,12.8473
920,64,VRE,VERIS RESIDENTIAL INC,Real Estate,,small,18.96,0.9223,0.9845,0.8919,1.0091,FLAT,27.61,26.46,26.47,-12.16,50.4,26.08,0.2575,LOW,-,18.939,18.8777,15.9722,1,51.1273,TREND_ONLY,12.8406
921,76,NKE,"Nike, Inc.",Consumer Discretionary,"Apparel, Accessories & Luxury Goods",large,42.35,0.5075,0.9497,0.8519,0.5929,STRONG_UP,-29.44,-30.42,-52.3,-45.58,45.2,40.8,1.0034,MED,EARLY,44.5915,48.5916,62.3584,0,-33.6973,WEAK,12.8229
922,239,SO,Southern Company,Utilities,Electric Utilities,large,93.47,0.8228,0.9836,0.866,0.899,FLAT,4.65,12.82,26.92,-14.99,52.4,20.14,0.6121,LOW,-,94.0025,95.5406,91.8177,1,33.3473,TREND_ONLY,12.8167
923,-14,SPNT,SIRIUSPOINT LTD,Financials,,mid,22.84,0.8525,0.9654,0.901,0.9736,FLAT,13.29,16.89,82.87,-16.28,50.4,26.89,1.2177,MED,-,23.276,22.1284,20.3037,1,31.654,TREND_ONLY,12.7864
924,30,FE,FirstEnergy,Utilities,Electric Utilities,large,44.71,0.823,0.9758,0.7869,0.8172,FLAT,-1.14,12.85,22.18,-13.72,55.2,17.48,0.8686,LOW,EARLY,47.4068,49.0197,45.659,0,40.566,WEAK,12.7841
925,-62,PIPR,PIPER SANDLER COMPANIES,Financials,,mid,80.4,0.8997,0.9819,0.8187,0.8315,FLAT,-2.04,23.36,60.2,-24.56,52.8,39.79,0.696,LOW,-,85.1705,79.6512,82.2239,0,30.9951,WEAK,12.7696
926,-13,IEX,IDEX Corporation,Industrials,Industrial Machinery & Supplies & Components,large,213.85,0.8323,0.9644,0.928,0.8768,STRONG_UP,27.15,14.12,-2.39,-16.83,45.6,26.09,0.6341,LOW,-,210.1555,200.4788,181.8461,1,24.6861,TREND_ONLY,12.7635
927,-30,GHC,GRAHAM HOLDINGS COMPANY CLASS B,Consumer Discretionary,,mid,1109.92,0.8273,0.9728,0.8698,0.8692,STRONG_UP,1.31,13.44,48.07,-19.78,49.6,23.52,0.6089,LOW,-,1135.2045,1093.9757,1085.5593,1,28.3419,TREND_ONLY,12.7369
928,193,CME,CME Group,Financials,Financial Exchanges & Data,large,285.75,0.8064,0.9751,0.8554,0.8387,STRONG_UP,6.0,10.56,47.88,-11.79,55.6,21.76,1.2992,MED,-,287.092,297.8465,276.2139,1,26.9932,TREND_ONLY,12.7129
929,27,RNST,RENASANT CORP,Financials,,mid,39.6,0.8249,0.959,0.8846,0.8472,STRONG_UP,15.77,13.1,35.89,-17.19,48.4,25.37,1.1804,MED,-,39.884,38.0036,36.8734,1,24.9925,TREND_ONLY,12.6919
930,-64,ASB,ASSOCIATED BANCORP,Financials,,mid,27.92,0.8602,0.9513,0.902,0.8636,STRONG_UP,10.9,17.95,35.9,-16.37,49.6,26.9,0.5824,LOW,-,28.0495,26.6036,25.9463,1,33.0918,TREND_ONLY,12.6874
931,-129,TROW,T. Rowe Price,Financials,Asset Management & Custody Banks,large,102.84,0.8134,0.9535,0.9541,0.9649,STRONG_DOWN,2.57,11.53,0.81,-19.76,52.4,21.5,,LOW,-,101.18,94.2013,99.152,1,28.0906,TREND_ONLY,12.683
932,-40,CURB,CURBLINE PROPERTIES,Real Estate,,mid,27.7,0.8886,0.9854,0.9018,0.9457,FLAT,19.59,21.83,46.18,-9.54,51.2,23.22,,LOW,-,27.7545,27.0554,24.1723,1,48.1436,TREND_ONLY,12.681
933,115,ENVX,ENOVIX CORP,Industrials,,small,6.97,0.641,1.0252,0.9744,0.9859,FLAT,-24.89,-12.11,-20.62,-69.62,49.2,70.02,1.1882,MED,-,6.665,5.8036,8.314,0,-8.5063,WEAK,12.6663
934,30,TSCO,Tractor Supply,Consumer Discretionary,Other Specialty Retail,large,30.59,0.4339,0.9253,0.6041,0.4886,STRONG_UP,-44.35,-40.51,-41.81,-51.29,46.8,36.73,2.0917,HIGH,EARLY,36.4175,42.6728,51.847,0,-51.6177,WEAK,12.6483
935,133,ABBV,AbbVie,Health Care,Biotechnology,large,207.86,0.8326,0.9976,0.8863,0.8227,STRONG_UP,-3.4,14.17,37.91,-17.32,51.2,26.18,0.6987,LOW,PROGRESS,204.293,210.1424,215.3866,0,27.7039,WEAK,12.6337
936,-69,WERN,WERNER ENTERPRISES INC,Industrials,,small,34.12,0.9044,0.9223,0.9552,0.8625,FLAT,35.8,24.0,-6.1,-28.28,49.6,44.3,1.0797,MED,-,34.4685,31.7025,29.7089,1,26.8714,TREND_ONLY,12.6223
937,-31,MGY,MAGNOLIA OIL GAS CORP CLASS A,Energy,,mid,28.64,0.9132,0.9836,0.8904,0.9211,FLAT,29.21,25.21,15.78,-15.34,52.4,34.06,0.7422,LOW,-,29.092,29.7386,25.0785,1,38.7836,TREND_ONLY,12.5852
938,144,CINF,Cincinnati Financial,Financials,Property & Casualty Insurance,large,163.79,0.8225,1.0046,0.8915,0.874,STRONG_UP,-0.47,12.78,45.14,-10.46,55.2,19.63,0.9155,LOW,-,163.7525,162.1475,158.9169,1,35.9424,TREND_ONLY,12.578
939,51,GTY,GETTY REALTY REIT CORP,Real Estate,,small,32.98,0.9129,0.981,0.8701,0.9345,FLAT,25.12,25.17,34.12,-10.16,50.4,24.57,0.5653,LOW,-,33.389,32.9315,28.9443,1,51.6341,TREND_ONLY,12.5672
940,74,STEP,STEPSTONE GROUP INC CLASS A,Financials,,mid,56.2,0.7102,1.0311,0.9494,0.8267,STRONG_UP,-8.59,-2.62,55.03,-43.1,51.6,55.55,0.4217,LOW,SHIFT,54.0183,49.6675,59.1304,0,-2.4301,WEAK,12.5546
941,113,PECO,PHILLIPS EDISON AND COMPANY INC,Real Estate,,mid,39.65,0.8398,0.9686,0.9185,0.9197,FLAT,15.51,15.15,29.36,-8.39,47.6,14.59,0.8225,LOW,-,39.5848,38.5034,35.6175,1,49.4115,TREND_ONLY,12.5423
942,-145,URBN,URBAN OUTFITTERS INC,Consumer Discretionary,,mid,67.01,0.8237,0.9206,0.9048,0.8239,STRONG_UP,8.05,12.94,61.0,-26.32,46.0,38.21,1.1461,MED,EARLY,71.136,67.2118,70.6682,0,15.5836,WEAK,12.5245
943,15,LTC,LTC PROPERTIES REIT INC,Real Estate,,small,38.58,0.8428,0.9868,0.8756,0.8617,STRONG_UP,9.68,15.56,27.93,-9.46,54.0,21.0,1.4653,MED,-,38.5526,38.2685,35.7661,1,40.006,TREND_ONLY,12.4954
944,0,FBK,FB FINANCIAL CORP,Financials,,mid,52.04,0.8268,0.9432,0.8459,0.7568,STRONG_UP,-5.26,13.36,39.33,-17.08,53.2,24.61,1.307,MED,EARLY,53.834,53.1368,54.6022,0,28.8844,WEAK,12.4863
945,-244,APLE,APPLE HOSPITALITY REIT INC,Real Estate,,mid,13.83,0.8887,0.9713,0.9771,0.9899,STRONG_DOWN,21.63,21.86,7.85,-13.49,49.2,23.29,0.7197,LOW,-,13.3093,12.4107,11.7839,1,46.1765,TREND_ONLY,12.4756
946,-323,VVX,V2X INC,Industrials,,mid,70.14,0.9837,0.9018,0.9035,0.9303,STRONG_DOWN,24.74,34.88,48.82,-16.34,52.4,44.2,0.9606,LOW,-,68.276,69.0096,61.3112,1,41.3564,TREND_ONLY,12.4531
947,62,SHAK,SHAKE SHACK INC CLASS A,Consumer Discretionary,,mid,66.03,0.4227,0.6731,0.5713,0.59,FLAT,-29.7,-42.05,-35.32,-54.59,48.4,75.65,1.6153,HIGH,EARLY,93.623,92.5784,94.2911,0,-26.9021,WEAK,12.4436
948,70,CDW,CDW Corporation,Information Technology,Technology Distributors,large,99.3,0.3862,0.8964,0.6789,0.6411,STRONG_UP,-30.05,-47.05,-53.97,-47.05,48.8,52.11,2.1886,HIGH,EARLY,128.089,124.29,141.5073,0,-44.0607,WEAK,12.4384
949,-12,MC,MOELIS CLASS A,Financials,,mid,63.97,0.794,0.9966,0.8656,0.8192,STRONG_UP,2.95,8.86,25.77,-33.26,52.4,40.96,0.5577,LOW,-,65.6224,59.849,65.7582,0,11.3409,WEAK,12.4251
950,-311,GOLF,ACUSHNET HOLDINGS CORP,Consumer Discretionary,,mid,84.79,0.8904,0.9707,0.7701,0.7386,STRONG_UP,5.76,22.08,37.36,-17.7,50.8,32.65,0.9359,LOW,EARLY,94.79,94.7301,86.2302,0,34.3602,WEAK,12.4005
951,-5,AMN,AMN HEALTHCARE INC,Health Care,,small,29.47,0.9918,1.3828,1.3952,1.3077,FLAT,69.47,35.99,-50.06,-34.18,46.4,84.81,1.2989,MED,-,22.082,20.3468,18.9362,1,19.6928,TREND_ONLY,12.3825
952,-41,NDAQ,"Nasdaq, Inc.",Financials,Financial Exchanges & Data,large,89.49,0.8099,0.9872,0.9176,0.9679,FLAT,2.53,11.04,51.48,-21.76,55.6,27.6,0.7593,LOW,SHIFT,89.317,87.2147,90.0596,0,22.2475,WEAK,12.3783
953,-148,TJX,TJX Companies,Consumer Discretionary,Apparel Retail,large,150.26,0.8479,0.9511,0.8335,0.8667,FLAT,3.0,16.26,56.09,-10.13,49.6,19.82,0.8046,LOW,-,156.3785,157.6668,148.5645,1,40.6938,TREND_ONLY,12.3766
954,0,DOC,Healthpeak Properties,Real Estate,Health Care REITs,large,19.78,0.8971,0.9981,1.0487,1.0297,FLAT,15.85,23.01,13.83,-17.09,50.0,43.34,0.7456,LOW,-,17.3128,17.0394,16.9763,1,26.5447,TREND_ONLY,12.3633
955,297,PCG,PG&E Corporation,Utilities,Multi-Utilities,large,16.81,0.7297,1.021,0.8511,0.8548,FLAT,2.12,0.05,-4.68,-27.12,49.2,25.28,1.1718,MED,-,16.639,17.4104,16.1457,1,0.1061,TREND_ONLY,12.3614
956,-56,PRA,PROASSURANCE CORP,Financials,,small,24.61,0.7804,0.9844,0.8884,0.8767,STRONG_UP,2.54,7.0,69.72,-2.22,45.2,5.86,0.5154,LOW,-,24.666,24.6022,24.1868,1,53.9932,TREND_ONLY,12.3504
957,-225,COLL,COLLEGIUM PHARMACEUTICAL INC,Health Care,,small,35.69,0.8735,0.9619,0.8904,0.6856,STRONG_UP,-18.01,19.77,11.01,-35.81,53.2,42.65,0.9132,LOW,-,34.512,34.7949,39.5556,0,24.6542,WEAK,12.3335
958,-51,TMDX,TRANSMEDICS GROUP INC,Health Care,,mid,63.93,0.3818,0.8627,0.4914,0.4158,STRONG_UP,-47.77,-47.65,-51.58,-57.5,46.4,71.35,1.3034,MED,EARLY,97.229,108.7093,121.4795,0,-30.9846,WEAK,12.3265
959,4,PGNY,PROGYNY INC,Health Care,,small,23.45,0.7889,1.2339,1.2143,0.9435,STRONG_UP,-0.72,8.16,-14.42,-42.65,52.4,70.64,1.4523,MED,-,19.0895,18.1096,21.7803,1,6.0561,TREND_ONLY,12.2979
960,-37,NX,QUANEX BUILDING PRODUCTS CORP,Industrials,,small,19.52,0.7722,0.9546,0.89,0.7608,STRONG_UP,49.52,5.88,-41.62,-49.67,49.2,47.63,0.4372,LOW,-,19.97,18.7672,17.2227,1,6.0699,TREND_ONLY,12.2971
961,-17,APO,Apollo Global Management,Financials,Asset Management & Custody Banks,large,131.93,0.6734,1.0022,1.0216,0.9048,FLAT,1.58,-7.66,23.72,-34.97,52.4,42.77,0.4103,LOW,-,126.9705,115.8678,129.2042,1,-9.3903,TREND_ONLY,12.243
962,117,WEC,WEC Energy Group,Utilities,Electric Utilities,large,112.58,0.8196,0.9722,0.8592,0.8701,FLAT,1.8,12.38,,-11.22,52.0,17.08,0.7492,LOW,-,114.781,115.3394,110.5244,1,37.7011,TREND_ONLY,12.238
963,-53,CCEP,Coca-Cola Europacific Partners,Consumer Staples,Soft Drinks,large,92.92,0.7959,0.9614,0.8568,0.8252,STRONG_UP,3.44,9.13,30.3,-17.89,55.6,26.48,0.8329,LOW,-,95.3885,96.2282,92.4854,1,19.174,TREND_ONLY,12.225
964,4,ATKR,ATKORE INC,Industrials,,mid,74.05,0.7857,0.9558,0.9557,0.9588,FLAT,14.37,7.74,-50.88,-32.38,51.6,34.45,0.8619,LOW,-,73.375,65.9356,64.6907,1,11.5872,TREND_ONLY,12.2205
965,-66,OSBC,OLD SECOND BANCORP INC,Financials,,small,20.85,0.8972,0.9691,0.8608,0.8892,FLAT,13.98,23.02,46.63,-12.91,51.2,25.13,0.9038,LOW,-,20.9222,20.3834,19.1038,1,46.902,TREND_ONLY,12.2098
966,-110,PRCH,PORCH GROUP INC,Information Technology,,small,10.33,0.7175,0.9157,1.3009,1.1801,FLAT,-1.99,-1.62,272.92,-66.39,48.0,74.46,0.7838,LOW,-,9.271,8.1514,11.2899,0,-1.0437,WEAK,12.1885
967,100,SWKS,Skyworks Solutions,Information Technology,Semiconductors,mid,66.31,0.6952,1.0043,1.0293,0.9137,FLAT,-1.78,-4.68,-23.89,-35.24,49.6,46.91,1.8752,HIGH,-,64.098,58.773,65.1503,1,-4.9493,TREND_ONLY,12.1654
968,-44,NSIT,INSIGHT ENTERPRISES INC,Information Technology,,mid,87.02,0.4584,1.2408,1.0487,0.838,STRONG_UP,-4.83,-37.15,-57.29,-56.07,49.2,60.64,1.0735,MED,SHIFT,75.544,74.9394,94.4856,0,-30.139,WEAK,12.1366
969,53,ATEC,ALPHATEC HOLDNGS INC,Health Care,,small,7.74,0.4438,1.0896,0.5974,0.4982,STRONG_UP,-61.76,-39.15,-30.52,-69.18,48.0,90.13,1.6428,HIGH,-,9.6925,11.02,15.308,0,-20.8504,WEAK,12.0882
970,-62,CHEF,CHEFS WAREHOUSE INC,Consumer Staples,,mid,80.0,0.9521,0.982,1.0746,1.0813,STRONG_DOWN,27.8,30.55,108.33,-20.49,54.8,50.76,0.9932,LOW,-,72.1625,65.9092,63.3753,1,32.9797,TREND_ONLY,12.0718
971,109,MCW,MISTER CAR WASH INC,Consumer Discretionary,,mid,7.07,0.6544,0.9868,0.898,1.0166,FLAT,41.4,-10.28,-10.05,-40.61,42.4,33.53,3.1905,HIGH,-,7.036,7.0084,5.9626,1,-12.9984,TREND_ONLY,12.0628
972,101,CWAN,CLEARWATER ANALYTICS HOLDINGS INC,Information Technology,,mid,24.34,0.7302,0.9868,0.8995,0.8943,STRONG_UP,45.84,0.12,32.07,-35.8,49.6,7.67,0.4281,LOW,-,24.192,23.81,21.6487,1,0.7981,TREND_ONLY,12.0565
973,-155,GEO,GEO GROUP INC,Industrials,,mid,21.41,0.5872,0.949,1.0635,1.1727,STRONG_DOWN,42.92,-19.48,63.69,-51.87,47.6,72.08,0.5998,LOW,-,19.352,17.5344,17.9547,1,-12.8648,TREND_ONLY,12.0475
974,57,PDM,PIEDMONT REALTY TRUST INC CLASS A,Real Estate,,small,8.15,0.8627,0.949,0.9714,0.8333,FLAT,-0.73,18.29,23.87,-29.47,50.0,40.02,1.3894,MED,-,8.1785,7.3724,8.0717,1,22.8478,TREND_ONLY,12.0367
975,36,BRZE,BRAZE INC CLASS A,Information Technology,,mid,19.26,0.3818,0.8638,0.8349,0.943,FLAT,-31.61,-47.65,-53.84,-57.2,46.0,81.23,1.3317,MED,EARLY,22.7085,21.4132,25.8626,0,-26.9832,WEAK,12.0328
976,-2,HTO,H2O AMERICA,Utilities,,mid,57.26,0.8563,0.9857,0.883,0.9625,FLAT,24.7,17.41,5.09,-16.72,50.8,26.17,0.6225,LOW,-,58.0156,57.6715,50.9618,1,33.7982,TREND_ONLY,12.018
977,-112,FSS,FEDERAL SIGNAL CORP,Industrials,,mid,115.43,0.8965,0.9114,0.8755,0.8408,STRONG_UP,2.79,22.92,35.24,-19.04,49.2,37.3,0.6557,LOW,-,117.1125,112.8348,116.2921,0,30.2357,WEAK,12.0085
978,9,IP,International Paper,Materials,Paper & Plastic Packaging Products & Materials,large,32.87,0.5206,0.9649,0.7998,0.5852,STRONG_UP,-11.39,-28.62,-9.97,-43.59,44.8,46.65,0.5114,LOW,EARLY,33.607,35.5834,41.2194,0,-27.4821,WEAK,11.9458
979,72,PHM,PulteGroup,Consumer Discretionary,Homebuilding,large,114.55,0.7911,0.9385,0.8302,0.7144,STRONG_UP,-4.28,8.47,-0.07,-20.06,46.8,32.9,1.0308,MED,EARLY,122.135,121.2839,125.1699,0,12.0491,WEAK,11.9357
980,0,CLOV,CLOVER HEALTH INVESTMENTS CORP CLA,Health Care,,small,3.28,0.7036,1.2043,1.4296,1.3873,FLAT,26.15,-3.53,259.65,-55.5,46.0,52.8,1.303,MED,-,2.6005,2.186,2.5263,1,-3.0749,TREND_ONLY,11.9309
981,238,ED,Consolidated Edison,Utilities,Multi-Utilities,large,106.9,0.801,0.9843,0.8512,0.8503,STRONG_UP,10.58,9.83,17.08,-8.85,51.6,17.4,1.3976,MED,-,108.851,111.112,102.8813,1,29.1557,TREND_ONLY,11.9265
982,10,IT,Gartner,Information Technology,IT Consulting & Other Services,large,152.96,0.2486,0.9964,0.9121,0.8211,STRONG_UP,-33.1,-65.91,-65.24,-68.03,50.0,43.37,0.6658,LOW,PROGRESS,152.472,155.8116,214.7656,0,-75.9862,WEAK,11.926
983,-113,RLJ,RLJ LODGING TRUST REIT,Real Estate,,small,8.83,0.9042,0.9896,0.9598,0.9289,STRONG_UP,25.87,23.98,-1.88,-14.61,50.4,31.31,0.8473,LOW,-,8.326,7.8781,7.3631,1,38.6019,TREND_ONLY,11.9181
984,21,SKT,TANGER INC,Real Estate,,mid,36.05,0.8699,0.9626,0.8818,0.9316,FLAT,7.11,19.27,39.18,-10.34,48.8,21.94,0.6568,LOW,-,36.4149,35.5763,33.4358,1,42.8578,TREND_ONLY,11.9148
985,-104,LMAT,LEMAITRE VASCULAR INC,Health Care,,mid,97.22,0.8592,0.8679,0.7363,0.9625,FLAT,11.25,17.81,29.77,-19.91,52.4,57.87,2.5253,HIGH,-,110.5655,109.9933,93.5878,1,16.1228,TREND_ONLY,11.8721
986,5,CBRE,CBRE Group,Real Estate,Real Estate Services,large,144.06,0.7998,0.9765,0.8709,0.8356,STRONG_UP,-5.12,9.67,63.46,-23.22,51.6,42.7,0.5513,LOW,-,146.577,140.7426,154.4047,0,11.6832,WEAK,11.8614
987,-97,RRR,RED ROCK RESORTS ORS CLASS A INC,Consumer Discretionary,,mid,53.03,0.851,0.9858,0.8186,0.723,STRONG_UP,-8.04,16.68,13.37,-21.08,53.2,34.05,0.6209,LOW,EARLY,54.58,56.1293,58.1657,0,26.0648,WEAK,11.8221
988,-33,UCB,UNITED COMMUNITY BANKS INC,Financials,,mid,32.77,0.829,0.9501,0.8618,0.8193,STRONG_UP,10.67,13.67,31.84,-17.95,50.8,26.88,0.5852,LOW,-,33.428,32.2474,31.6848,1,25.8286,TREND_ONLY,11.802
989,-166,HAFC,HANMI FINANCIAL CORP,Financials,,small,29.38,0.9222,0.9503,0.9512,0.9569,STRONG_DOWN,10.98,26.45,98.38,-16.23,50.0,28.59,0.5213,LOW,-,29.3265,27.3491,26.0386,1,46.2614,TREND_ONLY,11.7937
990,119,MSFT,Microsoft,Information Technology,Systems Software,large,407.77,0.6672,0.9693,0.9223,0.8764,STRONG_UP,-19.08,-8.52,0.07,-33.91,51.6,27.0,1.0864,MED,-,418.291,398.7298,463.377,0,-16.2748,WEAK,11.791
991,-165,HBNC,HORIZON BANCORP INC,Financials,,small,18.07,0.8673,0.9549,0.9057,0.872,STRONG_UP,14.68,18.92,,-16.65,49.2,25.85,0.6649,LOW,-,18.067,17.0756,16.5444,1,36.0071,TREND_ONLY,11.7892
992,-45,VRNS,VARONIS SYSTEMS INC,Information Technology,,mid,27.84,0.4426,0.9922,1.1375,0.9182,FLAT,-19.16,-39.32,-36.89,-68.11,53.6,54.43,0.5162,LOW,SHIFT,25.995,24.1866,38.4287,0,-38.7204,WEAK,11.7609
993,94,IVT,INVENTRUST PROPERTIES CORP,Real Estate,,mid,31.24,0.8316,0.9618,0.8685,0.8933,FLAT,16.59,14.03,34.36,-8.63,49.2,15.47,0.6785,LOW,-,32.082,31.3834,29.0612,1,44.611,TREND_ONLY,11.7534
994,71,OTTR,OTTER TAIL CORP,Utilities,,mid,89.7,0.8544,0.9929,0.9029,0.9112,FLAT,7.27,17.15,1.91,-12.7,51.2,22.93,0.9107,LOW,-,88.4215,88.0148,83.4744,1,38.2998,TREND_ONLY,11.7455
995,250,COST,Costco,Consumer Staples,Consumer Staples Merchandise Retail,large,1021.88,0.7502,1.0098,0.9334,0.9072,STRONG_UP,11.93,2.86,33.26,-19.35,47.6,18.3,1.1414,MED,-,1003.5699,997.7103,950.2484,1,7.4469,TREND_ONLY,11.7168
996,-79,SRCE,1ST SOURCE CORP,Financials,,small,72.3,0.8597,0.9637,0.8709,0.9167,FLAT,19.52,17.88,46.37,-11.84,51.2,20.21,0.7155,LOW,-,73.1959,70.5774,64.5326,1,45.2888,TREND_ONLY,11.7083
997,53,LDOS,Leidos,Industrials,Diversified Support Services,large,128.39,0.6083,0.9365,0.731,0.6451,STRONG_UP,-34.47,-16.6,-10.31,-35.71,51.2,41.98,1.3604,MED,EARLY,144.808,156.6108,177.3856,0,-20.2451,WEAK,11.6806
998,-2,CENTA,CENTRAL GARDEN AND PET CLASS A,Consumer Staples,,small,34.4,0.7816,1.0056,0.9114,0.8906,STRONG_UP,20.28,7.17,-14.17,-29.51,50.8,22.46,1.0657,MED,-,33.996,33.082,31.3815,1,16.2061,TREND_ONLY,11.6799
999,-116,A,Agilent Technologies,Health Care,Life Sciences Tools & Services,large,112.9,0.7193,0.9439,0.8338,0.7612,STRONG_UP,-22.55,-1.38,-22.39,-29.75,50.8,30.36,0.5413,LOW,EARLY,116.5635,115.2303,129.084,0,-2.3098,WEAK,11.6465
1000,-60,MHO,M I HOMES INC,Consumer Discretionary,,mid,127.99,0.8175,0.9565,0.9165,0.7633,STRONG_UP,-0.91,12.09,3.86,-25.14,50.4,32.13,0.5249,LOW,-,129.568,127.7612,134.5468,0,18.957,WEAK,11.5972
1001,-20,PNTG,PENNANT GROUP INC,Health Care,,small,35.42,0.8856,1.0714,1.0275,0.9716,STRONG_UP,43.98,21.43,51.43,-26.97,51.6,45.24,0.9201,LOW,-,31.5505,31.745,28.1052,1,24.4383,TREND_ONLY,11.595
1002,-84,TGNA,TEGNA INC,Communication,,mid,20.03,0.8458,0.9633,0.8601,0.8937,FLAT,-3.6,15.97,36.77,-14.51,45.33,20.65,0.0,LOW,-,20.5762,19.8735,19.0759,1,35.0618,TREND_ONLY,11.5943
1003,98,STKL,SUNOPTA INC,Consumer Staples,,small,6.5,0.7513,0.984,0.8919,0.8806,STRONG_UP,23.57,3.01,10.73,-50.22,42.11,65.13,0.0,LOW,-,6.4895,6.4751,5.5372,1,1.9468,TREND_ONLY,11.5799
1004,-53,EAT,BRINKER INTERNATIONAL INC,Consumer Discretionary,,mid,135.33,0.6502,0.9052,0.7556,0.7049,STRONG_UP,26.94,-10.86,122.07,-44.41,49.2,56.05,0.8338,LOW,EARLY,145.318,144.7882,144.6282,0,-9.529,WEAK,11.5792
1005,-56,CBU,COMMUNITY FINANCIAL SYSTEM INC,Financials,,mid,62.45,0.8139,0.9618,0.8957,0.8236,STRONG_UP,12.41,11.6,41.51,-16.03,49.6,20.87,0.9733,LOW,-,62.965,60.4159,58.7779,1,27.5606,TREND_ONLY,11.5772
1006,-4,NFLX,Netflix,Communication Services,Movies & Entertainment,large,87.66,0.5616,0.9772,0.7333,0.9546,FLAT,-21.74,-23.0,42.17,-43.35,48.4,45.46,0.8923,LOW,EARLY,92.809,95.1324,103.0204,0,-24.4873,WEAK,11.5511
1007,-42,META,Meta Platforms,Communication Services,Interactive Media & Services,large,603.0,0.6725,0.9681,0.8093,0.7826,STRONG_UP,-4.39,-7.8,29.72,-33.3,50.0,39.72,0.7308,LOW,EARLY,644.097,624.4527,673.8897,0,-9.8146,WEAK,11.5433
1008,-65,SIG,SIGNET JEWELERS LTD,Consumer Discretionary,,mid,80.35,0.8697,0.9033,0.768,0.7573,STRONG_UP,-20.47,19.25,-17.19,-25.69,50.0,54.66,0.8247,LOW,EARLY,88.0191,88.0984,90.7166,0,17.6111,WEAK,11.5256
1009,116,BBUC,BROOKFIELD BUSINESS CORP CLASS A,Industrials,,mid,32.72,0.8308,0.9201,0.8406,0.78,STRONG_UP,1.14,13.91,55.97,-21.01,53.6,41.12,1.435,MED,EARLY,33.6945,32.9667,34.072,0,18.1374,WEAK,11.5221
1010,-40,PFBC,PREFERRED BANK,Financials,,small,92.66,0.8139,0.949,0.8681,0.9066,FLAT,2.47,11.6,26.93,-18.58,51.2,19.03,1.175,MED,-,94.706,91.6948,91.1244,1,31.2086,TREND_ONLY,11.5161
1011,-159,TKO,TKO Group Holdings,Communication Services,Movies & Entertainment,large,183.33,0.8242,0.9471,0.8343,0.7586,STRONG_UP,3.12,13.01,87.53,-18.28,52.0,34.66,0.4824,LOW,EARLY,186.137,193.9606,194.013,0,19.5257,WEAK,11.5103
1012,-139,RDNT,RADNET INC,Health Care,,mid,56.0,0.6747,0.9397,0.862,0.6989,STRONG_UP,-30.74,-7.48,0.5,-35.39,50.0,46.06,2.2346,HIGH,EARLY,57.72,59.1268,69.4808,0,-8.1241,WEAK,11.5085
1013,-72,CNOB,CONNECTONE BANCORP INC,Financials,,small,29.46,0.8924,0.9611,0.92,0.9363,FLAT,21.05,22.36,57.21,-12.41,51.6,26.56,0.766,LOW,-,29.177,27.6214,25.9259,1,43.4415,TREND_ONLY,11.4982
1014,14,BWIN,BALDWIN INSURANCE GROUP INC CLASS,Financials,,mid,20.07,0.3802,0.9591,0.802,1.054,FLAT,-24.21,-47.87,-33.26,-62.95,46.4,69.55,0.6356,LOW,EARLY,23.0815,22.1818,25.4653,0,-31.9364,WEAK,11.4932
1015,61,SYY,Sysco,Consumer Staples,Food Distributors,large,72.98,0.7734,0.9793,0.8764,0.7242,STRONG_UP,-0.68,6.04,2.14,-23.98,50.4,36.92,0.4269,LOW,EARLY,74.2175,77.3543,77.9041,0,8.2493,WEAK,11.493
1016,19,SBAC,SBA Communications,Real Estate,Telecom Tower REITs,large,213.61,0.7053,0.9622,0.8709,0.9765,FLAT,8.44,-3.29,12.4,-29.8,44.8,50.03,0.8298,LOW,-,217.6635,201.3246,196.8345,1,-2.9505,TREND_ONLY,11.4882
1017,-206,JBTM,JBT MAREL CORP,Industrials,,mid,129.32,0.7964,0.9321,0.874,0.6786,STRONG_UP,-8.96,9.19,39.63,-31.46,45.6,46.61,0.5536,LOW,EARLY,129.328,131.8074,141.8203,0,8.9932,WEAK,11.4565
1018,-191,AXP,American Express,Financials,Consumer Finance,large,314.31,0.7662,0.9608,0.8547,0.7723,STRONG_UP,-14.1,5.06,34.59,-23.9,51.2,32.06,0.4889,LOW,-,321.1615,310.7563,334.7909,0,8.0852,WEAK,11.4384
1019,14,WWW,WOLVERINE WORLD WIDE INC,Consumer Discretionary,,small,15.71,0.6935,0.8961,0.8126,0.7691,STRONG_UP,-2.73,-4.91,17.05,-54.62,47.6,49.64,1.3366,MED,-,17.31,16.7972,20.6953,0,-4.7105,WEAK,11.4383
1020,-290,WYNN,Wynn Resorts,Consumer Discretionary,Casinos & Gaming,large,97.25,0.7395,0.8896,0.8189,0.7316,STRONG_UP,-24.22,1.39,1.29,-27.27,45.6,37.74,0.9208,LOW,EARLY,105.47,103.3002,115.0241,0,1.6839,WEAK,11.4357
1021,-52,CRK,COMSTOCK RESOURCES INC,Energy,,mid,14.72,0.4539,0.9663,0.8054,0.625,STRONG_UP,-37.71,-37.76,42.08,-54.13,48.0,59.0,1.0924,MED,EARLY,16.507,18.785,19.8915,0,-30.7192,WEAK,11.4241
1022,41,SNA,Snap-on,Industrials,Industrial Machinery & Supplies & Components,large,369.23,0.8451,0.9405,0.8688,0.8419,STRONG_UP,9.08,15.87,39.04,-8.47,49.6,23.35,0.4673,LOW,-,378.149,372.9966,349.9641,1,33.7208,TREND_ONLY,11.4225
1023,-118,CPAY,Corpay,Financials,Transaction & Payment Processing Services,large,338.34,0.6955,1.09,0.9387,0.8464,STRONG_UP,20.37,-4.64,17.68,-28.13,50.4,44.33,0.6973,LOW,-,320.4815,311.3322,308.3236,1,-5.2806,TREND_ONLY,11.4132
1024,-199,PRAA,PRA GROUP INC,Financials,,small,16.78,0.8041,0.7755,0.752,1.3336,FLAT,10.03,10.25,-37.32,-42.34,50.8,74.63,1.472,MED,-,20.7605,19.0584,16.3069,1,6.9769,TREND_ONLY,11.4124
1025,-80,DJCO,DAILY JOURNAL CORP,Information Technology,,small,487.78,0.8614,0.9833,0.8378,0.758,STRONG_UP,22.18,18.1,28.49,-29.75,56.8,50.4,0.2793,LOW,-,517.9615,511.1336,486.4573,1,20.4026,TREND_ONLY,11.4038
1026,102,J,Jacobs Solutions,Industrials,Construction & Engineering,large,114.15,0.6689,0.8871,0.8093,0.6971,STRONG_UP,-25.64,-8.29,1.62,-30.23,49.6,37.94,1.4711,MED,EARLY,126.2525,128.2896,139.9782,0,-10.8391,WEAK,11.387
1027,76,MDLZ,Mondelez International,Consumer Staples,Packaged Foods & Meats,large,61.7,0.7249,0.9813,0.9485,0.8779,STRONG_UP,11.66,-0.6,-8.67,-25.93,50.4,25.88,0.7164,LOW,-,59.3055,58.0021,58.2447,1,-1.1699,TREND_ONLY,11.3757
1028,82,TWO,TWO HARBORS INVESTMENT CORP,Financials,,small,12.66,0.8764,1.0169,1.0141,1.044,FLAT,39.89,20.17,30.54,-36.81,47.2,51.24,0.4639,LOW,-,11.651,10.7946,10.0535,1,18.5804,TREND_ONLY,11.3677
1029,3,PJT,PJT PARTNERS INC CLASS A,Financials,,mid,154.24,0.7544,0.9976,0.8439,0.84,STRONG_UP,-7.54,3.43,54.86,-32.47,52.8,27.77,0.6333,LOW,-,155.1905,146.1378,166.1065,0,6.5251,WEAK,11.329
1030,69,BIPC,BROOKFIELD INFRASTRUCTURE CORP CLA,Utilities,,mid,40.59,0.783,1.0109,0.8466,0.6964,STRONG_UP,-7.39,7.36,28.22,-29.77,53.6,38.11,0.5509,LOW,PROGRESS,39.6435,41.4488,43.0027,0,10.3464,WEAK,11.3091
1031,-31,BCRX,BIOCRYST PHARMACEUTICALS INC,Health Care,,mid,8.8,0.638,0.9806,0.8091,1.1155,FLAT,22.22,-12.52,56.31,-44.24,43.2,51.49,0.6227,LOW,-,9.0,9.1274,7.8871,1,-10.5083,TREND_ONLY,11.297
1032,120,TTWO,Take-Two Interactive,Communication Services,Interactive Home Entertainment,large,225.99,0.7288,1.0017,0.9797,0.9611,STRONG_UP,-3.45,-0.08,56.99,-27.68,50.4,31.97,0.9437,LOW,SHIFT,217.3535,208.6912,231.3953,0,-0.1185,WEAK,11.2968
1033,-104,FBP,FIRST BANCORP,Financials,,mid,23.36,0.8354,0.9467,0.9126,0.8996,STRONG_UP,15.94,14.55,37.54,-13.83,52.0,25.98,0.5345,LOW,-,23.8065,22.2706,21.3557,1,29.1165,TREND_ONLY,11.2954
1034,-114,HOPE,HOPE BANCORP INC,Financials,,small,12.02,0.8661,0.947,0.8859,0.8675,STRONG_UP,17.97,18.76,22.48,-15.54,48.4,26.41,0.7939,LOW,-,12.3312,11.642,10.9523,1,34.3799,TREND_ONLY,11.2887
1035,-108,SW,Smurfit Westrock,Materials,Paper & Plastic Packaging Products & Materials,large,40.58,0.6619,0.9532,0.857,0.706,STRONG_UP,15.32,-9.24,-9.25,-32.21,46.8,48.17,0.3975,LOW,PROGRESS,40.553,40.6646,41.2446,0,-8.9756,WEAK,11.2679
1036,-42,SERV,SERVE ROBOTICS INC,Consumer Discretionary,,small,8.76,0.7179,0.8998,0.8702,0.7758,STRONG_UP,-17.75,-1.57,162.28,-56.28,45.6,69.46,0.9345,LOW,-,9.3675,9.1661,10.9711,0,-1.0327,WEAK,11.2493
1037,23,ANF,ABERCROMBIE AND FITCH CLASS A,Consumer Discretionary,,mid,73.06,0.6545,0.9054,0.7118,0.6925,STRONG_UP,1.94,-10.26,-44.83,-44.3,48.4,44.29,0.8205,LOW,EARLY,85.231,88.5192,92.1599,0,-11.2085,WEAK,11.2421
1038,3,FUL,HB FULLER,Materials,,mid,60.42,0.7863,0.9754,0.8566,0.7862,STRONG_UP,5.43,7.81,-21.82,-26.97,48.4,40.39,0.5527,LOW,-,61.4578,59.4424,59.686,1,9.3633,TREND_ONLY,11.231
1039,20,MLM,Martin Marietta Materials,Materials,Construction Materials,large,581.14,0.7835,0.9291,0.8191,0.7625,STRONG_UP,-5.54,7.42,-3.36,-20.72,52.8,29.77,0.668,LOW,EARLY,609.3335,603.8522,621.2636,0,13.1639,WEAK,11.2306
1040,9,FTDR,FRONTDOOR INC,Consumer Discretionary,,mid,63.47,0.853,0.9445,0.9475,0.9778,STRONG_DOWN,27.25,16.95,75.04,-29.23,53.2,58.02,0.5554,LOW,-,63.3335,61.2282,60.1261,1,15.544,TREND_ONLY,11.2298
1041,140,PPL,PPL Corporation,Utilities,Electric Utilities,large,36.35,0.8095,0.9698,0.8159,0.8821,FLAT,0.22,11.0,32.89,-11.69,53.6,18.99,0.7358,LOW,-,37.923,38.1003,36.2985,1,31.0469,TREND_ONLY,11.2188
1042,85,HON,Honeywell,Industrials,Industrial Conglomerates,large,218.54,0.7916,0.9916,0.8331,0.7846,STRONG_UP,12.68,8.53,18.68,-16.03,48.4,23.44,0.9348,LOW,-,217.951,226.055,209.9983,1,17.6206,TREND_ONLY,11.2088
1043,-272,PAX,PATRIA INVESTMENTS LTD CLASS A,Financials,,mid,11.55,0.703,0.8796,0.8282,0.7149,STRONG_UP,-20.39,-3.61,-1.65,-35.64,52.0,35.52,1.1574,MED,EARLY,12.731,12.2674,13.9604,0,-5.2819,WEAK,11.1412
1044,0,UPS,United Parcel Service,Industrials,Air Freight & Logistics,large,98.44,0.7685,0.9697,0.8479,0.7212,STRONG_UP,9.12,5.37,-27.38,-20.28,53.2,33.58,0.7395,LOW,-,103.864,101.3718,95.7405,1,8.5047,TREND_ONLY,11.1298
1045,186,DGX,Quest Diagnostics,Health Care,Health Care Services,large,190.18,0.8092,0.9894,0.8709,0.7912,STRONG_UP,4.11,10.96,40.31,-11.19,51.2,21.11,0.6344,LOW,-,193.8305,196.0837,185.7409,1,26.5759,TREND_ONLY,11.1123
1046,-85,NIC,NICOLET BANKSHARES INC,Financials,,mid,142.45,0.8538,0.9469,0.7995,0.8159,FLAT,14.13,17.07,79.44,-17.88,49.6,31.3,0.5605,LOW,-,148.413,148.972,136.619,1,27.0508,TREND_ONLY,11.1046
1047,-75,DEC,DIVERSIFIED ENERGY COMPANY,Energy,,small,15.87,0.8961,1.0173,0.8948,1.0452,FLAT,17.84,22.87,43.04,-24.8,53.6,42.83,0.5964,LOW,-,15.805,15.8748,14.2154,1,28.6241,TREND_ONLY,11.0811
1048,-123,WFC,Wells Fargo,Financials,Diversified Banks,large,75.18,0.7374,0.9251,0.8228,0.737,STRONG_UP,-11.75,1.1,28.43,-22.85,54.4,31.33,1.1906,MED,EARLY,79.442,79.394,83.3539,0,1.9185,WEAK,11.0721
1049,-25,IBOC,INTERNATIONAL BANCSHARES CORP,Financials,,mid,72.4,0.8256,0.9818,0.8931,0.8838,STRONG_UP,11.1,13.2,26.59,-12.74,47.6,21.32,0.7336,LOW,-,71.913,69.6366,68.7103,1,29.4668,TREND_ONLY,11.0197
1050,-147,RVTY,Revvity,Health Care,Health Care Equipment,mid,99.3,0.751,0.9861,0.9449,0.8523,STRONG_UP,7.76,2.97,-5.41,-30.09,50.8,43.52,0.8422,LOW,-,91.7644,90.0808,94.2136,1,3.4702,TREND_ONLY,11.0168
1051,15,DTE,DTE Energy,Utilities,Multi-Utilities,large,142.58,0.809,0.9849,0.8581,0.8918,FLAT,4.22,10.93,32.26,-10.13,57.2,19.03,0.6301,LOW,-,145.538,146.3619,137.6585,1,32.8382,TREND_ONLY,11.0118
1052,-92,EQBK,EQUITY BANCSHARES INC CLASS A,Financials,,small,45.09,0.8126,0.9675,0.862,0.851,STRONG_UP,9.04,11.41,35.87,-17.02,48.0,17.42,0.5165,LOW,-,45.4855,44.8807,43.1213,1,31.4469,TREND_ONLY,10.9971
1053,37,RHP,RYMAN HOSPITALITY PROPERTIES REIT,Real Estate,,mid,107.5,0.8209,0.9534,0.9369,0.92,STRONG_UP,16.3,12.56,12.53,-16.72,48.8,26.35,0.4836,LOW,-,104.8415,98.0532,93.8732,1,23.2661,TREND_ONLY,10.9867
1054,-158,ASO,ACADEMY SPORTS AND OUTDOORS INC,Consumer Discretionary,,mid,51.12,0.8098,0.9236,0.7766,0.7476,STRONG_UP,14.58,11.04,-7.52,-26.42,50.4,41.17,0.9593,LOW,EARLY,55.276,55.7647,52.8095,0,13.5121,WEAK,10.9589
1055,-187,IFF,International Flavors & Fragrances,Materials,Specialty Chemicals,large,78.47,0.7663,0.9311,0.9611,0.8892,FLAT,26.5,5.07,-15.24,-24.03,50.4,49.99,0.538,LOW,-,73.578,72.2852,68.2489,1,5.107,TREND_ONLY,10.9419
1056,-31,MTD,Mettler Toledo,Health Care,Life Sciences Tools & Services,large,1072.45,0.6645,0.7952,0.7108,0.6677,STRONG_UP,-25.14,-8.89,-26.63,-28.79,48.8,42.03,1.1437,MED,EARLY,1262.941,1257.9454,1335.2935,0,-10.318,WEAK,10.9049
1057,36,DRI,Darden Restaurants,Consumer Discretionary,Restaurants,large,199.12,0.7301,1.0012,0.8942,0.8176,STRONG_UP,16.45,0.1,42.39,-23.92,50.4,26.67,0.8528,LOW,-,197.7385,197.9286,193.7748,1,0.1972,TREND_ONLY,10.9007
1058,-174,HGV,HILTON GRAND VACATIONS INC,Consumer Discretionary,,mid,45.14,0.7809,0.9137,0.8435,0.8435,UP,12.51,7.07,7.84,-28.48,50.0,46.47,0.4896,LOW,-,46.795,44.036,44.3665,1,7.6052,TREND_ONLY,10.884
1059,-16,GPC,Genuine Parts Company,Consumer Discretionary,Distributors,large,100.74,0.6263,0.9397,0.815,0.5906,STRONG_UP,-18.13,-14.13,-31.89,-34.84,46.8,40.42,0.6547,LOW,EARLY,107.3085,106.8772,124.682,0,-16.3597,WEAK,10.868
1060,11,FTV,Fortive,Industrials,Industrial Machinery & Supplies & Components,large,60.27,0.7956,0.9819,0.8975,0.8911,STRONG_UP,17.68,9.09,5.01,-16.03,47.6,27.47,0.5376,LOW,-,60.6015,58.0319,53.4002,1,15.7487,TREND_ONLY,10.8667
1061,-63,HBAN,Huntington Bancshares,Financials,Regional Banks,large,15.84,0.7456,0.9367,0.8489,0.7738,STRONG_UP,2.1,2.23,23.0,-21.26,50.8,27.71,1.2794,MED,EARLY,16.5135,16.0612,16.5402,0,4.0943,WEAK,10.8398
1062,-105,CNR,CORE NATURAL RESOURCES INC,Energy,,mid,85.89,0.8414,0.9629,0.8718,0.8046,STRONG_UP,-2.33,15.37,-0.16,-25.01,48.8,50.27,0.4689,LOW,EARLY,87.858,94.565,86.5165,0,14.9239,WEAK,10.8335
1063,12,VMC,Vulcan Materials Company,Materials,Construction Materials,large,279.33,0.7639,0.9294,0.8366,0.7588,STRONG_UP,-4.43,4.74,4.95,-22.05,55.6,32.19,0.5149,LOW,EARLY,290.8335,281.6266,291.8411,0,8.18,WEAK,10.8278
1064,-102,OSW,ONESPAWORLD HOLDINGS LTD,Consumer Discretionary,,mid,23.47,0.8883,0.9121,0.8431,0.9054,FLAT,7.94,21.8,61.56,-16.73,50.8,40.95,0.6136,LOW,-,24.2235,23.0495,21.6976,1,27.0443,TREND_ONLY,10.8208
1065,55,DRVN,DRIVEN BRANDS HOLDINGS INC,Consumer Discretionary,,mid,12.84,0.5246,0.9478,0.8564,0.6584,STRONG_UP,-6.82,-28.07,14.23,-46.38,42.8,74.22,0.7994,LOW,-,13.1265,12.2176,14.9288,0,-16.1854,WEAK,10.7934
1066,112,PSA,Public Storage,Real Estate,Self-Storage REITs,large,311.28,0.7832,0.9913,0.9104,0.9279,FLAT,16.55,7.39,21.79,-16.2,47.6,25.13,1.2324,MED,-,305.114,293.665,282.0128,1,13.9972,TREND_ONLY,10.785
1067,-87,UHS,Universal Health Services,Health Care,Health Care Facilities,large,169.63,0.6463,0.9906,0.8289,0.6365,STRONG_UP,-23.67,-11.38,-4.26,-33.31,52.0,41.71,0.8623,LOW,EARLY,172.972,181.601,200.4604,0,-14.1878,WEAK,10.7648
1068,152,AVA,AVISTA CORP,Utilities,,mid,40.81,0.8142,0.9896,0.8701,0.8579,STRONG_UP,1.59,11.64,17.79,-9.89,53.2,19.32,0.7761,LOW,-,40.9565,40.4792,38.7103,1,32.0619,TREND_ONLY,10.7622
1069,136,PYPL,PayPal,Financials,Transaction & Payment Processing Services,large,45.44,0.4609,0.9663,0.8422,0.9767,FLAT,-31.04,-36.81,-28.56,-49.92,49.6,38.21,1.3088,MED,EARLY,49.008,46.8844,58.0513,0,-47.7775,WEAK,10.7613
1070,-55,IART,INTEGRA LIFESCIENCES HOLDINGS CORP,Health Care,,small,13.77,0.7434,0.9678,1.107,1.0679,FLAT,13.05,1.92,-47.46,-44.79,50.8,68.3,1.1438,MED,-,11.621,10.3802,12.4605,1,1.4314,TREND_ONLY,10.76
1071,-170,FCBC,FIRST COMMUNITY BANKSHARES INC,Financials,,small,42.12,0.8229,0.9598,0.8736,0.9188,FLAT,32.14,12.82,38.27,-23.43,50.8,22.84,0.8054,LOW,-,42.8625,41.7672,36.0656,1,28.5223,TREND_ONLY,10.7548
1072,-42,CNX,CNX RESOURCES CORP,Energy,,mid,35.79,0.7997,0.9635,0.8293,0.7764,STRONG_UP,-2.11,9.65,52.49,-20.14,52.8,30.56,0.6899,LOW,-,37.968,39.3976,35.7467,1,16.6741,TREND_ONLY,10.7491
1073,-50,PEBO,PEOPLES BANCORP INC,Financials,,small,33.52,0.8352,0.9613,0.8897,0.8827,STRONG_UP,18.62,14.52,22.61,-12.53,48.0,20.21,0.6931,LOW,-,33.9345,32.8918,30.4114,1,34.4875,TREND_ONLY,10.7474
1074,-64,FLG,FLAGSTAR BANK NATIONAL ASSOCIATION,Financials,,mid,13.89,0.8169,0.9505,0.8777,0.8634,STRONG_UP,26.93,12.01,25.93,-17.47,50.0,29.02,0.5159,LOW,-,14.162,13.4828,12.6238,1,20.6994,TREND_ONLY,10.736
1075,140,ORLY,O’Reilly Automotive,Consumer Discretionary,Automotive Retail,large,91.84,0.7607,0.9535,0.8731,0.8462,STRONG_UP,-6.38,4.3,36.03,-19.03,52.4,28.57,1.2023,MED,EARLY,93.637,92.6102,97.214,0,7.8874,WEAK,10.7307
1076,-19,PTC,PTC Inc.,Information Technology,Application Software,large,144.22,0.6153,1.0376,0.9594,0.8037,STRONG_UP,-18.74,-15.64,-19.48,-38.37,50.8,32.56,0.8355,LOW,PROGRESS,139.5335,145.151,175.8645,0,-24.4032,WEAK,10.7215
1077,-314,TBBK,BANCORP INC,Financials,,mid,53.55,0.7145,0.8711,0.7998,0.814,FLAT,-14.24,-2.03,57.96,-35.92,55.2,36.7,1.3652,MED,EARLY,59.1955,56.329,65.334,0,-3.0544,WEAK,10.709
1078,-51,COF,Capital One,Financials,Consumer Finance,large,183.71,0.6755,0.9347,0.8174,0.7458,STRONG_UP,-15.99,-7.38,32.35,-31.47,55.2,36.72,0.702,LOW,EARLY,194.4395,189.1544,212.5362,0,-11.0886,WEAK,10.7035
1079,37,FISV,Fiserv,Financials,Transaction & Payment Processing Services,large,54.88,0.2096,0.9624,0.8267,0.7661,STRONG_UP,-13.85,-71.27,-64.18,-71.78,49.4,38.99,0.7872,LOW,EARLY,60.4095,58.8054,85.7113,0,-90.2947,WEAK,10.6758
1080,-11,PPG,PPG Industries,Materials,Specialty Chemicals,large,106.38,0.7028,0.9447,0.8612,0.7126,STRONG_UP,12.26,-3.64,-17.66,-25.68,49.2,38.44,0.6869,LOW,-,108.647,106.6087,106.1278,1,-4.6591,TREND_ONLY,10.6359
1081,41,MSCI,MSCI Inc.,Financials,Financial Exchanges & Data,large,581.09,0.7617,0.9822,0.9468,0.9883,FLAT,1.43,4.44,22.74,-18.07,52.4,25.22,1.3615,MED,-,585.279,563.2696,561.9099,1,9.2331,TREND_ONLY,10.6164
1082,-161,KAI,KADANT INC,Industrials,,mid,326.86,0.7307,0.982,0.8759,0.8473,STRONG_UP,23.17,0.19,16.68,-30.91,47.6,48.59,0.8052,LOW,-,317.4075,314.5117,308.6315,1,0.1829,TREND_ONLY,10.6077
1083,-71,RDN,RADIAN GROUP INC,Financials,,mid,37.2,0.8215,1.0245,0.954,0.9493,STRONG_UP,6.88,12.64,25.57,-14.34,50.8,26.08,0.5613,LOW,-,35.982,34.479,34.2549,1,24.6129,TREND_ONLY,10.6048
1084,33,AZO,AutoZone,Consumer Discretionary,Automotive Retail,large,3409.8101,0.6823,0.9473,0.8641,0.7914,STRONG_UP,-8.54,-6.45,16.06,-25.48,49.6,31.41,2.0362,HIGH,EARLY,3547.626,3510.6062,3760.7584,0,-10.1789,WEAK,10.5891
1085,-84,SBSI,SOUTHSIDE BANCSHARES INC,Financials,,small,32.67,0.8386,0.9633,0.8792,0.8684,STRONG_UP,15.88,14.98,28.96,-15.77,48.8,24.12,0.5245,LOW,-,33.0635,31.8778,30.2964,1,30.3158,TREND_ONLY,10.5886
1086,-39,ONB,OLD NATIONAL BANCORP,Financials,,mid,24.15,0.8046,0.9672,0.916,0.8455,STRONG_UP,16.27,10.32,46.91,-17.73,49.6,26.29,0.9551,LOW,-,23.9305,22.906,22.3039,1,19.4796,TREND_ONLY,10.577
1087,-3,REG,Regency Centers,Real Estate,Retail REITs,large,77.61,0.8069,0.9657,0.8672,0.8886,FLAT,13.07,10.63,40.54,-8.17,48.4,14.8,0.8768,LOW,-,79.24,77.7981,72.0598,1,34.7697,TREND_ONLY,10.5736
1088,-84,MBWM,MERCANTILE BANK CORP,Financials,,small,51.27,0.8403,0.9668,0.8516,0.8336,STRONG_UP,14.63,15.22,40.22,-12.91,49.6,22.9,0.92,LOW,-,51.723,51.2344,48.2895,1,32.9622,TREND_ONLY,10.5582
1089,22,MELI,Mercado Libre,Consumer Discretionary,Catalog/Specialty Distribution,large,1578.78,0.4578,0.8438,0.7626,0.6783,STRONG_UP,-24.53,-37.23,-5.88,-40.42,49.2,46.18,2.0176,HIGH,EARLY,1796.565,1749.253,2069.9022,0,-39.663,WEAK,10.5363
1090,12,CMG,Chipotle Mexican Grill,Consumer Discretionary,Restaurants,large,32.67,0.4704,0.9819,0.8318,0.7611,STRONG_UP,7.19,-35.5,-48.88,-48.82,45.2,35.04,0.6215,LOW,EARLY,33.7555,33.7272,37.3014,0,-45.7915,WEAK,10.5117
1091,-105,BOH,BANK OF HAWAII CORP,Financials,,mid,77.5,0.8354,0.9451,0.8709,0.8783,FLAT,19.89,14.54,42.97,-15.03,46.0,23.68,0.6969,LOW,-,78.8855,76.468,69.4962,1,28.2443,TREND_ONLY,10.5084
1092,-104,CPRI,CAPRI HOLDINGS LTD,Consumer Discretionary,,mid,17.34,0.6759,0.8845,0.7798,0.7274,STRONG_UP,-19.8,-7.32,,-39.3,46.4,43.14,0.7614,LOW,EARLY,19.625,18.933,21.3745,0,-7.8756,WEAK,10.4846
1093,20,ORC,ORCHID ISLAND CAPITAL INC,Financials,,small,6.96,0.8533,0.984,0.8599,0.844,STRONG_UP,4.91,17.0,18.35,-15.79,48.0,27.51,0.5166,LOW,-,6.9535,6.968,6.7472,1,29.6607,TREND_ONLY,10.4743
1094,-52,CALX,CALIX NETWORKS INC,Information Technology,,mid,41.71,0.6775,0.9256,0.7601,0.6864,STRONG_UP,-34.95,-7.1,36.66,-39.08,50.8,46.02,0.3219,LOW,EARLY,44.856,48.1468,54.9701,0,-7.8426,WEAK,10.4716
1095,-106,LII,Lennox International,Industrials,Building Products,large,508.55,0.6222,0.9243,0.8688,0.7932,STRONG_UP,4.49,-14.69,6.7,-33.77,46.0,41.28,0.6574,LOW,SHIFT,507.2045,494.1644,518.8617,0,-16.3715,WEAK,10.4714
1096,-32,LEN,Lennar,Consumer Discretionary,Homebuilding,large,85.86,0.5676,0.9331,0.8639,0.6186,STRONG_UP,-29.63,-22.18,-43.42,-39.92,47.2,36.26,0.9138,LOW,EARLY,90.121,91.7037,113.0884,0,-28.869,WEAK,10.4197
1097,62,NEO,NEOGENOMICS INC,Health Care,,small,8.75,0.7633,0.9685,0.9317,0.6626,STRONG_UP,-15.87,4.67,-44.02,-45.61,50.0,52.12,0.7781,LOW,-,8.662,8.357,9.5029,0,4.4753,WEAK,10.3821
1098,92,SILA,SILA RLTY TR INC TRUST,Real Estate,,small,30.57,0.9478,0.9837,1.0885,1.053,FLAT,32.76,29.96,50.84,-14.11,50.0,42.43,0.6281,LOW,-,29.6915,26.4408,24.3389,1,35.3033,TREND_ONLY,10.3522
1099,-4,DECK,Deckers Brands,Consumer Discretionary,Footwear,large,94.89,0.5349,0.8985,0.7826,0.7132,STRONG_UP,18.85,-26.65,-33.07,-38.52,45.2,37.49,1.1613,MED,EARLY,104.351,103.5052,103.3594,0,-32.1334,WEAK,10.3267
1100,40,MEG,MONTROSE ENVIRONMENTAL GRP INC,Industrials,,small,15.92,0.6242,0.7098,0.659,0.555,STRONG_UP,-38.58,-14.41,-63.88,-48.74,48.59,77.86,2.7565,HIGH,-,20.525,22.5248,25.165,0,-8.992,WEAK,10.3157
1101,-93,HFWA,HERITAGE FINANCIAL CORP,Financials,,small,26.75,0.8382,0.9585,0.8847,0.8417,STRONG_UP,21.59,14.92,56.17,-14.76,48.8,24.45,0.8625,LOW,-,27.1024,26.2082,24.4568,1,29.7862,TREND_ONLY,10.3112
1102,-86,MPB,MID PENN BANCORP INC,Financials,,small,31.74,0.8304,0.9536,0.8407,0.8302,STRONG_UP,10.28,13.86,55.2,-15.49,50.0,23.91,,LOW,-,33.1802,32.4073,30.4149,1,28.9855,TREND_ONLY,10.3055
1103,9,FA,FIRST ADVANTAGE CORP,Industrials,,small,15.56,0.6365,1.1962,1.1491,1.2299,FLAT,18.06,-12.73,-2.08,-51.86,48.0,81.47,1.0649,MED,-,13.301,12.1019,13.8095,1,-7.501,TREND_ONLY,10.3009
1104,-127,NWSA,News Corp (Class A),Communication Services,Publishing,large,26.54,0.6911,0.9967,0.9428,0.9952,FLAT,-0.56,-5.24,,-27.81,50.4,22.82,1.157,MED,-,26.255,25.0919,26.41,1,-11.5688,TREND_ONLY,10.2933
1105,-22,WABC,WESTAMERICA BANCORPORATION,Financials,,small,53.96,0.8188,0.9712,0.9034,0.9103,FLAT,13.8,12.27,16.9,-11.82,51.2,16.84,0.5099,LOW,-,54.0644,52.2112,49.0686,1,37.3107,TREND_ONLY,10.2485
1106,45,EYE,NATIONAL VISION HOLDINGS INC,Consumer Discretionary,,small,20.94,0.8098,0.9089,0.7339,0.6441,STRONG_UP,-13.26,11.03,40.16,-28.92,49.2,55.32,2.1032,HIGH,-,23.6515,25.3478,26.01,0,9.8085,WEAK,10.21
1107,-100,PFSI,PENNYMAC FINANCIAL SERVICES INC,Financials,,mid,88.63,0.6566,1.0016,0.8504,0.8529,FLAT,-29.96,-9.97,0.05,-47.06,50.0,30.77,0.4892,LOW,EARLY,90.4485,88.9642,111.9128,0,-16.1969,WEAK,10.2049
1108,190,BRSL,BRIGHTSTAR LOTTERY PLC,Consumer Discretionary,,mid,11.55,0.6604,0.8977,0.8157,0.7157,STRONG_UP,-29.54,-9.45,-23.65,-34.93,48.0,34.08,2.3097,HIGH,EARLY,12.7795,12.7741,14.6527,0,-13.3128,WEAK,10.1845
1109,10,FG,F&G ANNUITIES AND LIFE INC,Financials,,mid,28.04,0.6775,0.9362,0.9746,0.8671,FLAT,-12.45,-7.11,-23.6,-40.92,50.8,49.62,0.5411,LOW,SHIFT,27.868,25.421,29.2018,0,-7.2803,WEAK,10.1695
1110,-32,NWBI,NORTHWEST BANCSHARES INC,Financials,,small,13.71,0.8402,0.9719,0.9242,0.9269,FLAT,19.84,15.21,38.85,-13.97,49.6,21.8,0.7917,LOW,-,13.4795,12.8736,12.148,1,34.5971,TREND_ONLY,10.1432
1111,64,MOH,Molina Healthcare,Health Care,Managed Health Care,mid,191.58,0.4501,0.9548,1.1547,1.3544,STRONG_DOWN,35.97,-38.29,-45.63,-62.39,53.2,51.94,0.4247,LOW,-,176.8795,156.5668,164.9965,1,-39.2184,TREND_ONLY,10.1269
1112,-133,ORRF,ORRSTOWN FINANCIAL SERVICES INC,Financials,,small,36.13,0.8696,0.9619,0.8424,0.8516,FLAT,7.31,19.23,44.81,-13.19,48.8,26.74,0.4884,LOW,-,36.9238,36.1143,34.9021,1,35.0886,TREND_ONLY,10.0986
1113,190,PRCT,PROCEPT BIOROBOTICS CORP,Health Care,,small,28.69,0.3945,1.1383,1.0374,0.8729,STRONG_UP,-7.27,-45.91,-54.82,-66.63,44.4,74.81,1.6893,HIGH,-,24.891,25.1514,32.1734,0,-27.247,WEAK,10.0507
1114,29,BLDR,Builders FirstSource,Industrials,Building Products,mid,72.78,0.4287,0.8948,0.7373,0.4971,STRONG_UP,-32.02,-41.22,-56.52,-51.22,38.0,47.95,1.0804,MED,EARLY,82.921,85.0544,111.4012,0,-32.6637,WEAK,10.0484
1115,21,NCLH,Norwegian Cruise Line Holdings,Consumer Discretionary,"Hotels, Resorts & Cruise Lines",mid,16.0,0.6034,0.887,0.6745,0.6045,STRONG_UP,-15.97,-17.27,1.01,-40.61,45.6,64.21,0.906,LOW,EARLY,18.36,19.2284,21.87,0,-12.2646,WEAK,10.0053
1116,-39,EFSC,ENTERPRISE FINANCIAL SERVICES CORP,Financials,,mid,59.07,0.8029,0.9772,0.9009,0.8696,STRONG_UP,11.78,10.08,55.03,-15.28,48.4,24.37,,LOW,-,58.588,56.3631,56.1603,1,20.0285,TREND_ONLY,10.0026
1117,-71,AX,AXOS FINANCIAL INC,Financials,,mid,84.37,0.8362,0.9431,0.7984,0.7724,STRONG_UP,2.97,14.65,38.2,-19.04,51.6,39.59,0.5227,LOW,EARLY,92.7835,89.1288,87.8153,0,19.0926,WEAK,9.9946
1118,37,AAT,AMERICAN ASSETS TRUST REIT INC,Real Estate,,small,21.12,0.8457,0.9835,0.9319,1.0071,FLAT,13.96,15.95,7.37,-13.97,52.0,24.68,0.5444,LOW,-,20.8325,19.6821,19.0049,1,33.6097,TREND_ONLY,9.9898
1119,57,LOW,Lowe's,Consumer Discretionary,Home Improvement Retail,large,224.52,0.7235,0.9467,0.8074,0.6815,STRONG_UP,-2.75,-0.79,0.12,-21.84,50.0,31.06,1.1975,MED,EARLY,237.7162,238.8068,247.3218,0,-1.2792,WEAK,9.977
1120,263,PEG,Public Service Enterprise Group,Utilities,Electric Utilities,large,78.62,0.7628,0.9749,0.8519,0.8166,STRONG_UP,-4.03,4.6,13.85,-12.73,53.6,20.4,2.0035,HIGH,EARLY,79.8165,81.2682,81.202,0,12.0768,WEAK,9.9679
1121,-49,CIM,CHIMERA INVESTMENT CORP,Financials,,small,13.43,0.8476,0.9695,0.8806,0.9224,FLAT,19.3,16.21,28.72,-18.18,51.2,28.38,0.6289,LOW,-,13.576,13.1147,12.5021,1,29.2484,TREND_ONLY,9.9563
1122,112,CHD,Church & Dwight,Consumer Staples,Household Products,large,93.51,0.7342,0.969,0.8703,0.8096,STRONG_UP,11.21,0.67,-10.63,-17.63,52.0,22.31,1.0005,MED,-,94.65,95.7062,91.2468,1,1.552,TREND_ONLY,9.8851
1123,-31,PRG,PROG HOLDINGS INC,Financials,,small,34.78,0.8969,0.9417,1.0116,0.8961,FLAT,28.11,22.98,0.93,-31.21,47.6,68.94,0.4257,LOW,-,33.49,31.1233,31.645,1,15.8659,TREND_ONLY,9.8848
1124,0,ALLE,Allegion,Industrials,Building Products,large,131.3,0.6754,0.9547,0.794,0.637,STRONG_UP,-21.02,-7.4,6.82,-26.69,49.6,31.86,1.1122,MED,EARLY,139.303,143.3473,161.1149,0,-11.5156,WEAK,9.8393
1125,-70,KNF,KNIFE RIVER CORP,Materials,,mid,82.41,0.5842,0.8861,0.8266,0.8864,FLAT,14.68,-19.9,,-41.75,46.0,61.01,0.8389,LOW,-,88.512,84.7416,78.481,1,-15.0077,TREND_ONLY,9.8135
1126,-106,STGW,STAGWELL INC CLASS A,Communication,,small,6.06,0.817,0.9317,0.8213,0.9877,FLAT,27.04,12.01,-13.18,-36.78,48.8,58.78,0.7754,LOW,-,6.66,6.304,5.5882,1,9.9749,TREND_ONLY,9.7983
1127,-71,TENB,TENABLE HOLDINGS INC,Information Technology,,mid,21.01,0.4575,0.977,1.0453,0.8079,FLAT,-25.12,-37.26,-53.21,-54.77,45.6,57.7,0.5982,LOW,SHIFT,20.5105,19.5874,24.9542,0,-29.4502,WEAK,9.7631
1128,-111,ASTE,ASTEC INDUSTRIES INC,Industrials,,small,50.06,0.8673,0.919,0.7222,0.7501,FLAT,9.07,18.92,48.39,-23.01,49.2,52.11,1.3917,MED,-,58.305,56.8805,49.659,1,17.8643,TREND_ONLY,9.7425
1129,-67,SLG,SL GREEN REALTY REIT CORP,Real Estate,,mid,43.65,0.5817,0.9607,0.9545,0.9511,STRONG_UP,-11.41,-20.25,-9.17,-45.4,47.6,45.89,0.6551,LOW,SHIFT,43.198,39.8125,46.8841,0,-21.0018,WEAK,9.7332
1130,-23,WLY,JOHN WILEY AND SONS INC CLASS A,Communication,,mid,40.05,0.6998,0.969,0.8952,1.1877,FLAT,11.06,-4.05,12.36,-34.42,45.6,37.77,0.5663,LOW,-,40.9775,38.4394,35.5902,1,-4.8928,TREND_ONLY,9.7085
1131,53,CL,Colgate-Palmolive,Consumer Staples,Household Products,large,87.44,0.744,0.9759,0.9295,0.8004,STRONG_UP,12.81,2.01,-3.05,-18.64,48.4,23.3,0.6422,LOW,-,85.1659,86.2248,82.9092,1,4.184,TREND_ONLY,9.7064
1132,180,CALM,CAL MAINE FOODS INC,Consumer Staples,,mid,78.88,0.6444,1.0206,0.9325,0.826,STRONG_UP,-9.85,-11.65,55.15,-37.0,51.2,31.62,1.5711,HIGH,PROGRESS,76.1704,79.4563,87.5975,0,-18.8625,WEAK,9.6722
1133,58,QDEL,QUIDELORTHO CORP,Health Care,,small,11.12,0.2284,0.9983,0.5708,0.3348,STRONG_UP,-43.64,-68.68,-73.59,-71.95,44.8,104.15,1.3747,MED,-,12.049,15.1182,24.2655,0,-29.5447,WEAK,9.6543
1134,58,WK,WORKIVA INC CLASS A,Information Technology,,mid,46.85,0.4744,0.8946,0.7557,0.6254,STRONG_UP,-47.45,-34.95,-43.71,-50.25,47.2,48.22,1.4375,MED,EARLY,53.8205,57.564,75.4874,0,-34.2094,WEAK,9.5653
1135,-27,SFNC,SIMMONS FIRST NATIONAL CORP CLASS,Financials,,mid,20.9,0.7863,0.9525,0.9034,0.8447,STRONG_UP,18.08,7.81,27.1,-17.57,50.0,27.97,0.7177,LOW,-,21.214,20.1502,19.3326,1,13.9587,TREND_ONLY,9.5346
1136,73,ALL,Allstate,Financials,Property & Casualty Insurance,large,215.47,0.7911,0.9729,0.8916,0.9172,FLAT,6.72,8.47,,-11.48,52.4,20.01,0.8827,LOW,-,215.626,211.3442,204.7976,1,22.1727,TREND_ONLY,9.526
1137,-2,FELE,FRANKLIN ELECTRIC INC,Industrials,,mid,97.83,0.8045,0.9559,0.846,0.776,STRONG_UP,4.01,10.3,-1.94,-18.18,48.8,38.94,0.472,LOW,-,100.2379,96.8424,96.3974,1,12.9089,TREND_ONLY,9.5085
1138,111,DXCM,Dexcom,Health Care,Health Care Equipment,large,61.14,0.5302,0.9967,0.8636,0.7779,STRONG_UP,11.49,-27.31,-51.07,-38.75,48.8,36.15,1.3292,MED,PROGRESS,61.1355,64.0052,68.6069,0,-36.8659,WEAK,9.5056
1139,-146,GEHC,GE HealthCare,Health Care,Health Care Equipment,large,62.29,0.6164,0.9928,0.7417,0.6823,STRONG_UP,-15.15,-15.48,-22.86,-32.47,51.6,41.05,0.9431,LOW,EARLY,66.5395,70.0355,75.8801,0,-19.4573,WEAK,9.4956
1140,-8,SHO,SUNSTONE HOTEL INVESTORS REIT INC,Real Estate,,small,10.24,0.8576,0.983,0.9348,0.9664,FLAT,5.95,17.59,7.79,-10.58,47.2,24.2,0.5203,LOW,-,9.8545,9.4362,9.127,1,34.3051,TREND_ONLY,9.4674
1141,53,AKR,ACADIA REALTY TRUST REIT,Real Estate,,mid,21.59,0.8109,0.9587,0.9154,0.9211,FLAT,11.22,11.19,35.88,-12.41,52.8,22.64,0.3792,LOW,-,21.47,20.5546,19.8186,1,26.1002,TREND_ONLY,9.4642
1142,-28,NBHC,NATIONAL BANK HOLDINGS CORP CLASS,Financials,,small,41.53,0.8188,0.9512,0.8802,0.8739,STRONG_UP,13.6,12.27,24.07,-14.41,48.4,23.42,0.3091,LOW,-,42.417,40.6924,38.8082,1,25.3668,TREND_ONLY,9.4396
1143,-17,QLYS,QUALYS INC,Information Technology,,mid,90.12,0.4806,0.9762,0.9628,0.7086,STRONG_UP,-40.71,-34.1,-39.44,-50.46,48.0,54.55,0.6727,LOW,PROGRESS,88.0045,90.1708,121.0679,0,-30.0044,WEAK,9.4327
1144,134,EXR,Extra Space Storage,Real Estate,Self-Storage REITs,large,144.79,0.7518,0.9904,0.9102,0.8913,STRONG_UP,13.6,3.08,6.76,-16.7,51.6,24.99,0.4428,LOW,-,142.502,139.3321,137.162,1,6.3562,TREND_ONLY,9.4316
1145,0,STNE,STONECO LTD CLASS A,Financials,,mid,10.38,0.6597,0.8983,0.7647,0.6166,STRONG_UP,-26.69,-9.54,-24.54,-35.43,48.8,57.93,0.8814,LOW,EARLY,11.6051,11.5847,13.0658,0,-8.037,WEAK,9.4243
1146,109,CMS,CMS Energy,Utilities,Multi-Utilities,large,73.31,0.7957,0.9817,0.8334,0.8661,FLAT,0.5,9.11,24.85,-8.46,53.2,17.56,,LOW,-,75.0542,76.1012,72.4513,1,27.5898,TREND_ONLY,9.4233
1147,-58,WSBC,WESBANCO INC,Financials,,mid,33.47,0.7906,0.9563,0.8239,0.7956,STRONG_UP,9.43,8.4,29.55,-12.9,48.4,27.0,1.09,MED,-,34.5645,34.3694,32.8048,1,15.0543,TREND_ONLY,9.3985
1148,181,BL,BLACKLINE INC,Information Technology,,mid,26.21,0.3465,0.8728,0.751,0.5424,STRONG_UP,-51.88,-52.48,-54.75,-55.45,50.4,61.8,1.1566,MED,EARLY,31.0685,34.1128,47.6052,0,-42.8022,WEAK,9.3686
1149,67,PRU,Prudential Financial,Financials,Life & Health Insurance,large,102.58,0.7337,1.0078,0.9235,0.8565,STRONG_UP,-1.55,0.6,-4.11,-21.46,54.8,24.3,0.5576,LOW,SHIFT,98.5495,96.9076,102.7063,0,1.359,WEAK,9.3656
1150,3,MSI,Motorola Solutions,Information Technology,Communications Equipment,large,391.39,0.6982,0.8881,0.7907,0.808,FLAT,-0.07,-4.26,11.61,-25.45,51.6,33.47,1.4425,MED,EARLY,431.131,444.0881,428.1439,0,-6.5701,WEAK,9.3649
1151,66,KDP,Keurig Dr Pepper,Consumer Staples,Soft Drinks & Non-alcoholic Beverages,large,29.17,0.6647,1.005,0.9968,0.8537,STRONG_UP,13.6,-8.86,-9.27,-27.48,50.4,29.08,0.8309,LOW,-,28.087,27.2754,27.9242,1,-15.3585,TREND_ONLY,9.35
1152,20,GPN,Global Payments,Financials,Transaction & Payment Processing Services,large,68.61,0.6122,0.9696,0.8892,0.8264,STRONG_UP,-8.78,-16.06,-35.86,-29.7,44.8,49.96,0.5358,LOW,EARLY,70.2075,69.8529,77.453,0,-14.4026,WEAK,9.3449
1153,-215,RYZ,RYERSON HOLDING CORP,Materials,,small,24.16,0.8101,0.8421,0.8693,0.7049,FLAT,19.08,11.07,16.31,-34.71,52.8,64.34,0.8233,LOW,-,26.1475,24.1372,23.9955,1,9.0838,TREND_ONLY,9.2979
1154,140,GERN,GERON CORP,Health Care,,small,1.4,0.8509,0.8719,0.7033,0.754,FLAT,20.69,16.67,-62.57,-33.95,44.8,75.34,1.4203,MED,-,1.539,1.5694,1.4029,0,9.9106,WEAK,9.2868
1155,58,HMN,HORACE MANN EDUCATORS CORP,Financials,,small,44.42,0.8039,0.9575,0.8903,0.9127,FLAT,-1.05,10.23,35.84,-10.73,56.0,17.44,0.5004,LOW,-,45.3515,43.8722,44.0043,1,32.8537,TREND_ONLY,9.2859
1156,88,AHCO,ADAPTHEALTH CORP,Health Care,,small,11.25,0.9091,0.9693,0.7833,0.9255,FLAT,19.68,24.65,18.42,-17.4,48.4,56.57,1.2138,MED,-,12.425,11.5211,10.0939,1,21.0932,TREND_ONLY,9.2813
1157,-13,GBX,GREENBRIER INC,Industrials,,small,50.03,0.7885,0.9775,0.8508,0.7937,STRONG_UP,18.48,8.11,-1.14,-26.98,50.4,34.54,0.503,LOW,-,49.5406,51.0307,47.7285,1,11.8348,TREND_ONLY,9.2695
1158,-58,WSM,"Williams-Sonoma, Inc.",Consumer Discretionary,Homefurnishing Retail,large,175.39,0.744,0.9255,0.8077,0.7163,STRONG_UP,-9.25,2.02,14.53,-20.56,48.8,34.19,0.6635,LOW,EARLY,187.3667,185.4582,192.3122,0,2.8786,WEAK,9.2662
1159,3,FIS,Fidelity National Information Services,Financials,Transaction & Payment Processing Services,large,43.01,0.4142,0.9206,0.814,0.7786,STRONG_UP,-33.31,-43.21,-40.65,-47.5,46.8,36.66,1.2019,MED,EARLY,46.396,47.5395,59.6198,0,-55.1582,WEAK,9.2635
1160,-131,MNKD,MANNKIND CORP,Health Care,,small,3.28,0.5068,0.9066,1.0643,0.4955,FLAT,-39.48,-30.51,-25.62,-63.29,45.2,101.76,0.8114,LOW,-,2.9455,2.7346,4.5932,0,-13.5513,WEAK,9.2499
1161,-27,DIS,Walt Disney Company (The),Communication Services,Movies & Entertainment,large,106.16,0.7028,0.9667,0.9201,0.8514,STRONG_UP,-4.78,-3.63,2.34,-24.97,45.2,28.03,0.6082,LOW,SHIFT,104.2125,100.9904,108.7111,0,-5.8577,WEAK,9.2285
1162,-228,ARRY,ARRAY TECHNOLOGIES INC,Industrials,,small,8.17,0.7223,0.9888,0.9698,0.6382,STRONG_UP,-10.91,-0.97,-35.47,-44.31,49.6,90.68,0.7769,LOW,-,7.9605,7.4402,8.4621,0,-0.5304,WEAK,9.2232
1163,-82,TECH,Bio-Techne,Health Care,Life Sciences Tools & Services,mid,47.42,0.674,0.9842,0.7188,0.6489,STRONG_UP,-17.25,-7.58,-41.62,-33.49,49.2,58.46,0.7038,LOW,EARLY,54.2075,53.7594,57.9004,0,-6.3816,WEAK,9.2091
1164,-16,IRTC,IRHYTHM HOLDINGS INC,Health Care,,mid,118.31,0.6173,0.9891,0.8536,0.6744,STRONG_UP,-32.89,-15.36,19.66,-40.29,49.2,45.89,0.7868,LOW,EARLY,121.9835,120.3696,156.8202,0,-16.4677,WEAK,9.2016
1165,-18,NVCR,NOVOCURE LTD,Health Care,,small,18.31,0.7362,1.0923,1.4407,1.512,STRONG_DOWN,62.47,0.94,1.84,-48.3,47.2,106.92,0.6829,LOW,-,14.4698,12.8389,12.6299,1,0.4137,TREND_ONLY,9.1966
1166,-35,BSX,Boston Scientific,Health Care,Health Care Equipment,large,54.1,0.3833,0.9506,0.7537,0.6385,STRONG_UP,-46.39,-47.45,-25.7,-50.65,46.4,38.89,0.9816,LOW,EARLY,59.093,64.1492,88.2536,0,-56.6133,WEAK,9.1904
1167,40,ADBE,Adobe Inc.,Information Technology,Application Software,large,240.83,0.442,0.9472,0.9084,0.812,STRONG_UP,-26.77,-39.4,-50.15,-46.43,48.8,39.55,0.5552,LOW,EARLY,247.6305,249.6314,310.0859,0,-48.6132,WEAK,9.1618
1168,-35,ZD,ZIFF DAVIS INC,Communication,,small,40.85,0.8765,0.9202,0.7962,1.1259,FLAT,26.78,20.18,-26.58,-33.79,48.4,106.3,0.5224,LOW,-,45.656,43.7322,37.2173,1,9.1894,TREND_ONLY,9.1445
1169,4,BUR,BURFORD CAPITAL LTD,Financials,,small,4.6,0.2349,0.854,0.8684,0.4369,FLAT,-48.78,-67.79,-67.83,-72.84,47.6,114.43,1.1262,MED,-,4.893,5.9084,9.5019,0,-28.199,WEAK,9.133
1170,-118,NWS,News Corp (Class B),Communication Services,Publishing,large,30.41,0.6797,0.9898,0.9378,0.989,FLAT,0.67,-6.8,17.26,-26.84,52.8,23.07,1.153,MED,-,30.277,28.6969,30.0762,1,-15.5611,TREND_ONLY,9.1246
1171,-97,DORM,DORMAN PRODUCTS INC,Consumer Discretionary,,mid,119.52,0.6659,0.9592,0.965,0.7776,FLAT,-10.81,-8.7,28.05,-39.58,46.8,37.3,0.8089,LOW,SHIFT,113.7095,109.016,130.4459,0,-10.9166,WEAK,9.1115
1172,195,STE,Steris,Health Care,Health Care Equipment,large,210.85,0.6703,0.9674,0.8338,0.7528,STRONG_UP,-19.93,-8.1,-7.75,-24.67,48.0,25.6,2.0059,HIGH,EARLY,217.0695,220.7356,242.0561,0,-15.1802,WEAK,9.1075
1173,-10,RJF,Raymond James Financial,Financials,Investment Banking & Brokerage,large,153.48,0.7412,0.9476,0.8906,0.8422,STRONG_UP,-4.54,1.63,25.5,-19.64,54.8,25.36,,LOW,-,154.7015,149.6029,159.8252,0,3.5164,WEAK,9.1024
1174,-121,GIII,G III APPAREL GROUP LTD,Consumer Discretionary,,small,29.67,0.7743,0.9138,0.8955,0.8565,STRONG_UP,7.2,6.17,6.17,-29.39,51.6,37.61,0.6999,LOW,-,31.024,29.2159,28.3224,1,8.4684,TREND_ONLY,9.1011
1175,-52,IBM,IBM,Information Technology,IT Consulting & Other Services,large,219.22,0.6341,0.9626,0.8172,0.7019,STRONG_UP,-28.16,-13.06,38.24,-29.49,54.0,44.39,,LOW,EARLY,234.176,239.8972,267.388,0,-15.8832,WEAK,9.0964
1176,0,FRSH,FRESHWORKS INC CLASS A,Information Technology,,mid,8.5,0.3879,0.9408,0.9664,1.0096,STRONG_DOWN,-24.98,-46.81,-38.14,-56.95,44.8,57.78,1.1594,MED,-,8.614,8.3017,10.8137,0,-36.2932,WEAK,9.0871
1177,-9,MGNI,MAGNITE INC,Communication,,small,13.82,0.618,1.0156,0.9862,1.0155,FLAT,-5.08,-15.27,51.2,-57.77,52.0,54.17,1.2982,MED,-,13.3965,12.8294,16.704,0,-14.6551,WEAK,9.0819
1178,55,NSP,INSPERITY INC,Industrials,,small,31.57,0.3545,1.0805,1.0174,0.9382,STRONG_UP,0.57,-51.39,-66.86,-70.39,46.4,90.57,0.3205,LOW,-,31.616,27.3389,37.8207,0,-26.326,WEAK,9.0641
1179,46,OSIS,OSI SYSTEMS INC,Information Technology,,mid,227.41,0.7203,0.9313,0.6811,0.738,FLAT,-20.36,-1.23,66.98,-26.57,52.0,51.33,1.9417,HIGH,EARLY,275.661,277.6374,261.2858,0,-1.2495,WEAK,9.0598
1180,49,TOWN,TOWNEBANK,Financials,,mid,34.21,0.753,0.9684,0.871,0.8537,STRONG_UP,6.97,3.25,36.14,-14.28,48.0,21.8,2.1276,HIGH,-,34.8213,33.692,33.6354,1,7.1493,TREND_ONLY,9.0275
1181,-32,MGRC,MCGRATH RENT,Industrials,,mid,113.71,0.7305,0.9896,0.8888,0.8563,STRONG_UP,10.35,0.17,8.94,-24.87,49.6,29.02,0.7187,LOW,-,114.0673,110.5958,112.1502,1,0.2859,TREND_ONLY,9.0134
1182,-44,PAGS,PAGSEGURO DIGITAL LTD CLASS A,Financials,,mid,9.78,0.7626,0.9244,0.8169,0.7774,STRONG_UP,5.64,4.56,-18.55,-21.92,48.4,47.66,0.7802,LOW,-,10.3177,10.0397,9.652,1,4.6293,TREND_ONLY,9.0037
1183,123,YUM,Yum! Brands,Consumer Discretionary,Restaurants,large,152.86,0.7798,0.9641,0.8412,0.8371,STRONG_UP,4.07,6.92,16.48,-10.63,50.0,21.92,0.8378,LOW,-,157.631,158.1962,151.4795,1,15.7806,TREND_ONLY,8.9422
1184,-15,VRSK,Verisk Analytics,Industrials,Research & Consulting Services,large,166.32,0.4054,0.9574,0.8667,0.832,STRONG_UP,-21.53,-44.42,-31.56,-48.48,46.0,37.95,0.8199,LOW,EARLY,177.2775,186.7312,219.6201,0,-53.8415,WEAK,8.9154
1185,-3,SCHW,Charles Schwab Corporation,Financials,Investment Banking & Brokerage,large,90.18,0.7725,0.9664,0.8179,0.8249,FLAT,-4.72,5.92,23.97,-17.51,55.2,28.14,0.6627,LOW,EARLY,91.096,92.8793,94.9821,0,11.6122,WEAK,8.9119
1186,-30,EPAM,EPAM Systems,Information Technology,IT Consulting & Other Services,mid,95.14,0.3713,0.8752,0.6639,0.4635,STRONG_UP,-47.84,-49.1,-50.12,-57.03,50.8,52.35,1.0216,MED,EARLY,115.6055,127.7238,163.6264,0,-47.6421,WEAK,8.8922
1187,-81,MFA,MFA FINANCIAL INC,Financials,,small,9.57,0.8469,0.9638,0.8441,0.8868,FLAT,11.4,16.13,17.89,-10.87,50.4,26.51,0.8771,LOW,-,10.043,9.798,9.1077,1,30.6603,TREND_ONLY,8.8871
1188,-24,BDC,BELDEN INC,Information Technology,,mid,109.97,0.7055,0.9438,0.7507,0.6707,STRONG_UP,-7.44,-3.27,19.87,-27.1,51.2,44.83,1.0315,MED,EARLY,122.246,121.1457,122.523,0,-3.7303,WEAK,8.8829
1189,131,ADP,Automatic Data Processing,Industrials,Human Resource & Employment Services,large,213.81,0.5187,1.0154,0.9745,0.8591,STRONG_UP,-14.6,-28.88,-9.65,-40.78,48.8,32.01,1.0794,MED,SHIFT,205.9545,206.4687,250.6938,0,-44.0272,WEAK,8.879
1190,20,BOX,BOX INC CLASS A,Information Technology,,mid,24.05,0.553,0.9763,0.958,0.8938,STRONG_UP,-24.73,-24.18,-9.31,-44.57,46.0,45.37,0.7708,LOW,EARLY,24.4565,24.2152,28.5925,0,-24.5161,WEAK,8.848
1191,77,NHI,NATIONAL HEALTH INVESTORS REIT INC,Real Estate,,mid,74.43,0.7629,0.991,0.7791,0.7395,STRONG_UP,-0.71,4.61,24.54,-18.79,51.2,28.1,1.1746,MED,EARLY,78.0555,81.409,77.6859,0,8.3931,WEAK,8.846
1192,38,CVLT,COMMVAULT SYSTEMS INC,Information Technology,,mid,102.23,0.4112,0.9939,1.0143,1.0095,FLAT,-21.59,-43.62,-5.66,-61.53,51.2,49.81,0.6202,LOW,SHIFT,97.901,88.1592,129.8807,0,-44.8394,WEAK,8.8458
1193,-63,AORT,ARTIVION INC,Health Care,,small,23.1,0.5828,0.6545,0.5412,0.4995,STRONG_UP,-48.64,-20.1,-0.43,-51.5,52.4,72.38,1.3978,MED,-,34.6595,35.6906,40.6291,0,-14.5493,WEAK,8.8338
1194,3,ALH,ALLIANCE LAUNDRY HOLDINGS INC,Industrials,,mid,25.25,0.742,0.9567,0.8987,0.9066,FLAT,-5.57,1.73,1.73,-29.22,53.06,44.15,0.924,LOW,-,25.194,22.7772,,0,2.0821,WEAK,8.748
1195,41,ARE,Alexandria Real Estate Equities,Real Estate,Office REITs,mid,46.5,0.4995,0.9984,0.9109,0.7618,STRONG_UP,-11.66,-31.51,-56.84,-51.61,54.8,48.05,0.544,LOW,SHIFT,45.272,46.3254,58.3571,0,-35.938,WEAK,8.7456
1196,54,MDT,Medtronic,Health Care,Health Care Equipment,large,76.82,0.6792,0.9741,0.7751,0.6643,STRONG_UP,-15.8,-6.87,-1.89,-28.14,49.2,22.32,0.984,LOW,EARLY,81.0295,85.1911,92.5018,0,-15.1472,WEAK,8.722
1197,-10,GABC,GERMAN AMERICAN BANCORP INC,Financials,,small,42.57,0.8049,0.9649,0.8671,0.8633,STRONG_UP,9.25,10.36,39.7,-11.3,46.4,19.59,0.8581,LOW,-,43.162,41.9843,40.1853,1,24.5484,TREND_ONLY,8.7076
1198,-104,OPCH,OPTION CARE HEALTH INC,Health Care,,mid,19.59,0.4527,0.9426,0.6243,0.4899,STRONG_UP,-30.51,-37.93,-34.9,-46.46,43.2,58.98,,LOW,EARLY,24.7065,27.1666,29.5678,0,-27.7802,WEAK,8.696
1199,-70,BFST,BUSINESS FIRST BANCSHARES INC,Financials,,small,27.08,0.8106,0.9637,0.8395,0.8077,STRONG_UP,9.01,11.15,33.96,-13.49,48.0,24.17,0.8533,LOW,-,27.802,27.364,25.9385,1,22.1405,TREND_ONLY,8.6856
1200,139,AMT,American Tower,Real Estate,Telecom Tower REITs,large,178.82,0.663,0.9767,0.9013,0.8677,STRONG_UP,1.47,-9.09,3.54,-26.67,52.4,27.44,1.0777,MED,SHIFT,178.793,177.8977,182.4154,0,-17.3589,WEAK,8.6839
1201,94,NOG,NORTHERN OIL AND GAS INC,Energy,,mid,23.87,0.6289,0.9498,0.8264,0.7902,STRONG_UP,11.61,-13.77,-32.31,-34.26,50.0,45.31,1.4192,MED,EARLY,25.781,27.1488,24.1373,0,-15.1991,WEAK,8.6831
1202,-28,FRME,FIRST MERCHANTS CORP,Financials,,mid,39.93,0.7686,0.9651,0.8689,0.8311,STRONG_UP,12.39,5.38,21.4,-15.73,49.2,21.99,0.8384,LOW,-,40.325,39.1602,38.2318,1,12.0414,TREND_ONLY,8.6767
1203,34,EG,Everest Group,Financials,Reinsurance,large,351.67,0.7499,0.9833,0.9163,0.923,FLAT,7.69,2.83,-4.62,-16.43,51.6,19.11,0.8213,LOW,-,349.0445,335.1897,332.0242,1,7.634,TREND_ONLY,8.6635
1204,17,ACN,Accenture,Information Technology,IT Consulting & Other Services,large,169.77,0.3891,0.9569,0.7929,0.6442,STRONG_UP,-29.99,-46.65,-43.03,-46.76,46.4,41.8,0.7986,LOW,EARLY,182.591,191.316,234.9307,0,-51.785,WEAK,8.662
1205,68,BXP,"BXP, Inc.",Real Estate,Office REITs,mid,59.01,0.6834,0.9703,0.9534,0.8395,STRONG_UP,-15.61,-6.3,4.32,-33.56,52.0,33.4,0.3325,LOW,SHIFT,58.3495,54.7956,64.3063,0,-9.8091,WEAK,8.6409
1206,-118,LTH,LIFE TIME GROUP HOLDINGS INC,Consumer Discretionary,,mid,33.61,0.8206,0.9846,1.068,0.9812,FLAT,34.44,12.52,128.33,-19.24,46.8,51.04,,LOW,-,28.7005,27.4766,27.3514,1,11.4808,TREND_ONLY,8.6276
1207,-146,HPQ,HP Inc.,Information Technology,"Technology Hardware, Storage & Peripherals",large,21.08,0.5612,0.9688,0.987,0.94,FLAT,-14.29,-23.05,-23.45,-36.62,46.0,39.04,0.7272,LOW,SHIFT,20.549,19.5252,22.7472,0,-27.1625,WEAK,8.625
1208,-293,ABNB,Airbnb,Consumer Discretionary,"Hotels, Resorts & Cruise Lines",large,135.48,0.7157,0.953,0.8999,0.9826,FLAT,12.71,-1.86,-9.15,-21.54,53.6,34.45,0.9828,LOW,-,140.3665,134.0576,128.3221,1,-2.8965,TREND_ONLY,8.6087
1209,63,T,AT&T,Communication Services,Integrated Telecommunication Services,large,25.23,0.726,0.9709,0.8756,0.7764,STRONG_UP,3.88,-0.45,60.51,-20.59,50.4,25.0,0.8306,LOW,EARLY,25.8445,26.9585,26.1516,0,-0.906,WEAK,8.6013
1210,-92,BHRB,BURKE HERBERT FINANCIAL SERVICES C,Financials,,small,62.33,0.7981,0.9681,0.8411,0.7866,STRONG_UP,3.54,9.44,35.24,-13.49,50.4,21.82,1.3383,MED,-,64.207,63.4324,62.5609,0,21.7959,WEAK,8.5989
1211,162,CPK,CHESAPEAKE UTILITIES CORP,Utilities,,mid,126.15,0.7901,0.9865,0.8673,0.8434,STRONG_UP,-4.49,8.33,19.35,-12.54,52.4,20.79,0.9058,LOW,EARLY,126.4735,127.8857,127.7327,0,20.989,WEAK,8.5654
1212,-230,KTB,KONTOOR BRANDS INC,Consumer Discretionary,,mid,67.71,0.6898,0.889,0.8243,0.8776,FLAT,-4.51,-5.42,4.4,-32.91,47.6,62.9,0.9182,LOW,EARLY,73.3115,71.5664,70.4361,0,-4.1051,WEAK,8.5557
1213,0,PNR,Pentair,Industrials,Industrial Machinery & Supplies & Components,large,75.26,0.5632,0.9267,0.7391,0.6512,STRONG_UP,-30.37,-22.78,-7.0,-32.63,47.6,32.52,1.5363,HIGH,EARLY,83.8681,86.96,100.5901,0,-33.3475,WEAK,8.5441
1214,119,HIG,Hartford (The),Financials,Property & Casualty Insurance,large,133.11,0.7716,0.9812,0.8529,0.8162,STRONG_UP,2.6,5.79,36.95,-9.16,52.0,18.44,0.7918,LOW,-,136.1625,136.1788,132.9271,1,16.3322,TREND_ONLY,8.5262
1215,55,LH,Labcorp,Health Care,Health Care Services,large,257.35,0.7588,0.9855,0.851,0.7717,STRONG_UP,-0.94,4.04,25.22,-15.22,53.2,23.5,0.7515,LOW,EARLY,261.6095,266.0614,267.8712,0,9.1481,WEAK,8.5192
1216,133,EQR,Equity Residential,Real Estate,Multi-Family Residential REITs,large,65.89,0.7215,0.98,0.9548,0.8944,STRONG_UP,13.31,-1.07,7.11,-16.36,50.0,20.15,1.2835,MED,-,64.0465,61.5398,61.3096,1,-2.6567,TREND_ONLY,8.5084
1217,46,DHR,Danaher Corporation,Health Care,Life Sciences Tools & Services,large,166.26,0.621,0.9353,0.7443,0.6567,STRONG_UP,-20.99,-14.85,-33.15,-31.17,50.0,27.5,1.2037,MED,EARLY,180.613,187.5987,207.2587,0,-27.0071,WEAK,8.5072
1218,-7,ASGN,ASGN INC,Information Technology,,small,18.9,0.2426,0.8847,0.4448,0.3321,STRONG_UP,-56.73,-66.73,-80.95,-66.73,45.78,120.16,0.9624,LOW,-,27.302,34.0196,44.6469,0,-25.4241,WEAK,8.5068
1219,73,KR,Kroger,Consumer Staples,Food Retail,large,64.62,0.7126,0.9633,0.8551,0.8201,STRONG_UP,1.32,-2.3,22.07,-19.44,46.4,28.36,1.0855,MED,EARLY,67.0705,70.0016,66.8908,0,-3.7568,WEAK,8.4795
1220,-150,BJRI,BJS RESTAURANTS INC,Consumer Discretionary,,small,41.42,0.7052,1.0176,0.959,0.844,STRONG_UP,14.29,-3.31,18.14,-38.67,49.6,40.33,0.7319,LOW,-,38.865,37.0692,36.7725,1,-4.0766,TREND_ONLY,8.4613
1221,-18,ECL,Ecolab,Materials,Specialty Chemicals,large,251.7,0.7375,0.9402,0.8194,0.7209,STRONG_UP,-2.12,1.12,10.82,-18.35,52.4,23.36,0.7864,LOW,EARLY,263.629,268.4603,271.4203,0,2.5086,WEAK,8.4332
1222,-14,ITW,Illinois Tool Works,Industrials,Industrial Machinery & Supplies & Components,large,251.41,0.7546,0.9496,0.8211,0.736,STRONG_UP,4.24,3.46,5.45,-15.55,50.8,21.7,0.8789,LOW,EARLY,262.6685,264.9843,258.4601,0,8.1103,WEAK,8.4275
1223,-81,FIVN,FIVE9 INC,Information Technology,,small,20.93,0.5402,0.9404,1.2896,1.0939,FLAT,0.82,-25.94,-60.84,-53.96,46.0,84.91,0.8307,LOW,-,18.705,16.8949,20.6069,1,-14.0518,TREND_ONLY,8.4041
1224,-58,TNDM,TANDEM DIABETES CARE INC,Health Care,,small,14.69,0.4632,0.8017,0.6187,0.6479,FLAT,-10.26,-36.49,-66.56,-56.99,45.2,99.82,1.0148,MED,-,19.0368,20.5877,18.0797,0,-16.523,WEAK,8.3994
1225,-252,CARG,CARGURUS INC CLASS A,Communication,,mid,31.57,0.6859,0.8304,0.7847,0.995,FLAT,-10.87,-5.96,31.27,-30.92,51.6,44.68,1.0417,MED,EARLY,36.5462,34.9093,34.6169,0,-6.8804,WEAK,8.3921
1226,6,ADSK,Autodesk,Information Technology,Application Software,large,234.87,0.5767,0.9507,0.9135,0.8756,STRONG_UP,-21.37,-20.92,8.41,-33.15,51.2,39.83,0.6984,LOW,EARLY,241.2955,242.6442,278.5422,0,-26.8943,WEAK,8.3785
1227,-86,CLB,CORE LABORATORIES INC,Energy,,small,13.18,0.7737,0.9494,0.7208,0.6042,STRONG_UP,-14.64,6.08,-23.76,-33.21,48.4,51.98,0.7338,LOW,-,15.4507,16.0132,15.1434,0,5.6656,WEAK,8.3551
1228,-131,RVLV,REVOLVE GROUP CLASS A INC,Consumer Discretionary,,small,18.68,0.6705,0.9104,0.6622,0.6315,STRONG_UP,-15.7,-8.07,-14.31,-40.76,46.4,60.3,1.4317,MED,-,24.382,23.83,24.3122,0,-6.2104,WEAK,8.3416
1229,-79,THRM,GENTHERM INC,Consumer Discretionary,,small,30.3,0.7803,0.9658,0.9182,0.8106,STRONG_UP,-17.55,6.99,-40.17,-30.32,47.2,38.98,0.5367,LOW,-,29.8985,29.1688,33.797,0,8.4659,WEAK,8.3314
1230,-126,AVNT,AVIENT CORP,Materials,,mid,35.26,0.6845,0.9169,0.8267,0.7541,STRONG_UP,21.02,-6.15,-18.11,-28.08,47.6,36.13,0.8129,LOW,-,37.074,36.2651,34.2625,1,-8.1019,TREND_ONLY,8.3295
1231,4,CVCO,CAVCO INDUSTRIES INC,Consumer Discretionary,,mid,475.87,0.6573,0.9363,0.8137,0.725,STRONG_UP,-16.94,-9.87,27.85,-34.05,52.8,42.48,0.5526,LOW,EARLY,510.0175,505.1178,545.1529,0,-12.2674,WEAK,8.325
1232,-20,STZ,Constellation Brands,Consumer Staples,Distillers & Vintners,large,142.53,0.5689,0.9209,0.7755,0.7623,STRONG_UP,12.41,-21.99,-42.29,-33.85,44.4,34.45,0.8464,LOW,EARLY,153.6401,152.5335,147.1181,0,-28.3438,WEAK,8.3045
1233,-5,LW,Lamb Weston,Consumer Staples,Packaged Foods & Meats,mid,41.41,0.6075,0.951,0.8494,0.721,STRONG_UP,-30.21,-16.7,-48.66,-41.37,50.8,36.67,0.5952,LOW,EARLY,43.0535,42.2375,50.5625,0,-23.1404,WEAK,8.3017
1234,-54,TIC,TIC SOLUTIONS INC,Industrials,,small,9.4,0.6383,0.8971,1.0539,0.8334,FLAT,-16.22,-12.48,-21.67,-54.66,48.4,56.36,0.4708,LOW,-,9.056,8.2186,10.2665,0,-10.7146,WEAK,8.3009
1235,-50,GRBK,GREEN BRICK PARTNERS INC,Consumer Discretionary,,mid,64.28,0.7437,0.9466,0.8473,0.7211,STRONG_UP,1.92,1.97,16.09,-23.99,47.6,35.47,0.6179,LOW,EARLY,67.8455,66.5826,68.3339,0,2.6397,WEAK,8.2879
1236,126,INVH,Invitation Homes,Real Estate,Single-Family Residential REITs,large,28.46,0.6418,0.9744,0.956,0.9183,STRONG_UP,3.88,-12.01,-11.7,-26.99,46.4,22.51,1.0416,MED,-,27.8425,26.292,27.3138,1,-24.7501,TREND_ONLY,8.262
1237,-49,TRMB,Trimble Inc.,Information Technology,Electronic Equipment & Instruments,large,56.51,0.5784,0.8768,0.7554,0.7523,STRONG_UP,-29.1,-20.69,-0.96,-33.7,54.0,33.42,1.3146,MED,EARLY,65.952,66.2804,75.0804,0,-33.4272,WEAK,8.2518
1238,-11,OMC,Omnicom Group,Communication Services,Advertising,large,76.04,0.7444,0.9728,0.884,0.9606,FLAT,6.62,2.07,-15.37,-17.85,50.4,40.51,0.5254,LOW,-,77.0435,77.3598,75.6968,1,2.5726,TREND_ONLY,8.2501
1239,4,WAY,WAYSTAR HOLDING CORP,Health Care,,mid,19.39,0.3616,0.9588,0.7686,0.7085,STRONG_UP,-46.3,-50.42,-6.33,-52.89,48.0,60.63,0.6766,LOW,EARLY,23.2807,23.8321,31.3163,0,-39.9184,WEAK,8.2455
1240,0,NRG,NRG Energy,Utilities,Independent Power Producers & Energy Traders,large,137.34,0.6465,0.8971,0.7165,0.7436,FLAT,-17.11,-11.36,71.57,-25.16,50.8,49.84,1.1387,MED,EARLY,153.0147,153.8438,158.5658,0,-11.5768,WEAK,8.2112
1241,7,MET,MetLife,Financials,Life & Health Insurance,large,78.64,0.7224,0.9653,0.9195,0.8643,STRONG_UP,2.62,-0.95,14.26,-17.46,52.4,25.28,0.5901,LOW,-,78.3185,73.8748,76.8415,1,-1.9773,TREND_ONLY,8.1979
1242,-49,CRI,CARTERS INC,Consumer Discretionary,,small,33.32,0.7045,0.8806,0.8513,0.7695,STRONG_UP,3.84,-3.4,-48.69,-35.72,52.8,62.69,0.6969,LOW,-,36.3525,35.4567,32.3435,1,-2.8667,TREND_ONLY,8.1765
1243,23,TDG,TransDigm Group,Industrials,Aerospace & Defense,large,1191.1899,0.6558,0.9503,0.8168,0.7788,STRONG_UP,-7.58,-10.08,4.96,-25.3,52.4,30.54,1.26,MED,EARLY,1197.0855,1208.105,1298.7061,0,-17.2982,WEAK,8.144
1244,-277,ARLO,ARLO TECHNOLOGIES INC,Information Technology,,small,12.95,0.6884,0.8746,0.8272,0.9713,FLAT,-17.88,-5.61,14.7,-42.23,50.8,72.33,1.3571,MED,-,14.463,14.2268,15.1335,0,-3.9417,WEAK,8.1432
1245,-4,NBBK,NB BANCORP INC,Financials,,small,20.06,0.8345,0.9638,0.7933,0.8081,FLAT,10.23,14.42,32.01,-15.37,49.2,32.11,0.9854,LOW,-,20.5218,20.9045,19.6104,1,22.0956,TREND_ONLY,8.1385
1246,-67,EQT,EQT Corporation,Energy,Oil & Gas Exploration & Production,large,55.78,0.7324,0.9569,0.877,0.8544,STRONG_UP,-4.83,0.42,44.01,-18.39,49.6,27.26,0.4155,LOW,EARLY,57.8592,60.6512,55.8963,0,0.7562,WEAK,8.1044
1247,-49,USLM,UNITED STATES LIME AND MINERALS IN,Materials,,mid,109.45,0.7777,1.0067,0.7088,0.8812,FLAT,-8.2,6.63,49.06,-23.67,52.8,52.59,0.5414,LOW,EARLY,121.6145,124.298,122.0938,0,6.6542,WEAK,8.0877
1248,-88,TFIN,TRIUMPH FINANCIAL INC,Financials,,small,64.42,0.7525,0.943,0.9253,0.8074,STRONG_UP,20.28,3.17,-12.95,-28.76,49.2,46.0,0.6606,LOW,-,66.286,61.8098,59.5504,1,3.3916,TREND_ONLY,8.0415
1249,-158,XPEL,XPEL INC,Consumer Discretionary,,small,40.8,0.7659,0.9223,0.7793,0.6438,STRONG_UP,5.56,5.02,14.93,-31.79,49.6,47.68,0.7708,LOW,-,45.9375,43.3393,42.6761,0,5.2214,WEAK,8.0265
1250,-61,BBT,BEACON FINANCIAL CORP,Financials,,mid,28.29,0.7992,0.9649,0.7935,0.7992,FLAT,9.3,9.59,30.78,-13.9,49.6,29.63,0.615,LOW,-,30.3245,30.025,26.9703,1,16.0459,TREND_ONLY,8.0222
1251,-11,CVBF,CVB FINANCIAL CORP,Financials,,mid,19.84,0.7537,0.9463,0.8609,0.843,STRONG_UP,8.95,3.34,26.27,-13.91,47.6,23.46,1.0055,MED,-,20.3385,19.688,19.2456,1,6.783,TREND_ONLY,8.019
1252,-14,AIN,ALBANY INTERNATIONAL CORP CLASS A,Industrials,,small,61.73,0.6721,0.9989,0.9405,0.9154,STRONG_UP,31.09,-7.85,-28.99,-42.65,51.2,37.87,0.5966,LOW,-,58.1335,55.8497,55.5036,1,-10.6069,TREND_ONLY,8.0003
1253,123,ESS,Essex Property Trust,Real Estate,Multi-Family Residential REITs,large,268.64,0.7257,0.9891,0.95,0.9007,STRONG_UP,5.41,-0.49,10.99,-16.49,55.2,20.52,0.4088,LOW,-,260.607,252.2689,253.4595,1,-1.3207,TREND_ONLY,7.9937
1254,-77,FDP,FRESH DEL MONTE PRODUCE INC,Consumer Staples,,small,35.48,0.8157,0.931,0.7583,0.7761,FLAT,-4.28,11.84,55.27,-16.99,50.4,29.53,1.1822,MED,-,40.0945,41.0214,37.427,0,20.2022,WEAK,7.9898
1255,34,LMB,LIMBACH HOLDINGS INC,Industrials,,small,72.32,0.4317,0.9245,0.7329,0.6628,STRONG_UP,-7.4,-40.8,43.29,-55.92,50.4,90.21,1.2155,MED,-,91.0625,84.7808,90.7892,0,-22.7969,WEAK,7.9654
1256,11,TRNS,TRANSCAT INC,Industrials,,small,76.06,0.6812,0.9958,0.8265,0.8445,FLAT,29.44,-6.59,-35.71,-44.83,47.2,39.68,0.8392,LOW,-,76.9845,75.7538,70.8019,1,-7.8444,TREND_ONLY,7.9585
1257,-57,PTON,PELOTON INTERACTIVE CLASS A INC,Consumer Discretionary,,small,5.39,0.5772,1.0199,1.0047,1.0818,FLAT,-27.55,-20.85,28.64,-58.78,44.8,56.99,0.9963,LOW,-,5.241,4.5972,6.2697,0,-16.3916,WEAK,7.958
1258,55,PAYC,Paycom,Industrials,Human Resource & Employment Services,mid,137.6,0.3888,1.0715,1.0209,1.0078,STRONG_UP,-17.09,-46.69,-19.69,-56.97,48.4,47.31,0.6919,LOW,SHIFT,129.808,126.7226,166.6429,0,-47.7655,WEAK,7.9516
1259,107,EXC,Exelon,Utilities,Electric Utilities,large,44.98,0.7836,0.9831,0.8219,0.8849,FLAT,-0.21,7.44,25.82,-12.69,50.4,23.35,0.8862,LOW,EARLY,46.1565,47.7392,45.3102,0,16.0679,WEAK,7.941
1260,72,HURN,HURON CONSULTING GROUP INC,Industrials,,mid,110.23,0.5367,0.903,0.7623,0.729,STRONG_UP,-33.68,-26.42,26.22,-40.6,54.0,50.04,1.012,MED,EARLY,126.3465,128.841,148.1842,0,-28.5056,WEAK,7.9132
1261,41,AZTA,AZENTA INC,Health Care,,small,17.53,0.4582,0.9385,0.6425,0.4992,STRONG_UP,-42.07,-37.17,-65.86,-57.25,48.8,74.32,1.3857,MED,-,23.353,22.636,29.8877,0,-24.4056,WEAK,7.9082
1262,12,BAX,Baxter International,Health Care,Health Care Equipment,mid,17.89,0.4246,1.0367,0.9043,0.6969,STRONG_UP,0.89,-41.78,-47.45,-49.79,48.4,54.07,0.5323,LOW,SHIFT,17.8015,17.4628,20.3159,0,-37.4022,WEAK,7.8961
1263,-148,TNC,TENNANT,Industrials,,small,82.27,0.7928,0.9281,0.9289,0.8781,FLAT,12.31,8.7,-19.5,-27.71,52.8,55.2,0.3854,LOW,-,82.029,73.2326,76.5298,1,8.3241,TREND_ONLY,7.8927
1264,-3,CCOI,COGENT COMMUNICATIONS HOLDINGS INC,Communication,,small,16.11,0.2413,0.9549,0.6355,0.5274,STRONG_UP,-27.02,-66.91,-69.64,-68.64,50.8,109.65,0.6513,LOW,-,21.2375,20.4994,27.9167,0,-30.9994,WEAK,7.8916
1265,-1,AMCR,Amcor,Materials,Paper & Plastic Packaging Products & Materials,large,39.22,0.641,0.9598,0.8503,0.6878,STRONG_UP,-5.73,-12.11,-18.41,-26.07,48.4,37.88,0.5792,LOW,EARLY,39.4545,40.3434,42.0701,0,-15.476,WEAK,7.8915
1266,17,BR,Broadridge Financial Solutions,Industrials,Data Processing & Outsourced Services,large,149.53,0.4676,0.9627,0.8382,0.7781,STRONG_UP,-32.34,-35.89,-21.85,-43.36,46.8,29.2,1.6316,HIGH,EARLY,156.301,164.8786,210.1005,0,-57.526,WEAK,7.8796
1267,143,ACGL,Arch Capital Group,Financials,Property & Casualty Insurance,large,94.31,0.7363,0.9799,0.8716,0.8293,STRONG_UP,5.03,0.95,1.3,-12.0,53.2,18.93,1.1516,MED,-,95.6445,95.564,93.1016,1,2.6774,TREND_ONLY,7.8713
1268,-97,OCFC,OCEANFIRST FINANCIAL CORP,Financials,,small,18.24,0.789,0.9426,0.8672,0.8281,STRONG_UP,3.51,8.18,28.19,-15.39,46.8,24.67,,LOW,-,18.8252,18.2766,18.0027,1,15.5204,TREND_ONLY,7.8145
1269,13,AGYS,AGILYSYS INC,Information Technology,,small,69.24,0.5964,0.9937,0.9446,0.7014,STRONG_UP,-45.59,-18.22,-13.68,-55.93,51.6,47.53,0.9857,LOW,-,67.8855,69.6346,99.858,0,-19.7842,WEAK,7.805
1270,7,ROL,"Rollins, Inc.",Industrials,Environmental & Facilities Services,large,52.98,0.7132,0.9653,0.8625,0.7048,STRONG_UP,-8.94,-2.21,17.03,-19.79,52.0,29.62,0.611,LOW,EARLY,54.6551,54.72,57.6365,0,-3.8731,WEAK,7.7873
1271,40,SPSC,SPS COMMERCE INC,Information Technology,,mid,51.98,0.2483,0.9155,0.8795,0.6576,STRONG_UP,-36.34,-65.95,-73.01,-66.3,46.8,49.61,0.8495,LOW,EARLY,56.1265,57.1942,85.3404,0,-62.217,WEAK,7.7857
1272,-118,SFBS,SERVISFIRST BANCSHARES INC,Financials,,mid,76.83,0.7289,0.9489,0.8725,0.7799,STRONG_UP,7.63,-0.06,23.12,-23.75,48.8,27.69,0.4875,LOW,-,78.621,76.2569,77.4022,0,-0.0973,WEAK,7.734
1273,-116,FUN,SIX FLAGS ENTERTAINMENT CORP,Consumer Discretionary,,small,18.9,0.3709,0.9445,0.836,0.9099,FLAT,15.6,-49.14,-57.61,-66.04,48.4,73.34,1.6707,HIGH,-,19.247,18.0836,19.4198,0,-32.4287,WEAK,7.7107
1274,-28,MMS,MAXIMUS INC,Industrials,,mid,61.18,0.6015,0.9414,0.7976,0.7032,STRONG_UP,-25.75,-17.52,-26.0,-37.88,44.8,31.09,1.4161,MED,EARLY,65.8355,67.9302,80.6806,0,-25.2528,WEAK,7.6913
1275,-76,PRK,PARK NATIONAL CORP,Financials,,mid,169.04,0.7564,0.9523,0.8774,0.8546,STRONG_UP,9.92,3.71,30.34,-15.31,49.6,25.65,0.7599,LOW,-,172.5885,166.3676,161.7831,1,7.1788,TREND_ONLY,7.6856
1276,-70,PWP,PERELLA WEINBERG PARTNERS CLASS A,Financials,,small,17.94,0.6834,0.9128,0.7419,0.6582,STRONG_UP,-4.96,-6.29,23.3,-33.93,48.0,47.9,1.7741,HIGH,-,20.556,18.9528,19.8317,0,-6.3062,WEAK,7.6775
1277,42,CTSH,Cognizant,Information Technology,IT Consulting & Other Services,large,47.73,0.436,0.915,0.7068,0.5866,STRONG_UP,-33.89,-40.22,-27.3,-44.67,49.2,37.08,0.8715,LOW,EARLY,54.8695,58.9594,69.7454,0,-53.3683,WEAK,7.6729
1278,75,DEI,DOUGLAS EMMETT REIT INC,Real Estate,,small,11.96,0.627,0.967,1.0785,1.0307,FLAT,1.79,-14.04,-7.55,-44.09,42.8,37.25,1.5004,HIGH,-,11.088,10.1513,11.8883,1,-16.1284,TREND_ONLY,7.6606
1279,-21,PDD,PDD Holdings,Technology,EDP Services,large,95.73,0.5845,0.9207,0.8336,0.7938,STRONG_UP,-30.7,-19.86,-31.87,-30.7,49.2,32.29,1.1356,MED,EARLY,99.7105,100.491,114.4355,0,-30.257,WEAK,7.6412
1280,-122,JBLU,JETBLUE AIRWAYS CORP,Industrials,,small,4.73,0.6997,0.9235,0.751,0.7059,STRONG_UP,7.26,-4.06,-21.56,-37.62,44.8,76.92,0.9234,LOW,-,5.1375,4.7592,4.8764,0,-2.3628,WEAK,7.6349
1281,-58,BBY,Best Buy,Consumer Discretionary,Computer & Electronics Retail,large,57.2,0.5974,0.959,0.8195,0.7506,STRONG_UP,-24.71,-18.09,-15.56,-29.96,45.2,33.43,0.6434,LOW,EARLY,60.8405,62.2836,68.5228,0,-24.4595,WEAK,7.6246
1282,-43,NBTB,NBT BANCORP INC,Financials,,mid,44.98,0.7577,0.9792,0.885,0.8679,STRONG_UP,10.29,3.89,28.04,-12.17,46.0,24.01,1.3484,MED,-,44.692,43.424,42.3686,1,7.4465,TREND_ONLY,7.6158
1283,1,PAYX,Paychex,Industrials,Human Resource & Employment Services,large,93.71,0.4644,1.0091,0.9378,0.8567,STRONG_UP,-15.07,-36.32,-20.58,-44.95,46.4,31.1,0.8911,LOW,SHIFT,92.4215,92.5336,111.0107,0,-54.1857,WEAK,7.6154
1284,84,WM,Waste Management,Industrials,Environmental & Facilities Services,large,217.65,0.7246,0.9712,0.8522,0.8074,STRONG_UP,9.42,-0.64,6.32,-18.14,51.2,21.44,0.6332,LOW,EARLY,224.672,230.142,221.619,0,-1.5378,WEAK,7.6121
1285,8,IR,Ingersoll Rand,Industrials,Industrial Machinery & Supplies & Components,large,73.21,0.6325,0.9159,0.737,0.6562,STRONG_UP,-5.18,-13.28,-19.26,-25.85,46.4,37.11,0.9749,LOW,EARLY,80.392,82.3876,82.3785,0,-16.6012,WEAK,7.5876
1286,62,GENI,GENIUS SPORTS LTD,Consumer Discretionary,,small,4.45,0.3136,0.9952,0.9266,0.6274,STRONG_UP,-57.21,-57.0,-13.42,-71.07,45.2,65.47,1.1578,MED,-,4.5135,4.6856,9.1846,0,-39.3557,WEAK,7.5668
1287,30,SJM,J.M. Smucker Company (The),Consumer Staples,Packaged Foods & Meats,large,100.33,0.6828,1.0195,0.9674,0.7911,STRONG_UP,-4.53,-6.38,-6.56,-22.82,48.8,28.53,0.8996,LOW,SHIFT,96.7955,98.8662,102.9022,0,-10.9144,WEAK,7.5668
1288,-19,RXRX,RECURSION PHARMACEUTICALS INC CLAS,Health Care,,small,3.15,0.5094,0.9037,0.7912,0.7362,STRONG_UP,-30.16,-30.16,-66.77,-58.17,42.0,55.92,0.9986,LOW,-,3.474,3.3708,4.4294,0,-22.6488,WEAK,7.5633
1289,-33,FMNB,FARMERS NATIONAL BANC CORP,Financials,,small,13.95,0.7805,0.966,0.8885,0.9135,FLAT,7.47,7.02,23.27,-16.69,52.8,21.22,0.6282,LOW,-,14.0465,13.4274,13.4964,1,17.4672,TREND_ONLY,7.5488
1290,25,EW,Edwards Lifesciences,Health Care,Health Care Equipment,large,79.73,0.7702,0.9429,0.9065,0.8714,STRONG_UP,-5.17,5.6,-5.87,-12.73,49.2,31.18,0.8149,LOW,EARLY,81.4145,81.7612,81.2098,0,8.8406,WEAK,7.5371
1291,-126,ACVA,ACV AUCTIONS INC CLASS A,Industrials,,small,5.84,0.2517,1.1009,1.1143,0.7033,FLAT,4.66,-65.48,-66.46,-75.65,46.8,87.98,0.9126,LOW,-,5.337,4.9664,8.0009,0,-34.8338,WEAK,7.5324
1292,-50,BKNG,Booking Holdings,Consumer Discretionary,"Hotels, Resorts & Cruise Lines",large,160.56,0.5606,0.9386,0.7882,0.8089,FLAT,-18.71,-23.14,8.91,-33.2,50.4,43.69,0.6706,LOW,EARLY,175.076,173.8336,197.6508,0,-26.6924,WEAK,7.5177
1293,-259,SCSC,SCANSOURCE INC,Information Technology,,small,43.5,0.7543,1.0458,1.0017,1.0879,FLAT,5.35,3.42,-7.07,-24.52,51.2,34.07,1.428,MED,-,41.079,38.3904,40.5574,1,5.1451,TREND_ONLY,7.4587
1294,-90,BMI,BADGER METER INC,Information Technology,,mid,115.04,0.342,0.9147,0.6339,0.6373,FLAT,-38.34,-53.11,-39.88,-55.06,46.8,58.58,0.7284,LOW,EARLY,123.3665,140.029,166.4818,0,-42.4329,WEAK,7.4583
1295,-100,UBER,Uber,Industrials,Passenger Ground Transportation,large,76.36,0.6072,0.9491,0.9312,0.9324,FLAT,-18.85,-16.75,15.66,-30.89,48.8,36.16,0.9365,LOW,SHIFT,75.7935,74.2948,84.6648,0,-22.6005,WEAK,7.4312
1296,11,AVB,AvalonBay Communities,Real Estate,Multi-Family Residential REITs,large,187.02,0.6923,0.987,0.9724,0.9118,STRONG_UP,8.01,-5.07,1.83,-20.87,52.4,20.3,0.4787,LOW,-,179.362,172.2007,177.9544,1,-13.0956,TREND_ONLY,7.4093
1297,-160,IBCP,INDEPENDENT BANK CORP,Financials,,small,33.55,0.7789,0.9764,0.8659,0.8151,STRONG_UP,9.59,6.8,38.37,-13.5,49.2,22.25,0.8933,LOW,-,33.588,33.4439,32.4546,1,15.028,TREND_ONLY,7.4023
1298,-10,VERX,VERTEX INC CLASS A,Information Technology,,small,13.53,0.2602,1.0516,1.0506,0.9144,STRONG_UP,-29.49,-64.33,-57.32,-74.21,45.2,74.27,0.547,LOW,-,12.9215,12.8582,19.5738,0,-39.15,WEAK,7.386
1299,-28,SCL,STEPAN,Materials,,small,51.1,0.6993,0.9507,0.8774,0.6759,STRONG_UP,18.15,-4.11,-38.86,-32.78,54.4,50.91,0.6587,LOW,-,51.323,49.8236,49.2964,1,-4.3955,TREND_ONLY,7.384
1300,-215,TDOC,TELADOC HEALTH INC,Health Care,,small,6.77,0.648,0.9796,1.1487,1.2543,STRONG_DOWN,-9.73,-11.15,-45.62,-52.75,44.4,56.7,0.7005,LOW,-,6.2415,5.6922,6.8264,0,-8.735,WEAK,7.3821
1301,-48,VYX,NCR VOYIX CORP,Information Technology,,small,7.6,0.4989,1.0638,0.9894,0.6922,STRONG_UP,-32.92,-31.59,-40.67,-57.96,48.4,64.13,0.81,LOW,-,7.1845,6.9258,10.1616,0,-23.8439,WEAK,7.3628
1302,-156,CXW,CORECIVIC REIT INC,Industrials,,mid,19.6,0.6581,0.911,0.8735,0.9186,FLAT,12.32,-9.76,28.69,-28.97,47.6,47.71,0.7214,LOW,-,20.3835,19.724,19.2712,1,-9.7381,TREND_ONLY,7.3623
1303,18,AVPT,AVEPOINT INC CLASS A,Information Technology,,mid,10.06,0.367,0.9648,0.9515,0.826,STRONG_UP,-20.6,-49.67,21.2,-55.03,50.4,47.83,1.1297,MED,EARLY,10.1488,10.1341,12.9977,0,-52.344,WEAK,7.3455
1304,-165,STC,STEWART INFO SERVICES CORP,Financials,,small,66.84,0.7686,0.9533,0.9164,0.8254,STRONG_UP,-5.56,5.39,12.49,-24.48,48.0,30.51,0.7883,LOW,-,68.7635,65.2792,68.738,0,8.4814,WEAK,7.2845
1305,-54,CASH,PATHWARD FINANCIAL INC,Financials,,mid,82.59,0.7365,0.9306,0.7579,0.7998,FLAT,19.39,0.98,54.02,-20.68,51.2,33.31,0.8794,LOW,-,90.0515,90.6479,80.1931,1,1.5023,TREND_ONLY,7.2183
1306,32,SKY,CHAMPION HOMES INC,Consumer Discretionary,,mid,68.97,0.5419,0.8939,0.7788,0.6527,STRONG_UP,-17.25,-25.69,-12.87,-35.0,45.2,43.77,1.732,HIGH,EARLY,76.832,77.3718,79.3097,0,-26.5344,WEAK,7.1966
1307,-83,IIPR,INNOVATIVE INDUSTRIAL PROPERTIES I,Real Estate,,small,55.76,0.8484,0.9509,0.9687,1.0707,STRONG_DOWN,16.99,16.33,-32.92,-21.29,48.8,50.1,0.7064,LOW,-,54.9205,52.4462,49.0665,1,15.9038,TREND_ONLY,7.1929
1308,-51,MOS,Mosaic Company (The),Materials,Fertilizers & Agricultural Chemicals,mid,22.39,0.4917,0.9351,0.8316,0.6287,STRONG_UP,-11.99,-32.58,-19.11,-40.95,46.4,53.36,0.9689,LOW,EARLY,23.4535,25.151,27.8661,0,-28.3268,WEAK,7.158
1309,0,QTWO,Q2 HOLDINGS INC,Information Technology,,mid,47.0,0.3697,0.9373,0.8672,0.7198,STRONG_UP,-35.78,-49.32,-23.56,-52.32,43.2,46.95,0.3619,LOW,EARLY,50.5495,49.3936,64.4256,0,-45.3763,WEAK,7.0699
1310,-35,LKFN,LAKELAND FINANCIAL CORP,Financials,,small,59.79,0.7335,0.944,0.8826,0.8613,STRONG_UP,4.77,0.57,3.31,-18.57,47.2,22.44,1.8994,HIGH,-,60.6116,58.5433,59.6169,1,1.1944,TREND_ONLY,7.0699
1311,-51,SKYW,SKYWEST INC,Industrials,,mid,85.11,0.5978,0.9536,0.7714,0.7059,STRONG_UP,-13.47,-18.04,11.63,-34.93,45.2,40.57,0.7539,LOW,EARLY,88.1845,90.9076,100.9729,0,-20.0959,WEAK,7.0557
1312,-126,NTGR,NETGEAR INC,Information Technology,,small,25.67,0.6285,0.9882,0.947,1.0842,FLAT,-13.36,-13.83,112.5,-44.82,46.8,50.89,0.4853,LOW,-,25.845,23.6544,25.6156,1,-12.7186,TREND_ONLY,7.0497
1313,-54,MCO,Moody's Corporation,Financials,Financial Exchanges & Data,large,451.75,0.6851,0.9908,0.9169,0.9523,FLAT,-6.46,-6.06,15.42,-23.61,51.2,29.23,0.6256,LOW,-,455.1485,447.1306,480.4891,0,-10.6165,WEAK,7.0276
1314,33,RMD,ResMed,Health Care,Health Care Equipment,large,203.79,0.6042,0.9565,0.7854,0.6822,STRONG_UP,-18.13,-17.15,-4.99,-32.01,50.0,26.4,0.9719,LOW,EARLY,215.1735,225.8838,252.9157,0,-32.4834,WEAK,6.9648
1315,-113,DNOW,DNOW INC,Industrials,,mid,13.36,0.6258,0.9738,0.9932,0.6991,FLAT,1.75,-14.19,-3.05,-34.08,56.0,52.96,0.807,LOW,SHIFT,12.799,12.2522,13.9746,0,-15.0087,WEAK,6.9529
1316,-29,ERIE,Erie Indemnity,Financials,Insurance Brokers,large,218.5,0.452,1.0067,0.7789,0.6794,STRONG_UP,-20.43,-38.02,-43.99,-42.57,49.6,35.42,0.6786,LOW,EARLY,229.954,241.4149,287.9322,0,-53.2383,WEAK,6.9518
1317,-121,OFG,OFG BANCORP,Financials,,small,44.25,0.7749,0.9474,0.9186,0.921,FLAT,9.6,6.25,23.49,-17.74,49.2,23.27,0.5809,LOW,-,44.86,42.0356,41.5056,1,13.2223,TREND_ONLY,6.9385
1318,-38,AGM,FEDERAL AGRICULTURAL MORTGAGE NON,Financials,,small,178.4,0.6947,0.9812,0.9726,0.8754,STRONG_UP,11.63,-4.74,7.84,-31.94,50.4,40.76,0.5729,LOW,-,173.8965,160.2727,168.9544,1,-5.8621,TREND_ONLY,6.9306
1319,-3,MMM,3M,Industrials,Industrial Conglomerates,large,143.21,0.7057,0.9616,0.8347,0.7216,STRONG_UP,-13.84,-3.24,49.73,-18.77,50.4,25.17,0.7302,LOW,EARLY,146.101,147.8216,156.8083,0,-6.4969,WEAK,6.9297
1320,61,WD,WALKER & DUNLOP INC,Financials,,small,55.18,0.5536,1.0212,1.0177,0.79,STRONG_UP,-14.57,-24.09,-39.64,-49.57,48.4,53.3,1.3319,MED,-,51.429,48.0591,64.9486,0,-21.8785,WEAK,6.9259
1321,80,AWR,AMERICAN STATES WATER,Utilities,,mid,77.69,0.7639,1.008,0.9106,0.9559,FLAT,4.98,4.74,4.67,-11.7,50.0,25.27,1.0049,MED,-,77.3,76.1434,73.6319,1,9.3705,TREND_ONLY,6.903
1322,73,PZZA,PAPA JOHNS INTERNATIONAL INC,Consumer Discretionary,,small,34.07,0.6276,0.9924,0.8657,0.8686,FLAT,-20.58,-13.95,-28.92,-43.11,49.2,63.6,1.0825,MED,-,35.6935,34.6894,39.8856,0,-10.7939,WEAK,6.8994
1323,-5,LEG,LEGGETT & PLATT INC,Consumer Discretionary,,small,9.52,0.7391,0.8239,0.736,0.669,STRONG_UP,9.81,1.35,-20.76,-25.78,44.8,51.98,1.007,MED,-,10.98,10.519,10.266,0,1.1607,WEAK,6.8415
1324,19,ALG,ALAMO GROUP INC,Industrials,,mid,151.63,0.5494,0.8733,0.7677,0.6265,STRONG_UP,-7.99,-24.67,-21.85,-34.41,44.8,45.67,1.1664,MED,EARLY,168.101,169.3942,186.0538,0,-24.1997,WEAK,6.8324
1325,-17,BANR,BANNER CORP,Financials,,mid,64.5,0.7462,0.9583,0.9023,0.8713,STRONG_UP,6.21,2.32,47.23,-14.3,46.8,26.69,0.8092,LOW,-,65.0224,62.1061,62.508,1,4.062,TREND_ONLY,6.8217
1326,-27,COUR,COURSERA INC,Consumer Discretionary,,small,5.74,0.4605,0.9367,0.8592,0.8671,FLAT,-31.18,-36.85,-33.95,-58.43,52.8,66.09,2.0662,HIGH,-,6.051,5.973,8.2357,0,-29.4428,WEAK,6.7958
1327,-109,KFY,KORN FERRY,Industrials,,mid,65.97,0.7234,0.9835,0.9266,0.9245,STRONG_UP,4.34,-0.82,7.52,-21.05,48.4,32.17,0.3993,LOW,-,66.34,63.9118,66.5448,0,-1.228,WEAK,6.7951
1328,84,UVV,UNIVERSAL CORP,Consumer Staples,,small,53.71,0.7406,0.9805,0.9235,0.8948,STRONG_UP,4.99,1.54,13.32,-20.74,47.2,17.17,0.6434,LOW,-,53.156,52.3211,52.287,1,4.2423,TREND_ONLY,6.7272
1329,25,SAFE,SAFEHOLD INC,Real Estate,,small,15.23,0.7623,0.9931,0.8765,0.889,FLAT,17.35,4.52,-16.7,-22.9,50.8,33.84,0.7049,LOW,-,15.408,14.7838,14.5171,1,6.7804,TREND_ONLY,6.7159
1330,-6,HD,Home Depot (The),Consumer Discretionary,Home Improvement Retail,large,310.46,0.6214,0.9456,0.8054,0.6936,STRONG_UP,-15.08,-14.8,-4.32,-25.71,45.6,27.17,1.0348,MED,EARLY,329.2805,334.3657,365.5174,0,-24.839,WEAK,6.713
1331,61,SIGI,SELECTIVE INSURANCE GROUP INC,Financials,,mid,85.89,0.718,1.0182,0.944,0.8442,STRONG_UP,10.45,-1.55,-8.34,-18.18,53.6,29.01,0.6159,LOW,-,82.951,79.6922,80.0953,1,-2.864,TREND_ONLY,6.6699
1332,20,CWST,CASELLA WASTE SYSTEMS INC CLASS A,Industrials,,mid,84.88,0.5516,0.9875,0.9045,0.6856,STRONG_UP,-3.39,-24.37,-12.01,-36.69,49.2,47.91,0.6308,LOW,SHIFT,82.13,84.1076,93.255,0,-25.0258,WEAK,6.6567
1333,-166,DOLE,DOLE PLC,Consumer Staples,,small,14.41,0.7538,0.951,0.8325,0.7944,STRONG_UP,5.03,3.36,22.07,-15.18,52.4,23.98,1.7501,HIGH,-,14.964,14.836,14.4117,0,7.3383,WEAK,6.6452
1334,44,AMP,Ameriprise Financial,Financials,Asset Management & Custody Banks,large,470.12,0.6686,0.9733,0.9081,0.8419,STRONG_UP,3.03,-8.33,11.7,-20.87,54.4,28.15,1.0898,MED,SHIFT,465.9257,453.7695,478.057,0,-16.0985,WEAK,6.639
1335,-38,AMPL,AMPLITUDE INC CLASS A,Information Technology,,small,6.18,0.382,0.8086,0.8862,0.7986,FLAT,-42.4,-47.63,-31.18,-57.79,44.8,82.37,1.4579,MED,-,7.0055,6.9838,9.5278,0,-25.9038,WEAK,6.6347
1336,60,POOL,Pool Corporation,Consumer Discretionary,Distributors,mid,182.33,0.4317,0.9538,0.7437,0.5858,STRONG_UP,-25.93,-40.81,-49.53,-44.75,42.8,43.36,1.0535,MED,EARLY,211.8385,209.4321,256.6172,0,-40.2791,WEAK,6.634
1337,23,EPRT,ESSENTIAL PROPERTIES REALTY TRUST,Real Estate,,mid,31.27,0.7553,0.9799,0.8608,0.8681,FLAT,4.51,3.56,24.03,-12.17,52.0,17.26,0.2799,LOW,-,31.7845,31.9473,30.513,1,10.7307,TREND_ONLY,6.5982
1338,-11,KVUE,Kenvue,Consumer Staples,Personal Care Products,large,17.47,0.5617,0.9723,0.8937,0.817,STRONG_UP,6.7,-22.98,-7.94,-41.09,49.2,21.5,0.9642,LOW,PROGRESS,17.4475,17.5218,17.5357,0,-52.5892,WEAK,6.5864
1339,-2,PHR,PHREESIA INC,Health Care,,small,9.61,0.2685,0.9922,0.9935,0.6666,FLAT,-57.52,-63.18,-56.32,-75.24,47.6,75.62,0.4241,LOW,-,9.461,10.126,18.1953,0,-39.7695,WEAK,6.5856
1340,58,UDR,"UDR, Inc.",Real Estate,Multi-Family Residential REITs,large,37.37,0.6857,0.9927,0.9579,0.825,STRONG_UP,10.75,-5.98,4.29,-19.08,49.2,21.08,0.7272,LOW,-,35.8845,35.2592,35.7892,1,-13.9595,TREND_ONLY,6.5774
1341,-87,BLFS,BIOLIFE SOLUTIONS INC,Health Care,,small,21.23,0.6706,0.9605,0.9312,0.8273,STRONG_UP,-19.25,-8.06,2.76,-36.96,49.6,51.63,0.6923,LOW,-,21.555,20.2866,23.7782,0,-7.7387,WEAK,6.5772
1342,-20,CMCSA,Comcast,Communication Services,Cable & Satellite,large,24.9,0.5814,0.9267,0.7867,0.6724,STRONG_UP,0.27,-20.28,-27.8,-25.72,48.0,38.0,1.0599,MED,EARLY,27.6155,28.5026,28.2246,0,-25.6231,WEAK,6.5622
1343,-15,BRO,Brown & Brown,Financials,Insurance Brokers,large,55.77,0.3764,0.9731,0.7474,0.7236,STRONG_UP,-28.59,-48.39,-35.32,-50.75,47.6,29.43,1.5813,HIGH,EARLY,62.2343,65.3055,79.132,0,-78.261,WEAK,6.5233
1344,-54,MTH,MERITAGE CORP,Consumer Discretionary,,mid,62.48,0.658,0.9479,0.8336,0.6993,STRONG_UP,-5.49,-9.77,-27.44,-27.68,46.8,36.66,0.9205,LOW,EARLY,66.586,64.9526,69.8759,0,-12.4766,WEAK,6.5138
1345,1,EFX,Equifax,Industrials,Research & Consulting Services,large,166.76,0.4483,0.9474,0.7953,0.7337,STRONG_UP,-19.74,-38.54,-30.83,-40.02,49.6,37.75,0.5217,LOW,EARLY,177.725,182.4654,213.0862,0,-50.6332,WEAK,6.5009
1346,-16,PRVA,PRIVIA HEALTH GROUP INC,Health Care,,mid,23.01,0.6906,0.9438,0.8849,0.9237,FLAT,-1.71,-5.31,27.9,-24.62,46.0,36.81,1.0037,MED,-,23.941,22.7592,23.0726,0,-6.634,WEAK,6.498
1347,-3,FDS,FactSet,Financials,Financial Exchanges & Data,mid,215.92,0.3539,1.0032,0.8588,0.9712,FLAT,-17.8,-51.48,-49.74,-59.47,49.2,46.43,0.5659,LOW,EARLY,227.3585,219.2298,274.9293,0,-54.5462,WEAK,6.4961
1348,-86,JBGS,JBG SMITH PROPERTIES,Real Estate,,small,14.91,0.6732,0.9286,0.8745,0.8025,STRONG_UP,-17.13,-7.7,9.77,-40.48,46.0,30.62,0.7885,LOW,-,15.3305,14.9952,17.865,0,-11.5691,WEAK,6.4902
1349,-58,UPWK,UPWORK INC,Industrials,,small,8.35,0.348,0.8151,0.6713,0.4993,STRONG_UP,-52.56,-52.29,-30.82,-62.23,46.4,62.12,1.5657,HIGH,-,10.3985,11.1686,15.7672,0,-39.0544,WEAK,6.479
1350,-24,WOR,WORTHINGTON ENTERPRISES INC,Industrials,,mid,54.08,0.6519,0.9519,0.8692,0.8041,STRONG_UP,-1.04,-10.61,-5.68,-29.83,49.6,32.62,0.7836,LOW,-,54.59,52.4911,56.0158,0,-16.1382,WEAK,6.4574
1351,-104,CNK,CINEMARK HOLDINGS INC,Communication,,mid,26.28,0.6333,0.9325,0.7671,0.8778,FLAT,-12.1,-13.17,47.99,-34.65,48.8,34.99,0.7455,LOW,EARLY,28.4525,28.2314,26.4575,0,-18.3688,WEAK,6.4409
1352,-138,ESNT,ESSENT GROUP LTD,Financials,,mid,60.87,0.7551,0.9753,0.8887,0.8106,STRONG_UP,-0.89,3.53,,-13.93,51.6,25.19,0.7548,LOW,-,62.1385,60.1501,61.3636,0,7.2307,WEAK,6.4397
1353,61,TMUS,T-Mobile US,Communication Services,Wireless Telecommunication Services,large,193.3,0.6041,0.9847,0.9046,0.8037,STRONG_UP,-5.19,-17.16,22.05,-28.51,50.0,29.96,0.6723,LOW,PROGRESS,193.2295,202.6428,213.7402,0,-28.6451,WEAK,6.3957
1354,-58,MLKN,MILLERKNOLL INC,Industrials,,small,15.08,0.6425,0.9262,0.8271,0.5795,STRONG_UP,9.21,-11.9,-41.29,-37.8,47.2,59.74,0.8306,LOW,-,16.5175,16.9358,17.952,0,-9.4014,WEAK,6.3937
1355,-129,NNI,NELNET INC CLASS A,Financials,,mid,122.2,0.774,0.8562,0.8031,0.8132,FLAT,-5.71,6.13,20.74,-15.27,51.6,32.13,0.971,LOW,EARLY,137.6615,133.2946,130.2658,0,9.842,WEAK,6.3809
1356,-16,MMI,MARCUS & MILLICHAP INC,Real Estate,,small,30.08,0.7433,1.0203,0.9898,1.0082,FLAT,0.93,1.92,-7.92,-24.06,48.8,25.63,0.8075,LOW,-,28.418,27.0417,28.2711,1,3.6596,TREND_ONLY,6.3356
1357,-81,HQY,HEALTHEQUITY INC,Health Care,,mid,80.46,0.605,0.951,0.8793,0.907,FLAT,-19.4,-17.04,4.01,-35.25,50.8,36.95,1.1401,MED,EARLY,82.878,81.6905,88.8821,0,-23.4312,WEAK,6.3286
1358,-2,LGIH,LGI HOMES INC,Consumer Discretionary,,small,45.6,0.5582,0.9587,1.0001,0.6489,FLAT,-0.33,-23.46,-54.6,-49.25,40.8,59.96,0.989,LOW,-,45.6875,42.4638,49.9382,0,-15.9663,WEAK,6.2738
1359,32,DPZ,Domino's,Consumer Discretionary,Restaurants,large,310.16,0.4749,0.94,0.747,0.7039,STRONG_UP,-23.21,-34.89,-37.32,-36.6,44.4,34.41,0.8563,LOW,EARLY,345.27,365.5818,405.5181,0,-45.0136,WEAK,6.2476
1360,3,KHC,Kraft Heinz,Consumer Staples,Packaged Foods & Meats,large,23.37,0.6572,0.9968,0.9398,0.8245,STRONG_UP,-0.99,-9.89,-28.48,-23.19,51.6,26.77,0.8784,LOW,SHIFT,22.564,22.6473,24.1028,0,-19.0589,WEAK,6.2466
1361,25,TGLS,TECNOGLASS INC,Industrials,,mid,38.02,0.3186,0.8493,0.7395,0.63,STRONG_UP,-18.63,-56.31,-27.75,-56.77,44.0,43.61,0.6164,LOW,EARLY,42.964,43.2941,55.082,0,-56.8164,WEAK,6.1942
1362,-76,XYL,Xylem Inc.,Industrials,Industrial Machinery & Supplies & Components,large,111.54,0.6487,0.9255,0.7649,0.7655,FLAT,-25.7,-11.05,-19.18,-26.62,49.6,25.84,0.6926,LOW,EARLY,118.482,121.175,135.5384,0,-21.2087,WEAK,6.1723
1363,-4,VICI,Vici Properties,Real Estate,Hotel & Resort REITs,large,28.55,0.7047,0.9805,0.8951,0.8625,STRONG_UP,-3.11,-3.37,8.16,-17.88,49.6,18.79,0.6455,LOW,-,28.5725,28.2122,29.1918,0,-8.9062,WEAK,6.1679
1364,-142,WTW,Willis Towers Watson,Financials,Insurance Brokers,large,251.44,0.61,0.9802,0.775,0.781,FLAT,-21.34,-16.37,1.49,-28.2,50.8,33.96,0.9587,LOW,EARLY,276.02,284.4526,313.2451,0,-24.4809,WEAK,6.1437
1365,-10,ITRI,ITRON INC,Information Technology,,mid,81.26,0.5149,0.9637,0.7498,0.7059,STRONG_UP,-19.47,-29.4,-23.62,-41.38,52.0,43.52,0.6489,LOW,EARLY,87.748,90.1044,105.6255,0,-35.1293,WEAK,6.1115
1366,-25,EXE,Expand Energy,Energy,Oil & Gas Exploration & Production,large,96.43,0.6412,0.9789,0.896,0.8128,STRONG_UP,-15.16,-12.08,15.66,-22.9,48.0,30.45,0.6588,LOW,EARLY,97.4265,102.604,104.2239,0,-19.0493,WEAK,6.1036
1367,22,VRRM,VERRA MOBILITY CORP CLASS A,Industrials,,mid,13.57,0.4203,0.9324,0.8044,0.6333,STRONG_UP,-41.15,-42.38,-49.89,-47.1,41.2,37.65,1.1343,MED,EARLY,14.7975,14.9134,20.699,0,-46.3737,WEAK,6.0977
1368,31,CBZ,CBIZ INC,Industrials,,small,29.66,0.293,0.9836,0.9065,0.844,STRONG_UP,-42.69,-59.83,-61.32,-67.69,46.4,69.49,0.2981,LOW,-,30.893,28.6742,45.9217,0,-39.9476,WEAK,6.0959
1369,-46,TMHC,TAYLOR MORRISON HOME CORP,Consumer Discretionary,,mid,58.24,0.6937,0.9496,0.8703,0.7686,STRONG_UP,-2.13,-4.88,-1.74,-22.2,45.2,33.27,0.7161,LOW,EARLY,60.7575,59.9372,62.6904,0,-6.6343,WEAK,6.089
1370,5,WKC,WORLD KINECT CORP,Energy,,small,27.39,0.7457,1.0053,1.0438,0.8755,FLAT,8.9,2.24,15.98,-22.53,52.0,32.56,0.7059,LOW,-,25.768,24.2549,24.958,1,3.5817,TREND_ONLY,6.0762
1371,52,HCI,HCI GROUP INC,Financials,,small,153.21,0.6968,0.9795,0.8881,0.8083,STRONG_UP,-18.36,-4.47,52.41,-27.46,49.2,29.91,1.6493,HIGH,-,153.9945,156.6564,169.8643,0,-7.3468,WEAK,6.0465
1372,-7,AI,C3 AI INC CLASS A,Information Technology,,small,8.79,0.2672,0.901,0.9304,0.7031,FLAT,-45.34,-63.36,-64.77,-73.39,45.6,70.69,,LOW,-,9.1895,8.8816,13.9398,0,-40.8715,WEAK,6.0356
1373,-38,HSIC,Henry Schein,Health Care,Health Care Distributors,mid,69.35,0.717,0.942,0.7987,0.7361,STRONG_UP,-5.0,-1.69,-5.17,-17.23,48.8,26.45,1.1696,MED,EARLY,74.9725,75.1464,72.5903,0,-3.1125,WEAK,6.0278
1374,-73,CLX,Clorox,Consumer Staples,Household Products,large,89.11,0.4982,0.9741,0.7682,0.6212,STRONG_UP,-12.85,-31.69,-31.9,-33.98,47.6,36.57,0.9802,LOW,EARLY,94.7475,101.8066,109.2566,0,-41.2487,WEAK,6.0223
1375,31,V,Visa Inc.,Financials,Transaction & Payment Processing Services,large,326.42,0.6723,1.0075,0.9321,0.8596,STRONG_UP,-2.12,-7.81,18.59,-20.38,49.2,26.22,0.6907,LOW,SHIFT,318.5605,311.7018,330.8933,0,-14.659,WEAK,6.0129
1376,18,WY,Weyerhaeuser,Real Estate,Timber REITs,large,23.45,0.6632,0.9598,0.8414,0.7568,STRONG_UP,5.28,-9.07,-20.15,-21.96,46.8,23.83,0.9083,LOW,EARLY,24.342,24.1372,24.168,0,-17.8146,WEAK,5.9875
1377,79,ISRG,Intuitive Surgical,Health Care,Health Care Equipment,large,431.87,0.5585,0.9407,0.8218,0.7548,STRONG_UP,-25.05,-23.42,13.39,-29.15,47.2,31.15,1.1985,MED,EARLY,458.7495,467.1398,497.9734,0,-35.4879,WEAK,5.9407
1378,65,FCPT,FOUR CORNERS PROPERTY INC TRUST,Real Estate,,mid,25.05,0.721,0.97,0.8945,0.8736,STRONG_UP,7.05,-1.14,13.53,-15.49,47.2,18.93,0.5502,LOW,-,25.28,24.8232,24.0536,1,-2.8478,TREND_ONLY,5.8904
1379,-34,KBH,KB HOME,Consumer Discretionary,,mid,46.93,0.622,0.9344,0.8076,0.6398,STRONG_UP,-21.99,-14.72,-30.85,-30.04,47.2,35.73,0.6284,LOW,EARLY,51.887,52.6108,58.9348,0,-19.4421,WEAK,5.883
1380,-99,HNI,HNI CORP,Industrials,,mid,31.65,0.4886,0.9355,0.7761,0.5346,STRONG_UP,-18.37,-33.01,-26.74,-39.31,44.8,44.55,0.8078,LOW,EARLY,36.0295,36.5514,42.2353,0,-33.1978,WEAK,5.8225
1381,23,MKC,McCormick & Company,Consumer Staples,Packaged Foods & Meats,large,46.83,0.4699,0.9503,0.7802,0.5808,STRONG_UP,-26.02,-35.57,-34.89,-37.87,47.6,33.81,0.7695,LOW,EARLY,50.3759,53.3211,63.0092,0,-50.0712,WEAK,5.8207
1382,-103,RAMP,LIVERAMP HOLDINGS INC,Information Technology,,small,28.68,0.704,0.9586,0.9733,1.071,STRONG_DOWN,-5.91,-3.47,-11.65,-34.44,52.0,38.54,0.5369,LOW,-,29.3345,28.144,27.7856,1,-4.6776,TREND_ONLY,5.8128
1383,-22,FWRG,FIRST WATCH RESTAURANT GROUP INC,Consumer Discretionary,,small,11.35,0.4875,0.9177,0.873,0.5936,STRONG_UP,-35.8,-33.16,-42.33,-47.26,44.4,67.41,0.7315,LOW,-,12.545,12.0246,15.5725,0,-21.8388,WEAK,5.7561
1384,-99,CCS,CENTURY COMMUNITIES INC,Consumer Discretionary,,small,53.08,0.6937,0.9624,0.7823,0.6302,STRONG_UP,-9.53,-4.89,-35.14,-30.65,48.4,39.28,0.7426,LOW,-,57.5925,58.2442,61.8835,0,-6.0247,WEAK,5.7506
1385,-34,ENR,ENERGIZER HOLDINGS INC,Consumer Staples,,small,17.69,0.5955,0.9176,0.8283,0.6719,STRONG_UP,-23.48,-18.35,-35.57,-42.96,48.0,47.81,0.6389,LOW,-,19.2665,18.2418,21.7798,0,-18.4234,WEAK,5.6825
1386,-81,FOXF,FOX FACTORY HOLDING CORP,Consumer Discretionary,,small,16.83,0.4662,0.9109,0.8502,0.7285,STRONG_UP,5.19,-36.08,-64.78,-56.63,50.8,52.29,1.2893,MED,-,17.4365,16.9952,20.6109,0,-35.0524,WEAK,5.6792
1387,-30,ICE,Intercontinental Exchange,Financials,Financial Exchanges & Data,large,155.81,0.6652,0.9994,0.8549,0.8917,FLAT,4.87,-8.79,19.27,-22.53,49.6,27.49,0.5464,LOW,EARLY,157.8505,159.4674,163.066,0,-15.8671,WEAK,5.6695
1388,19,BHVN,BIOHAVEN LTD,Health Care,,small,9.2,0.3439,0.9017,0.7835,0.6772,STRONG_UP,18.1,-52.84,-72.76,-60.38,44.8,67.27,0.7126,LOW,-,9.942,9.6568,12.1217,0,-35.1931,WEAK,5.6466
1389,-124,NMIH,NMI HOLDINGS INC,Financials,,mid,37.39,0.7176,0.9619,0.8557,0.7923,STRONG_UP,-0.4,-1.61,11.78,-18.08,53.6,25.01,0.8998,LOW,EARLY,39.268,38.434,38.5454,0,-3.4403,WEAK,5.639
1390,-6,TRIP,TRIPADVISOR INC,Communication,,small,9.45,0.4398,0.8317,0.7462,0.6738,STRONG_UP,-38.36,-39.69,-49.3,-51.72,45.6,60.2,1.0146,MED,-,11.0215,10.5376,14.038,0,-30.067,WEAK,5.6278
1391,29,JBI,JANUS INTERNATIONAL GROUP INC,Industrials,,small,4.96,0.4256,0.9209,0.7875,0.5835,STRONG_UP,-23.22,-41.65,-64.08,-53.93,44.4,53.22,2.4066,HIGH,-,5.295,5.3578,7.5176,0,-34.745,WEAK,5.6259
1392,-20,CNS,COHEN & STEERS INC,Financials,,mid,72.26,0.6675,1.0173,0.9783,0.9856,FLAT,10.05,-8.48,9.48,-27.8,49.6,23.61,0.4257,LOW,-,68.3751,65.0569,65.672,1,-17.8175,TREND_ONLY,5.6147
1393,-22,CHCO,CITY HOLDING,Financials,,small,121.61,0.7495,0.9732,0.8549,0.8412,STRONG_UP,2.23,2.77,22.75,-11.76,45.6,17.88,0.6532,LOW,-,124.106,121.5363,121.3798,1,7.067,TREND_ONLY,5.6092
1394,-17,MQ,MARQETA INC CLASS A,Financials,,small,3.99,0.6025,0.9495,0.8738,0.8336,STRONG_UP,-16.53,-17.39,-28.88,-43.78,47.6,42.02,0.7873,LOW,-,4.299,4.1438,4.7983,0,-19.7008,WEAK,5.6
1395,-7,PD,PAGERDUTY INC,Information Technology,,small,6.75,0.2896,0.9696,1.0312,0.8232,FLAT,-57.03,-60.29,-67.44,-66.63,42.4,69.87,0.579,LOW,-,6.8035,6.7782,11.982,0,-36.589,WEAK,5.5719
1396,22,ATRC,ATRICURE INC,Health Care,,small,26.69,0.6184,0.9376,0.8072,0.7034,STRONG_UP,-16.57,-15.22,18.78,-38.03,48.8,42.87,1.0376,MED,-,28.2245,28.8964,34.4999,0,-17.3208,WEAK,5.569
1397,3,UFPI,UFP INDUSTRIES INC,Industrials,,mid,82.27,0.5876,0.9607,0.761,0.6199,STRONG_UP,-9.4,-19.44,-28.98,-30.3,42.4,30.5,1.7821,HIGH,EARLY,90.0785,91.3476,95.8139,0,-27.0206,WEAK,5.5353
1398,18,ITGR,INTEGER HOLDINGS CORP,Health Care,,mid,84.98,0.5122,0.969,0.8525,0.8452,STRONG_UP,23.59,-29.77,-24.59,-48.51,52.0,31.45,0.4446,LOW,EARLY,86.2825,85.9168,88.3078,0,-49.2199,WEAK,5.499
1399,-65,UFPT,UFP TECHNOLOGIES INC,Health Care,,small,220.59,0.6493,0.9948,1.0005,0.726,FLAT,-5.94,-10.98,-14.9,-30.69,48.8,51.02,1.1529,MED,-,203.782,200.6836,217.1915,1,-10.4994,TREND_ONLY,5.4822
1400,-86,ICUI,ICU MEDICAL INC,Health Care,,mid,123.23,0.6259,1.0139,0.857,0.7233,STRONG_UP,-11.49,-14.18,13.71,-27.18,46.4,37.27,0.8946,LOW,EARLY,123.3855,126.6306,133.5146,0,-17.6527,WEAK,5.4277
1401,30,TNET,TRINET GROUP INCINARY,Industrials,,small,41.45,0.368,0.9975,0.9773,0.8005,STRONG_UP,-23.0,-49.54,-58.04,-60.35,46.4,62.91,0.5543,LOW,-,41.3425,38.7147,54.3208,0,-36.5392,WEAK,5.4252
1402,-66,HAE,HAEMONETICS CORP,Health Care,,mid,54.01,0.5697,1.009,0.794,0.8144,FLAT,-23.37,-21.88,-43.86,-40.06,50.8,34.56,0.9532,LOW,EARLY,58.1885,58.886,62.844,0,-32.1662,WEAK,5.4047
1403,75,SYK,Stryker Corporation,Health Care,Health Care Equipment,large,294.45,0.5595,0.9911,0.7569,0.7039,STRONG_UP,-16.63,-23.29,-7.56,-29.45,46.0,27.63,1.2491,MED,EARLY,314.2855,331.461,359.4121,0,-38.7675,WEAK,5.3934
1404,1,CCB,COASTAL FINANCIAL CORP,Financials,,small,70.29,0.592,0.9228,0.7618,0.6955,STRONG_UP,-34.47,-18.83,60.44,-40.92,51.6,44.98,1.1435,MED,-,78.5895,78.0878,98.7444,0,-21.6056,WEAK,5.3035
1405,-63,BXMT,BLACKSTONE MORTGAGE TRUST REIT CLA,Financials,,mid,18.33,0.7468,0.935,0.8161,0.8141,STRONG_UP,6.27,2.39,23.95,-9.53,50.0,25.96,1.0284,MED,EARLY,19.4875,19.0361,18.4263,0,4.6088,WEAK,5.2903
1406,-19,IPAR,INTERPARFUMS INC,Consumer Staples,,mid,90.17,0.5443,0.9358,0.8341,0.7815,STRONG_UP,5.51,-25.37,-20.48,-43.01,51.6,28.95,1.2869,MED,EARLY,92.8075,92.1573,95.0048,0,-45.2166,WEAK,5.2742
1407,51,CPT,Camden Property Trust,Real Estate,Multi-Family Residential REITs,large,105.23,0.6814,0.9879,0.9193,0.8328,STRONG_UP,4.93,-6.57,6.29,-16.85,51.6,20.07,0.4467,LOW,-,103.6045,101.7445,103.7182,1,-16.8798,TREND_ONLY,5.2684
1408,43,KMB,Kimberly-Clark,Consumer Staples,Household Products,large,97.34,0.5532,0.9656,0.8908,0.7941,STRONG_UP,-3.25,-24.14,-22.75,-32.43,47.2,25.03,1.0878,MED,EARLY,97.659,98.4701,108.1593,0,-45.5301,WEAK,5.2414
1409,-51,CSW,CSW INDUSTRIALS INC,Industrials,,mid,261.47,0.5693,0.9152,0.758,0.7048,STRONG_UP,5.98,-21.94,8.83,-31.03,52.8,41.91,1.1818,MED,EARLY,285.0938,274.883,274.2671,0,-27.6357,WEAK,5.2221
1410,-36,CBRL,CRACKER BARREL OLD COUNTRY STORE I,Consumer Discretionary,,small,29.74,0.4105,0.9526,0.9491,0.7953,STRONG_UP,3.81,-43.71,-45.34,-64.96,44.8,46.27,0.8441,LOW,-,30.405,29.0959,35.8219,0,-42.3239,WEAK,5.2203
1411,-2,BCPC,BALCHEM CORP,Materials,,mid,159.47,0.7095,0.9723,0.8076,0.7739,STRONG_UP,3.36,-2.72,4.42,-17.69,44.4,23.91,0.8422,LOW,EARLY,168.882,170.0106,161.0483,0,-5.0538,WEAK,5.1564
1412,60,PCRX,PACIRA BIOSCIENCES INC,Health Care,,small,22.84,0.7119,0.9487,0.855,0.9114,FLAT,-1.0,-2.39,-24.82,-29.61,52.4,35.1,,LOW,-,24.3935,23.4736,23.6836,0,-3.5727,WEAK,5.1497
1413,25,SMA,SMARTSTOP SELF STORAGE REIT INC,Real Estate,,mid,31.75,0.6746,0.9736,0.8771,0.8551,STRONG_UP,-2.04,-7.51,2.07,-21.77,51.6,33.61,0.3988,LOW,-,32.0306,31.5254,32.9105,0,-11.5226,WEAK,5.1412
1414,36,WRB,W. R. Berkley Corporation,Financials,Property & Casualty Insurance,large,66.56,0.6953,0.9905,0.8968,0.8077,STRONG_UP,-10.72,-4.66,33.62,-16.39,52.4,20.72,0.4363,LOW,PROGRESS,66.5435,66.924,70.1224,0,-11.7884,WEAK,5.1333
1415,-90,SPGI,S&P Global,Financials,Financial Exchanges & Data,large,424.17,0.6048,0.9854,0.8869,0.9434,FLAT,-13.74,-17.08,0.64,-30.48,53.2,25.95,0.6832,LOW,EARLY,432.478,429.8764,484.9782,0,-35.0084,WEAK,5.0886
1416,-23,FFIN,FIRST FINANCIAL BANKSHARES INC,Financials,,mid,31.7,0.6585,0.9568,0.8976,0.8226,STRONG_UP,2.71,-9.71,6.39,-23.37,47.2,27.27,1.0207,MED,-,32.1025,30.7922,32.1689,0,-16.8058,WEAK,5.083
1417,-86,LRN,STRIDE INC,Consumer Discretionary,,mid,87.42,0.4147,0.9249,0.831,0.8827,FLAT,34.1,-43.14,23.7,-64.07,52.4,32.41,0.6805,LOW,EARLY,94.7055,90.294,102.1437,0,-69.7445,WEAK,5.0612
1418,-16,GPI,GROUP AUTOMOTIVE INC,Consumer Discretionary,,mid,336.14,0.549,0.9616,0.8843,0.8662,STRONG_UP,-13.49,-24.72,8.44,-38.91,45.6,30.44,0.5565,LOW,-,344.455,330.9058,389.7939,0,-37.0351,WEAK,5.0608
1419,14,JKHY,Jack Henry & Associates,Financials,Transaction & Payment Processing Services,large,144.73,0.6001,0.9967,0.8498,0.7603,STRONG_UP,-10.37,-17.72,-11.38,-25.55,50.8,27.24,1.2367,MED,EARLY,150.947,157.261,163.8475,0,-33.0518,WEAK,5.0467
1420,-41,PAYO,PAYONEER GLOBAL INC,Financials,,small,5.12,0.5006,1.0366,0.916,0.7537,STRONG_UP,-9.7,-31.37,-10.96,-42.76,46.8,60.03,1.3992,MED,-,5.0875,4.8704,5.7144,0,-24.4543,WEAK,5.0037
1421,-18,HLMN,HILLMAN SOLUTIONS CORP,Industrials,,small,7.56,0.6595,0.9369,0.778,0.6364,STRONG_UP,-13.7,-9.57,-20.5,-30.17,41.6,42.42,0.6711,LOW,-,8.3015,8.2517,9.0328,0,-9.3844,WEAK,4.9814
1422,-3,PG,Procter & Gamble,Consumer Staples,Personal Care Products,large,143.91,0.6803,0.9574,0.8929,0.7857,STRONG_UP,0.36,-6.73,-8.56,-17.62,48.8,22.03,,LOW,EARLY,145.189,146.0549,148.2296,0,-14.9048,WEAK,4.9753
1423,-59,APAM,ARTISAN PARTNERS ASSET MANAGEMENT,Financials,,mid,36.94,0.6795,0.9606,0.8675,0.7506,STRONG_UP,-13.2,-6.84,-2.73,-21.92,48.4,26.35,0.8548,LOW,EARLY,37.607,36.9984,40.6108,0,-12.5584,WEAK,4.9689
1424,64,AWK,American Water Works,Utilities,Water Utilities,large,127.65,0.7088,0.9994,0.8509,0.8948,FLAT,0.31,-2.81,-0.48,-15.36,50.8,24.14,0.9594,LOW,EARLY,129.6165,133.7706,133.6208,0,-5.9108,WEAK,4.9127
1425,29,HRMY,HARMONY BIOSCIENCES HLDG INC,Health Care,,small,30.15,0.6398,0.905,0.9152,0.7145,FLAT,-5.25,-12.28,-0.23,-34.49,48.8,49.21,1.0198,MED,-,31.0975,29.2756,32.8166,0,-12.1759,WEAK,4.9017
1426,-122,MWA,MUELLER WATER PRODUCTS INC SERIES,Industrials,,mid,25.36,0.7203,0.9219,0.7489,0.7489,UP,6.42,-1.24,35.4,-16.27,48.8,26.32,0.77,LOW,EARLY,27.5285,27.909,26.2324,0,-2.2913,WEAK,4.8652
1427,5,HRTG,HERITAGE INSURANCE HOLDINGS INC,Financials,,small,23.01,0.6462,0.7883,0.7758,0.7867,FLAT,-20.41,-11.4,157.09,-28.77,51.2,64.31,1.8132,HIGH,-,27.486,27.0958,25.9253,0,-9.0743,WEAK,4.8461
1428,21,USPH,US PHYSICAL THERAPY INC,Health Care,,small,60.85,0.5885,0.813,0.7014,0.6022,STRONG_UP,-15.96,-19.31,-39.43,-35.89,49.6,45.7,1.6514,HIGH,-,71.082,74.5859,79.6352,0,-20.9589,WEAK,4.8455
1429,-60,LADR,LADDER CAPITAL CORP CLASS A,Financials,,small,10.06,0.7425,0.962,0.8659,0.8466,STRONG_UP,-0.34,1.81,6.07,-14.68,50.0,19.44,0.7522,LOW,-,10.278,10.0223,10.3756,0,4.6617,WEAK,4.838
1430,11,AIG,American International Group,Financials,Multi-line Insurance,large,76.4,0.6812,0.9676,0.882,0.8495,STRONG_UP,0.43,-6.6,1.02,-16.98,51.2,23.24,0.5649,LOW,-,76.63,76.3828,77.6182,0,-14.5473,WEAK,4.8313
1431,-121,ACIW,ACI WORLDWIDE INC,Information Technology,,mid,42.18,0.6258,0.9592,0.9048,0.9068,FLAT,-11.16,-14.2,15.69,-28.25,50.8,40.53,0.7896,LOW,-,43.7585,42.0038,45.6134,0,-17.7963,WEAK,4.8303
1432,-21,PRGS,PROGRESS SOFTWARE CORP,Information Technology,,small,27.17,0.317,0.9487,0.8572,0.5753,STRONG_UP,-35.98,-56.54,-46.23,-61.2,49.6,68.68,0.5611,LOW,-,28.8675,30.4878,39.9334,0,-40.834,WEAK,4.8087
1433,-133,PRKS,UNITED PARKS AND RESORTS INC,Consumer Discretionary,,small,35.15,0.5206,0.9672,0.829,0.8513,FLAT,0.89,-28.61,-34.69,-46.15,47.6,52.15,1.6545,HIGH,-,35.392,34.1086,40.8279,0,-26.1183,WEAK,4.8047
1434,-9,VLTO,Veralto,Industrials,Environmental & Facilities Services,large,86.73,0.6341,0.9823,0.8346,0.7928,STRONG_UP,-11.49,-13.06,-8.73,-22.34,44.0,23.04,0.6516,LOW,EARLY,88.5195,89.399,98.5511,0,-24.9381,WEAK,4.8025
1435,44,LZ,LEGALZOOM COM INC,Industrials,,small,6.16,0.4724,0.9652,0.9113,0.7512,STRONG_UP,-39.43,-35.23,-36.82,-50.98,50.4,49.34,2.6746,HIGH,-,6.4135,6.2242,8.776,0,-35.9829,WEAK,4.7988
1436,-19,GPOR,GULFPORT ENERGY CORP,Energy,,mid,180.29,0.6634,0.9832,0.8393,0.7766,STRONG_UP,-12.5,-9.04,21.06,-21.77,52.4,33.9,0.87,LOW,EARLY,188.1225,198.0328,191.8032,0,-13.9748,WEAK,4.7015
1437,-15,SHW,Sherwin-Williams,Materials,Specialty Chemicals,large,311.58,0.644,0.9473,0.8304,0.7378,STRONG_UP,-8.63,-11.71,0.35,-18.74,46.0,28.96,0.9813,LOW,EARLY,326.125,324.9646,340.2281,0,-18.593,WEAK,4.6715
1438,63,CWT,CALIFORNIA WATER SERVICE GROUP,Utilities,,mid,43.44,0.7142,1.0011,0.8625,0.8598,STRONG_UP,-3.59,-2.08,-12.96,-14.59,50.8,30.65,0.517,LOW,EARLY,44.358,44.6675,44.7289,0,-3.4436,WEAK,4.6692
1439,-26,MBC,MASTERBRAND INC,Industrials,,small,7.18,0.4692,0.9175,0.7321,0.5162,STRONG_UP,-32.83,-35.66,-57.99,-48.05,43.2,53.61,0.9407,LOW,-,8.6255,8.5142,11.1986,0,-28.738,WEAK,4.6366
1440,-12,ENOV,ENOVIS CORP,Health Care,,small,25.99,0.5075,1.0291,0.9206,0.9884,FLAT,-14.11,-30.41,-49.74,-42.54,47.2,60.94,2.1728,HIGH,-,24.593,23.918,27.0949,0,-23.5574,WEAK,4.5615
1441,-12,AVY,Avery Dennison,Materials,Paper & Plastic Packaging Products & Materials,large,160.11,0.6549,0.9452,0.8332,0.7237,STRONG_UP,-6.8,-10.2,-26.09,-18.51,46.8,24.87,0.8455,LOW,EARLY,165.5,169.4512,173.3,0,-19.2018,WEAK,4.4917
1442,-52,ROCK,GIBRALTAR INDUSTRIES INC,Industrials,,small,37.91,0.4382,0.9842,0.8116,0.6074,STRONG_UP,-38.22,-39.91,-48.95,-50.5,44.4,50.96,1.182,MED,-,38.9025,40.0174,53.0937,0,-34.7735,WEAK,4.4297
1443,-58,WGO,WINNEBAGO INDUSTRIES INC,Consumer Discretionary,,small,29.55,0.6007,0.9101,0.7962,0.5469,STRONG_UP,-15.11,-17.63,-51.09,-40.09,49.6,38.66,0.6276,LOW,-,32.0675,32.7542,36.1871,0,-22.6215,WEAK,4.4273
1444,3,MCD,McDonald's,Consumer Discretionary,Restaurants,large,274.84,0.6644,0.9519,0.8059,0.7414,STRONG_UP,-7.04,-8.91,6.16,-19.04,48.4,18.55,1.2394,MED,EARLY,292.5245,306.2502,306.5851,0,-23.2372,WEAK,4.4169
1445,-48,APPN,APPIAN CORP CLASS A,Information Technology,,small,20.52,0.4549,0.8711,0.8814,0.76,FLAT,-51.5,-37.63,-38.36,-55.7,48.4,55.05,0.8695,LOW,-,21.8248,23.4667,29.8196,0,-33.0836,WEAK,4.3711
1446,-20,OI,O I GLASS INC,Materials,,small,8.78,0.4647,0.9504,0.7208,0.4886,STRONG_UP,-31.62,-36.28,-35.58,-47.99,49.6,59.03,0.8824,LOW,-,9.817,10.4294,12.9006,0,-30.4881,WEAK,4.3661
1447,53,ABT,Abbott Laboratories,Health Care,Health Care Equipment,large,84.35,0.4864,0.9617,0.7468,0.6479,STRONG_UP,-32.24,-33.3,-16.2,-38.99,47.2,25.01,1.1723,MED,EARLY,90.768,99.5759,117.9528,0,-62.85,WEAK,4.3648
1448,-11,VRTS,VIRTUS INVESTMENT PARTNERS INC,Financials,,small,140.85,0.6151,0.967,0.8982,0.8889,STRONG_UP,-10.37,-15.67,-32.42,-38.95,50.4,36.02,0.9084,LOW,-,140.8077,134.4168,158.7494,0,-21.9222,WEAK,4.3622
1449,-5,CPRT,Copart,Industrials,Diversified Support Services,large,33.44,0.3909,0.9855,0.8931,0.7339,STRONG_UP,-19.25,-46.4,-38.74,-49.2,47.6,27.34,0.6247,LOW,EARLY,33.4405,33.864,40.3847,0,-80.7871,WEAK,4.3317
1450,25,IRT,INDEPENDENCE REALTY INC TRUST,Real Estate,,mid,16.46,0.6611,0.9864,0.9322,0.8582,STRONG_UP,3.06,-9.36,5.06,-21.5,47.6,21.57,0.5605,LOW,-,16.141,15.7313,16.3009,1,-20.6545,TREND_ONLY,4.2819
1451,-43,GSHD,GOOSEHEAD INSURANCE INC CLASS A,Financials,,small,39.65,0.2738,0.95,0.8705,0.6945,STRONG_UP,-42.64,-62.45,-30.57,-65.17,47.2,62.05,0.5433,LOW,-,44.243,44.2922,65.4519,0,-47.5063,WEAK,4.2794
1452,-70,RWT,REDWOOD TRUST REIT INC,Financials,,small,5.31,0.7417,0.938,0.7804,0.8592,FLAT,8.17,1.69,4.41,-19.91,46.4,52.27,0.7712,LOW,-,5.695,5.6829,5.4476,0,1.5021,WEAK,4.2779
1453,-8,TRUP,TRUPANION INC,Financials,,small,23.78,0.3804,0.939,0.8051,0.6378,STRONG_UP,-39.54,-47.84,-22.72,-57.87,46.4,54.41,0.9216,LOW,-,26.1115,26.0024,36.0551,0,-40.7967,WEAK,4.2186
1454,-27,WINA,WINMARK CORP,Consumer Discretionary,,small,360.36,0.658,0.9544,0.7684,0.7209,STRONG_UP,-13.69,-9.78,2.13,-28.46,54.8,41.64,0.7322,LOW,-,380.797,412.8578,427.6442,0,-12.8737,WEAK,4.1635
1455,26,MZTI,MARZETTI,Consumer Staples,,mid,114.52,0.51,0.9585,0.7155,0.64,STRONG_UP,-32.77,-30.07,-38.66,-39.61,48.4,31.94,1.3784,MED,EARLY,125.0115,138.3542,160.8625,0,-45.5718,WEAK,4.1323
1456,-1,UPBD,UPBOUND GROUP INC,Consumer Discretionary,,small,17.96,0.5567,0.9296,0.8257,0.8033,STRONG_UP,7.08,-23.68,-38.47,-40.17,44.4,43.48,0.8191,LOW,-,19.125,18.5469,19.7667,0,-24.177,WEAK,4.0931
1457,-22,BCC,BOISE CASCADE,Industrials,,mid,67.93,0.5343,0.9003,0.7391,0.6605,STRONG_UP,-2.18,-26.74,-46.95,-29.35,40.8,38.54,0.8422,LOW,EARLY,78.0755,76.0808,78.1886,0,-28.3117,WEAK,3.9993
1458,19,SDGR,SCHRODINGER INC,Health Care,,small,12.69,0.3895,0.962,0.9473,0.9185,STRONG_UP,-30.62,-46.59,-45.25,-58.52,48.8,53.07,0.6725,LOW,-,12.4345,12.1582,16.5331,0,-42.8422,WEAK,3.9935
1459,14,UMH,UMH PROPERTIES INC,Real Estate,,small,15.46,0.6997,0.9671,0.8932,0.8428,STRONG_UP,5.62,-4.06,9.3,-17.43,46.8,19.25,1.0248,MED,-,15.5795,15.0762,15.0987,1,-9.8739,TREND_ONLY,3.963
1460,1,LZB,LA-Z-BOY INC,Consumer Discretionary,,small,35.5,0.6084,0.9876,0.9253,0.8271,STRONG_UP,16.19,-16.58,3.92,-32.97,45.2,32.58,0.6545,LOW,-,35.3455,33.9958,35.182,1,-23.0028,TREND_ONLY,3.9412
1461,6,WMK,WEIS MARKETS INC,Consumer Staples,,small,68.85,0.6811,0.9502,0.8861,0.8509,STRONG_UP,9.07,-6.62,,-20.22,50.4,30.79,0.8404,LOW,-,69.5654,68.0285,68.2322,1,-10.8321,TREND_ONLY,3.9196
1462,20,GIS,General Mills,Consumer Staples,Packaged Foods & Meats,large,34.13,0.4892,0.9576,0.8745,0.614,STRONG_UP,-23.85,-32.92,-46.95,-35.21,46.0,26.32,1.0531,MED,EARLY,34.8805,36.7101,43.7886,0,-57.5433,WEAK,3.9036
1463,-33,IOSP,INNOSPEC INC,Materials,,small,80.44,0.6628,1.0191,0.9508,0.7888,STRONG_UP,8.46,-9.13,-35.46,-25.56,48.0,27.07,0.8508,LOW,-,76.974,73.8876,77.5347,1,-16.1822,TREND_ONLY,3.8872
1464,-4,ALRM,ALARM.COM HOLDINGS INC,Information Technology,,mid,42.13,0.5064,0.9123,0.854,0.7866,STRONG_UP,-16.51,-30.57,-38.05,-30.57,44.0,38.56,1.7104,HIGH,EARLY,45.5135,45.5201,50.2221,0,-34.883,WEAK,3.8633
1465,-3,SMPL,THE SIMPLY GOOD FOODS COMPANY,Consumer Staples,,small,11.34,0.2302,0.8835,0.8852,0.5988,FLAT,-41.0,-68.43,-70.27,-71.46,44.8,60.26,0.9209,LOW,-,12.5785,13.6083,20.2678,0,-50.8738,WEAK,3.8624
1466,-14,AOS,A. O. Smith,Industrials,Building Products,mid,58.09,0.6169,0.9361,0.7761,0.6314,STRONG_UP,-11.28,-15.41,-29.8,-27.4,46.8,27.01,0.7398,LOW,EARLY,62.0517,64.7544,68.6376,0,-26.7059,WEAK,3.8567
1467,0,HRL,Hormel Foods,Consumer Staples,Packaged Foods & Meats,large,20.18,0.528,0.9593,0.8643,0.741,STRONG_UP,-6.42,-27.61,-38.11,-32.89,46.8,25.23,0.7874,LOW,EARLY,21.0165,21.7896,23.4116,0,-51.2142,WEAK,3.8436
1468,40,RSG,Republic Services,Industrials,Environmental & Facilities Services,large,202.38,0.627,0.9972,0.8499,0.7788,STRONG_UP,-0.28,-14.03,9.89,-22.54,49.6,20.73,1.3613,MED,EARLY,206.0605,215.0881,218.458,0,-33.5676,WEAK,3.7424
1469,-4,SYBT,STOCK YARDS BANCORP INC,Financials,,small,70.47,0.6787,0.9581,0.8773,0.8984,FLAT,5.62,-6.95,53.64,-24.16,44.8,24.75,1.2116,MED,-,71.543,68.0055,69.1263,1,-12.5736,TREND_ONLY,3.7375
1470,-46,DFIN,DONNELLEY FINANCIAL SOLUTIONS INC,Financials,,small,40.58,0.5344,0.9293,0.7407,0.8526,FLAT,-13.92,-26.72,-34.39,-41.38,53.2,61.77,0.9286,LOW,-,48.6315,48.4164,50.0702,0,-23.0167,WEAK,3.688
1471,-8,ABR,ARBOR REALTY TRUST REIT INC,Financials,,small,5.85,0.4351,0.6944,0.6668,0.6918,FLAT,-32.2,-40.34,-45.07,-49.67,48.8,56.97,3.5911,HIGH,-,7.7905,7.7522,8.9085,0,-34.5553,WEAK,3.6845
1472,-33,BANF,BANCFIRST CORP,Financials,,mid,109.97,0.635,0.945,0.8552,0.8219,STRONG_UP,-1.56,-12.94,25.52,-23.63,46.8,26.64,0.6747,LOW,EARLY,113.26,110.5639,115.267,0,-22.729,WEAK,3.5635
1473,21,UTL,UNITIL CORP,Utilities,,small,50.78,0.7105,1.0139,0.8359,0.8708,FLAT,8.74,-2.58,0.66,-17.99,53.2,23.2,0.4508,LOW,-,51.993,52.5142,49.265,1,-5.911,TREND_ONLY,3.5437
1474,-15,MRSH,Marsh McLennan,Financials,Insurance Brokers,large,163.39,0.5427,0.9809,0.8405,0.8231,STRONG_UP,-7.33,-25.58,-17.8,-29.88,47.6,25.94,0.8892,LOW,EARLY,170.2725,172.4895,184.4948,0,-46.9472,WEAK,3.5426
1475,-18,WDFC,WD-40,Consumer Staples,,mid,204.68,0.6352,0.955,0.8932,0.7555,STRONG_UP,4.41,-12.91,-9.21,-23.27,50.8,29.11,0.9699,LOW,EARLY,212.5641,215.5985,209.3335,0,-22.5336,WEAK,3.5376
1476,-2,MA,Mastercard,Financials,Transaction & Payment Processing Services,large,499.81,0.6359,0.9998,0.866,0.8077,STRONG_UP,-9.32,-12.8,10.48,-18.92,51.6,25.68,0.7195,LOW,EARLY,506.496,504.4227,544.6182,0,-25.7281,WEAK,3.4984
1477,42,MSEX,MIDDLESEX WATER,Utilities,,small,51.93,0.6911,0.999,0.8903,0.8765,STRONG_UP,-0.15,-5.25,-5.8,-21.04,50.8,29.39,0.9018,LOW,-,52.0455,52.3876,52.6728,0,-9.0689,WEAK,3.4931
1478,-9,ALKT,ALKAMI TECHNOLOGY INC,Information Technology,,small,16.79,0.3926,0.9863,0.9192,0.8635,STRONG_UP,-14.73,-46.17,-33.98,-51.11,46.0,52.79,1.2706,MED,-,16.8815,16.7956,20.6805,0,-40.2303,WEAK,3.4513
1479,-129,AJG,Arthur J. Gallagher & Co.,Financials,Insurance Brokers,large,197.4,0.437,0.9864,0.7981,0.8362,FLAT,-20.92,-40.08,-19.43,-42.98,48.8,28.48,,LOW,EARLY,211.6785,214.1795,253.375,0,-68.6758,WEAK,3.4061
1480,12,VEEV,VEEVA SYSTEMS INC,Health Care,Health Care Technology,small,159.42,0.482,0.9374,0.891,0.7808,STRONG_UP,-46.1,-33.91,-21.8,-50.55,48.8,42.89,0.6419,LOW,-,164.373,172.8506,233.3185,0,-38.5775,WEAK,3.3722
1481,0,FIZZ,NATIONAL BEVERAGE CORP,Consumer Staples,,mid,34.58,0.5791,0.9733,0.8979,0.847,STRONG_UP,5.39,-20.6,-23.43,-33.61,44.8,22.85,1.161,MED,SHIFT,34.244,34.4532,36.2579,0,-40.3828,WEAK,3.3721
1482,-14,BBSI,BARRETT BUSINESS SERVICES INC,Industrials,,small,29.22,0.5155,0.9766,0.8885,0.7929,STRONG_UP,-15.68,-29.31,-4.73,-45.31,51.6,45.0,0.9294,LOW,-,30.2465,29.276,37.2399,0,-33.6121,WEAK,3.3645
1483,29,COO,Cooper Companies (The),Health Care,Health Care Supplies,large,59.95,0.5348,0.9651,0.7443,0.6259,STRONG_UP,-15.23,-26.68,-35.42,-30.05,46.0,24.35,1.2495,MED,EARLY,64.037,69.135,73.732,0,-50.3934,WEAK,3.2946
1484,-20,IIIN,INSTEEL INDUSTRIES INC,Industrials,,small,26.26,0.5311,0.9674,0.6211,0.6136,STRONG_UP,-14.29,-27.18,-15.57,-35.51,51.2,57.13,0.6188,LOW,-,26.6215,30.8763,33.289,0,-24.3592,WEAK,3.2701
1485,-14,AON,Aon plc,Financials,Insurance Brokers,large,316.35,0.6529,1.0098,0.8731,0.8873,FLAT,-8.03,-10.48,11.01,-17.66,50.4,27.13,0.839,LOW,EARLY,320.3701,322.5165,342.5419,0,-19.4733,WEAK,3.2683
1486,-20,APOG,APOGEE ENTERPRISES INC,Industrials,,small,35.62,0.6282,0.9621,0.8763,0.7408,STRONG_UP,4.69,-13.87,-43.69,-29.12,46.0,35.12,0.5544,LOW,-,36.0715,34.9272,38.1911,0,-18.1648,WEAK,3.236
1487,-7,ADUS,ADDUS HOMECARE CORP,Health Care,,small,98.49,0.6546,1.0028,0.9393,0.7579,STRONG_UP,-12.71,-10.25,-10.93,-25.38,47.6,33.36,0.7328,LOW,-,96.4905,97.5226,108.8859,0,-14.6274,WEAK,3.227
1488,-35,ICFI,ICF INTERNATIONAL INC,Industrials,,small,64.36,0.549,0.8607,0.8148,0.7131,STRONG_UP,-22.3,-24.73,-55.96,-35.77,48.4,44.99,1.2727,MED,-,70.0415,69.5218,83.6402,0,-26.6024,WEAK,3.2186
1489,-53,IDT,IDT CORP CLASS B,Communication,,small,52.66,0.6681,0.9849,0.9152,0.9462,FLAT,2.54,-8.39,37.68,-33.19,49.2,23.41,0.8313,LOW,-,51.9495,50.3454,52.8624,0,-17.6366,WEAK,3.2122
1490,-50,VCEL,VERICEL CORP,Health Care,,small,32.94,0.5505,0.8812,0.8335,0.8248,STRONG_UP,-15.52,-24.52,-32.11,-35.8,49.2,47.36,0.7315,LOW,-,34.977,33.755,35.5705,0,-25.4714,WEAK,3.1137
1491,0,CRAI,CRA INTERNATIONAL INC,Industrials,,small,140.65,0.5463,0.9067,0.7689,0.7456,STRONG_UP,-23.27,-25.09,-12.72,-37.5,49.2,44.91,0.9966,LOW,-,153.7395,159.8657,181.8248,0,-27.4903,WEAK,3.0542
1492,-46,ABG,ASBURY AUTOMOTIVE GROUP INC,Consumer Discretionary,,mid,193.68,0.589,0.964,0.8336,0.723,STRONG_UP,-13.0,-19.24,-17.53,-30.41,48.8,26.18,0.7154,LOW,EARLY,201.8265,199.3942,227.9463,0,-35.8627,WEAK,3.0254
1493,0,PLMR,PALOMAR HOLDINGS INC,Financials,,mid,108.63,0.5089,0.9651,0.7379,0.7155,STRONG_UP,-16.12,-30.22,30.69,-38.16,52.0,33.13,0.7256,LOW,EARLY,122.1665,122.3392,122.921,0,-47.4361,WEAK,3.0239
1494,-52,CNXN,PC CONNECTION INC,Information Technology,,small,63.67,0.6628,0.967,0.8827,0.85,STRONG_UP,9.78,-9.13,,-20.57,48.0,23.87,1.0596,MED,-,64.4195,61.7404,60.8086,1,-18.3542,TREND_ONLY,2.8867
1495,-8,OTIS,Otis Worldwide,Industrials,Industrial Machinery & Supplies & Components,large,74.1,0.5675,0.9505,0.8044,0.7218,STRONG_UP,-17.14,-22.19,-20.59,-25.75,50.4,26.25,0.767,LOW,EARLY,77.652,80.0954,86.4062,0,-42.5968,WEAK,2.8763
1496,-26,GT,GOODYEAR TIRE & RUBBER,Consumer Discretionary,,small,5.86,0.3786,0.7899,0.7617,0.536,STRONG_UP,-22.69,-48.1,-54.89,-50.92,41.2,46.19,1.2653,MED,-,6.8915,6.882,8.0997,0,-42.8998,WEAK,2.8237
1497,1,BLKB,BLACKBAUD INC,Information Technology,,small,32.48,0.3721,0.9049,0.8049,0.5591,STRONG_UP,-44.71,-48.98,-57.99,-54.64,50.4,52.0,1.0458,MED,-,37.306,40.001,55.5419,0,-47.4719,WEAK,2.7417
1498,6,MAA,Mid-America Apartment Communities,Real Estate,Multi-Family Residential REITs,large,129.22,0.6125,0.9758,0.9205,0.8338,STRONG_UP,2.11,-16.01,3.36,-23.66,46.8,19.02,0.5691,LOW,SHIFT,127.902,125.9368,131.1912,0,-39.4036,WEAK,2.6885
1499,-3,CPB,Campbell's Company (The),Consumer Staples,Packaged Foods & Meats,mid,20.39,0.4475,0.9572,0.9065,0.6137,STRONG_UP,-31.25,-38.64,-51.63,-40.67,44.4,32.62,0.7452,LOW,EARLY,20.7765,21.4154,27.2085,0,-52.5879,WEAK,2.6756
1500,-10,CXM,SPRINKLR INC CLASS A,Information Technology,,small,5.06,0.4347,0.9484,0.8441,0.7724,STRONG_UP,-32.08,-40.4,-58.46,-48.24,47.2,45.94,1.1029,MED,-,5.2245,5.5976,7.0024,0,-41.5085,WEAK,2.6567
1501,20,MGEE,MGE ENERGY INC,Utilities,,mid,75.3,0.6228,0.917,0.838,0.8219,STRONG_UP,-8.5,-14.61,-3.71,-20.77,49.2,27.09,1.7934,HIGH,EARLY,78.482,77.8322,80.5707,0,-26.5328,WEAK,2.5938
1502,7,PBH,PRESTIGE CONSUMER HEALTHCARE INC,Health Care,,mid,50.41,0.4227,0.9133,0.791,0.6626,STRONG_UP,-16.62,-42.04,-28.5,-43.42,47.2,33.76,1.1991,MED,EARLY,56.0455,58.9088,62.8201,0,-58.7728,WEAK,2.5753
1503,-88,QNST,QUINSTREET INC,Communication,,small,11.94,0.5316,0.9024,0.8723,0.964,FLAT,-17.2,-27.11,-33.48,-38.32,48.4,47.95,1.2987,MED,-,12.939,12.402,13.9677,0,-27.3606,WEAK,2.5675
1504,-18,PMT,PENNYMAC MORTGAGE INVESTMENT TRUST,Financials,,small,10.46,0.6719,0.9331,0.7705,0.7591,STRONG_UP,-8.42,-7.88,-8.55,-21.65,51.2,26.92,0.9185,LOW,-,11.764,11.5322,11.6054,0,-14.9821,WEAK,2.5327
1505,5,MMSI,MERIT MEDICAL SYSTEMS INC,Health Care,,mid,61.145,0.4569,0.9762,0.7707,0.6522,STRONG_UP,-30.78,-37.36,-24.35,-38.98,47.6,33.68,1.0484,MED,EARLY,65.7333,68.0025,80.5288,0,-52.7979,WEAK,2.461
1506,-30,BV,BRIGHTVIEW HOLDINGS INC,Industrials,,small,12.85,0.5612,0.9564,0.9474,0.797,STRONG_UP,8.16,-23.05,2.8,-32.82,44.8,39.51,0.6028,LOW,-,12.3735,12.1484,13.1086,0,-26.1406,WEAK,2.4225
1507,-22,FBRT,FRANKLIN BSP REALTY TRUST INC,Financials,,small,8.8,0.628,0.9463,0.8861,0.7698,STRONG_UP,-5.01,-13.9,-14.72,-23.51,48.4,39.03,0.4878,LOW,-,9.0605,8.8422,9.6191,0,-17.2318,WEAK,2.4157
1508,-5,CTAS,Cintas,Industrials,Diversified Support Services,large,165.42,0.5651,0.9611,0.835,0.7175,STRONG_UP,-10.28,-22.52,-2.55,-27.18,48.0,22.42,0.7612,LOW,EARLY,172.7705,179.0546,191.9657,0,-48.211,WEAK,2.3578
1509,-2,CAG,Conagra Brands,Consumer Staples,Packaged Foods & Meats,mid,14.0,0.486,0.9791,0.8937,0.6216,STRONG_UP,-13.8,-33.37,-48.24,-35.33,45.2,32.32,0.77,LOW,EARLY,14.0866,15.1214,16.7852,0,-46.6678,WEAK,2.3256
1510,-76,EPC,EDGEWELL PERSONAL CARE,Consumer Staples,,small,19.27,0.508,0.8469,0.7635,0.801,FLAT,3.96,-30.34,-50.37,-43.18,47.6,43.31,1.0088,MED,-,22.3085,21.3849,20.2379,0,-33.349,WEAK,2.3208
1511,-63,SLVM,SYLVAMO CORP,Materials,,small,39.73,0.5384,0.872,0.8248,0.6689,STRONG_UP,-5.39,-26.19,-37.68,-33.74,45.6,42.36,0.6866,LOW,-,42.58,41.9648,44.4891,0,-28.1881,WEAK,2.2155
1512,-1,PGR,Progressive Corporation,Financials,Property & Casualty Insurance,large,198.42,0.5453,0.9921,0.8974,0.8261,STRONG_UP,-2.94,-25.23,1.52,-29.4,47.6,22.48,0.8379,LOW,EARLY,200.6305,201.7103,212.7092,0,-53.4176,WEAK,2.2064
1513,2,EVTC,EVERTEC INC,Financials,,small,23.97,0.4814,0.8393,0.7309,0.7951,FLAT,-11.01,-34.0,-34.94,-39.69,48.0,51.32,1.7013,HIGH,-,28.5039,28.4496,30.2256,0,-31.799,WEAK,2.1144
1514,-25,CRVL,CORVEL CORP,Health Care,,mid,57.69,0.368,1.0252,0.9306,1.0746,FLAT,-23.71,-49.54,-33.54,-59.86,45.6,28.43,0.6221,LOW,SHIFT,57.0585,54.9868,68.6812,0,-79.4534,WEAK,2.0927
1515,-20,SGRY,SURGERY PARTNERS INC,Health Care,,small,13.97,0.4443,0.9422,0.9482,0.8075,FLAT,-12.88,-39.08,-46.02,-52.01,50.4,45.16,1.0746,MED,-,14.1925,13.2476,17.3941,0,-43.6094,WEAK,2.0278
1516,-14,LNN,LINDSAY CORP,Industrials,,small,108.07,0.5739,0.9349,0.8544,0.6978,STRONG_UP,-2.46,-21.32,-7.01,-29.99,45.6,36.26,1.2461,MED,-,109.5895,115.0974,124.54,0,-26.8066,WEAK,2.0074
1517,-18,TAP,Molson Coors Beverage Company,Consumer Staples,Brewers,mid,41.34,0.5682,0.9513,0.8419,0.6798,STRONG_UP,-9.9,-22.09,-24.5,-25.62,48.8,30.27,1.403,MED,EARLY,42.77,43.4312,46.1522,0,-35.6097,WEAK,1.9637
1518,-35,STRA,STRATEGIC EDUCATION INC,Consumer Discretionary,,small,78.53,0.6606,0.9834,0.8797,0.8877,FLAT,1.66,-9.42,-31.3,-19.99,54.8,42.01,0.6461,LOW,-,79.046,80.689,79.7304,0,-12.2859,WEAK,1.846
1519,-6,SKWD,SKYWARD SPECIALTY INSURANCE GROUP,Financials,,small,45.37,0.5538,1.0183,0.8798,0.844,STRONG_UP,-5.14,-24.07,24.51,-36.52,47.2,32.81,1.0187,MED,-,45.6095,45.1097,46.9737,0,-34.6224,WEAK,1.7553
1520,-3,EXPO,EXPONENT INC,Industrials,,mid,57.19,0.5357,0.8764,0.7528,0.6943,STRONG_UP,-18.54,-26.55,-37.88,-28.02,46.0,30.51,1.3689,MED,EARLY,65.47,66.6656,69.483,0,-40.0329,WEAK,1.7532
1521,-37,ROP,Roper Technologies,Information Technology,Electronic Equipment & Instruments,large,323.94,0.4126,0.91,0.8136,0.8436,FLAT,-27.65,-43.43,-37.07,-45.59,50.4,26.23,0.694,LOW,EARLY,353.661,353.4506,430.8782,0,-83.4496,WEAK,1.6887
1522,-8,YELP,YELP INC,Communication,,small,23.09,0.415,0.8025,0.7839,0.8626,FLAT,-20.95,-43.1,-39.19,-51.67,48.8,46.63,1.1082,MED,-,27.8555,25.9336,28.8847,0,-45.1058,WEAK,1.6284
1523,-17,HOMB,HOME BANCSHARES INC,Financials,,mid,26.28,0.6657,0.9567,0.8357,0.767,STRONG_UP,-3.2,-8.72,12.5,-14.34,48.8,21.53,0.756,LOW,EARLY,26.7825,26.9222,27.8097,0,-19.7607,WEAK,1.6227
1524,-19,ABM,ABM INDUSTRIES INC,Industrials,,mid,39.25,0.5651,0.9503,0.8806,0.7335,STRONG_UP,-5.87,-22.51,-10.42,-27.81,48.4,27.42,0.6219,LOW,EARLY,40.218,39.6775,43.3524,0,-39.7375,WEAK,1.6105
1525,-28,EIG,EMPLOYERS HOLDINGS INC,Financials,,small,41.33,0.6275,0.9833,0.8795,0.8396,STRONG_UP,8.54,-13.96,0.14,-26.96,50.4,25.94,0.5758,LOW,-,42.002,41.2142,41.3824,0,-27.1269,WEAK,1.2733
1526,-6,JANX,JANUX THERAPEUTICS INC,Health Care,,small,14.41,0.4149,0.9698,0.8407,0.9531,FLAT,-47.77,-43.11,-71.17,-64.94,47.6,34.34,0.636,LOW,-,14.8122,14.3972,19.3478,0,-59.7577,WEAK,1.206
1527,-11,ESRT,EMPIRE STATE REALTY REIT INC TRUST,Real Estate,,small,5.56,0.5291,0.9649,0.9257,0.7607,STRONG_UP,-23.15,-27.45,-40.9,-41.89,50.0,31.69,1.0835,MED,-,5.5655,5.358,6.5753,0,-43.3115,WEAK,1.1059
1528,0,CNMD,CONMED CORP,Health Care,,small,35.97,0.4401,0.9484,0.805,0.7368,STRONG_UP,-18.16,-39.65,-49.64,-44.04,48.0,40.17,0.5816,LOW,-,37.4385,37.3736,43.682,0,-47.3823,WEAK,0.5876
1529,-7,AMSF,AMERISAFE INC,Financials,,small,30.31,0.5052,1.0076,0.7999,0.6927,STRONG_UP,-22.21,-30.73,-24.51,-34.43,45.6,36.65,1.0806,MED,-,31.1635,32.4108,37.7352,0,-38.2324,WEAK,0.5726
1530,-12,SAFT,SAFETY INSURANCE GROUP INC,Financials,,small,70.36,0.6621,0.9318,0.8342,0.7758,STRONG_UP,-6.54,-9.21,-5.57,-17.39,48.0,18.63,1.0477,MED,-,74.796,74.048,73.1682,0,-23.7365,WEAK,0.1738
1531,-7,NAVI,NAVIENT CORP,Financials,,small,8.32,0.4654,0.9378,0.8934,0.7471,STRONG_UP,-26.84,-36.19,-41.33,-46.81,50.4,31.53,0.7893,LOW,-,8.8385,8.4743,11.0131,0,-57.8423,WEAK,-0.7625
1532,-7,JJSF,J AND J SNACK FOODS CORP,Consumer Staples,,small,69.9,0.452,0.8744,0.7607,0.7436,STRONG_UP,-13.06,-38.02,-54.86,-39.93,50.8,33.07,1.1946,MED,-,81.2565,80.7786,90.8131,0,-58.4043,WEAK,-2.3389
