ticker,name,sector,cap_band,market_cap,market_cap_b,d_setup,d_countdown,d_setup9_buy,d_setup9_sell,d_cd13_buy,d_cd13_sell,w_setup,w_countdown,w_setup9_buy,w_setup9_sell,w_cd13_buy,w_cd13_sell
MMM,3M,Industrials,large,76092350464,76.09,-5,0,False,False,False,False,-1,0,False,False,False,False
AOS,A. O. Smith,Industrials,mid,8898956288,8.9,-5,0,False,False,False,False,-1,-6,False,False,False,False
ABT,Abbott Laboratories,Health Care,large,178755452928,178.76,4,0,False,False,False,False,7,0,False,False,False,False
ABBV,AbbVie,Health Care,large,369388322816,369.39,1,0,False,False,False,False,0,0,False,False,False,False
ACN,Accenture,Information Technology,large,123905556480,123.91,6,0,False,False,False,False,11,2,False,False,False,False
ADBE,Adobe Inc.,Information Technology,large,99023159296,99.02,6,0,False,False,False,False,6,7,False,False,False,False
AMD,Advanced Micro Devices,Information Technology,large,354614378496,354.61,-9,-1,False,True,False,False,-5,0,False,False,False,False
AES,AES Corporation,Utilities,large,10196924416,10.2,0,0,False,False,False,False,-3,-5,False,False,False,False
AFL,Aflac,Financials,large,57904107520,57.9,1,-1,False,False,False,False,-2,0,False,False,False,False
A,Agilent Technologies,Health Care,large,32662323200,32.66,-3,0,False,False,False,False,-3,0,False,False,False,False
APD,Air Products,Materials,large,65360666624,65.36,-8,0,False,False,False,False,-4,0,False,False,False,False
ABNB,Airbnb,Consumer Discretionary,large,74909270016,74.91,-5,0,False,False,False,False,-2,0,False,False,False,False
AKAM,Akamai Technologies,Information Technology,large,17096797184,17.1,4,0,False,False,False,False,2,0,False,False,False,False
ALB,Albemarle Corporation,Materials,large,20994476032,20.99,-3,0,False,False,False,False,-4,0,False,False,False,False
ARE,Alexandria Real Estate Equities,Real Estate,mid,7491774976,7.49,-1,0,False,False,False,False,10,0,False,False,False,False
ALGN,Align Technology,Health Care,large,12240550912,12.24,-5,-6,False,False,False,False,-2,-10,False,False,False,False
ALLE,Allegion,Industrials,large,12151682048,12.15,-5,0,False,False,False,False,-1,0,False,False,False,False
LNT,Alliant Energy,Utilities,large,18732709888,18.73,2,0,False,False,False,False,-3,0,False,False,False,False
ALL,Allstate,Financials,large,53731704832,53.73,-8,0,False,False,False,False,-2,0,False,False,False,False
GOOGL,Alphabet Inc. (Class A),Communication Services,large,3577929793536,3577.93,-9,-1,False,True,False,False,-2,0,False,False,False,False
GOOG,Alphabet Inc. (Class C),Communication Services,large,3562082664448,3562.08,-9,-1,False,True,False,False,-2,0,False,False,False,False
MO,Altria,Consumer Staples,large,110389452800,110.39,1,0,False,False,False,False,-3,0,False,False,False,False
AMZN,Amazon,Consumer Discretionary,large,2251864408064,2251.86,-9,-1,False,True,False,False,-2,0,False,False,False,False
AMCR,Amcor,Materials,large,18449483776,18.45,1,0,False,False,False,False,-2,0,False,False,False,False
AEE,Ameren,Utilities,large,30871089152,30.87,1,0,False,False,False,False,-3,-5,False,False,False,False
AEP,American Electric Power,Utilities,large,72119992320,72.12,-13,0,False,False,False,False,-3,-4,False,False,False,False
AXP,American Express,Financials,large,206107787264,206.11,-10,-2,False,False,False,False,-3,0,False,False,False,False
AIG,American International Group,Financials,large,40694824960,40.69,1,0,False,False,False,False,-2,0,False,False,False,False
AMT,American Tower,Real Estate,large,81331109888,81.33,-10,0,False,False,False,False,6,0,False,False,False,False
AWK,American Water Works,Utilities,large,26975993856,26.98,3,0,False,False,False,False,2,0,False,False,False,False
AMP,Ameriprise Financial,Financials,large,40315506688,40.32,-5,0,False,False,False,False,-2,0,False,False,False,False
AME,Ametek,Industrials,large,50002690048,50.0,-9,0,False,True,False,False,-2,-8,False,False,False,False
AMGN,Amgen,Health Care,large,187563196416,187.56,-4,7,False,False,False,False,-1,-12,False,False,False,False
APH,Amphenol,Information Technology,large,157339516928,157.34,-9,-1,False,True,False,False,-2,0,False,False,False,False
ADI,Analog Devices,Information Technology,large,155414904832,155.41,-9,0,False,True,False,False,-3,0,False,False,False,False
AON,Aon plc,Financials,large,69454184448,69.45,1,0,False,False,False,False,4,0,False,False,False,False
APA,APA Corporation,Energy,large,14850693120,14.85,5,0,False,False,False,False,1,0,False,False,False,False
APO,Apollo Global Management,Financials,large,62128435200,62.13,0,0,False,False,False,False,-1,0,False,False,False,False
AAPL,Apple Inc.,Information Technology,large,3761492983808,3761.49,1,0,False,False,False,False,-2,0,False,False,False,False
AMAT,Applied Materials,Information Technology,large,276549238784,276.55,-9,0,False,True,False,False,-3,-8,False,False,False,False
APP,AppLovin,Information Technology,large,130575671296,130.58,-2,0,False,False,False,False,4,0,False,False,False,False
APTV,Aptiv,Consumer Discretionary,large,15317399552,15.32,1,3,False,False,False,False,8,0,False,False,False,False
ACGL,Arch Capital Group,Financials,large,34465832960,34.47,1,0,False,False,False,False,-2,0,False,False,False,False
ADM,Archer Daniels Midland,Consumer Staples,large,35578314752,35.58,6,0,False,False,False,False,-1,0,False,False,False,False
ARES,Ares Management,Financials,large,33896073216,33.9,-2,0,False,False,False,False,-2,0,False,False,False,False
ANET,Arista Networks,Information Technology,large,159526240256,159.53,-9,-1,False,True,False,False,-2,0,False,False,False,False
AJG,Arthur J. Gallagher & Co.,Financials,large,55947530240,55.95,1,0,False,False,False,False,-2,0,False,False,False,False
AIZ,Assurant,Financials,large,10930703360,10.93,1,0,False,False,False,False,-2,0,False,False,False,False
T,AT&T,Communication Services,large,198326353920,198.33,9,1,True,False,False,False,3,0,False,False,False,False
ATO,Atmos Energy,Utilities,large,31262996480,31.26,2,0,False,False,False,False,-3,0,False,False,False,False
ADSK,Autodesk,Information Technology,large,50472960000,50.47,4,0,False,False,False,False,4,6,False,False,False,False
ADP,Automatic Data Processing,Industrials,large,82511585280,82.51,5,0,False,False,False,False,13,5,False,False,False,False
AZO,AutoZone,Consumer Discretionary,large,56339542016,56.34,-2,0,False,False,False,False,-1,0,False,False,False,False
AVB,AvalonBay Communities,Real Estate,large,23507593216,23.51,-10,-2,False,False,False,False,-2,0,False,False,False,False
AVY,Avery Dennison,Materials,large,13188963328,13.19,1,0,False,False,False,False,-2,0,False,False,False,False
AXON,Axon Enterprise,Industrials,large,33188962304,33.19,15,0,False,False,False,False,4,0,False,False,False,False
BKR,Baker Hughes,Energy,large,59882311680,59.88,1,10,False,False,False,False,-3,-4,False,False,False,False
BALL,Ball Corporation,Materials,large,15961198592,15.96,-9,-1,False,True,False,False,-2,-9,False,False,False,False
BAC,Bank of America,Financials,large,354384576512,354.38,-9,-1,False,True,False,False,-3,0,False,False,False,False
BAX,Baxter International,Health Care,mid,8611092480,8.61,-5,0,False,False,False,False,-1,-5,False,False,False,False
BDX,Becton Dickinson,Health Care,large,55978213376,55.98,1,0,False,False,False,False,-1,-8,False,False,False,False
BBY,Best Buy,Consumer Discretionary,large,13515014144,13.52,3,0,False,False,False,False,-2,8,False,False,False,False
TECH,Bio-Techne,Health Care,mid,8312364032,8.31,-9,-1,False,True,False,False,-2,0,False,False,False,False
BIIB,Biogen,Health Care,large,26026156032,26.03,1,0,False,False,False,False,7,0,False,False,False,False
BLK,BlackRock,Financials,large,150340222976,150.34,-5,0,False,False,False,False,-3,0,False,False,False,False
BX,Blackstone Inc.,Financials,large,138176724992,138.18,-5,0,False,False,False,False,-3,0,False,False,False,False
XYZ,"Block, Inc.",Financials,large,36326215680,36.33,-5,-11,False,False,False,False,-2,0,False,False,False,False
BK,BNY Mellon,Financials,large,85167243264,85.17,-10,-2,False,False,False,False,-3,-5,False,False,False,False
BA,Boeing,Industrials,large,163628466176,163.63,-9,-1,False,True,False,False,-2,-4,False,False,False,False
BKNG,Booking Holdings,Consumer Discretionary,large,135198621696,135.2,-2,0,False,False,False,False,-2,0,False,False,False,False
BSX,Boston Scientific,Health Care,large,93361520640,93.36,-2,0,False,False,False,False,14,0,False,False,False,False
BMY,Bristol Myers Squibb,Health Care,large,121687425024,121.69,1,13,False,False,True,False,-2,0,False,False,False,False
AVGO,Broadcom,Information Technology,large,1491367493632,1491.37,-9,-1,False,True,False,False,-2,0,False,False,False,False
BR,Broadridge Financial Solutions,Industrials,large,18788368384,18.79,4,0,False,False,False,False,5,6,False,False,False,False
BRO,Brown & Brown,Financials,large,22450700288,22.45,1,0,False,False,False,False,16,0,False,False,False,False
BLDR,Builders FirstSource,Industrials,mid,8751073280,8.75,-5,0,False,False,False,False,-1,0,False,False,False,False
BG,Bunge Global,Consumer Staples,large,25043945472,25.04,6,0,False,False,False,False,-1,0,False,False,False,False
BXP,"BXP, Inc.",Real Estate,mid,9168010240,9.17,-5,0,False,False,False,False,-2,0,False,False,False,False
CHRW,C.H. Robinson,Industrials,large,19909320704,19.91,3,0,False,False,False,False,8,-9,False,False,False,False
CDNS,Cadence Design Systems,Information Technology,large,76952379392,76.95,-2,0,False,False,False,False,-1,0,False,False,False,False
CPT,Camden Property Trust,Real Estate,large,10552243200,10.55,2,10,False,False,False,False,-2,0,False,False,False,False
CPB,Campbell's Company (The),Consumer Staples,mid,6562204672,6.56,6,0,False,False,False,False,8,0,False,False,False,False
COF,Capital One,Financials,large,113141792768,113.14,-5,0,False,False,False,False,-2,0,False,False,False,False
CAH,Cardinal Health,Health Care,large,50369392640,50.37,1,0,False,False,False,False,-1,-4,False,False,False,False
CCL,Carnival,Consumer Discretionary,large,35514978304,35.51,-5,0,False,False,False,False,-2,0,False,False,False,False
CARR,Carrier Global,Industrials,large,46564864000,46.56,-5,0,False,False,False,False,-2,0,False,False,False,False
CVNA,Carvana,Consumer Discretionary,large,69200101376,69.2,-10,-2,False,False,False,False,-2,0,False,False,False,False
CAT,Caterpillar Inc.,Industrials,large,335644295168,335.64,-9,-1,False,True,False,False,-3,0,False,False,False,False
CBOE,Cboe Global Markets,Financials,large,30348400640,30.35,-2,0,False,False,False,False,-2,-4,False,False,False,False
CBRE,CBRE Group,Real Estate,large,40651202560,40.65,-8,0,False,False,False,False,-2,0,False,False,False,False
CDW,CDW Corporation,Information Technology,large,15884929024,15.88,-9,-1,False,True,False,False,-2,0,False,False,False,False
COR,Cencora,Health Care,large,63183564800,63.18,4,11,False,False,False,False,7,0,False,False,False,False
CNC,Centene Corporation,Health Care,large,17266132992,17.27,1,0,False,False,False,False,-2,-9,False,False,False,False
CNP,CenterPoint Energy,Utilities,large,28593475584,28.59,3,0,False,False,False,False,-1,0,False,False,False,False
CF,CF Industries,Materials,large,19972335616,19.97,5,0,False,False,False,False,2,0,False,False,False,False
CRL,Charles River Laboratories,Health Care,mid,8560222208,8.56,-5,-7,False,False,False,False,-2,0,False,False,False,False
SCHW,Charles Schwab Corporation,Financials,large,166623363072,166.62,-5,0,False,False,False,False,-2,-5,False,False,False,False
CHTR,Charter Communications,Communication Services,large,27832348672,27.83,1,7,False,False,False,False,-2,9,False,False,False,False
CVX,Chevron Corporation,Energy,large,397811384320,397.81,9,1,True,False,False,False,2,0,False,False,False,False
CMG,Chipotle Mexican Grill,Consumer Discretionary,large,43846737920,43.85,-9,-1,False,True,False,False,-2,0,False,False,False,False
CB,Chubb Limited,Financials,large,128410255360,128.41,1,0,False,False,False,False,-1,0,False,False,False,False
CHD,Church & Dwight,Consumer Staples,large,21993850880,21.99,-5,0,False,False,False,False,-1,-2,False,False,False,False
CIEN,Ciena,Information Technology,large,63341678592,63.34,1,0,False,False,False,False,-12,-4,False,False,False,False
CI,Cigna,Health Care,large,72129314816,72.13,1,0,False,False,False,False,-2,0,False,False,False,False
CINF,Cincinnati Financial,Financials,large,24662253568,24.66,-10,-1,False,False,False,False,-1,0,False,False,False,False
CTAS,Cintas,Industrials,large,69741568000,69.74,-3,0,False,False,False,False,5,0,False,False,False,False
CSCO,Cisco,Information Technology,large,312215470080,312.22,1,0,False,False,False,False,-4,-12,False,False,False,False
C,Citigroup,Financials,large,201609019392,201.61,0,0,False,False,False,False,-3,-9,False,False,False,False
CFG,Citizens Financial Group,Financials,large,26194364416,26.19,-10,-1,False,False,False,False,-3,-11,False,False,False,False
CLX,Clorox,Consumer Staples,large,12337094656,12.34,1,13,False,False,True,False,7,0,False,False,False,False
CME,CME Group,Financials,large,110696374272,110.7,4,0,False,False,False,False,4,0,False,False,False,False
CMS,CMS Energy,Utilities,large,24202377216,24.2,0,0,False,False,False,False,-3,-4,False,False,False,False
KO,Coca-Cola Company (The),Consumer Staples,large,330214637568,330.21,1,0,False,False,False,False,-3,0,False,False,False,False
CTSH,Cognizant,Information Technology,large,30184710144,30.18,5,0,False,False,False,False,11,2,False,False,False,False
COIN,Coinbase,Financials,large,46235492352,46.24,-1,0,False,False,False,False,4,0,False,False,False,False
CL,Colgate-Palmolive,Consumer Staples,large,68307980288,68.31,1,0,False,False,False,False,7,0,False,False,False,False
CMCSA,Comcast,Communication Services,large,101773975552,101.77,-4,0,False,False,False,False,6,-3,False,False,False,False
FIX,Comfort Systems USA,Industrials,large,49987055616,49.99,-9,-1,False,True,False,False,-3,-6,False,False,False,False
CAG,Conagra Brands,Consumer Staples,mid,7519968256,7.52,4,12,False,False,False,False,7,0,False,False,False,False
COP,ConocoPhillips,Energy,large,159539724288,159.54,9,1,True,False,False,False,1,0,False,False,False,False
ED,Consolidated Edison,Utilities,large,41705168896,41.71,5,0,False,False,False,False,-1,0,False,False,False,False
STZ,Constellation Brands,Consumer Staples,large,26322993152,26.32,-4,0,False,False,False,False,-3,0,False,False,False,False
CEG,Constellation Energy,Utilities,large,98841231360,98.84,0,0,False,False,False,False,-1,0,False,False,False,False
COO,Cooper Companies (The),Health Care,large,13691176960,13.69,1,0,False,False,False,False,-2,0,False,False,False,False
CPRT,Copart,Industrials,large,32331792384,32.33,-2,0,False,False,False,False,-1,1,False,False,False,False
GLW,Corning Inc.,Information Technology,large,127065473024,127.07,-9,-1,False,True,False,False,-3,0,False,False,False,False
CPAY,Corpay,Financials,large,20521496576,20.52,-8,0,False,False,False,False,-1,0,False,False,False,False
CTVA,Corteva,Materials,large,57473904640,57.47,4,0,False,False,False,False,-24,0,False,False,False,False
CSGP,CoStar Group,Real Estate,large,16931720192,16.93,6,0,False,False,False,False,13,5,False,False,False,False
COST,Costco,Consumer Staples,large,450509701120,450.51,3,0,False,False,False,False,-1,0,False,False,False,False
CTRA,Coterra,Energy,large,26240464896,26.24,10,2,False,False,False,False,1,0,False,False,False,False
CRH,CRH plc,Materials,large,69941256192,69.94,-9,0,False,True,False,False,-2,0,False,False,False,False
CRWD,CrowdStrike,Information Technology,large,101222457344,101.22,4,0,False,False,False,False,4,10,False,False,False,False
CCI,Crown Castle,Real Estate,large,36970049536,36.97,-2,0,False,False,False,False,-1,0,False,False,False,False
CSX,CSX Corporation,Industrials,large,76668911616,76.67,-14,-5,False,False,False,False,-3,0,False,False,False,False
CMI,Cummins,Industrials,large,75946786816,75.95,-9,0,False,True,False,False,-3,-11,False,False,False,False
CVS,CVS Health,Health Care,large,93494788096,93.49,2,10,False,False,False,False,-2,0,False,False,False,False
DHR,Danaher Corporation,Health Care,large,135255506944,135.26,-2,0,False,False,False,False,-2,0,False,False,False,False
DRI,Darden Restaurants,Consumer Discretionary,large,22605289472,22.61,-2,0,False,False,False,False,7,-6,False,False,False,False
DDOG,Datadog,Information Technology,large,42589544448,42.59,0,0,False,False,False,False,3,8,False,False,False,False
DVA,DaVita,Health Care,mid,9731877888,9.73,-2,0,False,False,False,False,-1,0,False,False,False,False
DECK,Deckers Brands,Consumer Discretionary,large,14328173568,14.33,-10,0,False,False,False,False,-2,0,False,False,False,False
DE,Deere & Company,Industrials,large,155503476736,155.5,1,0,False,False,False,False,-2,-3,False,False,False,False
DELL,Dell Technologies,Information Technology,large,115553181696,115.55,1,0,False,False,False,False,-9,-1,False,True,False,False
DAL,Delta Air Lines,Industrials,large,43603005440,43.6,-5,-7,False,False,False,False,-3,0,False,False,False,False
DVN,Devon Energy,Energy,large,30696882176,30.7,10,2,False,False,False,False,1,0,False,False,False,False
DXCM,Dexcom,Health Care,large,24266811392,24.27,1,4,False,False,False,False,0,0,False,False,False,False
FANG,Diamondback Energy,Energy,large,54689472512,54.69,-1,0,False,False,False,False,1,0,False,False,False,False
DLR,Digital Realty,Real Estate,large,63555969024,63.56,-11,-3,False,False,False,False,-3,-5,False,False,False,False
DG,Dollar General,Consumer Staples,large,26369898496,26.37,3,0,False,False,False,False,7,-5,False,False,False,False
DLTR,Dollar Tree,Consumer Staples,large,21563639808,21.56,6,0,False,False,False,False,7,0,False,False,False,False
D,Dominion Energy,Utilities,large,55172616192,55.17,-13,0,False,False,False,False,-2,0,False,False,False,False
DPZ,Domino's,Consumer Discretionary,large,12470267904,12.47,1,0,False,False,False,False,5,0,False,False,False,False
DASH,DoorDash,Consumer Discretionary,large,67966005248,67.97,-2,0,False,False,False,False,-1,0,False,False,False,False
DOV,Dover Corporation,Industrials,large,27698907136,27.7,-5,0,False,False,False,False,-2,-12,False,False,False,False
DOW,Dow Inc.,Materials,large,29792243712,29.79,7,-13,False,False,False,True,-16,0,False,False,False,False
DHI,D. R. Horton,Consumer Discretionary,large,40663695360,40.66,-5,0,False,False,False,False,-2,0,False,False,False,False
DTE,DTE Energy,Utilities,large,30796480512,30.8,2,0,False,False,False,False,-2,0,False,False,False,False
DUK,Duke Energy,Utilities,large,102895812608,102.9,2,0,False,False,False,False,-1,0,False,False,False,False
DD,DuPont,Materials,large,19054997504,19.05,1,12,False,False,False,False,-3,0,False,False,False,False
ETN,Eaton Corporation,Industrials,large,140251234304,140.25,-9,0,False,True,False,False,-3,0,False,False,False,False
EBAY,eBay Inc.,Consumer Discretionary,large,42551279616,42.55,-2,0,False,False,False,False,-3,0,False,False,False,False
ECL,Ecolab,Materials,large,74638958592,74.64,1,0,False,False,False,False,-1,-4,False,False,False,False
EIX,Edison International,Utilities,large,28275191808,28.28,2,0,False,False,False,False,-3,0,False,False,False,False
EW,Edwards Lifesciences,Health Care,large,47073841152,47.07,4,-11,False,False,False,False,4,0,False,False,False,False
EA,Electronic Arts,Communication Services,large,50951655424,50.95,4,-8,False,False,False,False,-5,0,False,False,False,False
ELV,Elevance Health,Health Care,large,66374721536,66.37,1,0,False,False,False,False,-3,0,False,False,False,False
EME,Emcor,Industrials,large,33856421888,33.86,-9,-1,False,True,False,False,-4,-8,False,False,False,False
EMR,Emerson Electric,Industrials,large,74055180288,74.06,-10,-1,False,False,False,False,-2,0,False,False,False,False
ETR,Entergy,Utilities,large,52601061376,52.6,-13,0,False,False,False,False,-4,-5,False,False,False,False
EOG,EOG Resources,Energy,large,76525142016,76.53,9,1,True,False,False,False,0,0,False,False,False,False
EPAM,EPAM Systems,Information Technology,mid,7622929408,7.62,6,0,False,False,False,False,11,2,False,False,False,False
EQT,EQT Corporation,Energy,large,37269155840,37.27,11,3,False,False,False,False,3,0,False,False,False,False
EFX,Equifax,Industrials,large,22002544640,22.0,-2,0,False,False,False,False,-1,0,False,False,False,False
EQIX,Equinix,Real Estate,large,98291277824,98.29,-10,-2,False,False,False,False,-3,-8,False,False,False,False
EQR,Equity Residential,Real Estate,large,23634190336,23.63,-13,-5,False,False,False,False,-2,0,False,False,False,False
ERIE,Erie Indemnity,Financials,large,13046844416,13.05,1,0,False,False,False,False,-2,0,False,False,False,False
ESS,Essex Property Trust,Real Estate,large,17101476864,17.1,1,-1,False,False,False,False,-2,0,False,False,False,False
EL,Estée Lauder Companies (The),Consumer Staples,large,25002573824,25.0,-5,0,False,False,False,False,11,0,False,False,False,False
EG,Everest Group,Financials,large,13211214848,13.21,-8,0,False,False,False,False,-2,0,False,False,False,False
EVRG,Evergy,Utilities,large,19076737024,19.08,2,0,False,False,False,False,-3,0,False,False,False,False
ES,Eversource Energy,Utilities,large,26109976576,26.11,2,0,False,False,False,False,-1,0,False,False,False,False
EXC,Exelon,Utilities,large,50473230336,50.47,3,0,False,False,False,False,-1,0,False,False,False,False
EXE,Expand Energy,Energy,large,24974974976,24.97,10,2,False,False,False,False,3,0,False,False,False,False
EXPE,Expedia Group,Consumer Discretionary,large,27607107584,27.61,-2,0,False,False,False,False,-1,-8,False,False,False,False
EXPD,Expeditors International,Industrials,large,19466170368,19.47,4,0,False,False,False,False,1,0,False,False,False,False
EXR,Extra Space Storage,Real Estate,large,29662763008,29.66,-10,-2,False,False,False,False,-1,0,False,False,False,False
XOM,ExxonMobil,Energy,large,669557260288,669.56,9,1,True,False,False,False,2,0,False,False,False,False
FFIV,"F5, Inc.",Information Technology,large,17233645568,17.23,4,0,False,False,False,False,-7,0,False,False,False,False
FDS,FactSet,Financials,mid,8519770624,8.52,0,0,False,False,False,False,-3,0,False,False,False,False
FICO,Fair Isaac,Information Technology,large,25851432960,25.85,4,0,False,False,False,False,6,8,False,False,False,False
FAST,Fastenal,Industrials,large,53167611904,53.17,1,8,False,False,False,False,-2,13,False,False,True,False
FRT,Federal Realty Investment Trust,Real Estate,mid,9281911808,9.28,-11,-3,False,False,False,False,-3,-8,False,False,False,False
FDX,FedEx,Industrials,large,86287360000,86.29,1,11,False,False,False,False,-3,0,False,False,False,False
FIS,Fidelity National Information Services,Financials,large,23971311616,23.97,1,0,False,False,False,False,4,0,False,False,False,False
FITB,Fifth Third Bancorp,Financials,large,42661097472,42.66,-10,-1,False,False,False,False,-3,-8,False,False,False,False
FSLR,First Solar,Information Technology,large,20959983616,20.96,1,13,False,False,True,False,-3,0,False,False,False,False
FE,FirstEnergy,Utilities,large,29653735424,29.65,1,0,False,False,False,False,-3,0,False,False,False,False
FISV,Fiserv,Financials,large,30205763584,30.21,-2,0,False,False,False,False,-1,0,False,False,False,False
F,Ford Motor Company,Consumer Discretionary,large,46528557056,46.53,-5,0,False,False,False,False,-2,0,False,False,False,False
FTNT,Fortinet,Information Technology,large,61373280256,61.37,4,0,False,False,False,False,4,0,False,False,False,False
FTV,Fortive,Industrials,large,17811660800,17.81,-10,-1,False,False,False,False,-2,-7,False,False,False,False
FOXA,Fox Corporation (Class A),Communication Services,large,24936716288,24.94,-7,0,False,False,False,False,-2,-9,False,False,False,False
FOX,Fox Corporation (Class B),Communication Services,large,24682565632,24.68,0,0,False,False,False,False,-2,0,False,False,False,False
BEN,Franklin Resources,Financials,large,12200542208,12.2,-10,-2,False,False,False,False,-2,-7,False,False,False,False
FCX,Freeport-McMoRan,Materials,large,88215437312,88.22,-10,-2,False,False,False,False,-3,-9,False,False,False,False
GRMN,Garmin,Consumer Discretionary,large,45743067136,45.74,-9,-1,False,True,False,False,-2,0,False,False,False,False
IT,Gartner,Information Technology,large,11377377280,11.38,1,0,False,False,False,False,4,0,False,False,False,False
GE,GE Aerospace,Industrials,large,296571469824,296.57,-7,0,False,False,False,False,-2,0,False,False,False,False
GEHC,GE HealthCare,Health Care,large,32100009984,32.1,-5,0,False,False,False,False,-2,0,False,False,False,False
GEV,GE Vernova,Industrials,large,243800424448,243.8,-9,0,False,True,False,False,-3,0,False,False,False,False
GEN,Gen Digital,Information Technology,large,11649766400,11.65,-1,0,False,False,False,False,16,0,False,False,False,False
GNRC,Generac,Industrials,large,11389990912,11.39,-5,0,False,False,False,False,-2,0,False,False,False,False
GD,General Dynamics,Industrials,large,94549581824,94.55,5,0,False,False,False,False,5,0,False,False,False,False
GIS,General Mills,Consumer Staples,large,19970351104,19.97,6,0,False,False,False,False,8,0,False,False,False,False
GM,General Motors,Consumer Discretionary,large,67669762048,67.67,-5,0,False,False,False,False,-2,-7,False,False,False,False
GPC,Genuine Parts Company,Consumer Discretionary,large,14394964992,14.39,-5,0,False,False,False,False,-2,0,False,False,False,False
GILD,Gilead Sciences,Health Care,large,173408583680,173.41,1,0,False,False,False,False,-1,-3,False,False,False,False
GPN,Global Payments,Financials,large,17927680000,17.93,-4,0,False,False,False,False,-1,0,False,False,False,False
GL,Globe Life,Financials,large,11213655040,11.21,-10,-2,False,False,False,False,-3,0,False,False,False,False
GDDY,GoDaddy,Information Technology,large,11037014016,11.04,4,0,False,False,False,False,17,8,False,False,False,False
GS,Goldman Sachs,Financials,large,256109641728,256.11,-10,-1,False,False,False,False,-3,-5,False,False,False,False
HAL,Halliburton,Energy,large,32124887040,32.12,9,1,True,False,False,False,-5,0,False,False,False,False
HIG,Hartford (The),Financials,large,37983432704,37.98,1,0,False,False,False,False,-2,-6,False,False,False,False
HAS,Hasbro,Consumer Discretionary,large,12684228608,12.68,1,0,False,False,False,False,-1,-2,False,False,False,False
HCA,HCA Healthcare,Health Care,large,105513902080,105.51,1,0,False,False,False,False,-1,-10,False,False,False,False
DOC,Healthpeak Properties,Real Estate,large,11485639680,11.49,-1,0,False,False,False,False,4,-12,False,False,False,False
HSIC,Henry Schein,Health Care,mid,8704572416,8.7,-8,0,False,False,False,False,-1,-8,False,False,False,False
HSY,Hershey Company (The),Consumer Staples,large,41792847872,41.79,3,0,False,False,False,False,7,0,False,False,False,False
HPE,Hewlett Packard Enterprise,Information Technology,large,32701976576,32.7,1,12,False,False,False,False,-5,8,False,False,False,False
HLT,Hilton Worldwide,Consumer Discretionary,large,70881107968,70.88,-5,0,False,False,False,False,-3,-7,False,False,False,False
HOLX,Hologic,Health Care,large,16888477696,16.89,-2,0,False,False,False,False,-1,0,False,False,False,False
HD,Home Depot (The),Consumer Discretionary,large,320347176960,320.35,-5,0,False,False,False,False,-1,0,False,False,False,False
HON,Honeywell,Industrials,large,145855791104,145.86,-5,5,False,False,False,False,-2,-6,False,False,False,False
HRL,Hormel Foods,Consumer Staples,large,12155779072,12.16,10,0,False,False,False,False,7,12,False,False,False,False
HST,Host Hotels & Resorts,Real Estate,large,13334630400,13.33,-5,0,False,False,False,False,-3,-7,False,False,False,False
HWM,Howmet Aerospace,Industrials,large,93653696512,93.65,-9,-1,False,True,False,False,-2,0,False,False,False,False
HPQ,HP Inc.,Information Technology,large,17909878784,17.91,-2,0,False,False,False,False,-1,6,False,False,False,False
HUBB,Hubbell Incorporated,Industrials,large,26275121152,26.28,-9,-1,False,True,False,False,-3,-8,False,False,False,False
HUM,Humana,Health Care,large,21445580800,21.45,1,-2,False,False,False,False,-2,0,False,False,False,False
HBAN,Huntington Bancshares,Financials,large,32166119424,32.17,-10,-2,False,False,False,False,-2,0,False,False,False,False
HII,Huntington Ingalls Industries,Industrials,large,15617773568,15.62,3,0,False,False,False,False,6,-4,False,False,False,False
IBM,IBM,Information Technology,large,232875606016,232.88,5,0,False,False,False,False,11,2,False,False,False,False
IEX,IDEX Corporation,Industrials,large,14161030144,14.16,-9,-1,False,True,False,False,-2,-8,False,False,False,False
IDXX,Idexx Laboratories,Health Care,large,45349867520,45.35,0,0,False,False,False,False,-1,0,False,False,False,False
ITW,Illinois Tool Works,Industrials,large,74416119808,74.42,-5,0,False,False,False,False,-2,0,False,False,False,False
INCY,Incyte,Health Care,large,19091460096,19.09,-5,0,False,False,False,False,-2,-12,False,False,False,False
IR,Ingersoll Rand,Industrials,large,30783051776,30.78,-5,0,False,False,False,False,-2,0,False,False,False,False
PODD,Insulet Corporation,Health Care,large,14382575616,14.38,16,0,False,False,False,False,20,11,False,False,False,False
INTC,Intel,Information Technology,large,252958507008,252.96,-9,-1,False,True,False,False,-3,0,False,False,False,False
IBKR,Interactive Brokers,Financials,large,115170893824,115.17,-9,-1,False,True,False,False,-3,-3,False,False,False,False
ICE,Intercontinental Exchange,Financials,large,92927696896,92.93,4,0,False,False,False,False,-2,0,False,False,False,False
IFF,International Flavors & Fragrances,Materials,large,18504235008,18.5,1,0,False,False,False,False,-2,-4,False,False,False,False
IP,International Paper,Materials,large,18420826112,18.42,1,0,False,False,False,False,-1,-6,False,False,False,False
INTU,Intuit,Information Technology,large,117565235200,117.57,7,-8,False,False,False,False,3,5,False,False,False,False
ISRG,Intuitive Surgical,Health Care,large,160561561600,160.56,-2,0,False,False,False,False,6,0,False,False,False,False
IVZ,Invesco,Financials,large,10710285312,10.71,-3,0,False,False,False,False,-3,-6,False,False,False,False
INVH,Invitation Homes,Real Estate,large,15662675968,15.66,-13,-4,False,False,False,False,-2,0,False,False,False,False
IQV,IQVIA,Health Care,large,29402220544,29.4,-2,0,False,False,False,False,-2,-11,False,False,False,False
IRM,Iron Mountain,Real Estate,large,30729562112,30.73,-10,-2,False,False,False,False,-2,-3,False,False,False,False
JBHT,J.B. Hunt,Industrials,large,20463374336,20.46,-10,-2,False,False,False,False,-3,-9,False,False,False,False
JBL,Jabil,Information Technology,large,28687304704,28.69,-9,-1,False,True,False,False,-3,0,False,False,False,False
JKHY,Jack Henry & Associates,Financials,large,11397951488,11.4,4,0,False,False,False,False,4,0,False,False,False,False
J,Jacobs Solutions,Industrials,large,15117666304,15.12,0,0,False,False,False,False,7,0,False,False,False,False
JNJ,Johnson & Johnson,Health Care,large,585701851136,585.7,7,0,False,False,False,False,-1,0,False,False,False,False
JCI,Johnson Controls,Industrials,large,81386438656,81.39,-9,0,False,True,False,False,-3,0,False,False,False,False
JPM,JPMorgan Chase,Financials,large,794545750016,794.55,-9,-1,False,True,False,False,-3,0,False,False,False,False
KVUE,Kenvue,Consumer Staples,large,32852785152,32.85,-4,0,False,False,False,False,6,0,False,False,False,False
KDP,Keurig Dr Pepper,Consumer Staples,large,34387836928,34.39,-5,12,False,False,False,False,7,0,False,False,False,False
KEY,KeyCorp,Financials,large,22305083392,22.31,-10,-2,False,False,False,False,-3,0,False,False,False,False
KEYS,Keysight Technologies,Information Technology,large,49952829440,49.95,-9,-1,False,True,False,False,-3,-4,False,False,False,False
KMB,Kimberly-Clark,Consumer Staples,large,31908022272,31.91,-4,0,False,False,False,False,6,0,False,False,False,False
KIM,Kimco Realty,Real Estate,large,15304586240,15.3,-10,-2,False,False,False,False,-2,-4,False,False,False,False
KMI,Kinder Morgan,Energy,large,73351872512,73.35,3,0,False,False,False,False,3,0,False,False,False,False
KKR,KKR & Co.,Financials,large,84489887744,84.49,-5,0,False,False,False,False,-2,0,False,False,False,False
KLAC,KLA Corporation,Information Technology,large,199301152768,199.3,-9,-1,False,True,False,False,-3,-8,False,False,False,False
KHC,Kraft Heinz,Consumer Staples,large,26977544192,26.98,3,0,False,False,False,False,0,0,False,False,False,False
KR,Kroger,Consumer Staples,large,44422897664,44.42,4,0,False,False,False,False,3,0,False,False,False,False
LHX,L3Harris,Industrials,large,66590814208,66.59,1,0,False,False,False,False,-1,0,False,False,False,False
LH,Labcorp,Health Care,large,22691387392,22.69,4,0,False,False,False,False,-1,0,False,False,False,False
LRCX,Lam Research,Information Technology,large,274367184896,274.37,-9,-1,False,True,False,False,-3,-6,False,False,False,False
LW,Lamb Weston,Consumer Staples,mid,5468845056,5.47,-5,0,False,False,False,False,-2,0,False,False,False,False
LVS,Las Vegas Sands,Consumer Discretionary,large,36741148672,36.74,-2,0,False,False,False,False,-1,0,False,False,False,False
LDOS,Leidos,Industrials,large,20073687040,20.07,4,0,False,False,False,False,11,3,False,False,False,False
LEN,Lennar,Consumer Discretionary,large,21416757248,21.42,-5,0,False,False,False,False,7,0,False,False,False,False
LII,Lennox International,Industrials,large,15945491456,15.95,-5,0,False,False,False,False,-2,0,False,False,False,False
LLY,Lilly (Eli),Health Care,large,837361664000,837.36,2,9,False,False,False,False,-1,0,False,False,False,False
LIN,Linde plc,Materials,large,232901902336,232.9,1,0,False,False,False,False,-3,0,False,False,False,False
LYV,Live Nation Entertainment,Communication Services,large,36570398720,36.57,-9,-1,False,True,False,False,-2,0,False,False,False,False
LMT,Lockheed Martin,Industrials,large,143529492480,143.53,3,12,False,False,False,False,6,0,False,False,False,False
L,Loews Corporation,Financials,large,22255169536,22.26,-8,0,False,False,False,False,-2,0,False,False,False,False
LOW,Lowe's,Consumer Discretionary,large,129596620800,129.6,-5,0,False,False,False,False,-2,0,False,False,False,False
LULU,Lululemon Athletica,Consumer Discretionary,large,18267686912,18.27,-9,0,False,True,False,False,1,0,False,False,False,False
LYB,LyondellBasell,Materials,large,25644730368,25.64,9,1,True,False,False,False,1,0,False,False,False,False
MTB,M&T Bank,Financials,large,31313893376,31.31,-10,-1,False,False,False,False,-2,-10,False,False,False,False
MPC,Marathon Petroleum,Energy,large,71247536128,71.25,5,0,False,False,False,False,2,0,False,False,False,False
MAR,Marriott International,Consumer Discretionary,large,87956324352,87.96,-10,-2,False,False,False,False,-3,-10,False,False,False,False
MRSH,Marsh McLennan,Financials,large,85543133184,85.54,1,0,False,False,False,False,11,3,False,False,False,False
MLM,Martin Marietta Materials,Materials,large,36017147904,36.02,-9,0,False,True,False,False,-2,-6,False,False,False,False
MAS,Masco,Industrials,large,12037251072,12.04,-5,0,False,False,False,False,-2,-3,False,False,False,False
MA,Mastercard,Financials,large,440364466176,440.36,-2,0,False,False,False,False,-2,0,False,False,False,False
MTCH,Match Group,Communication Services,mid,7422046720,7.42,-2,0,False,False,False,False,-3,0,False,False,False,False
MKC,McCormick & Company,Consumer Staples,large,13113207808,13.11,-6,0,False,False,False,False,-1,0,False,False,False,False
MCD,McDonald's,Consumer Discretionary,large,219176468480,219.18,3,0,False,False,False,False,5,0,False,False,False,False
MCK,McKesson Corporation,Health Care,large,109143719936,109.14,1,6,False,False,False,False,5,0,False,False,False,False
MDT,Medtronic,Health Care,large,111222947840,111.22,1,0,False,False,False,False,-2,0,False,False,False,False
MRK,Merck & Co.,Health Care,large,298838032384,298.84,1,0,False,False,False,False,-3,0,False,False,False,False
META,Meta Platforms,Communication Services,large,1453128548352,1453.13,0,0,False,False,False,False,-2,0,False,False,False,False
MET,MetLife,Financials,large,46596816896,46.6,-10,-2,False,False,False,False,-2,0,False,False,False,False
MTD,Mettler Toledo,Health Care,large,25608593408,25.61,-9,-1,False,True,False,False,-3,0,False,False,False,False
MGM,MGM Resorts,Consumer Discretionary,large,10032216064,10.03,3,0,False,False,False,False,-3,0,False,False,False,False
MCHP,Microchip Technology,Information Technology,large,35498487808,35.5,-9,-1,False,True,False,False,-3,0,False,False,False,False
MU,Micron Technology,Information Technology,large,413021306880,413.02,-9,-1,False,True,False,False,-1,-6,False,False,False,False
MSFT,Microsoft,Information Technology,large,2775695753216,2775.7,-2,0,False,False,False,False,-1,0,False,False,False,False
MAA,Mid-America Apartment Communities,Real Estate,large,14988545024,14.99,-10,0,False,False,False,False,-2,0,False,False,False,False
MRNA,Moderna,Health Care,large,19512074240,19.51,-5,0,False,False,False,False,-1,-6,False,False,False,False
MOH,Molina Healthcare,Health Care,mid,7260453888,7.26,1,0,False,False,False,False,-1,-12,False,False,False,False
TAP,Molson Coors Beverage Company,Consumer Staples,mid,8292085248,8.29,2,0,False,False,False,False,-2,0,False,False,False,False
MDLZ,Mondelez International,Consumer Staples,large,74247233536,74.25,0,0,False,False,False,False,-2,0,False,False,False,False
MPWR,Monolithic Power Systems,Information Technology,large,54937993216,54.94,-9,-1,False,True,False,False,-3,0,False,False,False,False
MNST,Monster Beverage,Consumer Staples,large,70797451264,70.8,1,4,False,False,False,False,-1,-10,False,False,False,False
MCO,Moody's Corporation,Financials,large,78462328832,78.46,1,0,False,False,False,False,-1,0,False,False,False,False
MS,Morgan Stanley,Financials,large,263283097600,263.28,-9,-1,False,True,False,False,-3,0,False,False,False,False
MOS,Mosaic Company (The),Materials,mid,8309112320,8.31,4,0,False,False,False,False,-1,9,False,False,False,False
MSI,Motorola Solutions,Information Technology,large,73110978560,73.11,3,0,False,False,False,False,5,-4,False,False,False,False
MSCI,MSCI Inc.,Financials,large,40027189248,40.03,1,0,False,False,False,False,4,0,False,False,False,False
NDAQ,"Nasdaq, Inc.",Financials,large,49476755456,49.48,4,-12,False,False,False,False,-1,0,False,False,False,False
NTAP,NetApp,Information Technology,large,20469536768,20.47,1,0,False,False,False,False,2,0,False,False,False,False
NFLX,Netflix,Communication Services,large,418504835072,418.5,-14,-6,False,False,False,False,-2,0,False,False,False,False
NEM,Newmont,Materials,large,124072050688,124.07,-14,0,False,False,False,False,-2,-8,False,False,False,False
NWSA,News Corp (Class A),Communication Services,large,14087340032,14.09,-5,0,False,False,False,False,-2,0,False,False,False,False
NWS,News Corp (Class B),Communication Services,large,15473740800,15.47,-5,0,False,False,False,False,-7,0,False,False,False,False
NEE,NextEra Energy,Utilities,large,194080063488,194.08,2,0,False,False,False,False,-3,0,False,False,False,False
NKE,"Nike, Inc.",Consumer Discretionary,large,65418137600,65.42,-2,0,False,False,False,False,7,0,False,False,False,False
NI,NiSource,Utilities,large,22725541888,22.73,2,0,False,False,False,False,-3,0,False,False,False,False
NDSN,Nordson Corporation,Industrials,large,14676665344,14.68,-5,0,False,False,False,False,-2,-7,False,False,False,False
NSC,Norfolk Southern,Industrials,large,64676745216,64.68,-10,-2,False,False,False,False,-2,0,False,False,False,False
NTRS,Northern Trust,Financials,large,26901946368,26.9,-9,-1,False,True,False,False,-3,-8,False,False,False,False
NOC,Northrop Grumman,Industrials,large,100260847616,100.26,5,0,False,False,False,False,5,0,False,False,False,False
NCLH,Norwegian Cruise Line Holdings,Consumer Discretionary,mid,8623478784,8.62,-8,0,False,False,False,False,-2,0,False,False,False,False
NRG,NRG Energy,Utilities,large,32427720704,32.43,-9,-1,False,True,False,False,-2,0,False,False,False,False
NUE,Nucor,Materials,large,39282012160,39.28,-15,-6,False,False,False,False,-3,-10,False,False,False,False
NVDA,Nvidia,Information Technology,large,4311464017920,4311.46,-9,-1,False,True,False,False,-2,0,False,False,False,False
NVR,"NVR, Inc.",Consumer Discretionary,large,18615214080,18.62,-5,0,False,False,False,False,-2,0,False,False,False,False
NXPI,NXP Semiconductors,Information Technology,large,49161396224,49.16,-5,0,False,False,False,False,-2,0,False,False,False,False
ORLY,O’Reilly Automotive,Consumer Discretionary,large,76654485504,76.65,-5,0,False,False,False,False,-2,0,False,False,False,False
OXY,Occidental Petroleum,Energy,large,62447046656,62.45,9,1,True,False,False,False,1,0,False,False,False,False
ODFL,Old Dominion,Industrials,large,41401491456,41.4,-19,-10,False,False,False,False,-3,-7,False,False,False,False
OMC,Omnicom Group,Communication Services,large,23216261120,23.22,1,0,False,False,False,False,-1,0,False,False,False,False
ON,ON Semiconductor,Information Technology,large,25023911936,25.02,-9,-1,False,True,False,False,-3,-7,False,False,False,False
OKE,Oneok,Energy,large,55609896960,55.61,5,0,False,False,False,False,1,12,False,False,False,False
ORCL,Oracle Corporation,Information Technology,large,420995629056,421.0,-2,0,False,False,False,False,-1,0,False,False,False,False
OTIS,Otis Worldwide,Industrials,large,30343276544,30.34,-9,-1,False,True,False,False,0,0,False,False,False,False
PCAR,Paccar,Industrials,large,62223831040,62.22,-9,0,False,True,False,False,-2,-11,False,False,False,False
PKG,Packaging Corporation of America,Materials,large,18240571392,18.24,1,0,False,False,False,False,-1,-4,False,False,False,False
PLTR,Palantir Technologies,Information Technology,large,355068182528,355.07,5,0,False,False,False,False,3,5,False,False,False,False
PANW,Palo Alto Networks,Information Technology,large,133179367424,133.18,3,-13,False,False,False,True,4,0,False,False,False,False
PSKY,Paramount Skydance Corporation,Communication Services,large,10583775232,10.58,-1,0,False,False,False,False,0,0,False,False,False,False
PH,Parker Hannifin,Industrials,large,114612183040,114.61,-9,-1,False,True,False,False,-2,-12,False,False,False,False
PAYX,Paychex,Industrials,large,32855273472,32.86,7,0,False,False,False,False,4,7,False,False,False,False
PAYC,Paycom,Industrials,mid,6784200192,6.78,-1,-12,False,False,False,False,4,6,False,False,False,False
PYPL,PayPal,Financials,large,42422460416,42.42,-2,0,False,False,False,False,-2,0,False,False,False,False
PNR,Pentair,Industrials,large,14008888320,14.01,-5,0,False,False,False,False,-2,0,False,False,False,False
PEP,PepsiCo,Consumer Staples,large,214623387648,214.62,-5,5,False,False,False,False,-1,0,False,False,False,False
PFE,Pfizer,Health Care,large,161094254592,161.09,1,0,False,False,False,False,-3,0,False,False,False,False
PCG,PG&E Corporation,Utilities,large,39057891328,39.06,1,0,False,False,False,False,0,0,False,False,False,False
PM,Philip Morris International,Consumer Staples,large,246403645440,246.4,1,0,False,False,False,False,7,-3,False,False,False,False
PSX,Phillips 66,Energy,large,70615105536,70.62,9,1,True,False,False,False,2,0,False,False,False,False
PNW,Pinnacle West Capital,Utilities,large,12416983040,12.42,1,0,False,False,False,False,-3,0,False,False,False,False
PNC,PNC Financial Services,Financials,large,85593251840,85.59,-10,-1,False,False,False,False,-3,-11,False,False,False,False
POOL,Pool Corporation,Consumer Discretionary,mid,7465352192,7.47,-5,0,False,False,False,False,-2,0,False,False,False,False
PPG,PPG Industries,Materials,large,23104972800,23.1,-5,0,False,False,False,False,-2,-9,False,False,False,False
PPL,PPL Corporation,Utilities,large,29030494208,29.03,-13,0,False,False,False,False,-3,-5,False,False,False,False
PFG,Principal Financial Group,Financials,large,19794415616,19.79,1,-6,False,False,False,False,-2,-10,False,False,False,False
PG,Procter & Gamble,Consumer Staples,large,334433288192,334.43,1,0,False,False,False,False,-1,0,False,False,False,False
PGR,Progressive Corporation,Financials,large,114398216192,114.4,1,0,False,False,False,False,4,0,False,False,False,False
PLD,Prologis,Real Estate,large,124704497664,124.7,-10,-1,False,False,False,False,-3,0,False,False,False,False
PRU,Prudential Financial,Financials,large,33957840896,33.96,-2,0,False,False,False,False,-3,0,False,False,False,False
PEG,Public Service Enterprise Group,Utilities,large,40840777728,40.84,2,0,False,False,False,False,-1,0,False,False,False,False
PTC,PTC Inc.,Information Technology,large,16974794752,16.97,4,0,False,False,False,False,6,0,False,False,False,False
PSA,Public Storage,Real Estate,large,49213276160,49.21,-10,-2,False,False,False,False,-2,-4,False,False,False,False
PHM,PulteGroup,Consumer Discretionary,large,22536284160,22.54,-5,0,False,False,False,False,-2,0,False,False,False,False
PWR,Quanta Services,Industrials,large,83881140224,83.88,-9,-1,False,True,False,False,-3,-4,False,False,False,False
QCOM,Qualcomm,Information Technology,large,135428120576,135.43,-5,0,False,False,False,False,-1,0,False,False,False,False
DGX,Quest Diagnostics,Health Care,large,22028212224,22.03,3,0,False,False,False,False,6,0,False,False,False,False
RL,Ralph Lauren Corporation,Consumer Discretionary,large,21104162816,21.1,1,11,False,False,False,False,-3,0,False,False,False,False
RJF,Raymond James Financial,Financials,large,28080220160,28.08,-5,0,False,False,False,False,-2,-3,False,False,False,False
RTX,RTX Corporation,Industrials,large,264093614080,264.09,1,0,False,False,False,False,-1,-7,False,False,False,False
O,Realty Income,Real Estate,large,58007752704,58.01,-11,-3,False,False,False,False,0,0,False,False,False,False
REG,Regency Centers,Real Estate,large,14389221376,14.39,-11,-2,False,False,False,False,-2,-5,False,False,False,False
REGN,Regeneron Pharmaceuticals,Health Care,large,80542629888,80.54,0,0,False,False,False,False,-3,0,False,False,False,False
RF,Regions Financial Corporation,Financials,large,22857021440,22.86,-10,-1,False,False,False,False,-2,-9,False,False,False,False
RSG,Republic Services,Industrials,large,68955930624,68.96,5,0,False,False,False,False,5,0,False,False,False,False
RMD,ResMed,Health Care,large,32709584896,32.71,1,0,False,False,False,False,-1,0,False,False,False,False
RVTY,Revvity,Health Care,mid,9943788544,9.94,-9,-1,False,True,False,False,-2,0,False,False,False,False
HOOD,Robinhood Markets,Financials,large,62031249408,62.03,-2,0,False,False,False,False,-1,0,False,False,False,False
ROK,Rockwell Automation,Industrials,large,41040359424,41.04,-9,-1,False,True,False,False,-2,-9,False,False,False,False
ROL,"Rollins, Inc.",Industrials,large,25993658368,25.99,-9,-1,False,True,False,False,-1,0,False,False,False,False
ROP,Roper Technologies,Information Technology,large,38521286656,38.52,4,0,False,False,False,False,-1,4,False,False,False,False
ROST,Ross Stores,Consumer Discretionary,large,71543275520,71.54,1,0,False,False,False,False,-10,-2,False,False,False,False
RCL,Royal Caribbean Group,Consumer Discretionary,large,74611539968,74.61,-4,0,False,False,False,False,-2,0,False,False,False,False
SPGI,S&P Global,Financials,large,130555248640,130.56,1,-13,False,False,False,True,-1,0,False,False,False,False
CRM,Salesforce,Information Technology,large,175387656192,175.39,6,0,False,False,False,False,4,6,False,False,False,False
SNDK,Sandisk,Information Technology,large,103555375104,103.56,-9,-1,False,True,False,False,-3,-7,False,False,False,False
SBAC,SBA Communications,Real Estate,large,21557641216,21.56,1,0,False,False,False,False,-3,0,False,False,False,False
SLB,Schlumberger,Energy,large,74216030208,74.22,1,0,False,False,False,False,-4,-12,False,False,False,False
STX,Seagate Technology,Information Technology,large,96187531264,96.19,-9,-1,False,True,False,False,-3,-6,False,False,False,False
SRE,Sempra,Utilities,large,64810586112,64.81,2,0,False,False,False,False,-4,0,False,False,False,False
NOW,ServiceNow,Information Technology,large,107624587264,107.62,7,-5,False,False,False,False,4,6,False,False,False,False
SHW,Sherwin-Williams,Materials,large,78792376320,78.79,1,0,False,False,False,False,-2,0,False,False,False,False
SPG,Simon Property Group,Real Estate,large,61308936192,61.31,-11,-3,False,False,False,False,-2,0,False,False,False,False
SWKS,Skyworks Solutions,Information Technology,mid,8299119616,8.3,-8,0,False,False,False,False,-3,0,False,False,False,False
SJM,J.M. Smucker Company (The),Consumer Staples,large,10186107904,10.19,6,0,False,False,False,False,6,0,False,False,False,False
SW,Smurfit Westrock,Materials,large,20597938176,20.6,1,0,False,False,False,False,-2,-6,False,False,False,False
SNA,Snap-on,Industrials,large,19031123968,19.03,1,12,False,False,False,False,-2,-9,False,False,False,False
SOLV,Solventum,Health Care,large,11028950016,11.03,-5,0,False,False,False,False,-1,0,False,False,False,False
SO,Southern Company,Utilities,large,109084672000,109.08,2,0,False,False,False,False,-1,0,False,False,False,False
LUV,Southwest Airlines,Industrials,large,18473555968,18.47,-8,0,False,False,False,False,-2,-6,False,False,False,False
SWK,Stanley Black & Decker,Industrials,large,10658861056,10.66,-5,0,False,False,False,False,-2,-7,False,False,False,False
SBUX,Starbucks,Consumer Discretionary,large,102958538752,102.96,-8,0,False,False,False,False,-1,-4,False,False,False,False
STT,State Street Corporation,Financials,large,35975442432,35.98,-9,-1,False,True,False,False,-3,0,False,False,False,False
STLD,Steel Dynamics,Materials,large,26107807744,26.11,-5,-5,False,False,False,False,-2,0,False,False,False,False
STE,Steris,Health Care,large,21465733120,21.47,1,0,False,False,False,False,-2,0,False,False,False,False
SYK,Stryker Corporation,Health Care,large,126974607360,126.97,-8,0,False,False,False,False,-2,0,False,False,False,False
SMCI,Supermicro,Information Technology,large,13943189504,13.94,-3,0,False,False,False,False,-1,0,False,False,False,False
SYF,Synchrony Financial,Financials,large,24642906112,24.64,-10,-2,False,False,False,False,-3,0,False,False,False,False
SNPS,Synopsys,Information Technology,large,75848990720,75.85,-2,0,False,False,False,False,6,-13,False,False,False,True
SYY,Sysco,Consumer Staples,large,34080706560,34.08,1,0,False,False,False,False,7,-2,False,False,False,False
TMUS,T-Mobile US,Communication Services,large,225267220480,225.27,10,2,False,False,False,False,6,13,False,False,True,False
TROW,T. Rowe Price,Financials,large,19663632384,19.66,-5,0,False,False,False,False,-3,0,False,False,False,False
TTWO,Take-Two Interactive,Communication Services,large,37011017728,37.01,0,0,False,False,False,False,-1,-12,False,False,False,False
TPR,"Tapestry, Inc.",Consumer Discretionary,large,28896544768,28.9,-5,0,False,False,False,False,-2,0,False,False,False,False
TRGP,Targa Resources,Energy,large,52532068352,52.53,3,0,False,False,False,False,-14,0,False,False,False,False
TGT,Target Corporation,Consumer Staples,large,54546452480,54.55,3,0,False,False,False,False,-2,0,False,False,False,False
TEL,TE Connectivity,Information Technology,large,61369466880,61.37,-9,-1,False,True,False,False,0,0,False,False,False,False
TDY,Teledyne Technologies,Information Technology,large,28861689856,28.86,1,0,False,False,False,False,-2,-3,False,False,False,False
TER,Teradyne,Information Technology,large,48471285760,48.47,-9,0,False,True,False,False,-3,0,False,False,False,False
TSLA,"Tesla, Inc.",Consumer Discretionary,large,1353089417216,1353.09,-2,0,False,False,False,False,16,0,False,False,False,False
TXN,Texas Instruments,Information Technology,large,177421991936,177.42,-9,-1,False,True,False,False,-3,0,False,False,False,False
TPL,Texas Pacific Land Corporation,Energy,large,30626594816,30.63,4,0,False,False,False,False,4,0,False,False,False,False
TXT,Textron,Industrials,large,15335003136,15.34,-9,-1,False,True,False,False,-2,-8,False,False,False,False
TMO,Thermo Fisher Scientific,Health Care,large,182569648128,182.57,-5,0,False,False,False,False,-2,0,False,False,False,False
TJX,TJX Companies,Consumer Discretionary,large,179505889280,179.51,1,12,False,False,False,False,-3,0,False,False,False,False
TKO,TKO Group Holdings,Communication Services,large,16081219584,16.08,1,11,False,False,False,False,-3,0,False,False,False,False
TTD,Trade Desk (The),Communication Services,large,10495293440,10.5,-2,0,False,False,False,False,5,13,False,False,True,False
TSCO,Tractor Supply,Consumer Discretionary,large,23064713216,23.06,1,0,False,False,False,False,7,-13,False,False,False,True
TT,Trane Technologies,Industrials,large,94698078208,94.7,-9,-1,False,True,False,False,-3,0,False,False,False,False
TDG,TransDigm Group,Industrials,large,65904648192,65.9,-10,-2,False,False,False,False,-1,0,False,False,False,False
TRV,Travelers Companies (The),Financials,large,65578414080,65.58,0,0,False,False,False,False,-1,0,False,False,False,False
TRMB,Trimble Inc.,Information Technology,large,15493413888,15.49,1,0,False,False,False,False,-1,-13,False,False,False,True
TFC,Truist Financial,Financials,large,60329259008,60.33,-10,0,False,False,False,False,-3,-9,False,False,False,False
TYL,Tyler Technologies,Information Technology,large,14530334720,14.53,7,0,False,False,False,False,4,9,False,False,False,False
TSN,Tyson Foods,Consumer Staples,large,22754863104,22.75,-14,0,False,False,False,False,-3,-9,False,False,False,False
USB,U.S. Bancorp,Financials,large,82268192768,82.27,-10,-2,False,False,False,False,-3,-7,False,False,False,False
UBER,Uber,Industrials,large,147855048704,147.86,-2,0,False,False,False,False,4,0,False,False,False,False
UDR,"UDR, Inc.",Real Estate,large,13041581056,13.04,-9,-1,False,True,False,False,-1,-6,False,False,False,False
ULTA,Ulta Beauty,Consumer Discretionary,large,23839789056,23.84,-1,0,False,False,False,False,-1,0,False,False,False,False
UNP,Union Pacific Corporation,Industrials,large,145279008768,145.28,-10,-2,False,False,False,False,-2,0,False,False,False,False
UAL,United Airlines Holdings,Industrials,large,29851879424,29.85,-5,0,False,False,False,False,-3,0,False,False,False,False
UPS,United Parcel Service,Industrials,large,83420889088,83.42,-5,0,False,False,False,False,-2,-10,False,False,False,False
URI,United Rentals,Industrials,large,46120316928,46.12,-7,8,False,False,False,False,-2,0,False,False,False,False
UNH,UnitedHealth Group,Health Care,large,251662204928,251.66,-10,-2,False,False,False,False,-2,0,False,False,False,False
UHS,Universal Health Services,Health Care,large,10794009600,10.79,1,0,False,False,False,False,7,-12,False,False,False,False
VLO,Valero Energy,Energy,large,72989310976,72.99,5,0,False,False,False,False,1,0,False,False,False,False
VTR,Ventas,Real Estate,large,39550353408,39.55,-8,0,False,False,False,False,0,0,False,False,False,False
VLTO,Veralto,Industrials,large,21812695040,21.81,-10,-2,False,False,False,False,-1,0,False,False,False,False
VRSN,Verisign,Information Technology,large,24088094720,24.09,3,0,False,False,False,False,-7,0,False,False,False,False
VRSK,Verisk Analytics,Industrials,large,25795076096,25.8,7,-11,False,False,False,False,4,0,False,False,False,False
VZ,Verizon,Communication Services,large,208353607680,208.35,12,4,False,False,False,False,3,0,False,False,False,False
VRTX,Vertex Pharmaceuticals,Health Care,large,111447334912,111.45,-4,0,False,False,False,False,7,-12,False,False,False,False
VTRS,Viatris,Health Care,large,15479786496,15.48,-4,0,False,False,False,False,-1,0,False,False,False,False
VICI,Vici Properties,Real Estate,large,29568235520,29.57,-10,-2,False,False,False,False,-2,0,False,False,False,False
V,Visa Inc.,Financials,large,579954278400,579.95,-8,0,False,False,False,False,-1,0,False,False,False,False
VST,Vistra Corp.,Utilities,large,51181879296,51.18,-7,0,False,False,False,False,-1,0,False,False,False,False
VMC,Vulcan Materials Company,Materials,large,36546838528,36.55,-11,-3,False,False,False,False,-3,0,False,False,False,False
WRB,W. R. Berkley Corporation,Financials,large,25077596160,25.08,1,0,False,False,False,False,-1,0,False,False,False,False
GWW,W. W. Grainger,Industrials,large,52936982528,52.94,-10,0,False,False,False,False,-3,-7,False,False,False,False
WAB,Wabtec,Industrials,large,43407740928,43.41,1,-1,False,False,False,False,-3,0,False,False,False,False
WMT,Walmart,Consumer Staples,large,1002848518144,1002.85,0,0,False,False,False,False,-3,0,False,False,False,False
DIS,Walt Disney Company (The),Communication Services,large,171326914560,171.33,-5,0,False,False,False,False,-1,0,False,False,False,False
WBD,Warner Bros. Discovery,Communication Services,large,68484911104,68.48,1,0,False,False,False,False,1,-9,False,False,False,False
WM,Waste Management,Industrials,large,94953308160,94.95,4,0,False,False,False,False,4,0,False,False,False,False
WAT,Waters Corporation,Health Care,large,29846511616,29.85,-8,0,False,False,False,False,-3,0,False,False,False,False
WEC,WEC Energy Group,Utilities,large,38295760896,38.3,0,0,False,False,False,False,-3,0,False,False,False,False
WFC,Wells Fargo,Financials,large,248702222336,248.7,1,0,False,False,False,False,-3,0,False,False,False,False
WELL,Welltower,Real Estate,large,141176274944,141.18,-10,-2,False,False,False,False,-1,0,False,False,False,False
WST,West Pharmaceutical Services,Health Care,large,18366394368,18.37,-2,0,False,False,False,False,-3,0,False,False,False,False
WDC,Western Digital,Information Technology,large,100850032640,100.85,-9,-1,False,True,False,False,-3,0,False,False,False,False
WY,Weyerhaeuser,Real Estate,large,17610635264,17.61,1,0,False,False,False,False,-3,-5,False,False,False,False
WSM,"Williams-Sonoma, Inc.",Consumer Discretionary,large,21443121152,21.44,-5,0,False,False,False,False,-2,-5,False,False,False,False
WMB,Williams Companies,Energy,large,88045699072,88.05,2,0,False,False,False,False,5,0,False,False,False,False
WTW,Willis Towers Watson,Financials,large,27289731072,27.29,1,0,False,False,False,False,5,0,False,False,False,False
WDAY,"Workday, Inc.",Information Technology,large,34784378880,34.78,6,0,False,False,False,False,16,7,False,False,False,False
WYNN,Wynn Resorts,Consumer Discretionary,large,10640024576,10.64,-5,0,False,False,False,False,-3,0,False,False,False,False
XEL,Xcel Energy,Utilities,large,50371813376,50.37,2,0,False,False,False,False,0,0,False,False,False,False
XYL,Xylem Inc.,Industrials,large,29483327488,29.48,-9,-1,False,True,False,False,-2,0,False,False,False,False
YUM,Yum! Brands,Consumer Discretionary,large,43338829824,43.34,-8,0,False,False,False,False,-2,0,False,False,False,False
ZBRA,Zebra Technologies,Information Technology,large,10275670016,10.28,-10,-2,False,False,False,False,-2,0,False,False,False,False
ZBH,Zimmer Biomet,Health Care,large,18012721152,18.01,-13,-5,False,False,False,False,-2,0,False,False,False,False
ZTS,Zoetis,Health Care,large,51975360512,51.98,-2,0,False,False,False,False,-2,0,False,False,False,False
ALNY,Alnylam Pharmaceuticals,Health Care,large,42286891008,42.29,-2,0,False,False,False,False,-2,0,False,False,False,False
ARM,Arm Holdings,Technology,large,158354604032,158.35,-4,-8,False,False,False,False,-5,0,False,False,False,False
ASML,ASML Holding,Technology,large,517221810176,517.22,-5,0,False,False,False,False,-3,-8,False,False,False,False
TEAM,Atlassian,Technology,large,18011082752,18.01,6,0,False,False,False,False,16,6,False,False,False,False
CCEP,Coca-Cola Europacific Partners,Consumer Staples,large,41974009856,41.97,1,5,False,False,False,False,-1,-12,False,False,False,False
FER,Ferrovial,Industrials,large,48208359424,48.21,-10,-1,False,False,False,False,-3,0,False,False,False,False
INSM,Insmed Incorporated,Health Care,large,35012096000,35.01,6,0,False,False,False,False,-3,5,False,False,False,False
MRVL,Marvell Technology,Technology,large,93663223808,93.66,-10,-2,False,False,False,False,-8,0,False,False,False,False
MELI,Mercado Libre,Consumer Discretionary,large,86972030976,86.97,-11,-2,False,False,False,False,-2,0,False,False,False,False
MSTR,MicroStrategy,Technology,large,41412579328,41.41,-5,0,False,False,False,False,-1,0,False,False,False,False
PDD,PDD Holdings,Technology,large,143199748096,143.2,1,0,False,False,False,False,-1,0,False,False,False,False
SHOP,Shopify,Technology,large,154326138880,154.33,4,0,False,False,False,False,-1,0,False,False,False,False
TRI,Thomson Reuters,Technology,large,40031125504,40.03,-1,0,False,False,False,False,4,0,False,False,False,False
ZS,Zscaler,Technology,large,22279159808,22.28,4,0,False,False,False,False,23,13,False,False,True,False
BE,BLOOM ENERGY CLASS A CORP,Industrials,large,38050758656,38.05,-8,0,False,False,False,False,-3,0,False,False,False,False
FN,FABRINET,Information Technology,large,19990505472,19.99,-8,0,False,False,False,False,-4,0,False,False,False,False
NXT,NEXTPOWER INC CLASS A,Industrials,large,17005499392,17.01,1,0,False,False,False,False,-1,0,False,False,False,False
KTOS,KRATOS DEFENSE AND SECURITY SOLUTI,Industrials,large,12570661888,12.57,1,0,False,False,False,False,11,0,False,False,False,False
CRDO,CREDO TECHNOLOGY GROUP HOLDING LTD,Information Technology,large,18712444928,18.71,-8,0,False,False,False,False,-2,0,False,False,False,False
SATS,ECHOSTAR CORP CLASS A,Communication,large,37172543488,37.17,-3,0,False,False,False,False,-3,-6,False,False,False,False
STRL,STERLING INFRASTRUCTURE INC,Industrials,large,12773616640,12.77,-5,0,False,False,False,False,-3,0,False,False,False,False
CDE,COEUR MINING INC,Materials,large,19760011264,19.76,-10,-2,False,False,False,False,-2,-7,False,False,False,False
AEIS,ADVANCED ENERGY INDUSTRIES INC,Information Technology,large,12636955648,12.64,-9,-1,False,True,False,False,-3,-11,False,False,False,False
HL,HECLA MINING,Materials,large,12857310208,12.86,-1,0,False,False,False,False,-1,0,False,False,False,False
ENSG,ENSIGN GROUP INC,Health Care,large,11426134016,11.43,2,0,False,False,False,False,6,0,False,False,False,False
BBIO,BRIDGEBIO PHARMA INC,Health Care,large,14181068800,14.18,-4,0,False,False,False,False,-5,0,False,False,False,False
IONQ,IONQ INC,Information Technology,large,10772843520,10.77,-2,0,False,False,False,False,-1,0,False,False,False,False
GH,GUARDANT HEALTH INC,Health Care,large,12307722240,12.31,4,0,False,False,False,False,-1,0,False,False,False,False
MOD,MODINE MANUFACTURING,Industrials,large,11565005824,11.57,-5,0,False,False,False,False,-3,0,False,False,False,False
RMBS,RAMBUS INC,Information Technology,large,10062066688,10.06,-8,0,False,False,False,False,-3,0,False,False,False,False
DY,DYCOM INDUSTRIES INC,Industrials,large,10434078720,10.43,-9,0,False,True,False,False,-2,0,False,False,False,False
TTMI,TTM TECHNOLOGIES INC,Information Technology,large,10122634240,10.12,-9,0,False,True,False,False,-3,0,False,False,False,False
SPXC,SPX TECHNOLOGIES INC,Industrials,mid,9840210944,9.84,-5,0,False,False,False,False,-2,0,False,False,False,False
GTLS,CHART INDUSTRIES INC,Industrials,mid,9912484864,9.91,-8,0,False,False,False,False,-2,-9,False,False,False,False
IDCC,INTERDIGITAL INC,Information Technology,mid,8056242688,8.06,-9,-1,False,True,False,False,-1,-12,False,False,False,False
CTRE,CARETRUST REIT INC,Real Estate,mid,8554450432,8.55,-9,0,False,True,False,False,0,0,False,False,False,False
AHR,AMERICAN HEALTHCARE REIT INC,Real Estate,mid,9042292736,9.04,-9,0,False,True,False,False,-1,0,False,False,False,False
MDGL,MADRIGAL PHARMACEUTICALS INC,Health Care,large,12545639424,12.55,-2,-11,False,False,False,False,-5,2,False,False,False,False
AVAV,AEROVIRONMENT INC,Industrials,mid,9329551360,9.33,-2,0,False,False,False,False,11,0,False,False,False,False
WTS,WATTS WATER TECHNOLOGIES INC CLASS,Industrials,mid,9632571392,9.63,-5,0,False,False,False,False,-2,-6,False,False,False,False
UMBF,UMB FINANCIAL CORP,Financials,mid,8758753280,8.76,-10,-1,False,False,False,False,-3,-7,False,False,False,False
FCFS,FIRSTCASH HOLDINGS INC,Financials,mid,8808294400,8.81,-3,0,False,False,False,False,-3,-10,False,False,False,False
ARWR,ARROWHEAD PHARMACEUTICALS INC,Health Care,mid,8546164736,8.55,-5,0,False,False,False,False,-3,0,False,False,False,False
PRIM,PRIMORIS SERVICES CORP,Industrials,mid,8016504832,8.02,-9,-1,False,True,False,False,-3,-8,False,False,False,False
FORM,FORMFACTOR INC,Information Technology,mid,8038015488,8.04,0,0,False,False,False,False,-3,0,False,False,False,False
ONB,OLD NATIONAL BANCORP,Financials,mid,8650740736,8.65,-10,0,False,False,False,False,-2,-9,False,False,False,False
SITM,SITIME CORP,Information Technology,mid,9127385088,9.13,-9,-1,False,True,False,False,-3,0,False,False,False,False
FLR,FLUOR CORP,Industrials,mid,6909058560,6.91,-9,-1,False,True,False,False,-3,0,False,False,False,False
CYTK,CYTOKINETICS INC,Health Care,mid,8218654720,8.22,-3,0,False,False,False,False,-4,0,False,False,False,False
VIAV,VIAVI SOLUTIONS INC,Information Technology,mid,8535952896,8.54,1,0,False,False,False,False,-14,-6,False,False,False,False
PRAX,PRAXIS PRECISION MEDICINES INC,Health Care,mid,8644341760,8.64,-5,0,False,False,False,False,-2,-7,False,False,False,False
ESE,ESCO TECHNOLOGIES INC,Industrials,mid,7568813056,7.57,-9,-1,False,True,False,False,-4,-5,False,False,False,False
CMC,COMMERCIAL METALS,Materials,mid,6856778240,6.86,-5,0,False,False,False,False,-2,-7,False,False,False,False
SM,SM ENERGY,Energy,mid,7298557952,7.3,5,0,False,False,False,False,1,0,False,False,False,False
HQY,HEALTHEQUITY INC,Health Care,mid,7233890304,7.23,6,-8,False,False,False,False,-6,6,False,False,False,False
JBTM,JBT MAREL CORP,Industrials,mid,6505572864,6.51,-5,0,False,False,False,False,-1,0,False,False,False,False
JXN,JACKSON FINANCIAL INC CLASS A,Financials,mid,7299000832,7.3,1,0,False,False,False,False,-1,-5,False,False,False,False
PCVX,VAXCYTE INC,Health Care,mid,8477141504,8.48,-11,-3,False,False,False,False,-2,-4,False,False,False,False
SLAB,SILICON LABORATORIES INC,Information Technology,mid,6894685184,6.89,-10,0,False,False,False,False,-5,0,False,False,False,False
ZWS,ZURN ELKAY WATER SOLUTIONS CORP,Industrials,mid,7542754816,7.54,-9,-1,False,True,False,False,-2,0,False,False,False,False
TEX,TEREX CORP,Industrials,mid,6653724160,6.65,-9,-1,False,True,False,False,-2,-6,False,False,False,False
ORA,ORMAT TECH INC,Utilities,mid,6933499904,6.93,-4,13,False,False,True,False,-4,-5,False,False,False,False
SANM,SANMINA CORP,Information Technology,mid,7110103040,7.11,-7,0,False,False,False,False,-3,0,False,False,False,False
CWAN,CLEARWATER ANALYTICS HOLDINGS INC,Information Technology,mid,7112855552,7.11,-14,-5,False,False,False,False,-6,-8,False,False,False,False
AXSM,AXSOME THERAPEUTICS INC,Health Care,mid,8619585536,8.62,-5,0,False,False,False,False,-3,-11,False,False,False,False
EPRT,ESSENTIAL PROPERTIES REALTY TRUST,Real Estate,mid,6491878400,6.49,-9,0,False,True,False,False,-1,-2,False,False,False,False
UEC,URANIUM ENERGY CORP,Energy,mid,6652295680,6.65,-5,0,False,False,False,False,-3,0,False,False,False,False
IBP,INSTALLED BUILDING PRODUCTS INC,Consumer Discretionary,mid,7248548352,7.25,-5,0,False,False,False,False,-2,0,False,False,False,False
FSS,FEDERAL SIGNAL CORP,Industrials,mid,6652467712,6.65,-9,-1,False,True,False,False,-3,0,False,False,False,False
SMTC,SEMTECH CORP,Information Technology,mid,7682414080,7.68,-9,-1,False,True,False,False,-3,0,False,False,False,False
TRNO,TERRENO REALTY REIT CORP,Real Estate,mid,6603838464,6.6,-13,-5,False,False,False,False,-3,0,False,False,False,False
APLD,APPLIED DIGITAL CORP,Information Technology,mid,6866627584,6.87,-8,0,False,False,False,False,-1,0,False,False,False,False
AGX,ARGAN INC,Industrials,mid,8021158912,8.02,-12,-3,False,False,False,False,-14,-6,False,False,False,False
LUMN,LUMEN TECHNOLOGIES INC,Communication,mid,7169249280,7.17,-5,0,False,False,False,False,-3,0,False,False,False,False
KRYS,KRYSTAL BIOTECH INC,Health Care,mid,7628140032,7.63,-2,0,False,False,False,False,0,0,False,False,False,False
EAT,BRINKER INTERNATIONAL INC,Consumer Discretionary,mid,6428752896,6.43,-9,-1,False,True,False,False,-3,0,False,False,False,False
OKLO,OKLO INC CLASS A,Utilities,mid,8353865728,8.35,-3,0,False,False,False,False,-1,0,False,False,False,False
AROC,ARCHROCK INC,Energy,mid,6074088960,6.07,-7,0,False,False,False,False,-2,-4,False,False,False,False
ENS,ENERSYS,Industrials,mid,6545835520,6.55,-9,-1,False,True,False,False,-4,0,False,False,False,False
VSAT,VIASAT INC,Information Technology,mid,7292788224,7.29,-8,0,False,False,False,False,-4,-8,False,False,False,False
POR,PORTLAND GENERAL ELECTRIC,Utilities,mid,6211069952,6.21,2,0,False,False,False,False,-3,0,False,False,False,False
PL,PLANET LABS CLASS A,Industrials,large,12419827712,12.42,4,0,False,False,False,False,-7,0,False,False,False,False
GATX,GATX CORP,Industrials,mid,6191769088,6.19,-10,-2,False,False,False,False,-2,-8,False,False,False,False
TXNM,TXNM ENERGY INC,Utilities,mid,6410021888,6.41,2,0,False,False,False,False,-2,0,False,False,False,False
NE,NOBLE CORPORATION PLC,Energy,mid,7951345664,7.95,4,0,False,False,False,False,-15,0,False,False,False,False
RIG,TRANSOCEAN LTD,Energy,mid,7267773440,7.27,4,0,False,False,False,False,0,0,False,False,False,False
GKOS,GLAUKOS CORP,Health Care,mid,6549547520,6.55,-2,0,False,False,False,False,-3,-9,False,False,False,False
VAL,VALARIS LTD,Energy,mid,6787400192,6.79,2,0,False,False,False,False,1,0,False,False,False,False
VLY,VALLEY NATIONAL,Financials,mid,6925834240,6.93,0,0,False,False,False,False,-3,0,False,False,False,False
RHP,RYMAN HOSPITALITY PROPERTIES REIT,Real Estate,mid,5853890560,5.85,-11,-3,False,False,False,False,-2,0,False,False,False,False
DOCN,DIGITALOCEAN HOLDINGS INC,Information Technology,mid,9356012544,9.36,4,0,False,False,False,False,1,0,False,False,False,False
PTGX,PROTAGONIST THERAPEUTICS INC,Health Care,mid,6622068224,6.62,-1,-4,False,False,False,False,-8,0,False,False,False,False
SWX,SOUTHWEST GAS HOLDINGS INC,Utilities,mid,6457819648,6.46,-13,0,False,False,False,False,-3,-5,False,False,False,False
TMHC,TAYLOR MORRISON HOME CORP,Consumer Discretionary,mid,5589279232,5.59,-5,0,False,False,False,False,-2,0,False,False,False,False
AAOI,APPLIED OPTOELECTRONICS INC,Information Technology,mid,8071222784,8.07,-8,0,False,False,False,False,-12,-4,False,False,False,False
BTSG,BRIGHTSPRING HEALTH SERVICES INC,Health Care,mid,8278835200,8.28,0,0,False,False,False,False,-5,0,False,False,False,False
KRG,KITE REALTY GROUP TRUST REIT,Real Estate,mid,5463055360,5.46,-10,-2,False,False,False,False,-2,0,False,False,False,False
QBTS,D WAVE QUANTUM INC,Information Technology,mid,5297163776,5.3,-3,0,False,False,False,False,-1,0,False,False,False,False
ROAD,CONSTRUCTION PARTNERS INC CLASS A,Industrials,mid,5984413184,5.98,1,12,False,False,False,False,-2,0,False,False,False,False
GBCI,GLACIER BANCORP INC,Financials,mid,5919891456,5.92,-10,0,False,False,False,False,-3,-5,False,False,False,False
MGY,MAGNOLIA OIL GAS CORP CLASS A,Energy,mid,5934209024,5.93,5,0,False,False,False,False,1,0,False,False,False,False
UBSI,UNITED BANKSHARES INC,Financials,mid,5837493760,5.84,-10,0,False,False,False,False,-3,-10,False,False,False,False
ESNT,ESSENT GROUP LTD,Financials,mid,5593155072,5.59,1,0,False,False,False,False,-3,-5,False,False,False,False
CNX,CNX RESOURCES CORP,Energy,mid,5511071744,5.51,3,5,False,False,False,False,4,0,False,False,False,False
CWST,CASELLA WASTE SYSTEMS INC CLASS A,Industrials,mid,5537217536,5.54,2,0,False,False,False,False,-1,1,False,False,False,False
LNTH,LANTHEUS HOLDINGS INC,Health Care,mid,4954307584,4.95,-8,0,False,False,False,False,-3,0,False,False,False,False
NJR,NEW JERSEY RESOURCES CORP,Utilities,mid,5643296256,5.64,2,0,False,False,False,False,-16,-6,False,False,False,False
SR,SPIRE INC,Utilities,mid,5475298816,5.48,2,0,False,False,False,False,-3,0,False,False,False,False
GVA,GRANITE CONSTRUCTION INC,Industrials,mid,5306507264,5.31,-9,0,False,True,False,False,-2,-7,False,False,False,False
BCPC,BALCHEM CORP,Materials,mid,5519266304,5.52,-6,0,False,False,False,False,-2,-6,False,False,False,False
NPO,ENPRO INC,Industrials,mid,5358958592,5.36,-9,-1,False,True,False,False,-3,0,False,False,False,False
PLXS,PLEXUS CORP,Information Technology,mid,5554173952,5.55,-9,-1,False,True,False,False,-4,0,False,False,False,False
SSRM,SSR MINING INC,Materials,mid,6467032064,6.47,2,0,False,False,False,False,-3,0,False,False,False,False
BKH,BLACK HILLS CORP,Utilities,mid,5386956288,5.39,-1,-3,False,False,False,False,-2,0,False,False,False,False
HWC,HANCOCK WHITNEY CORP,Financials,mid,5250110976,5.25,1,0,False,False,False,False,-3,-9,False,False,False,False
UFPI,UFP INDUSTRIES INC,Industrials,mid,5133006848,5.13,-5,0,False,False,False,False,-2,-5,False,False,False,False
PIPR,PIPER SANDLER COMPANIES,Financials,mid,5548481024,5.55,-11,-3,False,False,False,False,-4,0,False,False,False,False
PTCT,PTC THERAPEUTICS INC,Health Care,mid,5609643008,5.61,-2,0,False,False,False,False,-3,0,False,False,False,False
CNR,CORE NATURAL RESOURCES INC,Energy,mid,5314617344,5.31,10,1,False,False,False,False,2,0,False,False,False,False
COMP,COMPASS INC CLASS A,Real Estate,mid,5247882240,5.25,1,4,False,False,False,False,11,0,False,False,False,False
MUR,MURPHY OIL CORP,Energy,mid,5888765440,5.89,5,0,False,False,False,False,1,0,False,False,False,False
OGS,ONE GAS INC,Utilities,mid,5573369856,5.57,2,0,False,False,False,False,-3,0,False,False,False,False
SNEX,STONEX GROUP INC,Financials,mid,6638708224,6.64,-15,-7,False,False,False,False,-3,-9,False,False,False,False
ACA,ARCOSA INC,Industrials,mid,5282148864,5.28,-9,-1,False,True,False,False,-2,-10,False,False,False,False
LBRT,LIBERTY ENERGY INC CLASS A,Energy,mid,4553647616,4.55,4,0,False,False,False,False,2,0,False,False,False,False
RGTI,RIGETTI COMPUTING INC,Information Technology,mid,4713216512,4.71,-5,0,False,False,False,False,-1,0,False,False,False,False
BIPC,BROOKFIELD INFRASTRUCTURE CORP CLA,Utilities,mid,4917075456,4.92,-11,-3,False,False,False,False,-1,-13,False,False,False,True
VSEC,VSE CORP,Industrials,mid,5192772608,5.19,-10,-1,False,False,False,False,-2,0,False,False,False,False
HOMB,HOME BANCSHARES INC,Financials,mid,5342550528,5.34,1,0,False,False,False,False,0,0,False,False,False,False
ABCB,AMERIS BANCORP,Financials,mid,5355907584,5.36,-10,0,False,False,False,False,-3,0,False,False,False,False
RIOT,RIOT PLATFORMS INC,Information Technology,mid,4875558400,4.88,-8,0,False,False,False,False,-2,-10,False,False,False,False
JOBY,JOBY AVIATION INC CLASS A,Industrials,mid,8324340736,8.32,-2,0,False,False,False,False,12,0,False,False,False,False
MATX,MATSON INC,Industrials,mid,5188046336,5.19,1,0,False,False,False,False,-3,0,False,False,False,False
SBRA,SABRA HEALTH CARE REIT INC,Real Estate,mid,5007613952,5.01,-8,0,False,False,False,False,-1,0,False,False,False,False
NUVL,NUVALENT INC CLASS A,Health Care,mid,8288590336,8.29,1,0,False,False,False,False,-3,0,False,False,False,False
BOOT,BOOT BARN HOLDINGS INC,Consumer Discretionary,mid,4120168192,4.12,-7,0,False,False,False,False,-1,0,False,False,False,False
AUB,ATLANTIC UNION BANKSHARES CORP,Financials,mid,5162891776,5.16,-10,0,False,False,False,False,-3,-8,False,False,False,False
POWL,POWELL INDUSTRIES INC,Industrials,mid,6651663872,6.65,-9,-1,False,True,False,False,-4,-7,False,False,False,False
MAC,MACERICH REIT,Real Estate,mid,5261588480,5.26,-10,-2,False,False,False,False,-3,0,False,False,False,False
COGT,COGENT BIOSCIENCES INC,Health Care,mid,5714893312,5.71,1,0,False,False,False,False,-2,0,False,False,False,False
CIFR,CIPHER DIGITAL INC,Information Technology,mid,5193630720,5.19,-7,0,False,False,False,False,-2,0,False,False,False,False
PECO,PHILLIPS EDISON AND COMPANY INC,Real Estate,mid,5205051904,5.21,-6,10,False,False,False,False,-2,-12,False,False,False,False
CORZ,CORE SCIENTIFIC INC,Information Technology,mid,5117848576,5.12,-8,0,False,False,False,False,-3,-12,False,False,False,False
HIMS,HIMS HERS HEALTH INC CLASS A,Health Care,mid,4362747904,4.36,-2,0,False,False,False,False,2,0,False,False,False,False
OPCH,OPTION CARE HEALTH INC,Health Care,mid,4360387072,4.36,1,5,False,False,False,False,10,0,False,False,False,False
HUT,HUT CORP,Information Technology,mid,5334787072,5.33,-8,0,False,False,False,False,-3,0,False,False,False,False
ATMU,ATMUS FILTRATION TECHNOLOGIES INC,Industrials,mid,4705965568,4.71,-7,0,False,False,False,False,-2,0,False,False,False,False
CRC,CALIFORNIA RESOURCES CORP,Energy,mid,6009262592,6.01,4,0,False,False,False,False,-14,0,False,False,False,False
KNF,KNIFE RIVER CORP,Materials,mid,4188048896,4.19,-5,0,False,False,False,False,-2,0,False,False,False,False
KGS,KODIAK GAS SERVICES INC,Energy,mid,4976727552,4.98,-7,0,False,False,False,False,-14,-5,False,False,False,False
GLNG,GOLAR LNG LTD,Energy,mid,5627403264,5.63,4,0,False,False,False,False,-5,0,False,False,False,False
MIR,MIRION TECHNOLOGIES INC CLASS A,Information Technology,mid,4764251648,4.76,1,0,False,False,False,False,-2,0,False,False,False,False
XENE,XENON PHARMACEUTICALS INC,Health Care,mid,5425033728,5.43,-5,0,False,False,False,False,-10,-2,False,False,False,False
WULF,TERAWULF INC,Information Technology,mid,6310133760,6.31,-7,0,False,False,False,False,-3,0,False,False,False,False
SIGI,SELECTIVE INSURANCE GROUP INC,Financials,mid,4621504000,4.62,1,-2,False,False,False,False,-2,0,False,False,False,False
HCC,WARRIOR MET COAL INC,Materials,mid,5010138112,5.01,6,0,False,False,False,False,1,0,False,False,False,False
RYTM,RHYTHM PHARMACEUTICALS INC,Health Care,mid,5892316160,5.89,-2,0,False,False,False,False,10,0,False,False,False,False
BDC,BELDEN INC,Information Technology,mid,4521488896,4.52,-9,-1,False,True,False,False,-2,0,False,False,False,False
KYMR,KYMERA THERAPEUTICS INC,Health Care,mid,6972260352,6.97,-2,-4,False,False,False,False,-3,0,False,False,False,False
BTU,PEABODY ENERGY CORP,Energy,mid,4088750336,4.09,11,2,False,False,False,False,2,0,False,False,False,False
RDN,RADIAN GROUP INC,Financials,mid,4585567232,4.59,-8,0,False,False,False,False,-2,-6,False,False,False,False
FTDR,FRONTDOOR INC,Consumer Discretionary,mid,3854313472,3.85,-8,0,False,False,False,False,-1,0,False,False,False,False
ALKS,ALKERMES,Health Care,mid,5806083584,5.81,1,-5,False,False,False,False,-3,0,False,False,False,False
AX,AXOS FINANCIAL INC,Financials,mid,4838055424,4.84,-9,-1,False,True,False,False,-2,-5,False,False,False,False
VICR,VICOR CORP,Industrials,mid,7061876224,7.06,-5,0,False,False,False,False,-2,-7,False,False,False,False
HASI,HA SUSTAINABLE INFRASTRUCTURE CAPI,Financials,mid,4756929536,4.76,-9,-1,False,True,False,False,-3,0,False,False,False,False
BMI,BADGER METER INC,Information Technology,mid,4573631488,4.57,-2,0,False,False,False,False,-3,0,False,False,False,False
OSIS,OSI SYSTEMS INC,Information Technology,mid,4551937536,4.55,-7,0,False,False,False,False,-3,0,False,False,False,False
TGTX,TG THERAPEUTICS INC,Health Care,mid,5354347008,5.35,-15,-4,False,False,False,False,-5,0,False,False,False,False
REZI,RESIDEO TECHNOLOGIES INC,Industrials,mid,5239199744,5.24,-9,-1,False,True,False,False,-3,0,False,False,False,False
NOVT,NOVANTA INC,Information Technology,mid,4176428288,4.18,-5,0,False,False,False,False,-2,0,False,False,False,False
FOLD,AMICUS THERAPEUTICS INC,Health Care,mid,4534170112,4.53,0,0,False,False,False,False,-9,-1,False,True,False,False
AIR,AAR CORP,Industrials,mid,4365321216,4.37,-9,-1,False,True,False,False,-3,-9,False,False,False,False
BCO,BRINKS,Industrials,mid,4252962304,4.25,-5,0,False,False,False,False,-1,0,False,False,False,False
UUUU,ENERGY FUELS INC,Energy,mid,4288506624,4.29,-5,0,False,False,False,False,-1,0,False,False,False,False
MWA,MUELLER WATER PRODUCTS INC SERIES,Industrials,mid,4324054016,4.32,-9,-1,False,True,False,False,-2,0,False,False,False,False
MTH,MERITAGE CORP,Consumer Discretionary,mid,4376480768,4.38,-5,0,False,False,False,False,-2,0,False,False,False,False
LAUR,LAUREATE EDUCATION INC,Consumer Discretionary,mid,4790476288,4.79,4,0,False,False,False,False,2,0,False,False,False,False
SKY,CHAMPION HOMES INC,Consumer Discretionary,mid,4129044224,4.13,-5,0,False,False,False,False,-2,0,False,False,False,False
RDNT,RADNET INC,Health Care,mid,4252368640,4.25,-5,0,False,False,False,False,12,0,False,False,False,False
ITRI,ITRON INC,Information Technology,mid,3930723584,3.93,-9,-1,False,True,False,False,-2,0,False,False,False,False
YOU,CLEAR SECURE INC CLASS A,Information Technology,mid,6916733440,6.92,4,-6,False,False,False,False,-3,0,False,False,False,False
NWE,NORTHWESTERN ENERGY GROUP INC,Utilities,mid,4156721408,4.16,-1,-4,False,False,False,False,-2,0,False,False,False,False
TDS,TELEPHONE AND DATA SYSTEMS INC,Communication,mid,5103992832,5.1,1,6,False,False,False,False,-3,-7,False,False,False,False
TCBI,TEXAS CAPITAL BANCSHARES INC,Financials,mid,4243137024,4.24,-9,-1,False,True,False,False,-3,0,False,False,False,False
CRSP,CRISPR THERAPEUTICS AG,Health Care,mid,4752232448,4.75,-10,-2,False,False,False,False,-2,0,False,False,False,False
CSW,CSW INDUSTRIALS INC,Industrials,mid,4392108032,4.39,-7,0,False,False,False,False,-3,-9,False,False,False,False
MYRG,MYR GROUP INC,Industrials,mid,4439488000,4.44,-9,-1,False,True,False,False,-4,0,False,False,False,False
MRCY,MERCURY SYSTEMS INC,Industrials,mid,4454285824,4.45,-8,0,False,False,False,False,-2,0,False,False,False,False
ACIW,ACI WORLDWIDE INC,Information Technology,mid,4260627456,4.26,-2,0,False,False,False,False,-2,0,False,False,False,False
TERN,TERNS PHARMACEUTICALS INC,Health Care,mid,6084594176,6.08,-1,0,False,False,False,False,-11,0,False,False,False,False
ASB,ASSOCIATED BANCORP,Financials,mid,4312032768,4.31,-10,-2,False,False,False,False,-3,0,False,False,False,False
EBC,EASTERN BANKSHARES INC,Financials,mid,4465253888,4.47,1,0,False,False,False,False,-3,0,False,False,False,False
LGND,LIGAND PHARMACEUTICALS INC,Health Care,mid,3980051968,3.98,-8,0,False,False,False,False,-2,0,False,False,False,False
NHI,NATIONAL HEALTH INVESTORS REIT INC,Real Estate,mid,4029868032,4.03,-8,12,False,False,False,False,-2,-4,False,False,False,False
ANF,ABERCROMBIE AND FITCH CLASS A,Consumer Discretionary,mid,4230359552,4.23,2,5,False,False,False,False,-3,11,False,False,False,False
OUT,OUTFRONT MEDIA INC,Real Estate,mid,4772720128,4.77,-8,0,False,False,False,False,-2,-10,False,False,False,False
MMSI,MERIT MEDICAL SYSTEMS INC,Health Care,mid,4023541504,4.02,-5,0,False,False,False,False,-1,0,False,False,False,False
IESC,IES INC,Industrials,mid,9615259648,9.62,-9,-1,False,True,False,False,-3,0,False,False,False,False
SKT,TANGER INC,Real Estate,mid,3959440384,3.96,-10,-2,False,False,False,False,-2,0,False,False,False,False
PBF,PBF ENERGY INC CLASS A,Energy,mid,5331223040,5.33,10,1,False,False,False,False,0,0,False,False,False,False
TPH,TRI POINTE HOMES INC,Consumer Discretionary,mid,3980087552,3.98,-5,0,False,False,False,False,0,0,False,False,False,False
MMS,MAXIMUS INC,Industrials,mid,3402740224,3.4,-6,0,False,False,False,False,6,-5,False,False,False,False
CNO,CNO FINANCIAL GROUP INC,Financials,mid,3880470528,3.88,-10,-2,False,False,False,False,-2,0,False,False,False,False
UNF,UNIFIRST CORP,Industrials,mid,4631837184,4.63,-9,-1,False,True,False,False,-1,-10,False,False,False,False
ACLX,ARCELLX INC,Health Care,mid,6711727616,6.71,-5,0,False,False,False,False,-8,0,False,False,False,False
URBN,URBAN OUTFITTERS INC,Consumer Discretionary,mid,5791814144,5.79,1,0,False,False,False,False,-3,0,False,False,False,False
LMND,LEMONADE INC,Financials,mid,4695290368,4.7,-2,0,False,False,False,False,2,-9,False,False,False,False
LTH,LIFE TIME GROUP HOLDINGS INC,Consumer Discretionary,mid,6010742272,6.01,2,0,False,False,False,False,-3,0,False,False,False,False
RUSHA,RUSH ENTERPRISES INC CLASS A,Industrials,mid,5058112512,5.06,-7,0,False,False,False,False,-2,0,False,False,False,False
VISN,VISTANCE NETWORKS INC,Information Technology,mid,4222919424,4.22,-3,0,False,False,False,False,-4,-10,False,False,False,False
IRT,INDEPENDENCE REALTY INC TRUST,Real Estate,mid,3672651008,3.67,-10,-2,False,False,False,False,-1,0,False,False,False,False
FFIN,FIRST FINANCIAL BANKSHARES INC,Financials,mid,4293993728,4.29,-10,-1,False,False,False,False,-3,0,False,False,False,False
DAN,DANA INCORPORATED INC,Consumer Discretionary,mid,3659187456,3.66,-5,0,False,False,False,False,-3,-8,False,False,False,False
GPI,GROUP AUTOMOTIVE INC,Consumer Discretionary,mid,4161157376,4.16,-5,0,False,False,False,False,-3,0,False,False,False,False
KTB,KONTOOR BRANDS INC,Consumer Discretionary,mid,3836515328,3.84,-5,0,False,False,False,False,-2,0,False,False,False,False
CVSA,COVISTA INC,Consumer Discretionary,mid,4283135744,4.28,4,-9,False,False,False,False,-6,0,False,False,False,False
TMDX,TRANSMEDICS GROUP INC,Health Care,mid,3454085376,3.45,-8,0,False,False,False,False,-1,0,False,False,False,False
ACHR,ARCHER AVIATION INC CLASS A,Industrials,mid,4064264448,4.06,-2,0,False,False,False,False,12,0,False,False,False,False
INDV,INDIVIOR PHARMACEUTICALS INC,Health Care,mid,3810737664,3.81,-5,0,False,False,False,False,-1,-10,False,False,False,False
FSLY,FASTLY INC CLASS A,Information Technology,mid,5085300224,5.09,4,0,False,False,False,False,2,3,False,False,False,False
CVCO,CAVCO INDUSTRIES INC,Consumer Discretionary,mid,3745169408,3.75,-5,0,False,False,False,False,-2,-5,False,False,False,False
MIRM,MIRUM PHARMACEUTICALS INC,Health Care,mid,5682370048,5.68,1,0,False,False,False,False,-3,-5,False,False,False,False
IRTC,IRHYTHM HOLDINGS INC,Health Care,mid,3774597632,3.77,-2,0,False,False,False,False,-2,0,False,False,False,False
PTEN,PATTERSON UTI ENERGY INC,Energy,mid,4027292672,4.03,5,0,False,False,False,False,2,0,False,False,False,False
FLG,FLAGSTAR BANK NATIONAL ASSOCIATION,Financials,mid,5607586816,5.61,-9,-1,False,True,False,False,-4,0,False,False,False,False
LRN,STRIDE INC,Consumer Discretionary,mid,3931487488,3.93,-9,-1,False,True,False,False,-5,-7,False,False,False,False
ABG,ASBURY AUTOMOTIVE GROUP INC,Consumer Discretionary,mid,3758034432,3.76,-5,0,False,False,False,False,-2,0,False,False,False,False
CALM,CAL MAINE FOODS INC,Consumer Staples,mid,3721780992,3.72,6,0,False,False,False,False,5,13,False,False,True,False
TDW,TIDEWATER INC,Energy,mid,4183013376,4.18,1,0,False,False,False,False,-4,0,False,False,False,False
BNL,BROADSTONE NET LEASE INC,Real Estate,mid,3721847040,3.72,-9,-1,False,True,False,False,-2,-4,False,False,False,False
SFBS,SERVISFIRST BANCSHARES INC,Financials,mid,3995315200,4.0,-9,-1,False,True,False,False,-2,0,False,False,False,False
PATK,PATRICK INDUSTRIES INC,Consumer Discretionary,mid,3806704384,3.81,1,0,False,False,False,False,-2,0,False,False,False,False
IBOC,INTERNATIONAL BANCSHARES CORP,Financials,mid,4213783808,4.21,-9,-1,False,True,False,False,-4,0,False,False,False,False
CDP,COPT DEFENSE PROPERTIES,Real Estate,mid,3624329472,3.62,-8,0,False,False,False,False,-2,0,False,False,False,False
AZZ,AZZ INC,Industrials,mid,3798614272,3.8,-9,-1,False,True,False,False,-3,-11,False,False,False,False
PSMT,PRICESMART INC,Consumer Staples,mid,4698878464,4.7,-10,0,False,False,False,False,-3,0,False,False,False,False
CBT,CABOT CORP,Materials,mid,3965186304,3.97,2,13,False,False,True,False,-3,0,False,False,False,False
SXT,SENSIENT TECHNOLOGIES CORP,Materials,mid,3928763136,3.93,1,0,False,False,False,False,-3,0,False,False,False,False
INDB,INDEPENDENT BANK CORP,Financials,mid,3761091072,3.76,1,-1,False,False,False,False,-3,-9,False,False,False,False
CELC,CELCUITY INC,Health Care,mid,5444159488,5.44,-8,0,False,False,False,False,-2,-11,False,False,False,False
SKYW,SKYWEST INC,Industrials,mid,3697614592,3.7,-8,0,False,False,False,False,-2,0,False,False,False,False
CGON,CG ONCOLOGY INC,Health Care,mid,5697687552,5.7,2,0,False,False,False,False,-9,0,False,True,False,False
CVLT,COMMVAULT SYSTEMS INC,Information Technology,mid,3524462336,3.52,-8,0,False,False,False,False,-2,0,False,False,False,False
UCB,UNITED COMMUNITY BANKS INC,Financials,mid,3838386944,3.84,-10,0,False,False,False,False,-3,-10,False,False,False,False
QLYS,QUALYS INC,Information Technology,mid,3168440064,3.17,4,0,False,False,False,False,4,0,False,False,False,False
FELE,FRANKLIN ELECTRIC INC,Industrials,mid,4119198208,4.12,-9,-1,False,True,False,False,-2,-5,False,False,False,False
CRNX,CRINETICS PHARMACEUTICALS INC,Health Care,mid,3898179328,3.9,1,0,False,False,False,False,-2,0,False,False,False,False
LEU,CENTRUS ENERGY CORP CLASS A,Energy,mid,3602744832,3.6,-3,0,False,False,False,False,-1,0,False,False,False,False
STNE,STONECO LTD CLASS A,Financials,mid,3472220160,3.47,-2,0,False,False,False,False,-3,0,False,False,False,False
HP,HELMERICH & PAYNE INC,Energy,mid,3538999296,3.54,3,0,False,False,False,False,2,0,False,False,False,False
BGC,BGC GROUP INC CLASS A,Financials,mid,4733134848,4.73,-11,-3,False,False,False,False,-3,0,False,False,False,False
BOX,BOX INC CLASS A,Information Technology,mid,3440332288,3.44,5,-9,False,False,False,False,4,5,False,False,False,False
KAI,KADANT INC,Industrials,mid,3378734080,3.38,-7,0,False,False,False,False,-2,0,False,False,False,False
HRI,HERC HOLDINGS INC,Industrials,mid,3038028544,3.04,-5,0,False,False,False,False,-1,0,False,False,False,False
ADMA,ADMA BIOLOGICS INC,Health Care,mid,2188682752,2.19,-7,0,False,False,False,False,16,0,False,False,False,False
LIVN,LIVANOVA PLC,Health Care,mid,3488667136,3.49,-2,0,False,False,False,False,-2,0,False,False,False,False
GHC,GRAHAM HOLDINGS COMPANY CLASS B,Consumer Discretionary,mid,4627601920,4.63,-8,0,False,False,False,False,-2,-8,False,False,False,False
FULT,FULTON FINANCIAL CORP,Financials,mid,3695617024,3.7,-10,-1,False,False,False,False,-3,-8,False,False,False,False
WSFS,WSFS FINANCIAL CORP,Financials,mid,3625015808,3.63,-10,0,False,False,False,False,-3,0,False,False,False,False
CSTM,CONSTELLIUM SE CLASS A,Materials,mid,3806085120,3.81,-9,-1,False,True,False,False,-3,-9,False,False,False,False
SHAK,SHAKE SHACK INC CLASS A,Consumer Discretionary,mid,3813722112,3.81,-9,-1,False,True,False,False,-2,0,False,False,False,False
ASO,ACADEMY SPORTS AND OUTDOORS INC,Consumer Discretionary,mid,3824172544,3.82,-1,-5,False,False,False,False,-2,0,False,False,False,False
OTTR,OTTER TAIL CORP,Utilities,mid,3716662528,3.72,1,0,False,False,False,False,-2,0,False,False,False,False
KBH,KB HOME,Consumer Discretionary,mid,3183209984,3.18,-5,0,False,False,False,False,-1,0,False,False,False,False
OII,OCEANEERING INTERNATIONAL INC,Energy,mid,3548006912,3.55,3,0,False,False,False,False,-15,-4,False,False,False,False
KLIC,KULICKE AND SOFFA INDUSTRIES INC,Information Technology,mid,3353474048,3.35,-7,0,False,False,False,False,-3,-9,False,False,False,False
BKD,BROOKDALE SENIOR LIVING INC,Health Care,mid,3317607680,3.32,4,0,False,False,False,False,-1,0,False,False,False,False
ENVA,ENOVA INTERNATIONAL INC,Financials,mid,3423412736,3.42,-9,-1,False,True,False,False,-2,0,False,False,False,False
MARA,MARA HOLDINGS INC,Information Technology,mid,3311843584,3.31,-8,0,False,False,False,False,-3,0,False,False,False,False
VSCO,VICTORIA S SECRET,Consumer Discretionary,mid,3701482496,3.7,1,0,False,False,False,False,-2,0,False,False,False,False
TGNA,TEGNA INC,Communication,mid,3243011584,3.24,2,0,False,False,False,False,2,9,False,False,False,False
SRRK,SCHOLAR ROCK HOLDING CORP,Health Care,mid,5745303552,5.75,2,0,False,False,False,False,-3,0,False,False,False,False
EXPO,EXPONENT INC,Industrials,mid,3320493568,3.32,-2,0,False,False,False,False,-1,0,False,False,False,False
AVA,AVISTA CORP,Utilities,mid,3400266496,3.4,2,0,False,False,False,False,-3,0,False,False,False,False
MHO,M I HOMES INC,Consumer Discretionary,mid,3180181760,3.18,-5,0,False,False,False,False,-1,0,False,False,False,False
ZETA,ZETA GLOBAL HOLDINGS CORP CLASS A,Information Technology,mid,3883019264,3.88,-1,0,False,False,False,False,4,0,False,False,False,False
ALHC,ALIGNMENT HEALTHCARE INC,Health Care,mid,3832602368,3.83,2,0,False,False,False,False,-3,0,False,False,False,False
KFY,KORN FERRY,Industrials,mid,3307071744,3.31,3,0,False,False,False,False,-4,0,False,False,False,False
FBP,FIRST BANCORP,Financials,mid,3403724288,3.4,-10,-1,False,False,False,False,-3,0,False,False,False,False
TPC,TUTOR PERINI CORP,Industrials,mid,4080779520,4.08,-9,-1,False,True,False,False,-4,-9,False,False,False,False
WHD,CACTUS INC CLASS A,Energy,mid,3292723456,3.29,-7,0,False,False,False,False,-2,-8,False,False,False,False
MC,MOELIS CLASS A,Financials,mid,4163908096,4.16,-11,-3,False,False,False,False,-3,-4,False,False,False,False
LASR,NLIGHT INC,Information Technology,mid,3354174208,3.35,-7,0,False,False,False,False,-21,-12,False,False,False,False
SIG,SIGNET JEWELERS LTD,Consumer Discretionary,mid,3452075008,3.45,0,0,False,False,False,False,-2,-13,False,False,False,True
STEP,STEPSTONE GROUP INC CLASS A,Financials,mid,5881093120,5.88,-2,0,False,False,False,False,-4,-7,False,False,False,False
GPOR,GULFPORT ENERGY CORP,Energy,mid,3998581760,4.0,10,2,False,False,False,False,1,0,False,False,False,False
BKU,BANKUNITED INC,Financials,mid,3421992704,3.42,-9,-1,False,True,False,False,-3,-10,False,False,False,False
RNST,RENASANT CORP,Financials,mid,3486089472,3.49,-10,-2,False,False,False,False,-3,0,False,False,False,False
NATL,NCR ATLEOS CORP,Financials,mid,3229610752,3.23,1,0,False,False,False,False,-2,0,False,False,False,False
WK,WORKIVA INC CLASS A,Information Technology,mid,3410078464,3.41,6,-8,False,False,False,False,14,5,False,False,False,False
WSBC,WESBANCO INC,Financials,mid,3335074560,3.34,1,-1,False,False,False,False,-3,0,False,False,False,False
STNG,SCORPIO TANKERS INC,Energy,mid,3956230144,3.96,1,8,False,False,False,False,-2,0,False,False,False,False
PLMR,PALOMAR HOLDINGS INC,Financials,mid,3205438208,3.21,-8,0,False,False,False,False,-2,0,False,False,False,False
GNW,GENWORTH FINANCIAL INC,Financials,mid,3350803200,3.35,2,7,False,False,False,False,-2,0,False,False,False,False
QTWO,Q2 HOLDINGS INC,Information Technology,mid,2979184896,2.98,0,0,False,False,False,False,0,0,False,False,False,False
CALX,CALIX NETWORKS INC,Information Technology,mid,3040259072,3.04,3,0,False,False,False,False,7,0,False,False,False,False
CATY,CATHAY GENERAL BANCORP,Financials,mid,3442652672,3.44,-10,-1,False,False,False,False,-3,0,False,False,False,False
SPHR,SPHERE ENTERTAINMENT CLASS A,Communication,mid,4516579840,4.52,-10,-1,False,False,False,False,-3,-13,False,False,False,True
DIOD,DIODES INC,Information Technology,mid,3181106176,3.18,-8,0,False,False,False,False,-3,-5,False,False,False,False
SXI,STANDEX INTERNATIONAL CORP,Industrials,mid,3122997760,3.12,1,0,False,False,False,False,-3,0,False,False,False,False
PRM,PERIMETER SOLUTIONS INC,Materials,mid,3824171264,3.82,-3,0,False,False,False,False,-3,0,False,False,False,False
ICUI,ICU MEDICAL INC,Health Care,mid,3044557824,3.04,-4,0,False,False,False,False,0,0,False,False,False,False
AVNT,AVIENT CORP,Materials,mid,3216263168,3.22,-5,0,False,False,False,False,-2,-8,False,False,False,False
PJT,PJT PARTNERS INC CLASS A,Financials,mid,5563118592,5.56,-19,-9,False,False,False,False,-2,0,False,False,False,False
BXMT,BLACKSTONE MORTGAGE TRUST REIT CLA,Financials,mid,3152037888,3.15,-5,0,False,False,False,False,-2,-8,False,False,False,False
PBH,PRESTIGE CONSUMER HEALTHCARE INC,Health Care,mid,2523448832,2.52,-4,0,False,False,False,False,6,-5,False,False,False,False
VCTR,VICTORY CAPITAL HOLDINGS CLASS A I,Financials,mid,4030643712,4.03,-5,0,False,False,False,False,-2,-6,False,False,False,False
CPK,CHESAPEAKE UTILITIES CORP,Utilities,mid,3105647616,3.11,2,0,False,False,False,False,-2,0,False,False,False,False
AAP,ADVANCE AUTO PARTS INC,Consumer Discretionary,mid,3114983168,3.11,0,0,False,False,False,False,-3,0,False,False,False,False
SYRE,SPYRE THERAPEUTICS INC,Health Care,mid,3736941056,3.74,-14,-5,False,False,False,False,-4,-13,False,False,False,True
WDFC,WD-40,Consumer Staples,mid,2789169152,2.79,2,11,False,False,False,False,7,0,False,False,False,False
GSAT,GLOBALSTAR VOTING INC,Communication,mid,9992529920,9.99,-1,0,False,False,False,False,-4,0,False,False,False,False
NMIH,NMI HOLDINGS INC,Financials,mid,2858910208,2.86,1,0,False,False,False,False,-2,-6,False,False,False,False
CRGY,CRESCENT ENERGY CLASS A,Energy,mid,4406979584,4.41,4,0,False,False,False,False,1,0,False,False,False,False
CBU,COMMUNITY FINANCIAL SYSTEM INC,Financials,mid,3133910528,3.13,-11,0,False,False,False,False,-3,0,False,False,False,False
CENX,CENTURY ALUMINUM,Materials,mid,6192806400,6.19,1,0,False,False,False,False,-3,-9,False,False,False,False
MTRN,MATERION CORP,Materials,mid,3101895424,3.1,-9,-1,False,True,False,False,-3,-7,False,False,False,False
ITGR,INTEGER HOLDINGS CORP,Health Care,mid,3043087104,3.04,0,0,False,False,False,False,-3,-8,False,False,False,False
FIBK,FIRST INTERSTATE BANCSYSTEM INC,Financials,mid,3385440768,3.39,-5,0,False,False,False,False,-2,-7,False,False,False,False
SEI,SOLARIS OILFIELD INFRASTRUCTURE IN,Energy,mid,5197446656,5.2,-5,0,False,False,False,False,-5,-12,False,False,False,False
LCII,LCI INDUSTRIES,Consumer Discretionary,mid,2979705088,2.98,-5,0,False,False,False,False,-2,-11,False,False,False,False
LXP,LXP INDUSTRIAL TRUST,Real Estate,mid,2727222528,2.73,-8,0,False,False,False,False,-2,0,False,False,False,False
RUN,SUNRUN INC,Industrials,mid,3165647360,3.17,2,0,False,False,False,False,-3,0,False,False,False,False
HAE,HAEMONETICS CORP,Health Care,mid,2660193792,2.66,-1,-13,False,False,False,True,-1,0,False,False,False,False
CC,CHEMOURS,Materials,mid,3234897664,3.23,-4,0,False,False,False,False,-5,0,False,False,False,False
VRNS,VARONIS SYSTEMS INC,Information Technology,mid,2656226560,2.66,4,-10,False,False,False,False,4,0,False,False,False,False
OPLN,OPENLANE INC,Industrials,mid,3148524032,3.15,-2,0,False,False,False,False,-3,0,False,False,False,False
RRR,RED ROCK RESORTS ORS CLASS A INC,Consumer Discretionary,mid,5659592704,5.66,-8,0,False,False,False,False,-1,0,False,False,False,False
FUL,HB FULLER,Materials,mid,3297026304,3.3,-5,10,False,False,False,False,-3,0,False,False,False,False
SYNA,SYNAPTICS INC,Information Technology,mid,2891113984,2.89,-2,0,False,False,False,False,-1,0,False,False,False,False
CARG,CARGURUS INC CLASS A,Communication,mid,3181455616,3.18,-1,-4,False,False,False,False,-2,0,False,False,False,False
PARR,PAR PACIFIC HOLDINGS INC,Energy,mid,3210157824,3.21,-2,-10,False,False,False,False,-13,0,False,False,False,False
AWR,AMERICAN STATES WATER,Utilities,mid,3032408832,3.03,2,0,False,False,False,False,-4,0,False,False,False,False
INSW,INTERNATIONAL SEAWAYS INC,Energy,mid,3725848064,3.73,1,0,False,False,False,False,-3,0,False,False,False,False
MZTI,MARZETTI,Consumer Staples,mid,3893116928,3.89,3,0,False,False,False,False,6,0,False,False,False,False
DORM,DORMAN PRODUCTS INC,Consumer Discretionary,mid,3083770880,3.08,-5,0,False,False,False,False,-2,0,False,False,False,False
SDRL,SEADRILL LTD,Energy,mid,2849568256,2.85,2,0,False,False,False,False,-4,-10,False,False,False,False
SOUN,SOUNDHOUND AI INC CLASS A,Information Technology,mid,2866680320,2.87,-2,0,False,False,False,False,-1,0,False,False,False,False
BOH,BANK OF HAWAII CORP,Financials,mid,2971071744,2.97,-10,-1,False,False,False,False,-2,-9,False,False,False,False
SLG,SL GREEN REALTY REIT CORP,Real Estate,mid,2737281280,2.74,-10,-2,False,False,False,False,-2,0,False,False,False,False
CNK,CINEMARK HOLDINGS INC,Communication,mid,3434995456,3.43,-10,-1,False,False,False,False,-3,-4,False,False,False,False
PII,POLARIS INC,Consumer Discretionary,mid,3063563776,3.06,-5,0,False,False,False,False,-2,0,False,False,False,False
KMT,KENNAMETAL INC,Industrials,mid,2742394624,2.74,-7,0,False,False,False,False,-2,-13,False,False,False,True
AEO,AMERICAN EAGLE OUTFITTERS INC,Consumer Discretionary,mid,2854582016,2.85,1,0,False,False,False,False,-2,-5,False,False,False,False
CLSK,CLEANSPARK INC,Information Technology,mid,2248068096,2.25,-8,0,False,False,False,False,-2,0,False,False,False,False
GTX,GARRETT MOTION INC,Consumer Discretionary,mid,3580422912,3.58,-5,13,False,False,True,False,-2,-6,False,False,False,False
GFF,GRIFFON CORP,Industrials,mid,3326684416,3.33,-5,0,False,False,False,False,-2,-6,False,False,False,False
BCC,BOISE CASCADE,Industrials,mid,2624681216,2.62,-5,0,False,False,False,False,-2,0,False,False,False,False
DBRG,DIGITALBRIDGE GROUP INC CLASS A,Financials,mid,3017827584,3.02,0,-1,False,False,False,False,-3,-7,False,False,False,False
WAY,WAYSTAR HOLDING CORP,Health Care,mid,4550521344,4.55,6,0,False,False,False,False,5,0,False,False,False,False
DK,DELEK US HOLDINGS INC,Energy,mid,2692574976,2.69,9,1,True,False,False,False,1,0,False,False,False,False
APLE,APPLE HOSPITALITY REIT INC,Real Estate,mid,2727717632,2.73,-8,0,False,False,False,False,-2,-8,False,False,False,False
HWKN,HAWKINS INC,Materials,mid,3167293952,3.17,-2,0,False,False,False,False,-4,0,False,False,False,False
OSCR,OSCAR HEALTH INC CLASS A,Financials,mid,3549156096,3.55,-8,0,False,False,False,False,-2,-13,False,False,False,True
ACLS,AXCELIS TECHNOLOGIES INC,Information Technology,mid,2921052160,2.92,-7,0,False,False,False,False,-5,0,False,False,False,False
IDYA,IDEAYA BIOSCIENCES INC,Health Care,mid,2875031296,2.88,-2,-8,False,False,False,False,4,0,False,False,False,False
UE,URBAN EDGE PROPERTIES,Real Estate,mid,2849896448,2.85,-8,0,False,False,False,False,-3,0,False,False,False,False
PI,IMPINJ INC,Information Technology,mid,3036772864,3.04,-2,0,False,False,False,False,-3,0,False,False,False,False
TARS,TARSUS PHARMACEUTICALS INC,Health Care,mid,2984131328,2.98,-5,0,False,False,False,False,-2,0,False,False,False,False
AKR,ACADIA REALTY TRUST REIT,Real Estate,mid,2751985152,2.75,-10,-2,False,False,False,False,-2,0,False,False,False,False
TWST,TWIST BIOSCIENCE CORP,Health Care,mid,3078460672,3.08,-2,0,False,False,False,False,-3,-6,False,False,False,False
CON,CONCENTRA GROUP HOLDINGS PARENT IN,Health Care,mid,2687179776,2.69,-5,0,False,False,False,False,-1,0,False,False,False,False
COCO,THE VITA COCO COMPANY INC,Consumer Staples,mid,2753644032,2.75,-1,5,False,False,False,False,5,0,False,False,False,False
SUPN,SUPERNUS PHARMACEUTICALS INC,Health Care,mid,2906724864,2.91,2,12,False,False,False,False,-2,0,False,False,False,False
DNLI,DENALI THERAPEUTICS INC,Health Care,mid,3274914048,3.27,-2,0,False,False,False,False,2,0,False,False,False,False
NOG,NORTHERN OIL AND GAS INC,Energy,mid,2956358144,2.96,4,0,False,False,False,False,3,0,False,False,False,False
MGEE,MGE ENERGY INC,Utilities,mid,2881600768,2.88,-16,0,False,False,False,False,-2,0,False,False,False,False
UCTT,ULTRA CLEAN HOLDINGS INC,Information Technology,mid,2873150976,2.87,-9,-1,False,True,False,False,-3,-9,False,False,False,False
JOE,ST JOE,Real Estate,mid,3762056448,3.76,-11,-1,False,False,False,False,0,0,False,False,False,False
CPRX,CATALYST PHARMACEUTICALS INC,Health Care,mid,3034706944,3.03,-2,-5,False,False,False,False,-4,0,False,False,False,False
SFNC,SIMMONS FIRST NATIONAL CORP CLASS,Financials,mid,2827820288,2.83,-10,-1,False,False,False,False,-3,0,False,False,False,False
FCPT,FOUR CORNERS PROPERTY INC TRUST,Real Estate,mid,2606444800,2.61,-6,0,False,False,False,False,-1,0,False,False,False,False
RELY,REMITLY GLOBAL INC,Financials,mid,3374683392,3.37,-8,0,False,False,False,False,-2,0,False,False,False,False
CAKE,CHEESECAKE FACTORY INC,Consumer Discretionary,mid,2753717504,2.75,-8,0,False,False,False,False,-2,-6,False,False,False,False
VCYT,VERACYTE INC,Health Care,mid,2562534144,2.56,-2,0,False,False,False,False,-1,0,False,False,False,False
PLUG,PLUG POWER INC,Industrials,mid,3359431936,3.36,-8,0,False,False,False,False,-7,0,False,False,False,False
FFBC,FIRST FINANCIAL BANCORP,Financials,mid,2936777472,2.94,-10,0,False,False,False,False,-3,0,False,False,False,False
NG,NOVAGOLD RESOURCES INC,Materials,mid,3981091584,3.98,-4,0,False,False,False,False,-1,0,False,False,False,False
GOLF,ACUSHNET HOLDINGS CORP,Consumer Discretionary,mid,5507125248,5.51,1,0,False,False,False,False,-2,0,False,False,False,False
POWI,POWER INTEGRATIONS INC,Information Technology,mid,2906744320,2.91,-9,0,False,True,False,False,-6,-10,False,False,False,False
CWT,CALIFORNIA WATER SERVICE GROUP,Utilities,mid,2758481408,2.76,2,0,False,False,False,False,-3,0,False,False,False,False
NIC,NICOLET BANKSHARES INC,Financials,mid,3181524224,3.18,-9,-1,False,True,False,False,-3,0,False,False,False,False
APGE,APOGEE THERAPEUTICS INC,Health Care,mid,6291566080,6.29,-4,0,False,False,False,False,-4,0,False,False,False,False
MGRC,MCGRATH RENT,Industrials,mid,2646491392,2.65,-6,-10,False,False,False,False,-2,-6,False,False,False,False
IVT,INVENTRUST PROPERTIES CORP,Real Estate,mid,2387697664,2.39,-11,0,False,False,False,False,-2,-4,False,False,False,False
CURB,CURBLINE PROPERTIES,Real Estate,mid,2764050176,2.76,1,0,False,False,False,False,-2,-4,False,False,False,False
SBCF,SEACOAST BANKING OF FLORIDA,Financials,mid,2984802560,2.98,-10,0,False,False,False,False,-3,0,False,False,False,False
HE,HAWAIIAN ELECTRIC INDUSTRIES INC,Utilities,mid,2641093376,2.64,1,0,False,False,False,False,-3,0,False,False,False,False
ADEA,ADEIA INC,Information Technology,mid,2775342336,2.78,-9,-1,False,True,False,False,-8,0,False,False,False,False
PFSI,PENNYMAC FINANCIAL SERVICES INC,Financials,mid,4700315648,4.7,-11,-2,False,False,False,False,-3,0,False,False,False,False
ACAD,ACADIA PHARMACEUTICALS INC,Health Care,mid,3784980480,3.78,3,0,False,False,False,False,-3,4,False,False,False,False
IBRX,IMMUNITYBIO INC,Health Care,mid,7538842112,7.54,-4,0,False,False,False,False,5,-1,False,False,False,False
PRVA,PRIVIA HEALTH GROUP INC,Health Care,mid,2623428352,2.62,-10,-2,False,False,False,False,-2,0,False,False,False,False
HGV,HILTON GRAND VACATIONS INC,Consumer Discretionary,mid,3296857600,3.3,-9,-1,False,True,False,False,-2,-6,False,False,False,False
TENB,TENABLE HOLDINGS INC,Information Technology,mid,2098072192,2.1,4,0,False,False,False,False,9,0,True,False,False,False
ARQT,ARCUTIS BIOTHERAPEUTICS INC,Health Care,mid,2930908672,2.93,-5,0,False,False,False,False,-2,0,False,False,False,False
CVBF,CVB FINANCIAL CORP,Financials,mid,2669833984,2.67,-10,0,False,False,False,False,-3,0,False,False,False,False
PFS,PROVIDENT FINANCIAL SERVICES INC,Financials,mid,2783830784,2.78,-10,-1,False,False,False,False,-3,0,False,False,False,False
TRN,TRINITY INDUSTRIES INC,Industrials,mid,2643551744,2.64,-5,-6,False,False,False,False,-3,0,False,False,False,False
BEAM,BEAM THERAPEUTICS INC,Health Care,mid,2511774976,2.51,-10,-2,False,False,False,False,-2,-7,False,False,False,False
PHIN,PHINIA INC,Consumer Discretionary,mid,2637936640,2.64,1,0,False,False,False,False,-3,-8,False,False,False,False
PPTA,PERPETUA RESOURCES CORP,Materials,mid,3664035072,3.66,-13,-5,False,False,False,False,-2,0,False,False,False,False
NGVT,INGEVITY CORP,Materials,mid,2508899840,2.51,-5,0,False,False,False,False,-3,-6,False,False,False,False
MCY,MERCURY GENERAL CORP,Financials,mid,4885830656,4.89,-8,0,False,False,False,False,-2,-6,False,False,False,False
WAFD,WAFD INC,Financials,mid,2431391232,2.43,1,0,False,False,False,False,-3,0,False,False,False,False
CTRI,CENTURI HOLDINGS INC,Industrials,mid,3007354624,3.01,-9,-1,False,True,False,False,-3,0,False,False,False,False
TOWN,TOWNEBANK,Financials,mid,3128178176,3.13,-11,0,False,False,False,False,-3,0,False,False,False,False
BBT,BEACON FINANCIAL CORP,Financials,mid,2538243072,2.54,-10,0,False,False,False,False,-3,0,False,False,False,False
DHT,DHT HOLDINGS INC,Energy,mid,3005036800,3.01,4,0,False,False,False,False,1,0,False,False,False,False
VRRM,VERRA MOBILITY CORP CLASS A,Industrials,mid,2316875776,2.32,-2,0,False,False,False,False,-1,0,False,False,False,False
WRBY,WARBY PARKER INC CLASS A,Consumer Discretionary,mid,2484465408,2.48,-2,0,False,False,False,False,-1,-4,False,False,False,False
LQDA,LIQUIDIA CORP,Health Care,mid,3320151808,3.32,-5,-12,False,False,False,False,-5,-13,False,False,False,True
UNFI,UNITED NATURAL FOODS INC,Consumer Staples,mid,2732182528,2.73,-5,0,False,False,False,False,-6,0,False,False,False,False
ACMR,ACM RESEARCH CLASS A INC,Information Technology,mid,2664596736,2.66,-8,0,False,False,False,False,-2,-6,False,False,False,False
SHOO,STEVEN MADDEN LTD,Consumer Discretionary,mid,2478272512,2.48,-9,-1,False,True,False,False,-3,0,False,False,False,False
ERAS,ERASCA INC,Health Care,mid,5535340032,5.54,-1,-7,False,False,False,False,-23,-13,False,False,False,True
VC,VISTEON CORP,Consumer Discretionary,mid,2493387776,2.49,1,0,False,False,False,False,-3,0,False,False,False,False
ABM,ABM INDUSTRIES INC,Industrials,mid,2268929024,2.27,-9,-1,False,True,False,False,-2,0,False,False,False,False
ANDE,ANDERSONS INC,Consumer Staples,mid,2499864320,2.5,1,0,False,False,False,False,-6,0,False,False,False,False
LMAT,LEMAITRE VASCULAR INC,Health Care,mid,2471224576,2.47,-8,0,False,False,False,False,-3,0,False,False,False,False
APAM,ARTISAN PARTNERS ASSET MANAGEMENT,Financials,mid,2579309568,2.58,-5,0,False,False,False,False,-2,0,False,False,False,False
AMR,ALPHA METALLURGICAL RESOURCE INC,Materials,mid,2691312896,2.69,4,0,False,False,False,False,1,0,False,False,False,False
TRMK,TRUSTMARK CORP,Financials,mid,2507353344,2.51,-11,0,False,False,False,False,-3,0,False,False,False,False
SPSC,SPS COMMERCE INC,Information Technology,mid,2114726144,2.11,5,0,False,False,False,False,4,0,False,False,False,False
FRME,FIRST MERCHANTS CORP,Financials,mid,2499576064,2.5,-11,0,False,False,False,False,-3,0,False,False,False,False
CSGS,CSG SYSTEMS INTERNATIONAL INC,Industrials,mid,2283066880,2.28,-2,-8,False,False,False,False,-6,-6,False,False,False,False
GEO,GEO GROUP INC,Industrials,mid,2474941440,2.47,-2,-9,False,False,False,False,-6,9,False,False,False,False
MSGE,MADISON SQUARE GARDEN ENTERTAINMEN,Communication,mid,2852458752,2.85,-10,-1,False,False,False,False,-3,-11,False,False,False,False
HNI,HNI CORP,Industrials,mid,2337609984,2.34,-5,0,False,False,False,False,-1,-6,False,False,False,False
DYN,DYNE THERAPEUTICS INC,Health Care,mid,3109111040,3.11,-8,0,False,False,False,False,-6,0,False,False,False,False
PRK,PARK NATIONAL CORP,Financials,mid,2974270208,2.97,1,0,False,False,False,False,-3,0,False,False,False,False
PRDO,PERDOCEO EDUCATION CORP,Consumer Discretionary,mid,2414022400,2.41,6,0,False,False,False,False,-1,0,False,False,False,False
TVTX,TRAVERE THERAPEUTICS INC,Health Care,mid,2807832832,2.81,-1,0,False,False,False,False,-3,0,False,False,False,False
VRDN,VIRIDIAN THERAPEUTICS ORS INC,Health Care,small,1925571712,1.93,-3,0,False,False,False,False,5,0,False,False,False,False
CHEF,CHEFS WAREHOUSE INC,Consumer Staples,mid,2348383488,2.35,-5,0,False,False,False,False,-1,0,False,False,False,False
UPST,UPSTART HOLDINGS INC,Financials,mid,2508407552,2.51,-9,-1,False,True,False,False,-2,0,False,False,False,False
AMBA,AMBARELLA INC,Information Technology,mid,2213090048,2.21,-5,0,False,False,False,False,-2,0,False,False,False,False
NTCT,NETSCOUT SYSTEMS INC,Information Technology,mid,2330550784,2.33,3,0,False,False,False,False,-12,-4,False,False,False,False
ALRM,ALARM.COM HOLDINGS INC,Information Technology,mid,2178245632,2.18,4,0,False,False,False,False,5,0,False,False,False,False
DNTH,DIANTHUS THERAPEUTICS INC,Health Care,mid,4553019392,4.55,-13,-4,False,False,False,False,-8,0,False,False,False,False
NSIT,INSIGHT ENTERPRISES INC,Information Technology,mid,2078315520,2.08,-2,0,False,False,False,False,-1,0,False,False,False,False
EYE,NATIONAL VISION HOLDINGS INC,Consumer Discretionary,small,1881866880,1.88,1,0,False,False,False,False,7,0,False,False,False,False
NMRK,NEWMARK GROUP INC CLASS A,Real Estate,mid,3747023872,3.75,-5,0,False,False,False,False,-3,0,False,False,False,False
RXO,RXO INC,Industrials,mid,2460785408,2.46,1,-2,False,False,False,False,-3,0,False,False,False,False
BELFB,BEL FUSE INC CLASS B,Information Technology,mid,2590114304,2.59,-8,0,False,False,False,False,-3,-10,False,False,False,False
DNOW,DNOW INC,Industrials,mid,2251061504,2.25,1,0,False,False,False,False,-4,13,False,False,True,False
NWN,NORTHWEST NATURAL HOLDING COMPANY,Utilities,mid,2271879936,2.27,2,0,False,False,False,False,-3,0,False,False,False,False
BANC,BANC OF CALIFORNIA INC,Financials,mid,2723417088,2.72,-10,-1,False,False,False,False,-3,-8,False,False,False,False
BCRX,BIOCRYST PHARMACEUTICALS INC,Health Care,mid,2262221824,2.26,2,0,False,False,False,False,1,-2,False,False,False,False
CXW,CORECIVIC REIT INC,Industrials,mid,2145031296,2.15,4,0,False,False,False,False,-5,0,False,False,False,False
DAVE,DAVE INC CLASS A,Financials,mid,2289932544,2.29,-5,-12,False,False,False,False,-1,0,False,False,False,False
HURN,HURON CONSULTING GROUP INC,Industrials,mid,2160774400,2.16,4,0,False,False,False,False,5,0,False,False,False,False
BANF,BANCFIRST CORP,Financials,mid,3658763776,3.66,-10,-1,False,False,False,False,-3,0,False,False,False,False
NTB,BANK OF NT BUTTERFIELD & SON LTD,Financials,mid,2203026944,2.2,-11,0,False,False,False,False,-4,-11,False,False,False,False
FBNC,FIRST BANCORP,Financials,mid,2317334528,2.32,-5,-4,False,False,False,False,-3,-6,False,False,False,False
ATRO,ASTRONICS CORP,Industrials,mid,2492671488,2.49,-9,-1,False,True,False,False,-2,-10,False,False,False,False
VSH,VISHAY INTERTECHNOLOGY INC,Information Technology,mid,2523056896,2.52,-9,-1,False,True,False,False,-3,-6,False,False,False,False
CPRI,CAPRI HOLDINGS LTD,Consumer Discretionary,mid,2140146944,2.14,-9,0,False,True,False,False,-3,0,False,False,False,False
OSW,ONESPAWORLD HOLDINGS LTD,Consumer Discretionary,mid,2393841920,2.39,-9,-1,False,True,False,False,-4,0,False,False,False,False
MTX,MINERALS TECHNOLOGIES INC,Materials,mid,2157607680,2.16,-5,0,False,False,False,False,-3,-7,False,False,False,False
VERA,VERA THERAPEUTICS INC CLASS A,Health Care,mid,2915592448,2.92,-4,0,False,False,False,False,-3,0,False,False,False,False
HLIO,HELIOS TECHNOLOGIES INC,Industrials,mid,2228553728,2.23,-9,-1,False,True,False,False,-3,-7,False,False,False,False
FBK,FB FINANCIAL CORP,Financials,mid,2855431168,2.86,1,0,False,False,False,False,-3,-13,False,False,False,True
KN,KNOWLES CORP,Information Technology,mid,2212652544,2.21,-9,-1,False,True,False,False,-3,0,False,False,False,False
TBBK,BANCORP INC,Financials,mid,2444016128,2.44,-10,-2,False,False,False,False,-3,0,False,False,False,False
CUBI,CUSTOMERS BANCORP INC,Financials,mid,2408879360,2.41,-10,-1,False,False,False,False,-4,0,False,False,False,False
NBTB,NBT BANCORP INC,Financials,mid,2252620288,2.25,-11,-2,False,False,False,False,-3,0,False,False,False,False
AMPX,AMPRIUS TECHNOLOGIES INC,Industrials,mid,2192304128,2.19,-2,0,False,False,False,False,3,0,False,False,False,False
BUSE,FIRST BUSEY CORP,Financials,mid,2208284928,2.21,-10,-1,False,False,False,False,-3,0,False,False,False,False
CASH,PATHWARD FINANCIAL INC,Financials,mid,2010510592,2.01,-10,-2,False,False,False,False,-3,0,False,False,False,False
HUBG,HUB GROUP INC CLASS A,Industrials,mid,2234514688,2.23,-9,-1,False,True,False,False,-2,0,False,False,False,False
BL,BLACKLINE INC,Information Technology,mid,2161490176,2.16,7,0,False,False,False,False,3,5,False,False,False,False
KNTK,KINETIK HOLDINGS INC CLASS A,Energy,mid,3013803776,3.01,-3,0,False,False,False,False,-15,-5,False,False,False,False
PLAB,PHOTRONICS INC,Information Technology,mid,2408776960,2.41,-5,-8,False,False,False,False,-4,0,False,False,False,False
SNDX,SYNDAX PHARMACEUTICALS INC,Health Care,mid,2218244864,2.22,2,0,False,False,False,False,-8,0,False,False,False,False
EWTX,EDGEWISE THERAPEUTICS INC,Health Care,mid,3575326720,3.58,-2,0,False,False,False,False,-4,0,False,False,False,False
MRX,MAREX GROUP PLC,Financials,mid,3149312000,3.15,-15,-7,False,False,False,False,-3,-11,False,False,False,False
NHC,NATIONAL HEALTHCARE CORP,Health Care,mid,2529348096,2.53,1,0,False,False,False,False,-2,0,False,False,False,False
PLUS,EPLUS,Information Technology,mid,2041345536,2.04,-8,0,False,False,False,False,-2,0,False,False,False,False
CLMT,CALUMET INC,Energy,mid,3042385920,3.04,6,0,False,False,False,False,-4,0,False,False,False,False
ARCB,ARCBEST CORP,Industrials,mid,2262582784,2.26,-10,-1,False,False,False,False,-3,-6,False,False,False,False
TNGX,TANGO THERAPEUTICS INC,Health Care,mid,3086359552,3.09,-2,0,False,False,False,False,-7,0,False,False,False,False
DRH,DIAMONDROCK HOSPITALITY,Real Estate,small,1937313152,1.94,-8,0,False,False,False,False,-2,-8,False,False,False,False
ADPT,ADAPTIVE BIOTECHNOLOGIES CORP,Health Care,mid,2280467200,2.28,1,0,False,False,False,False,-1,1,False,False,False,False
EXTR,EXTREME NETWORKS INC,Information Technology,mid,2062380032,2.06,-8,0,False,False,False,False,-6,0,False,False,False,False
LUNR,INTUITIVE MACHINES INC CLASS A,Industrials,mid,3823347712,3.82,-3,0,False,False,False,False,-7,0,False,False,False,False
BANR,BANNER CORP,Financials,mid,2100427904,2.1,-16,-7,False,False,False,False,-4,0,False,False,False,False
VAC,MARRIOTT VACATIONS WORLDWIDE CORP,Consumer Discretionary,mid,2311934976,2.31,-4,0,False,False,False,False,1,0,False,False,False,False
GRBK,GREEN BRICK PARTNERS INC,Consumer Discretionary,mid,2846979328,2.85,1,0,False,False,False,False,-2,0,False,False,False,False
BHE,BENCHMARK ELECTRONICS INC,Information Technology,mid,2018357376,2.02,-9,-1,False,True,False,False,-3,-13,False,False,False,True
LION,LIONSGATE STUDIOS CORP,Communication,mid,2794503168,2.79,-9,-1,False,True,False,False,-2,-9,False,False,False,False
NEOG,NEOGEN CORP,Health Care,mid,2046919424,2.05,3,0,False,False,False,False,-2,-7,False,False,False,False
IMNM,IMMUNOME INC,Health Care,mid,2470829056,2.47,-4,0,False,False,False,False,-3,-12,False,False,False,False
EFSC,ENTERPRISE FINANCIAL SERVICES CORP,Financials,mid,2025237120,2.03,-9,-1,False,True,False,False,-3,0,False,False,False,False
GNL,GLOBAL NET LEASE INC,Real Estate,mid,2062972672,2.06,-11,-3,False,False,False,False,-3,-10,False,False,False,False
TXG,10X GENOMICS INC CLASS A,Health Care,mid,2852707840,2.85,-10,-2,False,False,False,False,-3,0,False,False,False,False
EPAC,ENERPAC TOOL GROUP CORP CLASS A,Industrials,small,1870392192,1.87,-4,0,False,False,False,False,-2,0,False,False,False,False
BATRK,ATLANTA BRAVES HOLDINGS INC SERIES,Communication,mid,2805224448,2.81,-10,-2,False,False,False,False,-3,0,False,False,False,False
LGN,LEGENCE CORP CLASS A,Industrials,mid,6636086272,6.64,-4,-5,False,False,False,False,0,0,False,False,False,False
DX,DYNEX CAPITAL REIT INC,Financials,mid,2599524608,2.6,-5,0,False,False,False,False,-2,-12,False,False,False,False
EVTC,EVERTEC INC,Financials,small,1796026368,1.8,-2,0,False,False,False,False,-1,0,False,False,False,False
STRA,STRATEGIC EDUCATION INC,Consumer Discretionary,small,1902079232,1.9,4,0,False,False,False,False,1,0,False,False,False,False
HTO,H2O AMERICA,Utilities,mid,2475195392,2.48,2,0,False,False,False,False,-21,0,False,False,False,False
AMRX,AMNEAL PHARMACEUTICALS INC CLASS A,Health Care,mid,3981107456,3.98,-4,0,False,False,False,False,-2,-13,False,False,False,True
RSI,RUSH STREET INTERACTIVE INC CLASS,Consumer Discretionary,mid,5279554048,5.28,-1,0,False,False,False,False,-9,0,False,True,False,False
ARR,ARMOUR RESIDENTIAL REIT INC,Financials,mid,2104234240,2.1,-11,-3,False,False,False,False,-2,-12,False,False,False,False
TALO,TALOS ENERGY INC,Energy,mid,2660324096,2.66,5,0,False,False,False,False,1,0,False,False,False,False
ATKR,ATKORE INC,Industrials,mid,2075991040,2.08,-8,0,False,False,False,False,-3,-13,False,False,False,True
CLDX,CELLDEX THERAPEUTICS INC,Health Care,mid,2067550592,2.07,-5,0,False,False,False,False,0,0,False,False,False,False
KALU,KAISER ALUMINIUM CORP,Materials,mid,2133618432,2.13,-14,0,False,False,False,False,-3,-6,False,False,False,False
ADUS,ADDUS HOMECARE CORP,Health Care,small,1707568768,1.71,-2,0,False,False,False,False,7,0,False,False,False,False
VECO,VEECO INSTRUMENTS INC,Information Technology,mid,2075071232,2.08,-7,0,False,False,False,False,-5,0,False,False,False,False
GTY,GETTY REALTY REIT CORP,Real Estate,small,1943439232,1.94,-13,0,False,False,False,False,-2,-5,False,False,False,False
ROG,ROGERS CORP,Information Technology,small,1881648256,1.88,-6,0,False,False,False,False,-4,-8,False,False,False,False
DGII,DIGI INTERNATIONAL INC,Information Technology,small,1879053568,1.88,-9,-1,False,True,False,False,-3,-11,False,False,False,False
CALY,CALLAWAY GOLF COMPANY,Consumer Discretionary,mid,2553387520,2.55,3,0,False,False,False,False,-3,0,False,False,False,False
DBD,DIEBOLD NIXDORF INC,Information Technology,mid,2773248512,2.77,-9,-1,False,True,False,False,-2,-11,False,False,False,False
STC,STEWART INFO SERVICES CORP,Financials,small,1846940672,1.85,-11,-2,False,False,False,False,-2,0,False,False,False,False
RAMP,LIVERAMP HOLDINGS INC,Information Technology,small,1728702592,1.73,5,0,False,False,False,False,4,0,False,False,False,False
MGNI,MAGNITE INC,Communication,small,1716492416,1.72,-2,0,False,False,False,False,-2,0,False,False,False,False
GT,GOODYEAR TIRE & RUBBER,Consumer Discretionary,small,1905339776,1.91,1,0,False,False,False,False,-2,-10,False,False,False,False
WT,WISDOMTREE INC,Financials,mid,2046361344,2.05,-8,0,False,False,False,False,-2,-7,False,False,False,False
LTC,LTC PROPERTIES REIT INC,Real Estate,small,1863259904,1.86,-9,0,False,True,False,False,-3,-3,False,False,False,False
CNS,COHEN & STEERS INC,Financials,mid,3220342272,3.22,-2,0,False,False,False,False,-2,0,False,False,False,False
SEM,SELECT MEDICAL HOLDINGS CORP,Health Care,mid,2027699328,2.03,-2,0,False,False,False,False,-5,0,False,False,False,False
FCF,FIRST COMMONWEALTH FINANCIAL CORP,Financials,small,1827445760,1.83,-17,-8,False,False,False,False,-3,-8,False,False,False,False
PAGS,PAGSEGURO DIGITAL LTD CLASS A,Financials,mid,2890230016,2.89,-9,-1,False,True,False,False,-3,0,False,False,False,False
XMTR,XOMETRY INC CLASS A,Industrials,mid,2194764288,2.19,1,0,False,False,False,False,-2,0,False,False,False,False
AGYS,AGILYSYS INC,Information Technology,small,1998215296,2.0,7,0,False,False,False,False,21,11,False,False,False,False
NWBI,NORTHWEST BANCSHARES INC,Financials,small,1889583360,1.89,1,0,False,False,False,False,-3,0,False,False,False,False
RCUS,ARCUS BIOSCIENCES INC,Health Care,mid,2878023680,2.88,-11,-1,False,False,False,False,-3,0,False,False,False,False
RCAT,RED CAT HOLDINGS INC,Industrials,small,1567535616,1.57,1,0,False,False,False,False,3,0,False,False,False,False
ALG,ALAMO GROUP INC,Industrials,mid,2046767360,2.05,1,0,False,False,False,False,-3,-7,False,False,False,False
NN,NEXTNAV INC,Information Technology,mid,2244108032,2.24,-2,-11,False,False,False,False,2,0,False,False,False,False
SPB,SPECTRUM BRANDS HOLDINGS INC,Consumer Staples,small,1716128256,1.72,-8,0,False,False,False,False,-2,-11,False,False,False,False
ZD,ZIFF DAVIS INC,Communication,small,1634182528,1.63,-8,-8,False,False,False,False,-7,0,False,False,False,False
DCO,DUCOMMUN INC,Industrials,small,1903941760,1.9,-9,-1,False,True,False,False,-2,-8,False,False,False,False
MD,PEDIATRIX MEDICAL GROUP INC,Health Care,small,1759467136,1.76,-2,0,False,False,False,False,-5,0,False,False,False,False
GRAL,GRAIL INC,Health Care,mid,2255704064,2.26,0,0,False,False,False,False,-3,0,False,False,False,False
BLBD,BLUE BIRD CORP,Industrials,small,1853704960,1.85,-9,-1,False,True,False,False,-3,0,False,False,False,False
HMN,HORACE MANN EDUCATORS CORP,Financials,small,1757997440,1.76,1,0,False,False,False,False,-3,0,False,False,False,False
BLKB,BLACKBAUD INC,Information Technology,small,1819133824,1.82,5,0,False,False,False,False,6,8,False,False,False,False
DXPE,DXP ENTERPRISES INC,Industrials,mid,2247469568,2.25,-10,-2,False,False,False,False,-3,-6,False,False,False,False
OFG,OFG BANCORP,Financials,small,1788683776,1.79,-10,-1,False,False,False,False,-4,0,False,False,False,False
CWK,CUSHMAN AND WAKEFIELD LTD,Real Estate,mid,2893134592,2.89,-10,-2,False,False,False,False,-2,0,False,False,False,False
SGHC,SUPER GROUP LTD,Consumer Discretionary,mid,5374927872,5.37,-2,0,False,False,False,False,-1,0,False,False,False,False
HCI,HCI GROUP INC,Financials,small,1988938368,1.99,3,0,False,False,False,False,-1,-11,False,False,False,False
AUPH,AURINIA PHARMACEUTICALS INC,Health Care,mid,2075676928,2.08,-2,0,False,False,False,False,-4,0,False,False,False,False
FUN,SIX FLAGS ENTERTAINMENT CORP,Consumer Discretionary,small,1708360064,1.71,-5,0,False,False,False,False,-3,0,False,False,False,False
SHO,SUNSTONE HOTEL INVESTORS REIT INC,Real Estate,small,1707570688,1.71,-5,0,False,False,False,False,-2,0,False,False,False,False
UTI,UNIVERSAL TECHNICAL INSTITUTE INC,Consumer Discretionary,mid,2010999424,2.01,5,0,False,False,False,False,2,0,False,False,False,False
DFTX,DEFINIUM THERAPEUTICS INC,Health Care,mid,2061757312,2.06,-10,-2,False,False,False,False,-8,-9,False,False,False,False
CECO,CECO ENVIRONMENTAL CORP,Industrials,mid,2217700096,2.22,-5,0,False,False,False,False,-4,-10,False,False,False,False
KWR,QUAKER HOUGHTON CORP,Materials,mid,2090090112,2.09,1,0,False,False,False,False,-2,-7,False,False,False,False
NTST,NETSTREIT CORP,Real Estate,mid,2119675520,2.12,-11,0,False,False,False,False,-2,-3,False,False,False,False
DAWN,DAY ONE BIOPHARMACEUTICALS INC,Health Care,mid,2215735552,2.22,-12,0,False,False,False,False,-7,0,False,False,False,False
BFH,BREAD FINANCIAL HOLDINGS INC,Financials,mid,3329711872,3.33,-5,0,False,False,False,False,-4,0,False,False,False,False
STEL,STELLAR BANCORP INC,Financials,small,1859278464,1.86,-10,-1,False,False,False,False,-2,0,False,False,False,False
BBAI,BIGBEAR.AI HOLDINGS INC,Information Technology,small,1704282496,1.7,-1,0,False,False,False,False,12,2,False,False,False,False
IMVT,IMMUNOVANT INC,Health Care,mid,4986538496,4.99,-2,0,False,False,False,False,-2,0,False,False,False,False
GEF,GREIF INC CLASS A,Materials,mid,3820271872,3.82,1,0,False,False,False,False,-2,-7,False,False,False,False
IOSP,INNOSPEC INC,Materials,small,1836667648,1.84,1,0,False,False,False,False,-3,-6,False,False,False,False
WERN,WERNER ENTERPRISES INC,Industrials,small,1823622016,1.82,-10,0,False,False,False,False,-2,-8,False,False,False,False
EOSE,EOS ENERGY ENTERPRISES INC CLASS A,Industrials,small,1686988288,1.69,-4,0,False,False,False,False,-1,0,False,False,False,False
IMAX,IMAX CORP,Communication,mid,2166739712,2.17,5,12,False,False,False,False,-1,0,False,False,False,False
VCEL,VERICEL CORP,Health Care,small,1738804736,1.74,-2,0,False,False,False,False,-3,0,False,False,False,False
ADNT,ADIENT PLC,Consumer Discretionary,small,1612316032,1.61,1,0,False,False,False,False,-2,-5,False,False,False,False
FRSH,FRESHWORKS INC CLASS A,Information Technology,mid,2364004864,2.36,5,0,False,False,False,False,3,4,False,False,False,False
TNDM,TANDEM DIABETES CARE INC,Health Care,small,1271545600,1.27,-5,0,False,False,False,False,4,-4,False,False,False,False
SPNT,SIRIUSPOINT LTD,Financials,mid,2596014592,2.6,2,0,False,False,False,False,-3,0,False,False,False,False
USAR,USA RARE EARTH INC CLASS A,Materials,mid,3470180864,3.47,-5,0,False,False,False,False,-1,0,False,False,False,False
IPAR,INTERPARFUMS INC,Consumer Staples,mid,2906024448,2.91,-4,0,False,False,False,False,-2,-5,False,False,False,False
BRZE,BRAZE INC CLASS A,Information Technology,mid,2686465280,2.69,7,-11,False,False,False,False,-7,0,False,False,False,False
SYBT,STOCK YARDS BANCORP INC,Financials,small,1983165312,1.98,-11,-3,False,False,False,False,-4,0,False,False,False,False
OI,O I GLASS INC,Materials,small,1589703296,1.59,-5,0,False,False,False,False,-2,-8,False,False,False,False
PTON,PELOTON INTERACTIVE CLASS A INC,Consumer Discretionary,small,1948739968,1.95,-1,0,False,False,False,False,-4,0,False,False,False,False
HLMN,HILLMAN SOLUTIONS CORP,Industrials,small,1586208640,1.59,-5,0,False,False,False,False,-2,0,False,False,False,False
SONO,SONOS INC,Consumer Discretionary,small,1641450624,1.64,-1,0,False,False,False,False,-1,-12,False,False,False,False
CRVL,CORVEL CORP,Health Care,mid,2790908928,2.79,-1,0,False,False,False,False,-2,0,False,False,False,False
CHCO,CITY HOLDING,Financials,small,1750751616,1.75,-8,0,False,False,False,False,0,0,False,False,False,False
VVX,V2X INC,Industrials,mid,2181091584,2.18,4,0,False,False,False,False,-1,0,False,False,False,False
TNK,TEEKAY TANKERS LTD CLASS A,Energy,mid,2667230464,2.67,4,7,False,False,False,False,-3,0,False,False,False,False
ICHR,ICHOR HOLDINGS LTD,Information Technology,small,1667085184,1.67,-9,-1,False,True,False,False,-3,-10,False,False,False,False
AGIO,AGIOS PHARMACEUTICALS INC,Health Care,mid,2062444544,2.06,5,-3,False,False,False,False,-3,0,False,False,False,False
DHC,DIVERSIFIED HEALTHCARE TRUST,Real Estate,small,1675477504,1.68,-8,0,False,False,False,False,-1,-6,False,False,False,False
OCUL,OCULAR THERAPEUTIX INC,Health Care,small,1848203136,1.85,-5,12,False,False,False,False,-2,0,False,False,False,False
ORKA,ORUKA THERAPEUTICS INC,Health Care,mid,2641121024,2.64,-14,-4,False,False,False,False,-6,0,False,False,False,False
THR,THERMON GROUP HOLDINGS INC,Industrials,small,1711679616,1.71,-5,0,False,False,False,False,-4,-12,False,False,False,False
OMCL,OMNICELL INC,Health Care,small,1551636736,1.55,-8,0,False,False,False,False,-1,-10,False,False,False,False
HLF,HERBALIFE LTD,Consumer Staples,small,1436363136,1.44,-5,0,False,False,False,False,-1,-9,False,False,False,False
AIN,ALBANY INTERNATIONAL CORP CLASS A,Industrials,small,1497959296,1.5,-9,-1,False,True,False,False,-2,-6,False,False,False,False
BKE,BUCKLE INC,Consumer Discretionary,mid,2564993024,2.56,1,10,False,False,False,False,-2,0,False,False,False,False
GBX,GREENBRIER INC,Industrials,small,1645007232,1.65,-4,0,False,False,False,False,-2,0,False,False,False,False
AORT,ARTIVION INC,Health Care,small,1636192640,1.64,-5,0,False,False,False,False,-2,0,False,False,False,False
TPB,TURNING POINT BRANDS INC,Consumer Staples,small,1395626624,1.4,-5,12,False,False,False,False,7,-5,False,False,False,False
SKWD,SKYWARD SPECIALTY INSURANCE GROUP,Financials,small,1956776832,1.96,-8,0,False,False,False,False,-2,0,False,False,False,False
ECPG,ENCORE CAPITAL GROUP INC,Financials,small,1586683520,1.59,-9,-1,False,True,False,False,-11,-3,False,False,False,False
ATEN,A10 NETWORKS INC,Information Technology,small,1720682368,1.72,-9,-1,False,True,False,False,-12,-4,False,False,False,False
HTH,HILLTOP HOLDINGS INC,Financials,mid,2203534336,2.2,1,0,False,False,False,False,-2,0,False,False,False,False
CRK,COMSTOCK RESOURCES INC,Energy,mid,5745184768,5.75,10,2,False,False,False,False,3,0,False,False,False,False
PACS,PACS GROUP INC,Health Care,mid,5051283968,5.05,1,3,False,False,False,False,7,-4,False,False,False,False
TIC,TIC SOLUTIONS INC,Industrials,small,1537407232,1.54,-8,0,False,False,False,False,-1,0,False,False,False,False
ASGN,ASGN INC,Information Technology,small,1667435008,1.67,-1,0,False,False,False,False,-1,2,False,False,False,False
CENTA,CENTRAL GARDEN AND PET CLASS A,Consumer Staples,small,1999600896,2.0,-5,0,False,False,False,False,-2,0,False,False,False,False
SLNO,SOLENO THERAPEUTICS INC,Health Care,mid,2121008896,2.12,-10,0,False,False,False,False,-2,0,False,False,False,False
TILE,INTERFACE INC,Industrials,small,1484873344,1.48,-5,0,False,False,False,False,-1,-7,False,False,False,False
LC,LENDINGCLUB CORP,Financials,small,1651116544,1.65,-8,0,False,False,False,False,-2,0,False,False,False,False
SMR,NUSCALE POWER CORP CLASS A,Industrials,mid,3233821696,3.23,-2,0,False,False,False,False,11,0,False,False,False,False
AVPT,AVEPOINT INC CLASS A,Information Technology,mid,2146629632,2.15,4,0,False,False,False,False,6,6,False,False,False,False
WOR,WORTHINGTON ENTERPRISES INC,Industrials,mid,2584569600,2.58,-5,0,False,False,False,False,-3,0,False,False,False,False
NVAX,NOVAVAX INC,Health Care,small,1254606848,1.25,1,0,False,False,False,False,4,-4,False,False,False,False
NRIX,NURIX THERAPEUTICS INC,Health Care,small,1603824256,1.6,-1,0,False,False,False,False,-3,0,False,False,False,False
BWIN,BALDWIN INSURANCE GROUP INC CLASS,Financials,mid,2161715968,2.16,1,-8,False,False,False,False,-3,0,False,False,False,False
WLY,JOHN WILEY AND SONS INC CLASS A,Communication,mid,2004162944,2.0,-3,-4,False,False,False,False,-7,0,False,False,False,False
UFPT,UFP TECHNOLOGIES INC,Health Care,small,1481107840,1.48,1,9,False,False,False,False,-1,0,False,False,False,False
IIPR,INNOVATIVE INDUSTRIAL PROPERTIES I,Real Estate,small,1412701824,1.41,-3,-13,False,False,False,True,-2,0,False,False,False,False
UPWK,UPWORK INC,Industrials,small,1429364352,1.43,0,0,False,False,False,False,11,0,False,False,False,False
STBA,S AND T BANCORP INC,Financials,small,1557779456,1.56,-11,-2,False,False,False,False,-3,0,False,False,False,False
PEB,PEBBLEBROOK HOTEL TRUST REIT,Real Estate,small,1456234880,1.46,-8,0,False,False,False,False,-3,0,False,False,False,False
YELP,YELP INC,Communication,small,1546523520,1.55,-2,0,False,False,False,False,-7,0,False,False,False,False
IRON,DISC MEDICINE INC,Health Care,mid,2487272960,2.49,-15,-7,False,False,False,False,-3,-11,False,False,False,False
ATEC,ALPHATEC HOLDNGS INC,Health Care,small,1639192192,1.64,1,0,False,False,False,False,14,0,False,False,False,False
XPRO,EXPRO GROUP HOLDINGS NV,Energy,small,1895334272,1.9,2,0,False,False,False,False,1,0,False,False,False,False
NSSC,NAPCO SECURITY TECHNOLOGIES INC,Information Technology,small,1421936512,1.42,-9,-1,False,True,False,False,-2,0,False,False,False,False
CCS,CENTURY COMMUNITIES INC,Consumer Discretionary,small,1655588992,1.66,-5,0,False,False,False,False,0,0,False,False,False,False
VRE,VERIS RESIDENTIAL INC,Real Estate,small,1939686144,1.94,1,0,False,False,False,False,-16,0,False,False,False,False
INTA,INTAPP INC,Information Technology,mid,2030138240,2.03,7,0,False,False,False,False,3,0,False,False,False,False
WD,WALKER & DUNLOP INC,Financials,small,1513643904,1.51,-8,0,False,False,False,False,-2,0,False,False,False,False
NBHC,NATIONAL BANK HOLDINGS CORP CLASS,Financials,small,1781639296,1.78,-10,-1,False,False,False,False,-2,0,False,False,False,False
QUBT,QUANTUM COMPUTING INC,Information Technology,small,1542577792,1.54,-3,0,False,False,False,False,-1,0,False,False,False,False
NNI,NELNET INC CLASS A,Financials,mid,4644013056,4.64,-8,0,False,False,False,False,-2,0,False,False,False,False
ARI,APOLLO COMMERCIAL REAL ESTATE FINA,Financials,small,1483937152,1.48,-5,-6,False,False,False,False,-3,0,False,False,False,False
NVTS,NAVITAS SEMICONDUCTOR CORP,Information Technology,mid,2030976384,2.03,-5,0,False,False,False,False,-1,0,False,False,False,False
MQ,MARQETA INC CLASS A,Financials,small,1747194112,1.75,1,0,False,False,False,False,3,0,False,False,False,False
ALMS,ALUMIS INC,Health Care,mid,2972648704,2.97,-3,13,False,False,True,False,6,0,False,False,False,False
BULL,WEBULL CORP CLASS A,Financials,mid,2523032576,2.52,-2,0,False,False,False,False,-1,0,False,False,False,False
TCBK,TRICO BANCSHARES,Financials,small,1563485184,1.56,-10,-1,False,False,False,False,-3,-8,False,False,False,False
FLYW,FLYWIRE CORP,Financials,small,1438655232,1.44,-2,0,False,False,False,False,-1,0,False,False,False,False
XHR,XENIA HOTELS RESORTS REIT INC,Real Estate,small,1490355200,1.49,-5,0,False,False,False,False,-2,0,False,False,False,False
ARLO,ARLO TECHNOLOGIES INC,Information Technology,small,1499181440,1.5,-1,0,False,False,False,False,2,0,False,False,False,False
ATRC,ATRICURE INC,Health Care,small,1447973760,1.45,-1,0,False,False,False,False,-1,0,False,False,False,False
COHU,COHU INC,Information Technology,small,1506990720,1.51,-9,-1,False,True,False,False,-3,0,False,False,False,False
RLAY,RELAY THERAPEUTICS INC,Health Care,mid,2241221632,2.24,-10,0,False,False,False,False,-3,0,False,False,False,False
BLX,BANCO LATINOAMERICANO DE COMERCIO,Financials,small,1946395264,1.95,-10,-2,False,False,False,False,-3,0,False,False,False,False
STOK,STOKE THERAPEUTICS INC,Health Care,small,1936596992,1.94,-7,0,False,False,False,False,-2,0,False,False,False,False
PRCT,PROCEPT BIOROBOTICS CORP,Health Care,small,1416521728,1.42,-2,0,False,False,False,False,2,6,False,False,False,False
GABC,GERMAN AMERICAN BANCORP INC,Financials,small,1601846016,1.6,-11,0,False,False,False,False,-3,0,False,False,False,False
NVRI,ENVIRI CORP,Industrials,small,1620844928,1.62,2,-9,False,False,False,False,-3,0,False,False,False,False
SILA,SILA RLTY TR INC TRUST,Real Estate,small,1311549312,1.31,-10,-2,False,False,False,False,-2,-4,False,False,False,False
WVE,WAVE LIFE SCIENCES LTD,Health Care,small,1370496128,1.37,-3,0,False,False,False,False,5,0,False,False,False,False
PRGS,PROGRESS SOFTWARE CORP,Information Technology,small,1084847616,1.08,3,0,False,False,False,False,7,0,False,False,False,False
INVA,INNOVIVA INC,Health Care,small,1715881600,1.72,-5,-5,False,False,False,False,-3,0,False,False,False,False
HCSG,HEALTHCARE SERVICES GROUP INC,Industrials,small,1292858624,1.29,1,11,False,False,False,False,-1,0,False,False,False,False
AXGN,AXOGEN INC,Health Care,small,1787356032,1.79,-2,0,False,False,False,False,-1,-11,False,False,False,False
WTTR,SELECT WATER SOLUTIONS INC CLASS A,Energy,mid,2095820544,2.1,2,0,False,False,False,False,-15,0,False,False,False,False
INOD,INNODATA INC,Industrials,small,1254214272,1.25,-2,0,False,False,False,False,11,0,False,False,False,False
MXL,MAXLINEAR INC,Information Technology,small,1570963456,1.57,-9,-1,False,True,False,False,-3,0,False,False,False,False
FDP,FRESH DEL MONTE PRODUCE INC,Consumer Staples,small,1970709504,1.97,2,0,False,False,False,False,-2,0,False,False,False,False
SLVM,SYLVAMO CORP,Materials,small,1688189184,1.69,-3,0,False,False,False,False,-2,0,False,False,False,False
SBH,SALLY BEAUTY HOLDINGS INC,Consumer Discretionary,small,1305961728,1.31,-4,0,False,False,False,False,-1,-12,False,False,False,False
ECVT,ECOVYST INC,Materials,small,1486813184,1.49,-9,-1,False,True,False,False,-5,-9,False,False,False,False
LZB,LA-Z-BOY INC,Consumer Discretionary,small,1303467520,1.3,-5,0,False,False,False,False,-1,0,False,False,False,False
AAMI,ACADIAN ASSET MANAGEMENT INC,Financials,small,1974743552,1.97,-20,-9,False,False,False,False,-3,-7,False,False,False,False
LKFN,LAKELAND FINANCIAL CORP,Financials,small,1514727168,1.51,-10,0,False,False,False,False,-3,0,False,False,False,False
NTLA,INTELLIA THERAPEUTICS INC,Health Care,small,1551093504,1.55,-9,-1,False,True,False,False,-2,0,False,False,False,False
CTS,CTS CORP,Information Technology,small,1404394240,1.4,-8,0,False,False,False,False,-3,0,False,False,False,False
WGS,GENEDX HOLDINGS CORP CLASS A,Health Care,small,1938914560,1.94,-1,0,False,False,False,False,6,0,False,False,False,False
HOPE,HOPE BANCORP INC,Financials,small,1491009408,1.49,-9,0,False,True,False,False,-3,-8,False,False,False,False
QCRH,QCR HOLDINGS INC,Financials,small,1469172352,1.47,-11,0,False,False,False,False,-3,0,False,False,False,False
PGNY,PROGYNY INC,Health Care,small,1359577088,1.36,-1,0,False,False,False,False,0,0,False,False,False,False
WWW,WOLVERINE WORLD WIDE INC,Consumer Discretionary,small,1307596928,1.31,-5,0,False,False,False,False,-2,0,False,False,False,False
ANIP,ANI PHARMACEUTICALS INC,Health Care,small,1666620672,1.67,2,0,False,False,False,False,-3,0,False,False,False,False
BRSL,BRIGHTSTAR LOTTERY PLC,Consumer Discretionary,mid,2349049088,2.35,-1,0,False,False,False,False,15,7,False,False,False,False
PRLB,PROTO LABS INC,Industrials,small,1373490944,1.37,-9,-1,False,True,False,False,-3,0,False,False,False,False
ENOV,ENOVIS CORP,Health Care,small,1296029696,1.3,-5,0,False,False,False,False,-2,0,False,False,False,False
SMPL,THE SIMPLY GOOD FOODS COMPANY,Consumer Staples,small,1345188352,1.35,4,0,False,False,False,False,12,3,False,False,False,False
AGM,FEDERAL AGRICULTURAL MORTGAGE NON,Financials,small,1631804288,1.63,-11,-3,False,False,False,False,-2,0,False,False,False,False
ARDX,ARDELYX INC,Health Care,small,1456769664,1.46,-4,0,False,False,False,False,-2,0,False,False,False,False
LEG,LEGGETT & PLATT INC,Consumer Discretionary,small,1316653824,1.32,-5,0,False,False,False,False,-1,-8,False,False,False,False
HG,HAMILTON INSURANCE GROUP LTD CLASS,Financials,mid,3016181504,3.02,1,0,False,False,False,False,-3,-10,False,False,False,False
AMSC,AMERICAN SUPERCONDUCTOR CORP,Industrials,small,1527878144,1.53,-5,0,False,False,False,False,-4,0,False,False,False,False
KW,KENNEDY WILSON HOLDINGS INC,Real Estate,small,1505109248,1.51,-2,0,False,False,False,False,-4,0,False,False,False,False
HLX,HELIX ENERGY SOLUTIONS GROUP INC,Energy,small,1415515392,1.42,4,0,False,False,False,False,1,0,False,False,False,False
PAYO,PAYONEER GLOBAL INC,Financials,small,1753686400,1.75,-1,0,False,False,False,False,-4,0,False,False,False,False
KSS,KOHLS CORP,Consumer Discretionary,small,1438589056,1.44,-2,0,False,False,False,False,-2,0,False,False,False,False
DCOM,DIME COMMUNITY BANCSHARES INC,Financials,small,1502459520,1.5,-10,-1,False,False,False,False,-4,0,False,False,False,False
CBZ,CBIZ INC,Industrials,small,1520572928,1.52,-2,0,False,False,False,False,-2,0,False,False,False,False
SOC,SABLE OFFSHORE CORP CLASS A,Energy,mid,2263141376,2.26,10,2,False,False,False,False,2,13,False,False,True,False
USLM,UNITED STATES LIME AND MINERALS IN,Materials,mid,3889379840,3.89,-4,-5,False,False,False,False,-7,0,False,False,False,False
BORR,BORR DRILLING LTD,Energy,small,1793897344,1.79,3,12,False,False,False,False,-3,0,False,False,False,False
IE,IVANHOE ELECTRIC INC,Materials,small,1918981888,1.92,-5,0,False,False,False,False,-2,-4,False,False,False,False
KOS,KOSMOS ENERGY LTD,Energy,small,1731997696,1.73,4,0,False,False,False,False,1,0,False,False,False,False
UNIT,UNITI GROUP INC,Communication,mid,2469626368,2.47,-13,-5,False,False,False,False,-4,-8,False,False,False,False
DEI,DOUGLAS EMMETT REIT INC,Real Estate,small,1887548544,1.89,-8,0,False,False,False,False,-2,0,False,False,False,False
FIGS,FIGS INC CLASS A,Consumer Discretionary,mid,2439088640,2.44,1,0,False,False,False,False,-1,0,False,False,False,False
ABR,ARBOR REALTY TRUST REIT INC,Financials,small,1589133056,1.59,-2,0,False,False,False,False,-1,0,False,False,False,False
UVV,UNIVERSAL CORP,Consumer Staples,small,1310726656,1.31,1,10,False,False,False,False,-2,0,False,False,False,False
LNN,LINDSAY CORP,Industrials,small,1091185792,1.09,-4,0,False,False,False,False,7,-5,False,False,False,False
NESR,NATIONAL ENERGY SERVICES REUNITED,Energy,mid,2282044160,2.28,1,0,False,False,False,False,-3,0,False,False,False,False
RXRX,RECURSION PHARMACEUTICALS INC CLAS,Health Care,small,1642709120,1.64,-8,0,False,False,False,False,-1,0,False,False,False,False
TFIN,TRIUMPH FINANCIAL INC,Financials,small,1426448256,1.43,1,0,False,False,False,False,-3,0,False,False,False,False
PRA,PROASSURANCE CORP,Financials,small,1264775680,1.26,-3,-13,False,False,False,True,-1,-3,False,False,False,False
SRCE,1ST SOURCE CORP,Financials,small,1727044864,1.73,-16,-7,False,False,False,False,-4,0,False,False,False,False
WKC,WORLD KINECT CORP,Energy,small,1302853376,1.3,2,10,False,False,False,False,-2,0,False,False,False,False
VTOL,BRISTOW GROUP INC,Energy,small,1378982912,1.38,-10,0,False,False,False,False,-3,-5,False,False,False,False
CNOB,CONNECTONE BANCORP INC,Financials,small,1358889600,1.36,-10,-1,False,False,False,False,0,0,False,False,False,False
FIVN,FIVE9 INC,Information Technology,small,1174022912,1.17,6,0,False,False,False,False,6,0,False,False,False,False
ICFI,ICF INTERNATIONAL INC,Industrials,small,1237051008,1.24,-2,0,False,False,False,False,-1,0,False,False,False,False
CMPR,CIMPRESS PLC,Industrials,small,1829412864,1.83,-9,-1,False,True,False,False,-3,0,False,False,False,False
CRI,CARTERS INC,Consumer Discretionary,small,1308842880,1.31,-1,0,False,False,False,False,-4,0,False,False,False,False
GRC,GORMAN-RUPP,Industrials,small,1644552576,1.64,-9,-1,False,True,False,False,-3,-9,False,False,False,False
WINA,WINMARK CORP,Consumer Discretionary,small,1539829248,1.54,1,0,False,False,False,False,-1,0,False,False,False,False
AMLX,AMYLYX PHARMACEUTICALS INC,Health Care,small,1652527232,1.65,0,-1,False,False,False,False,-3,-10,False,False,False,False
HRMY,HARMONY BIOSCIENCES HLDG INC,Health Care,small,1604498688,1.6,-5,0,False,False,False,False,-2,0,False,False,False,False
NVCR,NOVOCURE LTD,Health Care,small,1200530944,1.2,-4,0,False,False,False,False,4,0,False,False,False,False
WABC,WESTAMERICA BANCORPORATION,Financials,small,1262061312,1.26,1,0,False,False,False,False,-4,0,False,False,False,False
ACT,ENACT HOLDINGS INC,Financials,mid,5851598336,5.85,1,0,False,False,False,False,-2,-8,False,False,False,False
SFL,SFL LTD,Energy,small,1451698432,1.45,4,8,False,False,False,False,-3,0,False,False,False,False
MCRI,MONARCH CASINO AND RESORT INC,Consumer Discretionary,small,1729230080,1.73,-1,0,False,False,False,False,-1,0,False,False,False,False
LPG,DORIAN LPG LTD,Energy,small,1479800832,1.48,1,0,False,False,False,False,-3,0,False,False,False,False
IMKTA,INGLES MARKETS INC CLASS A,Consumer Staples,small,1730767616,1.73,2,0,False,False,False,False,-4,0,False,False,False,False
ALKT,ALKAMI TECHNOLOGY INC,Information Technology,small,1757813248,1.76,4,0,False,False,False,False,5,4,False,False,False,False
ASTE,ASTEC INDUSTRIES INC,Industrials,small,1261958528,1.26,-9,-1,False,True,False,False,-2,-3,False,False,False,False
OBK,ORIGIN BANCORP INC,Financials,small,1295119232,1.3,-10,-1,False,False,False,False,-3,-9,False,False,False,False
DOLE,DOLE PLC,Consumer Staples,small,1385597312,1.39,-7,10,False,False,False,False,-2,0,False,False,False,False
JBLU,JETBLUE AIRWAYS CORP,Industrials,small,1672940928,1.67,-9,-1,False,True,False,False,-3,0,False,False,False,False
DCH,DAUCH CORPORATION,Consumer Discretionary,small,1444155904,1.44,-3,0,False,False,False,False,-3,0,False,False,False,False
PUMP,PROPETRO HOLDING CORP,Energy,small,1701015168,1.7,2,0,False,False,False,False,2,0,False,False,False,False
CAPR,CAPRICOR THERAPEUTICS INC,Health Care,small,1846666496,1.85,-2,0,False,False,False,False,-9,-1,False,True,False,False
LADR,LADDER CAPITAL CORP CLASS A,Financials,small,1245203200,1.25,0,0,False,False,False,False,-2,0,False,False,False,False
ANAB,ANAPTYSBIO INC,Health Care,small,1658199424,1.66,-8,0,False,False,False,False,-12,-2,False,False,False,False
ROCK,GIBRALTAR INDUSTRIES INC,Industrials,small,1149085312,1.15,-5,0,False,False,False,False,-1,0,False,False,False,False
TGLS,TECNOGLASS INC,Industrials,mid,2038810368,2.04,-2,0,False,False,False,False,-1,0,False,False,False,False
BFC,BANK FIRST CORP,Financials,small,1534517888,1.53,-11,0,False,False,False,False,-3,0,False,False,False,False
TNC,TENNANT,Industrials,small,1257638400,1.26,-9,-1,False,True,False,False,-4,0,False,False,False,False
DFIN,DONNELLEY FINANCIAL SOLUTIONS INC,Financials,small,1268207232,1.27,3,0,False,False,False,False,-1,0,False,False,False,False
REX,REX AMERICAN RESOURCES CORP,Energy,small,1495701760,1.5,4,0,False,False,False,False,-9,0,False,True,False,False
UMH,UMH PROPERTIES INC,Real Estate,small,1243515520,1.24,-11,0,False,False,False,False,-2,-9,False,False,False,False
DLX,DELUXE CORP,Industrials,small,1264347904,1.26,-5,0,False,False,False,False,-3,-12,False,False,False,False
JJSF,J AND J SNACK FOODS CORP,Consumer Staples,small,1506123008,1.51,-6,9,False,False,False,False,-2,0,False,False,False,False
ZYME,ZYMEWORKS INC,Health Care,small,1917011968,1.92,0,0,False,False,False,False,-8,0,False,False,False,False
QDEL,QUIDELORTHO CORP,Health Care,small,1174410496,1.17,-2,0,False,False,False,False,-1,0,False,False,False,False
IOVA,IOVANCE BIOTHERAPEUTICS INC,Health Care,small,1413028352,1.41,-5,8,False,False,False,False,4,0,False,False,False,False
CNMD,CONMED CORP,Health Care,small,1077375232,1.08,-5,0,False,False,False,False,-1,0,False,False,False,False
LOB,LIVE OAK BANCSHARES INC,Financials,small,1543272576,1.54,-10,-1,False,False,False,False,-2,-8,False,False,False,False
NPKI,NPK INTERNATIONAL INC,Industrials,small,1218892800,1.22,-5,0,False,False,False,False,-4,0,False,False,False,False
PRG,PROG HOLDINGS INC,Financials,small,1128844800,1.13,-5,0,False,False,False,False,-2,0,False,False,False,False
LINC,LINCOLN EDUCATIONAL SERVICES CORP,Consumer Discretionary,small,1330628096,1.33,5,0,False,False,False,False,-21,0,False,False,False,False
PZZA,PAPA JOHNS INTERNATIONAL INC,Consumer Discretionary,small,1150859392,1.15,1,0,False,False,False,False,-1,0,False,False,False,False
USPH,US PHYSICAL THERAPY INC,Health Care,small,1121151744,1.12,-5,0,False,False,False,False,-1,-3,False,False,False,False
OUST,OUSTER INC,Information Technology,small,1224049792,1.22,-8,0,False,False,False,False,-1,0,False,False,False,False
GLDD,GREAT LAKES DREDGE AND DOCK CORP,Industrials,small,1135273600,1.14,-2,0,False,False,False,False,-12,-2,False,False,False,False
NBR,NABORS INDUSTRIES LTD,Energy,small,1173708160,1.17,1,0,False,False,False,False,1,0,False,False,False,False
EFC,ELLINGTON FINANCIAL INC,Financials,small,1500774272,1.5,-14,-6,False,False,False,False,-3,0,False,False,False,False
ALGT,ALLEGIANT TRAVEL,Industrials,small,1528495872,1.53,-5,0,False,False,False,False,-3,-6,False,False,False,False
TNET,TRINET GROUP INCINARY,Industrials,small,1815547520,1.82,-2,0,False,False,False,False,-1,2,False,False,False,False
MLYS,MINERALYS THERAPEUTICS INC,Health Care,mid,2222313984,2.22,3,-1,False,False,False,False,-3,0,False,False,False,False
PNTG,PENNANT GROUP INC,Health Care,small,1028108160,1.03,1,9,False,False,False,False,5,0,False,False,False,False
ORC,ORCHID ISLAND CAPITAL INC,Financials,small,1378353408,1.38,-10,-1,False,False,False,False,-2,-5,False,False,False,False
UAMY,UNITED STATES ANTIMONY CORP,Materials,small,1245902080,1.25,-5,-12,False,False,False,False,-1,0,False,False,False,False
PEBO,PEOPLES BANCORP INC,Financials,small,1201792512,1.2,1,0,False,False,False,False,-3,0,False,False,False,False
NAT,NORDIC AMERICAN TANKERS LTD,Energy,small,1302266496,1.3,4,0,False,False,False,False,-15,0,False,False,False,False
FIHL,FIDELIS INSURANCE HOLDINGS LTD,Financials,small,1655229952,1.66,-8,0,False,False,False,False,-3,0,False,False,False,False
HROW,HARROW INC,Health Care,small,1314580864,1.31,-9,-1,False,True,False,False,-2,0,False,False,False,False
RLJ,RLJ LODGING TRUST REIT,Real Estate,small,1122266880,1.12,-5,0,False,False,False,False,-2,-9,False,False,False,False
COLL,COLLEGIUM PHARMACEUTICAL INC,Health Care,small,1025946304,1.03,-5,0,False,False,False,False,-2,-7,False,False,False,False
MBIN,MERCHANTS BANCORP,Financials,mid,2044852352,2.04,-9,-1,False,True,False,False,-4,0,False,False,False,False
CIM,CHIMERA INVESTMENT CORP,Financials,small,1070888448,1.07,-10,-2,False,False,False,False,-2,-6,False,False,False,False
TRS,TRIMAS CORP,Materials,small,1450237568,1.45,-6,0,False,False,False,False,-2,0,False,False,False,False
AI,C3 AI INC CLASS A,Information Technology,small,1255316096,1.26,4,0,False,False,False,False,17,6,False,False,False,False
GPRE,GREEN PLAINS INC,Energy,small,1184466816,1.18,7,-12,False,False,False,False,2,0,False,False,False,False
SAFT,SAFETY INSURANCE GROUP INC,Financials,small,1088755456,1.09,-6,0,False,False,False,False,-2,-8,False,False,False,False
SEZL,SEZZLE INC,Financials,mid,2177601792,2.18,3,0,False,False,False,False,-1,0,False,False,False,False
TRIP,TRIPADVISOR INC,Communication,small,1268455552,1.27,-16,-5,False,False,False,False,-3,0,False,False,False,False
AHCO,ADAPTHEALTH CORP,Health Care,small,1635055232,1.64,0,0,False,False,False,False,-4,0,False,False,False,False
GSHD,GOOSEHEAD INSURANCE INC CLASS A,Financials,small,1552827776,1.55,4,0,False,False,False,False,16,5,False,False,False,False
LFST,LIFESTANCE HEALTH GROUP INC,Health Care,mid,2415362048,2.42,1,0,False,False,False,False,-2,-6,False,False,False,False
ELVN,ENLIVEN THERAPEUTICS INC,Health Care,mid,2322050048,2.32,-7,0,False,False,False,False,-15,-5,False,False,False,False
ENR,ENERGIZER HOLDINGS INC,Consumer Staples,small,1125929472,1.13,-6,0,False,False,False,False,0,0,False,False,False,False
PDFS,PDF SOLUTIONS INC,Information Technology,small,1384606464,1.38,-8,0,False,False,False,False,-3,0,False,False,False,False
PAHC,PHIBRO ANIMAL HEALTH CORP CLASS A,Health Care,mid,2250487552,2.25,-8,0,False,False,False,False,-3,0,False,False,False,False
WS,WORTHINGTON STEEL INC,Materials,small,1509806592,1.51,-9,0,False,True,False,False,-2,-10,False,False,False,False
WLDN,WILLDAN GROUP INC,Industrials,small,1188719360,1.19,3,0,False,False,False,False,-1,2,False,False,False,False
PWP,PERELLA WEINBERG PARTNERS CLASS A,Financials,small,1619815040,1.62,-5,0,False,False,False,False,-3,0,False,False,False,False
SMA,SMARTSTOP SELF STORAGE REIT INC,Real Estate,mid,2463462144,2.46,-5,0,False,False,False,False,-2,0,False,False,False,False
AESI,ATLAS ENERGY SOLUTIONS INC,Energy,small,1517135872,1.52,-3,-10,False,False,False,False,2,0,False,False,False,False
HLIT,HARMONIC INC,Information Technology,small,1032544320,1.03,-7,0,False,False,False,False,-2,0,False,False,False,False
GENI,GENIUS SPORTS LTD,Consumer Discretionary,small,1173060736,1.17,6,0,False,False,False,False,16,6,False,False,False,False
GCT,GIGACLOUD TECHNOLOGY INC CLASS A,Consumer Discretionary,small,1659400960,1.66,1,0,False,False,False,False,-3,0,False,False,False,False
PMT,PENNYMAC MORTGAGE INVESTMENT TRUST,Financials,small,1040718656,1.04,-11,-3,False,False,False,False,-3,0,False,False,False,False
MAZE,MAZE THERAPEUTICS INC,Health Care,small,1416423680,1.42,14,0,False,False,False,False,4,0,False,False,False,False
NUVB,NUVATION BIO INC CLASS A,Health Care,small,1532903936,1.53,-9,-1,False,True,False,False,-2,-10,False,False,False,False
GPGI,GPGI INC CLASS A,Information Technology,mid,5031092224,5.03,1,0,False,False,False,False,10,1,False,False,False,False
NEO,NEOGENOMICS INC,Health Care,small,1038497664,1.04,-1,0,False,False,False,False,-1,0,False,False,False,False
ARRY,ARRAY TECHNOLOGIES INC,Industrials,small,1121911680,1.12,-3,0,False,False,False,False,0,0,False,False,False,False
AEHR,AEHR TEST SYSTEMS,Information Technology,small,1357403776,1.36,-9,-1,False,True,False,False,-3,-4,False,False,False,False
CVI,CVR ENERGY INC,Energy,mid,3181793536,3.18,4,0,False,False,False,False,1,6,False,False,False,False
EYPT,EYEPOINT INC,Health Care,small,1117988096,1.12,-8,0,False,False,False,False,-2,0,False,False,False,False
AAT,AMERICAN ASSETS TRUST REIT INC,Real Estate,small,1448278016,1.45,-8,0,False,False,False,False,-2,0,False,False,False,False
TWO,TWO HARBORS INVESTMENT CORP,Financials,small,1168080256,1.17,-3,0,False,False,False,False,-4,0,False,False,False,False
CSR,CENTERSPACE,Real Estate,small,1062466432,1.06,-8,3,False,False,False,False,-2,0,False,False,False,False
PBI,PITNEY BOWES INC,Industrials,small,1649024128,1.65,-4,-4,False,False,False,False,-4,0,False,False,False,False
OCFC,OCEANFIRST FINANCIAL CORP,Financials,small,1047012736,1.05,1,-1,False,False,False,False,-3,0,False,False,False,False
ASTH,ASTRANA HEALTH INC,Health Care,small,1392870144,1.39,-14,-6,False,False,False,False,-7,0,False,False,False,False
SHLS,SHOALS TECHNOLOGIES GROUP INC CLAS,Industrials,small,1144203904,1.14,-5,0,False,False,False,False,-4,0,False,False,False,False
TMP,TOMPKINS FINANCIAL CORP,Financials,small,1159890176,1.16,-16,-7,False,False,False,False,-3,-9,False,False,False,False
APPN,APPIAN CORP CLASS A,Information Technology,small,1809794944,1.81,5,-13,False,False,False,True,4,9,False,False,False,False
TYRA,TYRA BIOSCIENCES INC,Health Care,mid,2133676544,2.13,6,0,False,False,False,False,2,0,False,False,False,False
CRAI,CRA INTERNATIONAL INC,Industrials,small,1084076800,1.08,4,0,False,False,False,False,-2,0,False,False,False,False
LILAK,LIBERTY LATIN AMERICA LTD CLASS C,Communication,small,1704834048,1.7,7,0,False,False,False,False,-4,0,False,False,False,False
TSHA,TAYSHA GENE THERAPIES INC,Health Care,small,1255369344,1.26,-1,0,False,False,False,False,-1,0,False,False,False,False
MBC,MASTERBRAND INC,Industrials,small,1021574336,1.02,-5,0,False,False,False,False,-2,-5,False,False,False,False
SCL,STEPAN,Materials,small,1133838336,1.13,-5,0,False,False,False,False,-3,-9,False,False,False,False
TTI,TETRA TECHNOLOGIES INC,Energy,small,1171549056,1.17,-3,0,False,False,False,False,-3,0,False,False,False,False
TE,T1 ENERGY INC,Industrials,small,1133700096,1.13,-3,0,False,False,False,False,4,-6,False,False,False,False
OSBC,OLD SECOND BANCORP INC,Financials,small,1092807296,1.09,-11,-3,False,False,False,False,-3,-9,False,False,False,False
TRVI,TREVI THERAPEUTICS INC,Health Care,small,1533063424,1.53,-8,0,False,False,False,False,-2,-11,False,False,False,False
CCB,COASTAL FINANCIAL CORP,Financials,small,1181128064,1.18,-9,0,False,True,False,False,-2,0,False,False,False,False
BY,BYLINE BANCORP INC,Financials,small,1462091520,1.46,-11,-2,False,False,False,False,-3,0,False,False,False,False
GIII,G III APPAREL GROUP LTD,Consumer Discretionary,small,1181300096,1.18,-11,0,False,False,False,False,-2,0,False,False,False,False
FLNC,FLUENCE ENERGY INC CLASS A,Industrials,mid,2446339328,2.45,-5,0,False,False,False,False,11,0,False,False,False,False
SGRY,SURGERY PARTNERS INC,Health Care,small,1576333696,1.58,-9,-1,False,True,False,False,-2,0,False,False,False,False
TRUP,TRUPANION INC,Financials,small,1113983744,1.11,-1,0,False,False,False,False,-1,0,False,False,False,False
INVX,INNOVEX INTERNATIONAL INC,Energy,small,1677067776,1.68,-7,0,False,False,False,False,-2,-5,False,False,False,False
XPEL,XPEL INC,Consumer Discretionary,small,1219000704,1.22,-5,0,False,False,False,False,-3,-11,False,False,False,False
DEA,EASTERLY GOVERNMENT PROPERTIES INC,Real Estate,small,1141323904,1.14,-6,0,False,False,False,False,-2,0,False,False,False,False
NEXT,NEXTDECADE CORP,Energy,mid,2079700992,2.08,0,0,False,False,False,False,-9,0,False,True,False,False
APEI,AMERICAN PUBLIC EDUCATION INC,Consumer Discretionary,small,1059816192,1.06,1,0,False,False,False,False,-21,0,False,False,False,False
REAL,THE REALREAL INC,Consumer Discretionary,small,1085123200,1.09,-9,-1,False,True,False,False,-2,0,False,False,False,False
RVLV,REVOLVE GROUP CLASS A INC,Consumer Discretionary,small,1589314432,1.59,-8,0,False,False,False,False,-2,0,False,False,False,False
UPBD,UPBOUND GROUP INC,Consumer Discretionary,small,1018801664,1.02,-5,0,False,False,False,False,-2,0,False,False,False,False
PENG,PENGUIN SOLUTIONS INC,Information Technology,small,1087469696,1.09,-9,-1,False,True,False,False,-3,0,False,False,False,False
MIAX,MIAMI INTERNATIONAL HOLDINGS INC,Financials,mid,3723142144,3.72,-10,-2,False,False,False,False,0,0,False,False,False,False
DEC,DIVERSIFIED ENERGY COMPANY,Energy,small,1235961856,1.24,9,1,True,False,False,False,1,0,False,False,False,False
STAA,STAAR SURGICAL,Health Care,small,1000652608,1.0,-9,0,False,True,False,False,-3,0,False,False,False,False
RYZ,RYERSON HOLDING CORP,Materials,small,1141886592,1.14,-15,-7,False,False,False,False,-2,-6,False,False,False,False
CTBI,COMMUNITY TRUST BANCORP INC,Financials,small,1120991616,1.12,-16,0,False,False,False,False,-4,0,False,False,False,False
FLNG,FLEX LNG LTD,Energy,small,1648194688,1.65,-1,0,False,False,False,False,-9,-1,False,True,False,False
VERX,VERTEX INC CLASS A,Information Technology,small,1924281472,1.92,5,0,False,False,False,False,4,0,False,False,False,False
CDRE,CADRE HOLDINGS INC,Industrials,small,1389040512,1.39,-9,-1,False,True,False,False,-2,-13,False,False,False,True
SAH,SONIC AUTOMOTIVE INC CLASS A,Consumer Discretionary,mid,2178066688,2.18,-5,0,False,False,False,False,-4,0,False,False,False,False
TDAY,USA TODAY INC,Communication,small,1044472128,1.04,-2,-6,False,False,False,False,-9,-1,False,True,False,False
FG,F&G ANNUITIES AND LIFE INC,Financials,mid,3532643328,3.53,-2,-8,False,False,False,False,0,0,False,False,False,False
TROX,TRONOX HOLDINGS PLC,Materials,small,1464329344,1.46,-2,-3,False,False,False,False,-5,-8,False,False,False,False
ALNT,ALLIENT INC,Industrials,small,1030275520,1.03,-7,0,False,False,False,False,-2,-7,False,False,False,False
AZTA,AZENTA INC,Health Care,small,1042372352,1.04,-2,0,False,False,False,False,-2,0,False,False,False,False
AMAL,AMALGAMATED FINANCIAL CORP,Financials,small,1179491072,1.18,-10,0,False,False,False,False,-3,-11,False,False,False,False
WMK,WEIS MARKETS INC,Consumer Staples,small,1739050240,1.74,2,0,False,False,False,False,-4,0,False,False,False,False
ALH,ALLIANCE LAUNDRY HOLDINGS INC,Industrials,mid,4332382720,4.33,-11,-3,False,False,False,False,0,0,False,False,False,False
GOLD,GOLD INC,Consumer Discretionary,small,1161232128,1.16,1,0,False,False,False,False,-1,-7,False,False,False,False
BTDR,BITDEER TECHNOLOGIES GROUP CLASS A,Information Technology,mid,2300833792,2.3,-10,-2,False,False,False,False,-5,-12,False,False,False,False
PRKS,UNITED PARKS AND RESORTS INC,Consumer Discretionary,small,1835628160,1.84,-10,-1,False,False,False,False,-2,0,False,False,False,False
FMBH,FIRST MID BANCSHARES INC,Financials,small,1109534336,1.11,-11,-2,False,False,False,False,-3,0,False,False,False,False
ADTN,ADTRAN HOLDINGS INC,Information Technology,small,1039392960,1.04,-7,0,False,False,False,False,-5,-9,False,False,False,False
OLMA,OLEMA PHARMACEUTICALS INC,Health Care,small,1312583808,1.31,-10,-1,False,False,False,False,-2,0,False,False,False,False
BV,BRIGHTVIEW HOLDINGS INC,Industrials,small,1103081984,1.1,-5,0,False,False,False,False,-1,-9,False,False,False,False
AMRC,AMERESCO INC CLASS A,Industrials,small,1300321024,1.3,-5,0,False,False,False,False,1,0,False,False,False,False
HFWA,HERITAGE FINANCIAL CORP,Financials,small,1073521728,1.07,1,0,False,False,False,False,-3,0,False,False,False,False
FIZZ,NATIONAL BEVERAGE CORP,Consumer Staples,mid,3160083456,3.16,1,0,False,False,False,False,-1,0,False,False,False,False
VSTS,VESTIS CORP,Industrials,small,1033160128,1.03,-6,0,False,False,False,False,-2,-13,False,False,False,True
BHVN,BIOHAVEN LTD,Health Care,small,1474121728,1.47,-3,0,False,False,False,False,-1,0,False,False,False,False
NNE,NANO NUCLEAR ENERGY INC,Industrials,small,1113538560,1.11,-2,0,False,False,False,False,-1,0,False,False,False,False
FA,FIRST ADVANTAGE CORP,Industrials,small,1957603584,1.96,-2,0,False,False,False,False,-2,0,False,False,False,False
COUR,COURSERA INC,Consumer Discretionary,small,1000643328,1.0,0,0,False,False,False,False,-1,0,False,False,False,False
LIF,LIFE360 INC,Information Technology,mid,3242429952,3.24,3,0,False,False,False,False,12,3,False,False,False,False
PVLA,PALVELLA THERAPEUTICS INC,Health Care,small,1767164288,1.77,-5,0,False,False,False,False,-2,0,False,False,False,False
GERN,GERON CORP,Health Care,small,1063304064,1.06,-1,0,False,False,False,False,-3,0,False,False,False,False
NSP,INSPERITY INC,Industrials,small,1106951936,1.11,-2,-8,False,False,False,False,-5,0,False,False,False,False
XERS,XERIS BIOPHARMA HOLDINGS INC,Health Care,small,1041484992,1.04,-2,0,False,False,False,False,-3,0,False,False,False,False
SKYT,SKYWATER TECHNOLOGY INC,Information Technology,small,1379510784,1.38,-8,0,False,False,False,False,-2,-5,False,False,False,False
EE,EXCELERATE ENERGY INC CLASS A,Energy,mid,3735690752,3.74,1,0,False,False,False,False,-2,-13,False,False,False,True
VIR,VIR BIOTECHNOLOGY INC,Health Care,small,1447891328,1.45,-9,-1,False,True,False,False,-2,0,False,False,False,False
MBX,MBX BIOSCIENCES INC,Health Care,small,1567363072,1.57,-2,0,False,False,False,False,-3,0,False,False,False,False
ENVX,ENOVIX CORP,Industrials,small,1099155712,1.1,-7,0,False,False,False,False,-3,0,False,False,False,False
LXU,LSB INDUSTRIES INC,Materials,small,1072692416,1.07,10,1,False,False,False,False,0,0,False,False,False,False
EVLV,EVOLV TECHNOLOGIES HOLDINGS INC CL,Information Technology,small,1081484928,1.08,-2,0,False,False,False,False,-5,0,False,False,False,False
IRMD,IRADIMED CORP,Health Care,small,1230066432,1.23,1,0,False,False,False,False,5,0,False,False,False,False
CRVS,CORVUS PHARMACEUTICALS INC,Health Care,small,1233848448,1.23,-5,0,False,False,False,False,-1,0,False,False,False,False
LZ,LEGALZOOM COM INC,Industrials,small,1033485568,1.03,-1,0,False,False,False,False,14,0,False,False,False,False
BKSY,BLACKSKY TECHNOLOGY INC CLASS A,Industrials,small,1139810304,1.14,1,0,False,False,False,False,-7,-6,False,False,False,False
BFLY,BUTTERFLY NETWORK INC CLASS A,Health Care,small,1046541120,1.05,-2,0,False,False,False,False,-7,-10,False,False,False,False
IDT,IDT CORP CLASS B,Communication,small,1215444864,1.22,-5,0,False,False,False,False,-2,0,False,False,False,False
TR,TOOTSIE ROLL INDUSTRIES INC,Consumer Staples,mid,3191705344,3.19,1,0,False,False,False,False,-13,0,False,False,False,False
PRSU,PURSUIT ATTRACTIONS AND HOSPITALIT,Consumer Discretionary,small,1067693184,1.07,1,0,False,False,False,False,-4,0,False,False,False,False
GRDN,GUARDIAN PHARMACY SERVICES INC CLA,Health Care,mid,2444300800,2.44,1,0,False,False,False,False,-5,0,False,False,False,False
RAPP,RAPPORT THERAPEUTICS INC,Health Care,small,1604887168,1.6,-10,-2,False,False,False,False,-3,0,False,False,False,False
CMRE,COSTAMARE INC,Industrials,mid,2083773824,2.08,1,0,False,False,False,False,-3,-12,False,False,False,False
MCB,METROPOLITAN BANK HOLDING CORP,Financials,small,1037491392,1.04,0,0,False,False,False,False,-3,0,False,False,False,False
PAX,PATRIA INVESTMENTS LTD CLASS A,Financials,mid,2018871680,2.02,-2,-4,False,False,False,False,-3,1,False,False,False,False
ESRT,EMPIRE STATE REALTY REIT INC TRUST,Real Estate,small,1530361728,1.53,-5,0,False,False,False,False,0,0,False,False,False,False
GLUE,MONTE ROSA THERAPEUTICS INC,Health Care,small,1367467648,1.37,0,0,False,False,False,False,-2,0,False,False,False,False
GBTG,GLOBAL BUSINESS TRAVEL GROUP INC C,Consumer Discretionary,mid,2913438208,2.91,-2,0,False,False,False,False,-2,0,False,False,False,False
BBUC,BROOKFIELD BUSINESS CORP CLASS A,Industrials,mid,2412787456,2.41,-2,0,False,False,False,False,-3,0,False,False,False,False
KOD,KODIAK SCIENCES INC,Health Care,mid,2480397568,2.48,-4,-5,False,False,False,False,-4,0,False,False,False,False
SVRA,SAVARA INC,Health Care,small,1137895680,1.14,-14,-5,False,False,False,False,-3,-9,False,False,False,False
GNK,GENCO SHIPPING AND TRADING LTD,Industrials,small,1047424704,1.05,1,-7,False,False,False,False,-3,0,False,False,False,False
CBL,CBL ASSOCIATES PROPERTIES INC,Real Estate,small,1251425920,1.25,-11,0,False,False,False,False,-4,-9,False,False,False,False
RDW,REDWIRE CORP,Industrials,small,1867924480,1.87,-2,0,False,False,False,False,-1,0,False,False,False,False
STGW,STAGWELL INC CLASS A,Communication,small,1591682176,1.59,-2,-13,False,False,False,True,-7,0,False,False,False,False
MCW,MISTER CAR WASH INC,Consumer Discretionary,mid,2289499136,2.29,-2,0,False,False,False,False,-2,0,False,False,False,False
NPK,NATIONAL PRESTO INDUSTRIES INC,Industrials,small,1014830400,1.01,-10,-2,False,False,False,False,-19,-8,False,False,False,False
SENEA,SENECA FOODS CORP CLASS A,Consumer Staples,small,1107298432,1.11,-16,0,False,False,False,False,-15,-7,False,False,False,False
CXM,SPRINKLR INC CLASS A,Information Technology,small,1508118016,1.51,6,0,False,False,False,False,2,3,False,False,False,False
CNXN,PC CONNECTION INC,Information Technology,small,1502883072,1.5,-10,-2,False,False,False,False,0,0,False,False,False,False
LIND,LINDBLAD EXPEDITIONS HOLDINGS INC,Consumer Discretionary,small,1113198848,1.11,-5,0,False,False,False,False,-2,-7,False,False,False,False
MRTN,MARTEN TRANSPORT LTD,Industrials,small,1123482496,1.12,1,-2,False,False,False,False,-3,-8,False,False,False,False
MCHB,MECHANICS BANCORP CLASS A,Financials,mid,3305330688,3.31,1,0,False,False,False,False,-4,0,False,False,False,False
AVBP,ARRIVENT BIOPHARMA INC,Health Care,small,1100178432,1.1,-10,-1,False,False,False,False,-3,0,False,False,False,False
PLPC,PREFORMED LINE PRODUCTS,Industrials,small,1482670080,1.48,-9,-1,False,True,False,False,-5,0,False,False,False,False
PFBC,PREFERRED BANK,Financials,small,1110694272,1.11,-15,-6,False,False,False,False,-4,0,False,False,False,False
BKV,BKV CORP,Energy,mid,3022298880,3.02,2,0,False,False,False,False,6,0,False,False,False,False
RHLD,RESOLUTE HOLDINGS MANAGEMENT INC,Industrials,small,1312507136,1.31,1,0,False,False,False,False,1,2,False,False,False,False
DRVN,DRIVEN BRANDS HOLDINGS INC,Consumer Discretionary,mid,2029365120,2.03,-5,-7,False,False,False,False,-4,0,False,False,False,False
MMI,MARCUS & MILLICHAP INC,Real Estate,small,1005566464,1.01,-5,0,False,False,False,False,-2,0,False,False,False,False
RES,RPC INC,Energy,small,1529310976,1.53,9,0,True,False,False,False,1,0,False,False,False,False
TK,TEEKAY CORPORATION CORP LTD,Energy,small,1104690560,1.1,1,7,False,False,False,False,-3,0,False,False,False,False
SEMR,SEMRUSH HOLDINGS INC CLASS A,Information Technology,small,1809898752,1.81,0,0,False,False,False,False,-7,0,False,False,False,False
ZGN,ERMENEGILDO ZEGNA NV,Consumer Discretionary,mid,2829936640,2.83,-5,0,False,False,False,False,-3,0,False,False,False,False
KALV,KALVISTA PHARMACEUTICALS INC,Health Care,small,1019327488,1.02,-1,-5,False,False,False,False,-8,0,False,False,False,False
